ISO-10303-21;
HEADER;
FILE_DESCRIPTION (( 'STEP AP214' ),
    '1' );
FILE_NAME ('SC-FT152x44-K143.STEP',
    '2026-07-04T06:42:23',
    ( '' ),
    ( '' ),
    'SwSTEP 2.0',
    'SolidWorks 2022',
    '' );
FILE_SCHEMA (( 'AUTOMOTIVE_DESIGN' ));
ENDSEC;

DATA;
#1 = EDGE_CURVE ( 'NONE', #736, #56, #1397, .T. ) ;
#2 = CIRCLE ( 'NONE', #465, 0.2000000000000057288 ) ;
#3 = DIRECTION ( 'NONE',  ( -1.000000000000000000, 0.000000000000000000, -0.000000000000000000 ) ) ;
#4 = VERTEX_POINT ( 'NONE', #1383 ) ;
#5 = STYLED_ITEM ( 'NONE', ( #1104 ), #1103 ) ;
#6 = VERTEX_POINT ( 'NONE', #319 ) ;
#7 = FACE_OUTER_BOUND ( 'NONE', #443, .T. ) ;
#8 = LINE ( 'NONE', #873, #136 ) ;
#9 = SURFACE_SIDE_STYLE ('',( #2184 ) ) ;
#10 = PLANE ( 'NONE',  #2120 ) ;
#11 = CARTESIAN_POINT ( 'NONE',  ( 90.00000000000000000, -1.612873807284462410E-12, 70.00000000000046896 ) ) ;
#12 = UNCERTAINTY_MEASURE_WITH_UNIT (LENGTH_MEASURE( 1.000000000000000082E-05 ), #1762, 'distance_accuracy_value', 'NONE');
#13 = EDGE_CURVE ( 'NONE', #1984, #1138, #997, .T. ) ;
#14 = VERTEX_POINT ( 'NONE', #1846 ) ;
#15 = ORIENTED_EDGE ( 'NONE', *, *, #459, .F. ) ;
#16 = SURFACE_STYLE_USAGE ( .BOTH. , #2676 ) ;
#17 =( NAMED_UNIT ( * ) SI_UNIT ( $, .STERADIAN. ) SOLID_ANGLE_UNIT ( ) );
#18 = ORIENTED_EDGE ( 'NONE', *, *, #2561, .T. ) ;
#19 = DIRECTION ( 'NONE',  ( 0.000000000000000000, 0.000000000000000000, -1.000000000000000000 ) ) ;
#20 = MECHANICAL_DESIGN_GEOMETRIC_PRESENTATION_REPRESENTATION (  '', ( #390 ), #1112 ) ;
#21 = LINE ( 'NONE', #890, #1512 ) ;
#22 =( GEOMETRIC_REPRESENTATION_CONTEXT ( 3 ) GLOBAL_UNCERTAINTY_ASSIGNED_CONTEXT ( ( #388 ) ) GLOBAL_UNIT_ASSIGNED_CONTEXT ( ( #258, #1009, #564 ) ) REPRESENTATION_CONTEXT ( 'NONE', 'WORKASPACE' ) );
#23 = CARTESIAN_POINT ( 'NONE',  ( 90.00000000000000000, -1.999999999999946265, -74.19999999999970441 ) ) ;
#24 = CIRCLE ( 'NONE', #113, 1.250000000000015099 ) ;
#25 = MECHANICAL_DESIGN_GEOMETRIC_PRESENTATION_REPRESENTATION (  '', ( #304 ), #2046 ) ;
#26 = CARTESIAN_POINT ( 'NONE',  ( -90.00000000000000000, -0.000000000000000000, -73.09999999999983800 ) ) ;
#27 = ORIENTED_EDGE ( 'NONE', *, *, #1593, .F. ) ;
#28 = MECHANICAL_DESIGN_GEOMETRIC_PRESENTATION_REPRESENTATION (  '', ( #1315 ), #309 ) ;
#29 = ADVANCED_FACE ( 'NONE', ( #1627 ), #2300, .F. ) ;
#30 = VECTOR ( 'NONE', #2064, 1000.000000000000000 ) ;
#31 = COLOUR_RGB ( '',0.8980392156862745390, 0.9176470588235293713, 0.9294117647058823817 ) ;
#32 = ORIENTED_EDGE ( 'NONE', *, *, #2053, .T. ) ;
#33 = AXIS2_PLACEMENT_3D ( 'NONE', #1152, #1771, #698 ) ;
#34 = MECHANICAL_DESIGN_GEOMETRIC_PRESENTATION_REPRESENTATION (  '', ( #2014 ), #1927 ) ;
#35 = EDGE_CURVE ( 'NONE', #2588, #1210, #2740, .T. ) ;
#36 = ORIENTED_EDGE ( 'NONE', *, *, #1409, .F. ) ;
#37 = FACE_OUTER_BOUND ( 'NONE', #1457, .T. ) ;
#38 = FILL_AREA_STYLE ('',( #948 ) ) ;
#39 =( NAMED_UNIT ( * ) SI_UNIT ( $, .STERADIAN. ) SOLID_ANGLE_UNIT ( ) );
#40 = ORIENTED_EDGE ( 'NONE', *, *, #269, .T. ) ;
#41 = AXIS2_PLACEMENT_3D ( 'NONE', #2377, #1043, #200 ) ;
#42 =( NAMED_UNIT ( * ) SI_UNIT ( $, .STERADIAN. ) SOLID_ANGLE_UNIT ( ) );
#43 = VERTEX_POINT ( 'NONE', #361 ) ;
#44 = CARTESIAN_POINT ( 'NONE',  ( 90.00000000000000000, -2.999999999999947153, 72.30000000000002558 ) ) ;
#45 =( GEOMETRIC_REPRESENTATION_CONTEXT ( 3 ) GLOBAL_UNCERTAINTY_ASSIGNED_CONTEXT ( ( #788 ) ) GLOBAL_UNIT_ASSIGNED_CONTEXT ( ( #2719, #771, #2063 ) ) REPRESENTATION_CONTEXT ( 'NONE', 'WORKASPACE' ) );
#46 = VECTOR ( 'NONE', #1093, 1000.000000000000000 ) ;
#47 =( NAMED_UNIT ( * ) SI_UNIT ( $, .STERADIAN. ) SOLID_ANGLE_UNIT ( ) );
#48 = DIRECTION ( 'NONE',  ( 1.000000000000000000, -0.000000000000000000, 0.000000000000000000 ) ) ;
#49 = ORIENTED_EDGE ( 'NONE', *, *, #630, .T. ) ;
#50 = PLANE ( 'NONE',  #1866 ) ;
#51 = EDGE_CURVE ( 'NONE', #1367, #1095, #1233, .T. ) ;
#52 = DIRECTION ( 'NONE',  ( 0.000000000000000000, 0.000000000000000000, 1.000000000000000000 ) ) ;
#53 = SURFACE_SIDE_STYLE ('',( #1566 ) ) ;
#54 = FILL_AREA_STYLE ('',( #1187 ) ) ;
#55 = EDGE_CURVE ( 'NONE', #2351, #314, #1640, .T. ) ;
#56 = VERTEX_POINT ( 'NONE', #404 ) ;
#57 = PRESENTATION_LAYER_ASSIGNMENT (  '', '', ( #1843 ) ) ;
#58 = DIRECTION ( 'NONE',  ( 0.000000000000000000, 0.000000000000000000, -1.000000000000000000 ) ) ;
#59 = ORIENTED_EDGE ( 'NONE', *, *, #406, .F. ) ;
#60 = DIRECTION ( 'NONE',  ( -1.000000000000000000, -0.000000000000000000, -0.000000000000000000 ) ) ;
#61 =( NAMED_UNIT ( * ) SI_UNIT ( $, .STERADIAN. ) SOLID_ANGLE_UNIT ( ) );
#62 = VERTEX_POINT ( 'NONE', #1244 ) ;
#63 = EDGE_CURVE ( 'NONE', #1975, #87, #2, .T. ) ;
#64 = MECHANICAL_DESIGN_GEOMETRIC_PRESENTATION_REPRESENTATION (  '', ( #341 ), #1433 ) ;
#65 = CARTESIAN_POINT ( 'NONE',  ( 90.00000000000000000, -1.999999999999946265, -73.59999999999978115 ) ) ;
#66 = PRESENTATION_LAYER_ASSIGNMENT (  '', '', ( #2349 ) ) ;
#67 =( NAMED_UNIT ( * ) PLANE_ANGLE_UNIT ( ) SI_UNIT ( $, .RADIAN. ) );
#68 = AXIS2_PLACEMENT_3D ( 'NONE', #1155, #2202, #248 ) ;
#69 =( LENGTH_UNIT ( ) NAMED_UNIT ( * ) SI_UNIT ( .MILLI., .METRE. ) );
#70 = EDGE_CURVE ( 'NONE', #1735, #647, #1899, .T. ) ;
#71 = ORIENTED_EDGE ( 'NONE', *, *, #1728, .F. ) ;
#72 = AXIS2_PLACEMENT_3D ( 'NONE', #1845, #1232, #1411 ) ;
#73 =( NAMED_UNIT ( * ) SI_UNIT ( $, .STERADIAN. ) SOLID_ANGLE_UNIT ( ) );
#74 = ORIENTED_EDGE ( 'NONE', *, *, #682, .T. ) ;
#75 = DIRECTION ( 'NONE',  ( -1.000000000000000000, -0.000000000000000000, -0.000000000000000000 ) ) ;
#76 = COLOUR_RGB ( '',0.8980392156862745390, 0.9176470588235293713, 0.9294117647058823817 ) ;
#77 = PRESENTATION_LAYER_ASSIGNMENT (  '', '', ( #1037 ) ) ;
#78 = CARTESIAN_POINT ( 'NONE',  ( 90.00000000000000000, -16.00000000000004263, 72.22474668970602352 ) ) ;
#79 = CARTESIAN_POINT ( 'NONE',  ( -90.00000000000000000, 0.000000000000000000, 74.59999999999999432 ) ) ;
#80 = ORIENTED_EDGE ( 'NONE', *, *, #1223, .F. ) ;
#81 =( NAMED_UNIT ( * ) PLANE_ANGLE_UNIT ( ) SI_UNIT ( $, .RADIAN. ) );
#82 = PRESENTATION_LAYER_ASSIGNMENT (  '', '', ( #943 ) ) ;
#83 = ITEM_DEFINED_TRANSFORMATION ( 'NONE', 'NONE', #661,  #300 ) ;
#84 = CARTESIAN_POINT ( 'NONE',  ( 90.00000000000000000, 0.000000000000000000, 74.59999999999999432 ) ) ;
#85 = EDGE_CURVE ( 'NONE', #1990, #1210, #89, .T. ) ;
#86 = PLANE ( 'NONE',  #1308 ) ;
#87 = VERTEX_POINT ( 'NONE', #2545 ) ;
#88 = PRESENTATION_STYLE_ASSIGNMENT (( #707 ) ) ;
#89 = CIRCLE ( 'NONE', #2378, 0.1999999999999779732 ) ;
#90 =( LENGTH_UNIT ( ) NAMED_UNIT ( * ) SI_UNIT ( .MILLI., .METRE. ) );
#91 = ORIENTED_EDGE ( 'NONE', *, *, #1330, .T. ) ;
#92 = DIRECTION ( 'NONE',  ( 0.000000000000000000, 0.000000000000000000, -1.000000000000000000 ) ) ;
#93 = COLOUR_RGB ( '',0.8980392156862745390, 0.9176470588235293713, 0.9294117647058823817 ) ;
#94 = PLANE ( 'NONE',  #603 ) ;
#95 = LINE ( 'NONE', #2310, #743 ) ;
#96 = DIRECTION ( 'NONE',  ( -0.000000000000000000, 1.000000000000000000, 0.000000000000000000 ) ) ;
#97 =( NAMED_UNIT ( * ) PLANE_ANGLE_UNIT ( ) SI_UNIT ( $, .RADIAN. ) );
#98 =( LENGTH_UNIT ( ) NAMED_UNIT ( * ) SI_UNIT ( .MILLI., .METRE. ) );
#99 = DIRECTION ( 'NONE',  ( 0.000000000000000000, -1.000000000000000000, 0.000000000000000000 ) ) ;
#100 = FILL_AREA_STYLE ('',( #2056 ) ) ;
#101 = EDGE_CURVE ( 'NONE', #958, #1675, #418, .T. ) ;
#102 = ORIENTED_EDGE ( 'NONE', *, *, #464, .T. ) ;
#103 =( LENGTH_UNIT ( ) NAMED_UNIT ( * ) SI_UNIT ( .MILLI., .METRE. ) );
#104 = PLANE ( 'NONE',  #671 ) ;
#105 = MECHANICAL_DESIGN_GEOMETRIC_PRESENTATION_REPRESENTATION (  '', ( #2567 ), #382 ) ;
#106 = EDGE_LOOP ( 'NONE', ( #1131, #1999, #1246, #2677 ) ) ;
#107 =( NAMED_UNIT ( * ) SI_UNIT ( $, .STERADIAN. ) SOLID_ANGLE_UNIT ( ) );
#108 = PRESENTATION_STYLE_ASSIGNMENT (( #574 ) ) ;
#109 = FILL_AREA_STYLE_COLOUR ( '', #1700 ) ;
#110 =( LENGTH_UNIT ( ) NAMED_UNIT ( * ) SI_UNIT ( .MILLI., .METRE. ) );
#111 = CARTESIAN_POINT ( 'NONE',  ( -90.00000000000000000, 1.999999999999974021, 73.70000000000004547 ) ) ;
#112 = ORIENTED_EDGE ( 'NONE', *, *, #1797, .F. ) ;
#113 = AXIS2_PLACEMENT_3D ( 'NONE', #2392, #1087, #655 ) ;
#114 = EDGE_CURVE ( 'NONE', #2236, #366, #508, .T. ) ;
#115 = DIRECTION ( 'NONE',  ( -1.000000000000000000, -0.000000000000000000, -0.000000000000000000 ) ) ;
#116 = LINE ( 'NONE', #2075, #2365 ) ;
#117 = ORIENTED_EDGE ( 'NONE', *, *, #1487, .F. ) ;
#118 =( NAMED_UNIT ( * ) PLANE_ANGLE_UNIT ( ) SI_UNIT ( $, .RADIAN. ) );
#119 = SURFACE_SIDE_STYLE ('',( #2296 ) ) ;
#120 = DIRECTION ( 'NONE',  ( 0.000000000000000000, 0.000000000000000000, 1.000000000000000000 ) ) ;
#121 =( GEOMETRIC_REPRESENTATION_CONTEXT ( 3 ) GLOBAL_UNCERTAINTY_ASSIGNED_CONTEXT ( ( #1220 ) ) GLOBAL_UNIT_ASSIGNED_CONTEXT ( ( #1150, #959, #107 ) ) REPRESENTATION_CONTEXT ( 'NONE', 'WORKASPACE' ) );
#122 = VECTOR ( 'NONE', #2593, 1000.000000000000000 ) ;
#123 =( NAMED_UNIT ( * ) PLANE_ANGLE_UNIT ( ) SI_UNIT ( $, .RADIAN. ) );
#124 = ORIENTED_EDGE ( 'NONE', *, *, #1253, .T. ) ;
#125 =( NAMED_UNIT ( * ) PLANE_ANGLE_UNIT ( ) SI_UNIT ( $, .RADIAN. ) );
#126 = ORIENTED_EDGE ( 'NONE', *, *, #1832, .F. ) ;
#127 = LINE ( 'NONE', #1001, #2260 ) ;
#128 = DIRECTION ( 'NONE',  ( 0.000000000000000000, 0.000000000000000000, -1.000000000000000000 ) ) ;
#129 = VERTEX_POINT ( 'NONE', #633 ) ;
#130 = FILL_AREA_STYLE ('',( #2788 ) ) ;
#131 = SHAPE_REPRESENTATION ( 'SC-FT152x44-K143', ( #1307, #661, #2254 ), #1393 ) ;
#132 = FILL_AREA_STYLE_COLOUR ( '', #2066 ) ;
#133 = COLOUR_RGB ( '',0.8980392156862745390, 0.9176470588235293713, 0.9294117647058823817 ) ;
#134 = ADVANCED_FACE ( 'NONE', ( #1467 ), #1712, .F. ) ;
#135 = DIRECTION ( 'NONE',  ( 0.000000000000000000, 0.000000000000000000, -1.000000000000000000 ) ) ;
#136 = VECTOR ( 'NONE', #1746, 1000.000000000000000 ) ;
#137 = PRESENTATION_STYLE_ASSIGNMENT (( #330 ) ) ;
#138 = DIRECTION ( 'NONE',  ( 1.000000000000000000, -0.000000000000000000, 0.000000000000000000 ) ) ;
#139 = EDGE_CURVE ( 'NONE', #724, #2334, #1978, .T. ) ;
#140 =( LENGTH_UNIT ( ) NAMED_UNIT ( * ) SI_UNIT ( .MILLI., .METRE. ) );
#141 = ORIENTED_EDGE ( 'NONE', *, *, #822, .F. ) ;
#142 = DIRECTION ( 'NONE',  ( -1.000000000000000000, -0.000000000000000000, -0.000000000000000000 ) ) ;
#143 = SURFACE_SIDE_STYLE ('',( #522 ) ) ;
#144 = ORIENTED_EDGE ( 'NONE', *, *, #1593, .T. ) ;
#145 = SURFACE_STYLE_FILL_AREA ( #1065 ) ;
#146 = ADVANCED_FACE ( 'NONE', ( #1667 ), #2328, .T. ) ;
#147 = CARTESIAN_POINT ( 'NONE',  ( 90.00000000000000000, -17.59077209349045745, 70.00000000000005684 ) ) ;
#148 =( NAMED_UNIT ( * ) SI_UNIT ( $, .STERADIAN. ) SOLID_ANGLE_UNIT ( ) );
#149 = CARTESIAN_POINT ( 'NONE',  ( -90.00000000000000000, -16.20000000000003482, 72.22474668970602352 ) ) ;
#150 = UNCERTAINTY_MEASURE_WITH_UNIT (LENGTH_MEASURE( 1.000000000000000082E-05 ), #1610, 'distance_accuracy_value', 'NONE');
#151 = ADVANCED_FACE ( 'NONE', ( #1635 ), #1605, .T. ) ;
#152 = DIRECTION ( 'NONE',  ( -1.000000000000000000, -0.000000000000000000, -0.000000000000000000 ) ) ;
#153 = AXIS2_PLACEMENT_3D ( 'NONE', #2590, #142, #1013 ) ;
#154 = ORIENTED_EDGE ( 'NONE', *, *, #2527, .F. ) ;
#155 = CIRCLE ( 'NONE', #1997, 0.1999999999999779732 ) ;
#156 = VECTOR ( 'NONE', #1791, 1000.000000000000000 ) ;
#157 = DIRECTION ( 'NONE',  ( 0.000000000000000000, -0.2588190451024656724, -0.9659258262890831892 ) ) ;
#158 = VECTOR ( 'NONE', #1107, 1000.000000000000000 ) ;
#159 = SURFACE_SIDE_STYLE ('',( #1248 ) ) ;
#160 = ORIENTED_EDGE ( 'NONE', *, *, #1789, .F. ) ;
#161 = PRODUCT_DEFINITION_FORMATION_WITH_SPECIFIED_SOURCE ( '任何', '', #679, .NOT_KNOWN. ) ;
#162 = PRESENTATION_LAYER_ASSIGNMENT (  '', '', ( #977 ) ) ;
#163 = FILL_AREA_STYLE ('',( #1239 ) ) ;
#164 = COLOUR_RGB ( '',0.8980392156862745390, 0.9176470588235293713, 0.9294117647058823817 ) ;
#165 = SURFACE_SIDE_STYLE ('',( #2604 ) ) ;
#166 = FILL_AREA_STYLE ('',( #2594 ) ) ;
#167 = DIRECTION ( 'NONE',  ( 0.000000000000000000, 0.000000000000000000, 1.000000000000000000 ) ) ;
#168 = MECHANICAL_DESIGN_GEOMETRIC_PRESENTATION_REPRESENTATION (  '', ( #1491 ), #1628 ) ;
#169 = FILL_AREA_STYLE_COLOUR ( '', #934 ) ;
#170 = CARTESIAN_POINT ( 'NONE',  ( 90.00000000000000000, 0.000000000000000000, -73.09999999999983800 ) ) ;
#171 =( NAMED_UNIT ( * ) PLANE_ANGLE_UNIT ( ) SI_UNIT ( $, .RADIAN. ) );
#172 = PRESENTATION_LAYER_ASSIGNMENT (  '', '', ( #1226 ) ) ;
#173 = VECTOR ( 'NONE', #2620, 1000.000000000000000 ) ;
#174 = PLANE ( 'NONE',  #68 ) ;
#175 = EDGE_CURVE ( 'NONE', #2787, #2773, #797, .T. ) ;
#176 = ORIENTED_EDGE ( 'NONE', *, *, #2810, .F. ) ;
#177 =( NAMED_UNIT ( * ) PLANE_ANGLE_UNIT ( ) SI_UNIT ( $, .RADIAN. ) );
#178 = ORIENTED_EDGE ( 'NONE', *, *, #937, .F. ) ;
#179 =( NAMED_UNIT ( * ) PLANE_ANGLE_UNIT ( ) SI_UNIT ( $, .RADIAN. ) );
#180 = CARTESIAN_POINT ( 'NONE',  ( 90.00000000000000000, -16.20000000000003482, -72.02474668970586436 ) ) ;
#181 = ADVANCED_FACE ( 'NONE', ( #1858 ), #94, .F. ) ;
#182 = CARTESIAN_POINT ( 'NONE',  ( 90.00000000000000000, -17.59077209349045745, -69.99999999999972999 ) ) ;
#183 = AXIS2_PLACEMENT_3D ( 'NONE', #2094, #1219, #2070 ) ;
#184 = CARTESIAN_POINT ( 'NONE',  ( 90.00000000000000000, -16.79259271713861779, 72.17647619362183775 ) ) ;
#185 = CARTESIAN_POINT ( 'NONE',  ( 90.00000000000000000, -22.00000000000003197, -73.99999999999972999 ) ) ;
#186 = STYLED_ITEM ( 'NONE', ( #1724 ), #193 ) ;
#187 =( NAMED_UNIT ( * ) PLANE_ANGLE_UNIT ( ) SI_UNIT ( $, .RADIAN. ) );
#188 =( NAMED_UNIT ( * ) SI_UNIT ( $, .STERADIAN. ) SOLID_ANGLE_UNIT ( ) );
#189 = VECTOR ( 'NONE', #1956, 1000.000000000000000 ) ;
#190 = UNCERTAINTY_MEASURE_WITH_UNIT (LENGTH_MEASURE( 1.000000000000000082E-05 ), #90, 'distance_accuracy_value', 'NONE');
#191 = DIRECTION ( 'NONE',  ( 0.000000000000000000, -0.9659258262890640934, 0.2588190451025365046 ) ) ;
#192 = EDGE_LOOP ( 'NONE', ( #1472, #834, #471, #1470 ) ) ;
#193 = ADVANCED_FACE ( 'NONE', ( #1269 ), #1504, .T. ) ;
#194 = PRESENTATION_STYLE_ASSIGNMENT (( #2144 ) ) ;
#195 = VERTEX_POINT ( 'NONE', #1295 ) ;
#196 = DIRECTION ( 'NONE',  ( -1.000000000000000000, -0.000000000000000000, -0.000000000000000000 ) ) ;
#197 = ORIENTED_EDGE ( 'NONE', *, *, #421, .T. ) ;
#198 = DIRECTION ( 'NONE',  ( -1.000000000000000000, -0.000000000000000000, -0.000000000000000000 ) ) ;
#199 =( LENGTH_UNIT ( ) NAMED_UNIT ( * ) SI_UNIT ( .MILLI., .METRE. ) );
#200 = DIRECTION ( 'NONE',  ( -1.000000000000000000, 0.000000000000000000, -0.000000000000000000 ) ) ;
#201 =( NAMED_UNIT ( * ) PLANE_ANGLE_UNIT ( ) SI_UNIT ( $, .RADIAN. ) );
#202 = ORIENTED_EDGE ( 'NONE', *, *, #1983, .T. ) ;
#203 = MECHANICAL_DESIGN_GEOMETRIC_PRESENTATION_REPRESENTATION (  '', ( #1477 ), #1386 ) ;
#204 = DIRECTION ( 'NONE',  ( 0.000000000000000000, 0.000000000000000000, 1.000000000000000000 ) ) ;
#205 = ORIENTED_EDGE ( 'NONE', *, *, #114, .T. ) ;
#206 =( NAMED_UNIT ( * ) PLANE_ANGLE_UNIT ( ) SI_UNIT ( $, .RADIAN. ) );
#207 = ADVANCED_FACE ( 'NONE', ( #412 ), #1736, .T. ) ;
#208 = FILL_AREA_STYLE_COLOUR ( '', #467 ) ;
#209 = VECTOR ( 'NONE', #1355, 1000.000000000000000 ) ;
#210 = LINE ( 'NONE', #180, #1372 ) ;
#211 = DIRECTION ( 'NONE',  ( 1.000000000000000000, -0.000000000000000000, 0.000000000000000000 ) ) ;
#212 = STYLED_ITEM ( 'NONE', ( #823 ), #1318 ) ;
#213 =( GEOMETRIC_REPRESENTATION_CONTEXT ( 3 ) GLOBAL_UNCERTAINTY_ASSIGNED_CONTEXT ( ( #1641 ) ) GLOBAL_UNIT_ASSIGNED_CONTEXT ( ( #1590, #2437, #73 ) ) REPRESENTATION_CONTEXT ( 'NONE', 'WORKASPACE' ) );
#214 = DIRECTION ( 'NONE',  ( -0.000000000000000000, 0.000000000000000000, 1.000000000000000000 ) ) ;
#215 = LINE ( 'NONE', #1286, #1083 ) ;
#216 = CARTESIAN_POINT ( 'NONE',  ( -90.00000000000000000, -3.499999999999947597, 72.30000000000002558 ) ) ;
#217 = MECHANICAL_DESIGN_GEOMETRIC_PRESENTATION_REPRESENTATION (  '', ( #2718 ), #1917 ) ;
#218 = MECHANICAL_DESIGN_GEOMETRIC_PRESENTATION_REPRESENTATION (  '', ( #1767 ), #810 ) ;
#219 =( GEOMETRIC_REPRESENTATION_CONTEXT ( 3 ) GLOBAL_UNCERTAINTY_ASSIGNED_CONTEXT ( ( #2390 ) ) GLOBAL_UNIT_ASSIGNED_CONTEXT ( ( #585, #2755, #766 ) ) REPRESENTATION_CONTEXT ( 'NONE', 'WORKASPACE' ) );
#220 = UNCERTAINTY_MEASURE_WITH_UNIT (LENGTH_MEASURE( 1.000000000000000082E-05 ), #911, 'distance_accuracy_value', 'NONE');
#221 = CARTESIAN_POINT ( 'NONE',  ( 90.00000000000000000, 0.000000000000000000, 74.00000000000001421 ) ) ;
#222 = VECTOR ( 'NONE', #462, 1000.000000000000000 ) ;
#223 = ORIENTED_EDGE ( 'NONE', *, *, #261, .F. ) ;
#224 =( GEOMETRIC_REPRESENTATION_CONTEXT ( 3 ) GLOBAL_UNCERTAINTY_ASSIGNED_CONTEXT ( ( #1881 ) ) GLOBAL_UNIT_ASSIGNED_CONTEXT ( ( #1596, #81, #1838 ) ) REPRESENTATION_CONTEXT ( 'NONE', 'WORKASPACE' ) );
#225 = DIRECTION ( 'NONE',  ( 0.000000000000000000, 0.000000000000000000, 1.000000000000000000 ) ) ;
#226 = ORIENTED_EDGE ( 'NONE', *, *, #646, .T. ) ;
#227 = DIRECTION ( 'NONE',  ( -1.000000000000000000, -0.000000000000000000, -0.000000000000000000 ) ) ;
#228 = FILL_AREA_STYLE ('',( #208 ) ) ;
#229 = LINE ( 'NONE', #2803, #2282 ) ;
#230 = SURFACE_STYLE_USAGE ( .BOTH. , #1096 ) ;
#231 = ADVANCED_FACE ( 'NONE', ( #1677 ), #602, .F. ) ;
#232 = DIRECTION ( 'NONE',  ( 0.000000000000000000, 0.000000000000000000, -1.000000000000000000 ) ) ;
#233 = SURFACE_STYLE_USAGE ( .BOTH. , #53 ) ;
#234 =( GEOMETRIC_REPRESENTATION_CONTEXT ( 3 ) GLOBAL_UNCERTAINTY_ASSIGNED_CONTEXT ( ( #362 ) ) GLOBAL_UNIT_ASSIGNED_CONTEXT ( ( #961, #2117, #1199 ) ) REPRESENTATION_CONTEXT ( 'NONE', 'WORKASPACE' ) );
#235 = LINE ( 'NONE', #1099, #2004 ) ;
#236 = ORIENTED_EDGE ( 'NONE', *, *, #1026, .T. ) ;
#237 = ADVANCED_FACE ( 'NONE', ( #1989 ), #2243, .F. ) ;
#238 = ORIENTED_EDGE ( 'NONE', *, *, #1453, .F. ) ;
#239 = CARTESIAN_POINT ( 'NONE',  ( 90.00000000000000000, 16.91922863405942223, -63.14342088718630208 ) ) ;
#240 = DIRECTION ( 'NONE',  ( 0.000000000000000000, -0.000000000000000000, -1.000000000000000000 ) ) ;
#241 = DIRECTION ( 'NONE',  ( -1.000000000000000000, -0.000000000000000000, -0.000000000000000000 ) ) ;
#242 = ORIENTED_EDGE ( 'NONE', *, *, #1636, .T. ) ;
#243 = CARTESIAN_POINT ( 'NONE',  ( 90.00000000000000000, 0.000000000000000000, 76.00000000000001421 ) ) ;
#244 = LINE ( 'NONE', #1331, #941 ) ;
#245 = ADVANCED_FACE ( 'NONE', ( #928 ), #722, .T. ) ;
#246 = UNCERTAINTY_MEASURE_WITH_UNIT (LENGTH_MEASURE( 1.000000000000000082E-05 ), #103, 'distance_accuracy_value', 'NONE');
#247 = SURFACE_SIDE_STYLE ('',( #409 ) ) ;
#248 = DIRECTION ( 'NONE',  ( 0.000000000000000000, 0.2588190451024656724, 0.9659258262890830782 ) ) ;
#249 = ORIENTED_EDGE ( 'NONE', *, *, #2302, .F. ) ;
#250 = ORIENTED_EDGE ( 'NONE', *, *, #2155, .F. ) ;
#251 =( NAMED_UNIT ( * ) SI_UNIT ( $, .STERADIAN. ) SOLID_ANGLE_UNIT ( ) );
#252 = CARTESIAN_POINT ( 'NONE',  ( 90.00000000000000000, 2.499999999999974243, 0.000000000000000000 ) ) ;
#253 = VERTEX_POINT ( 'NONE', #1526 ) ;
#254 = COLOUR_RGB ( '',0.8980392156862745390, 0.9176470588235293713, 0.9294117647058823817 ) ;
#255 = DIRECTION ( 'NONE',  ( -0.000000000000000000, 0.000000000000000000, 1.000000000000000000 ) ) ;
#256 = CARTESIAN_POINT ( 'NONE',  ( 90.00000000000000000, -12.50000000000003908, 71.80000000000002558 ) ) ;
#257 = CARTESIAN_POINT ( 'NONE',  ( -90.00000000000000000, -12.50000000000003908, 0.000000000000000000 ) ) ;
#258 =( LENGTH_UNIT ( ) NAMED_UNIT ( * ) SI_UNIT ( .MILLI., .METRE. ) );
#259 = VERTEX_POINT ( 'NONE', #2411 ) ;
#260 =( GEOMETRIC_REPRESENTATION_CONTEXT ( 3 ) GLOBAL_UNCERTAINTY_ASSIGNED_CONTEXT ( ( #12 ) ) GLOBAL_UNIT_ASSIGNED_CONTEXT ( ( #1762, #1575, #251 ) ) REPRESENTATION_CONTEXT ( 'NONE', 'WORKASPACE' ) );
#261 = EDGE_CURVE ( 'NONE', #259, #1573, #457, .T. ) ;
#262 =( GEOMETRIC_REPRESENTATION_CONTEXT ( 3 ) GLOBAL_UNCERTAINTY_ASSIGNED_CONTEXT ( ( #190 ) ) GLOBAL_UNIT_ASSIGNED_CONTEXT ( ( #90, #747, #1471 ) ) REPRESENTATION_CONTEXT ( 'NONE', 'WORKASPACE' ) );
#263 = ORIENTED_EDGE ( 'NONE', *, *, #2034, .F. ) ;
#264 = CARTESIAN_POINT ( 'NONE',  ( -90.00000000000000000, -17.59077209349045745, -69.99999999999972999 ) ) ;
#265 = VECTOR ( 'NONE', #1941, 1000.000000000000000 ) ;
#266 = SURFACE_STYLE_USAGE ( .BOTH. , #280 ) ;
#267 = VERTEX_POINT ( 'NONE', #1836 ) ;
#268 = APPLICATION_CONTEXT ( 'automotive_design' ) ;
#269 = EDGE_CURVE ( 'NONE', #809, #2123, #2256, .T. ) ;
#270 = DIRECTION ( 'NONE',  ( 0.000000000000000000, -1.000000000000000000, 0.000000000000000000 ) ) ;
#271 = CARTESIAN_POINT ( 'NONE',  ( -90.00000000000000000, 0.000000000000000000, -75.99999999999972999 ) ) ;
#272 = FILL_AREA_STYLE ('',( #1359 ) ) ;
#273 = DIRECTION ( 'NONE',  ( -1.000000000000000000, -0.000000000000000000, -0.000000000000000000 ) ) ;
#274 = ORIENTED_EDGE ( 'NONE', *, *, #2355, .F. ) ;
#275 = VECTOR ( 'NONE', #1441, 1000.000000000000000 ) ;
#276 = DIRECTION ( 'NONE',  ( 0.000000000000000000, -0.000000000000000000, 1.000000000000000000 ) ) ;
#277 = VERTEX_POINT ( 'NONE', #1403 ) ;
#278 = LINE ( 'NONE', #2273, #1257 ) ;
#279 = EDGE_CURVE ( 'NONE', #2451, #2223, #2685, .T. ) ;
#280 = SURFACE_SIDE_STYLE ('',( #2456 ) ) ;
#281 = VERTEX_POINT ( 'NONE', #2696 ) ;
#282 = ADVANCED_FACE ( 'NONE', ( #2084 ), #348, .F. ) ;
#283 = DIRECTION ( 'NONE',  ( 0.000000000000000000, 2.304105438977788197E-14, -1.000000000000000000 ) ) ;
#284 = DIRECTION ( 'NONE',  ( -1.000000000000000000, -0.000000000000000000, -0.000000000000000000 ) ) ;
#285 = DIRECTION ( 'NONE',  ( 1.000000000000000000, 0.000000000000000000, 0.000000000000000000 ) ) ;
#286 = DIRECTION ( 'NONE',  ( 0.000000000000000000, 0.000000000000000000, -1.000000000000000000 ) ) ;
#287 = ORIENTED_EDGE ( 'NONE', *, *, #951, .T. ) ;
#288 = CIRCLE ( 'NONE', #2601, 1.249999999999904077 ) ;
#289 = CARTESIAN_POINT ( 'NONE',  ( 90.00000000000000000, 2.499999999999974243, 74.09999999999999432 ) ) ;
#290 = ORIENTED_EDGE ( 'NONE', *, *, #347, .F. ) ;
#291 =( LENGTH_UNIT ( ) NAMED_UNIT ( * ) SI_UNIT ( .MILLI., .METRE. ) );
#292 = CARTESIAN_POINT ( 'NONE',  ( -90.00000000000000000, 0.000000000000000000, 0.000000000000000000 ) ) ;
#293 = DIRECTION ( 'NONE',  ( 0.000000000000000000, 0.000000000000000000, 1.000000000000000000 ) ) ;
#294 = ORIENTED_EDGE ( 'NONE', *, *, #1765, .T. ) ;
#295 = CARTESIAN_POINT ( 'NONE',  ( 90.00000000000000000, -3.499999999999947597, -72.29999999999969873 ) ) ;
#296 = DIRECTION ( 'NONE',  ( -1.000000000000000000, -0.000000000000000000, -0.000000000000000000 ) ) ;
#297 =( GEOMETRIC_REPRESENTATION_CONTEXT ( 3 ) GLOBAL_UNCERTAINTY_ASSIGNED_CONTEXT ( ( #2418 ) ) GLOBAL_UNIT_ASSIGNED_CONTEXT ( ( #609, #1901, #1701 ) ) REPRESENTATION_CONTEXT ( 'NONE', 'WORKASPACE' ) );
#298 = EDGE_CURVE ( 'NONE', #2715, #1074, #127, .T. ) ;
#299 = APPLICATION_PROTOCOL_DEFINITION ( 'draft international standard', 'automotive_design', 1998, #268 ) ;
#300 = AXIS2_PLACEMENT_3D ( 'NONE', #1552, #1583, #285 ) ;
#301 = SURFACE_STYLE_FILL_AREA ( #54 ) ;
#302 = DIRECTION ( 'NONE',  ( 1.000000000000000000, -0.000000000000000000, 0.000000000000000000 ) ) ;
#303 = VERTEX_POINT ( 'NONE', #558 ) ;
#304 = STYLED_ITEM ( 'NONE', ( #1569 ), #1668 ) ;
#305 = EDGE_CURVE ( 'NONE', #2715, #1003, #1602, .T. ) ;
#306 = LINE ( 'NONE', #1957, #2760 ) ;
#307 = VERTEX_POINT ( 'NONE', #2289 ) ;
#308 = LINE ( 'NONE', #1195, #2726 ) ;
#309 =( GEOMETRIC_REPRESENTATION_CONTEXT ( 3 ) GLOBAL_UNCERTAINTY_ASSIGNED_CONTEXT ( ( #1916 ) ) GLOBAL_UNIT_ASSIGNED_CONTEXT ( ( #1376, #1092, #47 ) ) REPRESENTATION_CONTEXT ( 'NONE', 'WORKASPACE' ) );
#310 = VECTOR ( 'NONE', #974, 1000.000000000000000 ) ;
#311 = CARTESIAN_POINT ( 'NONE',  ( 90.00000000000000000, 0.000000000000000000, -71.79999999999975557 ) ) ;
#312 = FILL_AREA_STYLE_COLOUR ( '', #1813 ) ;
#313 = PRESENTATION_LAYER_ASSIGNMENT (  '', '', ( #1532 ) ) ;
#314 = VERTEX_POINT ( 'NONE', #521 ) ;
#315 = DIRECTION ( 'NONE',  ( 0.000000000000000000, -1.000000000000000000, 0.000000000000000000 ) ) ;
#316 = EDGE_CURVE ( 'NONE', #1831, #43, #1447, .T. ) ;
#317 = FACE_OUTER_BOUND ( 'NONE', #1347, .T. ) ;
#318 = CARTESIAN_POINT ( 'NONE',  ( 90.00000000000000000, -2.499999999999946709, -73.59999999999978115 ) ) ;
#319 = CARTESIAN_POINT ( 'NONE',  ( -90.00000000000000000, -2.775557561562891351E-14, -71.79999999999975557 ) ) ;
#320 = LINE ( 'NONE', #998, #395 ) ;
#321 = VERTEX_POINT ( 'NONE', #1208 ) ;
#322 = CARTESIAN_POINT ( 'NONE',  ( -90.00000000000000000, -2.775557561562891351E-14, 71.80000000000002558 ) ) ;
#323 = FILL_AREA_STYLE_COLOUR ( '', #1125 ) ;
#324 = PRESENTATION_LAYER_ASSIGNMENT (  '', '', ( #186 ) ) ;
#325 = ORIENTED_EDGE ( 'NONE', *, *, #2124, .T. ) ;
#326 = CARTESIAN_POINT ( 'NONE',  ( -90.00000000000000000, -1.999999999999946265, -74.69999999999987494 ) ) ;
#327 =( LENGTH_UNIT ( ) NAMED_UNIT ( * ) SI_UNIT ( .MILLI., .METRE. ) );
#328 = FACE_OUTER_BOUND ( 'NONE', #2650, .T. ) ;
#329 = FILL_AREA_STYLE ('',( #2280 ) ) ;
#330 = SURFACE_STYLE_USAGE ( .BOTH. , #2284 ) ;
#331 = EDGE_CURVE ( 'NONE', #1367, #1059, #1654, .T. ) ;
#332 = CARTESIAN_POINT ( 'NONE',  ( -90.00000000000000000, -16.00000000000004263, 0.000000000000000000 ) ) ;
#333 = ORIENTED_EDGE ( 'NONE', *, *, #1061, .T. ) ;
#334 = SURFACE_SIDE_STYLE ('',( #2509 ) ) ;
#335 = CARTESIAN_POINT ( 'NONE',  ( 90.00000000000000000, -2.499999999999946709, -73.59999999999978115 ) ) ;
#336 = ORIENTED_EDGE ( 'NONE', *, *, #139, .F. ) ;
#337 = SURFACE_STYLE_FILL_AREA ( #2292 ) ;
#338 = DIRECTION ( 'NONE',  ( -0.000000000000000000, 1.000000000000000000, 0.000000000000000000 ) ) ;
#339 = SURFACE_SIDE_STYLE ('',( #2514 ) ) ;
#340 = SURFACE_STYLE_FILL_AREA ( #329 ) ;
#341 = STYLED_ITEM ( 'NONE', ( #2655 ), #535 ) ;
#342 = SURFACE_SIDE_STYLE ('',( #2748 ) ) ;
#343 = CARTESIAN_POINT ( 'NONE',  ( 90.00000000000000000, 0.000000000000000000, 76.00000000000001421 ) ) ;
#344 = SURFACE_STYLE_USAGE ( .BOTH. , #2303 ) ;
#345 = ORIENTED_EDGE ( 'NONE', *, *, #1324, .T. ) ;
#346 = VECTOR ( 'NONE', #2504, 1000.000000000000000 ) ;
#347 = EDGE_CURVE ( 'NONE', #253, #6, #984, .T. ) ;
#348 = CYLINDRICAL_SURFACE ( 'NONE', #1763, 0.4999999999999726885 ) ;
#349 = DIRECTION ( 'NONE',  ( 1.000000000000000000, -0.000000000000000000, 0.000000000000000000 ) ) ;
#350 = ORIENTED_EDGE ( 'NONE', *, *, #601, .T. ) ;
#351 = CARTESIAN_POINT ( 'NONE',  ( 90.00000000000000000, -12.50000000000003908, -73.99999999999972999 ) ) ;
#352 = AXIS2_PLACEMENT_3D ( 'NONE', #849, #204, #437 ) ;
#353 = FILL_AREA_STYLE ('',( #2309 ) ) ;
#354 =( NAMED_UNIT ( * ) SI_UNIT ( $, .STERADIAN. ) SOLID_ANGLE_UNIT ( ) );
#355 = VECTOR ( 'NONE', #799, 1000.000000000000000 ) ;
#356 = SURFACE_SIDE_STYLE ('',( #340 ) ) ;
#357 = DIRECTION ( 'NONE',  ( 1.000000000000000000, 0.000000000000000000, 0.000000000000000000 ) ) ;
#358 = AXIS2_PLACEMENT_3D ( 'NONE', #562, #1368, #92 ) ;
#359 = DIRECTION ( 'NONE',  ( 1.000000000000000000, 0.000000000000000000, -0.000000000000000000 ) ) ;
#360 = FACE_OUTER_BOUND ( 'NONE', #2343, .T. ) ;
#361 = CARTESIAN_POINT ( 'NONE',  ( -90.00000000000000000, -2.499999999999946709, -73.59999999999978115 ) ) ;
#362 = UNCERTAINTY_MEASURE_WITH_UNIT (LENGTH_MEASURE( 1.000000000000000082E-05 ), #961, 'distance_accuracy_value', 'NONE');
#363 = FACE_OUTER_BOUND ( 'NONE', #2709, .T. ) ;
#364 = ORIENTED_EDGE ( 'NONE', *, *, #1832, .T. ) ;
#365 = FILL_AREA_STYLE ('',( #2532 ) ) ;
#366 = VERTEX_POINT ( 'NONE', #78 ) ;
#367 = ADVANCED_FACE ( 'NONE', ( #944 ), #2045, .T. ) ;
#368 = UNCERTAINTY_MEASURE_WITH_UNIT (LENGTH_MEASURE( 1.000000000000000082E-05 ), #1159, 'distance_accuracy_value', 'NONE');
#369 = VECTOR ( 'NONE', #1480, 1000.000000000000000 ) ;
#370 = CARTESIAN_POINT ( 'NONE',  ( 90.00000000000000000, -2.499999999999946709, -74.19999999999970441 ) ) ;
#371 = EDGE_CURVE ( 'NONE', #1675, #2643, #1952, .T. ) ;
#372 = DIRECTION ( 'NONE',  ( 0.000000000000000000, 0.000000000000000000, 1.000000000000000000 ) ) ;
#373 = LINE ( 'NONE', #185, #405 ) ;
#374 = FILL_AREA_STYLE ('',( #1497 ) ) ;
#375 = DIRECTION ( 'NONE',  ( 0.000000000000000000, 0.000000000000000000, -1.000000000000000000 ) ) ;
#376 = ORIENTED_EDGE ( 'NONE', *, *, #1204, .T. ) ;
#377 = DIRECTION ( 'NONE',  ( 0.000000000000000000, 1.000000000000000000, 0.000000000000000000 ) ) ;
#378 = SURFACE_STYLE_USAGE ( .BOTH. , #2817 ) ;
#379 = ORIENTED_EDGE ( 'NONE', *, *, #1, .T. ) ;
#380 = PRESENTATION_STYLE_ASSIGNMENT (( #1035 ) ) ;
#381 = SURFACE_STYLE_FILL_AREA ( #2335 ) ;
#382 =( GEOMETRIC_REPRESENTATION_CONTEXT ( 3 ) GLOBAL_UNCERTAINTY_ASSIGNED_CONTEXT ( ( #2109 ) ) GLOBAL_UNIT_ASSIGNED_CONTEXT ( ( #2746, #118, #2279 ) ) REPRESENTATION_CONTEXT ( 'NONE', 'WORKASPACE' ) );
#383 = PRESENTATION_STYLE_ASSIGNMENT (( #413 ) ) ;
#384 = DIRECTION ( 'NONE',  ( 0.000000000000000000, 0.000000000000000000, 1.000000000000000000 ) ) ;
#385 = EDGE_CURVE ( 'NONE', #1820, #1542, #2125, .T. ) ;
#386 = LINE ( 'NONE', #2135, #2546 ) ;
#387 = CARTESIAN_POINT ( 'NONE',  ( -90.00000000000000000, -14.00000000000004086, 74.00000000000001421 ) ) ;
#388 = UNCERTAINTY_MEASURE_WITH_UNIT (LENGTH_MEASURE( 1.000000000000000082E-05 ), #258, 'distance_accuracy_value', 'NONE');
#389 = SURFACE_STYLE_USAGE ( .BOTH. , #861 ) ;
#390 = STYLED_ITEM ( 'NONE', ( #2037 ), #524 ) ;
#391 = VERTEX_POINT ( 'NONE', #1277 ) ;
#392 = VECTOR ( 'NONE', #2234, 1000.000000000000000 ) ;
#393 = VECTOR ( 'NONE', #857, 1000.000000000000000 ) ;
#394 = EDGE_LOOP ( 'NONE', ( #2548, #1986, #91, #1384 ) ) ;
#395 = VECTOR ( 'NONE', #2730, 999.9999999999998863 ) ;
#396 = PLANE ( 'NONE',  #1228 ) ;
#397 = VECTOR ( 'NONE', #273, 1000.000000000000000 ) ;
#398 = DIRECTION ( 'NONE',  ( -0.000000000000000000, 0.000000000000000000, 1.000000000000000000 ) ) ;
#399 = ORIENTED_EDGE ( 'NONE', *, *, #937, .T. ) ;
#400 = AXIS2_PLACEMENT_3D ( 'NONE', #2180, #1906, #812 ) ;
#401 = PRESENTATION_LAYER_ASSIGNMENT (  '', '', ( #1767 ) ) ;
#402 = CARTESIAN_POINT ( 'NONE',  ( 90.00000000000000000, -16.00000000000004263, -72.22474668970579614 ) ) ;
#403 = CARTESIAN_POINT ( 'NONE',  ( 90.00000000000000000, -12.50000000000003908, -73.99999999999972999 ) ) ;
#404 = CARTESIAN_POINT ( 'NONE',  ( 90.00000000000000000, -20.00000000000003197, 76.00000000000001421 ) ) ;
#405 = VECTOR ( 'NONE', #1084, 1000.000000000000000 ) ;
#406 = EDGE_CURVE ( 'NONE', #1573, #1345, #1236, .T. ) ;
#407 = VECTOR ( 'NONE', #1293, 1000.000000000000000 ) ;
#408 = ORIENTED_EDGE ( 'NONE', *, *, #1044, .T. ) ;
#409 = SURFACE_STYLE_FILL_AREA ( #1718 ) ;
#410 = ORIENTED_EDGE ( 'NONE', *, *, #2649, .F. ) ;
#411 = FILL_AREA_STYLE_COLOUR ( '', #591 ) ;
#412 = FACE_OUTER_BOUND ( 'NONE', #694, .T. ) ;
#413 = SURFACE_STYLE_USAGE ( .BOTH. , #641 ) ;
#414 = AXIS2_PLACEMENT_3D ( 'NONE', #2793, #2555, #1024 ) ;
#415 = LINE ( 'NONE', #1285, #393 ) ;
#416 = DIRECTION ( 'NONE',  ( 0.000000000000000000, 0.000000000000000000, -1.000000000000000000 ) ) ;
#417 = MECHANICAL_DESIGN_GEOMETRIC_PRESENTATION_REPRESENTATION (  '', ( #1784 ), #2686 ) ;
#418 = LINE ( 'NONE', #594, #369 ) ;
#419 = PRESENTATION_LAYER_ASSIGNMENT (  '', '', ( #1684 ) ) ;
#420 = UNCERTAINTY_MEASURE_WITH_UNIT (LENGTH_MEASURE( 1.000000000000000082E-05 ), #1354, 'distance_accuracy_value', 'NONE');
#421 = EDGE_CURVE ( 'NONE', #2611, #267, #1302, .T. ) ;
#422 = CARTESIAN_POINT ( 'NONE',  ( 90.00000000000000000, -16.00000000000004263, 74.00000000000001421 ) ) ;
#423 = VERTEX_POINT ( 'NONE', #2367 ) ;
#424 = FILL_AREA_STYLE_COLOUR ( '', #31 ) ;
#425 = ORIENTED_EDGE ( 'NONE', *, *, #2183, .F. ) ;
#426 = CARTESIAN_POINT ( 'NONE',  ( 90.00000000000000000, -16.00000000000004263, 72.22474668970602352 ) ) ;
#427 = DIRECTION ( 'NONE',  ( 1.000000000000000000, 0.000000000000000000, -0.000000000000000000 ) ) ;
#428 = CARTESIAN_POINT ( 'NONE',  ( -90.00000000000000000, -2.999999999999947153, 71.80000000000002558 ) ) ;
#429 = FILL_AREA_STYLE ('',( #1572 ) ) ;
#430 = EDGE_LOOP ( 'NONE', ( #2039, #1459, #102, #1227 ) ) ;
#431 = CARTESIAN_POINT ( 'NONE',  ( 90.00000000000000000, -12.50000000000003908, 0.000000000000000000 ) ) ;
#432 = VECTOR ( 'NONE', #1123, 1000.000000000000000 ) ;
#433 = PLANE ( 'NONE',  #2631 ) ;
#434 = PRESENTATION_STYLE_ASSIGNMENT (( #389 ) ) ;
#435 = ORIENTED_EDGE ( 'NONE', *, *, #2717, .F. ) ;
#436 = AXIS2_PLACEMENT_3D ( 'NONE', #1128, #2487, #286 ) ;
#437 = DIRECTION ( 'NONE',  ( 1.000000000000000000, 0.000000000000000000, -0.000000000000000000 ) ) ;
#438 = SURFACE_STYLE_FILL_AREA ( #2424 ) ;
#439 = ADVANCED_FACE ( 'NONE', ( #2785 ), #2797, .T. ) ;
#440 =( NAMED_UNIT ( * ) SI_UNIT ( $, .STERADIAN. ) SOLID_ANGLE_UNIT ( ) );
#441 = VECTOR ( 'NONE', #898, 1000.000000000000000 ) ;
#442 = CARTESIAN_POINT ( 'NONE',  ( 90.00000000000000000, -12.50000000000003908, -71.79999999999975557 ) ) ;
#443 = EDGE_LOOP ( 'NONE', ( #49, #846, #2085, #2818 ) ) ;
#444 = AXIS2_PLACEMENT_3D ( 'NONE', #1734, #2368, #225 ) ;
#445 = AXIS2_PLACEMENT_3D ( 'NONE', #111, #1382, #2249 ) ;
#446 = DIRECTION ( 'NONE',  ( -1.000000000000000000, -0.000000000000000000, -0.000000000000000000 ) ) ;
#447 = CARTESIAN_POINT ( 'NONE',  ( 90.00000000000000000, -17.99999999999996092, 72.50000000000001421 ) ) ;
#448 =( NAMED_UNIT ( * ) SI_UNIT ( $, .STERADIAN. ) SOLID_ANGLE_UNIT ( ) );
#449 = PRESENTATION_LAYER_ASSIGNMENT (  '', '', ( #2221 ) ) ;
#450 = UNCERTAINTY_MEASURE_WITH_UNIT (LENGTH_MEASURE( 1.000000000000000082E-05 ), #69, 'distance_accuracy_value', 'NONE');
#451 = LINE ( 'NONE', #1344, #441 ) ;
#452 = COLOUR_RGB ( '',0.8980392156862745390, 0.9176470588235293713, 0.9294117647058823817 ) ;
#453 = EDGE_LOOP ( 'NONE', ( #1837, #1699, #2670, #709 ) ) ;
#454 = COLOUR_RGB ( '',0.8980392156862745390, 0.9176470588235293713, 0.9294117647058823817 ) ;
#455 = ORIENTED_EDGE ( 'NONE', *, *, #2506, .T. ) ;
#456 = SURFACE_SIDE_STYLE ('',( #438 ) ) ;
#457 = LINE ( 'NONE', #2194, #1173 ) ;
#458 = DIRECTION ( 'NONE',  ( 0.000000000000000000, -1.000000000000000000, 0.000000000000000000 ) ) ;
#459 = EDGE_CURVE ( 'NONE', #253, #1900, #1047, .T. ) ;
#460 = PRESENTATION_STYLE_ASSIGNMENT (( #1749 ) ) ;
#461 = SURFACE_STYLE_USAGE ( .BOTH. , #2809 ) ;
#462 = DIRECTION ( 'NONE',  ( 0.000000000000000000, -1.000000000000000000, 0.000000000000000000 ) ) ;
#463 =( NAMED_UNIT ( * ) SI_UNIT ( $, .STERADIAN. ) SOLID_ANGLE_UNIT ( ) );
#464 = EDGE_CURVE ( 'NONE', #1831, #2241, #637, .T. ) ;
#465 = AXIS2_PLACEMENT_3D ( 'NONE', #149, #2359, #1456 ) ;
#466 = DIRECTION ( 'NONE',  ( 0.000000000000000000, -1.000000000000000000, 0.000000000000000000 ) ) ;
#467 = COLOUR_RGB ( '',0.8980392156862745390, 0.9176470588235293713, 0.9294117647058823817 ) ;
#468 = DIRECTION ( 'NONE',  ( -1.000000000000000000, -0.000000000000000000, -0.000000000000000000 ) ) ;
#469 = VECTOR ( 'NONE', #839, 1000.000000000000000 ) ;
#470 = VERTEX_POINT ( 'NONE', #896 ) ;
#471 = ORIENTED_EDGE ( 'NONE', *, *, #1895, .T. ) ;
#472 = DIRECTION ( 'NONE',  ( -1.000000000000000000, -0.000000000000000000, -0.000000000000000000 ) ) ;
#473 = LINE ( 'NONE', #1594, #2023 ) ;
#474 = ORIENTED_EDGE ( 'NONE', *, *, #1204, .F. ) ;
#475 = PRESENTATION_STYLE_ASSIGNMENT (( #230 ) ) ;
#476 = CARTESIAN_POINT ( 'NONE',  ( 90.00000000000000000, -2.999999999999947153, -72.29999999999969873 ) ) ;
#477 = CARTESIAN_POINT ( 'NONE',  ( 90.00000000000000000, -20.00000000000003197, 76.00000000000001421 ) ) ;
#478 = UNCERTAINTY_MEASURE_WITH_UNIT (LENGTH_MEASURE( 1.000000000000000082E-05 ), #2806, 'distance_accuracy_value', 'NONE');
#479 = PRESENTATION_STYLE_ASSIGNMENT (( #2433 ) ) ;
#480 = ORIENTED_EDGE ( 'NONE', *, *, #1801, .F. ) ;
#481 = PRODUCT_DEFINITION_SHAPE ( 'NONE', 'NONE',  #2306 ) ;
#482 = VERTEX_POINT ( 'NONE', #1774 ) ;
#483 = PRESENTATION_STYLE_ASSIGNMENT (( #1313 ) ) ;
#484 =( NAMED_UNIT ( * ) PLANE_ANGLE_UNIT ( ) SI_UNIT ( $, .RADIAN. ) );
#485 = ORIENTED_EDGE ( 'NONE', *, *, #1409, .T. ) ;
#486 = CARTESIAN_POINT ( 'NONE',  ( 90.00000000000000000, -20.00000000000003197, 74.00000000000001421 ) ) ;
#487 = AXIS2_PLACEMENT_3D ( 'NONE', #2596, #1696, #1507 ) ;
#488 = SURFACE_STYLE_USAGE ( .BOTH. , #526 ) ;
#489 = STYLED_ITEM ( 'NONE', ( #2338 ), #650 ) ;
#490 =( NAMED_UNIT ( * ) PLANE_ANGLE_UNIT ( ) SI_UNIT ( $, .RADIAN. ) );
#491 = MECHANICAL_DESIGN_GEOMETRIC_PRESENTATION_REPRESENTATION (  '', ( #1963 ), #2534 ) ;
#492 = CARTESIAN_POINT ( 'NONE',  ( 90.00000000000000000, -3.499999999999947597, 0.000000000000000000 ) ) ;
#493 = EDGE_CURVE ( 'NONE', #966, #2253, #2641, .T. ) ;
#494 = ORIENTED_EDGE ( 'NONE', *, *, #995, .T. ) ;
#495 = PRESENTATION_LAYER_ASSIGNMENT (  '', '', ( #1315 ) ) ;
#496 = VECTOR ( 'NONE', #1122, 1000.000000000000000 ) ;
#497 = VERTEX_POINT ( 'NONE', #2754 ) ;
#498 = VECTOR ( 'NONE', #1824, 1000.000000000000000 ) ;
#499 =( GEOMETRIC_REPRESENTATION_CONTEXT ( 3 ) GLOBAL_UNCERTAINTY_ASSIGNED_CONTEXT ( ( #2148 ) ) GLOBAL_UNIT_ASSIGNED_CONTEXT ( ( #2603, #206, #2193 ) ) REPRESENTATION_CONTEXT ( 'NONE', 'WORKASPACE' ) );
#500 = SURFACE_STYLE_USAGE ( .BOTH. , #513 ) ;
#501 = EDGE_LOOP ( 'NONE', ( #616, #1559, #690, #2533 ) ) ;
#502 = CARTESIAN_POINT ( 'NONE',  ( 90.00000000000000000, 2.499999999999974243, 0.000000000000000000 ) ) ;
#503 = DIRECTION ( 'NONE',  ( 0.000000000000000000, -0.000000000000000000, -1.000000000000000000 ) ) ;
#504 = PRESENTATION_STYLE_ASSIGNMENT (( #2445 ) ) ;
#505 = SURFACE_SIDE_STYLE ('',( #910 ) ) ;
#506 = DIRECTION ( 'NONE',  ( 1.000000000000000000, -0.000000000000000000, 0.000000000000000000 ) ) ;
#507 = EDGE_LOOP ( 'NONE', ( #569, #2531, #2505, #2602 ) ) ;
#508 = CIRCLE ( 'NONE', #1141, 0.2000000000000057288 ) ;
#509 = EDGE_CURVE ( 'NONE', #2082, #2559, #807, .T. ) ;
#510 = VERTEX_POINT ( 'NONE', #1585 ) ;
#511 = PRESENTATION_STYLE_ASSIGNMENT (( #1207 ) ) ;
#512 = AXIS2_PLACEMENT_3D ( 'NONE', #614, #1726, #853 ) ;
#513 = SURFACE_SIDE_STYLE ('',( #693 ) ) ;
#514 = ORIENTED_EDGE ( 'NONE', *, *, #988, .T. ) ;
#515 = CARTESIAN_POINT ( 'NONE',  ( -90.00000000000000000, 0.000000000000000000, 0.000000000000000000 ) ) ;
#516 = SURFACE_STYLE_USAGE ( .BOTH. , #505 ) ;
#517 = FACE_OUTER_BOUND ( 'NONE', #1966, .T. ) ;
#518 = SURFACE_SIDE_STYLE ('',( #1203 ) ) ;
#519 = AXIS2_PLACEMENT_3D ( 'NONE', #1230, #1434, #1213 ) ;
#520 = ORIENTED_EDGE ( 'NONE', *, *, #2262, .T. ) ;
#521 = CARTESIAN_POINT ( 'NONE',  ( -90.00000000000000000, -16.79259271713868173, -72.17647619362178091 ) ) ;
#522 = SURFACE_STYLE_FILL_AREA ( #365 ) ;
#523 = ORIENTED_EDGE ( 'NONE', *, *, #1849, .F. ) ;
#524 = ADVANCED_FACE ( 'NONE', ( #2447 ), #1154, .T. ) ;
#525 = SURFACE_STYLE_USAGE ( .BOTH. , #1421 ) ;
#526 = SURFACE_SIDE_STYLE ('',( #1580 ) ) ;
#527 = VECTOR ( 'NONE', #2322, 1000.000000000000000 ) ;
#528 = DIRECTION ( 'NONE',  ( 1.000000000000000000, -0.000000000000000000, 0.000000000000000000 ) ) ;
#529 = CARTESIAN_POINT ( 'NONE',  ( 0.000000000000000000, 0.000000000000000000, 0.000000000000000000 ) ) ;
#530 = MECHANICAL_DESIGN_GEOMETRIC_PRESENTATION_REPRESENTATION (  '', ( #2616 ), #710 ) ;
#531 = MECHANICAL_DESIGN_GEOMETRIC_PRESENTATION_REPRESENTATION (  '', ( #1521 ), #213 ) ;
#532 =( NAMED_UNIT ( * ) PLANE_ANGLE_UNIT ( ) SI_UNIT ( $, .RADIAN. ) );
#533 = MECHANICAL_DESIGN_GEOMETRIC_PRESENTATION_REPRESENTATION (  '', ( #1166 ), #1259 ) ;
#534 = LINE ( 'NONE', #2691, #1761 ) ;
#535 = ADVANCED_FACE ( 'NONE', ( #317 ), #2248, .F. ) ;
#536 = ORIENTED_EDGE ( 'NONE', *, *, #2597, .T. ) ;
#537 = CIRCLE ( 'NONE', #2134, 1.249999999999904077 ) ;
#538 = DIRECTION ( 'NONE',  ( -1.000000000000000000, -0.000000000000000000, -0.000000000000000000 ) ) ;
#539 = ORIENTED_EDGE ( 'NONE', *, *, #85, .F. ) ;
#540 = PLANE ( 'NONE',  #1304 ) ;
#541 = VECTOR ( 'NONE', #1181, 1000.000000000000000 ) ;
#542 = MECHANICAL_DESIGN_GEOMETRIC_PRESENTATION_REPRESENTATION (  '', ( #1037 ), #219 ) ;
#543 = DIRECTION ( 'NONE',  ( 0.000000000000000000, 1.000000000000000000, 0.000000000000000000 ) ) ;
#544 =( GEOMETRIC_REPRESENTATION_CONTEXT ( 3 ) GLOBAL_UNCERTAINTY_ASSIGNED_CONTEXT ( ( #1856 ) ) GLOBAL_UNIT_ASSIGNED_CONTEXT ( ( #796, #1460, #1016 ) ) REPRESENTATION_CONTEXT ( 'NONE', 'WORKASPACE' ) );
#545 = ORIENTED_EDGE ( 'NONE', *, *, #2821, .F. ) ;
#546 = STYLED_ITEM ( 'NONE', ( #137 ), #1857 ) ;
#547 = AXIS2_PLACEMENT_3D ( 'NONE', #44, #2662, #1793 ) ;
#548 = UNCERTAINTY_MEASURE_WITH_UNIT (LENGTH_MEASURE( 1.000000000000000082E-05 ), #291, 'distance_accuracy_value', 'NONE');
#549 = EDGE_CURVE ( 'NONE', #129, #2741, #2068, .T. ) ;
#550 =( NAMED_UNIT ( * ) PLANE_ANGLE_UNIT ( ) SI_UNIT ( $, .RADIAN. ) );
#551 = SURFACE_STYLE_USAGE ( .BOTH. , #119 ) ;
#552 = SURFACE_STYLE_FILL_AREA ( #1041 ) ;
#553 = CYLINDRICAL_SURFACE ( 'NONE', #1319, 1.249999999999904077 ) ;
#554 = EDGE_CURVE ( 'NONE', #2451, #2123, #1568, .T. ) ;
#555 = ORIENTED_EDGE ( 'NONE', *, *, #2187, .T. ) ;
#556 = ORIENTED_EDGE ( 'NONE', *, *, #1742, .F. ) ;
#557 = CARTESIAN_POINT ( 'NONE',  ( 90.00000000000000000, -12.50000000000003908, 0.000000000000000000 ) ) ;
#558 = CARTESIAN_POINT ( 'NONE',  ( 90.00000000000000000, -16.20000000000003482, -72.02474668970586436 ) ) ;
#559 = SURFACE_STYLE_FILL_AREA ( #1871 ) ;
#560 = VECTOR ( 'NONE', #2104, 1000.000000000000000 ) ;
#561 = EDGE_LOOP ( 'NONE', ( #2519, #1249, #2751, #1135 ) ) ;
#562 = CARTESIAN_POINT ( 'NONE',  ( -90.00000000000000000, -20.00000000000003197, -73.99999999999972999 ) ) ;
#563 = FILL_AREA_STYLE ('',( #2538 ) ) ;
#564 =( NAMED_UNIT ( * ) SI_UNIT ( $, .STERADIAN. ) SOLID_ANGLE_UNIT ( ) );
#565 = SURFACE_STYLE_FILL_AREA ( #1877 ) ;
#566 = ADVANCED_FACE ( 'NONE', ( #950 ), #1830, .T. ) ;
#567 = UNCERTAINTY_MEASURE_WITH_UNIT (LENGTH_MEASURE( 1.000000000000000082E-05 ), #1796, 'distance_accuracy_value', 'NONE');
#568 = SURFACE_STYLE_FILL_AREA ( #776 ) ;
#569 = ORIENTED_EDGE ( 'NONE', *, *, #1931, .F. ) ;
#570 =( GEOMETRIC_REPRESENTATION_CONTEXT ( 3 ) GLOBAL_UNCERTAINTY_ASSIGNED_CONTEXT ( ( #2360 ) ) GLOBAL_UNIT_ASSIGNED_CONTEXT ( ( #783, #550, #354 ) ) REPRESENTATION_CONTEXT ( 'NONE', 'WORKASPACE' ) );
#571 =( NAMED_UNIT ( * ) PLANE_ANGLE_UNIT ( ) SI_UNIT ( $, .RADIAN. ) );
#572 = FACE_OUTER_BOUND ( 'NONE', #1682, .T. ) ;
#573 = ORIENTED_EDGE ( 'NONE', *, *, #702, .F. ) ;
#574 = SURFACE_STYLE_USAGE ( .BOTH. , #2744 ) ;
#575 = LINE ( 'NONE', #1827, #1267 ) ;
#576 = PRESENTATION_LAYER_ASSIGNMENT (  '', '', ( #390 ) ) ;
#577 = SURFACE_STYLE_USAGE ( .BOTH. , #2080 ) ;
#578 =( NAMED_UNIT ( * ) SI_UNIT ( $, .STERADIAN. ) SOLID_ANGLE_UNIT ( ) );
#579 = PRESENTATION_LAYER_ASSIGNMENT (  '', '', ( #2616 ) ) ;
#580 = VECTOR ( 'NONE', #2175, 1000.000000000000000 ) ;
#581 = ORIENTED_EDGE ( 'NONE', *, *, #955, .T. ) ;
#582 = VECTOR ( 'NONE', #446, 1000.000000000000000 ) ;
#583 = PRESENTATION_LAYER_ASSIGNMENT (  '', '', ( #667 ) ) ;
#584 = DIRECTION ( 'NONE',  ( 0.000000000000000000, -1.000000000000000000, 0.000000000000000000 ) ) ;
#585 =( LENGTH_UNIT ( ) NAMED_UNIT ( * ) SI_UNIT ( .MILLI., .METRE. ) );
#586 = ORIENTED_EDGE ( 'NONE', *, *, #2187, .F. ) ;
#587 = AXIS2_PLACEMENT_3D ( 'NONE', #1137, #1794, #240 ) ;
#588 = MECHANICAL_DESIGN_GEOMETRIC_PRESENTATION_REPRESENTATION (  '', ( #717 ), #983 ) ;
#589 = DIRECTION ( 'NONE',  ( 0.000000000000000000, 0.000000000000000000, -1.000000000000000000 ) ) ;
#590 = VECTOR ( 'NONE', #1564, 1000.000000000000000 ) ;
#591 = COLOUR_RGB ( '',0.8980392156862745390, 0.9176470588235293713, 0.9294117647058823817 ) ;
#592 = CARTESIAN_POINT ( 'NONE',  ( 90.00000000000000000, -12.50000000000003908, -71.79999999999975557 ) ) ;
#593 = CARTESIAN_POINT ( 'NONE',  ( -90.00000000000000000, -12.50000000000003908, -73.99999999999972999 ) ) ;
#594 = CARTESIAN_POINT ( 'NONE',  ( 90.00000000000000000, -14.00000000000004086, 0.000000000000000000 ) ) ;
#595 =( NAMED_UNIT ( * ) PLANE_ANGLE_UNIT ( ) SI_UNIT ( $, .RADIAN. ) );
#596 = ORIENTED_EDGE ( 'NONE', *, *, #279, .T. ) ;
#597 = CARTESIAN_POINT ( 'NONE',  ( -90.00000000000000000, 0.000000000000000000, -69.99999999999972999 ) ) ;
#598 = FILL_AREA_STYLE_COLOUR ( '', #804 ) ;
#599 = VERTEX_POINT ( 'NONE', #592 ) ;
#600 = SURFACE_STYLE_USAGE ( .BOTH. , #1889 ) ;
#601 = EDGE_CURVE ( 'NONE', #2159, #1990, #2079, .T. ) ;
#602 = PLANE ( 'NONE',  #587 ) ;
#603 = AXIS2_PLACEMENT_3D ( 'NONE', #2348, #1251, #1705 ) ;
#604 = DIRECTION ( 'NONE',  ( 1.000000000000000000, -0.000000000000000000, 0.000000000000000000 ) ) ;
#605 = CARTESIAN_POINT ( 'NONE',  ( 90.00000000000000000, -22.00000000000003197, -73.99999999999972999 ) ) ;
#606 = SURFACE_STYLE_USAGE ( .BOTH. , #2121 ) ;
#607 = CARTESIAN_POINT ( 'NONE',  ( 90.00000000000000000, 0.000000000000000000, 74.00000000000001421 ) ) ;
#608 = ORIENTED_EDGE ( 'NONE', *, *, #2549, .T. ) ;
#609 =( LENGTH_UNIT ( ) NAMED_UNIT ( * ) SI_UNIT ( .MILLI., .METRE. ) );
#610 = FILL_AREA_STYLE ('',( #424 ) ) ;
#611 = ORIENTED_EDGE ( 'NONE', *, *, #2106, .F. ) ;
#612 = PRESENTATION_STYLE_ASSIGNMENT (( #1690 ) ) ;
#613 =( GEOMETRIC_REPRESENTATION_CONTEXT ( 3 ) GLOBAL_UNCERTAINTY_ASSIGNED_CONTEXT ( ( #1995 ) ) GLOBAL_UNIT_ASSIGNED_CONTEXT ( ( #1139, #1379, #1798 ) ) REPRESENTATION_CONTEXT ( 'NONE', 'WORKASPACE' ) );
#614 = CARTESIAN_POINT ( 'NONE',  ( -90.00000000000000000, -1.999999999999946265, -73.59999999999978115 ) ) ;
#615 = EDGE_CURVE ( 'NONE', #599, #2728, #2725, .T. ) ;
#616 = ORIENTED_EDGE ( 'NONE', *, *, #657, .T. ) ;
#617 =( NAMED_UNIT ( * ) PLANE_ANGLE_UNIT ( ) SI_UNIT ( $, .RADIAN. ) );
#618 = SURFACE_STYLE_USAGE ( .BOTH. , #2119 ) ;
#619 = CARTESIAN_POINT ( 'NONE',  ( 90.00000000000000000, 16.91922863406082911, 63.14342088718507995 ) ) ;
#620 = DIRECTION ( 'NONE',  ( 1.000000000000000000, -0.000000000000000000, 0.000000000000000000 ) ) ;
#621 = UNCERTAINTY_MEASURE_WITH_UNIT (LENGTH_MEASURE( 1.000000000000000082E-05 ), #1505, 'distance_accuracy_value', 'NONE');
#622 = ORIENTED_EDGE ( 'NONE', *, *, #493, .F. ) ;
#623 = FACE_OUTER_BOUND ( 'NONE', #1326, .T. ) ;
#624 = ORIENTED_EDGE ( 'NONE', *, *, #1036, .F. ) ;
#625 = PRESENTATION_LAYER_ASSIGNMENT (  '', '', ( #2808 ) ) ;
#626 = PRESENTATION_STYLE_ASSIGNMENT (( #600 ) ) ;
#627 = LINE ( 'NONE', #2161, #2473 ) ;
#628 = FACE_OUTER_BOUND ( 'NONE', #2381, .T. ) ;
#629 = VECTOR ( 'NONE', #1387, 1000.000000000000000 ) ;
#630 = EDGE_CURVE ( 'NONE', #1573, #2559, #1714, .T. ) ;
#631 = LINE ( 'NONE', #402, #1673 ) ;
#632 = PLANE ( 'NONE',  #487 ) ;
#633 = CARTESIAN_POINT ( 'NONE',  ( 90.00000000000000000, -3.499999999999947597, 72.30000000000002558 ) ) ;
#634 = AXIS2_PLACEMENT_3D ( 'NONE', #2171, #211, #1081 ) ;
#635 = CIRCLE ( 'NONE', #547, 0.5000000000000004441 ) ;
#636 = ORIENTED_EDGE ( 'NONE', *, *, #687, .F. ) ;
#637 = LINE ( 'NONE', #1332, #658 ) ;
#638 = FILL_AREA_STYLE ('',( #1310 ) ) ;
#639 = ORIENTED_EDGE ( 'NONE', *, *, #1051, .T. ) ;
#640 = DIRECTION ( 'NONE',  ( 0.000000000000000000, 1.000000000000000000, 0.000000000000000000 ) ) ;
#641 = SURFACE_SIDE_STYLE ('',( #2373 ) ) ;
#642 = PLANE ( 'NONE',  #2354 ) ;
#643 =( NAMED_UNIT ( * ) PLANE_ANGLE_UNIT ( ) SI_UNIT ( $, .RADIAN. ) );
#644 = CARTESIAN_POINT ( 'NONE',  ( 90.00000000000000000, -1.999999999999946265, -73.09999999999983800 ) ) ;
#645 = CARTESIAN_POINT ( 'NONE',  ( -90.00000000000000000, -17.99999999999996092, 72.50000000000001421 ) ) ;
#646 = EDGE_CURVE ( 'NONE', #1144, #87, #800, .T. ) ;
#647 = VERTEX_POINT ( 'NONE', #1912 ) ;
#648 = VERTEX_POINT ( 'NONE', #816 ) ;
#649 = CARTESIAN_POINT ( 'NONE',  ( 90.00000000000000000, -16.25176380902054518, -72.03156152444812221 ) ) ;
#650 = ADVANCED_FACE ( 'NONE', ( #2092 ), #1243, .T. ) ;
#651 =( NAMED_UNIT ( * ) SI_UNIT ( $, .STERADIAN. ) SOLID_ANGLE_UNIT ( ) );
#652 = LINE ( 'NONE', #1066, #1258 ) ;
#653 = SURFACE_SIDE_STYLE ('',( #1124 ) ) ;
#654 = SURFACE_SIDE_STYLE ('',( #1287 ) ) ;
#655 = DIRECTION ( 'NONE',  ( 0.000000000000000000, 0.000000000000000000, -1.000000000000000000 ) ) ;
#656 = EDGE_LOOP ( 'NONE', ( #2657, #2209, #205, #1951, #1088, #1450, #1222, #2625, #2245, #1792, #2427, #2196, #762, #333, #2029, #821, #906, #144, #345, #379, #520, #1389, #2272, #608, #1548, #2697, #795, #1708, #2258, #80, #2421, #1334, #2192, #2508, #160, #1145, #573, #1374, #1509, #2316, #2364, #1114, #2108, #71, #2304, #742, #36, #294, #1600, #1717, #611, #2442, #410, #2471, #706 ) ) ;
#657 = EDGE_CURVE ( 'NONE', #1095, #1175, #1437, .T. ) ;
#658 = VECTOR ( 'NONE', #1996, 1000.000000000000000 ) ;
#659 = EDGE_LOOP ( 'NONE', ( #178, #1848, #2291, #1335 ) ) ;
#660 = CARTESIAN_POINT ( 'NONE',  ( 90.00000000000000000, -2.775557561562891351E-14, 73.20000000000004547 ) ) ;
#661 = AXIS2_PLACEMENT_3D ( 'NONE', #529, #1842, #1622 ) ;
#662 = CIRCLE ( 'NONE', #1120, 2.000000000000001776 ) ;
#663 = CARTESIAN_POINT ( 'NONE',  ( 90.00000000000000000, -22.00000000000003197, 74.00000000000001421 ) ) ;
#664 = ADVANCED_FACE ( 'NONE', ( #1625 ), #2133, .T. ) ;
#665 = ORIENTED_EDGE ( 'NONE', *, *, #509, .F. ) ;
#666 = LINE ( 'NONE', #2197, #496 ) ;
#667 = STYLED_ITEM ( 'NONE', ( #1174 ), #1759 ) ;
#668 = LINE ( 'NONE', #184, #582 ) ;
#669 = LINE ( 'NONE', #2228, #2142 ) ;
#670 = CARTESIAN_POINT ( 'NONE',  ( -90.00000000000000000, -17.99999999999996092, 73.75000000000002842 ) ) ;
#671 = AXIS2_PLACEMENT_3D ( 'NONE', #1197, #1448, #2480 ) ;
#672 = CARTESIAN_POINT ( 'NONE',  ( 90.00000000000000000, -16.20000000000003482, -72.22474668970579614 ) ) ;
#673 = VECTOR ( 'NONE', #1934, 1000.000000000000000 ) ;
#674 = ORIENTED_EDGE ( 'NONE', *, *, #1275, .T. ) ;
#675 = VECTOR ( 'NONE', #1348, 1000.000000000000000 ) ;
#676 = EDGE_LOOP ( 'NONE', ( #1819, #1748, #1157, #2405 ) ) ;
#677 =( NAMED_UNIT ( * ) SI_UNIT ( $, .STERADIAN. ) SOLID_ANGLE_UNIT ( ) );
#678 = CARTESIAN_POINT ( 'NONE',  ( 90.00000000000000000, 0.000000000000000000, 73.20000000000004547 ) ) ;
#679 = PRODUCT ( 'SC-FT152x44-K143', 'SC-FT152x44-K143', '', ( #1381 ) ) ;
#680 = ORIENTED_EDGE ( 'NONE', *, *, #2580, .T. ) ;
#681 =( NAMED_UNIT ( * ) PLANE_ANGLE_UNIT ( ) SI_UNIT ( $, .RADIAN. ) );
#682 = EDGE_CURVE ( 'NONE', #2027, #2003, #668, .T. ) ;
#683 = CARTESIAN_POINT ( 'NONE',  ( -90.00000000000000000, -3.499999999999947597, 0.000000000000000000 ) ) ;
#684 =( NAMED_UNIT ( * ) PLANE_ANGLE_UNIT ( ) SI_UNIT ( $, .RADIAN. ) );
#685 = CARTESIAN_POINT ( 'NONE',  ( 90.00000000000000000, -20.00000000000003197, -75.99999999999972999 ) ) ;
#686 = DIRECTION ( 'NONE',  ( -1.000000000000000000, -0.000000000000000000, -0.000000000000000000 ) ) ;
#687 = EDGE_CURVE ( 'NONE', #391, #2692, #841, .T. ) ;
#688 = EDGE_LOOP ( 'NONE', ( #624, #1591, #2112, #1782 ) ) ;
#689 = CARTESIAN_POINT ( 'NONE',  ( 90.00000000000000000, -17.99999999999996092, 72.50000000000001421 ) ) ;
#690 = ORIENTED_EDGE ( 'NONE', *, *, #838, .F. ) ;
#691 = LINE ( 'NONE', #2005, #1272 ) ;
#692 = SURFACE_STYLE_FILL_AREA ( #916 ) ;
#693 = SURFACE_STYLE_FILL_AREA ( #708 ) ;
#694 = EDGE_LOOP ( 'NONE', ( #2008, #2564, #2176, #1617 ) ) ;
#695 = CARTESIAN_POINT ( 'NONE',  ( -90.00000000000000000, -20.00000000000003197, -75.99999999999972999 ) ) ;
#696 = EDGE_CURVE ( 'NONE', #1760, #2784, #415, .T. ) ;
#697 = FACE_OUTER_BOUND ( 'NONE', #767, .T. ) ;
#698 = DIRECTION ( 'NONE',  ( 0.000000000000000000, 0.000000000000000000, -1.000000000000000000 ) ) ;
#699 = FILL_AREA_STYLE ('',( #2417 ) ) ;
#700 = SURFACE_SIDE_STYLE ('',( #301 ) ) ;
#701 =( NAMED_UNIT ( * ) SI_UNIT ( $, .STERADIAN. ) SOLID_ANGLE_UNIT ( ) );
#702 = EDGE_CURVE ( 'NONE', #2455, #599, #2151, .T. ) ;
#703 = ORIENTED_EDGE ( 'NONE', *, *, #1657, .T. ) ;
#704 = PRODUCT_DEFINITION_SHAPE ( 'NONE', 'NONE',  #2824 ) ;
#705 = CARTESIAN_POINT ( 'NONE',  ( 90.00000000000000000, -16.00000000000004263, 0.000000000000000000 ) ) ;
#706 = ORIENTED_EDGE ( 'NONE', *, *, #1346, .F. ) ;
#707 = SURFACE_STYLE_USAGE ( .BOTH. , #2030 ) ;
#708 = FILL_AREA_STYLE ('',( #2222 ) ) ;
#709 = ORIENTED_EDGE ( 'NONE', *, *, #2429, .T. ) ;
#710 =( GEOMETRIC_REPRESENTATION_CONTEXT ( 3 ) GLOBAL_UNCERTAINTY_ASSIGNED_CONTEXT ( ( #960 ) ) GLOBAL_UNIT_ASSIGNED_CONTEXT ( ( #935, #2639, #463 ) ) REPRESENTATION_CONTEXT ( 'NONE', 'WORKASPACE' ) );
#711 = VECTOR ( 'NONE', #1464, 1000.000000000000000 ) ;
#712 = LINE ( 'NONE', #2431, #1446 ) ;
#713 = VECTOR ( 'NONE', #2122, 1000.000000000000000 ) ;
#714 = EDGE_CURVE ( 'NONE', #1851, #423, #2185, .T. ) ;
#715 = CARTESIAN_POINT ( 'NONE',  ( -90.00000000000000000, -2.775557561562891351E-14, -74.69999999999987494 ) ) ;
#716 = ORIENTED_EDGE ( 'NONE', *, *, #1689, .T. ) ;
#717 = STYLED_ITEM ( 'NONE', ( #2352 ), #2220 ) ;
#718 = STYLED_ITEM ( 'NONE', ( #2786 ), #1314 ) ;
#719 = CIRCLE ( 'NONE', #1443, 0.4999999999999726885 ) ;
#720 = EDGE_LOOP ( 'NONE', ( #1692, #622, #238, #1903 ) ) ;
#721 = LINE ( 'NONE', #557, #1806 ) ;
#722 = CYLINDRICAL_SURFACE ( 'NONE', #1527, 0.5000000000000004441 ) ;
#723 =( NAMED_UNIT ( * ) SI_UNIT ( $, .STERADIAN. ) SOLID_ANGLE_UNIT ( ) );
#724 = VERTEX_POINT ( 'NONE', #1056 ) ;
#725 = FILL_AREA_STYLE_COLOUR ( '', #1086 ) ;
#726 = FILL_AREA_STYLE_COLOUR ( '', #875 ) ;
#727 =( NAMED_UNIT ( * ) PLANE_ANGLE_UNIT ( ) SI_UNIT ( $, .RADIAN. ) );
#728 = CARTESIAN_POINT ( 'NONE',  ( 90.00000000000000000, -12.50000000000003908, 0.000000000000000000 ) ) ;
#729 = CARTESIAN_POINT ( 'NONE',  ( 90.00000000000000000, -16.00000000000004263, 0.000000000000000000 ) ) ;
#730 = CARTESIAN_POINT ( 'NONE',  ( 90.00000000000000000, -2.999999999999947153, -71.79999999999975557 ) ) ;
#731 = STYLED_ITEM ( 'NONE', ( #939 ), #29 ) ;
#732 = EDGE_CURVE ( 'NONE', #2233, #2673, #1534, .T. ) ;
#733 = VERTEX_POINT ( 'NONE', #2415 ) ;
#734 = CARTESIAN_POINT ( 'NONE',  ( 90.00000000000000000, -3.499999999999947597, -72.29999999999969873 ) ) ;
#735 = DIRECTION ( 'NONE',  ( -1.000000000000000000, -0.000000000000000000, -0.000000000000000000 ) ) ;
#736 = VERTEX_POINT ( 'NONE', #243 ) ;
#737 = FACE_OUTER_BOUND ( 'NONE', #656, .T. ) ;
#738 = EDGE_CURVE ( 'NONE', #195, #277, #652, .T. ) ;
#739 = CARTESIAN_POINT ( 'NONE',  ( -90.00000000000000000, 0.000000000000000000, 74.00000000000001421 ) ) ;
#740 = FILL_AREA_STYLE ('',( #964 ) ) ;
#741 = DIRECTION ( 'NONE',  ( 0.000000000000000000, -0.000000000000000000, -1.000000000000000000 ) ) ;
#742 = ORIENTED_EDGE ( 'NONE', *, *, #421, .F. ) ;
#743 = VECTOR ( 'NONE', #1240, 1000.000000000000000 ) ;
#744 = ORIENTED_EDGE ( 'NONE', *, *, #2321, .F. ) ;
#745 = DIRECTION ( 'NONE',  ( -1.000000000000000000, -0.000000000000000000, -0.000000000000000000 ) ) ;
#746 = ADVANCED_FACE ( 'NONE', ( #1729 ), #10, .T. ) ;
#747 =( NAMED_UNIT ( * ) PLANE_ANGLE_UNIT ( ) SI_UNIT ( $, .RADIAN. ) );
#748 = ORIENTED_EDGE ( 'NONE', *, *, #298, .F. ) ;
#749 = SURFACE_STYLE_FILL_AREA ( #2294 ) ;
#750 = SURFACE_SIDE_STYLE ('',( #2737 ) ) ;
#751 = AXIS2_PLACEMENT_3D ( 'NONE', #2344, #1539, #2419 ) ;
#752 = LINE ( 'NONE', #739, #310 ) ;
#753 = SHAPE_DEFINITION_REPRESENTATION ( #1565, #1723 ) ;
#754 = COLOUR_RGB ( '',0.8980392156862745390, 0.9176470588235293713, 0.9294117647058823817 ) ;
#755 = VECTOR ( 'NONE', #1896, 1000.000000000000000 ) ;
#756 = FILL_AREA_STYLE ('',( #1679 ) ) ;
#757 = AXIS2_PLACEMENT_3D ( 'NONE', #2090, #120, #1876 ) ;
#758 = VECTOR ( 'NONE', #152, 1000.000000000000000 ) ;
#759 = CARTESIAN_POINT ( 'NONE',  ( -90.00000000000000000, -14.00000000000004086, -73.99999999999972999 ) ) ;
#760 = DIRECTION ( 'NONE',  ( 0.000000000000000000, -1.000000000000000000, 0.000000000000000000 ) ) ;
#761 = LINE ( 'NONE', #1630, #1758 ) ;
#762 = ORIENTED_EDGE ( 'NONE', *, *, #1369, .T. ) ;
#763 = FILL_AREA_STYLE_COLOUR ( '', #2576 ) ;
#764 = AXIS2_PLACEMENT_3D ( 'NONE', #252, #458, #1327 ) ;
#765 = SURFACE_STYLE_FILL_AREA ( #1196 ) ;
#766 =( NAMED_UNIT ( * ) SI_UNIT ( $, .STERADIAN. ) SOLID_ANGLE_UNIT ( ) );
#767 = EDGE_LOOP ( 'NONE', ( #1921, #1485, #2790, #987 ) ) ;
#768 = SURFACE_STYLE_USAGE ( .BOTH. , #781 ) ;
#769 = VECTOR ( 'NONE', #1076, 1000.000000000000000 ) ;
#770 = UNCERTAINTY_MEASURE_WITH_UNIT (LENGTH_MEASURE( 1.000000000000000082E-05 ), #2211, 'distance_accuracy_value', 'NONE');
#771 =( NAMED_UNIT ( * ) PLANE_ANGLE_UNIT ( ) SI_UNIT ( $, .RADIAN. ) );
#772 = FILL_AREA_STYLE ('',( #109 ) ) ;
#773 = FACE_OUTER_BOUND ( 'NONE', #430, .T. ) ;
#774 = ORIENTED_EDGE ( 'NONE', *, *, #2321, .T. ) ;
#775 = ADVANCED_FACE ( 'NONE', ( #1273 ), #1563, .T. ) ;
#776 = FILL_AREA_STYLE ('',( #2111 ) ) ;
#777 = VERTEX_POINT ( 'NONE', #1551 ) ;
#778 = SURFACE_SIDE_STYLE ('',( #2732 ) ) ;
#779 = CARTESIAN_POINT ( 'NONE',  ( -90.00000000000000000, -3.499999999999947597, -72.29999999999969873 ) ) ;
#780 = ORIENTED_EDGE ( 'NONE', *, *, #1538, .T. ) ;
#781 = SURFACE_SIDE_STYLE ('',( #337 ) ) ;
#782 = SURFACE_STYLE_FILL_AREA ( #563 ) ;
#783 =( LENGTH_UNIT ( ) NAMED_UNIT ( * ) SI_UNIT ( .MILLI., .METRE. ) );
#784 =( NAMED_UNIT ( * ) PLANE_ANGLE_UNIT ( ) SI_UNIT ( $, .RADIAN. ) );
#785 = ADVANCED_FACE ( 'NONE', ( #697 ), #2444, .T. ) ;
#786 =( NAMED_UNIT ( * ) SI_UNIT ( $, .STERADIAN. ) SOLID_ANGLE_UNIT ( ) );
#787 = CARTESIAN_POINT ( 'NONE',  ( 90.00000000000000000, -17.39758692823264496, 70.25176380902054518 ) ) ;
#788 = UNCERTAINTY_MEASURE_WITH_UNIT (LENGTH_MEASURE( 1.000000000000000082E-05 ), #2719, 'distance_accuracy_value', 'NONE');
#789 = EDGE_CURVE ( 'NONE', #62, #2082, #2430, .T. ) ;
#790 = CARTESIAN_POINT ( 'NONE',  ( 90.00000000000000000, 0.000000000000000000, 0.000000000000000000 ) ) ;
#791 = ORIENTED_EDGE ( 'NONE', *, *, #1983, .F. ) ;
#792 = AXIS2_PLACEMENT_3D ( 'NONE', #2651, #283, #2238 ) ;
#793 = SURFACE_STYLE_USAGE ( .BOTH. , #2074 ) ;
#794 = SURFACE_STYLE_USAGE ( .BOTH. , #2496 ) ;
#795 = ORIENTED_EDGE ( 'NONE', *, *, #2083, .F. ) ;
#796 =( LENGTH_UNIT ( ) NAMED_UNIT ( * ) SI_UNIT ( .MILLI., .METRE. ) );
#797 = LINE ( 'NONE', #2522, #560 ) ;
#798 = PLANE ( 'NONE',  #2165 ) ;
#799 = DIRECTION ( 'NONE',  ( -1.000000000000000000, -0.000000000000000000, -0.000000000000000000 ) ) ;
#800 = LINE ( 'NONE', #1217, #711 ) ;
#801 = LINE ( 'NONE', #1455, #1816 ) ;
#802 = DIRECTION ( 'NONE',  ( 0.000000000000000000, 0.000000000000000000, -1.000000000000000000 ) ) ;
#803 = COLOUR_RGB ( '',0.8980392156862745390, 0.9176470588235293713, 0.9294117647058823817 ) ;
#804 = COLOUR_RGB ( '',0.8980392156862745390, 0.9176470588235293713, 0.9294117647058823817 ) ;
#805 = ORIENTED_EDGE ( 'NONE', *, *, #1944, .F. ) ;
#806 = AXIS2_PLACEMENT_3D ( 'NONE', #492, #1818, #1775 ) ;
#807 = LINE ( 'NONE', #597, #1021 ) ;
#808 = FACE_OUTER_BOUND ( 'NONE', #659, .T. ) ;
#809 = VERTEX_POINT ( 'NONE', #1992 ) ;
#810 =( GEOMETRIC_REPRESENTATION_CONTEXT ( 3 ) GLOBAL_UNCERTAINTY_ASSIGNED_CONTEXT ( ( #2188 ) ) GLOBAL_UNIT_ASSIGNED_CONTEXT ( ( #1380, #727, #1958 ) ) REPRESENTATION_CONTEXT ( 'NONE', 'WORKASPACE' ) );
#811 = PRESENTATION_LAYER_ASSIGNMENT (  '', '', ( #1672 ) ) ;
#812 = DIRECTION ( 'NONE',  ( 0.000000000000000000, 0.000000000000000000, 1.000000000000000000 ) ) ;
#813 =( GEOMETRIC_REPRESENTATION_CONTEXT ( 3 ) GLOBAL_UNCERTAINTY_ASSIGNED_CONTEXT ( ( #895 ) ) GLOBAL_UNIT_ASSIGNED_CONTEXT ( ( #2749, #123, #148 ) ) REPRESENTATION_CONTEXT ( 'NONE', 'WORKASPACE' ) );
#814 = EDGE_CURVE ( 'NONE', #1298, #1059, #21, .T. ) ;
#815 = CARTESIAN_POINT ( 'NONE',  ( 90.00000000000000000, 0.000000000000000000, -69.99999999999972999 ) ) ;
#816 = CARTESIAN_POINT ( 'NONE',  ( 90.00000000000000000, -2.775557561562891351E-14, 71.80000000000002558 ) ) ;
#817 = CARTESIAN_POINT ( 'NONE',  ( 90.00000000000000000, 2.499999999999974243, 74.09999999999999432 ) ) ;
#818 = DIRECTION ( 'NONE',  ( -1.000000000000000000, -0.000000000000000000, -0.000000000000000000 ) ) ;
#819 = UNCERTAINTY_MEASURE_WITH_UNIT (LENGTH_MEASURE( 1.000000000000000082E-05 ), #1478, 'distance_accuracy_value', 'NONE');
#820 = DIRECTION ( 'NONE',  ( 0.000000000000000000, 0.000000000000000000, -1.000000000000000000 ) ) ;
#821 = ORIENTED_EDGE ( 'NONE', *, *, #2386, .T. ) ;
#822 = EDGE_CURVE ( 'NONE', #2741, #2692, #1770, .T. ) ;
#823 = PRESENTATION_STYLE_ASSIGNMENT (( #1926 ) ) ;
#824 = ORIENTED_EDGE ( 'NONE', *, *, #1051, .F. ) ;
#825 = CARTESIAN_POINT ( 'NONE',  ( 90.00000000000000000, 5.551115123125782702E-14, -75.99999999999972999 ) ) ;
#826 = STYLED_ITEM ( 'NONE', ( #973 ), #151 ) ;
#827 =( GEOMETRIC_REPRESENTATION_CONTEXT ( 3 ) GLOBAL_UNCERTAINTY_ASSIGNED_CONTEXT ( ( #1517 ) ) GLOBAL_UNIT_ASSIGNED_CONTEXT ( ( #327, #1018, #2261 ) ) REPRESENTATION_CONTEXT ( 'NONE', 'WORKASPACE' ) );
#828 = CARTESIAN_POINT ( 'NONE',  ( 90.00000000000000000, -2.775557561562891351E-14, -73.09999999999983800 ) ) ;
#829 = MECHANICAL_DESIGN_GEOMETRIC_PRESENTATION_REPRESENTATION (  '', ( #5 ), #1882 ) ;
#830 =( NAMED_UNIT ( * ) SI_UNIT ( $, .STERADIAN. ) SOLID_ANGLE_UNIT ( ) );
#831 = LINE ( 'NONE', #1300, #2179 ) ;
#832 = SURFACE_STYLE_USAGE ( .BOTH. , #2136 ) ;
#833 = DIRECTION ( 'NONE',  ( 0.000000000000000000, 0.000000000000000000, -1.000000000000000000 ) ) ;
#834 = ORIENTED_EDGE ( 'NONE', *, *, #70, .F. ) ;
#835 =( NAMED_UNIT ( * ) SI_UNIT ( $, .STERADIAN. ) SOLID_ANGLE_UNIT ( ) );
#836 = EDGE_LOOP ( 'NONE', ( #1432, #942, #2510, #596 ) ) ;
#837 = SURFACE_STYLE_FILL_AREA ( #130 ) ;
#838 = EDGE_CURVE ( 'NONE', #1367, #2346, #1247, .T. ) ;
#839 = DIRECTION ( 'NONE',  ( 0.000000000000000000, 1.000000000000000000, 0.000000000000000000 ) ) ;
#840 = VERTEX_POINT ( 'NONE', #2700 ) ;
#841 = LINE ( 'NONE', #1981, #2174 ) ;
#842 = DIRECTION ( 'NONE',  ( 0.000000000000000000, 0.000000000000000000, 1.000000000000000000 ) ) ;
#843 =( NAMED_UNIT ( * ) PLANE_ANGLE_UNIT ( ) SI_UNIT ( $, .RADIAN. ) );
#844 = UNCERTAINTY_MEASURE_WITH_UNIT (LENGTH_MEASURE( 1.000000000000000082E-05 ), #2298, 'distance_accuracy_value', 'NONE');
#845 = CARTESIAN_POINT ( 'NONE',  ( 90.00000000000000000, 0.000000000000000000, 74.59999999999999432 ) ) ;
#846 = ORIENTED_EDGE ( 'NONE', *, *, #2215, .F. ) ;
#847 = PRESENTATION_LAYER_ASSIGNMENT (  '', '', ( #1852 ) ) ;
#848 = AXIS2_PLACEMENT_3D ( 'NONE', #1960, #1750, #2618 ) ;
#849 = CARTESIAN_POINT ( 'NONE',  ( 90.00000000000000000, 0.000000000000000000, -71.79999999999975557 ) ) ;
#850 = ORIENTED_EDGE ( 'NONE', *, *, #2336, .T. ) ;
#851 = MECHANICAL_DESIGN_GEOMETRIC_PRESENTATION_REPRESENTATION (  '', ( #2808 ), #1807 ) ;
#852 = CYLINDRICAL_SURFACE ( 'NONE', #1869, 0.1999999999999918510 ) ;
#853 = DIRECTION ( 'NONE',  ( 0.000000000000000000, 0.000000000000000000, -1.000000000000000000 ) ) ;
#854 = SURFACE_STYLE_USAGE ( .BOTH. , #2204 ) ;
#855 = ORIENTED_EDGE ( 'NONE', *, *, #85, .T. ) ;
#856 = ADVANCED_FACE ( 'NONE', ( #1200 ), #2761, .F. ) ;
#857 = DIRECTION ( 'NONE',  ( -1.000000000000000000, -0.000000000000000000, -0.000000000000000000 ) ) ;
#858 = FILL_AREA_STYLE ('',( #2388 ) ) ;
#859 = MECHANICAL_DESIGN_GEOMETRIC_PRESENTATION_REPRESENTATION (  '', ( #2366 ), #224 ) ;
#860 = PRESENTATION_LAYER_ASSIGNMENT (  '', '', ( #1040 ) ) ;
#861 = SURFACE_SIDE_STYLE ('',( #2813 ) ) ;
#862 = ORIENTED_EDGE ( 'NONE', *, *, #918, .T. ) ;
#863 = EDGE_CURVE ( 'NONE', #1029, #1851, #2720, .T. ) ;
#864 = ORIENTED_EDGE ( 'NONE', *, *, #139, .T. ) ;
#865 = CARTESIAN_POINT ( 'NONE',  ( 90.00000000000000000, -12.50000000000003908, 71.80000000000002558 ) ) ;
#866 =( NAMED_UNIT ( * ) PLANE_ANGLE_UNIT ( ) SI_UNIT ( $, .RADIAN. ) );
#867 =( GEOMETRIC_REPRESENTATION_CONTEXT ( 3 ) GLOBAL_UNCERTAINTY_ASSIGNED_CONTEXT ( ( #621 ) ) GLOBAL_UNIT_ASSIGNED_CONTEXT ( ( #1505, #866, #2397 ) ) REPRESENTATION_CONTEXT ( 'NONE', 'WORKASPACE' ) );
#868 = UNCERTAINTY_MEASURE_WITH_UNIT (LENGTH_MEASURE( 1.000000000000000082E-05 ), #110, 'distance_accuracy_value', 'NONE');
#869 =( LENGTH_UNIT ( ) NAMED_UNIT ( * ) SI_UNIT ( .MILLI., .METRE. ) );
#870 = ORIENTED_EDGE ( 'NONE', *, *, #1241, .F. ) ;
#871 = ORIENTED_EDGE ( 'NONE', *, *, #2168, .T. ) ;
#872 = CARTESIAN_POINT ( 'NONE',  ( 90.00000000000000000, 1.999999999999974021, 73.70000000000004547 ) ) ;
#873 = CARTESIAN_POINT ( 'NONE',  ( 90.00000000000000000, 0.000000000000000000, 73.20000000000004547 ) ) ;
#874 = DIRECTION ( 'NONE',  ( 1.000000000000000000, 0.000000000000000000, -0.000000000000000000 ) ) ;
#875 = COLOUR_RGB ( '',0.8980392156862745390, 0.9176470588235293713, 0.9294117647058823817 ) ;
#876 = CARTESIAN_POINT ( 'NONE',  ( 90.00000000000000000, 0.000000000000000000, 76.00000000000001421 ) ) ;
#877 = CARTESIAN_POINT ( 'NONE',  ( 90.00000000000000000, -14.00000000000004086, 0.000000000000000000 ) ) ;
#878 = EDGE_LOOP ( 'NONE', ( #981, #805, #2743, #2218 ) ) ;
#879 = COLOUR_RGB ( '',0.8980392156862745390, 0.9176470588235293713, 0.9294117647058823817 ) ;
#880 = EDGE_CURVE ( 'NONE', #1937, #2072, #2105, .T. ) ;
#881 = ORIENTED_EDGE ( 'NONE', *, *, #2106, .T. ) ;
#882 = STYLED_ITEM ( 'NONE', ( #1214 ), #2448 ) ;
#883 =( GEOMETRIC_REPRESENTATION_CONTEXT ( 3 ) GLOBAL_UNCERTAINTY_ASSIGNED_CONTEXT ( ( #2529 ) ) GLOBAL_UNIT_ASSIGNED_CONTEXT ( ( #2622, #617, #2387 ) ) REPRESENTATION_CONTEXT ( 'NONE', 'WORKASPACE' ) );
#884 = PRESENTATION_STYLE_ASSIGNMENT (( #16 ) ) ;
#885 = VECTOR ( 'NONE', #1741, 1000.000000000000000 ) ;
#886 = CARTESIAN_POINT ( 'NONE',  ( -90.00000000000000000, -16.00000000000004263, 74.00000000000001421 ) ) ;
#887 = ORIENTED_EDGE ( 'NONE', *, *, #2695, .F. ) ;
#888 = VECTOR ( 'NONE', #1897, 1000.000000000000000 ) ;
#889 = EDGE_CURVE ( 'NONE', #423, #1325, #95, .T. ) ;
#890 = CARTESIAN_POINT ( 'NONE',  ( 90.00000000000000000, 0.000000000000000000, 0.000000000000000000 ) ) ;
#891 = FILL_AREA_STYLE_COLOUR ( '', #2460 ) ;
#892 = DIRECTION ( 'NONE',  ( 0.000000000000000000, -1.000000000000000000, 0.000000000000000000 ) ) ;
#893 = COLOUR_RGB ( '',0.8980392156862745390, 0.9176470588235293713, 0.9294117647058823817 ) ;
#894 = CIRCLE ( 'NONE', #1922, 0.1999999999999363398 ) ;
#895 = UNCERTAINTY_MEASURE_WITH_UNIT (LENGTH_MEASURE( 1.000000000000000082E-05 ), #2749, 'distance_accuracy_value', 'NONE');
#896 = CARTESIAN_POINT ( 'NONE',  ( -90.00000000000000000, 1.999999999999974021, 74.59999999999999432 ) ) ;
#897 = COLOUR_RGB ( '',0.8980392156862745390, 0.9176470588235293713, 0.9294117647058823817 ) ;
#898 = DIRECTION ( 'NONE',  ( -0.000000000000000000, 0.000000000000000000, 1.000000000000000000 ) ) ;
#899 =( GEOMETRIC_REPRESENTATION_CONTEXT ( 3 ) GLOBAL_UNCERTAINTY_ASSIGNED_CONTEXT ( ( #2608 ) ) GLOBAL_UNIT_ASSIGNED_CONTEXT ( ( #2581, #1254, #2553 ) ) REPRESENTATION_CONTEXT ( 'NONE', 'WORKASPACE' ) );
#900 = ORIENTED_EDGE ( 'NONE', *, *, #2018, .F. ) ;
#901 = VECTOR ( 'NONE', #1524, 1000.000000000000114 ) ;
#902 = EDGE_LOOP ( 'NONE', ( #1928, #791, #117, #2467 ) ) ;
#903 = DIRECTION ( 'NONE',  ( -1.000000000000000000, -0.000000000000000000, -0.000000000000000000 ) ) ;
#904 = ADVANCED_FACE ( 'NONE', ( #328 ), #798, .T. ) ;
#905 = FILL_AREA_STYLE_COLOUR ( '', #93 ) ;
#906 = ORIENTED_EDGE ( 'NONE', *, *, #1487, .T. ) ;
#907 = EDGE_CURVE ( 'NONE', #969, #2351, #288, .T. ) ;
#908 = LINE ( 'NONE', #477, #209 ) ;
#909 =( GEOMETRIC_REPRESENTATION_CONTEXT ( 3 ) GLOBAL_UNCERTAINTY_ASSIGNED_CONTEXT ( ( #2557 ) ) GLOBAL_UNIT_ASSIGNED_CONTEXT ( ( #952, #1864, #578 ) ) REPRESENTATION_CONTEXT ( 'NONE', 'WORKASPACE' ) );
#910 = SURFACE_STYLE_FILL_AREA ( #272 ) ;
#911 =( LENGTH_UNIT ( ) NAMED_UNIT ( * ) SI_UNIT ( .MILLI., .METRE. ) );
#912 = AXIS2_PLACEMENT_3D ( 'NONE', #1148, #1780, #2019 ) ;
#913 = ORIENTED_EDGE ( 'NONE', *, *, #1461, .F. ) ;
#914 = ORIENTED_EDGE ( 'NONE', *, *, #1283, .T. ) ;
#915 = FILL_AREA_STYLE ('',( #2073 ) ) ;
#916 = FILL_AREA_STYLE ('',( #2663 ) ) ;
#917 = SURFACE_STYLE_FILL_AREA ( #2648 ) ;
#918 = EDGE_CURVE ( 'NONE', #482, #1175, #229, .T. ) ;
#919 = ORIENTED_EDGE ( 'NONE', *, *, #175, .T. ) ;
#920 = DIRECTION ( 'NONE',  ( 1.000000000000000000, -0.000000000000000000, 0.000000000000000000 ) ) ;
#921 = PRESENTATION_STYLE_ASSIGNMENT (( #233 ) ) ;
#922 = FILL_AREA_STYLE_COLOUR ( '', #1486 ) ;
#923 = ORIENTED_EDGE ( 'NONE', *, *, #1241, .T. ) ;
#924 = PLANE ( 'NONE',  #1168 ) ;
#925 = EDGE_LOOP ( 'NONE', ( #274, #2413, #287, #1766 ) ) ;
#926 = DIRECTION ( 'NONE',  ( 1.000000000000000000, -0.000000000000000000, 0.000000000000000000 ) ) ;
#927 = VECTOR ( 'NONE', #2212, 1000.000000000000000 ) ;
#928 = FACE_OUTER_BOUND ( 'NONE', #2477, .T. ) ;
#929 =( NAMED_UNIT ( * ) PLANE_ANGLE_UNIT ( ) SI_UNIT ( $, .RADIAN. ) );
#930 = ORIENTED_EDGE ( 'NONE', *, *, #1553, .T. ) ;
#931 = DIRECTION ( 'NONE',  ( 0.000000000000000000, 0.000000000000000000, -1.000000000000000000 ) ) ;
#932 = VECTOR ( 'NONE', #2081, 1000.000000000000000 ) ;
#933 =( GEOMETRIC_REPRESENTATION_CONTEXT ( 3 ) GLOBAL_UNCERTAINTY_ASSIGNED_CONTEXT ( ( #1303 ) ) GLOBAL_UNIT_ASSIGNED_CONTEXT ( ( #1291, #2145, #835 ) ) REPRESENTATION_CONTEXT ( 'NONE', 'WORKASPACE' ) );
#934 = COLOUR_RGB ( '',0.8980392156862745390, 0.9176470588235293713, 0.9294117647058823817 ) ;
#935 =( LENGTH_UNIT ( ) NAMED_UNIT ( * ) SI_UNIT ( .MILLI., .METRE. ) );
#936 = VECTOR ( 'NONE', #2705, 1000.000000000000000 ) ;
#937 = EDGE_CURVE ( 'NONE', #277, #1210, #2182, .T. ) ;
#938 = CARTESIAN_POINT ( 'NONE',  ( 90.00000000000000000, -3.499999999999947597, 72.30000000000002558 ) ) ;
#939 = PRESENTATION_STYLE_ASSIGNMENT (( #1651 ) ) ;
#940 = CIRCLE ( 'NONE', #2011, 1.249999999999904077 ) ;
#941 = VECTOR ( 'NONE', #284, 1000.000000000000000 ) ;
#942 = ORIENTED_EDGE ( 'NONE', *, *, #1553, .F. ) ;
#943 = STYLED_ITEM ( 'NONE', ( #380 ), #2414 ) ;
#944 = FACE_OUTER_BOUND ( 'NONE', #1234, .T. ) ;
#945 = CARTESIAN_POINT ( 'NONE',  ( 90.00000000000000000, 1.999999999999974021, 73.70000000000004547 ) ) ;
#946 = VERTEX_POINT ( 'NONE', #663 ) ;
#947 = DIRECTION ( 'NONE',  ( 0.000000000000000000, 0.000000000000000000, -1.000000000000000000 ) ) ;
#948 = FILL_AREA_STYLE_COLOUR ( '', #2033 ) ;
#949 = PRODUCT_CONTEXT ( 'NONE', #2654, 'mechanical' ) ;
#950 = FACE_OUTER_BOUND ( 'NONE', #501, .T. ) ;
#951 = EDGE_CURVE ( 'NONE', #1542, #1029, #2169, .T. ) ;
#952 =( LENGTH_UNIT ( ) NAMED_UNIT ( * ) SI_UNIT ( .MILLI., .METRE. ) );
#953 = FILL_AREA_STYLE ('',( #2286 ) ) ;
#954 = ORIENTED_EDGE ( 'NONE', *, *, #2155, .T. ) ;
#955 = EDGE_CURVE ( 'NONE', #1885, #2346, #1078, .T. ) ;
#956 =( LENGTH_UNIT ( ) NAMED_UNIT ( * ) SI_UNIT ( .MILLI., .METRE. ) );
#957 = DIRECTION ( 'NONE',  ( 1.000000000000000000, -0.000000000000000000, 0.000000000000000000 ) ) ;
#958 = VERTEX_POINT ( 'NONE', #2563 ) ;
#959 =( NAMED_UNIT ( * ) PLANE_ANGLE_UNIT ( ) SI_UNIT ( $, .RADIAN. ) );
#960 = UNCERTAINTY_MEASURE_WITH_UNIT (LENGTH_MEASURE( 1.000000000000000082E-05 ), #935, 'distance_accuracy_value', 'NONE');
#961 =( LENGTH_UNIT ( ) NAMED_UNIT ( * ) SI_UNIT ( .MILLI., .METRE. ) );
#962 = CARTESIAN_POINT ( 'NONE',  ( 90.00000000000000000, -3.499999999999947597, 0.000000000000000000 ) ) ;
#963 = PRESENTATION_STYLE_ASSIGNMENT (( #2265 ) ) ;
#964 = FILL_AREA_STYLE_COLOUR ( '', #2807 ) ;
#965 = CARTESIAN_POINT ( 'NONE',  ( -90.00000000000000000, -12.50000000000003908, 0.000000000000000000 ) ) ;
#966 = VERTEX_POINT ( 'NONE', #1270 ) ;
#967 =( GEOMETRIC_REPRESENTATION_CONTEXT ( 3 ) GLOBAL_UNCERTAINTY_ASSIGNED_CONTEXT ( ( #420 ) ) GLOBAL_UNIT_ASSIGNED_CONTEXT ( ( #1354, #1606, #1370 ) ) REPRESENTATION_CONTEXT ( 'NONE', 'WORKASPACE' ) );
#968 = FACE_OUTER_BOUND ( 'NONE', #676, .T. ) ;
#969 = VERTEX_POINT ( 'NONE', #1252 ) ;
#970 = CARTESIAN_POINT ( 'NONE',  ( -90.00000000000000000, -22.00000000000003197, -73.99999999999972999 ) ) ;
#971 = CARTESIAN_POINT ( 'NONE',  ( -90.00000000000000000, -17.99999999999996092, 72.50000000000001421 ) ) ;
#972 = FILL_AREA_STYLE ('',( #725 ) ) ;
#973 = PRESENTATION_STYLE_ASSIGNMENT (( #525 ) ) ;
#974 = DIRECTION ( 'NONE',  ( 0.000000000000000000, -1.000000000000000000, 0.000000000000000000 ) ) ;
#975 =( LENGTH_UNIT ( ) NAMED_UNIT ( * ) SI_UNIT ( .MILLI., .METRE. ) );
#976 =( GEOMETRIC_REPRESENTATION_CONTEXT ( 3 ) GLOBAL_UNCERTAINTY_ASSIGNED_CONTEXT ( ( #368 ) ) GLOBAL_UNIT_ASSIGNED_CONTEXT ( ( #1159, #171, #2781 ) ) REPRESENTATION_CONTEXT ( 'NONE', 'WORKASPACE' ) );
#977 = STYLED_ITEM ( 'NONE', ( #434 ), #1498 ) ;
#978 = FILL_AREA_STYLE ('',( #2299 ) ) ;
#979 = ORIENTED_EDGE ( 'NONE', *, *, #615, .T. ) ;
#980 = UNCERTAINTY_MEASURE_WITH_UNIT (LENGTH_MEASURE( 1.000000000000000082E-05 ), #2013, 'distance_accuracy_value', 'NONE');
#981 = ORIENTED_EDGE ( 'NONE', *, *, #1167, .T. ) ;
#982 = COLOUR_RGB ( '',0.8980392156862745390, 0.9176470588235293713, 0.9294117647058823817 ) ;
#983 =( GEOMETRIC_REPRESENTATION_CONTEXT ( 3 ) GLOBAL_UNCERTAINTY_ASSIGNED_CONTEXT ( ( #1554 ) ) GLOBAL_UNIT_ASSIGNED_CONTEXT ( ( #2131, #1476, #830 ) ) REPRESENTATION_CONTEXT ( 'NONE', 'WORKASPACE' ) );
#984 = LINE ( 'NONE', #292, #541 ) ;
#985 = DIRECTION ( 'NONE',  ( 0.000000000000000000, -1.000000000000000000, 0.000000000000000000 ) ) ;
#986 = VECTOR ( 'NONE', #1406, 1000.000000000000000 ) ;
#987 = ORIENTED_EDGE ( 'NONE', *, *, #2499, .T. ) ;
#988 = EDGE_CURVE ( 'NONE', #958, #2787, #627, .T. ) ;
#989 = MECHANICAL_DESIGN_GEOMETRIC_PRESENTATION_REPRESENTATION (  '', ( #1040 ), #499 ) ;
#990 = PRODUCT_DEFINITION_CONTEXT ( 'detailed design', #268, 'design' ) ;
#991 = APPLICATION_CONTEXT ( 'automotive_design' ) ;
#992 = SURFACE_STYLE_USAGE ( .BOTH. , #339 ) ;
#993 = PRESENTATION_STYLE_ASSIGNMENT (( #551 ) ) ;
#994 = DIRECTION ( 'NONE',  ( 1.000000000000000000, -1.075528555105620399E-16, -3.469446951953606485E-18 ) ) ;
#995 = EDGE_CURVE ( 'NONE', #1238, #2334, #2613, .T. ) ;
#996 =( NAMED_UNIT ( * ) SI_UNIT ( $, .STERADIAN. ) SOLID_ANGLE_UNIT ( ) );
#997 = LINE ( 'NONE', #332, #1503 ) ;
#998 = CARTESIAN_POINT ( 'NONE',  ( 90.00000000000000000, 1.330771365935980111, -0.3565791128129265353 ) ) ;
#999 = ORIENTED_EDGE ( 'NONE', *, *, #907, .T. ) ;
#1000 =( GEOMETRIC_REPRESENTATION_CONTEXT ( 3 ) GLOBAL_UNCERTAINTY_ASSIGNED_CONTEXT ( ( #1442 ) ) GLOBAL_UNIT_ASSIGNED_CONTEXT ( ( #2569, #2782, #188 ) ) REPRESENTATION_CONTEXT ( 'NONE', 'WORKASPACE' ) );
#1001 = CARTESIAN_POINT ( 'NONE',  ( -90.00000000000000000, 0.000000000000000000, 0.000000000000000000 ) ) ;
#1002 = FACE_OUTER_BOUND ( 'NONE', #2599, .T. ) ;
#1003 = VERTEX_POINT ( 'NONE', #428 ) ;
#1004 = CARTESIAN_POINT ( 'NONE',  ( 90.00000000000000000, -16.25176380902053097, 72.03156152444819327 ) ) ;
#1005 = VECTOR ( 'NONE', #196, 1000.000000000000000 ) ;
#1006 = CARTESIAN_POINT ( 'NONE',  ( 90.00000000000000000, -20.00000000000003197, 0.000000000000000000 ) ) ;
#1007 = EDGE_CURVE ( 'NONE', #1298, #253, #1706, .T. ) ;
#1008 = DIRECTION ( 'NONE',  ( -1.000000000000000000, 0.000000000000000000, -0.000000000000000000 ) ) ;
#1009 =( NAMED_UNIT ( * ) PLANE_ANGLE_UNIT ( ) SI_UNIT ( $, .RADIAN. ) );
#1010 = FILL_AREA_STYLE_COLOUR ( '', #164 ) ;
#1011 = ORIENTED_EDGE ( 'NONE', *, *, #331, .T. ) ;
#1012 = PRESENTATION_LAYER_ASSIGNMENT (  '', '', ( #1294 ) ) ;
#1013 = DIRECTION ( 'NONE',  ( 0.000000000000000000, 0.000000000000000000, 1.000000000000000000 ) ) ;
#1014 = SURFACE_STYLE_USAGE ( .BOTH. , #143 ) ;
#1015 = ORIENTED_EDGE ( 'NONE', *, *, #1167, .F. ) ;
#1016 =( NAMED_UNIT ( * ) SI_UNIT ( $, .STERADIAN. ) SOLID_ANGLE_UNIT ( ) );
#1017 = UNCERTAINTY_MEASURE_WITH_UNIT (LENGTH_MEASURE( 1.000000000000000082E-05 ), #1745, 'distance_accuracy_value', 'NONE');
#1018 =( NAMED_UNIT ( * ) PLANE_ANGLE_UNIT ( ) SI_UNIT ( $, .RADIAN. ) );
#1019 = DIRECTION ( 'NONE',  ( -1.000000000000000000, -0.000000000000000000, -0.000000000000000000 ) ) ;
#1020 = DIRECTION ( 'NONE',  ( -1.000000000000000000, -0.000000000000000000, -0.000000000000000000 ) ) ;
#1021 = VECTOR ( 'NONE', #377, 1000.000000000000000 ) ;
#1022 = FACE_OUTER_BOUND ( 'NONE', #2399, .T. ) ;
#1023 = LINE ( 'NONE', #2340, #2086 ) ;
#1024 = DIRECTION ( 'NONE',  ( 0.000000000000000000, 0.000000000000000000, -1.000000000000000000 ) ) ;
#1025 = PRESENTATION_LAYER_ASSIGNMENT (  '', '', ( #1349 ) ) ;
#1026 = EDGE_CURVE ( 'NONE', #599, #1325, #2350, .T. ) ;
#1027 = VECTOR ( 'NONE', #2609, 1000.000000000000114 ) ;
#1028 = DIRECTION ( 'NONE',  ( 1.000000000000000000, -0.000000000000000000, 0.000000000000000000 ) ) ;
#1029 = VERTEX_POINT ( 'NONE', #1930 ) ;
#1030 = AXIS2_PLACEMENT_3D ( 'NONE', #1611, #99, #741 ) ;
#1031 = CARTESIAN_POINT ( 'NONE',  ( -90.00000000000000000, 1.330771365935980111, -0.3565791128129265353 ) ) ;
#1032 = SURFACE_SIDE_STYLE ('',( #1048 ) ) ;
#1033 = ORIENTED_EDGE ( 'NONE', *, *, #1525, .T. ) ;
#1034 = VECTOR ( 'NONE', #584, 1000.000000000000000 ) ;
#1035 = SURFACE_STYLE_USAGE ( .BOTH. , #1050 ) ;
#1036 = EDGE_CURVE ( 'NONE', #1900, #43, #1785, .T. ) ;
#1037 = STYLED_ITEM ( 'NONE', ( #1603 ), #1191 ) ;
#1038 = PRESENTATION_LAYER_ASSIGNMENT (  '', '', ( #2816 ) ) ;
#1039 = FILL_AREA_STYLE_COLOUR ( '', #2317 ) ;
#1040 = STYLED_ITEM ( 'NONE', ( #626 ), #2465 ) ;
#1041 = FILL_AREA_STYLE ('',( #169 ) ) ;
#1042 = CARTESIAN_POINT ( 'NONE',  ( 90.00000000000000000, -3.499999999999947597, -73.99999999999972999 ) ) ;
#1043 = DIRECTION ( 'NONE',  ( 0.000000000000000000, 0.000000000000000000, -1.000000000000000000 ) ) ;
#1044 = EDGE_CURVE ( 'NONE', #129, #391, #2577, .T. ) ;
#1045 = FILL_AREA_STYLE_COLOUR ( '', #2712 ) ;
#1046 = ORIENTED_EDGE ( 'NONE', *, *, #732, .T. ) ;
#1047 = LINE ( 'NONE', #26, #1658 ) ;
#1048 = SURFACE_STYLE_FILL_AREA ( #610 ) ;
#1049 = ORIENTED_EDGE ( 'NONE', *, *, #2771, .F. ) ;
#1050 = SURFACE_SIDE_STYLE ('',( #1688 ) ) ;
#1051 = EDGE_CURVE ( 'NONE', #303, #724, #210, .T. ) ;
#1052 = COLOUR_RGB ( '',0.8980392156862745390, 0.9176470588235293713, 0.9294117647058823817 ) ;
#1053 = DIRECTION ( 'NONE',  ( -0.000000000000000000, 0.000000000000000000, 1.000000000000000000 ) ) ;
#1054 = AXIS2_PLACEMENT_3D ( 'NONE', #945, #48, #2441 ) ;
#1055 = SURFACE_STYLE_USAGE ( .BOTH. , #2552 ) ;
#1056 = CARTESIAN_POINT ( 'NONE',  ( -90.00000000000000000, -16.20000000000003482, -72.02474668970586436 ) ) ;
#1057 = CARTESIAN_POINT ( 'NONE',  ( -90.00000000000000000, -1.999999999999946265, -73.09999999999983800 ) ) ;
#1058 = CARTESIAN_POINT ( 'NONE',  ( 90.00000000000000000, -16.00000000000004263, -73.99999999999972999 ) ) ;
#1059 = VERTEX_POINT ( 'NONE', #2789 ) ;
#1060 = ORIENTED_EDGE ( 'NONE', *, *, #35, .F. ) ;
#1061 = EDGE_CURVE ( 'NONE', #307, #321, #8, .T. ) ;
#1062 =( LENGTH_UNIT ( ) NAMED_UNIT ( * ) SI_UNIT ( .MILLI., .METRE. ) );
#1063 = DIRECTION ( 'NONE',  ( -0.000000000000000000, 0.000000000000000000, 1.000000000000000000 ) ) ;
#1064 = ORIENTED_EDGE ( 'NONE', *, *, #385, .T. ) ;
#1065 = FILL_AREA_STYLE ('',( #1693 ) ) ;
#1066 = CARTESIAN_POINT ( 'NONE',  ( 90.00000000000000000, -17.67647619362190881, 71.29259271713863200 ) ) ;
#1067 = SURFACE_STYLE_FILL_AREA ( #858 ) ;
#1068 = CARTESIAN_POINT ( 'NONE',  ( -90.00000000000000000, -16.20000000000003482, -72.22474668970579614 ) ) ;
#1069 = UNCERTAINTY_MEASURE_WITH_UNIT (LENGTH_MEASURE( 1.000000000000000082E-05 ), #98, 'distance_accuracy_value', 'NONE');
#1070 = ORIENTED_EDGE ( 'NONE', *, *, #1061, .F. ) ;
#1071 = AXIS2_PLACEMENT_3D ( 'NONE', #877, #892, #2621 ) ;
#1072 = AXIS2_PLACEMENT_3D ( 'NONE', #2313, #1454, #359 ) ;
#1073 = CYLINDRICAL_SURFACE ( 'NONE', #444, 1.249999999999904077 ) ;
#1074 = VERTEX_POINT ( 'NONE', #2130 ) ;
#1075 = CIRCLE ( 'NONE', #2217, 0.5000000000000004441 ) ;
#1076 = DIRECTION ( 'NONE',  ( -1.000000000000000000, -0.000000000000000000, -0.000000000000000000 ) ) ;
#1077 =( NAMED_UNIT ( * ) PLANE_ANGLE_UNIT ( ) SI_UNIT ( $, .RADIAN. ) );
#1078 = LINE ( 'NONE', #1691, #2738 ) ;
#1079 = ADVANCED_FACE ( 'NONE', ( #1969 ), #1528, .T. ) ;
#1080 = VERTEX_POINT ( 'NONE', #1576 ) ;
#1081 = DIRECTION ( 'NONE',  ( 0.000000000000000000, 0.000000000000000000, -1.000000000000000000 ) ) ;
#1082 = AXIS2_PLACEMENT_3D ( 'NONE', #447, #920, #1321 ) ;
#1083 = VECTOR ( 'NONE', #1972, 1000.000000000000000 ) ;
#1084 = DIRECTION ( 'NONE',  ( -1.000000000000000000, -0.000000000000000000, -0.000000000000000000 ) ) ;
#1085 = FILL_AREA_STYLE_COLOUR ( '', #2213 ) ;
#1086 = COLOUR_RGB ( '',0.8980392156862745390, 0.9176470588235293713, 0.9294117647058823817 ) ;
#1087 = DIRECTION ( 'NONE',  ( 1.000000000000000000, -0.000000000000000000, 0.000000000000000000 ) ) ;
#1088 = ORIENTED_EDGE ( 'NONE', *, *, #371, .F. ) ;
#1089 = FACE_OUTER_BOUND ( 'NONE', #507, .T. ) ;
#1090 = VERTEX_POINT ( 'NONE', #79 ) ;
#1091 = CARTESIAN_POINT ( 'NONE',  ( 90.00000000000000000, -16.00000000000004263, 0.000000000000000000 ) ) ;
#1092 =( NAMED_UNIT ( * ) PLANE_ANGLE_UNIT ( ) SI_UNIT ( $, .RADIAN. ) );
#1093 = DIRECTION ( 'NONE',  ( -1.000000000000000000, -0.000000000000000000, -0.000000000000000000 ) ) ;
#1094 = MECHANICAL_DESIGN_GEOMETRIC_PRESENTATION_REPRESENTATION (  '', ( #2154 ), #234 ) ;
#1095 = VERTEX_POINT ( 'NONE', #1764 ) ;
#1096 = SURFACE_SIDE_STYLE ('',( #2614 ) ) ;
#1097 = DIRECTION ( 'NONE',  ( 0.000000000000000000, -1.000000000000000000, -2.304105438977787882E-14 ) ) ;
#1098 = EDGE_CURVE ( 'NONE', #43, #840, #473, .T. ) ;
#1099 = CARTESIAN_POINT ( 'NONE',  ( 90.00000000000000000, -2.775557561562891351E-14, 71.80000000000002558 ) ) ;
#1100 = ORIENTED_EDGE ( 'NONE', *, *, #1619, .F. ) ;
#1101 = VERTEX_POINT ( 'NONE', #2470 ) ;
#1102 = FILL_AREA_STYLE_COLOUR ( '', #1132 ) ;
#1103 = ADVANCED_FACE ( 'NONE', ( #1352 ), #1162, .T. ) ;
#1104 = PRESENTATION_STYLE_ASSIGNMENT (( #500 ) ) ;
#1105 = ORIENTED_EDGE ( 'NONE', *, *, #509, .T. ) ;
#1106 = CARTESIAN_POINT ( 'NONE',  ( -90.00000000000000000, 0.000000000000000000, -71.79999999999975557 ) ) ;
#1107 = DIRECTION ( 'NONE',  ( 0.000000000000000000, 0.000000000000000000, -1.000000000000000000 ) ) ;
#1108 = LINE ( 'NONE', #2607, #590 ) ;
#1109 =( NAMED_UNIT ( * ) SI_UNIT ( $, .STERADIAN. ) SOLID_ANGLE_UNIT ( ) );
#1110 = EDGE_CURVE ( 'NONE', #321, #1937, #1282, .T. ) ;
#1111 = VERTEX_POINT ( 'NONE', #1822 ) ;
#1112 =( GEOMETRIC_REPRESENTATION_CONTEXT ( 3 ) GLOBAL_UNCERTAINTY_ASSIGNED_CONTEXT ( ( #1069 ) ) GLOBAL_UNIT_ASSIGNED_CONTEXT ( ( #98, #67, #2704 ) ) REPRESENTATION_CONTEXT ( 'NONE', 'WORKASPACE' ) );
#1113 = CARTESIAN_POINT ( 'NONE',  ( 90.00000000000000000, -2.999999999999947153, -71.79999999999975557 ) ) ;
#1114 = ORIENTED_EDGE ( 'NONE', *, *, #1707, .T. ) ;
#1115 = VECTOR ( 'NONE', #745, 1000.000000000000000 ) ;
#1116 = PRODUCT_RELATED_PRODUCT_CATEGORY ( 'part', '', ( #2440 ) ) ;
#1117 =( GEOMETRIC_REPRESENTATION_CONTEXT ( 3 ) GLOBAL_UNCERTAINTY_ASSIGNED_CONTEXT ( ( #2584 ) ) GLOBAL_UNIT_ASSIGNED_CONTEXT ( ( #1558, #2042, #42 ) ) REPRESENTATION_CONTEXT ( 'NONE', 'WORKASPACE' ) );
#1118 = MECHANICAL_DESIGN_GEOMETRIC_PRESENTATION_REPRESENTATION (  '', ( #2578 ), #22 ) ;
#1119 = FILL_AREA_STYLE ('',( #2469 ) ) ;
#1120 = AXIS2_PLACEMENT_3D ( 'NONE', #1178, #1401, #2271 ) ;
#1121 = ORIENTED_EDGE ( 'NONE', *, *, #687, .T. ) ;
#1122 = DIRECTION ( 'NONE',  ( 0.000000000000000000, 1.000000000000000000, 0.000000000000000000 ) ) ;
#1123 = DIRECTION ( 'NONE',  ( -0.000000000000000000, 0.000000000000000000, 1.000000000000000000 ) ) ;
#1124 = SURFACE_STYLE_FILL_AREA ( #2637 ) ;
#1125 = COLOUR_RGB ( '',0.8980392156862745390, 0.9176470588235293713, 0.9294117647058823817 ) ;
#1126 = AXIS2_PLACEMENT_3D ( 'NONE', #2701, #96, #1423 ) ;
#1127 = MECHANICAL_DESIGN_GEOMETRIC_PRESENTATION_REPRESENTATION (  '', ( #1672 ), #262 ) ;
#1128 = CARTESIAN_POINT ( 'NONE',  ( -90.00000000000000000, 0.000000000000000000, 0.000000000000000000 ) ) ;
#1129 =( GEOMETRIC_REPRESENTATION_CONTEXT ( 3 ) GLOBAL_UNCERTAINTY_ASSIGNED_CONTEXT ( ( #2301 ) ) GLOBAL_UNIT_ASSIGNED_CONTEXT ( ( #2820, #2210, #651 ) ) REPRESENTATION_CONTEXT ( 'NONE', 'WORKASPACE' ) );
#1130 = SURFACE_STYLE_FILL_AREA ( #2656 ) ;
#1131 = ORIENTED_EDGE ( 'NONE', *, *, #1346, .T. ) ;
#1132 = COLOUR_RGB ( '',0.8980392156862745390, 0.9176470588235293713, 0.9294117647058823817 ) ;
#1133 = ADVANCED_FACE ( 'NONE', ( #2426 ), #2412, .F. ) ;
#1134 = FACE_OUTER_BOUND ( 'NONE', #2146, .T. ) ;
#1135 = ORIENTED_EDGE ( 'NONE', *, *, #2022, .T. ) ;
#1136 = LINE ( 'NONE', #2017, #2591 ) ;
#1137 = CARTESIAN_POINT ( 'NONE',  ( 90.00000000000000000, 0.000000000000000000, 0.000000000000000000 ) ) ;
#1138 = VERTEX_POINT ( 'NONE', #2195 ) ;
#1139 =( LENGTH_UNIT ( ) NAMED_UNIT ( * ) SI_UNIT ( .MILLI., .METRE. ) );
#1140 = DIRECTION ( 'NONE',  ( 0.000000000000000000, 0.000000000000000000, -1.000000000000000000 ) ) ;
#1141 = AXIS2_PLACEMENT_3D ( 'NONE', #1681, #620, #1256 ) ;
#1142 = DIRECTION ( 'NONE',  ( 0.000000000000000000, -0.000000000000000000, 1.000000000000000000 ) ) ;
#1143 = CARTESIAN_POINT ( 'NONE',  ( 90.00000000000000000, -18.00000000000004263, -72.49999999999967315 ) ) ;
#1144 = VERTEX_POINT ( 'NONE', #886 ) ;
#1145 = ORIENTED_EDGE ( 'NONE', *, *, #615, .F. ) ;
#1146 = CARTESIAN_POINT ( 'NONE',  ( 90.00000000000000000, -17.59077209349045745, 70.20000000000004547 ) ) ;
#1147 = PRESENTATION_STYLE_ASSIGNMENT (( #266 ) ) ;
#1148 = CARTESIAN_POINT ( 'NONE',  ( 90.00000000000000000, -16.20000000000003482, 72.22474668970602352 ) ) ;
#1149 = ORIENTED_EDGE ( 'NONE', *, *, #63, .F. ) ;
#1150 =( LENGTH_UNIT ( ) NAMED_UNIT ( * ) SI_UNIT ( .MILLI., .METRE. ) );
#1151 = CARTESIAN_POINT ( 'NONE',  ( 90.00000000000000000, -20.00000000000003197, -69.99999999999972999 ) ) ;
#1152 = CARTESIAN_POINT ( 'NONE',  ( 90.00000000000000000, -16.20000000000003482, -72.22474668970579614 ) ) ;
#1153 = VECTOR ( 'NONE', #1184, 1000.000000000000000 ) ;
#1154 = PLANE ( 'NONE',  #1212 ) ;
#1155 = CARTESIAN_POINT ( 'NONE',  ( 90.00000000000000000, 1.330771365935980111, -0.3565791128129265353 ) ) ;
#1156 = EDGE_CURVE ( 'NONE', #1984, #724, #894, .T. ) ;
#1157 = ORIENTED_EDGE ( 'NONE', *, *, #1253, .F. ) ;
#1158 = ORIENTED_EDGE ( 'NONE', *, *, #880, .F. ) ;
#1159 =( LENGTH_UNIT ( ) NAMED_UNIT ( * ) SI_UNIT ( .MILLI., .METRE. ) );
#1160 = STYLED_ITEM ( 'NONE', ( #194 ), #439 ) ;
#1161 = DIRECTION ( 'NONE',  ( -1.000000000000000000, -0.000000000000000000, -0.000000000000000000 ) ) ;
#1162 = CYLINDRICAL_SURFACE ( 'NONE', #912, 0.2000000000000057288 ) ;
#1163 = VERTEX_POINT ( 'NONE', #2714 ) ;
#1164 = PRESENTATION_LAYER_ASSIGNMENT (  '', '', ( #882 ) ) ;
#1165 = CARTESIAN_POINT ( 'NONE',  ( -90.00000000000000000, -18.00000000000004263, -73.74999999999957367 ) ) ;
#1166 = STYLED_ITEM ( 'NONE', ( #2490 ), #1375 ) ;
#1167 = EDGE_CURVE ( 'NONE', #2072, #510, #1209, .T. ) ;
#1168 = AXIS2_PLACEMENT_3D ( 'NONE', #2683, #1777, #1804 ) ;
#1169 = PRESENTATION_STYLE_ASSIGNMENT (( #1812 ) ) ;
#1170 = PLANE ( 'NONE',  #1126 ) ;
#1171 = SHAPE_REPRESENTATION_RELATIONSHIP ( 'NONE' , 'NONE' ,  #1723, #2448 ) ;
#1172 = CARTESIAN_POINT ( 'NONE',  ( 90.00000000000000000, 0.000000000000000000, 0.000000000000000000 ) ) ;
#1173 = VECTOR ( 'NONE', #735, 1000.000000000000000 ) ;
#1174 = PRESENTATION_STYLE_ASSIGNMENT (( #577 ) ) ;
#1175 = VERTEX_POINT ( 'NONE', #779 ) ;
#1176 = VECTOR ( 'NONE', #1404, 1000.000000000000000 ) ;
#1177 = STYLED_ITEM ( 'NONE', ( #2544 ), #1971 ) ;
#1178 = CARTESIAN_POINT ( 'NONE',  ( 90.00000000000000000, -20.00000000000003197, -73.99999999999972999 ) ) ;
#1179 = ORIENTED_EDGE ( 'NONE', *, *, #907, .F. ) ;
#1180 = SURFACE_STYLE_FILL_AREA ( #915 ) ;
#1181 = DIRECTION ( 'NONE',  ( -0.000000000000000000, 0.000000000000000000, 1.000000000000000000 ) ) ;
#1182 = EDGE_LOOP ( 'NONE', ( #1570, #435, #1377, #1373 ) ) ;
#1183 = CARTESIAN_POINT ( 'NONE',  ( 90.00000000000000000, 0.000000000000000000, 0.000000000000000000 ) ) ;
#1184 = DIRECTION ( 'NONE',  ( -1.000000000000000000, -0.000000000000000000, -0.000000000000000000 ) ) ;
#1185 = DIRECTION ( 'NONE',  ( 0.000000000000000000, 0.000000000000000000, -1.000000000000000000 ) ) ;
#1186 = CARTESIAN_POINT ( 'NONE',  ( 0.000000000000000000, 0.000000000000000000, 0.000000000000000000 ) ) ;
#1187 = FILL_AREA_STYLE_COLOUR ( '', #2798 ) ;
#1188 = DIRECTION ( 'NONE',  ( 0.000000000000000000, 0.000000000000000000, -1.000000000000000000 ) ) ;
#1189 = MECHANICAL_DESIGN_GEOMETRIC_PRESENTATION_REPRESENTATION (  '', ( #2020 ), #1000 ) ;
#1190 = ORIENTED_EDGE ( 'NONE', *, *, #2632, .T. ) ;
#1191 = ADVANCED_FACE ( 'NONE', ( #572 ), #104, .F. ) ;
#1192 =( GEOMETRIC_REPRESENTATION_CONTEXT ( 3 ) GLOBAL_UNCERTAINTY_ASSIGNED_CONTEXT ( ( #2329 ) ) GLOBAL_UNIT_ASSIGNED_CONTEXT ( ( #1493, #179, #2372 ) ) REPRESENTATION_CONTEXT ( 'NONE', 'WORKASPACE' ) );
#1193 = CARTESIAN_POINT ( 'NONE',  ( 90.00000000000000000, 0.000000000000000000, 71.80000000000002558 ) ) ;
#1194 = ORIENTED_EDGE ( 'NONE', *, *, #1110, .F. ) ;
#1195 = CARTESIAN_POINT ( 'NONE',  ( 90.00000000000000000, 1.330771365943238971, 0.3565791128150186950 ) ) ;
#1196 = FILL_AREA_STYLE ('',( #323 ) ) ;
#1197 = CARTESIAN_POINT ( 'NONE',  ( 90.00000000000000000, 0.000000000000000000, 76.00000000000001421 ) ) ;
#1198 = ORIENTED_EDGE ( 'NONE', *, *, #1747, .F. ) ;
#1199 =( NAMED_UNIT ( * ) SI_UNIT ( $, .STERADIAN. ) SOLID_ANGLE_UNIT ( ) );
#1200 = FACE_OUTER_BOUND ( 'NONE', #1755, .T. ) ;
#1201 = CARTESIAN_POINT ( 'NONE',  ( 90.00000000000000000, -2.999999999999947153, 71.80000000000002558 ) ) ;
#1202 =( NAMED_UNIT ( * ) PLANE_ANGLE_UNIT ( ) SI_UNIT ( $, .RADIAN. ) );
#1203 = SURFACE_STYLE_FILL_AREA ( #100 ) ;
#1204 = EDGE_CURVE ( 'NONE', #470, #1090, #1646, .T. ) ;
#1205 = DIRECTION ( 'NONE',  ( 0.000000000000000000, 0.000000000000000000, -1.000000000000000000 ) ) ;
#1206 = ORIENTED_EDGE ( 'NONE', *, *, #549, .F. ) ;
#1207 = SURFACE_STYLE_USAGE ( .BOTH. , #334 ) ;
#1208 = CARTESIAN_POINT ( 'NONE',  ( 90.00000000000000000, 1.999999999999974021, 73.20000000000004547 ) ) ;
#1209 = LINE ( 'NONE', #2275, #1176 ) ;
#1210 = VERTEX_POINT ( 'NONE', #2100 ) ;
#1211 = PRESENTATION_STYLE_ASSIGNMENT (( #768 ) ) ;
#1212 = AXIS2_PLACEMENT_3D ( 'NONE', #728, #1788, #1142 ) ;
#1213 = DIRECTION ( 'NONE',  ( 0.000000000000000000, -0.000000000000000000, -1.000000000000000000 ) ) ;
#1214 = PRESENTATION_STYLE_ASSIGNMENT (( #2475 ) ) ;
#1215 = COLOUR_RGB ( '',0.8980392156862745390, 0.9176470588235293713, 0.9294117647058823817 ) ;
#1216 = AXIS2_PLACEMENT_3D ( 'NONE', #1438, #2525, #372 ) ;
#1217 = CARTESIAN_POINT ( 'NONE',  ( -90.00000000000000000, -16.00000000000004263, 0.000000000000000000 ) ) ;
#1218 = AXIS2_PLACEMENT_3D ( 'NONE', #1613, #538, #2330 ) ;
#1219 = DIRECTION ( 'NONE',  ( -1.000000000000000000, -0.000000000000000000, -0.000000000000000000 ) ) ;
#1220 = UNCERTAINTY_MEASURE_WITH_UNIT (LENGTH_MEASURE( 1.000000000000000082E-05 ), #1150, 'distance_accuracy_value', 'NONE');
#1221 = SURFACE_STYLE_FILL_AREA ( #953 ) ;
#1222 = ORIENTED_EDGE ( 'NONE', *, *, #2168, .F. ) ;
#1223 = EDGE_CURVE ( 'NONE', #1298, #733, #116, .T. ) ;
#1224 = AXIS2_PLACEMENT_3D ( 'NONE', #23, #1982, #232 ) ;
#1225 = PRESENTATION_STYLE_ASSIGNMENT (( #793 ) ) ;
#1226 = STYLED_ITEM ( 'NONE', ( #475 ), #2293 ) ;
#1227 = ORIENTED_EDGE ( 'NONE', *, *, #2717, .T. ) ;
#1228 = AXIS2_PLACEMENT_3D ( 'NONE', #1091, #2395, #1543 ) ;
#1229 = DIRECTION ( 'NONE',  ( 0.000000000000000000, -0.000000000000000000, 1.000000000000000000 ) ) ;
#1230 = CARTESIAN_POINT ( 'NONE',  ( 90.00000000000000000, 0.000000000000000000, 0.000000000000000000 ) ) ;
#1231 = DIRECTION ( 'NONE',  ( 1.000000000000000000, -0.000000000000000000, 0.000000000000000000 ) ) ;
#1232 = DIRECTION ( 'NONE',  ( 1.000000000000000000, -0.000000000000000000, 0.000000000000000000 ) ) ;
#1233 = LINE ( 'NONE', #730, #2422 ) ;
#1234 = EDGE_LOOP ( 'NONE', ( #774, #586, #1644, #2190 ) ) ;
#1235 = VECTOR ( 'NONE', #760, 1000.000000000000000 ) ;
#1236 = LINE ( 'NONE', #1031, #2615 ) ;
#1237 = LINE ( 'NONE', #2323, #2543 ) ;
#1238 = VERTEX_POINT ( 'NONE', #1418 ) ;
#1239 = FILL_AREA_STYLE_COLOUR ( '', #897 ) ;
#1240 = DIRECTION ( 'NONE',  ( 0.000000000000000000, 1.000000000000000000, 0.000000000000000000 ) ) ;
#1241 = EDGE_CURVE ( 'NONE', #2773, #1144, #1237, .T. ) ;
#1242 = FILL_AREA_STYLE ('',( #1039 ) ) ;
#1243 = PLANE ( 'NONE',  #1072 ) ;
#1244 = CARTESIAN_POINT ( 'NONE',  ( 90.00000000000000000, -20.00000000000003197, -69.99999999999972999 ) ) ;
#1245 = UNCERTAINTY_MEASURE_WITH_UNIT (LENGTH_MEASURE( 1.000000000000000082E-05 ), #956, 'distance_accuracy_value', 'NONE');
#1246 = ORIENTED_EDGE ( 'NONE', *, *, #2336, .F. ) ;
#1247 = CIRCLE ( 'NONE', #1650, 0.4999999999999726885 ) ;
#1248 = SURFACE_STYLE_FILL_AREA ( #2333 ) ;
#1249 = ORIENTED_EDGE ( 'NONE', *, *, #2435, .F. ) ;
#1250 = DIRECTION ( 'NONE',  ( 0.000000000000000000, 0.000000000000000000, 1.000000000000000000 ) ) ;
#1251 = DIRECTION ( 'NONE',  ( -0.000000000000000000, 1.000000000000000000, 0.000000000000000000 ) ) ;
#1252 = CARTESIAN_POINT ( 'NONE',  ( -90.00000000000000000, -18.00000000000004263, -71.24999999999977263 ) ) ;
#1253 = EDGE_CURVE ( 'NONE', #2003, #2784, #1629, .T. ) ;
#1254 =( NAMED_UNIT ( * ) PLANE_ANGLE_UNIT ( ) SI_UNIT ( $, .RADIAN. ) );
#1255 = FILL_AREA_STYLE ('',( #1085 ) ) ;
#1256 = DIRECTION ( 'NONE',  ( 0.000000000000000000, 0.000000000000000000, -1.000000000000000000 ) ) ;
#1257 = VECTOR ( 'NONE', #60, 1000.000000000000000 ) ;
#1258 = VECTOR ( 'NONE', #198, 1000.000000000000000 ) ;
#1259 =( GEOMETRIC_REPRESENTATION_CONTEXT ( 3 ) GLOBAL_UNCERTAINTY_ASSIGNED_CONTEXT ( ( #1499 ) ) GLOBAL_UNIT_ASSIGNED_CONTEXT ( ( #1414, #125, #2319 ) ) REPRESENTATION_CONTEXT ( 'NONE', 'WORKASPACE' ) );
#1260 = LINE ( 'NONE', #845, #713 ) ;
#1261 = ORIENTED_EDGE ( 'NONE', *, *, #1955, .T. ) ;
#1262 = COLOUR_RGB ( '',0.8980392156862745390, 0.9176470588235293713, 0.9294117647058823817 ) ;
#1263 =( NAMED_UNIT ( * ) PLANE_ANGLE_UNIT ( ) SI_UNIT ( $, .RADIAN. ) );
#1264 = PRESENTATION_STYLE_ASSIGNMENT (( #378 ) ) ;
#1265 = ORIENTED_EDGE ( 'NONE', *, *, #738, .T. ) ;
#1266 = COLOUR_RGB ( '',0.8980392156862745390, 0.9176470588235293713, 0.9294117647058823817 ) ;
#1267 = VECTOR ( 'NONE', #2688, 1000.000000000000000 ) ;
#1268 = COLOUR_RGB ( '',0.8980392156862745390, 0.9176470588235293713, 0.9294117647058823817 ) ;
#1269 = FACE_OUTER_BOUND ( 'NONE', #2098, .T. ) ;
#1270 = CARTESIAN_POINT ( 'NONE',  ( 90.00000000000000000, -20.00000000000003197, -75.99999999999972999 ) ) ;
#1271 = AXIS2_PLACEMENT_3D ( 'NONE', #2652, #2667, #1140 ) ;
#1272 = VECTOR ( 'NONE', #1987, 1000.000000000000000 ) ;
#1273 = FACE_OUTER_BOUND ( 'NONE', #2497, .T. ) ;
#1274 = FILL_AREA_STYLE_COLOUR ( '', #1662 ) ;
#1275 = EDGE_CURVE ( 'NONE', #840, #2408, #1531, .T. ) ;
#1276 = EDGE_LOOP ( 'NONE', ( #2815, #2665, #979, #2276 ) ) ;
#1277 = CARTESIAN_POINT ( 'NONE',  ( 90.00000000000000000, -3.499999999999947597, 74.00000000000001421 ) ) ;
#1278 = LINE ( 'NONE', #1004, #265 ) ;
#1279 = CLOSED_SHELL ( 'NONE', ( #1857, #1290, #2208, #2091, #1427, #29, #2736, #1103, #1343, #2380, #785, #2232, #2293, #1498, #904, #367, #1375, #856, #237, #245, #1133, #151, #134, #231, #1191, #207, #181, #1079, #2269, #2724, #193, #2414, #2138, #282, #1971, #1759, #1297, #566, #1668, #664, #524, #650, #2805, #2759, #2465, #439, #746, #1314, #1652, #2516, #2220, #146, #775, #2446, #1318, #2398, #535 ) ) ;
#1280 = PRESENTATION_STYLE_ASSIGNMENT (( #2385 ) ) ;
#1281 = AXIS2_PLACEMENT_3D ( 'NONE', #2129, #2396, #427 ) ;
#1282 = CIRCLE ( 'NONE', #1054, 0.5000000000000004441 ) ;
#1283 = EDGE_CURVE ( 'NONE', #267, #281, #940, .T. ) ;
#1284 = PLANE ( 'NONE',  #1530 ) ;
#1285 = CARTESIAN_POINT ( 'NONE',  ( 90.00000000000000000, -17.99999999999996092, 73.75000000000002842 ) ) ;
#1286 = CARTESIAN_POINT ( 'NONE',  ( 90.00000000000000000, -17.99999999999996092, 71.25000000000000000 ) ) ;
#1287 = SURFACE_STYLE_FILL_AREA ( #1301 ) ;
#1288 = DIRECTION ( 'NONE',  ( 0.000000000000000000, -1.000000000000000000, 0.000000000000000000 ) ) ;
#1289 = ORIENTED_EDGE ( 'NONE', *, *, #1547, .T. ) ;
#1290 = ADVANCED_FACE ( 'NONE', ( #1002 ), #1887, .F. ) ;
#1291 =( LENGTH_UNIT ( ) NAMED_UNIT ( * ) SI_UNIT ( .MILLI., .METRE. ) );
#1292 = ORIENTED_EDGE ( 'NONE', *, *, #371, .T. ) ;
#1293 = DIRECTION ( 'NONE',  ( 0.000000000000000000, -1.000000000000000000, -2.304105438977787882E-14 ) ) ;
#1294 = STYLED_ITEM ( 'NONE', ( #1169 ), #775 ) ;
#1295 = CARTESIAN_POINT ( 'NONE',  ( 90.00000000000000000, -17.67647619362190881, 71.29259271713863200 ) ) ;
#1296 = CARTESIAN_POINT ( 'NONE',  ( -90.00000000000000000, -17.67647619362185196, -71.29259271713850410 ) ) ;
#1297 = ADVANCED_FACE ( 'NONE', ( #623 ), #1674, .T. ) ;
#1298 = VERTEX_POINT ( 'NONE', #2799 ) ;
#1299 = DIRECTION ( 'NONE',  ( 0.000000000000000000, -0.000000000000000000, 1.000000000000000000 ) ) ;
#1300 = CARTESIAN_POINT ( 'NONE',  ( 90.00000000000000000, -20.00000000000003197, 0.000000000000000000 ) ) ;
#1301 = FILL_AREA_STYLE ('',( #2554 ) ) ;
#1302 = CIRCLE ( 'NONE', #1516, 1.249999999999904077 ) ;
#1303 = UNCERTAINTY_MEASURE_WITH_UNIT (LENGTH_MEASURE( 1.000000000000000082E-05 ), #1291, 'distance_accuracy_value', 'NONE');
#1304 = AXIS2_PLACEMENT_3D ( 'NONE', #2358, #1740, #1948 ) ;
#1305 = PLANE ( 'NONE',  #1351 ) ;
#1306 = ORIENTED_EDGE ( 'NONE', *, *, #459, .T. ) ;
#1307 = AXIS2_PLACEMENT_3D ( 'NONE', #2747, #2052, #357 ) ;
#1308 = AXIS2_PLACEMENT_3D ( 'NONE', #1193, #1205, #1643 ) ;
#1309 = PRESENTATION_LAYER_ASSIGNMENT (  '', '', ( #2536 ) ) ;
#1310 = FILL_AREA_STYLE_COLOUR ( '', #1582 ) ;
#1311 = ORIENTED_EDGE ( 'NONE', *, *, #1156, .F. ) ;
#1312 = CIRCLE ( 'NONE', #445, 0.5000000000000004441 ) ;
#1313 = SURFACE_STYLE_USAGE ( .BOTH. , #456 ) ;
#1314 = ADVANCED_FACE ( 'NONE', ( #1089 ), #1073, .F. ) ;
#1315 = STYLED_ITEM ( 'NONE', ( #612 ), #231 ) ;
#1316 = EDGE_LOOP ( 'NONE', ( #665, #2756, #2203, #2126 ) ) ;
#1317 = AXIS2_PLACEMENT_3D ( 'NONE', #486, #2009, #19 ) ;
#1318 = ADVANCED_FACE ( 'NONE', ( #808 ), #924, .T. ) ;
#1319 = AXIS2_PLACEMENT_3D ( 'NONE', #1961, #1666, #842 ) ;
#1320 = CARTESIAN_POINT ( 'NONE',  ( 90.00000000000000000, 0.000000000000000000, -71.79999999999975557 ) ) ;
#1321 = DIRECTION ( 'NONE',  ( 0.000000000000000000, 0.000000000000000000, -1.000000000000000000 ) ) ;
#1322 =( NAMED_UNIT ( * ) SI_UNIT ( $, .STERADIAN. ) SOLID_ANGLE_UNIT ( ) );
#1323 = DIRECTION ( 'NONE',  ( 0.000000000000000000, 0.000000000000000000, -1.000000000000000000 ) ) ;
#1324 = EDGE_CURVE ( 'NONE', #777, #736, #2672, .T. ) ;
#1325 = VERTEX_POINT ( 'NONE', #2466 ) ;
#1326 = EDGE_LOOP ( 'NONE', ( #249, #1604, #1011, #1879 ) ) ;
#1327 = DIRECTION ( 'NONE',  ( 0.000000000000000000, -0.000000000000000000, -1.000000000000000000 ) ) ;
#1328 = COLOUR_RGB ( '',0.8980392156862745390, 0.9176470588235293713, 0.9294117647058823817 ) ;
#1329 = DIRECTION ( 'NONE',  ( -0.000000000000000000, 1.000000000000000000, 0.000000000000000000 ) ) ;
#1330 = EDGE_CURVE ( 'NONE', #1029, #2455, #306, .T. ) ;
#1331 = CARTESIAN_POINT ( 'NONE',  ( 90.00000000000000000, -3.499999999999947597, -73.99999999999972999 ) ) ;
#1332 = CARTESIAN_POINT ( 'NONE',  ( 90.00000000000000000, -2.499999999999946709, 0.000000000000000000 ) ) ;
#1333 = LINE ( 'NONE', #729, #2495 ) ;
#1334 = ORIENTED_EDGE ( 'NONE', *, *, #331, .F. ) ;
#1335 = ORIENTED_EDGE ( 'NONE', *, *, #35, .T. ) ;
#1336 = DIRECTION ( 'NONE',  ( 0.000000000000000000, 0.000000000000000000, 1.000000000000000000 ) ) ;
#1337 =( LENGTH_UNIT ( ) NAMED_UNIT ( * ) SI_UNIT ( .MILLI., .METRE. ) );
#1338 = VERTEX_POINT ( 'NONE', #289 ) ;
#1339 = MECHANICAL_DESIGN_GEOMETRIC_PRESENTATION_REPRESENTATION (  '', ( #1294 ), #967 ) ;
#1340 = DIRECTION ( 'NONE',  ( 1.000000000000000000, -0.000000000000000000, 0.000000000000000000 ) ) ;
#1341 = DIRECTION ( 'NONE',  ( -1.000000000000000000, -0.000000000000000000, -0.000000000000000000 ) ) ;
#1342 = LINE ( 'NONE', #271, #2172 ) ;
#1343 = ADVANCED_FACE ( 'NONE', ( #1134 ), #642, .T. ) ;
#1344 = CARTESIAN_POINT ( 'NONE',  ( -90.00000000000000000, 0.000000000000000000, 0.000000000000000000 ) ) ;
#1345 = VERTEX_POINT ( 'NONE', #1296 ) ;
#1346 = EDGE_CURVE ( 'NONE', #1760, #1101, #2255, .T. ) ;
#1347 = EDGE_LOOP ( 'NONE', ( #124, #850, #1529, #399, #539, #455, #2436, #1105, #1733, #2687, #2076, #999, #2610, #2167, #336, #1311, #1541, #1965, #1719, #1402, #2016, #2331, #862, #1631, #1945, #290, #1306, #1653, #2115, #674, #325, #1671, #545, #1362, #2015, #1444, #154, #2242, #474, #900, #1015, #523, #2476, #748, #2458, #744, #2438, #2464, #364, #2423, #919, #923, #226, #1149, #1289 ) ) ;
#1348 = DIRECTION ( 'NONE',  ( 0.000000000000000000, 1.000000000000000000, 0.000000000000000000 ) ) ;
#1349 = STYLED_ITEM ( 'NONE', ( #511 ), #2724 ) ;
#1350 = MECHANICAL_DESIGN_GEOMETRIC_PRESENTATION_REPRESENTATION (  '', ( #2536 ), #883 ) ;
#1351 = AXIS2_PLACEMENT_3D ( 'NONE', #221, #1518, #3 ) ;
#1352 = FACE_OUTER_BOUND ( 'NONE', #453, .T. ) ;
#1353 = ORIENTED_EDGE ( 'NONE', *, *, #1713, .T. ) ;
#1354 =( LENGTH_UNIT ( ) NAMED_UNIT ( * ) SI_UNIT ( .MILLI., .METRE. ) );
#1355 = DIRECTION ( 'NONE',  ( -1.000000000000000000, -0.000000000000000000, -0.000000000000000000 ) ) ;
#1356 = PRESENTATION_LAYER_ASSIGNMENT (  '', '', ( #2763 ) ) ;
#1357 = PRESENTATION_LAYER_ASSIGNMENT (  '', '', ( #2587 ) ) ;
#1358 = UNCERTAINTY_MEASURE_WITH_UNIT (LENGTH_MEASURE( 1.000000000000000082E-05 ), #2371, 'distance_accuracy_value', 'NONE');
#1359 = FILL_AREA_STYLE_COLOUR ( '', #879 ) ;
#1360 = CIRCLE ( 'NONE', #634, 0.5000000000000004441 ) ;
#1361 = DIRECTION ( 'NONE',  ( 0.000000000000000000, 0.000000000000000000, -1.000000000000000000 ) ) ;
#1362 = ORIENTED_EDGE ( 'NONE', *, *, #2394, .F. ) ;
#1363 = STYLED_ITEM ( 'NONE', ( #88 ), #2658 ) ;
#1364 = DIRECTION ( 'NONE',  ( -0.000000000000000000, 1.000000000000000000, 0.000000000000000000 ) ) ;
#1365 = ORIENTED_EDGE ( 'NONE', *, *, #1463, .T. ) ;
#1366 = CARTESIAN_POINT ( 'NONE',  ( 90.00000000000000000, -16.00000000000004263, 74.00000000000001421 ) ) ;
#1367 = VERTEX_POINT ( 'NONE', #1113 ) ;
#1368 = DIRECTION ( 'NONE',  ( 1.000000000000000000, -0.000000000000000000, 0.000000000000000000 ) ) ;
#1369 = EDGE_CURVE ( 'NONE', #648, #307, #2002, .T. ) ;
#1370 =( NAMED_UNIT ( * ) SI_UNIT ( $, .STERADIAN. ) SOLID_ANGLE_UNIT ( ) );
#1371 = PRESENTATION_LAYER_ASSIGNMENT (  '', '', ( #2020 ) ) ;
#1372 = VECTOR ( 'NONE', #1943, 1000.000000000000000 ) ;
#1373 = ORIENTED_EDGE ( 'NONE', *, *, #1400, .T. ) ;
#1374 = ORIENTED_EDGE ( 'NONE', *, *, #1330, .F. ) ;
#1375 = ADVANCED_FACE ( 'NONE', ( #363 ), #86, .T. ) ;
#1376 =( LENGTH_UNIT ( ) NAMED_UNIT ( * ) SI_UNIT ( .MILLI., .METRE. ) );
#1377 = ORIENTED_EDGE ( 'NONE', *, *, #2083, .T. ) ;
#1378 = PRESENTATION_STYLE_ASSIGNMENT (( #2472 ) ) ;
#1379 =( NAMED_UNIT ( * ) PLANE_ANGLE_UNIT ( ) SI_UNIT ( $, .RADIAN. ) );
#1380 =( LENGTH_UNIT ( ) NAMED_UNIT ( * ) SI_UNIT ( .MILLI., .METRE. ) );
#1381 = PRODUCT_CONTEXT ( 'NONE', #2513, 'mechanical' ) ;
#1382 = DIRECTION ( 'NONE',  ( 1.000000000000000000, -0.000000000000000000, 0.000000000000000000 ) ) ;
#1383 = CARTESIAN_POINT ( 'NONE',  ( 90.00000000000000000, -12.50000000000003908, 74.00000000000001421 ) ) ;
#1384 = ORIENTED_EDGE ( 'NONE', *, *, #1461, .T. ) ;
#1385 =( NAMED_UNIT ( * ) PLANE_ANGLE_UNIT ( ) SI_UNIT ( $, .RADIAN. ) );
#1386 =( GEOMETRIC_REPRESENTATION_CONTEXT ( 3 ) GLOBAL_UNCERTAINTY_ASSIGNED_CONTEXT ( ( #1245 ) ) GLOBAL_UNIT_ASSIGNED_CONTEXT ( ( #956, #1263, #2157 ) ) REPRESENTATION_CONTEXT ( 'NONE', 'WORKASPACE' ) );
#1387 = DIRECTION ( 'NONE',  ( 0.000000000000000000, 1.000000000000000000, 0.000000000000000000 ) ) ;
#1388 = PRESENTATION_STYLE_ASSIGNMENT (( #1014 ) ) ;
#1389 = ORIENTED_EDGE ( 'NONE', *, *, #1920, .T. ) ;
#1390 = PRESENTATION_LAYER_ASSIGNMENT (  '', '', ( #1363 ) ) ;
#1391 = SURFACE_STYLE_FILL_AREA ( #972 ) ;
#1392 = VECTOR ( 'NONE', #214, 1000.000000000000000 ) ;
#1393 =( GEOMETRIC_REPRESENTATION_CONTEXT ( 3 ) GLOBAL_UNCERTAINTY_ASSIGNED_CONTEXT ( ( #2698 ) ) GLOBAL_UNIT_ASSIGNED_CONTEXT ( ( #2702, #97, #1894 ) ) REPRESENTATION_CONTEXT ( 'NONE', 'WORKASPACE' ) );
#1394 = AXIS2_PLACEMENT_3D ( 'NONE', #1918, #2795, #375 ) ;
#1395 = CIRCLE ( 'NONE', #72, 0.1999999999999918510 ) ;
#1396 =( NAMED_UNIT ( * ) PLANE_ANGLE_UNIT ( ) SI_UNIT ( $, .RADIAN. ) );
#1397 = LINE ( 'NONE', #343, #1235 ) ;
#1398 = MECHANICAL_DESIGN_GEOMETRIC_PRESENTATION_REPRESENTATION (  '', ( #2816 ), #2630 ) ;
#1399 = PRESENTATION_LAYER_ASSIGNMENT (  '', '', ( #546 ) ) ;
#1400 = EDGE_CURVE ( 'NONE', #809, #2408, #1867, .T. ) ;
#1401 = DIRECTION ( 'NONE',  ( 1.000000000000000000, -0.000000000000000000, 0.000000000000000000 ) ) ;
#1402 = ORIENTED_EDGE ( 'NONE', *, *, #889, .T. ) ;
#1403 = CARTESIAN_POINT ( 'NONE',  ( -90.00000000000000000, -17.67647619362190881, 71.29259271713863200 ) ) ;
#1404 = DIRECTION ( 'NONE',  ( -0.000000000000000000, 0.000000000000000000, 1.000000000000000000 ) ) ;
#1405 = EDGE_LOOP ( 'NONE', ( #824, #263, #1261, #1562 ) ) ;
#1406 = DIRECTION ( 'NONE',  ( 0.000000000000000000, 1.000000000000000000, 0.000000000000000000 ) ) ;
#1407 = PRESENTATION_STYLE_ASSIGNMENT (( #2295 ) ) ;
#1408 = CARTESIAN_POINT ( 'NONE',  ( -90.00000000000000000, 0.000000000000000000, -74.69999999999987494 ) ) ;
#1409 = EDGE_CURVE ( 'NONE', #259, #2611, #320, .T. ) ;
#1410 = SURFACE_SIDE_STYLE ('',( #552 ) ) ;
#1411 = DIRECTION ( 'NONE',  ( 0.000000000000000000, 0.000000000000000000, -1.000000000000000000 ) ) ;
#1412 = ORIENTED_EDGE ( 'NONE', *, *, #889, .F. ) ;
#1413 = VECTOR ( 'NONE', #398, 1000.000000000000000 ) ;
#1414 =( LENGTH_UNIT ( ) NAMED_UNIT ( * ) SI_UNIT ( .MILLI., .METRE. ) );
#1415 = ORIENTED_EDGE ( 'NONE', *, *, #2022, .F. ) ;
#1416 = LINE ( 'NONE', #2288, #1115 ) ;
#1417 = CARTESIAN_POINT ( 'NONE',  ( -90.00000000000000000, 0.000000000000000000, 71.80000000000002558 ) ) ;
#1418 = CARTESIAN_POINT ( 'NONE',  ( 90.00000000000000000, -16.25176380902054518, -72.03156152444812221 ) ) ;
#1419 = VERTEX_POINT ( 'NONE', #1428 ) ;
#1420 = LINE ( 'NONE', #515, #498 ) ;
#1421 = SURFACE_SIDE_STYLE ('',( #782 ) ) ;
#1422 = FILL_AREA_STYLE ('',( #1892 ) ) ;
#1423 = DIRECTION ( 'NONE',  ( 0.000000000000000000, -0.000000000000000000, 1.000000000000000000 ) ) ;
#1424 = CARTESIAN_POINT ( 'NONE',  ( 90.00000000000000000, -12.50000000000003908, 0.000000000000000000 ) ) ;
#1425 = LINE ( 'NONE', #965, #2537 ) ;
#1426 = PRESENTATION_LAYER_ASSIGNMENT (  '', '', ( #2745 ) ) ;
#1427 = ADVANCED_FACE ( 'NONE', ( #968 ), #2530, .F. ) ;
#1428 = CARTESIAN_POINT ( 'NONE',  ( -90.00000000000000000, -20.00000000000003197, 76.00000000000001421 ) ) ;
#1429 = ORIENTED_EDGE ( 'NONE', *, *, #2124, .F. ) ;
#1430 = FILL_AREA_STYLE ('',( #1870 ) ) ;
#1431 = DIRECTION ( 'NONE',  ( 0.000000000000000000, -1.000000000000000000, 0.000000000000000000 ) ) ;
#1432 = ORIENTED_EDGE ( 'NONE', *, *, #2361, .T. ) ;
#1433 =( GEOMETRIC_REPRESENTATION_CONTEXT ( 3 ) GLOBAL_UNCERTAINTY_ASSIGNED_CONTEXT ( ( #150 ) ) GLOBAL_UNIT_ASSIGNED_CONTEXT ( ( #1610, #532, #2690 ) ) REPRESENTATION_CONTEXT ( 'NONE', 'WORKASPACE' ) );
#1434 = DIRECTION ( 'NONE',  ( 0.000000000000000000, -1.000000000000000000, 0.000000000000000000 ) ) ;
#1435 = DIRECTION ( 'NONE',  ( 0.000000000000000000, -1.000000000000000000, 0.000000000000000000 ) ) ;
#1436 =( GEOMETRIC_REPRESENTATION_CONTEXT ( 3 ) GLOBAL_UNCERTAINTY_ASSIGNED_CONTEXT ( ( #1890 ) ) GLOBAL_UNIT_ASSIGNED_CONTEXT ( ( #2822, #843, #448 ) ) REPRESENTATION_CONTEXT ( 'NONE', 'WORKASPACE' ) );
#1437 = CIRCLE ( 'NONE', #2710, 0.4999999999999726885 ) ;
#1438 = CARTESIAN_POINT ( 'NONE',  ( 90.00000000000000000, -2.999999999999947153, -72.29999999999969873 ) ) ;
#1439 = VECTOR ( 'NONE', #2708, 1000.000000000000000 ) ;
#1440 = DIRECTION ( 'NONE',  ( 0.000000000000000000, 0.000000000000000000, -1.000000000000000000 ) ) ;
#1441 = DIRECTION ( 'NONE',  ( -1.000000000000000000, -0.000000000000000000, -0.000000000000000000 ) ) ;
#1442 = UNCERTAINTY_MEASURE_WITH_UNIT (LENGTH_MEASURE( 1.000000000000000082E-05 ), #2569, 'distance_accuracy_value', 'NONE');
#1443 = AXIS2_PLACEMENT_3D ( 'NONE', #65, #528, #1185 ) ;
#1444 = ORIENTED_EDGE ( 'NONE', *, *, #1588, .F. ) ;
#1445 = STYLED_ITEM ( 'NONE', ( #1264 ), #1297 ) ;
#1446 = VECTOR ( 'NONE', #2416, 1000.000000000000000 ) ;
#1447 = LINE ( 'NONE', #335, #1862 ) ;
#1448 = DIRECTION ( 'NONE',  ( 0.000000000000000000, 0.000000000000000000, -1.000000000000000000 ) ) ;
#1449 = AXIS2_PLACEMENT_3D ( 'NONE', #1514, #2400, #947 ) ;
#1450 = ORIENTED_EDGE ( 'NONE', *, *, #101, .F. ) ;
#1451 = SURFACE_STYLE_FILL_AREA ( #163 ) ;
#1452 = DIRECTION ( 'NONE',  ( 0.000000000000000000, -1.000000000000000000, 0.000000000000000000 ) ) ;
#1453 = EDGE_CURVE ( 'NONE', #2731, #966, #662, .T. ) ;
#1454 = DIRECTION ( 'NONE',  ( 0.000000000000000000, 0.000000000000000000, 1.000000000000000000 ) ) ;
#1455 = CARTESIAN_POINT ( 'NONE',  ( 90.00000000000000000, 1.999999999999974021, 74.59999999999999432 ) ) ;
#1456 = DIRECTION ( 'NONE',  ( 0.000000000000000000, 0.000000000000000000, -1.000000000000000000 ) ) ;
#1457 = EDGE_LOOP ( 'NONE', ( #2550, #2216, #1475, #2661 ) ) ;
#1458 = MECHANICAL_DESIGN_GEOMETRIC_PRESENTATION_REPRESENTATION (  '', ( #186 ), #1192 ) ;
#1459 = ORIENTED_EDGE ( 'NONE', *, *, #316, .F. ) ;
#1460 =( NAMED_UNIT ( * ) PLANE_ANGLE_UNIT ( ) SI_UNIT ( $, .RADIAN. ) );
#1461 = EDGE_CURVE ( 'NONE', #2455, #423, #2071, .T. ) ;
#1462 = FILL_AREA_STYLE_COLOUR ( '', #2177 ) ;
#1463 = EDGE_CURVE ( 'NONE', #1542, #1138, #761, .T. ) ;
#1464 = DIRECTION ( 'NONE',  ( 0.000000000000000000, 0.000000000000000000, -1.000000000000000000 ) ) ;
#1465 = LINE ( 'NONE', #817, #1924 ) ;
#1466 = PLANE ( 'NONE',  #1753 ) ;
#1467 = FACE_OUTER_BOUND ( 'NONE', #1823, .T. ) ;
#1468 = UNCERTAINTY_MEASURE_WITH_UNIT (LENGTH_MEASURE( 1.000000000000000082E-05 ), #2031, 'distance_accuracy_value', 'NONE');
#1469 = FACE_OUTER_BOUND ( 'NONE', #2156, .T. ) ;
#1470 = ORIENTED_EDGE ( 'NONE', *, *, #789, .T. ) ;
#1471 =( NAMED_UNIT ( * ) SI_UNIT ( $, .STERADIAN. ) SOLID_ANGLE_UNIT ( ) );
#1472 = ORIENTED_EDGE ( 'NONE', *, *, #1815, .F. ) ;
#1473 = CARTESIAN_POINT ( 'NONE',  ( 90.00000000000000000, -14.00000000000004086, -71.79999999999975557 ) ) ;
#1474 = CARTESIAN_POINT ( 'NONE',  ( 90.00000000000000000, -3.499999999999947597, 0.000000000000000000 ) ) ;
#1475 = ORIENTED_EDGE ( 'NONE', *, *, #2549, .F. ) ;
#1476 =( NAMED_UNIT ( * ) PLANE_ANGLE_UNIT ( ) SI_UNIT ( $, .RADIAN. ) );
#1477 = STYLED_ITEM ( 'NONE', ( #2060 ), #367 ) ;
#1478 =( LENGTH_UNIT ( ) NAMED_UNIT ( * ) SI_UNIT ( .MILLI., .METRE. ) );
#1479 = DIRECTION ( 'NONE',  ( 0.000000000000000000, 0.000000000000000000, -1.000000000000000000 ) ) ;
#1480 = DIRECTION ( 'NONE',  ( -0.000000000000000000, 0.000000000000000000, 1.000000000000000000 ) ) ;
#1481 = MECHANICAL_DESIGN_GEOMETRIC_PRESENTATION_REPRESENTATION (  '', ( #2349 ), #1436 ) ;
#1482 = COLOUR_RGB ( '',0.8980392156862745390, 0.9176470588235293713, 0.9294117647058823817 ) ;
#1483 = PRESENTATION_LAYER_ASSIGNMENT (  '', '', ( #1963 ) ) ;
#1484 = CARTESIAN_POINT ( 'NONE',  ( 90.00000000000000000, 1.999999999999974021, 74.09999999999999432 ) ) ;
#1485 = ORIENTED_EDGE ( 'NONE', *, *, #988, .F. ) ;
#1486 = COLOUR_RGB ( '',0.8980392156862745390, 0.9176470588235293713, 0.9294117647058823817 ) ;
#1487 = EDGE_CURVE ( 'NONE', #1338, #2140, #1075, .T. ) ;
#1488 = SURFACE_STYLE_USAGE ( .BOTH. , #1032 ) ;
#1489 = ORIENTED_EDGE ( 'NONE', *, *, #2597, .F. ) ;
#1490 = DIRECTION ( 'NONE',  ( -1.000000000000000000, -0.000000000000000000, -0.000000000000000000 ) ) ;
#1491 = STYLED_ITEM ( 'NONE', ( #504 ), #2091 ) ;
#1492 =( GEOMETRIC_REPRESENTATION_CONTEXT ( 3 ) GLOBAL_UNCERTAINTY_ASSIGNED_CONTEXT ( ( #1949 ) ) GLOBAL_UNIT_ASSIGNED_CONTEXT ( ( #2158, #177, #1686 ) ) REPRESENTATION_CONTEXT ( 'NONE', 'WORKASPACE' ) );
#1493 =( LENGTH_UNIT ( ) NAMED_UNIT ( * ) SI_UNIT ( .MILLI., .METRE. ) );
#1494 = CARTESIAN_POINT ( 'NONE',  ( 90.00000000000000000, 0.000000000000000000, -73.99999999999972999 ) ) ;
#1495 = LINE ( 'NONE', #182, #355 ) ;
#1496 = AXIS2_PLACEMENT_3D ( 'NONE', #1704, #2347, #1250 ) ;
#1497 = FILL_AREA_STYLE_COLOUR ( '', #1878 ) ;
#1498 = ADVANCED_FACE ( 'NONE', ( #1974 ), #1305, .T. ) ;
#1499 = UNCERTAINTY_MEASURE_WITH_UNIT (LENGTH_MEASURE( 1.000000000000000082E-05 ), #1414, 'distance_accuracy_value', 'NONE');
#1500 = CARTESIAN_POINT ( 'NONE',  ( -90.00000000000000000, 16.91922863406082911, 63.14342088718507995 ) ) ;
#1501 = ORIENTED_EDGE ( 'NONE', *, *, #1931, .T. ) ;
#1502 = ORIENTED_EDGE ( 'NONE', *, *, #2682, .T. ) ;
#1503 = VECTOR ( 'NONE', #2285, 1000.000000000000000 ) ;
#1504 = PLANE ( 'NONE',  #1281 ) ;
#1505 =( LENGTH_UNIT ( ) NAMED_UNIT ( * ) SI_UNIT ( .MILLI., .METRE. ) );
#1506 =( NAMED_UNIT ( * ) SI_UNIT ( $, .STERADIAN. ) SOLID_ANGLE_UNIT ( ) );
#1507 = DIRECTION ( 'NONE',  ( 1.000000000000000000, 0.000000000000000000, -0.000000000000000000 ) ) ;
#1508 = LINE ( 'NONE', #607, #1715 ) ;
#1509 = ORIENTED_EDGE ( 'NONE', *, *, #951, .F. ) ;
#1510 = CARTESIAN_POINT ( 'NONE',  ( 90.00000000000000000, -18.00000000000004263, -72.49999999999967315 ) ) ;
#1511 = EDGE_LOOP ( 'NONE', ( #870, #1595, #1292, #2628 ) ) ;
#1512 = VECTOR ( 'NONE', #255, 1000.000000000000000 ) ;
#1513 = EDGE_LOOP ( 'NONE', ( #126, #2270, #1502, #536 ) ) ;
#1514 = CARTESIAN_POINT ( 'NONE',  ( -90.00000000000000000, -17.99999999999996092, 72.50000000000001421 ) ) ;
#1515 = SURFACE_STYLE_FILL_AREA ( #2595 ) ;
#1516 = AXIS2_PLACEMENT_3D ( 'NONE', #1925, #2201, #2113 ) ;
#1517 = UNCERTAINTY_MEASURE_WITH_UNIT (LENGTH_MEASURE( 1.000000000000000082E-05 ), #327, 'distance_accuracy_value', 'NONE');
#1518 = DIRECTION ( 'NONE',  ( 0.000000000000000000, 0.000000000000000000, -1.000000000000000000 ) ) ;
#1519 = ORIENTED_EDGE ( 'NONE', *, *, #1955, .F. ) ;
#1520 = CARTESIAN_POINT ( 'NONE',  ( -90.00000000000000000, -20.00000000000003197, -69.99999999999972999 ) ) ;
#1521 = STYLED_ITEM ( 'NONE', ( #1727 ), #1343 ) ;
#1522 = ORIENTED_EDGE ( 'NONE', *, *, #2478, .T. ) ;
#1523 = AXIS2_PLACEMENT_3D ( 'NONE', #672, #2642, #1361 ) ;
#1524 = DIRECTION ( 'NONE',  ( 0.000000000000000000, 0.9659258262890707547, 0.2588190451025116912 ) ) ;
#1525 = EDGE_CURVE ( 'NONE', #4, #2775, #2558, .T. ) ;
#1526 = CARTESIAN_POINT ( 'NONE',  ( -90.00000000000000000, -2.775557561562891351E-14, -73.09999999999983800 ) ) ;
#1527 = AXIS2_PLACEMENT_3D ( 'NONE', #872, #472, #2612 ) ;
#1528 = CYLINDRICAL_SURFACE ( 'NONE', #2515, 2.000000000000001776 ) ;
#1529 = ORIENTED_EDGE ( 'NONE', *, *, #1619, .T. ) ;
#1530 = AXIS2_PLACEMENT_3D ( 'NONE', #815, #384, #1932 ) ;
#1531 = CIRCLE ( 'NONE', #2501, 0.5000000000000837108 ) ;
#1532 = STYLED_ITEM ( 'NONE', ( #2147 ), #2446 ) ;
#1533 = MECHANICAL_DESIGN_GEOMETRIC_PRESENTATION_REPRESENTATION (  '', ( #1177 ), #899 ) ;
#1534 = LINE ( 'NONE', #2606, #158 ) ;
#1535 = CARTESIAN_POINT ( 'NONE',  ( 90.00000000000000000, -16.79259271713861779, 72.17647619362183775 ) ) ;
#1536 = LINE ( 'NONE', #257, #2449 ) ;
#1537 = VECTOR ( 'NONE', #2535, 1000.000000000000000 ) ;
#1538 = EDGE_CURVE ( 'NONE', #2236, #2027, #1964, .T. ) ;
#1539 = DIRECTION ( 'NONE',  ( -1.000000000000000000, -0.000000000000000000, -0.000000000000000000 ) ) ;
#1540 = LINE ( 'NONE', #2026, #397 ) ;
#1541 = ORIENTED_EDGE ( 'NONE', *, *, #13, .T. ) ;
#1542 = VERTEX_POINT ( 'NONE', #1058 ) ;
#1543 = DIRECTION ( 'NONE',  ( 0.000000000000000000, -0.000000000000000000, 1.000000000000000000 ) ) ;
#1544 = DIRECTION ( 'NONE',  ( 0.000000000000000000, 0.000000000000000000, 1.000000000000000000 ) ) ;
#1545 = DIRECTION ( 'NONE',  ( 1.000000000000000000, -0.000000000000000000, 0.000000000000000000 ) ) ;
#1546 = VECTOR ( 'NONE', #818, 1000.000000000000000 ) ;
#1547 = EDGE_CURVE ( 'NONE', #1975, #2003, #1732, .T. ) ;
#1548 = ORIENTED_EDGE ( 'NONE', *, *, #554, .T. ) ;
#1549 = MECHANICAL_DESIGN_GEOMETRIC_PRESENTATION_REPRESENTATION (  '', ( #826 ), #827 ) ;
#1550 = STYLED_ITEM ( 'NONE', ( #383 ), #1079 ) ;
#1551 = CARTESIAN_POINT ( 'NONE',  ( 90.00000000000000000, 0.000000000000000000, 74.59999999999999432 ) ) ;
#1552 = CARTESIAN_POINT ( 'NONE',  ( 0.000000000000000000, 0.000000000000000000, 0.000000000000000000 ) ) ;
#1553 = EDGE_CURVE ( 'NONE', #2123, #1687, #2570, .T. ) ;
#1554 = UNCERTAINTY_MEASURE_WITH_UNIT (LENGTH_MEASURE( 1.000000000000000082E-05 ), #2131, 'distance_accuracy_value', 'NONE');
#1555 = SURFACE_SIDE_STYLE ('',( #1844 ) ) ;
#1556 = CARTESIAN_POINT ( 'NONE',  ( 90.00000000000000000, -14.00000000000004086, 74.00000000000001421 ) ) ;
#1557 = ORIENTED_EDGE ( 'NONE', *, *, #995, .F. ) ;
#1558 =( LENGTH_UNIT ( ) NAMED_UNIT ( * ) SI_UNIT ( .MILLI., .METRE. ) );
#1559 = ORIENTED_EDGE ( 'NONE', *, *, #2632, .F. ) ;
#1560 =( NAMED_UNIT ( * ) PLANE_ANGLE_UNIT ( ) SI_UNIT ( $, .RADIAN. ) );
#1561 = DIRECTION ( 'NONE',  ( 1.000000000000000000, 0.000000000000000000, -0.000000000000000000 ) ) ;
#1562 = ORIENTED_EDGE ( 'NONE', *, *, #1156, .T. ) ;
#1563 = PLANE ( 'NONE',  #792 ) ;
#1564 = DIRECTION ( 'NONE',  ( -1.000000000000000000, -0.000000000000000000, -0.000000000000000000 ) ) ;
#1565 = PRODUCT_DEFINITION_SHAPE ( 'NONE', 'NONE',  #1624 ) ;
#1566 = SURFACE_STYLE_FILL_AREA ( #699 ) ;
#1567 = EDGE_CURVE ( 'NONE', #2027, #1760, #24, .T. ) ;
#1568 = LINE ( 'NONE', #1172, #2040 ) ;
#1569 = PRESENTATION_STYLE_ASSIGNMENT (( #2214 ) ) ;
#1570 = ORIENTED_EDGE ( 'NONE', *, *, #1275, .F. ) ;
#1571 = PRESENTATION_LAYER_ASSIGNMENT (  '', '', ( #1160 ) ) ;
#1572 = FILL_AREA_STYLE_COLOUR ( '', #254 ) ;
#1573 = VERTEX_POINT ( 'NONE', #2379 ) ;
#1574 = DIRECTION ( 'NONE',  ( -1.000000000000000000, -0.000000000000000000, -0.000000000000000000 ) ) ;
#1575 =( NAMED_UNIT ( * ) PLANE_ANGLE_UNIT ( ) SI_UNIT ( $, .RADIAN. ) );
#1576 = CARTESIAN_POINT ( 'NONE',  ( 90.00000000000000000, -17.59077209349045745, -69.99999999999972999 ) ) ;
#1577 = ORIENTED_EDGE ( 'NONE', *, *, #2478, .F. ) ;
#1578 =( REPRESENTATION_RELATIONSHIP ('NONE','NONE', #131, #1723 ) REPRESENTATION_RELATIONSHIP_WITH_TRANSFORMATION ( #83 )SHAPE_REPRESENTATION_RELATIONSHIP( ) );
#1579 = FILL_AREA_STYLE ('',( #1738 ) ) ;
#1580 = SURFACE_STYLE_FILL_AREA ( #2474 ) ;
#1581 = CARTESIAN_POINT ( 'NONE',  ( -90.00000000000000000, 0.000000000000000000, 71.80000000000002558 ) ) ;
#1582 = COLOUR_RGB ( '',0.8980392156862745390, 0.9176470588235293713, 0.9294117647058823817 ) ;
#1583 = DIRECTION ( 'NONE',  ( 0.000000000000000000, 0.000000000000000000, 1.000000000000000000 ) ) ;
#1584 = COLOUR_RGB ( '',0.8980392156862745390, 0.9176470588235293713, 0.9294117647058823817 ) ;
#1585 = CARTESIAN_POINT ( 'NONE',  ( -90.00000000000000000, 2.499999999999974243, 74.09999999999999432 ) ) ;
#1586 = PRESENTATION_LAYER_ASSIGNMENT (  '', '', ( #1725 ) ) ;
#1587 =( NAMED_UNIT ( * ) PLANE_ANGLE_UNIT ( ) SI_UNIT ( $, .RADIAN. ) );
#1588 = EDGE_CURVE ( 'NONE', #1419, #2233, #2001, .T. ) ;
#1589 = ORIENTED_EDGE ( 'NONE', *, *, #305, .F. ) ;
#1590 =( LENGTH_UNIT ( ) NAMED_UNIT ( * ) SI_UNIT ( .MILLI., .METRE. ) );
#1591 = ORIENTED_EDGE ( 'NONE', *, *, #1883, .F. ) ;
#1592 = FILL_AREA_STYLE ('',( #763 ) ) ;
#1593 = EDGE_CURVE ( 'NONE', #2140, #777, #1260, .T. ) ;
#1594 = CARTESIAN_POINT ( 'NONE',  ( -90.00000000000000000, -2.499999999999946709, 0.000000000000000000 ) ) ;
#1595 = ORIENTED_EDGE ( 'NONE', *, *, #2499, .F. ) ;
#1596 =( LENGTH_UNIT ( ) NAMED_UNIT ( * ) SI_UNIT ( .MILLI., .METRE. ) );
#1597 = LINE ( 'NONE', #1408, #1968 ) ;
#1598 = MECHANICAL_DESIGN_GEOMETRIC_PRESENTATION_REPRESENTATION (  '', ( #731 ), #909 ) ;
#1599 = DIRECTION ( 'NONE',  ( -1.000000000000000000, -0.000000000000000000, -0.000000000000000000 ) ) ;
#1600 = ORIENTED_EDGE ( 'NONE', *, *, #2250, .F. ) ;
#1601 = CARTESIAN_POINT ( 'NONE',  ( -90.00000000000000000, -3.499999999999947597, 74.00000000000001421 ) ) ;
#1602 = LINE ( 'NONE', #1417, #1034 ) ;
#1603 = PRESENTATION_STYLE_ASSIGNMENT (( #794 ) ) ;
#1604 = ORIENTED_EDGE ( 'NONE', *, *, #51, .F. ) ;
#1605 = CYLINDRICAL_SURFACE ( 'NONE', #1829, 0.5000000000000004441 ) ;
#1606 =( NAMED_UNIT ( * ) PLANE_ANGLE_UNIT ( ) SI_UNIT ( $, .RADIAN. ) );
#1607 = CARTESIAN_POINT ( 'NONE',  ( 90.00000000000000000, 0.000000000000000000, 71.80000000000002558 ) ) ;
#1608 = APPLICATION_PROTOCOL_DEFINITION ( 'draft international standard', 'automotive_design', 1998, #2513 ) ;
#1609 = EDGE_CURVE ( 'NONE', #2643, #1144, #1716, .T. ) ;
#1610 =( LENGTH_UNIT ( ) NAMED_UNIT ( * ) SI_UNIT ( .MILLI., .METRE. ) );
#1611 = CARTESIAN_POINT ( 'NONE',  ( 90.00000000000000000, 0.000000000000000000, 0.000000000000000000 ) ) ;
#1612 = ORIENTED_EDGE ( 'NONE', *, *, #1, .F. ) ;
#1613 = CARTESIAN_POINT ( 'NONE',  ( 90.00000000000000000, -17.99999999999996092, 72.50000000000001421 ) ) ;
#1614 = EDGE_LOOP ( 'NONE', ( #1049, #1198, #2035, #494 ) ) ;
#1615 = CARTESIAN_POINT ( 'NONE',  ( -90.00000000000000000, -12.50000000000003908, 71.80000000000002558 ) ) ;
#1616 = CARTESIAN_POINT ( 'NONE',  ( 90.00000000000000000, -1.999999999999946265, -73.59999999999978115 ) ) ;
#1617 = ORIENTED_EDGE ( 'NONE', *, *, #2810, .T. ) ;
#1618 = DIRECTION ( 'NONE',  ( 1.000000000000000000, -0.000000000000000000, 0.000000000000000000 ) ) ;
#1619 = EDGE_CURVE ( 'NONE', #1111, #277, #2623, .T. ) ;
#1620 = MECHANICAL_DESIGN_GEOMETRIC_PRESENTATION_REPRESENTATION (  '', ( #1854 ), #2523 ) ;
#1621 = FACE_OUTER_BOUND ( 'NONE', #1703, .T. ) ;
#1622 = DIRECTION ( 'NONE',  ( 1.000000000000000000, 0.000000000000000000, 0.000000000000000000 ) ) ;
#1623 = PRESENTATION_LAYER_ASSIGNMENT (  '', '', ( #304 ) ) ;
#1624 = PRODUCT_DEFINITION ( '未知', '', #2353, #990 ) ;
#1625 = FACE_OUTER_BOUND ( 'NONE', #561, .T. ) ;
#1626 = PLANE ( 'NONE',  #1030 ) ;
#1627 = FACE_OUTER_BOUND ( 'NONE', #2166, .T. ) ;
#1628 =( GEOMETRIC_REPRESENTATION_CONTEXT ( 3 ) GLOBAL_UNCERTAINTY_ASSIGNED_CONTEXT ( ( #980 ) ) GLOBAL_UNIT_ASSIGNED_CONTEXT ( ( #2013, #490, #39 ) ) REPRESENTATION_CONTEXT ( 'NONE', 'WORKASPACE' ) );
#1629 = CIRCLE ( 'NONE', #2314, 1.250000000000015099 ) ;
#1630 = CARTESIAN_POINT ( 'NONE',  ( 90.00000000000000000, -16.00000000000004263, -73.99999999999972999 ) ) ;
#1631 = ORIENTED_EDGE ( 'NONE', *, *, #657, .F. ) ;
#1632 = LINE ( 'NONE', #2711, #392 ) ;
#1633 = DIRECTION ( 'NONE',  ( 0.000000000000000000, 0.000000000000000000, 1.000000000000000000 ) ) ;
#1634 = CARTESIAN_POINT ( 'NONE',  ( -90.00000000000000000, -1.999999999999946265, -74.19999999999970441 ) ) ;
#1635 = FACE_OUTER_BOUND ( 'NONE', #902, .T. ) ;
#1636 = EDGE_CURVE ( 'NONE', #391, #4, #1508, .T. ) ;
#1637 = CARTESIAN_POINT ( 'NONE',  ( 90.00000000000000000, 2.499999999999974243, 73.70000000000004547 ) ) ;
#1638 = ITEM_DEFINED_TRANSFORMATION ( 'NONE', 'NONE', #2254,  #300 ) ;
#1639 = CARTESIAN_POINT ( 'NONE',  ( -90.00000000000000000, -17.59077209349047166, -70.19999999999970441 ) ) ;
#1640 = CIRCLE ( 'NONE', #414, 1.249999999999904077 ) ;
#1641 = UNCERTAINTY_MEASURE_WITH_UNIT (LENGTH_MEASURE( 1.000000000000000082E-05 ), #1590, 'distance_accuracy_value', 'NONE');
#1642 = PRESENTATION_LAYER_ASSIGNMENT (  '', '', ( #1784 ) ) ;
#1643 = DIRECTION ( 'NONE',  ( -1.000000000000000000, 0.000000000000000000, -0.000000000000000000 ) ) ;
#1644 = ORIENTED_EDGE ( 'NONE', *, *, #2600, .F. ) ;
#1645 = SURFACE_STYLE_USAGE ( .BOTH. , #778 ) ;
#1646 = LINE ( 'NONE', #1655, #2141 ) ;
#1647 = ORIENTED_EDGE ( 'NONE', *, *, #1707, .F. ) ;
#1648 =( NAMED_UNIT ( * ) SI_UNIT ( $, .STERADIAN. ) SOLID_ANGLE_UNIT ( ) );
#1649 =( LENGTH_UNIT ( ) NAMED_UNIT ( * ) SI_UNIT ( .MILLI., .METRE. ) );
#1650 = AXIS2_PLACEMENT_3D ( 'NONE', #476, #1340, #1908 ) ;
#1651 = SURFACE_STYLE_USAGE ( .BOTH. , #518 ) ;
#1652 = ADVANCED_FACE ( 'NONE', ( #1469 ), #174, .T. ) ;
#1653 = ORIENTED_EDGE ( 'NONE', *, *, #1036, .T. ) ;
#1654 = LINE ( 'NONE', #311, #629 ) ;
#1655 = CARTESIAN_POINT ( 'NONE',  ( -90.00000000000000000, 0.000000000000000000, 74.59999999999999432 ) ) ;
#1656 = ORIENTED_EDGE ( 'NONE', *, *, #1849, .T. ) ;
#1657 = EDGE_CURVE ( 'NONE', #1090, #14, #451, .T. ) ;
#1658 = VECTOR ( 'NONE', #466, 1000.000000000000000 ) ;
#1659 = PRESENTATION_STYLE_ASSIGNMENT (( #2484 ) ) ;
#1660 = DIRECTION ( 'NONE',  ( 0.000000000000000000, -0.000000000000000000, -1.000000000000000000 ) ) ;
#1661 = FACE_OUTER_BOUND ( 'NONE', #1316, .T. ) ;
#1662 = COLOUR_RGB ( '',0.8980392156862745390, 0.9176470588235293713, 0.9294117647058823817 ) ;
#1663 = VECTOR ( 'NONE', #2791, 1000.000000000000000 ) ;
#1664 = SURFACE_STYLE_USAGE ( .BOTH. , #342 ) ;
#1665 = CIRCLE ( 'NONE', #1523, 0.1999999999999363398 ) ;
#1666 = DIRECTION ( 'NONE',  ( -1.000000000000000000, -0.000000000000000000, -0.000000000000000000 ) ) ;
#1667 = FACE_OUTER_BOUND ( 'NONE', #192, .T. ) ;
#1668 = ADVANCED_FACE ( 'NONE', ( #2038 ), #2450, .T. ) ;
#1669 = PRESENTATION_STYLE_ASSIGNMENT (( #344 ) ) ;
#1670 = CIRCLE ( 'NONE', #1224, 0.5000000000000837108 ) ;
#1671 = ORIENTED_EDGE ( 'NONE', *, *, #2361, .F. ) ;
#1672 = STYLED_ITEM ( 'NONE', ( #1388 ), #1290 ) ;
#1673 = VECTOR ( 'NONE', #1680, 1000.000000000000000 ) ;
#1674 = PLANE ( 'NONE',  #352 ) ;
#1675 = VERTEX_POINT ( 'NONE', #1556 ) ;
#1676 = SURFACE_STYLE_USAGE ( .BOTH. , #2160 ) ;
#1677 = FACE_OUTER_BOUND ( 'NONE', #2796, .T. ) ;
#1678 = CARTESIAN_POINT ( 'NONE',  ( -90.00000000000000000, 5.551115123125782702E-14, -75.99999999999972999 ) ) ;
#1679 = FILL_AREA_STYLE_COLOUR ( '', #1482 ) ;
#1680 = DIRECTION ( 'NONE',  ( -1.000000000000000000, -0.000000000000000000, -0.000000000000000000 ) ) ;
#1681 = CARTESIAN_POINT ( 'NONE',  ( 90.00000000000000000, -16.20000000000003482, 72.22474668970602352 ) ) ;
#1682 = EDGE_LOOP ( 'NONE', ( #2057, #176, #1612, #2231 ) ) ;
#1683 = STYLED_ITEM ( 'NONE', ( #1659 ), #181 ) ;
#1684 = STYLED_ITEM ( 'NONE', ( #2244 ), #1133 ) ;
#1685 = DIRECTION ( 'NONE',  ( 0.000000000000000000, -1.000000000000000000, 0.000000000000000000 ) ) ;
#1686 =( NAMED_UNIT ( * ) SI_UNIT ( $, .STERADIAN. ) SOLID_ANGLE_UNIT ( ) );
#1687 = VERTEX_POINT ( 'NONE', #715 ) ;
#1688 = SURFACE_STYLE_FILL_AREA ( #2127 ) ;
#1689 = EDGE_CURVE ( 'NONE', #2643, #366, #1333, .T. ) ;
#1690 = SURFACE_STYLE_USAGE ( .BOTH. , #1929 ) ;
#1691 = CARTESIAN_POINT ( 'NONE',  ( 90.00000000000000000, -3.499999999999947597, 0.000000000000000000 ) ) ;
#1692 = ORIENTED_EDGE ( 'NONE', *, *, #2394, .T. ) ;
#1693 = FILL_AREA_STYLE_COLOUR ( '', #2264 ) ;
#1694 = FILL_AREA_STYLE_COLOUR ( '', #1757 ) ;
#1695 = DIRECTION ( 'NONE',  ( 0.000000000000000000, 0.000000000000000000, -1.000000000000000000 ) ) ;
#1696 = DIRECTION ( 'NONE',  ( 0.000000000000000000, 0.000000000000000000, 1.000000000000000000 ) ) ;
#1697 = PRESENTATION_STYLE_ASSIGNMENT (( #606 ) ) ;
#1698 = SURFACE_SIDE_STYLE ('',( #2783 ) ) ;
#1699 = ORIENTED_EDGE ( 'NONE', *, *, #2580, .F. ) ;
#1700 = COLOUR_RGB ( '',0.8980392156862745390, 0.9176470588235293713, 0.9294117647058823817 ) ;
#1701 =( NAMED_UNIT ( * ) SI_UNIT ( $, .STERADIAN. ) SOLID_ANGLE_UNIT ( ) );
#1702 = DIRECTION ( 'NONE',  ( 0.000000000000000000, 0.000000000000000000, 1.000000000000000000 ) ) ;
#1703 = EDGE_LOOP ( 'NONE', ( #1647, #639, #864, #1557 ) ) ;
#1704 = CARTESIAN_POINT ( 'NONE',  ( 90.00000000000000000, -17.59077209349045745, 70.20000000000004547 ) ) ;
#1705 = DIRECTION ( 'NONE',  ( 0.000000000000000000, -0.000000000000000000, 1.000000000000000000 ) ) ;
#1706 = LINE ( 'NONE', #828, #1005 ) ;
#1707 = EDGE_CURVE ( 'NONE', #303, #1238, #1665, .T. ) ;
#1708 = ORIENTED_EDGE ( 'NONE', *, *, #464, .F. ) ;
#1709 = PRESENTATION_STYLE_ASSIGNMENT (( #461 ) ) ;
#1710 = CARTESIAN_POINT ( 'NONE',  ( 90.00000000000000000, 2.499999999999974243, 73.70000000000004547 ) ) ;
#1711 = FACE_OUTER_BOUND ( 'NONE', #925, .T. ) ;
#1712 = PLANE ( 'NONE',  #41 ) ;
#1713 = EDGE_CURVE ( 'NONE', #946, #2233, #1540, .T. ) ;
#1714 = CIRCLE ( 'NONE', #1808, 0.1999999999999918510 ) ;
#1715 = VECTOR ( 'NONE', #1288, 1000.000000000000000 ) ;
#1716 = LINE ( 'NONE', #422, #758 ) ;
#1717 = ORIENTED_EDGE ( 'NONE', *, *, #1895, .F. ) ;
#1718 = FILL_AREA_STYLE ('',( #2774 ) ) ;
#1719 = ORIENTED_EDGE ( 'NONE', *, *, #714, .T. ) ;
#1720 = VECTOR ( 'NONE', #1161, 1000.000000000000000 ) ;
#1721 = CARTESIAN_POINT ( 'NONE',  ( -90.00000000000000000, -1.612873807284462410E-12, 70.00000000000046896 ) ) ;
#1722 = MECHANICAL_DESIGN_GEOMETRIC_PRESENTATION_REPRESENTATION (  '', ( #2587 ), #2541 ) ;
#1723 = SHAPE_REPRESENTATION ( 'SC-FT152x44-K143', ( #300 ), #2041 ) ;
#1724 = PRESENTATION_STYLE_ASSIGNMENT (( #2562 ) ) ;
#1725 = STYLED_ITEM ( 'NONE', ( #1211 ), #2380 ) ;
#1726 = DIRECTION ( 'NONE',  ( 1.000000000000000000, -0.000000000000000000, 0.000000000000000000 ) ) ;
#1727 = PRESENTATION_STYLE_ASSIGNMENT (( #854 ) ) ;
#1728 = EDGE_CURVE ( 'NONE', #281, #497, #2713, .T. ) ;
#1729 = FACE_OUTER_BOUND ( 'NONE', #1614, .T. ) ;
#1730 = DIRECTION ( 'NONE',  ( -1.000000000000000000, 0.000000000000000000, -0.000000000000000000 ) ) ;
#1731 = UNCERTAINTY_MEASURE_WITH_UNIT (LENGTH_MEASURE( 1.000000000000000082E-05 ), #869, 'distance_accuracy_value', 'NONE');
#1732 = LINE ( 'NONE', #1500, #1027 ) ;
#1733 = ORIENTED_EDGE ( 'NONE', *, *, #630, .F. ) ;
#1734 = CARTESIAN_POINT ( 'NONE',  ( 90.00000000000000000, -18.00000000000004263, -72.49999999999967315 ) ) ;
#1735 = VERTEX_POINT ( 'NONE', #2189 ) ;
#1736 = CYLINDRICAL_SURFACE ( 'NONE', #400, 2.000000000000001776 ) ;
#1737 = VECTOR ( 'NONE', #1979, 999.9999999999998863 ) ;
#1738 = FILL_AREA_STYLE_COLOUR ( '', #454 ) ;
#1739 = CYLINDRICAL_SURFACE ( 'NONE', #2312, 1.250000000000015099 ) ;
#1740 = DIRECTION ( 'NONE',  ( 0.000000000000000000, -1.000000000000000000, -6.405132834376609743E-14 ) ) ;
#1741 = DIRECTION ( 'NONE',  ( -1.000000000000000000, -0.000000000000000000, -0.000000000000000000 ) ) ;
#1742 = EDGE_CURVE ( 'NONE', #648, #2715, #235, .T. ) ;
#1743 = EDGE_LOOP ( 'NONE', ( #425, #636, #242, #1033 ) ) ;
#1744 = ORIENTED_EDGE ( 'NONE', *, *, #1400, .F. ) ;
#1745 =( LENGTH_UNIT ( ) NAMED_UNIT ( * ) SI_UNIT ( .MILLI., .METRE. ) );
#1746 = DIRECTION ( 'NONE',  ( 0.000000000000000000, 1.000000000000000000, 0.000000000000000000 ) ) ;
#1747 = EDGE_CURVE ( 'NONE', #497, #314, #1754, .T. ) ;
#1748 = ORIENTED_EDGE ( 'NONE', *, *, #696, .T. ) ;
#1749 = SURFACE_STYLE_USAGE ( .BOTH. , #9 ) ;
#1750 = DIRECTION ( 'NONE',  ( 0.000000000000000000, 0.000000000000000000, 1.000000000000000000 ) ) ;
#1751 = LINE ( 'NONE', #876, #173 ) ;
#1752 = MECHANICAL_DESIGN_GEOMETRIC_PRESENTATION_REPRESENTATION (  '', ( #1160 ), #297 ) ;
#1753 = AXIS2_PLACEMENT_3D ( 'NONE', #619, #2152, #2402 ) ;
#1754 = LINE ( 'NONE', #2420, #1913 ) ;
#1755 = EDGE_LOOP ( 'NONE', ( #2324, #1577, #1805, #2635 ) ) ;
#1756 = PRESENTATION_LAYER_ASSIGNMENT (  '', '', ( #1521 ) ) ;
#1757 = COLOUR_RGB ( '',0.8980392156862745390, 0.9176470588235293713, 0.9294117647058823817 ) ;
#1758 = VECTOR ( 'NONE', #2507, 1000.000000000000000 ) ;
#1759 = ADVANCED_FACE ( 'NONE', ( #517 ), #1626, .F. ) ;
#1760 = VERTEX_POINT ( 'NONE', #2488 ) ;
#1761 = VECTOR ( 'NONE', #2739, 1000.000000000000000 ) ;
#1762 =( LENGTH_UNIT ( ) NAMED_UNIT ( * ) SI_UNIT ( .MILLI., .METRE. ) );
#1763 = AXIS2_PLACEMENT_3D ( 'NONE', #1616, #2479, #1633 ) ;
#1764 = CARTESIAN_POINT ( 'NONE',  ( -90.00000000000000000, -2.999999999999947153, -71.79999999999975557 ) ) ;
#1765 = EDGE_CURVE ( 'NONE', #259, #1080, #1395, .T. ) ;
#1766 = ORIENTED_EDGE ( 'NONE', *, *, #863, .T. ) ;
#1767 = STYLED_ITEM ( 'NONE', ( #993 ), #2208 ) ;
#1768 = CIRCLE ( 'NONE', #1449, 1.250000000000015099 ) ;
#1769 = MECHANICAL_DESIGN_GEOMETRIC_PRESENTATION_REPRESENTATION (  '', ( #546 ), #813 ) ;
#1770 = LINE ( 'NONE', #683, #432 ) ;
#1771 = DIRECTION ( 'NONE',  ( 1.000000000000000000, -0.000000000000000000, 0.000000000000000000 ) ) ;
#1772 = DIRECTION ( 'NONE',  ( 0.000000000000000000, 1.000000000000000000, 0.000000000000000000 ) ) ;
#1773 = COLOUR_RGB ( '',0.8980392156862745390, 0.9176470588235293713, 0.9294117647058823817 ) ;
#1774 = CARTESIAN_POINT ( 'NONE',  ( -90.00000000000000000, -3.499999999999947597, -73.99999999999972999 ) ) ;
#1775 = DIRECTION ( 'NONE',  ( 0.000000000000000000, -0.000000000000000000, -1.000000000000000000 ) ) ;
#1776 = ORIENTED_EDGE ( 'NONE', *, *, #1007, .T. ) ;
#1777 = DIRECTION ( 'NONE',  ( -0.000000000000000000, 0.9659258262890564328, 0.2588190451025653149 ) ) ;
#1778 = ORIENTED_EDGE ( 'NONE', *, *, #2053, .F. ) ;
#1779 = CARTESIAN_POINT ( 'NONE',  ( -90.00000000000000000, 0.000000000000000000, 76.00000000000001421 ) ) ;
#1780 = DIRECTION ( 'NONE',  ( -1.000000000000000000, -0.000000000000000000, -0.000000000000000000 ) ) ;
#1781 = AXIS2_PLACEMENT_3D ( 'NONE', #1068, #138, #802 ) ;
#1782 = ORIENTED_EDGE ( 'NONE', *, *, #316, .T. ) ;
#1783 = CARTESIAN_POINT ( 'NONE',  ( 90.00000000000000000, 0.000000000000000000, -75.99999999999972999 ) ) ;
#1784 = STYLED_ITEM ( 'NONE', ( #1280 ), #207 ) ;
#1785 = CIRCLE ( 'NONE', #512, 0.4999999999999726885 ) ;
#1786 = SURFACE_STYLE_FILL_AREA ( #38 ) ;
#1787 = FILL_AREA_STYLE_COLOUR ( '', #803 ) ;
#1788 = DIRECTION ( 'NONE',  ( -0.000000000000000000, 1.000000000000000000, 0.000000000000000000 ) ) ;
#1789 = EDGE_CURVE ( 'NONE', #2728, #1885, #534, .T. ) ;
#1790 = EDGE_LOOP ( 'NONE', ( #2706, #2491, #780, #74 ) ) ;
#1791 = DIRECTION ( 'NONE',  ( -0.000000000000000000, 0.000000000000000000, 1.000000000000000000 ) ) ;
#1792 = ORIENTED_EDGE ( 'NONE', *, *, #1044, .F. ) ;
#1793 = DIRECTION ( 'NONE',  ( 0.000000000000000000, 0.000000000000000000, -1.000000000000000000 ) ) ;
#1794 = DIRECTION ( 'NONE',  ( 0.000000000000000000, -1.000000000000000000, 0.000000000000000000 ) ) ;
#1795 = VERTEX_POINT ( 'NONE', #2268 ) ;
#1796 =( LENGTH_UNIT ( ) NAMED_UNIT ( * ) SI_UNIT ( .MILLI., .METRE. ) );
#1797 = EDGE_CURVE ( 'NONE', #1345, #969, #537, .T. ) ;
#1798 =( NAMED_UNIT ( * ) SI_UNIT ( $, .STERADIAN. ) SOLID_ANGLE_UNIT ( ) );
#1799 = LINE ( 'NONE', #1581, #222 ) ;
#1800 = SURFACE_STYLE_USAGE ( .BOTH. , #700 ) ;
#1801 = EDGE_CURVE ( 'NONE', #777, #1090, #2727, .T. ) ;
#1802 = ORIENTED_EDGE ( 'NONE', *, *, #13, .F. ) ;
#1803 =( GEOMETRIC_REPRESENTATION_CONTEXT ( 3 ) GLOBAL_UNCERTAINTY_ASSIGNED_CONTEXT ( ( #2025 ) ) GLOBAL_UNIT_ASSIGNED_CONTEXT ( ( #199, #187, #1962 ) ) REPRESENTATION_CONTEXT ( 'NONE', 'WORKASPACE' ) );
#1804 = DIRECTION ( 'NONE',  ( 0.000000000000000000, -0.2588190451025652594, 0.9659258262890563218 ) ) ;
#1805 = ORIENTED_EDGE ( 'NONE', *, *, #1369, .F. ) ;
#1806 = VECTOR ( 'NONE', #2694, 1000.000000000000000 ) ;
#1807 =( GEOMETRIC_REPRESENTATION_CONTEXT ( 3 ) GLOBAL_UNCERTAINTY_ASSIGNED_CONTEXT ( ( #2164 ) ) GLOBAL_UNIT_ASSIGNED_CONTEXT ( ( #140, #595, #2750 ) ) REPRESENTATION_CONTEXT ( 'NONE', 'WORKASPACE' ) );
#1808 = AXIS2_PLACEMENT_3D ( 'NONE', #1639, #604, #2765 ) ;
#1809 = AXIS2_PLACEMENT_3D ( 'NONE', #645, #1028, #833 ) ;
#1810 = EDGE_LOOP ( 'NONE', ( #2573, #1415, #581, #1190 ) ) ;
#1811 = DIRECTION ( 'NONE',  ( -1.000000000000000000, 0.000000000000000000, -0.000000000000000000 ) ) ;
#1812 = SURFACE_STYLE_USAGE ( .BOTH. , #1826 ) ;
#1813 = COLOUR_RGB ( '',0.8980392156862745390, 0.9176470588235293713, 0.9294117647058823817 ) ;
#1814 = SURFACE_STYLE_FILL_AREA ( #2239 ) ;
#1815 = EDGE_CURVE ( 'NONE', #647, #2082, #1863, .T. ) ;
#1816 = VECTOR ( 'NONE', #2327, 1000.000000000000000 ) ;
#1817 = AXIS2_PLACEMENT_3D ( 'NONE', #1183, #1618, #931 ) ;
#1818 = DIRECTION ( 'NONE',  ( 0.000000000000000000, -1.000000000000000000, 0.000000000000000000 ) ) ;
#1819 = ORIENTED_EDGE ( 'NONE', *, *, #1567, .T. ) ;
#1820 = VERTEX_POINT ( 'NONE', #2315 ) ;
#1821 = DIRECTION ( 'NONE',  ( 0.000000000000000000, 0.2588190451025653149, -0.9659258262890564328 ) ) ;
#1822 = CARTESIAN_POINT ( 'NONE',  ( -90.00000000000000000, -17.99999999999996092, 71.25000000000000000 ) ) ;
#1823 = EDGE_LOOP ( 'NONE', ( #376, #480, #27, #202 ) ) ;
#1824 = DIRECTION ( 'NONE',  ( 0.000000000000000000, -6.405132834376608481E-14, 1.000000000000000000 ) ) ;
#1825 = PRESENTATION_LAYER_ASSIGNMENT (  '', '', ( #2154 ) ) ;
#1826 = SURFACE_SIDE_STYLE ('',( #1786 ) ) ;
#1827 = CARTESIAN_POINT ( 'NONE',  ( 90.00000000000000000, -17.67647619362185196, -71.29259271713850410 ) ) ;
#1828 = DIRECTION ( 'NONE',  ( -9.818413532511357265E-19, 8.317306476264680994E-19, -1.000000000000000000 ) ) ;
#1829 = AXIS2_PLACEMENT_3D ( 'NONE', #2699, #2077, #2735 ) ;
#1830 = CYLINDRICAL_SURFACE ( 'NONE', #1216, 0.4999999999999726885 ) ;
#1831 = VERTEX_POINT ( 'NONE', #318 ) ;
#1832 = EDGE_CURVE ( 'NONE', #2775, #2693, #1425, .T. ) ;
#1833 = SURFACE_SIDE_STYLE ('',( #1221 ) ) ;
#1834 = ORIENTED_EDGE ( 'NONE', *, *, #646, .F. ) ;
#1835 =( NAMED_UNIT ( * ) SI_UNIT ( $, .STERADIAN. ) SOLID_ANGLE_UNIT ( ) );
#1836 = CARTESIAN_POINT ( 'NONE',  ( 90.00000000000000000, -18.00000000000004263, -71.24999999999977263 ) ) ;
#1837 = ORIENTED_EDGE ( 'NONE', *, *, #63, .T. ) ;
#1838 =( NAMED_UNIT ( * ) SI_UNIT ( $, .STERADIAN. ) SOLID_ANGLE_UNIT ( ) );
#1839 = SURFACE_STYLE_FILL_AREA ( #353 ) ;
#1840 = CARTESIAN_POINT ( 'NONE',  ( -90.00000000000000000, -18.00000000000004263, -72.49999999999967315 ) ) ;
#1841 = CARTESIAN_POINT ( 'NONE',  ( 90.00000000000000000, -17.59077209349045745, 70.00000000000005684 ) ) ;
#1842 = DIRECTION ( 'NONE',  ( 0.000000000000000000, 0.000000000000000000, 1.000000000000000000 ) ) ;
#1843 = STYLED_ITEM ( 'NONE', ( #2227 ), #785 ) ;
#1844 = SURFACE_STYLE_FILL_AREA ( #740 ) ;
#1845 = CARTESIAN_POINT ( 'NONE',  ( 90.00000000000000000, -17.59077209349047166, -70.19999999999970441 ) ) ;
#1846 = CARTESIAN_POINT ( 'NONE',  ( -90.00000000000000000, 0.000000000000000000, 76.00000000000001421 ) ) ;
#1847 = CARTESIAN_POINT ( 'NONE',  ( 90.00000000000000000, -14.00000000000004086, -71.79999999999975557 ) ) ;
#1848 = ORIENTED_EDGE ( 'NONE', *, *, #738, .F. ) ;
#1849 = EDGE_CURVE ( 'NONE', #1163, #2072, #1312, .T. ) ;
#1850 = DIRECTION ( 'NONE',  ( 1.000000000000000000, -0.000000000000000000, 0.000000000000000000 ) ) ;
#1851 = VERTEX_POINT ( 'NONE', #759 ) ;
#1852 = STYLED_ITEM ( 'NONE', ( #2376 ), #2759 ) ;
#1853 = FACE_OUTER_BOUND ( 'NONE', #1182, .T. ) ;
#1854 = STYLED_ITEM ( 'NONE', ( #1709 ), #746 ) ;
#1855 = PRESENTATION_LAYER_ASSIGNMENT (  '', '', ( #1166 ) ) ;
#1856 = UNCERTAINTY_MEASURE_WITH_UNIT (LENGTH_MEASURE( 1.000000000000000082E-05 ), #796, 'distance_accuracy_value', 'NONE');
#1857 = ADVANCED_FACE ( 'NONE', ( #360 ), #553, .F. ) ;
#1858 = FACE_OUTER_BOUND ( 'NONE', #2101, .T. ) ;
#1859 = CARTESIAN_POINT ( 'NONE',  ( 90.00000000000000000, -14.00000000000004086, -73.99999999999972999 ) ) ;
#1860 = LINE ( 'NONE', #1201, #30 ) ;
#1861 = PRESENTATION_STYLE_ASSIGNMENT (( #2283 ) ) ;
#1862 = VECTOR ( 'NONE', #115, 1000.000000000000000 ) ;
#1863 = LINE ( 'NONE', #2517, #936 ) ;
#1864 =( NAMED_UNIT ( * ) PLANE_ANGLE_UNIT ( ) SI_UNIT ( $, .RADIAN. ) );
#1865 = AXIS2_PLACEMENT_3D ( 'NONE', #1510, #2345, #1702 ) ;
#1866 = AXIS2_PLACEMENT_3D ( 'NONE', #1783, #2428, #874 ) ;
#1867 = LINE ( 'NONE', #2097, #932 ) ;
#1868 = ORIENTED_EDGE ( 'NONE', *, *, #2703, .F. ) ;
#1869 = AXIS2_PLACEMENT_3D ( 'NONE', #2629, #903, #1336 ) ;
#1870 = FILL_AREA_STYLE_COLOUR ( '', #893 ) ;
#1871 = FILL_AREA_STYLE ('',( #312 ) ) ;
#1872 = ORIENTED_EDGE ( 'NONE', *, *, #1976, .F. ) ;
#1873 = CARTESIAN_POINT ( 'NONE',  ( 90.00000000000000000, 0.000000000000000000, 74.00000000000001421 ) ) ;
#1874 = PRESENTATION_STYLE_ASSIGNMENT (( #992 ) ) ;
#1875 = CYLINDRICAL_SURFACE ( 'NONE', #2225, 0.1999999999999363398 ) ;
#1876 = DIRECTION ( 'NONE',  ( 1.000000000000000000, 0.000000000000000000, 0.000000000000000000 ) ) ;
#1877 = FILL_AREA_STYLE ('',( #1010 ) ) ;
#1878 = COLOUR_RGB ( '',0.8980392156862745390, 0.9176470588235293713, 0.9294117647058823817 ) ;
#1879 = ORIENTED_EDGE ( 'NONE', *, *, #2668, .T. ) ;
#1880 =( REPRESENTATION_RELATIONSHIP ('NONE','NONE', #131, #1723 ) REPRESENTATION_RELATIONSHIP_WITH_TRANSFORMATION ( #1638 )SHAPE_REPRESENTATION_RELATIONSHIP( ) );
#1881 = UNCERTAINTY_MEASURE_WITH_UNIT (LENGTH_MEASURE( 1.000000000000000082E-05 ), #1596, 'distance_accuracy_value', 'NONE');
#1882 =( GEOMETRIC_REPRESENTATION_CONTEXT ( 3 ) GLOBAL_UNCERTAINTY_ASSIGNED_CONTEXT ( ( #2812 ) ) GLOBAL_UNIT_ASSIGNED_CONTEXT ( ( #1337, #2047, #723 ) ) REPRESENTATION_CONTEXT ( 'NONE', 'WORKASPACE' ) );
#1883 = EDGE_CURVE ( 'NONE', #733, #1900, #1947, .T. ) ;
#1884 = SURFACE_STYLE_USAGE ( .BOTH. , #1833 ) ;
#1885 = VERTEX_POINT ( 'NONE', #1042 ) ;
#1886 =( NAMED_UNIT ( * ) SI_UNIT ( $, .STERADIAN. ) SOLID_ANGLE_UNIT ( ) );
#1887 = CYLINDRICAL_SURFACE ( 'NONE', #1865, 1.249999999999904077 ) ;
#1888 = VERTEX_POINT ( 'NONE', #593 ) ;
#1889 = SURFACE_SIDE_STYLE ('',( #837 ) ) ;
#1890 = UNCERTAINTY_MEASURE_WITH_UNIT (LENGTH_MEASURE( 1.000000000000000082E-05 ), #2822, 'distance_accuracy_value', 'NONE');
#1891 = SURFACE_SIDE_STYLE ('',( #749 ) ) ;
#1892 = FILL_AREA_STYLE_COLOUR ( '', #1898 ) ;
#1893 = CARTESIAN_POINT ( 'NONE',  ( -90.00000000000000000, -22.00000000000003197, 74.00000000000001421 ) ) ;
#1894 =( NAMED_UNIT ( * ) SI_UNIT ( $, .STERADIAN. ) SOLID_ANGLE_UNIT ( ) );
#1895 = EDGE_CURVE ( 'NONE', #1735, #62, #831, .T. ) ;
#1896 = DIRECTION ( 'NONE',  ( 0.000000000000000000, 0.000000000000000000, -1.000000000000000000 ) ) ;
#1897 = DIRECTION ( 'NONE',  ( -1.000000000000000000, -0.000000000000000000, -0.000000000000000000 ) ) ;
#1898 = COLOUR_RGB ( '',0.8980392156862745390, 0.9176470588235293713, 0.9294117647058823817 ) ;
#1899 = LINE ( 'NONE', #2583, #1546 ) ;
#1900 = VERTEX_POINT ( 'NONE', #1057 ) ;
#1901 =( NAMED_UNIT ( * ) PLANE_ANGLE_UNIT ( ) SI_UNIT ( $, .RADIAN. ) );
#1902 = DIRECTION ( 'NONE',  ( 0.000000000000000000, 0.000000000000000000, -1.000000000000000000 ) ) ;
#1903 = ORIENTED_EDGE ( 'NONE', *, *, #1938, .T. ) ;
#1904 = LINE ( 'NONE', #351, #1537 ) ;
#1905 = VECTOR ( 'NONE', #2572, 1000.000000000000000 ) ;
#1906 = DIRECTION ( 'NONE',  ( -1.000000000000000000, -0.000000000000000000, -0.000000000000000000 ) ) ;
#1907 = MECHANICAL_DESIGN_GEOMETRIC_PRESENTATION_REPRESENTATION (  '', ( #1852 ), #1803 ) ;
#1908 = DIRECTION ( 'NONE',  ( 0.000000000000000000, 0.000000000000000000, -1.000000000000000000 ) ) ;
#1909 = CARTESIAN_POINT ( 'NONE',  ( 90.00000000000000000, 0.000000000000000000, 71.80000000000002558 ) ) ;
#1910 =( GEOMETRIC_REPRESENTATION_CONTEXT ( 3 ) GLOBAL_UNCERTAINTY_ASSIGNED_CONTEXT ( ( #2308 ) ) GLOBAL_UNIT_ASSIGNED_CONTEXT ( ( #975, #784, #2297 ) ) REPRESENTATION_CONTEXT ( 'NONE', 'WORKASPACE' ) );
#1911 = AXIS2_PLACEMENT_3D ( 'NONE', #689, #2028, #58 ) ;
#1912 = CARTESIAN_POINT ( 'NONE',  ( -90.00000000000000000, -20.00000000000003197, 70.00000000000000000 ) ) ;
#1913 = VECTOR ( 'NONE', #468, 1000.000000000000000 ) ;
#1914 = CARTESIAN_POINT ( 'NONE',  ( -90.00000000000000000, -16.00000000000004263, -72.22474668970579614 ) ) ;
#1915 = SURFACE_STYLE_FILL_AREA ( #374 ) ;
#1916 = UNCERTAINTY_MEASURE_WITH_UNIT (LENGTH_MEASURE( 1.000000000000000082E-05 ), #1376, 'distance_accuracy_value', 'NONE');
#1917 =( GEOMETRIC_REPRESENTATION_CONTEXT ( 3 ) GLOBAL_UNCERTAINTY_ASSIGNED_CONTEXT ( ( #246 ) ) GLOBAL_UNIT_ASSIGNED_CONTEXT ( ( #103, #571, #1886 ) ) REPRESENTATION_CONTEXT ( 'NONE', 'WORKASPACE' ) );
#1918 = CARTESIAN_POINT ( 'NONE',  ( -90.00000000000000000, -20.00000000000003197, 74.00000000000001421 ) ) ;
#1919 = VECTOR ( 'NONE', #1097, 1000.000000000000000 ) ;
#1920 = EDGE_CURVE ( 'NONE', #946, #2731, #386, .T. ) ;
#1921 = ORIENTED_EDGE ( 'NONE', *, *, #175, .F. ) ;
#1922 = AXIS2_PLACEMENT_3D ( 'NONE', #2634, #1545, #1902 ) ;
#1923 = MECHANICAL_DESIGN_GEOMETRIC_PRESENTATION_REPRESENTATION (  '', ( #1532 ), #2633 ) ;
#1924 = VECTOR ( 'NONE', #2792, 1000.000000000000000 ) ;
#1925 = CARTESIAN_POINT ( 'NONE',  ( 90.00000000000000000, -18.00000000000004263, -72.49999999999967315 ) ) ;
#1926 = SURFACE_STYLE_USAGE ( .BOTH. , #159 ) ;
#1927 =( GEOMETRIC_REPRESENTATION_CONTEXT ( 3 ) GLOBAL_UNCERTAINTY_ASSIGNED_CONTEXT ( ( #1017 ) ) GLOBAL_UNIT_ASSIGNED_CONTEXT ( ( #1745, #1560, #677 ) ) REPRESENTATION_CONTEXT ( 'NONE', 'WORKASPACE' ) );
#1928 = ORIENTED_EDGE ( 'NONE', *, *, #2018, .T. ) ;
#1929 = SURFACE_SIDE_STYLE ('',( #381 ) ) ;
#1930 = CARTESIAN_POINT ( 'NONE',  ( 90.00000000000000000, -14.00000000000004086, -73.99999999999972999 ) ) ;
#1931 = EDGE_CURVE ( 'NONE', #281, #2351, #2357, .T. ) ;
#1932 = DIRECTION ( 'NONE',  ( 1.000000000000000000, 0.000000000000000000, -0.000000000000000000 ) ) ;
#1933 = CARTESIAN_POINT ( 'NONE',  ( -90.00000000000000000, -2.999999999999947153, -72.29999999999969873 ) ) ;
#1934 = DIRECTION ( 'NONE',  ( -1.000000000000000000, -0.000000000000000000, -0.000000000000000000 ) ) ;
#1935 = SURFACE_STYLE_FILL_AREA ( #1255 ) ;
#1936 = FILL_AREA_STYLE ('',( #1045 ) ) ;
#1937 = VERTEX_POINT ( 'NONE', #1710 ) ;
#1938 = EDGE_CURVE ( 'NONE', #2731, #2673, #373, .T. ) ;
#1939 = CARTESIAN_POINT ( 'NONE',  ( 90.00000000000000000, 0.000000000000000000, 74.00000000000001421 ) ) ;
#1940 = SURFACE_STYLE_FILL_AREA ( #638 ) ;
#1941 = DIRECTION ( 'NONE',  ( -1.000000000000000000, -0.000000000000000000, -0.000000000000000000 ) ) ;
#1942 = FILL_AREA_STYLE ('',( #2551 ) ) ;
#1943 = DIRECTION ( 'NONE',  ( -1.000000000000000000, -0.000000000000000000, -0.000000000000000000 ) ) ;
#1944 = EDGE_CURVE ( 'NONE', #1338, #510, #1465, .T. ) ;
#1945 = ORIENTED_EDGE ( 'NONE', *, *, #2302, .T. ) ;
#1946 =( NAMED_UNIT ( * ) PLANE_ANGLE_UNIT ( ) SI_UNIT ( $, .RADIAN. ) );
#1947 = LINE ( 'NONE', #644, #2410 ) ;
#1948 = DIRECTION ( 'NONE',  ( 0.000000000000000000, 6.405132834376609743E-14, -1.000000000000000000 ) ) ;
#1949 = UNCERTAINTY_MEASURE_WITH_UNIT (LENGTH_MEASURE( 1.000000000000000082E-05 ), #2158, 'distance_accuracy_value', 'NONE');
#1950 = CARTESIAN_POINT ( 'NONE',  ( 90.00000000000000000, -2.775557561562891351E-14, -74.69999999999987494 ) ) ;
#1951 = ORIENTED_EDGE ( 'NONE', *, *, #1689, .F. ) ;
#1952 = LINE ( 'NONE', #1939, #2252 ) ;
#1953 = ORIENTED_EDGE ( 'NONE', *, *, #2695, .T. ) ;
#1954 =( NAMED_UNIT ( * ) PLANE_ANGLE_UNIT ( ) SI_UNIT ( $, .RADIAN. ) );
#1955 = EDGE_CURVE ( 'NONE', #1820, #1984, #631, .T. ) ;
#1956 = DIRECTION ( 'NONE',  ( -1.000000000000000000, -0.000000000000000000, -0.000000000000000000 ) ) ;
#1957 = CARTESIAN_POINT ( 'NONE',  ( 90.00000000000000000, -14.00000000000004086, 0.000000000000000000 ) ) ;
#1958 =( NAMED_UNIT ( * ) SI_UNIT ( $, .STERADIAN. ) SOLID_ANGLE_UNIT ( ) );
#1959 = PRESENTATION_LAYER_ASSIGNMENT (  '', '', ( #341 ) ) ;
#1960 = CARTESIAN_POINT ( 'NONE',  ( 90.00000000000000000, 0.000000000000000000, -73.99999999999972999 ) ) ;
#1961 = CARTESIAN_POINT ( 'NONE',  ( 90.00000000000000000, -18.00000000000004263, -72.49999999999967315 ) ) ;
#1962 =( NAMED_UNIT ( * ) SI_UNIT ( $, .STERADIAN. ) SOLID_ANGLE_UNIT ( ) );
#1963 = STYLED_ITEM ( 'NONE', ( #2230 ), #1652 ) ;
#1964 = LINE ( 'NONE', #2342, #2757 ) ;
#1965 = ORIENTED_EDGE ( 'NONE', *, *, #2355, .T. ) ;
#1966 = EDGE_LOOP ( 'NONE', ( #2482, #2560, #2644, #1776 ) ) ;
#1967 = CARTESIAN_POINT ( 'NONE',  ( 90.00000000000000000, -17.39758692823264496, 70.25176380902054518 ) ) ;
#1968 = VECTOR ( 'NONE', #2311, 1000.000000000000000 ) ;
#1969 = FACE_OUTER_BOUND ( 'NONE', #720, .T. ) ;
#1970 = CARTESIAN_POINT ( 'NONE',  ( -90.00000000000000000, -16.25176380902054518, -72.03156152444812221 ) ) ;
#1971 = ADVANCED_FACE ( 'NONE', ( #1022 ), #433, .T. ) ;
#1972 = DIRECTION ( 'NONE',  ( -1.000000000000000000, -0.000000000000000000, -0.000000000000000000 ) ) ;
#1973 = UNCERTAINTY_MEASURE_WITH_UNIT (LENGTH_MEASURE( 1.000000000000000082E-05 ), #1649, 'distance_accuracy_value', 'NONE');
#1974 = FACE_OUTER_BOUND ( 'NONE', #1743, .T. ) ;
#1975 = VERTEX_POINT ( 'NONE', #2780 ) ;
#1976 = EDGE_CURVE ( 'NONE', #1101, #1111, #215, .T. ) ;
#1977 = LINE ( 'NONE', #660, #2462 ) ;
#1978 = CIRCLE ( 'NONE', #1781, 0.1999999999999363398 ) ;
#1979 = DIRECTION ( 'NONE',  ( 0.000000000000000000, 0.2588190451025653149, -0.9659258262890564328 ) ) ;
#1980 =( NAMED_UNIT ( * ) SI_UNIT ( $, .STERADIAN. ) SOLID_ANGLE_UNIT ( ) );
#1981 = CARTESIAN_POINT ( 'NONE',  ( 90.00000000000000000, -3.499999999999947597, 74.00000000000001421 ) ) ;
#1982 = DIRECTION ( 'NONE',  ( 1.000000000000000000, -0.000000000000000000, 0.000000000000000000 ) ) ;
#1983 = EDGE_CURVE ( 'NONE', #2140, #470, #801, .T. ) ;
#1984 = VERTEX_POINT ( 'NONE', #1914 ) ;
#1985 = EDGE_CURVE ( 'NONE', #736, #14, #1751, .T. ) ;
#1986 = ORIENTED_EDGE ( 'NONE', *, *, #863, .F. ) ;
#1987 = DIRECTION ( 'NONE',  ( -1.000000000000000000, -0.000000000000000000, -0.000000000000000000 ) ) ;
#1988 = VECTOR ( 'NONE', #1019, 1000.000000000000000 ) ;
#1989 = FACE_OUTER_BOUND ( 'NONE', #2048, .T. ) ;
#1990 = VERTEX_POINT ( 'NONE', #2199 ) ;
#1991 = DIRECTION ( 'NONE',  ( 0.000000000000000000, 1.000000000000000000, 0.000000000000000000 ) ) ;
#1992 = CARTESIAN_POINT ( 'NONE',  ( 90.00000000000000000, -1.999999999999946265, -74.69999999999987494 ) ) ;
#1993 = CARTESIAN_POINT ( 'NONE',  ( -90.00000000000000000, 2.499999999999974243, 73.70000000000004547 ) ) ;
#1994 = DIRECTION ( 'NONE',  ( 0.000000000000000000, 0.000000000000000000, -1.000000000000000000 ) ) ;
#1995 = UNCERTAINTY_MEASURE_WITH_UNIT (LENGTH_MEASURE( 1.000000000000000082E-05 ), #1139, 'distance_accuracy_value', 'NONE');
#1996 = DIRECTION ( 'NONE',  ( 0.000000000000000000, 0.000000000000000000, -1.000000000000000000 ) ) ;
#1997 = AXIS2_PLACEMENT_3D ( 'NONE', #1146, #926, #2674 ) ;
#1998 =( NAMED_UNIT ( * ) PLANE_ANGLE_UNIT ( ) SI_UNIT ( $, .RADIAN. ) );
#1999 = ORIENTED_EDGE ( 'NONE', *, *, #1976, .T. ) ;
#2000 = MECHANICAL_DESIGN_GEOMETRIC_PRESENTATION_REPRESENTATION (  '', ( #489 ), #2619 ) ;
#2001 = CIRCLE ( 'NONE', #1394, 2.000000000000001776 ) ;
#2002 = LINE ( 'NONE', #790, #2403 ) ;
#2003 = VERTEX_POINT ( 'NONE', #2024 ) ;
#2004 = VECTOR ( 'NONE', #686, 1000.000000000000000 ) ;
#2005 = CARTESIAN_POINT ( 'NONE',  ( 90.00000000000000000, -14.00000000000004086, 74.00000000000001421 ) ) ;
#2006 = MECHANICAL_DESIGN_GEOMETRIC_PRESENTATION_REPRESENTATION (  '', ( #2221 ), #260 ) ;
#2007 = DIRECTION ( 'NONE',  ( 0.000000000000000000, 0.000000000000000000, -1.000000000000000000 ) ) ;
#2008 = ORIENTED_EDGE ( 'NONE', *, *, #1588, .T. ) ;
#2009 = DIRECTION ( 'NONE',  ( 1.000000000000000000, -0.000000000000000000, 0.000000000000000000 ) ) ;
#2010 = PRESENTATION_LAYER_ASSIGNMENT (  '', '', ( #717 ) ) ;
#2011 = AXIS2_PLACEMENT_3D ( 'NONE', #2520, #349, #2114 ) ;
#2012 = EDGE_CURVE ( 'NONE', #648, #1795, #669, .T. ) ;
#2013 =( LENGTH_UNIT ( ) NAMED_UNIT ( * ) SI_UNIT ( .MILLI., .METRE. ) );
#2014 = STYLED_ITEM ( 'NONE', ( #483 ), #2516 ) ;
#2015 = ORIENTED_EDGE ( 'NONE', *, *, #732, .F. ) ;
#2016 = ORIENTED_EDGE ( 'NONE', *, *, #2794, .T. ) ;
#2017 = CARTESIAN_POINT ( 'NONE',  ( -90.00000000000000000, -0.000000000000000000, 73.20000000000004547 ) ) ;
#2018 = EDGE_CURVE ( 'NONE', #510, #470, #2679, .T. ) ;
#2019 = DIRECTION ( 'NONE',  ( 0.000000000000000000, 0.000000000000000000, 1.000000000000000000 ) ) ;
#2020 = STYLED_ITEM ( 'NONE', ( #1697 ), #134 ) ;
#2021 = ORIENTED_EDGE ( 'NONE', *, *, #1223, .T. ) ;
#2022 = EDGE_CURVE ( 'NONE', #1885, #482, #244, .T. ) ;
#2023 = VECTOR ( 'NONE', #2007, 1000.000000000000000 ) ;
#2024 = CARTESIAN_POINT ( 'NONE',  ( -90.00000000000000000, -16.79259271713861779, 72.17647619362183775 ) ) ;
#2025 = UNCERTAINTY_MEASURE_WITH_UNIT (LENGTH_MEASURE( 1.000000000000000082E-05 ), #199, 'distance_accuracy_value', 'NONE');
#2026 = CARTESIAN_POINT ( 'NONE',  ( 90.00000000000000000, -22.00000000000003197, 74.00000000000001421 ) ) ;
#2027 = VERTEX_POINT ( 'NONE', #1535 ) ;
#2028 = DIRECTION ( 'NONE',  ( 1.000000000000000000, -0.000000000000000000, 0.000000000000000000 ) ) ;
#2029 = ORIENTED_EDGE ( 'NONE', *, *, #1110, .T. ) ;
#2030 = SURFACE_SIDE_STYLE ('',( #1180 ) ) ;
#2031 =( LENGTH_UNIT ( ) NAMED_UNIT ( * ) SI_UNIT ( .MILLI., .METRE. ) );
#2032 =( LENGTH_UNIT ( ) NAMED_UNIT ( * ) SI_UNIT ( .MILLI., .METRE. ) );
#2033 = COLOUR_RGB ( '',0.8980392156862745390, 0.9176470588235293713, 0.9294117647058823817 ) ;
#2034 = EDGE_CURVE ( 'NONE', #1820, #303, #2503, .T. ) ;
#2035 = ORIENTED_EDGE ( 'NONE', *, *, #2483, .T. ) ;
#2036 = FACE_OUTER_BOUND ( 'NONE', #394, .T. ) ;
#2037 = PRESENTATION_STYLE_ASSIGNMENT (( #516 ) ) ;
#2038 = FACE_OUTER_BOUND ( 'NONE', #1810, .T. ) ;
#2039 = ORIENTED_EDGE ( 'NONE', *, *, #1098, .F. ) ;
#2040 = VECTOR ( 'NONE', #2054, 1000.000000000000000 ) ;
#2041 =( GEOMETRIC_REPRESENTATION_CONTEXT ( 3 ) GLOBAL_UNCERTAINTY_ASSIGNED_CONTEXT ( ( #770 ) ) GLOBAL_UNIT_ASSIGNED_CONTEXT ( ( #2211, #684, #1322 ) ) REPRESENTATION_CONTEXT ( 'NONE', 'WORKASPACE' ) );
#2042 =( NAMED_UNIT ( * ) PLANE_ANGLE_UNIT ( ) SI_UNIT ( $, .RADIAN. ) );
#2043 = VERTEX_POINT ( 'NONE', #256 ) ;
#2044 = MECHANICAL_DESIGN_GEOMETRIC_PRESENTATION_REPRESENTATION (  '', ( #977 ), #2579 ) ;
#2045 = CYLINDRICAL_SURFACE ( 'NONE', #751, 0.5000000000000004441 ) ;
#2046 =( GEOMETRIC_REPRESENTATION_CONTEXT ( 3 ) GLOBAL_UNCERTAINTY_ASSIGNED_CONTEXT ( ( #450 ) ) GLOBAL_UNIT_ASSIGNED_CONTEXT ( ( #69, #1587, #1109 ) ) REPRESENTATION_CONTEXT ( 'NONE', 'WORKASPACE' ) );
#2047 =( NAMED_UNIT ( * ) PLANE_ANGLE_UNIT ( ) SI_UNIT ( $, .RADIAN. ) );
#2048 = EDGE_LOOP ( 'NONE', ( #18, #1778, #1070, #1522 ) ) ;
#2049 = DIRECTION ( 'NONE',  ( -0.000000000000000000, 0.000000000000000000, 1.000000000000000000 ) ) ;
#2050 =( GEOMETRIC_REPRESENTATION_CONTEXT ( 3 ) GLOBAL_UNCERTAINTY_ASSIGNED_CONTEXT ( ( #1468 ) ) GLOBAL_UNIT_ASSIGNED_CONTEXT ( ( #2031, #484, #61 ) ) REPRESENTATION_CONTEXT ( 'NONE', 'WORKASPACE' ) );
#2051 = VECTOR ( 'NONE', #1435, 1000.000000000000000 ) ;
#2052 = DIRECTION ( 'NONE',  ( 0.000000000000000000, 0.000000000000000000, 1.000000000000000000 ) ) ;
#2053 = EDGE_CURVE ( 'NONE', #321, #1163, #1108, .T. ) ;
#2054 = DIRECTION ( 'NONE',  ( 0.000000000000000000, -6.405132834376608481E-14, 1.000000000000000000 ) ) ;
#2055 = MECHANICAL_DESIGN_GEOMETRIC_PRESENTATION_REPRESENTATION (  '', ( #943 ), #544 ) ;
#2056 = FILL_AREA_STYLE_COLOUR ( '', #2512 ) ;
#2057 = ORIENTED_EDGE ( 'NONE', *, *, #2527, .T. ) ;
#2058 = CARTESIAN_POINT ( 'NONE',  ( 90.00000000000000000, -17.67647619362185196, -71.29259271713850410 ) ) ;
#2059 = EDGE_CURVE ( 'NONE', #1888, #482, #712, .T. ) ;
#2060 = PRESENTATION_STYLE_ASSIGNMENT (( #1645 ) ) ;
#2061 = DIRECTION ( 'NONE',  ( 0.000000000000000000, -1.000000000000000000, 0.000000000000000000 ) ) ;
#2062 = ORIENTED_EDGE ( 'NONE', *, *, #601, .F. ) ;
#2063 =( NAMED_UNIT ( * ) SI_UNIT ( $, .STERADIAN. ) SOLID_ANGLE_UNIT ( ) );
#2064 = DIRECTION ( 'NONE',  ( -1.000000000000000000, -0.000000000000000000, -0.000000000000000000 ) ) ;
#2065 = APPLICATION_PROTOCOL_DEFINITION ( 'draft international standard', 'automotive_design', 1998, #2654 ) ;
#2066 = COLOUR_RGB ( '',0.8980392156862745390, 0.9176470588235293713, 0.9294117647058823817 ) ;
#2067 = MECHANICAL_DESIGN_GEOMETRIC_PRESENTATION_REPRESENTATION (  '', ( #1684 ), #2811 ) ;
#2068 = LINE ( 'NONE', #938, #927 ) ;
#2069 = EDGE_CURVE ( 'NONE', #2693, #2787, #1799, .T. ) ;
#2070 = DIRECTION ( 'NONE',  ( 0.000000000000000000, 0.000000000000000000, 1.000000000000000000 ) ) ;
#2071 = LINE ( 'NONE', #1847, #1439 ) ;
#2072 = VERTEX_POINT ( 'NONE', #1993 ) ;
#2073 = FILL_AREA_STYLE_COLOUR ( '', #1773 ) ;
#2074 = SURFACE_SIDE_STYLE ('',( #765 ) ) ;
#2075 = CARTESIAN_POINT ( 'NONE',  ( 90.00000000000000000, 0.000000000000000000, -73.09999999999983800 ) ) ;
#2076 = ORIENTED_EDGE ( 'NONE', *, *, #1797, .T. ) ;
#2077 = DIRECTION ( 'NONE',  ( -1.000000000000000000, -0.000000000000000000, -0.000000000000000000 ) ) ;
#2078 = FILL_AREA_STYLE ('',( #2500 ) ) ;
#2079 = LINE ( 'NONE', #147, #346 ) ;
#2080 = SURFACE_SIDE_STYLE ('',( #565 ) ) ;
#2081 = DIRECTION ( 'NONE',  ( -1.000000000000000000, -0.000000000000000000, -0.000000000000000000 ) ) ;
#2082 = VERTEX_POINT ( 'NONE', #1520 ) ;
#2083 = EDGE_CURVE ( 'NONE', #2241, #809, #1670, .T. ) ;
#2084 = FACE_OUTER_BOUND ( 'NONE', #688, .T. ) ;
#2085 = ORIENTED_EDGE ( 'NONE', *, *, #1765, .F. ) ;
#2086 = VECTOR ( 'NONE', #2389, 1000.000000000000114 ) ;
#2087 = CARTESIAN_POINT ( 'NONE',  ( -90.00000000000000000, 0.000000000000000000, -73.99999999999972999 ) ) ;
#2088 = MECHANICAL_DESIGN_GEOMETRIC_PRESENTATION_REPRESENTATION (  '', ( #212 ), #1117 ) ;
#2089 =( NAMED_UNIT ( * ) PLANE_ANGLE_UNIT ( ) SI_UNIT ( $, .RADIAN. ) );
#2090 = CARTESIAN_POINT ( 'NONE',  ( 0.000000000000000000, 0.000000000000000000, 0.000000000000000000 ) ) ;
#2091 = ADVANCED_FACE ( 'NONE', ( #2461 ), #1739, .F. ) ;
#2092 = FACE_OUTER_BOUND ( 'NONE', #2205, .T. ) ;
#2093 = PRESENTATION_LAYER_ASSIGNMENT (  '', '', ( #2718 ) ) ;
#2094 = CARTESIAN_POINT ( 'NONE',  ( 90.00000000000000000, -17.99999999999996092, 72.50000000000001421 ) ) ;
#2095 = COLOUR_RGB ( '',0.8980392156862745390, 0.9176470588235293713, 0.9294117647058823817 ) ;
#2096 = VECTOR ( 'NONE', #2049, 1000.000000000000000 ) ;
#2097 = CARTESIAN_POINT ( 'NONE',  ( 90.00000000000000000, -1.999999999999946265, -74.69999999999987494 ) ) ;
#2098 = EDGE_LOOP ( 'NONE', ( #1429, #1744, #40, #930 ) ) ;
#2099 = COLOUR_RGB ( '',0.8980392156862745390, 0.9176470588235293713, 0.9294117647058823817 ) ;
#2100 = CARTESIAN_POINT ( 'NONE',  ( -90.00000000000000000, -17.39758692823264496, 70.25176380902054518 ) ) ;
#2101 = EDGE_LOOP ( 'NONE', ( #1046, #2800, #2592, #1353 ) ) ;
#2102 = FACE_OUTER_BOUND ( 'NONE', #2571, .T. ) ;
#2103 = EDGE_CURVE ( 'NONE', #1101, #195, #2363, .T. ) ;
#2104 = DIRECTION ( 'NONE',  ( -0.000000000000000000, 0.000000000000000000, 1.000000000000000000 ) ) ;
#2105 = LINE ( 'NONE', #1637, #1988 ) ;
#2106 = EDGE_CURVE ( 'NONE', #2159, #1735, #2186, .T. ) ;
#2107 = SURFACE_STYLE_FILL_AREA ( #978 ) ;
#2108 = ORIENTED_EDGE ( 'NONE', *, *, #2483, .F. ) ;
#2109 = UNCERTAINTY_MEASURE_WITH_UNIT (LENGTH_MEASURE( 1.000000000000000082E-05 ), #2746, 'distance_accuracy_value', 'NONE');
#2110 = MECHANICAL_DESIGN_GEOMETRIC_PRESENTATION_REPRESENTATION (  '', ( #1550 ), #867 ) ;
#2111 = FILL_AREA_STYLE_COLOUR ( '', #2671 ) ;
#2112 = ORIENTED_EDGE ( 'NONE', *, *, #2200, .T. ) ;
#2113 = DIRECTION ( 'NONE',  ( 0.000000000000000000, 0.000000000000000000, -1.000000000000000000 ) ) ;
#2114 = DIRECTION ( 'NONE',  ( 0.000000000000000000, 0.000000000000000000, -1.000000000000000000 ) ) ;
#2115 = ORIENTED_EDGE ( 'NONE', *, *, #1098, .T. ) ;
#2116 = CYLINDRICAL_SURFACE ( 'NONE', #1496, 0.1999999999999779732 ) ;
#2117 =( NAMED_UNIT ( * ) PLANE_ANGLE_UNIT ( ) SI_UNIT ( $, .RADIAN. ) );
#2118 = SURFACE_STYLE_FILL_AREA ( #1242 ) ;
#2119 = SURFACE_SIDE_STYLE ('',( #1067 ) ) ;
#2120 = AXIS2_PLACEMENT_3D ( 'NONE', #2198, #2779, #2356 ) ;
#2121 = SURFACE_SIDE_STYLE ('',( #1915 ) ) ;
#2122 = DIRECTION ( 'NONE',  ( 0.000000000000000000, -1.000000000000000000, 0.000000000000000000 ) ) ;
#2123 = VERTEX_POINT ( 'NONE', #2485 ) ;
#2124 = EDGE_CURVE ( 'NONE', #2408, #1687, #1597, .T. ) ;
#2125 = LINE ( 'NONE', #2332, #1905 ) ;
#2126 = ORIENTED_EDGE ( 'NONE', *, *, #2215, .T. ) ;
#2127 = FILL_AREA_STYLE ('',( #411 ) ) ;
#2128 = PRESENTATION_LAYER_ASSIGNMENT (  '', '', ( #1477 ) ) ;
#2129 = CARTESIAN_POINT ( 'NONE',  ( 90.00000000000000000, 0.000000000000000000, -74.69999999999987494 ) ) ;
#2130 = CARTESIAN_POINT ( 'NONE',  ( -90.00000000000000000, -2.775557561562891351E-14, 73.20000000000004547 ) ) ;
#2131 =( LENGTH_UNIT ( ) NAMED_UNIT ( * ) SI_UNIT ( .MILLI., .METRE. ) );
#2132 = PRESENTATION_LAYER_ASSIGNMENT (  '', '', ( #1854 ) ) ;
#2133 = PLANE ( 'NONE',  #848 ) ;
#2134 = AXIS2_PLACEMENT_3D ( 'NONE', #2526, #302, #1440 ) ;
#2135 = CARTESIAN_POINT ( 'NONE',  ( 90.00000000000000000, -22.00000000000003197, 0.000000000000000000 ) ) ;
#2136 = SURFACE_SIDE_STYLE ('',( #1935 ) ) ;
#2137 = CARTESIAN_POINT ( 'NONE',  ( -90.00000000000000000, -17.59077209349045745, 70.20000000000004547 ) ) ;
#2138 = ADVANCED_FACE ( 'NONE', ( #773 ), #1170, .T. ) ;
#2139 =( NAMED_UNIT ( * ) SI_UNIT ( $, .STERADIAN. ) SOLID_ANGLE_UNIT ( ) );
#2140 = VERTEX_POINT ( 'NONE', #2722 ) ;
#2141 = VECTOR ( 'NONE', #1431, 1000.000000000000000 ) ;
#2142 = VECTOR ( 'NONE', #270, 1000.000000000000000 ) ;
#2143 = PRODUCT_RELATED_PRODUCT_CATEGORY ( 'part', '', ( #679 ) ) ;
#2144 = SURFACE_STYLE_USAGE ( .BOTH. , #247 ) ;
#2145 =( NAMED_UNIT ( * ) PLANE_ANGLE_UNIT ( ) SI_UNIT ( $, .RADIAN. ) );
#2146 = EDGE_LOOP ( 'NONE', ( #1834, #2287, #716, #680 ) ) ;
#2147 = PRESENTATION_STYLE_ASSIGNMENT (( #1676 ) ) ;
#2148 = UNCERTAINTY_MEASURE_WITH_UNIT (LENGTH_MEASURE( 1.000000000000000082E-05 ), #2603, 'distance_accuracy_value', 'NONE');
#2149 = SURFACE_STYLE_FILL_AREA ( #228 ) ;
#2150 = DIRECTION ( 'NONE',  ( -1.000000000000000000, -0.000000000000000000, -0.000000000000000000 ) ) ;
#2151 = LINE ( 'NONE', #1320, #1663 ) ;
#2152 = DIRECTION ( 'NONE',  ( 0.000000000000000000, -0.2588190451025365046, -0.9659258262890640934 ) ) ;
#2153 = DIRECTION ( 'NONE',  ( 0.000000000000000000, 0.000000000000000000, -1.000000000000000000 ) ) ;
#2154 = STYLED_ITEM ( 'NONE', ( #108 ), #146 ) ;
#2155 = EDGE_CURVE ( 'NONE', #2611, #1345, #575, .T. ) ;
#2156 = EDGE_LOOP ( 'NONE', ( #59, #223, #485, #954 ) ) ;
#2157 =( NAMED_UNIT ( * ) SI_UNIT ( $, .STERADIAN. ) SOLID_ANGLE_UNIT ( ) );
#2158 =( LENGTH_UNIT ( ) NAMED_UNIT ( * ) SI_UNIT ( .MILLI., .METRE. ) );
#2159 = VERTEX_POINT ( 'NONE', #1841 ) ;
#2160 = SURFACE_SIDE_STYLE ('',( #1451 ) ) ;
#2161 = CARTESIAN_POINT ( 'NONE',  ( 90.00000000000000000, -14.00000000000004086, 71.80000000000002558 ) ) ;
#2162 = CARTESIAN_POINT ( 'NONE',  ( -90.00000000000000000, -14.00000000000004086, 0.000000000000000000 ) ) ;
#2163 = PRESENTATION_STYLE_ASSIGNMENT (( #2582 ) ) ;
#2164 = UNCERTAINTY_MEASURE_WITH_UNIT (LENGTH_MEASURE( 1.000000000000000082E-05 ), #140, 'distance_accuracy_value', 'NONE');
#2165 = AXIS2_PLACEMENT_3D ( 'NONE', #962, #1452, #1660 ) ;
#2166 = EDGE_LOOP ( 'NONE', ( #1872, #2733, #1265, #1100 ) ) ;
#2167 = ORIENTED_EDGE ( 'NONE', *, *, #2771, .T. ) ;
#2168 = EDGE_CURVE ( 'NONE', #2043, #958, #2524, .T. ) ;
#2169 = LINE ( 'NONE', #1494, #469 ) ;
#2170 = ORIENTED_EDGE ( 'NONE', *, *, #1324, .F. ) ;
#2171 = CARTESIAN_POINT ( 'NONE',  ( -90.00000000000000000, -2.999999999999947153, 72.30000000000002558 ) ) ;
#2172 = VECTOR ( 'NONE', #1772, 1000.000000000000000 ) ;
#2173 =( NAMED_UNIT ( * ) SI_UNIT ( $, .STERADIAN. ) SOLID_ANGLE_UNIT ( ) );
#2174 = VECTOR ( 'NONE', #2375, 1000.000000000000000 ) ;
#2175 = DIRECTION ( 'NONE',  ( -1.000000000000000000, -0.000000000000000000, -0.000000000000000000 ) ) ;
#2176 = ORIENTED_EDGE ( 'NONE', *, *, #2262, .F. ) ;
#2177 = COLOUR_RGB ( '',0.8980392156862745390, 0.9176470588235293713, 0.9294117647058823817 ) ;
#2178 = ORIENTED_EDGE ( 'NONE', *, *, #1007, .F. ) ;
#2179 = VECTOR ( 'NONE', #416, 1000.000000000000000 ) ;
#2180 = CARTESIAN_POINT ( 'NONE',  ( 90.00000000000000000, -20.00000000000003197, 74.00000000000001421 ) ) ;
#2181 = CIRCLE ( 'NONE', #358, 2.000000000000001776 ) ;
#2182 = LINE ( 'NONE', #2776, #1737 ) ;
#2183 = EDGE_CURVE ( 'NONE', #2692, #2775, #752, .T. ) ;
#2184 = SURFACE_STYLE_FILL_AREA ( #2443 ) ;
#2185 = LINE ( 'NONE', #2162, #1392 ) ;
#2186 = LINE ( 'NONE', #11, #1919 ) ;
#2187 = EDGE_CURVE ( 'NONE', #1795, #1003, #1860, .T. ) ;
#2188 = UNCERTAINTY_MEASURE_WITH_UNIT (LENGTH_MEASURE( 1.000000000000000082E-05 ), #1380, 'distance_accuracy_value', 'NONE');
#2189 = CARTESIAN_POINT ( 'NONE',  ( 90.00000000000000000, -20.00000000000003197, 70.00000000000000000 ) ) ;
#2190 = ORIENTED_EDGE ( 'NONE', *, *, #549, .T. ) ;
#2191 = AXIS2_PLACEMENT_3D ( 'NONE', #1006, #338, #1229 ) ;
#2192 = ORIENTED_EDGE ( 'NONE', *, *, #838, .T. ) ;
#2193 =( NAMED_UNIT ( * ) SI_UNIT ( $, .STERADIAN. ) SOLID_ANGLE_UNIT ( ) );
#2194 = CARTESIAN_POINT ( 'NONE',  ( 90.00000000000000000, -17.39758692823264852, -70.25176380902018991 ) ) ;
#2195 = CARTESIAN_POINT ( 'NONE',  ( -90.00000000000000000, -16.00000000000004263, -73.99999999999972999 ) ) ;
#2196 = ORIENTED_EDGE ( 'NONE', *, *, #2012, .F. ) ;
#2197 = CARTESIAN_POINT ( 'NONE',  ( 90.00000000000000000, 0.000000000000000000, -69.99999999999972999 ) ) ;
#2198 = CARTESIAN_POINT ( 'NONE',  ( 90.00000000000000000, 16.91922863405942223, -63.14342088718630208 ) ) ;
#2199 = CARTESIAN_POINT ( 'NONE',  ( -90.00000000000000000, -17.59077209349045745, 70.00000000000005684 ) ) ;
#2200 = EDGE_CURVE ( 'NONE', #733, #1831, #719, .T. ) ;
#2201 = DIRECTION ( 'NONE',  ( 1.000000000000000000, -0.000000000000000000, 0.000000000000000000 ) ) ;
#2202 = DIRECTION ( 'NONE',  ( 0.000000000000000000, 0.9659258262890830782, -0.2588190451024656724 ) ) ;
#2203 = ORIENTED_EDGE ( 'NONE', *, *, #2250, .T. ) ;
#2204 = SURFACE_SIDE_STYLE ('',( #2660 ) ) ;
#2205 = EDGE_LOOP ( 'NONE', ( #1412, #913, #2320, #236 ) ) ;
#2206 = LINE ( 'NONE', #1779, #122 ) ;
#2207 = VECTOR ( 'NONE', #296, 1000.000000000000000 ) ;
#2208 = ADVANCED_FACE ( 'NONE', ( #1621 ), #1875, .T. ) ;
#2209 = ORIENTED_EDGE ( 'NONE', *, *, #1538, .F. ) ;
#2210 =( NAMED_UNIT ( * ) PLANE_ANGLE_UNIT ( ) SI_UNIT ( $, .RADIAN. ) );
#2211 =( LENGTH_UNIT ( ) NAMED_UNIT ( * ) SI_UNIT ( .MILLI., .METRE. ) );
#2212 = DIRECTION ( 'NONE',  ( -1.000000000000000000, -0.000000000000000000, -0.000000000000000000 ) ) ;
#2213 = COLOUR_RGB ( '',0.8980392156862745390, 0.9176470588235293713, 0.9294117647058823817 ) ;
#2214 = SURFACE_STYLE_USAGE ( .BOTH. , #2434 ) ;
#2215 = EDGE_CURVE ( 'NONE', #1080, #2559, #1495, .T. ) ;
#2216 = ORIENTED_EDGE ( 'NONE', *, *, #279, .F. ) ;
#2217 = AXIS2_PLACEMENT_3D ( 'NONE', #1484, #2772, #820 ) ;
#2218 = ORIENTED_EDGE ( 'NONE', *, *, #880, .T. ) ;
#2219 = LINE ( 'NONE', #239, #901 ) ;
#2220 = ADVANCED_FACE ( 'NONE', ( #1661 ), #1284, .T. ) ;
#2221 = STYLED_ITEM ( 'NONE', ( #884 ), #237 ) ;
#2222 = FILL_AREA_STYLE_COLOUR ( '', #2382 ) ;
#2223 = VERTEX_POINT ( 'NONE', #1678 ) ;
#2224 = PLANE ( 'NONE',  #2547 ) ;
#2225 = AXIS2_PLACEMENT_3D ( 'NONE', #2762, #1020, #167 ) ;
#2226 = COLOUR_RGB ( '',0.8980392156862745390, 0.9176470588235293713, 0.9294117647058823817 ) ;
#2227 = PRESENTATION_STYLE_ASSIGNMENT (( #488 ) ) ;
#2228 = CARTESIAN_POINT ( 'NONE',  ( 90.00000000000000000, 0.000000000000000000, 71.80000000000002558 ) ) ;
#2229 = PRESENTATION_LAYER_ASSIGNMENT (  '', '', ( #2014 ) ) ;
#2230 = PRESENTATION_STYLE_ASSIGNMENT (( #2240 ) ) ;
#2231 = ORIENTED_EDGE ( 'NONE', *, *, #1985, .T. ) ;
#2232 = ADVANCED_FACE ( 'NONE', ( #628 ), #2777, .T. ) ;
#2233 = VERTEX_POINT ( 'NONE', #1893 ) ;
#2234 = DIRECTION ( 'NONE',  ( -1.000000000000000000, -0.000000000000000000, -0.000000000000000000 ) ) ;
#2235 = SURFACE_STYLE_USAGE ( .BOTH. , #2664 ) ;
#2236 = VERTEX_POINT ( 'NONE', #2326 ) ;
#2237 = PLANE ( 'NONE',  #1817 ) ;
#2238 = DIRECTION ( 'NONE',  ( 0.000000000000000000, 1.000000000000000000, 2.304105438977788197E-14 ) ) ;
#2239 = FILL_AREA_STYLE ('',( #1787 ) ) ;
#2240 = SURFACE_STYLE_USAGE ( .BOTH. , #1698 ) ;
#2241 = VERTEX_POINT ( 'NONE', #370 ) ;
#2242 = ORIENTED_EDGE ( 'NONE', *, *, #1657, .F. ) ;
#2243 = PLANE ( 'NONE',  #2585 ) ;
#2244 = PRESENTATION_STYLE_ASSIGNMENT (( #2235 ) ) ;
#2245 = ORIENTED_EDGE ( 'NONE', *, *, #1636, .F. ) ;
#2246 = FACE_OUTER_BOUND ( 'NONE', #1511, .T. ) ;
#2247 = APPLICATION_PROTOCOL_DEFINITION ( 'draft international standard', 'automotive_design', 1998, #991 ) ;
#2248 = PLANE ( 'NONE',  #436 ) ;
#2249 = DIRECTION ( 'NONE',  ( 0.000000000000000000, 0.000000000000000000, -1.000000000000000000 ) ) ;
#2250 = EDGE_CURVE ( 'NONE', #62, #1080, #666, .T. ) ;
#2251 = ORIENTED_EDGE ( 'NONE', *, *, #70, .T. ) ;
#2252 = VECTOR ( 'NONE', #1685, 1000.000000000000000 ) ;
#2253 = VERTEX_POINT ( 'NONE', #695 ) ;
#2254 = AXIS2_PLACEMENT_3D ( 'NONE', #1186, #1828, #994 ) ;
#2255 = CIRCLE ( 'NONE', #1911, 1.250000000000015099 ) ;
#2256 = LINE ( 'NONE', #2494, #2626 ) ;
#2257 =( GEOMETRIC_REPRESENTATION_CONTEXT ( 3 ) GLOBAL_UNCERTAINTY_ASSIGNED_CONTEXT ( ( #1973 ) ) GLOBAL_UNIT_ASSIGNED_CONTEXT ( ( #1649, #1396, #996 ) ) REPRESENTATION_CONTEXT ( 'NONE', 'WORKASPACE' ) );
#2258 = ORIENTED_EDGE ( 'NONE', *, *, #2200, .F. ) ;
#2259 = SURFACE_SIDE_STYLE ('',( #1391 ) ) ;
#2260 = VECTOR ( 'NONE', #2742, 1000.000000000000000 ) ;
#2261 =( NAMED_UNIT ( * ) SI_UNIT ( $, .STERADIAN. ) SOLID_ANGLE_UNIT ( ) );
#2262 = EDGE_CURVE ( 'NONE', #56, #946, #2498, .T. ) ;
#2263 = CARTESIAN_POINT ( 'NONE',  ( 90.00000000000000000, -14.00000000000004086, 0.000000000000000000 ) ) ;
#2264 = COLOUR_RGB ( '',0.8980392156862745390, 0.9176470588235293713, 0.9294117647058823817 ) ;
#2265 = SURFACE_STYLE_USAGE ( .BOTH. , #356 ) ;
#2266 = MECHANICAL_DESIGN_GEOMETRIC_PRESENTATION_REPRESENTATION (  '', ( #1445 ), #1492 ) ;
#2267 = VECTOR ( 'NONE', #75, 1000.000000000000000 ) ;
#2268 = CARTESIAN_POINT ( 'NONE',  ( 90.00000000000000000, -2.999999999999947153, 71.80000000000002558 ) ) ;
#2269 = ADVANCED_FACE ( 'NONE', ( #37 ), #50, .F. ) ;
#2270 = ORIENTED_EDGE ( 'NONE', *, *, #1525, .F. ) ;
#2271 = DIRECTION ( 'NONE',  ( 0.000000000000000000, 0.000000000000000000, -1.000000000000000000 ) ) ;
#2272 = ORIENTED_EDGE ( 'NONE', *, *, #1453, .T. ) ;
#2273 = CARTESIAN_POINT ( 'NONE',  ( 90.00000000000000000, -18.00000000000004263, -71.24999999999977263 ) ) ;
#2274 = CARTESIAN_POINT ( 'NONE',  ( 90.00000000000000000, 5.551115123125782702E-14, -75.99999999999972999 ) ) ;
#2275 = CARTESIAN_POINT ( 'NONE',  ( -90.00000000000000000, 2.499999999999974243, 0.000000000000000000 ) ) ;
#2276 = ORIENTED_EDGE ( 'NONE', *, *, #2435, .T. ) ;
#2277 = FILL_AREA_STYLE_COLOUR ( '', #2226 ) ;
#2278 = PRODUCT_DEFINITION_CONTEXT ( 'detailed design', #991, 'design' ) ;
#2279 =( NAMED_UNIT ( * ) SI_UNIT ( $, .STERADIAN. ) SOLID_ANGLE_UNIT ( ) );
#2280 = FILL_AREA_STYLE_COLOUR ( '', #2095 ) ;
#2281 = PRESENTATION_LAYER_ASSIGNMENT (  '', '', ( #1683 ) ) ;
#2282 = VECTOR ( 'NONE', #1053, 1000.000000000000000 ) ;
#2283 = SURFACE_STYLE_USAGE ( .BOTH. , #1410 ) ;
#2284 = SURFACE_SIDE_STYLE ('',( #2107 ) ) ;
#2285 = DIRECTION ( 'NONE',  ( 0.000000000000000000, 0.000000000000000000, -1.000000000000000000 ) ) ;
#2286 = FILL_AREA_STYLE_COLOUR ( '', #2493 ) ;
#2287 = ORIENTED_EDGE ( 'NONE', *, *, #1609, .F. ) ;
#2288 = CARTESIAN_POINT ( 'NONE',  ( 90.00000000000000000, -2.499999999999946709, -74.19999999999970441 ) ) ;
#2289 = CARTESIAN_POINT ( 'NONE',  ( 90.00000000000000000, -2.775557561562891351E-14, 73.20000000000004547 ) ) ;
#2290 = DIRECTION ( 'NONE',  ( 0.000000000000000000, 0.000000000000000000, -1.000000000000000000 ) ) ;
#2291 = ORIENTED_EDGE ( 'NONE', *, *, #2649, .T. ) ;
#2292 = FILL_AREA_STYLE ('',( #2277 ) ) ;
#2293 = ADVANCED_FACE ( 'NONE', ( #2636 ), #2224, .T. ) ;
#2294 = FILL_AREA_STYLE ('',( #132 ) ) ;
#2295 = SURFACE_STYLE_USAGE ( .BOTH. , #750 ) ;
#2296 = SURFACE_STYLE_FILL_AREA ( #2078 ) ;
#2297 =( NAMED_UNIT ( * ) SI_UNIT ( $, .STERADIAN. ) SOLID_ANGLE_UNIT ( ) );
#2298 =( LENGTH_UNIT ( ) NAMED_UNIT ( * ) SI_UNIT ( .MILLI., .METRE. ) );
#2299 = FILL_AREA_STYLE_COLOUR ( '', #1262 ) ;
#2300 = CYLINDRICAL_SURFACE ( 'NONE', #183, 1.250000000000015099 ) ;
#2301 = UNCERTAINTY_MEASURE_WITH_UNIT (LENGTH_MEASURE( 1.000000000000000082E-05 ), #2820, 'distance_accuracy_value', 'NONE');
#2302 = EDGE_CURVE ( 'NONE', #1095, #6, #2605, .T. ) ;
#2303 = SURFACE_SIDE_STYLE ('',( #568 ) ) ;
#2304 = ORIENTED_EDGE ( 'NONE', *, *, #1283, .F. ) ;
#2305 = ORIENTED_EDGE ( 'NONE', *, *, #2012, .T. ) ;
#2306 = PRODUCT_DEFINITION ( '未知', '', #161, #2278 ) ;
#2307 = PRESENTATION_LAYER_ASSIGNMENT (  '', '', ( #489 ) ) ;
#2308 = UNCERTAINTY_MEASURE_WITH_UNIT (LENGTH_MEASURE( 1.000000000000000082E-05 ), #975, 'distance_accuracy_value', 'NONE');
#2309 = FILL_AREA_STYLE_COLOUR ( '', #133 ) ;
#2310 = CARTESIAN_POINT ( 'NONE',  ( -90.00000000000000000, 0.000000000000000000, -71.79999999999975557 ) ) ;
#2311 = DIRECTION ( 'NONE',  ( 0.000000000000000000, 1.000000000000000000, 0.000000000000000000 ) ) ;
#2312 = AXIS2_PLACEMENT_3D ( 'NONE', #2401, #1341, #52 ) ;
#2313 = CARTESIAN_POINT ( 'NONE',  ( 90.00000000000000000, 0.000000000000000000, -71.79999999999975557 ) ) ;
#2314 = AXIS2_PLACEMENT_3D ( 'NONE', #971, #957, #2290 ) ;
#2315 = CARTESIAN_POINT ( 'NONE',  ( 90.00000000000000000, -16.00000000000004263, -72.22474668970579614 ) ) ;
#2316 = ORIENTED_EDGE ( 'NONE', *, *, #385, .F. ) ;
#2317 = COLOUR_RGB ( '',0.8980392156862745390, 0.9176470588235293713, 0.9294117647058823817 ) ;
#2318 = AXIS2_PLACEMENT_3D ( 'NONE', #1873, #2734, #1811 ) ;
#2319 =( NAMED_UNIT ( * ) SI_UNIT ( $, .STERADIAN. ) SOLID_ANGLE_UNIT ( ) );
#2320 = ORIENTED_EDGE ( 'NONE', *, *, #702, .T. ) ;
#2321 = EDGE_CURVE ( 'NONE', #2741, #1003, #1360, .T. ) ;
#2322 = DIRECTION ( 'NONE',  ( -1.000000000000000000, -0.000000000000000000, -0.000000000000000000 ) ) ;
#2323 = CARTESIAN_POINT ( 'NONE',  ( -90.00000000000000000, 0.000000000000000000, 74.00000000000001421 ) ) ;
#2324 = ORIENTED_EDGE ( 'NONE', *, *, #298, .T. ) ;
#2325 =( NAMED_UNIT ( * ) SI_UNIT ( $, .STERADIAN. ) SOLID_ANGLE_UNIT ( ) );
#2326 = CARTESIAN_POINT ( 'NONE',  ( 90.00000000000000000, -16.25176380902053097, 72.03156152444819327 ) ) ;
#2327 = DIRECTION ( 'NONE',  ( -1.000000000000000000, -0.000000000000000000, -0.000000000000000000 ) ) ;
#2328 = PLANE ( 'NONE',  #2191 ) ;
#2329 = UNCERTAINTY_MEASURE_WITH_UNIT (LENGTH_MEASURE( 1.000000000000000082E-05 ), #1493, 'distance_accuracy_value', 'NONE');
#2330 = DIRECTION ( 'NONE',  ( 0.000000000000000000, 0.000000000000000000, 1.000000000000000000 ) ) ;
#2331 = ORIENTED_EDGE ( 'NONE', *, *, #2059, .T. ) ;
#2332 = CARTESIAN_POINT ( 'NONE',  ( 90.00000000000000000, -16.00000000000004263, 0.000000000000000000 ) ) ;
#2333 = FILL_AREA_STYLE ('',( #598 ) ) ;
#2334 = VERTEX_POINT ( 'NONE', #1970 ) ;
#2335 = FILL_AREA_STYLE ('',( #1462 ) ) ;
#2336 = EDGE_CURVE ( 'NONE', #2784, #1111, #1768, .T. ) ;
#2337 = PRESENTATION_STYLE_ASSIGNMENT (( #2565 ) ) ;
#2338 = PRESENTATION_STYLE_ASSIGNMENT (( #1664 ) ) ;
#2339 = MECHANICAL_DESIGN_GEOMETRIC_PRESENTATION_REPRESENTATION (  '', ( #2745 ), #570 ) ;
#2340 = CARTESIAN_POINT ( 'NONE',  ( -90.00000000000000000, 16.91922863405942223, -63.14342088718630208 ) ) ;
#2341 = DIRECTION ( 'NONE',  ( 1.000000000000000000, -0.000000000000000000, 0.000000000000000000 ) ) ;
#2342 = CARTESIAN_POINT ( 'NONE',  ( 90.00000000000000000, 16.91922863406082911, 63.14342088718507995 ) ) ;
#2343 = EDGE_LOOP ( 'NONE', ( #914, #1501, #1179, #887 ) ) ;
#2344 = CARTESIAN_POINT ( 'NONE',  ( 90.00000000000000000, -2.999999999999947153, 72.30000000000002558 ) ) ;
#2345 = DIRECTION ( 'NONE',  ( -1.000000000000000000, -0.000000000000000000, -0.000000000000000000 ) ) ;
#2346 = VERTEX_POINT ( 'NONE', #295 ) ;
#2347 = DIRECTION ( 'NONE',  ( -1.000000000000000000, -0.000000000000000000, -0.000000000000000000 ) ) ;
#2348 = CARTESIAN_POINT ( 'NONE',  ( 90.00000000000000000, -22.00000000000003197, 0.000000000000000000 ) ) ;
#2349 = STYLED_ITEM ( 'NONE', ( #2163 ), #2736 ) ;
#2350 = LINE ( 'NONE', #442, #189 ) ;
#2351 = VERTEX_POINT ( 'NONE', #1165 ) ;
#2352 = PRESENTATION_STYLE_ASSIGNMENT (( #1055 ) ) ;
#2353 = PRODUCT_DEFINITION_FORMATION_WITH_SPECIFIED_SOURCE ( '任何', '', #2440, .NOT_KNOWN. ) ;
#2354 = AXIS2_PLACEMENT_3D ( 'NONE', #705, #1364, #276 ) ;
#2355 = EDGE_CURVE ( 'NONE', #1138, #1851, #2678, .T. ) ;
#2356 = DIRECTION ( 'NONE',  ( 0.000000000000000000, -0.9659258262890707547, -0.2588190451025116912 ) ) ;
#2357 = LINE ( 'NONE', #2566, #673 ) ;
#2358 = CARTESIAN_POINT ( 'NONE',  ( 90.00000000000000000, 0.000000000000000000, 0.000000000000000000 ) ) ;
#2359 = DIRECTION ( 'NONE',  ( 1.000000000000000000, -0.000000000000000000, 0.000000000000000000 ) ) ;
#2360 = UNCERTAINTY_MEASURE_WITH_UNIT (LENGTH_MEASURE( 1.000000000000000082E-05 ), #783, 'distance_accuracy_value', 'NONE');
#2361 = EDGE_CURVE ( 'NONE', #2223, #1687, #1420, .T. ) ;
#2362 = FILL_AREA_STYLE ('',( #1274 ) ) ;
#2363 = CIRCLE ( 'NONE', #1082, 1.250000000000015099 ) ;
#2364 = ORIENTED_EDGE ( 'NONE', *, *, #2034, .T. ) ;
#2365 = VECTOR ( 'NONE', #985, 1000.000000000000000 ) ;
#2366 = STYLED_ITEM ( 'NONE', ( #1378 ), #2398 ) ;
#2367 = CARTESIAN_POINT ( 'NONE',  ( -90.00000000000000000, -14.00000000000004086, -71.79999999999975557 ) ) ;
#2368 = DIRECTION ( 'NONE',  ( -1.000000000000000000, -0.000000000000000000, -0.000000000000000000 ) ) ;
#2369 = VECTOR ( 'NONE', #1574, 1000.000000000000000 ) ;
#2370 = EDGE_LOOP ( 'NONE', ( #855, #1060, #1868, #350 ) ) ;
#2371 =( LENGTH_UNIT ( ) NAMED_UNIT ( * ) SI_UNIT ( .MILLI., .METRE. ) );
#2372 =( NAMED_UNIT ( * ) SI_UNIT ( $, .STERADIAN. ) SOLID_ANGLE_UNIT ( ) );
#2373 = SURFACE_STYLE_FILL_AREA ( #166 ) ;
#2374 = SURFACE_SIDE_STYLE ('',( #145 ) ) ;
#2375 = DIRECTION ( 'NONE',  ( -1.000000000000000000, -0.000000000000000000, -0.000000000000000000 ) ) ;
#2376 = PRESENTATION_STYLE_ASSIGNMENT (( #832 ) ) ;
#2377 = CARTESIAN_POINT ( 'NONE',  ( 90.00000000000000000, 0.000000000000000000, 74.59999999999999432 ) ) ;
#2378 = AXIS2_PLACEMENT_3D ( 'NONE', #2137, #2341, #2153 ) ;
#2379 = CARTESIAN_POINT ( 'NONE',  ( -90.00000000000000000, -17.39758692823264852, -70.25176380902018991 ) ) ;
#2380 = ADVANCED_FACE ( 'NONE', ( #2246 ), #2459, .T. ) ;
#2381 = EDGE_LOOP ( 'NONE', ( #2684, #1489, #871, #514 ) ) ;
#2382 = COLOUR_RGB ( '',0.8980392156862745390, 0.9176470588235293713, 0.9294117647058823817 ) ;
#2383 = ORIENTED_EDGE ( 'NONE', *, *, #1985, .F. ) ;
#2384 = LINE ( 'NONE', #426, #769 ) ;
#2385 = SURFACE_STYLE_USAGE ( .BOTH. , #165 ) ;
#2386 = EDGE_CURVE ( 'NONE', #1937, #1338, #2511, .T. ) ;
#2387 =( NAMED_UNIT ( * ) SI_UNIT ( $, .STERADIAN. ) SOLID_ANGLE_UNIT ( ) );
#2388 = FILL_AREA_STYLE_COLOUR ( '', #452 ) ;
#2389 = DIRECTION ( 'NONE',  ( 0.000000000000000000, 0.9659258262890707547, 0.2588190451025116912 ) ) ;
#2390 = UNCERTAINTY_MEASURE_WITH_UNIT (LENGTH_MEASURE( 1.000000000000000082E-05 ), #585, 'distance_accuracy_value', 'NONE');
#2391 = AXIS2_PLACEMENT_3D ( 'NONE', #2263, #315, #503 ) ;
#2392 = CARTESIAN_POINT ( 'NONE',  ( 90.00000000000000000, -17.99999999999996092, 72.50000000000001421 ) ) ;
#2393 = ORIENTED_EDGE ( 'NONE', *, *, #2506, .F. ) ;
#2394 = EDGE_CURVE ( 'NONE', #2673, #2253, #2181, .T. ) ;
#2395 = DIRECTION ( 'NONE',  ( -0.000000000000000000, 1.000000000000000000, 0.000000000000000000 ) ) ;
#2396 = DIRECTION ( 'NONE',  ( 0.000000000000000000, 0.000000000000000000, 1.000000000000000000 ) ) ;
#2397 =( NAMED_UNIT ( * ) SI_UNIT ( $, .STERADIAN. ) SOLID_ANGLE_UNIT ( ) );
#2398 = ADVANCED_FACE ( 'NONE', ( #737 ), #2237, .T. ) ;
#2399 = EDGE_LOOP ( 'NONE', ( #15, #2178, #2021, #2528 ) ) ;
#2400 = DIRECTION ( 'NONE',  ( 1.000000000000000000, -0.000000000000000000, 0.000000000000000000 ) ) ;
#2401 = CARTESIAN_POINT ( 'NONE',  ( 90.00000000000000000, -17.99999999999996092, 72.50000000000001421 ) ) ;
#2402 = DIRECTION ( 'NONE',  ( 0.000000000000000000, 0.9659258262890640934, -0.2588190451025365046 ) ) ;
#2403 = VECTOR ( 'NONE', #2518, 1000.000000000000000 ) ;
#2404 = MECHANICAL_DESIGN_GEOMETRIC_PRESENTATION_REPRESENTATION (  '', ( #667 ), #2257 ) ;
#2405 = ORIENTED_EDGE ( 'NONE', *, *, #682, .F. ) ;
#2406 = STYLED_ITEM ( 'NONE', ( #963 ), #2138 ) ;
#2407 = PRESENTATION_LAYER_ASSIGNMENT (  '', '', ( #1445 ) ) ;
#2408 = VERTEX_POINT ( 'NONE', #326 ) ;
#2409 = LINE ( 'NONE', #1721, #407 ) ;
#2410 = VECTOR ( 'NONE', #2766, 1000.000000000000000 ) ;
#2411 = CARTESIAN_POINT ( 'NONE',  ( 90.00000000000000000, -17.39758692823264852, -70.25176380902018991 ) ) ;
#2412 = PLANE ( 'NONE',  #764 ) ;
#2413 = ORIENTED_EDGE ( 'NONE', *, *, #1463, .F. ) ;
#2414 = ADVANCED_FACE ( 'NONE', ( #1853 ), #2716, .F. ) ;
#2415 = CARTESIAN_POINT ( 'NONE',  ( 90.00000000000000000, -1.999999999999946265, -73.09999999999983800 ) ) ;
#2416 = DIRECTION ( 'NONE',  ( 0.000000000000000000, 1.000000000000000000, 0.000000000000000000 ) ) ;
#2417 = FILL_AREA_STYLE_COLOUR ( '', #1215 ) ;
#2418 = UNCERTAINTY_MEASURE_WITH_UNIT (LENGTH_MEASURE( 1.000000000000000082E-05 ), #609, 'distance_accuracy_value', 'NONE');
#2419 = DIRECTION ( 'NONE',  ( 0.000000000000000000, 0.000000000000000000, 1.000000000000000000 ) ) ;
#2420 = CARTESIAN_POINT ( 'NONE',  ( 90.00000000000000000, -16.79259271713868173, -72.17647619362178091 ) ) ;
#2421 = ORIENTED_EDGE ( 'NONE', *, *, #814, .T. ) ;
#2422 = VECTOR ( 'NONE', #1599, 1000.000000000000000 ) ;
#2423 = ORIENTED_EDGE ( 'NONE', *, *, #2069, .T. ) ;
#2424 = FILL_AREA_STYLE ('',( #1102 ) ) ;
#2425 = COLOUR_RGB ( '',0.8980392156862745390, 0.9176470588235293713, 0.9294117647058823817 ) ;
#2426 = FACE_OUTER_BOUND ( 'NONE', #878, .T. ) ;
#2427 = ORIENTED_EDGE ( 'NONE', *, *, #2600, .T. ) ;
#2428 = DIRECTION ( 'NONE',  ( 0.000000000000000000, 0.000000000000000000, 1.000000000000000000 ) ) ;
#2429 = EDGE_CURVE ( 'NONE', #2236, #1975, #1278, .T. ) ;
#2430 = LINE ( 'NONE', #1151, #2207 ) ;
#2431 = CARTESIAN_POINT ( 'NONE',  ( -90.00000000000000000, 0.000000000000000000, -73.99999999999972999 ) ) ;
#2432 = PLANE ( 'NONE',  #1071 ) ;
#2433 = SURFACE_STYLE_USAGE ( .BOTH. , #1555 ) ;
#2434 = SURFACE_SIDE_STYLE ('',( #1130 ) ) ;
#2435 = EDGE_CURVE ( 'NONE', #2728, #1888, #1904, .T. ) ;
#2436 = ORIENTED_EDGE ( 'NONE', *, *, #1815, .T. ) ;
#2437 =( NAMED_UNIT ( * ) PLANE_ANGLE_UNIT ( ) SI_UNIT ( $, .RADIAN. ) );
#2438 = ORIENTED_EDGE ( 'NONE', *, *, #822, .T. ) ;
#2439 = CARTESIAN_POINT ( 'NONE',  ( 90.00000000000000000, 0.000000000000000000, -75.99999999999972999 ) ) ;
#2440 = PRODUCT ( 'SC-FT152x44-K143', 'SC-FT152x44-K143', '', ( #949 ) ) ;
#2441 = DIRECTION ( 'NONE',  ( 0.000000000000000000, 0.000000000000000000, -1.000000000000000000 ) ) ;
#2442 = ORIENTED_EDGE ( 'NONE', *, *, #2703, .T. ) ;
#2443 = FILL_AREA_STYLE ('',( #2666 ) ) ;
#2444 = PLANE ( 'NONE',  #2391 ) ;
#2445 = SURFACE_STYLE_USAGE ( .BOTH. , #653 ) ;
#2446 = ADVANCED_FACE ( 'NONE', ( #2758 ), #2116, .T. ) ;
#2447 = FACE_OUTER_BOUND ( 'NONE', #1276, .T. ) ;
#2448 = ADVANCED_BREP_SHAPE_REPRESENTATION ( '', ( #2658, #300 ), #2041 ) ;
#2449 = VECTOR ( 'NONE', #1994, 1000.000000000000000 ) ;
#2450 = PLANE ( 'NONE',  #806 ) ;
#2451 = VERTEX_POINT ( 'NONE', #825 ) ;
#2452 = PRESENTATION_LAYER_ASSIGNMENT (  '', '', ( #718 ) ) ;
#2453 = PRESENTATION_LAYER_ASSIGNMENT (  '', '', ( #2578 ) ) ;
#2454 = CARTESIAN_POINT ( 'NONE',  ( 90.00000000000000000, 0.000000000000000000, 0.000000000000000000 ) ) ;
#2455 = VERTEX_POINT ( 'NONE', #1473 ) ;
#2456 = SURFACE_STYLE_FILL_AREA ( #1119 ) ;
#2457 = CARTESIAN_POINT ( 'NONE',  ( 90.00000000000000000, -20.00000000000003197, -73.99999999999972999 ) ) ;
#2458 = ORIENTED_EDGE ( 'NONE', *, *, #305, .T. ) ;
#2459 = PLANE ( 'NONE',  #2318 ) ;
#2460 = COLOUR_RGB ( '',0.8980392156862745390, 0.9176470588235293713, 0.9294117647058823817 ) ;
#2461 = FACE_OUTER_BOUND ( 'NONE', #106, .T. ) ;
#2462 = VECTOR ( 'NONE', #227, 1000.000000000000000 ) ;
#2463 = DIRECTION ( 'NONE',  ( 0.000000000000000000, 0.000000000000000000, -1.000000000000000000 ) ) ;
#2464 = ORIENTED_EDGE ( 'NONE', *, *, #2183, .T. ) ;
#2465 = ADVANCED_FACE ( 'NONE', ( #2102 ), #396, .T. ) ;
#2466 = CARTESIAN_POINT ( 'NONE',  ( -90.00000000000000000, -12.50000000000003908, -71.79999999999975557 ) ) ;
#2467 = ORIENTED_EDGE ( 'NONE', *, *, #1944, .T. ) ;
#2468 = LINE ( 'NONE', #734, #2267 ) ;
#2469 = FILL_AREA_STYLE_COLOUR ( '', #982 ) ;
#2470 = CARTESIAN_POINT ( 'NONE',  ( 90.00000000000000000, -17.99999999999996092, 71.25000000000000000 ) ) ;
#2471 = ORIENTED_EDGE ( 'NONE', *, *, #2103, .F. ) ;
#2472 = SURFACE_STYLE_USAGE ( .BOTH. , #2259 ) ;
#2473 = VECTOR ( 'NONE', #2150, 1000.000000000000000 ) ;
#2474 = FILL_AREA_STYLE ('',( #726 ) ) ;
#2475 = SURFACE_STYLE_USAGE ( .BOTH. , #2681 ) ;
#2476 = ORIENTED_EDGE ( 'NONE', *, *, #2561, .F. ) ;
#2477 = EDGE_LOOP ( 'NONE', ( #1656, #1158, #1194, #32 ) ) ;
#2478 = EDGE_CURVE ( 'NONE', #307, #1074, #1977, .T. ) ;
#2479 = DIRECTION ( 'NONE',  ( -1.000000000000000000, -0.000000000000000000, -0.000000000000000000 ) ) ;
#2480 = DIRECTION ( 'NONE',  ( -1.000000000000000000, 0.000000000000000000, -0.000000000000000000 ) ) ;
#2481 = MECHANICAL_DESIGN_GEOMETRIC_PRESENTATION_REPRESENTATION (  '', ( #1843 ), #613 ) ;
#2482 = ORIENTED_EDGE ( 'NONE', *, *, #347, .T. ) ;
#2483 = EDGE_CURVE ( 'NONE', #497, #1238, #2219, .T. ) ;
#2484 = SURFACE_STYLE_USAGE ( .BOTH. , #1891 ) ;
#2485 = CARTESIAN_POINT ( 'NONE',  ( 90.00000000000000000, -2.775557561562891351E-14, -74.69999999999987494 ) ) ;
#2486 = SHAPE_DEFINITION_REPRESENTATION ( #481, #131 ) ;
#2487 = DIRECTION ( 'NONE',  ( 1.000000000000000000, -0.000000000000000000, 0.000000000000000000 ) ) ;
#2488 = CARTESIAN_POINT ( 'NONE',  ( 90.00000000000000000, -17.99999999999996092, 73.75000000000002842 ) ) ;
#2489 = COLOUR_RGB ( '',0.8980392156862745390, 0.9176470588235293713, 0.9294117647058823817 ) ;
#2490 = PRESENTATION_STYLE_ASSIGNMENT (( #1884 ) ) ;
#2491 = ORIENTED_EDGE ( 'NONE', *, *, #2429, .F. ) ;
#2492 = FACE_OUTER_BOUND ( 'NONE', #836, .T. ) ;
#2493 = COLOUR_RGB ( '',0.8980392156862745390, 0.9176470588235293713, 0.9294117647058823817 ) ;
#2494 = CARTESIAN_POINT ( 'NONE',  ( 90.00000000000000000, 0.000000000000000000, -74.69999999999987494 ) ) ;
#2495 = VECTOR ( 'NONE', #2463, 1000.000000000000000 ) ;
#2496 = SURFACE_SIDE_STYLE ('',( #559 ) ) ;
#2497 = EDGE_LOOP ( 'NONE', ( #2393, #2062, #881, #2251 ) ) ;
#2498 = CIRCLE ( 'NONE', #1317, 2.000000000000001776 ) ;
#2499 = EDGE_CURVE ( 'NONE', #1675, #2773, #691, .T. ) ;
#2500 = FILL_AREA_STYLE_COLOUR ( '', #1584 ) ;
#2501 = AXIS2_PLACEMENT_3D ( 'NONE', #1634, #1850, #128 ) ;
#2502 = CONTEXT_DEPENDENT_SHAPE_REPRESENTATION ( #1880, #704 ) ;
#2503 = CIRCLE ( 'NONE', #33, 0.1999999999999363398 ) ;
#2504 = DIRECTION ( 'NONE',  ( -1.000000000000000000, -0.000000000000000000, -0.000000000000000000 ) ) ;
#2505 = ORIENTED_EDGE ( 'NONE', *, *, #1747, .T. ) ;
#2506 = EDGE_CURVE ( 'NONE', #1990, #647, #2409, .T. ) ;
#2507 = DIRECTION ( 'NONE',  ( -1.000000000000000000, -0.000000000000000000, -0.000000000000000000 ) ) ;
#2508 = ORIENTED_EDGE ( 'NONE', *, *, #955, .F. ) ;
#2509 = SURFACE_STYLE_FILL_AREA ( #1592 ) ;
#2510 = ORIENTED_EDGE ( 'NONE', *, *, #554, .F. ) ;
#2511 = LINE ( 'NONE', #502, #2096 ) ;
#2512 = COLOUR_RGB ( '',0.8980392156862745390, 0.9176470588235293713, 0.9294117647058823817 ) ;
#2513 = APPLICATION_CONTEXT ( 'automotive_design' ) ;
#2514 = SURFACE_STYLE_FILL_AREA ( #772 ) ;
#2515 = AXIS2_PLACEMENT_3D ( 'NONE', #2457, #241, #293 ) ;
#2516 = ADVANCED_FACE ( 'NONE', ( #7 ), #852, .T. ) ;
#2517 = CARTESIAN_POINT ( 'NONE',  ( -90.00000000000000000, -20.00000000000003197, 0.000000000000000000 ) ) ;
#2518 = DIRECTION ( 'NONE',  ( -0.000000000000000000, 0.000000000000000000, 1.000000000000000000 ) ) ;
#2519 = ORIENTED_EDGE ( 'NONE', *, *, #2059, .F. ) ;
#2520 = CARTESIAN_POINT ( 'NONE',  ( 90.00000000000000000, -18.00000000000004263, -72.49999999999967315 ) ) ;
#2521 = ORIENTED_EDGE ( 'NONE', *, *, #1801, .T. ) ;
#2522 = CARTESIAN_POINT ( 'NONE',  ( -90.00000000000000000, -14.00000000000004086, 0.000000000000000000 ) ) ;
#2523 =( GEOMETRIC_REPRESENTATION_CONTEXT ( 3 ) GLOBAL_UNCERTAINTY_ASSIGNED_CONTEXT ( ( #819 ) ) GLOBAL_UNIT_ASSIGNED_CONTEXT ( ( #1478, #1946, #2173 ) ) REPRESENTATION_CONTEXT ( 'NONE', 'WORKASPACE' ) );
#2524 = LINE ( 'NONE', #1607, #2051 ) ;
#2525 = DIRECTION ( 'NONE',  ( -1.000000000000000000, -0.000000000000000000, -0.000000000000000000 ) ) ;
#2526 = CARTESIAN_POINT ( 'NONE',  ( -90.00000000000000000, -18.00000000000004263, -72.49999999999967315 ) ) ;
#2527 = EDGE_CURVE ( 'NONE', #14, #1419, #2206, .T. ) ;
#2528 = ORIENTED_EDGE ( 'NONE', *, *, #1883, .T. ) ;
#2529 = UNCERTAINTY_MEASURE_WITH_UNIT (LENGTH_MEASURE( 1.000000000000000082E-05 ), #2622, 'distance_accuracy_value', 'NONE');
#2530 = CYLINDRICAL_SURFACE ( 'NONE', #1218, 1.250000000000015099 ) ;
#2531 = ORIENTED_EDGE ( 'NONE', *, *, #1728, .T. ) ;
#2532 = FILL_AREA_STYLE_COLOUR ( '', #1268 ) ;
#2533 = ORIENTED_EDGE ( 'NONE', *, *, #51, .T. ) ;
#2534 =( GEOMETRIC_REPRESENTATION_CONTEXT ( 3 ) GLOBAL_UNCERTAINTY_ASSIGNED_CONTEXT ( ( #220 ) ) GLOBAL_UNIT_ASSIGNED_CONTEXT ( ( #911, #1998, #701 ) ) REPRESENTATION_CONTEXT ( 'NONE', 'WORKASPACE' ) );
#2535 = DIRECTION ( 'NONE',  ( -1.000000000000000000, -0.000000000000000000, -0.000000000000000000 ) ) ;
#2536 = STYLED_ITEM ( 'NONE', ( #1861 ), #664 ) ;
#2537 = VECTOR ( 'NONE', #1188, 1000.000000000000000 ) ;
#2538 = FILL_AREA_STYLE_COLOUR ( '', #1328 ) ;
#2539 = DIRECTION ( 'NONE',  ( 1.000000000000000000, -0.000000000000000000, 0.000000000000000000 ) ) ;
#2540 = MECHANICAL_DESIGN_GEOMETRIC_PRESENTATION_REPRESENTATION (  '', ( #2763 ), #2050 ) ;
#2541 =( GEOMETRIC_REPRESENTATION_CONTEXT ( 3 ) GLOBAL_UNCERTAINTY_ASSIGNED_CONTEXT ( ( #478 ) ) GLOBAL_UNIT_ASSIGNED_CONTEXT ( ( #2806, #643, #1506 ) ) REPRESENTATION_CONTEXT ( 'NONE', 'WORKASPACE' ) );
#2542 = DIRECTION ( 'NONE',  ( 0.000000000000000000, 0.000000000000000000, -1.000000000000000000 ) ) ;
#2543 = VECTOR ( 'NONE', #2061, 1000.000000000000000 ) ;
#2544 = PRESENTATION_STYLE_ASSIGNMENT (( #618 ) ) ;
#2545 = CARTESIAN_POINT ( 'NONE',  ( -90.00000000000000000, -16.00000000000004263, 72.22474668970602352 ) ) ;
#2546 = VECTOR ( 'NONE', #1695, 1000.000000000000000 ) ;
#2547 = AXIS2_PLACEMENT_3D ( 'NONE', #431, #1329, #1299 ) ;
#2548 = ORIENTED_EDGE ( 'NONE', *, *, #714, .F. ) ;
#2549 = EDGE_CURVE ( 'NONE', #966, #2451, #2645, .T. ) ;
#2550 = ORIENTED_EDGE ( 'NONE', *, *, #2821, .T. ) ;
#2551 = FILL_AREA_STYLE_COLOUR ( '', #1052 ) ;
#2552 = SURFACE_SIDE_STYLE ('',( #2118 ) ) ;
#2553 =( NAMED_UNIT ( * ) SI_UNIT ( $, .STERADIAN. ) SOLID_ANGLE_UNIT ( ) );
#2554 = FILL_AREA_STYLE_COLOUR ( '', #754 ) ;
#2555 = DIRECTION ( 'NONE',  ( 1.000000000000000000, -0.000000000000000000, 0.000000000000000000 ) ) ;
#2556 = PRESENTATION_LAYER_ASSIGNMENT (  '', '', ( #5 ) ) ;
#2557 = UNCERTAINTY_MEASURE_WITH_UNIT (LENGTH_MEASURE( 1.000000000000000082E-05 ), #952, 'distance_accuracy_value', 'NONE');
#2558 = LINE ( 'NONE', #2586, #580 ) ;
#2559 = VERTEX_POINT ( 'NONE', #264 ) ;
#2560 = ORIENTED_EDGE ( 'NONE', *, *, #2668, .F. ) ;
#2561 = EDGE_CURVE ( 'NONE', #1074, #1163, #1136, .T. ) ;
#2562 = SURFACE_STYLE_USAGE ( .BOTH. , #2575 ) ;
#2563 = CARTESIAN_POINT ( 'NONE',  ( 90.00000000000000000, -14.00000000000004086, 71.80000000000002558 ) ) ;
#2564 = ORIENTED_EDGE ( 'NONE', *, *, #1713, .F. ) ;
#2565 = SURFACE_STYLE_USAGE ( .BOTH. , #2374 ) ;
#2566 = CARTESIAN_POINT ( 'NONE',  ( 90.00000000000000000, -18.00000000000004263, -73.74999999999957367 ) ) ;
#2567 = STYLED_ITEM ( 'NONE', ( #1407 ), #856 ) ;
#2568 = CARTESIAN_POINT ( 'NONE',  ( -90.00000000000000000, -12.50000000000003908, 74.00000000000001421 ) ) ;
#2569 =( LENGTH_UNIT ( ) NAMED_UNIT ( * ) SI_UNIT ( .MILLI., .METRE. ) );
#2570 = LINE ( 'NONE', #1950, #885 ) ;
#2571 = EDGE_LOOP ( 'NONE', ( #1802, #1519, #1064, #1365 ) ) ;
#2572 = DIRECTION ( 'NONE',  ( 0.000000000000000000, 0.000000000000000000, -1.000000000000000000 ) ) ;
#2573 = ORIENTED_EDGE ( 'NONE', *, *, #918, .F. ) ;
#2574 = CARTESIAN_POINT ( 'NONE',  ( 90.00000000000000000, -1.999999999999946265, -74.19999999999970441 ) ) ;
#2575 = SURFACE_SIDE_STYLE ('',( #2149 ) ) ;
#2576 = COLOUR_RGB ( '',0.8980392156862745390, 0.9176470588235293713, 0.9294117647058823817 ) ;
#2577 = LINE ( 'NONE', #1474, #1413 ) ;
#2578 = STYLED_ITEM ( 'NONE', ( #479 ), #566 ) ;
#2579 =( GEOMETRIC_REPRESENTATION_CONTEXT ( 3 ) GLOBAL_UNCERTAINTY_ASSIGNED_CONTEXT ( ( #1731 ) ) GLOBAL_UNIT_ASSIGNED_CONTEXT ( ( #869, #201, #2139 ) ) REPRESENTATION_CONTEXT ( 'NONE', 'WORKASPACE' ) );
#2580 = EDGE_CURVE ( 'NONE', #366, #87, #2384, .T. ) ;
#2581 =( LENGTH_UNIT ( ) NAMED_UNIT ( * ) SI_UNIT ( .MILLI., .METRE. ) );
#2582 = SURFACE_STYLE_USAGE ( .BOTH. , #654 ) ;
#2583 = CARTESIAN_POINT ( 'NONE',  ( 90.00000000000000000, -20.00000000000003197, 70.00000000000000000 ) ) ;
#2584 = UNCERTAINTY_MEASURE_WITH_UNIT (LENGTH_MEASURE( 1.000000000000000082E-05 ), #1558, 'distance_accuracy_value', 'NONE');
#2585 = AXIS2_PLACEMENT_3D ( 'NONE', #678, #1544, #1561 ) ;
#2586 = CARTESIAN_POINT ( 'NONE',  ( 90.00000000000000000, -12.50000000000003908, 74.00000000000001421 ) ) ;
#2587 = STYLED_ITEM ( 'NONE', ( #2337 ), #2232 ) ;
#2588 = VERTEX_POINT ( 'NONE', #1967 ) ;
#2589 = MECHANICAL_DESIGN_GEOMETRIC_PRESENTATION_REPRESENTATION (  '', ( #1725 ), #121 ) ;
#2590 = CARTESIAN_POINT ( 'NONE',  ( 90.00000000000000000, -16.20000000000003482, -72.22474668970579614 ) ) ;
#2591 = VECTOR ( 'NONE', #640, 1000.000000000000000 ) ;
#2592 = ORIENTED_EDGE ( 'NONE', *, *, #1920, .F. ) ;
#2593 = DIRECTION ( 'NONE',  ( 0.000000000000000000, -1.000000000000000000, 0.000000000000000000 ) ) ;
#2594 = FILL_AREA_STYLE_COLOUR ( '', #2425 ) ;
#2595 = FILL_AREA_STYLE ('',( #1694 ) ) ;
#2596 = CARTESIAN_POINT ( 'NONE',  ( 90.00000000000000000, 0.000000000000000000, -73.99999999999972999 ) ) ;
#2597 = EDGE_CURVE ( 'NONE', #2043, #2693, #2819, .T. ) ;
#2598 = PRESENTATION_LAYER_ASSIGNMENT (  '', '', ( #731 ) ) ;
#2599 = EDGE_LOOP ( 'NONE', ( #197, #1953, #112, #250 ) ) ;
#2600 = EDGE_CURVE ( 'NONE', #129, #1795, #635, .T. ) ;
#2601 = AXIS2_PLACEMENT_3D ( 'NONE', #1840, #2539, #589 ) ;
#2602 = ORIENTED_EDGE ( 'NONE', *, *, #55, .F. ) ;
#2603 =( LENGTH_UNIT ( ) NAMED_UNIT ( * ) SI_UNIT ( .MILLI., .METRE. ) );
#2604 = SURFACE_STYLE_FILL_AREA ( #1942 ) ;
#2605 = LINE ( 'NONE', #1106, #2723 ) ;
#2606 = CARTESIAN_POINT ( 'NONE',  ( -90.00000000000000000, -22.00000000000003197, 0.000000000000000000 ) ) ;
#2607 = CARTESIAN_POINT ( 'NONE',  ( 90.00000000000000000, 1.999999999999974021, 73.20000000000004547 ) ) ;
#2608 = UNCERTAINTY_MEASURE_WITH_UNIT (LENGTH_MEASURE( 1.000000000000000082E-05 ), #2581, 'distance_accuracy_value', 'NONE');
#2609 = DIRECTION ( 'NONE',  ( 0.000000000000000000, -0.9659258262890640934, 0.2588190451025365046 ) ) ;
#2610 = ORIENTED_EDGE ( 'NONE', *, *, #55, .T. ) ;
#2611 = VERTEX_POINT ( 'NONE', #2058 ) ;
#2612 = DIRECTION ( 'NONE',  ( 0.000000000000000000, 0.000000000000000000, 1.000000000000000000 ) ) ;
#2613 = LINE ( 'NONE', #649, #46 ) ;
#2614 = SURFACE_STYLE_FILL_AREA ( #1579 ) ;
#2615 = VECTOR ( 'NONE', #157, 999.9999999999998863 ) ;
#2616 = STYLED_ITEM ( 'NONE', ( #921 ), #2805 ) ;
#2617 = PRESENTATION_LAYER_ASSIGNMENT (  '', '', ( #212 ) ) ;
#2618 = DIRECTION ( 'NONE',  ( 1.000000000000000000, 0.000000000000000000, -0.000000000000000000 ) ) ;
#2619 =( GEOMETRIC_REPRESENTATION_CONTEXT ( 3 ) GLOBAL_UNCERTAINTY_ASSIGNED_CONTEXT ( ( #844 ) ) GLOBAL_UNIT_ASSIGNED_CONTEXT ( ( #2298, #1202, #786 ) ) REPRESENTATION_CONTEXT ( 'NONE', 'WORKASPACE' ) );
#2620 = DIRECTION ( 'NONE',  ( -1.000000000000000000, -0.000000000000000000, -0.000000000000000000 ) ) ;
#2621 = DIRECTION ( 'NONE',  ( 0.000000000000000000, -0.000000000000000000, -1.000000000000000000 ) ) ;
#2622 =( LENGTH_UNIT ( ) NAMED_UNIT ( * ) SI_UNIT ( .MILLI., .METRE. ) );
#2623 = CIRCLE ( 'NONE', #1809, 1.250000000000015099 ) ;
#2624 = AXIS2_PLACEMENT_3D ( 'NONE', #1143, #506, #1323 ) ;
#2625 = ORIENTED_EDGE ( 'NONE', *, *, #2682, .F. ) ;
#2626 = VECTOR ( 'NONE', #543, 1000.000000000000000 ) ;
#2627 = AXIS2_PLACEMENT_3D ( 'NONE', #1909, #135, #1008 ) ;
#2628 = ORIENTED_EDGE ( 'NONE', *, *, #1609, .T. ) ;
#2629 = CARTESIAN_POINT ( 'NONE',  ( 90.00000000000000000, -17.59077209349047166, -70.19999999999970441 ) ) ;
#2630 =( GEOMETRIC_REPRESENTATION_CONTEXT ( 3 ) GLOBAL_UNCERTAINTY_ASSIGNED_CONTEXT ( ( #567 ) ) GLOBAL_UNIT_ASSIGNED_CONTEXT ( ( #1796, #681, #1980 ) ) REPRESENTATION_CONTEXT ( 'NONE', 'WORKASPACE' ) );
#2631 = AXIS2_PLACEMENT_3D ( 'NONE', #170, #1479, #1730 ) ;
#2632 = EDGE_CURVE ( 'NONE', #2346, #1175, #2468, .T. ) ;
#2633 =( GEOMETRIC_REPRESENTATION_CONTEXT ( 3 ) GLOBAL_UNCERTAINTY_ASSIGNED_CONTEXT ( ( #1358 ) ) GLOBAL_UNIT_ASSIGNED_CONTEXT ( ( #2371, #1954, #2325 ) ) REPRESENTATION_CONTEXT ( 'NONE', 'WORKASPACE' ) );
#2634 = CARTESIAN_POINT ( 'NONE',  ( -90.00000000000000000, -16.20000000000003482, -72.22474668970579614 ) ) ;
#2635 = ORIENTED_EDGE ( 'NONE', *, *, #1742, .T. ) ;
#2636 = FACE_OUTER_BOUND ( 'NONE', #1513, .T. ) ;
#2637 = FILL_AREA_STYLE ('',( #891 ) ) ;
#2638 = PRODUCT_DEFINITION_SHAPE ( 'NONE', 'NONE',  #2823 ) ;
#2639 =( NAMED_UNIT ( * ) PLANE_ANGLE_UNIT ( ) SI_UNIT ( $, .RADIAN. ) );
#2640 = UNCERTAINTY_MEASURE_WITH_UNIT (LENGTH_MEASURE( 1.000000000000000082E-05 ), #1062, 'distance_accuracy_value', 'NONE');
#2641 = LINE ( 'NONE', #685, #527 ) ;
#2642 = DIRECTION ( 'NONE',  ( 1.000000000000000000, -0.000000000000000000, 0.000000000000000000 ) ) ;
#2643 = VERTEX_POINT ( 'NONE', #1366 ) ;
#2644 = ORIENTED_EDGE ( 'NONE', *, *, #814, .F. ) ;
#2645 = LINE ( 'NONE', #2439, #675 ) ;
#2646 = MECHANICAL_DESIGN_GEOMETRIC_PRESENTATION_REPRESENTATION (  '', ( #1683 ), #45 ) ;
#2647 = PRESENTATION_LAYER_ASSIGNMENT (  '', '', ( #1550 ) ) ;
#2648 = FILL_AREA_STYLE ('',( #905 ) ) ;
#2649 = EDGE_CURVE ( 'NONE', #195, #2588, #308, .T. ) ;
#2650 = EDGE_LOOP ( 'NONE', ( #141, #1206, #408, #1121 ) ) ;
#2651 = CARTESIAN_POINT ( 'NONE',  ( 90.00000000000000000, -1.612873807284462410E-12, 70.00000000000046896 ) ) ;
#2652 = CARTESIAN_POINT ( 'NONE',  ( -90.00000000000000000, 1.999999999999974021, 74.09999999999999432 ) ) ;
#2653 = CARTESIAN_POINT ( 'NONE',  ( -90.00000000000000000, -14.00000000000004086, 71.80000000000002558 ) ) ;
#2654 = APPLICATION_CONTEXT ( 'automotive_design' ) ;
#2655 = PRESENTATION_STYLE_ASSIGNMENT (( #1800 ) ) ;
#2656 = FILL_AREA_STYLE ('',( #922 ) ) ;
#2657 = ORIENTED_EDGE ( 'NONE', *, *, #1567, .F. ) ;
#2658 = MANIFOLD_SOLID_BREP ( '凸台-拉伸1', #1279 ) ;
#2659 = PRESENTATION_LAYER_ASSIGNMENT (  '', '', ( #2567 ) ) ;
#2660 = SURFACE_STYLE_FILL_AREA ( #429 ) ;
#2661 = ORIENTED_EDGE ( 'NONE', *, *, #493, .T. ) ;
#2662 = DIRECTION ( 'NONE',  ( 1.000000000000000000, -0.000000000000000000, 0.000000000000000000 ) ) ;
#2663 = FILL_AREA_STYLE_COLOUR ( '', #1266 ) ;
#2664 = SURFACE_SIDE_STYLE ('',( #917 ) ) ;
#2665 = ORIENTED_EDGE ( 'NONE', *, *, #1026, .F. ) ;
#2666 = FILL_AREA_STYLE_COLOUR ( '', #76 ) ;
#2667 = DIRECTION ( 'NONE',  ( 1.000000000000000000, -0.000000000000000000, 0.000000000000000000 ) ) ;
#2668 = EDGE_CURVE ( 'NONE', #1059, #6, #1632, .T. ) ;
#2669 =( GEOMETRIC_REPRESENTATION_CONTEXT ( 3 ) GLOBAL_UNCERTAINTY_ASSIGNED_CONTEXT ( ( #548 ) ) GLOBAL_UNIT_ASSIGNED_CONTEXT ( ( #291, #1385, #1835 ) ) REPRESENTATION_CONTEXT ( 'NONE', 'WORKASPACE' ) );
#2670 = ORIENTED_EDGE ( 'NONE', *, *, #114, .F. ) ;
#2671 = COLOUR_RGB ( '',0.8980392156862745390, 0.9176470588235293713, 0.9294117647058823817 ) ;
#2672 = LINE ( 'NONE', #2454, #156 ) ;
#2673 = VERTEX_POINT ( 'NONE', #970 ) ;
#2674 = DIRECTION ( 'NONE',  ( 0.000000000000000000, 0.000000000000000000, -1.000000000000000000 ) ) ;
#2675 = MECHANICAL_DESIGN_GEOMETRIC_PRESENTATION_REPRESENTATION (  '', ( #2406 ), #2764 ) ;
#2676 = SURFACE_SIDE_STYLE ('',( #692 ) ) ;
#2677 = ORIENTED_EDGE ( 'NONE', *, *, #696, .F. ) ;
#2678 = LINE ( 'NONE', #2087, #986 ) ;
#2679 = CIRCLE ( 'NONE', #1271, 0.5000000000000004441 ) ;
#2680 = PRESENTATION_LAYER_ASSIGNMENT (  '', '', ( #2366 ) ) ;
#2681 = SURFACE_SIDE_STYLE ('',( #1814 ) ) ;
#2682 = EDGE_CURVE ( 'NONE', #4, #2043, #721, .T. ) ;
#2683 = CARTESIAN_POINT ( 'NONE',  ( 90.00000000000000000, 1.330771365943238971, 0.3565791128150186950 ) ) ;
#2684 = ORIENTED_EDGE ( 'NONE', *, *, #2069, .F. ) ;
#2685 = LINE ( 'NONE', #2274, #1720 ) ;
#2686 =( GEOMETRIC_REPRESENTATION_CONTEXT ( 3 ) GLOBAL_UNCERTAINTY_ASSIGNED_CONTEXT ( ( #2640 ) ) GLOBAL_UNIT_ASSIGNED_CONTEXT ( ( #1062, #1077, #440 ) ) REPRESENTATION_CONTEXT ( 'NONE', 'WORKASPACE' ) );
#2687 = ORIENTED_EDGE ( 'NONE', *, *, #406, .T. ) ;
#2688 = DIRECTION ( 'NONE',  ( -1.000000000000000000, -0.000000000000000000, -0.000000000000000000 ) ) ;
#2689 = CONTEXT_DEPENDENT_SHAPE_REPRESENTATION ( #1578, #2638 ) ;
#2690 =( NAMED_UNIT ( * ) SI_UNIT ( $, .STERADIAN. ) SOLID_ANGLE_UNIT ( ) );
#2691 = CARTESIAN_POINT ( 'NONE',  ( 90.00000000000000000, 0.000000000000000000, -73.99999999999972999 ) ) ;
#2692 = VERTEX_POINT ( 'NONE', #1601 ) ;
#2693 = VERTEX_POINT ( 'NONE', #1615 ) ;
#2694 = DIRECTION ( 'NONE',  ( 0.000000000000000000, 0.000000000000000000, -1.000000000000000000 ) ) ;
#2695 = EDGE_CURVE ( 'NONE', #267, #969, #278, .T. ) ;
#2696 = CARTESIAN_POINT ( 'NONE',  ( 90.00000000000000000, -18.00000000000004263, -73.74999999999957367 ) ) ;
#2697 = ORIENTED_EDGE ( 'NONE', *, *, #269, .F. ) ;
#2698 = UNCERTAINTY_MEASURE_WITH_UNIT (LENGTH_MEASURE( 1.000000000000000082E-05 ), #2702, 'distance_accuracy_value', 'NONE');
#2699 = CARTESIAN_POINT ( 'NONE',  ( 90.00000000000000000, 1.999999999999974021, 74.09999999999999432 ) ) ;
#2700 = CARTESIAN_POINT ( 'NONE',  ( -90.00000000000000000, -2.499999999999946709, -74.19999999999970441 ) ) ;
#2701 = CARTESIAN_POINT ( 'NONE',  ( 90.00000000000000000, -2.499999999999946709, 0.000000000000000000 ) ) ;
#2702 =( LENGTH_UNIT ( ) NAMED_UNIT ( * ) SI_UNIT ( .MILLI., .METRE. ) );
#2703 = EDGE_CURVE ( 'NONE', #2159, #2588, #155, .T. ) ;
#2704 =( NAMED_UNIT ( * ) SI_UNIT ( $, .STERADIAN. ) SOLID_ANGLE_UNIT ( ) );
#2705 = DIRECTION ( 'NONE',  ( 0.000000000000000000, 0.000000000000000000, -1.000000000000000000 ) ) ;
#2706 = ORIENTED_EDGE ( 'NONE', *, *, #1547, .F. ) ;
#2707 = MECHANICAL_DESIGN_GEOMETRIC_PRESENTATION_REPRESENTATION (  '', ( #1363 ), #2669 ) ;
#2708 = DIRECTION ( 'NONE',  ( -1.000000000000000000, -0.000000000000000000, -0.000000000000000000 ) ) ;
#2709 = EDGE_LOOP ( 'NONE', ( #1589, #556, #2305, #555 ) ) ;
#2710 = AXIS2_PLACEMENT_3D ( 'NONE', #1933, #1231, #2542 ) ;
#2711 = CARTESIAN_POINT ( 'NONE',  ( 90.00000000000000000, -2.775557561562891351E-14, -71.79999999999975557 ) ) ;
#2712 = COLOUR_RGB ( '',0.8980392156862745390, 0.9176470588235293713, 0.9294117647058823817 ) ;
#2713 = CIRCLE ( 'NONE', #2624, 1.249999999999904077 ) ;
#2714 = CARTESIAN_POINT ( 'NONE',  ( -90.00000000000000000, 1.999999999999974021, 73.20000000000004547 ) ) ;
#2715 = VERTEX_POINT ( 'NONE', #322 ) ;
#2716 = CYLINDRICAL_SURFACE ( 'NONE', #2768, 0.5000000000000837108 ) ;
#2717 = EDGE_CURVE ( 'NONE', #2241, #840, #1416, .T. ) ;
#2718 = STYLED_ITEM ( 'NONE', ( #1225 ), #282 ) ;
#2719 =( LENGTH_UNIT ( ) NAMED_UNIT ( * ) SI_UNIT ( .MILLI., .METRE. ) );
#2720 = LINE ( 'NONE', #1859, #1153 ) ;
#2721 = PRESENTATION_LAYER_ASSIGNMENT (  '', '', ( #2406 ) ) ;
#2722 = CARTESIAN_POINT ( 'NONE',  ( 90.00000000000000000, 1.999999999999974021, 74.59999999999999432 ) ) ;
#2723 = VECTOR ( 'NONE', #1991, 1000.000000000000000 ) ;
#2724 = ADVANCED_FACE ( 'NONE', ( #2492 ), #540, .F. ) ;
#2725 = LINE ( 'NONE', #1424, #755 ) ;
#2726 = VECTOR ( 'NONE', #1821, 999.9999999999998863 ) ;
#2727 = LINE ( 'NONE', #84, #888 ) ;
#2728 = VERTEX_POINT ( 'NONE', #403 ) ;
#2729 = UNCERTAINTY_MEASURE_WITH_UNIT (LENGTH_MEASURE( 1.000000000000000082E-05 ), #2032, 'distance_accuracy_value', 'NONE');
#2730 = DIRECTION ( 'NONE',  ( 0.000000000000000000, -0.2588190451024656724, -0.9659258262890831892 ) ) ;
#2731 = VERTEX_POINT ( 'NONE', #605 ) ;
#2732 = SURFACE_STYLE_FILL_AREA ( #1430 ) ;
#2733 = ORIENTED_EDGE ( 'NONE', *, *, #2103, .T. ) ;
#2734 = DIRECTION ( 'NONE',  ( 0.000000000000000000, 0.000000000000000000, -1.000000000000000000 ) ) ;
#2735 = DIRECTION ( 'NONE',  ( 0.000000000000000000, 0.000000000000000000, 1.000000000000000000 ) ) ;
#2736 = ADVANCED_FACE ( 'NONE', ( #2767 ), #1466, .T. ) ;
#2737 = SURFACE_STYLE_FILL_AREA ( #1422 ) ;
#2738 = VECTOR ( 'NONE', #1063, 1000.000000000000000 ) ;
#2739 = DIRECTION ( 'NONE',  ( 0.000000000000000000, 1.000000000000000000, 0.000000000000000000 ) ) ;
#2740 = LINE ( 'NONE', #787, #275 ) ;
#2741 = VERTEX_POINT ( 'NONE', #216 ) ;
#2742 = DIRECTION ( 'NONE',  ( -0.000000000000000000, 0.000000000000000000, 1.000000000000000000 ) ) ;
#2743 = ORIENTED_EDGE ( 'NONE', *, *, #2386, .F. ) ;
#2744 = SURFACE_SIDE_STYLE ('',( #1839 ) ) ;
#2745 = STYLED_ITEM ( 'NONE', ( #1874 ), #904 ) ;
#2746 =( LENGTH_UNIT ( ) NAMED_UNIT ( * ) SI_UNIT ( .MILLI., .METRE. ) );
#2747 = CARTESIAN_POINT ( 'NONE',  ( 0.000000000000000000, 0.000000000000000000, 0.000000000000000000 ) ) ;
#2748 = SURFACE_STYLE_FILL_AREA ( #756 ) ;
#2749 =( LENGTH_UNIT ( ) NAMED_UNIT ( * ) SI_UNIT ( .MILLI., .METRE. ) );
#2750 =( NAMED_UNIT ( * ) SI_UNIT ( $, .STERADIAN. ) SOLID_ANGLE_UNIT ( ) );
#2751 = ORIENTED_EDGE ( 'NONE', *, *, #1789, .T. ) ;
#2752 = MECHANICAL_DESIGN_GEOMETRIC_PRESENTATION_REPRESENTATION (  '', ( #882 ), #1910 ) ;
#2753 = MECHANICAL_DESIGN_GEOMETRIC_PRESENTATION_REPRESENTATION (  '', ( #718 ), #933 ) ;
#2754 = CARTESIAN_POINT ( 'NONE',  ( 90.00000000000000000, -16.79259271713868173, -72.17647619362178091 ) ) ;
#2755 =( NAMED_UNIT ( * ) PLANE_ANGLE_UNIT ( ) SI_UNIT ( $, .RADIAN. ) );
#2756 = ORIENTED_EDGE ( 'NONE', *, *, #789, .F. ) ;
#2757 = VECTOR ( 'NONE', #191, 1000.000000000000114 ) ;
#2758 = FACE_OUTER_BOUND ( 'NONE', #2370, .T. ) ;
#2759 = ADVANCED_FACE ( 'NONE', ( #1711 ), #632, .T. ) ;
#2760 = VECTOR ( 'NONE', #2804, 1000.000000000000000 ) ;
#2761 = PLANE ( 'NONE',  #519 ) ;
#2762 = CARTESIAN_POINT ( 'NONE',  ( 90.00000000000000000, -16.20000000000003482, -72.22474668970579614 ) ) ;
#2763 = STYLED_ITEM ( 'NONE', ( #1147 ), #245 ) ;
#2764 =( GEOMETRIC_REPRESENTATION_CONTEXT ( 3 ) GLOBAL_UNCERTAINTY_ASSIGNED_CONTEXT ( ( #868 ) ) GLOBAL_UNIT_ASSIGNED_CONTEXT ( ( #110, #2089, #1648 ) ) REPRESENTATION_CONTEXT ( 'NONE', 'WORKASPACE' ) );
#2765 = DIRECTION ( 'NONE',  ( 0.000000000000000000, 0.000000000000000000, -1.000000000000000000 ) ) ;
#2766 = DIRECTION ( 'NONE',  ( -1.000000000000000000, -0.000000000000000000, -0.000000000000000000 ) ) ;
#2767 = FACE_OUTER_BOUND ( 'NONE', #1790, .T. ) ;
#2768 = AXIS2_PLACEMENT_3D ( 'NONE', #2574, #1490, #2801 ) ;
#2769 = PRESENTATION_LAYER_ASSIGNMENT (  '', '', ( #1177 ) ) ;
#2770 = MECHANICAL_DESIGN_GEOMETRIC_PRESENTATION_REPRESENTATION (  '', ( #1226 ), #1129 ) ;
#2771 = EDGE_CURVE ( 'NONE', #314, #2334, #1023, .T. ) ;
#2772 = DIRECTION ( 'NONE',  ( 1.000000000000000000, -0.000000000000000000, 0.000000000000000000 ) ) ;
#2773 = VERTEX_POINT ( 'NONE', #387 ) ;
#2774 = FILL_AREA_STYLE_COLOUR ( '', #2489 ) ;
#2775 = VERTEX_POINT ( 'NONE', #2568 ) ;
#2776 = CARTESIAN_POINT ( 'NONE',  ( -90.00000000000000000, 1.330771365943238971, 0.3565791128150186950 ) ) ;
#2777 = PLANE ( 'NONE',  #2627 ) ;
#2778 = PRESENTATION_LAYER_ASSIGNMENT (  '', '', ( #826 ) ) ;
#2779 = DIRECTION ( 'NONE',  ( 0.000000000000000000, -0.2588190451025116912, 0.9659258262890707547 ) ) ;
#2780 = CARTESIAN_POINT ( 'NONE',  ( -90.00000000000000000, -16.25176380902053097, 72.03156152444819327 ) ) ;
#2781 =( NAMED_UNIT ( * ) SI_UNIT ( $, .STERADIAN. ) SOLID_ANGLE_UNIT ( ) );
#2782 =( NAMED_UNIT ( * ) PLANE_ANGLE_UNIT ( ) SI_UNIT ( $, .RADIAN. ) );
#2783 = SURFACE_STYLE_FILL_AREA ( #1936 ) ;
#2784 = VERTEX_POINT ( 'NONE', #670 ) ;
#2785 = FACE_OUTER_BOUND ( 'NONE', #1405, .T. ) ;
#2786 = PRESENTATION_STYLE_ASSIGNMENT (( #1488 ) ) ;
#2787 = VERTEX_POINT ( 'NONE', #2653 ) ;
#2788 = FILL_AREA_STYLE_COLOUR ( '', #2099 ) ;
#2789 = CARTESIAN_POINT ( 'NONE',  ( 90.00000000000000000, -2.775557561562891351E-14, -71.79999999999975557 ) ) ;
#2790 = ORIENTED_EDGE ( 'NONE', *, *, #101, .T. ) ;
#2791 = DIRECTION ( 'NONE',  ( 0.000000000000000000, 1.000000000000000000, 0.000000000000000000 ) ) ;
#2792 = DIRECTION ( 'NONE',  ( -1.000000000000000000, -0.000000000000000000, -0.000000000000000000 ) ) ;
#2793 = CARTESIAN_POINT ( 'NONE',  ( -90.00000000000000000, -18.00000000000004263, -72.49999999999967315 ) ) ;
#2794 = EDGE_CURVE ( 'NONE', #1325, #1888, #1536, .T. ) ;
#2795 = DIRECTION ( 'NONE',  ( 1.000000000000000000, -0.000000000000000000, 0.000000000000000000 ) ) ;
#2796 = EDGE_LOOP ( 'NONE', ( #703, #2383, #2170, #2521 ) ) ;
#2797 = CYLINDRICAL_SURFACE ( 'NONE', #153, 0.1999999999999363398 ) ;
#2798 = COLOUR_RGB ( '',0.8980392156862745390, 0.9176470588235293713, 0.9294117647058823817 ) ;
#2799 = CARTESIAN_POINT ( 'NONE',  ( 90.00000000000000000, -2.775557561562891351E-14, -73.09999999999983800 ) ) ;
#2800 = ORIENTED_EDGE ( 'NONE', *, *, #1938, .F. ) ;
#2801 = DIRECTION ( 'NONE',  ( 0.000000000000000000, 0.000000000000000000, 1.000000000000000000 ) ) ;
#2802 = MECHANICAL_DESIGN_GEOMETRIC_PRESENTATION_REPRESENTATION (  '', ( #1349 ), #976 ) ;
#2803 = CARTESIAN_POINT ( 'NONE',  ( -90.00000000000000000, -3.499999999999947597, 0.000000000000000000 ) ) ;
#2804 = DIRECTION ( 'NONE',  ( -0.000000000000000000, 0.000000000000000000, 1.000000000000000000 ) ) ;
#2805 = ADVANCED_FACE ( 'NONE', ( #2036 ), #2432, .T. ) ;
#2806 =( LENGTH_UNIT ( ) NAMED_UNIT ( * ) SI_UNIT ( .MILLI., .METRE. ) );
#2807 = COLOUR_RGB ( '',0.8980392156862745390, 0.9176470588235293713, 0.9294117647058823817 ) ;
#2808 = STYLED_ITEM ( 'NONE', ( #1669 ), #1427 ) ;
#2809 = SURFACE_SIDE_STYLE ('',( #1515 ) ) ;
#2810 = EDGE_CURVE ( 'NONE', #56, #1419, #908, .T. ) ;
#2811 =( GEOMETRIC_REPRESENTATION_CONTEXT ( 3 ) GLOBAL_UNCERTAINTY_ASSIGNED_CONTEXT ( ( #2729 ) ) GLOBAL_UNIT_ASSIGNED_CONTEXT ( ( #2032, #929, #17 ) ) REPRESENTATION_CONTEXT ( 'NONE', 'WORKASPACE' ) );
#2812 = UNCERTAINTY_MEASURE_WITH_UNIT (LENGTH_MEASURE( 1.000000000000000082E-05 ), #1337, 'distance_accuracy_value', 'NONE');
#2813 = SURFACE_STYLE_FILL_AREA ( #2362 ) ;
#2814 = PRESENTATION_LAYER_ASSIGNMENT (  '', '', ( #1491 ) ) ;
#2815 = ORIENTED_EDGE ( 'NONE', *, *, #2794, .F. ) ;
#2816 = STYLED_ITEM ( 'NONE', ( #460 ), #2269 ) ;
#2817 = SURFACE_SIDE_STYLE ('',( #1940 ) ) ;
#2818 = ORIENTED_EDGE ( 'NONE', *, *, #261, .T. ) ;
#2819 = LINE ( 'NONE', #865, #2369 ) ;
#2820 =( LENGTH_UNIT ( ) NAMED_UNIT ( * ) SI_UNIT ( .MILLI., .METRE. ) );
#2821 = EDGE_CURVE ( 'NONE', #2253, #2223, #1342, .T. ) ;
#2822 =( LENGTH_UNIT ( ) NAMED_UNIT ( * ) SI_UNIT ( .MILLI., .METRE. ) );
#2823 = NEXT_ASSEMBLY_USAGE_OCCURRENCE ( 'NAUO1', ' ', ' ', #2306, #1624, $ ) ;
#2824 = NEXT_ASSEMBLY_USAGE_OCCURRENCE ( 'NAUO2', ' ', ' ', #2306, #1624, $ ) ;
ENDSEC;
END-ISO-10303-21;
