ISO-10303-21;
HEADER;
FILE_DESCRIPTION (( 'STEP AP214' ),
    '1' );
FILE_NAME ('SC-FT76x42 -K471.STEP',
    '2026-07-05T02:45:44',
    ( '' ),
    ( '' ),
    'SwSTEP 2.0',
    'SolidWorks 2022',
    '' );
FILE_SCHEMA (( 'AUTOMOTIVE_DESIGN' ));
ENDSEC;

DATA;
#1 = ORIENTED_EDGE ( 'NONE', *, *, #9810, .T. ) ;
#2 = ORIENTED_EDGE ( 'NONE', *, *, #6388, .F. ) ;
#3 = VECTOR ( 'NONE', #8925, 1000.000000000000000 ) ;
#4 = DIRECTION ( 'NONE',  ( -1.000000000000000000, -0.000000000000000000, -0.000000000000000000 ) ) ;
#5 = FILL_AREA_STYLE ('',( #4976 ) ) ;
#6 = DIRECTION ( 'NONE',  ( 1.000000000000000000, 0.000000000000000000, 0.000000000000000000 ) ) ;
#7 = LINE ( 'NONE', #5343, #7481 ) ;
#8 = FACE_OUTER_BOUND ( 'NONE', #7382, .T. ) ;
#9 = ORIENTED_EDGE ( 'NONE', *, *, #1316, .F. ) ;
#10 = VERTEX_POINT ( 'NONE', #5416 ) ;
#11 = LINE ( 'NONE', #1540, #4782 ) ;
#12 = LINE ( 'NONE', #1649, #4199 ) ;
#13 = ORIENTED_EDGE ( 'NONE', *, *, #7662, .F. ) ;
#14 = ORIENTED_EDGE ( 'NONE', *, *, #4923, .T. ) ;
#15 = DIRECTION ( 'NONE',  ( -0.000000000000000000, -1.000000000000000000, -0.000000000000000000 ) ) ;
#16 = VECTOR ( 'NONE', #2785, 1000.000000000000000 ) ;
#17 = LINE ( 'NONE', #6027, #5540 ) ;
#18 = FACE_OUTER_BOUND ( 'NONE', #2734, .T. ) ;
#19 = ORIENTED_EDGE ( 'NONE', *, *, #5214, .T. ) ;
#20 = LINE ( 'NONE', #6692, #7667 ) ;
#21 = LINE ( 'NONE', #8166, #3924 ) ;
#22 = CIRCLE ( 'NONE', #5261, 0.2000000000000334843 ) ;
#23 = EDGE_LOOP ( 'NONE', ( #47, #6691, #3294, #2693 ) ) ;
#24 = ORIENTED_EDGE ( 'NONE', *, *, #4262, .T. ) ;
#25 = CARTESIAN_POINT ( 'NONE',  ( -50.00000000000000000, -6.604999999998750759, -32.50000000000563460 ) ) ;
#26 = FACE_OUTER_BOUND ( 'NONE', #5170, .T. ) ;
#27 = CARTESIAN_POINT ( 'NONE',  ( -50.00000000000000000, -20.95499999999650242, -35.00000000001246292 ) ) ;
#28 = CARTESIAN_POINT ( 'NONE',  ( 50.00000000000000000, -15.70499999999652729, -35.80000000001248850 ) ) ;
#29 = CARTESIAN_POINT ( 'NONE',  ( -50.00000000000000000, -17.03416154989456643, 31.42940952257988840 ) ) ;
#30 = VECTOR ( 'NONE', #10309, 1000.000000000000000 ) ;
#31 = EDGE_LOOP ( 'NONE', ( #8772, #10512, #7294, #7049 ) ) ;
#32 = ADVANCED_FACE ( 'NONE', ( #8748 ), #1260, .F. ) ;
#33 = DIRECTION ( 'NONE',  ( -1.000000000000000000, -0.000000000000000000, -0.000000000000000000 ) ) ;
#34 = CARTESIAN_POINT ( 'NONE',  ( -50.00000000000000000, -11.80499999999840099, -34.00000000000547118 ) ) ;
#35 = ORIENTED_EDGE ( 'NONE', *, *, #2198, .T. ) ;
#36 = FACE_OUTER_BOUND ( 'NONE', #7181, .T. ) ;
#37 = CARTESIAN_POINT ( 'NONE',  ( 50.00000000000000000, 17.54500000000647120, 33.99999999997643840 ) ) ;
#38 = VECTOR ( 'NONE', #8701, 1000.000000000000000 ) ;
#39 = VERTEX_POINT ( 'NONE', #9411 ) ;
#40 = EDGE_CURVE ( 'NONE', #2745, #3769, #4641, .T. ) ;
#41 = LINE ( 'NONE', #9178, #3624 ) ;
#42 = CARTESIAN_POINT ( 'NONE',  ( 50.00000000000000000, -11.80499999999640082, 32.69999999998740492 ) ) ;
#43 = EDGE_CURVE ( 'NONE', #5654, #9658, #9887, .T. ) ;
#44 = LINE ( 'NONE', #6499, #2035 ) ;
#45 = ADVANCED_FACE ( 'NONE', ( #693 ), #6346, .F. ) ;
#46 = DIRECTION ( 'NONE',  ( 1.000000000000000000, 0.000000000000000000, 0.000000000000000000 ) ) ;
#47 = ORIENTED_EDGE ( 'NONE', *, *, #10066, .T. ) ;
#48 = VECTOR ( 'NONE', #6445, 1000.000000000000000 ) ;
#49 = CARTESIAN_POINT ( 'NONE',  ( 50.00000000000000000, -4.204999999996572591, -35.80000000001248850 ) ) ;
#50 = CARTESIAN_POINT ( 'NONE',  ( -50.00000000000000000, -15.70499999999652729, 37.49999999998743050 ) ) ;
#51 = VERTEX_POINT ( 'NONE', #858 ) ;
#52 = ADVANCED_FACE ( 'NONE', ( #2493 ), #6704, .F. ) ;
#53 = VERTEX_POINT ( 'NONE', #5779 ) ;
#54 = ADVANCED_FACE ( 'NONE', ( #1506 ), #6594, .T. ) ;
#55 = LINE ( 'NONE', #6509, #10132 ) ;
#56 = VECTOR ( 'NONE', #9816, 1000.000000000000000 ) ;
#57 = EDGE_CURVE ( 'NONE', #7092, #5501, #3455, .T. ) ;
#58 = CARTESIAN_POINT ( 'NONE',  ( 50.00000000000000000, -14.25499999999646406, 32.79417527058736681 ) ) ;
#59 = CARTESIAN_POINT ( 'NONE',  ( 50.00000000000000000, 0.03500000000122849286, -33.00000000000580513 ) ) ;
#60 = FACE_OUTER_BOUND ( 'NONE', #10669, .T. ) ;
#61 = EDGE_LOOP ( 'NONE', ( #3493, #6211, #3709, #7991 ) ) ;
#62 = EDGE_LOOP ( 'NONE', ( #4414, #3952, #1407, #6180 ) ) ;
#63 = LINE ( 'NONE', #4381, #6882 ) ;
#64 = VECTOR ( 'NONE', #3892, 1000.000000000000000 ) ;
#65 = CARTESIAN_POINT ( 'NONE',  ( -50.00000000000000000, -6.204999999996574367, 37.99999999998738076 ) ) ;
#66 = EDGE_LOOP ( 'NONE', ( #1402, #3356, #5131, #1538 ) ) ;
#67 = ORIENTED_EDGE ( 'NONE', *, *, #3266, .F. ) ;
#68 = EDGE_CURVE ( 'NONE', #295, #8398, #7577, .T. ) ;
#69 = CARTESIAN_POINT ( 'NONE',  ( -50.00000000000000000, -20.95499999999650242, 34.99999999998737366 ) ) ;
#70 = DIRECTION ( 'NONE',  ( 0.000000000000000000, 0.9659258262707508536, -0.2588190451708825557 ) ) ;
#71 = VECTOR ( 'NONE', #828, 1000.000000000000000 ) ;
#72 = CARTESIAN_POINT ( 'NONE',  ( 50.00000000000000000, 3.794999999996551132, -37.50000000001130473 ) ) ;
#73 = ORIENTED_EDGE ( 'NONE', *, *, #6270, .F. ) ;
#74 = DIRECTION ( 'NONE',  ( 0.000000000000000000, 0.000000000000000000, 1.000000000000000000 ) ) ;
#75 = PLANE ( 'NONE',  #3808 ) ;
#76 = VECTOR ( 'NONE', #10449, 1000.000000000000000 ) ;
#77 = ORIENTED_EDGE ( 'NONE', *, *, #9152, .T. ) ;
#78 = ORIENTED_EDGE ( 'NONE', *, *, #5869, .T. ) ;
#79 = FACE_OUTER_BOUND ( 'NONE', #10810, .T. ) ;
#80 = PLANE ( 'NONE',  #10331 ) ;
#81 = FACE_OUTER_BOUND ( 'NONE', #4740, .T. ) ;
#82 = DIRECTION ( 'NONE',  ( -0.000000000000000000, -1.000000000000000000, -0.000000000000000000 ) ) ;
#83 = CARTESIAN_POINT ( 'NONE',  ( 50.00000000000000000, -14.25499999999646406, 33.99999999998737366 ) ) ;
#84 = EDGE_LOOP ( 'NONE', ( #3034, #3184, #5370, #195 ) ) ;
#85 = VECTOR ( 'NONE', #3480, 1000.000000000000000 ) ;
#86 = CARTESIAN_POINT ( 'NONE',  ( -50.00000000000000000, -9.804999999996400817, 32.69999999998740492 ) ) ;
#87 = VECTOR ( 'NONE', #2062, 1000.000000000000000 ) ;
#88 = CARTESIAN_POINT ( 'NONE',  ( 50.00000000000000000, 4.495000000003468443, 32.69999999998740492 ) ) ;
#89 = ORIENTED_EDGE ( 'NONE', *, *, #9478, .F. ) ;
#90 = CARTESIAN_POINT ( 'NONE',  ( 50.00000000000000000, -1.704999999996625881, -35.80000000001248850 ) ) ;
#91 = DIRECTION ( 'NONE',  ( 0.000000000000000000, 1.000000000000000000, 0.000000000000000000 ) ) ;
#92 = EDGE_CURVE ( 'NONE', #8749, #7878, #8345, .T. ) ;
#93 = ORIENTED_EDGE ( 'NONE', *, *, #5132, .F. ) ;
#94 = LINE ( 'NONE', #6106, #9041 ) ;
#95 = VECTOR ( 'NONE', #1294, 1000.000000000000000 ) ;
#96 = CARTESIAN_POINT ( 'NONE',  ( 50.00000000000000000, 9.895000000003539853, 32.69999999998740492 ) ) ;
#97 = DIRECTION ( 'NONE',  ( -1.000000000000000000, -0.000000000000000000, -0.000000000000000000 ) ) ;
#98 = DIRECTION ( 'NONE',  ( 1.000000000000000000, 0.000000000000000000, 0.000000000000000000 ) ) ;
#99 = ORIENTED_EDGE ( 'NONE', *, *, #3932, .T. ) ;
#100 = DIRECTION ( 'NONE',  ( -1.000000000000000000, -0.000000000000000000, -0.000000000000000000 ) ) ;
#101 = CIRCLE ( 'NONE', #10064, 0.2000000000000334843 ) ;
#102 = LINE ( 'NONE', #5899, #5229 ) ;
#103 = EDGE_CURVE ( 'NONE', #9769, #2236, #9063, .T. ) ;
#104 = VERTEX_POINT ( 'NONE', #4085 ) ;
#105 = EDGE_CURVE ( 'NONE', #2236, #10030, #7420, .T. ) ;
#106 = EDGE_LOOP ( 'NONE', ( #2032, #424, #6569, #8631 ) ) ;
#107 = DIRECTION ( 'NONE',  ( 1.000000000000000000, 0.000000000000000000, 0.000000000000000000 ) ) ;
#108 = DIRECTION ( 'NONE',  ( -1.000000000000000000, -0.000000000000000000, -0.000000000000000000 ) ) ;
#109 = CARTESIAN_POINT ( 'NONE',  ( 50.00000000000000000, 6.794999999996331752, -37.50000000001130473 ) ) ;
#110 = VERTEX_POINT ( 'NONE', #9226 ) ;
#111 = ORIENTED_EDGE ( 'NONE', *, *, #9475, .T. ) ;
#112 = EDGE_CURVE ( 'NONE', #3026, #7233, #7525, .T. ) ;
#113 = CARTESIAN_POINT ( 'NONE',  ( 50.00000000000000000, -10.00499999999848733, -32.70000000000561613 ) ) ;
#114 = EDGE_CURVE ( 'NONE', #8047, #6767, #9172, .T. ) ;
#115 = CARTESIAN_POINT ( 'NONE',  ( 50.00000000000000000, 8.295000000003494023, 37.49999999998743050 ) ) ;
#116 = EDGE_CURVE ( 'NONE', #9943, #6399, #4904, .T. ) ;
#117 = ORIENTED_EDGE ( 'NONE', *, *, #720, .F. ) ;
#118 = ORIENTED_EDGE ( 'NONE', *, *, #2298, .T. ) ;
#119 = EDGE_CURVE ( 'NONE', #10610, #10295, #8399, .T. ) ;
#120 = ORIENTED_EDGE ( 'NONE', *, *, #4250, .T. ) ;
#121 = CIRCLE ( 'NONE', #5707, 0.1999999999999779732 ) ;
#122 = CARTESIAN_POINT ( 'NONE',  ( 50.00000000000000000, 6.294999999996386819, -37.50000000001130473 ) ) ;
#123 = FACE_OUTER_BOUND ( 'NONE', #7888, .T. ) ;
#124 = DIRECTION ( 'NONE',  ( 0.000000000000000000, -0.000000000000000000, -1.000000000000000000 ) ) ;
#125 = ORIENTED_EDGE ( 'NONE', *, *, #6264, .T. ) ;
#126 = DIRECTION ( 'NONE',  ( 0.000000000000000000, 1.000000000000000000, 0.000000000000000000 ) ) ;
#127 = CARTESIAN_POINT ( 'NONE',  ( 50.00000000000000000, -6.204999999996574367, -37.50000000001251976 ) ) ;
#128 = EDGE_CURVE ( 'NONE', #4437, #4600, #8181, .T. ) ;
#129 = VECTOR ( 'NONE', #3311, 1000.000000000000000 ) ;
#130 = ORIENTED_EDGE ( 'NONE', *, *, #9359, .F. ) ;
#131 = AXIS2_PLACEMENT_3D ( 'NONE', #5495, #6323, #10426 ) ;
#132 = VERTEX_POINT ( 'NONE', #8292 ) ;
#133 = CARTESIAN_POINT ( 'NONE',  ( -50.00000000000000000, 18.04500000001618787, -34.99999999999980815 ) ) ;
#134 = DIRECTION ( 'NONE',  ( 1.000000000000000000, 0.000000000000000000, -0.000000000000000000 ) ) ;
#135 = DIRECTION ( 'NONE',  ( -1.000000000000000000, -0.000000000000000000, -0.000000000000000000 ) ) ;
#136 = VECTOR ( 'NONE', #9867, 1000.000000000000000 ) ;
#137 = VECTOR ( 'NONE', #1672, 1000.000000000000000 ) ;
#138 = CARTESIAN_POINT ( 'NONE',  ( 50.00000000000000000, -9.104999999998641513, -32.70000000000561613 ) ) ;
#139 = DIRECTION ( 'NONE',  ( 0.000000000000000000, -1.000000000000000000, 0.000000000000000000 ) ) ;
#140 = VERTEX_POINT ( 'NONE', #4243 ) ;
#141 = CARTESIAN_POINT ( 'NONE',  ( 50.00000000000000000, 0.7949999999964374453, -37.50000000001130473 ) ) ;
#142 = CARTESIAN_POINT ( 'NONE',  ( 50.00000000000000000, 13.29499999999650406, -35.80000000001126637 ) ) ;
#143 = ORIENTED_EDGE ( 'NONE', *, *, #4646, .F. ) ;
#144 = VECTOR ( 'NONE', #5773, 1000.000000000000000 ) ;
#145 = DIRECTION ( 'NONE',  ( 0.000000000000000000, 0.000000000000000000, -1.000000000000000000 ) ) ;
#146 = DIRECTION ( 'NONE',  ( 1.000000000000000000, 0.000000000000000000, 0.000000000000000000 ) ) ;
#147 = VECTOR ( 'NONE', #7028, 1000.000000000000000 ) ;
#148 = ORIENTED_EDGE ( 'NONE', *, *, #10343, .T. ) ;
#149 = LINE ( 'NONE', #5892, #7118 ) ;
#150 = AXIS2_PLACEMENT_3D ( 'NONE', #9627, #2175, #8794 ) ;
#151 = CARTESIAN_POINT ( 'NONE',  ( 50.00000000000000000, 9.395000000003484786, 32.49999999998743050 ) ) ;
#152 = AXIS2_PLACEMENT_3D ( 'NONE', #3206, #2545, #6541 ) ;
#153 = CYLINDRICAL_SURFACE ( 'NONE', #1165, 0.2000000000000716482 ) ;
#154 = LINE ( 'NONE', #1842, #10058 ) ;
#155 = ORIENTED_EDGE ( 'NONE', *, *, #3031, .F. ) ;
#156 = DIRECTION ( 'NONE',  ( -1.000000000000000000, -0.000000000000000000, -0.000000000000000000 ) ) ;
#157 = VECTOR ( 'NONE', #2940, 1000.000000000000000 ) ;
#158 = CARTESIAN_POINT ( 'NONE',  ( 50.00000000000000000, 9.194999999996177564, -34.00000000001046629 ) ) ;
#159 = AXIS2_PLACEMENT_3D ( 'NONE', #6477, #4775, #9817 ) ;
#160 = VERTEX_POINT ( 'NONE', #3260 ) ;
#161 = CARTESIAN_POINT ( 'NONE',  ( 50.00000000000000000, -8.204999999996577031, 35.79999999998739924 ) ) ;
#162 = CARTESIAN_POINT ( 'NONE',  ( 50.00000000000000000, -12.00499999999649070, 32.69999999998740492 ) ) ;
#163 = CARTESIAN_POINT ( 'NONE',  ( 50.00000000000000000, 0.03500000000344893891, 34.79999999998739924 ) ) ;
#164 = CIRCLE ( 'NONE', #5762, 0.5000000000000004441 ) ;
#165 = CARTESIAN_POINT ( 'NONE',  ( 50.00000000000000000, 0.03500000000350445006, 32.69999999998740492 ) ) ;
#166 = ORIENTED_EDGE ( 'NONE', *, *, #10152, .F. ) ;
#167 = VERTEX_POINT ( 'NONE', #7468 ) ;
#168 = EDGE_CURVE ( 'NONE', #9965, #6371, #3316, .T. ) ;
#169 = DIRECTION ( 'NONE',  ( 0.000000000000000000, 0.000000000000000000, 1.000000000000000000 ) ) ;
#170 = VECTOR ( 'NONE', #6170, 1000.000000000000227 ) ;
#171 = DIRECTION ( 'NONE',  ( 0.000000000000000000, 1.000000000000000000, 0.000000000000000000 ) ) ;
#172 = VECTOR ( 'NONE', #2447, 1000.000000000000000 ) ;
#173 = ORIENTED_EDGE ( 'NONE', *, *, #5802, .T. ) ;
#174 = VERTEX_POINT ( 'NONE', #7365 ) ;
#175 = ORIENTED_EDGE ( 'NONE', *, *, #3927, .F. ) ;
#176 = EDGE_CURVE ( 'NONE', #3632, #5278, #4332, .T. ) ;
#177 = DIRECTION ( 'NONE',  ( -1.000000000000000000, 0.000000000000000000, -0.000000000000000000 ) ) ;
#178 = ADVANCED_FACE ( 'NONE', ( #2604 ), #1014, .F. ) ;
#179 = CARTESIAN_POINT ( 'NONE',  ( 50.00000000000000000, 0.05500000000346894069, 34.49999999998743050 ) ) ;
#180 = DIRECTION ( 'NONE',  ( -0.000000000000000000, 1.000000000000000000, 0.000000000000000000 ) ) ;
#181 = ORIENTED_EDGE ( 'NONE', *, *, #7588, .T. ) ;
#182 = DIRECTION ( 'NONE',  ( -0.000000000000000000, -0.000000000000000000, -1.000000000000000000 ) ) ;
#183 = EDGE_CURVE ( 'NONE', #5095, #9871, #1777, .T. ) ;
#184 = CARTESIAN_POINT ( 'NONE',  ( 50.00000000000000000, -6.404999999998716831, -32.70000000000561613 ) ) ;
#185 = ORIENTED_EDGE ( 'NONE', *, *, #8932, .T. ) ;
#186 = EDGE_CURVE ( 'NONE', #3093, #10629, #3532, .T. ) ;
#187 = CARTESIAN_POINT ( 'NONE',  ( 50.00000000000000000, 9.895000000003539853, 32.49999999998743050 ) ) ;
#188 = CARTESIAN_POINT ( 'NONE',  ( 50.00000000000000000, -4.204999999996516635, -37.50000000001251976 ) ) ;
#189 = EDGE_CURVE ( 'NONE', #9904, #2393, #6971, .T. ) ;
#190 = DIRECTION ( 'NONE',  ( -0.000000000000000000, 1.000000000000000000, 0.000000000000000000 ) ) ;
#191 = LINE ( 'NONE', #10154, #8775 ) ;
#192 = LINE ( 'NONE', #1012, #2431 ) ;
#193 = VERTEX_POINT ( 'NONE', #8451 ) ;
#194 = DIRECTION ( 'NONE',  ( -1.000000000000000000, -0.000000000000000000, -0.000000000000000000 ) ) ;
#195 = ORIENTED_EDGE ( 'NONE', *, *, #8995, .T. ) ;
#196 = VECTOR ( 'NONE', #3910, 1000.000000000000000 ) ;
#197 = DIRECTION ( 'NONE',  ( 0.000000000000000000, 0.000000000000000000, -1.000000000000000000 ) ) ;
#198 = ORIENTED_EDGE ( 'NONE', *, *, #5521, .F. ) ;
#199 = EDGE_CURVE ( 'NONE', #4049, #5107, #7630, .T. ) ;
#200 = DIRECTION ( 'NONE',  ( -1.000000000000000000, -0.000000000000000000, -0.000000000000000000 ) ) ;
#201 = AXIS2_PLACEMENT_3D ( 'NONE', #9369, #8435, #6688 ) ;
#202 = DIRECTION ( 'NONE',  ( 0.000000000000000000, 1.000000000000000000, 0.000000000000000000 ) ) ;
#203 = CARTESIAN_POINT ( 'NONE',  ( -50.00000000000000000, 15.79500000001615767, -37.49999999999986500 ) ) ;
#204 = CARTESIAN_POINT ( 'NONE',  ( 50.00000000000000000, -14.75499999999851930, -32.79417527063710480 ) ) ;
#205 = EDGE_LOOP ( 'NONE', ( #2204, #3570, #8449, #1671 ) ) ;
#206 = CARTESIAN_POINT ( 'NONE',  ( 50.00000000000000000, -11.70499999999652374, 35.79999999998739924 ) ) ;
#207 = VERTEX_POINT ( 'NONE', #10314 ) ;
#208 = CARTESIAN_POINT ( 'NONE',  ( -50.00000000000000000, 1.794999999996438333, -35.80000000001126637 ) ) ;
#209 = PLANE ( 'NONE',  #7671 ) ;
#210 = AXIS2_PLACEMENT_3D ( 'NONE', #3511, #2684, #1654 ) ;
#211 = ORIENTED_EDGE ( 'NONE', *, *, #923, .F. ) ;
#212 = CARTESIAN_POINT ( 'NONE',  ( 50.00000000000000000, 11.89500000000354163, 33.99999999998737366 ) ) ;
#213 = CARTESIAN_POINT ( 'NONE',  ( 50.00000000000000000, 1.835000000001363318, -34.50000000000563460 ) ) ;
#214 = CARTESIAN_POINT ( 'NONE',  ( -50.00000000000000000, 8.795000000003438956, 37.99999999998743050 ) ) ;
#215 = AXIS2_PLACEMENT_3D ( 'NONE', #3063, #604, #1477 ) ;
#216 = EDGE_CURVE ( 'NONE', #10711, #492, #10257, .T. ) ;
#217 = LINE ( 'NONE', #2676, #4558 ) ;
#218 = ORIENTED_EDGE ( 'NONE', *, *, #1574, .F. ) ;
#219 = ORIENTED_EDGE ( 'NONE', *, *, #8671, .T. ) ;
#220 = CARTESIAN_POINT ( 'NONE',  ( -50.00000000000000000, -17.95499999999650242, -35.00000000001246292 ) ) ;
#221 = DIRECTION ( 'NONE',  ( 0.000000000000000000, 0.000000000000000000, 1.000000000000000000 ) ) ;
#222 = VERTEX_POINT ( 'NONE', #4511 ) ;
#223 = AXIS2_PLACEMENT_3D ( 'NONE', #1905, #2942, #1306 ) ;
#224 = ORIENTED_EDGE ( 'NONE', *, *, #6687, .F. ) ;
#225 = EDGE_LOOP ( 'NONE', ( #5871, #3887, #7347, #7013 ) ) ;
#226 = EDGE_CURVE ( 'NONE', #10530, #7097, #7687, .T. ) ;
#227 = CARTESIAN_POINT ( 'NONE',  ( 50.00000000000000000, 5.795000000003436291, 35.79999999998739924 ) ) ;
#228 = CARTESIAN_POINT ( 'NONE',  ( 50.00000000000000000, -3.704999999998848104, -32.70000000000561613 ) ) ;
#229 = CARTESIAN_POINT ( 'NONE',  ( 50.00000000000000000, 12.79500000000344251, 32.69999999998740492 ) ) ;
#230 = ORIENTED_EDGE ( 'NONE', *, *, #3460, .F. ) ;
#231 = CARTESIAN_POINT ( 'NONE',  ( 50.00000000000000000, 21.04500000001617366, -27.98284271249984556 ) ) ;
#232 = VECTOR ( 'NONE', #2584, 1000.000000000000000 ) ;
#233 = FACE_OUTER_BOUND ( 'NONE', #9141, .T. ) ;
#234 = EDGE_LOOP ( 'NONE', ( #2794, #8921, #600, #9750 ) ) ;
#235 = EDGE_CURVE ( 'NONE', #4438, #5578, #8468, .T. ) ;
#236 = EDGE_CURVE ( 'NONE', #2215, #7778, #7739, .T. ) ;
#237 = LINE ( 'NONE', #9377, #1365 ) ;
#238 = DIRECTION ( 'NONE',  ( 0.000000000000000000, 0.000000000000000000, 1.000000000000000000 ) ) ;
#239 = LINE ( 'NONE', #5221, #7807 ) ;
#240 = CARTESIAN_POINT ( 'NONE',  ( 50.00000000000000000, 16.29500000000350113, 37.99999999998743050 ) ) ;
#241 = CARTESIAN_POINT ( 'NONE',  ( 50.00000000000000000, 1.995000000003521734, 32.19999999998756834 ) ) ;
#242 = EDGE_LOOP ( 'NONE', ( #9755, #13, #6440, #895 ) ) ;
#243 = DIRECTION ( 'NONE',  ( 1.000000000000000000, 0.000000000000000000, 0.000000000000000000 ) ) ;
#244 = DIRECTION ( 'NONE',  ( 0.000000000000000000, 1.000000000000000000, 0.000000000000000000 ) ) ;
#245 = ORIENTED_EDGE ( 'NONE', *, *, #781, .T. ) ;
#246 = ADVANCED_FACE ( 'NONE', ( #6863 ), #1827, .F. ) ;
#247 = EDGE_CURVE ( 'NONE', #9060, #1860, #9384, .T. ) ;
#248 = VECTOR ( 'NONE', #8376, 1000.000000000000000 ) ;
#249 = CARTESIAN_POINT ( 'NONE',  ( -50.00000000000000000, 18.04500000000352955, 37.99999999998738076 ) ) ;
#250 = EDGE_CURVE ( 'NONE', #1806, #1652, #605, .T. ) ;
#251 = VERTEX_POINT ( 'NONE', #7843 ) ;
#252 = DIRECTION ( 'NONE',  ( -0.000000000000000000, -0.000000000000000000, -1.000000000000000000 ) ) ;
#253 = DIRECTION ( 'NONE',  ( -1.000000000000000000, -0.000000000000000000, -0.000000000000000000 ) ) ;
#254 = CARTESIAN_POINT ( 'NONE',  ( -50.00000000000000000, -14.20499999999658058, -37.50000000001251976 ) ) ;
#255 = VECTOR ( 'NONE', #3655, 1000.000000000000000 ) ;
#256 = PRODUCT_DEFINITION_CONTEXT ( 'detailed design', #9273, 'design' ) ;
#257 = CARTESIAN_POINT ( 'NONE',  ( 50.00000000000000000, -11.80499999999845606, -32.70000000000561613 ) ) ;
#258 = ORIENTED_EDGE ( 'NONE', *, *, #935, .T. ) ;
#259 = LINE ( 'NONE', #9617, #95 ) ;
#260 = ORIENTED_EDGE ( 'NONE', *, *, #3320, .T. ) ;
#261 = CARTESIAN_POINT ( 'NONE',  ( -50.00000000000000000, 1.794999999996438333, -37.50000000001130473 ) ) ;
#262 = ADVANCED_FACE ( 'NONE', ( #3422 ), #8562, .F. ) ;
#263 = DIRECTION ( 'NONE',  ( 1.000000000000000000, 0.000000000000000000, 0.000000000000000000 ) ) ;
#264 = VECTOR ( 'NONE', #9899, 1000.000000000000114 ) ;
#265 = EDGE_LOOP ( 'NONE', ( #580, #1597, #7036, #7027 ) ) ;
#266 = CARTESIAN_POINT ( 'NONE',  ( -50.00000000000000000, -8.704999999996520188, 37.99999999998743050 ) ) ;
#267 = DIRECTION ( 'NONE',  ( 0.000000000000000000, 0.000000000000000000, -1.000000000000000000 ) ) ;
#268 = LINE ( 'NONE', #6293, #8602 ) ;
#269 = DIRECTION ( 'NONE',  ( 0.000000000000000000, -0.000000000000000000, -1.000000000000000000 ) ) ;
#270 = ORIENTED_EDGE ( 'NONE', *, *, #1104, .F. ) ;
#271 = ORIENTED_EDGE ( 'NONE', *, *, #2658, .T. ) ;
#272 = CARTESIAN_POINT ( 'NONE',  ( 50.00000000000000000, -14.25499999999835232, -34.00000000000547118 ) ) ;
#273 = PLANE ( 'NONE',  #8877 ) ;
#274 = ORIENTED_EDGE ( 'NONE', *, *, #9737, .T. ) ;
#275 = ORIENTED_EDGE ( 'NONE', *, *, #4770, .F. ) ;
#276 = EDGE_LOOP ( 'NONE', ( #10612, #2840, #2707, #4576 ) ) ;
#277 = CARTESIAN_POINT ( 'NONE',  ( -50.00000000000000000, 18.04500000000352955, 34.99999999998737366 ) ) ;
#278 = CARTESIAN_POINT ( 'NONE',  ( 50.00000000000000000, -17.19618095489838794, 32.03407417369442101 ) ) ;
#279 = LINE ( 'NONE', #3461, #3724 ) ;
#280 = ORIENTED_EDGE ( 'NONE', *, *, #2903, .F. ) ;
#281 = FACE_OUTER_BOUND ( 'NONE', #486, .T. ) ;
#282 = EDGE_CURVE ( 'NONE', #1813, #521, #3579, .T. ) ;
#283 = VERTEX_POINT ( 'NONE', #6757 ) ;
#284 = VECTOR ( 'NONE', #3648, 1000.000000000000000 ) ;
#285 = CARTESIAN_POINT ( 'NONE',  ( -50.00000000000000000, -6.404999999996441318, 32.69999999998740492 ) ) ;
#286 = DIRECTION ( 'NONE',  ( 0.000000000000000000, -0.000000000000000000, 1.000000000000000000 ) ) ;
#287 = PLANE ( 'NONE',  #8332 ) ;
#288 = DIRECTION ( 'NONE',  ( -1.000000000000000000, -0.000000000000000000, -0.000000000000000000 ) ) ;
#289 = DIRECTION ( 'NONE',  ( 0.000000000000000000, 0.000000000000000000, -1.000000000000000000 ) ) ;
#290 = ORIENTED_EDGE ( 'NONE', *, *, #594, .F. ) ;
#291 = EDGE_CURVE ( 'NONE', #7298, #1074, #5279, .T. ) ;
#292 = CIRCLE ( 'NONE', #7112, 0.1999999999999779732 ) ;
#293 = LINE ( 'NONE', #3634, #10392 ) ;
#294 = CARTESIAN_POINT ( 'NONE',  ( 50.00000000000000000, -6.404999999998661764, -34.00000000000547118 ) ) ;
#295 = VERTEX_POINT ( 'NONE', #7785 ) ;
#296 = EDGE_CURVE ( 'NONE', #6234, #5710, #293, .T. ) ;
#297 = CARTESIAN_POINT ( 'NONE',  ( 50.00000000000000000, 12.59499999999624720, -32.70000000001061125 ) ) ;
#298 = ORIENTED_EDGE ( 'NONE', *, *, #8746, .T. ) ;
#299 = ORIENTED_EDGE ( 'NONE', *, *, #8389, .F. ) ;
#300 = CIRCLE ( 'NONE', #3092, 1.000000000000056399 ) ;
#301 = DIRECTION ( 'NONE',  ( 0.000000000000000000, -0.9659258262706827969, -0.2588190451711367412 ) ) ;
#302 = EDGE_CURVE ( 'NONE', #9862, #174, #6720, .T. ) ;
#303 = LINE ( 'NONE', #3589, #3312 ) ;
#304 = CARTESIAN_POINT ( 'NONE',  ( -50.00000000000000000, 8.795000000003438956, 37.49999999998743050 ) ) ;
#305 = EDGE_CURVE ( 'NONE', #3612, #9658, #10102, .T. ) ;
#306 = CARTESIAN_POINT ( 'NONE',  ( -50.00000000000000000, -12.50499999999843403, -32.50000000000563460 ) ) ;
#307 = ORIENTED_EDGE ( 'NONE', *, *, #1667, .T. ) ;
#308 = AXIS2_PLACEMENT_3D ( 'NONE', #6579, #3196, #9162 ) ;
#309 = ADVANCED_FACE ( 'NONE', ( #9711 ), #8771, .T. ) ;
#310 = FACE_OUTER_BOUND ( 'NONE', #1285, .T. ) ;
#311 = ORIENTED_EDGE ( 'NONE', *, *, #9285, .F. ) ;
#312 = EDGE_CURVE ( 'NONE', #7527, #1230, #3853, .T. ) ;
#313 = CARTESIAN_POINT ( 'NONE',  ( 50.00000000000000000, 13.29500000000349758, 35.79999999998739924 ) ) ;
#314 = DIRECTION ( 'NONE',  ( 0.000000000000000000, -1.000000000000000000, 0.000000000000000000 ) ) ;
#315 = AXIS2_PLACEMENT_3D ( 'NONE', #4678, #465, #8011 ) ;
#316 = VECTOR ( 'NONE', #5882, 1000.000000000000000 ) ;
#317 = ORIENTED_EDGE ( 'NONE', *, *, #6251, .T. ) ;
#318 = DIRECTION ( 'NONE',  ( 0.000000000000000000, 0.000000000000000000, -1.000000000000000000 ) ) ;
#319 = DIRECTION ( 'NONE',  ( 0.000000000000000000, 0.000000000000000000, -1.000000000000000000 ) ) ;
#320 = VECTOR ( 'NONE', #4884, 1000.000000000000000 ) ;
#321 = EDGE_CURVE ( 'NONE', #7648, #8883, #3904, .T. ) ;
#322 = DIRECTION ( 'NONE',  ( 0.000000000000000000, 0.000000000000000000, -1.000000000000000000 ) ) ;
#323 = EDGE_CURVE ( 'NONE', #7410, #3731, #5497, .T. ) ;
#324 = DIRECTION ( 'NONE',  ( -0.000000000000000000, 0.000000000000000000, 1.000000000000000000 ) ) ;
#325 = EDGE_LOOP ( 'NONE', ( #8513, #2769, #10408, #1682 ) ) ;
#326 = ORIENTED_EDGE ( 'NONE', *, *, #4440, .F. ) ;
#327 = VECTOR ( 'NONE', #9461, 1000.000000000000000 ) ;
#328 = AXIS2_PLACEMENT_3D ( 'NONE', #241, #1876, #10312 ) ;
#329 = CARTESIAN_POINT ( 'NONE',  ( -50.00000000000000000, -6.704999999996519300, 37.49999999998743050 ) ) ;
#330 = CARTESIAN_POINT ( 'NONE',  ( 50.00000000000000000, 6.494999999996364792, -34.00000000001046629 ) ) ;
#331 = ORIENTED_EDGE ( 'NONE', *, *, #8917, .T. ) ;
#332 = ORIENTED_EDGE ( 'NONE', *, *, #4310, .F. ) ;
#333 = EDGE_LOOP ( 'NONE', ( #2067, #9579, #6287, #1584 ) ) ;
#334 = CARTESIAN_POINT ( 'NONE',  ( 50.00000000000000000, 14.29499999999650584, -35.80000000001126637 ) ) ;
#335 = CARTESIAN_POINT ( 'NONE',  ( 50.00000000000000000, -11.20499999999646690, 37.49999999998743050 ) ) ;
#336 = DIRECTION ( 'NONE',  ( -1.000000000000000000, -0.000000000000000000, -0.000000000000000000 ) ) ;
#338 = ORIENTED_EDGE ( 'NONE', *, *, #6400, .F. ) ;
#337 = AXIS2_PLACEMENT_3D ( 'NONE', #7474, #10260, #4566 ) ;
#339 = DIRECTION ( 'NONE',  ( 1.000000000000000000, 0.000000000000000000, 0.000000000000000000 ) ) ;
#340 = CARTESIAN_POINT ( 'NONE',  ( -50.00000000000000000, 13.29500000000349758, 35.79999999998739924 ) ) ;
#341 = AXIS2_PLACEMENT_3D ( 'NONE', #7262, #426, #2882 ) ;
#342 = ORIENTED_EDGE ( 'NONE', *, *, #2578, .T. ) ;
#343 = EDGE_LOOP ( 'NONE', ( #6759, #1998, #7906, #4277 ) ) ;
#344 = VECTOR ( 'NONE', #4986, 1000.000000000000000 ) ;
#345 = CARTESIAN_POINT ( 'NONE',  ( -50.00000000000000000, 16.57907417369630565, -32.74118095491063229 ) ) ;
#346 = LINE ( 'NONE', #5537, #1701 ) ;
#347 = CARTESIAN_POINT ( 'NONE',  ( 50.00000000000000000, -14.88440952255201388, 32.31121235747549747 ) ) ;
#348 = CARTESIAN_POINT ( 'NONE',  ( 50.00000000000000000, 3.795000000003434515, 37.99999999998743050 ) ) ;
#349 = ORIENTED_EDGE ( 'NONE', *, *, #2778, .F. ) ;
#350 = EDGE_CURVE ( 'NONE', #3273, #4886, #3024, .T. ) ;
#351 = FACE_OUTER_BOUND ( 'NONE', #5256, .T. ) ;
#352 = ORIENTED_EDGE ( 'NONE', *, *, #3435, .T. ) ;
#353 = CYLINDRICAL_SURFACE ( 'NONE', #6453, 3.000000000000002665 ) ;
#354 = EDGE_LOOP ( 'NONE', ( #3421, #9820, #1663, #1674 ) ) ;
#355 = VERTEX_POINT ( 'NONE', #7189 ) ;
#356 = DIRECTION ( 'NONE',  ( -1.000000000000000000, -0.000000000000000000, -0.000000000000000000 ) ) ;
#357 = DIRECTION ( 'NONE',  ( -1.000000000000000000, -0.000000000000000000, -0.000000000000000000 ) ) ;
#358 = ADVANCED_FACE ( 'NONE', ( #4616 ), #10529, .F. ) ;
#359 = CARTESIAN_POINT ( 'NONE',  ( 50.00000000000000000, -0.1649999999991935695, -31.70000000000583640 ) ) ;
#360 = DIRECTION ( 'NONE',  ( -1.000000000000000000, -0.000000000000000000, -0.000000000000000000 ) ) ;
#361 = VECTOR ( 'NONE', #10073, 1000.000000000000000 ) ;
#362 = ORIENTED_EDGE ( 'NONE', *, *, #4601, .T. ) ;
#363 = CARTESIAN_POINT ( 'NONE',  ( 50.00000000000000000, -5.704999999996629434, 37.49999999998743050 ) ) ;
#364 = EDGE_LOOP ( 'NONE', ( #1734, #4917, #1797, #991 ) ) ;
#365 = CARTESIAN_POINT ( 'NONE',  ( 50.00000000000000000, 0.05500000000346894069, 34.49999999998743050 ) ) ;
#366 = ADVANCED_FACE ( 'NONE', ( #351 ), #7239, .F. ) ;
#367 = CARTESIAN_POINT ( 'NONE',  ( 50.00000000000000000, 2.154999999996354276, -32.90000000001091962 ) ) ;
#368 = EDGE_CURVE ( 'NONE', #5883, #4437, #6420, .T. ) ;
#369 = AXIS2_PLACEMENT_3D ( 'NONE', #1770, #2541, #8393 ) ;
#370 = ORIENTED_EDGE ( 'NONE', *, *, #1766, .F. ) ;
#371 = EDGE_CURVE ( 'NONE', #6113, #10596, #8882, .T. ) ;
#372 = DIRECTION ( 'NONE',  ( 1.000000000000000000, 0.000000000000000000, 0.000000000000000000 ) ) ;
#373 = DIRECTION ( 'NONE',  ( 0.000000000000000000, 0.000000000000000000, -1.000000000000000000 ) ) ;
#374 = EDGE_CURVE ( 'NONE', #1700, #10656, #3690, .T. ) ;
#375 = CARTESIAN_POINT ( 'NONE',  ( -50.00000000000000000, -12.00499999999649070, 32.49999999998737366 ) ) ;
#376 = DIRECTION ( 'NONE',  ( 1.000000000000000000, 0.000000000000000000, 0.000000000000000000 ) ) ;
#377 = FACE_OUTER_BOUND ( 'NONE', #333, .T. ) ;
#378 = VERTEX_POINT ( 'NONE', #1232 ) ;
#379 = VERTEX_POINT ( 'NONE', #3796 ) ;
#380 = CIRCLE ( 'NONE', #4053, 0.1999999999999779732 ) ;
#381 = LINE ( 'NONE', #2788, #1993 ) ;
#382 = EDGE_CURVE ( 'NONE', #8699, #1817, #9655, .T. ) ;
#383 = CARTESIAN_POINT ( 'NONE',  ( -50.00000000000000000, 11.89500000000354163, 33.99999999998737366 ) ) ;
#384 = ORIENTED_EDGE ( 'NONE', *, *, #8807, .F. ) ;
#385 = EDGE_CURVE ( 'NONE', #4998, #1194, #1393, .T. ) ;
#386 = ORIENTED_EDGE ( 'NONE', *, *, #781, .F. ) ;
#387 = ORIENTED_EDGE ( 'NONE', *, *, #3266, .T. ) ;
#388 = EDGE_CURVE ( 'NONE', #1869, #5771, #5488, .T. ) ;
#389 = VECTOR ( 'NONE', #5906, 1000.000000000000000 ) ;
#390 = DIRECTION ( 'NONE',  ( -1.000000000000000000, -0.000000000000000000, -0.000000000000000000 ) ) ;
#391 = CARTESIAN_POINT ( 'NONE',  ( 50.00000000000000000, 8.294999999996498730, -37.50000000001130473 ) ) ;
#392 = DIRECTION ( 'NONE',  ( -1.000000000000000000, 0.000000000000000000, -0.000000000000000000 ) ) ;
#393 = VERTEX_POINT ( 'NONE', #518 ) ;
#394 = DIRECTION ( 'NONE',  ( 0.000000000000000000, 0.000000000000000000, -1.000000000000000000 ) ) ;
#395 = VECTOR ( 'NONE', #6393, 1000.000000000000000 ) ;
#396 = DIRECTION ( 'NONE',  ( -0.000000000000000000, 0.000000000000000000, 1.000000000000000000 ) ) ;
#397 = ORIENTED_EDGE ( 'NONE', *, *, #382, .T. ) ;
#398 = EDGE_CURVE ( 'NONE', #9080, #3273, #791, .T. ) ;
#399 = ORIENTED_EDGE ( 'NONE', *, *, #1094, .F. ) ;
#400 = AXIS2_PLACEMENT_3D ( 'NONE', #4614, #2967, #6314 ) ;
#401 = DIRECTION ( 'NONE',  ( 0.000000000000000000, 0.000000000000000000, 1.000000000000000000 ) ) ;
#402 = CARTESIAN_POINT ( 'NONE',  ( 50.00000000000000000, 9.894999999996322515, -32.70000000001061125 ) ) ;
#403 = CARTESIAN_POINT ( 'NONE',  ( -50.00000000000000000, 9.194999999996177564, -32.70000000001061125 ) ) ;
#404 = LINE ( 'NONE', #3742, #8364 ) ;
#405 = ORIENTED_EDGE ( 'NONE', *, *, #9117, .T. ) ;
#406 = CARTESIAN_POINT ( 'NONE',  ( 50.00000000000000000, -14.20499999999658058, -35.80000000001248850 ) ) ;
#407 = VERTEX_POINT ( 'NONE', #3075 ) ;
#408 = LINE ( 'NONE', #7083, #1220 ) ;
#409 = VERTEX_POINT ( 'NONE', #9764 ) ;
#410 = ORIENTED_EDGE ( 'NONE', *, *, #189, .F. ) ;
#411 = DIRECTION ( 'NONE',  ( -1.000000000000000000, -0.000000000000000000, -0.000000000000000000 ) ) ;
#412 = CARTESIAN_POINT ( 'NONE',  ( -50.00000000000000000, 1.835000000001363318, -34.30000000000566018 ) ) ;
#413 = CARTESIAN_POINT ( 'NONE',  ( 50.00000000000000000, -5.704999999996629434, 37.49999999998743050 ) ) ;
#414 = DIRECTION ( 'NONE',  ( -1.000000000000000000, -0.000000000000000000, -0.000000000000000000 ) ) ;
#415 = ORIENTED_EDGE ( 'NONE', *, *, #1068, .T. ) ;
#416 = CARTESIAN_POINT ( 'NONE',  ( 50.00000000000000000, -1.404999999998768345, -31.70000000000583640 ) ) ;
#417 = VECTOR ( 'NONE', #9858, 1000.000000000000114 ) ;
#418 = ORIENTED_EDGE ( 'NONE', *, *, #1841, .T. ) ;
#419 = DIRECTION ( 'NONE',  ( 0.000000000000000000, 1.000000000000000000, 0.000000000000000000 ) ) ;
#420 = DIRECTION ( 'NONE',  ( 1.000000000000000000, 0.000000000000000000, 0.000000000000000000 ) ) ;
#421 = ADVANCED_FACE ( 'NONE', ( #2264 ), #5600, .F. ) ;
#422 = ORIENTED_EDGE ( 'NONE', *, *, #7672, .T. ) ;
#423 = VECTOR ( 'NONE', #5794, 1000.000000000000000 ) ;
#424 = ORIENTED_EDGE ( 'NONE', *, *, #6795, .F. ) ;
#425 = CYLINDRICAL_SURFACE ( 'NONE', #8160, 0.5000000000000350830 ) ;
#426 = DIRECTION ( 'NONE',  ( 0.000000000000000000, 1.000000000000000000, 0.000000000000000000 ) ) ;
#427 = CARTESIAN_POINT ( 'NONE',  ( 50.00000000000000000, 9.295000000003494023, 35.79999999998739924 ) ) ;
#428 = DIRECTION ( 'NONE',  ( -1.000000000000000000, -0.000000000000000000, -0.000000000000000000 ) ) ;
#429 = DIRECTION ( 'NONE',  ( 0.000000000000000000, 0.000000000000000000, 1.000000000000000000 ) ) ;
#430 = ORIENTED_EDGE ( 'NONE', *, *, #5530, .F. ) ;
#431 = ORIENTED_EDGE ( 'NONE', *, *, #7063, .T. ) ;
#432 = VECTOR ( 'NONE', #621, 1000.000000000000000 ) ;
#433 = EDGE_CURVE ( 'NONE', #7356, #3531, #3751, .T. ) ;
#434 = CARTESIAN_POINT ( 'NONE',  ( 50.00000000000000000, 9.295000000003494023, 35.79999999998739924 ) ) ;
#435 = AXIS2_PLACEMENT_3D ( 'NONE', #9671, #5504, #6600 ) ;
#436 = VECTOR ( 'NONE', #9957, 1000.000000000000000 ) ;
#437 = DIRECTION ( 'NONE',  ( 0.000000000000000000, 0.000000000000000000, -1.000000000000000000 ) ) ;
#438 = EDGE_CURVE ( 'NONE', #6494, #10296, #21, .T. ) ;
#439 = ORIENTED_EDGE ( 'NONE', *, *, #7804, .F. ) ;
#440 = ORIENTED_EDGE ( 'NONE', *, *, #4978, .F. ) ;
#441 = ORIENTED_EDGE ( 'NONE', *, *, #6007, .F. ) ;
#442 = EDGE_CURVE ( 'NONE', #8763, #610, #6694, .T. ) ;
#443 = AXIS2_PLACEMENT_3D ( 'NONE', #8923, #3126, #6466 ) ;
#444 = LINE ( 'NONE', #2895, #10522 ) ;
#445 = CARTESIAN_POINT ( 'NONE',  ( 50.00000000000000000, -20.95499999999650242, 34.99999999998737366 ) ) ;
#446 = EDGE_CURVE ( 'NONE', #1224, #2815, #4946, .T. ) ;
#447 = CARTESIAN_POINT ( 'NONE',  ( 50.00000000000000000, 0.2549999999962304642, -32.70000000001083151 ) ) ;
#448 = ORIENTED_EDGE ( 'NONE', *, *, #8800, .T. ) ;
#449 = EDGE_CURVE ( 'NONE', #9809, #4813, #4830, .T. ) ;
#450 = CARTESIAN_POINT ( 'NONE',  ( 50.00000000000000000, 2.035000000001341292, -34.30000000000566018 ) ) ;
#451 = PLANE ( 'NONE',  #3843 ) ;
#452 = EDGE_CURVE ( 'NONE', #9200, #7444, #6550, .T. ) ;
#453 = ORIENTED_EDGE ( 'NONE', *, *, #4923, .F. ) ;
#454 = STYLED_ITEM ( 'NONE', ( #556 ), #6281 ) ;
#455 = EDGE_LOOP ( 'NONE', ( #2998, #3335, #2650, #8391 ) ) ;
#456 = LINE ( 'NONE', #7128, #3875 ) ;
#457 = LINE ( 'NONE', #6148, #7980 ) ;
#458 = EDGE_CURVE ( 'NONE', #7286, #53, #9819, .T. ) ;
#459 = LINE ( 'NONE', #347, #2498 ) ;
#460 = FACE_OUTER_BOUND ( 'NONE', #5055, .T. ) ;
#461 = DIRECTION ( 'NONE',  ( -0.000000000000000000, -0.000000000000000000, -1.000000000000000000 ) ) ;
#462 = EDGE_LOOP ( 'NONE', ( #10192, #6962, #2803, #9225 ) ) ;
#463 = ORIENTED_EDGE ( 'NONE', *, *, #4654, .T. ) ;
#464 = ORIENTED_EDGE ( 'NONE', *, *, #8193, .F. ) ;
#465 = DIRECTION ( 'NONE',  ( 1.000000000000000000, 0.000000000000000000, 0.000000000000000000 ) ) ;
#466 = CARTESIAN_POINT ( 'NONE',  ( 50.00000000000000000, -14.75499999999851930, -32.79417527063710480 ) ) ;
#467 = LINE ( 'NONE', #1240, #8325 ) ;
#468 = VECTOR ( 'NONE', #7537, 1000.000000000000000 ) ;
#469 = CARTESIAN_POINT ( 'NONE',  ( 50.00000000000000000, -7.104999999996586268, 32.69999999998740492 ) ) ;
#470 = ORIENTED_EDGE ( 'NONE', *, *, #3023, .T. ) ;
#471 = DIRECTION ( 'NONE',  ( 1.000000000000000000, 0.000000000000000000, 0.000000000000000000 ) ) ;
#472 = VERTEX_POINT ( 'NONE', #679 ) ;
#473 = DIRECTION ( 'NONE',  ( -1.000000000000000000, -0.000000000000000000, -0.000000000000000000 ) ) ;
#474 = CARTESIAN_POINT ( 'NONE',  ( 50.00000000000000000, -14.25499999999835232, -34.00000000000547118 ) ) ;
#475 = AXIS2_PLACEMENT_3D ( 'NONE', #359, #7904, #7147 ) ;
#476 = EDGE_LOOP ( 'NONE', ( #5249, #6230, #7316, #9397 ) ) ;
#477 = ORIENTED_EDGE ( 'NONE', *, *, #9880, .F. ) ;
#478 = DIRECTION ( 'NONE',  ( -0.000000000000000000, 1.000000000000000000, -0.000000000000000000 ) ) ;
#479 = VECTOR ( 'NONE', #8959, 1000.000000000000000 ) ;
#480 = CARTESIAN_POINT ( 'NONE',  ( 50.00000000000000000, 0.03500000000122849286, -33.00000000000580513 ) ) ;
#481 = CARTESIAN_POINT ( 'NONE',  ( 50.00000000000000000, 17.60712446303502787, -31.30000000001242810 ) ) ;
#482 = CYLINDRICAL_SURFACE ( 'NONE', #10010, 0.5000000000000768274 ) ;
#483 = AXIS2_PLACEMENT_3D ( 'NONE', #2797, #7115, #1974 ) ;
#484 = CARTESIAN_POINT ( 'NONE',  ( 50.00000000000000000, -9.204999999996577031, -37.50000000001251976 ) ) ;
#485 = ORIENTED_EDGE ( 'NONE', *, *, #7066, .T. ) ;
#486 = EDGE_LOOP ( 'NONE', ( #3058, #5508, #8926, #4444 ) ) ;
#487 = CARTESIAN_POINT ( 'NONE',  ( -50.00000000000000000, 12.59500000000346454, 32.69999999998740492 ) ) ;
#488 = AXIS2_PLACEMENT_3D ( 'NONE', #4518, #7850, #7954 ) ;
#489 = LINE ( 'NONE', #6233, #4688 ) ;
#490 = VECTOR ( 'NONE', #4073, 1000.000000000000000 ) ;
#491 = ORIENTED_EDGE ( 'NONE', *, *, #4859, .F. ) ;
#492 = VERTEX_POINT ( 'NONE', #5650 ) ;
#493 = ORIENTED_EDGE ( 'NONE', *, *, #5129, .T. ) ;
#494 = AXIS2_PLACEMENT_3D ( 'NONE', #297, #9496, #10369 ) ;
#495 = CIRCLE ( 'NONE', #8884, 0.2000000000000334843 ) ;
#496 = DIRECTION ( 'NONE',  ( -1.000000000000000000, -0.000000000000000000, -0.000000000000000000 ) ) ;
#498 = EDGE_CURVE ( 'NONE', #9638, #5467, #5704, .T. ) ;
#497 = AXIS2_PLACEMENT_3D ( 'NONE', #4979, #9347, #3343 ) ;
#499 = ADVANCED_FACE ( 'NONE', ( #1712 ), #6643, .F. ) ;
#500 = DIRECTION ( 'NONE',  ( 0.000000000000000000, 0.000000000000000000, -1.000000000000000000 ) ) ;
#501 = DIRECTION ( 'NONE',  ( -1.000000000000000000, -0.000000000000000000, -0.000000000000000000 ) ) ;
#502 = VERTEX_POINT ( 'NONE', #3957 ) ;
#503 = SURFACE_STYLE_FILL_AREA ( #8563 ) ;
#504 = CARTESIAN_POINT ( 'NONE',  ( -50.00000000000000000, -0.7049999999965139708, -37.50000000001251976 ) ) ;
#505 = VECTOR ( 'NONE', #4099, 1000.000000000000000 ) ;
#506 = DIRECTION ( 'NONE',  ( -1.000000000000000000, -0.000000000000000000, -0.000000000000000000 ) ) ;
#507 = ORIENTED_EDGE ( 'NONE', *, *, #8049, .T. ) ;
#508 = VECTOR ( 'NONE', #7840, 1000.000000000000114 ) ;
#509 = ORIENTED_EDGE ( 'NONE', *, *, #442, .T. ) ;
#510 = ADVANCED_FACE ( 'NONE', ( #9108 ), #9047, .T. ) ;
#511 = EDGE_CURVE ( 'NONE', #10610, #8172, #2416, .T. ) ;
#512 = VECTOR ( 'NONE', #978, 1000.000000000000000 ) ;
#513 = EDGE_CURVE ( 'NONE', #7928, #5896, #1551, .T. ) ;
#514 = DIRECTION ( 'NONE',  ( -1.000000000000000000, -0.000000000000000000, -0.000000000000000000 ) ) ;
#515 = CARTESIAN_POINT ( 'NONE',  ( 50.00000000000000000, 3.295000000003489582, 35.79999999998739924 ) ) ;
#516 = DIRECTION ( 'NONE',  ( 0.000000000000000000, -0.000000000000000000, 1.000000000000000000 ) ) ;
#517 = CIRCLE ( 'NONE', #5580, 0.2000000000000334843 ) ;
#518 = CARTESIAN_POINT ( 'NONE',  ( 50.00000000000000000, 11.89500000000354163, 32.69999999998740492 ) ) ;
#519 = EDGE_LOOP ( 'NONE', ( #710, #1441, #10453, #5147 ) ) ;
#520 = CIRCLE ( 'NONE', #6637, 0.5000000000000004441 ) ;
#521 = VERTEX_POINT ( 'NONE', #4997 ) ;
#522 = VECTOR ( 'NONE', #10520, 1000.000000000000000 ) ;
#523 = EDGE_CURVE ( 'NONE', #2478, #2435, #2371, .T. ) ;
#524 = ORIENTED_EDGE ( 'NONE', *, *, #4722, .T. ) ;
#525 = EDGE_CURVE ( 'NONE', #3332, #355, #9925, .T. ) ;
#526 = CARTESIAN_POINT ( 'NONE',  ( 50.00000000000000000, -18.95499999999827878, -30.80000000000548965 ) ) ;
#527 = LINE ( 'NONE', #8729, #7882 ) ;
#528 = DIRECTION ( 'NONE',  ( 0.000000000000000000, 1.000000000000000000, 0.000000000000000000 ) ) ;
#529 = CARTESIAN_POINT ( 'NONE',  ( -50.00000000000000000, -17.45500000000122043, -33.99999999999425881 ) ) ;
#530 = VERTEX_POINT ( 'NONE', #3358 ) ;
#531 = CARTESIAN_POINT ( 'NONE',  ( -50.00000000000000000, 7.195000000003504148, 32.49999999998743050 ) ) ;
#532 = ORIENTED_EDGE ( 'NONE', *, *, #9606, .F. ) ;
#533 = PLANE ( 'NONE',  #6722 ) ;
#534 = FACE_OUTER_BOUND ( 'NONE', #5417, .T. ) ;
#535 = ORIENTED_EDGE ( 'NONE', *, *, #6869, .T. ) ;
#536 = ADVANCED_FACE ( 'NONE', ( #8281 ), #10796, .F. ) ;
#537 = ORIENTED_EDGE ( 'NONE', *, *, #9679, .T. ) ;
#538 = LINE ( 'NONE', #9785, #10623 ) ;
#539 = VECTOR ( 'NONE', #10445, 1000.000000000000000 ) ;
#540 = CARTESIAN_POINT ( 'NONE',  ( 50.00000000000000000, 0.7950000000034318504, 37.49999999998743050 ) ) ;
#541 = DIRECTION ( 'NONE',  ( -0.000000000000000000, -1.000000000000000000, -0.000000000000000000 ) ) ;
#542 = PLANE ( 'NONE',  #3546 ) ;
#543 = CYLINDRICAL_SURFACE ( 'NONE', #10324, 0.5000000000000004441 ) ;
#544 = EDGE_LOOP ( 'NONE', ( #1176, #6157, #5101, #6483 ) ) ;
#545 = DIRECTION ( 'NONE',  ( 0.000000000000000000, 1.000000000000000000, 0.000000000000000000 ) ) ;
#546 = CARTESIAN_POINT ( 'NONE',  ( 50.00000000000000000, 17.54499999999248416, -33.00000000001546141 ) ) ;
#547 = VERTEX_POINT ( 'NONE', #5824 ) ;
#548 = ORIENTED_EDGE ( 'NONE', *, *, #8470, .F. ) ;
#549 = ORIENTED_EDGE ( 'NONE', *, *, #4072, .T. ) ;
#550 = FACE_OUTER_BOUND ( 'NONE', #3673, .T. ) ;
#551 = LINE ( 'NONE', #9747, #1269 ) ;
#552 = AXIS2_PLACEMENT_3D ( 'NONE', #122, #4991, #1705 ) ;
#553 = CARTESIAN_POINT ( 'NONE',  ( -50.00000000000000000, 1.794999999996438333, -35.80000000001126637 ) ) ;
#554 = CARTESIAN_POINT ( 'NONE',  ( 50.00000000000000000, 0.03500000000122849286, -35.60000000000562892 ) ) ;
#555 = EDGE_LOOP ( 'NONE', ( #1924, #5332, #3004, #1494 ) ) ;
#556 = PRESENTATION_STYLE_ASSIGNMENT (( #8866 ) ) ;
#557 = FACE_OUTER_BOUND ( 'NONE', #1396, .T. ) ;
#558 = LINE ( 'NONE', #1383, #7679 ) ;
#559 = VERTEX_POINT ( 'NONE', #1660 ) ;
#560 = VECTOR ( 'NONE', #108, 1000.000000000000000 ) ;
#561 = EDGE_CURVE ( 'NONE', #7312, #10756, #8109, .T. ) ;
#562 = ORIENTED_EDGE ( 'NONE', *, *, #9891, .F. ) ;
#563 = CARTESIAN_POINT ( 'NONE',  ( -50.00000000000000000, 0.2550000000035579362, 35.79999999998739924 ) ) ;
#564 = CARTESIAN_POINT ( 'NONE',  ( 50.00000000000000000, 1.835000000001363318, -34.30000000000566018 ) ) ;
#565 = LINE ( 'NONE', #5377, #2841 ) ;
#566 = CARTESIAN_POINT ( 'NONE',  ( 50.00000000000000000, 4.295000000003490470, 35.79999999998739924 ) ) ;
#567 = VECTOR ( 'NONE', #6701, 1000.000000000000000 ) ;
#568 = DIRECTION ( 'NONE',  ( 1.000000000000000000, 0.000000000000000000, 0.000000000000000000 ) ) ;
#569 = ORIENTED_EDGE ( 'NONE', *, *, #10222, .F. ) ;
#570 = EDGE_CURVE ( 'NONE', #167, #5926, #7514, .T. ) ;
#571 = EDGE_CURVE ( 'NONE', #7642, #5106, #7293, .T. ) ;
#572 = VERTEX_POINT ( 'NONE', #5158 ) ;
#573 = AXIS2_PLACEMENT_3D ( 'NONE', #2860, #10474, #5486 ) ;
#574 = VERTEX_POINT ( 'NONE', #8441 ) ;
#575 = DIRECTION ( 'NONE',  ( -1.000000000000000000, -0.000000000000000000, -0.000000000000000000 ) ) ;
#576 = DIRECTION ( 'NONE',  ( 1.000000000000000000, 0.000000000000000000, 0.000000000000000000 ) ) ;
#577 = CARTESIAN_POINT ( 'NONE',  ( -50.00000000000000000, 1.294999999996493401, -37.50000000001130473 ) ) ;
#578 = ADVANCED_FACE ( 'NONE', ( #7725 ), #4396, .T. ) ;
#579 = CARTESIAN_POINT ( 'NONE',  ( 50.00000000000000000, 18.04500000000352955, 37.99999999998738076 ) ) ;
#580 = ORIENTED_EDGE ( 'NONE', *, *, #6458, .T. ) ;
#581 = EDGE_CURVE ( 'NONE', #5970, #10747, #4340, .T. ) ;
#582 = PLANE ( 'NONE',  #7248 ) ;
#583 = ORIENTED_EDGE ( 'NONE', *, *, #2512, .T. ) ;
#584 = AXIS2_PLACEMENT_3D ( 'NONE', #447, #3617, #6138 ) ;
#585 = EDGE_CURVE ( 'NONE', #6999, #4982, #6084, .T. ) ;
#586 = CARTESIAN_POINT ( 'NONE',  ( 50.00000000000000000, 8.794999999996555573, -37.50000000001130473 ) ) ;
#587 = CARTESIAN_POINT ( 'NONE',  ( 50.00000000000000000, 13.79499999999655913, -37.50000000001130473 ) ) ;
#588 = VERTEX_POINT ( 'NONE', #951 ) ;
#589 = ORIENTED_EDGE ( 'NONE', *, *, #10414, .T. ) ;
#590 = DIRECTION ( 'NONE',  ( -1.000000000000000000, -0.000000000000000000, -0.000000000000000000 ) ) ;
#591 = CARTESIAN_POINT ( 'NONE',  ( -50.00000000000000000, 10.79500000000333060, 35.79999999998739924 ) ) ;
#592 = FACE_OUTER_BOUND ( 'NONE', #4196, .T. ) ;
#593 = CARTESIAN_POINT ( 'NONE',  ( -50.00000000000000000, 13.29499999999655913, -37.50000000001130473 ) ) ;
#594 = EDGE_CURVE ( 'NONE', #2506, #10431, #5903, .T. ) ;
#595 = LINE ( 'NONE', #4040, #1661 ) ;
#596 = ORIENTED_EDGE ( 'NONE', *, *, #4068, .F. ) ;
#597 = DIRECTION ( 'NONE',  ( -0.000000000000000000, 1.000000000000000000, -0.000000000000000000 ) ) ;
#598 = AXIS2_PLACEMENT_3D ( 'NONE', #4701, #4593, #7922 ) ;
#599 = LINE ( 'NONE', #8088, #7310 ) ;
#600 = ORIENTED_EDGE ( 'NONE', *, *, #4465, .F. ) ;
#601 = EDGE_LOOP ( 'NONE', ( #5686, #1513, #218, #4967 ) ) ;
#602 = ORIENTED_EDGE ( 'NONE', *, *, #1187, .T. ) ;
#603 = FACE_OUTER_BOUND ( 'NONE', #1991, .T. ) ;
#604 = DIRECTION ( 'NONE',  ( -1.000000000000000000, -0.000000000000000000, -0.000000000000000000 ) ) ;
#605 = CIRCLE ( 'NONE', #2871, 0.5000000000000559552 ) ;
#606 = CARTESIAN_POINT ( 'NONE',  ( 50.00000000000000000, -13.70499999999652552, 37.49999999998743050 ) ) ;
#607 = AXIS2_PLACEMENT_3D ( 'NONE', #2009, #1247, #5347 ) ;
#608 = FACE_OUTER_BOUND ( 'NONE', #8016, .T. ) ;
#609 = ORIENTED_EDGE ( 'NONE', *, *, #3048, .F. ) ;
#610 = VERTEX_POINT ( 'NONE', #1763 ) ;
#611 = PRODUCT_CONTEXT ( 'NONE', #4233, 'mechanical' ) ;
#612 = DIRECTION ( 'NONE',  ( -1.000000000000000000, -0.000000000000000000, -0.000000000000000000 ) ) ;
#613 = CARTESIAN_POINT ( 'NONE',  ( 50.00000000000000000, -9.804999999998509352, -32.50000000000563460 ) ) ;
#614 = ORIENTED_EDGE ( 'NONE', *, *, #1519, .F. ) ;
#615 = ORIENTED_EDGE ( 'NONE', *, *, #523, .T. ) ;
#616 = VECTOR ( 'NONE', #1950, 1000.000000000000000 ) ;
#617 = DIRECTION ( 'NONE',  ( 0.000000000000000000, 0.000000000000000000, -1.000000000000000000 ) ) ;
#618 = FACE_OUTER_BOUND ( 'NONE', #7333, .T. ) ;
#619 = DIRECTION ( 'NONE',  ( 1.000000000000000000, 0.000000000000000000, -0.000000000000000000 ) ) ;
#620 = FACE_OUTER_BOUND ( 'NONE', #3748, .T. ) ;
#621 = DIRECTION ( 'NONE',  ( -1.000000000000000000, -0.000000000000000000, -0.000000000000000000 ) ) ;
#622 = ORIENTED_EDGE ( 'NONE', *, *, #3379, .F. ) ;
#623 = AXIS2_PLACEMENT_3D ( 'NONE', #9122, #6705, #3261 ) ;
#624 = ORIENTED_EDGE ( 'NONE', *, *, #7524, .T. ) ;
#625 = ORIENTED_EDGE ( 'NONE', *, *, #10611, .T. ) ;
#626 = ORIENTED_EDGE ( 'NONE', *, *, #8521, .F. ) ;
#627 = DIRECTION ( 'NONE',  ( -1.000000000000000000, -0.000000000000000000, -0.000000000000000000 ) ) ;
#628 = DIRECTION ( 'NONE',  ( -1.000000000000000000, -0.000000000000000000, -0.000000000000000000 ) ) ;
#629 = EDGE_CURVE ( 'NONE', #6957, #1729, #9051, .T. ) ;
#630 = FACE_OUTER_BOUND ( 'NONE', #8078, .T. ) ;
#631 = DIRECTION ( 'NONE',  ( 0.000000000000000000, -1.000000000000000000, 0.000000000000000000 ) ) ;
#632 = ORIENTED_EDGE ( 'NONE', *, *, #8207, .F. ) ;
#633 = ADVANCED_FACE ( 'NONE', ( #233 ), #10144, .F. ) ;
#634 = DIRECTION ( 'NONE',  ( 1.000000000000000000, 0.000000000000000000, 0.000000000000000000 ) ) ;
#635 = ORIENTED_EDGE ( 'NONE', *, *, #10210, .T. ) ;
#636 = DIRECTION ( 'NONE',  ( -1.000000000000000000, -0.000000000000000000, -0.000000000000000000 ) ) ;
#637 = LINE ( 'NONE', #9724, #5568 ) ;
#638 = ORIENTED_EDGE ( 'NONE', *, *, #7864, .T. ) ;
#639 = ADVANCED_FACE ( 'NONE', ( #3568 ), #2638, .T. ) ;
#640 = VERTEX_POINT ( 'NONE', #184 ) ;
#641 = ADVANCED_FACE ( 'NONE', ( #5977 ), #75, .F. ) ;
#642 = CARTESIAN_POINT ( 'NONE',  ( 50.00000000000000000, 11.29500000000349758, 37.49999999998743050 ) ) ;
#643 = CARTESIAN_POINT ( 'NONE',  ( -50.00000000000000000, -6.704999999996519300, -35.80000000001248850 ) ) ;
#644 = EDGE_CURVE ( 'NONE', #4141, #4084, #6802, .T. ) ;
#645 = DIRECTION ( 'NONE',  ( -1.000000000000000000, -0.000000000000000000, -0.000000000000000000 ) ) ;
#646 = CARTESIAN_POINT ( 'NONE',  ( 50.00000000000000000, -20.89642135619640584, 27.84142135618738934 ) ) ;
#647 = ADVANCED_FACE ( 'NONE', ( #6902 ), #9268, .F. ) ;
#648 = CARTESIAN_POINT ( 'NONE',  ( 50.00000000000000000, 15.79500000000344428, 37.49999999998743050 ) ) ;
#649 = ORIENTED_EDGE ( 'NONE', *, *, #433, .F. ) ;
#650 = LINE ( 'NONE', #10558, #4270 ) ;
#651 = VECTOR ( 'NONE', #6908, 1000.000000000000000 ) ;
#652 = CARTESIAN_POINT ( 'NONE',  ( -50.00000000000000000, 6.794999999996331752, -37.50000000001130473 ) ) ;
#653 = VERTEX_POINT ( 'NONE', #6746 ) ;
#654 = ORIENTED_EDGE ( 'NONE', *, *, #8917, .F. ) ;
#655 = ORIENTED_EDGE ( 'NONE', *, *, #10563, .T. ) ;
#656 = ADVANCED_FACE ( 'NONE', ( #4445 ), #6851, .F. ) ;
#657 = CARTESIAN_POINT ( 'NONE',  ( 50.00000000000000000, -9.804999999998509352, -32.70000000000561613 ) ) ;
#658 = EDGE_CURVE ( 'NONE', #4490, #4313, #6031, .T. ) ;
#659 = CARTESIAN_POINT ( 'NONE',  ( -50.00000000000000000, -1.404999999998768345, -32.20000000000589324 ) ) ;
#660 = CLOSED_SHELL ( 'NONE', ( #3513, #6448, #4968, #10719, #3306, #8816, #2566, #9739, #4523, #10425, #7668, #2112, #8074, #2181, #6451, #2836, #4541, #5414, #10012, #1386, #7461, #1114, #1825, #9270, #7529, #6341, #3190, #10033, #2025, #7413, #3791, #1703, #578, #3450, #7720, #7182, #1733, #8536, #4264, #9991, #3060, #2594, #366, #5795, #1252, #4312, #9272, #8272, #6801, #4323, #5056, #7399, #5259, #54, #9275, #2656, #5932, #2312, #7246, #10145, #4720, #10826, #7842, #2375, #8210, #3389, #2170, #10356, #5991, #7867, #9343, #10689, #6811, #8139, #1900, #4854, #7060, #1794, #246, #2776, #536, #6261, #699, #973, #1561, #8656, #1850, #32, #8551, #9970, #3912, #7593, #10457, #9002, #6673, #3114, #1448, #1244, #1790, #9619, #6512, #4387, #8268, #9956, #4117, #10601, #10006, #4279, #8315, #6397, #4390, #8486, #9406, #4461, #1495, #5308, #262, #5139, #2245, #10483, #3125, #9893, #7870, #6721, #1718, #783, #2973, #10553, #2382, #8608, #5980, #178, #9726, #4140, #6470, #5723, #3708, #1781, #735, #8280, #6047, #3859, #8120, #2105, #6403, #1591, #9616, #6548, #639, #45, #8939, #9663, #10072, #5128, #9951, #7005, #3873, #1764, #8505, #3402, #7856 ) ) ;
#661 = DIRECTION ( 'NONE',  ( 0.000000000000000000, 0.000000000000000000, 1.000000000000000000 ) ) ;
#662 = LINE ( 'NONE', #4877, #7476 ) ;
#663 = DIRECTION ( 'NONE',  ( 1.000000000000000000, 0.000000000000000000, 0.000000000000000000 ) ) ;
#664 = ORIENTED_EDGE ( 'NONE', *, *, #5070, .F. ) ;
#665 = ORIENTED_EDGE ( 'NONE', *, *, #5119, .F. ) ;
#666 = CIRCLE ( 'NONE', #6772, 0.5000000000001323386 ) ;
#667 = CIRCLE ( 'NONE', #6774, 0.4999999999999449329 ) ;
#668 = DIRECTION ( 'NONE',  ( -0.000000000000000000, -0.000000000000000000, -1.000000000000000000 ) ) ;
#669 = DIRECTION ( 'NONE',  ( 0.000000000000000000, -0.000000000000000000, 1.000000000000000000 ) ) ;
#670 = ORIENTED_EDGE ( 'NONE', *, *, #3276, .F. ) ;
#671 = ORIENTED_EDGE ( 'NONE', *, *, #7457, .T. ) ;
#672 = VECTOR ( 'NONE', #3362, 1000.000000000000000 ) ;
#673 = AXIS2_PLACEMENT_3D ( 'NONE', #10169, #1641, #10217 ) ;
#674 = CARTESIAN_POINT ( 'NONE',  ( 50.00000000000000000, 18.04500000000352955, 37.99999999998738076 ) ) ;
#675 = DIRECTION ( 'NONE',  ( -0.000000000000000000, -1.000000000000000000, -0.000000000000000000 ) ) ;
#676 = VECTOR ( 'NONE', #4702, 1000.000000000000000 ) ;
#677 = LINE ( 'NONE', #838, #10020 ) ;
#678 = CARTESIAN_POINT ( 'NONE',  ( 50.00000000000000000, -3.204999999996571702, -37.50000000001251976 ) ) ;
#679 = CARTESIAN_POINT ( 'NONE',  ( 50.00000000000000000, 3.294999999996495177, -35.80000000001126637 ) ) ;
#680 = ORIENTED_EDGE ( 'NONE', *, *, #9206, .F. ) ;
#681 = PRESENTATION_LAYER_ASSIGNMENT (  '', '', ( #10458 ) ) ;
#682 = VECTOR ( 'NONE', #9045, 1000.000000000000000 ) ;
#683 = ORIENTED_EDGE ( 'NONE', *, *, #1884, .T. ) ;
#685 = VERTEX_POINT ( 'NONE', #2588 ) ;
#684 = AXIS2_PLACEMENT_3D ( 'NONE', #4260, #263, #2619 ) ;
#686 = ORIENTED_EDGE ( 'NONE', *, *, #3404, .T. ) ;
#687 = DIRECTION ( 'NONE',  ( 0.000000000000000000, 0.000000000000000000, 1.000000000000000000 ) ) ;
#688 = CARTESIAN_POINT ( 'NONE',  ( 50.00000000000000000, -1.704999999996625881, -37.50000000001251976 ) ) ;
#689 = DIRECTION ( 'NONE',  ( 0.000000000000000000, 0.000000000000000000, 1.000000000000000000 ) ) ;
#690 = AXIS2_PLACEMENT_3D ( 'NONE', #4963, #9130, #3160 ) ;
#691 = DIRECTION ( 'NONE',  ( 0.000000000000000000, -0.2588190451711366857, 0.9659258262706826859 ) ) ;
#692 = EDGE_LOOP ( 'NONE', ( #9979, #10540, #8727, #493 ) ) ;
#693 = FACE_OUTER_BOUND ( 'NONE', #5571, .T. ) ;
#694 = DIRECTION ( 'NONE',  ( 0.000000000000000000, 0.000000000000000000, -1.000000000000000000 ) ) ;
#695 = VECTOR ( 'NONE', #932, 1000.000000000000000 ) ;
#696 = VERTEX_POINT ( 'NONE', #7775 ) ;
#697 = DIRECTION ( 'NONE',  ( 0.000000000000000000, -0.7071067811865475727, 0.7071067811865475727 ) ) ;
#698 = DIRECTION ( 'NONE',  ( -1.000000000000000000, -0.000000000000000000, -0.000000000000000000 ) ) ;
#699 = ADVANCED_FACE ( 'NONE', ( #281 ), #3619, .F. ) ;
#700 = ORIENTED_EDGE ( 'NONE', *, *, #1982, .F. ) ;
#701 = DIRECTION ( 'NONE',  ( 0.000000000000000000, 0.000000000000000000, -1.000000000000000000 ) ) ;
#702 = CARTESIAN_POINT ( 'NONE',  ( 50.00000000000000000, -11.80499999999840099, -34.00000000000547118 ) ) ;
#703 = CARTESIAN_POINT ( 'NONE',  ( -50.00000000000000000, -17.95499999999650242, 37.99999999998738076 ) ) ;
#704 = DIRECTION ( 'NONE',  ( -1.000000000000000000, -0.000000000000000000, -0.000000000000000000 ) ) ;
#705 = ORIENTED_EDGE ( 'NONE', *, *, #4872, .F. ) ;
#706 = CYLINDRICAL_SURFACE ( 'NONE', #9341, 0.2000000000000889955 ) ;
#707 = PLANE ( 'NONE',  #6622 ) ;
#708 = EDGE_CURVE ( 'NONE', #3502, #4373, #5051, .T. ) ;
#709 = ORIENTED_EDGE ( 'NONE', *, *, #8957, .F. ) ;
#710 = ORIENTED_EDGE ( 'NONE', *, *, #711, .T. ) ;
#711 = EDGE_CURVE ( 'NONE', #8266, #1162, #6608, .T. ) ;
#712 = ORIENTED_EDGE ( 'NONE', *, *, #5054, .T. ) ;
#713 = DIRECTION ( 'NONE',  ( 0.000000000000000000, 0.000000000000000000, -1.000000000000000000 ) ) ;
#714 = LINE ( 'NONE', #4157, #5740 ) ;
#715 = CARTESIAN_POINT ( 'NONE',  ( 50.00000000000000000, 3.295000000003489582, 37.49999999998743050 ) ) ;
#716 = DIRECTION ( 'NONE',  ( 0.000000000000000000, 0.000000000000000000, -1.000000000000000000 ) ) ;
#717 = DIRECTION ( 'NONE',  ( -1.000000000000000000, -0.000000000000000000, -0.000000000000000000 ) ) ;
#718 = ORIENTED_EDGE ( 'NONE', *, *, #4669, .F. ) ;
#719 = VERTEX_POINT ( 'NONE', #3842 ) ;
#720 = EDGE_CURVE ( 'NONE', #379, #6277, #8696, .T. ) ;
#721 = CIRCLE ( 'NONE', #5602, 0.5000000000000004441 ) ;
#722 = LINE ( 'NONE', #4060, #2686 ) ;
#723 = EDGE_CURVE ( 'NONE', #9465, #2029, #10571, .T. ) ;
#724 = CARTESIAN_POINT ( 'NONE',  ( 50.00000000000000000, 6.295000000003492246, 37.99999999998738076 ) ) ;
#725 = EDGE_CURVE ( 'NONE', #9009, #2146, #10519, .T. ) ;
#726 = ORIENTED_EDGE ( 'NONE', *, *, #7129, .T. ) ;
#727 = VERTEX_POINT ( 'NONE', #504 ) ;
#728 = VECTOR ( 'NONE', #6699, 1000.000000000000000 ) ;
#729 = UNCERTAINTY_MEASURE_WITH_UNIT (LENGTH_MEASURE( 1.000000000000000082E-05 ), #7385, 'distance_accuracy_value', 'NONE');
#730 = DIRECTION ( 'NONE',  ( -1.000000000000000000, -0.000000000000000000, -0.000000000000000000 ) ) ;
#731 = LINE ( 'NONE', #4067, #6769 ) ;
#732 = LINE ( 'NONE', #8163, #1101 ) ;
#733 = DIRECTION ( 'NONE',  ( -1.000000000000000000, -0.000000000000000000, -0.000000000000000000 ) ) ;
#734 = CARTESIAN_POINT ( 'NONE',  ( -50.00000000000000000, 19.04500000000353310, -30.80000000001248495 ) ) ;
#735 = ADVANCED_FACE ( 'NONE', ( #5367 ), #2030, .F. ) ;
#736 = ORIENTED_EDGE ( 'NONE', *, *, #8719, .T. ) ;
#737 = VECTOR ( 'NONE', #8875, 1000.000000000000000 ) ;
#738 = EDGE_LOOP ( 'NONE', ( #5561, #6516, #10164, #8752 ) ) ;
#739 = VERTEX_POINT ( 'NONE', #1979 ) ;
#740 = ORIENTED_EDGE ( 'NONE', *, *, #4744, .T. ) ;
#741 = CARTESIAN_POINT ( 'NONE',  ( -50.00000000000000000, -8.204999999996577031, 37.49999999998743050 ) ) ;
#742 = VECTOR ( 'NONE', #8212, 1000.000000000000000 ) ;
#743 = DIRECTION ( 'NONE',  ( 0.000000000000000000, 0.000000000000000000, -1.000000000000000000 ) ) ;
#744 = CARTESIAN_POINT ( 'NONE',  ( 50.00000000000000000, 0.2549999999963414865, -31.90000000001102975 ) ) ;
#745 = DIRECTION ( 'NONE',  ( -1.000000000000000000, -0.000000000000000000, -0.000000000000000000 ) ) ;
#746 = ORIENTED_EDGE ( 'NONE', *, *, #3248, .F. ) ;
#747 = DIRECTION ( 'NONE',  ( 0.000000000000000000, 0.000000000000000000, 1.000000000000000000 ) ) ;
#748 = LINE ( 'NONE', #7631, #4468 ) ;
#749 = ORIENTED_EDGE ( 'NONE', *, *, #10137, .T. ) ;
#750 = CARTESIAN_POINT ( 'NONE',  ( 50.00000000000000000, 0.03500000000344893891, 35.59999999998741771 ) ) ;
#751 = CARTESIAN_POINT ( 'NONE',  ( -50.00000000000000000, 4.295000000003490470, 35.79999999998739924 ) ) ;
#752 = VECTOR ( 'NONE', #3687, 1000.000000000000000 ) ;
#753 = ORIENTED_EDGE ( 'NONE', *, *, #9089, .T. ) ;
#754 = DIRECTION ( 'NONE',  ( 0.000000000000000000, 0.000000000000000000, -1.000000000000000000 ) ) ;
#755 = LINE ( 'NONE', #6607, #3134 ) ;
#756 = LINE ( 'NONE', #3271, #8151 ) ;
#757 = AXIS2_PLACEMENT_3D ( 'NONE', #10635, #2260, #3955 ) ;
#758 = DIRECTION ( 'NONE',  ( 0.000000000000000000, 0.000000000000000000, -1.000000000000000000 ) ) ;
#759 = ORIENTED_EDGE ( 'NONE', *, *, #6270, .T. ) ;
#760 = EDGE_CURVE ( 'NONE', #4692, #3612, #6947, .T. ) ;
#761 = DIRECTION ( 'NONE',  ( 0.000000000000000000, 0.000000000000000000, 1.000000000000000000 ) ) ;
#762 = DIRECTION ( 'NONE',  ( 0.000000000000000000, 0.000000000000000000, 1.000000000000000000 ) ) ;
#763 = ORIENTED_EDGE ( 'NONE', *, *, #7707, .F. ) ;
#764 = ORIENTED_EDGE ( 'NONE', *, *, #5044, .F. ) ;
#765 = ORIENTED_EDGE ( 'NONE', *, *, #4262, .F. ) ;
#766 = DIRECTION ( 'NONE',  ( 1.000000000000000000, 0.000000000000000000, 0.000000000000000000 ) ) ;
#767 = CARTESIAN_POINT ( 'NONE',  ( -50.00000000000000000, -1.204999999996569926, 37.49999999998743050 ) ) ;
#768 = LINE ( 'NONE', #9093, #6678 ) ;
#769 = EDGE_CURVE ( 'NONE', #5709, #6145, #7067, .T. ) ;
#770 = CARTESIAN_POINT ( 'NONE',  ( 50.00000000000000000, 13.29500000000349758, 37.49999999998743050 ) ) ;
#771 = DIRECTION ( 'NONE',  ( -0.000000000000000000, 1.000000000000000000, 0.000000000000000000 ) ) ;
#772 = ORIENTED_EDGE ( 'NONE', *, *, #922, .T. ) ;
#773 = ORIENTED_EDGE ( 'NONE', *, *, #983, .F. ) ;
#774 = ADVANCED_FACE ( 'NONE', ( #1222 ), #3013, .F. ) ;
#775 = LINE ( 'NONE', #4113, #71 ) ;
#776 = VECTOR ( 'NONE', #5860, 1000.000000000000000 ) ;
#777 = DIRECTION ( 'NONE',  ( 1.000000000000000000, 0.000000000000000000, 0.000000000000000000 ) ) ;
#778 = ORIENTED_EDGE ( 'NONE', *, *, #2705, .F. ) ;
#779 = ORIENTED_EDGE ( 'NONE', *, *, #10749, .T. ) ;
#780 = AXIS2_PLACEMENT_3D ( 'NONE', #7592, #9242, #9352 ) ;
#781 = EDGE_CURVE ( 'NONE', #7043, #827, #4554, .T. ) ;
#782 = VECTOR ( 'NONE', #6008, 1000.000000000000000 ) ;
#783 = ADVANCED_FACE ( 'NONE', ( #9701 ), #10463, .T. ) ;
#784 = CARTESIAN_POINT ( 'NONE',  ( -50.00000000000000000, -17.45499999998545348, 32.99999999999025846 ) ) ;
#785 = EDGE_CURVE ( 'NONE', #3478, #5586, #667, .T. ) ;
#786 = LINE ( 'NONE', #9815, #7812 ) ;
#787 = CARTESIAN_POINT ( 'NONE',  ( 50.00000000000000000, 12.79500000000344251, 33.99999999998737366 ) ) ;
#788 = DIRECTION ( 'NONE',  ( 0.000000000000000000, -0.000000000000000000, 1.000000000000000000 ) ) ;
#789 = EDGE_CURVE ( 'NONE', #5656, #3424, #2142, .T. ) ;
#790 = CARTESIAN_POINT ( 'NONE',  ( 50.00000000000000000, 7.394999999996265672, -32.70000000001061125 ) ) ;
#791 = CIRCLE ( 'NONE', #5319, 0.1999999999999779732 ) ;
#792 = VECTOR ( 'NONE', #3272, 1000.000000000000227 ) ;
#793 = ORIENTED_EDGE ( 'NONE', *, *, #3966, .F. ) ;
#794 = ORIENTED_EDGE ( 'NONE', *, *, #8604, .T. ) ;
#795 = EDGE_CURVE ( 'NONE', #3521, #1419, #8171, .T. ) ;
#796 = CARTESIAN_POINT ( 'NONE',  ( 50.00000000000000000, -0.1649999999991935695, -31.70000000000583640 ) ) ;
#797 = CARTESIAN_POINT ( 'NONE',  ( 50.00000000000000000, 10.79500000000333060, 37.49999999998743050 ) ) ;
#798 = EDGE_CURVE ( 'NONE', #8782, #4495, #6307, .T. ) ;
#799 = DIRECTION ( 'NONE',  ( 0.000000000000000000, 0.000000000000000000, -1.000000000000000000 ) ) ;
#800 = AXIS2_PLACEMENT_3D ( 'NONE', #5944, #2444, #964 ) ;
#801 = CARTESIAN_POINT ( 'NONE',  ( -50.00000000000000000, -6.604999999996530313, 32.49999999998737366 ) ) ;
#802 = ORIENTED_EDGE ( 'NONE', *, *, #8203, .T. ) ;
#803 = DIRECTION ( 'NONE',  ( 0.000000000000000000, 1.000000000000000000, 0.000000000000000000 ) ) ;
#804 = DIRECTION ( 'NONE',  ( -1.000000000000000000, -0.000000000000000000, -0.000000000000000000 ) ) ;
#805 = ORIENTED_EDGE ( 'NONE', *, *, #2230, .T. ) ;
#806 = CARTESIAN_POINT ( 'NONE',  ( 50.00000000000000000, 9.894999999996322515, -32.50000000001062972 ) ) ;
#807 = DIRECTION ( 'NONE',  ( -1.000000000000000000, -0.000000000000000000, -0.000000000000000000 ) ) ;
#808 = ORIENTED_EDGE ( 'NONE', *, *, #9874, .F. ) ;
#809 = DIRECTION ( 'NONE',  ( 0.000000000000000000, 1.000000000000000000, 0.000000000000000000 ) ) ;
#810 = PRODUCT ( 'SC-FT76x42 -K471', 'SC-FT76x42 -K471', '', ( #611 ) ) ;
#811 = DIRECTION ( 'NONE',  ( -1.000000000000000000, -0.000000000000000000, -0.000000000000000000 ) ) ;
#812 = CARTESIAN_POINT ( 'NONE',  ( 50.00000000000000000, 17.54499999999248416, -32.00000000000801492 ) ) ;
#813 = CARTESIAN_POINT ( 'NONE',  ( 50.00000000000000000, -17.45499999998545348, 31.99999999998771827 ) ) ;
#814 = ORIENTED_EDGE ( 'NONE', *, *, #2254, .F. ) ;
#815 = DIRECTION ( 'NONE',  ( 0.000000000000000000, -0.000000000000000000, 1.000000000000000000 ) ) ;
#816 = DIRECTION ( 'NONE',  ( 0.000000000000000000, -1.000000000000000000, 0.000000000000000000 ) ) ;
#817 = VECTOR ( 'NONE', #3590, 1000.000000000000000 ) ;
#818 = VERTEX_POINT ( 'NONE', #2852 ) ;
#819 = EDGE_LOOP ( 'NONE', ( #8102, #5604, #7532, #794 ) ) ;
#820 = ORIENTED_EDGE ( 'NONE', *, *, #5718, .T. ) ;
#821 = CARTESIAN_POINT ( 'NONE',  ( 50.00000000000000000, 12.59499999999624720, -32.50000000001062972 ) ) ;
#822 = DIRECTION ( 'NONE',  ( -1.000000000000000000, -0.000000000000000000, -0.000000000000000000 ) ) ;
#823 = CARTESIAN_POINT ( 'NONE',  ( -50.00000000000000000, -17.95499999999650242, -38.00000000001247003 ) ) ;
#824 = AXIS2_PLACEMENT_3D ( 'NONE', #4786, #6859, #9379 ) ;
#825 = PLANE ( 'NONE',  #2462 ) ;
#826 = VERTEX_POINT ( 'NONE', #4659 ) ;
#827 = VERTEX_POINT ( 'NONE', #3732 ) ;
#828 = DIRECTION ( 'NONE',  ( -1.000000000000000000, -0.000000000000000000, -0.000000000000000000 ) ) ;
#829 = PLANE ( 'NONE',  #8208 ) ;
#830 = EDGE_LOOP ( 'NONE', ( #6987, #6864, #8305, #3940 ) ) ;
#831 = EDGE_LOOP ( 'NONE', ( #8566, #2197, #3319, #4065 ) ) ;
#832 = VECTOR ( 'NONE', #5525, 1000.000000000000000 ) ;
#833 = ADVANCED_FACE ( 'NONE', ( #557 ), #7988, .F. ) ;
#834 = CIRCLE ( 'NONE', #10440, 0.1999999999999779732 ) ;
#835 = CARTESIAN_POINT ( 'NONE',  ( 50.00000000000000000, -1.204999999996569926, 37.99999999998748734 ) ) ;
#836 = AXIS2_PLACEMENT_3D ( 'NONE', #7407, #10743, #3304 ) ;
#837 = CYLINDRICAL_SURFACE ( 'NONE', #8341, 0.1999999999999779732 ) ;
#838 = CARTESIAN_POINT ( 'NONE',  ( -50.00000000000000000, 6.795000000003326157, 35.79999999998739924 ) ) ;
#839 = CARTESIAN_POINT ( 'NONE',  ( 50.00000000000000000, 6.295000000003492246, 37.49999999998743050 ) ) ;
#840 = AXIS2_PLACEMENT_3D ( 'NONE', #6460, #2470, #3891 ) ;
#841 = CARTESIAN_POINT ( 'NONE',  ( 50.00000000000000000, 9.194999999996177564, -32.70000000001061125 ) ) ;
#842 = EDGE_CURVE ( 'NONE', #7663, #4215, #8045, .T. ) ;
#843 = AXIS2_PLACEMENT_3D ( 'NONE', #2595, #6090, #5108 ) ;
#844 = AXIS2_PLACEMENT_3D ( 'NONE', #2820, #6825, #5177 ) ;
#845 = ORIENTED_EDGE ( 'NONE', *, *, #2465, .F. ) ;
#846 = EDGE_CURVE ( 'NONE', #8092, #9809, #6409, .T. ) ;
#847 = EDGE_LOOP ( 'NONE', ( #8494, #9454, #5592, #8585 ) ) ;
#848 = EDGE_CURVE ( 'NONE', #9573, #900, #2304, .T. ) ;
#849 = AXIS2_PLACEMENT_3D ( 'NONE', #7344, #9099, #6633 ) ;
#850 = PLANE ( 'NONE',  #2232 ) ;
#851 = DIRECTION ( 'NONE',  ( 0.000000000000000000, 0.000000000000000000, -1.000000000000000000 ) ) ;
#852 = LINE ( 'NONE', #3365, #4142 ) ;
#853 = DIRECTION ( 'NONE',  ( -1.000000000000000000, -0.000000000000000000, -0.000000000000000000 ) ) ;
#854 = VECTOR ( 'NONE', #6936, 1000.000000000000000 ) ;
#855 = DIRECTION ( 'NONE',  ( 0.000000000000000000, 0.000000000000000000, 1.000000000000000000 ) ) ;
#856 = VERTEX_POINT ( 'NONE', #1484 ) ;
#857 = AXIS2_PLACEMENT_3D ( 'NONE', #1283, #7893, #3852 ) ;
#858 = CARTESIAN_POINT ( 'NONE',  ( -50.00000000000000000, 9.295000000003494023, 35.79999999998739924 ) ) ;
#859 = DIRECTION ( 'NONE',  ( 0.000000000000000000, 0.000000000000000000, -1.000000000000000000 ) ) ;
#860 = ORIENTED_EDGE ( 'NONE', *, *, #9753, .F. ) ;
#861 = CARTESIAN_POINT ( 'NONE',  ( 50.00000000000000000, 6.494999999996364792, -34.00000000001046629 ) ) ;
#862 = VECTOR ( 'NONE', #3434, 1000.000000000000000 ) ;
#863 = EDGE_CURVE ( 'NONE', #10377, #7648, #7581, .T. ) ;
#864 = CARTESIAN_POINT ( 'NONE',  ( 50.00000000000000000, -4.204999999996572591, 35.79999999998739924 ) ) ;
#865 = EDGE_CURVE ( 'NONE', #5403, #5781, #7445, .T. ) ;
#866 = CIRCLE ( 'NONE', #7498, 0.1999999999999779732 ) ;
#867 = ORIENTED_EDGE ( 'NONE', *, *, #9140, .T. ) ;
#868 = CARTESIAN_POINT ( 'NONE',  ( -50.00000000000000000, -4.104999999996472582, 31.69999999998751505 ) ) ;
#869 = LINE ( 'NONE', #5893, #10127 ) ;
#870 = CARTESIAN_POINT ( 'NONE',  ( -50.00000000000000000, 6.294999999996386819, -37.50000000001130473 ) ) ;
#871 = VECTOR ( 'NONE', #9339, 1000.000000000000000 ) ;
#872 = DIRECTION ( 'NONE',  ( -0.000000000000000000, 1.000000000000000000, -0.000000000000000000 ) ) ;
#873 = ORIENTED_EDGE ( 'NONE', *, *, #291, .T. ) ;
#874 = CARTESIAN_POINT ( 'NONE',  ( 50.00000000000000000, 7.194999999996398721, -32.50000000001062972 ) ) ;
#875 = AXIS2_PLACEMENT_3D ( 'NONE', #2870, #6215, #9611 ) ;
#876 = EDGE_CURVE ( 'NONE', #2753, #1744, #10681, .T. ) ;
#877 = DIRECTION ( 'NONE',  ( 0.000000000000000000, -0.9659258262876574408, -0.2588190451077862497 ) ) ;
#878 = ORIENTED_EDGE ( 'NONE', *, *, #10563, .F. ) ;
#879 = VERTEX_POINT ( 'NONE', #4822 ) ;
#880 = ORIENTED_EDGE ( 'NONE', *, *, #9351, .T. ) ;
#881 = CIRCLE ( 'NONE', #6985, 0.5000000000000559552 ) ;
#882 = LINE ( 'NONE', #4216, #5409 ) ;
#883 = CARTESIAN_POINT ( 'NONE',  ( 50.00000000000000000, 12.59499999999624720, -32.50000000001062972 ) ) ;
#884 = DIRECTION ( 'NONE',  ( 0.000000000000000000, 0.000000000000000000, -1.000000000000000000 ) ) ;
#885 = CARTESIAN_POINT ( 'NONE',  ( -50.00000000000000000, 5.795000000003436291, 37.49999999998743050 ) ) ;
#886 = ORIENTED_EDGE ( 'NONE', *, *, #8220, .T. ) ;
#887 = VERTEX_POINT ( 'NONE', #3127 ) ;
#888 = DIRECTION ( 'NONE',  ( 0.000000000000000000, 0.000000000000000000, -1.000000000000000000 ) ) ;
#889 = CARTESIAN_POINT ( 'NONE',  ( -50.00000000000000000, 0.2549999999964525088, -34.60000000001095799 ) ) ;
#890 = ORIENTED_EDGE ( 'NONE', *, *, #5072, .F. ) ;
#891 = ORIENTED_EDGE ( 'NONE', *, *, #5659, .T. ) ;
#892 = DIRECTION ( 'NONE',  ( 0.000000000000000000, -1.000000000000000000, 0.000000000000000000 ) ) ;
#893 = PLANE ( 'NONE',  #5369 ) ;
#894 = DIRECTION ( 'NONE',  ( -1.000000000000000000, -0.000000000000000000, -0.000000000000000000 ) ) ;
#895 = ORIENTED_EDGE ( 'NONE', *, *, #4883, .T. ) ;
#896 = CARTESIAN_POINT ( 'NONE',  ( -50.00000000000000000, 20.84500000001609976, -27.98284271249984556 ) ) ;
#897 = CARTESIAN_POINT ( 'NONE',  ( 50.00000000000000000, -6.404999999996441318, 32.69999999998740492 ) ) ;
#898 = EDGE_CURVE ( 'NONE', #7081, #6482, #6467, .T. ) ;
#899 = CIRCLE ( 'NONE', #8237, 0.5000000000000559552 ) ;
#900 = VERTEX_POINT ( 'NONE', #2361 ) ;
#901 = ORIENTED_EDGE ( 'NONE', *, *, #10666, .F. ) ;
#902 = DIRECTION ( 'NONE',  ( 0.000000000000000000, 1.000000000000000000, 0.000000000000000000 ) ) ;
#903 = CYLINDRICAL_SURFACE ( 'NONE', #10509, 0.2000000000000334843 ) ;
#904 = CARTESIAN_POINT ( 'NONE',  ( 50.00000000000000000, 20.98642135625350491, -27.84142135626255055 ) ) ;
#905 = CARTESIAN_POINT ( 'NONE',  ( 50.00000000000000000, 0.03500000000122849286, -34.50000000000563460 ) ) ;
#906 = CARTESIAN_POINT ( 'NONE',  ( 50.00000000000000000, 19.04500000000353310, 30.79999999998739213 ) ) ;
#907 = CIRCLE ( 'NONE', #3697, 0.5000000000000559552 ) ;
#908 = ORIENTED_EDGE ( 'NONE', *, *, #10663, .F. ) ;
#909 = EDGE_CURVE ( 'NONE', #10722, #7977, #5696, .T. ) ;
#910 = CARTESIAN_POINT ( 'NONE',  ( 50.00000000000000000, -3.204999999996516191, 37.49999999998743050 ) ) ;
#911 = DIRECTION ( 'NONE',  ( 0.000000000000000000, 0.000000000000000000, 1.000000000000000000 ) ) ;
#912 = ORIENTED_EDGE ( 'NONE', *, *, #1582, .F. ) ;
#913 = EDGE_CURVE ( 'NONE', #4672, #727, #11, .T. ) ;
#914 = DIRECTION ( 'NONE',  ( 1.000000000000000000, 0.000000000000000000, 0.000000000000000000 ) ) ;
#915 = CARTESIAN_POINT ( 'NONE',  ( 50.00000000000000000, 11.89500000000354163, 32.69999999998740492 ) ) ;
#916 = VECTOR ( 'NONE', #496, 1000.000000000000000 ) ;
#917 = EDGE_LOOP ( 'NONE', ( #944, #7340, #2118, #1508 ) ) ;
#918 = CARTESIAN_POINT ( 'NONE',  ( 50.00000000000000000, -1.744999999996554862, 33.19999999998746176 ) ) ;
#919 = EDGE_CURVE ( 'NONE', #4672, #8951, #722, .T. ) ;
#920 = CARTESIAN_POINT ( 'NONE',  ( 50.00000000000000000, 21.04500000000353310, 27.98284271248752120 ) ) ;
#921 = CARTESIAN_POINT ( 'NONE',  ( 50.00000000000000000, 16.29500000001615945, -37.49999999999986500 ) ) ;
#922 = EDGE_CURVE ( 'NONE', #8291, #6508, #8269, .T. ) ;
#923 = EDGE_CURVE ( 'NONE', #900, #9975, #2342, .T. ) ;
#924 = LINE ( 'NONE', #4257, #9706 ) ;
#925 = ORIENTED_EDGE ( 'NONE', *, *, #2963, .F. ) ;
#926 = VECTOR ( 'NONE', #9329, 1000.000000000000000 ) ;
#927 = ADVANCED_FACE ( 'NONE', ( #8979 ), #10731, .F. ) ;
#928 = CARTESIAN_POINT ( 'NONE',  ( 50.00000000000000000, -4.604999999996528537, 33.99999999998737366 ) ) ;
#929 = PLANE ( 'NONE',  #7494 ) ;
#930 = ORIENTED_EDGE ( 'NONE', *, *, #5274, .T. ) ;
#931 = ORIENTED_EDGE ( 'NONE', *, *, #6058, .F. ) ;
#932 = DIRECTION ( 'NONE',  ( -1.000000000000000000, -0.000000000000000000, -0.000000000000000000 ) ) ;
#933 = AXIS2_PLACEMENT_3D ( 'NONE', #5925, #9426, #5209 ) ;
#934 = CARTESIAN_POINT ( 'NONE',  ( 50.00000000000000000, -16.20499999999647400, -37.50000000001251976 ) ) ;
#935 = EDGE_CURVE ( 'NONE', #8390, #7697, #9914, .T. ) ;
#936 = CARTESIAN_POINT ( 'NONE',  ( 50.00000000000000000, -14.20499999999658058, 35.79999999998739924 ) ) ;
#937 = DIRECTION ( 'NONE',  ( 0.000000000000000000, -0.000000000000000000, -1.000000000000000000 ) ) ;
#938 = ORIENTED_EDGE ( 'NONE', *, *, #8077, .F. ) ;
#939 = VERTEX_POINT ( 'NONE', #1599 ) ;
#940 = FACE_OUTER_BOUND ( 'NONE', #9473, .T. ) ;
#941 = CARTESIAN_POINT ( 'NONE',  ( -50.00000000000000000, 14.84499999999622233, -32.79417527064209992 ) ) ;
#942 = ORIENTED_EDGE ( 'NONE', *, *, #3107, .T. ) ;
#943 = EDGE_LOOP ( 'NONE', ( #485, #6773, #1951, #7872 ) ) ;
#944 = ORIENTED_EDGE ( 'NONE', *, *, #7683, .F. ) ;
#945 = CARTESIAN_POINT ( 'NONE',  ( -50.00000000000000000, 1.495000000003576801, 31.69999999998746176 ) ) ;
#946 = DIRECTION ( 'NONE',  ( -0.000000000000000000, 0.7071067811865474617, -0.7071067811865474617 ) ) ;
#947 = VECTOR ( 'NONE', #10077, 1000.000000000000000 ) ;
#948 = CARTESIAN_POINT ( 'NONE',  ( 50.00000000000000000, 17.54499999999248416, -34.00000000002290790 ) ) ;
#949 = ORIENTED_EDGE ( 'NONE', *, *, #9431, .F. ) ;
#950 = CARTESIAN_POINT ( 'NONE',  ( 50.00000000000000000, 6.495000000003470220, 33.99999999998737366 ) ) ;
#951 = CARTESIAN_POINT ( 'NONE',  ( -50.00000000000000000, -9.304999999996566018, 32.49999999998737366 ) ) ;
#952 = AXIS2_PLACEMENT_3D ( 'NONE', #487, #10342, #7818 ) ;
#953 = VERTEX_POINT ( 'NONE', #4934 ) ;
#954 = ORIENTED_EDGE ( 'NONE', *, *, #235, .T. ) ;
#955 = DIRECTION ( 'NONE',  ( 0.000000000000000000, 0.000000000000000000, 1.000000000000000000 ) ) ;
#956 = CARTESIAN_POINT ( 'NONE',  ( 50.00000000000000000, 8.795000000003438956, 37.49999999998743050 ) ) ;
#957 = CARTESIAN_POINT ( 'NONE',  ( -50.00000000000000000, -17.03416154989456643, -31.42940952259099063 ) ) ;
#958 = DIRECTION ( 'NONE',  ( -1.000000000000000000, -0.000000000000000000, -0.000000000000000000 ) ) ;
#959 = PLANE ( 'NONE',  #6961 ) ;
#960 = ORIENTED_EDGE ( 'NONE', *, *, #5243, .T. ) ;
#961 = VECTOR ( 'NONE', #461, 1000.000000000000000 ) ;
#962 = CARTESIAN_POINT ( 'NONE',  ( -50.00000000000000000, -1.944999999996643858, 34.29999999998744897 ) ) ;
#963 = VECTOR ( 'NONE', #10653, 1000.000000000000000 ) ;
#964 = DIRECTION ( 'NONE',  ( 0.000000000000000000, 0.000000000000000000, 1.000000000000000000 ) ) ;
#965 = VERTEX_POINT ( 'NONE', #9806 ) ;
#966 = DIRECTION ( 'NONE',  ( 0.000000000000000000, 0.000000000000000000, -1.000000000000000000 ) ) ;
#967 = CARTESIAN_POINT ( 'NONE',  ( 50.00000000000000000, 11.89500000000354163, 33.99999999998737366 ) ) ;
#968 = VERTEX_POINT ( 'NONE', #2475 ) ;
#969 = EDGE_CURVE ( 'NONE', #10629, #4345, #775, .T. ) ;
#970 = CARTESIAN_POINT ( 'NONE',  ( -50.00000000000000000, -14.25499999999835232, -34.00000000000547118 ) ) ;
#971 = AXIS2_PLACEMENT_3D ( 'NONE', #4207, #46, #7540 ) ;
#972 = CARTESIAN_POINT ( 'NONE',  ( 50.00000000000000000, 3.295000000003489582, 35.79999999998739924 ) ) ;
#973 = ADVANCED_FACE ( 'NONE', ( #9151 ), #1647, .F. ) ;
#974 = CARTESIAN_POINT ( 'NONE',  ( 50.00000000000000000, 5.794999999996441886, -37.50000000001130473 ) ) ;
#975 = FACE_OUTER_BOUND ( 'NONE', #8189, .T. ) ;
#976 = ORIENTED_EDGE ( 'NONE', *, *, #8450, .F. ) ;
#977 = LINE ( 'NONE', #8306, #8808 ) ;
#978 = DIRECTION ( 'NONE',  ( -1.000000000000000000, -0.000000000000000000, -0.000000000000000000 ) ) ;
#979 = EDGE_CURVE ( 'NONE', #283, #6301, #3564, .T. ) ;
#980 = ORIENTED_EDGE ( 'NONE', *, *, #5255, .F. ) ;
#981 = ADVANCED_FACE ( 'NONE', ( #9752 ), #5588, .F. ) ;
#982 = DIRECTION ( 'NONE',  ( -1.000000000000000000, -0.000000000000000000, -0.000000000000000000 ) ) ;
#983 = EDGE_CURVE ( 'NONE', #8776, #8782, #7283, .T. ) ;
#984 = CARTESIAN_POINT ( 'NONE',  ( 50.00000000000000000, 4.294999999996496065, -37.50000000001130473 ) ) ;
#985 = DIRECTION ( 'NONE',  ( -0.000000000000000000, 0.000000000000000000, 1.000000000000000000 ) ) ;
#986 = DIRECTION ( 'NONE',  ( 1.000000000000000000, 0.000000000000000000, 0.000000000000000000 ) ) ;
#987 = ORIENTED_EDGE ( 'NONE', *, *, #4794, .T. ) ;
#988 = ORIENTED_EDGE ( 'NONE', *, *, #2582, .F. ) ;
#989 = FACE_OUTER_BOUND ( 'NONE', #10187, .T. ) ;
#990 = CARTESIAN_POINT ( 'NONE',  ( 50.00000000000000000, 10.09499999999630049, -34.00000000001046629 ) ) ;
#991 = ORIENTED_EDGE ( 'NONE', *, *, #8190, .T. ) ;
#992 = ADVANCED_FACE ( 'NONE', ( #940 ), #9310, .T. ) ;
#993 = VERTEX_POINT ( 'NONE', #10131 ) ;
#994 = ORIENTED_EDGE ( 'NONE', *, *, #6039, .T. ) ;
#995 = EDGE_CURVE ( 'NONE', #5306, #6383, #7056, .T. ) ;
#996 = VECTOR ( 'NONE', #528, 1000.000000000000000 ) ;
#997 = PLANE ( 'NONE',  #5797 ) ;
#998 = FACE_OUTER_BOUND ( 'NONE', #9998, .T. ) ;
#999 = EDGE_CURVE ( 'NONE', #140, #7788, #3447, .T. ) ;
#1000 = CARTESIAN_POINT ( 'NONE',  ( 50.00000000000000000, -4.604999999996528537, 33.99999999998737366 ) ) ;
#1001 = ORIENTED_EDGE ( 'NONE', *, *, #7791, .F. ) ;
#1002 = DIRECTION ( 'NONE',  ( 0.000000000000000000, 0.000000000000000000, -1.000000000000000000 ) ) ;
#1003 = DIRECTION ( 'NONE',  ( -1.000000000000000000, -0.000000000000000000, -0.000000000000000000 ) ) ;
#1004 = CIRCLE ( 'NONE', #1345, 0.4999999999999449329 ) ;
#1005 = ORIENTED_EDGE ( 'NONE', *, *, #8667, .F. ) ;
#1006 = VECTOR ( 'NONE', #9292, 1000.000000000000000 ) ;
#1007 = CARTESIAN_POINT ( 'NONE',  ( 50.00000000000000000, -6.404999999998661764, -34.00000000000547118 ) ) ;
#1008 = PLANE ( 'NONE',  #10686 ) ;
#1009 = DIRECTION ( 'NONE',  ( -0.000000000000000000, -0.000000000000000000, -1.000000000000000000 ) ) ;
#1010 = CIRCLE ( 'NONE', #4498, 0.5000000000000559552 ) ;
#1011 = CARTESIAN_POINT ( 'NONE',  ( 50.00000000000000000, -17.45499999998545348, 32.99999999999025846 ) ) ;
#1012 = CARTESIAN_POINT ( 'NONE',  ( 50.00000000000000000, 3.795000000003434515, 33.99999999998737366 ) ) ;
#1013 = ORIENTED_EDGE ( 'NONE', *, *, #6062, .F. ) ;
#1014 = PLANE ( 'NONE',  #8992 ) ;
#1015 =( LENGTH_UNIT ( ) NAMED_UNIT ( * ) SI_UNIT ( .MILLI., .METRE. ) );
#1016 = ORIENTED_EDGE ( 'NONE', *, *, #116, .F. ) ;
#1017 = AXIS2_PLACEMENT_3D ( 'NONE', #4951, #10804, #3309 ) ;
#1018 = AXIS2_PLACEMENT_3D ( 'NONE', #1160, #6244, #7886 ) ;
#1019 = LINE ( 'NONE', #4359, #1387 ) ;
#1020 = VECTOR ( 'NONE', #6832, 1000.000000000000000 ) ;
#1021 = ORIENTED_EDGE ( 'NONE', *, *, #5387, .F. ) ;
#1022 = LINE ( 'NONE', #5950, #2056 ) ;
#1023 = VECTOR ( 'NONE', #10070, 1000.000000000000000 ) ;
#1024 = DIRECTION ( 'NONE',  ( 0.000000000000000000, 0.000000000000000000, -1.000000000000000000 ) ) ;
#1025 = VECTOR ( 'NONE', #9614, 1000.000000000000000 ) ;
#1026 = CARTESIAN_POINT ( 'NONE',  ( 50.00000000000000000, 3.795000000003490026, 32.69999999998740492 ) ) ;
#1027 = CARTESIAN_POINT ( 'NONE',  ( -50.00000000000000000, -1.744999999996554862, 34.49999999998748734 ) ) ;
#1028 = ORIENTED_EDGE ( 'NONE', *, *, #523, .F. ) ;
#1029 = CIRCLE ( 'NONE', #10803, 0.4999999999999622524 ) ;
#1030 = PLANE ( 'NONE',  #9355 ) ;
#1031 = ORIENTED_EDGE ( 'NONE', *, *, #7588, .F. ) ;
#1032 = FACE_OUTER_BOUND ( 'NONE', #10390, .T. ) ;
#1033 = CARTESIAN_POINT ( 'NONE',  ( 50.00000000000000000, 21.04500000000353310, 27.98284271248752120 ) ) ;
#1035 = EDGE_CURVE ( 'NONE', #6597, #4307, #1752, .T. ) ;
#1034 = AXIS2_PLACEMENT_3D ( 'NONE', #9984, #4829, #3193 ) ;
#1036 = ORIENTED_EDGE ( 'NONE', *, *, #711, .F. ) ;
#1037 = VECTOR ( 'NONE', #6168, 1000.000000000000000 ) ;
#1038 = LINE ( 'NONE', #212, #8204 ) ;
#1039 = CARTESIAN_POINT ( 'NONE',  ( -50.00000000000000000, 19.04500000000353310, 30.79999999998739213 ) ) ;
#1040 = LINE ( 'NONE', #4158, #6503 ) ;
#1041 = VECTOR ( 'NONE', #9390, 1000.000000000000000 ) ;
#1042 = LINE ( 'NONE', #6679, #361 ) ;
#1043 = ORIENTED_EDGE ( 'NONE', *, *, #5804, .F. ) ;
#1044 = ORIENTED_EDGE ( 'NONE', *, *, #6778, .T. ) ;
#1045 = EDGE_CURVE ( 'NONE', #10, #8709, #4274, .T. ) ;
#1046 = CARTESIAN_POINT ( 'NONE',  ( 50.00000000000000000, 9.295000000003494023, 37.49999999998743050 ) ) ;
#1047 = VECTOR ( 'NONE', #4536, 1000.000000000000000 ) ;
#1048 = CARTESIAN_POINT ( 'NONE',  ( 50.00000000000000000, -0.1649999999964180120, 32.89999999998738645 ) ) ;
#1049 = ADVANCED_FACE ( 'NONE', ( #989 ), #6734, .F. ) ;
#1050 = VECTOR ( 'NONE', #5946, 1000.000000000000000 ) ;
#1051 = ORIENTED_EDGE ( 'NONE', *, *, #3023, .F. ) ;
#1052 = ORIENTED_EDGE ( 'NONE', *, *, #296, .F. ) ;
#1053 = ORIENTED_EDGE ( 'NONE', *, *, #4256, .F. ) ;
#1054 = EDGE_CURVE ( 'NONE', #1418, #6218, #6682, .T. ) ;
#1055 = CARTESIAN_POINT ( 'NONE',  ( 50.00000000000000000, -8.204999999996577031, 37.49999999998743050 ) ) ;
#1056 = DIRECTION ( 'NONE',  ( -1.000000000000000000, 0.000000000000000000, -0.000000000000000000 ) ) ;
#1057 = EDGE_CURVE ( 'NONE', #5738, #9120, #8481, .T. ) ;
#1058 = CARTESIAN_POINT ( 'NONE',  ( -50.00000000000000000, -11.80499999999840099, -34.00000000000547118 ) ) ;
#1059 = EDGE_LOOP ( 'NONE', ( #6099, #1089, #2854, #9498 ) ) ;
#1060 = CARTESIAN_POINT ( 'NONE',  ( 50.00000000000000000, 0.05500000000324689609, 31.89999999998738289 ) ) ;
#1061 = EDGE_CURVE ( 'NONE', #4958, #6494, #7660, .T. ) ;
#1062 = DIRECTION ( 'NONE',  ( -1.000000000000000000, -0.000000000000000000, -0.000000000000000000 ) ) ;
#1063 = ORIENTED_EDGE ( 'NONE', *, *, #5381, .T. ) ;
#1064 = VECTOR ( 'NONE', #3396, 1000.000000000000000 ) ;
#1065 = CARTESIAN_POINT ( 'NONE',  ( -50.00000000000000000, 6.494999999996364792, -34.00000000001046629 ) ) ;
#1066 = DIRECTION ( 'NONE',  ( 1.000000000000000000, 0.000000000000000000, 0.000000000000000000 ) ) ;
#1067 = DIRECTION ( 'NONE',  ( 0.000000000000000000, 0.000000000000000000, -1.000000000000000000 ) ) ;
#1068 = EDGE_CURVE ( 'NONE', #8826, #2321, #4611, .T. ) ;
#1069 = CARTESIAN_POINT ( 'NONE',  ( 50.00000000000000000, -18.95499999999827878, 30.79999999999438742 ) ) ;
#1070 = PLANE ( 'NONE',  #1726 ) ;
#1071 = ORIENTED_EDGE ( 'NONE', *, *, #9527, .T. ) ;
#1072 = CARTESIAN_POINT ( 'NONE',  ( 50.00000000000000000, -0.1649999999968621012, 31.69999999998751505 ) ) ;
#1073 = DIRECTION ( 'NONE',  ( -1.000000000000000000, -0.000000000000000000, -0.000000000000000000 ) ) ;
#1074 = VERTEX_POINT ( 'NONE', #5196 ) ;
#1075 = AXIS2_PLACEMENT_3D ( 'NONE', #466, #2209, #5550 ) ;
#1076 = DIRECTION ( 'NONE',  ( -0.000000000000000000, -0.000000000000000000, -1.000000000000000000 ) ) ;
#1077 = VERTEX_POINT ( 'NONE', #7556 ) ;
#1078 = PLANE ( 'NONE',  #8864 ) ;
#1079 = VECTOR ( 'NONE', #4721, 1000.000000000000000 ) ;
#1080 = CARTESIAN_POINT ( 'NONE',  ( 50.00000000000000000, 0.03500000000344893891, 32.69999999998740492 ) ) ;
#1081 = DIRECTION ( 'NONE',  ( 0.000000000000000000, -1.000000000000000000, 0.000000000000000000 ) ) ;
#1082 = DIRECTION ( 'NONE',  ( 1.000000000000000000, 0.000000000000000000, 0.000000000000000000 ) ) ;
#1083 = ORIENTED_EDGE ( 'NONE', *, *, #4126, .T. ) ;
#1084 = DIRECTION ( 'NONE',  ( -0.000000000000000000, 0.2588190451108232093, 0.9659258262868436473 ) ) ;
#1085 = ORIENTED_EDGE ( 'NONE', *, *, #5652, .F. ) ;
#1086 = CARTESIAN_POINT ( 'NONE',  ( 50.00000000000000000, -20.95499999999650242, -27.98284271251250033 ) ) ;
#1087 = CARTESIAN_POINT ( 'NONE',  ( -50.00000000000000000, 1.795000000003432739, 37.49999999998743050 ) ) ;
#1088 = VECTOR ( 'NONE', #5475, 1000.000000000000000 ) ;
#1089 = ORIENTED_EDGE ( 'NONE', *, *, #5655, .F. ) ;
#1090 = CARTESIAN_POINT ( 'NONE',  ( 50.00000000000000000, 14.34500000000338282, 33.99999999998737366 ) ) ;
#1091 = CARTESIAN_POINT ( 'NONE',  ( -50.00000000000000000, 4.295000000003490470, 35.79999999998739924 ) ) ;
#1092 = DIRECTION ( 'NONE',  ( 1.000000000000000000, 0.000000000000000000, 0.000000000000000000 ) ) ;
#1093 = VECTOR ( 'NONE', #2884, 1000.000000000000000 ) ;
#1094 = EDGE_CURVE ( 'NONE', #9183, #2221, #6019, .T. ) ;
#1095 = CARTESIAN_POINT ( 'NONE',  ( -50.00000000000000000, 11.89499999999632607, -32.70000000001061125 ) ) ;
#1096 = ORIENTED_EDGE ( 'NONE', *, *, #3510, .F. ) ;
#1097 = ORIENTED_EDGE ( 'NONE', *, *, #10486, .T. ) ;
#1098 = CARTESIAN_POINT ( 'NONE',  ( 50.00000000000000000, -13.20499999999647045, -37.50000000001251976 ) ) ;
#1099 = CARTESIAN_POINT ( 'NONE',  ( -50.00000000000000000, -9.104999999998586446, -32.70000000000561613 ) ) ;
#1100 = ORIENTED_EDGE ( 'NONE', *, *, #1784, .T. ) ;
#1101 = VECTOR ( 'NONE', #4069, 1000.000000000000000 ) ;
#1102 = ORIENTED_EDGE ( 'NONE', *, *, #5596, .T. ) ;
#1103 = ORIENTED_EDGE ( 'NONE', *, *, #3500, .T. ) ;
#1104 = EDGE_CURVE ( 'NONE', #610, #9563, #63, .T. ) ;
#1105 = DIRECTION ( 'NONE',  ( 1.000000000000000000, 0.000000000000000000, 0.000000000000000000 ) ) ;
#1106 = EDGE_CURVE ( 'NONE', #6411, #1745, #9198, .T. ) ;
#1107 = DIRECTION ( 'NONE',  ( 0.000000000000000000, 0.000000000000000000, -1.000000000000000000 ) ) ;
#1108 = DIRECTION ( 'NONE',  ( -1.000000000000000000, -0.000000000000000000, -0.000000000000000000 ) ) ;
#1109 = EDGE_LOOP ( 'NONE', ( #9987, #4232, #5554, #1688 ) ) ;
#1110 = AXIS2_PLACEMENT_3D ( 'NONE', #5477, #1323, #2898 ) ;
#1111 = CARTESIAN_POINT ( 'NONE',  ( 50.00000000000000000, 11.89499999999632607, -34.00000000001046629 ) ) ;
#1112 = EDGE_CURVE ( 'NONE', #9658, #140, #6365, .T. ) ;
#1113 = EDGE_LOOP ( 'NONE', ( #4029, #665, #6881, #9609 ) ) ;
#1114 = ADVANCED_FACE ( 'NONE', ( #5092 ), #8429, .F. ) ;
#1115 = EDGE_CURVE ( 'NONE', #5478, #1418, #3037, .T. ) ;
#1116 = CARTESIAN_POINT ( 'NONE',  ( 50.00000000000000000, -6.404999999996441318, 33.99999999998737366 ) ) ;
#1117 = CARTESIAN_POINT ( 'NONE',  ( 50.00000000000000000, -9.304999999998674554, -32.70000000000561613 ) ) ;
#1118 = EDGE_CURVE ( 'NONE', #6780, #4495, #8588, .T. ) ;
#1119 = CARTESIAN_POINT ( 'NONE',  ( -50.00000000000000000, -12.70499999999841201, -34.00000000000547118 ) ) ;
#1120 = CARTESIAN_POINT ( 'NONE',  ( -50.00000000000000000, 1.295000000003487806, 37.49999999998743050 ) ) ;
#1121 = CARTESIAN_POINT ( 'NONE',  ( -50.00000000000000000, 0.7950000000034318504, 35.79999999998739924 ) ) ;
#1122 = VERTEX_POINT ( 'NONE', #272 ) ;
#1123 = DIRECTION ( 'NONE',  ( -0.000000000000000000, -0.2588190451708825557, -0.9659258262707508536 ) ) ;
#1124 = AXIS2_PLACEMENT_3D ( 'NONE', #6828, #9185, #815 ) ;
#1125 = CARTESIAN_POINT ( 'NONE',  ( 50.00000000000000000, 13.29499999999650406, -37.50000000001130473 ) ) ;
#1126 = ORIENTED_EDGE ( 'NONE', *, *, #7487, .T. ) ;
#1127 = LINE ( 'NONE', #8669, #147 ) ;
#1128 = ORIENTED_EDGE ( 'NONE', *, *, #863, .F. ) ;
#1129 = EDGE_CURVE ( 'NONE', #3089, #6849, #2522, .T. ) ;
#1130 = ORIENTED_EDGE ( 'NONE', *, *, #3035, .F. ) ;
#1131 = EDGE_CURVE ( 'NONE', #167, #9522, #4485, .T. ) ;
#1132 = DIRECTION ( 'NONE',  ( -0.000000000000000000, 0.9659258262876574408, 0.2588190451077862497 ) ) ;
#1133 = DIRECTION ( 'NONE',  ( -1.000000000000000000, -0.000000000000000000, -0.000000000000000000 ) ) ;
#1134 = DIRECTION ( 'NONE',  ( -1.000000000000000000, 0.000000000000000000, -0.000000000000000000 ) ) ;
#1135 = VECTOR ( 'NONE', #156, 1000.000000000000000 ) ;
#1136 = PLANE ( 'NONE',  #2936 ) ;
#1137 = ORIENTED_EDGE ( 'NONE', *, *, #10611, .F. ) ;
#1138 = DIRECTION ( 'NONE',  ( 1.000000000000000000, 0.000000000000000000, 0.000000000000000000 ) ) ;
#1139 = ORIENTED_EDGE ( 'NONE', *, *, #3392, .F. ) ;
#1140 = CARTESIAN_POINT ( 'NONE',  ( 50.00000000000000000, -11.70499999999652374, 37.49999999998743050 ) ) ;
#1141 = DIRECTION ( 'NONE',  ( 0.000000000000000000, -0.000000000000000000, -1.000000000000000000 ) ) ;
#1142 = CIRCLE ( 'NONE', #1488, 0.9999999999998898659 ) ;
#1143 = ORIENTED_EDGE ( 'NONE', *, *, #452, .T. ) ;
#1144 = LINE ( 'NONE', #3439, #1020 ) ;
#1145 = DIRECTION ( 'NONE',  ( 0.000000000000000000, -0.000000000000000000, -1.000000000000000000 ) ) ;
#1146 = DIRECTION ( 'NONE',  ( -1.000000000000000000, -0.000000000000000000, -0.000000000000000000 ) ) ;
#1147 = DIRECTION ( 'NONE',  ( 0.000000000000000000, 0.000000000000000000, -1.000000000000000000 ) ) ;
#1148 = ORIENTED_EDGE ( 'NONE', *, *, #6735, .F. ) ;
#1149 = ORIENTED_EDGE ( 'NONE', *, *, #6465, .T. ) ;
#1150 = VECTOR ( 'NONE', #2652, 1000.000000000000000 ) ;
#1151 = DIRECTION ( 'NONE',  ( -0.000000000000000000, 1.000000000000000000, -0.000000000000000000 ) ) ;
#1152 = DIRECTION ( 'NONE',  ( 0.000000000000000000, 0.000000000000000000, -1.000000000000000000 ) ) ;
#1153 = ORIENTED_EDGE ( 'NONE', *, *, #7744, .F. ) ;
#1154 = ORIENTED_EDGE ( 'NONE', *, *, #6187, .F. ) ;
#1155 = ORIENTED_EDGE ( 'NONE', *, *, #2521, .F. ) ;
#1156 = DIRECTION ( 'NONE',  ( -0.000000000000000000, -0.000000000000000000, -1.000000000000000000 ) ) ;
#1157 = DIRECTION ( 'NONE',  ( -1.000000000000000000, -0.000000000000000000, -0.000000000000000000 ) ) ;
#1158 = FACE_OUTER_BOUND ( 'NONE', #9889, .T. ) ;
#1159 = EDGE_LOOP ( 'NONE', ( #120, #2511, #1847, #2473 ) ) ;
#1160 = CARTESIAN_POINT ( 'NONE',  ( -50.00000000000000000, -14.75499999999851930, -32.79417527063710480 ) ) ;
#1161 = CARTESIAN_POINT ( 'NONE',  ( -50.00000000000000000, -7.304999999998784688, -32.70000000000561613 ) ) ;
#1162 = VERTEX_POINT ( 'NONE', #7106 ) ;
#1163 = EDGE_CURVE ( 'NONE', #3005, #6942, #1210, .T. ) ;
#1164 = EDGE_LOOP ( 'NONE', ( #5466, #5007, #6738, #1976 ) ) ;
#1165 = AXIS2_PLACEMENT_3D ( 'NONE', #4418, #7749, #9449 ) ;
#1166 = DIRECTION ( 'NONE',  ( -0.000000000000000000, -0.000000000000000000, 1.000000000000000000 ) ) ;
#1167 = PRESENTATION_STYLE_ASSIGNMENT (( #4612 ) ) ;
#1168 = CARTESIAN_POINT ( 'NONE',  ( -50.00000000000000000, -20.95499999999650242, -27.98284271251250033 ) ) ;
#1169 = CARTESIAN_POINT ( 'NONE',  ( -50.00000000000000000, -13.70499999999652552, 37.49999999998743050 ) ) ;
#1170 = EDGE_CURVE ( 'NONE', #4544, #4490, #7167, .T. ) ;
#1171 = CARTESIAN_POINT ( 'NONE',  ( 50.00000000000000000, 14.34499999999616549, -34.00000000001046629 ) ) ;
#1172 = VERTEX_POINT ( 'NONE', #4644 ) ;
#1173 = VECTOR ( 'NONE', #9168, 1000.000000000000000 ) ;
#1174 = DIRECTION ( 'NONE',  ( -0.000000000000000000, -0.000000000000000000, 1.000000000000000000 ) ) ;
#1175 = EDGE_CURVE ( 'NONE', #7467, #9183, #9574, .T. ) ;
#1176 = ORIENTED_EDGE ( 'NONE', *, *, #8941, .T. ) ;
#1177 = EDGE_CURVE ( 'NONE', #4011, #10698, #2692, .T. ) ;
#1178 = LINE ( 'NONE', #4514, #2445 ) ;
#1179 = EDGE_CURVE ( 'NONE', #5180, #1569, #7974, .T. ) ;
#1180 = EDGE_LOOP ( 'NONE', ( #4147, #9427, #10772, #5856 ) ) ;
#1181 = VERTEX_POINT ( 'NONE', #5303 ) ;
#1182 = VECTOR ( 'NONE', #9043, 1000.000000000000000 ) ;
#1183 = AXIS2_PLACEMENT_3D ( 'NONE', #2385, #6543, #10050 ) ;
#1184 = DIRECTION ( 'NONE',  ( -0.000000000000000000, -0.000000000000000000, 1.000000000000000000 ) ) ;
#1185 = CARTESIAN_POINT ( 'NONE',  ( 50.00000000000000000, 3.795000000003434515, 33.99999999998737366 ) ) ;
#1186 = FACE_OUTER_BOUND ( 'NONE', #1786, .T. ) ;
#1187 = EDGE_CURVE ( 'NONE', #4549, #7253, #2864, .T. ) ;
#1188 = VECTOR ( 'NONE', #9342, 1000.000000000000114 ) ;
#1189 = FACE_OUTER_BOUND ( 'NONE', #6321, .T. ) ;
#1190 = EDGE_LOOP ( 'NONE', ( #7322, #2220, #8158, #7458 ) ) ;
#1191 = VECTOR ( 'NONE', #7230, 1000.000000000000000 ) ;
#1192 = EDGE_CURVE ( 'NONE', #7788, #6113, #7874, .T. ) ;
#1193 = DIRECTION ( 'NONE',  ( 0.000000000000000000, 0.000000000000000000, -1.000000000000000000 ) ) ;
#1194 = VERTEX_POINT ( 'NONE', #8750 ) ;
#1195 = EDGE_CURVE ( 'NONE', #8839, #8063, #381, .T. ) ;
#1196 = DIRECTION ( 'NONE',  ( 0.000000000000000000, -0.000000000000000000, 1.000000000000000000 ) ) ;
#1197 = CARTESIAN_POINT ( 'NONE',  ( 50.00000000000000000, -14.20499999999658058, -37.50000000001251976 ) ) ;
#1198 = VECTOR ( 'NONE', #5323, 1000.000000000000000 ) ;
#1199 = AXIS2_PLACEMENT_3D ( 'NONE', #1292, #414, #10430 ) ;
#1200 = ORIENTED_EDGE ( 'NONE', *, *, #1634, .F. ) ;
#1201 = CARTESIAN_POINT ( 'NONE',  ( 50.00000000000000000, 9.195000000003394902, 33.99999999998737366 ) ) ;
#1202 = LINE ( 'NONE', #1091, #1208 ) ;
#1203 = LINE ( 'NONE', #1257, #8955 ) ;
#1204 = ADVANCED_FACE ( 'NONE', ( #3772 ), #3669, .F. ) ;
#1205 = DIRECTION ( 'NONE',  ( -0.000000000000000000, -0.000000000000000000, 1.000000000000000000 ) ) ;
#1206 = EDGE_LOOP ( 'NONE', ( #3307, #2736, #5440, #4846 ) ) ;
#1207 = EDGE_LOOP ( 'NONE', ( #3654, #2677, #4295, #3832 ) ) ;
#1208 = VECTOR ( 'NONE', #4375, 1000.000000000000000 ) ;
#1209 = AXIS2_PLACEMENT_3D ( 'NONE', #8108, #8330, #5649 ) ;
#1210 = LINE ( 'NONE', #2078, #9506 ) ;
#1211 = DIRECTION ( 'NONE',  ( 1.000000000000000000, 0.000000000000000000, 0.000000000000000000 ) ) ;
#1212 = VECTOR ( 'NONE', #10818, 1000.000000000000000 ) ;
#1213 = ORIENTED_EDGE ( 'NONE', *, *, #585, .T. ) ;
#1214 = ORIENTED_EDGE ( 'NONE', *, *, #7880, .T. ) ;
#1215 = ORIENTED_EDGE ( 'NONE', *, *, #723, .F. ) ;
#1216 = AXIS2_PLACEMENT_3D ( 'NONE', #3878, #1357, #7213 ) ;
#1217 = DIRECTION ( 'NONE',  ( 0.000000000000000000, 0.000000000000000000, -1.000000000000000000 ) ) ;
#1218 = LINE ( 'NONE', #7983, #6075 ) ;
#1219 = CARTESIAN_POINT ( 'NONE',  ( 50.00000000000000000, 4.695000000003557439, 33.99999999998737366 ) ) ;
#1221 = ORIENTED_EDGE ( 'NONE', *, *, #10628, .F. ) ;
#1220 = VECTOR ( 'NONE', #6265, 1000.000000000000000 ) ;
#1222 = FACE_OUTER_BOUND ( 'NONE', #3816, .T. ) ;
#1223 = CARTESIAN_POINT ( 'NONE',  ( -50.00000000000000000, 2.035000000001341292, -33.20000000000577955 ) ) ;
#1224 = VERTEX_POINT ( 'NONE', #5418 ) ;
#1225 = ORIENTED_EDGE ( 'NONE', *, *, #4910, .T. ) ;
#1226 = FILL_AREA_STYLE ('',( #2907 ) ) ;
#1227 = LINE ( 'NONE', #4559, #3614 ) ;
#1228 = CARTESIAN_POINT ( 'NONE',  ( 50.00000000000000000, 17.12416154990348360, -31.42940952261252718 ) ) ;
#1229 = CARTESIAN_POINT ( 'NONE',  ( 50.00000000000000000, -9.104999999998586446, -32.70000000000561613 ) ) ;
#1230 = VERTEX_POINT ( 'NONE', #3827 ) ;
#1231 = EDGE_CURVE ( 'NONE', #9009, #8579, #8693, .T. ) ;
#1232 = CARTESIAN_POINT ( 'NONE',  ( -50.00000000000000000, -17.45499999998545348, 31.99999999998771827 ) ) ;
#1233 = ORIENTED_EDGE ( 'NONE', *, *, #8010, .T. ) ;
#1234 = LINE ( 'NONE', #2046, #8554 ) ;
#1235 = EDGE_LOOP ( 'NONE', ( #6644, #649, #4834, #5636 ) ) ;
#1236 = ORIENTED_EDGE ( 'NONE', *, *, #119, .F. ) ;
#1237 = CARTESIAN_POINT ( 'NONE',  ( 50.00000000000000000, 9.894999999996322515, -32.70000000001061125 ) ) ;
#1238 = CYLINDRICAL_SURFACE ( 'NONE', #2981, 1.000000000002540634 ) ;
#1239 = EDGE_CURVE ( 'NONE', #6496, #8760, #6297, .T. ) ;
#1240 = CARTESIAN_POINT ( 'NONE',  ( 50.00000000000000000, 6.695000000003559215, 32.49999999998743050 ) ) ;
#1241 = CYLINDRICAL_SURFACE ( 'NONE', #1199, 0.1999999999999363398 ) ;
#1242 = AXIS2_PLACEMENT_3D ( 'NONE', #10388, #5248, #3822 ) ;
#1243 = EDGE_LOOP ( 'NONE', ( #9931, #8309, #1725, #8431 ) ) ;
#1244 = ADVANCED_FACE ( 'NONE', ( #2837 ), #1263, .T. ) ;
#1245 = FACE_OUTER_BOUND ( 'NONE', #234, .T. ) ;
#1246 = EDGE_LOOP ( 'NONE', ( #1473, #5770, #5637, #7604 ) ) ;
#1247 = DIRECTION ( 'NONE',  ( 1.000000000000000000, 0.000000000000000000, 0.000000000000000000 ) ) ;
#1248 = CARTESIAN_POINT ( 'NONE',  ( 50.00000000000000000, -0.1649999999968621012, 31.69999999998751505 ) ) ;
#1249 = EDGE_CURVE ( 'NONE', #1573, #3682, #7059, .T. ) ;
#1250 = CIRCLE ( 'NONE', #2639, 0.1999999999999779732 ) ;
#1251 = ORIENTED_EDGE ( 'NONE', *, *, #9013, .F. ) ;
#1252 = ADVANCED_FACE ( 'NONE', ( #3001 ), #6348, .F. ) ;
#1253 = DIRECTION ( 'NONE',  ( 0.000000000000000000, 0.000000000000000000, 1.000000000000000000 ) ) ;
#1254 = DIRECTION ( 'NONE',  ( 1.000000000000000000, 0.000000000000000000, 0.000000000000000000 ) ) ;
#1255 = EDGE_CURVE ( 'NONE', #10696, #3962, #4787, .T. ) ;
#1256 = CARTESIAN_POINT ( 'NONE',  ( 50.00000000000000000, -4.604999999998748983, -34.00000000000547118 ) ) ;
#1257 = CARTESIAN_POINT ( 'NONE',  ( -50.00000000000000000, -4.204999999996572591, -37.50000000001251976 ) ) ;
#1258 = EDGE_CURVE ( 'NONE', #9522, #9784, #8033, .T. ) ;
#1259 = LINE ( 'NONE', #8635, #3506 ) ;
#1260 = PLANE ( 'NONE',  #10264 ) ;
#1261 = ORIENTED_EDGE ( 'NONE', *, *, #312, .F. ) ;
#1262 = VECTOR ( 'NONE', #10576, 1000.000000000000000 ) ;
#1263 = CYLINDRICAL_SURFACE ( 'NONE', #598, 0.2000000000000334843 ) ;
#1264 = DIRECTION ( 'NONE',  ( 0.000000000000000000, 0.000000000000000000, -1.000000000000000000 ) ) ;
#1265 = ORIENTED_EDGE ( 'NONE', *, *, #2523, .T. ) ;
#1266 = ORIENTED_EDGE ( 'NONE', *, *, #2063, .F. ) ;
#1267 = ORIENTED_EDGE ( 'NONE', *, *, #8577, .F. ) ;
#1268 = EDGE_CURVE ( 'NONE', #4886, #1552, #1632, .T. ) ;
#1269 = VECTOR ( 'NONE', #9853, 1000.000000000000000 ) ;
#1270 = DIRECTION ( 'NONE',  ( 1.000000000000000000, 0.000000000000000000, 0.000000000000000000 ) ) ;
#1271 = LINE ( 'NONE', #7933, #1874 ) ;
#1272 = CARTESIAN_POINT ( 'NONE',  ( -50.00000000000000000, -5.704999999996629434, -37.50000000001251976 ) ) ;
#1273 = ORIENTED_EDGE ( 'NONE', *, *, #3131, .T. ) ;
#1274 = CARTESIAN_POINT ( 'NONE',  ( -50.00000000000000000, 3.995000000003523510, 32.69999999998740492 ) ) ;
#1275 = AXIS2_PLACEMENT_3D ( 'NONE', #2808, #6149, #9491 ) ;
#1276 = CARTESIAN_POINT ( 'NONE',  ( 50.00000000000000000, 5.795000000003436291, 37.49999999998743050 ) ) ;
#1277 = EDGE_LOOP ( 'NONE', ( #9673, #1137, #5601, #10203 ) ) ;
#1278 = ORIENTED_EDGE ( 'NONE', *, *, #10541, .F. ) ;
#1279 = CIRCLE ( 'NONE', #3018, 0.4999999999999449329 ) ;
#1280 = LINE ( 'NONE', #5431, #737 ) ;
#1281 = CARTESIAN_POINT ( 'NONE',  ( 50.00000000000000000, -6.704999999996519300, 37.49999999998743050 ) ) ;
#1282 = CYLINDRICAL_SURFACE ( 'NONE', #400, 0.1999999999999779732 ) ;
#1283 = CARTESIAN_POINT ( 'NONE',  ( 50.00000000000000000, 8.795000000003438956, 37.49999999998743050 ) ) ;
#1284 = CARTESIAN_POINT ( 'NONE',  ( -50.00000000000000000, 6.495000000003470220, 32.69999999998740492 ) ) ;
#1285 = EDGE_LOOP ( 'NONE', ( #5934, #7019, #980, #3869 ) ) ;
#1286 = DIRECTION ( 'NONE',  ( 0.000000000000000000, 0.000000000000000000, 1.000000000000000000 ) ) ;
#1287 = ORIENTED_EDGE ( 'NONE', *, *, #10076, .F. ) ;
#1288 = EDGE_LOOP ( 'NONE', ( #10493, #2816, #6574, #1097 ) ) ;
#1289 = DIRECTION ( 'NONE',  ( -1.000000000000000000, -0.000000000000000000, -0.000000000000000000 ) ) ;
#1290 = FACE_OUTER_BOUND ( 'NONE', #2865, .T. ) ;
#1291 = FACE_OUTER_BOUND ( 'NONE', #9795, .T. ) ;
#1292 = CARTESIAN_POINT ( 'NONE',  ( 50.00000000000000000, 20.84500000000355513, 27.98284271246187416 ) ) ;
#1293 = ORIENTED_EDGE ( 'NONE', *, *, #4633, .F. ) ;
#1294 = DIRECTION ( 'NONE',  ( -1.000000000000000000, -0.000000000000000000, -0.000000000000000000 ) ) ;
#1295 = VECTOR ( 'NONE', #5757, 1000.000000000000000 ) ;
#1296 = ORIENTED_EDGE ( 'NONE', *, *, #116, .T. ) ;
#1297 = CARTESIAN_POINT ( 'NONE',  ( 50.00000000000000000, -14.25499999999838963, -32.79417527063710480 ) ) ;
#1298 = CARTESIAN_POINT ( 'NONE',  ( 50.00000000000000000, 20.98642135624076488, 27.84142135622455427 ) ) ;
#1299 = VERTEX_POINT ( 'NONE', #2231 ) ;
#1300 = VECTOR ( 'NONE', #2558, 1000.000000000000000 ) ;
#1301 = EDGE_CURVE ( 'NONE', #7767, #4328, #4918, .T. ) ;
#1302 = ORIENTED_EDGE ( 'NONE', *, *, #5862, .T. ) ;
#1303 = CARTESIAN_POINT ( 'NONE',  ( 50.00000000000000000, 14.84499999999622233, -32.79417527064209992 ) ) ;
#1304 = CARTESIAN_POINT ( 'NONE',  ( 50.00000000000000000, -4.404999999998771010, -32.50000000000563460 ) ) ;
#1305 = DIRECTION ( 'NONE',  ( 0.000000000000000000, 0.000000000000000000, -1.000000000000000000 ) ) ;
#1306 = DIRECTION ( 'NONE',  ( 0.000000000000000000, 0.000000000000000000, 1.000000000000000000 ) ) ;
#1307 = DIRECTION ( 'NONE',  ( 0.000000000000000000, -0.000000000000000000, 1.000000000000000000 ) ) ;
#1308 = DIRECTION ( 'NONE',  ( 0.000000000000000000, -0.000000000000000000, -1.000000000000000000 ) ) ;
#1309 = ORIENTED_EDGE ( 'NONE', *, *, #708, .T. ) ;
#1310 = EDGE_CURVE ( 'NONE', #3757, #4011, #6504, .T. ) ;
#1311 = VECTOR ( 'NONE', #6206, 1000.000000000000000 ) ;
#1312 = DIRECTION ( 'NONE',  ( 0.000000000000000000, -1.000000000000000000, 0.000000000000000000 ) ) ;
#1313 = EDGE_CURVE ( 'NONE', #9871, #10605, #5574, .T. ) ;
#1314 = VECTOR ( 'NONE', #9240, 1000.000000000000000 ) ;
#1315 = CYLINDRICAL_SURFACE ( 'NONE', #3470, 0.2000000000000334843 ) ;
#1316 = EDGE_CURVE ( 'NONE', #9465, #5883, #7585, .T. ) ;
#1317 = ORIENTED_EDGE ( 'NONE', *, *, #1650, .T. ) ;
#1318 = EDGE_LOOP ( 'NONE', ( #3781, #1215, #2557, #245 ) ) ;
#1319 = EDGE_CURVE ( 'NONE', #2178, #8465, #6449, .T. ) ;
#1320 = ORIENTED_EDGE ( 'NONE', *, *, #302, .F. ) ;
#1321 = DIRECTION ( 'NONE',  ( -1.000000000000000000, -0.000000000000000000, -0.000000000000000000 ) ) ;
#1322 = LINE ( 'NONE', #445, #4331 ) ;
#1323 = DIRECTION ( 'NONE',  ( 1.000000000000000000, 0.000000000000000000, 0.000000000000000000 ) ) ;
#1324 = ORIENTED_EDGE ( 'NONE', *, *, #10737, .T. ) ;
#1325 = CARTESIAN_POINT ( 'NONE',  ( 50.00000000000000000, -11.20499999999646690, -37.50000000001251976 ) ) ;
#1326 = CARTESIAN_POINT ( 'NONE',  ( -50.00000000000000000, -9.204999999996577031, -35.80000000001248850 ) ) ;
#1327 = ADVANCED_FACE ( 'NONE', ( #5683 ), #8087, .T. ) ;
#1328 = CARTESIAN_POINT ( 'NONE',  ( 50.00000000000000000, 4.295000000003435403, 37.49999999998743050 ) ) ;
#1329 = EDGE_CURVE ( 'NONE', #521, #7977, #10606, .T. ) ;
#1330 = VERTEX_POINT ( 'NONE', #4043 ) ;
#1331 = ORIENTED_EDGE ( 'NONE', *, *, #2048, .T. ) ;
#1332 = DIRECTION ( 'NONE',  ( -1.000000000000000000, -0.000000000000000000, -0.000000000000000000 ) ) ;
#1333 = CARTESIAN_POINT ( 'NONE',  ( -50.00000000000000000, 9.294999999996500506, -37.50000000001130473 ) ) ;
#1334 = LINE ( 'NONE', #4667, #9321 ) ;
#1335 = CARTESIAN_POINT ( 'NONE',  ( 50.00000000000000000, 12.79499999999622517, -34.00000000001046629 ) ) ;
#1336 = DIRECTION ( 'NONE',  ( -1.000000000000000000, -0.000000000000000000, -0.000000000000000000 ) ) ;
#1337 = EDGE_CURVE ( 'NONE', #5863, #1840, #2289, .T. ) ;
#1338 = ORIENTED_EDGE ( 'NONE', *, *, #4874, .T. ) ;
#1339 = VECTOR ( 'NONE', #10659, 1000.000000000000000 ) ;
#1340 = EDGE_LOOP ( 'NONE', ( #78, #2255, #7517, #6670 ) ) ;
#1341 = ORIENTED_EDGE ( 'NONE', *, *, #6937, .T. ) ;
#1342 = DIRECTION ( 'NONE',  ( -0.000000000000000000, -0.000000000000000000, -1.000000000000000000 ) ) ;
#1343 = CYLINDRICAL_SURFACE ( 'NONE', #8929, 0.5000000000000213163 ) ;
#1344 = DIRECTION ( 'NONE',  ( 0.000000000000000000, 0.000000000000000000, -1.000000000000000000 ) ) ;
#1345 = AXIS2_PLACEMENT_3D ( 'NONE', #9596, #2037, #5326 ) ;
#1346 = CARTESIAN_POINT ( 'NONE',  ( -50.00000000000000000, -20.95499999999642426, 27.98284271246187416 ) ) ;
#1347 = VERTEX_POINT ( 'NONE', #4808 ) ;
#1348 = LINE ( 'NONE', #2387, #2710 ) ;
#1349 = ORIENTED_EDGE ( 'NONE', *, *, #1955, .T. ) ;
#1350 = DIRECTION ( 'NONE',  ( -0.000000000000000000, 0.7071067811865475727, 0.7071067811865475727 ) ) ;
#1351 = LINE ( 'NONE', #8021, #4882 ) ;
#1352 = AXIS2_PLACEMENT_3D ( 'NONE', #4391, #6847, #1107 ) ;
#1353 = VERTEX_POINT ( 'NONE', #2401 ) ;
#1354 = ORIENTED_EDGE ( 'NONE', *, *, #1442, .T. ) ;
#1355 = CARTESIAN_POINT ( 'NONE',  ( -50.00000000000000000, 12.09500000000351960, 32.69999999998740492 ) ) ;
#1356 = VECTOR ( 'NONE', #5286, 1000.000000000000000 ) ;
#1357 = DIRECTION ( 'NONE',  ( -0.000000000000000000, 1.000000000000000000, 0.000000000000000000 ) ) ;
#1358 = DIRECTION ( 'NONE',  ( 0.000000000000000000, -0.000000000000000000, 1.000000000000000000 ) ) ;
#1359 = DIRECTION ( 'NONE',  ( -0.000000000000000000, 1.000000000000000000, -0.000000000000000000 ) ) ;
#1360 = VECTOR ( 'NONE', #2299, 1000.000000000000000 ) ;
#1361 = LINE ( 'NONE', #10604, #792 ) ;
#1362 = ORIENTED_EDGE ( 'NONE', *, *, #4042, .F. ) ;
#1363 = EDGE_CURVE ( 'NONE', #3171, #10122, #650, .T. ) ;
#1364 = DIRECTION ( 'NONE',  ( 0.000000000000000000, 0.000000000000000000, -1.000000000000000000 ) ) ;
#1365 = VECTOR ( 'NONE', #3415, 1000.000000000000000 ) ;
#1366 = LINE ( 'NONE', #2233, #3116 ) ;
#1367 = ORIENTED_EDGE ( 'NONE', *, *, #6536, .T. ) ;
#1368 = ORIENTED_EDGE ( 'NONE', *, *, #2713, .T. ) ;
#1369 = ORIENTED_EDGE ( 'NONE', *, *, #4412, .F. ) ;
#1370 = VECTOR ( 'NONE', #4325, 1000.000000000000000 ) ;
#1371 = CARTESIAN_POINT ( 'NONE',  ( 50.00000000000000000, 15.79500000000344428, 37.49999999998743050 ) ) ;
#1372 = CIRCLE ( 'NONE', #7488, 0.5000000000000559552 ) ;
#1373 = PLANE ( 'NONE',  #5978 ) ;
#1374 = VECTOR ( 'NONE', #7405, 1000.000000000000000 ) ;
#1375 = EDGE_CURVE ( 'NONE', #3164, #3587, #3274, .T. ) ;
#1376 = DIRECTION ( 'NONE',  ( -1.000000000000000000, -0.000000000000000000, -0.000000000000000000 ) ) ;
#1377 = CARTESIAN_POINT ( 'NONE',  ( -50.00000000000000000, 4.495000000003468443, 32.49999999998737366 ) ) ;
#1378 = ORIENTED_EDGE ( 'NONE', *, *, #10332, .F. ) ;
#1379 = EDGE_CURVE ( 'NONE', #5793, #4162, #5627, .T. ) ;
#1380 = CARTESIAN_POINT ( 'NONE',  ( -50.00000000000000000, -17.19618095489838794, 32.03407417369442101 ) ) ;
#1381 = CARTESIAN_POINT ( 'NONE',  ( 50.00000000000000000, -12.50499999999643563, 32.49999999998743050 ) ) ;
#1382 = AXIS2_PLACEMENT_3D ( 'NONE', #9782, #6436, #3040 ) ;
#1383 = CARTESIAN_POINT ( 'NONE',  ( 50.00000000000000000, 0.7949999999964374453, -35.80000000001126637 ) ) ;
#1384 = ORIENTED_EDGE ( 'NONE', *, *, #8682, .T. ) ;
#1385 = ORIENTED_EDGE ( 'NONE', *, *, #2235, .F. ) ;
#1386 = ADVANCED_FACE ( 'NONE', ( #8966 ), #4864, .F. ) ;
#1387 = VECTOR ( 'NONE', #5071, 1000.000000000000000 ) ;
#1388 = ADVANCED_FACE ( 'NONE', ( #7378 ), #706, .T. ) ;
#1389 = ADVANCED_FACE ( 'NONE', ( #6396 ), #9081, .T. ) ;
#1390 = CARTESIAN_POINT ( 'NONE',  ( 50.00000000000000000, 0.2550000000035579362, 35.79999999998745608 ) ) ;
#1391 = FACE_OUTER_BOUND ( 'NONE', #8927, .T. ) ;
#1392 = CARTESIAN_POINT ( 'NONE',  ( 50.00000000000000000, 14.29500000000349935, 35.79999999998739924 ) ) ;
#1393 = LINE ( 'NONE', #2098, #8638 ) ;
#1394 = ORIENTED_EDGE ( 'NONE', *, *, #7707, .T. ) ;
#1395 = EDGE_LOOP ( 'NONE', ( #2155, #2083, #7364, #3915 ) ) ;
#1396 = EDGE_LOOP ( 'NONE', ( #802, #4192, #10584, #2099 ) ) ;
#1397 = EDGE_CURVE ( 'NONE', #3397, #7697, #4754, .T. ) ;
#1398 = CARTESIAN_POINT ( 'NONE',  ( 50.00000000000000000, 17.60712446303502787, -30.80000000001240679 ) ) ;
#1399 = CARTESIAN_POINT ( 'NONE',  ( 50.00000000000000000, 1.295000000003487806, 37.49999999998743050 ) ) ;
#1400 = CARTESIAN_POINT ( 'NONE',  ( -50.00000000000000000, 3.295000000003489582, 37.49999999998743050 ) ) ;
#1401 = CARTESIAN_POINT ( 'NONE',  ( -50.00000000000000000, 4.294999999996496065, -35.80000000001126637 ) ) ;
#1402 = ORIENTED_EDGE ( 'NONE', *, *, #10762, .T. ) ;
#1403 = CARTESIAN_POINT ( 'NONE',  ( -50.00000000000000000, -17.45500000000122043, -32.99999999999436540 ) ) ;
#1404 = ORIENTED_EDGE ( 'NONE', *, *, #6663, .T. ) ;
#1405 = DIRECTION ( 'NONE',  ( -0.000000000000000000, -0.7071067811865474617, -0.7071067811865474617 ) ) ;
#1406 = LINE ( 'NONE', #2335, #8368 ) ;
#1407 = ORIENTED_EDGE ( 'NONE', *, *, #9323, .F. ) ;
#1408 = ORIENTED_EDGE ( 'NONE', *, *, #250, .T. ) ;
#1409 = DIRECTION ( 'NONE',  ( -1.000000000000000000, -0.000000000000000000, -0.000000000000000000 ) ) ;
#1410 = DIRECTION ( 'NONE',  ( -1.000000000000000000, 0.000000000000000000, -0.000000000000000000 ) ) ;
#1411 = LINE ( 'NONE', #8844, #9069 ) ;
#1412 = FACE_OUTER_BOUND ( 'NONE', #7079, .T. ) ;
#1413 = DIRECTION ( 'NONE',  ( 0.000000000000000000, -0.000000000000000000, 1.000000000000000000 ) ) ;
#1414 = ORIENTED_EDGE ( 'NONE', *, *, #1179, .T. ) ;
#1415 = DIRECTION ( 'NONE',  ( 0.000000000000000000, 1.000000000000000000, 0.000000000000000000 ) ) ;
#1416 = LINE ( 'NONE', #1033, #4009 ) ;
#1417 = AXIS2_PLACEMENT_3D ( 'NONE', #956, #1066, #4291 ) ;
#1418 = VERTEX_POINT ( 'NONE', #9959 ) ;
#1419 = VERTEX_POINT ( 'NONE', #9135 ) ;
#1420 = ORIENTED_EDGE ( 'NONE', *, *, #3519, .T. ) ;
#1421 = CYLINDRICAL_SURFACE ( 'NONE', #1887, 0.1999999999999779732 ) ;
#1422 = CYLINDRICAL_SURFACE ( 'NONE', #215, 0.2000000000000334843 ) ;
#1423 = CIRCLE ( 'NONE', #10341, 0.5000000000000559552 ) ;
#1424 = LINE ( 'NONE', #9031, #4684 ) ;
#1425 = CARTESIAN_POINT ( 'NONE',  ( 50.00000000000000000, 5.794999999996441886, -37.50000000001130473 ) ) ;
#1426 = EDGE_LOOP ( 'NONE', ( #8365, #10037, #4063, #1475 ) ) ;
#1427 = EDGE_LOOP ( 'NONE', ( #10638, #1936, #4455, #1 ) ) ;
#1428 = DIRECTION ( 'NONE',  ( -0.000000000000000000, 0.000000000000000000, 1.000000000000000000 ) ) ;
#1429 = LINE ( 'NONE', #4768, #6111 ) ;
#1430 = ORIENTED_EDGE ( 'NONE', *, *, #7076, .T. ) ;
#1431 = AXIS2_PLACEMENT_3D ( 'NONE', #2565, #985, #9192 ) ;
#1432 = ORIENTED_EDGE ( 'NONE', *, *, #8038, .F. ) ;
#1433 = EDGE_CURVE ( 'NONE', #8712, #3587, #9735, .T. ) ;
#1434 = ADVANCED_FACE ( 'NONE', ( #5021 ), #6668, .F. ) ;
#1435 = DIRECTION ( 'NONE',  ( 1.000000000000000000, 0.000000000000000000, 0.000000000000000000 ) ) ;
#1436 = CARTESIAN_POINT ( 'NONE',  ( 50.00000000000000000, -5.704999999996629434, 37.49999999998743050 ) ) ;
#1437 = CARTESIAN_POINT ( 'NONE',  ( 50.00000000000000000, 19.04500000000353310, 30.79999999998739213 ) ) ;
#1438 = LINE ( 'NONE', #1392, #10639 ) ;
#1439 = VECTOR ( 'NONE', #2543, 1000.000000000000000 ) ;
#1440 = DIRECTION ( 'NONE',  ( -1.000000000000000000, -0.000000000000000000, -0.000000000000000000 ) ) ;
#1441 = ORIENTED_EDGE ( 'NONE', *, *, #6052, .F. ) ;
#1442 = EDGE_CURVE ( 'NONE', #10053, #7356, #3383, .T. ) ;
#1443 = EDGE_CURVE ( 'NONE', #7663, #953, #977, .T. ) ;
#1444 = ORIENTED_EDGE ( 'NONE', *, *, #6845, .T. ) ;
#1445 = EDGE_CURVE ( 'NONE', #8231, #6054, #10011, .T. ) ;
#1446 = CIRCLE ( 'NONE', #5997, 0.5000000000000004441 ) ;
#1447 = VERTEX_POINT ( 'NONE', #3494 ) ;
#1448 = ADVANCED_FACE ( 'NONE', ( #10063 ), #5897, .F. ) ;
#1449 = CARTESIAN_POINT ( 'NONE',  ( 50.00000000000000000, -9.804999999996400817, 32.49999999998743050 ) ) ;
#1450 = CARTESIAN_POINT ( 'NONE',  ( -50.00000000000000000, -14.20499999999658058, 35.79999999998739924 ) ) ;
#1451 = CARTESIAN_POINT ( 'NONE',  ( 50.00000000000000000, -4.104999999996472582, 32.19999999998756834 ) ) ;
#1452 = DIRECTION ( 'NONE',  ( 0.000000000000000000, 0.000000000000000000, 1.000000000000000000 ) ) ;
#1453 = ORIENTED_EDGE ( 'NONE', *, *, #2050, .T. ) ;
#1454 = DIRECTION ( 'NONE',  ( 0.000000000000000000, 0.000000000000000000, 1.000000000000000000 ) ) ;
#1455 = ORIENTED_EDGE ( 'NONE', *, *, #1861, .T. ) ;
#1456 = VECTOR ( 'NONE', #4494, 1000.000000000000000 ) ;
#1457 = FACE_OUTER_BOUND ( 'NONE', #9050, .T. ) ;
#1458 = EDGE_CURVE ( 'NONE', #1596, #6911, #6886, .T. ) ;
#1459 = DIRECTION ( 'NONE',  ( -1.000000000000000000, -0.000000000000000000, -0.000000000000000000 ) ) ;
#1460 = ADVANCED_FACE ( 'NONE', ( #1844 ), #4210, .F. ) ;
#1461 = EDGE_LOOP ( 'NONE', ( #4327, #5024, #3559, #5265 ) ) ;
#1462 = ORIENTED_EDGE ( 'NONE', *, *, #9348, .F. ) ;
#1463 = CARTESIAN_POINT ( 'NONE',  ( -50.00000000000000000, 10.09499999999630049, -32.70000000001061125 ) ) ;
#1464 = CARTESIAN_POINT ( 'NONE',  ( 50.00000000000000000, 14.29499999999650584, -37.50000000001130473 ) ) ;
#1465 = CYLINDRICAL_SURFACE ( 'NONE', #4486, 0.2000000000000334843 ) ;
#1466 = VECTOR ( 'NONE', #612, 1000.000000000000000 ) ;
#1467 = CARTESIAN_POINT ( 'NONE',  ( 50.00000000000000000, 4.495000000003468443, 32.49999999998743050 ) ) ;
#1468 = CARTESIAN_POINT ( 'NONE',  ( -50.00000000000000000, 3.795000000003434515, 32.69999999998740492 ) ) ;
#1469 = EDGE_LOOP ( 'NONE', ( #7715, #8427, #175, #9510 ) ) ;
#1470 = DIRECTION ( 'NONE',  ( 0.000000000000000000, -1.000000000000000000, 0.000000000000000000 ) ) ;
#1471 = VECTOR ( 'NONE', #4969, 1000.000000000000000 ) ;
#1472 = DIRECTION ( 'NONE',  ( -1.000000000000000000, -0.000000000000000000, -0.000000000000000000 ) ) ;
#1473 = ORIENTED_EDGE ( 'NONE', *, *, #3871, .T. ) ;
#1474 = ORIENTED_EDGE ( 'NONE', *, *, #9140, .F. ) ;
#1475 = ORIENTED_EDGE ( 'NONE', *, *, #1179, .F. ) ;
#1476 = CARTESIAN_POINT ( 'NONE',  ( 50.00000000000000000, 13.79500000000344428, 37.49999999998743050 ) ) ;
#1477 = DIRECTION ( 'NONE',  ( 0.000000000000000000, 0.000000000000000000, 1.000000000000000000 ) ) ;
#1478 = VECTOR ( 'NONE', #4408, 1000.000000000000000 ) ;
#1479 = DIRECTION ( 'NONE',  ( 0.000000000000000000, 1.000000000000000000, 0.000000000000000000 ) ) ;
#1480 = VECTOR ( 'NONE', #5241, 1000.000000000000000 ) ;
#1481 = DIRECTION ( 'NONE',  ( -1.000000000000000000, -0.000000000000000000, -0.000000000000000000 ) ) ;
#1482 = ORIENTED_EDGE ( 'NONE', *, *, #5263, .T. ) ;
#1483 = ORIENTED_EDGE ( 'NONE', *, *, #1458, .F. ) ;
#1484 = CARTESIAN_POINT ( 'NONE',  ( -50.00000000000000000, 5.794999999996441886, -37.50000000001130473 ) ) ;
#1485 = CARTESIAN_POINT ( 'NONE',  ( 50.00000000000000000, -7.304999999998784688, -34.00000000000547118 ) ) ;
#1486 = VERTEX_POINT ( 'NONE', #8417 ) ;
#1487 = ORIENTED_EDGE ( 'NONE', *, *, #7323, .F. ) ;
#1488 = AXIS2_PLACEMENT_3D ( 'NONE', #1403, #3152, #7204 ) ;
#1489 = LINE ( 'NONE', #7348, #8764 ) ;
#1490 = CARTESIAN_POINT ( 'NONE',  ( 50.00000000000000000, -9.104999999996476134, 33.99999999998737366 ) ) ;
#1491 = DIRECTION ( 'NONE',  ( 0.000000000000000000, 1.000000000000000000, 0.000000000000000000 ) ) ;
#1492 = DIRECTION ( 'NONE',  ( 0.000000000000000000, 0.000000000000000000, -1.000000000000000000 ) ) ;
#1493 = CARTESIAN_POINT ( 'NONE',  ( 50.00000000000000000, -20.95499999999650242, -27.98284271251250033 ) ) ;
#1494 = ORIENTED_EDGE ( 'NONE', *, *, #1313, .T. ) ;
#1495 = ADVANCED_FACE ( 'NONE', ( #1032 ), #10172, .F. ) ;
#1496 = ORIENTED_EDGE ( 'NONE', *, *, #8671, .F. ) ;
#1497 = ORIENTED_EDGE ( 'NONE', *, *, #7727, .F. ) ;
#1498 = ORIENTED_EDGE ( 'NONE', *, *, #7538, .T. ) ;
#1499 = CARTESIAN_POINT ( 'NONE',  ( 50.00000000000000000, -11.70499999999652374, 37.49999999998743050 ) ) ;
#1500 = EDGE_CURVE ( 'NONE', #4048, #6482, #7073, .T. ) ;
#1501 = PLANE ( 'NONE',  #5965 ) ;
#1502 = CYLINDRICAL_SURFACE ( 'NONE', #4491, 0.5000000000000559552 ) ;
#1503 = CARTESIAN_POINT ( 'NONE',  ( -50.00000000000000000, -9.804999999998509352, -32.50000000000563460 ) ) ;
#1504 = EDGE_LOOP ( 'NONE', ( #4605, #1266, #9022, #4568 ) ) ;
#1505 = EDGE_CURVE ( 'NONE', #1122, #1573, #6768, .T. ) ;
#1506 = FACE_OUTER_BOUND ( 'NONE', #9949, .T. ) ;
#1507 = DIRECTION ( 'NONE',  ( 1.000000000000000000, 0.000000000000000000, 0.000000000000000000 ) ) ;
#1508 = ORIENTED_EDGE ( 'NONE', *, *, #3593, .F. ) ;
#1509 = EDGE_CURVE ( 'NONE', #7622, #9200, #5133, .T. ) ;
#1510 = CARTESIAN_POINT ( 'NONE',  ( 50.00000000000000000, -20.89642135623381947, -27.84142135624989578 ) ) ;
#1511 = DIRECTION ( 'NONE',  ( 1.000000000000000000, 0.000000000000000000, 0.000000000000000000 ) ) ;
#1512 = ORIENTED_EDGE ( 'NONE', *, *, #6332, .T. ) ;
#1513 = ORIENTED_EDGE ( 'NONE', *, *, #40, .F. ) ;
#1514 = AXIS2_PLACEMENT_3D ( 'NONE', #6555, #2503, #5841 ) ;
#1515 = FACE_OUTER_BOUND ( 'NONE', #7784, .T. ) ;
#1516 = EDGE_CURVE ( 'NONE', #7356, #7751, #8361, .T. ) ;
#1517 = CARTESIAN_POINT ( 'NONE',  ( 50.00000000000000000, 0.03500000000344893891, 34.79999999998739924 ) ) ;
#1518 = CARTESIAN_POINT ( 'NONE',  ( -50.00000000000000000, -17.51712446309827698, 30.79999999999436966 ) ) ;
#1519 = EDGE_CURVE ( 'NONE', #5916, #5793, #4371, .T. ) ;
#1520 = PLANE ( 'NONE',  #1586 ) ;
#1521 = ORIENTED_EDGE ( 'NONE', *, *, #3442, .T. ) ;
#1522 = CARTESIAN_POINT ( 'NONE',  ( -50.00000000000000000, 7.194999999996398721, -32.50000000001062972 ) ) ;
#1523 = VECTOR ( 'NONE', #7625, 1000.000000000000000 ) ;
#1524 = LINE ( 'NONE', #8253, #505 ) ;
#1525 = ORIENTED_EDGE ( 'NONE', *, *, #6475, .T. ) ;
#1526 = VECTOR ( 'NONE', #1253, 1000.000000000000000 ) ;
#1527 = ORIENTED_EDGE ( 'NONE', *, *, #1577, .T. ) ;
#1528 = VERTEX_POINT ( 'NONE', #7700 ) ;
#1529 = CARTESIAN_POINT ( 'NONE',  ( 50.00000000000000000, -3.704999999996516635, 37.49999999998743050 ) ) ;
#1530 = CIRCLE ( 'NONE', #1352, 0.5000000000000004441 ) ;
#1531 = DIRECTION ( 'NONE',  ( -1.000000000000000000, -0.000000000000000000, -0.000000000000000000 ) ) ;
#1532 = VECTOR ( 'NONE', #5666, 1000.000000000000000 ) ;
#1533 = EDGE_CURVE ( 'NONE', #3444, #5709, #10830, .T. ) ;
#1534 = DIRECTION ( 'NONE',  ( 0.000000000000000000, -1.000000000000000000, 0.000000000000000000 ) ) ;
#1535 = CARTESIAN_POINT ( 'NONE',  ( 50.00000000000000000, -1.704999999996625881, -35.80000000001248850 ) ) ;
#1536 = DIRECTION ( 'NONE',  ( -0.000000000000000000, 1.000000000000000000, -0.000000000000000000 ) ) ;
#1537 = ORIENTED_EDGE ( 'NONE', *, *, #128, .F. ) ;
#1538 = ORIENTED_EDGE ( 'NONE', *, *, #7127, .T. ) ;
#1539 = AXIS2_PLACEMENT_3D ( 'NONE', #1449, #9166, #8999 ) ;
#1540 = CARTESIAN_POINT ( 'NONE',  ( 50.00000000000000000, -0.7049999999965139708, -37.50000000001251976 ) ) ;
#1541 = FACE_OUTER_BOUND ( 'NONE', #4302, .T. ) ;
#1542 = VECTOR ( 'NONE', #6917, 1000.000000000000000 ) ;
#1543 = ORIENTED_EDGE ( 'NONE', *, *, #3326, .T. ) ;
#1544 = ORIENTED_EDGE ( 'NONE', *, *, #5644, .F. ) ;
#1545 = CIRCLE ( 'NONE', #150, 0.5000000000000004441 ) ;
#1546 = CARTESIAN_POINT ( 'NONE',  ( 50.00000000000000000, -7.304999999996675264, 33.99999999998737366 ) ) ;
#1547 = DIRECTION ( 'NONE',  ( 0.000000000000000000, -0.000000000000000000, -1.000000000000000000 ) ) ;
#1548 = VECTOR ( 'NONE', #1472, 1000.000000000000000 ) ;
#1549 = DIRECTION ( 'NONE',  ( 1.000000000000000000, 0.000000000000000000, 0.000000000000000000 ) ) ;
#1550 = CARTESIAN_POINT ( 'NONE',  ( 50.00000000000000000, 2.035000000001341292, -34.30000000000566018 ) ) ;
#1551 = LINE ( 'NONE', #9870, #1707 ) ;
#1552 = VERTEX_POINT ( 'NONE', #4148 ) ;
#1553 = AXIS2_PLACEMENT_3D ( 'NONE', #481, #7161, #10502 ) ;
#1554 = VECTOR ( 'NONE', #6814, 1000.000000000000000 ) ;
#1555 = VERTEX_POINT ( 'NONE', #208 ) ;
#1557 = ORIENTED_EDGE ( 'NONE', *, *, #9863, .T. ) ;
#1556 = CIRCLE ( 'NONE', #684, 0.5000000000000559552 ) ;
#1558 = VERTEX_POINT ( 'NONE', #3547 ) ;
#1559 = PLANE ( 'NONE',  #1539 ) ;
#1560 = CARTESIAN_POINT ( 'NONE',  ( -50.00000000000000000, -17.95499999999650242, -38.00000000001247003 ) ) ;
#1561 = ADVANCED_FACE ( 'NONE', ( #2507 ), #6055, .F. ) ;
#1562 = PLANE ( 'NONE',  #6414 ) ;
#1563 = AXIS2_PLACEMENT_3D ( 'NONE', #9840, #3215, #3378 ) ;
#1564 = CARTESIAN_POINT ( 'NONE',  ( 50.00000000000000000, 15.79500000000344428, 35.79999999998739924 ) ) ;
#1565 = ORIENTED_EDGE ( 'NONE', *, *, #3942, .T. ) ;
#1566 = DIRECTION ( 'NONE',  ( -0.000000000000000000, -1.000000000000000000, -0.000000000000000000 ) ) ;
#1567 = CARTESIAN_POINT ( 'NONE',  ( -50.00000000000000000, -14.75499999999851930, -32.79417527063710480 ) ) ;
#1568 = AXIS2_PLACEMENT_3D ( 'NONE', #10209, #1882, #2609 ) ;
#1569 = VERTEX_POINT ( 'NONE', #3333 ) ;
#1570 = CARTESIAN_POINT ( 'NONE',  ( 50.00000000000000000, -12.50499999999643563, 32.49999999998743050 ) ) ;
#1571 = AXIS2_PLACEMENT_3D ( 'NONE', #5315, #10161, #9645 ) ;
#1572 = LINE ( 'NONE', #4909, #2608 ) ;
#1573 = VERTEX_POINT ( 'NONE', #1297 ) ;
#1574 = EDGE_CURVE ( 'NONE', #4141, #2745, #6988, .T. ) ;
#1575 = CYLINDRICAL_SURFACE ( 'NONE', #2579, 0.5000000000000559552 ) ;
#1576 = FACE_OUTER_BOUND ( 'NONE', #10561, .T. ) ;
#1577 = EDGE_CURVE ( 'NONE', #5388, #9356, #9508, .T. ) ;
#1578 = CARTESIAN_POINT ( 'NONE',  ( 50.00000000000000000, 7.195000000003504148, 32.49999999998743050 ) ) ;
#1579 = CARTESIAN_POINT ( 'NONE',  ( -50.00000000000000000, 9.295000000003494023, 35.79999999998739924 ) ) ;
#1580 = ORIENTED_EDGE ( 'NONE', *, *, #9814, .F. ) ;
#1581 = CARTESIAN_POINT ( 'NONE',  ( 50.00000000000000000, 9.394999999996155537, -32.70000000001061125 ) ) ;
#1582 = EDGE_CURVE ( 'NONE', #6593, #1077, #4579, .T. ) ;
#1583 = CYLINDRICAL_SURFACE ( 'NONE', #5746, 1.000000000002540634 ) ;
#1584 = ORIENTED_EDGE ( 'NONE', *, *, #7192, .T. ) ;
#1585 = ADVANCED_FACE ( 'NONE', ( #8738 ), #7910, .F. ) ;
#1586 = AXIS2_PLACEMENT_3D ( 'NONE', #648, #10716, #1413 ) ;
#1587 = VERTEX_POINT ( 'NONE', #261 ) ;
#1588 = EDGE_LOOP ( 'NONE', ( #7897, #9516, #1148, #7545 ) ) ;
#1589 = EDGE_CURVE ( 'NONE', #4116, #1869, #4531, .T. ) ;
#1590 = DIRECTION ( 'NONE',  ( 1.000000000000000000, 0.000000000000000000, 0.000000000000000000 ) ) ;
#1591 = ADVANCED_FACE ( 'NONE', ( #3758 ), #7805, .F. ) ;
#1592 = DIRECTION ( 'NONE',  ( 0.000000000000000000, 0.000000000000000000, -1.000000000000000000 ) ) ;
#1593 = LINE ( 'NONE', #3890, #8425 ) ;
#1594 = LINE ( 'NONE', #770, #7144 ) ;
#1595 = CARTESIAN_POINT ( 'NONE',  ( 50.00000000000000000, 16.29500000000350113, 37.99999999998743050 ) ) ;
#1596 = VERTEX_POINT ( 'NONE', #2824 ) ;
#1597 = ORIENTED_EDGE ( 'NONE', *, *, #8400, .F. ) ;
#1598 = CIRCLE ( 'NONE', #2474, 1.000000000007446266 ) ;
#1599 = CARTESIAN_POINT ( 'NONE',  ( -50.00000000000000000, -20.95499999999650242, 34.99999999998737366 ) ) ;
#1600 = CARTESIAN_POINT ( 'NONE',  ( -50.00000000000000000, -16.48907417369404982, 32.74118095488665148 ) ) ;
#1601 = ORIENTED_EDGE ( 'NONE', *, *, #43, .T. ) ;
#1602 = EDGE_CURVE ( 'NONE', #5970, #10532, #8628, .T. ) ;
#1603 = EDGE_LOOP ( 'NONE', ( #73, #6280, #7964, #6730 ) ) ;
#1604 = AXIS2_PLACEMENT_3D ( 'NONE', #2480, #9042, #8222 ) ;
#1605 = CARTESIAN_POINT ( 'NONE',  ( 50.00000000000000000, -1.204999999996569926, 37.49999999998743050 ) ) ;
#1606 = CARTESIAN_POINT ( 'NONE',  ( 50.00000000000000000, -0.1649999999987494803, -35.60000000000551523 ) ) ;
#1607 = CARTESIAN_POINT ( 'NONE',  ( 50.00000000000000000, -0.1649999999968621012, 31.89999999998760671 ) ) ;
#1608 = DIRECTION ( 'NONE',  ( 0.000000000000000000, 0.000000000000000000, -1.000000000000000000 ) ) ;
#1609 = DIRECTION ( 'NONE',  ( -1.000000000000000000, -0.000000000000000000, -0.000000000000000000 ) ) ;
#1610 = AXIS2_PLACEMENT_3D ( 'NONE', #9305, #10125, #8526 ) ;
#1611 = ORIENTED_EDGE ( 'NONE', *, *, #8865, .F. ) ;
#1612 = ORIENTED_EDGE ( 'NONE', *, *, #2896, .F. ) ;
#1613 = FACE_OUTER_BOUND ( 'NONE', #5814, .T. ) ;
#1614 = VECTOR ( 'NONE', #4977, 1000.000000000000000 ) ;
#1615 = CARTESIAN_POINT ( 'NONE',  ( 50.00000000000000000, 7.194999999996287698, -32.70000000001061125 ) ) ;
#1616 = FACE_OUTER_BOUND ( 'NONE', #1843, .T. ) ;
#1617 = CARTESIAN_POINT ( 'NONE',  ( -50.00000000000000000, -11.70499999999652374, -37.50000000001251976 ) ) ;
#1618 = ORIENTED_EDGE ( 'NONE', *, *, #6283, .F. ) ;
#1619 = DIRECTION ( 'NONE',  ( 1.000000000000000000, 0.000000000000000000, -0.000000000000000000 ) ) ;
#1620 = DIRECTION ( 'NONE',  ( -0.000000000000000000, 1.000000000000000000, -0.000000000000000000 ) ) ;
#1621 = ORIENTED_EDGE ( 'NONE', *, *, #8324, .F. ) ;
#1622 = CARTESIAN_POINT ( 'NONE',  ( -50.00000000000000000, 21.04500000001617366, -27.98284271249984556 ) ) ;
#1623 = DIRECTION ( 'NONE',  ( 0.000000000000000000, 0.000000000000000000, -1.000000000000000000 ) ) ;
#1624 = VECTOR ( 'NONE', #10387, 1000.000000000000000 ) ;
#1625 = ORIENTED_EDGE ( 'NONE', *, *, #7798, .F. ) ;
#1626 = CARTESIAN_POINT ( 'NONE',  ( -50.00000000000000000, -9.104999999996476134, 32.69999999998740492 ) ) ;
#1627 = CARTESIAN_POINT ( 'NONE',  ( -50.00000000000000000, 1.995000000003521734, 33.99999999998737366 ) ) ;
#1628 = CARTESIAN_POINT ( 'NONE',  ( -50.00000000000000000, -0.1649999999968621012, 34.59999999998719744 ) ) ;
#1629 = AXIS2_PLACEMENT_3D ( 'NONE', #3730, #8042, #7828 ) ;
#1630 = CARTESIAN_POINT ( 'NONE',  ( -50.00000000000000000, -7.304999999996619309, 32.69999999998740492 ) ) ;
#1631 = ORIENTED_EDGE ( 'NONE', *, *, #1337, .F. ) ;
#1632 = LINE ( 'NONE', #9901, #6185 ) ;
#1633 = CARTESIAN_POINT ( 'NONE',  ( -50.00000000000000000, 0.7949999999964374453, -35.80000000001126637 ) ) ;
#1634 = EDGE_CURVE ( 'NONE', #4738, #2372, #3925, .T. ) ;
#1635 = EDGE_LOOP ( 'NONE', ( #2527, #8334, #10774, #1414 ) ) ;
#1636 = ORIENTED_EDGE ( 'NONE', *, *, #1458, .T. ) ;
#1637 = ORIENTED_EDGE ( 'NONE', *, *, #8878, .F. ) ;
#1638 = DIRECTION ( 'NONE',  ( -1.000000000000000000, -0.000000000000000000, -0.000000000000000000 ) ) ;
#1639 = CARTESIAN_POINT ( 'NONE',  ( 50.00000000000000000, -4.104999999996472582, 32.19999999998756834 ) ) ;
#1640 = CARTESIAN_POINT ( 'NONE',  ( 50.00000000000000000, -1.704999999996625881, 37.49999999998743050 ) ) ;
#1641 = DIRECTION ( 'NONE',  ( -0.000000000000000000, 0.9659258262707179910, 0.2588190451710054019 ) ) ;
#1642 = ADVANCED_FACE ( 'NONE', ( #8681 ), #6114, .F. ) ;
#1643 = CARTESIAN_POINT ( 'NONE',  ( 50.00000000000000000, 5.795000000003436291, 37.49999999998743050 ) ) ;
#1644 = VERTEX_POINT ( 'NONE', #1952 ) ;
#1645 = VERTEX_POINT ( 'NONE', #8786 ) ;
#1646 = EDGE_CURVE ( 'NONE', #1224, #9086, #3597, .T. ) ;
#1647 = CYLINDRICAL_SURFACE ( 'NONE', #2856, 0.9999999999998898659 ) ;
#1648 = AXIS2_PLACEMENT_3D ( 'NONE', #6890, #10236, #5913 ) ;
#1649 = CARTESIAN_POINT ( 'NONE',  ( 50.00000000000000000, 6.494999999996364792, -34.00000000001046629 ) ) ;
#1650 = EDGE_CURVE ( 'NONE', #8895, #2777, #5847, .T. ) ;
#1651 = VERTEX_POINT ( 'NONE', #10380 ) ;
#1652 = VERTEX_POINT ( 'NONE', #4424 ) ;
#1653 = VECTOR ( 'NONE', #8128, 1000.000000000000000 ) ;
#1654 = DIRECTION ( 'NONE',  ( 0.000000000000000000, 0.000000000000000000, -1.000000000000000000 ) ) ;
#1655 = DIRECTION ( 'NONE',  ( -0.000000000000000000, -0.000000000000000000, 1.000000000000000000 ) ) ;
#1656 = EDGE_CURVE ( 'NONE', #4764, #472, #5294, .T. ) ;
#1657 = DIRECTION ( 'NONE',  ( -0.000000000000000000, -1.000000000000000000, -0.000000000000000000 ) ) ;
#1658 = CARTESIAN_POINT ( 'NONE',  ( 50.00000000000000000, -17.95499999999650242, -38.00000000001247003 ) ) ;
#1659 = EDGE_CURVE ( 'NONE', #10148, #8826, #2878, .T. ) ;
#1660 = CARTESIAN_POINT ( 'NONE',  ( 50.00000000000000000, 12.79500000000344251, 33.99999999998737366 ) ) ;
#1661 = VECTOR ( 'NONE', #3933, 1000.000000000000000 ) ;
#1662 = ORIENTED_EDGE ( 'NONE', *, *, #5859, .T. ) ;
#1663 = ORIENTED_EDGE ( 'NONE', *, *, #3051, .F. ) ;
#1664 = DIRECTION ( 'NONE',  ( 0.000000000000000000, 0.000000000000000000, 1.000000000000000000 ) ) ;
#1665 = DIRECTION ( 'NONE',  ( 1.000000000000000000, 0.000000000000000000, 0.000000000000000000 ) ) ;
#1666 = DIRECTION ( 'NONE',  ( 0.000000000000000000, 0.000000000000000000, -1.000000000000000000 ) ) ;
#1667 = EDGE_CURVE ( 'NONE', #10431, #7436, #5405, .T. ) ;
#1668 = DIRECTION ( 'NONE',  ( -1.000000000000000000, 0.000000000000000000, -0.000000000000000000 ) ) ;
#1669 = VECTOR ( 'NONE', #1779, 1000.000000000000000 ) ;
#1670 = DIRECTION ( 'NONE',  ( 0.000000000000000000, -0.000000000000000000, 1.000000000000000000 ) ) ;
#1671 = ORIENTED_EDGE ( 'NONE', *, *, #3247, .T. ) ;
#1672 = DIRECTION ( 'NONE',  ( 0.000000000000000000, -1.000000000000000000, 0.000000000000000000 ) ) ;
#1673 = CARTESIAN_POINT ( 'NONE',  ( 50.00000000000000000, -1.204999999996569926, 37.99999999998748734 ) ) ;
#1674 = ORIENTED_EDGE ( 'NONE', *, *, #4609, .T. ) ;
#1675 = DIRECTION ( 'NONE',  ( 1.000000000000000000, 0.000000000000000000, 0.000000000000000000 ) ) ;
#1676 = CARTESIAN_POINT ( 'NONE',  ( 50.00000000000000000, -9.204999999996521964, -37.50000000001251976 ) ) ;
#1677 = EDGE_LOOP ( 'NONE', ( #9546, #8157, #1052, #4208 ) ) ;
#1678 = CARTESIAN_POINT ( 'NONE',  ( 50.00000000000000000, 9.195000000003394902, 33.99999999998737366 ) ) ;
#1679 = CARTESIAN_POINT ( 'NONE',  ( 50.00000000000000000, -20.55499999999643634, 27.49999999998742339 ) ) ;
#1680 = DIRECTION ( 'NONE',  ( -0.000000000000000000, 1.000000000000000000, -0.000000000000000000 ) ) ;
#1681 = CARTESIAN_POINT ( 'NONE',  ( -50.00000000000000000, -17.51712446302988724, 31.29999999999433413 ) ) ;
#1682 = ORIENTED_EDGE ( 'NONE', *, *, #247, .T. ) ;
#1683 = DIRECTION ( 'NONE',  ( -0.000000000000000000, 1.000000000000000000, -0.000000000000000000 ) ) ;
#1684 = FACE_OUTER_BOUND ( 'NONE', #3445, .T. ) ;
#1685 = CIRCLE ( 'NONE', #2732, 0.5000000000000004441 ) ;
#1686 = ORIENTED_EDGE ( 'NONE', *, *, #6928, .T. ) ;
#1687 = ORIENTED_EDGE ( 'NONE', *, *, #8203, .F. ) ;
#1688 = ORIENTED_EDGE ( 'NONE', *, *, #4055, .F. ) ;
#1689 = FACE_OUTER_BOUND ( 'NONE', #9027, .T. ) ;
#1690 = DIRECTION ( 'NONE',  ( 0.000000000000000000, 0.000000000000000000, 1.000000000000000000 ) ) ;
#1691 = DIRECTION ( 'NONE',  ( -1.000000000000000000, -0.000000000000000000, -0.000000000000000000 ) ) ;
#1692 = ADVANCED_FACE ( 'NONE', ( #10434 ), #5451, .T. ) ;
#1693 = VECTOR ( 'NONE', #2381, 1000.000000000000000 ) ;
#1694 = DIRECTION ( 'NONE',  ( 0.000000000000000000, -0.9659258262868128941, 0.2588190451109378398 ) ) ;
#1695 = ORIENTED_EDGE ( 'NONE', *, *, #9204, .F. ) ;
#1696 = EDGE_LOOP ( 'NONE', ( #6717, #4319, #2975, #537 ) ) ;
#1697 = CARTESIAN_POINT ( 'NONE',  ( 50.00000000000000000, 9.395000000003372875, 32.69999999998740492 ) ) ;
#1698 = LINE ( 'NONE', #9037, #320 ) ;
#1699 = EDGE_LOOP ( 'NONE', ( #1214, #5201, #6074, #8833 ) ) ;
#1700 = VERTEX_POINT ( 'NONE', #2987 ) ;
#1701 = VECTOR ( 'NONE', #8876, 1000.000000000000000 ) ;
#1702 = VECTOR ( 'NONE', #1566, 1000.000000000000000 ) ;
#1703 = ADVANCED_FACE ( 'NONE', ( #10494 ), #6333, .F. ) ;
#1704 = VECTOR ( 'NONE', #8026, 1000.000000000000000 ) ;
#1705 = DIRECTION ( 'NONE',  ( 0.000000000000000000, 0.000000000000000000, 1.000000000000000000 ) ) ;
#1706 = EDGE_CURVE ( 'NONE', #4982, #5470, #6372, .T. ) ;
#1707 = VECTOR ( 'NONE', #2484, 1000.000000000000000 ) ;
#1708 = CARTESIAN_POINT ( 'NONE',  ( -50.00000000000000000, -20.55499999999643634, 27.49999999998742339 ) ) ;
#1709 = CARTESIAN_POINT ( 'NONE',  ( 50.00000000000000000, -14.20499999999658058, -37.50000000001251976 ) ) ;
#1710 = ORIENTED_EDGE ( 'NONE', *, *, #3856, .T. ) ;
#1711 = CARTESIAN_POINT ( 'NONE',  ( 50.00000000000000000, 9.394999999996155537, -32.70000000001061125 ) ) ;
#1712 = FACE_OUTER_BOUND ( 'NONE', #2420, .T. ) ;
#1713 = ADVANCED_FACE ( 'NONE', ( #5724 ), #8184, .F. ) ;
#1714 = AXIS2_PLACEMENT_3D ( 'NONE', #5828, #4129, #1664 ) ;
#1715 = ORIENTED_EDGE ( 'NONE', *, *, #8594, .F. ) ;
#1716 = EDGE_CURVE ( 'NONE', #10296, #856, #9723, .T. ) ;
#1717 = ORIENTED_EDGE ( 'NONE', *, *, #6735, .T. ) ;
#1718 = ADVANCED_FACE ( 'NONE', ( #2216 ), #2165, .F. ) ;
#1719 = DIRECTION ( 'NONE',  ( -0.000000000000000000, 0.7071067811865474617, 0.7071067811865474617 ) ) ;
#1720 = CARTESIAN_POINT ( 'NONE',  ( 50.00000000000000000, 11.79500000000344073, 35.79999999998739924 ) ) ;
#1721 = CARTESIAN_POINT ( 'NONE',  ( -50.00000000000000000, 0.2549999999965635311, -35.80000000001126637 ) ) ;
#1722 = LINE ( 'NONE', #2995, #3194 ) ;
#1723 = AXIS2_PLACEMENT_3D ( 'NONE', #7810, #6063, #319 ) ;
#1724 = CARTESIAN_POINT ( 'NONE',  ( 50.00000000000000000, 14.34499999999616549, -34.00000000001046629 ) ) ;
#1725 = ORIENTED_EDGE ( 'NONE', *, *, #7939, .T. ) ;
#1726 = AXIS2_PLACEMENT_3D ( 'NONE', #83, #1990, #6968 ) ;
#1727 = CARTESIAN_POINT ( 'NONE',  ( -50.00000000000000000, 9.194999999996177564, -34.00000000001046629 ) ) ;
#1728 = LINE ( 'NONE', #5992, #1669 ) ;
#1729 = VERTEX_POINT ( 'NONE', #3039 ) ;
#1730 = DIRECTION ( 'NONE',  ( 0.000000000000000000, 0.000000000000000000, -1.000000000000000000 ) ) ;
#1731 = VECTOR ( 'NONE', #8363, 1000.000000000000000 ) ;
#1732 = DIRECTION ( 'NONE',  ( -1.000000000000000000, -0.000000000000000000, -0.000000000000000000 ) ) ;
#1733 = ADVANCED_FACE ( 'NONE', ( #3870 ), #7368, .T. ) ;
#1734 = ORIENTED_EDGE ( 'NONE', *, *, #8060, .F. ) ;
#1735 = LINE ( 'NONE', #1787, #1356 ) ;
#1736 = CARTESIAN_POINT ( 'NONE',  ( 50.00000000000000000, 3.294999999996495177, -37.50000000001130473 ) ) ;
#1737 = DIRECTION ( 'NONE',  ( -0.000000000000000000, -1.000000000000000000, -0.000000000000000000 ) ) ;
#1738 = AXIS2_PLACEMENT_3D ( 'NONE', #5282, #2866, #7846 ) ;
#1739 = CARTESIAN_POINT ( 'NONE',  ( 50.00000000000000000, 16.57907417369630565, -32.74118095491063229 ) ) ;
#1740 = ORIENTED_EDGE ( 'NONE', *, *, #5070, .T. ) ;
#1741 = CARTESIAN_POINT ( 'NONE',  ( 50.00000000000000000, 3.795000000003434515, 37.49999999998743050 ) ) ;
#1742 = AXIS2_PLACEMENT_3D ( 'NONE', #8192, #811, #3270 ) ;
#1743 = FACE_OUTER_BOUND ( 'NONE', #8692, .T. ) ;
#1744 = VERTEX_POINT ( 'NONE', #2334 ) ;
#1745 = VERTEX_POINT ( 'NONE', #9781 ) ;
#1746 = AXIS2_PLACEMENT_3D ( 'NONE', #6193, #396, #2091 ) ;
#1747 = DIRECTION ( 'NONE',  ( -1.000000000000000000, -0.000000000000000000, -0.000000000000000000 ) ) ;
#1748 = LINE ( 'NONE', #5191, #2659 ) ;
#1749 = CARTESIAN_POINT ( 'NONE',  ( -50.00000000000000000, -9.104999999996476134, 33.99999999998737366 ) ) ;
#1750 = ORIENTED_EDGE ( 'NONE', *, *, #6478, .F. ) ;
#1751 = ORIENTED_EDGE ( 'NONE', *, *, #4526, .T. ) ;
#1752 = LINE ( 'NONE', #1856, #10208 ) ;
#1753 = DIRECTION ( 'NONE',  ( -1.000000000000000000, -0.000000000000000000, -0.000000000000000000 ) ) ;
#1754 = VERTEX_POINT ( 'NONE', #5558 ) ;
#1755 = ORIENTED_EDGE ( 'NONE', *, *, #2921, .F. ) ;
#1756 = ORIENTED_EDGE ( 'NONE', *, *, #10343, .F. ) ;
#1757 = LINE ( 'NONE', #8488, #9647 ) ;
#1758 = AXIS2_PLACEMENT_3D ( 'NONE', #7280, #5584, #6462 ) ;
#1759 = CARTESIAN_POINT ( 'NONE',  ( -50.00000000000000000, -4.204999999996572591, 35.79999999998739924 ) ) ;
#1760 = LINE ( 'NONE', #948, #10544 ) ;
#1761 = EDGE_LOOP ( 'NONE', ( #7940, #10368, #4811, #4842 ) ) ;
#1762 = CYLINDRICAL_SURFACE ( 'NONE', #4179, 0.5000000000000004441 ) ;
#1763 = CARTESIAN_POINT ( 'NONE',  ( -50.00000000000000000, 16.29500000001615945, -37.99999999999981526 ) ) ;
#1764 = ADVANCED_FACE ( 'NONE', ( #3973 ), #533, .F. ) ;
#1765 = VECTOR ( 'NONE', #3965, 1000.000000000000000 ) ;
#1766 = EDGE_CURVE ( 'NONE', #9784, #3716, #9890, .T. ) ;
#1767 = ORIENTED_EDGE ( 'NONE', *, *, #6530, .T. ) ;
#1768 = ORIENTED_EDGE ( 'NONE', *, *, #2036, .T. ) ;
#1769 = LINE ( 'NONE', #1007, #7303 ) ;
#1770 = CARTESIAN_POINT ( 'NONE',  ( -50.00000000000000000, -16.20499999999647400, -37.50000000001251976 ) ) ;
#1771 = CARTESIAN_POINT ( 'NONE',  ( 50.00000000000000000, 13.29500000000349758, 37.49999999998743050 ) ) ;
#1772 = LINE ( 'NONE', #1822, #9836 ) ;
#1773 = ADVANCED_FACE ( 'NONE', ( #7207 ), #2277, .T. ) ;
#1774 = DIRECTION ( 'NONE',  ( -0.000000000000000000, -1.000000000000000000, -0.000000000000000000 ) ) ;
#1775 = CIRCLE ( 'NONE', #7889, 0.1999999999999224620 ) ;
#1776 = ORIENTED_EDGE ( 'NONE', *, *, #1131, .F. ) ;
#1777 = LINE ( 'NONE', #6913, #6196 ) ;
#1778 = EDGE_CURVE ( 'NONE', #222, #5801, #9011, .T. ) ;
#1779 = DIRECTION ( 'NONE',  ( 0.000000000000000000, 0.000000000000000000, 1.000000000000000000 ) ) ;
#1780 = ORIENTED_EDGE ( 'NONE', *, *, #6326, .F. ) ;
#1781 = ADVANCED_FACE ( 'NONE', ( #1457 ), #7309, .F. ) ;
#1782 = DIRECTION ( 'NONE',  ( 1.000000000000000000, 0.000000000000000000, 0.000000000000000000 ) ) ;
#1783 = DIRECTION ( 'NONE',  ( 1.000000000000000000, 0.000000000000000000, 0.000000000000000000 ) ) ;
#1784 = EDGE_CURVE ( 'NONE', #8390, #640, #7254, .T. ) ;
#1785 = VECTOR ( 'NONE', #4376, 1000.000000000000000 ) ;
#1786 = EDGE_LOOP ( 'NONE', ( #736, #7156, #949, #1498 ) ) ;
#1787 = CARTESIAN_POINT ( 'NONE',  ( 50.00000000000000000, -6.404999999996441318, 32.69999999998740492 ) ) ;
#1788 = LINE ( 'NONE', #1080, #2439 ) ;
#1789 = DIRECTION ( 'NONE',  ( 1.000000000000000000, 0.000000000000000000, 0.000000000000000000 ) ) ;
#1790 = ADVANCED_FACE ( 'NONE', ( #3154 ), #10708, .F. ) ;
#1791 = CARTESIAN_POINT ( 'NONE',  ( -50.00000000000000000, 5.794999999996441886, -35.80000000001126637 ) ) ;
#1792 = ORIENTED_EDGE ( 'NONE', *, *, #10401, .T. ) ;
#1793 = AXIS2_PLACEMENT_3D ( 'NONE', #8610, #3475, #4239 ) ;
#1794 = ADVANCED_FACE ( 'NONE', ( #6546 ), #2390, .T. ) ;
#1795 = DIRECTION ( 'NONE',  ( 0.000000000000000000, -0.000000000000000000, 1.000000000000000000 ) ) ;
#1796 = LINE ( 'NONE', #1087, #8546 ) ;
#1797 = ORIENTED_EDGE ( 'NONE', *, *, #6921, .T. ) ;
#1798 = DIRECTION ( 'NONE',  ( 0.000000000000000000, -1.000000000000000000, 0.000000000000000000 ) ) ;
#1799 = CYLINDRICAL_SURFACE ( 'NONE', #2600, 0.4999999999999449329 ) ;
#1800 = LINE ( 'NONE', #59, #1785 ) ;
#1801 = CARTESIAN_POINT ( 'NONE',  ( -50.00000000000000000, -0.1649999999964180120, 32.89999999998738645 ) ) ;
#1802 = ORIENTED_EDGE ( 'NONE', *, *, #6903, .T. ) ;
#1803 = ORIENTED_EDGE ( 'NONE', *, *, #128, .T. ) ;
#1804 = DIRECTION ( 'NONE',  ( -1.000000000000000000, -0.000000000000000000, -0.000000000000000000 ) ) ;
#1805 = CARTESIAN_POINT ( 'NONE',  ( 50.00000000000000000, 0.03500000000344893891, 32.69999999998740492 ) ) ;
#1806 = VERTEX_POINT ( 'NONE', #7423 ) ;
#1807 = ORIENTED_EDGE ( 'NONE', *, *, #3376, .T. ) ;
#1808 = ORIENTED_EDGE ( 'NONE', *, *, #9940, .F. ) ;
#1809 = CARTESIAN_POINT ( 'NONE',  ( -50.00000000000000000, -9.204999999996521964, -37.50000000001251976 ) ) ;
#1810 = DIRECTION ( 'NONE',  ( 0.000000000000000000, 0.000000000000000000, -1.000000000000000000 ) ) ;
#1811 = AXIS2_PLACEMENT_3D ( 'NONE', #6570, #3234, #9976 ) ;
#1812 = CARTESIAN_POINT ( 'NONE',  ( -50.00000000000000000, 11.79500000000344073, 37.49999999998743050 ) ) ;
#1813 = VERTEX_POINT ( 'NONE', #10760 ) ;
#1814 = PLANE ( 'NONE',  #5572 ) ;
#1815 = CARTESIAN_POINT ( 'NONE',  ( 50.00000000000000000, -11.70499999999652374, 37.49999999998743050 ) ) ;
#1816 = VECTOR ( 'NONE', #3935, 1000.000000000000000 ) ;
#1817 = VERTEX_POINT ( 'NONE', #3263 ) ;
#1818 = EDGE_LOOP ( 'NONE', ( #6205, #9586, #569, #6806, #4032, #2799, #270, #5744, #4567, #1369, #5493, #6021, #5968, #7635, #8353, #1432, #901, #1963, #5355, #7952, #680, #4466, #9139, #6542, #4647, #2186, #7397, #5850, #8019, #6072, #6310, #3281, #10462, #3011, #10288, #1474, #9165, #5114, #8784, #705, #8886, #4924, #6347, #7612, #10313, #439, #2552, #6998, #7774, #8130, #10581, #3246, #8680, #4663, #2463, #3388, #4562, #8216, #1687, #8678, #1780, #8672, #2133, #1155, #9578, #3643, #4499, #6635, #1808, #9112, #1487, #211, #10781, #10521, #4851, #718, #4634, #1497, #9014, #290, #1637, #9557, #5420, #1621, #5625, #2058, #2821, #7448, #6044, #6502, #7232, #2120, #9035, #596, #9794, #845, #7568, #9669, #9097, #3938, #8153, #5835, #10570, #10135, #8250, #1901, #4712, #10171, #2276, #5825, #2989, #10649, #6875, #9741, #5875, #4940, #8114, #410, #2683, #3534, #3059, #548, #464, #2363, #7259, #700, #6893, #3560, #6572, #2682, #453, #2330, #8009, #6991, #10549, #3963, #1005, #130, #8515, #7621, #10026, #9824, #9195, #1267, #8529, #8553, #6680, #9861, #2953, #7879, #10274, #4378, #4765, #2626, #9938, #878, #3096, #2510, #7222 ) ) ;
#1819 = CARTESIAN_POINT ( 'NONE',  ( -50.00000000000000000, -9.104999999996476134, 33.99999999998737366 ) ) ;
#1820 = CARTESIAN_POINT ( 'NONE',  ( 50.00000000000000000, -1.204999999996569926, 37.49999999998743050 ) ) ;
#1821 = LINE ( 'NONE', #957, #10091 ) ;
#1822 = CARTESIAN_POINT ( 'NONE',  ( -50.00000000000000000, 15.79500000000344428, 37.49999999998743050 ) ) ;
#1823 = DIRECTION ( 'NONE',  ( 0.000000000000000000, 0.000000000000000000, 1.000000000000000000 ) ) ;
#1824 = VERTEX_POINT ( 'NONE', #1161 ) ;
#1825 = ADVANCED_FACE ( 'NONE', ( #4198 ), #4497, .F. ) ;
#1826 = VECTOR ( 'NONE', #2754, 1000.000000000000000 ) ;
#1827 = PLANE ( 'NONE',  #7595 ) ;
#1828 = CARTESIAN_POINT ( 'NONE',  ( 50.00000000000000000, -6.404999999996441318, 33.99999999998737366 ) ) ;
#1829 = ORIENTED_EDGE ( 'NONE', *, *, #6116, .F. ) ;
#1830 = AXIS2_PLACEMENT_3D ( 'NONE', #2399, #5513, #4698 ) ;
#1831 = LINE ( 'NONE', #5068, #1050 ) ;
#1832 = DIRECTION ( 'NONE',  ( -1.000000000000000000, -0.000000000000000000, -0.000000000000000000 ) ) ;
#1833 = VERTEX_POINT ( 'NONE', #5783 ) ;
#1834 = DIRECTION ( 'NONE',  ( 0.000000000000000000, 0.000000000000000000, -1.000000000000000000 ) ) ;
#1835 = AXIS2_PLACEMENT_3D ( 'NONE', #5834, #8401, #10758 ) ;
#1836 = DIRECTION ( 'NONE',  ( 0.000000000000000000, -1.000000000000000000, 0.000000000000000000 ) ) ;
#1837 = EDGE_CURVE ( 'NONE', #3958, #1840, #6551, .T. ) ;
#1838 = LINE ( 'NONE', #4364, #9555 ) ;
#1839 = FACE_OUTER_BOUND ( 'NONE', #61, .T. ) ;
#1840 = VERTEX_POINT ( 'NONE', #7831 ) ;
#1841 = EDGE_CURVE ( 'NONE', #8965, #9174, #10817, .T. ) ;
#1842 = CARTESIAN_POINT ( 'NONE',  ( 50.00000000000000000, -6.704999999996519300, 35.79999999998739924 ) ) ;
#1843 = EDGE_LOOP ( 'NONE', ( #3607, #5545, #3451, #5699 ) ) ;
#1844 = FACE_OUTER_BOUND ( 'NONE', #4824, .T. ) ;
#1845 = CARTESIAN_POINT ( 'NONE',  ( 50.00000000000000000, 0.2549999999963414865, -31.70000000001083151 ) ) ;
#1846 = EDGE_CURVE ( 'NONE', #6472, #5717, #9697, .T. ) ;
#1847 = ORIENTED_EDGE ( 'NONE', *, *, #9391, .F. ) ;
#1848 = ADVANCED_FACE ( 'NONE', ( #36 ), #5012, .F. ) ;
#1849 = LINE ( 'NONE', #161, #4535 ) ;
#1850 = ADVANCED_FACE ( 'NONE', ( #3372 ), #2655, .F. ) ;
#1851 = FACE_OUTER_BOUND ( 'NONE', #6950, .T. ) ;
#1852 = LINE ( 'NONE', #8314, #7726 ) ;
#1853 = CARTESIAN_POINT ( 'NONE',  ( 50.00000000000000000, 9.195000000003394902, 32.69999999998740492 ) ) ;
#1854 = ORIENTED_EDGE ( 'NONE', *, *, #4046, .T. ) ;
#1855 = ORIENTED_EDGE ( 'NONE', *, *, #7069, .F. ) ;
#1856 = CARTESIAN_POINT ( 'NONE',  ( 50.00000000000000000, -11.70499999999652374, -35.80000000001248850 ) ) ;
#1857 = PLANE ( 'NONE',  #1893 ) ;
#1858 = ORIENTED_EDGE ( 'NONE', *, *, #7539, .F. ) ;
#1859 = VERTEX_POINT ( 'NONE', #7580 ) ;
#1860 = VERTEX_POINT ( 'NONE', #7472 ) ;
#1861 = EDGE_CURVE ( 'NONE', #6131, #10206, #9231, .T. ) ;
#1862 = CIRCLE ( 'NONE', #10771, 0.4999999999999449329 ) ;
#1863 = PLANE ( 'NONE',  #9119 ) ;
#1864 = DIRECTION ( 'NONE',  ( 0.000000000000000000, 0.000000000000000000, -1.000000000000000000 ) ) ;
#1865 = CARTESIAN_POINT ( 'NONE',  ( 50.00000000000000000, 16.29500000001615945, -37.49999999999986500 ) ) ;
#1866 = ORIENTED_EDGE ( 'NONE', *, *, #2577, .F. ) ;
#1867 = DIRECTION ( 'NONE',  ( 0.000000000000000000, 0.000000000000000000, -1.000000000000000000 ) ) ;
#1868 = DIRECTION ( 'NONE',  ( 0.000000000000000000, 0.000000000000000000, 1.000000000000000000 ) ) ;
#1869 = VERTEX_POINT ( 'NONE', #340 ) ;
#1870 = VECTOR ( 'NONE', #809, 1000.000000000000000 ) ;
#1871 = CARTESIAN_POINT ( 'NONE',  ( 50.00000000000000000, 9.295000000003438956, 37.49999999998743050 ) ) ;
#1872 = DIRECTION ( 'NONE',  ( 1.000000000000000000, 0.000000000000000000, 0.000000000000000000 ) ) ;
#1873 = CARTESIAN_POINT ( 'NONE',  ( 50.00000000000000000, 0.2549999999963414865, -31.90000000001102975 ) ) ;
#1874 = VECTOR ( 'NONE', #10460, 1000.000000000000000 ) ;
#1875 = CARTESIAN_POINT ( 'NONE',  ( 50.00000000000000000, 6.694999999996342765, -32.70000000001061125 ) ) ;
#1876 = DIRECTION ( 'NONE',  ( 0.000000000000000000, -1.000000000000000000, 0.000000000000000000 ) ) ;
#1877 = ORIENTED_EDGE ( 'NONE', *, *, #8600, .T. ) ;
#1878 = DIRECTION ( 'NONE',  ( 1.000000000000000000, 0.000000000000000000, 0.000000000000000000 ) ) ;
#1879 =( NAMED_UNIT ( * ) SI_UNIT ( $, .STERADIAN. ) SOLID_ANGLE_UNIT ( ) );
#1880 = ORIENTED_EDGE ( 'NONE', *, *, #5930, .T. ) ;
#1881 = VECTOR ( 'NONE', #4496, 1000.000000000000000 ) ;
#1882 = DIRECTION ( 'NONE',  ( 1.000000000000000000, 0.000000000000000000, 0.000000000000000000 ) ) ;
#1883 = AXIS2_PLACEMENT_3D ( 'NONE', #990, #3449, #7661 ) ;
#1884 = EDGE_CURVE ( 'NONE', #1172, #2777, #4138, .T. ) ;
#1885 = ORIENTED_EDGE ( 'NONE', *, *, #3387, .T. ) ;
#1886 = LINE ( 'NONE', #2661, #5025 ) ;
#1887 = AXIS2_PLACEMENT_3D ( 'NONE', #9852, #3941, #8093 ) ;
#1888 = DIRECTION ( 'NONE',  ( 0.000000000000000000, 0.000000000000000000, 1.000000000000000000 ) ) ;
#1889 = AXIS2_PLACEMENT_3D ( 'NONE', #9665, #8732, #5446 ) ;
#1890 = CARTESIAN_POINT ( 'NONE',  ( 50.00000000000000000, -9.304999999998564419, -32.50000000000563460 ) ) ;
#1891 = CARTESIAN_POINT ( 'NONE',  ( -50.00000000000000000, -14.88440952259861838, -32.31121235750556053 ) ) ;
#1892 = EDGE_LOOP ( 'NONE', ( #6650, #2574, #3995, #4229 ) ) ;
#1893 = AXIS2_PLACEMENT_3D ( 'NONE', #5253, #8589, #5198 ) ;
#1894 = DIRECTION ( 'NONE',  ( -1.000000000000000000, -0.000000000000000000, -0.000000000000000000 ) ) ;
#1895 = ORIENTED_EDGE ( 'NONE', *, *, #4329, .T. ) ;
#1896 = DIRECTION ( 'NONE',  ( 0.000000000000000000, -0.2588190451711366857, -0.9659258262706826859 ) ) ;
#1897 = CYLINDRICAL_SURFACE ( 'NONE', #3484, 0.1999999999999779732 ) ;
#1898 = AXIS2_PLACEMENT_3D ( 'NONE', #566, #2097, #5599 ) ;
#1899 = EDGE_CURVE ( 'NONE', #5106, #4692, #6656, .T. ) ;
#1900 = ADVANCED_FACE ( 'NONE', ( #3681 ), #3483, .F. ) ;
#1901 = ORIENTED_EDGE ( 'NONE', *, *, #1112, .F. ) ;
#1902 = VECTOR ( 'NONE', #6493, 1000.000000000000000 ) ;
#1903 = DIRECTION ( 'NONE',  ( -1.000000000000000000, -0.000000000000000000, -0.000000000000000000 ) ) ;
#1904 = CARTESIAN_POINT ( 'NONE',  ( 50.00000000000000000, 2.154999999996354276, -34.60000000001095799 ) ) ;
#1905 = CARTESIAN_POINT ( 'NONE',  ( 50.00000000000000000, -1.204999999996569926, 37.49999999998743050 ) ) ;
#1906 = AXIS2_PLACEMENT_3D ( 'NONE', #2711, #1133, #1888 ) ;
#1907 = CARTESIAN_POINT ( 'NONE',  ( -50.00000000000000000, 14.29499999999650584, -37.50000000001130473 ) ) ;
#1908 = CARTESIAN_POINT ( 'NONE',  ( 50.00000000000000000, -11.70499999999652374, 35.79999999998739924 ) ) ;
#1909 = ORIENTED_EDGE ( 'NONE', *, *, #1249, .F. ) ;
#1910 = EDGE_CURVE ( 'NONE', #10424, #7527, #3425, .T. ) ;
#1911 = DIRECTION ( 'NONE',  ( 1.000000000000000000, 0.000000000000000000, 0.000000000000000000 ) ) ;
#1912 = EDGE_CURVE ( 'NONE', #4162, #4490, #3322, .T. ) ;
#1913 = AXIS2_PLACEMENT_3D ( 'NONE', #10439, #7865, #7212 ) ;
#1914 = CARTESIAN_POINT ( 'NONE',  ( 50.00000000000000000, 10.09500000000351783, 33.99999999998737366 ) ) ;
#1915 = EDGE_CURVE ( 'NONE', #8951, #9623, #1831, .T. ) ;
#1916 = VECTOR ( 'NONE', #8046, 1000.000000000000000 ) ;
#1917 = ORIENTED_EDGE ( 'NONE', *, *, #2063, .T. ) ;
#1918 = EDGE_LOOP ( 'NONE', ( #4074, #349, #384, #7281 ) ) ;
#1919 = EDGE_CURVE ( 'NONE', #8636, #1347, #6807, .T. ) ;
#1920 = VERTEX_POINT ( 'NONE', #1622 ) ;
#1921 = DIRECTION ( 'NONE',  ( 0.000000000000000000, 0.000000000000000000, 1.000000000000000000 ) ) ;
#1922 = CARTESIAN_POINT ( 'NONE',  ( 50.00000000000000000, -5.704999999996629434, -37.50000000001251976 ) ) ;
#1923 = FACE_OUTER_BOUND ( 'NONE', #1207, .T. ) ;
#1924 = ORIENTED_EDGE ( 'NONE', *, *, #10272, .T. ) ;
#1925 = DIRECTION ( 'NONE',  ( -1.000000000000000000, -0.000000000000000000, -0.000000000000000000 ) ) ;
#1926 = DIRECTION ( 'NONE',  ( 0.000000000000000000, 0.000000000000000000, -1.000000000000000000 ) ) ;
#1927 = ADVANCED_FACE ( 'NONE', ( #4299 ), #2496, .F. ) ;
#1928 = EDGE_CURVE ( 'NONE', #39, #9572, #6292, .T. ) ;
#1929 = VERTEX_POINT ( 'NONE', #2031 ) ;
#1930 = AXIS2_PLACEMENT_3D ( 'NONE', #3768, #8583, #1147 ) ;
#1931 = DIRECTION ( 'NONE',  ( 0.000000000000000000, 0.000000000000000000, -1.000000000000000000 ) ) ;
#1932 = DIRECTION ( 'NONE',  ( -0.000000000000000000, 0.000000000000000000, 1.000000000000000000 ) ) ;
#1933 = LINE ( 'NONE', #6812, #3085 ) ;
#1934 = CARTESIAN_POINT ( 'NONE',  ( -50.00000000000000000, -1.704999999996625881, 35.79999999998739924 ) ) ;
#1935 = DIRECTION ( 'NONE',  ( -1.000000000000000000, -0.000000000000000000, -0.000000000000000000 ) ) ;
#1936 = ORIENTED_EDGE ( 'NONE', *, *, #2467, .F. ) ;
#1937 = DIRECTION ( 'NONE',  ( 0.000000000000000000, -0.000000000000000000, 1.000000000000000000 ) ) ;
#1938 = CARTESIAN_POINT ( 'NONE',  ( 50.00000000000000000, 16.57907417371439607, 32.74118095488487512 ) ) ;
#1939 = ORIENTED_EDGE ( 'NONE', *, *, #4989, .T. ) ;
#1940 = VECTOR ( 'NONE', #6161, 1000.000000000000000 ) ;
#1941 = FACE_OUTER_BOUND ( 'NONE', #3414, .T. ) ;
#1942 = ORIENTED_EDGE ( 'NONE', *, *, #5435, .T. ) ;
#1943 = ORIENTED_EDGE ( 'NONE', *, *, #7798, .T. ) ;
#1944 = FACE_OUTER_BOUND ( 'NONE', #3482, .T. ) ;
#1945 = AXIS2_PLACEMENT_3D ( 'NONE', #7074, #2806, #2965 ) ;
#1946 = LINE ( 'NONE', #2662, #1041 ) ;
#1947 = DIRECTION ( 'NONE',  ( 0.000000000000000000, 0.000000000000000000, -1.000000000000000000 ) ) ;
#1948 = DIRECTION ( 'NONE',  ( 0.000000000000000000, 0.000000000000000000, -1.000000000000000000 ) ) ;
#1949 = ORIENTED_EDGE ( 'NONE', *, *, #3966, .T. ) ;
#1950 = DIRECTION ( 'NONE',  ( -0.000000000000000000, -1.000000000000000000, -0.000000000000000000 ) ) ;
#1951 = ORIENTED_EDGE ( 'NONE', *, *, #7142, .F. ) ;
#1952 = CARTESIAN_POINT ( 'NONE',  ( 50.00000000000000000, -6.704999999996519300, 35.79999999998739924 ) ) ;
#1953 = CARTESIAN_POINT ( 'NONE',  ( -50.00000000000000000, -1.704999999996625881, -37.50000000001251976 ) ) ;
#1954 = AXIS2_PLACEMENT_3D ( 'NONE', #5691, #661, #9908 ) ;
#1955 = EDGE_CURVE ( 'NONE', #9111, #4705, #7887, .T. ) ;
#1956 = ORIENTED_EDGE ( 'NONE', *, *, #9193, .F. ) ;
#1957 = PLANE ( 'NONE',  #10481 ) ;
#1958 = DIRECTION ( 'NONE',  ( 0.000000000000000000, 0.000000000000000000, -1.000000000000000000 ) ) ;
#1959 = CARTESIAN_POINT ( 'NONE',  ( -50.00000000000000000, -6.704999999996519300, -35.80000000001248850 ) ) ;
#1960 = VECTOR ( 'NONE', #6938, 1000.000000000000000 ) ;
#1961 = LINE ( 'NONE', #6174, #3857 ) ;
#1962 = VERTEX_POINT ( 'NONE', #1276 ) ;
#1963 = ORIENTED_EDGE ( 'NONE', *, *, #5464, .F. ) ;
#1964 = ADVANCED_FACE ( 'NONE', ( #8708 ), #451, .F. ) ;
#1965 = CARTESIAN_POINT ( 'NONE',  ( 50.00000000000000000, -9.304999999998674554, -32.70000000000561613 ) ) ;
#1966 = DIRECTION ( 'NONE',  ( 0.000000000000000000, 0.000000000000000000, 1.000000000000000000 ) ) ;
#1967 = ORIENTED_EDGE ( 'NONE', *, *, #5507, .T. ) ;
#1968 = VECTOR ( 'NONE', #1491, 1000.000000000000000 ) ;
#1969 = EDGE_LOOP ( 'NONE', ( #7921, #9302, #4642, #6373 ) ) ;
#1970 = ORIENTED_EDGE ( 'NONE', *, *, #9007, .F. ) ;
#1971 = EDGE_CURVE ( 'NONE', #8323, #8902, #3671, .T. ) ;
#1972 = DIRECTION ( 'NONE',  ( 0.000000000000000000, 0.000000000000000000, 1.000000000000000000 ) ) ;
#1973 = EDGE_CURVE ( 'NONE', #10711, #2620, #558, .T. ) ;
#1974 = DIRECTION ( 'NONE',  ( 0.000000000000000000, 0.000000000000000000, 1.000000000000000000 ) ) ;
#1975 = CARTESIAN_POINT ( 'NONE',  ( 50.00000000000000000, -12.00499999999649070, 32.69999999998740492 ) ) ;
#1976 = ORIENTED_EDGE ( 'NONE', *, *, #6212, .T. ) ;
#1977 = AXIS2_PLACEMENT_3D ( 'NONE', #10728, #4005, #5635 ) ;
#1978 = EDGE_CURVE ( 'NONE', #4289, #1859, #4607, .T. ) ;
#1979 = CARTESIAN_POINT ( 'NONE',  ( -50.00000000000000000, -3.204999999996571702, -37.50000000001251976 ) ) ;
#1980 = ORIENTED_EDGE ( 'NONE', *, *, #1971, .T. ) ;
#1981 = ORIENTED_EDGE ( 'NONE', *, *, #4530, .F. ) ;
#1982 = EDGE_CURVE ( 'NONE', #6654, #4769, #9088, .T. ) ;
#1983 = EDGE_CURVE ( 'NONE', #8883, #2236, #7068, .T. ) ;
#1984 = FACE_OUTER_BOUND ( 'NONE', #9660, .T. ) ;
#1985 = VECTOR ( 'NONE', #7764, 1000.000000000000000 ) ;
#1986 = CARTESIAN_POINT ( 'NONE',  ( 50.00000000000000000, 4.695000000003557439, 33.99999999998737366 ) ) ;
#1987 = EDGE_CURVE ( 'NONE', #2129, #10, #5238, .T. ) ;
#1988 = CARTESIAN_POINT ( 'NONE',  ( -50.00000000000000000, -13.70499999999652552, -37.50000000001251976 ) ) ;
#1989 = CARTESIAN_POINT ( 'NONE',  ( 50.00000000000000000, 14.97440952255169577, -32.31121235749865406 ) ) ;
#1990 = DIRECTION ( 'NONE',  ( 0.000000000000000000, -1.000000000000000000, 0.000000000000000000 ) ) ;
#1991 = EDGE_LOOP ( 'NONE', ( #1296, #5668, #2167, #10717 ) ) ;
#1992 = CARTESIAN_POINT ( 'NONE',  ( 50.00000000000000000, -18.95499999999827878, 30.79999999999438742 ) ) ;
#1993 = VECTOR ( 'NONE', #4545, 1000.000000000000000 ) ;
#1994 = FILL_AREA_STYLE_COLOUR ( '', #7614 ) ;
#1995 = ORIENTED_EDGE ( 'NONE', *, *, #7323, .T. ) ;
#1996 = PLANE ( 'NONE',  #9963 ) ;
#1997 = ORIENTED_EDGE ( 'NONE', *, *, #8858, .T. ) ;
#1998 = ORIENTED_EDGE ( 'NONE', *, *, #7718, .F. ) ;
#1999 = ADVANCED_FACE ( 'NONE', ( #9702 ), #9589, .F. ) ;
#2000 = DIRECTION ( 'NONE',  ( -0.000000000000000000, -0.000000000000000000, 1.000000000000000000 ) ) ;
#2001 = CARTESIAN_POINT ( 'NONE',  ( 50.00000000000000000, -11.70499999999652374, -37.50000000001251976 ) ) ;
#2002 = AXIS2_PLACEMENT_3D ( 'NONE', #9494, #5330, #8664 ) ;
#2003 = DIRECTION ( 'NONE',  ( 0.000000000000000000, -0.000000000000000000, 1.000000000000000000 ) ) ;
#2004 = AXIS2_PLACEMENT_3D ( 'NONE', #5181, #100, #3433 ) ;
#2005 = DIRECTION ( 'NONE',  ( -1.000000000000000000, -0.000000000000000000, -0.000000000000000000 ) ) ;
#2006 = ORIENTED_EDGE ( 'NONE', *, *, #6125, .T. ) ;
#2007 = FACE_OUTER_BOUND ( 'NONE', #6877, .T. ) ;
#2008 = EDGE_LOOP ( 'NONE', ( #740, #10821, #562, #7124 ) ) ;
#2009 = CARTESIAN_POINT ( 'NONE',  ( 50.00000000000000000, 11.29500000000349758, 37.49999999998743050 ) ) ;
#2010 = DIRECTION ( 'NONE',  ( 0.000000000000000000, -1.000000000000000000, 0.000000000000000000 ) ) ;
#2011 = AXIS2_PLACEMENT_3D ( 'NONE', #10591, #9832, #1454 ) ;
#2012 = ORIENTED_EDGE ( 'NONE', *, *, #2525, .F. ) ;
#2013 = CARTESIAN_POINT ( 'NONE',  ( 50.00000000000000000, 17.54499999999248416, -34.00000000002290790 ) ) ;
#2014 = CARTESIAN_POINT ( 'NONE',  ( -50.00000000000000000, 0.03500000000122849286, -33.00000000000580513 ) ) ;
#2015 = LINE ( 'NONE', #8688, #1093 ) ;
#2016 = CARTESIAN_POINT ( 'NONE',  ( 50.00000000000000000, -16.20499999999647400, 37.49999999998743050 ) ) ;
#2017 = ORIENTED_EDGE ( 'NONE', *, *, #969, .T. ) ;
#2018 = ORIENTED_EDGE ( 'NONE', *, *, #9359, .T. ) ;
#2019 = VECTOR ( 'NONE', #8665, 1000.000000000000000 ) ;
#2020 = CARTESIAN_POINT ( 'NONE',  ( 50.00000000000000000, -0.1649999999968621012, 35.79999999998750582 ) ) ;
#2021 = CARTESIAN_POINT ( 'NONE',  ( 50.00000000000000000, 20.84500000001609976, -27.98284271249984556 ) ) ;
#2022 = VERTEX_POINT ( 'NONE', #5428 ) ;
#2023 = ORIENTED_EDGE ( 'NONE', *, *, #2465, .T. ) ;
#2024 = ORIENTED_EDGE ( 'NONE', *, *, #9299, .T. ) ;
#2025 = ADVANCED_FACE ( 'NONE', ( #8762 ), #3784, .T. ) ;
#2026 = CARTESIAN_POINT ( 'NONE',  ( 50.00000000000000000, 20.64500000000346702, 27.49999999998731326 ) ) ;
#2027 = LINE ( 'NONE', #2956, #9399 ) ;
#2028 = FACE_OUTER_BOUND ( 'NONE', #23, .T. ) ;
#2029 = VERTEX_POINT ( 'NONE', #1223 ) ;
#2030 = PLANE ( 'NONE',  #10106 ) ;
#2031 = CARTESIAN_POINT ( 'NONE',  ( 50.00000000000000000, -17.95499999999650242, -38.00000000001247003 ) ) ;
#2032 = ORIENTED_EDGE ( 'NONE', *, *, #10405, .T. ) ;
#2033 = EDGE_LOOP ( 'NONE', ( #1942, #9484, #3371, #683 ) ) ;
#2034 = EDGE_CURVE ( 'NONE', #1596, #8754, #6308, .T. ) ;
#2035 = VECTOR ( 'NONE', #1737, 1000.000000000000000 ) ;
#2036 = EDGE_CURVE ( 'NONE', #3962, #5244, #7989, .T. ) ;
#2037 = DIRECTION ( 'NONE',  ( 1.000000000000000000, 0.000000000000000000, 0.000000000000000000 ) ) ;
#2038 = DIRECTION ( 'NONE',  ( 0.000000000000000000, 0.000000000000000000, -1.000000000000000000 ) ) ;
#2039 = DIRECTION ( 'NONE',  ( 0.000000000000000000, 0.000000000000000000, -1.000000000000000000 ) ) ;
#2040 = ORIENTED_EDGE ( 'NONE', *, *, #7051, .F. ) ;
#2041 = AXIS2_PLACEMENT_3D ( 'NONE', #2646, #4452, #10251 ) ;
#2042 = DIRECTION ( 'NONE',  ( 0.000000000000000000, 0.000000000000000000, 1.000000000000000000 ) ) ;
#2043 = ORIENTED_EDGE ( 'NONE', *, *, #1313, .F. ) ;
#2044 = EDGE_CURVE ( 'NONE', #6286, #10605, #3015, .T. ) ;
#2045 = ADVANCED_FACE ( 'NONE', ( #8868 ), #4716, .F. ) ;
#2046 = CARTESIAN_POINT ( 'NONE',  ( 50.00000000000000000, -6.704999999996519300, -37.50000000001251976 ) ) ;
#2047 = ORIENTED_EDGE ( 'NONE', *, *, #708, .F. ) ;
#2048 = EDGE_CURVE ( 'NONE', #10156, #4151, #3068, .T. ) ;
#2049 = EDGE_LOOP ( 'NONE', ( #6681, #7422, #7958, #5335, #632, #5472, #7971, #8603, #1043, #8202, #3409, #1695, #8344, #2585, #10560, #4676, #4184, #2461, #8318, #4410, #2103, #7560, #3413, #8942, #6017, #9602, #1085, #9675, #3236, #9281, #9366, #6132, #2772, #1051, #8298, #4483, #7477, #8618, #8627, #10048, #5519, #9274, #4557, #7412, #8004, #3810, #7085, #9544, #7104, #440, #8937, #10685, #1016, #2964, #1625, #1278, #9209, #7859, #8037, #5313, #3361, #10014, #9849, #4154, #6300, #3905, #5354, #5390, #3486, #6815, #8612, #326, #7371, #3153, #2, #4241, #2681, #2787, #7224, #9309, #7117, #4870, #7358, #5982, #9713, #3025, #2075, #4489, #117, #1221, #3994, #1858, #10574, #2999, #4674, #1287, #5755, #7357, #7877, #7855, #6568, #7899, #5391, #9622, #7025, #10678, #9734, #5399, #4825, #2194, #299, #6395, #2985, #8871, #1755, #3453, #4525, #5506, #10466, #1021, #3041, #1537, #3592, #6671, #5231, #8500, #6706, #7308, #4153, #3972, #2365, #7354, #7381, #3858, #2377, #1611, #10759, #2951, #8522, #2345, #6169, #5096, #1036, #10041, #10735, #773, #9214, #6464, #3934, #3672, #1544, #10175, #3874, #93, #8421, #4023, #9900, #9471, #10621 ) ) ;
#2050 = EDGE_CURVE ( 'NONE', #1486, #6862, #2253, .T. ) ;
#2051 = VECTOR ( 'NONE', #4227, 1000.000000000000000 ) ;
#2052 = AXIS2_PLACEMENT_3D ( 'NONE', #10812, #2443, #9006 ) ;
#2053 = DIRECTION ( 'NONE',  ( 0.000000000000000000, -1.000000000000000000, 0.000000000000000000 ) ) ;
#2054 = CARTESIAN_POINT ( 'NONE',  ( 50.00000000000000000, -11.20499999999646690, 37.49999999998743050 ) ) ;
#2055 = LINE ( 'NONE', #2159, #2560 ) ;
#2056 = VECTOR ( 'NONE', #200, 1000.000000000000000 ) ;
#2057 = CARTESIAN_POINT ( 'NONE',  ( 50.00000000000000000, 17.12416154990348360, -31.42940952261252718 ) ) ;
#2058 = ORIENTED_EDGE ( 'NONE', *, *, #3733, .F. ) ;
#2059 = AXIS2_PLACEMENT_3D ( 'NONE', #9644, #2090, #6361 ) ;
#2060 = DIRECTION ( 'NONE',  ( 1.000000000000000000, 0.000000000000000000, 0.000000000000000000 ) ) ;
#2061 = ORIENTED_EDGE ( 'NONE', *, *, #10015, .T. ) ;
#2062 = DIRECTION ( 'NONE',  ( -1.000000000000000000, -0.000000000000000000, -0.000000000000000000 ) ) ;
#2063 = EDGE_CURVE ( 'NONE', #3308, #6767, #1429, .T. ) ;
#2064 = PLANE ( 'NONE',  #10472 ) ;
#2065 = AXIS2_PLACEMENT_3D ( 'NONE', #5057, #7571, #6146 ) ;
#2066 = VECTOR ( 'NONE', #1376, 1000.000000000000000 ) ;
#2067 = ORIENTED_EDGE ( 'NONE', *, *, #10816, .T. ) ;
#2068 = CARTESIAN_POINT ( 'NONE',  ( 50.00000000000000000, -8.204999999996577031, -35.80000000001248850 ) ) ;
#2069 = LINE ( 'NONE', #6390, #10831 ) ;
#2070 = PLANE ( 'NONE',  #2430 ) ;
#2071 = VECTOR ( 'NONE', #3056, 1000.000000000000000 ) ;
#2072 = CARTESIAN_POINT ( 'NONE',  ( -50.00000000000000000, 6.695000000003559215, 32.49999999998743050 ) ) ;
#2073 = CARTESIAN_POINT ( 'NONE',  ( 50.00000000000000000, -9.104999999996476134, 32.69999999998740492 ) ) ;
#2074 = VERTEX_POINT ( 'NONE', #2476 ) ;
#2075 = ORIENTED_EDGE ( 'NONE', *, *, #1500, .F. ) ;
#2076 = CIRCLE ( 'NONE', #6616, 0.5000000000000004441 ) ;
#2077 = CIRCLE ( 'NONE', #159, 0.1999999999999779732 ) ;
#2078 = CARTESIAN_POINT ( 'NONE',  ( 50.00000000000000000, -7.104999999998806715, -32.50000000000563460 ) ) ;
#2079 = DIRECTION ( 'NONE',  ( 0.000000000000000000, 0.000000000000000000, -1.000000000000000000 ) ) ;
#2080 = VECTOR ( 'NONE', #4425, 1000.000000000000000 ) ;
#2081 = VERTEX_POINT ( 'NONE', #4061 ) ;
#2082 = ORIENTED_EDGE ( 'NONE', *, *, #2115, .T. ) ;
#2083 = ORIENTED_EDGE ( 'NONE', *, *, #2713, .F. ) ;
#2084 = CIRCLE ( 'NONE', #4361, 0.2000000000002000178 ) ;
#2085 = PLANE ( 'NONE',  #3185 ) ;
#2086 = CARTESIAN_POINT ( 'NONE',  ( 50.00000000000000000, 6.495000000003525287, 32.69999999998740492 ) ) ;
#2087 = CARTESIAN_POINT ( 'NONE',  ( -50.00000000000000000, -1.704999999996625881, -37.50000000001251976 ) ) ;
#2089 = ORIENTED_EDGE ( 'NONE', *, *, #9262, .F. ) ;
#2088 = VECTOR ( 'NONE', #5137, 1000.000000000000000 ) ;
#2090 = DIRECTION ( 'NONE',  ( 1.000000000000000000, 0.000000000000000000, 0.000000000000000000 ) ) ;
#2091 = DIRECTION ( 'NONE',  ( 1.000000000000000000, 0.000000000000000000, 0.000000000000000000 ) ) ;
#2092 = ORIENTED_EDGE ( 'NONE', *, *, #3999, .F. ) ;
#2093 = VERTEX_POINT ( 'NONE', #1600 ) ;
#2094 = DIRECTION ( 'NONE',  ( -1.000000000000000000, -0.000000000000000000, -0.000000000000000000 ) ) ;
#2095 = LINE ( 'NONE', #3850, #10607 ) ;
#2096 = DIRECTION ( 'NONE',  ( 1.000000000000000000, 0.000000000000000000, 0.000000000000000000 ) ) ;
#2097 = DIRECTION ( 'NONE',  ( 0.000000000000000000, 0.000000000000000000, -1.000000000000000000 ) ) ;
#2098 = CARTESIAN_POINT ( 'NONE',  ( 50.00000000000000000, 6.794999999996331752, -35.80000000001126637 ) ) ;
#2099 = ORIENTED_EDGE ( 'NONE', *, *, #1602, .T. ) ;
#2100 = ADVANCED_FACE ( 'NONE', ( #4010 ), #10733, .T. ) ;
#2101 = CARTESIAN_POINT ( 'NONE',  ( 50.00000000000000000, 21.04500000001618787, -34.99999999999980815 ) ) ;
#2102 = ORIENTED_EDGE ( 'NONE', *, *, #10608, .T. ) ;
#2103 = ORIENTED_EDGE ( 'NONE', *, *, #6916, .F. ) ;
#2104 = CARTESIAN_POINT ( 'NONE',  ( -50.00000000000000000, 9.195000000003394902, 32.69999999998740492 ) ) ;
#2105 = ADVANCED_FACE ( 'NONE', ( #9199 ), #6469, .F. ) ;
#2106 = CARTESIAN_POINT ( 'NONE',  ( -50.00000000000000000, 14.97440952260353697, 32.31121235748757670 ) ) ;
#2107 = DIRECTION ( 'NONE',  ( 0.000000000000000000, -1.000000000000000000, 0.000000000000000000 ) ) ;
#2108 = EDGE_CURVE ( 'NONE', #10424, #4313, #12, .T. ) ;
#2109 = FACE_OUTER_BOUND ( 'NONE', #5250, .T. ) ;
#2110 = AXIS2_PLACEMENT_3D ( 'NONE', #2073, #2943, #4640 ) ;
#2111 = ORIENTED_EDGE ( 'NONE', *, *, #6249, .T. ) ;
#2112 = ADVANCED_FACE ( 'NONE', ( #1541 ), #5038, .F. ) ;
#2113 = CARTESIAN_POINT ( 'NONE',  ( 50.00000000000000000, -16.48907417369404982, 32.74118095488665148 ) ) ;
#2114 = EDGE_LOOP ( 'NONE', ( #9772, #7268, #4182, #1384 ) ) ;
#2115 = EDGE_CURVE ( 'NONE', #4771, #4672, #881, .T. ) ;
#2116 = CARTESIAN_POINT ( 'NONE',  ( -50.00000000000000000, 17.12416154989959693, 31.42940952257266929 ) ) ;
#2117 = LINE ( 'NONE', #3872, #6089 ) ;
#2118 = ORIENTED_EDGE ( 'NONE', *, *, #10538, .T. ) ;
#2119 = CIRCLE ( 'NONE', #5611, 3.000000000000002665 ) ;
#2120 = ORIENTED_EDGE ( 'NONE', *, *, #2456, .F. ) ;
#2121 = FACE_OUTER_BOUND ( 'NONE', #1426, .T. ) ;
#2122 = LINE ( 'NONE', #540, #9082 ) ;
#2123 = FACE_OUTER_BOUND ( 'NONE', #3683, .T. ) ;
#2124 = EDGE_CURVE ( 'NONE', #2215, #9638, #6468, .T. ) ;
#2125 = DIRECTION ( 'NONE',  ( 0.000000000000000000, -1.000000000000000000, 0.000000000000000000 ) ) ;
#2126 = EDGE_CURVE ( 'NONE', #6711, #10802, #9807, .T. ) ;
#2127 = CARTESIAN_POINT ( 'NONE',  ( 50.00000000000000000, -1.704999999996625881, 37.49999999998743050 ) ) ;
#2128 = VERTEX_POINT ( 'NONE', #2305 ) ;
#2129 = VERTEX_POINT ( 'NONE', #9977 ) ;
#2130 = AXIS2_PLACEMENT_3D ( 'NONE', #3900, #4016, #6523 ) ;
#2131 = DIRECTION ( 'NONE',  ( 0.000000000000000000, 0.000000000000000000, -1.000000000000000000 ) ) ;
#2132 = LINE ( 'NONE', #383, #3820 ) ;
#2133 = ORIENTED_EDGE ( 'NONE', *, *, #9674, .F. ) ;
#2134 = ORIENTED_EDGE ( 'NONE', *, *, #7729, .F. ) ;
#2135 = ORIENTED_EDGE ( 'NONE', *, *, #8148, .F. ) ;
#2136 = VECTOR ( 'NONE', #8859, 1000.000000000000000 ) ;
#2137 = EDGE_CURVE ( 'NONE', #5578, #2506, #9154, .T. ) ;
#2138 = CARTESIAN_POINT ( 'NONE',  ( 50.00000000000000000, -20.95499999999642426, 27.98284271246187416 ) ) ;
#2139 = DIRECTION ( 'NONE',  ( 1.000000000000000000, 0.000000000000000000, 0.000000000000000000 ) ) ;
#2140 = DIRECTION ( 'NONE',  ( 0.000000000000000000, 0.000000000000000000, 1.000000000000000000 ) ) ;
#2141 = EDGE_LOOP ( 'NONE', ( #3003, #6336, #3197, #99 ) ) ;
#2142 = LINE ( 'NONE', #9587, #7995 ) ;
#2143 = CIRCLE ( 'NONE', #4236, 0.4999999999999449329 ) ;
#2144 = CARTESIAN_POINT ( 'NONE',  ( 50.00000000000000000, -13.70499999999652552, 37.49999999998743050 ) ) ;
#2145 = EDGE_LOOP ( 'NONE', ( #6506, #6629, #9367, #9778 ) ) ;
#2146 = VERTEX_POINT ( 'NONE', #10784 ) ;
#2147 = AXIS2_PLACEMENT_3D ( 'NONE', #7673, #3515, #4392 ) ;
#2148 = LINE ( 'NONE', #10524, #2297 ) ;
#2149 = DIRECTION ( 'NONE',  ( 1.000000000000000000, 0.000000000000000000, 0.000000000000000000 ) ) ;
#2150 = CARTESIAN_POINT ( 'NONE',  ( 50.00000000000000000, 9.295000000003494023, 35.79999999998739924 ) ) ;
#2151 = CARTESIAN_POINT ( 'NONE',  ( 50.00000000000000000, -18.95499999999827878, -30.80000000000548965 ) ) ;
#2152 = CARTESIAN_POINT ( 'NONE',  ( 50.00000000000000000, 17.54499999999248416, -33.00000000001546141 ) ) ;
#2153 = EDGE_LOOP ( 'NONE', ( #4330, #9148, #7901, #10325 ) ) ;
#2154 = ORIENTED_EDGE ( 'NONE', *, *, #585, .F. ) ;
#2155 = ORIENTED_EDGE ( 'NONE', *, *, #5734, .T. ) ;
#2156 = CARTESIAN_POINT ( 'NONE',  ( -50.00000000000000000, -3.204999999996571702, 35.79999999998739924 ) ) ;
#2157 = LINE ( 'NONE', #10374, #3866 ) ;
#2158 = EDGE_CURVE ( 'NONE', #559, #5285, #7395, .T. ) ;
#2159 = CARTESIAN_POINT ( 'NONE',  ( 50.00000000000000000, 1.835000000001363318, -33.00000000000580513 ) ) ;
#2160 = DIRECTION ( 'NONE',  ( 0.000000000000000000, 0.000000000000000000, -1.000000000000000000 ) ) ;
#2161 = EDGE_LOOP ( 'NONE', ( #7219, #938, #3886, #8479 ) ) ;
#2162 = LINE ( 'NONE', #531, #4460 ) ;
#2163 = VECTOR ( 'NONE', #3557, 1000.000000000000000 ) ;
#2164 = ORIENTED_EDGE ( 'NONE', *, *, #7475, .T. ) ;
#2165 = PLANE ( 'NONE',  #8113 ) ;
#2166 = DIRECTION ( 'NONE',  ( -1.000000000000000000, -0.000000000000000000, -0.000000000000000000 ) ) ;
#2167 = ORIENTED_EDGE ( 'NONE', *, *, #7913, .F. ) ;
#2168 = AXIS2_PLACEMENT_3D ( 'NONE', #9686, #2180, #5515 ) ;
#2169 = ORIENTED_EDGE ( 'NONE', *, *, #5457, .T. ) ;
#2170 = ADVANCED_FACE ( 'NONE', ( #8321 ), #829, .F. ) ;
#2171 = AXIS2_PLACEMENT_3D ( 'NONE', #7040, #9455, #6282 ) ;
#2172 = CARTESIAN_POINT ( 'NONE',  ( 50.00000000000000000, -9.204999999996577031, -37.50000000001251976 ) ) ;
#2173 = CARTESIAN_POINT ( 'NONE',  ( 50.00000000000000000, 14.29500000000349935, 35.79999999998739924 ) ) ;
#2174 = EDGE_CURVE ( 'NONE', #5709, #5118, #6435, .T. ) ;
#2175 = DIRECTION ( 'NONE',  ( 1.000000000000000000, 0.000000000000000000, 0.000000000000000000 ) ) ;
#2176 = CARTESIAN_POINT ( 'NONE',  ( 50.00000000000000000, 0.7950000000034318504, 35.79999999998739924 ) ) ;
#2177 = DIRECTION ( 'NONE',  ( 1.000000000000000000, 0.000000000000000000, 0.000000000000000000 ) ) ;
#2178 = VERTEX_POINT ( 'NONE', #4166 ) ;
#2179 = VECTOR ( 'NONE', #6316, 1000.000000000000000 ) ;
#2180 = DIRECTION ( 'NONE',  ( 0.000000000000000000, -1.000000000000000000, 0.000000000000000000 ) ) ;
#2181 = ADVANCED_FACE ( 'NONE', ( #8156 ), #10682, .F. ) ;
#2182 = CIRCLE ( 'NONE', #5159, 0.1999999999999779732 ) ;
#2183 = DIRECTION ( 'NONE',  ( 1.000000000000000000, 0.000000000000000000, 0.000000000000000000 ) ) ;
#2184 = ORIENTED_EDGE ( 'NONE', *, *, #909, .F. ) ;
#2185 = EDGE_CURVE ( 'NONE', #9060, #4357, #1698, .T. ) ;
#2186 = ORIENTED_EDGE ( 'NONE', *, *, #438, .F. ) ;
#2187 = VERTEX_POINT ( 'NONE', #3349 ) ;
#2188 = EDGE_CURVE ( 'NONE', #6545, #6235, #8218, .T. ) ;
#2189 = DIRECTION ( 'NONE',  ( 0.000000000000000000, 0.000000000000000000, 1.000000000000000000 ) ) ;
#2190 = VECTOR ( 'NONE', #911, 1000.000000000000000 ) ;
#2191 = LINE ( 'NONE', #3440, #5453 ) ;
#2192 = CARTESIAN_POINT ( 'NONE',  ( 50.00000000000000000, -10.00499999999643386, 32.69999999998740492 ) ) ;
#2193 = LINE ( 'NONE', #5425, #1456 ) ;
#2194 = ORIENTED_EDGE ( 'NONE', *, *, #1397, .F. ) ;
#2195 = DIRECTION ( 'NONE',  ( -0.000000000000000000, 1.000000000000000000, -0.000000000000000000 ) ) ;
#2196 = DIRECTION ( 'NONE',  ( -0.000000000000000000, -0.000000000000000000, 1.000000000000000000 ) ) ;
#2197 = ORIENTED_EDGE ( 'NONE', *, *, #5187, .F. ) ;
#2198 = EDGE_CURVE ( 'NONE', #5278, #588, #8377, .T. ) ;
#2199 = ORIENTED_EDGE ( 'NONE', *, *, #8723, .F. ) ;
#2200 = CARTESIAN_POINT ( 'NONE',  ( 50.00000000000000000, -15.70499999999652729, -37.50000000001251976 ) ) ;
#2201 = CARTESIAN_POINT ( 'NONE',  ( 50.00000000000000000, 9.195000000003394902, 32.69999999998740492 ) ) ;
#2202 = CARTESIAN_POINT ( 'NONE',  ( 50.00000000000000000, -10.00499999999848733, -34.00000000000547118 ) ) ;
#2203 = CARTESIAN_POINT ( 'NONE',  ( -50.00000000000000000, -4.104999999996472582, 32.19999999998756834 ) ) ;
#2204 = ORIENTED_EDGE ( 'NONE', *, *, #4068, .T. ) ;
#2205 = VECTOR ( 'NONE', #2924, 1000.000000000000000 ) ;
#2206 = ORIENTED_EDGE ( 'NONE', *, *, #2115, .F. ) ;
#2207 = ORIENTED_EDGE ( 'NONE', *, *, #9391, .T. ) ;
#2208 = CARTESIAN_POINT ( 'NONE',  ( 50.00000000000000000, -14.25499999999646406, 33.99999999998737366 ) ) ;
#2209 = DIRECTION ( 'NONE',  ( -1.000000000000000000, -0.000000000000000000, -0.000000000000000000 ) ) ;
#2210 = CARTESIAN_POINT ( 'NONE',  ( 50.00000000000000000, 11.89499999999632607, -32.70000000001061125 ) ) ;
#2211 = VECTOR ( 'NONE', #4839, 1000.000000000000000 ) ;
#2212 = PLANE ( 'NONE',  #5384 ) ;
#2213 = EDGE_LOOP ( 'NONE', ( #960, #4717, #8774, #625 ) ) ;
#2214 = DIRECTION ( 'NONE',  ( 0.000000000000000000, 1.000000000000000000, 0.000000000000000000 ) ) ;
#2215 = VERTEX_POINT ( 'NONE', #5861 ) ;
#2216 = FACE_OUTER_BOUND ( 'NONE', #2958, .T. ) ;
#2217 = CARTESIAN_POINT ( 'NONE',  ( 50.00000000000000000, -14.88440952259861838, -32.31121235750556053 ) ) ;
#2218 = EDGE_CURVE ( 'NONE', #1162, #7803, #2733, .T. ) ;
#2219 = CIRCLE ( 'NONE', #3800, 0.5000000000000004441 ) ;
#2220 = ORIENTED_EDGE ( 'NONE', *, *, #2851, .F. ) ;
#2221 = VERTEX_POINT ( 'NONE', #10292 ) ;
#2222 = CARTESIAN_POINT ( 'NONE',  ( -50.00000000000000000, 0.05500000000324689609, 32.99999999998737366 ) ) ;
#2223 = LINE ( 'NONE', #10501, #4887 ) ;
#2224 = AXIS2_PLACEMENT_3D ( 'NONE', #7014, #7936, #394 ) ;
#2225 = CARTESIAN_POINT ( 'NONE',  ( 50.00000000000000000, 1.295000000003487806, 37.99999999998743050 ) ) ;
#2226 = CARTESIAN_POINT ( 'NONE',  ( -50.00000000000000000, 14.29500000000349935, 35.79999999998739924 ) ) ;
#2227 = AXIS2_PLACEMENT_3D ( 'NONE', #3121, #6406, #6566 ) ;
#2228 = CARTESIAN_POINT ( 'NONE',  ( -50.00000000000000000, 0.03500000000344893891, 31.89999999998760671 ) ) ;
#2229 = EDGE_LOOP ( 'NONE', ( #655, #7605, #1750, #8180 ) ) ;
#2230 = EDGE_CURVE ( 'NONE', #2877, #8471, #5915, .T. ) ;
#2231 = CARTESIAN_POINT ( 'NONE',  ( 50.00000000000000000, 17.60712446310353130, 30.79999999998739213 ) ) ;
#2232 = AXIS2_PLACEMENT_3D ( 'NONE', #4235, #1931, #5271 ) ;
#2233 = CARTESIAN_POINT ( 'NONE',  ( 50.00000000000000000, 0.05500000000346894069, 34.49999999998743050 ) ) ;
#2235 = EDGE_CURVE ( 'NONE', #953, #4549, #5914, .T. ) ;
#2234 = AXIS2_PLACEMENT_3D ( 'NONE', #10778, #3286, #5753 ) ;
#2236 = VERTEX_POINT ( 'NONE', #4275 ) ;
#2237 = ORIENTED_EDGE ( 'NONE', *, *, #5530, .T. ) ;
#2238 = ORIENTED_EDGE ( 'NONE', *, *, #913, .F. ) ;
#2239 = CIRCLE ( 'NONE', #5039, 0.5000000000000004441 ) ;
#2240 = CARTESIAN_POINT ( 'NONE',  ( 50.00000000000000000, 7.195000000003504148, 32.69999999998740492 ) ) ;
#2241 = ADVANCED_FACE ( 'NONE', ( #5967 ), #6071, .T. ) ;
#2242 = LINE ( 'NONE', #715, #10350 ) ;
#2243 = CIRCLE ( 'NONE', #4354, 0.1999999999999779732 ) ;
#2244 = LINE ( 'NONE', #2356, #6951 ) ;
#2245 = ADVANCED_FACE ( 'NONE', ( #6946 ), #273, .F. ) ;
#2246 = DIRECTION ( 'NONE',  ( 0.000000000000000000, 0.000000000000000000, 1.000000000000000000 ) ) ;
#2247 = ORIENTED_EDGE ( 'NONE', *, *, #6808, .F. ) ;
#2248 = ORIENTED_EDGE ( 'NONE', *, *, #4730, .T. ) ;
#2249 = EDGE_CURVE ( 'NONE', #3231, #10610, #6786, .T. ) ;
#2250 = DIRECTION ( 'NONE',  ( 0.000000000000000000, 0.000000000000000000, 1.000000000000000000 ) ) ;
#2251 = DIRECTION ( 'NONE',  ( -1.000000000000000000, -0.000000000000000000, -0.000000000000000000 ) ) ;
#2252 = AXIS2_PLACEMENT_3D ( 'NONE', #7369, #1511, #7208 ) ;
#2253 = LINE ( 'NONE', #5590, #3 ) ;
#2254 = EDGE_CURVE ( 'NONE', #9636, #10497, #9415, .T. ) ;
#2255 = ORIENTED_EDGE ( 'NONE', *, *, #10015, .F. ) ;
#2256 = VERTEX_POINT ( 'NONE', #1048 ) ;
#2257 = FACE_OUTER_BOUND ( 'NONE', #9188, .T. ) ;
#2258 = LINE ( 'NONE', #10577, #2744 ) ;
#2259 = ADVANCED_FACE ( 'NONE', ( #6020 ), #7713, .F. ) ;
#2260 = DIRECTION ( 'NONE',  ( 1.000000000000000000, 0.000000000000000000, 0.000000000000000000 ) ) ;
#2261 = LINE ( 'NONE', #2151, #4521 ) ;
#2262 = EDGE_CURVE ( 'NONE', #1486, #7004, #10133, .T. ) ;
#2263 = VECTOR ( 'NONE', #6225, 1000.000000000000000 ) ;
#2264 = FACE_OUTER_BOUND ( 'NONE', #7960, .T. ) ;
#2265 = EDGE_LOOP ( 'NONE', ( #583, #8888, #5224, #3516 ) ) ;
#2266 = ORIENTED_EDGE ( 'NONE', *, *, #1582, .T. ) ;
#2267 = AXIS2_PLACEMENT_3D ( 'NONE', #8271, #9915, #4823 ) ;
#2268 = ORIENTED_EDGE ( 'NONE', *, *, #9336, .T. ) ;
#2269 = ORIENTED_EDGE ( 'NONE', *, *, #3387, .F. ) ;
#2270 = CARTESIAN_POINT ( 'NONE',  ( -50.00000000000000000, 8.295000000003494023, 37.49999999998743050 ) ) ;
#2271 = CARTESIAN_POINT ( 'NONE',  ( 50.00000000000000000, -4.204999999996572591, -35.80000000001248850 ) ) ;
#2272 = DIRECTION ( 'NONE',  ( -1.000000000000000000, -0.000000000000000000, -0.000000000000000000 ) ) ;
#2273 = LINE ( 'NONE', #3086, #10799 ) ;
#2274 = ORIENTED_EDGE ( 'NONE', *, *, #5866, .T. ) ;
#2275 = CARTESIAN_POINT ( 'NONE',  ( 50.00000000000000000, 9.195000000003394902, 32.69999999998740492 ) ) ;
#2276 = ORIENTED_EDGE ( 'NONE', *, *, #10196, .F. ) ;
#2277 = CYLINDRICAL_SURFACE ( 'NONE', #4800, 0.5000000000000004441 ) ;
#2278 = LINE ( 'NONE', #10547, #8017 ) ;
#2279 = EDGE_LOOP ( 'NONE', ( #3112, #9615, #10655, #9857 ) ) ;
#2280 = ORIENTED_EDGE ( 'NONE', *, *, #5749, .F. ) ;
#2281 = DIRECTION ( 'NONE',  ( -1.000000000000000000, -0.000000000000000000, -0.000000000000000000 ) ) ;
#2282 = AXIS2_PLACEMENT_3D ( 'NONE', #9789, #3052, #6394 ) ;
#2283 = CARTESIAN_POINT ( 'NONE',  ( -50.00000000000000000, -14.20499999999658058, -37.50000000001251976 ) ) ;
#2284 = CARTESIAN_POINT ( 'NONE',  ( -50.00000000000000000, 1.295000000003487806, 37.99999999998743050 ) ) ;
#2285 = DIRECTION ( 'NONE',  ( -1.000000000000000000, -0.000000000000000000, -0.000000000000000000 ) ) ;
#2286 = DIRECTION ( 'NONE',  ( -0.000000000000000000, -1.000000000000000000, -0.000000000000000000 ) ) ;
#2287 = ORIENTED_EDGE ( 'NONE', *, *, #2249, .T. ) ;
#2288 = ADVANCED_FACE ( 'NONE', ( #5146 ), #6892, .F. ) ;
#2289 = LINE ( 'NONE', #7324, #9864 ) ;
#2290 = LINE ( 'NONE', #4044, #10634 ) ;
#2291 = VECTOR ( 'NONE', #10805, 1000.000000000000000 ) ;
#2292 = ORIENTED_EDGE ( 'NONE', *, *, #4126, .F. ) ;
#2293 = EDGE_LOOP ( 'NONE', ( #10729, #370, #9459, #2237 ) ) ;
#2294 = ORIENTED_EDGE ( 'NONE', *, *, #2126, .T. ) ;
#2295 = DIRECTION ( 'NONE',  ( -0.000000000000000000, -0.000000000000000000, 1.000000000000000000 ) ) ;
#2296 = CARTESIAN_POINT ( 'NONE',  ( -50.00000000000000000, -12.50499999999643563, 32.49999999998743050 ) ) ;
#2297 = VECTOR ( 'NONE', #6200, 1000.000000000000000 ) ;
#2298 = EDGE_CURVE ( 'NONE', #1194, #1330, #6128, .T. ) ;
#2299 = DIRECTION ( 'NONE',  ( -1.000000000000000000, -0.000000000000000000, -0.000000000000000000 ) ) ;
#2300 = CARTESIAN_POINT ( 'NONE',  ( 50.00000000000000000, 7.394999999996265672, -32.70000000001061125 ) ) ;
#2301 = VERTEX_POINT ( 'NONE', #3505 ) ;
#2302 = ORIENTED_EDGE ( 'NONE', *, *, #2050, .F. ) ;
#2303 = APPLICATION_PROTOCOL_DEFINITION ( 'draft international standard', 'automotive_design', 1998, #9273 ) ;
#2304 = LINE ( 'NONE', #3182, #417 ) ;
#2305 = CARTESIAN_POINT ( 'NONE',  ( 50.00000000000000000, 6.795000000003326157, 35.79999999998739924 ) ) ;
#2306 = ORIENTED_EDGE ( 'NONE', *, *, #5542, .T. ) ;
#2307 = VECTOR ( 'NONE', #5363, 1000.000000000000000 ) ;
#2308 = EDGE_LOOP ( 'NONE', ( #3314, #5778, #5520, #2169 ) ) ;
#2309 = ADVANCED_FACE ( 'NONE', ( #9365 ), #1857, .F. ) ;
#2310 = EDGE_CURVE ( 'NONE', #5781, #9034, #8535, .T. ) ;
#2311 = LINE ( 'NONE', #1546, #1262 ) ;
#2312 = ADVANCED_FACE ( 'NONE', ( #7766 ), #3610, .T. ) ;
#2313 = CARTESIAN_POINT ( 'NONE',  ( -50.00000000000000000, -6.404999999996441318, 32.69999999998740492 ) ) ;
#2314 = DIRECTION ( 'NONE',  ( 0.000000000000000000, -0.000000000000000000, -1.000000000000000000 ) ) ;
#2315 = DIRECTION ( 'NONE',  ( 0.000000000000000000, 1.000000000000000000, 0.000000000000000000 ) ) ;
#2316 = CIRCLE ( 'NONE', #6158, 0.2000000000000334843 ) ;
#2317 = CARTESIAN_POINT ( 'NONE',  ( 50.00000000000000000, -11.80499999999640082, 32.69999999998740492 ) ) ;
#2318 = ORIENTED_EDGE ( 'NONE', *, *, #10021, .T. ) ;
#2319 = EDGE_CURVE ( 'NONE', #4895, #2022, #5304, .T. ) ;
#2320 = ORIENTED_EDGE ( 'NONE', *, *, #9805, .T. ) ;
#2321 = VERTEX_POINT ( 'NONE', #65 ) ;
#2322 = ADVANCED_FACE ( 'NONE', ( #3400 ), #6736, .F. ) ;
#2323 = AXIS2_PLACEMENT_3D ( 'NONE', #8598, #7563, #124 ) ;
#2324 = ORIENTED_EDGE ( 'NONE', *, *, #176, .T. ) ;
#2325 = EDGE_CURVE ( 'NONE', #9905, #6054, #4487, .T. ) ;
#2326 = DIRECTION ( 'NONE',  ( -0.000000000000000000, 1.000000000000000000, 0.000000000000000000 ) ) ;
#2327 = LINE ( 'NONE', #9000, #7184 ) ;
#2328 = LINE ( 'NONE', #2438, #3968 ) ;
#2329 = FACE_OUTER_BOUND ( 'NONE', #62, .T. ) ;
#2330 = ORIENTED_EDGE ( 'NONE', *, *, #6663, .F. ) ;
#2331 = CARTESIAN_POINT ( 'NONE',  ( 50.00000000000000000, 20.84500000001609976, -27.98284271249984556 ) ) ;
#2332 = PLANE ( 'NONE',  #2704 ) ;
#2333 = ORIENTED_EDGE ( 'NONE', *, *, #3045, .T. ) ;
#2334 = CARTESIAN_POINT ( 'NONE',  ( -50.00000000000000000, 0.2549999999963414865, -31.70000000001083151 ) ) ;
#2335 = CARTESIAN_POINT ( 'NONE',  ( 50.00000000000000000, 3.294999999996550688, -37.50000000001130473 ) ) ;
#2336 = EDGE_LOOP ( 'NONE', ( #8434, #609, #10548, #3650 ) ) ;
#2337 = EDGE_CURVE ( 'NONE', #7792, #3201, #10285, .T. ) ;
#2338 = ORIENTED_EDGE ( 'NONE', *, *, #1910, .F. ) ;
#2339 = FACE_OUTER_BOUND ( 'NONE', #7885, .T. ) ;
#2340 = DIRECTION ( 'NONE',  ( -1.000000000000000000, -0.000000000000000000, -0.000000000000000000 ) ) ;
#2341 = DIRECTION ( 'NONE',  ( 1.000000000000000000, 0.000000000000000000, 0.000000000000000000 ) ) ;
#2342 = CIRCLE ( 'NONE', #9859, 1.000000000007446266 ) ;
#2343 = LINE ( 'NONE', #28, #395 ) ;
#2344 = LINE ( 'NONE', #1579, #6481 ) ;
#2345 = ORIENTED_EDGE ( 'NONE', *, *, #3045, .F. ) ;
#2346 = DIRECTION ( 'NONE',  ( -0.000000000000000000, 1.000000000000000000, -0.000000000000000000 ) ) ;
#2347 = AXIS2_PLACEMENT_3D ( 'NONE', #1965, #8849, #1364 ) ;
#2348 = CARTESIAN_POINT ( 'NONE',  ( 50.00000000000000000, -20.95499999999642426, 27.98284271246187416 ) ) ;
#2349 = ORIENTED_EDGE ( 'NONE', *, *, #9457, .F. ) ;
#2350 = EDGE_LOOP ( 'NONE', ( #10235, #4628, #670, #9138 ) ) ;
#2351 = ORIENTED_EDGE ( 'NONE', *, *, #9592, .F. ) ;
#2352 = LINE ( 'NONE', #7548, #9257 ) ;
#2353 = CARTESIAN_POINT ( 'NONE',  ( 50.00000000000000000, -16.48907417369404982, 32.74118095488665148 ) ) ;
#2354 = FACE_OUTER_BOUND ( 'NONE', #325, .T. ) ;
#2355 = AXIS2_PLACEMENT_3D ( 'NONE', #2152, #1336, #2042 ) ;
#2356 = CARTESIAN_POINT ( 'NONE',  ( 50.00000000000000000, -5.704999999996629434, -37.50000000001251976 ) ) ;
#2357 = VECTOR ( 'NONE', #4308, 1000.000000000000114 ) ;
#2358 = CARTESIAN_POINT ( 'NONE',  ( 50.00000000000000000, 4.295000000003490470, 35.79999999998739924 ) ) ;
#2359 = VERTEX_POINT ( 'NONE', #5419 ) ;
#2360 = ORIENTED_EDGE ( 'NONE', *, *, #7683, .T. ) ;
#2361 = CARTESIAN_POINT ( 'NONE',  ( -50.00000000000000000, 17.28618095490396556, -32.03407417371493437 ) ) ;
#2362 = CARTESIAN_POINT ( 'NONE',  ( 50.00000000000000000, 14.34500000000338282, 33.99999999998737366 ) ) ;
#2363 = ORIENTED_EDGE ( 'NONE', *, *, #2523, .F. ) ;
#2364 = EDGE_CURVE ( 'NONE', #2533, #1447, #5559, .T. ) ;
#2365 = ORIENTED_EDGE ( 'NONE', *, *, #8993, .F. ) ;
#2366 = CIRCLE ( 'NONE', #971, 0.2000000000000334843 ) ;
#2367 = DIRECTION ( 'NONE',  ( 1.000000000000000000, 0.000000000000000000, 0.000000000000000000 ) ) ;
#2368 = CARTESIAN_POINT ( 'NONE',  ( 50.00000000000000000, 11.79500000000344073, 35.79999999998739924 ) ) ;
#2369 = DIRECTION ( 'NONE',  ( -1.000000000000000000, -0.000000000000000000, -0.000000000000000000 ) ) ;
#2370 = DIRECTION ( 'NONE',  ( -0.000000000000000000, 1.000000000000000000, 0.000000000000000000 ) ) ;
#2371 = LINE ( 'NONE', #4894, #6252 ) ;
#2372 = VERTEX_POINT ( 'NONE', #5358 ) ;
#2373 = VECTOR ( 'NONE', #6653, 1000.000000000000000 ) ;
#2374 = ADVANCED_FACE ( 'NONE', ( #3670 ), #10395, .T. ) ;
#2375 = ADVANCED_FACE ( 'NONE', ( #7108 ), #1315, .T. ) ;
#2376 = ORIENTED_EDGE ( 'NONE', *, *, #1910, .T. ) ;
#2377 = ORIENTED_EDGE ( 'NONE', *, *, #4744, .F. ) ;
#2378 = ORIENTED_EDGE ( 'NONE', *, *, #8790, .F. ) ;
#2379 = DIRECTION ( 'NONE',  ( -1.000000000000000000, -0.000000000000000000, -0.000000000000000000 ) ) ;
#2380 = DIRECTION ( 'NONE',  ( 0.000000000000000000, -0.000000000000000000, -1.000000000000000000 ) ) ;
#2381 = DIRECTION ( 'NONE',  ( -1.000000000000000000, -0.000000000000000000, -0.000000000000000000 ) ) ;
#2382 = ADVANCED_FACE ( 'NONE', ( #8801 ), #8751, .T. ) ;
#2383 = PLANE ( 'NONE',  #9413 ) ;
#2384 = ORIENTED_EDGE ( 'NONE', *, *, #5267, .F. ) ;
#2385 = CARTESIAN_POINT ( 'NONE',  ( 50.00000000000000000, -1.404999999998768345, -32.20000000000589324 ) ) ;
#2386 = EDGE_CURVE ( 'NONE', #8825, #4895, #9576, .T. ) ;
#2387 = CARTESIAN_POINT ( 'NONE',  ( 50.00000000000000000, 0.7949999999964929565, -37.50000000001130473 ) ) ;
#2388 = VERTEX_POINT ( 'NONE', #10559 ) ;
#2389 = EDGE_CURVE ( 'NONE', #7554, #7256, #489, .T. ) ;
#2390 = CYLINDRICAL_SURFACE ( 'NONE', #3753, 0.1999999999999779732 ) ;
#2391 = FACE_OUTER_BOUND ( 'NONE', #8697, .T. ) ;
#2392 = EDGE_CURVE ( 'NONE', #2478, #7098, #6349, .T. ) ;
#2393 = VERTEX_POINT ( 'NONE', #6179 ) ;
#2394 = VECTOR ( 'NONE', #2272, 1000.000000000000000 ) ;
#2395 = FACE_OUTER_BOUND ( 'NONE', #4006, .T. ) ;
#2396 = CARTESIAN_POINT ( 'NONE',  ( 50.00000000000000000, -8.204999999996520188, 37.49999999998743050 ) ) ;
#2397 = LINE ( 'NONE', #5679, #8841 ) ;
#2398 = EDGE_CURVE ( 'NONE', #9871, #5964, #4645, .T. ) ;
#2399 = CARTESIAN_POINT ( 'NONE',  ( 50.00000000000000000, 10.79500000000333060, 37.49999999998743050 ) ) ;
#2400 = ORIENTED_EDGE ( 'NONE', *, *, #9290, .F. ) ;
#2401 = CARTESIAN_POINT ( 'NONE',  ( -50.00000000000000000, 0.03500000000122849286, -34.50000000000563460 ) ) ;
#2402 = VECTOR ( 'NONE', #135, 1000.000000000000000 ) ;
#2403 = DIRECTION ( 'NONE',  ( -1.000000000000000000, -0.000000000000000000, -0.000000000000000000 ) ) ;
#2404 = ORIENTED_EDGE ( 'NONE', *, *, #1061, .T. ) ;
#2405 = AXIS2_PLACEMENT_3D ( 'NONE', #2881, #1409, #4747 ) ;
#2406 = ORIENTED_EDGE ( 'NONE', *, *, #8200, .T. ) ;
#2407 = ORIENTED_EDGE ( 'NONE', *, *, #4310, .T. ) ;
#2408 = PLANE ( 'NONE',  #2932 ) ;
#2409 = CARTESIAN_POINT ( 'NONE',  ( -50.00000000000000000, -9.204999999996577031, -35.80000000001248850 ) ) ;
#2410 = DIRECTION ( 'NONE',  ( -1.000000000000000000, -0.000000000000000000, -0.000000000000000000 ) ) ;
#2411 = DIRECTION ( 'NONE',  ( 0.000000000000000000, 0.000000000000000000, 1.000000000000000000 ) ) ;
#2412 = CARTESIAN_POINT ( 'NONE',  ( -50.00000000000000000, 11.29500000000349758, 37.49999999998743050 ) ) ;
#2413 = ORIENTED_EDGE ( 'NONE', *, *, #7459, .T. ) ;
#2414 = ORIENTED_EDGE ( 'NONE', *, *, #3188, .T. ) ;
#2415 = AXIS2_PLACEMENT_3D ( 'NONE', #10249, #6698, #9435 ) ;
#2416 = CIRCLE ( 'NONE', #308, 0.5000000000000004441 ) ;
#2417 = CARTESIAN_POINT ( 'NONE',  ( 50.00000000000000000, -6.404999999998661764, -34.00000000000547118 ) ) ;
#2418 = DIRECTION ( 'NONE',  ( 0.000000000000000000, 0.000000000000000000, -1.000000000000000000 ) ) ;
#2419 = VECTOR ( 'NONE', #6156, 1000.000000000000000 ) ;
#2420 = EDGE_LOOP ( 'NONE', ( #3566, #6381, #7380, #3124 ) ) ;
#2421 = ORIENTED_EDGE ( 'NONE', *, *, #323, .T. ) ;
#2422 = VECTOR ( 'NONE', #1166, 1000.000000000000000 ) ;
#2423 = CIRCLE ( 'NONE', #5555, 0.5000000000000004441 ) ;
#2424 = CARTESIAN_POINT ( 'NONE',  ( 50.00000000000000000, -9.204999999996577031, 35.79999999998739924 ) ) ;
#2425 = CARTESIAN_POINT ( 'NONE',  ( -50.00000000000000000, -0.1649999999968621012, 34.59999999998730402 ) ) ;
#2426 = VECTOR ( 'NONE', #10609, 1000.000000000000000 ) ;
#2427 = FACE_OUTER_BOUND ( 'NONE', #2880, .T. ) ;
#2428 = CARTESIAN_POINT ( 'NONE',  ( 50.00000000000000000, 11.79499999999644722, -35.80000000001126637 ) ) ;
#2429 = DIRECTION ( 'NONE',  ( 0.000000000000000000, 1.000000000000000000, 0.000000000000000000 ) ) ;
#2430 = AXIS2_PLACEMENT_3D ( 'NONE', #4749, #6226, #9731 ) ;
#2431 = VECTOR ( 'NONE', #4294, 1000.000000000000000 ) ;
#2432 = ORIENTED_EDGE ( 'NONE', *, *, #1884, .F. ) ;
#2434 = ORIENTED_EDGE ( 'NONE', *, *, #9537, .T. ) ;
#2433 = VECTOR ( 'NONE', #8739, 1000.000000000000000 ) ;
#2435 = VERTEX_POINT ( 'NONE', #3828 ) ;
#2436 = CARTESIAN_POINT ( 'NONE',  ( 50.00000000000000000, 13.29500000000349758, 35.79999999998739924 ) ) ;
#2437 = DIRECTION ( 'NONE',  ( 0.000000000000000000, 1.000000000000000000, 0.000000000000000000 ) ) ;
#2438 = CARTESIAN_POINT ( 'NONE',  ( 50.00000000000000000, -7.304999999996619309, 32.69999999998740492 ) ) ;
#2439 = VECTOR ( 'NONE', #6001, 1000.000000000000000 ) ;
#2440 = CARTESIAN_POINT ( 'NONE',  ( -50.00000000000000000, -4.604999999998748983, -32.70000000000561613 ) ) ;
#2441 = EDGE_LOOP ( 'NONE', ( #7834, #2238, #2206, #3375 ) ) ;
#2442 = EDGE_CURVE ( 'NONE', #193, #8070, #2239, .T. ) ;
#2443 = DIRECTION ( 'NONE',  ( -0.000000000000000000, 1.000000000000000000, 0.000000000000000000 ) ) ;
#2444 = DIRECTION ( 'NONE',  ( -1.000000000000000000, -0.000000000000000000, -0.000000000000000000 ) ) ;
#2445 = VECTOR ( 'NONE', #4411, 1000.000000000000000 ) ;
#2446 = ORIENTED_EDGE ( 'NONE', *, *, #8127, .T. ) ;
#2447 = DIRECTION ( 'NONE',  ( -1.000000000000000000, -0.000000000000000000, -0.000000000000000000 ) ) ;
#2448 = VECTOR ( 'NONE', #10054, 1000.000000000000000 ) ;
#2449 = CARTESIAN_POINT ( 'NONE',  ( -50.00000000000000000, 9.195000000003394902, 32.69999999998740492 ) ) ;
#2450 = ORIENTED_EDGE ( 'NONE', *, *, #6052, .T. ) ;
#2451 = EDGE_CURVE ( 'NONE', #572, #7092, #2949, .T. ) ;
#2452 = CARTESIAN_POINT ( 'NONE',  ( 50.00000000000000000, 11.79499999999644722, -35.80000000001126637 ) ) ;
#2453 = CARTESIAN_POINT ( 'NONE',  ( 50.00000000000000000, 12.59500000000346454, 32.49999999998743050 ) ) ;
#2454 = EDGE_CURVE ( 'NONE', #110, #8063, #3002, .T. ) ;
#2455 = CARTESIAN_POINT ( 'NONE',  ( -50.00000000000000000, -0.1649999999968621012, 31.69999999998751505 ) ) ;
#2456 = EDGE_CURVE ( 'NONE', #9356, #10259, #2132, .T. ) ;
#2457 = DIRECTION ( 'NONE',  ( 0.000000000000000000, -1.000000000000000000, 0.000000000000000000 ) ) ;
#2458 = EDGE_LOOP ( 'NONE', ( #463, #10017, #1580, #8023 ) ) ;
#2459 = DIRECTION ( 'NONE',  ( 0.000000000000000000, 0.000000000000000000, -1.000000000000000000 ) ) ;
#2460 = LINE ( 'NONE', #5796, #5047 ) ;
#2461 = ORIENTED_EDGE ( 'NONE', *, *, #1928, .F. ) ;
#2462 = AXIS2_PLACEMENT_3D ( 'NONE', #8796, #6294, #1307 ) ;
#2463 = ORIENTED_EDGE ( 'NONE', *, *, #7017, .F. ) ;
#2464 = EDGE_LOOP ( 'NONE', ( #7006, #10117, #8173, #814 ) ) ;
#2465 = EDGE_CURVE ( 'NONE', #3027, #2843, #4346, .T. ) ;
#2466 = DIRECTION ( 'NONE',  ( 0.000000000000000000, 1.000000000000000000, 0.000000000000000000 ) ) ;
#2467 = EDGE_CURVE ( 'NONE', #10590, #8976, #1366, .T. ) ;
#2468 = DIRECTION ( 'NONE',  ( 0.000000000000000000, 0.000000000000000000, 1.000000000000000000 ) ) ;
#2469 = DIRECTION ( 'NONE',  ( -0.000000000000000000, 1.000000000000000000, 0.000000000000000000 ) ) ;
#2470 = DIRECTION ( 'NONE',  ( 1.000000000000000000, 0.000000000000000000, 0.000000000000000000 ) ) ;
#2471 = DIRECTION ( 'NONE',  ( -1.000000000000000000, -0.000000000000000000, -0.000000000000000000 ) ) ;
#2472 = ORIENTED_EDGE ( 'NONE', *, *, #3855, .T. ) ;
#2473 = ORIENTED_EDGE ( 'NONE', *, *, #3801, .T. ) ;
#2474 = AXIS2_PLACEMENT_3D ( 'NONE', #7572, #10151, #2596 ) ;
#2475 = CARTESIAN_POINT ( 'NONE',  ( 50.00000000000000000, -20.55499999999643634, 27.49999999998742339 ) ) ;
#2476 = CARTESIAN_POINT ( 'NONE',  ( 50.00000000000000000, 4.294999999996496065, -35.80000000001126637 ) ) ;
#2477 = ORIENTED_EDGE ( 'NONE', *, *, #6201, .T. ) ;
#2478 = VERTEX_POINT ( 'NONE', #9520 ) ;
#2479 = EDGE_CURVE ( 'NONE', #2074, #6494, #8695, .T. ) ;
#2480 = CARTESIAN_POINT ( 'NONE',  ( 50.00000000000000000, -9.804999999996400817, 32.69999999998740492 ) ) ;
#2481 = DIRECTION ( 'NONE',  ( 0.000000000000000000, 0.000000000000000000, -1.000000000000000000 ) ) ;
#2482 = DIRECTION ( 'NONE',  ( 0.000000000000000000, 0.000000000000000000, -1.000000000000000000 ) ) ;
#2483 = DIRECTION ( 'NONE',  ( -1.000000000000000000, -0.000000000000000000, -0.000000000000000000 ) ) ;
#2484 = DIRECTION ( 'NONE',  ( 0.000000000000000000, 0.000000000000000000, -1.000000000000000000 ) ) ;
#2485 = ORIENTED_EDGE ( 'NONE', *, *, #8261, .F. ) ;
#2486 = EDGE_LOOP ( 'NONE', ( #3611, #4596, #2660, #3618 ) ) ;
#2487 = FACE_OUTER_BOUND ( 'NONE', #2161, .T. ) ;
#2488 = VECTOR ( 'NONE', #3366, 1000.000000000000000 ) ;
#2489 = CARTESIAN_POINT ( 'NONE',  ( 50.00000000000000000, 14.84500000000343789, 32.79417527061900728 ) ) ;
#2490 = CARTESIAN_POINT ( 'NONE',  ( 50.00000000000000000, -15.70499999999652729, 37.49999999998743050 ) ) ;
#2491 = CARTESIAN_POINT ( 'NONE',  ( 50.00000000000000000, 1.795000000003488250, 37.49999999998743050 ) ) ;
#2492 = ORIENTED_EDGE ( 'NONE', *, *, #4412, .T. ) ;
#2493 = FACE_OUTER_BOUND ( 'NONE', #1113, .T. ) ;
#2494 = CARTESIAN_POINT ( 'NONE',  ( -50.00000000000000000, 0.03500000000344893891, 35.59999999998741771 ) ) ;
#2495 = ORIENTED_EDGE ( 'NONE', *, *, #1656, .T. ) ;
#2496 = PLANE ( 'NONE',  #9434 ) ;
#2497 = PLANE ( 'NONE',  #2779 ) ;
#2498 = VECTOR ( 'NONE', #8716, 1000.000000000000000 ) ;
#2499 = EDGE_CURVE ( 'NONE', #6371, #9822, #599, .T. ) ;
#2500 = ORIENTED_EDGE ( 'NONE', *, *, #8667, .T. ) ;
#2501 = LINE ( 'NONE', #1678, #4673 ) ;
#2502 = DIRECTION ( 'NONE',  ( -1.000000000000000000, -0.000000000000000000, -0.000000000000000000 ) ) ;
#2503 = DIRECTION ( 'NONE',  ( 1.000000000000000000, 0.000000000000000000, 0.000000000000000000 ) ) ;
#2504 = AXIS2_PLACEMENT_3D ( 'NONE', #3780, #8862, #392 ) ;
#2505 = FACE_OUTER_BOUND ( 'NONE', #5421, .T. ) ;
#2506 = VERTEX_POINT ( 'NONE', #9961 ) ;
#2507 = FACE_OUTER_BOUND ( 'NONE', #2033, .T. ) ;
#2508 = PLANE ( 'NONE',  #5400 ) ;
#2509 = EDGE_CURVE ( 'NONE', #7878, #6667, #2290, .T. ) ;
#2510 = ORIENTED_EDGE ( 'NONE', *, *, #6458, .F. ) ;
#2511 = ORIENTED_EDGE ( 'NONE', *, *, #4586, .F. ) ;
#2512 = EDGE_CURVE ( 'NONE', #2093, #6957, #5628, .T. ) ;
#2513 = ORIENTED_EDGE ( 'NONE', *, *, #4643, .T. ) ;
#2514 = CYLINDRICAL_SURFACE ( 'NONE', #4015, 0.1999999999999779732 ) ;
#2515 = LINE ( 'NONE', #5748, #7657 ) ;
#2516 = DIRECTION ( 'NONE',  ( 0.000000000000000000, 0.000000000000000000, -1.000000000000000000 ) ) ;
#2517 = VECTOR ( 'NONE', #2131, 1000.000000000000000 ) ;
#2518 = FACE_OUTER_BOUND ( 'NONE', #4686, .T. ) ;
#2519 = VERTEX_POINT ( 'NONE', #8967 ) ;
#2520 = ORIENTED_EDGE ( 'NONE', *, *, #321, .F. ) ;
#2521 = EDGE_CURVE ( 'NONE', #8311, #104, #6669, .T. ) ;
#2522 = LINE ( 'NONE', #329, #8100 ) ;
#2523 = EDGE_CURVE ( 'NONE', #3897, #6781, #9083, .T. ) ;
#2524 = DIRECTION ( 'NONE',  ( -1.000000000000000000, -0.000000000000000000, -0.000000000000000000 ) ) ;
#2525 = EDGE_CURVE ( 'NONE', #7286, #9580, #3221, .T. ) ;
#2526 = ORIENTED_EDGE ( 'NONE', *, *, #4342, .T. ) ;
#2527 = ORIENTED_EDGE ( 'NONE', *, *, #5706, .T. ) ;
#2528 = VECTOR ( 'NONE', #1440, 1000.000000000000000 ) ;
#2529 = AXIS2_PLACEMENT_3D ( 'NONE', #10275, #419, #1196 ) ;
#2530 = FACE_OUTER_BOUND ( 'NONE', #1761, .T. ) ;
#2531 = CYLINDRICAL_SURFACE ( 'NONE', #8856, 0.5000000000000004441 ) ;
#2532 = CARTESIAN_POINT ( 'NONE',  ( 50.00000000000000000, 13.29499999999655913, -37.50000000001130473 ) ) ;
#2533 = VERTEX_POINT ( 'NONE', #3109 ) ;
#2534 = LINE ( 'NONE', #8164, #682 ) ;
#2535 = DIRECTION ( 'NONE',  ( -1.000000000000000000, -0.000000000000000000, -0.000000000000000000 ) ) ;
#2536 = EDGE_CURVE ( 'NONE', #2886, #9657, #4150, .T. ) ;
#2537 = VECTOR ( 'NONE', #5502, 1000.000000000000000 ) ;
#2538 = ORIENTED_EDGE ( 'NONE', *, *, #7260, .F. ) ;
#2539 = ORIENTED_EDGE ( 'NONE', *, *, #5749, .T. ) ;
#2540 = PLANE ( 'NONE',  #5383 ) ;
#2541 = DIRECTION ( 'NONE',  ( 1.000000000000000000, 0.000000000000000000, 0.000000000000000000 ) ) ;
#2542 = DIRECTION ( 'NONE',  ( -0.000000000000000000, 1.000000000000000000, 0.000000000000000000 ) ) ;
#2543 = DIRECTION ( 'NONE',  ( -1.000000000000000000, -0.000000000000000000, -0.000000000000000000 ) ) ;
#2544 = VECTOR ( 'NONE', #3317, 1000.000000000000000 ) ;
#2545 = DIRECTION ( 'NONE',  ( -0.000000000000000000, 1.000000000000000000, 0.000000000000000000 ) ) ;
#2546 = ORIENTED_EDGE ( 'NONE', *, *, #7996, .T. ) ;
#2547 = DIRECTION ( 'NONE',  ( 1.000000000000000000, 0.000000000000000000, 0.000000000000000000 ) ) ;
#2548 = DIRECTION ( 'NONE',  ( 0.000000000000000000, 0.000000000000000000, 1.000000000000000000 ) ) ;
#2549 = ORIENTED_EDGE ( 'NONE', *, *, #10587, .F. ) ;
#2550 = DIRECTION ( 'NONE',  ( -1.000000000000000000, -0.000000000000000000, -0.000000000000000000 ) ) ;
#2551 = CARTESIAN_POINT ( 'NONE',  ( 50.00000000000000000, -14.25499999999646406, 33.99999999998737366 ) ) ;
#2552 = ORIENTED_EDGE ( 'NONE', *, *, #6778, .F. ) ;
#2553 = DIRECTION ( 'NONE',  ( -1.000000000000000000, -0.000000000000000000, -0.000000000000000000 ) ) ;
#2554 = CARTESIAN_POINT ( 'NONE',  ( 50.00000000000000000, 9.194999999996177564, -32.70000000001061125 ) ) ;
#2555 = LINE ( 'NONE', #3161, #10248 ) ;
#2556 = DIRECTION ( 'NONE',  ( -0.000000000000000000, -0.000000000000000000, 1.000000000000000000 ) ) ;
#2557 = ORIENTED_EDGE ( 'NONE', *, *, #10800, .F. ) ;
#2558 = DIRECTION ( 'NONE',  ( -0.000000000000000000, -0.000000000000000000, 1.000000000000000000 ) ) ;
#2559 = CARTESIAN_POINT ( 'NONE',  ( 50.00000000000000000, -13.20499999999647045, 37.49999999998743050 ) ) ;
#2560 = VECTOR ( 'NONE', #2107, 1000.000000000000000 ) ;
#2561 = VERTEX_POINT ( 'NONE', #652 ) ;
#2562 = ORIENTED_EDGE ( 'NONE', *, *, #3906, .F. ) ;
#2563 = LINE ( 'NONE', #10724, #9604 ) ;
#2564 = DIRECTION ( 'NONE',  ( 1.000000000000000000, 0.000000000000000000, 0.000000000000000000 ) ) ;
#2565 = CARTESIAN_POINT ( 'NONE',  ( 50.00000000000000000, 4.495000000003468443, 32.49999999998743050 ) ) ;
#2566 = ADVANCED_FACE ( 'NONE', ( #9793 ), #1583, .F. ) ;
#2567 = AXIS2_PLACEMENT_3D ( 'NONE', #8014, #8068, #3084 ) ;
#2568 = CARTESIAN_POINT ( 'NONE',  ( -50.00000000000000000, 20.64500000000346702, 27.49999999998731326 ) ) ;
#2569 = ORIENTED_EDGE ( 'NONE', *, *, #7127, .F. ) ;
#2570 = VERTEX_POINT ( 'NONE', #6559 ) ;
#2571 = EDGE_CURVE ( 'NONE', #8323, #6472, #3937, .T. ) ;
#2572 = CARTESIAN_POINT ( 'NONE',  ( 50.00000000000000000, -14.20499999999658058, 37.49999999998743050 ) ) ;
#2573 = CARTESIAN_POINT ( 'NONE',  ( 50.00000000000000000, -3.204999999996571702, 37.49999999998743050 ) ) ;
#2574 = ORIENTED_EDGE ( 'NONE', *, *, #8861, .F. ) ;
#2575 = VERTEX_POINT ( 'NONE', #4810 ) ;
#2576 = VECTOR ( 'NONE', #8436, 1000.000000000000114 ) ;
#2577 = EDGE_CURVE ( 'NONE', #965, #5522, #3990, .T. ) ;
#2578 = EDGE_CURVE ( 'NONE', #4357, #2570, #1029, .T. ) ;
#2579 = AXIS2_PLACEMENT_3D ( 'NONE', #642, #4962, #7317 ) ;
#2580 = DIRECTION ( 'NONE',  ( -0.000000000000000000, -0.000000000000000000, 1.000000000000000000 ) ) ;
#2581 = AXIS2_PLACEMENT_3D ( 'NONE', #8550, #1062, #7620 ) ;
#2582 = EDGE_CURVE ( 'NONE', #8709, #3939, #10665, .T. ) ;
#2583 = CARTESIAN_POINT ( 'NONE',  ( -50.00000000000000000, 0.03500000000122849286, -35.60000000000562892 ) ) ;
#2584 = DIRECTION ( 'NONE',  ( -0.000000000000000000, -0.000000000000000000, 1.000000000000000000 ) ) ;
#2585 = ORIENTED_EDGE ( 'NONE', *, *, #5734, .F. ) ;
#2586 = DIRECTION ( 'NONE',  ( 1.000000000000000000, 0.000000000000000000, 0.000000000000000000 ) ) ;
#2587 = EDGE_CURVE ( 'NONE', #5135, #4620, #1524, .T. ) ;
#2588 = CARTESIAN_POINT ( 'NONE',  ( 50.00000000000000000, -11.20499999999646690, 37.99999999998743050 ) ) ;
#2589 = VECTOR ( 'NONE', #1719, 1000.000000000000114 ) ;
#2590 = CIRCLE ( 'NONE', #8702, 0.2000000000000334843 ) ;
#2591 = VERTEX_POINT ( 'NONE', #4866 ) ;
#2592 = ORIENTED_EDGE ( 'NONE', *, *, #10079, .F. ) ;
#2593 = VECTOR ( 'NONE', #3334, 1000.000000000000114 ) ;
#2594 = ADVANCED_FACE ( 'NONE', ( #8201 ), #707, .F. ) ;
#2595 = CARTESIAN_POINT ( 'NONE',  ( 50.00000000000000000, -1.704999999996625881, -35.80000000001248850 ) ) ;
#2596 = DIRECTION ( 'NONE',  ( 0.000000000000000000, 0.000000000000000000, -1.000000000000000000 ) ) ;
#2597 = EDGE_CURVE ( 'NONE', #6131, #4771, #2460, .T. ) ;
#2598 = DIRECTION ( 'NONE',  ( 1.000000000000000000, 0.000000000000000000, 0.000000000000000000 ) ) ;
#2599 = DIRECTION ( 'NONE',  ( 0.000000000000000000, 0.000000000000000000, -1.000000000000000000 ) ) ;
#2600 = AXIS2_PLACEMENT_3D ( 'NONE', #5138, #8475, #4638 ) ;
#2601 = PLANE ( 'NONE',  #328 ) ;
#2602 = ORIENTED_EDGE ( 'NONE', *, *, #10800, .T. ) ;
#2603 = VECTOR ( 'NONE', #4352, 1000.000000000000000 ) ;
#2604 = FACE_OUTER_BOUND ( 'NONE', #9065, .T. ) ;
#2605 = CYLINDRICAL_SURFACE ( 'NONE', #800, 0.2000000000000334843 ) ;
#2606 = ORIENTED_EDGE ( 'NONE', *, *, #1899, .F. ) ;
#2607 = DIRECTION ( 'NONE',  ( 0.000000000000000000, -1.000000000000000000, 0.000000000000000000 ) ) ;
#2608 = VECTOR ( 'NONE', #6601, 1000.000000000000000 ) ;
#2609 = DIRECTION ( 'NONE',  ( 0.000000000000000000, 0.000000000000000000, -1.000000000000000000 ) ) ;
#2610 = ORIENTED_EDGE ( 'NONE', *, *, #6184, .F. ) ;
#2611 = AXIS2_PLACEMENT_3D ( 'NONE', #10713, #4914, #5678 ) ;
#2612 = DIRECTION ( 'NONE',  ( 1.000000000000000000, 0.000000000000000000, 0.000000000000000000 ) ) ;
#2613 = CYLINDRICAL_SURFACE ( 'NONE', #8380, 0.5000000000000559552 ) ;
#2614 = CARTESIAN_POINT ( 'NONE',  ( -50.00000000000000000, 14.84499999999622233, -32.79417527064209992 ) ) ;
#2615 = VECTOR ( 'NONE', #1638, 1000.000000000000000 ) ;
#2616 = CARTESIAN_POINT ( 'NONE',  ( -50.00000000000000000, 11.89500000000354163, 33.99999999998737366 ) ) ;
#2617 = ORIENTED_EDGE ( 'NONE', *, *, #8852, .F. ) ;
#2618 = CARTESIAN_POINT ( 'NONE',  ( 50.00000000000000000, -14.25499999999835232, -34.00000000000547118 ) ) ;
#2619 = DIRECTION ( 'NONE',  ( 0.000000000000000000, 0.000000000000000000, -1.000000000000000000 ) ) ;
#2620 = VERTEX_POINT ( 'NONE', #1633 ) ;
#2621 = FACE_OUTER_BOUND ( 'NONE', #10505, .T. ) ;
#2622 = LINE ( 'NONE', #1039, #4001 ) ;
#2623 = DIRECTION ( 'NONE',  ( 0.000000000000000000, 0.000000000000000000, -1.000000000000000000 ) ) ;
#2624 = CARTESIAN_POINT ( 'NONE',  ( 50.00000000000000000, -17.95499999999650242, 34.99999999998737366 ) ) ;
#2625 = EDGE_LOOP ( 'NONE', ( #10218, #9156, #2092, #8625 ) ) ;
#2626 = ORIENTED_EDGE ( 'NONE', *, *, #9102, .F. ) ;
#2627 = CARTESIAN_POINT ( 'NONE',  ( 50.00000000000000000, 0.05499999999625249103, -34.80000000001115268 ) ) ;
#2628 = DIRECTION ( 'NONE',  ( 0.000000000000000000, -1.000000000000000000, 0.000000000000000000 ) ) ;
#2629 = EDGE_LOOP ( 'NONE', ( #1420, #9187, #6322, #6531 ) ) ;
#2630 = ORIENTED_EDGE ( 'NONE', *, *, #2188, .T. ) ;
#2631 = ORIENTED_EDGE ( 'NONE', *, *, #5606, .T. ) ;
#2632 = EDGE_CURVE ( 'NONE', #2640, #3397, #4970, .T. ) ;
#2633 = CARTESIAN_POINT ( 'NONE',  ( -50.00000000000000000, 12.79499999999622517, -34.00000000001046629 ) ) ;
#2634 = DIRECTION ( 'NONE',  ( -1.000000000000000000, -0.000000000000000000, -0.000000000000000000 ) ) ;
#2635 = DIRECTION ( 'NONE',  ( -0.000000000000000000, -1.000000000000000000, -0.000000000000000000 ) ) ;
#2636 = EDGE_LOOP ( 'NONE', ( #3831, #5144, #7716, #5756 ) ) ;
#2637 = LINE ( 'NONE', #7675, #8892 ) ;
#2638 = CYLINDRICAL_SURFACE ( 'NONE', #4335, 0.5000000000000559552 ) ;
#2639 = AXIS2_PLACEMENT_3D ( 'NONE', #6858, #1872, #5220 ) ;
#2640 = VERTEX_POINT ( 'NONE', #5575 ) ;
#2641 = EDGE_CURVE ( 'NONE', #7491, #4076, #1416, .T. ) ;
#2642 = ORIENTED_EDGE ( 'NONE', *, *, #5182, .T. ) ;
#2643 = ADVANCED_FACE ( 'NONE', ( #5183 ), #209, .F. ) ;
#2644 = LINE ( 'NONE', #4347, #2589 ) ;
#2645 = DIRECTION ( 'NONE',  ( 1.000000000000000000, 0.000000000000000000, 0.000000000000000000 ) ) ;
#2646 = CARTESIAN_POINT ( 'NONE',  ( 50.00000000000000000, 16.29500000000350113, 37.49999999998743050 ) ) ;
#2647 = FACE_OUTER_BOUND ( 'NONE', #5305, .T. ) ;
#2648 = CARTESIAN_POINT ( 'NONE',  ( 50.00000000000000000, -4.204999999996572591, 37.49999999998743050 ) ) ;
#2649 = AXIS2_PLACEMENT_3D ( 'NONE', #2424, #5595, #9813 ) ;
#2650 = ORIENTED_EDGE ( 'NONE', *, *, #3942, .F. ) ;
#2651 = CARTESIAN_POINT ( 'NONE',  ( 50.00000000000000000, -3.704999999998848104, -32.70000000000561613 ) ) ;
#2652 = DIRECTION ( 'NONE',  ( -1.000000000000000000, -0.000000000000000000, -0.000000000000000000 ) ) ;
#2653 = ORIENTED_EDGE ( 'NONE', *, *, #1716, .T. ) ;
#2654 = EDGE_CURVE ( 'NONE', #6029, #10596, #102, .T. ) ;
#2655 = PLANE ( 'NONE',  #9608 ) ;
#2656 = ADVANCED_FACE ( 'NONE', ( #1743 ), #2508, .F. ) ;
#2657 = LINE ( 'NONE', #9232, #8713 ) ;
#2658 = EDGE_CURVE ( 'NONE', #5698, #1700, #3548, .T. ) ;
#2659 = VECTOR ( 'NONE', #6677, 1000.000000000000000 ) ;
#2660 = ORIENTED_EDGE ( 'NONE', *, *, #4476, .T. ) ;
#2661 = CARTESIAN_POINT ( 'NONE',  ( 50.00000000000000000, 16.57907417371440317, 32.74118095488487512 ) ) ;
#2662 = CARTESIAN_POINT ( 'NONE',  ( 50.00000000000000000, 12.79499999999622517, -32.70000000001061125 ) ) ;
#2663 = PLANE ( 'NONE',  #7279 ) ;
#2664 = DIRECTION ( 'NONE',  ( -1.000000000000000000, -0.000000000000000000, -0.000000000000000000 ) ) ;
#2665 = DIRECTION ( 'NONE',  ( 1.000000000000000000, 0.000000000000000000, 0.000000000000000000 ) ) ;
#2666 = ORIENTED_EDGE ( 'NONE', *, *, #8461, .F. ) ;
#2667 = AXIS2_PLACEMENT_3D ( 'NONE', #1120, #8559, #5275 ) ;
#2668 = DIRECTION ( 'NONE',  ( -0.000000000000000000, 1.000000000000000000, 0.000000000000000000 ) ) ;
#2669 = EDGE_CURVE ( 'NONE', #7691, #6654, #1796, .T. ) ;
#2670 = DIRECTION ( 'NONE',  ( -1.000000000000000000, -0.000000000000000000, -0.000000000000000000 ) ) ;
#2671 = ORIENTED_EDGE ( 'NONE', *, *, #4402, .T. ) ;
#2672 = DIRECTION ( 'NONE',  ( -1.000000000000000000, -0.000000000000000000, -0.000000000000000000 ) ) ;
#2673 = VECTOR ( 'NONE', #4724, 1000.000000000000000 ) ;
#2674 = DIRECTION ( 'NONE',  ( 0.000000000000000000, 0.000000000000000000, -1.000000000000000000 ) ) ;
#2675 = CARTESIAN_POINT ( 'NONE',  ( 50.00000000000000000, 14.29500000000349935, 37.49999999998743050 ) ) ;
#2676 = CARTESIAN_POINT ( 'NONE',  ( -50.00000000000000000, 11.89499999999632607, -32.70000000001061125 ) ) ;
#2677 = ORIENTED_EDGE ( 'NONE', *, *, #442, .F. ) ;
#2678 = ORIENTED_EDGE ( 'NONE', *, *, #6007, .T. ) ;
#2679 = DIRECTION ( 'NONE',  ( 0.000000000000000000, 0.000000000000000000, -1.000000000000000000 ) ) ;
#2680 = CARTESIAN_POINT ( 'NONE',  ( -50.00000000000000000, 6.794999999996331752, -35.80000000001126637 ) ) ;
#2681 = ORIENTED_EDGE ( 'NONE', *, *, #8190, .F. ) ;
#2682 = ORIENTED_EDGE ( 'NONE', *, *, #2442, .F. ) ;
#2683 = ORIENTED_EDGE ( 'NONE', *, *, #10614, .F. ) ;
#2684 = DIRECTION ( 'NONE',  ( 1.000000000000000000, 0.000000000000000000, 0.000000000000000000 ) ) ;
#2685 = DIRECTION ( 'NONE',  ( -1.000000000000000000, -0.000000000000000000, -0.000000000000000000 ) ) ;
#2686 = VECTOR ( 'NONE', #7393, 1000.000000000000000 ) ;
#2687 = FACE_OUTER_BOUND ( 'NONE', #265, .T. ) ;
#2688 = VERTEX_POINT ( 'NONE', #2721 ) ;
#2689 = LINE ( 'NONE', #6800, #2765 ) ;
#2690 = DIRECTION ( 'NONE',  ( -0.000000000000000000, 1.000000000000000000, 0.000000000000000000 ) ) ;
#2691 = ADVANCED_FACE ( 'NONE', ( #7543 ), #929, .F. ) ;
#2692 = CIRCLE ( 'NONE', #3913, 0.1999999999999779732 ) ;
#2693 = ORIENTED_EDGE ( 'NONE', *, *, #40, .T. ) ;
#2694 = PLANE ( 'NONE',  #843 ) ;
#2695 = DIRECTION ( 'NONE',  ( 0.000000000000000000, 0.000000000000000000, -1.000000000000000000 ) ) ;
#2696 = DIRECTION ( 'NONE',  ( 0.000000000000000000, -0.000000000000000000, 1.000000000000000000 ) ) ;
#2697 = LINE ( 'NONE', #6813, #7900 ) ;
#2698 = CARTESIAN_POINT ( 'NONE',  ( -50.00000000000000000, 0.05499999999614146873, -32.70000000001083151 ) ) ;
#2699 = ORIENTED_EDGE ( 'NONE', *, *, #9693, .T. ) ;
#2700 = EDGE_CURVE ( 'NONE', #3199, #8817, #6056, .T. ) ;
#2701 = DIRECTION ( 'NONE',  ( -1.000000000000000000, -0.000000000000000000, -0.000000000000000000 ) ) ;
#2702 =( NAMED_UNIT ( * ) PLANE_ANGLE_UNIT ( ) SI_UNIT ( $, .RADIAN. ) );
#2703 = ORIENTED_EDGE ( 'NONE', *, *, #5214, .F. ) ;
#2704 = AXIS2_PLACEMENT_3D ( 'NONE', #2275, #7151, #3868 ) ;
#2705 = EDGE_CURVE ( 'NONE', #5630, #856, #10120, .T. ) ;
#2706 = DIRECTION ( 'NONE',  ( -1.000000000000000000, -0.000000000000000000, -0.000000000000000000 ) ) ;
#2707 = ORIENTED_EDGE ( 'NONE', *, *, #2174, .F. ) ;
#2708 = CARTESIAN_POINT ( 'NONE',  ( -50.00000000000000000, 0.7950000000034318504, 37.49999999998743050 ) ) ;
#2709 = EDGE_CURVE ( 'NONE', #3716, #5642, #1556, .T. ) ;
#2710 = VECTOR ( 'NONE', #5720, 1000.000000000000000 ) ;
#2711 = CARTESIAN_POINT ( 'NONE',  ( 50.00000000000000000, -11.20499999999646690, -37.50000000001251976 ) ) ;
#2712 = CARTESIAN_POINT ( 'NONE',  ( 50.00000000000000000, 6.794999999996331752, -35.80000000001126637 ) ) ;
#2713 = EDGE_CURVE ( 'NONE', #9720, #1806, #3598, .T. ) ;
#2714 = DIRECTION ( 'NONE',  ( -0.000000000000000000, -1.000000000000000000, -0.000000000000000000 ) ) ;
#2715 = EDGE_LOOP ( 'NONE', ( #2500, #4793, #2730, #6123 ) ) ;
#2716 = EDGE_CURVE ( 'NONE', #8295, #1181, #6933, .T. ) ;
#2717 = LINE ( 'NONE', #4629, #10575 ) ;
#2718 = ORIENTED_EDGE ( 'NONE', *, *, #6478, .T. ) ;
#2719 = ADVANCED_FACE ( 'NONE', ( #7594 ), #9300, .F. ) ;
#2720 = CARTESIAN_POINT ( 'NONE',  ( 50.00000000000000000, -8.204999999996577031, 37.49999999998743050 ) ) ;
#2721 = CARTESIAN_POINT ( 'NONE',  ( -50.00000000000000000, 1.835000000001363318, -34.50000000000563460 ) ) ;
#2722 = ORIENTED_EDGE ( 'NONE', *, *, #3996, .T. ) ;
#2723 = CARTESIAN_POINT ( 'NONE',  ( -50.00000000000000000, -11.80499999999640082, 32.69999999998740492 ) ) ;
#2724 = DIRECTION ( 'NONE',  ( 0.000000000000000000, 0.000000000000000000, -1.000000000000000000 ) ) ;
#2725 = ADVANCED_FACE ( 'NONE', ( #4309 ), #1897, .T. ) ;
#2726 = LINE ( 'NONE', #9513, #1624 ) ;
#2727 = ADVANCED_FACE ( 'NONE', ( #1684 ), #4211, .T. ) ;
#2728 = DIRECTION ( 'NONE',  ( -1.000000000000000000, -0.000000000000000000, -0.000000000000000000 ) ) ;
#2729 = ORIENTED_EDGE ( 'NONE', *, *, #4062, .T. ) ;
#2730 = ORIENTED_EDGE ( 'NONE', *, *, #8587, .F. ) ;
#2731 = CARTESIAN_POINT ( 'NONE',  ( -50.00000000000000000, 4.294999999996496065, -37.50000000001130473 ) ) ;
#2732 = AXIS2_PLACEMENT_3D ( 'NONE', #304, #8623, #5288 ) ;
#2733 = LINE ( 'NONE', #10078, #3997 ) ;
#2734 = EDGE_LOOP ( 'NONE', ( #10662, #9271, #8812, #1309 ) ) ;
#2735 = VERTEX_POINT ( 'NONE', #6009 ) ;
#2736 = ORIENTED_EDGE ( 'NONE', *, *, #5203, .F. ) ;
#2737 = VECTOR ( 'NONE', #6966, 1000.000000000000000 ) ;
#2738 = LINE ( 'NONE', #69, #3530 ) ;
#2739 = CARTESIAN_POINT ( 'NONE',  ( -50.00000000000000000, -0.1649999999968621012, 35.79999999998750582 ) ) ;
#2740 = CARTESIAN_POINT ( 'NONE',  ( -50.00000000000000000, -11.80499999999640082, 32.69999999998740492 ) ) ;
#2741 = ORIENTED_EDGE ( 'NONE', *, *, #8038, .T. ) ;
#2742 = LINE ( 'NONE', #5266, #8372 ) ;
#2743 = CARTESIAN_POINT ( 'NONE',  ( -50.00000000000000000, 6.494999999996364792, -32.70000000001061125 ) ) ;
#2744 = VECTOR ( 'NONE', #8162, 1000.000000000000000 ) ;
#2745 = VERTEX_POINT ( 'NONE', #9353 ) ;
#2746 = VECTOR ( 'NONE', #9389, 1000.000000000000000 ) ;
#2747 = DIRECTION ( 'NONE',  ( 1.000000000000000000, 0.000000000000000000, -0.000000000000000000 ) ) ;
#2748 = DIRECTION ( 'NONE',  ( 0.000000000000000000, -0.000000000000000000, -1.000000000000000000 ) ) ;
#2749 = DIRECTION ( 'NONE',  ( 0.000000000000000000, 0.000000000000000000, -1.000000000000000000 ) ) ;
#2750 = AXIS2_PLACEMENT_3D ( 'NONE', #4817, #9854, #6627 ) ;
#2751 = CARTESIAN_POINT ( 'NONE',  ( 50.00000000000000000, 14.97440952260353697, 32.31121235748757670 ) ) ;
#2752 = LINE ( 'NONE', #5988, #4172 ) ;
#2753 = VERTEX_POINT ( 'NONE', #1845 ) ;
#2754 = DIRECTION ( 'NONE',  ( -1.000000000000000000, -0.000000000000000000, -0.000000000000000000 ) ) ;
#2755 = DIRECTION ( 'NONE',  ( -1.000000000000000000, 0.000000000000000000, -0.000000000000000000 ) ) ;
#2756 = VERTEX_POINT ( 'NONE', #7701 ) ;
#2757 = VECTOR ( 'NONE', #9885, 1000.000000000000000 ) ;
#2758 = LINE ( 'NONE', #6101, #10651 ) ;
#2759 = VERTEX_POINT ( 'NONE', #50 ) ;
#2760 = AXIS2_PLACEMENT_3D ( 'NONE', #7505, #5697, #3950 ) ;
#2761 = ORIENTED_EDGE ( 'NONE', *, *, #3788, .T. ) ;
#2762 = FACE_OUTER_BOUND ( 'NONE', #1469, .T. ) ;
#2763 = AXIS2_PLACEMENT_3D ( 'NONE', #10022, #9191, #3393 ) ;
#2764 = PLANE ( 'NONE',  #6803 ) ;
#2766 = EDGE_CURVE ( 'NONE', #8749, #7007, #3385, .T. ) ;
#2765 = VECTOR ( 'NONE', #126, 1000.000000000000000 ) ;
#2767 = FACE_OUTER_BOUND ( 'NONE', #462, .T. ) ;
#2768 = CARTESIAN_POINT ( 'NONE',  ( -50.00000000000000000, -6.604999999998750759, -32.70000000000561613 ) ) ;
#2769 = ORIENTED_EDGE ( 'NONE', *, *, #8620, .F. ) ;
#2770 = VECTOR ( 'NONE', #4477, 1000.000000000000000 ) ;
#2771 = LINE ( 'NONE', #8679, #4983 ) ;
#2772 = ORIENTED_EDGE ( 'NONE', *, *, #9299, .F. ) ;
#2773 = DIRECTION ( 'NONE',  ( -0.000000000000000000, 1.000000000000000000, 0.000000000000000000 ) ) ;
#2774 = CARTESIAN_POINT ( 'NONE',  ( 50.00000000000000000, 4.695000000003557439, 32.69999999998740492 ) ) ;
#2775 = VECTOR ( 'NONE', #1925, 1000.000000000000000 ) ;
#2776 = ADVANCED_FACE ( 'NONE', ( #7806 ), #2988, .F. ) ;
#2777 = VERTEX_POINT ( 'NONE', #7861 ) ;
#2778 = EDGE_CURVE ( 'NONE', #2899, #9904, #9456, .T. ) ;
#2779 = AXIS2_PLACEMENT_3D ( 'NONE', #915, #91, #3426 ) ;
#2780 = DIRECTION ( 'NONE',  ( -1.000000000000000000, -0.000000000000000000, -0.000000000000000000 ) ) ;
#2781 = ADVANCED_FACE ( 'NONE', ( #7096 ), #5406, .F. ) ;
#2782 = CARTESIAN_POINT ( 'NONE',  ( 50.00000000000000000, 20.84500000000355513, 27.98284271246187416 ) ) ;
#2783 = CARTESIAN_POINT ( 'NONE',  ( 50.00000000000000000, -16.20499999999647400, -38.00000000001247003 ) ) ;
#2784 = AXIS2_PLACEMENT_3D ( 'NONE', #5174, #10214, #6046 ) ;
#2785 = DIRECTION ( 'NONE',  ( -1.000000000000000000, -0.000000000000000000, -0.000000000000000000 ) ) ;
#2786 = ORIENTED_EDGE ( 'NONE', *, *, #2386, .T. ) ;
#2787 = ORIENTED_EDGE ( 'NONE', *, *, #6533, .F. ) ;
#2788 = CARTESIAN_POINT ( 'NONE',  ( 50.00000000000000000, -12.70499999999646867, 32.69999999998740492 ) ) ;
#2789 = CARTESIAN_POINT ( 'NONE',  ( 50.00000000000000000, -3.904999999998937099, -32.70000000000561613 ) ) ;
#2790 = AXIS2_PLACEMENT_3D ( 'NONE', #5813, #10626, #3292 ) ;
#2791 = VERTEX_POINT ( 'NONE', #3705 ) ;
#2792 = EDGE_CURVE ( 'NONE', #174, #5970, #4532, .T. ) ;
#2793 = ORIENTED_EDGE ( 'NONE', *, *, #1195, .F. ) ;
#2794 = ORIENTED_EDGE ( 'NONE', *, *, #1268, .T. ) ;
#2795 = EDGE_CURVE ( 'NONE', #530, #6247, #8787, .T. ) ;
#2796 = CARTESIAN_POINT ( 'NONE',  ( 50.00000000000000000, 0.05499999999614146873, -32.70000000001083151 ) ) ;
#2797 = CARTESIAN_POINT ( 'NONE',  ( 50.00000000000000000, -8.704999999996520188, 37.49999999998743050 ) ) ;
#2798 = CYLINDRICAL_SURFACE ( 'NONE', #1977, 0.5000000000000004441 ) ;
#2799 = ORIENTED_EDGE ( 'NONE', *, *, #4301, .F. ) ;
#2800 = DIRECTION ( 'NONE',  ( 0.000000000000000000, 0.000000000000000000, 1.000000000000000000 ) ) ;
#2801 = ORIENTED_EDGE ( 'NONE', *, *, #5729, .T. ) ;
#2802 = ADVANCED_FACE ( 'NONE', ( #5348 ), #2064, .F. ) ;
#2803 = ORIENTED_EDGE ( 'NONE', *, *, #6264, .F. ) ;
#2804 = AXIS2_PLACEMENT_3D ( 'NONE', #4818, #771, #4763 ) ;
#2805 = DIRECTION ( 'NONE',  ( 0.000000000000000000, 0.9659258262868436473, -0.2588190451108232093 ) ) ;
#2806 = DIRECTION ( 'NONE',  ( 1.000000000000000000, 0.000000000000000000, 0.000000000000000000 ) ) ;
#2807 = FACE_OUTER_BOUND ( 'NONE', #831, .T. ) ;
#2808 = CARTESIAN_POINT ( 'NONE',  ( 50.00000000000000000, 9.294999999996500506, -37.50000000001130473 ) ) ;
#2809 = CARTESIAN_POINT ( 'NONE',  ( -50.00000000000000000, -14.25499999999835232, -34.00000000000547118 ) ) ;
#2810 = ORIENTED_EDGE ( 'NONE', *, *, #8324, .T. ) ;
#2811 = CARTESIAN_POINT ( 'NONE',  ( -50.00000000000000000, 11.79499999999644722, -37.50000000001130473 ) ) ;
#2812 = ORIENTED_EDGE ( 'NONE', *, *, #5182, .F. ) ;
#2813 = AXIS2_PLACEMENT_3D ( 'NONE', #1615, #4952, #851 ) ;
#2814 = CARTESIAN_POINT ( 'NONE',  ( 50.00000000000000000, -17.51712446309827698, -30.80000000000548965 ) ) ;
#2815 = VERTEX_POINT ( 'NONE', #6989 ) ;
#2816 = ORIENTED_EDGE ( 'NONE', *, *, #8220, .F. ) ;
#2817 = DIRECTION ( 'NONE',  ( 0.000000000000000000, -0.000000000000000000, -1.000000000000000000 ) ) ;
#2818 = DIRECTION ( 'NONE',  ( -0.000000000000000000, -1.000000000000000000, -0.000000000000000000 ) ) ;
#2819 = LINE ( 'NONE', #254, #10429 ) ;
#2820 = CARTESIAN_POINT ( 'NONE',  ( -50.00000000000000000, -17.45499999998545348, 32.99999999999025846 ) ) ;
#2821 = ORIENTED_EDGE ( 'NONE', *, *, #9202, .F. ) ;
#2822 = DIRECTION ( 'NONE',  ( -1.000000000000000000, -0.000000000000000000, -0.000000000000000000 ) ) ;
#2823 = VERTEX_POINT ( 'NONE', #2825 ) ;
#2824 = CARTESIAN_POINT ( 'NONE',  ( 50.00000000000000000, 4.295000000003435403, 37.49999999998743050 ) ) ;
#2825 = CARTESIAN_POINT ( 'NONE',  ( 50.00000000000000000, 18.04500000000352955, 37.99999999998738076 ) ) ;
#2826 = AXIS2_PLACEMENT_3D ( 'NONE', #5031, #6, #884 ) ;
#2827 = EDGE_CURVE ( 'NONE', #8291, #8825, #8683, .T. ) ;
#2828 = VERTEX_POINT ( 'NONE', #9509 ) ;
#2829 = CARTESIAN_POINT ( 'NONE',  ( 50.00000000000000000, -17.03416154989456643, 31.42940952257988840 ) ) ;
#2830 = CARTESIAN_POINT ( 'NONE',  ( 50.00000000000000000, -0.7049999999965139708, -37.50000000001251976 ) ) ;
#2831 = CARTESIAN_POINT ( 'NONE',  ( -50.00000000000000000, -0.7049999999965139708, 37.49999999998743050 ) ) ;
#2832 = AXIS2_PLACEMENT_3D ( 'NONE', #7736, #3575, #10252 ) ;
#2833 = LINE ( 'NONE', #5353, #5083 ) ;
#2834 = VERTEX_POINT ( 'NONE', #1197 ) ;
#2835 = ORIENTED_EDGE ( 'NONE', *, *, #4059, .T. ) ;
#2836 = ADVANCED_FACE ( 'NONE', ( #534 ), #3813, .F. ) ;
#2837 = FACE_OUTER_BOUND ( 'NONE', #5014, .T. ) ;
#2838 = CARTESIAN_POINT ( 'NONE',  ( -50.00000000000000000, 9.395000000003372875, 32.69999999998740492 ) ) ;
#2839 = EDGE_CURVE ( 'NONE', #4215, #4549, #7911, .T. ) ;
#2840 = ORIENTED_EDGE ( 'NONE', *, *, #9810, .F. ) ;
#2841 = VECTOR ( 'NONE', #3021, 1000.000000000000000 ) ;
#2842 = ORIENTED_EDGE ( 'NONE', *, *, #1983, .T. ) ;
#2843 = VERTEX_POINT ( 'NONE', #6284 ) ;
#2844 = EDGE_CURVE ( 'NONE', #8912, #9958, #6632, .T. ) ;
#2845 = DIRECTION ( 'NONE',  ( 1.000000000000000000, 0.000000000000000000, 0.000000000000000000 ) ) ;
#2846 = DIRECTION ( 'NONE',  ( -1.000000000000000000, -0.000000000000000000, -0.000000000000000000 ) ) ;
#2847 = EDGE_CURVE ( 'NONE', #2828, #160, #6115, .T. ) ;
#2848 = DIRECTION ( 'NONE',  ( -0.000000000000000000, -0.000000000000000000, -1.000000000000000000 ) ) ;
#2849 = ORIENTED_EDGE ( 'NONE', *, *, #8261, .T. ) ;
#2850 = VECTOR ( 'NONE', #501, 1000.000000000000000 ) ;
#2851 = EDGE_CURVE ( 'NONE', #8438, #6258, #2117, .T. ) ;
#2852 = CARTESIAN_POINT ( 'NONE',  ( 50.00000000000000000, -11.70499999999646867, -37.50000000001251976 ) ) ;
#2853 = DIRECTION ( 'NONE',  ( 0.000000000000000000, 0.000000000000000000, -1.000000000000000000 ) ) ;
#2854 = ORIENTED_EDGE ( 'NONE', *, *, #9470, .F. ) ;
#2855 = ORIENTED_EDGE ( 'NONE', *, *, #388, .T. ) ;
#2856 = AXIS2_PLACEMENT_3D ( 'NONE', #3949, #2251, #4985 ) ;
#2857 = SURFACE_STYLE_FILL_AREA ( #1226 ) ;
#2858 = LINE ( 'NONE', #4613, #5192 ) ;
#2859 = EDGE_CURVE ( 'NONE', #6973, #739, #5452, .T. ) ;
#2860 = CARTESIAN_POINT ( 'NONE',  ( -50.00000000000000000, -3.704999999996516635, 37.49999999998743050 ) ) ;
#2861 = CARTESIAN_POINT ( 'NONE',  ( 50.00000000000000000, 19.04500000000353310, 30.79999999998739213 ) ) ;
#2862 = ORIENTED_EDGE ( 'NONE', *, *, #3536, .T. ) ;
#2863 = DIRECTION ( 'NONE',  ( -0.000000000000000000, -0.000000000000000000, 1.000000000000000000 ) ) ;
#2864 = CIRCLE ( 'NONE', #952, 0.1999999999999779732 ) ;
#2865 = EDGE_LOOP ( 'NONE', ( #9599, #9802, #9837, #10016 ) ) ;
#2866 = DIRECTION ( 'NONE',  ( -0.000000000000000000, 0.000000000000000000, 1.000000000000000000 ) ) ;
#2867 = ORIENTED_EDGE ( 'NONE', *, *, #2499, .T. ) ;
#2868 = ORIENTED_EDGE ( 'NONE', *, *, #4779, .F. ) ;
#2869 = CARTESIAN_POINT ( 'NONE',  ( -50.00000000000000000, 11.29500000000349758, 37.49999999998743050 ) ) ;
#2870 = CARTESIAN_POINT ( 'NONE',  ( 50.00000000000000000, 14.84499999999622233, -32.79417527064209992 ) ) ;
#2871 = AXIS2_PLACEMENT_3D ( 'NONE', #6040, #1878, #5226 ) ;
#2872 = CARTESIAN_POINT ( 'NONE',  ( 50.00000000000000000, 11.79499999999644722, -37.50000000001130473 ) ) ;
#2873 = VECTOR ( 'NONE', #7754, 1000.000000000000000 ) ;
#2874 = DIRECTION ( 'NONE',  ( 0.000000000000000000, -0.000000000000000000, -1.000000000000000000 ) ) ;
#2875 = ORIENTED_EDGE ( 'NONE', *, *, #8193, .T. ) ;
#2876 = CARTESIAN_POINT ( 'NONE',  ( -50.00000000000000000, 8.295000000003494023, 37.49999999998743050 ) ) ;
#2877 = VERTEX_POINT ( 'NONE', #8629 ) ;
#2878 = LINE ( 'NONE', #9620, #9873 ) ;
#2879 = DIRECTION ( 'NONE',  ( 1.000000000000000000, 0.000000000000000000, -0.000000000000000000 ) ) ;
#2880 = EDGE_LOOP ( 'NONE', ( #9445, #2887, #7738, #1324 ) ) ;
#2881 = CARTESIAN_POINT ( 'NONE',  ( 50.00000000000000000, 12.59500000000346454, 32.69999999998740492 ) ) ;
#2882 = DIRECTION ( 'NONE',  ( 0.000000000000000000, -0.000000000000000000, 1.000000000000000000 ) ) ;
#2883 = DIRECTION ( 'NONE',  ( -0.000000000000000000, 0.2588190451711366857, 0.9659258262706826859 ) ) ;
#2884 = DIRECTION ( 'NONE',  ( -1.000000000000000000, -0.000000000000000000, -0.000000000000000000 ) ) ;
#2885 = PLANE ( 'NONE',  #6655 ) ;
#2886 = VERTEX_POINT ( 'NONE', #2774 ) ;
#2887 = ORIENTED_EDGE ( 'NONE', *, *, #6212, .F. ) ;
#2888 = MECHANICAL_DESIGN_GEOMETRIC_PRESENTATION_REPRESENTATION (  '', ( #454 ), #6564 ) ;
#2889 = CARTESIAN_POINT ( 'NONE',  ( 50.00000000000000000, 14.34499999999616549, -32.79417527061067972 ) ) ;
#2890 = CARTESIAN_POINT ( 'NONE',  ( 50.00000000000000000, -6.604999999998750759, -32.70000000000561613 ) ) ;
#2891 = EDGE_LOOP ( 'NONE', ( #6613, #664, #3080, #405 ) ) ;
#2892 = VERTEX_POINT ( 'NONE', #1953 ) ;
#2893 = VERTEX_POINT ( 'NONE', #5505 ) ;
#2894 = EDGE_CURVE ( 'NONE', #727, #3757, #4689, .T. ) ;
#2895 = CARTESIAN_POINT ( 'NONE',  ( 50.00000000000000000, -9.804999999998509352, -32.50000000000563460 ) ) ;
#2896 = EDGE_CURVE ( 'NONE', #10377, #10142, #1351, .T. ) ;
#2897 = CARTESIAN_POINT ( 'NONE',  ( 50.00000000000000000, -10.70499999999652374, -37.50000000001251976 ) ) ;
#2898 = DIRECTION ( 'NONE',  ( 0.000000000000000000, 0.000000000000000000, -1.000000000000000000 ) ) ;
#2899 = VERTEX_POINT ( 'NONE', #7311 ) ;
#2900 = CARTESIAN_POINT ( 'NONE',  ( 50.00000000000000000, -6.204999999996574367, 37.49999999998743050 ) ) ;
#2901 = DIRECTION ( 'NONE',  ( 1.000000000000000000, 0.000000000000000000, 0.000000000000000000 ) ) ;
#2902 = ORIENTED_EDGE ( 'NONE', *, *, #5325, .T. ) ;
#2903 = EDGE_CURVE ( 'NONE', #5281, #3502, #6963, .T. ) ;
#2904 = ORIENTED_EDGE ( 'NONE', *, *, #6076, .T. ) ;
#2905 = EDGE_CURVE ( 'NONE', #2129, #1652, #3155, .T. ) ;
#2906 = EDGE_CURVE ( 'NONE', #953, #9536, #2950, .T. ) ;
#2907 = FILL_AREA_STYLE_COLOUR ( '', #3175 ) ;
#2908 = EDGE_CURVE ( 'NONE', #4111, #10377, #2278, .T. ) ;
#2909 = DIRECTION ( 'NONE',  ( 0.000000000000000000, 0.000000000000000000, 1.000000000000000000 ) ) ;
#2910 = PLANE ( 'NONE',  #4767 ) ;
#2911 = CARTESIAN_POINT ( 'NONE',  ( 50.00000000000000000, 1.835000000001363318, -33.20000000000577955 ) ) ;
#2912 = ORIENTED_EDGE ( 'NONE', *, *, #3635, .T. ) ;
#2913 = VECTOR ( 'NONE', #7682, 1000.000000000000000 ) ;
#2914 = CARTESIAN_POINT ( 'NONE',  ( 50.00000000000000000, 1.835000000001363318, -33.00000000000580513 ) ) ;
#2915 = ORIENTED_EDGE ( 'NONE', *, *, #2792, .F. ) ;
#2916 = CARTESIAN_POINT ( 'NONE',  ( -50.00000000000000000, 20.84500000001609976, -27.98284271249984556 ) ) ;
#2917 = AXIS2_PLACEMENT_3D ( 'NONE', #1201, #10384, #9564 ) ;
#2918 = ORIENTED_EDGE ( 'NONE', *, *, #3720, .T. ) ;
#2919 = ADVANCED_FACE ( 'NONE', ( #10594 ), #6385, .F. ) ;
#2920 = ORIENTED_EDGE ( 'NONE', *, *, #999, .T. ) ;
#2921 = EDGE_CURVE ( 'NONE', #10030, #4345, #637, .T. ) ;
#2922 = DIRECTION ( 'NONE',  ( -1.000000000000000000, -0.000000000000000000, -0.000000000000000000 ) ) ;
#2923 = DIRECTION ( 'NONE',  ( 0.000000000000000000, 0.000000000000000000, 1.000000000000000000 ) ) ;
#2924 = DIRECTION ( 'NONE',  ( 0.000000000000000000, 0.000000000000000000, 1.000000000000000000 ) ) ;
#2925 = VECTOR ( 'NONE', #6484, 1000.000000000000000 ) ;
#2926 = CARTESIAN_POINT ( 'NONE',  ( -50.00000000000000000, 1.835000000001363318, -33.20000000000577955 ) ) ;
#2927 = VERTEX_POINT ( 'NONE', #2217 ) ;
#2928 = AXIS2_PLACEMENT_3D ( 'NONE', #127, #1003, #1868 ) ;
#2929 = LINE ( 'NONE', #7093, #6208 ) ;
#2930 = ORIENTED_EDGE ( 'NONE', *, *, #2577, .T. ) ;
#2931 = DIRECTION ( 'NONE',  ( 0.000000000000000000, -0.000000000000000000, 1.000000000000000000 ) ) ;
#2932 = AXIS2_PLACEMENT_3D ( 'NONE', #6674, #5851, #9190 ) ;
#2933 = DIRECTION ( 'NONE',  ( -1.000000000000000000, -0.000000000000000000, -0.000000000000000000 ) ) ;
#2934 = VERTEX_POINT ( 'NONE', #5616 ) ;
#2935 = CIRCLE ( 'NONE', #10290, 0.1999999999999363398 ) ;
#2936 = AXIS2_PLACEMENT_3D ( 'NONE', #6874, #4159, #2874 ) ;
#2937 = ORIENTED_EDGE ( 'NONE', *, *, #3326, .F. ) ;
#2938 = LINE ( 'NONE', #6389, #7295 ) ;
#2939 = DIRECTION ( 'NONE',  ( 0.000000000000000000, 0.000000000000000000, -1.000000000000000000 ) ) ;
#2940 = DIRECTION ( 'NONE',  ( 0.000000000000000000, 0.000000000000000000, -1.000000000000000000 ) ) ;
#2941 = VECTOR ( 'NONE', #9687, 1000.000000000000000 ) ;
#2942 = DIRECTION ( 'NONE',  ( -1.000000000000000000, -0.000000000000000000, -0.000000000000000000 ) ) ;
#2943 = DIRECTION ( 'NONE',  ( 0.000000000000000000, -1.000000000000000000, 0.000000000000000000 ) ) ;
#2944 = ORIENTED_EDGE ( 'NONE', *, *, #8734, .F. ) ;
#2945 = VERTEX_POINT ( 'NONE', #5560 ) ;
#2946 = VECTOR ( 'NONE', #7214, 1000.000000000000000 ) ;
#2947 = VECTOR ( 'NONE', #2039, 1000.000000000000000 ) ;
#2948 = CARTESIAN_POINT ( 'NONE',  ( -50.00000000000000000, -0.1649999999987494803, -35.60000000000551523 ) ) ;
#2949 = LINE ( 'NONE', #6298, #10115 ) ;
#2950 = CIRCLE ( 'NONE', #1382, 0.1999999999999779732 ) ;
#2951 = ORIENTED_EDGE ( 'NONE', *, *, #9676, .F. ) ;
#2952 = ORIENTED_EDGE ( 'NONE', *, *, #6925, .F. ) ;
#2953 = ORIENTED_EDGE ( 'NONE', *, *, #4594, .F. ) ;
#2954 = VECTOR ( 'NONE', #8302, 1000.000000000000000 ) ;
#2955 = LINE ( 'NONE', #2796, #38 ) ;
#2956 = CARTESIAN_POINT ( 'NONE',  ( 50.00000000000000000, -4.204999999996572591, -35.80000000001248850 ) ) ;
#2957 = LINE ( 'NONE', #10403, #5826 ) ;
#2958 = EDGE_LOOP ( 'NONE', ( #779, #5084, #6725, #6124 ) ) ;
#2959 = DIRECTION ( 'NONE',  ( 0.000000000000000000, 0.000000000000000000, 1.000000000000000000 ) ) ;
#2960 = VECTOR ( 'NONE', #506, 1000.000000000000000 ) ;
#2961 = CARTESIAN_POINT ( 'NONE',  ( 50.00000000000000000, -20.75499999999652800, 27.98284271246187416 ) ) ;
#2962 = ORIENTED_EDGE ( 'NONE', *, *, #6125, .F. ) ;
#2963 = EDGE_CURVE ( 'NONE', #3725, #9464, #1406, .T. ) ;
#2964 = ORIENTED_EDGE ( 'NONE', *, *, #5815, .F. ) ;
#2965 = DIRECTION ( 'NONE',  ( 0.000000000000000000, 0.000000000000000000, -1.000000000000000000 ) ) ;
#2966 = DIRECTION ( 'NONE',  ( -1.000000000000000000, -0.000000000000000000, -0.000000000000000000 ) ) ;
#2967 = DIRECTION ( 'NONE',  ( -1.000000000000000000, -0.000000000000000000, -0.000000000000000000 ) ) ;
#2968 = CARTESIAN_POINT ( 'NONE',  ( -50.00000000000000000, -11.80499999999840099, -32.70000000000561613 ) ) ;
#2969 = DIRECTION ( 'NONE',  ( 1.000000000000000000, 0.000000000000000000, 0.000000000000000000 ) ) ;
#2970 = VERTEX_POINT ( 'NONE', #9892 ) ;
#2971 = EDGE_CURVE ( 'NONE', #5798, #8636, #9835, .T. ) ;
#2972 = CIRCLE ( 'NONE', #9104, 0.5000000000000559552 ) ;
#2973 = ADVANCED_FACE ( 'NONE', ( #4742 ), #9012, .F. ) ;
#2974 = ORIENTED_EDGE ( 'NONE', *, *, #9874, .T. ) ;
#2975 = ORIENTED_EDGE ( 'NONE', *, *, #2587, .F. ) ;
#2976 = DIRECTION ( 'NONE',  ( -0.000000000000000000, -0.000000000000000000, -1.000000000000000000 ) ) ;
#2977 = FACE_OUTER_BOUND ( 'NONE', #364, .T. ) ;
#2978 = DIRECTION ( 'NONE',  ( 1.000000000000000000, 0.000000000000000000, 0.000000000000000000 ) ) ;
#2979 = EDGE_CURVE ( 'NONE', #8528, #7282, #9077, .T. ) ;
#2980 = DIRECTION ( 'NONE',  ( -1.000000000000000000, -0.000000000000000000, -0.000000000000000000 ) ) ;
#2981 = AXIS2_PLACEMENT_3D ( 'NONE', #5394, #8012, #8830 ) ;
#2982 = ORIENTED_EDGE ( 'NONE', *, *, #2108, .T. ) ;
#2983 = EDGE_CURVE ( 'NONE', #3478, #2321, #10709, .T. ) ;
#2984 = CARTESIAN_POINT ( 'NONE',  ( 50.00000000000000000, 19.04500000000353310, 30.79999999998739213 ) ) ;
#2985 = ORIENTED_EDGE ( 'NONE', *, *, #3107, .F. ) ;
#2986 = ADVANCED_FACE ( 'NONE', ( #2391 ), #9068, .T. ) ;
#2987 = CARTESIAN_POINT ( 'NONE',  ( 50.00000000000000000, -15.70499999999652729, -35.80000000001248850 ) ) ;
#2988 = PLANE ( 'NONE',  #3128 ) ;
#2989 = ORIENTED_EDGE ( 'NONE', *, *, #3464, .F. ) ;
#2990 = VECTOR ( 'NONE', #6794, 1000.000000000000000 ) ;
#2991 = ORIENTED_EDGE ( 'NONE', *, *, #9163, .F. ) ;
#2992 = CARTESIAN_POINT ( 'NONE',  ( 50.00000000000000000, 14.84500000000343789, 32.79417527061900728 ) ) ;
#2993 = CARTESIAN_POINT ( 'NONE',  ( -50.00000000000000000, 12.79500000000344251, 32.69999999998740492 ) ) ;
#2994 = CARTESIAN_POINT ( 'NONE',  ( 50.00000000000000000, -1.704999999996625881, -37.50000000001251976 ) ) ;
#2995 = CARTESIAN_POINT ( 'NONE',  ( 50.00000000000000000, 15.79500000001610260, -35.80000000001126637 ) ) ;
#2996 = EDGE_CURVE ( 'NONE', #1181, #1744, #1572, .T. ) ;
#2997 = CYLINDRICAL_SURFACE ( 'NONE', #5254, 0.4999999999999449329 ) ;
#2998 = ORIENTED_EDGE ( 'NONE', *, *, #8865, .T. ) ;
#2999 = ORIENTED_EDGE ( 'NONE', *, *, #6602, .F. ) ;
#3000 = VECTOR ( 'NONE', #4052, 1000.000000000000000 ) ;
#3001 = FACE_OUTER_BOUND ( 'NONE', #1340, .T. ) ;
#3002 = LINE ( 'NONE', #7875, #2941 ) ;
#3003 = ORIENTED_EDGE ( 'NONE', *, *, #4440, .T. ) ;
#3004 = ORIENTED_EDGE ( 'NONE', *, *, #2398, .F. ) ;
#3005 = VERTEX_POINT ( 'NONE', #8243 ) ;
#3006 = VECTOR ( 'NONE', #1359, 1000.000000000000000 ) ;
#3007 = CARTESIAN_POINT ( 'NONE',  ( -50.00000000000000000, 14.29499999999650584, -35.80000000001126637 ) ) ;
#3008 = LINE ( 'NONE', #4651, #7552 ) ;
#3009 = LINE ( 'NONE', #8703, #5204 ) ;
#3010 = LINE ( 'NONE', #2087, #6696 ) ;
#3011 = ORIENTED_EDGE ( 'NONE', *, *, #7066, .F. ) ;
#3012 = CARTESIAN_POINT ( 'NONE',  ( 50.00000000000000000, 2.035000000001341292, -34.30000000000566018 ) ) ;
#3013 = PLANE ( 'NONE',  #3100 ) ;
#3014 = VECTOR ( 'NONE', #2125, 1000.000000000000000 ) ;
#3015 = LINE ( 'NONE', #6362, #6640 ) ;
#3016 = ORIENTED_EDGE ( 'NONE', *, *, #1192, .T. ) ;
#3017 = VERTEX_POINT ( 'NONE', #751 ) ;
#3018 = AXIS2_PLACEMENT_3D ( 'NONE', #4560, #2096, #6417 ) ;
#3019 = PLANE ( 'NONE',  #9301 ) ;
#3020 = CARTESIAN_POINT ( 'NONE',  ( 50.00000000000000000, 6.294999999996386819, -37.50000000001130473 ) ) ;
#3021 = DIRECTION ( 'NONE',  ( -0.000000000000000000, -0.000000000000000000, 1.000000000000000000 ) ) ;
#3022 = FACE_OUTER_BOUND ( 'NONE', #1588, .T. ) ;
#3023 = EDGE_CURVE ( 'NONE', #4041, #10295, #4089, .T. ) ;
#3024 = LINE ( 'NONE', #7949, #8299 ) ;
#3025 = ORIENTED_EDGE ( 'NONE', *, *, #10538, .F. ) ;
#3026 = VERTEX_POINT ( 'NONE', #9947 ) ;
#3027 = VERTEX_POINT ( 'NONE', #2449 ) ;
#3028 = ORIENTED_EDGE ( 'NONE', *, *, #8779, .F. ) ;
#3029 = CARTESIAN_POINT ( 'NONE',  ( 50.00000000000000000, 17.60712446310353130, 30.79999999998739213 ) ) ;
#3030 = CARTESIAN_POINT ( 'NONE',  ( 50.00000000000000000, 6.694999999996342765, -32.50000000001062972 ) ) ;
#3031 = EDGE_CURVE ( 'NONE', #9417, #993, #4175, .T. ) ;
#3032 = CARTESIAN_POINT ( 'NONE',  ( -50.00000000000000000, -14.25499999999646406, 33.99999999998737366 ) ) ;
#3033 = CARTESIAN_POINT ( 'NONE',  ( -50.00000000000000000, 17.54499999999248416, -34.00000000002290790 ) ) ;
#3034 = ORIENTED_EDGE ( 'NONE', *, *, #6355, .T. ) ;
#3035 = EDGE_CURVE ( 'NONE', #640, #2081, #4960, .T. ) ;
#3036 = LINE ( 'NONE', #9721, #7606 ) ;
#3037 = CIRCLE ( 'NONE', #6708, 0.2000000000002000178 ) ;
#3038 = EDGE_LOOP ( 'NONE', ( #8478, #8599, #8144, #7447 ) ) ;
#3039 = CARTESIAN_POINT ( 'NONE',  ( -50.00000000000000000, -14.25499999999646406, 32.79417527058736681 ) ) ;
#3040 = DIRECTION ( 'NONE',  ( 0.000000000000000000, 0.000000000000000000, -1.000000000000000000 ) ) ;
#3041 = ORIENTED_EDGE ( 'NONE', *, *, #4415, .F. ) ;
#3042 = EDGE_CURVE ( 'NONE', #9016, #7622, #6761, .T. ) ;
#3043 = EDGE_LOOP ( 'NONE', ( #7346, #3582, #10261, #6748 ) ) ;
#3044 = AXIS2_PLACEMENT_3D ( 'NONE', #7530, #1675, #6707 ) ;
#3045 = EDGE_CURVE ( 'NONE', #7329, #719, #3373, .T. ) ;
#3046 = DIRECTION ( 'NONE',  ( 0.000000000000000000, -1.000000000000000000, 0.000000000000000000 ) ) ;
#3047 = CARTESIAN_POINT ( 'NONE',  ( 50.00000000000000000, -17.45499999998545348, 32.99999999999025846 ) ) ;
#3048 = EDGE_CURVE ( 'NONE', #2945, #2393, #2657, .T. ) ;
#3049 = DIRECTION ( 'NONE',  ( 0.000000000000000000, 1.000000000000000000, 0.000000000000000000 ) ) ;
#3050 = DIRECTION ( 'NONE',  ( 0.000000000000000000, 0.000000000000000000, -1.000000000000000000 ) ) ;
#3051 = EDGE_CURVE ( 'NONE', #6508, #5478, #3485, .T. ) ;
#3052 = DIRECTION ( 'NONE',  ( 1.000000000000000000, 0.000000000000000000, 0.000000000000000000 ) ) ;
#3053 = VERTEX_POINT ( 'NONE', #5996 ) ;
#3054 = DIRECTION ( 'NONE',  ( 0.000000000000000000, -0.000000000000000000, 1.000000000000000000 ) ) ;
#3055 = AXIS2_PLACEMENT_3D ( 'NONE', #1681, #2665, #9296 ) ;
#3056 = DIRECTION ( 'NONE',  ( 0.000000000000000000, 0.000000000000000000, -1.000000000000000000 ) ) ;
#3057 = EDGE_LOOP ( 'NONE', ( #9026, #9177, #6118, #3737 ) ) ;
#3058 = ORIENTED_EDGE ( 'NONE', *, *, #10219, .T. ) ;
#3059 = ORIENTED_EDGE ( 'NONE', *, *, #10692, .F. ) ;
#3060 = ADVANCED_FACE ( 'NONE', ( #4247 ), #9387, .T. ) ;
#3061 = EDGE_CURVE ( 'NONE', #7158, #8266, #6709, .T. ) ;
#3062 = LINE ( 'NONE', #8857, #5393 ) ;
#3063 = CARTESIAN_POINT ( 'NONE',  ( 50.00000000000000000, -6.604999999996530313, 32.69999999998740492 ) ) ;
#3064 = DIRECTION ( 'NONE',  ( -1.000000000000000000, -0.000000000000000000, -0.000000000000000000 ) ) ;
#3065 = CARTESIAN_POINT ( 'NONE',  ( 50.00000000000000000, -0.7049999999965139708, 37.49999999998743050 ) ) ;
#3066 = ORIENTED_EDGE ( 'NONE', *, *, #2249, .F. ) ;
#3067 = DIRECTION ( 'NONE',  ( -1.000000000000000000, -0.000000000000000000, -0.000000000000000000 ) ) ;
#3068 = LINE ( 'NONE', #6410, #4715 ) ;
#3069 = ORIENTED_EDGE ( 'NONE', *, *, #2979, .T. ) ;
#3070 = ORIENTED_EDGE ( 'NONE', *, *, #6992, .F. ) ;
#3071 = CYLINDRICAL_SURFACE ( 'NONE', #2130, 0.1999999999999779732 ) ;
#3072 = LINE ( 'NONE', #3137, #136 ) ;
#3073 = DIRECTION ( 'NONE',  ( -0.000000000000000000, 1.000000000000000000, 0.000000000000000000 ) ) ;
#3074 = DIRECTION ( 'NONE',  ( 0.000000000000000000, 1.000000000000000000, 0.000000000000000000 ) ) ;
#3075 = CARTESIAN_POINT ( 'NONE',  ( -50.00000000000000000, 10.79499999999633530, -35.80000000001126637 ) ) ;
#3076 = ORIENTED_EDGE ( 'NONE', *, *, #4449, .T. ) ;
#3077 = CIRCLE ( 'NONE', #9376, 0.5000000000000004441 ) ;
#3078 = ORIENTED_EDGE ( 'NONE', *, *, #8389, .T. ) ;
#3079 = EDGE_LOOP ( 'NONE', ( #8255, #166, #3867, #1341 ) ) ;
#3080 = ORIENTED_EDGE ( 'NONE', *, *, #1255, .F. ) ;
#3081 = CARTESIAN_POINT ( 'NONE',  ( 50.00000000000000000, -4.204999999996572591, 37.49999999998743050 ) ) ;
#3082 = DIRECTION ( 'NONE',  ( -1.000000000000000000, -0.000000000000000000, -0.000000000000000000 ) ) ;
#3083 = EDGE_CURVE ( 'NONE', #10785, #9886, #10108, .T. ) ;
#3084 = DIRECTION ( 'NONE',  ( 0.000000000000000000, 0.000000000000000000, -1.000000000000000000 ) ) ;
#3085 = VECTOR ( 'NONE', #1009, 1000.000000000000000 ) ;
#3086 = CARTESIAN_POINT ( 'NONE',  ( -50.00000000000000000, 21.04500000000353310, 27.98284271248752120 ) ) ;
#3087 = ORIENTED_EDGE ( 'NONE', *, *, #5052, .F. ) ;
#3088 = FACE_OUTER_BOUND ( 'NONE', #2293, .T. ) ;
#3089 = VERTEX_POINT ( 'NONE', #8504 ) ;
#3090 = CARTESIAN_POINT ( 'NONE',  ( -50.00000000000000000, -0.1649999999968621012, 34.79999999998739924 ) ) ;
#3091 = DIRECTION ( 'NONE',  ( 0.000000000000000000, 0.000000000000000000, -1.000000000000000000 ) ) ;
#3092 = AXIS2_PLACEMENT_3D ( 'NONE', #10792, #9982, #2481 ) ;
#3093 = VERTEX_POINT ( 'NONE', #5947 ) ;
#3094 = VECTOR ( 'NONE', #803, 1000.000000000000000 ) ;
#3095 = EDGE_CURVE ( 'NONE', #10802, #10271, #6043, .T. ) ;
#3096 = ORIENTED_EDGE ( 'NONE', *, *, #8388, .F. ) ;
#3097 = CARTESIAN_POINT ( 'NONE',  ( 50.00000000000000000, -3.704999999998848104, -34.00000000000547118 ) ) ;
#3098 = AXIS2_PLACEMENT_3D ( 'NONE', #7427, #10764, #4091 ) ;
#3099 = FACE_OUTER_BOUND ( 'NONE', #8145, .T. ) ;
#3100 = AXIS2_PLACEMENT_3D ( 'NONE', #8813, #7830, #3680 ) ;
#3101 = FACE_OUTER_BOUND ( 'NONE', #8736, .T. ) ;
#3102 = CARTESIAN_POINT ( 'NONE',  ( -50.00000000000000000, 0.03500000000122849286, -31.90000000000581082 ) ) ;
#3103 = FACE_OUTER_BOUND ( 'NONE', #6943, .T. ) ;
#3104 = ORIENTED_EDGE ( 'NONE', *, *, #3927, .T. ) ;
#3105 = PRODUCT_DEFINITION ( 'Œ¥', '', #3238, #256 ) ;
#3106 = CARTESIAN_POINT ( 'NONE',  ( 50.00000000000000000, 1.835000000001363318, -33.20000000000577955 ) ) ;
#3107 = EDGE_CURVE ( 'NONE', #4151, #9780, #1019, .T. ) ;
#3108 = VECTOR ( 'NONE', #9114, 1000.000000000000000 ) ;
#3109 = CARTESIAN_POINT ( 'NONE',  ( 50.00000000000000000, 17.28618095490396556, -32.03407417371493437 ) ) ;
#3110 = VECTOR ( 'NONE', #8122, 1000.000000000000000 ) ;
#3111 = EDGE_CURVE ( 'NONE', #4438, #7444, #4200, .T. ) ;
#3112 = ORIENTED_EDGE ( 'NONE', *, *, #4838, .T. ) ;
#3113 = ORIENTED_EDGE ( 'NONE', *, *, #3315, .F. ) ;
#3114 = ADVANCED_FACE ( 'NONE', ( #3323 ), #7690, .F. ) ;
#3115 = ORIENTED_EDGE ( 'NONE', *, *, #5274, .F. ) ;
#3116 = VECTOR ( 'NONE', #7820, 1000.000000000000000 ) ;
#3117 = LINE ( 'NONE', #9486, #3805 ) ;
#3118 = AXIS2_PLACEMENT_3D ( 'NONE', #8211, #3284, #1690 ) ;
#3119 = CARTESIAN_POINT ( 'NONE',  ( -50.00000000000000000, -3.704999999996516635, 37.99999999998743050 ) ) ;
#3120 = AXIS2_PLACEMENT_3D ( 'NONE', #6094, #1935, #6754 ) ;
#3121 = CARTESIAN_POINT ( 'NONE',  ( 50.00000000000000000, -6.204999999996574367, -37.50000000001251976 ) ) ;
#3122 = LINE ( 'NONE', #554, #5645 ) ;
#3123 = ORIENTED_EDGE ( 'NONE', *, *, #9940, .T. ) ;
#3124 = ORIENTED_EDGE ( 'NONE', *, *, #5404, .T. ) ;
#3125 = ADVANCED_FACE ( 'NONE', ( #6657 ), #10000, .F. ) ;
#3126 = DIRECTION ( 'NONE',  ( 0.000000000000000000, 0.000000000000000000, 1.000000000000000000 ) ) ;
#3127 = CARTESIAN_POINT ( 'NONE',  ( 50.00000000000000000, 8.795000000003438956, 37.99999999998743050 ) ) ;
#3128 = AXIS2_PLACEMENT_3D ( 'NONE', #474, #6334, #6222 ) ;
#3129 = ADVANCED_FACE ( 'NONE', ( #6867 ), #2497, .F. ) ;
#3130 = DIRECTION ( 'NONE',  ( 0.000000000000000000, 0.000000000000000000, -1.000000000000000000 ) ) ;
#3131 = EDGE_CURVE ( 'NONE', #7778, #5467, #10301, .T. ) ;
#3132 = VERTEX_POINT ( 'NONE', #967 ) ;
#3133 = ORIENTED_EDGE ( 'NONE', *, *, #2795, .T. ) ;
#3134 = VECTOR ( 'NONE', #4092, 1000.000000000000000 ) ;
#3135 = VECTOR ( 'NONE', #3693, 1000.000000000000000 ) ;
#3136 = CARTESIAN_POINT ( 'NONE',  ( 50.00000000000000000, -3.704999999996516635, 37.99999999998743050 ) ) ;
#3137 = CARTESIAN_POINT ( 'NONE',  ( 50.00000000000000000, 9.194999999996177564, -32.70000000001061125 ) ) ;
#3138 = DIRECTION ( 'NONE',  ( 0.000000000000000000, 0.000000000000000000, -1.000000000000000000 ) ) ;
#3139 = FACE_OUTER_BOUND ( 'NONE', #5528, .T. ) ;
#3140 = AXIS2_PLACEMENT_3D ( 'NONE', #3047, #6290, #3765 ) ;
#3141 = DIRECTION ( 'NONE',  ( -0.000000000000000000, -0.000000000000000000, -1.000000000000000000 ) ) ;
#3142 = EDGE_CURVE ( 'NONE', #8828, #10497, #8896, .T. ) ;
#3143 = ORIENTED_EDGE ( 'NONE', *, *, #8746, .F. ) ;
#3144 = ORIENTED_EDGE ( 'NONE', *, *, #4042, .T. ) ;
#3145 = VECTOR ( 'NONE', #2418, 1000.000000000000000 ) ;
#3146 = ORIENTED_EDGE ( 'NONE', *, *, #6344, .T. ) ;
#3147 = LINE ( 'NONE', #7359, #144 ) ;
#3148 = CARTESIAN_POINT ( 'NONE',  ( -50.00000000000000000, 0.05499999999625249103, -35.60000000001117826 ) ) ;
#3149 = LINE ( 'NONE', #4027, #2211 ) ;
#3150 = LINE ( 'NONE', #1617, #316 ) ;
#3151 = ORIENTED_EDGE ( 'NONE', *, *, #9163, .T. ) ;
#3152 = DIRECTION ( 'NONE',  ( -1.000000000000000000, -0.000000000000000000, -0.000000000000000000 ) ) ;
#3153 = ORIENTED_EDGE ( 'NONE', *, *, #2512, .F. ) ;
#3154 = FACE_OUTER_BOUND ( 'NONE', #7507, .T. ) ;
#3155 = LINE ( 'NONE', #10654, #1902 ) ;
#3156 = ORIENTED_EDGE ( 'NONE', *, *, #10210, .F. ) ;
#3157 = VERTEX_POINT ( 'NONE', #5121 ) ;
#3158 = DIRECTION ( 'NONE',  ( -1.000000000000000000, -0.000000000000000000, -0.000000000000000000 ) ) ;
#3159 = VECTOR ( 'NONE', #10780, 1000.000000000000000 ) ;
#3160 = DIRECTION ( 'NONE',  ( 0.000000000000000000, -0.000000000000000000, -1.000000000000000000 ) ) ;
#3161 = CARTESIAN_POINT ( 'NONE',  ( -50.00000000000000000, 0.7949999999964374453, -37.50000000001130473 ) ) ;
#3162 = CARTESIAN_POINT ( 'NONE',  ( 50.00000000000000000, 10.09499999999630049, -32.70000000001061125 ) ) ;
#3163 = PLANE ( 'NONE',  #6025 ) ;
#3164 = VERTEX_POINT ( 'NONE', #8456 ) ;
#3165 = EDGE_CURVE ( 'NONE', #6911, #7094, #6288, .T. ) ;
#3166 = DIRECTION ( 'NONE',  ( -1.000000000000000000, -0.000000000000000000, -0.000000000000000000 ) ) ;
#3167 = CARTESIAN_POINT ( 'NONE',  ( 50.00000000000000000, -6.704999999996519300, -35.80000000001248850 ) ) ;
#3168 = AXIS2_PLACEMENT_3D ( 'NONE', #4734, #576, #10586 ) ;
#3169 = ORIENTED_EDGE ( 'NONE', *, *, #2454, .T. ) ;
#3170 = ORIENTED_EDGE ( 'NONE', *, *, #4190, .T. ) ;
#3171 = VERTEX_POINT ( 'NONE', #8565 ) ;
#3172 = DIRECTION ( 'NONE',  ( -1.000000000000000000, -0.000000000000000000, -0.000000000000000000 ) ) ;
#3173 = DIRECTION ( 'NONE',  ( 0.000000000000000000, 0.000000000000000000, -1.000000000000000000 ) ) ;
#3174 = DIRECTION ( 'NONE',  ( 0.000000000000000000, 0.000000000000000000, -1.000000000000000000 ) ) ;
#3175 = COLOUR_RGB ( '',0.4274509803921568429, 0.4470588235294117307, 0.4274509803921568429 ) ;
#3176 = EDGE_CURVE ( 'NONE', #2834, #2301, #6805, .T. ) ;
#3177 = CARTESIAN_POINT ( 'NONE',  ( 50.00000000000000000, 12.79500000000344251, 33.99999999998737366 ) ) ;
#3178 = CARTESIAN_POINT ( 'NONE',  ( 50.00000000000000000, -17.45499999998545348, 32.99999999999025846 ) ) ;
#3179 = EDGE_LOOP ( 'NONE', ( #7570, #5727, #4432, #2526 ) ) ;
#3180 = VERTEX_POINT ( 'NONE', #9547 ) ;
#3181 = ADVANCED_FACE ( 'NONE', ( #8616 ), #6975, .T. ) ;
#3182 = CARTESIAN_POINT ( 'NONE',  ( -50.00000000000000000, 17.12416154990348360, -31.42940952261252718 ) ) ;
#3183 = DIRECTION ( 'NONE',  ( 0.000000000000000000, 0.7071067811865475727, -0.7071067811865475727 ) ) ;
#3184 = ORIENTED_EDGE ( 'NONE', *, *, #4046, .F. ) ;
#3185 = AXIS2_PLACEMENT_3D ( 'NONE', #334, #6135, #8809 ) ;
#3186 = ORIENTED_EDGE ( 'NONE', *, *, #9193, .T. ) ;
#3187 = ADVANCED_FACE ( 'NONE', ( #5386 ), #353, .T. ) ;
#3188 = EDGE_CURVE ( 'NONE', #3747, #3632, #7790, .T. ) ;
#3189 = CARTESIAN_POINT ( 'NONE',  ( -50.00000000000000000, 3.295000000003489582, 37.49999999998743050 ) ) ;
#3190 = ADVANCED_FACE ( 'NONE', ( #1941 ), #4463, .F. ) ;
#3191 = DIRECTION ( 'NONE',  ( 0.000000000000000000, 0.000000000000000000, -1.000000000000000000 ) ) ;
#3192 = DIRECTION ( 'NONE',  ( 0.000000000000000000, 0.000000000000000000, -1.000000000000000000 ) ) ;
#3193 = DIRECTION ( 'NONE',  ( 0.000000000000000000, 0.000000000000000000, -1.000000000000000000 ) ) ;
#3194 = VECTOR ( 'NONE', #6342, 1000.000000000000000 ) ;
#3195 = EDGE_CURVE ( 'NONE', #7844, #2735, #6209, .T. ) ;
#3196 = DIRECTION ( 'NONE',  ( 1.000000000000000000, 0.000000000000000000, 0.000000000000000000 ) ) ;
#3197 = ORIENTED_EDGE ( 'NONE', *, *, #4082, .F. ) ;
#3198 = ORIENTED_EDGE ( 'NONE', *, *, #8010, .F. ) ;
#3199 = VERTEX_POINT ( 'NONE', #8773 ) ;
#3200 = AXIS2_PLACEMENT_3D ( 'NONE', #10191, #180, #6899 ) ;
#3201 = VERTEX_POINT ( 'NONE', #4619 ) ;
#3202 = EDGE_CURVE ( 'NONE', #5292, #1347, #7742, .T. ) ;
#3203 = DIRECTION ( 'NONE',  ( 0.000000000000000000, 0.000000000000000000, 1.000000000000000000 ) ) ;
#3204 = DIRECTION ( 'NONE',  ( 0.000000000000000000, 0.000000000000000000, -1.000000000000000000 ) ) ;
#3205 = CARTESIAN_POINT ( 'NONE',  ( 50.00000000000000000, 11.89499999999632607, -32.70000000001061125 ) ) ;
#3206 = CARTESIAN_POINT ( 'NONE',  ( 50.00000000000000000, 0.05500000000346894069, 35.59999999998741771 ) ) ;
#3207 = ORIENTED_EDGE ( 'NONE', *, *, #8416, .F. ) ;
#3208 = CARTESIAN_POINT ( 'NONE',  ( 50.00000000000000000, 4.294999999996496065, -35.80000000001126637 ) ) ;
#3209 = DIRECTION ( 'NONE',  ( -0.000000000000000000, 1.000000000000000000, -0.000000000000000000 ) ) ;
#3210 = ORIENTED_EDGE ( 'NONE', *, *, #3165, .T. ) ;
#3211 = DIRECTION ( 'NONE',  ( 1.000000000000000000, 0.000000000000000000, -0.000000000000000000 ) ) ;
#3212 = CARTESIAN_POINT ( 'NONE',  ( 50.00000000000000000, -6.204999999996574367, 37.99999999998738076 ) ) ;
#3213 = EDGE_LOOP ( 'NONE', ( #8057, #4656, #2089, #4543 ) ) ;
#3214 = DIRECTION ( 'NONE',  ( 1.000000000000000000, 0.000000000000000000, 0.000000000000000000 ) ) ;
#3215 = DIRECTION ( 'NONE',  ( 1.000000000000000000, 0.000000000000000000, 0.000000000000000000 ) ) ;
#3216 = CARTESIAN_POINT ( 'NONE',  ( 50.00000000000000000, 0.05499999999614146873, -31.90000000001080949 ) ) ;
#3217 = VECTOR ( 'NONE', #169, 1000.000000000000000 ) ;
#3218 = DIRECTION ( 'NONE',  ( 0.000000000000000000, -1.000000000000000000, 0.000000000000000000 ) ) ;
#3219 = ORIENTED_EDGE ( 'NONE', *, *, #119, .T. ) ;
#3220 = DIRECTION ( 'NONE',  ( 0.000000000000000000, 0.000000000000000000, 1.000000000000000000 ) ) ;
#3221 = LINE ( 'NONE', #6617, #1548 ) ;
#3222 = VERTEX_POINT ( 'NONE', #249 ) ;
#3223 = ORIENTED_EDGE ( 'NONE', *, *, #3718, .T. ) ;
#3224 = ORIENTED_EDGE ( 'NONE', *, *, #6400, .T. ) ;
#3225 = LINE ( 'NONE', #7438, #3812 ) ;
#3226 =( NAMED_UNIT ( * ) SI_UNIT ( $, .STERADIAN. ) SOLID_ANGLE_UNIT ( ) );
#3227 = LINE ( 'NONE', #6565, #5807 ) ;
#3228 = VECTOR ( 'NONE', #6816, 1000.000000000000000 ) ;
#3229 = LINE ( 'NONE', #3177, #2066 ) ;
#3230 = DIRECTION ( 'NONE',  ( 0.000000000000000000, 1.000000000000000000, 0.000000000000000000 ) ) ;
#3231 = VERTEX_POINT ( 'NONE', #9605 ) ;
#3232 = ORIENTED_EDGE ( 'NONE', *, *, #5818, .F. ) ;
#3233 = AXIS2_PLACEMENT_3D ( 'NONE', #2113, #1084, #6112 ) ;
#3234 = DIRECTION ( 'NONE',  ( 0.000000000000000000, 1.000000000000000000, 0.000000000000000000 ) ) ;
#3235 = DIRECTION ( 'NONE',  ( -1.000000000000000000, -0.000000000000000000, -0.000000000000000000 ) ) ;
#3236 = ORIENTED_EDGE ( 'NONE', *, *, #1659, .F. ) ;
#3237 = ORIENTED_EDGE ( 'NONE', *, *, #3536, .F. ) ;
#3238 = PRODUCT_DEFINITION_FORMATION_WITH_SPECIFIED_SOURCE ( '»Œ', '', #810, .NOT_KNOWN. ) ;
#3239 = ADVANCED_FACE ( 'NONE', ( #10421 ), #1996, .F. ) ;
#3240 = UNCERTAINTY_MEASURE_WITH_UNIT (LENGTH_MEASURE( 1.000000000000000082E-05 ), #6154, 'distance_accuracy_value', 'NONE');
#3241 = CARTESIAN_POINT ( 'NONE',  ( 50.00000000000000000, -17.45499999998545348, 31.99999999998771827 ) ) ;
#3242 = CARTESIAN_POINT ( 'NONE',  ( 50.00000000000000000, 4.294999999996496065, -37.50000000001130473 ) ) ;
#3243 = DIRECTION ( 'NONE',  ( 0.000000000000000000, -0.000000000000000000, -1.000000000000000000 ) ) ;
#3244 = LINE ( 'NONE', #4019, #10820 ) ;
#3245 = CARTESIAN_POINT ( 'NONE',  ( 50.00000000000000000, 16.29500000001615945, -37.99999999999981526 ) ) ;
#3246 = ORIENTED_EDGE ( 'NONE', *, *, #10675, .F. ) ;
#3247 = EDGE_CURVE ( 'NONE', #4278, #8048, #1127, .T. ) ;
#3248 = EDGE_CURVE ( 'NONE', #7408, #9417, #1178, .T. ) ;
#3249 = EDGE_LOOP ( 'NONE', ( #8402, #198, #4137, #3186 ) ) ;
#3250 = EDGE_CURVE ( 'NONE', #5522, #4249, #1234, .T. ) ;
#3251 = EDGE_LOOP ( 'NONE', ( #4367, #793, #8366, #6818 ) ) ;
#3252 = ORIENTED_EDGE ( 'NONE', *, *, #4530, .T. ) ;
#3253 = EDGE_CURVE ( 'NONE', #3201, #5817, #408, .T. ) ;
#3254 = LINE ( 'NONE', #6587, #3108 ) ;
#3255 = DIRECTION ( 'NONE',  ( 0.000000000000000000, 0.000000000000000000, 1.000000000000000000 ) ) ;
#3256 = DIRECTION ( 'NONE',  ( -1.000000000000000000, -0.000000000000000000, -0.000000000000000000 ) ) ;
#3257 = CARTESIAN_POINT ( 'NONE',  ( 50.00000000000000000, 11.79500000000355264, 37.49999999998743050 ) ) ;
#3258 = ORIENTED_EDGE ( 'NONE', *, *, #10205, .T. ) ;
#3259 = CIRCLE ( 'NONE', #1514, 0.5000000000001114664 ) ;
#3260 = CARTESIAN_POINT ( 'NONE',  ( -50.00000000000000000, 20.98642135624076488, 27.84142135622455427 ) ) ;
#3261 = DIRECTION ( 'NONE',  ( 0.000000000000000000, 0.000000000000000000, 1.000000000000000000 ) ) ;
#3262 = ORIENTED_EDGE ( 'NONE', *, *, #3735, .F. ) ;
#3263 = CARTESIAN_POINT ( 'NONE',  ( 50.00000000000000000, 0.03500000000355996121, 35.59999999998741771 ) ) ;
#3264 = EDGE_CURVE ( 'NONE', #572, #6900, #3585, .T. ) ;
#3265 = DIRECTION ( 'NONE',  ( -0.000000000000000000, -0.000000000000000000, 1.000000000000000000 ) ) ;
#3266 = EDGE_CURVE ( 'NONE', #1651, #10129, #2758, .T. ) ;
#3267 = ORIENTED_EDGE ( 'NONE', *, *, #8737, .T. ) ;
#3268 = CIRCLE ( 'NONE', #7965, 0.1999999999999224620 ) ;
#3269 = LINE ( 'NONE', #8300, #7986 ) ;
#3270 = DIRECTION ( 'NONE',  ( 0.000000000000000000, 0.000000000000000000, 1.000000000000000000 ) ) ;
#3271 = CARTESIAN_POINT ( 'NONE',  ( -50.00000000000000000, 2.154999999996354276, -32.90000000001091962 ) ) ;
#3272 = DIRECTION ( 'NONE',  ( -0.000000000000000000, -0.9659258262876316836, -0.2588190451078820065 ) ) ;
#3273 = VERTEX_POINT ( 'NONE', #821 ) ;
#3274 = LINE ( 'NONE', #9846, #5141 ) ;
#3275 = VECTOR ( 'NONE', #7186, 1000.000000000000000 ) ;
#3276 = EDGE_CURVE ( 'NONE', #5244, #6411, #7330, .T. ) ;
#3277 = DIRECTION ( 'NONE',  ( -0.000000000000000000, -0.000000000000000000, 1.000000000000000000 ) ) ;
#3278 = EDGE_LOOP ( 'NONE', ( #89, #8098, #4921, #805 ) ) ;
#3279 = CIRCLE ( 'NONE', #9919, 0.2000000000000889955 ) ;
#3280 = ORIENTED_EDGE ( 'NONE', *, *, #2509, .F. ) ;
#3281 = ORIENTED_EDGE ( 'NONE', *, *, #5243, .F. ) ;
#3282 = CARTESIAN_POINT ( 'NONE',  ( -50.00000000000000000, 17.60712446310353130, 30.79999999998739213 ) ) ;
#3283 = CIRCLE ( 'NONE', #6065, 1.000000000007446266 ) ;
#3284 = DIRECTION ( 'NONE',  ( -1.000000000000000000, -0.000000000000000000, -0.000000000000000000 ) ) ;
#3285 = DIRECTION ( 'NONE',  ( -0.000000000000000000, -0.000000000000000000, 1.000000000000000000 ) ) ;
#3286 = DIRECTION ( 'NONE',  ( 0.000000000000000000, 0.000000000000000000, -1.000000000000000000 ) ) ;
#3287 = CARTESIAN_POINT ( 'NONE',  ( 50.00000000000000000, 12.09499999999630404, -32.50000000001062972 ) ) ;
#3288 = VERTEX_POINT ( 'NONE', #8312 ) ;
#3289 = ORIENTED_EDGE ( 'NONE', *, *, #6522, .T. ) ;
#3290 = VECTOR ( 'NONE', #2295, 1000.000000000000000 ) ;
#3291 = CARTESIAN_POINT ( 'NONE',  ( 50.00000000000000000, 13.29499999999650406, -35.80000000001126637 ) ) ;
#3292 = DIRECTION ( 'NONE',  ( 0.000000000000000000, -0.000000000000000000, -1.000000000000000000 ) ) ;
#3293 = VECTOR ( 'NONE', #7053, 1000.000000000000000 ) ;
#3294 = ORIENTED_EDGE ( 'NONE', *, *, #10359, .F. ) ;
#3295 = ORIENTED_EDGE ( 'NONE', *, *, #10018, .T. ) ;
#3297 = EDGE_CURVE ( 'NONE', #5658, #8940, #5689, .T. ) ;
#3296 = MECHANICAL_DESIGN_GEOMETRIC_PRESENTATION_REPRESENTATION (  '', ( #10458 ), #10808 ) ;
#3298 = AXIS2_PLACEMENT_3D ( 'NONE', #10809, #855, #10047 ) ;
#3299 = CARTESIAN_POINT ( 'NONE',  ( 50.00000000000000000, -17.45500000000122043, -32.99999999999436540 ) ) ;
#3300 = CARTESIAN_POINT ( 'NONE',  ( 50.00000000000000000, -17.03416154989452735, -31.42940952259099774 ) ) ;
#3301 = AXIS2_PLACEMENT_3D ( 'NONE', #4796, #3091, #3974 ) ;
#3302 = CARTESIAN_POINT ( 'NONE',  ( 50.00000000000000000, -14.20499999999658058, -35.80000000001248850 ) ) ;
#3303 = CARTESIAN_POINT ( 'NONE',  ( -50.00000000000000000, -14.88440952255201388, 32.31121235747549747 ) ) ;
#3304 = DIRECTION ( 'NONE',  ( 0.000000000000000000, -0.000000000000000000, -1.000000000000000000 ) ) ;
#3306 = ADVANCED_FACE ( 'NONE', ( #1689 ), #5029, .T. ) ;
#3305 = VECTOR ( 'NONE', #6037, 1000.000000000000000 ) ;
#3307 = ORIENTED_EDGE ( 'NONE', *, *, #10267, .T. ) ;
#3308 = VERTEX_POINT ( 'NONE', #10069 ) ;
#3309 = DIRECTION ( 'NONE',  ( 0.000000000000000000, -0.000000000000000000, 1.000000000000000000 ) ) ;
#3310 = DIRECTION ( 'NONE',  ( 0.000000000000000000, 0.000000000000000000, -1.000000000000000000 ) ) ;
#3311 = DIRECTION ( 'NONE',  ( -1.000000000000000000, -0.000000000000000000, -0.000000000000000000 ) ) ;
#3312 = VECTOR ( 'NONE', #10266, 1000.000000000000000 ) ;
#3313 = LINE ( 'NONE', #10703, #9758 ) ;
#3314 = ORIENTED_EDGE ( 'NONE', *, *, #10222, .T. ) ;
#3315 = EDGE_CURVE ( 'NONE', #6999, #8699, #8025, .T. ) ;
#3316 = LINE ( 'NONE', #4030, #10098 ) ;
#3317 = DIRECTION ( 'NONE',  ( -1.000000000000000000, -0.000000000000000000, -0.000000000000000000 ) ) ;
#3318 = CIRCLE ( 'NONE', #5933, 0.4999999999999449329 ) ;
#3319 = ORIENTED_EDGE ( 'NONE', *, *, #10495, .F. ) ;
#3320 = EDGE_CURVE ( 'NONE', #132, #3164, #3225, .T. ) ;
#3321 = DIRECTION ( 'NONE',  ( 0.000000000000000000, 0.000000000000000000, 1.000000000000000000 ) ) ;
#3322 = CIRCLE ( 'NONE', #5766, 0.1999999999999779732 ) ;
#3323 = FACE_OUTER_BOUND ( 'NONE', #1677, .T. ) ;
#3324 = EDGE_LOOP ( 'NONE', ( #2320, #3923, #3908, #8442 ) ) ;
#3325 = CARTESIAN_POINT ( 'NONE',  ( 50.00000000000000000, 17.54499999999248416, -33.00000000001546141 ) ) ;
#3326 = EDGE_CURVE ( 'NONE', #9493, #3478, #3318, .T. ) ;
#3327 = DIRECTION ( 'NONE',  ( 1.000000000000000000, 0.000000000000000000, 0.000000000000000000 ) ) ;
#3328 = CARTESIAN_POINT ( 'NONE',  ( -50.00000000000000000, 3.795000000003434515, 37.49999999998743050 ) ) ;
#3329 = EDGE_CURVE ( 'NONE', #7419, #2843, #2352, .T. ) ;
#3330 = EDGE_CURVE ( 'NONE', #5337, #9335, #8258, .T. ) ;
#3331 = DIRECTION ( 'NONE',  ( 0.000000000000000000, 0.000000000000000000, -1.000000000000000000 ) ) ;
#3332 = VERTEX_POINT ( 'NONE', #3391 ) ;
#3333 = CARTESIAN_POINT ( 'NONE',  ( -50.00000000000000000, 14.34499999999616549, -32.79417527061067972 ) ) ;
#3334 = DIRECTION ( 'NONE',  ( 0.000000000000000000, 0.9659258262868436473, -0.2588190451108232093 ) ) ;
#3335 = ORIENTED_EDGE ( 'NONE', *, *, #6329, .F. ) ;
#3336 = AXIS2_PLACEMENT_3D ( 'NONE', #7389, #3230, #6567 ) ;
#3337 = ORIENTED_EDGE ( 'NONE', *, *, #9457, .T. ) ;
#3338 = ORIENTED_EDGE ( 'NONE', *, *, #8596, .T. ) ;
#3339 = CARTESIAN_POINT ( 'NONE',  ( 50.00000000000000000, -7.104999999998806715, -32.70000000000561613 ) ) ;
#3340 = DIRECTION ( 'NONE',  ( 1.000000000000000000, 0.000000000000000000, -0.000000000000000000 ) ) ;
#3341 = EDGE_CURVE ( 'NONE', #3682, #379, #9142, .T. ) ;
#3342 = CARTESIAN_POINT ( 'NONE',  ( -50.00000000000000000, 6.795000000003326157, 37.49999999998743050 ) ) ;
#3343 = DIRECTION ( 'NONE',  ( 0.000000000000000000, 0.000000000000000000, -1.000000000000000000 ) ) ;
#3344 = LINE ( 'NONE', #6887, #1064 ) ;
#3345 = VERTEX_POINT ( 'NONE', #3282 ) ;
#3346 = ORIENTED_EDGE ( 'NONE', *, *, #4730, .F. ) ;
#3347 = CIRCLE ( 'NONE', #10166, 0.4999999999999449329 ) ;
#3348 = CARTESIAN_POINT ( 'NONE',  ( 50.00000000000000000, 2.154999999996354276, -34.60000000001095799 ) ) ;
#3349 = CARTESIAN_POINT ( 'NONE',  ( -50.00000000000000000, 8.294999999996555573, -37.50000000001130473 ) ) ;
#3350 = ORIENTED_EDGE ( 'NONE', *, *, #9955, .F. ) ;
#3351 = ORIENTED_EDGE ( 'NONE', *, *, #7913, .T. ) ;
#3352 = VECTOR ( 'NONE', #2094, 1000.000000000000000 ) ;
#3353 = DIRECTION ( 'NONE',  ( -1.000000000000000000, -0.000000000000000000, -0.000000000000000000 ) ) ;
#3354 = CARTESIAN_POINT ( 'NONE',  ( 50.00000000000000000, 0.2550000000035579362, 31.69999999998729479 ) ) ;
#3355 = PLANE ( 'NONE',  #7394 ) ;
#3356 = ORIENTED_EDGE ( 'NONE', *, *, #1035, .F. ) ;
#3357 = CARTESIAN_POINT ( 'NONE',  ( 50.00000000000000000, -9.104999999996476134, 33.99999999998737366 ) ) ;
#3358 = CARTESIAN_POINT ( 'NONE',  ( 50.00000000000000000, -4.104999999996472582, 31.69999999998751505 ) ) ;
#3359 = AXIS2_PLACEMENT_3D ( 'NONE', #277, #1105, #1217 ) ;
#3360 = ORIENTED_EDGE ( 'NONE', *, *, #5251, .T. ) ;
#3361 = ORIENTED_EDGE ( 'NONE', *, *, #3856, .F. ) ;
#3362 = DIRECTION ( 'NONE',  ( -1.000000000000000000, -0.000000000000000000, -0.000000000000000000 ) ) ;
#3363 = VECTOR ( 'NONE', #853, 1000.000000000000000 ) ;
#3364 = FACE_OUTER_BOUND ( 'NONE', #2891, .T. ) ;
#3365 = CARTESIAN_POINT ( 'NONE',  ( 50.00000000000000000, 10.79499999999633530, -35.80000000001126637 ) ) ;
#3366 = DIRECTION ( 'NONE',  ( -1.000000000000000000, -0.000000000000000000, -0.000000000000000000 ) ) ;
#3367 = LINE ( 'NONE', #1503, #6079 ) ;
#3368 = ORIENTED_EDGE ( 'NONE', *, *, #235, .F. ) ;
#3369 = CARTESIAN_POINT ( 'NONE',  ( -50.00000000000000000, 0.05499999999614146873, -32.70000000001083151 ) ) ;
#3370 = CARTESIAN_POINT ( 'NONE',  ( 50.00000000000000000, 0.7949999999964374453, -35.80000000001126637 ) ) ;
#3371 = ORIENTED_EDGE ( 'NONE', *, *, #4805, .F. ) ;
#3372 = FACE_OUTER_BOUND ( 'NONE', #106, .T. ) ;
#3373 = LINE ( 'NONE', #9176, #5924 ) ;
#3374 = VECTOR ( 'NONE', #8661, 1000.000000000000000 ) ;
#3375 = ORIENTED_EDGE ( 'NONE', *, *, #7730, .T. ) ;
#3376 = EDGE_CURVE ( 'NONE', #8579, #4706, #9851, .T. ) ;
#3377 = DIRECTION ( 'NONE',  ( 0.000000000000000000, 0.000000000000000000, -1.000000000000000000 ) ) ;
#3378 = DIRECTION ( 'NONE',  ( 0.000000000000000000, 0.000000000000000000, -1.000000000000000000 ) ) ;
#3379 = EDGE_CURVE ( 'NONE', #7256, #7410, #2563, .T. ) ;
#3380 = CARTESIAN_POINT ( 'NONE',  ( 50.00000000000000000, -20.95499999999650242, 34.99999999998737366 ) ) ;
#3381 = CARTESIAN_POINT ( 'NONE',  ( 50.00000000000000000, -20.89642135623381947, -27.84142135624989578 ) ) ;
#3382 = ORIENTED_EDGE ( 'NONE', *, *, #6198, .F. ) ;
#3383 = LINE ( 'NONE', #2720, #1300 ) ;
#3384 = EDGE_CURVE ( 'NONE', #5522, #7329, #10670, .T. ) ;
#3385 = LINE ( 'NONE', #6719, #3829 ) ;
#3386 = ORIENTED_EDGE ( 'NONE', *, *, #8463, .F. ) ;
#3387 = EDGE_CURVE ( 'NONE', #6299, #3897, #5803, .T. ) ;
#3388 = ORIENTED_EDGE ( 'NONE', *, *, #4510, .F. ) ;
#3389 = ADVANCED_FACE ( 'NONE', ( #10019 ), #2514, .T. ) ;
#3390 = VECTOR ( 'NONE', #1312, 1000.000000000000000 ) ;
#3391 = CARTESIAN_POINT ( 'NONE',  ( -50.00000000000000000, 19.04500000000353310, -30.80000000001248495 ) ) ;
#3392 = EDGE_CURVE ( 'NONE', #7648, #9769, #55, .T. ) ;
#3393 = DIRECTION ( 'NONE',  ( 0.000000000000000000, 0.000000000000000000, 1.000000000000000000 ) ) ;
#3394 = DIRECTION ( 'NONE',  ( 1.000000000000000000, 0.000000000000000000, 0.000000000000000000 ) ) ;
#3395 = VECTOR ( 'NONE', #1151, 1000.000000000000000 ) ;
#3396 = DIRECTION ( 'NONE',  ( -1.000000000000000000, -0.000000000000000000, -0.000000000000000000 ) ) ;
#3397 = VERTEX_POINT ( 'NONE', #9906 ) ;
#3398 = ORIENTED_EDGE ( 'NONE', *, *, #3264, .F. ) ;
#3399 = DIRECTION ( 'NONE',  ( -0.000000000000000000, 1.000000000000000000, -0.000000000000000000 ) ) ;
#3400 = FACE_OUTER_BOUND ( 'NONE', #8722, .T. ) ;
#3401 = ORIENTED_EDGE ( 'NONE', *, *, #4012, .F. ) ;
#3402 = ADVANCED_FACE ( 'NONE', ( #6726 ), #2408, .T. ) ;
#3403 = ORIENTED_EDGE ( 'NONE', *, *, #1035, .T. ) ;
#3404 = EDGE_CURVE ( 'NONE', #10802, #5896, #882, .T. ) ;
#3405 = VECTOR ( 'NONE', #5990, 1000.000000000000000 ) ;
#3406 = DIRECTION ( 'NONE',  ( 0.000000000000000000, 0.000000000000000000, -1.000000000000000000 ) ) ;
#3407 = DIRECTION ( 'NONE',  ( 0.000000000000000000, 0.2588190451708825557, 0.9659258262707508536 ) ) ;
#3408 = LINE ( 'NONE', #1812, #232 ) ;
#3409 = ORIENTED_EDGE ( 'NONE', *, *, #6994, .F. ) ;
#3410 = DIRECTION ( 'NONE',  ( -1.000000000000000000, 0.000000000000000000, -0.000000000000000000 ) ) ;
#3411 = CARTESIAN_POINT ( 'NONE',  ( 50.00000000000000000, -13.70499999999652552, 37.49999999998743050 ) ) ;
#3412 = AXIS2_PLACEMENT_3D ( 'NONE', #1739, #5792, #8359 ) ;
#3413 = ORIENTED_EDGE ( 'NONE', *, *, #10555, .F. ) ;
#3414 = EDGE_LOOP ( 'NONE', ( #9350, #4446, #2135, #9149 ) ) ;
#3415 = DIRECTION ( 'NONE',  ( -1.000000000000000000, -0.000000000000000000, -0.000000000000000000 ) ) ;
#3416 = DIRECTION ( 'NONE',  ( 1.000000000000000000, 0.000000000000000000, 0.000000000000000000 ) ) ;
#3417 = LINE ( 'NONE', #5111, #2913 ) ;
#3418 = CARTESIAN_POINT ( 'NONE',  ( -50.00000000000000000, -17.45499999998545348, 32.99999999999025846 ) ) ;
#3419 = CIRCLE ( 'NONE', #9015, 0.5000000000001114664 ) ;
#3420 = FACE_OUTER_BOUND ( 'NONE', #4272, .T. ) ;
#3421 = ORIENTED_EDGE ( 'NONE', *, *, #2319, .T. ) ;
#3422 = FACE_OUTER_BOUND ( 'NONE', #819, .T. ) ;
#3423 = LINE ( 'NONE', #9997, #8487 ) ;
#3424 = VERTEX_POINT ( 'NONE', #9249 ) ;
#3425 = LINE ( 'NONE', #861, #8555 ) ;
#3426 = DIRECTION ( 'NONE',  ( 0.000000000000000000, -0.000000000000000000, 1.000000000000000000 ) ) ;
#3427 = VERTEX_POINT ( 'NONE', #6119 ) ;
#3428 = CARTESIAN_POINT ( 'NONE',  ( 50.00000000000000000, -20.75499999999652800, 27.98284271246187416 ) ) ;
#3429 = FACE_OUTER_BOUND ( 'NONE', #3278, .T. ) ;
#3430 = CARTESIAN_POINT ( 'NONE',  ( 50.00000000000000000, 0.05500000000346894069, 35.59999999998741771 ) ) ;
#3431 = FACE_OUTER_BOUND ( 'NONE', #3798, .T. ) ;
#3432 = ORIENTED_EDGE ( 'NONE', *, *, #2451, .F. ) ;
#3433 = DIRECTION ( 'NONE',  ( 0.000000000000000000, 0.000000000000000000, -1.000000000000000000 ) ) ;
#3434 = DIRECTION ( 'NONE',  ( 0.000000000000000000, 0.000000000000000000, 1.000000000000000000 ) ) ;
#3435 = EDGE_CURVE ( 'NONE', #8902, #5717, #4479, .T. ) ;
#3436 = AXIS2_PLACEMENT_3D ( 'NONE', #3328, #4205, #10007 ) ;
#3437 = ORIENTED_EDGE ( 'NONE', *, *, #8858, .F. ) ;
#3438 = ORIENTED_EDGE ( 'NONE', *, *, #865, .T. ) ;
#3439 = CARTESIAN_POINT ( 'NONE',  ( -50.00000000000000000, 1.995000000003521734, 32.19999999998756834 ) ) ;
#3440 = CARTESIAN_POINT ( 'NONE',  ( 50.00000000000000000, -4.104999999996472582, 31.69999999998751505 ) ) ;
#3441 = VECTOR ( 'NONE', #8609, 1000.000000000000000 ) ;
#3442 = EDGE_CURVE ( 'NONE', #10053, #10694, #1849, .T. ) ;
#3443 = LINE ( 'NONE', #1853, #10500 ) ;
#3444 = VERTEX_POINT ( 'NONE', #3661 ) ;
#3445 = EDGE_LOOP ( 'NONE', ( #2741, #5041, #3028, #9443 ) ) ;
#3446 = EDGE_CURVE ( 'NONE', #53, #10238, #9303, .T. ) ;
#3447 = LINE ( 'NONE', #9256, #248 ) ;
#3448 = VECTOR ( 'NONE', #5565, 1000.000000000000000 ) ;
#3449 = DIRECTION ( 'NONE',  ( 0.000000000000000000, -1.000000000000000000, 0.000000000000000000 ) ) ;
#3450 = ADVANCED_FACE ( 'NONE', ( #2621 ), #9405, .F. ) ;
#3451 = ORIENTED_EDGE ( 'NONE', *, *, #5542, .F. ) ;
#3452 = ORIENTED_EDGE ( 'NONE', *, *, #4990, .T. ) ;
#3453 = ORIENTED_EDGE ( 'NONE', *, *, #105, .F. ) ;
#3454 = AXIS2_PLACEMENT_3D ( 'NONE', #7883, #7011, #4603 ) ;
#3455 = CIRCLE ( 'NONE', #9746, 0.2000000000000716482 ) ;
#3456 = EDGE_CURVE ( 'NONE', #9862, #1552, #5245, .T. ) ;
#3457 = CARTESIAN_POINT ( 'NONE',  ( 50.00000000000000000, 3.294999999996495177, -35.80000000001126637 ) ) ;
#3458 = VECTOR ( 'NONE', #3518, 1000.000000000000000 ) ;
#3459 = FACE_OUTER_BOUND ( 'NONE', #7084, .T. ) ;
#3460 = EDGE_CURVE ( 'NONE', #9164, #4610, #8523, .T. ) ;
#3461 = CARTESIAN_POINT ( 'NONE',  ( 50.00000000000000000, -10.00499999999648892, 33.99999999998737366 ) ) ;
#3462 = ORIENTED_EDGE ( 'NONE', *, *, #449, .T. ) ;
#3463 = DIRECTION ( 'NONE',  ( -0.000000000000000000, -0.000000000000000000, 1.000000000000000000 ) ) ;
#3464 = EDGE_CURVE ( 'NONE', #8126, #7396, #1144, .T. ) ;
#3465 = DIRECTION ( 'NONE',  ( 0.000000000000000000, -1.000000000000000000, 0.000000000000000000 ) ) ;
#3466 = VECTOR ( 'NONE', #6457, 1000.000000000000000 ) ;
#3467 = AXIS2_PLACEMENT_3D ( 'NONE', #5610, #631, #3969 ) ;
#3468 = ORIENTED_EDGE ( 'NONE', *, *, #513, .T. ) ;
#3469 = ORIENTED_EDGE ( 'NONE', *, *, #8930, .F. ) ;
#3470 = AXIS2_PLACEMENT_3D ( 'NONE', #2890, #7002, #10508 ) ;
#3471 = DIRECTION ( 'NONE',  ( 1.000000000000000000, 0.000000000000000000, 0.000000000000000000 ) ) ;
#3472 = FACE_OUTER_BOUND ( 'NONE', #4220, .T. ) ;
#3473 = CARTESIAN_POINT ( 'NONE',  ( -50.00000000000000000, -9.804999999998509352, -32.50000000000563460 ) ) ;
#3474 = ADVANCED_FACE ( 'NONE', ( #6775 ), #6011, .F. ) ;
#3475 = DIRECTION ( 'NONE',  ( -1.000000000000000000, -0.000000000000000000, -0.000000000000000000 ) ) ;
#3476 = VECTOR ( 'NONE', #4587, 1000.000000000000000 ) ;
#3477 = CARTESIAN_POINT ( 'NONE',  ( -50.00000000000000000, -18.95499999999827878, 30.79999999999438742 ) ) ;
#3478 = VERTEX_POINT ( 'NONE', #6935 ) ;
#3479 = VECTOR ( 'NONE', #4725, 1000.000000000000000 ) ;
#3480 = DIRECTION ( 'NONE',  ( -0.000000000000000000, -0.000000000000000000, 1.000000000000000000 ) ) ;
#3481 = CYLINDRICAL_SURFACE ( 'NONE', #6214, 0.4999999999999449329 ) ;
#3482 = EDGE_LOOP ( 'NONE', ( #3703, #8765, #3992, #10491 ) ) ;
#3483 = PLANE ( 'NONE',  #10307 ) ;
#3484 = AXIS2_PLACEMENT_3D ( 'NONE', #5242, #7645, #6829 ) ;
#3485 = LINE ( 'NONE', #6820, #1212 ) ;
#3486 = ORIENTED_EDGE ( 'NONE', *, *, #8731, .F. ) ;
#3487 = VECTOR ( 'NONE', #7967, 1000.000000000000000 ) ;
#3488 = DIRECTION ( 'NONE',  ( 0.000000000000000000, 0.000000000000000000, 1.000000000000000000 ) ) ;
#3489 = CARTESIAN_POINT ( 'NONE',  ( 50.00000000000000000, -11.80499999999840099, -34.00000000000547118 ) ) ;
#3490 = LINE ( 'NONE', #10168, #5526 ) ;
#3491 = VECTOR ( 'NONE', #2550, 1000.000000000000000 ) ;
#3492 = LINE ( 'NONE', #10116, #7943 ) ;
#3493 = ORIENTED_EDGE ( 'NONE', *, *, #848, .T. ) ;
#3494 = CARTESIAN_POINT ( 'NONE',  ( 50.00000000000000000, 17.54499999999248416, -32.00000000000801492 ) ) ;
#3495 = DIRECTION ( 'NONE',  ( -1.000000000000000000, 0.000000000000000000, -0.000000000000000000 ) ) ;
#3496 = EDGE_LOOP ( 'NONE', ( #5838, #549, #9499, #2268, #10446, #9331, #271, #7941, #5490, #10347, #9128, #880, #10437, #6413, #8110, #8457, #7138, #4484, #331, #2930, #3577, #8256, #9157, #3918, #1565, #8408, #8914, #8863, #10642, #2082, #10134, #9048, #930, #274, #5614, #820, #2602, #5827, #2642, #10447, #2406, #3668, #8584, #8705, #3641, #5492, #5301, #1877, #7908, #9259, #9699, #1100, #2849, #8443, #6364, #8206, #10583, #9643, #8798, #1768, #3797, #1394, #7152, #4075, #4360, #6164, #3337, #7664, #8043, #5887, #8097, #3947, #7058, #3701, #2360, #1557, #9446, #7194, #10319, #6452, #4022, #342, #2862, #6430, #9823, #7169, #2671, #5296, #9395, #7963, #2248, #7229, #7579, #5329, #5454, #1482, #8506, #2446, #9247, #6934, #7109, #671, #5514, #7376, #6401, #4472, #10622, #3351, #4478, #4699, #3133, #10801, #2164, #10748, #5344, #2631, #10396, #8901, #397, #4988, #6695, #4756, #638, #6827, #5429, #2207, #2287, #10684, #4338, #2294, #8643, #9831, #1543, #8503, #5217, #8079, #1354, #5346, #9363, #9523, #9432, #8806, #7741, #10240, #6837, #3508, #4758, #317, #4896, #9255, #4534, #6630, #4258, #125, #2477, #5020, #1980, #6723, #10009 ) ) ;
#3497 = DIRECTION ( 'NONE',  ( 0.000000000000000000, -0.000000000000000000, -1.000000000000000000 ) ) ;
#3498 = CARTESIAN_POINT ( 'NONE',  ( 50.00000000000000000, 11.79499999999644722, -35.80000000001126637 ) ) ;
#3499 = CARTESIAN_POINT ( 'NONE',  ( 50.00000000000000000, -4.204999999996572591, -35.80000000001248850 ) ) ;
#3500 = EDGE_CURVE ( 'NONE', #7098, #3958, #10176, .T. ) ;
#3501 = CARTESIAN_POINT ( 'NONE',  ( 50.00000000000000000, 19.04500000000353310, 30.79999999998739213 ) ) ;
#3502 = VERTEX_POINT ( 'NONE', #8473 ) ;
#3503 = ORIENTED_EDGE ( 'NONE', *, *, #2908, .F. ) ;
#3504 = CARTESIAN_POINT ( 'NONE',  ( -50.00000000000000000, -6.204999999996574367, 37.49999999998743050 ) ) ;
#3505 = CARTESIAN_POINT ( 'NONE',  ( 50.00000000000000000, -13.20499999999647045, -37.50000000001251976 ) ) ;
#3506 = VECTOR ( 'NONE', #6345, 1000.000000000000000 ) ;
#3507 = ORIENTED_EDGE ( 'NONE', *, *, #7746, .T. ) ;
#3508 = ORIENTED_EDGE ( 'NONE', *, *, #10359, .T. ) ;
#3509 = ORIENTED_EDGE ( 'NONE', *, *, #571, .T. ) ;
#3510 = EDGE_CURVE ( 'NONE', #3132, #10259, #1038, .T. ) ;
#3511 = CARTESIAN_POINT ( 'NONE',  ( 50.00000000000000000, -6.604999999998750759, -32.70000000000561613 ) ) ;
#3512 = VECTOR ( 'NONE', #4862, 1000.000000000000000 ) ;
#3513 = ADVANCED_FACE ( 'NONE', ( #4314 ), #3550, .T. ) ;
#3514 = CARTESIAN_POINT ( 'NONE',  ( 50.00000000000000000, -7.304999999996675264, 33.99999999998737366 ) ) ;
#3515 = DIRECTION ( 'NONE',  ( 1.000000000000000000, 0.000000000000000000, 0.000000000000000000 ) ) ;
#3516 = ORIENTED_EDGE ( 'NONE', *, *, #6117, .T. ) ;
#3517 = DIRECTION ( 'NONE',  ( -1.000000000000000000, -0.000000000000000000, -0.000000000000000000 ) ) ;
#3518 = DIRECTION ( 'NONE',  ( -1.000000000000000000, -0.000000000000000000, -0.000000000000000000 ) ) ;
#3519 = EDGE_CURVE ( 'NONE', #9580, #10238, #9511, .T. ) ;
#3520 = VECTOR ( 'NONE', #4572, 1000.000000000000000 ) ;
#3521 = VERTEX_POINT ( 'NONE', #266 ) ;
#3522 = EDGE_CURVE ( 'NONE', #7491, #5849, #3601, .T. ) ;
#3523 = ADVANCED_FACE ( 'NONE', ( #9460 ), #1957, .F. ) ;
#3524 = DIRECTION ( 'NONE',  ( 0.000000000000000000, -1.000000000000000000, 0.000000000000000000 ) ) ;
#3525 = CARTESIAN_POINT ( 'NONE',  ( -50.00000000000000000, -4.204999999996572591, 37.49999999998743050 ) ) ;
#3526 = EDGE_CURVE ( 'NONE', #5107, #610, #520, .T. ) ;
#3527 = CARTESIAN_POINT ( 'NONE',  ( 50.00000000000000000, -6.704999999996519300, -37.50000000001251976 ) ) ;
#3528 = CARTESIAN_POINT ( 'NONE',  ( -50.00000000000000000, 20.84500000000355513, 27.98284271246187416 ) ) ;
#3529 = LINE ( 'NONE', #3576, #9245 ) ;
#3530 = VECTOR ( 'NONE', #5153, 1000.000000000000000 ) ;
#3531 = VERTEX_POINT ( 'NONE', #6993 ) ;
#3532 = LINE ( 'NONE', #2651, #85 ) ;
#3533 =( NAMED_UNIT ( * ) PLANE_ANGLE_UNIT ( ) SI_UNIT ( $, .RADIAN. ) );
#3534 = ORIENTED_EDGE ( 'NONE', *, *, #6791, .F. ) ;
#3535 = CARTESIAN_POINT ( 'NONE',  ( 50.00000000000000000, 20.64500000000346702, 27.49999999998731326 ) ) ;
#3536 = EDGE_CURVE ( 'NONE', #2570, #6110, #10334, .T. ) ;
#3537 = AXIS2_PLACEMENT_3D ( 'NONE', #7277, #1534, #8094 ) ;
#3538 = VERTEX_POINT ( 'NONE', #2013 ) ;
#3539 = CARTESIAN_POINT ( 'NONE',  ( -50.00000000000000000, -14.20499999999658058, 35.79999999998739924 ) ) ;
#3540 = DIRECTION ( 'NONE',  ( 1.000000000000000000, 0.000000000000000000, 0.000000000000000000 ) ) ;
#3541 = FACE_OUTER_BOUND ( 'NONE', #5641, .T. ) ;
#3542 = CARTESIAN_POINT ( 'NONE',  ( 50.00000000000000000, -11.20499999999646690, 37.99999999998743050 ) ) ;
#3543 = ORIENTED_EDGE ( 'NONE', *, *, #6992, .T. ) ;
#3544 = CARTESIAN_POINT ( 'NONE',  ( 50.00000000000000000, 2.154999999996354276, -32.90000000001091962 ) ) ;
#3545 = ORIENTED_EDGE ( 'NONE', *, *, #1516, .F. ) ;
#3546 = AXIS2_PLACEMENT_3D ( 'NONE', #9681, #10046, #1668 ) ;
#3547 = CARTESIAN_POINT ( 'NONE',  ( 50.00000000000000000, -10.70499999999652374, 35.79999999998739924 ) ) ;
#3548 = LINE ( 'NONE', #10224, #862 ) ;
#3549 = EDGE_LOOP ( 'NONE', ( #6182, #338, #5564, #6266 ) ) ;
#3550 = CYLINDRICAL_SURFACE ( 'NONE', #7131, 0.5000000000000559552 ) ;
#3551 = VECTOR ( 'NONE', #10416, 1000.000000000000000 ) ;
#3552 = DIRECTION ( 'NONE',  ( 1.000000000000000000, 0.000000000000000000, 0.000000000000000000 ) ) ;
#3553 = CARTESIAN_POINT ( 'NONE',  ( -50.00000000000000000, 4.295000000003435403, 37.49999999998743050 ) ) ;
#3554 = CYLINDRICAL_SURFACE ( 'NONE', #5957, 3.000000000000002665 ) ;
#3555 = ORIENTED_EDGE ( 'NONE', *, *, #186, .F. ) ;
#3556 = ORIENTED_EDGE ( 'NONE', *, *, #8594, .T. ) ;
#3557 = DIRECTION ( 'NONE',  ( -1.000000000000000000, -0.000000000000000000, -0.000000000000000000 ) ) ;
#3558 = DIRECTION ( 'NONE',  ( -1.000000000000000000, -0.000000000000000000, -0.000000000000000000 ) ) ;
#3559 = ORIENTED_EDGE ( 'NONE', *, *, #3647, .F. ) ;
#3560 = ORIENTED_EDGE ( 'NONE', *, *, #8111, .F. ) ;
#3561 = EDGE_LOOP ( 'NONE', ( #9879, #5450, #6703, #6067 ) ) ;
#3562 = DIRECTION ( 'NONE',  ( -0.000000000000000000, 1.000000000000000000, 0.000000000000000000 ) ) ;
#3563 = CARTESIAN_POINT ( 'NONE',  ( 50.00000000000000000, 6.695000000003559215, 32.69999999998740492 ) ) ;
#3564 = CIRCLE ( 'NONE', #6534, 0.5000000000000004441 ) ;
#3565 = DIRECTION ( 'NONE',  ( -1.000000000000000000, -0.000000000000000000, -0.000000000000000000 ) ) ;
#3566 = ORIENTED_EDGE ( 'NONE', *, *, #10666, .T. ) ;
#3567 = CARTESIAN_POINT ( 'NONE',  ( 50.00000000000000000, 14.84499999999622233, -32.79417527064209992 ) ) ;
#3568 = FACE_OUTER_BOUND ( 'NONE', #4973, .T. ) ;
#3569 = EDGE_CURVE ( 'NONE', #2791, #5107, #8422, .T. ) ;
#3570 = ORIENTED_EDGE ( 'NONE', *, *, #8793, .F. ) ;
#3571 = VECTOR ( 'NONE', #5836, 1000.000000000000000 ) ;
#3572 = FACE_OUTER_BOUND ( 'NONE', #6363, .T. ) ;
#3573 = FACE_OUTER_BOUND ( 'NONE', #6305, .T. ) ;
#3574 = DIRECTION ( 'NONE',  ( -1.000000000000000000, -0.000000000000000000, -0.000000000000000000 ) ) ;
#3575 = DIRECTION ( 'NONE',  ( 1.000000000000000000, 0.000000000000000000, 0.000000000000000000 ) ) ;
#3576 = CARTESIAN_POINT ( 'NONE',  ( -50.00000000000000000, 2.035000000001341292, -34.30000000000566018 ) ) ;
#3577 = ORIENTED_EDGE ( 'NONE', *, *, #3250, .T. ) ;
#3578 = VECTOR ( 'NONE', #8990, 1000.000000000000000 ) ;
#3579 = LINE ( 'NONE', #2811, #4280 ) ;
#3580 = EDGE_CURVE ( 'NONE', #6780, #7158, #4584, .T. ) ;
#3581 = FACE_OUTER_BOUND ( 'NONE', #7816, .T. ) ;
#3582 = ORIENTED_EDGE ( 'NONE', *, *, #7659, .F. ) ;
#3583 = AXIS2_PLACEMENT_3D ( 'NONE', #6929, #471, #1193 ) ;
#3584 = ADVANCED_FACE ( 'NONE', ( #3926 ), #8842, .F. ) ;
#3585 = LINE ( 'NONE', #2101, #1542 ) ;
#3586 = ADVANCED_FACE ( 'NONE', ( #7915 ), #8903, .T. ) ;
#3587 = VERTEX_POINT ( 'NONE', #9624 ) ;
#3588 = DIRECTION ( 'NONE',  ( -1.000000000000000000, -0.000000000000000000, -0.000000000000000000 ) ) ;
#3589 = CARTESIAN_POINT ( 'NONE',  ( 50.00000000000000000, -0.1649999999968621012, 31.69999999998740492 ) ) ;
#3590 = DIRECTION ( 'NONE',  ( 0.000000000000000000, 0.000000000000000000, -1.000000000000000000 ) ) ;
#3591 = LINE ( 'NONE', #306, #7826 ) ;
#3592 = ORIENTED_EDGE ( 'NONE', *, *, #6465, .F. ) ;
#3593 = EDGE_CURVE ( 'NONE', #2893, #8895, #5509, .T. ) ;
#3594 = LINE ( 'NONE', #5449, #616 ) ;
#3595 = ORIENTED_EDGE ( 'NONE', *, *, #6793, .T. ) ;
#3596 = ADVANCED_FACE ( 'NONE', ( #2121 ), #425, .T. ) ;
#3597 = LINE ( 'NONE', #1086, #8640 ) ;
#3598 = LINE ( 'NONE', #2559, #1731 ) ;
#3599 = ORIENTED_EDGE ( 'NONE', *, *, #5052, .T. ) ;
#3600 = EDGE_CURVE ( 'NONE', #965, #7803, #6289, .T. ) ;
#3601 = LINE ( 'NONE', #10282, #4888 ) ;
#3602 = CARTESIAN_POINT ( 'NONE',  ( 50.00000000000000000, 0.03500000000122849286, -31.90000000000581082 ) ) ;
#3603 = CARTESIAN_POINT ( 'NONE',  ( 50.00000000000000000, 10.09500000000351783, 32.69999999998740492 ) ) ;
#3604 = EDGE_CURVE ( 'NONE', #4683, #4215, #834, .T. ) ;
#3605 = CARTESIAN_POINT ( 'NONE',  ( 50.00000000000000000, 11.79500000000344073, 35.79999999998739924 ) ) ;
#3606 = ORIENTED_EDGE ( 'NONE', *, *, #1177, .T. ) ;
#3607 = ORIENTED_EDGE ( 'NONE', *, *, #7377, .T. ) ;
#3608 = CARTESIAN_POINT ( 'NONE',  ( 50.00000000000000000, 6.494999999996364792, -32.70000000001061125 ) ) ;
#3609 = AXIS2_PLACEMENT_3D ( 'NONE', #9953, #5894, #8357 ) ;
#3610 = CYLINDRICAL_SURFACE ( 'NONE', #9408, 0.2000000000000334843 ) ;
#3611 = ORIENTED_EDGE ( 'NONE', *, *, #8124, .F. ) ;
#3612 = VERTEX_POINT ( 'NONE', #5410 ) ;
#3613 = ORIENTED_EDGE ( 'NONE', *, *, #3771, .F. ) ;
#3614 = VECTOR ( 'NONE', #4506, 1000.000000000000000 ) ;
#3615 = LINE ( 'NONE', #2026, #2307 ) ;
#3616 = CARTESIAN_POINT ( 'NONE',  ( 50.00000000000000000, 17.54499999999248416, -33.00000000001546141 ) ) ;
#3617 = DIRECTION ( 'NONE',  ( 1.000000000000000000, 0.000000000000000000, 0.000000000000000000 ) ) ;
#3618 = ORIENTED_EDGE ( 'NONE', *, *, #10031, .F. ) ;
#3619 = PLANE ( 'NONE',  #10452 ) ;
#3620 = EDGE_CURVE ( 'NONE', #492, #409, #5544, .T. ) ;
#3621 = VECTOR ( 'NONE', #675, 1000.000000000000000 ) ;
#3622 = AXIS2_PLACEMENT_3D ( 'NONE', #3208, #747, #1619 ) ;
#3623 = ORIENTED_EDGE ( 'NONE', *, *, #9078, .T. ) ;
#3624 = VECTOR ( 'NONE', #5787, 1000.000000000000000 ) ;
#3625 = AXIS2_PLACEMENT_3D ( 'NONE', #9322, #4286, #9374 ) ;
#3626 = DIRECTION ( 'NONE',  ( 1.000000000000000000, 0.000000000000000000, -0.000000000000000000 ) ) ;
#3627 = DIRECTION ( 'NONE',  ( 1.000000000000000000, 0.000000000000000000, 0.000000000000000000 ) ) ;
#3628 = CARTESIAN_POINT ( 'NONE',  ( 50.00000000000000000, 4.694999999996452011, -34.00000000001046629 ) ) ;
#3629 = CIRCLE ( 'NONE', #2227, 0.4999999999999449329 ) ;
#3630 = CARTESIAN_POINT ( 'NONE',  ( 50.00000000000000000, 1.995000000003521734, 32.19999999998756834 ) ) ;
#3631 = CARTESIAN_POINT ( 'NONE',  ( 50.00000000000000000, -9.104999999996476134, 32.69999999998740492 ) ) ;
#3632 = VERTEX_POINT ( 'NONE', #6224 ) ;
#3633 = EDGE_CURVE ( 'NONE', #3093, #10030, #10599, .T. ) ;
#3634 = CARTESIAN_POINT ( 'NONE',  ( 50.00000000000000000, -14.25499999999646406, 33.99999999998737366 ) ) ;
#3635 = EDGE_CURVE ( 'NONE', #10389, #7285, #7640, .T. ) ;
#3636 = DIRECTION ( 'NONE',  ( 0.000000000000000000, 0.000000000000000000, -1.000000000000000000 ) ) ;
#3637 = ORIENTED_EDGE ( 'NONE', *, *, #995, .T. ) ;
#3638 = VECTOR ( 'NONE', #356, 1000.000000000000000 ) ;
#3639 = VECTOR ( 'NONE', #691, 1000.000000000000227 ) ;
#3640 = CARTESIAN_POINT ( 'NONE',  ( 50.00000000000000000, 18.04500000001618787, -34.99999999999980815 ) ) ;
#3641 = ORIENTED_EDGE ( 'NONE', *, *, #5593, .T. ) ;
#3642 = VECTOR ( 'NONE', #171, 1000.000000000000000 ) ;
#3643 = ORIENTED_EDGE ( 'NONE', *, *, #5706, .F. ) ;
#3644 = LINE ( 'NONE', #7692, #1188 ) ;
#3645 = AXIS2_PLACEMENT_3D ( 'NONE', #10230, #4538, #6995 ) ;
#3646 = CARTESIAN_POINT ( 'NONE',  ( 50.00000000000000000, 9.894999999996322515, -32.50000000001062972 ) ) ;
#3647 = EDGE_CURVE ( 'NONE', #7282, #2178, #7159, .T. ) ;
#3648 = DIRECTION ( 'NONE',  ( -1.000000000000000000, -0.000000000000000000, -0.000000000000000000 ) ) ;
#3649 = DIRECTION ( 'NONE',  ( 1.000000000000000000, 0.000000000000000000, 0.000000000000000000 ) ) ;
#3650 = ORIENTED_EDGE ( 'NONE', *, *, #2778, .T. ) ;
#3651 = EDGE_CURVE ( 'NONE', #4705, #7642, #2938, .T. ) ;
#3652 = VECTOR ( 'NONE', #1459, 1000.000000000000000 ) ;
#3653 = CARTESIAN_POINT ( 'NONE',  ( 50.00000000000000000, -0.1649999999964180120, 32.69999999998740492 ) ) ;
#3654 = ORIENTED_EDGE ( 'NONE', *, *, #3526, .T. ) ;
#3655 = DIRECTION ( 'NONE',  ( 0.000000000000000000, 0.000000000000000000, -1.000000000000000000 ) ) ;
#3656 = CARTESIAN_POINT ( 'NONE',  ( 50.00000000000000000, 14.29499999999650584, -37.50000000001130473 ) ) ;
#3657 = AXIS2_PLACEMENT_3D ( 'NONE', #896, #10143, #7619 ) ;
#3658 = EDGE_CURVE ( 'NONE', #9472, #1558, #538, .T. ) ;
#3659 = ORIENTED_EDGE ( 'NONE', *, *, #2521, .T. ) ;
#3660 = EDGE_CURVE ( 'NONE', #2435, #3958, #9729, .T. ) ;
#3661 = CARTESIAN_POINT ( 'NONE',  ( 50.00000000000000000, 0.7950000000034318504, 35.79999999998739924 ) ) ;
#3662 = ADVANCED_FACE ( 'NONE', ( #5350 ), #3710, .T. ) ;
#3663 = CARTESIAN_POINT ( 'NONE',  ( -50.00000000000000000, 11.89500000000354163, 32.69999999998740492 ) ) ;
#3664 = CARTESIAN_POINT ( 'NONE',  ( 50.00000000000000000, -1.744999999996554862, 34.29999999998744897 ) ) ;
#3665 = CIRCLE ( 'NONE', #2784, 1.000000000002540634 ) ;
#3666 = LINE ( 'NONE', #3605, #539 ) ;
#3667 = ORIENTED_EDGE ( 'NONE', *, *, #1577, .F. ) ;
#3668 = ORIENTED_EDGE ( 'NONE', *, *, #2908, .T. ) ;
#3669 = PLANE ( 'NONE',  #10212 ) ;
#3670 = FACE_OUTER_BOUND ( 'NONE', #7817, .T. ) ;
#3671 = CIRCLE ( 'NONE', #9966, 0.1999999999998981759 ) ;
#3672 = ORIENTED_EDGE ( 'NONE', *, *, #5735, .F. ) ;
#3673 = EDGE_LOOP ( 'NONE', ( #3289, #5194, #4426, #8374 ) ) ;
#3674 = ORIENTED_EDGE ( 'NONE', *, *, #1231, .T. ) ;
#3675 = ADVANCED_FACE ( 'NONE', ( #8686 ), #7044, .F. ) ;
#3676 = CARTESIAN_POINT ( 'NONE',  ( 50.00000000000000000, 8.294999999996555573, -37.50000000001130473 ) ) ;
#3677 = DIRECTION ( 'NONE',  ( 0.000000000000000000, 0.000000000000000000, -1.000000000000000000 ) ) ;
#3678 = CARTESIAN_POINT ( 'NONE',  ( 50.00000000000000000, -0.1649999999987494803, -35.80000000000549676 ) ) ;
#3679 = ORIENTED_EDGE ( 'NONE', *, *, #1375, .T. ) ;
#3680 = DIRECTION ( 'NONE',  ( -1.000000000000000000, 0.000000000000000000, -0.000000000000000000 ) ) ;
#3681 = FACE_OUTER_BOUND ( 'NONE', #9722, .T. ) ;
#3682 = VERTEX_POINT ( 'NONE', #8741 ) ;
#3683 = EDGE_LOOP ( 'NONE', ( #3078, #4110, #8909, #9368 ) ) ;
#3684 = VECTOR ( 'NONE', #1536, 1000.000000000000000 ) ;
#3685 =( LENGTH_UNIT ( ) NAMED_UNIT ( * ) SI_UNIT ( .MILLI., .METRE. ) );
#3686 = DIRECTION ( 'NONE',  ( 0.000000000000000000, 0.000000000000000000, -1.000000000000000000 ) ) ;
#3687 = DIRECTION ( 'NONE',  ( 0.000000000000000000, 0.000000000000000000, -1.000000000000000000 ) ) ;
#3688 = LINE ( 'NONE', #9710, #2947 ) ;
#3689 = ORIENTED_EDGE ( 'NONE', *, *, #5448, .T. ) ;
#3690 = LINE ( 'NONE', #406, #6024 ) ;
#3691 = EDGE_LOOP ( 'NONE', ( #6697, #2703, #1320, #6352 ) ) ;
#3692 = CIRCLE ( 'NONE', #7363, 0.5000000000000213163 ) ;
#3693 = DIRECTION ( 'NONE',  ( -1.000000000000000000, -0.000000000000000000, -0.000000000000000000 ) ) ;
#3694 = ORIENTED_EDGE ( 'NONE', *, *, #9481, .T. ) ;
#3695 = EDGE_LOOP ( 'NONE', ( #77, #4035, #10247, #5665 ) ) ;
#3696 = CARTESIAN_POINT ( 'NONE',  ( -50.00000000000000000, -11.70499999999652374, 37.49999999998743050 ) ) ;
#3697 = AXIS2_PLACEMENT_3D ( 'NONE', #4505, #3627, #7837 ) ;
#3698 = CARTESIAN_POINT ( 'NONE',  ( 50.00000000000000000, 8.294999999996498730, -35.80000000001126637 ) ) ;
#3699 = DIRECTION ( 'NONE',  ( -1.000000000000000000, -0.000000000000000000, -0.000000000000000000 ) ) ;
#3700 = DIRECTION ( 'NONE',  ( -1.000000000000000000, -0.000000000000000000, -0.000000000000000000 ) ) ;
#3701 = ORIENTED_EDGE ( 'NONE', *, *, #8137, .T. ) ;
#3702 = LINE ( 'NONE', #363, #7428 ) ;
#3703 = ORIENTED_EDGE ( 'NONE', *, *, #1846, .T. ) ;
#3704 = DIRECTION ( 'NONE',  ( -1.000000000000000000, 0.000000000000000000, -0.000000000000000000 ) ) ;
#3705 = CARTESIAN_POINT ( 'NONE',  ( -50.00000000000000000, 15.79500000001610260, -35.80000000001126637 ) ) ;
#3706 = CIRCLE ( 'NONE', #9474, 0.2000000000000334843 ) ;
#3707 = EDGE_CURVE ( 'NONE', #2178, #4529, #5677, .T. ) ;
#3708 = ADVANCED_FACE ( 'NONE', ( #1515 ), #7372, .T. ) ;
#3709 = ORIENTED_EDGE ( 'NONE', *, *, #10414, .F. ) ;
#3710 = CYLINDRICAL_SURFACE ( 'NONE', #2405, 0.1999999999999779732 ) ;
#3711 = DIRECTION ( 'NONE',  ( 0.000000000000000000, -1.000000000000000000, 0.000000000000000000 ) ) ;
#3712 = DIRECTION ( 'NONE',  ( -1.000000000000000000, -0.000000000000000000, -0.000000000000000000 ) ) ;
#3713 = LINE ( 'NONE', #2783, #10001 ) ;
#3714 = CIRCLE ( 'NONE', #9134, 0.4999999999999449329 ) ;
#3715 = CARTESIAN_POINT ( 'NONE',  ( 50.00000000000000000, -8.204999999996577031, 35.79999999998739924 ) ) ;
#3716 = VERTEX_POINT ( 'NONE', #6605 ) ;
#3717 = ORIENTED_EDGE ( 'NONE', *, *, #2235, .T. ) ;
#3718 = EDGE_CURVE ( 'NONE', #968, #295, #5728, .T. ) ;
#3719 = DIRECTION ( 'NONE',  ( -1.000000000000000000, -0.000000000000000000, -0.000000000000000000 ) ) ;
#3720 = EDGE_CURVE ( 'NONE', #10122, #5195, #8133, .T. ) ;
#3721 = CARTESIAN_POINT ( 'NONE',  ( 50.00000000000000000, -9.304999999996566018, 32.69999999998740492 ) ) ;
#3722 = EDGE_CURVE ( 'NONE', #5118, #10590, #9896, .T. ) ;
#3723 = EDGE_LOOP ( 'NONE', ( #4635, #477, #9375, #6895 ) ) ;
#3724 = VECTOR ( 'NONE', #3565, 1000.000000000000000 ) ;
#3725 = VERTEX_POINT ( 'NONE', #9073 ) ;
#3726 = EDGE_CURVE ( 'NONE', #6767, #2934, #3279, .T. ) ;
#3727 = ORIENTED_EDGE ( 'NONE', *, *, #6595, .T. ) ;
#3728 = DIRECTION ( 'NONE',  ( -1.000000000000000000, -0.000000000000000000, -0.000000000000000000 ) ) ;
#3729 = CYLINDRICAL_SURFACE ( 'NONE', #483, 0.5000000000000004441 ) ;
#3730 = CARTESIAN_POINT ( 'NONE',  ( 50.00000000000000000, 7.195000000003504148, 32.49999999998743050 ) ) ;
#3731 = VERTEX_POINT ( 'NONE', #868 ) ;
#3732 = CARTESIAN_POINT ( 'NONE',  ( -50.00000000000000000, 2.035000000001341292, -34.30000000000566018 ) ) ;
#3733 = EDGE_CURVE ( 'NONE', #10750, #5257, #10822, .T. ) ;
#3734 = CARTESIAN_POINT ( 'NONE',  ( 50.00000000000000000, 10.79499999999633530, -37.50000000001130473 ) ) ;
#3735 = EDGE_CURVE ( 'NONE', #4620, #10722, #3978, .T. ) ;
#3736 = ORIENTED_EDGE ( 'NONE', *, *, #10196, .T. ) ;
#3737 = ORIENTED_EDGE ( 'NONE', *, *, #6060, .T. ) ;
#3738 = VECTOR ( 'NONE', #10783, 1000.000000000000000 ) ;
#3739 =( NAMED_UNIT ( * ) PLANE_ANGLE_UNIT ( ) SI_UNIT ( $, .RADIAN. ) );
#3740 = FACE_OUTER_BOUND ( 'NONE', #7656, .T. ) ;
#3741 = CARTESIAN_POINT ( 'NONE',  ( -50.00000000000000000, 3.294999999996495177, -35.80000000001126637 ) ) ;
#3742 = CARTESIAN_POINT ( 'NONE',  ( -50.00000000000000000, -9.204999999996577031, 37.49999999998743050 ) ) ;
#3743 = EDGE_LOOP ( 'NONE', ( #6744, #1031, #4556, #10025 ) ) ;
#3744 = CARTESIAN_POINT ( 'NONE',  ( -50.00000000000000000, 4.495000000003468443, 32.49999999998743050 ) ) ;
#3745 = ORIENTED_EDGE ( 'NONE', *, *, #629, .T. ) ;
#3746 = DIRECTION ( 'NONE',  ( -1.000000000000000000, -0.000000000000000000, -0.000000000000000000 ) ) ;
#3747 = VERTEX_POINT ( 'NONE', #7533 ) ;
#3748 = EDGE_LOOP ( 'NONE', ( #2549, #2630, #10667, #8484 ) ) ;
#3749 = CARTESIAN_POINT ( 'NONE',  ( 50.00000000000000000, 0.03500000000122849286, -35.60000000000562892 ) ) ;
#3750 = DIRECTION ( 'NONE',  ( 0.000000000000000000, 0.000000000000000000, -1.000000000000000000 ) ) ;
#3751 = CIRCLE ( 'NONE', #9872, 0.5000000000000004441 ) ;
#3752 = LINE ( 'NONE', #1400, #7975 ) ;
#3753 = AXIS2_PLACEMENT_3D ( 'NONE', #4908, #8242, #4088 ) ;
#3754 = CYLINDRICAL_SURFACE ( 'NONE', #4344, 0.5000000000000004441 ) ;
#3755 = ORIENTED_EDGE ( 'NONE', *, *, #2337, .F. ) ;
#3756 = CARTESIAN_POINT ( 'NONE',  ( 50.00000000000000000, 9.395000000003372875, 32.69999999998740492 ) ) ;
#3757 = VERTEX_POINT ( 'NONE', #6552 ) ;
#3758 = FACE_OUTER_BOUND ( 'NONE', #601, .T. ) ;
#3759 = DIRECTION ( 'NONE',  ( 0.000000000000000000, 0.000000000000000000, -1.000000000000000000 ) ) ;
#3760 = ADVANCED_FACE ( 'NONE', ( #2395 ), #1575, .T. ) ;
#3761 = ORIENTED_EDGE ( 'NONE', *, *, #8060, .T. ) ;
#3762 = VECTOR ( 'NONE', #2214, 1000.000000000000000 ) ;
#3763 = VERTEX_POINT ( 'NONE', #1463 ) ;
#3764 = DIRECTION ( 'NONE',  ( 0.000000000000000000, 0.000000000000000000, 1.000000000000000000 ) ) ;
#3765 = DIRECTION ( 'NONE',  ( 0.000000000000000000, 0.000000000000000000, -1.000000000000000000 ) ) ;
#3766 = DIRECTION ( 'NONE',  ( -1.000000000000000000, 0.000000000000000000, -0.000000000000000000 ) ) ;
#3767 = DIRECTION ( 'NONE',  ( 0.000000000000000000, 0.000000000000000000, -1.000000000000000000 ) ) ;
#3768 = CARTESIAN_POINT ( 'NONE',  ( -50.00000000000000000, -12.00499999999848910, -32.70000000000561613 ) ) ;
#3769 = VERTEX_POINT ( 'NONE', #4912 ) ;
#3770 = EDGE_LOOP ( 'NONE', ( #10081, #4783, #6549, #7863 ) ) ;
#3771 = EDGE_CURVE ( 'NONE', #1447, #3538, #8694, .T. ) ;
#3772 = FACE_OUTER_BOUND ( 'NONE', #5695, .T. ) ;
#3773 = CARTESIAN_POINT ( 'NONE',  ( -50.00000000000000000, 5.795000000003436291, 37.49999999998743050 ) ) ;
#3774 = ORIENTED_EDGE ( 'NONE', *, *, #183, .T. ) ;
#3775 = ORIENTED_EDGE ( 'NONE', *, *, #7008, .T. ) ;
#3776 = ORIENTED_EDGE ( 'NONE', *, *, #5464, .T. ) ;
#3777 = CARTESIAN_POINT ( 'NONE',  ( -50.00000000000000000, -4.604999999998748983, -34.00000000000547118 ) ) ;
#3778 = EDGE_CURVE ( 'NONE', #4234, #6942, #41, .T. ) ;
#3779 = DIRECTION ( 'NONE',  ( -0.000000000000000000, -0.000000000000000000, -1.000000000000000000 ) ) ;
#3780 = CARTESIAN_POINT ( 'NONE',  ( 50.00000000000000000, -11.70499999999652374, 35.79999999998739924 ) ) ;
#3781 = ORIENTED_EDGE ( 'NONE', *, *, #6710, .T. ) ;
#3782 = EDGE_CURVE ( 'NONE', #4630, #9964, #7478, .T. ) ;
#3783 = CARTESIAN_POINT ( 'NONE',  ( 50.00000000000000000, 0.2550000000035579362, 35.79999999998745608 ) ) ;
#3784 = CYLINDRICAL_SURFACE ( 'NONE', #7857, 0.5000000000000004441 ) ;
#3785 = ORIENTED_EDGE ( 'NONE', *, *, #7402, .F. ) ;
#3786 = ORIENTED_EDGE ( 'NONE', *, *, #9184, .T. ) ;
#3787 = CIRCLE ( 'NONE', #9910, 0.5000000000000004441 ) ;
#3788 = EDGE_CURVE ( 'NONE', #5682, #4234, #9129, .T. ) ;
#3789 = EDGE_CURVE ( 'NONE', #6038, #8241, #6660, .T. ) ;
#3790 =( NAMED_UNIT ( * ) SI_UNIT ( $, .STERADIAN. ) SOLID_ANGLE_UNIT ( ) );
#3791 = ADVANCED_FACE ( 'NONE', ( #2339 ), #5016, .F. ) ;
#3792 = CARTESIAN_POINT ( 'NONE',  ( 50.00000000000000000, -16.20499999999647400, 37.99999999998738076 ) ) ;
#3793 = LINE ( 'NONE', #3902, #3551 ) ;
#3794 = LINE ( 'NONE', #6369, #10468 ) ;
#3795 = AXIS2_PLACEMENT_3D ( 'NONE', #744, #3256, #6539 ) ;
#3796 = CARTESIAN_POINT ( 'NONE',  ( -50.00000000000000000, -14.75499999999851930, -32.29417527063696980 ) ) ;
#3797 = ORIENTED_EDGE ( 'NONE', *, *, #3276, .T. ) ;
#3798 = EDGE_LOOP ( 'NONE', ( #2111, #6520, #5945, #3452 ) ) ;
#3799 = ORIENTED_EDGE ( 'NONE', *, *, #7076, .F. ) ;
#3800 = AXIS2_PLACEMENT_3D ( 'NONE', #4442, #5424, #8758 ) ;
#3801 = EDGE_CURVE ( 'NONE', #8760, #9120, #3269, .T. ) ;
#3802 = LINE ( 'NONE', #1398, #7994 ) ;
#3803 = DIRECTION ( 'NONE',  ( 1.000000000000000000, 0.000000000000000000, 0.000000000000000000 ) ) ;
#3804 = CARTESIAN_POINT ( 'NONE',  ( -50.00000000000000000, 0.03500000000350445006, 32.69999999998740492 ) ) ;
#3805 = VECTOR ( 'NONE', #10513, 1000.000000000000000 ) ;
#3806 = LINE ( 'NONE', #10589, #5216 ) ;
#3807 = ORIENTED_EDGE ( 'NONE', *, *, #8540, .T. ) ;
#3808 = AXIS2_PLACEMENT_3D ( 'NONE', #6958, #3465, #8493 ) ;
#3809 = FACE_OUTER_BOUND ( 'NONE', #7470, .T. ) ;
#3810 = ORIENTED_EDGE ( 'NONE', *, *, #168, .F. ) ;
#3811 = DIRECTION ( 'NONE',  ( 0.000000000000000000, 0.000000000000000000, -1.000000000000000000 ) ) ;
#3812 = VECTOR ( 'NONE', #7334, 1000.000000000000000 ) ;
#3813 = PLANE ( 'NONE',  #7150 ) ;
#3814 = ORIENTED_EDGE ( 'NONE', *, *, #7730, .F. ) ;
#3815 = VECTOR ( 'NONE', #2664, 1000.000000000000000 ) ;
#3816 = EDGE_LOOP ( 'NONE', ( #7950, #6220, #3469, #4488 ) ) ;
#3817 = DIRECTION ( 'NONE',  ( -1.000000000000000000, -0.000000000000000000, -0.000000000000000000 ) ) ;
#3818 = DIRECTION ( 'NONE',  ( 0.000000000000000000, 0.000000000000000000, -1.000000000000000000 ) ) ;
#3819 = LINE ( 'NONE', #6340, #6272 ) ;
#3820 = VECTOR ( 'NONE', #5469, 1000.000000000000000 ) ;
#3821 = CARTESIAN_POINT ( 'NONE',  ( 50.00000000000000000, -8.204999999996577031, -37.50000000001251976 ) ) ;
#3822 = DIRECTION ( 'NONE',  ( 1.000000000000000000, 0.000000000000000000, 0.000000000000000000 ) ) ;
#3823 = ORIENTED_EDGE ( 'NONE', *, *, #10391, .F. ) ;
#3824 = VERTEX_POINT ( 'NONE', #10004 ) ;
#3825 = VECTOR ( 'NONE', #541, 1000.000000000000000 ) ;
#3826 = AXIS2_PLACEMENT_3D ( 'NONE', #3567, #8492, #1002 ) ;
#3827 = CARTESIAN_POINT ( 'NONE',  ( -50.00000000000000000, 4.694999999996452011, -34.00000000001046629 ) ) ;
#3828 = CARTESIAN_POINT ( 'NONE',  ( -50.00000000000000000, 0.05500000000324689609, 32.99999999998737366 ) ) ;
#3829 = VECTOR ( 'NONE', #9561, 1000.000000000000000 ) ;
#3830 = ORIENTED_EDGE ( 'NONE', *, *, #2983, .F. ) ;
#3831 = ORIENTED_EDGE ( 'NONE', *, *, #8657, .T. ) ;
#3832 = ORIENTED_EDGE ( 'NONE', *, *, #199, .T. ) ;
#3833 = EDGE_CURVE ( 'NONE', #5964, #8228, #2501, .T. ) ;
#3834 = AXIS2_PLACEMENT_3D ( 'NONE', #7638, #3540, #7693 ) ;
#3835 = LINE ( 'NONE', #1371, #8178 ) ;
#3836 = DIRECTION ( 'NONE',  ( 0.000000000000000000, 1.000000000000000000, 0.000000000000000000 ) ) ;
#3837 = LINE ( 'NONE', #9528, #10263 ) ;
#3838 = LINE ( 'NONE', #10517, #8090 ) ;
#3840 = ORIENTED_EDGE ( 'NONE', *, *, #1094, .T. ) ;
#3839 = AXIS2_PLACEMENT_3D ( 'NONE', #657, #1590, #5747 ) ;
#3841 = SURFACE_SIDE_STYLE ('',( #503 ) ) ;
#3842 = CARTESIAN_POINT ( 'NONE',  ( -50.00000000000000000, -6.704999999996519300, -37.50000000001251976 ) ) ;
#3843 = AXIS2_PLACEMENT_3D ( 'NONE', #5368, #4555, #8814 ) ;
#3844 = DIRECTION ( 'NONE',  ( 0.000000000000000000, 0.000000000000000000, -1.000000000000000000 ) ) ;
#3845 = VERTEX_POINT ( 'NONE', #4303 ) ;
#3846 = EDGE_LOOP ( 'NONE', ( #3679, #10338, #6155, #260 ) ) ;
#3847 = EDGE_CURVE ( 'NONE', #3502, #10316, #1735, .T. ) ;
#3848 = EDGE_CURVE ( 'NONE', #8172, #8574, #6822, .T. ) ;
#3849 = LINE ( 'NONE', #7945, #30 ) ;
#3850 = CARTESIAN_POINT ( 'NONE',  ( 50.00000000000000000, -2.064999999996652846, 34.59999999998730402 ) ) ;
#3851 = LINE ( 'NONE', #1228, #2673 ) ;
#3852 = DIRECTION ( 'NONE',  ( 0.000000000000000000, 0.000000000000000000, 1.000000000000000000 ) ) ;
#3853 = LINE ( 'NONE', #7080, #2528 ) ;
#3854 = ORIENTED_EDGE ( 'NONE', *, *, #8327, .T. ) ;
#3855 = EDGE_CURVE ( 'NONE', #4833, #4769, #94, .T. ) ;
#3856 = EDGE_CURVE ( 'NONE', #588, #4630, #7471, .T. ) ;
#3857 = VECTOR ( 'NONE', #7871, 1000.000000000000000 ) ;
#3858 = ORIENTED_EDGE ( 'NONE', *, *, #5385, .F. ) ;
#3859 = ADVANCED_FACE ( 'NONE', ( #5124 ), #9447, .F. ) ;
#3860 = ORIENTED_EDGE ( 'NONE', *, *, #6141, .T. ) ;
#3861 = EDGE_CURVE ( 'NONE', #6755, #7070, #8621, .T. ) ;
#3862 = LINE ( 'NONE', #2104, #5035 ) ;
#3863 = DIRECTION ( 'NONE',  ( -1.000000000000000000, -0.000000000000000000, -0.000000000000000000 ) ) ;
#3864 = DIRECTION ( 'NONE',  ( 0.000000000000000000, 0.000000000000000000, -1.000000000000000000 ) ) ;
#3865 = CARTESIAN_POINT ( 'NONE',  ( 50.00000000000000000, 11.89500000000354163, 32.69999999998740492 ) ) ;
#3866 = VECTOR ( 'NONE', #3863, 1000.000000000000000 ) ;
#3867 = ORIENTED_EDGE ( 'NONE', *, *, #7457, .F. ) ;
#3868 = DIRECTION ( 'NONE',  ( 0.000000000000000000, -0.000000000000000000, 1.000000000000000000 ) ) ;
#3869 = ORIENTED_EDGE ( 'NONE', *, *, #9955, .T. ) ;
#3870 = FACE_OUTER_BOUND ( 'NONE', #2008, .T. ) ;
#3871 = EDGE_CURVE ( 'NONE', #1824, #3845, #149, .T. ) ;
#3872 = CARTESIAN_POINT ( 'NONE',  ( 50.00000000000000000, -1.744999999996554862, 34.49999999998748734 ) ) ;
#3873 = ADVANCED_FACE ( 'NONE', ( #1944 ), #8567, .T. ) ;
#3874 = ORIENTED_EDGE ( 'NONE', *, *, #6737, .F. ) ;
#3875 = VECTOR ( 'NONE', #5484, 1000.000000000000000 ) ;
#3876 = ORIENTED_EDGE ( 'NONE', *, *, #5596, .F. ) ;
#3877 = CARTESIAN_POINT ( 'NONE',  ( -50.00000000000000000, 15.79500000001610260, -37.49999999999986500 ) ) ;
#3878 = CARTESIAN_POINT ( 'NONE',  ( 50.00000000000000000, 5.795000000003436291, 37.49999999998743050 ) ) ;
#3879 = CARTESIAN_POINT ( 'NONE',  ( 50.00000000000000000, 9.294999999996500506, -35.80000000001126637 ) ) ;
#3880 = DIRECTION ( 'NONE',  ( -0.000000000000000000, -0.000000000000000000, -1.000000000000000000 ) ) ;
#3881 = LINE ( 'NONE', #4916, #3512 ) ;
#3882 = VERTEX_POINT ( 'NONE', #7586 ) ;
#3883 = VECTOR ( 'NONE', #6227, 1000.000000000000000 ) ;
#3884 = CARTESIAN_POINT ( 'NONE',  ( 50.00000000000000000, 0.2549999999963414865, -35.60000000001117826 ) ) ;
#3885 = DIRECTION ( 'NONE',  ( -1.000000000000000000, 0.000000000000000000, -0.000000000000000000 ) ) ;
#3886 = ORIENTED_EDGE ( 'NONE', *, *, #10829, .F. ) ;
#3887 = ORIENTED_EDGE ( 'NONE', *, *, #1589, .F. ) ;
#3888 = EDGE_LOOP ( 'NONE', ( #9324, #6425, #7979, #5089 ) ) ;
#3889 = CYLINDRICAL_SURFACE ( 'NONE', #10630, 0.1999999999999779732 ) ;
#3890 = CARTESIAN_POINT ( 'NONE',  ( 50.00000000000000000, -18.95499999999827878, -30.80000000000548965 ) ) ;
#3891 = DIRECTION ( 'NONE',  ( 0.000000000000000000, 0.000000000000000000, -1.000000000000000000 ) ) ;
#3892 = DIRECTION ( 'NONE',  ( -0.000000000000000000, -0.000000000000000000, -1.000000000000000000 ) ) ;
#3893 = ORIENTED_EDGE ( 'NONE', *, *, #5119, .T. ) ;
#3894 = CARTESIAN_POINT ( 'NONE',  ( 50.00000000000000000, 12.09500000000340947, 32.49999999998743050 ) ) ;
#3895 = AXIS2_PLACEMENT_3D ( 'NONE', #8054, #3073, #9651 ) ;
#3896 = DIRECTION ( 'NONE',  ( 0.000000000000000000, 0.000000000000000000, 1.000000000000000000 ) ) ;
#3897 = VERTEX_POINT ( 'NONE', #2708 ) ;
#3898 = VERTEX_POINT ( 'NONE', #10165 ) ;
#3899 = VECTOR ( 'NONE', #8649, 1000.000000000000000 ) ;
#3900 = CARTESIAN_POINT ( 'NONE',  ( 50.00000000000000000, -20.75499999999652800, -27.98284271248718724 ) ) ;
#3901 = DIRECTION ( 'NONE',  ( 1.000000000000000000, 0.000000000000000000, 0.000000000000000000 ) ) ;
#3902 = CARTESIAN_POINT ( 'NONE',  ( 50.00000000000000000, -1.704999999996625881, -35.80000000001248850 ) ) ;
#3903 = LINE ( 'NONE', #2861, #5395 ) ;
#3904 = LINE ( 'NONE', #8721, #10745 ) ;
#3905 = ORIENTED_EDGE ( 'NONE', *, *, #3519, .F. ) ;
#3906 = EDGE_CURVE ( 'NONE', #9016, #9241, #1886, .T. ) ;
#3907 = ORIENTED_EDGE ( 'NONE', *, *, #236, .T. ) ;
#3908 = ORIENTED_EDGE ( 'NONE', *, *, #8134, .F. ) ;
#3909 = CARTESIAN_POINT ( 'NONE',  ( 50.00000000000000000, 1.795000000003432739, 37.49999999998743050 ) ) ;
#3910 = DIRECTION ( 'NONE',  ( -1.000000000000000000, -0.000000000000000000, -0.000000000000000000 ) ) ;
#3911 = CARTESIAN_POINT ( 'NONE',  ( -50.00000000000000000, 9.294999999996500506, -35.80000000001126637 ) ) ;
#3912 = ADVANCED_FACE ( 'NONE', ( #5233 ), #1078, .F. ) ;
#3913 = AXIS2_PLACEMENT_3D ( 'NONE', #2948, #9518, #10393 ) ;
#3914 = CARTESIAN_POINT ( 'NONE',  ( 50.00000000000000000, 2.154999999996354276, -34.60000000001095799 ) ) ;
#3915 = ORIENTED_EDGE ( 'NONE', *, *, #10147, .T. ) ;
#3916 = ADVANCED_FACE ( 'NONE', ( #4467 ), #4362, .T. ) ;
#3917 = CARTESIAN_POINT ( 'NONE',  ( -50.00000000000000000, -8.704999999996520188, 37.49999999998743050 ) ) ;
#3918 = ORIENTED_EDGE ( 'NONE', *, *, #5994, .T. ) ;
#3919 = EDGE_CURVE ( 'NONE', #7767, #10389, #3644, .T. ) ;
#3920 = CARTESIAN_POINT ( 'NONE',  ( 50.00000000000000000, -6.704999999996519300, 37.49999999998743050 ) ) ;
#3921 = CARTESIAN_POINT ( 'NONE',  ( 50.00000000000000000, 17.54499999999248416, -33.00000000001546141 ) ) ;
#3922 = EDGE_LOOP ( 'NONE', ( #6296, #9712, #9690, #10185 ) ) ;
#3923 = ORIENTED_EDGE ( 'NONE', *, *, #5317, .F. ) ;
#3924 = VECTOR ( 'NONE', #2429, 1000.000000000000000 ) ;
#3925 = CIRCLE ( 'NONE', #607, 0.5000000000000559552 ) ;
#3926 = FACE_OUTER_BOUND ( 'NONE', #2308, .T. ) ;
#3927 = EDGE_CURVE ( 'NONE', #2945, #879, #5373, .T. ) ;
#3928 = DIRECTION ( 'NONE',  ( 0.000000000000000000, 0.000000000000000000, 1.000000000000000000 ) ) ;
#3929 = LINE ( 'NONE', #9680, #3476 ) ;
#3930 = EDGE_CURVE ( 'NONE', #3682, #2927, #666, .T. ) ;
#3931 = CARTESIAN_POINT ( 'NONE',  ( 50.00000000000000000, 4.294999999996496065, -37.50000000001130473 ) ) ;
#3932 = EDGE_CURVE ( 'NONE', #4515, #1729, #1022, .T. ) ;
#3933 = DIRECTION ( 'NONE',  ( -1.000000000000000000, -0.000000000000000000, -0.000000000000000000 ) ) ;
#3934 = ORIENTED_EDGE ( 'NONE', *, *, #10762, .F. ) ;
#3935 = DIRECTION ( 'NONE',  ( -0.000000000000000000, -0.000000000000000000, 1.000000000000000000 ) ) ;
#3936 = AXIS2_PLACEMENT_3D ( 'NONE', #9779, #9888, #694 ) ;
#3937 = LINE ( 'NONE', #2348, #5218 ) ;
#3938 = ORIENTED_EDGE ( 'NONE', *, *, #9211, .F. ) ;
#3939 = VERTEX_POINT ( 'NONE', #3539 ) ;
#3940 = ORIENTED_EDGE ( 'NONE', *, *, #1170, .T. ) ;
#3941 = DIRECTION ( 'NONE',  ( -1.000000000000000000, -0.000000000000000000, -0.000000000000000000 ) ) ;
#3942 = EDGE_CURVE ( 'NONE', #8712, #7926, #4416, .T. ) ;
#3943 = CIRCLE ( 'NONE', #9894, 0.5000000000001323386 ) ;
#3944 = LINE ( 'NONE', #7440, #742 ) ;
#3945 = LINE ( 'NONE', #4710, #6431 ) ;
#3946 = FACE_OUTER_BOUND ( 'NONE', #8132, .T. ) ;
#3947 = ORIENTED_EDGE ( 'NONE', *, *, #3930, .T. ) ;
#3948 = ORIENTED_EDGE ( 'NONE', *, *, #10332, .T. ) ;
#3949 = CARTESIAN_POINT ( 'NONE',  ( 50.00000000000000000, -17.45500000000122043, -32.99999999999436540 ) ) ;
#3950 = DIRECTION ( 'NONE',  ( 0.000000000000000000, -0.000000000000000000, 1.000000000000000000 ) ) ;
#3951 = ORIENTED_EDGE ( 'NONE', *, *, #4072, .F. ) ;
#3952 = ORIENTED_EDGE ( 'NONE', *, *, #5129, .F. ) ;
#3953 = PLANE ( 'NONE',  #8938 ) ;
#3954 = DIRECTION ( 'NONE',  ( -1.000000000000000000, -0.000000000000000000, -0.000000000000000000 ) ) ;
#3955 = DIRECTION ( 'NONE',  ( 0.000000000000000000, 0.000000000000000000, -1.000000000000000000 ) ) ;
#3956 = CARTESIAN_POINT ( 'NONE',  ( 50.00000000000000000, -1.944999999996643858, 34.29999999998744897 ) ) ;
#3957 = CARTESIAN_POINT ( 'NONE',  ( 50.00000000000000000, 10.09499999999630049, -32.70000000001061125 ) ) ;
#3958 = VERTEX_POINT ( 'NONE', #10265 ) ;
#3959 = ADVANCED_FACE ( 'NONE', ( #2762 ), #9716, .T. ) ;
#3960 = VECTOR ( 'NONE', #4145, 1000.000000000000000 ) ;
#3961 = ORIENTED_EDGE ( 'NONE', *, *, #3600, .F. ) ;
#3962 = VERTEX_POINT ( 'NONE', #8065 ) ;
#3963 = ORIENTED_EDGE ( 'NONE', *, *, #7672, .F. ) ;
#3964 = CARTESIAN_POINT ( 'NONE',  ( -50.00000000000000000, -3.904999999998937099, -32.50000000000563460 ) ) ;
#3965 = DIRECTION ( 'NONE',  ( 0.000000000000000000, 0.000000000000000000, -1.000000000000000000 ) ) ;
#3966 = EDGE_CURVE ( 'NONE', #1299, #3345, #8673, .T. ) ;
#3967 = CARTESIAN_POINT ( 'NONE',  ( -50.00000000000000000, -10.00499999999848733, -34.00000000000547118 ) ) ;
#3968 = VECTOR ( 'NONE', #9992, 1000.000000000000000 ) ;
#3969 = DIRECTION ( 'NONE',  ( 0.000000000000000000, -0.000000000000000000, -1.000000000000000000 ) ) ;
#3970 = ORIENTED_EDGE ( 'NONE', *, *, #7734, .F. ) ;
#3971 = DIRECTION ( 'NONE',  ( 0.000000000000000000, -1.000000000000000000, 0.000000000000000000 ) ) ;
#3972 = ORIENTED_EDGE ( 'NONE', *, *, #2894, .F. ) ;
#3973 = FACE_OUTER_BOUND ( 'NONE', #6984, .T. ) ;
#3974 = DIRECTION ( 'NONE',  ( -1.000000000000000000, 0.000000000000000000, -0.000000000000000000 ) ) ;
#3975 = AXIS2_PLACEMENT_3D ( 'NONE', #228, #8597, #10140 ) ;
#3976 = ORIENTED_EDGE ( 'NONE', *, *, #8587, .T. ) ;
#3977 = ORIENTED_EDGE ( 'NONE', *, *, #723, .T. ) ;
#3978 = LINE ( 'NONE', #2452, #1870 ) ;
#3979 = AXIS2_PLACEMENT_3D ( 'NONE', #1303, #372, #7099 ) ;
#3980 = CARTESIAN_POINT ( 'NONE',  ( -50.00000000000000000, 0.2549999999963414865, -31.90000000001102975 ) ) ;
#3981 = ADVANCED_FACE ( 'NONE', ( #5549 ), #10535, .F. ) ;
#3982 = AXIS2_PLACEMENT_3D ( 'NONE', #4123, #1609, #8227 ) ;
#3983 = DIRECTION ( 'NONE',  ( 0.000000000000000000, 0.000000000000000000, 1.000000000000000000 ) ) ;
#3984 = CARTESIAN_POINT ( 'NONE',  ( -50.00000000000000000, 10.09500000000351783, 32.69999999998740492 ) ) ;
#3985 = FACE_OUTER_BOUND ( 'NONE', #7709, .T. ) ;
#3986 = EDGE_LOOP ( 'NONE', ( #10062, #2472, #9533, #2269 ) ) ;
#3987 = CARTESIAN_POINT ( 'NONE',  ( 50.00000000000000000, 0.2549999999964525088, -34.80000000001115268 ) ) ;
#3988 = ADVANCED_FACE ( 'NONE', ( #8829 ), #8890, .T. ) ;
#3989 = VECTOR ( 'NONE', #6271, 1000.000000000000000 ) ;
#3990 = LINE ( 'NONE', #3167, #9067 ) ;
#3991 = VECTOR ( 'NONE', #7249, 1000.000000000000000 ) ;
#3992 = ORIENTED_EDGE ( 'NONE', *, *, #1971, .F. ) ;
#3993 = EDGE_CURVE ( 'NONE', #8485, #9060, #8728, .T. ) ;
#3994 = ORIENTED_EDGE ( 'NONE', *, *, #3861, .F. ) ;
#3995 = ORIENTED_EDGE ( 'NONE', *, *, #4910, .F. ) ;
#3996 = EDGE_CURVE ( 'NONE', #7822, #355, #3802, .T. ) ;
#3997 = VECTOR ( 'NONE', #221, 1000.000000000000000 ) ;
#3998 = DIRECTION ( 'NONE',  ( 0.000000000000000000, 0.000000000000000000, -1.000000000000000000 ) ) ;
#3999 = EDGE_CURVE ( 'NONE', #7686, #7756, #4570, .T. ) ;
#4000 = CARTESIAN_POINT ( 'NONE',  ( 50.00000000000000000, -9.804999999996400817, 32.49999999998743050 ) ) ;
#4001 = VECTOR ( 'NONE', #7705, 1000.000000000000000 ) ;
#4002 = LINE ( 'NONE', #4105, #7197 ) ;
#4003 = AXIS2_PLACEMENT_3D ( 'NONE', #2911, #5487, #10527 ) ;
#4004 = CARTESIAN_POINT ( 'NONE',  ( 50.00000000000000000, -4.604999999998748983, -32.70000000000561613 ) ) ;
#4005 = DIRECTION ( 'NONE',  ( -1.000000000000000000, -0.000000000000000000, -0.000000000000000000 ) ) ;
#4006 = EDGE_LOOP ( 'NONE', ( #1200, #1751, #7516, #1981 ) ) ;
#4007 = ORIENTED_EDGE ( 'NONE', *, *, #2262, .T. ) ;
#4008 = CARTESIAN_POINT ( 'NONE',  ( 50.00000000000000000, -1.404999999998768345, -32.20000000000589324 ) ) ;
#4009 = VECTOR ( 'NONE', #5081, 1000.000000000000000 ) ;
#4010 = FACE_OUTER_BOUND ( 'NONE', #4931, .T. ) ;
#4011 = VERTEX_POINT ( 'NONE', #6979 ) ;
#4012 = EDGE_CURVE ( 'NONE', #1528, #10698, #7143, .T. ) ;
#4013 = EDGE_LOOP ( 'NONE', ( #2318, #7223, #399, #5228 ) ) ;
#4014 = AXIS2_PLACEMENT_3D ( 'NONE', #10823, #2340, #4802 ) ;
#4015 = AXIS2_PLACEMENT_3D ( 'NONE', #3339, #6623, #9968 ) ;
#4016 = DIRECTION ( 'NONE',  ( -1.000000000000000000, -0.000000000000000000, -0.000000000000000000 ) ) ;
#4017 = LINE ( 'NONE', #3242, #1182 ) ;
#4018 = CARTESIAN_POINT ( 'NONE',  ( -50.00000000000000000, -9.304999999998674554, -32.70000000000561613 ) ) ;
#4019 = CARTESIAN_POINT ( 'NONE',  ( -50.00000000000000000, -14.20499999999658058, 37.49999999998743050 ) ) ;
#4020 = CARTESIAN_POINT ( 'NONE',  ( 50.00000000000000000, 10.79499999999633530, -37.50000000001130473 ) ) ;
#4021 = ORIENTED_EDGE ( 'NONE', *, *, #7862, .T. ) ;
#4022 = ORIENTED_EDGE ( 'NONE', *, *, #2185, .T. ) ;
#4023 = ORIENTED_EDGE ( 'NONE', *, *, #7786, .F. ) ;
#4024 = ORIENTED_EDGE ( 'NONE', *, *, #7063, .F. ) ;
#4025 = FACE_OUTER_BOUND ( 'NONE', #6159, .T. ) ;
#4026 = DIRECTION ( 'NONE',  ( 0.000000000000000000, 1.000000000000000000, 0.000000000000000000 ) ) ;
#4027 = CARTESIAN_POINT ( 'NONE',  ( -50.00000000000000000, -6.404999999998661764, -32.70000000000561613 ) ) ;
#4028 = DIRECTION ( 'NONE',  ( 0.000000000000000000, -1.000000000000000000, 0.000000000000000000 ) ) ;
#4029 = ORIENTED_EDGE ( 'NONE', *, *, #438, .T. ) ;
#4030 = CARTESIAN_POINT ( 'NONE',  ( -50.00000000000000000, -2.064999999996652846, 32.89999999998738645 ) ) ;
#4031 = FACE_OUTER_BOUND ( 'NONE', #8284, .T. ) ;
#4032 = ORIENTED_EDGE ( 'NONE', *, *, #7123, .F. ) ;
#4033 = CARTESIAN_POINT ( 'NONE',  ( -50.00000000000000000, 5.794999999996441886, -37.50000000001130473 ) ) ;
#4034 = DIRECTION ( 'NONE',  ( -1.000000000000000000, -0.000000000000000000, -0.000000000000000000 ) ) ;
#4035 = ORIENTED_EDGE ( 'NONE', *, *, #3522, .F. ) ;
#4036 = CARTESIAN_POINT ( 'NONE',  ( 50.00000000000000000, -6.604999999998750759, -32.50000000000563460 ) ) ;
#4037 = CIRCLE ( 'NONE', #1930, 0.2000000000000334843 ) ;
#4038 = DIRECTION ( 'NONE',  ( -1.000000000000000000, -0.000000000000000000, -0.000000000000000000 ) ) ;
#4039 = FACE_OUTER_BOUND ( 'NONE', #10404, .T. ) ;
#4040 = CARTESIAN_POINT ( 'NONE',  ( 50.00000000000000000, 1.795000000003488250, 37.49999999998743050 ) ) ;
#4041 = VERTEX_POINT ( 'NONE', #2156 ) ;
#4042 = EDGE_CURVE ( 'NONE', #4820, #6586, #9610, .T. ) ;
#4043 = CARTESIAN_POINT ( 'NONE',  ( -50.00000000000000000, 8.294999999996498730, -35.80000000001126637 ) ) ;
#4044 = CARTESIAN_POINT ( 'NONE',  ( 50.00000000000000000, -12.70499999999841201, -34.00000000000547118 ) ) ;
#4045 = VECTOR ( 'NONE', #4026, 1000.000000000000000 ) ;
#4046 = EDGE_CURVE ( 'NONE', #10361, #1645, #6160, .T. ) ;
#4047 = ORIENTED_EDGE ( 'NONE', *, *, #10277, .F. ) ;
#4048 = VERTEX_POINT ( 'NONE', #4733 ) ;
#4049 = VERTEX_POINT ( 'NONE', #7902 ) ;
#4050 = CARTESIAN_POINT ( 'NONE',  ( 50.00000000000000000, -0.1649999999968621012, 34.79999999998739924 ) ) ;
#4051 = CARTESIAN_POINT ( 'NONE',  ( -50.00000000000000000, -7.104999999996586268, 32.69999999998740492 ) ) ;
#4052 = DIRECTION ( 'NONE',  ( 0.000000000000000000, 0.000000000000000000, -1.000000000000000000 ) ) ;
#4053 = AXIS2_PLACEMENT_3D ( 'NONE', #6846, #10034, #3406 ) ;
#4054 = LINE ( 'NONE', #553, #4156 ) ;
#4055 = EDGE_CURVE ( 'NONE', #5586, #3089, #4622, .T. ) ;
#4056 = PLANE ( 'NONE',  #3336 ) ;
#4057 = EDGE_LOOP ( 'NONE', ( #10730, #1631, #9420, #1103 ) ) ;
#4058 = ORIENTED_EDGE ( 'NONE', *, *, #8051, .T. ) ;
#4059 = EDGE_CURVE ( 'NONE', #8228, #3027, #3862, .T. ) ;
#4060 = CARTESIAN_POINT ( 'NONE',  ( 50.00000000000000000, -0.7049999999965139708, -37.50000000001251976 ) ) ;
#4061 = CARTESIAN_POINT ( 'NONE',  ( -50.00000000000000000, -6.404999999998716831, -32.70000000000561613 ) ) ;
#4062 = EDGE_CURVE ( 'NONE', #8991, #9356, #9500, .T. ) ;
#4063 = ORIENTED_EDGE ( 'NONE', *, *, #4996, .T. ) ;
#4064 = AXIS2_PLACEMENT_3D ( 'NONE', #7386, #10673, #3174 ) ;
#4065 = ORIENTED_EDGE ( 'NONE', *, *, #9404, .T. ) ;
#4066 = CARTESIAN_POINT ( 'NONE',  ( 50.00000000000000000, 8.295000000003494023, 35.79999999998739924 ) ) ;
#4067 = CARTESIAN_POINT ( 'NONE',  ( 50.00000000000000000, 0.2550000000035579362, 31.69999999998729479 ) ) ;
#4068 = EDGE_CURVE ( 'NONE', #8048, #8991, #4681, .T. ) ;
#4069 = DIRECTION ( 'NONE',  ( -0.000000000000000000, 1.000000000000000000, -0.000000000000000000 ) ) ;
#4070 = LINE ( 'NONE', #9923, #1374 ) ;
#4071 = CIRCLE ( 'NONE', #5463, 0.1999999999999779732 ) ;
#4072 = EDGE_CURVE ( 'NONE', #5801, #1224, #6606, .T. ) ;
#4073 = DIRECTION ( 'NONE',  ( 0.000000000000000000, -1.000000000000000000, 0.000000000000000000 ) ) ;
#4074 = ORIENTED_EDGE ( 'NONE', *, *, #10614, .T. ) ;
#4075 = ORIENTED_EDGE ( 'NONE', *, *, #3248, .T. ) ;
#4076 = VERTEX_POINT ( 'NONE', #7196 ) ;
#4077 = AXIS2_PLACEMENT_3D ( 'NONE', #9044, #4892, #619 ) ;
#4078 = EDGE_LOOP ( 'NONE', ( #1943, #2047, #280, #1338 ) ) ;
#4079 = CARTESIAN_POINT ( 'NONE',  ( 50.00000000000000000, -9.204999999996577031, 37.49999999998743050 ) ) ;
#4080 = FACE_OUTER_BOUND ( 'NONE', #2114, .T. ) ;
#4081 = DIRECTION ( 'NONE',  ( 1.000000000000000000, 0.000000000000000000, 0.000000000000000000 ) ) ;
#4082 = EDGE_CURVE ( 'NONE', #4515, #6234, #6376, .T. ) ;
#4083 = CARTESIAN_POINT ( 'NONE',  ( -50.00000000000000000, -12.50499999999843403, -32.70000000000561613 ) ) ;
#4084 = VERTEX_POINT ( 'NONE', #3696 ) ;
#4085 = CARTESIAN_POINT ( 'NONE',  ( -50.00000000000000000, 12.79499999999622517, -32.70000000001061125 ) ) ;
#4086 = FACE_OUTER_BOUND ( 'NONE', #4057, .T. ) ;
#4087 = ORIENTED_EDGE ( 'NONE', *, *, #43, .F. ) ;
#4088 = DIRECTION ( 'NONE',  ( 0.000000000000000000, 0.000000000000000000, 1.000000000000000000 ) ) ;
#4089 = LINE ( 'NONE', #7424, #4696 ) ;
#4090 = VERTEX_POINT ( 'NONE', #7032 ) ;
#4091 = DIRECTION ( 'NONE',  ( 1.000000000000000000, 0.000000000000000000, 0.000000000000000000 ) ) ;
#4092 = DIRECTION ( 'NONE',  ( -1.000000000000000000, -0.000000000000000000, -0.000000000000000000 ) ) ;
#4093 = LINE ( 'NONE', #5076, #4832 ) ;
#4094 = VECTOR ( 'NONE', #2195, 1000.000000000000000 ) ;
#4095 = CARTESIAN_POINT ( 'NONE',  ( -50.00000000000000000, -1.704999999996625881, -35.80000000001248850 ) ) ;
#4096 = VERTEX_POINT ( 'NONE', #10373 ) ;
#4097 = DIRECTION ( 'NONE',  ( -0.000000000000000000, -1.000000000000000000, -0.000000000000000000 ) ) ;
#4098 = VECTOR ( 'NONE', #6718, 1000.000000000000000 ) ;
#4099 = DIRECTION ( 'NONE',  ( 0.000000000000000000, 0.000000000000000000, 1.000000000000000000 ) ) ;
#4100 = EDGE_LOOP ( 'NONE', ( #602, #6068, #7596, #3717 ) ) ;
#4101 = ORIENTED_EDGE ( 'NONE', *, *, #2844, .T. ) ;
#4102 = EDGE_LOOP ( 'NONE', ( #5958, #532, #8086, #5359 ) ) ;
#4103 = DIRECTION ( 'NONE',  ( 0.000000000000000000, 0.000000000000000000, 1.000000000000000000 ) ) ;
#4104 = CARTESIAN_POINT ( 'NONE',  ( 50.00000000000000000, 10.79500000000333060, 37.49999999998743050 ) ) ;
#4105 = CARTESIAN_POINT ( 'NONE',  ( 50.00000000000000000, 6.795000000003326157, 37.49999999998743050 ) ) ;
#4106 = EDGE_CURVE ( 'NONE', #9382, #2970, #6782, .T. ) ;
#4107 = VECTOR ( 'NONE', #2701, 1000.000000000000000 ) ;
#4108 = CARTESIAN_POINT ( 'NONE',  ( 50.00000000000000000, -17.95499999999650242, 34.99999999998737366 ) ) ;
#4109 = CARTESIAN_POINT ( 'NONE',  ( 50.00000000000000000, -9.204999999996577031, 37.49999999998743050 ) ) ;
#4110 = ORIENTED_EDGE ( 'NONE', *, *, #2632, .F. ) ;
#4111 = VERTEX_POINT ( 'NONE', #796 ) ;
#4112 = AXIS2_PLACEMENT_3D ( 'NONE', #3917, #634, #7252 ) ;
#4113 = CARTESIAN_POINT ( 'NONE',  ( 50.00000000000000000, -3.704999999998903615, -32.70000000000561613 ) ) ;
#4114 = CARTESIAN_POINT ( 'NONE',  ( 50.00000000000000000, -1.204999999996569926, -37.50000000001251976 ) ) ;
#4115 = ORIENTED_EDGE ( 'NONE', *, *, #3718, .F. ) ;
#4116 = VERTEX_POINT ( 'NONE', #2436 ) ;
#4117 = ADVANCED_FACE ( 'NONE', ( #8944 ), #1559, .F. ) ;
#4118 = DIRECTION ( 'NONE',  ( 0.000000000000000000, 0.000000000000000000, -1.000000000000000000 ) ) ;
#4119 = EDGE_CURVE ( 'NONE', #10694, #7751, #4784, .T. ) ;
#4120 = DIRECTION ( 'NONE',  ( 0.000000000000000000, 1.000000000000000000, 0.000000000000000000 ) ) ;
#4121 = LINE ( 'NONE', #9983, #7566 ) ;
#4122 = LINE ( 'NONE', #4893, #9768 ) ;
#4123 = CARTESIAN_POINT ( 'NONE',  ( 50.00000000000000000, 9.895000000003539853, 32.69999999998740492 ) ) ;
#4124 = EDGE_CURVE ( 'NONE', #5285, #7844, #7244, .T. ) ;
#4125 = VERTEX_POINT ( 'NONE', #4079 ) ;
#4126 = EDGE_CURVE ( 'NONE', #2815, #5306, #3147, .T. ) ;
#4127 = ORIENTED_EDGE ( 'NONE', *, *, #3600, .T. ) ;
#4128 = ADVANCED_FACE ( 'NONE', ( #8338 ), #8117, .T. ) ;
#4129 = DIRECTION ( 'NONE',  ( -1.000000000000000000, -0.000000000000000000, -0.000000000000000000 ) ) ;
#4130 = CARTESIAN_POINT ( 'NONE',  ( -50.00000000000000000, -6.604999999996530313, 32.69999999998740492 ) ) ;
#4131 = DIRECTION ( 'NONE',  ( 0.000000000000000000, 0.000000000000000000, -1.000000000000000000 ) ) ;
#4132 = PLANE ( 'NONE',  #3298 ) ;
#4133 = ORIENTED_EDGE ( 'NONE', *, *, #5397, .T. ) ;
#4134 = VECTOR ( 'NONE', #1680, 1000.000000000000000 ) ;
#4135 = CARTESIAN_POINT ( 'NONE',  ( -50.00000000000000000, -20.55499999999643634, -27.50000000001251266 ) ) ;
#4136 = FACE_OUTER_BOUND ( 'NONE', #1109, .T. ) ;
#4137 = ORIENTED_EDGE ( 'NONE', *, *, #9072, .F. ) ;
#4138 = LINE ( 'NONE', #5995, #3491 ) ;
#4139 = DIRECTION ( 'NONE',  ( 0.000000000000000000, 0.000000000000000000, -1.000000000000000000 ) ) ;
#4140 = ADVANCED_FACE ( 'NONE', ( #9826 ), #8285, .F. ) ;
#4141 = VERTEX_POINT ( 'NONE', #1499 ) ;
#4142 = VECTOR ( 'NONE', #4187, 1000.000000000000000 ) ;
#4143 = DIRECTION ( 'NONE',  ( -1.000000000000000000, -0.000000000000000000, -0.000000000000000000 ) ) ;
#4144 = FACE_OUTER_BOUND ( 'NONE', #8561, .T. ) ;
#4145 = DIRECTION ( 'NONE',  ( -1.000000000000000000, -0.000000000000000000, -0.000000000000000000 ) ) ;
#4146 = DIRECTION ( 'NONE',  ( 0.000000000000000000, -0.000000000000000000, -1.000000000000000000 ) ) ;
#4147 = ORIENTED_EDGE ( 'NONE', *, *, #5644, .T. ) ;
#4148 = CARTESIAN_POINT ( 'NONE',  ( -50.00000000000000000, 12.09499999999630404, -32.50000000001062972 ) ) ;
#4149 = VECTOR ( 'NONE', #10035, 1000.000000000000000 ) ;
#4150 = LINE ( 'NONE', #6450, #8537 ) ;
#4151 = VERTEX_POINT ( 'NONE', #3964 ) ;
#4152 = AXIS2_PLACEMENT_3D ( 'NONE', #3428, #10057, #3488 ) ;
#4153 = ORIENTED_EDGE ( 'NONE', *, *, #1310, .F. ) ;
#4154 = ORIENTED_EDGE ( 'NONE', *, *, #3188, .F. ) ;
#4155 = CARTESIAN_POINT ( 'NONE',  ( 50.00000000000000000, -3.204999999996571702, -35.80000000001248850 ) ) ;
#4156 = VECTOR ( 'NONE', #1479, 1000.000000000000000 ) ;
#4157 = CARTESIAN_POINT ( 'NONE',  ( 50.00000000000000000, 11.29500000000349758, 37.99999999998748734 ) ) ;
#4158 = CARTESIAN_POINT ( 'NONE',  ( 50.00000000000000000, 8.295000000003494023, 37.49999999998743050 ) ) ;
#4159 = DIRECTION ( 'NONE',  ( 0.000000000000000000, -1.000000000000000000, 0.000000000000000000 ) ) ;
#4160 = CARTESIAN_POINT ( 'NONE',  ( 50.00000000000000000, -10.70499999999652374, -37.50000000001251976 ) ) ;
#4161 = ORIENTED_EDGE ( 'NONE', *, *, #6251, .F. ) ;
#4162 = VERTEX_POINT ( 'NONE', #5660 ) ;
#4163 = VECTOR ( 'NONE', #902, 1000.000000000000000 ) ;
#4164 = CIRCLE ( 'NONE', #10279, 3.000000000000002665 ) ;
#4165 = DIRECTION ( 'NONE',  ( 1.000000000000000000, 0.000000000000000000, 0.000000000000000000 ) ) ;
#4166 = CARTESIAN_POINT ( 'NONE',  ( 50.00000000000000000, 14.29499999999650584, -35.80000000001126637 ) ) ;
#4167 = VECTOR ( 'NONE', #10237, 1000.000000000000000 ) ;
#4168 = ORIENTED_EDGE ( 'NONE', *, *, #7017, .T. ) ;
#4169 = ADVANCED_FACE ( 'NONE', ( #2487 ), #9055, .T. ) ;
#4170 = ORIENTED_EDGE ( 'NONE', *, *, #511, .F. ) ;
#4171 = CIRCLE ( 'NONE', #8187, 0.5000000000000559552 ) ;
#4172 = VECTOR ( 'NONE', #1774, 1000.000000000000000 ) ;
#4173 = CARTESIAN_POINT ( 'NONE',  ( -50.00000000000000000, -10.70499999999652374, 37.49999999998743050 ) ) ;
#4174 = DIRECTION ( 'NONE',  ( 0.000000000000000000, 0.000000000000000000, 1.000000000000000000 ) ) ;
#4175 = CIRCLE ( 'NONE', #10293, 0.2000000000000334843 ) ;
#4176 = DIRECTION ( 'NONE',  ( 0.000000000000000000, -1.000000000000000000, 0.000000000000000000 ) ) ;
#4177 = DIRECTION ( 'NONE',  ( 0.000000000000000000, 0.000000000000000000, 1.000000000000000000 ) ) ;
#4178 = DIRECTION ( 'NONE',  ( -1.000000000000000000, -0.000000000000000000, -0.000000000000000000 ) ) ;
#4179 = AXIS2_PLACEMENT_3D ( 'NONE', #6083, #5211, #74 ) ;
#4180 = ADVANCED_FACE ( 'NONE', ( #8174 ), #4836, .T. ) ;
#4181 = ADVANCED_FACE ( 'NONE', ( #4025 ), #8233, .F. ) ;
#4182 = ORIENTED_EDGE ( 'NONE', *, *, #4722, .F. ) ;
#4183 = VECTOR ( 'NONE', #1832, 1000.000000000000000 ) ;
#4184 = ORIENTED_EDGE ( 'NONE', *, *, #5873, .F. ) ;
#4185 = FACE_OUTER_BOUND ( 'NONE', #8221, .T. ) ;
#4186 = LINE ( 'NONE', #4837, #2291 ) ;
#4187 = DIRECTION ( 'NONE',  ( -1.000000000000000000, -0.000000000000000000, -0.000000000000000000 ) ) ;
#4188 = CIRCLE ( 'NONE', #6978, 0.5000000000000004441 ) ;
#4189 = CARTESIAN_POINT ( 'NONE',  ( -50.00000000000000000, 6.695000000003559215, 32.69999999998740492 ) ) ;
#4190 = EDGE_CURVE ( 'NONE', #10497, #4096, #9773, .T. ) ;
#4191 = FACE_OUTER_BOUND ( 'NONE', #1395, .T. ) ;
#4192 = ORIENTED_EDGE ( 'NONE', *, *, #8540, .F. ) ;
#4193 = CARTESIAN_POINT ( 'NONE',  ( 50.00000000000000000, -1.904999999998824300, -34.00000000000547118 ) ) ;
#4194 = EDGE_CURVE ( 'NONE', #4706, #9580, #10111, .T. ) ;
#4195 = LINE ( 'NONE', #4957, #2544 ) ;
#4196 = EDGE_LOOP ( 'NONE', ( #10627, #6804, #7848, #615 ) ) ;
#4197 = EDGE_CURVE ( 'NONE', #5106, #6658, #5730, .T. ) ;
#4198 = FACE_OUTER_BOUND ( 'NONE', #66, .T. ) ;
#4199 = VECTOR ( 'NONE', #6519, 1000.000000000000000 ) ;
#4200 = LINE ( 'NONE', #37, #6974 ) ;
#4201 = EDGE_CURVE ( 'NONE', #9657, #3053, #3254, .T. ) ;
#4202 = ORIENTED_EDGE ( 'NONE', *, *, #7475, .F. ) ;
#4203 = CARTESIAN_POINT ( 'NONE',  ( -50.00000000000000000, 0.2549999999962304642, -32.70000000001083151 ) ) ;
#4204 = CYLINDRICAL_SURFACE ( 'NONE', #1742, 0.5000000000000004441 ) ;
#4205 = DIRECTION ( 'NONE',  ( 1.000000000000000000, 0.000000000000000000, 0.000000000000000000 ) ) ;
#4206 = ADVANCED_FACE ( 'NONE', ( #1613 ), #9989, .F. ) ;
#4207 = CARTESIAN_POINT ( 'NONE',  ( 50.00000000000000000, -7.104999999996586268, 32.69999999998740492 ) ) ;
#4208 = ORIENTED_EDGE ( 'NONE', *, *, #4513, .T. ) ;
#4209 = EDGE_CURVE ( 'NONE', #2221, #7016, #6646, .T. ) ;
#4210 = PLANE ( 'NONE',  #1124 ) ;
#4211 = CYLINDRICAL_SURFACE ( 'NONE', #9954, 0.5000000000000559552 ) ;
#4212 = ORIENTED_EDGE ( 'NONE', *, *, #183, .F. ) ;
#4213 = VECTOR ( 'NONE', #1205, 1000.000000000000000 ) ;
#4214 = ORIENTED_EDGE ( 'NONE', *, *, #398, .T. ) ;
#4215 = VERTEX_POINT ( 'NONE', #5877 ) ;
#4216 = CARTESIAN_POINT ( 'NONE',  ( 50.00000000000000000, -4.204999999996572591, 35.79999999998739924 ) ) ;
#4217 = CARTESIAN_POINT ( 'NONE',  ( 50.00000000000000000, -14.25499999999646406, 33.99999999998737366 ) ) ;
#4218 = CARTESIAN_POINT ( 'NONE',  ( 50.00000000000000000, 20.64500000000346702, -27.50000000001251266 ) ) ;
#4219 = DIRECTION ( 'NONE',  ( 0.000000000000000000, 0.000000000000000000, 1.000000000000000000 ) ) ;
#4220 = EDGE_LOOP ( 'NONE', ( #2920, #3198, #10101, #6471 ) ) ;
#4221 = ORIENTED_EDGE ( 'NONE', *, *, #983, .T. ) ;
#4222 = DIRECTION ( 'NONE',  ( 0.000000000000000000, -0.000000000000000000, 1.000000000000000000 ) ) ;
#4223 = DIRECTION ( 'NONE',  ( -0.000000000000000000, -1.000000000000000000, -0.000000000000000000 ) ) ;
#4224 = VERTEX_POINT ( 'NONE', #7731 ) ;
#4225 = VERTEX_POINT ( 'NONE', #5936 ) ;
#4226 = CARTESIAN_POINT ( 'NONE',  ( -50.00000000000000000, 9.195000000003394902, 33.99999999998737366 ) ) ;
#4227 = DIRECTION ( 'NONE',  ( 0.000000000000000000, 0.000000000000000000, 1.000000000000000000 ) ) ;
#4228 = CARTESIAN_POINT ( 'NONE',  ( 50.00000000000000000, -0.7049999999965139708, 35.79999999998750582 ) ) ;
#4229 = ORIENTED_EDGE ( 'NONE', *, *, #5185, .T. ) ;
#4230 = PLANE ( 'NONE',  #7490 ) ;
#4231 = DIRECTION ( 'NONE',  ( -1.000000000000000000, -0.000000000000000000, -0.000000000000000000 ) ) ;
#4232 = ORIENTED_EDGE ( 'NONE', *, *, #2983, .T. ) ;
#4233 = APPLICATION_CONTEXT ( 'automotive_design' ) ;
#4234 = VERTEX_POINT ( 'NONE', #25 ) ;
#4235 = CARTESIAN_POINT ( 'NONE',  ( 50.00000000000000000, 1.835000000001363318, -33.00000000000580513 ) ) ;
#4236 = AXIS2_PLACEMENT_3D ( 'NONE', #7215, #5222, #2599 ) ;
#4237 = PLANE ( 'NONE',  #5788 ) ;
#4238 = CARTESIAN_POINT ( 'NONE',  ( -50.00000000000000000, 0.03500000000344893891, 34.79999999998739924 ) ) ;
#4239 = DIRECTION ( 'NONE',  ( 0.000000000000000000, 0.000000000000000000, 1.000000000000000000 ) ) ;
#4240 = CARTESIAN_POINT ( 'NONE',  ( -50.00000000000000000, -7.104999999998806715, -32.70000000000561613 ) ) ;
#4241 = ORIENTED_EDGE ( 'NONE', *, *, #9091, .F. ) ;
#4242 = EDGE_CURVE ( 'NONE', #9964, #3882, #5219, .T. ) ;
#4243 = CARTESIAN_POINT ( 'NONE',  ( -50.00000000000000000, 4.695000000003557439, 32.69999999998740492 ) ) ;
#4244 = CYLINDRICAL_SURFACE ( 'NONE', #623, 0.1999999999999779732 ) ;
#4245 = ORIENTED_EDGE ( 'NONE', *, *, #2036, .F. ) ;
#4246 = DIRECTION ( 'NONE',  ( 0.000000000000000000, 0.000000000000000000, -1.000000000000000000 ) ) ;
#4247 = FACE_OUTER_BOUND ( 'NONE', #2441, .T. ) ;
#4248 = CIRCLE ( 'NONE', #5471, 0.2000000000000334843 ) ;
#4249 = VERTEX_POINT ( 'NONE', #8495 ) ;
#4250 = EDGE_CURVE ( 'NONE', #9120, #4041, #6750, .T. ) ;
#4251 = DIRECTION ( 'NONE',  ( 1.000000000000000000, 0.000000000000000000, 0.000000000000000000 ) ) ;
#4252 = CARTESIAN_POINT ( 'NONE',  ( -50.00000000000000000, -4.604999999996528537, 32.19999999998756834 ) ) ;
#4253 = EDGE_CURVE ( 'NONE', #8637, #5430, #237, .T. ) ;
#4254 = CARTESIAN_POINT ( 'NONE',  ( 50.00000000000000000, 9.295000000003494023, 35.79999999998739924 ) ) ;
#4255 = AXIS2_PLACEMENT_3D ( 'NONE', #3178, #7228, #9801 ) ;
#4256 = EDGE_CURVE ( 'NONE', #2640, #8390, #1769, .T. ) ;
#4257 = CARTESIAN_POINT ( 'NONE',  ( 50.00000000000000000, 4.295000000003490470, 37.49999999998743050 ) ) ;
#4258 = ORIENTED_EDGE ( 'NONE', *, *, #9219, .T. ) ;
#4259 = CARTESIAN_POINT ( 'NONE',  ( 50.00000000000000000, 5.795000000003436291, 35.79999999998739924 ) ) ;
#4260 = CARTESIAN_POINT ( 'NONE',  ( -50.00000000000000000, -1.204999999996569926, 37.49999999998743050 ) ) ;
#4261 = ORIENTED_EDGE ( 'NONE', *, *, #7449, .F. ) ;
#4262 = EDGE_CURVE ( 'NONE', #5095, #6286, #7518, .T. ) ;
#4263 = ORIENTED_EDGE ( 'NONE', *, *, #6981, .T. ) ;
#4264 = ADVANCED_FACE ( 'NONE', ( #6856 ), #2694, .F. ) ;
#4265 = VECTOR ( 'NONE', #3067, 1000.000000000000000 ) ;
#4266 = DIRECTION ( 'NONE',  ( -1.000000000000000000, -0.000000000000000000, -0.000000000000000000 ) ) ;
#4267 = EDGE_CURVE ( 'NONE', #5900, #7390, #8444, .T. ) ;
#4268 = PRESENTATION_STYLE_ASSIGNMENT (( #8313 ) ) ;
#4269 = CARTESIAN_POINT ( 'NONE',  ( -50.00000000000000000, 3.795000000003434515, 33.99999999998737366 ) ) ;
#4270 = VECTOR ( 'NONE', #3166, 1000.000000000000000 ) ;
#4271 = DIRECTION ( 'NONE',  ( -1.000000000000000000, -0.000000000000000000, -0.000000000000000000 ) ) ;
#4272 = EDGE_LOOP ( 'NONE', ( #7409, #7611, #2302, #4007 ) ) ;
#4273 = ORIENTED_EDGE ( 'NONE', *, *, #374, .F. ) ;
#4274 = LINE ( 'NONE', #2572, #5483 ) ;
#4275 = CARTESIAN_POINT ( 'NONE',  ( -50.00000000000000000, -1.904999999998824300, -34.00000000000547118 ) ) ;
#4276 = ORIENTED_EDGE ( 'NONE', *, *, #5457, .F. ) ;
#4277 = ORIENTED_EDGE ( 'NONE', *, *, #1163, .T. ) ;
#4278 = VERTEX_POINT ( 'NONE', #187 ) ;
#4279 = ADVANCED_FACE ( 'NONE', ( #7623 ), #2540, .F. ) ;
#4280 = VECTOR ( 'NONE', #9282, 1000.000000000000000 ) ;
#4281 = DIRECTION ( 'NONE',  ( 0.000000000000000000, -0.000000000000000000, -1.000000000000000000 ) ) ;
#4282 = LINE ( 'NONE', #9424, #8689 ) ;
#4283 = CARTESIAN_POINT ( 'NONE',  ( 50.00000000000000000, -5.704999999996629434, 37.49999999998743050 ) ) ;
#4284 = ORIENTED_EDGE ( 'NONE', *, *, #8327, .F. ) ;
#4285 = CARTESIAN_POINT ( 'NONE',  ( -50.00000000000000000, 21.04500000001618787, -34.99999999999980815 ) ) ;
#4286 = DIRECTION ( 'NONE',  ( -1.000000000000000000, -0.000000000000000000, -0.000000000000000000 ) ) ;
#4287 = CIRCLE ( 'NONE', #4626, 0.2000000000000334843 ) ;
#4288 = EDGE_LOOP ( 'NONE', ( #8378, #8835, #9756, #2513 ) ) ;
#4289 = VERTEX_POINT ( 'NONE', #5983 ) ;
#4290 = CARTESIAN_POINT ( 'NONE',  ( 50.00000000000000000, -5.704999999996629434, -37.50000000001251976 ) ) ;
#4291 = DIRECTION ( 'NONE',  ( 0.000000000000000000, 0.000000000000000000, -1.000000000000000000 ) ) ;
#4292 = CARTESIAN_POINT ( 'NONE',  ( 50.00000000000000000, 6.795000000003437179, 37.49999999998743050 ) ) ;
#4293 = DIRECTION ( 'NONE',  ( 0.000000000000000000, 0.000000000000000000, -1.000000000000000000 ) ) ;
#4294 = DIRECTION ( 'NONE',  ( -1.000000000000000000, -0.000000000000000000, -0.000000000000000000 ) ) ;
#4295 = ORIENTED_EDGE ( 'NONE', *, *, #4920, .F. ) ;
#4296 = DIRECTION ( 'NONE',  ( 0.000000000000000000, -1.000000000000000000, 0.000000000000000000 ) ) ;
#4297 = LINE ( 'NONE', #5010, #2190 ) ;
#4298 = ORIENTED_EDGE ( 'NONE', *, *, #3051, .T. ) ;
#4299 = FACE_OUTER_BOUND ( 'NONE', #3743, .T. ) ;
#4300 = CARTESIAN_POINT ( 'NONE',  ( -50.00000000000000000, 0.2549999999963414865, -35.60000000001117826 ) ) ;
#4301 = EDGE_CURVE ( 'NONE', #9563, #6900, #7126, .T. ) ;
#4302 = EDGE_LOOP ( 'NONE', ( #7031, #10787, #4885, #9691 ) ) ;
#4303 = CARTESIAN_POINT ( 'NONE',  ( -50.00000000000000000, -7.304999999998784688, -34.00000000000547118 ) ) ;
#4304 = DIRECTION ( 'NONE',  ( 0.000000000000000000, 0.000000000000000000, 1.000000000000000000 ) ) ;
#4305 = DIRECTION ( 'NONE',  ( -1.000000000000000000, -0.000000000000000000, -0.000000000000000000 ) ) ;
#4306 = CARTESIAN_POINT ( 'NONE',  ( 50.00000000000000000, -10.70499999999652374, 37.49999999998743050 ) ) ;
#4307 = VERTEX_POINT ( 'NONE', #10150 ) ;
#4308 = DIRECTION ( 'NONE',  ( -0.000000000000000000, 0.9659258262876574408, 0.2588190451077862497 ) ) ;
#4309 = FACE_OUTER_BOUND ( 'NONE', #9403, .T. ) ;
#4310 = EDGE_CURVE ( 'NONE', #10785, #2828, #2644, .T. ) ;
#4311 = VECTOR ( 'NONE', #5127, 1000.000000000000000 ) ;
#4312 = ADVANCED_FACE ( 'NONE', ( #9326 ), #4400, .F. ) ;
#4313 = VERTEX_POINT ( 'NONE', #1065 ) ;
#4314 = FACE_OUTER_BOUND ( 'NONE', #2153, .T. ) ;
#4315 = CARTESIAN_POINT ( 'NONE',  ( 50.00000000000000000, -7.304999999996619309, 32.69999999998740492 ) ) ;
#4316 = LINE ( 'NONE', #7497, #389 ) ;
#4317 = CIRCLE ( 'NONE', #5535, 0.1999999999999779732 ) ;
#4318 = CARTESIAN_POINT ( 'NONE',  ( -50.00000000000000000, -1.944999999996643858, 34.29999999998744897 ) ) ;
#4319 = ORIENTED_EDGE ( 'NONE', *, *, #6990, .F. ) ;
#4320 = ORIENTED_EDGE ( 'NONE', *, *, #5189, .T. ) ;
#4321 = ADVANCED_FACE ( 'NONE', ( #3572 ), #6906, .F. ) ;
#4322 = CARTESIAN_POINT ( 'NONE',  ( -50.00000000000000000, -1.704999999996625881, 37.49999999998743050 ) ) ;
#4323 = ADVANCED_FACE ( 'NONE', ( #79 ), #850, .F. ) ;
#4324 = AXIS2_PLACEMENT_3D ( 'NONE', #5173, #2612, #7637 ) ;
#4325 = DIRECTION ( 'NONE',  ( -1.000000000000000000, -0.000000000000000000, -0.000000000000000000 ) ) ;
#4326 = ADVANCED_FACE ( 'NONE', ( #4185 ), #10043, .F. ) ;
#4327 = ORIENTED_EDGE ( 'NONE', *, *, #10089, .T. ) ;
#4328 = VERTEX_POINT ( 'NONE', #345 ) ;
#4329 = EDGE_CURVE ( 'NONE', #8984, #283, #5632, .T. ) ;
#4330 = ORIENTED_EDGE ( 'NONE', *, *, #1987, .F. ) ;
#4331 = VECTOR ( 'NONE', #8860, 1000.000000000000000 ) ;
#4332 = CIRCLE ( 'NONE', #8167, 0.2000000000000334843 ) ;
#4333 = AXIS2_PLACEMENT_3D ( 'NONE', #3081, #2326, #9933 ) ;
#4334 = LINE ( 'NONE', #835, #2990 ) ;
#4335 = AXIS2_PLACEMENT_3D ( 'NONE', #3411, #5103, #2800 ) ;
#4336 = FACE_OUTER_BOUND ( 'NONE', #1159, .T. ) ;
#4337 = PLANE ( 'NONE',  #3200 ) ;
#4338 = ORIENTED_EDGE ( 'NONE', *, *, #10139, .T. ) ;
#4339 = CARTESIAN_POINT ( 'NONE',  ( -50.00000000000000000, -14.25499999999838963, -32.79417527063710480 ) ) ;
#4340 = LINE ( 'NONE', #1111, #7297 ) ;
#4341 = VECTOR ( 'NONE', #5188, 1000.000000000000000 ) ;
#4342 = EDGE_CURVE ( 'NONE', #8491, #2575, #3835, .T. ) ;
#4343 = VECTOR ( 'NONE', #1531, 1000.000000000000000 ) ;
#4344 = AXIS2_PLACEMENT_3D ( 'NONE', #8015, #7201, #4627 ) ;
#4345 = VERTEX_POINT ( 'NONE', #7779 ) ;
#4346 = CIRCLE ( 'NONE', #9761, 0.1999999999999779732 ) ;
#4347 = CARTESIAN_POINT ( 'NONE',  ( 50.00000000000000000, 20.98642135624073646, 27.84142135622458269 ) ) ;
#4348 = DIRECTION ( 'NONE',  ( -1.000000000000000000, -0.000000000000000000, -0.000000000000000000 ) ) ;
#4349 = DIRECTION ( 'NONE',  ( -0.000000000000000000, -0.000000000000000000, -1.000000000000000000 ) ) ;
#4350 = LINE ( 'NONE', #7626, #8259 ) ;
#4351 = VECTOR ( 'NONE', #2883, 1000.000000000000227 ) ;
#4352 = DIRECTION ( 'NONE',  ( 0.000000000000000000, 1.000000000000000000, 0.000000000000000000 ) ) ;
#4353 = ORIENTED_EDGE ( 'NONE', *, *, #4267, .F. ) ;
#4354 = AXIS2_PLACEMENT_3D ( 'NONE', #7513, #5768, #1608 ) ;
#4355 = CARTESIAN_POINT ( 'NONE',  ( 50.00000000000000000, 15.79500000001615767, -37.49999999999986500 ) ) ;
#4356 = FACE_OUTER_BOUND ( 'NONE', #9607, .T. ) ;
#4357 = VERTEX_POINT ( 'NONE', #4707 ) ;
#4358 = VECTOR ( 'NONE', #5956, 1000.000000000000000 ) ;
#4359 = CARTESIAN_POINT ( 'NONE',  ( -50.00000000000000000, -4.404999999998771010, -32.50000000000563460 ) ) ;
#4360 = ORIENTED_EDGE ( 'NONE', *, *, #3031, .T. ) ;
#4361 = AXIS2_PLACEMENT_3D ( 'NONE', #3980, #3327, #5731 ) ;
#4362 = CYLINDRICAL_SURFACE ( 'NONE', #4502, 0.2000000000000889955 ) ;
#4363 = FACE_OUTER_BOUND ( 'NONE', #3888, .T. ) ;
#4364 = CARTESIAN_POINT ( 'NONE',  ( 50.00000000000000000, -9.304999999996566018, 32.49999999998737366 ) ) ;
#4365 = VECTOR ( 'NONE', #4427, 1000.000000000000000 ) ;
#4366 = CARTESIAN_POINT ( 'NONE',  ( 50.00000000000000000, -0.1649999999991935695, -31.70000000000583640 ) ) ;
#4367 = ORIENTED_EDGE ( 'NONE', *, *, #7727, .T. ) ;
#4368 = AXIS2_PLACEMENT_3D ( 'NONE', #2144, #2901, #7938 ) ;
#4369 = CARTESIAN_POINT ( 'NONE',  ( 50.00000000000000000, -6.404999999996441318, 33.99999999998737366 ) ) ;
#4370 = ORIENTED_EDGE ( 'NONE', *, *, #368, .F. ) ;
#4371 = LINE ( 'NONE', #874, #1135 ) ;
#4372 = CARTESIAN_POINT ( 'NONE',  ( 50.00000000000000000, -15.70499999999652729, 37.49999999998743050 ) ) ;
#4373 = VERTEX_POINT ( 'NONE', #285 ) ;
#4374 = CARTESIAN_POINT ( 'NONE',  ( 50.00000000000000000, 12.09499999999630404, -32.50000000001062972 ) ) ;
#4375 = DIRECTION ( 'NONE',  ( -0.000000000000000000, -1.000000000000000000, -0.000000000000000000 ) ) ;
#4376 = DIRECTION ( 'NONE',  ( -1.000000000000000000, -0.000000000000000000, -0.000000000000000000 ) ) ;
#4377 = DIRECTION ( 'NONE',  ( 0.000000000000000000, -0.000000000000000000, -1.000000000000000000 ) ) ;
#4378 = ORIENTED_EDGE ( 'NONE', *, *, #4329, .F. ) ;
#4379 = ORIENTED_EDGE ( 'NONE', *, *, #8396, .F. ) ;
#4380 = EDGE_CURVE ( 'NONE', #1587, #1555, #8039, .T. ) ;
#4381 = CARTESIAN_POINT ( 'NONE',  ( -50.00000000000000000, 18.04500000001618787, -37.99999999999981526 ) ) ;
#4382 = DIRECTION ( 'NONE',  ( 0.000000000000000000, 0.000000000000000000, -1.000000000000000000 ) ) ;
#4383 = CIRCLE ( 'NONE', #9286, 0.9999999999998898659 ) ;
#4384 = ORIENTED_EDGE ( 'NONE', *, *, #8928, .T. ) ;
#4385 = ORIENTED_EDGE ( 'NONE', *, *, #8744, .T. ) ;
#4386 = ORIENTED_EDGE ( 'NONE', *, *, #2364, .F. ) ;
#4387 = ADVANCED_FACE ( 'NONE', ( #550 ), #10671, .F. ) ;
#4388 = CARTESIAN_POINT ( 'NONE',  ( 50.00000000000000000, 2.154999999996354276, -32.90000000001091962 ) ) ;
#4389 = VECTOR ( 'NONE', #6091, 1000.000000000000000 ) ;
#4390 = ADVANCED_FACE ( 'NONE', ( #7276 ), #10564, .F. ) ;
#4391 = CARTESIAN_POINT ( 'NONE',  ( -50.00000000000000000, -11.20499999999646690, 37.49999999998743050 ) ) ;
#4392 = DIRECTION ( 'NONE',  ( 0.000000000000000000, 0.000000000000000000, -1.000000000000000000 ) ) ;
#4393 = EDGE_LOOP ( 'NONE', ( #10136, #2184, #3262, #8433 ) ) ;
#4394 = CARTESIAN_POINT ( 'NONE',  ( 50.00000000000000000, -10.00499999999648892, 33.99999999998737366 ) ) ;
#4395 = ADVANCED_FACE ( 'NONE', ( #1984 ), #3889, .T. ) ;
#4396 = CYLINDRICAL_SURFACE ( 'NONE', #2928, 0.4999999999999449329 ) ;
#4397 = CIRCLE ( 'NONE', #10515, 0.5000000000000213163 ) ;
#4398 = ORIENTED_EDGE ( 'NONE', *, *, #2921, .T. ) ;
#4399 = EDGE_CURVE ( 'NONE', #4981, #8047, #3117, .T. ) ;
#4400 = PLANE ( 'NONE',  #7479 ) ;
#4401 = FACE_OUTER_BOUND ( 'NONE', #2049, .T. ) ;
#4402 = EDGE_CURVE ( 'NONE', #3427, #3157, #4814, .T. ) ;
#4403 = CARTESIAN_POINT ( 'NONE',  ( -50.00000000000000000, 20.64500000000346702, -27.50000000001251266 ) ) ;
#4404 = CARTESIAN_POINT ( 'NONE',  ( -50.00000000000000000, -6.204999999996574367, -37.50000000001251976 ) ) ;
#4405 = CARTESIAN_POINT ( 'NONE',  ( 50.00000000000000000, -0.1649999999968621012, 34.79999999998739924 ) ) ;
#4406 = CIRCLE ( 'NONE', #5277, 0.5000000000000004441 ) ;
#4407 = ORIENTED_EDGE ( 'NONE', *, *, #5203, .T. ) ;
#4408 = DIRECTION ( 'NONE',  ( -1.000000000000000000, -0.000000000000000000, -0.000000000000000000 ) ) ;
#4409 = CARTESIAN_POINT ( 'NONE',  ( 50.00000000000000000, -4.204999999996572591, 35.79999999998739924 ) ) ;
#4410 = ORIENTED_EDGE ( 'NONE', *, *, #8848, .F. ) ;
#4411 = DIRECTION ( 'NONE',  ( -0.000000000000000000, -0.000000000000000000, 1.000000000000000000 ) ) ;
#4412 = EDGE_CURVE ( 'NONE', #4529, #2791, #5523, .T. ) ;
#4413 = CIRCLE ( 'NONE', #2832, 0.1999999999999779732 ) ;
#4414 = ORIENTED_EDGE ( 'NONE', *, *, #4669, .T. ) ;
#4415 = EDGE_CURVE ( 'NONE', #4600, #8898, #9797, .T. ) ;
#4416 = LINE ( 'NONE', #7747, #8169 ) ;
#4417 = DIRECTION ( 'NONE',  ( 0.000000000000000000, -0.000000000000000000, 1.000000000000000000 ) ) ;
#4418 = CARTESIAN_POINT ( 'NONE',  ( 50.00000000000000000, 20.84500000001609976, -27.98284271249984556 ) ) ;
#4419 = DIRECTION ( 'NONE',  ( 0.000000000000000000, 0.000000000000000000, -1.000000000000000000 ) ) ;
#4420 = VERTEX_POINT ( 'NONE', #4000 ) ;
#4421 = LINE ( 'NONE', #5239, #8301 ) ;
#4422 = ORIENTED_EDGE ( 'NONE', *, *, #3341, .F. ) ;
#4423 = CIRCLE ( 'NONE', #4949, 0.5000000000000004441 ) ;
#4424 = CARTESIAN_POINT ( 'NONE',  ( -50.00000000000000000, -13.70499999999652552, 37.99999999998748734 ) ) ;
#4425 = DIRECTION ( 'NONE',  ( -0.000000000000000000, -0.000000000000000000, 1.000000000000000000 ) ) ;
#4426 = ORIENTED_EDGE ( 'NONE', *, *, #5263, .F. ) ;
#4427 = DIRECTION ( 'NONE',  ( 0.000000000000000000, 0.000000000000000000, 1.000000000000000000 ) ) ;
#4428 = CIRCLE ( 'NONE', #9843, 0.5000000000000559552 ) ;
#4429 = LINE ( 'NONE', #5246, #7833 ) ;
#4430 = CARTESIAN_POINT ( 'NONE',  ( -50.00000000000000000, 2.154999999996354276, -32.90000000001091962 ) ) ;
#4431 = PLANE ( 'NONE',  #7355 ) ;
#4432 = ORIENTED_EDGE ( 'NONE', *, *, #5054, .F. ) ;
#4433 = EDGE_LOOP ( 'NONE', ( #5156, #10511, #7710, #2017 ) ) ;
#4434 = CARTESIAN_POINT ( 'NONE',  ( 50.00000000000000000, -9.204999999996577031, -35.80000000001248850 ) ) ;
#4435 = DIRECTION ( 'NONE',  ( -0.000000000000000000, -0.000000000000000000, 1.000000000000000000 ) ) ;
#4436 = ORIENTED_EDGE ( 'NONE', *, *, #7791, .T. ) ;
#4437 = VERTEX_POINT ( 'NONE', #6354 ) ;
#4438 = VERTEX_POINT ( 'NONE', #8658 ) ;
#4439 = EDGE_CURVE ( 'NONE', #2388, #4553, #2076, .T. ) ;
#4440 = EDGE_CURVE ( 'NONE', #1729, #8968, #7836, .T. ) ;
#4441 = LINE ( 'NONE', #7113, #8770 ) ;
#4442 = CARTESIAN_POINT ( 'NONE',  ( 50.00000000000000000, -8.704999999996520188, -37.50000000001251976 ) ) ;
#4443 = DIRECTION ( 'NONE',  ( 0.000000000000000000, 0.000000000000000000, -1.000000000000000000 ) ) ;
#4444 = ORIENTED_EDGE ( 'NONE', *, *, #6320, .T. ) ;
#4445 = FACE_OUTER_BOUND ( 'NONE', #830, .T. ) ;
#4446 = ORIENTED_EDGE ( 'NONE', *, *, #1118, .F. ) ;
#4447 = EDGE_CURVE ( 'NONE', #10747, #502, #3062, .T. ) ;
#4448 = VECTOR ( 'NONE', #10328, 1000.000000000000000 ) ;
#4449 = EDGE_CURVE ( 'NONE', #10142, #8883, #5042, .T. ) ;
#4450 = DIRECTION ( 'NONE',  ( -1.000000000000000000, -0.000000000000000000, -0.000000000000000000 ) ) ;
#4451 = CARTESIAN_POINT ( 'NONE',  ( 50.00000000000000000, 4.295000000003490470, 37.49999999998743050 ) ) ;
#4452 = DIRECTION ( 'NONE',  ( -1.000000000000000000, -0.000000000000000000, -0.000000000000000000 ) ) ;
#4453 = DIRECTION ( 'NONE',  ( 0.000000000000000000, 0.000000000000000000, -1.000000000000000000 ) ) ;
#4454 = CARTESIAN_POINT ( 'NONE',  ( -50.00000000000000000, -1.744999999996554862, 33.19999999998746176 ) ) ;
#4455 = ORIENTED_EDGE ( 'NONE', *, *, #3722, .F. ) ;
#4456 = DIRECTION ( 'NONE',  ( -1.000000000000000000, -0.000000000000000000, -0.000000000000000000 ) ) ;
#4457 = CARTESIAN_POINT ( 'NONE',  ( 50.00000000000000000, -14.25499999999838963, -32.79417527063710480 ) ) ;
#4458 = ORIENTED_EDGE ( 'NONE', *, *, #9667, .F. ) ;
#4459 = ADVANCED_FACE ( 'NONE', ( #6510 ), #1421, .T. ) ;
#4460 = VECTOR ( 'NONE', #3209, 1000.000000000000000 ) ;
#4461 = ADVANCED_FACE ( 'NONE', ( #603 ), #8605, .F. ) ;
#4462 = MANIFOLD_SOLID_BREP ( 'ÕπÃ®-¿≠…Ï', #10617 ) ;
#4463 = PLANE ( 'NONE',  #1738 ) ;
#4464 = ORIENTED_EDGE ( 'NONE', *, *, #5729, .F. ) ;
#4465 = EDGE_CURVE ( 'NONE', #3273, #9862, #9907, .T. ) ;
#4466 = ORIENTED_EDGE ( 'NONE', *, *, #2298, .F. ) ;
#4467 = FACE_OUTER_BOUND ( 'NONE', #10398, .T. ) ;
#4468 = VECTOR ( 'NONE', #1620, 1000.000000000000000 ) ;
#4469 = CARTESIAN_POINT ( 'NONE',  ( 50.00000000000000000, -11.70499999999646867, -37.50000000001251976 ) ) ;
#4470 = LINE ( 'NONE', #7796, #284 ) ;
#4471 = LINE ( 'NONE', #3542, #10113 ) ;
#4472 = ORIENTED_EDGE ( 'NONE', *, *, #2903, .T. ) ;
#4473 = DIRECTION ( 'NONE',  ( 1.000000000000000000, 0.000000000000000000, 0.000000000000000000 ) ) ;
#4474 = ORIENTED_EDGE ( 'NONE', *, *, #8596, .F. ) ;
#4475 = DIRECTION ( 'NONE',  ( 0.000000000000000000, 1.000000000000000000, 0.000000000000000000 ) ) ;
#4476 = EDGE_CURVE ( 'NONE', #5642, #5738, #1372, .T. ) ;
#4477 = DIRECTION ( 'NONE',  ( 0.000000000000000000, 0.000000000000000000, -1.000000000000000000 ) ) ;
#4478 = ORIENTED_EDGE ( 'NONE', *, *, #2389, .T. ) ;
#4479 = LINE ( 'NONE', #6061, #4341 ) ;
#4480 = CARTESIAN_POINT ( 'NONE',  ( -50.00000000000000000, -17.95499999999650242, 34.99999999998737366 ) ) ;
#4481 = CARTESIAN_POINT ( 'NONE',  ( -50.00000000000000000, -10.70499999999652374, -37.50000000001251976 ) ) ;
#4482 = FACE_OUTER_BOUND ( 'NONE', #2715, .T. ) ;
#4483 = ORIENTED_EDGE ( 'NONE', *, *, #1057, .F. ) ;
#4484 = ORIENTED_EDGE ( 'NONE', *, *, #6103, .T. ) ;
#4485 = LINE ( 'NONE', #2020, #3390 ) ;
#4486 = AXIS2_PLACEMENT_3D ( 'NONE', #4803, #645, #3983 ) ;
#4487 = LINE ( 'NONE', #3773, #676 ) ;
#4488 = ORIENTED_EDGE ( 'NONE', *, *, #2716, .T. ) ;
#4489 = ORIENTED_EDGE ( 'NONE', *, *, #10219, .F. ) ;
#4490 = VERTEX_POINT ( 'NONE', #5852 ) ;
#4491 = AXIS2_PLACEMENT_3D ( 'NONE', #1451, #7464, #689 ) ;
#4492 = DIRECTION ( 'NONE',  ( 0.000000000000000000, 0.000000000000000000, -1.000000000000000000 ) ) ;
#4493 = CARTESIAN_POINT ( 'NONE',  ( -50.00000000000000000, 6.495000000003470220, 33.99999999998737366 ) ) ;
#4494 = DIRECTION ( 'NONE',  ( 0.000000000000000000, 0.000000000000000000, -1.000000000000000000 ) ) ;
#4495 = VERTEX_POINT ( 'NONE', #2409 ) ;
#4496 = DIRECTION ( 'NONE',  ( -1.000000000000000000, -0.000000000000000000, -0.000000000000000000 ) ) ;
#4497 = PLANE ( 'NONE',  #8469 ) ;
#4498 = AXIS2_PLACEMENT_3D ( 'NONE', #6525, #6576, #7452 ) ;
#4499 = ORIENTED_EDGE ( 'NONE', *, *, #4996, .F. ) ;
#4500 = VECTOR ( 'NONE', #8239, 1000.000000000000000 ) ;
#4501 = ORIENTED_EDGE ( 'NONE', *, *, #4643, .F. ) ;
#4502 = AXIS2_PLACEMENT_3D ( 'NONE', #7794, #3588, #10110 ) ;
#4503 = AXIS2_PLACEMENT_3D ( 'NONE', #8601, #5212, #7677 ) ;
#4504 = DIRECTION ( 'NONE',  ( 0.000000000000000000, 0.000000000000000000, 1.000000000000000000 ) ) ;
#4505 = CARTESIAN_POINT ( 'NONE',  ( -50.00000000000000000, 11.29499999999639215, -37.50000000001130473 ) ) ;
#4506 = DIRECTION ( 'NONE',  ( -0.000000000000000000, -1.000000000000000000, -0.000000000000000000 ) ) ;
#4507 = DIRECTION ( 'NONE',  ( 0.000000000000000000, 0.000000000000000000, -1.000000000000000000 ) ) ;
#4508 = CARTESIAN_POINT ( 'NONE',  ( -50.00000000000000000, -14.20499999999658058, -35.80000000001248850 ) ) ;
#4509 = ORIENTED_EDGE ( 'NONE', *, *, #6925, .T. ) ;
#4510 = EDGE_CURVE ( 'NONE', #9174, #10129, #2515, .T. ) ;
#4511 = CARTESIAN_POINT ( 'NONE',  ( 50.00000000000000000, -20.55499999999643634, -27.50000000001251266 ) ) ;
#4512 = ORIENTED_EDGE ( 'NONE', *, *, #8207, .T. ) ;
#4513 = EDGE_CURVE ( 'NONE', #6234, #8968, #8370, .T. ) ;
#4514 = CARTESIAN_POINT ( 'NONE',  ( 50.00000000000000000, -11.80499999999840099, -32.70000000000561613 ) ) ;
#4515 = VERTEX_POINT ( 'NONE', #58 ) ;
#4516 = VECTOR ( 'NONE', #5741, 1000.000000000000000 ) ;
#4517 = ORIENTED_EDGE ( 'NONE', *, *, #5948, .T. ) ;
#4518 = CARTESIAN_POINT ( 'NONE',  ( -50.00000000000000000, 9.895000000003539853, 32.69999999998740492 ) ) ;
#4519 = ADVANCED_FACE ( 'NONE', ( #5086 ), #9092, .F. ) ;
#4520 = DIRECTION ( 'NONE',  ( -0.000000000000000000, -0.000000000000000000, -1.000000000000000000 ) ) ;
#4521 = VECTOR ( 'NONE', #6204, 1000.000000000000000 ) ;
#4522 = DIRECTION ( 'NONE',  ( -1.000000000000000000, -0.000000000000000000, -0.000000000000000000 ) ) ;
#4523 = ADVANCED_FACE ( 'NONE', ( #7496 ), #9029, .F. ) ;
#4524 = CYLINDRICAL_SURFACE ( 'NONE', #5912, 0.2000000000000334843 ) ;
#4525 = ORIENTED_EDGE ( 'NONE', *, *, #1983, .F. ) ;
#4526 = EDGE_CURVE ( 'NONE', #4738, #2970, #714, .T. ) ;
#4527 = VECTOR ( 'NONE', #1732, 1000.000000000000000 ) ;
#4528 = CARTESIAN_POINT ( 'NONE',  ( -50.00000000000000000, -18.95499999999827878, -30.80000000000548965 ) ) ;
#4529 = VERTEX_POINT ( 'NONE', #7549 ) ;
#4530 = EDGE_CURVE ( 'NONE', #2372, #4090, #6727, .T. ) ;
#4531 = LINE ( 'NONE', #313, #87 ) ;
#4532 = LINE ( 'NONE', #10435, #2770 ) ;
#4533 = VECTOR ( 'NONE', #3928, 1000.000000000000000 ) ;
#4534 = ORIENTED_EDGE ( 'NONE', *, *, #9667, .T. ) ;
#4535 = VECTOR ( 'NONE', #2672, 1000.000000000000000 ) ;
#4536 = DIRECTION ( 'NONE',  ( -0.000000000000000000, -0.000000000000000000, -1.000000000000000000 ) ) ;
#4537 = CARTESIAN_POINT ( 'NONE',  ( -50.00000000000000000, 16.29500000000350113, 37.99999999998743050 ) ) ;
#4538 = DIRECTION ( 'NONE',  ( 1.000000000000000000, 0.000000000000000000, 0.000000000000000000 ) ) ;
#4539 = EDGE_CURVE ( 'NONE', #10371, #8940, #495, .T. ) ;
#4540 = DIRECTION ( 'NONE',  ( -0.000000000000000000, -0.000000000000000000, -1.000000000000000000 ) ) ;
#4541 = ADVANCED_FACE ( 'NONE', ( #6624 ), #4926, .T. ) ;
#4542 = FACE_OUTER_BOUND ( 'NONE', #7576, .T. ) ;
#4543 = ORIENTED_EDGE ( 'NONE', *, *, #3330, .T. ) ;
#4544 = VERTEX_POINT ( 'NONE', #5805 ) ;
#4545 = DIRECTION ( 'NONE',  ( -1.000000000000000000, -0.000000000000000000, -0.000000000000000000 ) ) ;
#4546 = CARTESIAN_POINT ( 'NONE',  ( 50.00000000000000000, -1.204999999996569926, 37.49999999998743050 ) ) ;
#4547 = ORIENTED_EDGE ( 'NONE', *, *, #1129, .T. ) ;
#4548 = ORIENTED_EDGE ( 'NONE', *, *, #5880, .F. ) ;
#4549 = VERTEX_POINT ( 'NONE', #9144 ) ;
#4550 = CARTESIAN_POINT ( 'NONE',  ( 50.00000000000000000, 9.194999999996177564, -34.00000000001046629 ) ) ;
#4551 = LINE ( 'NONE', #2897, #6603 ) ;
#4552 = PLANE ( 'NONE',  #8969 ) ;
#4553 = VERTEX_POINT ( 'NONE', #5905 ) ;
#4554 = LINE ( 'NONE', #450, #1191 ) ;
#4555 = DIRECTION ( 'NONE',  ( 0.000000000000000000, 0.000000000000000000, -1.000000000000000000 ) ) ;
#4556 = ORIENTED_EDGE ( 'NONE', *, *, #10137, .F. ) ;
#4557 = ORIENTED_EDGE ( 'NONE', *, *, #1706, .F. ) ;
#4558 = VECTOR ( 'NONE', #8527, 1000.000000000000000 ) ;
#4559 = CARTESIAN_POINT ( 'NONE',  ( 50.00000000000000000, -3.704999999998848104, -34.00000000000547118 ) ) ;
#4560 = CARTESIAN_POINT ( 'NONE',  ( 50.00000000000000000, -16.20499999999647400, 37.49999999998743050 ) ) ;
#4561 = DIRECTION ( 'NONE',  ( -0.000000000000000000, -0.000000000000000000, 1.000000000000000000 ) ) ;
#4562 = ORIENTED_EDGE ( 'NONE', *, *, #5189, .F. ) ;
#4563 = DIRECTION ( 'NONE',  ( 1.000000000000000000, 0.000000000000000000, 0.000000000000000000 ) ) ;
#4564 = ORIENTED_EDGE ( 'NONE', *, *, #10797, .T. ) ;
#4565 = VECTOR ( 'NONE', #8118, 1000.000000000000000 ) ;
#4566 = DIRECTION ( 'NONE',  ( 0.000000000000000000, 0.000000000000000000, -1.000000000000000000 ) ) ;
#4567 = ORIENTED_EDGE ( 'NONE', *, *, #3569, .F. ) ;
#4568 = ORIENTED_EDGE ( 'NONE', *, *, #4399, .T. ) ;
#4569 = ORIENTED_EDGE ( 'NONE', *, *, #7200, .F. ) ;
#4570 = LINE ( 'NONE', #5339, #10450 ) ;
#4571 = MECHANICAL_DESIGN_GEOMETRIC_PRESENTATION_REPRESENTATION (  '', ( #7544 ), #7191 ) ;
#4572 = DIRECTION ( 'NONE',  ( -1.000000000000000000, -0.000000000000000000, -0.000000000000000000 ) ) ;
#4573 = EDGE_CURVE ( 'NONE', #7256, #530, #4171, .T. ) ;
#4574 = CARTESIAN_POINT ( 'NONE',  ( -50.00000000000000000, 14.34500000000338282, 33.99999999998737366 ) ) ;
#4575 = CYLINDRICAL_SURFACE ( 'NONE', #6618, 0.5000000000000004441 ) ;
#4576 = ORIENTED_EDGE ( 'NONE', *, *, #769, .T. ) ;
#4577 = DIRECTION ( 'NONE',  ( 0.000000000000000000, 0.000000000000000000, -1.000000000000000000 ) ) ;
#4578 = EDGE_LOOP ( 'NONE', ( #8116, #5612, #8666, #3403 ) ) ;
#4579 = LINE ( 'NONE', #6932, #4448 ) ;
#4580 = CARTESIAN_POINT ( 'NONE',  ( -50.00000000000000000, 13.79499999999655913, -37.50000000001130473 ) ) ;
#4581 = CIRCLE ( 'NONE', #3359, 3.000000000000002665 ) ;
#4582 = ORIENTED_EDGE ( 'NONE', *, *, #8881, .T. ) ;
#4583 = EDGE_CURVE ( 'NONE', #2828, #7491, #2935, .T. ) ;
#4584 = LINE ( 'NONE', #2172, #1047 ) ;
#4585 = DIRECTION ( 'NONE',  ( 1.000000000000000000, 0.000000000000000000, 0.000000000000000000 ) ) ;
#4586 = EDGE_CURVE ( 'NONE', #3231, #4041, #6120, .T. ) ;
#4587 = DIRECTION ( 'NONE',  ( 0.000000000000000000, 0.000000000000000000, 1.000000000000000000 ) ) ;
#4588 = CARTESIAN_POINT ( 'NONE',  ( -50.00000000000000000, 11.89500000000354163, 32.69999999998740492 ) ) ;
#4589 = AXIS2_PLACEMENT_3D ( 'NONE', #1011, #5940, #4453 ) ;
#4590 = PLANE ( 'NONE',  #8571 ) ;
#4591 = ORIENTED_EDGE ( 'NONE', *, *, #7123, .T. ) ;
#4592 = ORIENTED_EDGE ( 'NONE', *, *, #4778, .F. ) ;
#4593 = DIRECTION ( 'NONE',  ( -1.000000000000000000, -0.000000000000000000, -0.000000000000000000 ) ) ;
#4594 = EDGE_CURVE ( 'NONE', #10677, #1869, #5351, .T. ) ;
#4595 = DIRECTION ( 'NONE',  ( -1.000000000000000000, -0.000000000000000000, -0.000000000000000000 ) ) ;
#4596 = ORIENTED_EDGE ( 'NONE', *, *, #8288, .T. ) ;
#4597 = EDGE_CURVE ( 'NONE', #7686, #1330, #9512, .T. ) ;
#4598 = CIRCLE ( 'NONE', #10715, 0.1999999999999779732 ) ;
#4599 = ORIENTED_EDGE ( 'NONE', *, *, #10541, .T. ) ;
#4600 = VERTEX_POINT ( 'NONE', #2014 ) ;
#4601 = EDGE_CURVE ( 'NONE', #3345, #9656, #2622, .T. ) ;
#4602 = CARTESIAN_POINT ( 'NONE',  ( -50.00000000000000000, -20.55499999999643634, -27.50000000001251266 ) ) ;
#4603 = DIRECTION ( 'NONE',  ( 0.000000000000000000, -0.000000000000000000, -1.000000000000000000 ) ) ;
#4604 = DIRECTION ( 'NONE',  ( -1.000000000000000000, -0.000000000000000000, -0.000000000000000000 ) ) ;
#4605 = ORIENTED_EDGE ( 'NONE', *, *, #114, .T. ) ;
#4606 = DIRECTION ( 'NONE',  ( 0.000000000000000000, 0.000000000000000000, -1.000000000000000000 ) ) ;
#4607 = LINE ( 'NONE', #3734, #2960 ) ;
#4608 = ORIENTED_EDGE ( 'NONE', *, *, #570, .T. ) ;
#4609 = EDGE_CURVE ( 'NONE', #6508, #4895, #8524, .T. ) ;
#4610 = VERTEX_POINT ( 'NONE', #213 ) ;
#4611 = CIRCLE ( 'NONE', #10732, 0.4999999999999449329 ) ;
#4612 = SURFACE_STYLE_USAGE ( .BOTH. , #7997 ) ;
#4613 = CARTESIAN_POINT ( 'NONE',  ( 50.00000000000000000, -9.804999999996400817, 32.49999999998743050 ) ) ;
#4614 = CARTESIAN_POINT ( 'NONE',  ( 50.00000000000000000, 1.835000000001363318, -34.30000000000566018 ) ) ;
#4615 = LINE ( 'NONE', #10579, #508 ) ;
#4616 = FACE_OUTER_BOUND ( 'NONE', #8415, .T. ) ;
#4617 = AXIS2_PLACEMENT_3D ( 'NONE', #1581, #8252, #761 ) ;
#4618 = ORIENTED_EDGE ( 'NONE', *, *, #5267, .T. ) ;
#4619 = CARTESIAN_POINT ( 'NONE',  ( 50.00000000000000000, -9.104999999996476134, 32.69999999998740492 ) ) ;
#4620 = VERTEX_POINT ( 'NONE', #3498 ) ;
#4621 = ORIENTED_EDGE ( 'NONE', *, *, #3111, .F. ) ;
#4622 = LINE ( 'NONE', #9552, #8873 ) ;
#4623 = LINE ( 'NONE', #10488, #1940 ) ;
#4624 = VECTOR ( 'NONE', #1123, 1000.000000000000000 ) ;
#4625 = LINE ( 'NONE', #413, #8676 ) ;
#4626 = AXIS2_PLACEMENT_3D ( 'NONE', #6053, #1138, #10273 ) ;
#4627 = DIRECTION ( 'NONE',  ( 0.000000000000000000, 0.000000000000000000, 1.000000000000000000 ) ) ;
#4628 = ORIENTED_EDGE ( 'NONE', *, *, #1106, .F. ) ;
#4629 = CARTESIAN_POINT ( 'NONE',  ( 50.00000000000000000, -2.064999999996652846, 34.59999999998730402 ) ) ;
#4630 = VERTEX_POINT ( 'NONE', #6833 ) ;
#4631 = CARTESIAN_POINT ( 'NONE',  ( 50.00000000000000000, 1.794999999996438333, -35.80000000001126637 ) ) ;
#4632 = CARTESIAN_POINT ( 'NONE',  ( 50.00000000000000000, 14.29500000000349935, 37.49999999998743050 ) ) ;
#4633 = EDGE_CURVE ( 'NONE', #2146, #7286, #5918, .T. ) ;
#4634 = ORIENTED_EDGE ( 'NONE', *, *, #4601, .F. ) ;
#4635 = ORIENTED_EDGE ( 'NONE', *, *, #8388, .T. ) ;
#4636 = DIRECTION ( 'NONE',  ( 0.000000000000000000, 0.000000000000000000, -1.000000000000000000 ) ) ;
#4637 = DIRECTION ( 'NONE',  ( -0.000000000000000000, -0.9659258262876316836, -0.2588190451078820065 ) ) ;
#4638 = DIRECTION ( 'NONE',  ( 0.000000000000000000, 0.000000000000000000, 1.000000000000000000 ) ) ;
#4639 = CARTESIAN_POINT ( 'NONE',  ( 50.00000000000000000, -15.70499999999652729, 37.49999999998743050 ) ) ;
#4640 = DIRECTION ( 'NONE',  ( 0.000000000000000000, -0.000000000000000000, -1.000000000000000000 ) ) ;
#4641 = LINE ( 'NONE', #1908, #1532 ) ;
#4642 = ORIENTED_EDGE ( 'NONE', *, *, #919, .F. ) ;
#4643 = EDGE_CURVE ( 'NONE', #7305, #8232, #6884, .T. ) ;
#4644 = CARTESIAN_POINT ( 'NONE',  ( 50.00000000000000000, -17.19618095489838794, -32.03407417370551968 ) ) ;
#4645 = LINE ( 'NONE', #7924, #8358 ) ;
#4646 = EDGE_CURVE ( 'NONE', #472, #3725, #10177, .T. ) ;
#4647 = ORIENTED_EDGE ( 'NONE', *, *, #1716, .F. ) ;
#4648 = VERTEX_POINT ( 'NONE', #4315 ) ;
#4649 = ORIENTED_EDGE ( 'NONE', *, *, #5846, .F. ) ;
#4650 = ADVANCED_FACE ( 'NONE', ( #1851 ), #8633, .F. ) ;
#4651 = CARTESIAN_POINT ( 'NONE',  ( 50.00000000000000000, -10.70499999999652374, -35.80000000001248850 ) ) ;
#4652 = DIRECTION ( 'NONE',  ( 1.000000000000000000, 0.000000000000000000, 0.000000000000000000 ) ) ;
#4653 = AXIS2_PLACEMENT_3D ( 'NONE', #8831, #6379, #7853 ) ;
#4654 = EDGE_CURVE ( 'NONE', #6054, #3017, #1202, .T. ) ;
#4655 = CARTESIAN_POINT ( 'NONE',  ( 50.00000000000000000, 4.295000000003490470, 35.79999999998739924 ) ) ;
#4656 = ORIENTED_EDGE ( 'NONE', *, *, #1861, .F. ) ;
#4657 = EDGE_CURVE ( 'NONE', #4863, #939, #8362, .T. ) ;
#4658 = LINE ( 'NONE', #6914, #2019 ) ;
#4659 = CARTESIAN_POINT ( 'NONE',  ( 50.00000000000000000, -16.20499999999647400, -38.00000000001247003 ) ) ;
#4660 = CARTESIAN_POINT ( 'NONE',  ( 50.00000000000000000, 1.995000000003521734, 32.19999999998756834 ) ) ;
#4661 = EDGE_CURVE ( 'NONE', #1074, #1299, #6438, .T. ) ;
#4662 = ORIENTED_EDGE ( 'NONE', *, *, #1533, .F. ) ;
#4663 = ORIENTED_EDGE ( 'NONE', *, *, #9184, .F. ) ;
#4664 = LINE ( 'NONE', #8714, #8059 ) ;
#4665 = CARTESIAN_POINT ( 'NONE',  ( -50.00000000000000000, 6.795000000003437179, 37.49999999998743050 ) ) ;
#4666 = EDGE_CURVE ( 'NONE', #9319, #9086, #9767, .T. ) ;
#4667 = CARTESIAN_POINT ( 'NONE',  ( 50.00000000000000000, 9.895000000003539853, 32.49999999998743050 ) ) ;
#4668 = PLANE ( 'NONE',  #5563 ) ;
#4669 = EDGE_CURVE ( 'NONE', #9656, #3332, #4429, .T. ) ;
#4670 = CIRCLE ( 'NONE', #10779, 0.4999999999999449329 ) ;
#4671 = DIRECTION ( 'NONE',  ( 0.000000000000000000, 0.000000000000000000, -1.000000000000000000 ) ) ;
#4672 = VERTEX_POINT ( 'NONE', #2830 ) ;
#4673 = VECTOR ( 'NONE', #6045, 1000.000000000000000 ) ;
#4674 = ORIENTED_EDGE ( 'NONE', *, *, #6355, .F. ) ;
#4675 = VERTEX_POINT ( 'NONE', #3602 ) ;
#4676 = ORIENTED_EDGE ( 'NONE', *, *, #5310, .F. ) ;
#4677 = CIRCLE ( 'NONE', #8517, 0.5000000000000004441 ) ;
#4678 = CARTESIAN_POINT ( 'NONE',  ( 50.00000000000000000, -20.75499999999652800, -27.98284271248718724 ) ) ;
#4679 = LINE ( 'NONE', #7955, #3520 ) ;
#4680 = LINE ( 'NONE', #10375, #8850 ) ;
#4681 = CIRCLE ( 'NONE', #488, 0.1999999999999779732 ) ;
#4682 = CARTESIAN_POINT ( 'NONE',  ( 50.00000000000000000, -16.48907417370928385, -32.74118095490297975 ) ) ;
#4683 = VERTEX_POINT ( 'NONE', #3663 ) ;
#4684 = VECTOR ( 'NONE', #9909, 1000.000000000000000 ) ;
#4685 = DIRECTION ( 'NONE',  ( -0.000000000000000000, 1.000000000000000000, -0.000000000000000000 ) ) ;
#4686 = EDGE_LOOP ( 'NONE', ( #2867, #3823, #7935, #9648 ) ) ;
#4687 = DIRECTION ( 'NONE',  ( 0.000000000000000000, 0.000000000000000000, -1.000000000000000000 ) ) ;
#4688 = VECTOR ( 'NONE', #10451, 1000.000000000000000 ) ;
#4689 = LINE ( 'NONE', #8837, #9248 ) ;
#4690 = EDGE_LOOP ( 'NONE', ( #4731, #4087, #1970, #7250 ) ) ;
#4691 = CIRCLE ( 'NONE', #7658, 0.5000000000000559552 ) ;
#4692 = VERTEX_POINT ( 'NONE', #6172 ) ;
#4693 = DIRECTION ( 'NONE',  ( -0.000000000000000000, -0.000000000000000000, -1.000000000000000000 ) ) ;
#4694 = LINE ( 'NONE', #8027, #3487 ) ;
#4695 = DIRECTION ( 'NONE',  ( -1.000000000000000000, -0.000000000000000000, -0.000000000000000000 ) ) ;
#4696 = VECTOR ( 'NONE', #3265, 1000.000000000000000 ) ;
#4697 = CARTESIAN_POINT ( 'NONE',  ( 50.00000000000000000, -4.604999999998748983, -34.00000000000547118 ) ) ;
#4698 = DIRECTION ( 'NONE',  ( 0.000000000000000000, -0.000000000000000000, 1.000000000000000000 ) ) ;
#4699 = ORIENTED_EDGE ( 'NONE', *, *, #4573, .T. ) ;
#4700 = VECTOR ( 'NONE', #9210, 1000.000000000000000 ) ;
#4701 = CARTESIAN_POINT ( 'NONE',  ( 50.00000000000000000, -12.50499999999643563, 32.69999999998740492 ) ) ;
#4702 = DIRECTION ( 'NONE',  ( 0.000000000000000000, 0.000000000000000000, -1.000000000000000000 ) ) ;
#4703 = AXIS2_PLACEMENT_3D ( 'NONE', #8406, #197, #5889 ) ;
#4704 = ORIENTED_EDGE ( 'NONE', *, *, #7140, .T. ) ;
#4705 = VERTEX_POINT ( 'NONE', #7868 ) ;
#4706 = VERTEX_POINT ( 'NONE', #375 ) ;
#4707 = CARTESIAN_POINT ( 'NONE',  ( 50.00000000000000000, -17.51712446309827698, 30.79999999999436966 ) ) ;
#4708 = DIRECTION ( 'NONE',  ( 0.000000000000000000, -0.000000000000000000, 1.000000000000000000 ) ) ;
#4709 = ADVANCED_FACE ( 'NONE', ( #5960 ), #1799, .T. ) ;
#4710 = CARTESIAN_POINT ( 'NONE',  ( 50.00000000000000000, 8.295000000003494023, 35.79999999998739924 ) ) ;
#4711 = DIRECTION ( 'NONE',  ( 0.000000000000000000, -1.000000000000000000, 0.000000000000000000 ) ) ;
#4712 = ORIENTED_EDGE ( 'NONE', *, *, #305, .F. ) ;
#4713 = LINE ( 'NONE', #3012, #8654 ) ;
#4714 = DIRECTION ( 'NONE',  ( -1.000000000000000000, 0.000000000000000000, -0.000000000000000000 ) ) ;
#4715 = VECTOR ( 'NONE', #9754, 1000.000000000000000 ) ;
#4716 = PLANE ( 'NONE',  #8029 ) ;
#4717 = ORIENTED_EDGE ( 'NONE', *, *, #6060, .F. ) ;
#4718 = EDGE_LOOP ( 'NONE', ( #2918, #3350, #4202, #9412 ) ) ;
#4719 = ADVANCED_FACE ( 'NONE', ( #6443 ), #7101, .F. ) ;
#4720 = ADVANCED_FACE ( 'NONE', ( #2123 ), #10442, .F. ) ;
#4721 = DIRECTION ( 'NONE',  ( -1.000000000000000000, -0.000000000000000000, -0.000000000000000000 ) ) ;
#4722 = EDGE_CURVE ( 'NONE', #9895, #4998, #3929, .T. ) ;
#4723 = DIRECTION ( 'NONE',  ( 1.000000000000000000, 0.000000000000000000, 0.000000000000000000 ) ) ;
#4724 = DIRECTION ( 'NONE',  ( -1.000000000000000000, -0.000000000000000000, -0.000000000000000000 ) ) ;
#4725 = DIRECTION ( 'NONE',  ( 0.000000000000000000, -1.000000000000000000, 0.000000000000000000 ) ) ;
#4726 = CARTESIAN_POINT ( 'NONE',  ( -50.00000000000000000, 11.79500000000344073, 35.79999999998739924 ) ) ;
#4727 = EDGE_LOOP ( 'NONE', ( #3745, #9246, #491, #6842 ) ) ;
#4728 = VECTOR ( 'NONE', #429, 1000.000000000000000 ) ;
#4729 = ORIENTED_EDGE ( 'NONE', *, *, #6412, .T. ) ;
#4730 = EDGE_CURVE ( 'NONE', #5710, #8839, #6291, .T. ) ;
#4731 = ORIENTED_EDGE ( 'NONE', *, *, #305, .T. ) ;
#4732 = EDGE_CURVE ( 'NONE', #3898, #2435, #3819, .T. ) ;
#4733 = CARTESIAN_POINT ( 'NONE',  ( -50.00000000000000000, -16.48907417370928385, -32.74118095490297975 ) ) ;
#4734 = CARTESIAN_POINT ( 'NONE',  ( -50.00000000000000000, 6.295000000003492246, 37.49999999998743050 ) ) ;
#4735 = CARTESIAN_POINT ( 'NONE',  ( 50.00000000000000000, -0.1649999999964180120, 32.69999999998740492 ) ) ;
#4736 = DIRECTION ( 'NONE',  ( 0.000000000000000000, 0.000000000000000000, 1.000000000000000000 ) ) ;
#4737 = CIRCLE ( 'NONE', #9458, 1.000000000000056399 ) ;
#4738 = VERTEX_POINT ( 'NONE', #7968 ) ;
#4739 = DIRECTION ( 'NONE',  ( 1.000000000000000000, 0.000000000000000000, 0.000000000000000000 ) ) ;
#4740 = EDGE_LOOP ( 'NONE', ( #3694, #10075, #2384, #753 ) ) ;
#4741 = CARTESIAN_POINT ( 'NONE',  ( 50.00000000000000000, 20.98642135624073646, 27.84142135622458269 ) ) ;
#4742 = FACE_OUTER_BOUND ( 'NONE', #7493, .T. ) ;
#4743 = ORIENTED_EDGE ( 'NONE', *, *, #9091, .T. ) ;
#4744 = EDGE_CURVE ( 'NONE', #6139, #739, #1545, .T. ) ;
#4745 = AXIS2_PLACEMENT_3D ( 'NONE', #9649, #5536, #7020 ) ;
#4746 = ORIENTED_EDGE ( 'NONE', *, *, #2044, .T. ) ;
#4747 = DIRECTION ( 'NONE',  ( 0.000000000000000000, 0.000000000000000000, 1.000000000000000000 ) ) ;
#4748 = CARTESIAN_POINT ( 'NONE',  ( 50.00000000000000000, -3.204999999996571702, -37.50000000001251976 ) ) ;
#4749 = CARTESIAN_POINT ( 'NONE',  ( 50.00000000000000000, 0.05500000000324689609, 32.99999999998737366 ) ) ;
#4750 = DIRECTION ( 'NONE',  ( -1.000000000000000000, -0.000000000000000000, -0.000000000000000000 ) ) ;
#4751 = DIRECTION ( 'NONE',  ( 0.000000000000000000, 0.000000000000000000, 1.000000000000000000 ) ) ;
#4752 = ORIENTED_EDGE ( 'NONE', *, *, #2188, .F. ) ;
#4753 = CIRCLE ( 'NONE', #4064, 0.5000000000000004441 ) ;
#4754 = LINE ( 'NONE', #6615, #8630 ) ;
#4755 = DIRECTION ( 'NONE',  ( -1.000000000000000000, -0.000000000000000000, -0.000000000000000000 ) ) ;
#4756 = ORIENTED_EDGE ( 'NONE', *, *, #1258, .T. ) ;
#4757 = EDGE_LOOP ( 'NONE', ( #6207, #9743, #10093, #3775 ) ) ;
#4758 = ORIENTED_EDGE ( 'NONE', *, *, #8753, .T. ) ;
#4759 = VECTOR ( 'NONE', #7102, 1000.000000000000000 ) ;
#4760 = DIRECTION ( 'NONE',  ( 1.000000000000000000, 0.000000000000000000, 0.000000000000000000 ) ) ;
#4761 = PLANE ( 'NONE',  #3537 ) ;
#4762 = CYLINDRICAL_SURFACE ( 'NONE', #2750, 0.5000000000000004441 ) ;
#4763 = DIRECTION ( 'NONE',  ( 0.000000000000000000, -0.000000000000000000, 1.000000000000000000 ) ) ;
#4764 = VERTEX_POINT ( 'NONE', #8136 ) ;
#4765 = ORIENTED_EDGE ( 'NONE', *, *, #9524, .F. ) ;
#4766 = DIRECTION ( 'NONE',  ( 0.000000000000000000, 0.000000000000000000, -1.000000000000000000 ) ) ;
#4767 = AXIS2_PLACEMENT_3D ( 'NONE', #8768, #9597, #7187 ) ;
#4768 = CARTESIAN_POINT ( 'NONE',  ( 50.00000000000000000, 0.05499999999614146873, -32.70000000001083151 ) ) ;
#4769 = VERTEX_POINT ( 'NONE', #2284 ) ;
#4770 = EDGE_CURVE ( 'NONE', #7822, #6515, #7666, .T. ) ;
#4771 = VERTEX_POINT ( 'NONE', #2994 ) ;
#4772 = CARTESIAN_POINT ( 'NONE',  ( 50.00000000000000000, -11.80499999999840099, -34.00000000000547118 ) ) ;
#4773 = CARTESIAN_POINT ( 'NONE',  ( -50.00000000000000000, -13.20499999999647045, -37.50000000001251976 ) ) ;
#4774 = PLANE ( 'NONE',  #4077 ) ;
#4775 = DIRECTION ( 'NONE',  ( 1.000000000000000000, 0.000000000000000000, 0.000000000000000000 ) ) ;
#4776 = DIRECTION ( 'NONE',  ( -1.000000000000000000, -0.000000000000000000, -0.000000000000000000 ) ) ;
#4777 = ORIENTED_EDGE ( 'NONE', *, *, #10797, .F. ) ;
#4778 = EDGE_CURVE ( 'NONE', #1418, #2215, #8905, .T. ) ;
#4779 = EDGE_CURVE ( 'NONE', #6911, #193, #1411, .T. ) ;
#4780 = ORIENTED_EDGE ( 'NONE', *, *, #1445, .F. ) ;
#4781 = ORIENTED_EDGE ( 'NONE', *, *, #8396, .T. ) ;
#4782 = VECTOR ( 'NONE', #8217, 1000.000000000000000 ) ;
#4783 = ORIENTED_EDGE ( 'NONE', *, *, #8333, .F. ) ;
#4784 = LINE ( 'NONE', #741, #10798 ) ;
#4785 = CARTESIAN_POINT ( 'NONE',  ( 50.00000000000000000, -13.20499999999647045, 35.79999999998739924 ) ) ;
#4786 = CARTESIAN_POINT ( 'NONE',  ( 50.00000000000000000, -15.70499999999652729, -37.50000000001251976 ) ) ;
#4787 = CIRCLE ( 'NONE', #2347, 0.2000000000000334843 ) ;
#4788 = EDGE_CURVE ( 'NONE', #3424, #4863, #8028, .T. ) ;
#4789 = FACE_OUTER_BOUND ( 'NONE', #3695, .T. ) ;
#4790 = ORIENTED_EDGE ( 'NONE', *, *, #6665, .T. ) ;
#4791 = ADVANCED_FACE ( 'NONE', ( #592 ), #2070, .F. ) ;
#4792 = CARTESIAN_POINT ( 'NONE',  ( 50.00000000000000000, 18.04500000001618787, -34.99999999999980815 ) ) ;
#4793 = ORIENTED_EDGE ( 'NONE', *, *, #5455, .F. ) ;
#4794 = EDGE_CURVE ( 'NONE', #3824, #10056, #9567, .T. ) ;
#4795 = DIRECTION ( 'NONE',  ( 0.000000000000000000, -0.000000000000000000, 1.000000000000000000 ) ) ;
#4796 = CARTESIAN_POINT ( 'NONE',  ( 50.00000000000000000, -0.1649999999968621012, 35.79999999998750582 ) ) ;
#4797 = ORIENTED_EDGE ( 'NONE', *, *, #10448, .T. ) ;
#4798 = ORIENTED_EDGE ( 'NONE', *, *, #4597, .F. ) ;
#4799 = AXIS2_PLACEMENT_3D ( 'NONE', #5541, #9601, #7134 ) ;
#4800 = AXIS2_PLACEMENT_3D ( 'NONE', #586, #5669, #8952 ) ;
#4801 = CARTESIAN_POINT ( 'NONE',  ( 50.00000000000000000, -20.55499999999643634, 27.49999999998742339 ) ) ;
#4802 = DIRECTION ( 'NONE',  ( 0.000000000000000000, 0.000000000000000000, -1.000000000000000000 ) ) ;
#4803 = CARTESIAN_POINT ( 'NONE',  ( 50.00000000000000000, -12.00499999999848910, -32.70000000000561613 ) ) ;
#4804 = LINE ( 'NONE', #4697, #5284 ) ;
#4805 = EDGE_CURVE ( 'NONE', #1172, #5798, #10552, .T. ) ;
#4806 = FACE_OUTER_BOUND ( 'NONE', #1243, .T. ) ;
#4807 = ORIENTED_EDGE ( 'NONE', *, *, #5854, .T. ) ;
#4808 = CARTESIAN_POINT ( 'NONE',  ( -50.00000000000000000, -17.51712446309827698, -30.80000000000548965 ) ) ;
#4809 = CIRCLE ( 'NONE', #3583, 0.1999999999999779732 ) ;
#4810 = CARTESIAN_POINT ( 'NONE',  ( -50.00000000000000000, 15.79500000000344428, 37.49999999998743050 ) ) ;
#4811 = ORIENTED_EDGE ( 'NONE', *, *, #5670, .F. ) ;
#4812 = ORIENTED_EDGE ( 'NONE', *, *, #9742, .F. ) ;
#4813 = VERTEX_POINT ( 'NONE', #6392 ) ;
#4814 = LINE ( 'NONE', #2353, #5911 ) ;
#4815 = VECTOR ( 'NONE', #9173, 1000.000000000000000 ) ;
#4816 = CARTESIAN_POINT ( 'NONE',  ( 50.00000000000000000, -20.55499999999643634, -27.50000000001251266 ) ) ;
#4817 = CARTESIAN_POINT ( 'NONE',  ( 50.00000000000000000, 3.795000000003434515, 37.49999999998743050 ) ) ;
#4818 = CARTESIAN_POINT ( 'NONE',  ( 50.00000000000000000, 0.7950000000034318504, 37.49999999998743050 ) ) ;
#4819 = ORIENTED_EDGE ( 'NONE', *, *, #6869, .F. ) ;
#4820 = VERTEX_POINT ( 'NONE', #5412 ) ;
#4821 =( NAMED_UNIT ( * ) SI_UNIT ( $, .STERADIAN. ) SOLID_ANGLE_UNIT ( ) );
#4822 = CARTESIAN_POINT ( 'NONE',  ( 50.00000000000000000, -1.744999999996554862, 32.99999999998737366 ) ) ;
#4823 = DIRECTION ( 'NONE',  ( 0.000000000000000000, 0.000000000000000000, -1.000000000000000000 ) ) ;
#4824 = EDGE_LOOP ( 'NONE', ( #2786, #6969, #10562, #4950 ) ) ;
#4825 = ORIENTED_EDGE ( 'NONE', *, *, #5325, .F. ) ;
#4826 = CARTESIAN_POINT ( 'NONE',  ( 50.00000000000000000, 7.394999999996265672, -34.00000000001046629 ) ) ;
#4827 = CARTESIAN_POINT ( 'NONE',  ( 50.00000000000000000, -10.00499999999648892, 33.99999999998737366 ) ) ;
#4828 = PLANE ( 'NONE',  #6518 ) ;
#4829 = DIRECTION ( 'NONE',  ( 1.000000000000000000, 0.000000000000000000, 0.000000000000000000 ) ) ;
#4830 = LINE ( 'NONE', #790, #432 ) ;
#4831 = ORIENTED_EDGE ( 'NONE', *, *, #10391, .T. ) ;
#4832 = VECTOR ( 'NONE', #5733, 1000.000000000000000 ) ;
#4833 = VERTEX_POINT ( 'NONE', #2225 ) ;
#4834 = ORIENTED_EDGE ( 'NONE', *, *, #1516, .T. ) ;
#4835 = ORIENTED_EDGE ( 'NONE', *, *, #8983, .F. ) ;
#4836 = CYLINDRICAL_SURFACE ( 'NONE', #9575, 0.5000000000000004441 ) ;
#4837 = CARTESIAN_POINT ( 'NONE',  ( 50.00000000000000000, -7.304999999998784688, -32.70000000000561613 ) ) ;
#4838 = EDGE_CURVE ( 'NONE', #10482, #1860, #8743, .T. ) ;
#4839 = DIRECTION ( 'NONE',  ( -0.000000000000000000, -0.000000000000000000, 1.000000000000000000 ) ) ;
#4840 = VECTOR ( 'NONE', #7999, 1000.000000000000000 ) ;
#4841 = FACE_OUTER_BOUND ( 'NONE', #943, .T. ) ;
#4842 = ORIENTED_EDGE ( 'NONE', *, *, #2705, .T. ) ;
#4843 = EDGE_CURVE ( 'NONE', #222, #8398, #7264, .T. ) ;
#4844 = CARTESIAN_POINT ( 'NONE',  ( -50.00000000000000000, -6.404999999996441318, 33.99999999998737366 ) ) ;
#4845 = CARTESIAN_POINT ( 'NONE',  ( -50.00000000000000000, 7.395000000003482121, 33.99999999998737366 ) ) ;
#4846 = ORIENTED_EDGE ( 'NONE', *, *, #8620, .T. ) ;
#4847 = VECTOR ( 'NONE', #411, 1000.000000000000000 ) ;
#4848 = DIRECTION ( 'NONE',  ( 0.000000000000000000, 0.000000000000000000, 1.000000000000000000 ) ) ;
#4849 = DIRECTION ( 'NONE',  ( 0.000000000000000000, 0.000000000000000000, -1.000000000000000000 ) ) ;
#4850 = AXIS2_PLACEMENT_3D ( 'NONE', #391, #10516, #6303 ) ;
#4851 = ORIENTED_EDGE ( 'NONE', *, *, #525, .F. ) ;
#4852 = VECTOR ( 'NONE', #5885, 1000.000000000000000 ) ;
#4853 = ORIENTED_EDGE ( 'NONE', *, *, #8530, .T. ) ;
#4854 = ADVANCED_FACE ( 'NONE', ( #3101 ), #1465, .T. ) ;
#4855 = DIRECTION ( 'NONE',  ( -1.000000000000000000, -0.000000000000000000, -0.000000000000000000 ) ) ;
#4856 = VECTOR ( 'NONE', #3524, 1000.000000000000000 ) ;
#4857 = DIRECTION ( 'NONE',  ( -1.000000000000000000, -0.000000000000000000, -0.000000000000000000 ) ) ;
#4858 = VECTOR ( 'NONE', #5268, 1000.000000000000000 ) ;
#4859 = EDGE_CURVE ( 'NONE', #3157, #4515, #5184, .T. ) ;
#4860 = CARTESIAN_POINT ( 'NONE',  ( -50.00000000000000000, 12.59499999999624720, -32.50000000001062972 ) ) ;
#4861 = EDGE_CURVE ( 'NONE', #8241, #8126, #3259, .T. ) ;
#4862 = DIRECTION ( 'NONE',  ( 0.000000000000000000, -1.000000000000000000, 0.000000000000000000 ) ) ;
#4863 = VERTEX_POINT ( 'NONE', #703 ) ;
#4864 = PLANE ( 'NONE',  #7931 ) ;
#4865 = AXIS2_PLACEMENT_3D ( 'NONE', #7414, #10644, #6537 ) ;
#4866 = CARTESIAN_POINT ( 'NONE',  ( -50.00000000000000000, 20.98642135625350491, -27.84142135626255055 ) ) ;
#4867 = VECTOR ( 'NONE', #6487, 1000.000000000000000 ) ;
#4868 = EDGE_LOOP ( 'NONE', ( #5094, #1096, #2952, #1527 ) ) ;
#4869 = ORIENTED_EDGE ( 'NONE', *, *, #2254, .T. ) ;
#4870 = ORIENTED_EDGE ( 'NONE', *, *, #10405, .F. ) ;
#4871 = VECTOR ( 'NONE', #762, 1000.000000000000000 ) ;
#4872 = EDGE_CURVE ( 'NONE', #2934, #8825, #756, .T. ) ;
#4873 = CARTESIAN_POINT ( 'NONE',  ( 50.00000000000000000, -7.104999999996475246, 32.49999999998743050 ) ) ;
#4874 = EDGE_CURVE ( 'NONE', #5281, #6634, #2397, .T. ) ;
#4875 = DIRECTION ( 'NONE',  ( -1.000000000000000000, -0.000000000000000000, -0.000000000000000000 ) ) ;
#4876 = VECTOR ( 'NONE', #6150, 1000.000000000000000 ) ;
#4877 = CARTESIAN_POINT ( 'NONE',  ( 50.00000000000000000, -0.1649999999964180120, 32.89999999998738645 ) ) ;
#4878 = CARTESIAN_POINT ( 'NONE',  ( -50.00000000000000000, -2.064999999996652846, 34.59999999998730402 ) ) ;
#4879 = ORIENTED_EDGE ( 'NONE', *, *, #4794, .F. ) ;
#4880 = ORIENTED_EDGE ( 'NONE', *, *, #3095, .F. ) ;
#4881 = DIRECTION ( 'NONE',  ( 1.000000000000000000, 0.000000000000000000, 0.000000000000000000 ) ) ;
#4882 = VECTOR ( 'NONE', #4034, 1000.000000000000000 ) ;
#4883 = EDGE_CURVE ( 'NONE', #1558, #8740, #9898, .T. ) ;
#4884 = DIRECTION ( 'NONE',  ( 0.000000000000000000, 1.000000000000000000, 0.000000000000000000 ) ) ;
#4885 = ORIENTED_EDGE ( 'NONE', *, *, #1778, .F. ) ;
#4886 = VERTEX_POINT ( 'NONE', #4860 ) ;
#4887 = VECTOR ( 'NONE', #6442, 1000.000000000000000 ) ;
#4888 = VECTOR ( 'NONE', #2780, 1000.000000000000000 ) ;
#4889 = DIRECTION ( 'NONE',  ( -0.000000000000000000, 1.000000000000000000, -0.000000000000000000 ) ) ;
#4890 = LINE ( 'NONE', #2313, #10615 ) ;
#4891 = AXIS2_PLACEMENT_3D ( 'NONE', #9175, #8454, #3321 ) ;
#4892 = DIRECTION ( 'NONE',  ( 0.000000000000000000, 0.000000000000000000, 1.000000000000000000 ) ) ;
#4893 = CARTESIAN_POINT ( 'NONE',  ( 50.00000000000000000, -17.19618095489838794, 32.03407417369442101 ) ) ;
#4894 = CARTESIAN_POINT ( 'NONE',  ( 50.00000000000000000, 0.05500000000324689609, 32.99999999998737366 ) ) ;
#4895 = VERTEX_POINT ( 'NONE', #8412 ) ;
#4896 = ORIENTED_EDGE ( 'NONE', *, *, #1987, .T. ) ;
#4897 = ORIENTED_EDGE ( 'NONE', *, *, #7459, .F. ) ;
#4898 = ORIENTED_EDGE ( 'NONE', *, *, #2641, .T. ) ;
#4899 = CARTESIAN_POINT ( 'NONE',  ( 50.00000000000000000, 1.294999999996493401, -37.50000000001130473 ) ) ;
#4900 = PLANE ( 'NONE',  #9293 ) ;
#4901 = CARTESIAN_POINT ( 'NONE',  ( -50.00000000000000000, -0.1649999999987494803, -31.90000000000581082 ) ) ;
#4902 = PLANE ( 'NONE',  #152 ) ;
#4903 = VERTEX_POINT ( 'NONE', #3380 ) ;
#4904 = LINE ( 'NONE', #4844, #3094 ) ;
#4905 = DIRECTION ( 'NONE',  ( 1.000000000000000000, 0.000000000000000000, 0.000000000000000000 ) ) ;
#4906 = ORIENTED_EDGE ( 'NONE', *, *, #2906, .T. ) ;
#4907 = VECTOR ( 'NONE', #1694, 1000.000000000000114 ) ;
#4908 = CARTESIAN_POINT ( 'NONE',  ( 50.00000000000000000, -12.50499999999843403, -32.70000000000561613 ) ) ;
#4909 = CARTESIAN_POINT ( 'NONE',  ( -50.00000000000000000, 0.2549999999963414865, -31.70000000001083151 ) ) ;
#4910 = EDGE_CURVE ( 'NONE', #7808, #6408, #10060, .T. ) ;
#4911 = ORIENTED_EDGE ( 'NONE', *, *, #3861, .T. ) ;
#4912 = CARTESIAN_POINT ( 'NONE',  ( -50.00000000000000000, -11.70499999999652374, 35.79999999998739924 ) ) ;
#4913 = CIRCLE ( 'NONE', #3168, 0.4999999999999449329 ) ;
#4914 = DIRECTION ( 'NONE',  ( 1.000000000000000000, 0.000000000000000000, 0.000000000000000000 ) ) ;
#4915 = DIRECTION ( 'NONE',  ( -1.000000000000000000, -0.000000000000000000, -0.000000000000000000 ) ) ;
#4916 = CARTESIAN_POINT ( 'NONE',  ( 50.00000000000000000, 7.194999999996398721, -32.50000000001062972 ) ) ;
#4917 = ORIENTED_EDGE ( 'NONE', *, *, #7217, .F. ) ;
#4918 = LINE ( 'NONE', #5739, #1471 ) ;
#4919 = DIRECTION ( 'NONE',  ( -1.000000000000000000, -0.000000000000000000, -0.000000000000000000 ) ) ;
#4920 = EDGE_CURVE ( 'NONE', #4049, #8763, #3077, .T. ) ;
#4921 = ORIENTED_EDGE ( 'NONE', *, *, #9290, .T. ) ;
#4922 = VERTEX_POINT ( 'NONE', #1518 ) ;
#4923 = EDGE_CURVE ( 'NONE', #8754, #193, #10598, .T. ) ;
#4924 = ORIENTED_EDGE ( 'NONE', *, *, #114, .F. ) ;
#4925 = DIRECTION ( 'NONE',  ( -1.000000000000000000, -0.000000000000000000, -0.000000000000000000 ) ) ;
#4926 = CYLINDRICAL_SURFACE ( 'NONE', #8531, 0.4999999999999449329 ) ;
#4927 = DIRECTION ( 'NONE',  ( 0.000000000000000000, 0.000000000000000000, -1.000000000000000000 ) ) ;
#4928 = CIRCLE ( 'NONE', #210, 0.2000000000000334843 ) ;
#4929 = DIRECTION ( 'NONE',  ( -1.000000000000000000, -0.000000000000000000, -0.000000000000000000 ) ) ;
#4930 = CARTESIAN_POINT ( 'NONE',  ( -50.00000000000000000, 0.03500000000355996121, 35.59999999998741771 ) ) ;
#4931 = EDGE_LOOP ( 'NONE', ( #4752, #1251, #9917, #422 ) ) ;
#4932 = EDGE_LOOP ( 'NONE', ( #1265, #9233, #6585, #1885 ) ) ;
#4933 = EDGE_CURVE ( 'NONE', #5430, #9886, #4093, .T. ) ;
#4934 = CARTESIAN_POINT ( 'NONE',  ( 50.00000000000000000, 12.59500000000346454, 32.49999999998743050 ) ) ;
#4935 = EDGE_CURVE ( 'NONE', #7004, #8311, #8194, .T. ) ;
#4936 = CARTESIAN_POINT ( 'NONE',  ( 50.00000000000000000, 6.295000000003492246, 37.49999999998743050 ) ) ;
#4937 = EDGE_CURVE ( 'NONE', #2620, #653, #2555, .T. ) ;
#4938 = ORIENTED_EDGE ( 'NONE', *, *, #1106, .T. ) ;
#4939 = VECTOR ( 'NONE', #8476, 1000.000000000000000 ) ;
#4940 = ORIENTED_EDGE ( 'NONE', *, *, #4732, .F. ) ;
#4941 = CARTESIAN_POINT ( 'NONE',  ( -50.00000000000000000, 1.995000000003521734, 32.19999999998756834 ) ) ;
#4942 = LINE ( 'NONE', #9921, #6419 ) ;
#4943 = CARTESIAN_POINT ( 'NONE',  ( -50.00000000000000000, 3.294999999996550688, -37.50000000001130473 ) ) ;
#4944 = CARTESIAN_POINT ( 'NONE',  ( -50.00000000000000000, -12.70499999999841201, -32.70000000000561613 ) ) ;
#4945 = VECTOR ( 'NONE', #8001, 1000.000000000000000 ) ;
#4946 = LINE ( 'NONE', #1493, #5150 ) ;
#4947 = EDGE_CURVE ( 'NONE', #2388, #6301, #7319, .T. ) ;
#4948 = EDGE_LOOP ( 'NONE', ( #2875, #8183, #4662, #9856 ) ) ;
#4949 = AXIS2_PLACEMENT_3D ( 'NONE', #72, #9318, #4443 ) ;
#4950 = ORIENTED_EDGE ( 'NONE', *, *, #2827, .T. ) ;
#4951 = CARTESIAN_POINT ( 'NONE',  ( 50.00000000000000000, 3.795000000003434515, 32.69999999998740492 ) ) ;
#4952 = DIRECTION ( 'NONE',  ( 1.000000000000000000, 0.000000000000000000, 0.000000000000000000 ) ) ;
#4953 = CYLINDRICAL_SURFACE ( 'NONE', #3795, 0.2000000000002000178 ) ;
#4954 = CARTESIAN_POINT ( 'NONE',  ( 50.00000000000000000, -2.064999999996652846, 32.89999999998738645 ) ) ;
#4955 = ORIENTED_EDGE ( 'NONE', *, *, #1231, .F. ) ;
#4956 = DIRECTION ( 'NONE',  ( 0.000000000000000000, 0.000000000000000000, -1.000000000000000000 ) ) ;
#4957 = CARTESIAN_POINT ( 'NONE',  ( 50.00000000000000000, 11.79500000000355264, 37.49999999998743050 ) ) ;
#4958 = VERTEX_POINT ( 'NONE', #9076 ) ;
#4959 = DIRECTION ( 'NONE',  ( -0.000000000000000000, 0.000000000000000000, 1.000000000000000000 ) ) ;
#4960 = LINE ( 'NONE', #8297, #9770 ) ;
#4961 = ORIENTED_EDGE ( 'NONE', *, *, #3329, .F. ) ;
#4962 = DIRECTION ( 'NONE',  ( -1.000000000000000000, -0.000000000000000000, -0.000000000000000000 ) ) ;
#4963 = CARTESIAN_POINT ( 'NONE',  ( 50.00000000000000000, 20.64500000000346702, 27.49999999998731326 ) ) ;
#4964 = DIRECTION ( 'NONE',  ( 1.000000000000000000, 0.000000000000000000, 0.000000000000000000 ) ) ;
#4965 = AXIS2_PLACEMENT_3D ( 'NONE', #1697, #9364, #5037 ) ;
#4966 = DIRECTION ( 'NONE',  ( 0.000000000000000000, 0.000000000000000000, -1.000000000000000000 ) ) ;
#4967 = ORIENTED_EDGE ( 'NONE', *, *, #644, .T. ) ;
#4968 = ADVANCED_FACE ( 'NONE', ( #4039 ), #7374, .T. ) ;
#4969 = DIRECTION ( 'NONE',  ( -1.000000000000000000, -0.000000000000000000, -0.000000000000000000 ) ) ;
#4970 = LINE ( 'NONE', #8308, #7835 ) ;
#4971 = VECTOR ( 'NONE', #4475, 1000.000000000000000 ) ;
#4972 = ORIENTED_EDGE ( 'NONE', *, *, #10628, .T. ) ;
#4973 = EDGE_LOOP ( 'NONE', ( #9515, #4161, #1368, #1408 ) ) ;
#4974 = ORIENTED_EDGE ( 'NONE', *, *, #4197, .T. ) ;
#4975 = CARTESIAN_POINT ( 'NONE',  ( 50.00000000000000000, -14.75499999999851930, -32.29417527063696980 ) ) ;
#4976 = FILL_AREA_STYLE_COLOUR ( '', #8005 ) ;
#4977 = DIRECTION ( 'NONE',  ( -0.000000000000000000, -0.000000000000000000, 1.000000000000000000 ) ) ;
#4978 = EDGE_CURVE ( 'NONE', #3731, #7609, #7430, .T. ) ;
#4979 = CARTESIAN_POINT ( 'NONE',  ( -50.00000000000000000, 12.09499999999630404, -32.70000000001061125 ) ) ;
#4980 = DIRECTION ( 'NONE',  ( -1.000000000000000000, -0.000000000000000000, -0.000000000000000000 ) ) ;
#4981 = VERTEX_POINT ( 'NONE', #3216 ) ;
#4982 = VERTEX_POINT ( 'NONE', #1628 ) ;
#4983 = VECTOR ( 'NONE', #6876, 1000.000000000000000 ) ;
#4984 = EDGE_CURVE ( 'NONE', #856, #2561, #1862, .T. ) ;
#4985 = DIRECTION ( 'NONE',  ( 0.000000000000000000, 0.000000000000000000, 1.000000000000000000 ) ) ;
#4986 = DIRECTION ( 'NONE',  ( -0.000000000000000000, 1.000000000000000000, -0.000000000000000000 ) ) ;
#4987 = ORIENTED_EDGE ( 'NONE', *, *, #10401, .F. ) ;
#4988 = ORIENTED_EDGE ( 'NONE', *, *, #5880, .T. ) ;
#4989 = EDGE_CURVE ( 'NONE', #1447, #9975, #8303, .T. ) ;
#4990 = EDGE_CURVE ( 'NONE', #6788, #3845, #7482, .T. ) ;
#4991 = DIRECTION ( 'NONE',  ( -1.000000000000000000, -0.000000000000000000, -0.000000000000000000 ) ) ;
#4992 = EDGE_CURVE ( 'NONE', #2256, #6529, #44, .T. ) ;
#4993 = LINE ( 'NONE', #7289, #6940 ) ;
#4994 = CARTESIAN_POINT ( 'NONE',  ( 50.00000000000000000, -1.704999999996625881, 35.79999999998739924 ) ) ;
#4995 = LINE ( 'NONE', #9869, #8013 ) ;
#4996 = EDGE_CURVE ( 'NONE', #8471, #1569, #9203, .T. ) ;
#4997 = CARTESIAN_POINT ( 'NONE',  ( -50.00000000000000000, 11.79499999999644722, -35.80000000001126637 ) ) ;
#4998 = VERTEX_POINT ( 'NONE', #2712 ) ;
#4999 = ORIENTED_EDGE ( 'NONE', *, *, #5799, .T. ) ;
#5000 = EDGE_CURVE ( 'NONE', #7016, #8828, #1685, .T. ) ;
#5001 = CARTESIAN_POINT ( 'NONE',  ( 50.00000000000000000, 14.34500000000338282, 33.99999999998737366 ) ) ;
#5002 = DIRECTION ( 'NONE',  ( 0.000000000000000000, 0.000000000000000000, -1.000000000000000000 ) ) ;
#5003 = EDGE_CURVE ( 'NONE', #8061, #2128, #9502, .T. ) ;
#5004 = CARTESIAN_POINT ( 'NONE',  ( -50.00000000000000000, -3.204999999996571702, -37.50000000001251976 ) ) ;
#5005 = CARTESIAN_POINT ( 'NONE',  ( 50.00000000000000000, 9.894999999996322515, -32.50000000001062972 ) ) ;
#5006 = CARTESIAN_POINT ( 'NONE',  ( -50.00000000000000000, 1.795000000003488250, 37.49999999998743050 ) ) ;
#5007 = ORIENTED_EDGE ( 'NONE', *, *, #6845, .F. ) ;
#5008 = AXIS2_PLACEMENT_3D ( 'NONE', #6108, #1947, #1134 ) ;
#5009 = CARTESIAN_POINT ( 'NONE',  ( 50.00000000000000000, -12.70499999999841201, -34.00000000000547118 ) ) ;
#5010 = CARTESIAN_POINT ( 'NONE',  ( -50.00000000000000000, 7.394999999996265672, -34.00000000001046629 ) ) ;
#5011 = ORIENTED_EDGE ( 'NONE', *, *, #10345, .F. ) ;
#5012 = CYLINDRICAL_SURFACE ( 'NONE', #4891, 1.000000000000056399 ) ;
#5013 = CARTESIAN_POINT ( 'NONE',  ( 50.00000000000000000, 14.97440952260353697, 32.31121235748757670 ) ) ;
#5014 = EDGE_LOOP ( 'NONE', ( #5760, #4955, #10092, #9550 ) ) ;
#5015 = AXIS2_PLACEMENT_3D ( 'NONE', #9220, #2598, #5164 ) ;
#5016 = PLANE ( 'NONE',  #3098 ) ;
#5017 = DIRECTION ( 'NONE',  ( 0.000000000000000000, 0.000000000000000000, -1.000000000000000000 ) ) ;
#5018 = CARTESIAN_POINT ( 'NONE',  ( 50.00000000000000000, 13.79500000000344428, 37.99999999998743050 ) ) ;
#5019 = CARTESIAN_POINT ( 'NONE',  ( -50.00000000000000000, -9.204999999996577031, 35.79999999998739924 ) ) ;
#5020 = ORIENTED_EDGE ( 'NONE', *, *, #6014, .T. ) ;
#5021 = FACE_OUTER_BOUND ( 'NONE', #9796, .T. ) ;
#5022 = VECTOR ( 'NONE', #3191, 1000.000000000000000 ) ;
#5023 = DIRECTION ( 'NONE',  ( 0.000000000000000000, 0.000000000000000000, 1.000000000000000000 ) ) ;
#5024 = ORIENTED_EDGE ( 'NONE', *, *, #3707, .F. ) ;
#5025 = VECTOR ( 'NONE', #1132, 1000.000000000000114 ) ;
#5026 = ORIENTED_EDGE ( 'NONE', *, *, #3035, .T. ) ;
#5027 = ORIENTED_EDGE ( 'NONE', *, *, #92, .F. ) ;
#5028 = AXIS2_PLACEMENT_3D ( 'NONE', #10195, #2690, #10246 ) ;
#5029 = CYLINDRICAL_SURFACE ( 'NONE', #6255, 0.5000000000000004441 ) ;
#5030 = DIRECTION ( 'NONE',  ( 0.000000000000000000, 0.000000000000000000, -1.000000000000000000 ) ) ;
#5031 = CARTESIAN_POINT ( 'NONE',  ( -50.00000000000000000, 3.794999999996551132, -37.50000000001130473 ) ) ;
#5032 = DIRECTION ( 'NONE',  ( -1.000000000000000000, -0.000000000000000000, -0.000000000000000000 ) ) ;
#5033 = ORIENTED_EDGE ( 'NONE', *, *, #7937, .T. ) ;
#5034 = EDGE_LOOP ( 'NONE', ( #3623, #925, #143, #886 ) ) ;
#5035 = VECTOR ( 'NONE', #2976, 1000.000000000000000 ) ;
#5036 = AXIS2_PLACEMENT_3D ( 'NONE', #4240, #9059, #8179 ) ;
#5037 = DIRECTION ( 'NONE',  ( 0.000000000000000000, 0.000000000000000000, 1.000000000000000000 ) ) ;
#5038 = PLANE ( 'NONE',  #5589 ) ;
#5039 = AXIS2_PLACEMENT_3D ( 'NONE', #9634, #7976, #2079 ) ;
#5040 = EDGE_LOOP ( 'NONE', ( #5199, #4353, #2610, #10339 ) ) ;
#5041 = ORIENTED_EDGE ( 'NONE', *, *, #9679, .F. ) ;
#5042 = CIRCLE ( 'NONE', #9591, 0.5000000000000559552 ) ;
#5044 = EDGE_CURVE ( 'NONE', #6529, #6371, #3490, .T. ) ;
#5043 = CIRCLE ( 'NONE', #5225, 0.2000000000000889955 ) ;
#5045 = CARTESIAN_POINT ( 'NONE',  ( 50.00000000000000000, -7.104999999998806715, -32.50000000000563460 ) ) ;
#5046 = DIRECTION ( 'NONE',  ( 0.000000000000000000, 1.000000000000000000, 0.000000000000000000 ) ) ;
#5047 = VECTOR ( 'NONE', #9136, 1000.000000000000000 ) ;
#5048 = CYLINDRICAL_SURFACE ( 'NONE', #8270, 0.5000000000000004441 ) ;
#5049 = ORIENTED_EDGE ( 'NONE', *, *, #4583, .T. ) ;
#5050 = DIRECTION ( 'NONE',  ( -0.000000000000000000, -0.000000000000000000, -1.000000000000000000 ) ) ;
#5051 = LINE ( 'NONE', #897, #5732 ) ;
#5052 = EDGE_CURVE ( 'NONE', #7792, #588, #1838, .T. ) ;
#5053 = ORIENTED_EDGE ( 'NONE', *, *, #2479, .F. ) ;
#5054 = EDGE_CURVE ( 'NONE', #8491, #6104, #6982, .T. ) ;
#5055 = EDGE_LOOP ( 'NONE', ( #1149, #4370, #9, #3977 ) ) ;
#5056 = ADVANCED_FACE ( 'NONE', ( #6162 ), #2663, .F. ) ;
#5057 = CARTESIAN_POINT ( 'NONE',  ( 50.00000000000000000, 7.395000000003482121, 33.99999999998737366 ) ) ;
#5058 = FACE_OUTER_BOUND ( 'NONE', #1288, .T. ) ;
#5059 = CYLINDRICAL_SURFACE ( 'NONE', #2041, 0.5000000000000004441 ) ;
#5060 = VECTOR ( 'NONE', #4038, 1000.000000000000000 ) ;
#5061 = DIRECTION ( 'NONE',  ( 1.000000000000000000, 0.000000000000000000, 0.000000000000000000 ) ) ;
#5062 = DIRECTION ( 'NONE',  ( 0.000000000000000000, 0.000000000000000000, -1.000000000000000000 ) ) ;
#5063 = ORIENTED_EDGE ( 'NONE', *, *, #8577, .T. ) ;
#5064 = DIRECTION ( 'NONE',  ( -0.000000000000000000, -0.000000000000000000, -1.000000000000000000 ) ) ;
#5065 = CARTESIAN_POINT ( 'NONE',  ( -50.00000000000000000, 12.79500000000344251, 33.99999999998737366 ) ) ;
#5066 = ORIENTED_EDGE ( 'NONE', *, *, #1442, .F. ) ;
#5067 = EDGE_CURVE ( 'NONE', #6301, #10677, #7107, .T. ) ;
#5068 = CARTESIAN_POINT ( 'NONE',  ( 50.00000000000000000, -0.1649999999987494803, -35.80000000000549676 ) ) ;
#5069 = VECTOR ( 'NONE', #2853, 1000.000000000000000 ) ;
#5070 = EDGE_CURVE ( 'NONE', #3962, #7583, #5342, .T. ) ;
#5071 = DIRECTION ( 'NONE',  ( -0.000000000000000000, -1.000000000000000000, -0.000000000000000000 ) ) ;
#5072 = EDGE_CURVE ( 'NONE', #9183, #51, #6824, .T. ) ;
#5073 = ORIENTED_EDGE ( 'NONE', *, *, #5920, .T. ) ;
#5074 = CARTESIAN_POINT ( 'NONE',  ( 50.00000000000000000, -9.204999999996577031, 37.49999999998743050 ) ) ;
#5075 = FACE_OUTER_BOUND ( 'NONE', #5688, .T. ) ;
#5076 = CARTESIAN_POINT ( 'NONE',  ( -50.00000000000000000, 20.64500000000346702, 27.49999999998731326 ) ) ;
#5077 = DIRECTION ( 'NONE',  ( 1.000000000000000000, 0.000000000000000000, 0.000000000000000000 ) ) ;
#5078 = ORIENTED_EDGE ( 'NONE', *, *, #4194, .T. ) ;
#5079 = DIRECTION ( 'NONE',  ( 0.000000000000000000, 0.000000000000000000, -1.000000000000000000 ) ) ;
#5080 = EDGE_CURVE ( 'NONE', #3531, #3521, #8510, .T. ) ;
#5081 = DIRECTION ( 'NONE',  ( 0.000000000000000000, 0.000000000000000000, 1.000000000000000000 ) ) ;
#5082 = ORIENTED_EDGE ( 'NONE', *, *, #561, .F. ) ;
#5083 = VECTOR ( 'NONE', #9630, 1000.000000000000000 ) ;
#5084 = ORIENTED_EDGE ( 'NONE', *, *, #8530, .F. ) ;
#5085 = DIRECTION ( 'NONE',  ( 0.000000000000000000, 0.000000000000000000, -1.000000000000000000 ) ) ;
#5086 = FACE_OUTER_BOUND ( 'NONE', #3038, .T. ) ;
#5087 = CARTESIAN_POINT ( 'NONE',  ( 50.00000000000000000, -17.51712446302977710, -31.30000000000543281 ) ) ;
#5088 = FACE_OUTER_BOUND ( 'NONE', #1206, .T. ) ;
#5089 = ORIENTED_EDGE ( 'NONE', *, *, #7534, .T. ) ;
#5090 = ORIENTED_EDGE ( 'NONE', *, *, #1045, .F. ) ;
#5091 = CIRCLE ( 'NONE', #369, 0.4999999999999449329 ) ;
#5092 = FACE_OUTER_BOUND ( 'NONE', #5949, .T. ) ;
#5093 = CARTESIAN_POINT ( 'NONE',  ( 50.00000000000000000, 12.59500000000346454, 32.49999999998743050 ) ) ;
#5094 = ORIENTED_EDGE ( 'NONE', *, *, #2456, .T. ) ;
#5095 = VERTEX_POINT ( 'NONE', #5235 ) ;
#5096 = ORIENTED_EDGE ( 'NONE', *, *, #2218, .F. ) ;
#5097 = VECTOR ( 'NONE', #15, 1000.000000000000000 ) ;
#5098 = DIRECTION ( 'NONE',  ( 0.000000000000000000, 0.000000000000000000, -1.000000000000000000 ) ) ;
#5099 = DIRECTION ( 'NONE',  ( -1.000000000000000000, -0.000000000000000000, -0.000000000000000000 ) ) ;
#5100 = PLANE ( 'NONE',  #2323 ) ;
#5101 = ORIENTED_EDGE ( 'NONE', *, *, #5448, .F. ) ;
#5102 = CARTESIAN_POINT ( 'NONE',  ( 50.00000000000000000, -17.45500000000122043, -33.99999999999425881 ) ) ;
#5103 = DIRECTION ( 'NONE',  ( -1.000000000000000000, -0.000000000000000000, -0.000000000000000000 ) ) ;
#5104 = CIRCLE ( 'NONE', #2826, 0.5000000000000004441 ) ;
#5105 = ADVANCED_FACE ( 'NONE', ( #9345 ), #153, .T. ) ;
#5106 = VERTEX_POINT ( 'NONE', #1026 ) ;
#5107 = VERTEX_POINT ( 'NONE', #203 ) ;
#5108 = DIRECTION ( 'NONE',  ( 1.000000000000000000, 0.000000000000000000, 0.000000000000000000 ) ) ;
#5109 = CIRCLE ( 'NONE', #7732, 1.000000000000056399 ) ;
#5110 = LINE ( 'NONE', #5272, #4389 ) ;
#5111 = CARTESIAN_POINT ( 'NONE',  ( 50.00000000000000000, 1.795000000003432739, 35.79999999998739924 ) ) ;
#5112 = DIRECTION ( 'NONE',  ( 1.000000000000000000, 0.000000000000000000, 0.000000000000000000 ) ) ;
#5113 = DIRECTION ( 'NONE',  ( 1.000000000000000000, 0.000000000000000000, 0.000000000000000000 ) ) ;
#5114 = ORIENTED_EDGE ( 'NONE', *, *, #2319, .F. ) ;
#5115 = ADVANCED_FACE ( 'NONE', ( #3541 ), #7589, .F. ) ;
#5116 = DIRECTION ( 'NONE',  ( 0.000000000000000000, -0.000000000000000000, -1.000000000000000000 ) ) ;
#5117 = CARTESIAN_POINT ( 'NONE',  ( 50.00000000000000000, 10.09499999999630049, -34.00000000001046629 ) ) ;
#5118 = VERTEX_POINT ( 'NONE', #3430 ) ;
#5119 = EDGE_CURVE ( 'NONE', #251, #10296, #10215, .T. ) ;
#5120 = CARTESIAN_POINT ( 'NONE',  ( 50.00000000000000000, -11.70499999999652374, -35.80000000001248850 ) ) ;
#5121 = CARTESIAN_POINT ( 'NONE',  ( 50.00000000000000000, -14.88440952255201388, 32.31121235747549747 ) ) ;
#5122 = CIRCLE ( 'NONE', #5293, 0.2000000000002000178 ) ;
#5123 = ORIENTED_EDGE ( 'NONE', *, *, #8337, .T. ) ;
#5124 = FACE_OUTER_BOUND ( 'NONE', #6331, .T. ) ;
#5125 = EDGE_CURVE ( 'NONE', #7541, #7273, #2819, .T. ) ;
#5126 = CARTESIAN_POINT ( 'NONE',  ( 50.00000000000000000, -9.104999999996476134, 33.99999999998737366 ) ) ;
#5127 = DIRECTION ( 'NONE',  ( -1.000000000000000000, -0.000000000000000000, -0.000000000000000000 ) ) ;
#5128 = ADVANCED_FACE ( 'NONE', ( #2767 ), #8675, .F. ) ;
#5129 = EDGE_CURVE ( 'NONE', #8592, #3332, #4470, .T. ) ;
#5130 = LINE ( 'NONE', #4306, #5684 ) ;
#5131 = ORIENTED_EDGE ( 'NONE', *, *, #9351, .F. ) ;
#5132 = EDGE_CURVE ( 'NONE', #5422, #7714, #8730, .T. ) ;
#5133 = LINE ( 'NONE', #8466, #2357 ) ;
#5134 = DIRECTION ( 'NONE',  ( 0.000000000000000000, -0.2588190451077862497, 0.9659258262876574408 ) ) ;
#5135 = VERTEX_POINT ( 'NONE', #2872 ) ;
#5136 = VECTOR ( 'NONE', #1804, 1000.000000000000000 ) ;
#5137 = DIRECTION ( 'NONE',  ( 0.000000000000000000, 1.000000000000000000, 0.000000000000000000 ) ) ;
#5138 = CARTESIAN_POINT ( 'NONE',  ( 50.00000000000000000, 17.60712446303502787, 31.29999999998722870 ) ) ;
#5139 = ADVANCED_FACE ( 'NONE', ( #1186 ), #10489, .T. ) ;
#5140 = LINE ( 'NONE', #10178, #560 ) ;
#5141 = VECTOR ( 'NONE', #2346, 1000.000000000000000 ) ;
#5142 = CARTESIAN_POINT ( 'NONE',  ( 50.00000000000000000, -2.064999999996652846, 34.59999999998730402 ) ) ;
#5143 = ORIENTED_EDGE ( 'NONE', *, *, #6614, .F. ) ;
#5144 = ORIENTED_EDGE ( 'NONE', *, *, #8932, .F. ) ;
#5145 = DIRECTION ( 'NONE',  ( 0.000000000000000000, 1.000000000000000000, 0.000000000000000000 ) ) ;
#5146 = FACE_OUTER_BOUND ( 'NONE', #7953, .T. ) ;
#5147 = ORIENTED_EDGE ( 'NONE', *, *, #3061, .T. ) ;
#5148 = ORIENTED_EDGE ( 'NONE', *, *, #2709, .T. ) ;
#5149 = ORIENTED_EDGE ( 'NONE', *, *, #9269, .T. ) ;
#5150 = VECTOR ( 'NONE', #6528, 1000.000000000000000 ) ;
#5151 = AXIS2_PLACEMENT_3D ( 'NONE', #7486, #9398, #1896 ) ;
#5152 = CIRCLE ( 'NONE', #9884, 0.2000000000000334843 ) ;
#5153 = DIRECTION ( 'NONE',  ( 0.000000000000000000, 0.000000000000000000, -1.000000000000000000 ) ) ;
#5154 = CARTESIAN_POINT ( 'NONE',  ( 50.00000000000000000, -0.1649999999964180120, 35.59999999998741771 ) ) ;
#5155 = FACE_OUTER_BOUND ( 'NONE', #9419, .T. ) ;
#5156 = ORIENTED_EDGE ( 'NONE', *, *, #10340, .T. ) ;
#5157 = CARTESIAN_POINT ( 'NONE',  ( 50.00000000000000000, 1.794999999996438333, -37.50000000001130473 ) ) ;
#5158 = CARTESIAN_POINT ( 'NONE',  ( 50.00000000000000000, 21.04500000001618787, -34.99999999999980815 ) ) ;
#5159 = AXIS2_PLACEMENT_3D ( 'NONE', #3756, #2060, #7037 ) ;
#5160 = ORIENTED_EDGE ( 'NONE', *, *, #368, .T. ) ;
#5161 = EDGE_LOOP ( 'NONE', ( #7723, #2154, #9052, #4831 ) ) ;
#5162 = CARTESIAN_POINT ( 'NONE',  ( 50.00000000000000000, 0.03500000000122849286, -34.50000000000563460 ) ) ;
#5163 = CARTESIAN_POINT ( 'NONE',  ( 50.00000000000000000, -12.70499999999841201, -34.00000000000547118 ) ) ;
#5164 = DIRECTION ( 'NONE',  ( 0.000000000000000000, 0.000000000000000000, -1.000000000000000000 ) ) ;
#5165 = CYLINDRICAL_SURFACE ( 'NONE', #1793, 1.000000000007446266 ) ;
#5166 = FACE_OUTER_BOUND ( 'NONE', #2145, .T. ) ;
#5167 = ORIENTED_EDGE ( 'NONE', *, *, #7343, .F. ) ;
#5168 = DIRECTION ( 'NONE',  ( 0.000000000000000000, 1.000000000000000000, 0.000000000000000000 ) ) ;
#5169 = DIRECTION ( 'NONE',  ( -0.000000000000000000, -0.000000000000000000, 1.000000000000000000 ) ) ;
#5170 = EDGE_LOOP ( 'NONE', ( #1404, #7763, #1756, #7176 ) ) ;
#5171 = DIRECTION ( 'NONE',  ( -1.000000000000000000, -0.000000000000000000, -0.000000000000000000 ) ) ;
#5172 = EDGE_LOOP ( 'NONE', ( #9916, #9260, #7689, #1997 ) ) ;
#5173 = CARTESIAN_POINT ( 'NONE',  ( -50.00000000000000000, -9.304999999996566018, 32.69999999998740492 ) ) ;
#5174 = CARTESIAN_POINT ( 'NONE',  ( 50.00000000000000000, -17.45499999998545348, 32.99999999999025846 ) ) ;
#5175 = ADVANCED_FACE ( 'NONE', ( #6325 ), #9664, .T. ) ;
#5176 = CARTESIAN_POINT ( 'NONE',  ( 50.00000000000000000, 15.79500000000344428, 37.49999999998743050 ) ) ;
#5177 = DIRECTION ( 'NONE',  ( 0.000000000000000000, 0.000000000000000000, -1.000000000000000000 ) ) ;
#5178 = ORIENTED_EDGE ( 'NONE', *, *, #3801, .F. ) ;
#5179 = DIRECTION ( 'NONE',  ( -1.000000000000000000, 0.000000000000000000, -0.000000000000000000 ) ) ;
#5180 = VERTEX_POINT ( 'NONE', #9718 ) ;
#5181 = CARTESIAN_POINT ( 'NONE',  ( -50.00000000000000000, -17.45500000000122043, -32.99999999999436540 ) ) ;
#5182 = EDGE_CURVE ( 'NONE', #5883, #4225, #2055, .T. ) ;
#5183 = FACE_OUTER_BOUND ( 'NONE', #3043, .T. ) ;
#5184 = CIRCLE ( 'NONE', #7450, 0.5000000000000768274 ) ;
#5185 = EDGE_CURVE ( 'NONE', #7808, #8815, #467, .T. ) ;
#5186 = ORIENTED_EDGE ( 'NONE', *, *, #9285, .T. ) ;
#5187 = EDGE_CURVE ( 'NONE', #9493, #8826, #4625, .T. ) ;
#5188 = DIRECTION ( 'NONE',  ( -1.000000000000000000, -0.000000000000000000, -0.000000000000000000 ) ) ;
#5189 = EDGE_CURVE ( 'NONE', #3763, #9174, #121, .T. ) ;
#5190 = DIRECTION ( 'NONE',  ( 1.000000000000000000, 0.000000000000000000, 0.000000000000000000 ) ) ;
#5191 = CARTESIAN_POINT ( 'NONE',  ( 50.00000000000000000, 6.794999999996331752, -37.50000000001130473 ) ) ;
#5192 = VECTOR ( 'NONE', #7946, 1000.000000000000000 ) ;
#5193 = FACE_OUTER_BOUND ( 'NONE', #6918, .T. ) ;
#5194 = ORIENTED_EDGE ( 'NONE', *, *, #9540, .F. ) ;
#5195 = VERTEX_POINT ( 'NONE', #3804 ) ;
#5196 = CARTESIAN_POINT ( 'NONE',  ( 50.00000000000000000, 17.12416154989970352, 31.42940952257264442 ) ) ;
#5197 = VECTOR ( 'NONE', #6713, 1000.000000000000000 ) ;
#5198 = DIRECTION ( 'NONE',  ( -1.000000000000000000, 0.000000000000000000, -0.000000000000000000 ) ) ;
#5199 = ORIENTED_EDGE ( 'NONE', *, *, #9062, .T. ) ;
#5200 = EDGE_CURVE ( 'NONE', #8968, #110, #5396, .T. ) ;
#5201 = ORIENTED_EDGE ( 'NONE', *, *, #5381, .F. ) ;
#5202 = ORIENTED_EDGE ( 'NONE', *, *, #4201, .T. ) ;
#5203 = EDGE_CURVE ( 'NONE', #2570, #10768, #10428, .T. ) ;
#5204 = VECTOR ( 'NONE', #3779, 1000.000000000000000 ) ;
#5205 = AXIS2_PLACEMENT_3D ( 'NONE', #10585, #627, #3203 ) ;
#5206 = LINE ( 'NONE', #4173, #6318 ) ;
#5207 = AXIS2_PLACEMENT_3D ( 'NONE', #1274, #339, #7179 ) ;
#5208 = CARTESIAN_POINT ( 'NONE',  ( -50.00000000000000000, 10.09499999999630049, -34.00000000001046629 ) ) ;
#5209 = DIRECTION ( 'NONE',  ( 1.000000000000000000, 0.000000000000000000, -0.000000000000000000 ) ) ;
#5210 = ORIENTED_EDGE ( 'NONE', *, *, #8600, .F. ) ;
#5211 = DIRECTION ( 'NONE',  ( -1.000000000000000000, -0.000000000000000000, -0.000000000000000000 ) ) ;
#5212 = DIRECTION ( 'NONE',  ( 1.000000000000000000, 0.000000000000000000, 0.000000000000000000 ) ) ;
#5213 = VECTOR ( 'NONE', #4, 1000.000000000000000 ) ;
#5214 = EDGE_CURVE ( 'NONE', #174, #10080, #7199, .T. ) ;
#5215 = VECTOR ( 'NONE', #5298, 1000.000000000000000 ) ;
#5216 = VECTOR ( 'NONE', #10490, 1000.000000000000000 ) ;
#5217 = ORIENTED_EDGE ( 'NONE', *, *, #9654, .T. ) ;
#5218 = VECTOR ( 'NONE', #4755, 1000.000000000000000 ) ;
#5219 = LINE ( 'NONE', #1819, #4163 ) ;
#5220 = DIRECTION ( 'NONE',  ( 0.000000000000000000, 0.000000000000000000, -1.000000000000000000 ) ) ;
#5221 = CARTESIAN_POINT ( 'NONE',  ( -50.00000000000000000, 9.294999999996500506, -35.80000000001126637 ) ) ;
#5222 = DIRECTION ( 'NONE',  ( 1.000000000000000000, 0.000000000000000000, 0.000000000000000000 ) ) ;
#5223 = LINE ( 'NONE', #9280, #4876 ) ;
#5224 = ORIENTED_EDGE ( 'NONE', *, *, #4402, .F. ) ;
#5225 = AXIS2_PLACEMENT_3D ( 'NONE', #4454, #5113, #289 ) ;
#5226 = DIRECTION ( 'NONE',  ( 0.000000000000000000, 0.000000000000000000, -1.000000000000000000 ) ) ;
#5227 = DIRECTION ( 'NONE',  ( -1.000000000000000000, -0.000000000000000000, -0.000000000000000000 ) ) ;
#5228 = ORIENTED_EDGE ( 'NONE', *, *, #5072, .T. ) ;
#5229 = VECTOR ( 'NONE', #8467, 1000.000000000000000 ) ;
#5230 = DIRECTION ( 'NONE',  ( 0.000000000000000000, 0.000000000000000000, -1.000000000000000000 ) ) ;
#5231 = ORIENTED_EDGE ( 'NONE', *, *, #7597, .F. ) ;
#5232 = VECTOR ( 'NONE', #253, 1000.000000000000000 ) ;
#5233 = FACE_OUTER_BOUND ( 'NONE', #8146, .T. ) ;
#5234 = LINE ( 'NONE', #4469, #5232 ) ;
#5235 = CARTESIAN_POINT ( 'NONE',  ( 50.00000000000000000, 7.395000000003482121, 32.69999999998740492 ) ) ;
#5236 = CARTESIAN_POINT ( 'NONE',  ( -50.00000000000000000, 7.395000000003482121, 32.69999999998740492 ) ) ;
#5237 = ORIENTED_EDGE ( 'NONE', *, *, #1239, .F. ) ;
#5238 = CIRCLE ( 'NONE', #4368, 0.5000000000000559552 ) ;
#5239 = CARTESIAN_POINT ( 'NONE',  ( 50.00000000000000000, 17.12416154990348360, -31.42940952261252718 ) ) ;
#5240 = ORIENTED_EDGE ( 'NONE', *, *, #3329, .T. ) ;
#5241 = DIRECTION ( 'NONE',  ( -1.000000000000000000, -0.000000000000000000, -0.000000000000000000 ) ) ;
#5242 = CARTESIAN_POINT ( 'NONE',  ( 50.00000000000000000, 12.09500000000351960, 32.69999999998740492 ) ) ;
#5243 = EDGE_CURVE ( 'NONE', #653, #1587, #3787, .T. ) ;
#5244 = VERTEX_POINT ( 'NONE', #8893 ) ;
#5245 = LINE ( 'NONE', #4374, #5736 ) ;
#5246 = CARTESIAN_POINT ( 'NONE',  ( -50.00000000000000000, 19.04500000000353310, 30.79999999998739213 ) ) ;
#5247 = CARTESIAN_POINT ( 'NONE',  ( 50.00000000000000000, -13.20499999999647045, 37.49999999998743050 ) ) ;
#5248 = DIRECTION ( 'NONE',  ( -0.000000000000000000, 0.000000000000000000, 1.000000000000000000 ) ) ;
#5249 = ORIENTED_EDGE ( 'NONE', *, *, #4526, .F. ) ;
#5250 = EDGE_LOOP ( 'NONE', ( #931, #759, #5603, #8091 ) ) ;
#5251 = EDGE_CURVE ( 'NONE', #8070, #6789, #3752, .T. ) ;
#5252 = DIRECTION ( 'NONE',  ( 0.000000000000000000, 0.000000000000000000, -1.000000000000000000 ) ) ;
#5253 = CARTESIAN_POINT ( 'NONE',  ( 50.00000000000000000, 9.894999999996322515, -32.50000000001062972 ) ) ;
#5254 = AXIS2_PLACEMENT_3D ( 'NONE', #2016, #7048, #9683 ) ;
#5255 = EDGE_CURVE ( 'NONE', #9291, #2256, #3268, .T. ) ;
#5256 = EDGE_LOOP ( 'NONE', ( #9039, #8428, #7029, #4133 ) ) ;
#5257 = VERTEX_POINT ( 'NONE', #4574 ) ;
#5258 = ORIENTED_EDGE ( 'NONE', *, *, #4447, .T. ) ;
#5259 = ADVANCED_FACE ( 'NONE', ( #1291 ), #7956, .F. ) ;
#5260 = DIRECTION ( 'NONE',  ( 0.000000000000000000, 0.000000000000000000, -1.000000000000000000 ) ) ;
#5261 = AXIS2_PLACEMENT_3D ( 'NONE', #4130, #7463, #3310 ) ;
#5262 = CARTESIAN_POINT ( 'NONE',  ( 50.00000000000000000, 21.04500000001617366, -27.98284271249984556 ) ) ;
#5263 = EDGE_CURVE ( 'NONE', #53, #7105, #4680, .T. ) ;
#5264 = LINE ( 'NONE', #8384, #6868 ) ;
#5265 = ORIENTED_EDGE ( 'NONE', *, *, #6187, .T. ) ;
#5266 = CARTESIAN_POINT ( 'NONE',  ( 50.00000000000000000, -7.304999999998784688, -34.00000000000547118 ) ) ;
#5267 = EDGE_CURVE ( 'NONE', #9845, #8491, #9562, .T. ) ;
#5268 = DIRECTION ( 'NONE',  ( 0.000000000000000000, 0.000000000000000000, -1.000000000000000000 ) ) ;
#5269 = VECTOR ( 'NONE', #4889, 1000.000000000000000 ) ;
#5270 = VERTEX_POINT ( 'NONE', #3911 ) ;
#5271 = DIRECTION ( 'NONE',  ( -1.000000000000000000, 0.000000000000000000, -0.000000000000000000 ) ) ;
#5272 = CARTESIAN_POINT ( 'NONE',  ( 50.00000000000000000, -6.404999999996441318, 33.99999999998737366 ) ) ;
#5273 = CARTESIAN_POINT ( 'NONE',  ( 50.00000000000000000, -0.7049999999965139708, 35.79999999998750582 ) ) ;
#5274 = EDGE_CURVE ( 'NONE', #9623, #1528, #292, .T. ) ;
#5275 = DIRECTION ( 'NONE',  ( 0.000000000000000000, 0.000000000000000000, -1.000000000000000000 ) ) ;
#5276 = CARTESIAN_POINT ( 'NONE',  ( -50.00000000000000000, 6.494999999996364792, -34.00000000001046629 ) ) ;
#5277 = AXIS2_PLACEMENT_3D ( 'NONE', #6405, #8040, #4927 ) ;
#5278 = VERTEX_POINT ( 'NONE', #5609 ) ;
#5279 = LINE ( 'NONE', #8613, #4624 ) ;
#5280 = PLANE ( 'NONE',  #8131 ) ;
#5281 = VERTEX_POINT ( 'NONE', #5662 ) ;
#5282 = CARTESIAN_POINT ( 'NONE',  ( 50.00000000000000000, -9.204999999996577031, -35.80000000001248850 ) ) ;
#5283 = ORIENTED_EDGE ( 'NONE', *, *, #6855, .T. ) ;
#5284 = VECTOR ( 'NONE', #3880, 1000.000000000000000 ) ;
#5285 = VERTEX_POINT ( 'NONE', #7520 ) ;
#5286 = DIRECTION ( 'NONE',  ( 0.000000000000000000, 0.000000000000000000, 1.000000000000000000 ) ) ;
#5287 = FACE_OUTER_BOUND ( 'NONE', #5034, .T. ) ;
#5288 = DIRECTION ( 'NONE',  ( 0.000000000000000000, 0.000000000000000000, -1.000000000000000000 ) ) ;
#5289 = CARTESIAN_POINT ( 'NONE',  ( 50.00000000000000000, -14.88440952259861838, -32.31121235750556053 ) ) ;
#5290 = ORIENTED_EDGE ( 'NONE', *, *, #9765, .T. ) ;
#5291 = CARTESIAN_POINT ( 'NONE',  ( 50.00000000000000000, 12.59499999999624720, -32.50000000001062972 ) ) ;
#5292 = VERTEX_POINT ( 'NONE', #6589 ) ;
#5293 = AXIS2_PLACEMENT_3D ( 'NONE', #1607, #7350, #2482 ) ;
#5294 = LINE ( 'NONE', #4631, #4971 ) ;
#5295 = DIRECTION ( 'NONE',  ( 0.000000000000000000, 0.000000000000000000, 1.000000000000000000 ) ) ;
#5296 = ORIENTED_EDGE ( 'NONE', *, *, #4859, .T. ) ;
#5297 = CARTESIAN_POINT ( 'NONE',  ( 50.00000000000000000, 0.05499999999625249103, -35.60000000001117826 ) ) ;
#5298 = DIRECTION ( 'NONE',  ( -1.000000000000000000, -0.000000000000000000, -0.000000000000000000 ) ) ;
#5299 = CARTESIAN_POINT ( 'NONE',  ( -50.00000000000000000, -10.70499999999652374, -35.80000000001248850 ) ) ;
#5300 = FACE_OUTER_BOUND ( 'NONE', #3561, .T. ) ;
#5301 = ORIENTED_EDGE ( 'NONE', *, *, #7203, .T. ) ;
#5302 = ORIENTED_EDGE ( 'NONE', *, *, #9676, .T. ) ;
#5303 = CARTESIAN_POINT ( 'NONE',  ( -50.00000000000000000, 4.194999999996396056, -31.70000000001083151 ) ) ;
#5304 = LINE ( 'NONE', #889, #8185 ) ;
#5305 = EDGE_LOOP ( 'NONE', ( #8123, #3613, #1939, #1995 ) ) ;
#5306 = VERTEX_POINT ( 'NONE', #27 ) ;
#5307 = ORIENTED_EDGE ( 'NONE', *, *, #3083, .T. ) ;
#5308 = ADVANCED_FACE ( 'NONE', ( #9935 ), #1502, .T. ) ;
#5309 = CARTESIAN_POINT ( 'NONE',  ( 50.00000000000000000, 12.79499999999622517, -34.00000000001046629 ) ) ;
#5310 = EDGE_CURVE ( 'NONE', #4084, #3769, #10646, .T. ) ;
#5311 = DIRECTION ( 'NONE',  ( -1.000000000000000000, -0.000000000000000000, -0.000000000000000000 ) ) ;
#5312 = CARTESIAN_POINT ( 'NONE',  ( 50.00000000000000000, 0.2549999999965635311, -35.80000000001126637 ) ) ;
#5313 = ORIENTED_EDGE ( 'NONE', *, *, #3782, .F. ) ;
#5314 = CARTESIAN_POINT ( 'NONE',  ( 50.00000000000000000, 7.394999999996265672, -34.00000000001046629 ) ) ;
#5315 = CARTESIAN_POINT ( 'NONE',  ( -50.00000000000000000, -11.20499999999646690, 37.49999999998743050 ) ) ;
#5316 = ORIENTED_EDGE ( 'NONE', *, *, #9323, .T. ) ;
#5317 = EDGE_CURVE ( 'NONE', #4648, #10371, #2328, .T. ) ;
#5318 = ORIENTED_EDGE ( 'NONE', *, *, #4201, .F. ) ;
#5319 = AXIS2_PLACEMENT_3D ( 'NONE', #10580, #2969, #8056 ) ;
#5320 = VECTOR ( 'NONE', #8516, 1000.000000000000000 ) ;
#5321 = EDGE_CURVE ( 'NONE', #2899, #2945, #10045, .T. ) ;
#5322 = ADVANCED_FACE ( 'NONE', ( #9001 ), #1562, .F. ) ;
#5323 = DIRECTION ( 'NONE',  ( 0.000000000000000000, 1.000000000000000000, 0.000000000000000000 ) ) ;
#5324 = DIRECTION ( 'NONE',  ( 0.000000000000000000, 1.000000000000000000, 0.000000000000000000 ) ) ;
#5325 = EDGE_CURVE ( 'NONE', #7697, #2081, #3149, .T. ) ;
#5326 = DIRECTION ( 'NONE',  ( 0.000000000000000000, 0.000000000000000000, -1.000000000000000000 ) ) ;
#5327 = LINE ( 'NONE', #515, #4945 ) ;
#5328 = LINE ( 'NONE', #3477, #2603 ) ;
#5329 = ORIENTED_EDGE ( 'NONE', *, *, #4633, .T. ) ;
#5330 = DIRECTION ( 'NONE',  ( 1.000000000000000000, 0.000000000000000000, 0.000000000000000000 ) ) ;
#5331 = CARTESIAN_POINT ( 'NONE',  ( 50.00000000000000000, 1.495000000003576801, 32.19999999998756834 ) ) ;
#5332 = ORIENTED_EDGE ( 'NONE', *, *, #3833, .F. ) ;
#5333 = VECTOR ( 'NONE', #872, 1000.000000000000000 ) ;
#5334 = DIRECTION ( 'NONE',  ( 0.000000000000000000, 0.000000000000000000, -1.000000000000000000 ) ) ;
#5335 = ORIENTED_EDGE ( 'NONE', *, *, #1846, .F. ) ;
#5336 = EDGE_CURVE ( 'NONE', #1745, #7097, #10754, .T. ) ;
#5337 = VERTEX_POINT ( 'NONE', #6486 ) ;
#5338 = ADVANCED_FACE ( 'NONE', ( #630 ), #8235, .F. ) ;
#5339 = CARTESIAN_POINT ( 'NONE',  ( 50.00000000000000000, 8.294999999996498730, -37.50000000001130473 ) ) ;
#5340 = VECTOR ( 'NONE', #4685, 1000.000000000000000 ) ;
#5341 = DIRECTION ( 'NONE',  ( 1.000000000000000000, 0.000000000000000000, 0.000000000000000000 ) ) ;
#5342 = LINE ( 'NONE', #1890, #5357 ) ;
#5343 = CARTESIAN_POINT ( 'NONE',  ( 50.00000000000000000, -17.95499999999650242, 37.99999999998738076 ) ) ;
#5344 = ORIENTED_EDGE ( 'NONE', *, *, #4992, .T. ) ;
#5345 = FACE_OUTER_BOUND ( 'NONE', #2265, .T. ) ;
#5346 = ORIENTED_EDGE ( 'NONE', *, *, #433, .T. ) ;
#5347 = DIRECTION ( 'NONE',  ( 0.000000000000000000, 0.000000000000000000, -1.000000000000000000 ) ) ;
#5348 = FACE_OUTER_BOUND ( 'NONE', #1461, .T. ) ;
#5349 = EDGE_LOOP ( 'NONE', ( #5785, #2280, #908, #509 ) ) ;
#5350 = FACE_OUTER_BOUND ( 'NONE', #4100, .T. ) ;
#5351 = LINE ( 'NONE', #9304, #9936 ) ;
#5352 = DIRECTION ( 'NONE',  ( 0.000000000000000000, 0.000000000000000000, -1.000000000000000000 ) ) ;
#5353 = CARTESIAN_POINT ( 'NONE',  ( 50.00000000000000000, 0.03500000000122849286, -34.50000000000563460 ) ) ;
#5354 = ORIENTED_EDGE ( 'NONE', *, *, #4194, .F. ) ;
#5355 = ORIENTED_EDGE ( 'NONE', *, *, #7328, .F. ) ;
#5356 = CARTESIAN_POINT ( 'NONE',  ( -50.00000000000000000, 6.495000000003470220, 33.99999999998737366 ) ) ;
#5357 = VECTOR ( 'NONE', #8569, 1000.000000000000000 ) ;
#5358 = CARTESIAN_POINT ( 'NONE',  ( 50.00000000000000000, 10.79500000000333060, 37.49999999998743050 ) ) ;
#5359 = ORIENTED_EDGE ( 'NONE', *, *, #2509, .T. ) ;
#5360 = VERTEX_POINT ( 'NONE', #5776 ) ;
#5361 = ORIENTED_EDGE ( 'NONE', *, *, #5846, .T. ) ;
#5362 = CIRCLE ( 'NONE', #7456, 0.2000000000000334843 ) ;
#5363 = DIRECTION ( 'NONE',  ( -0.000000000000000000, -0.000000000000000000, 1.000000000000000000 ) ) ;
#5364 = PLANE ( 'NONE',  #3454 ) ;
#5365 = CARTESIAN_POINT ( 'NONE',  ( 50.00000000000000000, 8.295000000003494023, 37.49999999998743050 ) ) ;
#5366 = ORIENTED_EDGE ( 'NONE', *, *, #7929, .T. ) ;
#5367 = FACE_OUTER_BOUND ( 'NONE', #738, .T. ) ;
#5368 = CARTESIAN_POINT ( 'NONE',  ( 50.00000000000000000, 6.795000000003326157, 35.79999999998739924 ) ) ;
#5369 = AXIS2_PLACEMENT_3D ( 'NONE', #9370, #70, #3407 ) ;
#5370 = ORIENTED_EDGE ( 'NONE', *, *, #10283, .F. ) ;
#5371 = ADVANCED_FACE ( 'NONE', ( #1616 ), #4953, .T. ) ;
#5372 = ORIENTED_EDGE ( 'NONE', *, *, #2174, .T. ) ;
#5373 = CIRCLE ( 'NONE', #10105, 0.2000000000000889955 ) ;
#5374 = AXIS2_PLACEMENT_3D ( 'NONE', #10355, #10406, #2959 ) ;
#5375 = LINE ( 'NONE', #8820, #10174 ) ;
#5376 = DIRECTION ( 'NONE',  ( -0.000000000000000000, -0.000000000000000000, 1.000000000000000000 ) ) ;
#5377 = CARTESIAN_POINT ( 'NONE',  ( -50.00000000000000000, 12.79500000000344251, 33.99999999998737366 ) ) ;
#5378 = CARTESIAN_POINT ( 'NONE',  ( -50.00000000000000000, -12.00499999999848910, -32.50000000000563460 ) ) ;
#5379 = ORIENTED_EDGE ( 'NONE', *, *, #5790, .T. ) ;
#5380 = CARTESIAN_POINT ( 'NONE',  ( 50.00000000000000000, -8.704999999996520188, 37.49999999998743050 ) ) ;
#5381 = EDGE_CURVE ( 'NONE', #5698, #5422, #9883, .T. ) ;
#5382 = EDGE_LOOP ( 'NONE', ( #4168, #5082, #10410, #387 ) ) ;
#5383 = AXIS2_PLACEMENT_3D ( 'NONE', #8556, #955, #2747 ) ;
#5384 = AXIS2_PLACEMENT_3D ( 'NONE', #8894, #2160, #8832 ) ;
#5385 = EDGE_CURVE ( 'NONE', #739, #9335, #5714, .T. ) ;
#5386 = FACE_OUTER_BOUND ( 'NONE', #7847, .T. ) ;
#5387 = EDGE_CURVE ( 'NONE', #8898, #7166, #4317, .T. ) ;
#5388 = VERTEX_POINT ( 'NONE', #7416 ) ;
#5390 = ORIENTED_EDGE ( 'NONE', *, *, #3376, .F. ) ;
#5389 = AXIS2_PLACEMENT_3D ( 'NONE', #2021, #1211, #1152 ) ;
#5391 = ORIENTED_EDGE ( 'NONE', *, *, #2310, .F. ) ;
#5392 = DIRECTION ( 'NONE',  ( 0.000000000000000000, 0.000000000000000000, 1.000000000000000000 ) ) ;
#5393 = VECTOR ( 'NONE', #9745, 1000.000000000000000 ) ;
#5394 = CARTESIAN_POINT ( 'NONE',  ( 50.00000000000000000, -17.45499999998545348, 32.99999999999025846 ) ) ;
#5395 = VECTOR ( 'NONE', #10417, 1000.000000000000000 ) ;
#5396 = LINE ( 'NONE', #3032, #996 ) ;
#5397 = EDGE_CURVE ( 'NONE', #8951, #3757, #10806, .T. ) ;
#5398 = FACE_OUTER_BOUND ( 'NONE', #6102, .T. ) ;
#5399 = ORIENTED_EDGE ( 'NONE', *, *, #6378, .F. ) ;
#5400 = AXIS2_PLACEMENT_3D ( 'NONE', #10065, #8418, #7755 ) ;
#5401 = EDGE_CURVE ( 'NONE', #8817, #2759, #6648, .T. ) ;
#5402 = CARTESIAN_POINT ( 'NONE',  ( 50.00000000000000000, 6.494999999996364792, -34.00000000001046629 ) ) ;
#5403 = VERTEX_POINT ( 'NONE', #8340 ) ;
#5404 = EDGE_CURVE ( 'NONE', #10056, #407, #852, .T. ) ;
#5405 = LINE ( 'NONE', #2116, #6197 ) ;
#5406 = PLANE ( 'NONE',  #5758 ) ;
#5407 = VECTOR ( 'NONE', #10005, 1000.000000000000000 ) ;
#5408 = ORIENTED_EDGE ( 'NONE', *, *, #9538, .T. ) ;
#5409 = VECTOR ( 'NONE', #5904, 1000.000000000000000 ) ;
#5410 = CARTESIAN_POINT ( 'NONE',  ( -50.00000000000000000, 3.995000000003523510, 32.49999999998743050 ) ) ;
#5411 = LINE ( 'NONE', #10441, #2263 ) ;
#5412 = CARTESIAN_POINT ( 'NONE',  ( 50.00000000000000000, 1.795000000003432739, 35.79999999998739924 ) ) ;
#5413 = DIRECTION ( 'NONE',  ( -1.000000000000000000, -0.000000000000000000, -0.000000000000000000 ) ) ;
#5414 = ADVANCED_FACE ( 'NONE', ( #6700 ), #8947, .F. ) ;
#5415 = PLANE ( 'NONE',  #1242 ) ;
#5416 = CARTESIAN_POINT ( 'NONE',  ( 50.00000000000000000, -14.20499999999658058, 37.49999999998743050 ) ) ;
#5417 = EDGE_LOOP ( 'NONE', ( #8996, #2378, #7591, #5033 ) ) ;
#5418 = CARTESIAN_POINT ( 'NONE',  ( 50.00000000000000000, -20.95499999999650242, -27.98284271251250033 ) ) ;
#5419 = CARTESIAN_POINT ( 'NONE',  ( -50.00000000000000000, -15.70499999999652729, 35.79999999998739924 ) ) ;
#5420 = ORIENTED_EDGE ( 'NONE', *, *, #1509, .F. ) ;
#5421 = EDGE_LOOP ( 'NONE', ( #3123, #2400, #8788, #9485 ) ) ;
#5422 = VERTEX_POINT ( 'NONE', #10096 ) ;
#5423 = DIRECTION ( 'NONE',  ( -1.000000000000000000, -0.000000000000000000, -0.000000000000000000 ) ) ;
#5424 = DIRECTION ( 'NONE',  ( 1.000000000000000000, 0.000000000000000000, 0.000000000000000000 ) ) ;
#5425 = CARTESIAN_POINT ( 'NONE',  ( 50.00000000000000000, -6.704999999996519300, 37.49999999998743050 ) ) ;
#5426 = EDGE_LOOP ( 'NONE', ( #2414, #4987, #6143, #9974 ) ) ;
#5427 = DIRECTION ( 'NONE',  ( 0.000000000000000000, 0.000000000000000000, -1.000000000000000000 ) ) ;
#5428 = CARTESIAN_POINT ( 'NONE',  ( -50.00000000000000000, 0.2549999999964525088, -34.60000000001095799 ) ) ;
#5429 = ORIENTED_EDGE ( 'NONE', *, *, #1239, .T. ) ;
#5430 = VERTEX_POINT ( 'NONE', #4403 ) ;
#5431 = CARTESIAN_POINT ( 'NONE',  ( 50.00000000000000000, 14.29500000000344428, 37.49999999998743050 ) ) ;
#5432 = PLANE ( 'NONE',  #6238 ) ;
#5433 = FACE_OUTER_BOUND ( 'NONE', #4578, .T. ) ;
#5434 = DIRECTION ( 'NONE',  ( 0.000000000000000000, -0.000000000000000000, 1.000000000000000000 ) ) ;
#5435 = EDGE_CURVE ( 'NONE', #2777, #8636, #1821, .T. ) ;
#5436 = DIRECTION ( 'NONE',  ( -0.000000000000000000, 0.000000000000000000, 1.000000000000000000 ) ) ;
#5437 = ORIENTED_EDGE ( 'NONE', *, *, #8734, .T. ) ;
#5438 = CARTESIAN_POINT ( 'NONE',  ( -50.00000000000000000, -10.00499999999648892, 33.99999999998737366 ) ) ;
#5439 = ORIENTED_EDGE ( 'NONE', *, *, #7599, .T. ) ;
#5440 = ORIENTED_EDGE ( 'NONE', *, *, #2578, .F. ) ;
#5441 = CARTESIAN_POINT ( 'NONE',  ( -50.00000000000000000, 10.09500000000351783, 33.99999999998737366 ) ) ;
#5442 = VECTOR ( 'NONE', #10083, 1000.000000000000000 ) ;
#5443 = DIRECTION ( 'NONE',  ( 0.000000000000000000, 0.000000000000000000, -1.000000000000000000 ) ) ;
#5444 = EDGE_CURVE ( 'NONE', #8839, #9009, #10256, .T. ) ;
#5445 = CARTESIAN_POINT ( 'NONE',  ( 50.00000000000000000, -17.03416154989456643, 31.42940952257988840 ) ) ;
#5446 = DIRECTION ( 'NONE',  ( 0.000000000000000000, 0.000000000000000000, 1.000000000000000000 ) ) ;
#5447 = ORIENTED_EDGE ( 'NONE', *, *, #5670, .T. ) ;
#5448 = EDGE_CURVE ( 'NONE', #6029, #7808, #5362, .T. ) ;
#5449 = CARTESIAN_POINT ( 'NONE',  ( -50.00000000000000000, -18.95499999999827878, -30.80000000000548965 ) ) ;
#5450 = ORIENTED_EDGE ( 'NONE', *, *, #789, .F. ) ;
#5451 = CYLINDRICAL_SURFACE ( 'NONE', #5676, 3.000000000000002665 ) ;
#5452 = LINE ( 'NONE', #9672, #9594 ) ;
#5453 = VECTOR ( 'NONE', #6013, 1000.000000000000000 ) ;
#5454 = ORIENTED_EDGE ( 'NONE', *, *, #458, .T. ) ;
#5455 = EDGE_CURVE ( 'NONE', #3180, #5617, #5879, .T. ) ;
#5456 = ORIENTED_EDGE ( 'NONE', *, *, #2654, .F. ) ;
#5457 = EDGE_CURVE ( 'NONE', #5501, #2591, #9437, .T. ) ;
#5458 = DIRECTION ( 'NONE',  ( 1.000000000000000000, 0.000000000000000000, 0.000000000000000000 ) ) ;
#5459 = CARTESIAN_POINT ( 'NONE',  ( 50.00000000000000000, -4.604999999996528537, 32.19999999998756834 ) ) ;
#5460 = EDGE_CURVE ( 'NONE', #4249, #719, #6752, .T. ) ;
#5461 = DIRECTION ( 'NONE',  ( 0.000000000000000000, 1.000000000000000000, 0.000000000000000000 ) ) ;
#5462 = LINE ( 'NONE', #3603, #10357 ) ;
#5463 = AXIS2_PLACEMENT_3D ( 'NONE', #1875, #5061, #8395 ) ;
#5464 = EDGE_CURVE ( 'NONE', #5270, #407, #239, .T. ) ;
#5465 = DIRECTION ( 'NONE',  ( 0.000000000000000000, 1.000000000000000000, 0.000000000000000000 ) ) ;
#5466 = ORIENTED_EDGE ( 'NONE', *, *, #3733, .T. ) ;
#5467 = VERTEX_POINT ( 'NONE', #1721 ) ;
#5468 = CARTESIAN_POINT ( 'NONE',  ( 50.00000000000000000, -14.75499999999851930, -32.79417527063710480 ) ) ;
#5469 = DIRECTION ( 'NONE',  ( -0.000000000000000000, 1.000000000000000000, -0.000000000000000000 ) ) ;
#5470 = VERTEX_POINT ( 'NONE', #4238 ) ;
#5471 = AXIS2_PLACEMENT_3D ( 'NONE', #4018, #6577, #5648 ) ;
#5472 = ORIENTED_EDGE ( 'NONE', *, *, #4657, .F. ) ;
#5473 = ORIENTED_EDGE ( 'NONE', *, *, #6687, .T. ) ;
#5474 = ADVANCED_FACE ( 'NONE', ( #5939 ), #8497, .T. ) ;
#5475 = DIRECTION ( 'NONE',  ( -1.000000000000000000, -0.000000000000000000, -0.000000000000000000 ) ) ;
#5476 = CARTESIAN_POINT ( 'NONE',  ( 50.00000000000000000, -8.204999999996577031, -37.50000000001251976 ) ) ;
#5477 = CARTESIAN_POINT ( 'NONE',  ( -50.00000000000000000, 12.59499999999624720, -32.70000000001061125 ) ) ;
#5478 = VERTEX_POINT ( 'NONE', #10310 ) ;
#5479 = DIRECTION ( 'NONE',  ( 1.000000000000000000, 0.000000000000000000, 0.000000000000000000 ) ) ;
#5480 = DIRECTION ( 'NONE',  ( -1.000000000000000000, -0.000000000000000000, -0.000000000000000000 ) ) ;
#5481 = VERTEX_POINT ( 'NONE', #3473 ) ;
#5482 = ORIENTED_EDGE ( 'NONE', *, *, #10663, .T. ) ;
#5483 = VECTOR ( 'NONE', #6785, 1000.000000000000000 ) ;
#5484 = DIRECTION ( 'NONE',  ( -1.000000000000000000, -0.000000000000000000, -0.000000000000000000 ) ) ;
#5485 = CARTESIAN_POINT ( 'NONE',  ( 50.00000000000000000, -0.1649999999968621012, 34.59999999998730402 ) ) ;
#5486 = DIRECTION ( 'NONE',  ( 0.000000000000000000, 0.000000000000000000, -1.000000000000000000 ) ) ;
#5487 = DIRECTION ( 'NONE',  ( -1.000000000000000000, -0.000000000000000000, -0.000000000000000000 ) ) ;
#5488 = LINE ( 'NONE', #4726, #1311 ) ;
#5489 = VECTOR ( 'NONE', #1415, 1000.000000000000000 ) ;
#5490 = ORIENTED_EDGE ( 'NONE', *, *, #9470, .T. ) ;
#5491 = AXIS2_PLACEMENT_3D ( 'NONE', #7860, #2773, #2931 ) ;
#5492 = ORIENTED_EDGE ( 'NONE', *, *, #186, .T. ) ;
#5493 = ORIENTED_EDGE ( 'NONE', *, *, #10089, .F. ) ;
#5494 = ORIENTED_EDGE ( 'NONE', *, *, #8519, .F. ) ;
#5495 = CARTESIAN_POINT ( 'NONE',  ( 50.00000000000000000, -1.744999999996554862, 33.19999999998746176 ) ) ;
#5496 = CYLINDRICAL_SURFACE ( 'NONE', #1075, 0.5000000000001323386 ) ;
#5497 = CIRCLE ( 'NONE', #8112, 0.5000000000000559552 ) ;
#5498 = DIRECTION ( 'NONE',  ( 1.000000000000000000, 0.000000000000000000, 0.000000000000000000 ) ) ;
#5499 = CIRCLE ( 'NONE', #9875, 0.4999999999999102385 ) ;
#5500 = DIRECTION ( 'NONE',  ( -1.000000000000000000, -0.000000000000000000, -0.000000000000000000 ) ) ;
#5501 = VERTEX_POINT ( 'NONE', #6092 ) ;
#5502 = DIRECTION ( 'NONE',  ( -0.000000000000000000, -0.000000000000000000, 1.000000000000000000 ) ) ;
#5503 = ORIENTED_EDGE ( 'NONE', *, *, #9404, .F. ) ;
#5504 = DIRECTION ( 'NONE',  ( 0.000000000000000000, 1.000000000000000000, 0.000000000000000000 ) ) ;
#5505 = CARTESIAN_POINT ( 'NONE',  ( 50.00000000000000000, -17.45500000000122043, -31.99999999999447908 ) ) ;
#5506 = ORIENTED_EDGE ( 'NONE', *, *, #4449, .F. ) ;
#5507 = EDGE_CURVE ( 'NONE', #3132, #393, #1933, .T. ) ;
#5508 = ORIENTED_EDGE ( 'NONE', *, *, #7341, .F. ) ;
#5509 = LINE ( 'NONE', #10550, #1704 ) ;
#5510 = DIRECTION ( 'NONE',  ( -1.000000000000000000, 0.000000000000000000, -0.000000000000000000 ) ) ;
#5511 = CARTESIAN_POINT ( 'NONE',  ( 50.00000000000000000, 0.05499999999625249103, -35.60000000001117826 ) ) ;
#5512 = LINE ( 'NONE', #5623, #3363 ) ;
#5513 = DIRECTION ( 'NONE',  ( -0.000000000000000000, 1.000000000000000000, 0.000000000000000000 ) ) ;
#5514 = ORIENTED_EDGE ( 'NONE', *, *, #8134, .T. ) ;
#5515 = DIRECTION ( 'NONE',  ( 0.000000000000000000, -0.000000000000000000, -1.000000000000000000 ) ) ;
#5516 = ADVANCED_FACE ( 'NONE', ( #81 ), #5059, .T. ) ;
#5517 = DIRECTION ( 'NONE',  ( 0.000000000000000000, 0.000000000000000000, -1.000000000000000000 ) ) ;
#5518 = ADVANCED_FACE ( 'NONE', ( #9278 ), #287, .F. ) ;
#5519 = ORIENTED_EDGE ( 'NONE', *, *, #10471, .F. ) ;
#5520 = ORIENTED_EDGE ( 'NONE', *, *, #9693, .F. ) ;
#5521 = EDGE_CURVE ( 'NONE', #4820, #7691, #3417, .T. ) ;
#5522 = VERTEX_POINT ( 'NONE', #8446 ) ;
#5523 = LINE ( 'NONE', #3007, #1198 ) ;
#5524 = CARTESIAN_POINT ( 'NONE',  ( -50.00000000000000000, 14.84499999999622233, -32.29417527064206439 ) ) ;
#5525 = DIRECTION ( 'NONE',  ( -1.000000000000000000, -0.000000000000000000, -0.000000000000000000 ) ) ;
#5526 = VECTOR ( 'NONE', #10268, 1000.000000000000000 ) ;
#5527 = FACE_OUTER_BOUND ( 'NONE', #8642, .T. ) ;
#5528 = EDGE_LOOP ( 'NONE', ( #4512, #8698, #10498, #5811 ) ) ;
#5529 = CARTESIAN_POINT ( 'NONE',  ( 50.00000000000000000, 11.89499999999632607, -34.00000000001046629 ) ) ;
#5530 = EDGE_CURVE ( 'NONE', #9522, #1833, #5986, .T. ) ;
#5531 = DIRECTION ( 'NONE',  ( 0.000000000000000000, 0.000000000000000000, -1.000000000000000000 ) ) ;
#5532 = EDGE_CURVE ( 'NONE', #7007, #6667, #9328, .T. ) ;
#5533 = EDGE_LOOP ( 'NONE', ( #9618, #6604, #311, #5240 ) ) ;
#5534 = ORIENTED_EDGE ( 'NONE', *, *, #7326, .T. ) ;
#5535 = AXIS2_PLACEMENT_3D ( 'NONE', #4901, #4081, #4131 ) ;
#5536 = DIRECTION ( 'NONE',  ( -0.000000000000000000, 0.000000000000000000, 1.000000000000000000 ) ) ;
#5537 = CARTESIAN_POINT ( 'NONE',  ( -50.00000000000000000, 14.34499999999616549, -34.00000000001046629 ) ) ;
#5538 = LINE ( 'NONE', #1989, #3374 ) ;
#5539 = LINE ( 'NONE', #10365, #10121 ) ;
#5540 = VECTOR ( 'NONE', #2685, 1000.000000000000000 ) ;
#5541 = CARTESIAN_POINT ( 'NONE',  ( 50.00000000000000000, -0.1649999999987494803, -35.80000000000549676 ) ) ;
#5542 = EDGE_CURVE ( 'NONE', #2753, #4981, #6057, .T. ) ;
#5543 = ORIENTED_EDGE ( 'NONE', *, *, #3042, .T. ) ;
#5544 = CIRCLE ( 'NONE', #6945, 0.5000000000000004441 ) ;
#5545 = ORIENTED_EDGE ( 'NONE', *, *, #4399, .F. ) ;
#5546 = ORIENTED_EDGE ( 'NONE', *, *, #3195, .F. ) ;
#5547 = ORIENTED_EDGE ( 'NONE', *, *, #1301, .F. ) ;
#5548 = CIRCLE ( 'NONE', #840, 0.1999999999999779732 ) ;
#5549 = FACE_OUTER_BOUND ( 'NONE', #4013, .T. ) ;
#5550 = DIRECTION ( 'NONE',  ( 0.000000000000000000, 0.000000000000000000, 1.000000000000000000 ) ) ;
#5551 = CARTESIAN_POINT ( 'NONE',  ( -50.00000000000000000, -15.70499999999652729, -37.50000000001251976 ) ) ;
#5552 = AXIS2_PLACEMENT_3D ( 'NONE', #7172, #4504, #10616 ) ;
#5553 = CARTESIAN_POINT ( 'NONE',  ( 50.00000000000000000, -11.20499999999646690, 37.49999999998743050 ) ) ;
#5554 = ORIENTED_EDGE ( 'NONE', *, *, #5652, .T. ) ;
#5555 = AXIS2_PLACEMENT_3D ( 'NONE', #6109, #1082, #4419 ) ;
#5556 = CARTESIAN_POINT ( 'NONE',  ( -50.00000000000000000, 6.495000000003525287, 32.69999999998740492 ) ) ;
#5557 = ORIENTED_EDGE ( 'NONE', *, *, #10139, .F. ) ;
#5558 = CARTESIAN_POINT ( 'NONE',  ( 50.00000000000000000, 14.29500000000349935, 35.79999999998739924 ) ) ;
#5559 = CIRCLE ( 'NONE', #6959, 1.000000000007446266 ) ;
#5560 = CARTESIAN_POINT ( 'NONE',  ( 50.00000000000000000, -1.944999999996643858, 33.19999999998746176 ) ) ;
#5561 = ORIENTED_EDGE ( 'NONE', *, *, #5594, .T. ) ;
#5562 = AXIS2_PLACEMENT_3D ( 'NONE', #162, #8687, #7759 ) ;
#5563 = AXIS2_PLACEMENT_3D ( 'NONE', #8002, #3074, #516 ) ;
#5564 = ORIENTED_EDGE ( 'NONE', *, *, #5507, .F. ) ;
#5565 = DIRECTION ( 'NONE',  ( 0.000000000000000000, 0.000000000000000000, -1.000000000000000000 ) ) ;
#5566 = DIRECTION ( 'NONE',  ( 0.000000000000000000, 0.000000000000000000, -1.000000000000000000 ) ) ;
#5567 = DIRECTION ( 'NONE',  ( 0.000000000000000000, 0.000000000000000000, 1.000000000000000000 ) ) ;
#5568 = VECTOR ( 'NONE', #8129, 1000.000000000000000 ) ;
#5569 = DIRECTION ( 'NONE',  ( 0.000000000000000000, 0.000000000000000000, -1.000000000000000000 ) ) ;
#5570 = DIRECTION ( 'NONE',  ( -1.000000000000000000, -0.000000000000000000, -0.000000000000000000 ) ) ;
#5571 = EDGE_LOOP ( 'NONE', ( #8755, #988, #5090, #8257 ) ) ;
#5573 = EDGE_CURVE ( 'NONE', #7527, #7305, #7735, .T. ) ;
#5572 = AXIS2_PLACEMENT_3D ( 'NONE', #5157, #3711, #8792 ) ;
#5574 = LINE ( 'NONE', #9792, #8458 ) ;
#5575 = CARTESIAN_POINT ( 'NONE',  ( 50.00000000000000000, -4.604999999998748983, -34.00000000000547118 ) ) ;
#5576 = AXIS2_PLACEMENT_3D ( 'NONE', #4300, #1783, #4139 ) ;
#5577 = ORIENTED_EDGE ( 'NONE', *, *, #1766, .T. ) ;
#5578 = VERTEX_POINT ( 'NONE', #7021 ) ;
#5579 = ORIENTED_EDGE ( 'NONE', *, *, #6237, .F. ) ;
#5580 = AXIS2_PLACEMENT_3D ( 'NONE', #7160, #4585, #2939 ) ;
#5581 = CARTESIAN_POINT ( 'NONE',  ( -50.00000000000000000, -14.25499999999646406, 33.99999999998737366 ) ) ;
#5582 = DIRECTION ( 'NONE',  ( -0.000000000000000000, -1.000000000000000000, -0.000000000000000000 ) ) ;
#5583 = CARTESIAN_POINT ( 'NONE',  ( 50.00000000000000000, -14.25499999999646406, 33.99999999998737366 ) ) ;
#5584 = DIRECTION ( 'NONE',  ( -1.000000000000000000, -0.000000000000000000, -0.000000000000000000 ) ) ;
#5585 = VERTEX_POINT ( 'NONE', #1333 ) ;
#5586 = VERTEX_POINT ( 'NONE', #1281 ) ;
#5587 = ADVANCED_FACE ( 'NONE', ( #8715 ), #9489, .T. ) ;
#5588 = PLANE ( 'NONE',  #9689 ) ;
#5589 = AXIS2_PLACEMENT_3D ( 'NONE', #6571, #3183, #8981 ) ;
#5590 = CARTESIAN_POINT ( 'NONE',  ( 50.00000000000000000, 14.34499999999616549, -34.00000000001046629 ) ) ;
#5591 = ORIENTED_EDGE ( 'NONE', *, *, #9211, .T. ) ;
#5592 = ORIENTED_EDGE ( 'NONE', *, *, #7341, .T. ) ;
#5593 = EDGE_CURVE ( 'NONE', #9769, #3093, #1227, .T. ) ;
#5594 = EDGE_CURVE ( 'NONE', #6849, #10694, #7891, .T. ) ;
#5595 = DIRECTION ( 'NONE',  ( 0.000000000000000000, 0.000000000000000000, -1.000000000000000000 ) ) ;
#5596 = EDGE_CURVE ( 'NONE', #502, #8965, #8159, .T. ) ;
#5597 = CARTESIAN_POINT ( 'NONE',  ( -50.00000000000000000, -1.704999999996625881, 37.49999999998743050 ) ) ;
#5598 = DIRECTION ( 'NONE',  ( 0.000000000000000000, 0.000000000000000000, -1.000000000000000000 ) ) ;
#5599 = DIRECTION ( 'NONE',  ( -1.000000000000000000, 0.000000000000000000, -0.000000000000000000 ) ) ;
#5600 = CYLINDRICAL_SURFACE ( 'NONE', #2355, 1.000000000007446266 ) ;
#5601 = ORIENTED_EDGE ( 'NONE', *, *, #216, .F. ) ;
#5602 = AXIS2_PLACEMENT_3D ( 'NONE', #7218, #8249, #10661 ) ;
#5603 = ORIENTED_EDGE ( 'NONE', *, *, #5873, .T. ) ;
#5604 = ORIENTED_EDGE ( 'NONE', *, *, #7538, .F. ) ;
#5605 = EDGE_LOOP ( 'NONE', ( #1273, #9087, #9521, #3907 ) ) ;
#5606 = EDGE_CURVE ( 'NONE', #6529, #3288, #2095, .T. ) ;
#5607 = DIRECTION ( 'NONE',  ( -0.000000000000000000, -0.000000000000000000, 1.000000000000000000 ) ) ;
#5608 = LINE ( 'NONE', #797, #1765 ) ;
#5609 = CARTESIAN_POINT ( 'NONE',  ( -50.00000000000000000, -9.804999999996400817, 32.49999999998743050 ) ) ;
#5610 = CARTESIAN_POINT ( 'NONE',  ( 50.00000000000000000, -11.80499999999640082, 32.69999999998740492 ) ) ;
#5611 = AXIS2_PLACEMENT_3D ( 'NONE', #8607, #2645, #6907 ) ;
#5612 = ORIENTED_EDGE ( 'NONE', *, *, #7534, .F. ) ;
#5613 = CYLINDRICAL_SURFACE ( 'NONE', #2011, 0.2000000000000334843 ) ;
#5614 = ORIENTED_EDGE ( 'NONE', *, *, #3460, .T. ) ;
#5615 = DIRECTION ( 'NONE',  ( 1.000000000000000000, 0.000000000000000000, 0.000000000000000000 ) ) ;
#5616 = CARTESIAN_POINT ( 'NONE',  ( -50.00000000000000000, 0.2549999999962304642, -32.90000000001091962 ) ) ;
#5617 = VERTEX_POINT ( 'NONE', #4665 ) ;
#5618 = CIRCLE ( 'NONE', #7018, 0.9999999999998898659 ) ;
#5619 = ORIENTED_EDGE ( 'NONE', *, *, #10675, .T. ) ;
#5620 = DIRECTION ( 'NONE',  ( -1.000000000000000000, -0.000000000000000000, -0.000000000000000000 ) ) ;
#5621 = LINE ( 'NONE', #8960, #9430 ) ;
#5622 = DIRECTION ( 'NONE',  ( -1.000000000000000000, -0.000000000000000000, -0.000000000000000000 ) ) ;
#5623 = CARTESIAN_POINT ( 'NONE',  ( 50.00000000000000000, -12.00499999999848910, -32.50000000000563460 ) ) ;
#5624 = CYLINDRICAL_SURFACE ( 'NONE', #9625, 0.1999999999999779732 ) ;
#5625 = ORIENTED_EDGE ( 'NONE', *, *, #8254, .F. ) ;
#5626 = VECTOR ( 'NONE', #10459, 1000.000000000000000 ) ;
#5627 = LINE ( 'NONE', #1522, #423 ) ;
#5628 = LINE ( 'NONE', #7379, #2593 ) ;
#5629 = ORIENTED_EDGE ( 'NONE', *, *, #2364, .T. ) ;
#5630 = VERTEX_POINT ( 'NONE', #10363 ) ;
#5631 = ORIENTED_EDGE ( 'NONE', *, *, #321, .T. ) ;
#5632 = LINE ( 'NONE', #9694, #3290 ) ;
#5633 = CARTESIAN_POINT ( 'NONE',  ( 50.00000000000000000, 15.79500000000344428, 37.49999999998743050 ) ) ;
#5634 = CARTESIAN_POINT ( 'NONE',  ( -50.00000000000000000, 6.795000000003326157, 35.79999999998739924 ) ) ;
#5635 = DIRECTION ( 'NONE',  ( 0.000000000000000000, 0.000000000000000000, 1.000000000000000000 ) ) ;
#5636 = ORIENTED_EDGE ( 'NONE', *, *, #10555, .T. ) ;
#5637 = ORIENTED_EDGE ( 'NONE', *, *, #7125, .F. ) ;
#5638 = DIRECTION ( 'NONE',  ( 0.000000000000000000, 0.000000000000000000, -1.000000000000000000 ) ) ;
#5639 = CIRCLE ( 'NONE', #757, 0.1999999999999779732 ) ;
#5640 = CARTESIAN_POINT ( 'NONE',  ( 50.00000000000000000, 17.54500000000647120, 31.99999999997632472 ) ) ;
#5641 = EDGE_LOOP ( 'NONE', ( #2653, #778, #9005, #3893 ) ) ;
#5642 = VERTEX_POINT ( 'NONE', #8821 ) ;
#5643 = ADVANCED_FACE ( 'NONE', ( #3740 ), #5432, .F. ) ;
#5644 = EDGE_CURVE ( 'NONE', #7273, #8007, #5715, .T. ) ;
#5645 = VECTOR ( 'NONE', #2246, 1000.000000000000000 ) ;
#5646 = DIRECTION ( 'NONE',  ( 0.000000000000000000, 0.000000000000000000, -1.000000000000000000 ) ) ;
#5647 = DIRECTION ( 'NONE',  ( 0.000000000000000000, -1.000000000000000000, 0.000000000000000000 ) ) ;
#5648 = DIRECTION ( 'NONE',  ( 0.000000000000000000, 0.000000000000000000, -1.000000000000000000 ) ) ;
#5649 = DIRECTION ( 'NONE',  ( 0.000000000000000000, -0.000000000000000000, 1.000000000000000000 ) ) ;
#5650 = CARTESIAN_POINT ( 'NONE',  ( 50.00000000000000000, 0.7949999999964929565, -37.50000000001130473 ) ) ;
#5651 = ORIENTED_EDGE ( 'NONE', *, *, #236, .F. ) ;
#5652 = EDGE_CURVE ( 'NONE', #2321, #3089, #1004, .T. ) ;
#5653 = EDGE_CURVE ( 'NONE', #4420, #5278, #2858, .T. ) ;
#5654 = VERTEX_POINT ( 'NONE', #8660 ) ;
#5655 = EDGE_CURVE ( 'NONE', #2834, #7273, #457, .T. ) ;
#5656 = VERTEX_POINT ( 'NONE', #3792 ) ;
#5657 = VECTOR ( 'NONE', #668, 1000.000000000000000 ) ;
#5658 = VERTEX_POINT ( 'NONE', #7130 ) ;
#5659 = EDGE_CURVE ( 'NONE', #9086, #5306, #6202, .T. ) ;
#5660 = CARTESIAN_POINT ( 'NONE',  ( -50.00000000000000000, 6.694999999996342765, -32.50000000001062972 ) ) ;
#5661 = FACE_OUTER_BOUND ( 'NONE', #3846, .T. ) ;
#5662 = CARTESIAN_POINT ( 'NONE',  ( 50.00000000000000000, -6.604999999996530313, 32.49999999998737366 ) ) ;
#5663 = VECTOR ( 'NONE', #10507, 1000.000000000000000 ) ;
#5664 = DIRECTION ( 'NONE',  ( -0.000000000000000000, -1.000000000000000000, -0.000000000000000000 ) ) ;
#5665 = ORIENTED_EDGE ( 'NONE', *, *, #2847, .T. ) ;
#5666 = DIRECTION ( 'NONE',  ( -1.000000000000000000, -0.000000000000000000, -0.000000000000000000 ) ) ;
#5667 = DIRECTION ( 'NONE',  ( 0.000000000000000000, -0.000000000000000000, -1.000000000000000000 ) ) ;
#5668 = ORIENTED_EDGE ( 'NONE', *, *, #9527, .F. ) ;
#5669 = DIRECTION ( 'NONE',  ( -1.000000000000000000, -0.000000000000000000, -0.000000000000000000 ) ) ;
#5670 = EDGE_CURVE ( 'NONE', #5630, #9895, #4670, .T. ) ;
#5671 = CARTESIAN_POINT ( 'NONE',  ( 50.00000000000000000, -17.03416154989452735, -31.42940952259099774 ) ) ;
#5672 = EDGE_CURVE ( 'NONE', #3288, #6999, #6313, .T. ) ;
#5673 = ORIENTED_EDGE ( 'NONE', *, *, #6921, .F. ) ;
#5674 = ORIENTED_EDGE ( 'NONE', *, *, #7206, .F. ) ;
#5675 = VECTOR ( 'NONE', #10367, 1000.000000000000000 ) ;
#5676 = AXIS2_PLACEMENT_3D ( 'NONE', #7961, #473, #7153 ) ;
#5677 = LINE ( 'NONE', #9017, #10269 ) ;
#5678 = DIRECTION ( 'NONE',  ( 0.000000000000000000, 0.000000000000000000, -1.000000000000000000 ) ) ;
#5679 = CARTESIAN_POINT ( 'NONE',  ( 50.00000000000000000, -6.604999999996530313, 32.49999999998737366 ) ) ;
#5680 = CARTESIAN_POINT ( 'NONE',  ( 50.00000000000000000, 3.995000000003523510, 32.49999999998743050 ) ) ;
#5681 = CARTESIAN_POINT ( 'NONE',  ( -50.00000000000000000, -1.404999999998768345, -31.70000000000583640 ) ) ;
#5682 = VERTEX_POINT ( 'NONE', #9708 ) ;
#5683 = FACE_OUTER_BOUND ( 'NONE', #6905, .T. ) ;
#5684 = VECTOR ( 'NONE', #2556, 1000.000000000000000 ) ;
#5685 = DIRECTION ( 'NONE',  ( 0.000000000000000000, 0.000000000000000000, 1.000000000000000000 ) ) ;
#5686 = ORIENTED_EDGE ( 'NONE', *, *, #5310, .T. ) ;
#5687 = ORIENTED_EDGE ( 'NONE', *, *, #1054, .F. ) ;
#5688 = EDGE_LOOP ( 'NONE', ( #6684, #3961, #654, #2450 ) ) ;
#5689 = LINE ( 'NONE', #4873, #8525 ) ;
#5690 = SURFACE_SIDE_STYLE ('',( #8260 ) ) ;
#5691 = CARTESIAN_POINT ( 'NONE',  ( 50.00000000000000000, -18.95499999999827878, 30.79999999999438742 ) ) ;
#5692 = CARTESIAN_POINT ( 'NONE',  ( -50.00000000000000000, 0.05499999999625249103, -34.80000000001115268 ) ) ;
#5693 = LINE ( 'NONE', #9033, #3684 ) ;
#5694 = ORIENTED_EDGE ( 'NONE', *, *, #9654, .F. ) ;
#5695 = EDGE_LOOP ( 'NONE', ( #3360, #1956, #2247, #7546 ) ) ;
#5696 = LINE ( 'NONE', #3291, #8283 ) ;
#5697 = DIRECTION ( 'NONE',  ( -0.000000000000000000, 1.000000000000000000, 0.000000000000000000 ) ) ;
#5698 = VERTEX_POINT ( 'NONE', #2200 ) ;
#5699 = ORIENTED_EDGE ( 'NONE', *, *, #876, .T. ) ;
#5700 = DIRECTION ( 'NONE',  ( -0.000000000000000000, -1.000000000000000000, -0.000000000000000000 ) ) ;
#5701 = DIRECTION ( 'NONE',  ( 0.000000000000000000, 0.000000000000000000, -1.000000000000000000 ) ) ;
#5702 = LINE ( 'NONE', #7453, #9670 ) ;
#5703 = DIRECTION ( 'NONE',  ( -1.000000000000000000, -0.000000000000000000, -0.000000000000000000 ) ) ;
#5704 = LINE ( 'NONE', #7352, #10049 ) ;
#5705 = ORIENTED_EDGE ( 'NONE', *, *, #7814, .T. ) ;
#5706 = EDGE_CURVE ( 'NONE', #1569, #7004, #346, .T. ) ;
#5707 = AXIS2_PLACEMENT_3D ( 'NONE', #7090, #2978, #3864 ) ;
#5708 = ORIENTED_EDGE ( 'NONE', *, *, #10470, .F. ) ;
#5709 = VERTEX_POINT ( 'NONE', #1390 ) ;
#5710 = VERTEX_POINT ( 'NONE', #8053 ) ;
#5711 = DIRECTION ( 'NONE',  ( 1.000000000000000000, 0.000000000000000000, 0.000000000000000000 ) ) ;
#5712 = PRODUCT_RELATED_PRODUCT_CATEGORY ( 'part', '', ( #810 ) ) ;
#5713 = LINE ( 'NONE', #1560, #7702 ) ;
#5714 = LINE ( 'NONE', #5004, #7287 ) ;
#5715 = CIRCLE ( 'NONE', #7636, 0.5000000000000559552 ) ;
#5716 = DIRECTION ( 'NONE',  ( 0.000000000000000000, -0.000000000000000000, -1.000000000000000000 ) ) ;
#5717 = VERTEX_POINT ( 'NONE', #9541 ) ;
#5718 = EDGE_CURVE ( 'NONE', #4610, #7043, #9924, .T. ) ;
#5719 = DIRECTION ( 'NONE',  ( -0.000000000000000000, -0.000000000000000000, -1.000000000000000000 ) ) ;
#5720 = DIRECTION ( 'NONE',  ( -1.000000000000000000, -0.000000000000000000, -0.000000000000000000 ) ) ;
#5721 = ORIENTED_EDGE ( 'NONE', *, *, #9197, .F. ) ;
#5722 = VECTOR ( 'NONE', #701, 1000.000000000000000 ) ;
#5723 = ADVANCED_FACE ( 'NONE', ( #2807 ), #10633, .F. ) ;
#5724 = FACE_OUTER_BOUND ( 'NONE', #6790, .T. ) ;
#5725 = DIRECTION ( 'NONE',  ( 0.000000000000000000, 0.000000000000000000, 1.000000000000000000 ) ) ;
#5726 = VECTOR ( 'NONE', #946, 1000.000000000000114 ) ;
#5727 = ORIENTED_EDGE ( 'NONE', *, *, #6599, .F. ) ;
#5728 = LINE ( 'NONE', #4801, #7819 ) ;
#5729 = EDGE_CURVE ( 'NONE', #7312, #6889, #3072, .T. ) ;
#5730 = CIRCLE ( 'NONE', #6952, 0.2000000000000334843 ) ;
#5731 = DIRECTION ( 'NONE',  ( 0.000000000000000000, 0.000000000000000000, -1.000000000000000000 ) ) ;
#5732 = VECTOR ( 'NONE', #4231, 1000.000000000000000 ) ;
#5733 = DIRECTION ( 'NONE',  ( -0.000000000000000000, -0.000000000000000000, 1.000000000000000000 ) ) ;
#5734 = EDGE_CURVE ( 'NONE', #547, #1806, #4942, .T. ) ;
#5735 = EDGE_CURVE ( 'NONE', #8007, #8197, #7403, .T. ) ;
#5736 = VECTOR ( 'NONE', #4266, 1000.000000000000000 ) ;
#5737 = DIRECTION ( 'NONE',  ( -1.000000000000000000, -0.000000000000000000, -0.000000000000000000 ) ) ;
#5738 = VERTEX_POINT ( 'NONE', #5597 ) ;
#5739 = CARTESIAN_POINT ( 'NONE',  ( 50.00000000000000000, 16.57907417369630565, -32.74118095491063229 ) ) ;
#5740 = VECTOR ( 'NONE', #8423, 1000.000000000000000 ) ;
#5741 = DIRECTION ( 'NONE',  ( -1.000000000000000000, -0.000000000000000000, -0.000000000000000000 ) ) ;
#5742 = AXIS2_PLACEMENT_3D ( 'NONE', #2926, #10539, #6380 ) ;
#5743 = EDGE_LOOP ( 'NONE', ( #7564, #709, #6032, #9254 ) ) ;
#5744 = ORIENTED_EDGE ( 'NONE', *, *, #3526, .F. ) ;
#5745 = ORIENTED_EDGE ( 'NONE', *, *, #1319, .T. ) ;
#5746 = AXIS2_PLACEMENT_3D ( 'NONE', #9847, #2403, #5685 ) ;
#5747 = DIRECTION ( 'NONE',  ( 0.000000000000000000, 0.000000000000000000, -1.000000000000000000 ) ) ;
#5748 = CARTESIAN_POINT ( 'NONE',  ( -50.00000000000000000, 9.894999999996322515, -32.50000000001062972 ) ) ;
#5749 = EDGE_CURVE ( 'NONE', #10506, #9563, #4993, .T. ) ;
#5750 = VECTOR ( 'NONE', #5622, 1000.000000000000000 ) ;
#5751 = CARTESIAN_POINT ( 'NONE',  ( 50.00000000000000000, -4.404999999998771010, -32.50000000000563460 ) ) ;
#5752 = VECTOR ( 'NONE', #10794, 1000.000000000000000 ) ;
#5753 = DIRECTION ( 'NONE',  ( -1.000000000000000000, 0.000000000000000000, -0.000000000000000000 ) ) ;
#5754 = LINE ( 'NONE', #4109, #10028 ) ;
#5755 = ORIENTED_EDGE ( 'NONE', *, *, #6854, .F. ) ;
#5756 = ORIENTED_EDGE ( 'NONE', *, *, #2963, .T. ) ;
#5757 = DIRECTION ( 'NONE',  ( -1.000000000000000000, -0.000000000000000000, -0.000000000000000000 ) ) ;
#5758 = AXIS2_PLACEMENT_3D ( 'NONE', #4632, #314, #1141 ) ;
#5759 = DIRECTION ( 'NONE',  ( 0.000000000000000000, 0.000000000000000000, 1.000000000000000000 ) ) ;
#5760 = ORIENTED_EDGE ( 'NONE', *, *, #8731, .T. ) ;
#5761 = VERTEX_POINT ( 'NONE', #8933 ) ;
#5762 = AXIS2_PLACEMENT_3D ( 'NONE', #8247, #8135, #5017 ) ;
#5763 = VECTOR ( 'NONE', #4693, 1000.000000000000000 ) ;
#5764 = FACE_OUTER_BOUND ( 'NONE', #7057, .T. ) ;
#5765 = LINE ( 'NONE', #8328, #5022 ) ;
#5766 = AXIS2_PLACEMENT_3D ( 'NONE', #10107, #914, #1730 ) ;
#5767 = CARTESIAN_POINT ( 'NONE',  ( -50.00000000000000000, 10.09500000000351783, 33.99999999998737366 ) ) ;
#5768 = DIRECTION ( 'NONE',  ( 1.000000000000000000, 0.000000000000000000, 0.000000000000000000 ) ) ;
#5769 = DIRECTION ( 'NONE',  ( -1.000000000000000000, -0.000000000000000000, -0.000000000000000000 ) ) ;
#5770 = ORIENTED_EDGE ( 'NONE', *, *, #4990, .F. ) ;
#5771 = VERTEX_POINT ( 'NONE', #7349 ) ;
#5772 = ORIENTED_EDGE ( 'NONE', *, *, #842, .T. ) ;
#5773 = DIRECTION ( 'NONE',  ( -1.000000000000000000, -0.000000000000000000, -0.000000000000000000 ) ) ;
#5774 = CARTESIAN_POINT ( 'NONE',  ( -50.00000000000000000, 4.695000000003557439, 33.99999999998737366 ) ) ;
#5775 = EDGE_CURVE ( 'NONE', #7105, #6073, #10688, .T. ) ;
#5776 = CARTESIAN_POINT ( 'NONE',  ( 50.00000000000000000, -7.304999999998784688, -32.70000000000561613 ) ) ;
#5777 = DIRECTION ( 'NONE',  ( 1.000000000000000000, 0.000000000000000000, 0.000000000000000000 ) ) ;
#5778 = ORIENTED_EDGE ( 'NONE', *, *, #4253, .F. ) ;
#5779 = CARTESIAN_POINT ( 'NONE',  ( 50.00000000000000000, -11.80499999999640082, 33.99999999998737366 ) ) ;
#5780 = CARTESIAN_POINT ( 'NONE',  ( -50.00000000000000000, 9.194999999996177564, -32.70000000001061125 ) ) ;
#5781 = VERTEX_POINT ( 'NONE', #9760 ) ;
#5782 = VECTOR ( 'NONE', #1481, 1000.000000000000000 ) ;
#5783 = CARTESIAN_POINT ( 'NONE',  ( -50.00000000000000000, -0.7049999999965139708, 35.79999999998750582 ) ) ;
#5784 = CARTESIAN_POINT ( 'NONE',  ( 50.00000000000000000, -12.00499999999848910, -32.70000000000561613 ) ) ;
#5785 = ORIENTED_EDGE ( 'NONE', *, *, #1104, .T. ) ;
#5786 = EDGE_CURVE ( 'NONE', #9822, #4982, #9105, .T. ) ;
#5787 = DIRECTION ( 'NONE',  ( -0.000000000000000000, -1.000000000000000000, -0.000000000000000000 ) ) ;
#5788 = AXIS2_PLACEMENT_3D ( 'NONE', #4451, #7681, #2748 ) ;
#5789 = DIRECTION ( 'NONE',  ( -0.000000000000000000, 0.000000000000000000, 1.000000000000000000 ) ) ;
#5790 = EDGE_CURVE ( 'NONE', #1962, #8231, #5765, .T. ) ;
#5791 = DIRECTION ( 'NONE',  ( -0.000000000000000000, 1.000000000000000000, -0.000000000000000000 ) ) ;
#5792 = DIRECTION ( 'NONE',  ( 0.000000000000000000, -0.2588190451109378953, -0.9659258262868130052 ) ) ;
#5793 = VERTEX_POINT ( 'NONE', #6639 ) ;
#5794 = DIRECTION ( 'NONE',  ( 0.000000000000000000, -1.000000000000000000, 0.000000000000000000 ) ) ;
#5795 = ADVANCED_FACE ( 'NONE', ( #618 ), #837, .T. ) ;
#5796 = CARTESIAN_POINT ( 'NONE',  ( 50.00000000000000000, -1.704999999996625881, -37.50000000001251976 ) ) ;
#5797 = AXIS2_PLACEMENT_3D ( 'NONE', #7719, #3562, #7509 ) ;
#5798 = VERTEX_POINT ( 'NONE', #3300 ) ;
#5799 = EDGE_CURVE ( 'NONE', #6620, #4738, #1010, .T. ) ;
#5800 = ORIENTED_EDGE ( 'NONE', *, *, #9814, .T. ) ;
#5801 = VERTEX_POINT ( 'NONE', #8987 ) ;
#5802 = EDGE_CURVE ( 'NONE', #4116, #7914, #8276, .T. ) ;
#5803 = LINE ( 'NONE', #6563, #5213 ) ;
#5804 = EDGE_CURVE ( 'NONE', #2359, #2759, #786, .T. ) ;
#5805 = CARTESIAN_POINT ( 'NONE',  ( 50.00000000000000000, 6.494999999996364792, -32.70000000001061125 ) ) ;
#5806 = LINE ( 'NONE', #3342, #1614 ) ;
#5807 = VECTOR ( 'NONE', #2410, 1000.000000000000000 ) ;
#5808 = DIRECTION ( 'NONE',  ( 1.000000000000000000, 0.000000000000000000, 0.000000000000000000 ) ) ;
#5809 = DIRECTION ( 'NONE',  ( 0.000000000000000000, 0.000000000000000000, -1.000000000000000000 ) ) ;
#5810 = ORIENTED_EDGE ( 'NONE', *, *, #2971, .T. ) ;
#5811 = ORIENTED_EDGE ( 'NONE', *, *, #10412, .T. ) ;
#5812 = DIRECTION ( 'NONE',  ( -1.000000000000000000, -0.000000000000000000, -0.000000000000000000 ) ) ;
#5813 = CARTESIAN_POINT ( 'NONE',  ( 50.00000000000000000, -10.70499999999652374, 37.49999999998743050 ) ) ;
#5814 = EDGE_LOOP ( 'NONE', ( #3736, #2606, #8024, #4790 ) ) ;
#5815 = EDGE_CURVE ( 'NONE', #4373, #9943, #4890, .T. ) ;
#5816 = VECTOR ( 'NONE', #6860, 1000.000000000000000 ) ;
#5817 = VERTEX_POINT ( 'NONE', #1490 ) ;
#5818 = EDGE_CURVE ( 'NONE', #5682, #3005, #2258, .T. ) ;
#5819 = LINE ( 'NONE', #3241, #6144 ) ;
#5820 = LINE ( 'NONE', #5208, #7292 ) ;
#5821 = DIRECTION ( 'NONE',  ( 0.000000000000000000, -1.000000000000000000, 0.000000000000000000 ) ) ;
#5822 = CYLINDRICAL_SURFACE ( 'NONE', #8188, 0.4999999999999449329 ) ;
#5823 = AXIS2_PLACEMENT_3D ( 'NONE', #9585, #7116, #10353 ) ;
#5824 = CARTESIAN_POINT ( 'NONE',  ( -50.00000000000000000, -13.20499999999647045, 35.79999999998739924 ) ) ;
#5825 = ORIENTED_EDGE ( 'NONE', *, *, #10816, .F. ) ;
#5826 = VECTOR ( 'NONE', #4711, 1000.000000000000000 ) ;
#5827 = ORIENTED_EDGE ( 'NONE', *, *, #1316, .T. ) ;
#5828 = CARTESIAN_POINT ( 'NONE',  ( 50.00000000000000000, 1.495000000003576801, 32.19999999998756834 ) ) ;
#5829 = CARTESIAN_POINT ( 'NONE',  ( -50.00000000000000000, -6.404999999998661764, -34.00000000000547118 ) ) ;
#5830 = CARTESIAN_POINT ( 'NONE',  ( 50.00000000000000000, -0.7049999999965139708, -35.80000000000549676 ) ) ;
#5831 = LINE ( 'NONE', #1564, #8874 ) ;
#5832 = EDGE_LOOP ( 'NONE', ( #7745, #5143, #9783, #8685 ) ) ;
#5833 = CARTESIAN_POINT ( 'NONE',  ( 50.00000000000000000, 4.495000000003468443, 32.49999999998737366 ) ) ;
#5834 = CARTESIAN_POINT ( 'NONE',  ( 50.00000000000000000, 0.2550000000033358916, 31.89999999998738289 ) ) ;
#5835 = ORIENTED_EDGE ( 'NONE', *, *, #8941, .F. ) ;
#5836 = DIRECTION ( 'NONE',  ( -1.000000000000000000, -0.000000000000000000, -0.000000000000000000 ) ) ;
#5837 = DIRECTION ( 'NONE',  ( 0.000000000000000000, 0.000000000000000000, 1.000000000000000000 ) ) ;
#5838 = ORIENTED_EDGE ( 'NONE', *, *, #1778, .T. ) ;
#5839 = DIRECTION ( 'NONE',  ( -1.000000000000000000, -0.000000000000000000, -0.000000000000000000 ) ) ;
#5840 = DIRECTION ( 'NONE',  ( 0.000000000000000000, 0.000000000000000000, 1.000000000000000000 ) ) ;
#5841 = DIRECTION ( 'NONE',  ( 0.000000000000000000, 0.000000000000000000, -1.000000000000000000 ) ) ;
#5842 = DIRECTION ( 'NONE',  ( -0.000000000000000000, -0.000000000000000000, 1.000000000000000000 ) ) ;
#5843 = EDGE_LOOP ( 'NONE', ( #10234, #10130, #2915, #19 ) ) ;
#5844 = CARTESIAN_POINT ( 'NONE',  ( 50.00000000000000000, 9.294999999996500506, -35.80000000001126637 ) ) ;
#5845 = CARTESIAN_POINT ( 'NONE',  ( 50.00000000000000000, 16.57907417371440317, 32.74118095488487512 ) ) ;
#5846 = EDGE_CURVE ( 'NONE', #696, #2074, #4017, .T. ) ;
#5847 = CIRCLE ( 'NONE', #2171, 0.9999999999998898659 ) ;
#5848 = ORIENTED_EDGE ( 'NONE', *, *, #2582, .T. ) ;
#5849 = VERTEX_POINT ( 'NONE', #8224 ) ;
#5850 = ORIENTED_EDGE ( 'NONE', *, *, #8657, .F. ) ;
#5851 = DIRECTION ( 'NONE',  ( 1.000000000000000000, 0.000000000000000000, 0.000000000000000000 ) ) ;
#5852 = CARTESIAN_POINT ( 'NONE',  ( -50.00000000000000000, 6.494999999996364792, -32.70000000001061125 ) ) ;
#5853 = CARTESIAN_POINT ( 'NONE',  ( 50.00000000000000000, -17.51712446309827698, 30.79999999999436966 ) ) ;
#5854 = EDGE_CURVE ( 'NONE', #5863, #6038, #731, .T. ) ;
#5855 = DIRECTION ( 'NONE',  ( -1.000000000000000000, -0.000000000000000000, -0.000000000000000000 ) ) ;
#5856 = ORIENTED_EDGE ( 'NONE', *, *, #5655, .T. ) ;
#5857 = ORIENTED_EDGE ( 'NONE', *, *, #4933, .T. ) ;
#5858 = AXIS2_PLACEMENT_3D ( 'NONE', #3653, #2822, #9505 ) ;
#5859 = EDGE_CURVE ( 'NONE', #5578, #7298, #300, .T. ) ;
#5860 = DIRECTION ( 'NONE',  ( -0.000000000000000000, -0.000000000000000000, 1.000000000000000000 ) ) ;
#5861 = CARTESIAN_POINT ( 'NONE',  ( 50.00000000000000000, 0.05499999999625249103, -35.60000000001117826 ) ) ;
#5862 = EDGE_CURVE ( 'NONE', #8970, #3763, #5820, .T. ) ;
#5863 = VERTEX_POINT ( 'NONE', #3354 ) ;
#5864 = VERTEX_POINT ( 'NONE', #3514 ) ;
#5865 = CIRCLE ( 'NONE', #8307, 0.5000000000000004441 ) ;
#5866 = EDGE_CURVE ( 'NONE', #7298, #10431, #17, .T. ) ;
#5867 = PLANE ( 'NONE',  #6844 ) ;
#5868 = CARTESIAN_POINT ( 'NONE',  ( 50.00000000000000000, 11.89499999999632607, -34.00000000001046629 ) ) ;
#5869 = EDGE_CURVE ( 'NONE', #10698, #1353, #5973, .T. ) ;
#5870 = DIRECTION ( 'NONE',  ( 0.000000000000000000, 0.000000000000000000, 1.000000000000000000 ) ) ;
#5871 = ORIENTED_EDGE ( 'NONE', *, *, #4594, .T. ) ;
#5872 = PLANE ( 'NONE',  #9070 ) ;
#5873 = EDGE_CURVE ( 'NONE', #9572, #4084, #1530, .T. ) ;
#5874 = DIRECTION ( 'NONE',  ( 0.000000000000000000, 0.000000000000000000, 1.000000000000000000 ) ) ;
#5875 = ORIENTED_EDGE ( 'NONE', *, *, #3660, .F. ) ;
#5876 = ORIENTED_EDGE ( 'NONE', *, *, #7659, .T. ) ;
#5877 = CARTESIAN_POINT ( 'NONE',  ( -50.00000000000000000, 12.09500000000340947, 32.49999999998743050 ) ) ;
#5878 = PLANE ( 'NONE',  #9110 ) ;
#5879 = LINE ( 'NONE', #4292, #2402 ) ;
#5880 = EDGE_CURVE ( 'NONE', #1817, #167, #9221, .T. ) ;
#5881 = LINE ( 'NONE', #3931, #7559 ) ;
#5882 = DIRECTION ( 'NONE',  ( -0.000000000000000000, -0.000000000000000000, -1.000000000000000000 ) ) ;
#5883 = VERTEX_POINT ( 'NONE', #6080 ) ;
#5884 = VECTOR ( 'NONE', #9392, 1000.000000000000000 ) ;
#5885 = DIRECTION ( 'NONE',  ( -1.000000000000000000, -0.000000000000000000, -0.000000000000000000 ) ) ;
#5886 = CARTESIAN_POINT ( 'NONE',  ( 50.00000000000000000, -6.204999999996574367, 37.49999999998743050 ) ) ;
#5887 = ORIENTED_EDGE ( 'NONE', *, *, #1505, .T. ) ;
#5888 = DIRECTION ( 'NONE',  ( 0.000000000000000000, -0.000000000000000000, -1.000000000000000000 ) ) ;
#5889 = DIRECTION ( 'NONE',  ( -1.000000000000000000, 0.000000000000000000, -0.000000000000000000 ) ) ;
#5890 = ORIENTED_EDGE ( 'NONE', *, *, #7353, .T. ) ;
#5891 = VECTOR ( 'NONE', #8177, 1000.000000000000000 ) ;
#5892 = CARTESIAN_POINT ( 'NONE',  ( -50.00000000000000000, -7.304999999998784688, -34.00000000000547118 ) ) ;
#5893 = CARTESIAN_POINT ( 'NONE',  ( -50.00000000000000000, 9.294999999996500506, -37.50000000001130473 ) ) ;
#5894 = DIRECTION ( 'NONE',  ( -1.000000000000000000, -0.000000000000000000, -0.000000000000000000 ) ) ;
#5895 = LINE ( 'NONE', #3544, #1314 ) ;
#5896 = VERTEX_POINT ( 'NONE', #1759 ) ;
#5897 = PLANE ( 'NONE',  #780 ) ;
#5898 = AXIS2_PLACEMENT_3D ( 'NONE', #564, #3901, #7236 ) ;
#5899 = CARTESIAN_POINT ( 'NONE',  ( 50.00000000000000000, 6.495000000003525287, 32.69999999998740492 ) ) ;
#5900 = VERTEX_POINT ( 'NONE', #1922 ) ;
#5901 = VECTOR ( 'NONE', #8791, 1000.000000000000000 ) ;
#5902 = ORIENTED_EDGE ( 'NONE', *, *, #7251, .T. ) ;
#5903 = CIRCLE ( 'NONE', #2581, 1.000000000000056399 ) ;
#5904 = DIRECTION ( 'NONE',  ( -1.000000000000000000, -0.000000000000000000, -0.000000000000000000 ) ) ;
#5905 = CARTESIAN_POINT ( 'NONE',  ( 50.00000000000000000, 13.29500000000349758, 37.49999999998743050 ) ) ;
#5906 = DIRECTION ( 'NONE',  ( -1.000000000000000000, -0.000000000000000000, -0.000000000000000000 ) ) ;
#5907 = EDGE_CURVE ( 'NONE', #5717, #295, #7721, .T. ) ;
#5908 = LINE ( 'NONE', #9194, #4907 ) ;
#5909 = ORIENTED_EDGE ( 'NONE', *, *, #103, .F. ) ;
#5910 = ORIENTED_EDGE ( 'NONE', *, *, #5573, .F. ) ;
#5911 = VECTOR ( 'NONE', #2805, 1000.000000000000114 ) ;
#5912 = AXIS2_PLACEMENT_3D ( 'NONE', #469, #5500, #1452 ) ;
#5913 = DIRECTION ( 'NONE',  ( 0.000000000000000000, 0.000000000000000000, -1.000000000000000000 ) ) ;
#5914 = LINE ( 'NONE', #5093, #9946 ) ;
#5915 = CIRCLE ( 'NONE', #10464, 0.5000000000000350830 ) ;
#5916 = VERTEX_POINT ( 'NONE', #9264 ) ;
#5917 = EDGE_LOOP ( 'NONE', ( #867, #5651, #4592, #6762 ) ) ;
#5918 = CIRCLE ( 'NONE', #5562, 0.2000000000000334843 ) ;
#5919 = VECTOR ( 'NONE', #2315, 1000.000000000000000 ) ;
#5920 = EDGE_CURVE ( 'NONE', #7092, #1920, #5923, .T. ) ;
#5921 = CARTESIAN_POINT ( 'NONE',  ( -50.00000000000000000, 4.694999999996396056, -32.20000000001077467 ) ) ;
#5922 = EDGE_CURVE ( 'NONE', #8398, #9319, #10190, .T. ) ;
#5923 = LINE ( 'NONE', #5262, #9046 ) ;
#5924 = VECTOR ( 'NONE', #10162, 1000.000000000000000 ) ;
#5925 = CARTESIAN_POINT ( 'NONE',  ( 50.00000000000000000, 11.79499999999644722, -35.80000000001126637 ) ) ;
#5926 = VERTEX_POINT ( 'NONE', #2739 ) ;
#5927 = DIRECTION ( 'NONE',  ( 0.000000000000000000, 0.000000000000000000, -1.000000000000000000 ) ) ;
#5928 = CARTESIAN_POINT ( 'NONE',  ( 50.00000000000000000, -0.1649999999968621012, 34.59999999998719744 ) ) ;
#5929 = VECTOR ( 'NONE', #10059, 1000.000000000000114 ) ;
#5930 = EDGE_CURVE ( 'NONE', #4998, #7686, #4282, .T. ) ;
#5931 = ORIENTED_EDGE ( 'NONE', *, *, #561, .T. ) ;
#5932 = ADVANCED_FACE ( 'NONE', ( #3459 ), #7616, .F. ) ;
#5933 = AXIS2_PLACEMENT_3D ( 'NONE', #10775, #9090, #5085 ) ;
#5934 = ORIENTED_EDGE ( 'NONE', *, *, #8062, .T. ) ;
#5935 = ADVANCED_FACE ( 'NONE', ( #123 ), #2531, .T. ) ;
#5936 = CARTESIAN_POINT ( 'NONE',  ( 50.00000000000000000, 0.03500000000122849286, -33.00000000000580513 ) ) ;
#5937 = DIRECTION ( 'NONE',  ( 1.000000000000000000, 0.000000000000000000, 0.000000000000000000 ) ) ;
#5938 = ADVANCED_FACE ( 'NONE', ( #10242 ), #7510, .T. ) ;
#5939 = FACE_OUTER_BOUND ( 'NONE', #9096, .T. ) ;
#5940 = DIRECTION ( 'NONE',  ( -1.000000000000000000, -0.000000000000000000, -0.000000000000000000 ) ) ;
#5941 = CARTESIAN_POINT ( 'NONE',  ( 50.00000000000000000, -9.204999999996577031, -35.80000000001248850 ) ) ;
#5942 = ORIENTED_EDGE ( 'NONE', *, *, #1118, .T. ) ;
#5943 = DIRECTION ( 'NONE',  ( -0.000000000000000000, 0.000000000000000000, 1.000000000000000000 ) ) ;
#5944 = CARTESIAN_POINT ( 'NONE',  ( 50.00000000000000000, -1.744999999996554862, 34.29999999998744897 ) ) ;
#5945 = ORIENTED_EDGE ( 'NONE', *, *, #9418, .F. ) ;
#5946 = DIRECTION ( 'NONE',  ( -0.000000000000000000, 1.000000000000000000, -0.000000000000000000 ) ) ;
#5947 = CARTESIAN_POINT ( 'NONE',  ( 50.00000000000000000, -3.704999999998848104, -34.00000000000547118 ) ) ;
#5948 = EDGE_CURVE ( 'NONE', #10590, #8438, #9317, .T. ) ;
#5949 = EDGE_LOOP ( 'NONE', ( #9171, #2569, #5494, #1686 ) ) ;
#5950 = CARTESIAN_POINT ( 'NONE',  ( 50.00000000000000000, -14.25499999999646406, 32.79417527058736681 ) ) ;
#5951 = DIRECTION ( 'NONE',  ( 0.000000000000000000, -1.000000000000000000, 0.000000000000000000 ) ) ;
#5952 = DIRECTION ( 'NONE',  ( -1.000000000000000000, -0.000000000000000000, -0.000000000000000000 ) ) ;
#5953 = CARTESIAN_POINT ( 'NONE',  ( -50.00000000000000000, -3.204999999996516191, 37.49999999998743050 ) ) ;
#5954 = VERTEX_POINT ( 'NONE', #7562 ) ;
#5955 = DIRECTION ( 'NONE',  ( 1.000000000000000000, 0.000000000000000000, -0.000000000000000000 ) ) ;
#5956 = DIRECTION ( 'NONE',  ( -1.000000000000000000, -0.000000000000000000, -0.000000000000000000 ) ) ;
#5957 = AXIS2_PLACEMENT_3D ( 'NONE', #2624, #5962, #10128 ) ;
#5958 = ORIENTED_EDGE ( 'NONE', *, *, #7539, .T. ) ;
#5959 = DIRECTION ( 'NONE',  ( 0.000000000000000000, 1.000000000000000000, 0.000000000000000000 ) ) ;
#5960 = FACE_OUTER_BOUND ( 'NONE', #3251, .T. ) ;
#5961 = PLANE ( 'NONE',  #6151 ) ;
#5962 = DIRECTION ( 'NONE',  ( -1.000000000000000000, -0.000000000000000000, -0.000000000000000000 ) ) ;
#5963 = ORIENTED_EDGE ( 'NONE', *, *, #3919, .T. ) ;
#5964 = VERTEX_POINT ( 'NONE', #8489 ) ;
#5965 = AXIS2_PLACEMENT_3D ( 'NONE', #2271, #7360, #8175 ) ;
#5966 = CARTESIAN_POINT ( 'NONE',  ( -50.00000000000000000, -10.70499999999652374, -37.50000000001251976 ) ) ;
#5967 = FACE_OUTER_BOUND ( 'NONE', #276, .T. ) ;
#5968 = ORIENTED_EDGE ( 'NONE', *, *, #6530, .F. ) ;
#5969 = ORIENTED_EDGE ( 'NONE', *, *, #1057, .T. ) ;
#5970 = VERTEX_POINT ( 'NONE', #5868 ) ;
#5971 = CIRCLE ( 'NONE', #1604, 0.2000000000000334843 ) ;
#5972 = PLANE ( 'NONE',  #201 ) ;
#5973 = LINE ( 'NONE', #2583, #2051 ) ;
#5974 = CARTESIAN_POINT ( 'NONE',  ( 50.00000000000000000, 10.79499999999633530, -37.50000000001130473 ) ) ;
#5975 = ORIENTED_EDGE ( 'NONE', *, *, #5718, .F. ) ;
#5976 = DIRECTION ( 'NONE',  ( 0.000000000000000000, 1.000000000000000000, 0.000000000000000000 ) ) ;
#5977 = FACE_OUTER_BOUND ( 'NONE', #10510, .T. ) ;
#5978 = AXIS2_PLACEMENT_3D ( 'NONE', #4816, #8149, #4708 ) ;
#5979 = ADVANCED_FACE ( 'NONE', ( #998 ), #893, .F. ) ;
#5980 = ADVANCED_FACE ( 'NONE', ( #4336 ), #6742, .F. ) ;
#5981 = ORIENTED_EDGE ( 'NONE', *, *, #846, .T. ) ;
#5982 = ORIENTED_EDGE ( 'NONE', *, *, #5435, .F. ) ;
#5983 = CARTESIAN_POINT ( 'NONE',  ( 50.00000000000000000, 10.79499999999633530, -37.50000000001130473 ) ) ;
#5984 = AXIS2_PLACEMENT_3D ( 'NONE', #3528, #5112, #6036 ) ;
#5985 = CARTESIAN_POINT ( 'NONE',  ( 50.00000000000000000, 4.695000000003557439, 33.99999999998737366 ) ) ;
#5986 = LINE ( 'NONE', #5273, #3441 ) ;
#5987 = CARTESIAN_POINT ( 'NONE',  ( -50.00000000000000000, -9.104999999998641513, -32.70000000000561613 ) ) ;
#5988 = CARTESIAN_POINT ( 'NONE',  ( 50.00000000000000000, 14.29500000000349935, 35.79999999998739924 ) ) ;
#5989 = EDGE_LOOP ( 'NONE', ( #9878, #6152, #4548, #4853 ) ) ;
#5990 = DIRECTION ( 'NONE',  ( -0.000000000000000000, -0.000000000000000000, -1.000000000000000000 ) ) ;
#5991 = ADVANCED_FACE ( 'NONE', ( #6955 ), #5364, .F. ) ;
#5992 = CARTESIAN_POINT ( 'NONE',  ( -50.00000000000000000, 6.794999999996331752, -37.50000000001130473 ) ) ;
#5993 = ORIENTED_EDGE ( 'NONE', *, *, #5653, .F. ) ;
#5994 = EDGE_CURVE ( 'NONE', #132, #8712, #2027, .T. ) ;
#5995 = CARTESIAN_POINT ( 'NONE',  ( 50.00000000000000000, -17.19618095489838794, -32.03407417370551968 ) ) ;
#5996 = CARTESIAN_POINT ( 'NONE',  ( 50.00000000000000000, 6.495000000003470220, 33.99999999998737366 ) ) ;
#5997 = AXIS2_PLACEMENT_3D ( 'NONE', #9542, #8934, #3138 ) ;
#5998 = ADVANCED_FACE ( 'NONE', ( #9641 ), #10300, .F. ) ;
#5999 = ORIENTED_EDGE ( 'NONE', *, *, #4778, .T. ) ;
#6000 = CARTESIAN_POINT ( 'NONE',  ( 50.00000000000000000, -17.03416154989456643, 31.42940952257988840 ) ) ;
#6001 = DIRECTION ( 'NONE',  ( -0.000000000000000000, -0.000000000000000000, 1.000000000000000000 ) ) ;
#6002 = DIRECTION ( 'NONE',  ( 1.000000000000000000, 0.000000000000000000, 0.000000000000000000 ) ) ;
#6003 = DIRECTION ( 'NONE',  ( -1.000000000000000000, -0.000000000000000000, -0.000000000000000000 ) ) ;
#6004 = EDGE_CURVE ( 'NONE', #3053, #6029, #3009, .T. ) ;
#6005 = DIRECTION ( 'NONE',  ( -0.000000000000000000, -1.000000000000000000, -0.000000000000000000 ) ) ;
#6006 = ORIENTED_EDGE ( 'NONE', *, *, #9753, .T. ) ;
#6007 = EDGE_CURVE ( 'NONE', #2146, #4706, #9477, .T. ) ;
#6008 = DIRECTION ( 'NONE',  ( -0.000000000000000000, -1.000000000000000000, -0.000000000000000000 ) ) ;
#6009 = CARTESIAN_POINT ( 'NONE',  ( -50.00000000000000000, 14.34500000000341835, 32.79417527061900728 ) ) ;
#6010 = ORIENTED_EDGE ( 'NONE', *, *, #2389, .F. ) ;
#6011 = PLANE ( 'NONE',  #9085 ) ;
#6012 = CARTESIAN_POINT ( 'NONE',  ( 50.00000000000000000, -3.204999999996571702, 35.79999999998739924 ) ) ;
#6013 = DIRECTION ( 'NONE',  ( -1.000000000000000000, -0.000000000000000000, -0.000000000000000000 ) ) ;
#6014 = EDGE_CURVE ( 'NONE', #4903, #8323, #1322, .T. ) ;
#6015 = AXIS2_PLACEMENT_3D ( 'NONE', #5844, #10118, #5955 ) ;
#6016 = DIRECTION ( 'NONE',  ( 0.000000000000000000, -1.000000000000000000, 0.000000000000000000 ) ) ;
#6017 = ORIENTED_EDGE ( 'NONE', *, *, #5594, .F. ) ;
#6018 = ORIENTED_EDGE ( 'NONE', *, *, #6981, .F. ) ;
#6019 = LINE ( 'NONE', #1046, #776 ) ;
#6020 = FACE_OUTER_BOUND ( 'NONE', #9637, .T. ) ;
#6021 = ORIENTED_EDGE ( 'NONE', *, *, #2844, .F. ) ;
#6022 = ORIENTED_EDGE ( 'NONE', *, *, #226, .F. ) ;
#6023 = ORIENTED_EDGE ( 'NONE', *, *, #3202, .F. ) ;
#6024 = VECTOR ( 'NONE', #10477, 1000.000000000000000 ) ;
#6025 = AXIS2_PLACEMENT_3D ( 'NONE', #6501, #3218, #7431 ) ;
#6026 = CYLINDRICAL_SURFACE ( 'NONE', #552, 0.4999999999999449329 ) ;
#6027 = CARTESIAN_POINT ( 'NONE',  ( 50.00000000000000000, 17.28618095490330830, 32.03407417368742216 ) ) ;
#6028 = CARTESIAN_POINT ( 'NONE',  ( 50.00000000000000000, -9.204999999996577031, 35.79999999998739924 ) ) ;
#6029 = VERTEX_POINT ( 'NONE', #2086 ) ;
#6030 = CARTESIAN_POINT ( 'NONE',  ( -50.00000000000000000, -10.00499999999848733, -34.00000000000547118 ) ) ;
#6031 = LINE ( 'NONE', #2743, #4858 ) ;
#6032 = ORIENTED_EDGE ( 'NONE', *, *, #4197, .F. ) ;
#6033 = DIRECTION ( 'NONE',  ( 1.000000000000000000, 0.000000000000000000, -0.000000000000000000 ) ) ;
#6034 = PLANE ( 'NONE',  #9635 ) ;
#6035 = DIRECTION ( 'NONE',  ( 1.000000000000000000, 0.000000000000000000, 0.000000000000000000 ) ) ;
#6036 = DIRECTION ( 'NONE',  ( 0.000000000000000000, 0.000000000000000000, -1.000000000000000000 ) ) ;
#6037 = DIRECTION ( 'NONE',  ( -0.000000000000000000, 1.000000000000000000, -0.000000000000000000 ) ) ;
#6038 = VERTEX_POINT ( 'NONE', #9696 ) ;
#6039 = EDGE_CURVE ( 'NONE', #355, #9573, #7121, .T. ) ;
#6040 = CARTESIAN_POINT ( 'NONE',  ( -50.00000000000000000, -13.70499999999652552, 37.49999999998743050 ) ) ;
#6041 = CARTESIAN_POINT ( 'NONE',  ( 50.00000000000000000, 20.64500000000346702, 27.49999999998731326 ) ) ;
#6042 = ORIENTED_EDGE ( 'NONE', *, *, #5317, .T. ) ;
#6043 = LINE ( 'NONE', #864, #10825 ) ;
#6044 = ORIENTED_EDGE ( 'NONE', *, *, #2839, .F. ) ;
#6045 = DIRECTION ( 'NONE',  ( -1.000000000000000000, -0.000000000000000000, -0.000000000000000000 ) ) ;
#6046 = DIRECTION ( 'NONE',  ( 0.000000000000000000, 0.000000000000000000, -1.000000000000000000 ) ) ;
#6047 = ADVANCED_FACE ( 'NONE', ( #6188 ), #3729, .T. ) ;
#6048 = DIRECTION ( 'NONE',  ( 0.000000000000000000, 0.000000000000000000, -1.000000000000000000 ) ) ;
#6049 = VECTOR ( 'NONE', #6664, 1000.000000000000000 ) ;
#6050 = LINE ( 'NONE', #5289, #7137 ) ;
#6051 = ORIENTED_EDGE ( 'NONE', *, *, #9127, .F. ) ;
#6052 = EDGE_CURVE ( 'NONE', #7210, #1162, #8810, .T. ) ;
#6053 = CARTESIAN_POINT ( 'NONE',  ( 50.00000000000000000, 4.495000000003468443, 32.69999999998740492 ) ) ;
#6054 = VERTEX_POINT ( 'NONE', #6357 ) ;
#6055 = PLANE ( 'NONE',  #5151 ) ;
#6056 = LINE ( 'NONE', #4372, #2080 ) ;
#6057 = CIRCLE ( 'NONE', #10436, 0.2000000000002000178 ) ;
#6058 = EDGE_CURVE ( 'NONE', #685, #4141, #4677, .T. ) ;
#6059 = ORIENTED_EDGE ( 'NONE', *, *, #4465, .T. ) ;
#6060 = EDGE_CURVE ( 'NONE', #409, #1587, #1218, .T. ) ;
#6061 = CARTESIAN_POINT ( 'NONE',  ( 50.00000000000000000, -20.89642135619640584, 27.84142135618738934 ) ) ;
#6062 = EDGE_CURVE ( 'NONE', #2128, #6134, #3837, .T. ) ;
#6063 = DIRECTION ( 'NONE',  ( 1.000000000000000000, 0.000000000000000000, 0.000000000000000000 ) ) ;
#6064 = LINE ( 'NONE', #8745, #1960 ) ;
#6065 = AXIS2_PLACEMENT_3D ( 'NONE', #3616, #5311, #8648 ) ;
#6066 = LINE ( 'NONE', #165, #9981 ) ;
#6067 = ORIENTED_EDGE ( 'NONE', *, *, #5401, .T. ) ;
#6068 = ORIENTED_EDGE ( 'NONE', *, *, #10737, .F. ) ;
#6069 = DIRECTION ( 'NONE',  ( 0.000000000000000000, -1.000000000000000000, 0.000000000000000000 ) ) ;
#6070 = VECTOR ( 'NONE', #9950, 1000.000000000000000 ) ;
#6071 = CYLINDRICAL_SURFACE ( 'NONE', #6085, 0.2000000000000334843 ) ;
#6072 = ORIENTED_EDGE ( 'NONE', *, *, #6127, .F. ) ;
#6073 = VERTEX_POINT ( 'NONE', #2192 ) ;
#6074 = ORIENTED_EDGE ( 'NONE', *, *, #9613, .F. ) ;
#6075 = VECTOR ( 'NONE', #2846, 1000.000000000000000 ) ;
#6076 = EDGE_CURVE ( 'NONE', #4553, #4116, #7062, .T. ) ;
#6077 = VECTOR ( 'NONE', #8392, 1000.000000000000000 ) ;
#6078 = DIRECTION ( 'NONE',  ( 0.000000000000000000, 0.000000000000000000, -1.000000000000000000 ) ) ;
#6079 = VECTOR ( 'NONE', #5664, 1000.000000000000000 ) ;
#6080 = CARTESIAN_POINT ( 'NONE',  ( 50.00000000000000000, 1.835000000001363318, -33.00000000000580513 ) ) ;
#6081 = CARTESIAN_POINT ( 'NONE',  ( -50.00000000000000000, -11.70499999999646867, -37.50000000001251976 ) ) ;
#6082 = ORIENTED_EDGE ( 'NONE', *, *, #5854, .F. ) ;
#6083 = CARTESIAN_POINT ( 'NONE',  ( 50.00000000000000000, 13.79499999999655913, -37.50000000001130473 ) ) ;
#6084 = LINE ( 'NONE', #5928, #10624 ) ;
#6085 = AXIS2_PLACEMENT_3D ( 'NONE', #7557, #3558, #6840 ) ;
#6086 = VECTOR ( 'NONE', #7225, 1000.000000000000000 ) ;
#6087 = AXIS2_PLACEMENT_3D ( 'NONE', #4405, #9381, #1823 ) ;
#6088 = ORIENTED_EDGE ( 'NONE', *, *, #6939, .T. ) ;
#6089 = VECTOR ( 'NONE', #10496, 1000.000000000000000 ) ;
#6090 = DIRECTION ( 'NONE',  ( -0.000000000000000000, 0.000000000000000000, 1.000000000000000000 ) ) ;
#6091 = DIRECTION ( 'NONE',  ( 0.000000000000000000, 1.000000000000000000, 0.000000000000000000 ) ) ;
#6092 = CARTESIAN_POINT ( 'NONE',  ( 50.00000000000000000, 20.98642135625350491, -27.84142135626255055 ) ) ;
#6093 = DIRECTION ( 'NONE',  ( 0.000000000000000000, 0.000000000000000000, -1.000000000000000000 ) ) ;
#6094 = CARTESIAN_POINT ( 'NONE',  ( 50.00000000000000000, 11.29500000000349758, 37.49999999998743050 ) ) ;
#6095 = ORIENTED_EDGE ( 'NONE', *, *, #2392, .T. ) ;
#6096 = VECTOR ( 'NONE', #8880, 1000.000000000000000 ) ;
#6097 = DIRECTION ( 'NONE',  ( 0.000000000000000000, 0.000000000000000000, -1.000000000000000000 ) ) ;
#6098 = APPLICATION_PROTOCOL_DEFINITION ( 'draft international standard', 'automotive_design', 1998, #4233 ) ;
#6099 = ORIENTED_EDGE ( 'NONE', *, *, #5125, .T. ) ;
#6100 = AXIS2_PLACEMENT_3D ( 'NONE', #7531, #5171, #9289 ) ;
#6101 = CARTESIAN_POINT ( 'NONE',  ( 50.00000000000000000, 9.394999999996155537, -32.50000000001062972 ) ) ;
#6102 = EDGE_LOOP ( 'NONE', ( #3637, #8840, #7753, #1083 ) ) ;
#6103 = EDGE_CURVE ( 'NONE', #7158, #7210, #2219, .T. ) ;
#6104 = VERTEX_POINT ( 'NONE', #7772 ) ;
#6105 = AXIS2_PLACEMENT_3D ( 'NONE', #9344, #5951, #9294 ) ;
#6106 = CARTESIAN_POINT ( 'NONE',  ( 50.00000000000000000, 1.295000000003487806, 37.99999999998743050 ) ) ;
#6107 = CARTESIAN_POINT ( 'NONE',  ( 50.00000000000000000, -13.70499999999652552, -37.50000000001251976 ) ) ;
#6108 = CARTESIAN_POINT ( 'NONE',  ( 50.00000000000000000, -17.95499999999650242, 37.99999999998738076 ) ) ;
#6109 = CARTESIAN_POINT ( 'NONE',  ( 50.00000000000000000, 8.795000000003438956, 37.49999999998743050 ) ) ;
#6110 = VERTEX_POINT ( 'NONE', #278 ) ;
#6111 = VECTOR ( 'NONE', #7015, 1000.000000000000000 ) ;
#6112 = DIRECTION ( 'NONE',  ( 0.000000000000000000, -0.9659258262868436473, 0.2588190451108232093 ) ) ;
#6113 = VERTEX_POINT ( 'NONE', #4493 ) ;
#6114 = PLANE ( 'NONE',  #6891 ) ;
#6115 = LINE ( 'NONE', #1298, #10123 ) ;
#6116 = EDGE_CURVE ( 'NONE', #9928, #2756, #4551, .T. ) ;
#6117 = EDGE_CURVE ( 'NONE', #3427, #2093, #1271, .T. ) ;
#6118 = ORIENTED_EDGE ( 'NONE', *, *, #7993, .F. ) ;
#6119 = CARTESIAN_POINT ( 'NONE',  ( 50.00000000000000000, -16.48907417369404982, 32.74118095488665148 ) ) ;
#6120 = LINE ( 'NONE', #6012, #6262 ) ;
#6121 = CARTESIAN_POINT ( 'NONE',  ( 50.00000000000000000, -1.704999999996625881, 35.79999999998739924 ) ) ;
#6122 = DIRECTION ( 'NONE',  ( 1.000000000000000000, 0.000000000000000000, 0.000000000000000000 ) ) ;
#6123 = ORIENTED_EDGE ( 'NONE', *, *, #6062, .T. ) ;
#6124 = ORIENTED_EDGE ( 'NONE', *, *, #7343, .T. ) ;
#6125 = EDGE_CURVE ( 'NONE', #3538, #7767, #3283, .T. ) ;
#6126 = DIRECTION ( 'NONE',  ( 0.000000000000000000, -0.000000000000000000, 1.000000000000000000 ) ) ;
#6127 = EDGE_CURVE ( 'NONE', #1555, #9189, #4054, .T. ) ;
#6128 = LINE ( 'NONE', #2680, #3642 ) ;
#6129 = VECTOR ( 'NONE', #4980, 1000.000000000000000 ) ;
#6130 = ADVANCED_FACE ( 'NONE', ( #9094 ), #4762, .T. ) ;
#6131 = VERTEX_POINT ( 'NONE', #1535 ) ;
#6132 = ORIENTED_EDGE ( 'NONE', *, *, #9269, .F. ) ;
#6133 = ADVANCED_FACE ( 'NONE', ( #8974 ), #8150, .F. ) ;
#6134 = VERTEX_POINT ( 'NONE', #5634 ) ;
#6135 = DIRECTION ( 'NONE',  ( 0.000000000000000000, 0.000000000000000000, 1.000000000000000000 ) ) ;
#6136 = CIRCLE ( 'NONE', #1417, 0.5000000000000004441 ) ;
#6137 = CARTESIAN_POINT ( 'NONE',  ( -50.00000000000000000, 17.60712446303502787, -31.30000000001242810 ) ) ;
#6138 = DIRECTION ( 'NONE',  ( 0.000000000000000000, 0.000000000000000000, -1.000000000000000000 ) ) ;
#6139 = VERTEX_POINT ( 'NONE', #10619 ) ;
#6140 = DIRECTION ( 'NONE',  ( 0.000000000000000000, 0.2588190451078820065, -0.9659258262876317946 ) ) ;
#6141 = EDGE_CURVE ( 'NONE', #4813, #5793, #5548, .T. ) ;
#6142 = ADVANCED_FACE ( 'NONE', ( #7278 ), #7337, .F. ) ;
#6143 = ORIENTED_EDGE ( 'NONE', *, *, #5775, .F. ) ;
#6144 = VECTOR ( 'NONE', #8161, 1000.000000000000000 ) ;
#6145 = VERTEX_POINT ( 'NONE', #8263 ) ;
#6146 = DIRECTION ( 'NONE',  ( 0.000000000000000000, -0.000000000000000000, -1.000000000000000000 ) ) ;
#6147 = FACE_OUTER_BOUND ( 'NONE', #10042, .T. ) ;
#6148 = CARTESIAN_POINT ( 'NONE',  ( 50.00000000000000000, -14.20499999999658058, -37.50000000001251976 ) ) ;
#6149 = DIRECTION ( 'NONE',  ( 0.000000000000000000, -1.000000000000000000, 0.000000000000000000 ) ) ;
#6150 = DIRECTION ( 'NONE',  ( -0.000000000000000000, -0.000000000000000000, 1.000000000000000000 ) ) ;
#6151 = AXIS2_PLACEMENT_3D ( 'NONE', #1640, #2469, #6728 ) ;
#6152 = ORIENTED_EDGE ( 'NONE', *, *, #570, .F. ) ;
#6153 = DIRECTION ( 'NONE',  ( 0.000000000000000000, 1.000000000000000000, 0.000000000000000000 ) ) ;
#6154 =( LENGTH_UNIT ( ) NAMED_UNIT ( * ) SI_UNIT ( .MILLI., .METRE. ) );
#6155 = ORIENTED_EDGE ( 'NONE', *, *, #5994, .F. ) ;
#6156 = DIRECTION ( 'NONE',  ( -1.000000000000000000, -0.000000000000000000, -0.000000000000000000 ) ) ;
#6157 = ORIENTED_EDGE ( 'NONE', *, *, #5185, .F. ) ;
#6158 = AXIS2_PLACEMENT_3D ( 'NONE', #4189, #9788, #3050 ) ;
#6159 = EDGE_LOOP ( 'NONE', ( #7296, #3156, #1362, #7547 ) ) ;
#6160 = LINE ( 'NONE', #10487, #9402 ) ;
#6161 = DIRECTION ( 'NONE',  ( -1.000000000000000000, -0.000000000000000000, -0.000000000000000000 ) ) ;
#6162 = FACE_OUTER_BOUND ( 'NONE', #6242, .T. ) ;
#6163 = DIRECTION ( 'NONE',  ( 0.000000000000000000, 0.000000000000000000, -1.000000000000000000 ) ) ;
#6164 = ORIENTED_EDGE ( 'NONE', *, *, #10283, .T. ) ;
#6165 = LINE ( 'NONE', #9453, #9003 ) ;
#6166 = EDGE_LOOP ( 'NONE', ( #2333, #7558, #10397, #10469 ) ) ;
#6167 = CARTESIAN_POINT ( 'NONE',  ( 50.00000000000000000, 11.89499999999632607, -34.00000000001046629 ) ) ;
#6168 = DIRECTION ( 'NONE',  ( -1.000000000000000000, -0.000000000000000000, -0.000000000000000000 ) ) ;
#6169 = ORIENTED_EDGE ( 'NONE', *, *, #8800, .F. ) ;
#6170 = DIRECTION ( 'NONE',  ( 0.000000000000000000, -0.2588190451711366857, 0.9659258262706826859 ) ) ;
#6171 = VECTOR ( 'NONE', #4604, 1000.000000000000000 ) ;
#6172 = CARTESIAN_POINT ( 'NONE',  ( -50.00000000000000000, 3.795000000003490026, 32.69999999998740492 ) ) ;
#6173 = DIRECTION ( 'NONE',  ( 0.000000000000000000, -1.000000000000000000, 0.000000000000000000 ) ) ;
#6174 = CARTESIAN_POINT ( 'NONE',  ( -50.00000000000000000, -11.70499999999652374, 35.79999999998739924 ) ) ;
#6175 = EDGE_LOOP ( 'NONE', ( #7873, #3280, #5027, #6821 ) ) ;
#6176 = EDGE_LOOP ( 'NONE', ( #3169, #2793, #3346, #10815 ) ) ;
#6177 = EDGE_CURVE ( 'NONE', #5900, #132, #2244, .T. ) ;
#6178 = DIRECTION ( 'NONE',  ( 0.000000000000000000, 0.000000000000000000, -1.000000000000000000 ) ) ;
#6179 = CARTESIAN_POINT ( 'NONE',  ( -50.00000000000000000, -1.944999999996643858, 33.19999999998746176 ) ) ;
#6180 = ORIENTED_EDGE ( 'NONE', *, *, #9127, .T. ) ;
#6181 = VECTOR ( 'NONE', #9098, 1000.000000000000000 ) ;
#6182 = ORIENTED_EDGE ( 'NONE', *, *, #8869, .T. ) ;
#6183 = ORIENTED_EDGE ( 'NONE', *, *, #3580, .F. ) ;
#6184 = EDGE_CURVE ( 'NONE', #4249, #5900, #3629, .T. ) ;
#6185 = VECTOR ( 'NONE', #1470, 1000.000000000000000 ) ;
#6186 = LINE ( 'NONE', #3676, #916 ) ;
#6187 = EDGE_CURVE ( 'NONE', #7282, #9958, #6513, .T. ) ;
#6188 = FACE_OUTER_BOUND ( 'NONE', #1235, .T. ) ;
#6189 = FACE_OUTER_BOUND ( 'NONE', #1892, .T. ) ;
#6190 = ORIENTED_EDGE ( 'NONE', *, *, #10829, .T. ) ;
#6191 = EDGE_CURVE ( 'NONE', #2256, #9965, #662, .T. ) ;
#6192 = DIRECTION ( 'NONE',  ( -1.000000000000000000, -0.000000000000000000, -0.000000000000000000 ) ) ;
#6193 = CARTESIAN_POINT ( 'NONE',  ( 50.00000000000000000, 18.04500000001618787, -37.99999999999981526 ) ) ;
#6194 = ORIENTED_EDGE ( 'NONE', *, *, #2124, .T. ) ;
#6195 = ORIENTED_EDGE ( 'NONE', *, *, #10786, .F. ) ;
#6196 = VECTOR ( 'NONE', #1174, 1000.000000000000000 ) ;
#6197 = VECTOR ( 'NONE', #7095, 1000.000000000000000 ) ;
#6198 = EDGE_CURVE ( 'NONE', #4553, #10677, #1594, .T. ) ;
#6199 = ADVANCED_FACE ( 'NONE', ( #9748 ), #8213, .F. ) ;
#6200 = DIRECTION ( 'NONE',  ( 0.000000000000000000, 1.000000000000000000, 0.000000000000000000 ) ) ;
#6201 = EDGE_CURVE ( 'NONE', #10433, #4903, #4164, .T. ) ;
#6202 = LINE ( 'NONE', #1168, #3275 ) ;
#6203 = CARTESIAN_POINT ( 'NONE',  ( 50.00000000000000000, 0.03500000000350445006, 32.69999999998740492 ) ) ;
#6204 = DIRECTION ( 'NONE',  ( -1.000000000000000000, -0.000000000000000000, -0.000000000000000000 ) ) ;
#6205 = ORIENTED_EDGE ( 'NONE', *, *, #6903, .F. ) ;
#6206 = DIRECTION ( 'NONE',  ( -0.000000000000000000, -1.000000000000000000, -0.000000000000000000 ) ) ;
#6207 = ORIENTED_EDGE ( 'NONE', *, *, #4657, .T. ) ;
#6208 = VECTOR ( 'NONE', #7858, 1000.000000000000000 ) ;
#6209 = LINE ( 'NONE', #8725, #3135 ) ;
#6210 = VERTEX_POINT ( 'NONE', #4004 ) ;
#6211 = ORIENTED_EDGE ( 'NONE', *, *, #6391, .F. ) ;
#6212 = EDGE_CURVE ( 'NONE', #559, #10750, #3229, .T. ) ;
#6213 = DIRECTION ( 'NONE',  ( 1.000000000000000000, 0.000000000000000000, 0.000000000000000000 ) ) ;
#6214 = AXIS2_PLACEMENT_3D ( 'NONE', #5886, #9227, #2548 ) ;
#6215 = DIRECTION ( 'NONE',  ( -1.000000000000000000, -0.000000000000000000, -0.000000000000000000 ) ) ;
#6216 = CARTESIAN_POINT ( 'NONE',  ( 50.00000000000000000, -0.1649999999968621012, 31.89999999998760671 ) ) ;
#6217 = PLANE ( 'NONE',  #3467 ) ;
#6218 = VERTEX_POINT ( 'NONE', #5692 ) ;
#6219 = CARTESIAN_POINT ( 'NONE',  ( 50.00000000000000000, 18.04500000001618787, -37.99999999999981526 ) ) ;
#6220 = ORIENTED_EDGE ( 'NONE', *, *, #876, .F. ) ;
#6221 = DIRECTION ( 'NONE',  ( -0.000000000000000000, -0.000000000000000000, 1.000000000000000000 ) ) ;
#6222 = DIRECTION ( 'NONE',  ( -1.000000000000000000, 0.000000000000000000, -0.000000000000000000 ) ) ;
#6223 = ORIENTED_EDGE ( 'NONE', *, *, #7449, .T. ) ;
#6224 = CARTESIAN_POINT ( 'NONE',  ( -50.00000000000000000, -10.00499999999643386, 32.69999999998740492 ) ) ;
#6225 = DIRECTION ( 'NONE',  ( -1.000000000000000000, -0.000000000000000000, -0.000000000000000000 ) ) ;
#6226 = DIRECTION ( 'NONE',  ( -0.000000000000000000, 1.000000000000000000, 0.000000000000000000 ) ) ;
#6227 = DIRECTION ( 'NONE',  ( -0.000000000000000000, -0.000000000000000000, 1.000000000000000000 ) ) ;
#6228 = PLANE ( 'NONE',  #2110 ) ;
#6229 = ORIENTED_EDGE ( 'NONE', *, *, #3604, .T. ) ;
#6230 = ORIENTED_EDGE ( 'NONE', *, *, #5799, .F. ) ;
#6231 = DIRECTION ( 'NONE',  ( -0.000000000000000000, 1.000000000000000000, 0.000000000000000000 ) ) ;
#6232 = AXIS2_PLACEMENT_3D ( 'NONE', #6216, #4522, #9554 ) ;
#6233 = CARTESIAN_POINT ( 'NONE',  ( 50.00000000000000000, -4.604999999996528537, 33.99999999998737366 ) ) ;
#6234 = VERTEX_POINT ( 'NONE', #5583 ) ;
#6235 = VERTEX_POINT ( 'NONE', #7388 ) ;
#6236 = ORIENTED_EDGE ( 'NONE', *, *, #9401, .T. ) ;
#6237 = EDGE_CURVE ( 'NONE', #8061, #4096, #3945, .T. ) ;
#6238 = AXIS2_PLACEMENT_3D ( 'NONE', #7075, #8767, #7838 ) ;
#6239 = CARTESIAN_POINT ( 'NONE',  ( 50.00000000000000000, 15.79500000001610260, -35.80000000001126637 ) ) ;
#6240 = DIRECTION ( 'NONE',  ( 0.000000000000000000, 0.000000000000000000, 1.000000000000000000 ) ) ;
#6241 = FACE_OUTER_BOUND ( 'NONE', #5172, .T. ) ;
#6242 = EDGE_LOOP ( 'NONE', ( #10723, #7930, #5674, #3267 ) ) ;
#6243 = AXIS2_PLACEMENT_3D ( 'NONE', #8246, #4855, #10712 ) ;
#6244 = DIRECTION ( 'NONE',  ( 1.000000000000000000, 0.000000000000000000, 0.000000000000000000 ) ) ;
#6245 = CARTESIAN_POINT ( 'NONE',  ( -50.00000000000000000, -1.904999999998824300, -32.20000000000566587 ) ) ;
#6246 = VECTOR ( 'NONE', #1157, 1000.000000000000000 ) ;
#6247 = VERTEX_POINT ( 'NONE', #8918 ) ;
#6248 = EDGE_LOOP ( 'NONE', ( #10557, #6836, #10146, #5473 ) ) ;
#6249 = EDGE_CURVE ( 'NONE', #3845, #5781, #1424, .T. ) ;
#6250 = AXIS2_PLACEMENT_3D ( 'NONE', #1237, #575, #5392 ) ;
#6251 = EDGE_CURVE ( 'NONE', #9720, #2129, #4691, .T. ) ;
#6252 = VECTOR ( 'NONE', #6479, 1000.000000000000000 ) ;
#6253 = CARTESIAN_POINT ( 'NONE',  ( -50.00000000000000000, -13.20499999999647045, -37.50000000001251976 ) ) ;
#6254 = DIRECTION ( 'NONE',  ( 1.000000000000000000, 0.000000000000000000, 0.000000000000000000 ) ) ;
#6255 = AXIS2_PLACEMENT_3D ( 'NONE', #1529, #1747, #4103 ) ;
#6256 = CARTESIAN_POINT ( 'NONE',  ( -50.00000000000000000, 16.57907417371439607, 32.74118095488487512 ) ) ;
#6257 = CARTESIAN_POINT ( 'NONE',  ( -50.00000000000000000, -6.704999999996519300, 35.79999999998739924 ) ) ;
#6258 = VERTEX_POINT ( 'NONE', #1027 ) ;
#6259 = DIRECTION ( 'NONE',  ( 0.000000000000000000, 0.000000000000000000, -1.000000000000000000 ) ) ;
#6260 = ORIENTED_EDGE ( 'NONE', *, *, #57, .F. ) ;
#6261 = ADVANCED_FACE ( 'NONE', ( #9146 ), #9394, .T. ) ;
#6262 = VECTOR ( 'NONE', #3712, 1000.000000000000000 ) ;
#6263 = CIRCLE ( 'NONE', #8532, 0.1999999999999779732 ) ;
#6264 = EDGE_CURVE ( 'NONE', #5656, #10433, #7, .T. ) ;
#6265 = DIRECTION ( 'NONE',  ( 0.000000000000000000, 0.000000000000000000, 1.000000000000000000 ) ) ;
#6266 = ORIENTED_EDGE ( 'NONE', *, *, #3510, .T. ) ;
#6267 = ADVANCED_FACE ( 'NONE', ( #1839 ), #7799, .F. ) ;
#6268 = AXIS2_PLACEMENT_3D ( 'NONE', #330, #1264, #3885 ) ;
#6269 = ORIENTED_EDGE ( 'NONE', *, *, #7852, .T. ) ;
#6270 = EDGE_CURVE ( 'NONE', #685, #9572, #4471, .T. ) ;
#6271 = DIRECTION ( 'NONE',  ( 0.000000000000000000, 0.000000000000000000, 1.000000000000000000 ) ) ;
#6272 = VECTOR ( 'NONE', #3049, 1000.000000000000000 ) ;
#6273 = CYLINDRICAL_SURFACE ( 'NONE', #875, 0.5000000000000350830 ) ;
#6274 = VECTOR ( 'NONE', #4561, 1000.000000000000000 ) ;
#6275 = DIRECTION ( 'NONE',  ( 0.000000000000000000, 0.000000000000000000, -1.000000000000000000 ) ) ;
#6276 = LINE ( 'NONE', #7304, #3110 ) ;
#6277 = VERTEX_POINT ( 'NONE', #1891 ) ;
#6278 = AXIS2_PLACEMENT_3D ( 'NONE', #587, #7255, #4849 ) ;
#6279 = CARTESIAN_POINT ( 'NONE',  ( -50.00000000000000000, 17.28618095490330830, 32.03407417368742216 ) ) ;
#6280 = ORIENTED_EDGE ( 'NONE', *, *, #7584, .F. ) ;
#6281 = ADVANCED_BREP_SHAPE_REPRESENTATION ( 'SC-FT76x42 -K471', ( #7944, #4462, #443 ), #10409 ) ;
#6282 = DIRECTION ( 'NONE',  ( 0.000000000000000000, 0.000000000000000000, -1.000000000000000000 ) ) ;
#6283 = EDGE_CURVE ( 'NONE', #4111, #7166, #7750, .T. ) ;
#6284 = CARTESIAN_POINT ( 'NONE',  ( -50.00000000000000000, 9.395000000003484786, 32.49999999998743050 ) ) ;
#6285 = VECTOR ( 'NONE', #1836, 1000.000000000000000 ) ;
#6286 = VERTEX_POINT ( 'NONE', #5236 ) ;
#6287 = ORIENTED_EDGE ( 'NONE', *, *, #3651, .F. ) ;
#6288 = CIRCLE ( 'NONE', #7845, 0.5000000000000004441 ) ;
#6289 = LINE ( 'NONE', #2068, #10790 ) ;
#6290 = DIRECTION ( 'NONE',  ( -1.000000000000000000, -0.000000000000000000, -0.000000000000000000 ) ) ;
#6291 = LINE ( 'NONE', #7917, #157 ) ;
#6292 = CIRCLE ( 'NONE', #1571, 0.5000000000000004441 ) ;
#6293 = CARTESIAN_POINT ( 'NONE',  ( -50.00000000000000000, -9.204999999996577031, 35.79999999998739924 ) ) ;
#6294 = DIRECTION ( 'NONE',  ( 0.000000000000000000, 1.000000000000000000, 0.000000000000000000 ) ) ;
#6295 = DIRECTION ( 'NONE',  ( 0.000000000000000000, -1.000000000000000000, 0.000000000000000000 ) ) ;
#6296 = ORIENTED_EDGE ( 'NONE', *, *, #9524, .T. ) ;
#6297 = LINE ( 'NONE', #9633, #2517 ) ;
#6298 = CARTESIAN_POINT ( 'NONE',  ( 50.00000000000000000, 21.04500000001618787, -34.99999999999980815 ) ) ;
#6299 = VERTEX_POINT ( 'NONE', #8316 ) ;
#6300 = ORIENTED_EDGE ( 'NONE', *, *, #6522, .F. ) ;
#6301 = VERTEX_POINT ( 'NONE', #7035 ) ;
#6302 = CARTESIAN_POINT ( 'NONE',  ( 50.00000000000000000, 21.04500000000353310, 34.99999999998737366 ) ) ;
#6303 = DIRECTION ( 'NONE',  ( 0.000000000000000000, -0.000000000000000000, 1.000000000000000000 ) ) ;
#6304 = PLANE ( 'NONE',  #2504 ) ;
#6305 = EDGE_LOOP ( 'NONE', ( #2902, #1130, #7501, #258 ) ) ;
#6306 = CIRCLE ( 'NONE', #2282, 0.5000000000000004441 ) ;
#6307 = LINE ( 'NONE', #1326, #4094 ) ;
#6308 = LINE ( 'NONE', #1328, #10484 ) ;
#6309 = ORIENTED_EDGE ( 'NONE', *, *, #10786, .T. ) ;
#6310 = ORIENTED_EDGE ( 'NONE', *, *, #4380, .F. ) ;
#6311 = AXIS2_PLACEMENT_3D ( 'NONE', #10753, #3255, #9934 ) ;
#6312 = PLANE ( 'NONE',  #4745 ) ;
#6313 = LINE ( 'NONE', #5485, #9383 ) ;
#6314 = DIRECTION ( 'NONE',  ( 0.000000000000000000, 0.000000000000000000, 1.000000000000000000 ) ) ;
#6315 = DIRECTION ( 'NONE',  ( -1.000000000000000000, -0.000000000000000000, -0.000000000000000000 ) ) ;
#6316 = DIRECTION ( 'NONE',  ( -1.000000000000000000, -0.000000000000000000, -0.000000000000000000 ) ) ;
#6317 = EDGE_LOOP ( 'NONE', ( #7821, #3761, #4743, #912 ) ) ;
#6318 = VECTOR ( 'NONE', #2580, 1000.000000000000000 ) ;
#6319 = EDGE_CURVE ( 'NONE', #5710, #110, #8570, .T. ) ;
#6320 = EDGE_CURVE ( 'NONE', #2927, #6277, #6050, .T. ) ;
#6321 = EDGE_LOOP ( 'NONE', ( #9266, #8319, #4047, #6042 ) ) ;
#6322 = ORIENTED_EDGE ( 'NONE', *, *, #458, .F. ) ;
#6323 = DIRECTION ( 'NONE',  ( -1.000000000000000000, -0.000000000000000000, -0.000000000000000000 ) ) ;
#6324 = CARTESIAN_POINT ( 'NONE',  ( -50.00000000000000000, 4.194999999996396056, -32.20000000001077467 ) ) ;
#6325 = FACE_OUTER_BOUND ( 'NONE', #3986, .T. ) ;
#6326 = EDGE_CURVE ( 'NONE', #1552, #10080, #7306, .T. ) ;
#6327 = FACE_OUTER_BOUND ( 'NONE', #1603, .T. ) ;
#6328 = ORIENTED_EDGE ( 'NONE', *, *, #7993, .T. ) ;
#6329 = EDGE_CURVE ( 'NONE', #7926, #6139, #8677, .T. ) ;
#6330 = CARTESIAN_POINT ( 'NONE',  ( 50.00000000000000000, -14.20499999999658058, -35.80000000001248850 ) ) ;
#6331 = EDGE_LOOP ( 'NONE', ( #8997, #1496, #6437, #6006 ) ) ;
#6332 = EDGE_CURVE ( 'NONE', #887, #9636, #2423, .T. ) ;
#6333 = PLANE ( 'NONE',  #435 ) ;
#6334 = DIRECTION ( 'NONE',  ( 0.000000000000000000, 0.000000000000000000, -1.000000000000000000 ) ) ;
#6335 = AXIS2_PLACEMENT_3D ( 'NONE', #5087, #1691, #10023 ) ;
#6336 = ORIENTED_EDGE ( 'NONE', *, *, #4513, .F. ) ;
#6337 = ORIENTED_EDGE ( 'NONE', *, *, #2587, .T. ) ;
#6338 = DIRECTION ( 'NONE',  ( 0.000000000000000000, 0.000000000000000000, 1.000000000000000000 ) ) ;
#6339 = PLANE ( 'NONE',  #7325 ) ;
#6340 = CARTESIAN_POINT ( 'NONE',  ( -50.00000000000000000, -1.744999999996554862, 32.99999999998737366 ) ) ;
#6341 = ADVANCED_FACE ( 'NONE', ( #8624 ), #1136, .F. ) ;
#6342 = DIRECTION ( 'NONE',  ( -1.000000000000000000, -0.000000000000000000, -0.000000000000000000 ) ) ;
#6343 = VECTOR ( 'NONE', #7047, 1000.000000000000000 ) ;
#6344 = EDGE_CURVE ( 'NONE', #9417, #7243, #7499, .T. ) ;
#6345 = DIRECTION ( 'NONE',  ( 0.000000000000000000, -1.000000000000000000, 0.000000000000000000 ) ) ;
#6346 = PLANE ( 'NONE',  #2052 ) ;
#6347 = ORIENTED_EDGE ( 'NONE', *, *, #7377, .F. ) ;
#6348 = PLANE ( 'NONE',  #2168 ) ;
#6349 = LINE ( 'NONE', #7168, #2071 ) ;
#6350 = ORIENTED_EDGE ( 'NONE', *, *, #302, .T. ) ;
#6351 = VECTOR ( 'NONE', #336, 1000.000000000000000 ) ;
#6352 = ORIENTED_EDGE ( 'NONE', *, *, #3456, .T. ) ;
#6353 = ORIENTED_EDGE ( 'NONE', *, *, #3297, .T. ) ;
#6354 = CARTESIAN_POINT ( 'NONE',  ( -50.00000000000000000, 1.835000000001363318, -33.00000000000580513 ) ) ;
#6355 = EDGE_CURVE ( 'NONE', #6870, #1645, #3591, .T. ) ;
#6356 = LINE ( 'NONE', #5751, #9827 ) ;
#6357 = CARTESIAN_POINT ( 'NONE',  ( -50.00000000000000000, 5.795000000003436291, 35.79999999998739924 ) ) ;
#6358 = CARTESIAN_POINT ( 'NONE',  ( 50.00000000000000000, -14.25499999999835232, -34.00000000000547118 ) ) ;
#6359 = ORIENTED_EDGE ( 'NONE', *, *, #9549, .T. ) ;
#6360 = DIRECTION ( 'NONE',  ( 0.000000000000000000, -0.000000000000000000, 1.000000000000000000 ) ) ;
#6361 = DIRECTION ( 'NONE',  ( 0.000000000000000000, 0.000000000000000000, -1.000000000000000000 ) ) ;
#6362 = CARTESIAN_POINT ( 'NONE',  ( -50.00000000000000000, 7.395000000003482121, 33.99999999998737366 ) ) ;
#6363 = EDGE_LOOP ( 'NONE', ( #7331, #5546, #7972, #1444 ) ) ;
#6364 = ORIENTED_EDGE ( 'NONE', *, *, #10085, .T. ) ;
#6365 = CIRCLE ( 'NONE', #1648, 0.2000000000000334843 ) ;
#6366 = CARTESIAN_POINT ( 'NONE',  ( -50.00000000000000000, 13.29499999999650406, -35.80000000001126637 ) ) ;
#6367 = DIRECTION ( 'NONE',  ( -0.000000000000000000, 1.000000000000000000, -0.000000000000000000 ) ) ;
#6368 = FACE_OUTER_BOUND ( 'NONE', #7506, .T. ) ;
#6369 = CARTESIAN_POINT ( 'NONE',  ( -50.00000000000000000, -0.1649999999968621012, 35.79999999998750582 ) ) ;
#6370 = DIRECTION ( 'NONE',  ( -1.000000000000000000, -0.000000000000000000, -0.000000000000000000 ) ) ;
#6371 = VERTEX_POINT ( 'NONE', #10270 ) ;
#6372 = CIRCLE ( 'NONE', #10568, 0.2000000000002000178 ) ;
#6373 = ORIENTED_EDGE ( 'NONE', *, *, #913, .T. ) ;
#6374 = ORIENTED_EDGE ( 'NONE', *, *, #4267, .T. ) ;
#6375 = ORIENTED_EDGE ( 'NONE', *, *, #7801, .T. ) ;
#6376 = LINE ( 'NONE', #2208, #8700 ) ;
#6377 = LINE ( 'NONE', #8778, #196 ) ;
#6378 = EDGE_CURVE ( 'NONE', #2081, #4234, #2590, .T. ) ;
#6379 = DIRECTION ( 'NONE',  ( -1.000000000000000000, -0.000000000000000000, -0.000000000000000000 ) ) ;
#6380 = DIRECTION ( 'NONE',  ( 0.000000000000000000, 0.000000000000000000, -1.000000000000000000 ) ) ;
#6381 = ORIENTED_EDGE ( 'NONE', *, *, #1978, .F. ) ;
#6382 = CARTESIAN_POINT ( 'NONE',  ( 50.00000000000000000, 0.2549999999964525088, -34.60000000001095799 ) ) ;
#6383 = VERTEX_POINT ( 'NONE', #823 ) ;
#6384 = CARTESIAN_POINT ( 'NONE',  ( 50.00000000000000000, -3.704999999996516635, -37.50000000001251976 ) ) ;
#6385 = CYLINDRICAL_SURFACE ( 'NONE', #9425, 1.000000000007446266 ) ;
#6386 = ORIENTED_EDGE ( 'NONE', *, *, #9288, .T. ) ;
#6387 = ORIENTED_EDGE ( 'NONE', *, *, #8943, .F. ) ;
#6388 = EDGE_CURVE ( 'NONE', #1077, #2093, #9061, .T. ) ;
#6389 = CARTESIAN_POINT ( 'NONE',  ( 50.00000000000000000, 3.795000000003434515, 33.99999999998737366 ) ) ;
#6390 = CARTESIAN_POINT ( 'NONE',  ( 50.00000000000000000, -16.48907417370926254, -32.74118095490297264 ) ) ;
#6391 = EDGE_CURVE ( 'NONE', #2533, #900, #9503, .T. ) ;
#6392 = CARTESIAN_POINT ( 'NONE',  ( -50.00000000000000000, 7.394999999996265672, -32.70000000001061125 ) ) ;
#6393 = DIRECTION ( 'NONE',  ( -1.000000000000000000, -0.000000000000000000, -0.000000000000000000 ) ) ;
#6394 = DIRECTION ( 'NONE',  ( 0.000000000000000000, 0.000000000000000000, -1.000000000000000000 ) ) ;
#6395 = ORIENTED_EDGE ( 'NONE', *, *, #7929, .F. ) ;
#6396 = FACE_OUTER_BOUND ( 'NONE', #5382, .T. ) ;
#6397 = ADVANCED_FACE ( 'NONE', ( #1189 ), #4524, .T. ) ;
#6398 = DIRECTION ( 'NONE',  ( -1.000000000000000000, -0.000000000000000000, -0.000000000000000000 ) ) ;
#6399 = VERTEX_POINT ( 'NONE', #7957 ) ;
#6400 = EDGE_CURVE ( 'NONE', #393, #4683, #7091, .T. ) ;
#6401 = ORIENTED_EDGE ( 'NONE', *, *, #7987, .T. ) ;
#6402 = VERTEX_POINT ( 'NONE', #3033 ) ;
#6403 = ADVANCED_FACE ( 'NONE', ( #6327 ), #3754, .T. ) ;
#6404 = DIRECTION ( 'NONE',  ( -1.000000000000000000, -0.000000000000000000, -0.000000000000000000 ) ) ;
#6405 = CARTESIAN_POINT ( 'NONE',  ( 50.00000000000000000, 1.295000000003487806, 37.49999999998743050 ) ) ;
#6406 = DIRECTION ( 'NONE',  ( 1.000000000000000000, 0.000000000000000000, 0.000000000000000000 ) ) ;
#6407 = PLANE ( 'NONE',  #2804 ) ;
#6408 = VERTEX_POINT ( 'NONE', #9719 ) ;
#6409 = LINE ( 'NONE', #5314, #8980 ) ;
#6410 = CARTESIAN_POINT ( 'NONE',  ( 50.00000000000000000, -3.904999999998937099, -32.50000000000563460 ) ) ;
#6411 = VERTEX_POINT ( 'NONE', #8781 ) ;
#6412 = EDGE_CURVE ( 'NONE', #9536, #559, #3806, .T. ) ;
#6413 = ORIENTED_EDGE ( 'NONE', *, *, #10813, .T. ) ;
#6414 = AXIS2_PLACEMENT_3D ( 'NONE', #3205, #2542, #8119 ) ;
#6415 = DIRECTION ( 'NONE',  ( -1.000000000000000000, -0.000000000000000000, -0.000000000000000000 ) ) ;
#6416 = DIRECTION ( 'NONE',  ( -0.000000000000000000, -0.000000000000000000, 1.000000000000000000 ) ) ;
#6417 = DIRECTION ( 'NONE',  ( 0.000000000000000000, 0.000000000000000000, -1.000000000000000000 ) ) ;
#6418 = FACE_OUTER_BOUND ( 'NONE', #2458, .T. ) ;
#6419 = VECTOR ( 'NONE', #1655, 1000.000000000000000 ) ;
#6420 = LINE ( 'NONE', #2914, #2179 ) ;
#6421 = VECTOR ( 'NONE', #5719, 1000.000000000000000 ) ;
#6422 = EDGE_LOOP ( 'NONE', ( #7768, #6023, #5011, #5810 ) ) ;
#6423 = ORIENTED_EDGE ( 'NONE', *, *, #3379, .T. ) ;
#6424 = VECTOR ( 'NONE', #2535, 1000.000000000000000 ) ;
#6425 = ORIENTED_EDGE ( 'NONE', *, *, #8744, .F. ) ;
#6426 = DIRECTION ( 'NONE',  ( 0.000000000000000000, 0.000000000000000000, -1.000000000000000000 ) ) ;
#6427 = CARTESIAN_POINT ( 'NONE',  ( 50.00000000000000000, 8.294999999996555573, -37.50000000001130473 ) ) ;
#6428 = DIRECTION ( 'NONE',  ( 1.000000000000000000, 0.000000000000000000, 0.000000000000000000 ) ) ;
#6429 = FACE_OUTER_BOUND ( 'NONE', #6843, .T. ) ;
#6430 = ORIENTED_EDGE ( 'NONE', *, *, #7217, .T. ) ;
#6431 = VECTOR ( 'NONE', #4929, 1000.000000000000000 ) ;
#6432 = LINE ( 'NONE', #6490, #3762 ) ;
#6433 = ORIENTED_EDGE ( 'NONE', *, *, #1509, .T. ) ;
#6434 = DIRECTION ( 'NONE',  ( 0.000000000000000000, 0.000000000000000000, 1.000000000000000000 ) ) ;
#6435 = CIRCLE ( 'NONE', #849, 0.2000000000000334843 ) ;
#6436 = DIRECTION ( 'NONE',  ( 1.000000000000000000, 0.000000000000000000, 0.000000000000000000 ) ) ;
#6437 = ORIENTED_EDGE ( 'NONE', *, *, #10479, .F. ) ;
#6438 = CIRCLE ( 'NONE', #3645, 0.4999999999999449329 ) ;
#6439 = AXIS2_PLACEMENT_3D ( 'NONE', #2202, #7133, #5434 ) ;
#6440 = ORIENTED_EDGE ( 'NONE', *, *, #10297, .F. ) ;
#6441 = DIRECTION ( 'NONE',  ( 0.000000000000000000, 0.000000000000000000, -1.000000000000000000 ) ) ;
#6442 = DIRECTION ( 'NONE',  ( -1.000000000000000000, -0.000000000000000000, -0.000000000000000000 ) ) ;
#6443 = FACE_OUTER_BOUND ( 'NONE', #8619, .T. ) ;
#6444 = AXIS2_PLACEMENT_3D ( 'NONE', #4580, #420, #3759 ) ;
#6445 = DIRECTION ( 'NONE',  ( 0.000000000000000000, 0.000000000000000000, 1.000000000000000000 ) ) ;
#6446 = FACE_OUTER_BOUND ( 'NONE', #7135, .T. ) ;
#6447 = VERTEX_POINT ( 'NONE', #8948 ) ;
#6448 = ADVANCED_FACE ( 'NONE', ( #2109 ), #4575, .T. ) ;
#6449 = LINE ( 'NONE', #10664, #10040 ) ;
#6450 = CARTESIAN_POINT ( 'NONE',  ( 50.00000000000000000, 4.695000000003557439, 33.99999999998737366 ) ) ;
#6451 = ADVANCED_FACE ( 'NONE', ( #5398 ), #7905, .T. ) ;
#6452 = ORIENTED_EDGE ( 'NONE', *, *, #3993, .T. ) ;
#6453 = AXIS2_PLACEMENT_3D ( 'NONE', #3640, #3746, #1286 ) ;
#6454 = ORIENTED_EDGE ( 'NONE', *, *, #3384, .F. ) ;
#6455 = ORIENTED_EDGE ( 'NONE', *, *, #3707, .T. ) ;
#6456 = VECTOR ( 'NONE', #10600, 1000.000000000000000 ) ;
#6457 = DIRECTION ( 'NONE',  ( 0.000000000000000000, 0.000000000000000000, 1.000000000000000000 ) ) ;
#6458 = EDGE_CURVE ( 'NONE', #5849, #207, #2273, .T. ) ;
#6459 = LINE ( 'NONE', #9798, #3000 ) ;
#6460 = CARTESIAN_POINT ( 'NONE',  ( -50.00000000000000000, 7.194999999996287698, -32.70000000001061125 ) ) ;
#6461 = ADVANCED_FACE ( 'NONE', ( #4789 ), #1241, .T. ) ;
#6462 = DIRECTION ( 'NONE',  ( 0.000000000000000000, 0.000000000000000000, 1.000000000000000000 ) ) ;
#6463 = ORIENTED_EDGE ( 'NONE', *, *, #6388, .T. ) ;
#6464 = ORIENTED_EDGE ( 'NONE', *, *, #6611, .F. ) ;
#6465 = EDGE_CURVE ( 'NONE', #2029, #4437, #8006, .T. ) ;
#6466 = DIRECTION ( 'NONE',  ( 1.000000000000000000, 0.000000000000000000, 0.000000000000000000 ) ) ;
#6467 = LINE ( 'NONE', #8155, #3738 ) ;
#6468 = CIRCLE ( 'NONE', #2267, 0.2000000000000889955 ) ;
#6469 = PLANE ( 'NONE',  #2790 ) ;
#6470 = ADVANCED_FACE ( 'NONE', ( #6429 ), #2212, .F. ) ;
#6471 = ORIENTED_EDGE ( 'NONE', *, *, #8461, .T. ) ;
#6472 = VERTEX_POINT ( 'NONE', #1346 ) ;
#6473 = CARTESIAN_POINT ( 'NONE',  ( -50.00000000000000000, -0.1649999999964180120, 32.69999999998740492 ) ) ;
#6474 = DIRECTION ( 'NONE',  ( -0.000000000000000000, 1.000000000000000000, -0.000000000000000000 ) ) ;
#6475 = EDGE_CURVE ( 'NONE', #4224, #3824, #6276, .T. ) ;
#6476 = CARTESIAN_POINT ( 'NONE',  ( 50.00000000000000000, 4.294999999996496065, -35.80000000001126637 ) ) ;
#6477 = CARTESIAN_POINT ( 'NONE',  ( 50.00000000000000000, 7.195000000003504148, 32.69999999998740492 ) ) ;
#6478 = EDGE_CURVE ( 'NONE', #2823, #9845, #10648, .T. ) ;
#6479 = DIRECTION ( 'NONE',  ( -1.000000000000000000, -0.000000000000000000, -0.000000000000000000 ) ) ;
#6480 = VERTEX_POINT ( 'NONE', #4682 ) ;
#6481 = VECTOR ( 'NONE', #2286, 1000.000000000000000 ) ;
#6482 = VERTEX_POINT ( 'NONE', #529 ) ;
#6483 = ORIENTED_EDGE ( 'NONE', *, *, #2654, .T. ) ;
#6484 = DIRECTION ( 'NONE',  ( 0.000000000000000000, 0.000000000000000000, -1.000000000000000000 ) ) ;
#6485 = LINE ( 'NONE', #9828, #728 ) ;
#6486 = CARTESIAN_POINT ( 'NONE',  ( 50.00000000000000000, -3.204999999996571702, -35.80000000001248850 ) ) ;
#6487 = DIRECTION ( 'NONE',  ( -0.000000000000000000, -0.000000000000000000, -1.000000000000000000 ) ) ;
#6488 = AXIS2_PLACEMENT_3D ( 'NONE', #7851, #357, #7033 ) ;
#6489 = EDGE_LOOP ( 'NONE', ( #7202, #1028, #4379, #9297 ) ) ;
#6490 = CARTESIAN_POINT ( 'NONE',  ( -50.00000000000000000, -7.104999999996475246, 32.49999999998743050 ) ) ;
#6491 = ORIENTED_EDGE ( 'NONE', *, *, #8604, .F. ) ;
#6492 = DIRECTION ( 'NONE',  ( 0.000000000000000000, -0.7071067811865474617, -0.7071067811865474617 ) ) ;
#6493 = DIRECTION ( 'NONE',  ( -1.000000000000000000, -0.000000000000000000, -0.000000000000000000 ) ) ;
#6494 = VERTEX_POINT ( 'NONE', #1401 ) ;
#6495 = AXIS2_PLACEMENT_3D ( 'NONE', #8659, #9488, #286 ) ;
#6496 = VERTEX_POINT ( 'NONE', #8069 ) ;
#6497 = CARTESIAN_POINT ( 'NONE',  ( 50.00000000000000000, 1.495000000003576801, 31.69999999998746176 ) ) ;
#6498 = LINE ( 'NONE', #702, #2954 ) ;
#6499 = CARTESIAN_POINT ( 'NONE',  ( 50.00000000000000000, -2.064999999996652846, 32.89999999998738645 ) ) ;
#6500 = DIRECTION ( 'NONE',  ( -1.000000000000000000, -0.000000000000000000, -0.000000000000000000 ) ) ;
#6501 = CARTESIAN_POINT ( 'NONE',  ( 50.00000000000000000, 7.394999999996265672, -34.00000000001046629 ) ) ;
#6502 = ORIENTED_EDGE ( 'NONE', *, *, #3604, .F. ) ;
#6503 = VECTOR ( 'NONE', #2516, 1000.000000000000000 ) ;
#6504 = LINE ( 'NONE', #7433, #7417 ) ;
#6505 = DIRECTION ( 'NONE',  ( -0.000000000000000000, -0.000000000000000000, 1.000000000000000000 ) ) ;
#6506 = ORIENTED_EDGE ( 'NONE', *, *, #3464, .T. ) ;
#6507 = ORIENTED_EDGE ( 'NONE', *, *, #6191, .T. ) ;
#6508 = VERTEX_POINT ( 'NONE', #3914 ) ;
#6509 = CARTESIAN_POINT ( 'NONE',  ( 50.00000000000000000, -1.904999999998824300, -32.20000000000566587 ) ) ;
#6510 = FACE_OUTER_BOUND ( 'NONE', #6853, .T. ) ;
#6511 = DIRECTION ( 'NONE',  ( -1.000000000000000000, -0.000000000000000000, -0.000000000000000000 ) ) ;
#6512 = ADVANCED_FACE ( 'NONE', ( #9777 ), #6217, .F. ) ;
#6513 = LINE ( 'NONE', #9972, #1360 ) ;
#6514 = DIRECTION ( 'NONE',  ( 0.000000000000000000, 0.000000000000000000, -1.000000000000000000 ) ) ;
#6515 = VERTEX_POINT ( 'NONE', #2057 ) ;
#6516 = ORIENTED_EDGE ( 'NONE', *, *, #3442, .F. ) ;
#6517 = CARTESIAN_POINT ( 'NONE',  ( 50.00000000000000000, 0.2549999999963414865, -31.70000000001083151 ) ) ;
#6518 = AXIS2_PLACEMENT_3D ( 'NONE', #7512, #3192, #8107 ) ;
#6519 = DIRECTION ( 'NONE',  ( -1.000000000000000000, -0.000000000000000000, -0.000000000000000000 ) ) ;
#6520 = ORIENTED_EDGE ( 'NONE', *, *, #865, .F. ) ;
#6521 = ORIENTED_EDGE ( 'NONE', *, *, #8472, .T. ) ;
#6522 = EDGE_CURVE ( 'NONE', #10238, #3747, #9556, .T. ) ;
#6523 = DIRECTION ( 'NONE',  ( 0.000000000000000000, 0.000000000000000000, 1.000000000000000000 ) ) ;
#6524 = ADVANCED_FACE ( 'NONE', ( #4841 ), #4132, .F. ) ;
#6525 = CARTESIAN_POINT ( 'NONE',  ( 50.00000000000000000, 11.29500000000349758, 37.49999999998743050 ) ) ;
#6526 = DIRECTION ( 'NONE',  ( 0.000000000000000000, -1.000000000000000000, 0.000000000000000000 ) ) ;
#6527 = DIRECTION ( 'NONE',  ( -1.000000000000000000, -0.000000000000000000, -0.000000000000000000 ) ) ;
#6528 = DIRECTION ( 'NONE',  ( 0.000000000000000000, 0.000000000000000000, -1.000000000000000000 ) ) ;
#6529 = VERTEX_POINT ( 'NONE', #4954 ) ;
#6530 = EDGE_CURVE ( 'NONE', #7977, #8912, #7362, .T. ) ;
#6531 = ORIENTED_EDGE ( 'NONE', *, *, #2525, .T. ) ;
#6532 = ORIENTED_EDGE ( 'NONE', *, *, #8472, .F. ) ;
#6533 = EDGE_CURVE ( 'NONE', #10768, #10782, #9118, .T. ) ;
#6534 = AXIS2_PLACEMENT_3D ( 'NONE', #8320, #4165, #7503 ) ;
#6535 = ORIENTED_EDGE ( 'NONE', *, *, #10076, .T. ) ;
#6536 = EDGE_CURVE ( 'NONE', #4495, #8266, #3313, .T. ) ;
#6537 = DIRECTION ( 'NONE',  ( 0.000000000000000000, 0.000000000000000000, -1.000000000000000000 ) ) ;
#6538 = CARTESIAN_POINT ( 'NONE',  ( -50.00000000000000000, -8.204999999996520188, 37.49999999998743050 ) ) ;
#6539 = DIRECTION ( 'NONE',  ( 0.000000000000000000, 0.000000000000000000, 1.000000000000000000 ) ) ;
#6540 = VECTOR ( 'NONE', #6944, 1000.000000000000000 ) ;
#6541 = DIRECTION ( 'NONE',  ( 0.000000000000000000, -0.000000000000000000, 1.000000000000000000 ) ) ;
#6542 = ORIENTED_EDGE ( 'NONE', *, *, #4984, .F. ) ;
#6543 = DIRECTION ( 'NONE',  ( -1.000000000000000000, -0.000000000000000000, -0.000000000000000000 ) ) ;
#6544 = CARTESIAN_POINT ( 'NONE',  ( 50.00000000000000000, -10.00499999999848733, -34.00000000000547118 ) ) ;
#6545 = VERTEX_POINT ( 'NONE', #9993 ) ;
#6546 = FACE_OUTER_BOUND ( 'NONE', #7425, .T. ) ;
#6547 = DIRECTION ( 'NONE',  ( -1.000000000000000000, -0.000000000000000000, -0.000000000000000000 ) ) ;
#6548 = ADVANCED_FACE ( 'NONE', ( #4191 ), #2383, .F. ) ;
#6549 = ORIENTED_EDGE ( 'NONE', *, *, #7398, .F. ) ;
#6550 = CIRCLE ( 'NONE', #7426, 1.000000000000056399 ) ;
#6551 = CIRCLE ( 'NONE', #7765, 0.2000000000000889955 ) ;
#6552 = CARTESIAN_POINT ( 'NONE',  ( -50.00000000000000000, -0.7049999999965139708, -35.80000000000549676 ) ) ;
#6553 = VECTOR ( 'NONE', #6005, 1000.000000000000000 ) ;
#6554 = LINE ( 'NONE', #1517, #5407 ) ;
#6555 = CARTESIAN_POINT ( 'NONE',  ( -50.00000000000000000, 1.495000000003576801, 32.19999999998756834 ) ) ;
#6556 = CARTESIAN_POINT ( 'NONE',  ( -50.00000000000000000, -5.704999999996629434, 35.79999999998739924 ) ) ;
#6557 = ORIENTED_EDGE ( 'NONE', *, *, #3999, .T. ) ;
#6558 = DIRECTION ( 'NONE',  ( -1.000000000000000000, -0.000000000000000000, -0.000000000000000000 ) ) ;
#6559 = CARTESIAN_POINT ( 'NONE',  ( 50.00000000000000000, -17.03416154989456643, 31.42940952257988840 ) ) ;
#6560 = EDGE_LOOP ( 'NONE', ( #2810, #9071, #1153, #7460 ) ) ;
#6561 = VERTEX_POINT ( 'NONE', #2440 ) ;
#6562 = ORIENTED_EDGE ( 'NONE', *, *, #10565, .F. ) ;
#6563 = CARTESIAN_POINT ( 'NONE',  ( 50.00000000000000000, 0.7950000000034318504, 37.49999999998743050 ) ) ;
#6564 =( GEOMETRIC_REPRESENTATION_CONTEXT ( 3 ) GLOBAL_UNCERTAINTY_ASSIGNED_CONTEXT ( ( #10789 ) ) GLOBAL_UNIT_ASSIGNED_CONTEXT ( ( #1015, #2702, #4821 ) ) REPRESENTATION_CONTEXT ( 'NONE', 'WORKASPACE' ) );
#6565 = CARTESIAN_POINT ( 'NONE',  ( 50.00000000000000000, -4.404999999998771010, -32.50000000000563460 ) ) ;
#6566 = DIRECTION ( 'NONE',  ( 0.000000000000000000, 0.000000000000000000, -1.000000000000000000 ) ) ;
#6567 = DIRECTION ( 'NONE',  ( 0.000000000000000000, -0.000000000000000000, 1.000000000000000000 ) ) ;
#6568 = ORIENTED_EDGE ( 'NONE', *, *, #6595, .F. ) ;
#6569 = ORIENTED_EDGE ( 'NONE', *, *, #8534, .F. ) ;
#6570 = CARTESIAN_POINT ( 'NONE',  ( 50.00000000000000000, 0.05499999999614146873, -32.70000000001083151 ) ) ;
#6571 = CARTESIAN_POINT ( 'NONE',  ( 50.00000000000000000, -20.89642135623381947, -27.84142135624989578 ) ) ;
#6572 = ORIENTED_EDGE ( 'NONE', *, *, #5251, .F. ) ;
#6573 = EDGE_CURVE ( 'NONE', #5180, #1486, #9004, .T. ) ;
#6574 = ORIENTED_EDGE ( 'NONE', *, *, #1656, .F. ) ;
#6575 = DIRECTION ( 'NONE',  ( 0.000000000000000000, 0.000000000000000000, -1.000000000000000000 ) ) ;
#6576 = DIRECTION ( 'NONE',  ( 1.000000000000000000, 0.000000000000000000, 0.000000000000000000 ) ) ;
#6577 = DIRECTION ( 'NONE',  ( 1.000000000000000000, 0.000000000000000000, 0.000000000000000000 ) ) ;
#6578 = LINE ( 'NONE', #1658, #5919 ) ;
#6579 = CARTESIAN_POINT ( 'NONE',  ( 50.00000000000000000, -3.704999999996516635, 37.49999999998743050 ) ) ;
#6580 = EDGE_LOOP ( 'NONE', ( #10211, #3545, #5066, #1521 ) ) ;
#6581 = ADVANCED_FACE ( 'NONE', ( #6702 ), #4902, .F. ) ;
#6582 = VECTOR ( 'NONE', #5952, 1000.000000000000000 ) ;
#6583 = EDGE_CURVE ( 'NONE', #6942, #1824, #9237, .T. ) ;
#6584 = EDGE_LOOP ( 'NONE', ( #2018, #1013, #6841, #9325 ) ) ;
#6585 = ORIENTED_EDGE ( 'NONE', *, *, #7251, .F. ) ;
#6586 = VERTEX_POINT ( 'NONE', #2491 ) ;
#6587 = CARTESIAN_POINT ( 'NONE',  ( 50.00000000000000000, 6.495000000003470220, 33.99999999998737366 ) ) ;
#6588 = DIRECTION ( 'NONE',  ( 0.000000000000000000, -1.000000000000000000, 0.000000000000000000 ) ) ;
#6589 = CARTESIAN_POINT ( 'NONE',  ( 50.00000000000000000, -17.51712446309827698, -30.80000000000548965 ) ) ;
#6590 = AXIS2_PLACEMENT_3D ( 'NONE', #7573, #3574, #10153 ) ;
#6591 = EDGE_CURVE ( 'NONE', #4544, #10424, #8236, .T. ) ;
#6592 = DIRECTION ( 'NONE',  ( -1.000000000000000000, -0.000000000000000000, -0.000000000000000000 ) ) ;
#6593 = VERTEX_POINT ( 'NONE', #8290 ) ;
#6594 = CYLINDRICAL_SURFACE ( 'NONE', #1183, 0.5000000000000559552 ) ;
#6595 = EDGE_CURVE ( 'NONE', #7583, #5481, #3367, .T. ) ;
#6596 = DIRECTION ( 'NONE',  ( -1.000000000000000000, -0.000000000000000000, -0.000000000000000000 ) ) ;
#6597 = VERTEX_POINT ( 'NONE', #8397 ) ;
#6598 = AXIS2_PLACEMENT_3D ( 'NONE', #3325, #5839, #754 ) ;
#6599 = EDGE_CURVE ( 'NONE', #6104, #9284, #5831, .T. ) ;
#6600 = DIRECTION ( 'NONE',  ( 0.000000000000000000, -0.000000000000000000, 1.000000000000000000 ) ) ;
#6601 = DIRECTION ( 'NONE',  ( -0.000000000000000000, -1.000000000000000000, -0.000000000000000000 ) ) ;
#6602 = EDGE_CURVE ( 'NONE', #1645, #7007, #6263, .T. ) ;
#6603 = VECTOR ( 'NONE', #6240, 1000.000000000000000 ) ;
#6604 = ORIENTED_EDGE ( 'NONE', *, *, #3247, .F. ) ;
#6605 = CARTESIAN_POINT ( 'NONE',  ( -50.00000000000000000, -0.7049999999965139708, 37.49999999998743050 ) ) ;
#6606 = CIRCLE ( 'NONE', #315, 0.1999999999999779732 ) ;
#6607 = CARTESIAN_POINT ( 'NONE',  ( 50.00000000000000000, 10.79500000000333060, 35.79999999998739924 ) ) ;
#6608 = CIRCLE ( 'NONE', #2059, 0.5000000000000004441 ) ;
#6609 = CARTESIAN_POINT ( 'NONE',  ( 50.00000000000000000, -10.70499999999652374, 35.79999999998739924 ) ) ;
#6610 = VECTOR ( 'NONE', #1903, 1000.000000000000000 ) ;
#6611 = EDGE_CURVE ( 'NONE', #4307, #9590, #3150, .T. ) ;
#6612 = CARTESIAN_POINT ( 'NONE',  ( -50.00000000000000000, 20.64500000000346702, -27.50000000001251266 ) ) ;
#6613 = ORIENTED_EDGE ( 'NONE', *, *, #9421, .T. ) ;
#6614 = EDGE_CURVE ( 'NONE', #3824, #5270, #9170, .T. ) ;
#6615 = CARTESIAN_POINT ( 'NONE',  ( -50.00000000000000000, -6.404999999998661764, -34.00000000000547118 ) ) ;
#6616 = AXIS2_PLACEMENT_3D ( 'NONE', #1476, #4760, #8147 ) ;
#6617 = CARTESIAN_POINT ( 'NONE',  ( 50.00000000000000000, -11.80499999999640082, 32.69999999998740492 ) ) ;
#6618 = AXIS2_PLACEMENT_3D ( 'NONE', #5553, #2980, #7148 ) ;
#6619 = ORIENTED_EDGE ( 'NONE', *, *, #5387, .T. ) ;
#6620 = VERTEX_POINT ( 'NONE', #3257 ) ;
#6621 = ORIENTED_EDGE ( 'NONE', *, *, #3593, .T. ) ;
#6622 = AXIS2_PLACEMENT_3D ( 'NONE', #7434, #816, #10770 ) ;
#6623 = DIRECTION ( 'NONE',  ( -1.000000000000000000, -0.000000000000000000, -0.000000000000000000 ) ) ;
#6624 = FACE_OUTER_BOUND ( 'NONE', #1699, .T. ) ;
#6625 = CARTESIAN_POINT ( 'NONE',  ( 50.00000000000000000, -4.604999999998748983, -32.70000000000561613 ) ) ;
#6626 = AXIS2_PLACEMENT_3D ( 'NONE', #906, #7575, #1670 ) ;
#6627 = DIRECTION ( 'NONE',  ( 0.000000000000000000, 0.000000000000000000, 1.000000000000000000 ) ) ;
#6628 = CARTESIAN_POINT ( 'NONE',  ( 50.00000000000000000, -17.45500000000122043, -32.99999999999436540 ) ) ;
#6629 = ORIENTED_EDGE ( 'NONE', *, *, #7192, .F. ) ;
#6630 = ORIENTED_EDGE ( 'NONE', *, *, #2700, .T. ) ;
#6631 = CARTESIAN_POINT ( 'NONE',  ( -50.00000000000000000, 17.54499999999248416, -33.00000000001546141 ) ) ;
#6632 = CIRCLE ( 'NONE', #6444, 0.5000000000000004441 ) ;
#6633 = DIRECTION ( 'NONE',  ( 0.000000000000000000, 0.000000000000000000, -1.000000000000000000 ) ) ;
#6634 = VERTEX_POINT ( 'NONE', #801 ) ;
#6635 = ORIENTED_EDGE ( 'NONE', *, *, #2230, .F. ) ;
#6636 = CIRCLE ( 'NONE', #2611, 0.2000000000002000178 ) ;
#6637 = AXIS2_PLACEMENT_3D ( 'NONE', #8632, #10124, #318 ) ;
#6638 = PLANE ( 'NONE',  #7370 ) ;
#6639 = CARTESIAN_POINT ( 'NONE',  ( -50.00000000000000000, 7.194999999996398721, -32.50000000001062972 ) ) ;
#6640 = VECTOR ( 'NONE', #2196, 1000.000000000000000 ) ;
#6641 = DIRECTION ( 'NONE',  ( -0.000000000000000000, -1.000000000000000000, -0.000000000000000000 ) ) ;
#6642 = CARTESIAN_POINT ( 'NONE',  ( -50.00000000000000000, 9.295000000003438956, 37.49999999998743050 ) ) ;
#6643 = PLANE ( 'NONE',  #9751 ) ;
#6644 = ORIENTED_EDGE ( 'NONE', *, *, #5080, .F. ) ;
#6645 = ORIENTED_EDGE ( 'NONE', *, *, #10448, .F. ) ;
#6646 = LINE ( 'NONE', #1871, #6077 ) ;
#6647 = CARTESIAN_POINT ( 'NONE',  ( 50.00000000000000000, 6.794999999996331752, -37.50000000001130473 ) ) ;
#6648 = LINE ( 'NONE', #2490, #1173 ) ;
#6649 = CARTESIAN_POINT ( 'NONE',  ( -50.00000000000000000, 13.29499999999650406, -37.50000000001130473 ) ) ;
#6650 = ORIENTED_EDGE ( 'NONE', *, *, #10531, .T. ) ;
#6651 = ADVANCED_FACE ( 'NONE', ( #2329 ), #7466, .F. ) ;
#6652 = DIRECTION ( 'NONE',  ( -0.000000000000000000, -1.000000000000000000, -0.000000000000000000 ) ) ;
#6653 = DIRECTION ( 'NONE',  ( -0.000000000000000000, -1.000000000000000000, -0.000000000000000000 ) ) ;
#6654 = VERTEX_POINT ( 'NONE', #5006 ) ;
#6655 = AXIS2_PLACEMENT_3D ( 'NONE', #10337, #7761, #269 ) ;
#6656 = LINE ( 'NONE', #9337, #172 ) ;
#6657 = FACE_OUTER_BOUND ( 'NONE', #9548, .T. ) ;
#6658 = VERTEX_POINT ( 'NONE', #9492 ) ;
#6659 = EDGE_CURVE ( 'NONE', #6104, #1754, #2752, .T. ) ;
#6660 = LINE ( 'NONE', #6497, #479 ) ;
#6661 = AXIS2_PLACEMENT_3D ( 'NONE', #6324, #7145, #3750 ) ;
#6662 = CARTESIAN_POINT ( 'NONE',  ( 50.00000000000000000, -0.1649999999987494803, -31.90000000000581082 ) ) ;
#6663 = EDGE_CURVE ( 'NONE', #3017, #8754, #5223, .T. ) ;
#6664 = DIRECTION ( 'NONE',  ( -1.000000000000000000, -0.000000000000000000, -0.000000000000000000 ) ) ;
#6665 = EDGE_CURVE ( 'NONE', #7642, #8718, #192, .T. ) ;
#6666 = LINE ( 'NONE', #8514, #5333 ) ;
#6667 = VERTEX_POINT ( 'NONE', #8560 ) ;
#6668 = PLANE ( 'NONE',  #6015 ) ;
#6669 = LINE ( 'NONE', #7270, #4871 ) ;
#6670 = ORIENTED_EDGE ( 'NONE', *, *, #4012, .T. ) ;
#6671 = ORIENTED_EDGE ( 'NONE', *, *, #6710, .F. ) ;
#6672 = ORIENTED_EDGE ( 'NONE', *, *, #5003, .T. ) ;
#6673 = ADVANCED_FACE ( 'NONE', ( #8611 ), #1070, .F. ) ;
#6674 = CARTESIAN_POINT ( 'NONE',  ( 50.00000000000000000, -20.75499999999652800, 27.98284271246187416 ) ) ;
#6675 = EDGE_CURVE ( 'NONE', #1860, #4922, #5328, .T. ) ;
#6676 = DIRECTION ( 'NONE',  ( 0.000000000000000000, -1.000000000000000000, 0.000000000000000000 ) ) ;
#6677 = DIRECTION ( 'NONE',  ( -1.000000000000000000, -0.000000000000000000, -0.000000000000000000 ) ) ;
#6678 = VECTOR ( 'NONE', #6511, 1000.000000000000000 ) ;
#6679 = CARTESIAN_POINT ( 'NONE',  ( -50.00000000000000000, 0.2550000000035579362, 31.69999999998729479 ) ) ;
#6680 = ORIENTED_EDGE ( 'NONE', *, *, #9549, .F. ) ;
#6681 = ORIENTED_EDGE ( 'NONE', *, *, #5922, .F. ) ;
#6682 = LINE ( 'NONE', #2627, #5136 ) ;
#6683 = CARTESIAN_POINT ( 'NONE',  ( -50.00000000000000000, -9.804999999996400817, 32.49999999998743050 ) ) ;
#6684 = ORIENTED_EDGE ( 'NONE', *, *, #2218, .T. ) ;
#6685 = AXIS2_PLACEMENT_3D ( 'NONE', #8342, #7265, #5569 ) ;
#6686 = ORIENTED_EDGE ( 'NONE', *, *, #10031, .T. ) ;
#6687 = EDGE_CURVE ( 'NONE', #3201, #4630, #9439, .T. ) ;
#6688 = DIRECTION ( 'NONE',  ( 0.000000000000000000, -0.000000000000000000, 1.000000000000000000 ) ) ;
#6689 = DIRECTION ( 'NONE',  ( 0.000000000000000000, 0.000000000000000000, 1.000000000000000000 ) ) ;
#6690 = LINE ( 'NONE', #2532, #6351 ) ;
#6691 = ORIENTED_EDGE ( 'NONE', *, *, #10147, .F. ) ;
#6692 = CARTESIAN_POINT ( 'NONE',  ( 50.00000000000000000, -4.204999999996572591, 37.49999999998743050 ) ) ;
#6693 = CIRCLE ( 'NONE', #2147, 0.5000000000000004441 ) ;
#6694 = LINE ( 'NONE', #3245, #3578 ) ;
#6695 = ORIENTED_EDGE ( 'NONE', *, *, #1131, .T. ) ;
#6696 = VECTOR ( 'NONE', #2848, 1000.000000000000000 ) ;
#6697 = ORIENTED_EDGE ( 'NONE', *, *, #6326, .T. ) ;
#6698 = DIRECTION ( 'NONE',  ( -0.000000000000000000, 1.000000000000000000, 0.000000000000000000 ) ) ;
#6699 = DIRECTION ( 'NONE',  ( 0.000000000000000000, 0.000000000000000000, 1.000000000000000000 ) ) ;
#6700 = FACE_OUTER_BOUND ( 'NONE', #8855, .T. ) ;
#6701 = DIRECTION ( 'NONE',  ( -0.000000000000000000, -1.000000000000000000, -0.000000000000000000 ) ) ;
#6702 = FACE_OUTER_BOUND ( 'NONE', #1427, .T. ) ;
#6703 = ORIENTED_EDGE ( 'NONE', *, *, #9219, .F. ) ;
#6704 = PLANE ( 'NONE',  #3622 ) ;
#6705 = DIRECTION ( 'NONE',  ( -1.000000000000000000, -0.000000000000000000, -0.000000000000000000 ) ) ;
#6706 = ORIENTED_EDGE ( 'NONE', *, *, #5869, .F. ) ;
#6707 = DIRECTION ( 'NONE',  ( 0.000000000000000000, 0.000000000000000000, -1.000000000000000000 ) ) ;
#6708 = AXIS2_PLACEMENT_3D ( 'NONE', #10027, #1911, #5252 ) ;
#6709 = LINE ( 'NONE', #1676, #871 ) ;
#6710 = EDGE_CURVE ( 'NONE', #827, #2029, #3529, .T. ) ;
#6711 = VERTEX_POINT ( 'NONE', #2648 ) ;
#6712 = VECTOR ( 'NONE', #8639, 1000.000000000000000 ) ;
#6713 = DIRECTION ( 'NONE',  ( 0.000000000000000000, 0.000000000000000000, 1.000000000000000000 ) ) ;
#6714 = DIRECTION ( 'NONE',  ( 1.000000000000000000, 0.000000000000000000, 0.000000000000000000 ) ) ;
#6715 = CARTESIAN_POINT ( 'NONE',  ( -50.00000000000000000, 14.34499999999616549, -34.00000000001046629 ) ) ;
#6716 = LINE ( 'NONE', #10061, #6553 ) ;
#6717 = ORIENTED_EDGE ( 'NONE', *, *, #282, .T. ) ;
#6718 = DIRECTION ( 'NONE',  ( -1.000000000000000000, -0.000000000000000000, -0.000000000000000000 ) ) ;
#6719 = CARTESIAN_POINT ( 'NONE',  ( 50.00000000000000000, -12.70499999999841201, -32.70000000000561613 ) ) ;
#6720 = CIRCLE ( 'NONE', #2002, 0.1999999999999779732 ) ;
#6721 = ADVANCED_FACE ( 'NONE', ( #8662 ), #9330, .T. ) ;
#6722 = AXIS2_PLACEMENT_3D ( 'NONE', #8073, #1350, #10546 ) ;
#6723 = ORIENTED_EDGE ( 'NONE', *, *, #7402, .T. ) ;
#6724 = ADVANCED_FACE ( 'NONE', ( #3420 ), #959, .F. ) ;
#6725 = ORIENTED_EDGE ( 'NONE', *, *, #382, .F. ) ;
#6726 = FACE_OUTER_BOUND ( 'NONE', #3496, .T. ) ;
#6727 = LINE ( 'NONE', #4104, #1023 ) ;
#6728 = DIRECTION ( 'NONE',  ( 0.000000000000000000, -0.000000000000000000, 1.000000000000000000 ) ) ;
#6729 = PLANE ( 'NONE',  #10679 ) ;
#6730 = ORIENTED_EDGE ( 'NONE', *, *, #1928, .T. ) ;
#6731 = ORIENTED_EDGE ( 'NONE', *, *, #5920, .F. ) ;
#6732 = ADVANCED_FACE ( 'NONE', ( #5166 ), #2601, .F. ) ;
#6733 = VECTOR ( 'NONE', #10650, 1000.000000000000000 ) ;
#6734 = PLANE ( 'NONE',  #8455 ) ;
#6735 = EDGE_CURVE ( 'NONE', #8465, #4049, #10202, .T. ) ;
#6736 = PLANE ( 'NONE',  #6268 ) ;
#6737 = EDGE_CURVE ( 'NONE', #7714, #7541, #7627, .T. ) ;
#6738 = ORIENTED_EDGE ( 'NONE', *, *, #2158, .F. ) ;
#6739 = ORIENTED_EDGE ( 'NONE', *, *, #6854, .T. ) ;
#6740 = VECTOR ( 'NONE', #1073, 1000.000000000000000 ) ;
#6741 = FACE_OUTER_BOUND ( 'NONE', #5426, .T. ) ;
#6742 = PLANE ( 'NONE',  #10795 ) ;
#6743 = CARTESIAN_POINT ( 'NONE',  ( -50.00000000000000000, 18.04500000001618787, -37.99999999999981526 ) ) ;
#6744 = ORIENTED_EDGE ( 'NONE', *, *, #1379, .T. ) ;
#6745 = CARTESIAN_POINT ( 'NONE',  ( 50.00000000000000000, -20.55499999999643634, -27.50000000001251266 ) ) ;
#6746 = CARTESIAN_POINT ( 'NONE',  ( -50.00000000000000000, 0.7949999999964929565, -37.50000000001130473 ) ) ;
#6747 = ADVANCED_FACE ( 'NONE', ( #10155 ), #10253, .T. ) ;
#6748 = ORIENTED_EDGE ( 'NONE', *, *, #8407, .T. ) ;
#6749 = VERTEX_POINT ( 'NONE', #7685 ) ;
#6750 = LINE ( 'NONE', #9276, #4856 ) ;
#6751 = CARTESIAN_POINT ( 'NONE',  ( 50.00000000000000000, 17.60712446303502787, -30.80000000001240679 ) ) ;
#6752 = LINE ( 'NONE', #3527, #651 ) ;
#6753 = CARTESIAN_POINT ( 'NONE',  ( -50.00000000000000000, -16.20499999999647400, -38.00000000001247003 ) ) ;
#6754 = DIRECTION ( 'NONE',  ( 0.000000000000000000, 0.000000000000000000, 1.000000000000000000 ) ) ;
#6755 = VERTEX_POINT ( 'NONE', #2809 ) ;
#6756 = AXIS2_PLACEMENT_3D ( 'NONE', #974, #6873, #2003 ) ;
#6757 = CARTESIAN_POINT ( 'NONE',  ( -50.00000000000000000, 14.29500000000344428, 37.49999999998743050 ) ) ;
#6758 = FACE_OUTER_BOUND ( 'NONE', #1918, .T. ) ;
#6759 = ORIENTED_EDGE ( 'NONE', *, *, #6583, .T. ) ;
#6760 = CARTESIAN_POINT ( 'NONE',  ( -50.00000000000000000, 0.2550000000033358916, 31.89999999998738289 ) ) ;
#6761 = LINE ( 'NONE', #5013, #4527 ) ;
#6762 = ORIENTED_EDGE ( 'NONE', *, *, #1054, .T. ) ;
#6763 = CARTESIAN_POINT ( 'NONE',  ( 50.00000000000000000, -3.704999999996516635, 37.99999999998743050 ) ) ;
#6764 = LINE ( 'NONE', #10321, #8552 ) ;
#6765 = DIRECTION ( 'NONE',  ( -0.000000000000000000, -0.000000000000000000, -1.000000000000000000 ) ) ;
#6766 = PLANE ( 'NONE',  #6896 ) ;
#6767 = VERTEX_POINT ( 'NONE', #2698 ) ;
#6768 = LINE ( 'NONE', #2618, #10216 ) ;
#6769 = VECTOR ( 'NONE', #4120, 1000.000000000000000 ) ;
#6770 = VECTOR ( 'NONE', #33, 1000.000000000000000 ) ;
#6771 = DIRECTION ( 'NONE',  ( 0.000000000000000000, 0.000000000000000000, -1.000000000000000000 ) ) ;
#6772 = AXIS2_PLACEMENT_3D ( 'NONE', #6920, #6871, #8508 ) ;
#6773 = ORIENTED_EDGE ( 'NONE', *, *, #1973, .F. ) ;
#6774 = AXIS2_PLACEMENT_3D ( 'NONE', #2900, #5479, #4606 ) ;
#6775 = FACE_OUTER_BOUND ( 'NONE', #1164, .T. ) ;
#6776 = DIRECTION ( 'NONE',  ( 0.000000000000000000, -1.000000000000000000, 0.000000000000000000 ) ) ;
#6777 = LINE ( 'NONE', #5853, #4939 ) ;
#6778 = EDGE_CURVE ( 'NONE', #4313, #1230, #10100, .T. ) ;
#6779 = FACE_OUTER_BOUND ( 'NONE', #4757, .T. ) ;
#6780 = VERTEX_POINT ( 'NONE', #5941 ) ;
#6781 = VERTEX_POINT ( 'NONE', #1121 ) ;
#6782 = CIRCLE ( 'NONE', #9049, 0.5000000000000559552 ) ;
#6784 = EDGE_CURVE ( 'NONE', #2393, #3898, #5043, .T. ) ;
#6783 = VECTOR ( 'NONE', #6003, 1000.000000000000000 ) ;
#6785 = DIRECTION ( 'NONE',  ( 0.000000000000000000, 0.000000000000000000, -1.000000000000000000 ) ) ;
#6786 = LINE ( 'NONE', #2573, #4167 ) ;
#6787 = AXIS2_PLACEMENT_3D ( 'NONE', #4546, #4595, #8034 ) ;
#6788 = VERTEX_POINT ( 'NONE', #8448 ) ;
#6789 = VERTEX_POINT ( 'NONE', #9652 ) ;
#6790 = EDGE_LOOP ( 'NONE', ( #1802, #9962, #332, #5307 ) ) ;
#6791 = EDGE_CURVE ( 'NONE', #8976, #6258, #8935, .T. ) ;
#6792 = VECTOR ( 'NONE', #6910, 1000.000000000000000 ) ;
#6793 = EDGE_CURVE ( 'NONE', #5926, #1833, #3794, .T. ) ;
#6794 = DIRECTION ( 'NONE',  ( -1.000000000000000000, -0.000000000000000000, -0.000000000000000000 ) ) ;
#6795 = EDGE_CURVE ( 'NONE', #8485, #10482, #2261, .T. ) ;
#6796 = CARTESIAN_POINT ( 'NONE',  ( 50.00000000000000000, 1.295000000003487806, 37.49999999998743050 ) ) ;
#6797 = AXIS2_PLACEMENT_3D ( 'NONE', #5845, #5134, #877 ) ;
#6798 = LINE ( 'NONE', #10086, #9153 ) ;
#6799 = ORIENTED_EDGE ( 'NONE', *, *, #10281, .T. ) ;
#6800 = CARTESIAN_POINT ( 'NONE',  ( -50.00000000000000000, 0.2549999999965635311, -35.80000000001126637 ) ) ;
#6801 = ADVANCED_FACE ( 'NONE', ( #460 ), #9543, .T. ) ;
#6802 = LINE ( 'NONE', #1815, #3458 ) ;
#6803 = AXIS2_PLACEMENT_3D ( 'NONE', #1736, #8460, #4417 ) ;
#6804 = ORIENTED_EDGE ( 'NONE', *, *, #3500, .F. ) ;
#6805 = CIRCLE ( 'NONE', #337, 0.5000000000000559552 ) ;
#6806 = ORIENTED_EDGE ( 'NONE', *, *, #7129, .F. ) ;
#6807 = CIRCLE ( 'NONE', #7162, 0.4999999999999102385 ) ;
#6808 = EDGE_CURVE ( 'NONE', #7094, #7437, #3688, .T. ) ;
#6809 = DIRECTION ( 'NONE',  ( 0.000000000000000000, 0.000000000000000000, -1.000000000000000000 ) ) ;
#6810 = CARTESIAN_POINT ( 'NONE',  ( 50.00000000000000000, -0.1649999999968621012, 34.59999999998730402 ) ) ;
#6811 = ADVANCED_FACE ( 'NONE', ( #8823 ), #7948, .F. ) ;
#6812 = CARTESIAN_POINT ( 'NONE',  ( 50.00000000000000000, 11.89500000000354163, 32.69999999998740492 ) ) ;
#6813 = CARTESIAN_POINT ( 'NONE',  ( -50.00000000000000000, 0.05499999999625249103, -35.60000000001117826 ) ) ;
#6814 = DIRECTION ( 'NONE',  ( -1.000000000000000000, -0.000000000000000000, -0.000000000000000000 ) ) ;
#6815 = ORIENTED_EDGE ( 'NONE', *, *, #2454, .F. ) ;
#6816 = DIRECTION ( 'NONE',  ( 0.000000000000000000, 0.000000000000000000, -1.000000000000000000 ) ) ;
#6817 = CYLINDRICAL_SURFACE ( 'NONE', #1835, 0.2000000000000889955 ) ;
#6818 = ORIENTED_EDGE ( 'NONE', *, *, #7200, .T. ) ;
#6819 = DIRECTION ( 'NONE',  ( -1.000000000000000000, 0.000000000000000000, -0.000000000000000000 ) ) ;
#6820 = CARTESIAN_POINT ( 'NONE',  ( 50.00000000000000000, 0.2549999999964525088, -34.60000000001095799 ) ) ;
#6821 = ORIENTED_EDGE ( 'NONE', *, *, #2766, .T. ) ;
#6822 = LINE ( 'NONE', #6763, #1006 ) ;
#6823 = FACE_OUTER_BOUND ( 'NONE', #1180, .T. ) ;
#6824 = LINE ( 'NONE', #4254, #6582 ) ;
#6825 = DIRECTION ( 'NONE',  ( -1.000000000000000000, -0.000000000000000000, -0.000000000000000000 ) ) ;
#6826 = CARTESIAN_POINT ( 'NONE',  ( 50.00000000000000000, -5.704999999996629434, 35.79999999998739924 ) ) ;
#6827 = ORIENTED_EDGE ( 'NONE', *, *, #8124, .T. ) ;
#6828 = CARTESIAN_POINT ( 'NONE',  ( 50.00000000000000000, 2.154999999996354276, -34.60000000001095799 ) ) ;
#6829 = DIRECTION ( 'NONE',  ( 0.000000000000000000, 0.000000000000000000, 1.000000000000000000 ) ) ;
#6830 = AXIS2_PLACEMENT_3D ( 'NONE', #5142, #6016, #4377 ) ;
#6831 = ORIENTED_EDGE ( 'NONE', *, *, #9865, .T. ) ;
#6832 = DIRECTION ( 'NONE',  ( 0.000000000000000000, 0.000000000000000000, 1.000000000000000000 ) ) ;
#6833 = CARTESIAN_POINT ( 'NONE',  ( -50.00000000000000000, -9.104999999996476134, 32.69999999998740492 ) ) ;
#6834 = CARTESIAN_POINT ( 'NONE',  ( -50.00000000000000000, -12.50499999999643563, 32.69999999998740492 ) ) ;
#6835 = DIRECTION ( 'NONE',  ( 0.000000000000000000, 0.000000000000000000, -1.000000000000000000 ) ) ;
#6836 = ORIENTED_EDGE ( 'NONE', *, *, #6937, .F. ) ;
#6837 = ORIENTED_EDGE ( 'NONE', *, *, #1574, .T. ) ;
#6838 = CIRCLE ( 'NONE', #6488, 0.9999999999998898659 ) ;
#6839 = CARTESIAN_POINT ( 'NONE',  ( 50.00000000000000000, 6.495000000003470220, 32.69999999998740492 ) ) ;
#6840 = DIRECTION ( 'NONE',  ( 0.000000000000000000, 0.000000000000000000, 1.000000000000000000 ) ) ;
#6841 = ORIENTED_EDGE ( 'NONE', *, *, #5003, .F. ) ;
#6842 = ORIENTED_EDGE ( 'NONE', *, *, #9216, .T. ) ;
#6843 = EDGE_LOOP ( 'NONE', ( #507, #5503, #4880, #686 ) ) ;
#6844 = AXIS2_PLACEMENT_3D ( 'NONE', #5045, #6078, #177 ) ;
#6845 = EDGE_CURVE ( 'NONE', #5285, #5257, #5539, .T. ) ;
#6846 = CARTESIAN_POINT ( 'NONE',  ( 50.00000000000000000, -0.1649999999987494803, -31.90000000000581082 ) ) ;
#6847 = DIRECTION ( 'NONE',  ( 1.000000000000000000, 0.000000000000000000, 0.000000000000000000 ) ) ;
#6848 = CARTESIAN_POINT ( 'NONE',  ( -50.00000000000000000, -11.20499999999646690, 37.99999999998743050 ) ) ;
#6849 = VERTEX_POINT ( 'NONE', #6257 ) ;
#6850 = LINE ( 'NONE', #950, #6970 ) ;
#6851 = PLANE ( 'NONE',  #5028 ) ;
#6852 = AXIS2_PLACEMENT_3D ( 'NONE', #9639, #390, #1972 ) ;
#6853 = EDGE_LOOP ( 'NONE', ( #3860, #614, #2134, #3462 ) ) ;
#6854 = EDGE_CURVE ( 'NONE', #9480, #7243, #10475, .T. ) ;
#6855 = EDGE_CURVE ( 'NONE', #1754, #8984, #1438, .T. ) ;
#6856 = FACE_OUTER_BOUND ( 'NONE', #3213, .T. ) ;
#6857 = CIRCLE ( 'NONE', #9659, 0.2000000000000334843 ) ;
#6858 = CARTESIAN_POINT ( 'NONE',  ( -50.00000000000000000, -4.404999999998771010, -32.70000000000561613 ) ) ;
#6859 = DIRECTION ( 'NONE',  ( 0.000000000000000000, -1.000000000000000000, 0.000000000000000000 ) ) ;
#6860 = DIRECTION ( 'NONE',  ( -1.000000000000000000, -0.000000000000000000, -0.000000000000000000 ) ) ;
#6861 = DIRECTION ( 'NONE',  ( 0.000000000000000000, 0.000000000000000000, 1.000000000000000000 ) ) ;
#6862 = VERTEX_POINT ( 'NONE', #1335 ) ;
#6863 = FACE_OUTER_BOUND ( 'NONE', #6175, .T. ) ;
#6864 = ORIENTED_EDGE ( 'NONE', *, *, #2108, .F. ) ;
#6865 = ADVANCED_FACE ( 'NONE', ( #3022 ), #4668, .F. ) ;
#6866 = ADVANCED_FACE ( 'NONE', ( #6418 ), #8055, .F. ) ;
#6867 = FACE_OUTER_BOUND ( 'NONE', #3549, .T. ) ;
#6868 = VECTOR ( 'NONE', #10036, 1000.000000000000000 ) ;
#6869 = EDGE_CURVE ( 'NONE', #1299, #10652, #3903, .T. ) ;
#6870 = VERTEX_POINT ( 'NONE', #5378 ) ;
#6871 = DIRECTION ( 'NONE',  ( 1.000000000000000000, 0.000000000000000000, 0.000000000000000000 ) ) ;
#6872 = CYLINDRICAL_SURFACE ( 'NONE', #1906, 0.5000000000000004441 ) ;
#6873 = DIRECTION ( 'NONE',  ( 0.000000000000000000, 1.000000000000000000, 0.000000000000000000 ) ) ;
#6874 = CARTESIAN_POINT ( 'NONE',  ( 50.00000000000000000, -10.70499999999652374, -37.50000000001251976 ) ) ;
#6875 = ORIENTED_EDGE ( 'NONE', *, *, #9926, .F. ) ;
#6876 = DIRECTION ( 'NONE',  ( 0.000000000000000000, 0.000000000000000000, -1.000000000000000000 ) ) ;
#6877 = EDGE_LOOP ( 'NONE', ( #9646, #6621, #1317, #2432 ) ) ;
#6878 = DIRECTION ( 'NONE',  ( -1.000000000000000000, -0.000000000000000000, -0.000000000000000000 ) ) ;
#6879 = ADVANCED_FACE ( 'NONE', ( #8769 ), #8717, .T. ) ;
#6880 = DIRECTION ( 'NONE',  ( -0.000000000000000000, -0.000000000000000000, 1.000000000000000000 ) ) ;
#6881 = ORIENTED_EDGE ( 'NONE', *, *, #9401, .F. ) ;
#6882 = VECTOR ( 'NONE', #3399, 1000.000000000000000 ) ;
#6883 = DIRECTION ( 'NONE',  ( -1.000000000000000000, -0.000000000000000000, -0.000000000000000000 ) ) ;
#6884 = LINE ( 'NONE', #9407, #327 ) ;
#6885 = CARTESIAN_POINT ( 'NONE',  ( 50.00000000000000000, 16.29500000001615945, -37.99999999999981526 ) ) ;
#6886 = CIRCLE ( 'NONE', #8289, 0.5000000000000004441 ) ;
#6887 = CARTESIAN_POINT ( 'NONE',  ( 50.00000000000000000, 18.04500000000352955, 37.99999999998738076 ) ) ;
#6888 = ORIENTED_EDGE ( 'NONE', *, *, #291, .F. ) ;
#6889 = VERTEX_POINT ( 'NONE', #7238 ) ;
#6890 = CARTESIAN_POINT ( 'NONE',  ( -50.00000000000000000, 4.495000000003468443, 32.69999999998740492 ) ) ;
#6891 = AXIS2_PLACEMENT_3D ( 'NONE', #365, #3811, #3704 ) ;
#6892 = PLANE ( 'NONE',  #8008 ) ;
#6893 = ORIENTED_EDGE ( 'NONE', *, *, #2669, .F. ) ;
#6894 = ORIENTED_EDGE ( 'NONE', *, *, #68, .T. ) ;
#6895 = ORIENTED_EDGE ( 'NONE', *, *, #8400, .T. ) ;
#6896 = AXIS2_PLACEMENT_3D ( 'NONE', #8304, #3331, #5179 ) ;
#6897 = LINE ( 'NONE', #3457, #8244 ) ;
#6898 = DIRECTION ( 'NONE',  ( 1.000000000000000000, 0.000000000000000000, 0.000000000000000000 ) ) ;
#6899 = DIRECTION ( 'NONE',  ( 0.000000000000000000, -0.000000000000000000, 1.000000000000000000 ) ) ;
#6900 = VERTEX_POINT ( 'NONE', #9763 ) ;
#6901 = FACE_OUTER_BOUND ( 'NONE', #8367, .T. ) ;
#6902 = FACE_OUTER_BOUND ( 'NONE', #692, .T. ) ;
#6903 = EDGE_CURVE ( 'NONE', #9886, #160, #4615, .T. ) ;
#6904 = AXIS2_PLACEMENT_3D ( 'NONE', #1125, #244, #6360 ) ;
#6905 = EDGE_LOOP ( 'NONE', ( #5534, #5687, #9113, #8245 ) ) ;
#6906 = PLANE ( 'NONE',  #2415 ) ;
#6907 = DIRECTION ( 'NONE',  ( 0.000000000000000000, 0.000000000000000000, -1.000000000000000000 ) ) ;
#6908 = DIRECTION ( 'NONE',  ( -1.000000000000000000, -0.000000000000000000, -0.000000000000000000 ) ) ;
#6909 = CARTESIAN_POINT ( 'NONE',  ( -50.00000000000000000, -20.95499999999650242, -27.98284271251250033 ) ) ;
#6910 = DIRECTION ( 'NONE',  ( -0.000000000000000000, -0.000000000000000000, -1.000000000000000000 ) ) ;
#6911 = VERTEX_POINT ( 'NONE', #348 ) ;
#6912 = EDGE_CURVE ( 'NONE', #5403, #10696, #7023, .T. ) ;
#6913 = CARTESIAN_POINT ( 'NONE',  ( 50.00000000000000000, 7.395000000003482121, 33.99999999998737366 ) ) ;
#6914 = CARTESIAN_POINT ( 'NONE',  ( -50.00000000000000000, 9.895000000003539853, 32.49999999998743050 ) ) ;
#6915 = ORIENTED_EDGE ( 'NONE', *, *, #8861, .T. ) ;
#6916 = EDGE_CURVE ( 'NONE', #1419, #10244, #404, .T. ) ;
#6917 = DIRECTION ( 'NONE',  ( -1.000000000000000000, -0.000000000000000000, -0.000000000000000000 ) ) ;
#6918 = EDGE_LOOP ( 'NONE', ( #7978, #3814, #10068, #1455 ) ) ;
#6919 = EDGE_LOOP ( 'NONE', ( #10294, #4780, #10346, #6831 ) ) ;
#6920 = CARTESIAN_POINT ( 'NONE',  ( 50.00000000000000000, -14.75499999999851930, -32.79417527063710480 ) ) ;
#6921 = EDGE_CURVE ( 'NONE', #6110, #10782, #4122, .T. ) ;
#6922 = CARTESIAN_POINT ( 'NONE',  ( -50.00000000000000000, 17.54500000000647120, 33.99999999997643840 ) ) ;
#6923 = CARTESIAN_POINT ( 'NONE',  ( -50.00000000000000000, 13.79500000000344428, 37.49999999998743050 ) ) ;
#6924 = AXIS2_PLACEMENT_3D ( 'NONE', #6923, #6002, #10114 ) ;
#6925 = EDGE_CURVE ( 'NONE', #5388, #3132, #4070, .T. ) ;
#6926 = DIRECTION ( 'NONE',  ( -0.000000000000000000, -1.000000000000000000, -0.000000000000000000 ) ) ;
#6927 = ORIENTED_EDGE ( 'NONE', *, *, #3620, .T. ) ;
#6928 = EDGE_CURVE ( 'NONE', #2301, #8007, #4995, .T. ) ;
#6929 = CARTESIAN_POINT ( 'NONE',  ( -50.00000000000000000, -0.1649999999964180120, 35.59999999998741771 ) ) ;
#6930 = ORIENTED_EDGE ( 'NONE', *, *, #3083, .F. ) ;
#6931 = ADVANCED_FACE ( 'NONE', ( #10038 ), #5872, .F. ) ;
#6932 = CARTESIAN_POINT ( 'NONE',  ( 50.00000000000000000, -17.45499999998545348, 33.99999999999280220 ) ) ;
#6933 = LINE ( 'NONE', #8518, #4358 ) ;
#6934 = ORIENTED_EDGE ( 'NONE', *, *, #2337, .T. ) ;
#6935 = CARTESIAN_POINT ( 'NONE',  ( 50.00000000000000000, -6.204999999996574367, 37.99999999998738076 ) ) ;
#6936 = DIRECTION ( 'NONE',  ( -0.000000000000000000, -0.000000000000000000, -1.000000000000000000 ) ) ;
#6937 = EDGE_CURVE ( 'NONE', #5817, #9964, #10742, .T. ) ;
#6938 = DIRECTION ( 'NONE',  ( -1.000000000000000000, -0.000000000000000000, -0.000000000000000000 ) ) ;
#6939 = EDGE_CURVE ( 'NONE', #9623, #4011, #2534, .T. ) ;
#6940 = VECTOR ( 'NONE', #8106, 1000.000000000000000 ) ;
#6941 = FACE_OUTER_BOUND ( 'NONE', #6248, .T. ) ;
#6942 = VERTEX_POINT ( 'NONE', #9161 ) ;
#6943 = EDGE_LOOP ( 'NONE', ( #5063, #10640, #1001, #3252 ) ) ;
#6944 = DIRECTION ( 'NONE',  ( -1.000000000000000000, -0.000000000000000000, -0.000000000000000000 ) ) ;
#6945 = AXIS2_PLACEMENT_3D ( 'NONE', #7261, #9677, #4636 ) ;
#6946 = FACE_OUTER_BOUND ( 'NONE', #4718, .T. ) ;
#6947 = CIRCLE ( 'NONE', #5207, 0.2000000000000334843 ) ;
#6948 = ORIENTED_EDGE ( 'NONE', *, *, #7744, .T. ) ;
#6949 = ORIENTED_EDGE ( 'NONE', *, *, #371, .T. ) ;
#6950 = EDGE_LOOP ( 'NONE', ( #2404, #5053, #4649, #185 ) ) ;
#6951 = VECTOR ( 'NONE', #2411, 1000.000000000000000 ) ;
#6952 = AXIS2_PLACEMENT_3D ( 'NONE', #9881, #5711, #10752 ) ;
#6953 = CYLINDRICAL_SURFACE ( 'NONE', #6852, 0.1999999999999779732 ) ;
#6954 = VECTOR ( 'NONE', #2005, 1000.000000000000000 ) ;
#6955 = FACE_OUTER_BOUND ( 'NONE', #10478, .T. ) ;
#6956 = DIRECTION ( 'NONE',  ( 0.000000000000000000, -1.000000000000000000, 0.000000000000000000 ) ) ;
#6957 = VERTEX_POINT ( 'NONE', #3303 ) ;
#6958 = CARTESIAN_POINT ( 'NONE',  ( 50.00000000000000000, 11.79500000000344073, 37.49999999998743050 ) ) ;
#6959 = AXIS2_PLACEMENT_3D ( 'NONE', #546, #6398, #437 ) ;
#6960 = AXIS2_PLACEMENT_3D ( 'NONE', #984, #8581, #1145 ) ;
#6961 = AXIS2_PLACEMENT_3D ( 'NONE', #1171, #7737, #7783 ) ;
#6962 = ORIENTED_EDGE ( 'NONE', *, *, #7008, .F. ) ;
#6963 = CIRCLE ( 'NONE', #2252, 0.2000000000000334843 ) ;
#6964 = CARTESIAN_POINT ( 'NONE',  ( -50.00000000000000000, 0.03500000000122849286, -33.00000000000580513 ) ) ;
#6965 = CARTESIAN_POINT ( 'NONE',  ( -50.00000000000000000, 9.895000000003539853, 32.49999999998743050 ) ) ;
#6966 = DIRECTION ( 'NONE',  ( 0.000000000000000000, 0.000000000000000000, 1.000000000000000000 ) ) ;
#6967 = DIRECTION ( 'NONE',  ( -0.000000000000000000, -0.000000000000000000, -1.000000000000000000 ) ) ;
#6968 = DIRECTION ( 'NONE',  ( 0.000000000000000000, -0.000000000000000000, -1.000000000000000000 ) ) ;
#6969 = ORIENTED_EDGE ( 'NONE', *, *, #4609, .F. ) ;
#6970 = VECTOR ( 'NONE', #3517, 1000.000000000000000 ) ;
#6971 = LINE ( 'NONE', #962, #3228 ) ;
#6972 = LINE ( 'NONE', #4457, #7776 ) ;
#6973 = VERTEX_POINT ( 'NONE', #678 ) ;
#6974 = VECTOR ( 'NONE', #10055, 1000.000000000000000 ) ;
#6975 = CYLINDRICAL_SURFACE ( 'NONE', #494, 0.1999999999999779732 ) ;
#6976 = ORIENTED_EDGE ( 'NONE', *, *, #4872, .T. ) ;
#6977 = VERTEX_POINT ( 'NONE', #7291 ) ;
#6978 = AXIS2_PLACEMENT_3D ( 'NONE', #2054, #7089, #7198 ) ;
#6979 = CARTESIAN_POINT ( 'NONE',  ( -50.00000000000000000, -0.1649999999987494803, -35.80000000000549676 ) ) ;
#6980 = CARTESIAN_POINT ( 'NONE',  ( -50.00000000000000000, -14.25499999999835232, -34.00000000000547118 ) ) ;
#6981 = EDGE_CURVE ( 'NONE', #6408, #5095, #2077, .T. ) ;
#6982 = LINE ( 'NONE', #5176, #817 ) ;
#6983 = DIRECTION ( 'NONE',  ( -1.000000000000000000, -0.000000000000000000, -0.000000000000000000 ) ) ;
#6984 = EDGE_LOOP ( 'NONE', ( #7141, #4115, #3785, #352 ) ) ;
#6985 = AXIS2_PLACEMENT_3D ( 'NONE', #4114, #777, #3130 ) ;
#6986 = CARTESIAN_POINT ( 'NONE',  ( -50.00000000000000000, 8.794999999996555573, -37.50000000001130473 ) ) ;
#6987 = ORIENTED_EDGE ( 'NONE', *, *, #658, .T. ) ;
#6988 = LINE ( 'NONE', #1140, #255 ) ;
#6989 = CARTESIAN_POINT ( 'NONE',  ( 50.00000000000000000, -20.95499999999650242, -35.00000000001246292 ) ) ;
#6990 = EDGE_CURVE ( 'NONE', #4620, #521, #9107, .T. ) ;
#6991 = ORIENTED_EDGE ( 'NONE', *, *, #2325, .F. ) ;
#6992 = EDGE_CURVE ( 'NONE', #393, #7663, #2243, .T. ) ;
#6993 = CARTESIAN_POINT ( 'NONE',  ( 50.00000000000000000, -8.704999999996520188, 37.99999999998743050 ) ) ;
#6994 = EDGE_CURVE ( 'NONE', #5954, #3939, #3244, .T. ) ;
#6995 = DIRECTION ( 'NONE',  ( 0.000000000000000000, 0.000000000000000000, -1.000000000000000000 ) ) ;
#6996 = CYLINDRICAL_SURFACE ( 'NONE', #223, 0.5000000000000559552 ) ;
#6997 = CARTESIAN_POINT ( 'NONE',  ( -50.00000000000000000, 14.29499999999650584, -37.50000000001130473 ) ) ;
#6998 = ORIENTED_EDGE ( 'NONE', *, *, #658, .F. ) ;
#6999 = VERTEX_POINT ( 'NONE', #7454 ) ;
#7000 = CARTESIAN_POINT ( 'NONE',  ( 50.00000000000000000, -12.50499999999643563, 32.49999999998743050 ) ) ;
#7001 = EDGE_CURVE ( 'NONE', #1929, #826, #6578, .T. ) ;
#7002 = DIRECTION ( 'NONE',  ( -1.000000000000000000, -0.000000000000000000, -0.000000000000000000 ) ) ;
#7003 = VECTOR ( 'NONE', #9079, 1000.000000000000000 ) ;
#7004 = VERTEX_POINT ( 'NONE', #7351 ) ;
#7005 = ADVANCED_FACE ( 'NONE', ( #3139 ), #8226, .F. ) ;
#7006 = ORIENTED_EDGE ( 'NONE', *, *, #6332, .F. ) ;
#7007 = VERTEX_POINT ( 'NONE', #4944 ) ;
#7008 = EDGE_CURVE ( 'NONE', #10433, #4863, #8989, .T. ) ;
#7009 = CARTESIAN_POINT ( 'NONE',  ( 50.00000000000000000, -1.744999999996554862, 32.99999999998737366 ) ) ;
#7010 = CIRCLE ( 'NONE', #8410, 0.5000000000000004441 ) ;
#7011 = DIRECTION ( 'NONE',  ( 0.000000000000000000, -1.000000000000000000, 0.000000000000000000 ) ) ;
#7012 = PLANE ( 'NONE',  #1629 ) ;
#7013 = ORIENTED_EDGE ( 'NONE', *, *, #6198, .T. ) ;
#7014 = CARTESIAN_POINT ( 'NONE',  ( -50.00000000000000000, -8.704999999996520188, 37.49999999998743050 ) ) ;
#7015 = DIRECTION ( 'NONE',  ( -1.000000000000000000, -0.000000000000000000, -0.000000000000000000 ) ) ;
#7016 = VERTEX_POINT ( 'NONE', #6642 ) ;
#7017 = EDGE_CURVE ( 'NONE', #10129, #10756, #7314, .T. ) ;
#7018 = AXIS2_PLACEMENT_3D ( 'NONE', #3299, #6415, #5646 ) ;
#7019 = ORIENTED_EDGE ( 'NONE', *, *, #6191, .F. ) ;
#7020 = DIRECTION ( 'NONE',  ( 1.000000000000000000, 0.000000000000000000, 0.000000000000000000 ) ) ;
#7021 = CARTESIAN_POINT ( 'NONE',  ( 50.00000000000000000, 17.54500000000647120, 31.99999999997632472 ) ) ;
#7022 = PLANE ( 'NONE',  #3895 ) ;
#7023 = LINE ( 'NONE', #1229, #6274 ) ;
#7024 = VECTOR ( 'NONE', #3836, 1000.000000000000000 ) ;
#7025 = ORIENTED_EDGE ( 'NONE', *, *, #3871, .F. ) ;
#7026 = CARTESIAN_POINT ( 'NONE',  ( 50.00000000000000000, 6.495000000003470220, 33.99999999998737366 ) ) ;
#7027 = ORIENTED_EDGE ( 'NONE', *, *, #3522, .T. ) ;
#7028 = DIRECTION ( 'NONE',  ( -1.000000000000000000, -0.000000000000000000, -0.000000000000000000 ) ) ;
#7029 = ORIENTED_EDGE ( 'NONE', *, *, #1915, .F. ) ;
#7030 = VECTOR ( 'NONE', #958, 1000.000000000000000 ) ;
#7031 = ORIENTED_EDGE ( 'NONE', *, *, #5922, .T. ) ;
#7032 = CARTESIAN_POINT ( 'NONE',  ( -50.00000000000000000, 10.79500000000333060, 37.49999999998743050 ) ) ;
#7033 = DIRECTION ( 'NONE',  ( 0.000000000000000000, 0.000000000000000000, -1.000000000000000000 ) ) ;
#7034 = DIRECTION ( 'NONE',  ( -1.000000000000000000, -0.000000000000000000, -0.000000000000000000 ) ) ;
#7035 = CARTESIAN_POINT ( 'NONE',  ( -50.00000000000000000, 13.79500000000344428, 37.99999999998743050 ) ) ;
#7036 = ORIENTED_EDGE ( 'NONE', *, *, #2641, .F. ) ;
#7037 = DIRECTION ( 'NONE',  ( 0.000000000000000000, 0.000000000000000000, -1.000000000000000000 ) ) ;
#7038 = ORIENTED_EDGE ( 'NONE', *, *, #7315, .T. ) ;
#7039 = VECTOR ( 'NONE', #9265, 1000.000000000000000 ) ;
#7040 = CARTESIAN_POINT ( 'NONE',  ( -50.00000000000000000, -17.45500000000122043, -32.99999999999436540 ) ) ;
#7041 = CARTESIAN_POINT ( 'NONE',  ( 50.00000000000000000, -17.95499999999650242, -38.00000000001247003 ) ) ;
#7042 = ADVANCED_FACE ( 'NONE', ( #620 ), #5822, .T. ) ;
#7043 = VERTEX_POINT ( 'NONE', #1550 ) ;
#7044 = PLANE ( 'NONE',  #2917 ) ;
#7045 = CARTESIAN_POINT ( 'NONE',  ( -50.00000000000000000, 7.394999999996265672, -34.00000000001046629 ) ) ;
#7046 = CARTESIAN_POINT ( 'NONE',  ( 50.00000000000000000, 8.294999999996498730, -35.80000000001126637 ) ) ;
#7047 = DIRECTION ( 'NONE',  ( -0.000000000000000000, -0.000000000000000000, 1.000000000000000000 ) ) ;
#7048 = DIRECTION ( 'NONE',  ( -1.000000000000000000, -0.000000000000000000, -0.000000000000000000 ) ) ;
#7049 = ORIENTED_EDGE ( 'NONE', *, *, #2859, .T. ) ;
#7050 = ORIENTED_EDGE ( 'NONE', *, *, #6659, .T. ) ;
#7051 = EDGE_CURVE ( 'NONE', #6711, #7928, #20, .T. ) ;
#7052 = CARTESIAN_POINT ( 'NONE',  ( 50.00000000000000000, 3.295000000003489582, 37.49999999998743050 ) ) ;
#7053 = DIRECTION ( 'NONE',  ( -0.000000000000000000, -0.000000000000000000, -1.000000000000000000 ) ) ;
#7054 = EDGE_CURVE ( 'NONE', #7285, #5180, #8543, .T. ) ;
#7055 = VERTEX_POINT ( 'NONE', #7565 ) ;
#7056 = CIRCLE ( 'NONE', #9338, 3.000000000000002665 ) ;
#7057 = EDGE_LOOP ( 'NONE', ( #9808, #7299, #3951, #6799 ) ) ;
#7058 = ORIENTED_EDGE ( 'NONE', *, *, #7257, .T. ) ;
#7059 = CIRCLE ( 'NONE', #8104, 0.5000000000001323386 ) ;
#7060 = ADVANCED_FACE ( 'NONE', ( #10193 ), #4230, .F. ) ;
#7061 = CARTESIAN_POINT ( 'NONE',  ( 50.00000000000000000, -11.80499999999840099, -34.00000000000547118 ) ) ;
#7062 = LINE ( 'NONE', #9584, #10788 ) ;
#7063 = EDGE_CURVE ( 'NONE', #6977, #5388, #7724, .T. ) ;
#7064 = CARTESIAN_POINT ( 'NONE',  ( -50.00000000000000000, 19.04500000000353310, 30.79999999998739213 ) ) ;
#7065 = ORIENTED_EDGE ( 'NONE', *, *, #7473, .T. ) ;
#7066 = EDGE_CURVE ( 'NONE', #5467, #2620, #2689, .T. ) ;
#7067 = LINE ( 'NONE', #3783, #1881 ) ;
#7068 = LINE ( 'NONE', #6245, #5069 ) ;
#7069 = EDGE_CURVE ( 'NONE', #968, #222, #8549, .T. ) ;
#7070 = VERTEX_POINT ( 'NONE', #4339 ) ;
#7071 = ORIENTED_EDGE ( 'NONE', *, *, #5000, .T. ) ;
#7072 = VECTOR ( 'NONE', #2863, 1000.000000000000000 ) ;
#7073 = CIRCLE ( 'NONE', #2004, 0.9999999999998898659 ) ;
#7074 = CARTESIAN_POINT ( 'NONE',  ( -50.00000000000000000, 6.295000000003492246, 37.49999999998743050 ) ) ;
#7075 = CARTESIAN_POINT ( 'NONE',  ( 50.00000000000000000, 12.79499999999622517, -34.00000000001046629 ) ) ;
#7076 = EDGE_CURVE ( 'NONE', #3053, #6113, #6850, .T. ) ;
#7077 = DIRECTION ( 'NONE',  ( -0.000000000000000000, -0.000000000000000000, -1.000000000000000000 ) ) ;
#7078 = DIRECTION ( 'NONE',  ( -1.000000000000000000, -0.000000000000000000, -0.000000000000000000 ) ) ;
#7079 = EDGE_LOOP ( 'NONE', ( #6375, #3437, #4458, #5848 ) ) ;
#7080 = CARTESIAN_POINT ( 'NONE',  ( 50.00000000000000000, 4.694999999996452011, -34.00000000001046629 ) ) ;
#7081 = VERTEX_POINT ( 'NONE', #5102 ) ;
#7082 = AXIS2_PLACEMENT_3D ( 'NONE', #6986, #4473, #7802 ) ;
#7083 = CARTESIAN_POINT ( 'NONE',  ( 50.00000000000000000, -9.104999999996476134, 32.69999999998740492 ) ) ;
#7084 = EDGE_LOOP ( 'NONE', ( #4398, #8238, #3555, #7523 ) ) ;
#7085 = ORIENTED_EDGE ( 'NONE', *, *, #8062, .F. ) ;
#7086 = ORIENTED_EDGE ( 'NONE', *, *, #3778, .T. ) ;
#7087 = CARTESIAN_POINT ( 'NONE',  ( 50.00000000000000000, 1.795000000003432739, 37.49999999998743050 ) ) ;
#7088 = VECTOR ( 'NONE', #859, 1000.000000000000000 ) ;
#7089 = DIRECTION ( 'NONE',  ( 1.000000000000000000, 0.000000000000000000, 0.000000000000000000 ) ) ;
#7090 = CARTESIAN_POINT ( 'NONE',  ( -50.00000000000000000, 9.894999999996322515, -32.70000000001061125 ) ) ;
#7091 = LINE ( 'NONE', #3865, #3991 ) ;
#7092 = VERTEX_POINT ( 'NONE', #231 ) ;
#7093 = CARTESIAN_POINT ( 'NONE',  ( 50.00000000000000000, 1.794999999996438333, -35.80000000001126637 ) ) ;
#7094 = VERTEX_POINT ( 'NONE', #9267 ) ;
#7095 = DIRECTION ( 'NONE',  ( -0.000000000000000000, -0.2588190451708825557, -0.9659258262707508536 ) ) ;
#7096 = FACE_OUTER_BOUND ( 'NONE', #10366, .T. ) ;
#7097 = VERTEX_POINT ( 'NONE', #6030 ) ;
#7098 = VERTEX_POINT ( 'NONE', #1060 ) ;
#7099 = DIRECTION ( 'NONE',  ( 0.000000000000000000, 0.000000000000000000, -1.000000000000000000 ) ) ;
#7100 = CARTESIAN_POINT ( 'NONE',  ( -50.00000000000000000, -0.1649999999991935695, -31.70000000000583640 ) ) ;
#7101 = PLANE ( 'NONE',  #8710 ) ;
#7102 = DIRECTION ( 'NONE',  ( -0.000000000000000000, -0.000000000000000000, -1.000000000000000000 ) ) ;
#7103 = CARTESIAN_POINT ( 'NONE',  ( -50.00000000000000000, -3.704999999998848104, -34.00000000000547118 ) ) ;
#7104 = ORIENTED_EDGE ( 'NONE', *, *, #8719, .F. ) ;
#7105 = VERTEX_POINT ( 'NONE', #4394 ) ;
#7106 = CARTESIAN_POINT ( 'NONE',  ( -50.00000000000000000, -8.204999999996577031, -37.50000000001251976 ) ) ;
#7107 = CIRCLE ( 'NONE', #6924, 0.5000000000000004441 ) ;
#7108 = FACE_OUTER_BOUND ( 'NONE', #10592, .T. ) ;
#7109 = ORIENTED_EDGE ( 'NONE', *, *, #3253, .T. ) ;
#7110 = ORIENTED_EDGE ( 'NONE', *, *, #8779, .T. ) ;
#7111 = ORIENTED_EDGE ( 'NONE', *, *, #6602, .T. ) ;
#7112 = AXIS2_PLACEMENT_3D ( 'NONE', #7247, #6428, #9776 ) ;
#7113 = CARTESIAN_POINT ( 'NONE',  ( -50.00000000000000000, -4.604999999996528537, 33.99999999998737366 ) ) ;
#7114 = ADVANCED_FACE ( 'NONE', ( #6901 ), #1762, .T. ) ;
#7115 = DIRECTION ( 'NONE',  ( -1.000000000000000000, -0.000000000000000000, -0.000000000000000000 ) ) ;
#7116 = DIRECTION ( 'NONE',  ( 1.000000000000000000, 0.000000000000000000, 0.000000000000000000 ) ) ;
#7117 = ORIENTED_EDGE ( 'NONE', *, *, #4838, .F. ) ;
#7118 = VECTOR ( 'NONE', #10213, 1000.000000000000000 ) ;
#7119 = DIRECTION ( 'NONE',  ( -1.000000000000000000, -0.000000000000000000, -0.000000000000000000 ) ) ;
#7120 = DIRECTION ( 'NONE',  ( -1.000000000000000000, -0.000000000000000000, -0.000000000000000000 ) ) ;
#7121 = CIRCLE ( 'NONE', #10444, 0.5000000000000213163 ) ;
#7122 = ORIENTED_EDGE ( 'NONE', *, *, #446, .F. ) ;
#7123 = EDGE_CURVE ( 'NONE', #6900, #1920, #8439, .T. ) ;
#7124 = ORIENTED_EDGE ( 'NONE', *, *, #6329, .T. ) ;
#7125 = EDGE_CURVE ( 'NONE', #5360, #6788, #2742, .T. ) ;
#7126 = CIRCLE ( 'NONE', #9235, 3.000000000000002665 ) ;
#7127 = EDGE_CURVE ( 'NONE', #7055, #8197, #8386, .T. ) ;
#7128 = CARTESIAN_POINT ( 'NONE',  ( 50.00000000000000000, 12.79499999999622517, -34.00000000001046629 ) ) ;
#7129 = EDGE_CURVE ( 'NONE', #1920, #2591, #10298, .T. ) ;
#7130 = CARTESIAN_POINT ( 'NONE',  ( 50.00000000000000000, -7.104999999996475246, 32.49999999998743050 ) ) ;
#7131 = AXIS2_PLACEMENT_3D ( 'NONE', #8580, #6883, #10229 ) ;
#7132 = LINE ( 'NONE', #7237, #10362 ) ;
#7133 = DIRECTION ( 'NONE',  ( 0.000000000000000000, 1.000000000000000000, 0.000000000000000000 ) ) ;
#7134 = DIRECTION ( 'NONE',  ( 1.000000000000000000, 0.000000000000000000, 0.000000000000000000 ) ) ;
#7135 = EDGE_LOOP ( 'NONE', ( #5366, #2199, #7367, #3338 ) ) ;
#7136 = AXIS2_PLACEMENT_3D ( 'NONE', #1116, #7439, #3340 ) ;
#7137 = VECTOR ( 'NONE', #9450, 1000.000000000000000 ) ;
#7138 = ORIENTED_EDGE ( 'NONE', *, *, #3580, .T. ) ;
#7139 = VECTOR ( 'NONE', #4919, 1000.000000000000000 ) ;
#7140 = EDGE_CURVE ( 'NONE', #1651, #7312, #866, .T. ) ;
#7141 = ORIENTED_EDGE ( 'NONE', *, *, #5907, .T. ) ;
#7142 = EDGE_CURVE ( 'NONE', #9638, #10711, #2637, .T. ) ;
#7143 = LINE ( 'NONE', #3749, #3638 ) ;
#7144 = VECTOR ( 'NONE', #10567, 1000.000000000000000 ) ;
#7145 = DIRECTION ( 'NONE',  ( 1.000000000000000000, 0.000000000000000000, 0.000000000000000000 ) ) ;
#7146 = VECTOR ( 'NONE', #139, 1000.000000000000000 ) ;
#7147 = DIRECTION ( 'NONE',  ( -1.000000000000000000, 0.000000000000000000, -0.000000000000000000 ) ) ;
#7148 = DIRECTION ( 'NONE',  ( 0.000000000000000000, 0.000000000000000000, 1.000000000000000000 ) ) ;
#7149 = ORIENTED_EDGE ( 'NONE', *, *, #105, .T. ) ;
#7150 = AXIS2_PLACEMENT_3D ( 'NONE', #7041, #10381, #2879 ) ;
#7151 = DIRECTION ( 'NONE',  ( 0.000000000000000000, 1.000000000000000000, 0.000000000000000000 ) ) ;
#7152 = ORIENTED_EDGE ( 'NONE', *, *, #7398, .T. ) ;
#7153 = DIRECTION ( 'NONE',  ( 0.000000000000000000, 0.000000000000000000, 1.000000000000000000 ) ) ;
#7154 = CARTESIAN_POINT ( 'NONE',  ( -50.00000000000000000, 12.59500000000346454, 32.49999999998743050 ) ) ;
#7155 = CIRCLE ( 'NONE', #3834, 0.5000000000000004441 ) ;
#7156 = ORIENTED_EDGE ( 'NONE', *, *, #1363, .F. ) ;
#7157 = ADVANCED_FACE ( 'NONE', ( #9320 ), #1814, .F. ) ;
#7158 = VERTEX_POINT ( 'NONE', #8742 ) ;
#7159 = LINE ( 'NONE', #7966, #1526 ) ;
#7160 = CARTESIAN_POINT ( 'NONE',  ( 50.00000000000000000, -3.904999999998937099, -32.70000000000561613 ) ) ;
#7161 = DIRECTION ( 'NONE',  ( 1.000000000000000000, 0.000000000000000000, 0.000000000000000000 ) ) ;
#7162 = AXIS2_PLACEMENT_3D ( 'NONE', #8405, #1782, #966 ) ;
#7163 = DIRECTION ( 'NONE',  ( 0.000000000000000000, 0.000000000000000000, 1.000000000000000000 ) ) ;
#7164 = DIRECTION ( 'NONE',  ( 0.000000000000000000, -0.000000000000000000, 1.000000000000000000 ) ) ;
#7165 = CARTESIAN_POINT ( 'NONE',  ( 50.00000000000000000, -18.95499999999827878, -30.80000000000548965 ) ) ;
#7166 = VERTEX_POINT ( 'NONE', #7100 ) ;
#7167 = LINE ( 'NONE', #3608, #6540 ) ;
#7168 = CARTESIAN_POINT ( 'NONE',  ( 50.00000000000000000, 0.05500000000324689609, 32.99999999998737366 ) ) ;
#7169 = ORIENTED_EDGE ( 'NONE', *, *, #7515, .T. ) ;
#7170 = ORIENTED_EDGE ( 'NONE', *, *, #7646, .T. ) ;
#7171 = ORIENTED_EDGE ( 'NONE', *, *, #1912, .T. ) ;
#7172 = CARTESIAN_POINT ( 'NONE',  ( 50.00000000000000000, -7.104999999996475246, 32.49999999998743050 ) ) ;
#7173 = FACE_OUTER_BOUND ( 'NONE', #8789, .T. ) ;
#7174 = DIRECTION ( 'NONE',  ( -1.000000000000000000, -0.000000000000000000, -0.000000000000000000 ) ) ;
#7175 = LINE ( 'NONE', #8811, #6171 ) ;
#7176 = ORIENTED_EDGE ( 'NONE', *, *, #9682, .T. ) ;
#7177 = AXIS2_PLACEMENT_3D ( 'NONE', #10233, #986, #6835 ) ;
#7178 = CARTESIAN_POINT ( 'NONE',  ( -50.00000000000000000, -17.03416154989456643, 31.42940952257988840 ) ) ;
#7179 = DIRECTION ( 'NONE',  ( 0.000000000000000000, 0.000000000000000000, -1.000000000000000000 ) ) ;
#7180 = DIRECTION ( 'NONE',  ( 1.000000000000000000, 0.000000000000000000, 0.000000000000000000 ) ) ;
#7181 = EDGE_LOOP ( 'NONE', ( #4621, #8913, #6309, #1143 ) ) ;
#7182 = ADVANCED_FACE ( 'NONE', ( #8904 ), #10385, .F. ) ;
#7183 = VERTEX_POINT ( 'NONE', #4537 ) ;
#7184 = VECTOR ( 'NONE', #9115, 1000.000000000000000 ) ;
#7185 = FACE_OUTER_BOUND ( 'NONE', #5533, .T. ) ;
#7186 = DIRECTION ( 'NONE',  ( 0.000000000000000000, 0.000000000000000000, -1.000000000000000000 ) ) ;
#7187 = DIRECTION ( 'NONE',  ( 0.000000000000000000, -0.000000000000000000, 1.000000000000000000 ) ) ;
#7188 = DIRECTION ( 'NONE',  ( 0.000000000000000000, -1.000000000000000000, 0.000000000000000000 ) ) ;
#7189 = CARTESIAN_POINT ( 'NONE',  ( -50.00000000000000000, 17.60712446303502787, -30.80000000001240679 ) ) ;
#7190 = ORIENTED_EDGE ( 'NONE', *, *, #4209, .T. ) ;
#7191 =( GEOMETRIC_REPRESENTATION_CONTEXT ( 3 ) GLOBAL_UNCERTAINTY_ASSIGNED_CONTEXT ( ( #7400 ) ) GLOBAL_UNIT_ASSIGNED_CONTEXT ( ( #3685, #3739, #3790 ) ) REPRESENTATION_CONTEXT ( 'NONE', 'WORKASPACE' ) );
#7192 = EDGE_CURVE ( 'NONE', #4705, #7396, #5411, .T. ) ;
#7193 = EDGE_CURVE ( 'NONE', #574, #6210, #8720, .T. ) ;
#7194 = ORIENTED_EDGE ( 'NONE', *, *, #10345, .T. ) ;
#7195 = ORIENTED_EDGE ( 'NONE', *, *, #7597, .T. ) ;
#7196 = CARTESIAN_POINT ( 'NONE',  ( 50.00000000000000000, 21.04500000000353310, 34.99999999998737366 ) ) ;
#7197 = VECTOR ( 'NONE', #10777, 1000.000000000000000 ) ;
#7198 = DIRECTION ( 'NONE',  ( 0.000000000000000000, 0.000000000000000000, -1.000000000000000000 ) ) ;
#7199 = LINE ( 'NONE', #2210, #8501 ) ;
#7200 = EDGE_CURVE ( 'NONE', #1074, #7436, #4694, .T. ) ;
#7201 = DIRECTION ( 'NONE',  ( -1.000000000000000000, -0.000000000000000000, -0.000000000000000000 ) ) ;
#7202 = ORIENTED_EDGE ( 'NONE', *, *, #4732, .T. ) ;
#7203 = EDGE_CURVE ( 'NONE', #10629, #10156, #517, .T. ) ;
#7204 = DIRECTION ( 'NONE',  ( 0.000000000000000000, 0.000000000000000000, -1.000000000000000000 ) ) ;
#7205 = ORIENTED_EDGE ( 'NONE', *, *, #7939, .F. ) ;
#7206 = EDGE_CURVE ( 'NONE', #4225, #4675, #9626, .T. ) ;
#7207 = FACE_OUTER_BOUND ( 'NONE', #9386, .T. ) ;
#7208 = DIRECTION ( 'NONE',  ( 0.000000000000000000, 0.000000000000000000, -1.000000000000000000 ) ) ;
#7209 = CIRCLE ( 'NONE', #8432, 0.5000000000000004441 ) ;
#7210 = VERTEX_POINT ( 'NONE', #9678 ) ;
#7211 = ORIENTED_EDGE ( 'NONE', *, *, #4874, .F. ) ;
#7212 = DIRECTION ( 'NONE',  ( 0.000000000000000000, 0.7071067811865474617, -0.7071067811865474617 ) ) ;
#7213 = DIRECTION ( 'NONE',  ( 0.000000000000000000, -0.000000000000000000, 1.000000000000000000 ) ) ;
#7214 = DIRECTION ( 'NONE',  ( 0.000000000000000000, 1.000000000000000000, 0.000000000000000000 ) ) ;
#7215 = CARTESIAN_POINT ( 'NONE',  ( 50.00000000000000000, 6.295000000003492246, 37.49999999998743050 ) ) ;
#7216 = VECTOR ( 'NONE', #6526, 1000.000000000000000 ) ;
#7217 = EDGE_CURVE ( 'NONE', #6110, #10372, #9252, .T. ) ;
#7218 = CARTESIAN_POINT ( 'NONE',  ( 50.00000000000000000, -3.704999999996516635, 37.49999999998743050 ) ) ;
#7219 = ORIENTED_EDGE ( 'NONE', *, *, #4861, .T. ) ;
#7220 = DIRECTION ( 'NONE',  ( -1.000000000000000000, -0.000000000000000000, -0.000000000000000000 ) ) ;
#7221 = DIRECTION ( 'NONE',  ( 1.000000000000000000, 0.000000000000000000, 0.000000000000000000 ) ) ;
#7222 = ORIENTED_EDGE ( 'NONE', *, *, #9152, .F. ) ;
#7223 = ORIENTED_EDGE ( 'NONE', *, *, #4209, .F. ) ;
#7224 = ORIENTED_EDGE ( 'NONE', *, *, #10267, .F. ) ;
#7225 = DIRECTION ( 'NONE',  ( 0.000000000000000000, 0.000000000000000000, 1.000000000000000000 ) ) ;
#7226 = CARTESIAN_POINT ( 'NONE',  ( 50.00000000000000000, -18.95499999999827878, -30.80000000000548965 ) ) ;
#7227 = DIRECTION ( 'NONE',  ( -1.000000000000000000, 0.000000000000000000, -0.000000000000000000 ) ) ;
#7228 = DIRECTION ( 'NONE',  ( -1.000000000000000000, -0.000000000000000000, -0.000000000000000000 ) ) ;
#7229 = ORIENTED_EDGE ( 'NONE', *, *, #5444, .T. ) ;
#7230 = DIRECTION ( 'NONE',  ( -1.000000000000000000, -0.000000000000000000, -0.000000000000000000 ) ) ;
#7231 = DIRECTION ( 'NONE',  ( 1.000000000000000000, 0.000000000000000000, -0.000000000000000000 ) ) ;
#7232 = ORIENTED_EDGE ( 'NONE', *, *, #8869, .F. ) ;
#7233 = VERTEX_POINT ( 'NONE', #7045 ) ;
#7234 = AXIS2_PLACEMENT_3D ( 'NONE', #928, #2668, #1795 ) ;
#7235 = CARTESIAN_POINT ( 'NONE',  ( -50.00000000000000000, -12.70499999999646867, 32.69999999998740492 ) ) ;
#7236 = DIRECTION ( 'NONE',  ( 0.000000000000000000, 0.000000000000000000, -1.000000000000000000 ) ) ;
#7237 = CARTESIAN_POINT ( 'NONE',  ( -50.00000000000000000, 8.294999999996498730, -37.50000000001130473 ) ) ;
#7238 = CARTESIAN_POINT ( 'NONE',  ( 50.00000000000000000, 9.194999999996177564, -34.00000000001046629 ) ) ;
#7239 = PLANE ( 'NONE',  #4799 ) ;
#7240 = VERTEX_POINT ( 'NONE', #591 ) ;
#7241 = AXIS2_PLACEMENT_3D ( 'NONE', #4741, #697, #6492 ) ;
#7242 = ORIENTED_EDGE ( 'NONE', *, *, #1589, .T. ) ;
#7243 = VERTEX_POINT ( 'NONE', #9566 ) ;
#7244 = LINE ( 'NONE', #5001, #2925 ) ;
#7245 = CARTESIAN_POINT ( 'NONE',  ( 50.00000000000000000, 12.09500000000340947, 32.49999999998743050 ) ) ;
#7246 = ADVANCED_FACE ( 'NONE', ( #3099 ), #9786, .F. ) ;
#7247 = CARTESIAN_POINT ( 'NONE',  ( 50.00000000000000000, -0.1649999999987494803, -35.60000000000551523 ) ) ;
#7248 = AXIS2_PLACEMENT_3D ( 'NONE', #10542, #3971, #5667 ) ;
#7249 = DIRECTION ( 'NONE',  ( -1.000000000000000000, -0.000000000000000000, -0.000000000000000000 ) ) ;
#7250 = ORIENTED_EDGE ( 'NONE', *, *, #8957, .T. ) ;
#7251 = EDGE_CURVE ( 'NONE', #6299, #3444, #2122, .T. ) ;
#7252 = DIRECTION ( 'NONE',  ( 0.000000000000000000, 0.000000000000000000, -1.000000000000000000 ) ) ;
#7253 = VERTEX_POINT ( 'NONE', #2993 ) ;
#7254 = LINE ( 'NONE', #10593, #963 ) ;
#7255 = DIRECTION ( 'NONE',  ( 1.000000000000000000, 0.000000000000000000, 0.000000000000000000 ) ) ;
#7256 = VERTEX_POINT ( 'NONE', #5459 ) ;
#7257 = EDGE_CURVE ( 'NONE', #2927, #6480, #2069, .T. ) ;
#7258 = VECTOR ( 'NONE', #7740, 1000.000000000000000 ) ;
#7259 = ORIENTED_EDGE ( 'NONE', *, *, #9020, .F. ) ;
#7260 = EDGE_CURVE ( 'NONE', #1644, #6849, #2223, .T. ) ;
#7261 = CARTESIAN_POINT ( 'NONE',  ( 50.00000000000000000, 1.294999999996493401, -37.50000000001130473 ) ) ;
#7262 = CARTESIAN_POINT ( 'NONE',  ( 50.00000000000000000, -4.204999999996572591, -37.50000000001251976 ) ) ;
#7263 = ADVANCED_FACE ( 'NONE', ( #9730 ), #6339, .F. ) ;
#7264 = LINE ( 'NONE', #10602, #5750 ) ;
#7265 = DIRECTION ( 'NONE',  ( 1.000000000000000000, 0.000000000000000000, 0.000000000000000000 ) ) ;
#7266 = ADVANCED_FACE ( 'NONE', ( #8843 ), #8081, .F. ) ;
#7267 = CARTESIAN_POINT ( 'NONE',  ( 50.00000000000000000, 13.79500000000344428, 37.49999999998743050 ) ) ;
#7268 = ORIENTED_EDGE ( 'NONE', *, *, #385, .F. ) ;
#7269 = DIRECTION ( 'NONE',  ( 0.000000000000000000, 0.000000000000000000, 1.000000000000000000 ) ) ;
#7270 = CARTESIAN_POINT ( 'NONE',  ( -50.00000000000000000, 12.79499999999622517, -34.00000000001046629 ) ) ;
#7271 = ORIENTED_EDGE ( 'NONE', *, *, #5080, .T. ) ;
#7272 = ORIENTED_EDGE ( 'NONE', *, *, #9072, .T. ) ;
#7273 = VERTEX_POINT ( 'NONE', #2283 ) ;
#7274 = EDGE_CURVE ( 'NONE', #6973, #5337, #10551, .T. ) ;
#7275 = EDGE_CURVE ( 'NONE', #10, #5954, #5621, .T. ) ;
#7276 = FACE_OUTER_BOUND ( 'NONE', #8483, .T. ) ;
#7277 = CARTESIAN_POINT ( 'NONE',  ( 50.00000000000000000, -3.204999999996571702, -37.50000000001251976 ) ) ;
#7278 = FACE_OUTER_BOUND ( 'NONE', #4948, .T. ) ;
#7279 = AXIS2_PLACEMENT_3D ( 'NONE', #7694, #1081, #8462 ) ;
#7280 = CARTESIAN_POINT ( 'NONE',  ( 50.00000000000000000, 8.795000000003438956, 37.49999999998743050 ) ) ;
#7281 = ORIENTED_EDGE ( 'NONE', *, *, #2851, .T. ) ;
#7282 = VERTEX_POINT ( 'NONE', #1464 ) ;
#7283 = LINE ( 'NONE', #5966, #947 ) ;
#7284 = DIRECTION ( 'NONE',  ( 0.000000000000000000, 1.000000000000000000, 0.000000000000000000 ) ) ;
#7285 = VERTEX_POINT ( 'NONE', #7318 ) ;
#7286 = VERTEX_POINT ( 'NONE', #42 ) ;
#7287 = VECTOR ( 'NONE', #9057, 1000.000000000000000 ) ;
#7288 = FACE_OUTER_BOUND ( 'NONE', #2229, .T. ) ;
#7289 = CARTESIAN_POINT ( 'NONE',  ( 50.00000000000000000, 18.04500000001618787, -37.99999999999981526 ) ) ;
#7290 = CARTESIAN_POINT ( 'NONE',  ( 50.00000000000000000, -17.95499999999650242, -35.00000000001246292 ) ) ;
#7291 = CARTESIAN_POINT ( 'NONE',  ( 50.00000000000000000, 10.09500000000351783, 32.69999999998740492 ) ) ;
#7292 = VECTOR ( 'NONE', #10084, 1000.000000000000000 ) ;
#7293 = LINE ( 'NONE', #10637, #7649 ) ;
#7294 = ORIENTED_EDGE ( 'NONE', *, *, #7274, .F. ) ;
#7295 = VECTOR ( 'NONE', #478, 1000.000000000000000 ) ;
#7296 = ORIENTED_EDGE ( 'NONE', *, *, #2669, .T. ) ;
#7297 = VECTOR ( 'NONE', #7567, 1000.000000000000000 ) ;
#7298 = VERTEX_POINT ( 'NONE', #7373 ) ;
#7299 = ORIENTED_EDGE ( 'NONE', *, *, #1646, .F. ) ;
#7300 = DIRECTION ( 'NONE',  ( 0.000000000000000000, -0.000000000000000000, -1.000000000000000000 ) ) ;
#7301 = CARTESIAN_POINT ( 'NONE',  ( -50.00000000000000000, -8.204999999996577031, -35.80000000001248850 ) ) ;
#7302 = CARTESIAN_POINT ( 'NONE',  ( 50.00000000000000000, 11.79500000000344073, 35.79999999998739924 ) ) ;
#7303 = VECTOR ( 'NONE', #9217, 1000.000000000000000 ) ;
#7304 = CARTESIAN_POINT ( 'NONE',  ( 50.00000000000000000, 9.294999999996500506, -37.50000000001130473 ) ) ;
#7305 = VERTEX_POINT ( 'NONE', #9018 ) ;
#7306 = CIRCLE ( 'NONE', #497, 0.1999999999999779732 ) ;
#7307 = DIRECTION ( 'NONE',  ( 0.000000000000000000, -1.000000000000000000, 0.000000000000000000 ) ) ;
#7308 = ORIENTED_EDGE ( 'NONE', *, *, #1177, .F. ) ;
#7309 = PLANE ( 'NONE',  #10394 ) ;
#7310 = VECTOR ( 'NONE', #3277, 1000.000000000000000 ) ;
#7311 = CARTESIAN_POINT ( 'NONE',  ( 50.00000000000000000, -1.944999999996643858, 34.29999999998744897 ) ) ;
#7312 = VERTEX_POINT ( 'NONE', #2554 ) ;
#7313 = AXIS2_PLACEMENT_3D ( 'NONE', #4480, #3552, #2724 ) ;
#7315 = EDGE_CURVE ( 'NONE', #7467, #7240, #755, .T. ) ;
#7314 = CIRCLE ( 'NONE', #1034, 0.1999999999999779732 ) ;
#7316 = ORIENTED_EDGE ( 'NONE', *, *, #10680, .T. ) ;
#7317 = DIRECTION ( 'NONE',  ( 0.000000000000000000, 0.000000000000000000, 1.000000000000000000 ) ) ;
#7318 = CARTESIAN_POINT ( 'NONE',  ( 50.00000000000000000, 14.84499999999622233, -32.29417527064206439 ) ) ;
#7319 = LINE ( 'NONE', #5018, #9032 ) ;
#7320 = LINE ( 'NONE', #3162, #2488 ) ;
#7321 = CARTESIAN_POINT ( 'NONE',  ( -50.00000000000000000, -16.20499999999647400, 37.49999999998743050 ) ) ;
#7322 = ORIENTED_EDGE ( 'NONE', *, *, #6791, .T. ) ;
#7323 = EDGE_CURVE ( 'NONE', #9975, #6402, #8199, .T. ) ;
#7324 = CARTESIAN_POINT ( 'NONE',  ( 50.00000000000000000, 0.2550000000035579362, 31.69999999998729479 ) ) ;
#7325 = AXIS2_PLACEMENT_3D ( 'NONE', #2173, #5566, #5510 ) ;
#7326 = EDGE_CURVE ( 'NONE', #2022, #6218, #6636, .T. ) ;
#7327 = DIRECTION ( 'NONE',  ( 0.000000000000000000, 0.000000000000000000, -1.000000000000000000 ) ) ;
#7328 = EDGE_CURVE ( 'NONE', #5585, #5270, #869, .T. ) ;
#7329 = VERTEX_POINT ( 'NONE', #643 ) ;
#7330 = CIRCLE ( 'NONE', #3839, 0.1999999999999779732 ) ;
#7331 = ORIENTED_EDGE ( 'NONE', *, *, #8254, .T. ) ;
#7332 = EDGE_CURVE ( 'NONE', #7305, #8295, #164, .T. ) ;
#7333 = EDGE_LOOP ( 'NONE', ( #3606, #3401, #3115, #6088 ) ) ;
#7334 = DIRECTION ( 'NONE',  ( -1.000000000000000000, -0.000000000000000000, -0.000000000000000000 ) ) ;
#7335 = CARTESIAN_POINT ( 'NONE',  ( -50.00000000000000000, 1.794999999996438333, -37.50000000001130473 ) ) ;
#7336 = CARTESIAN_POINT ( 'NONE',  ( 50.00000000000000000, 19.04500000000353310, -30.80000000001248495 ) ) ;
#7337 = PLANE ( 'NONE',  #8351 ) ;
#7338 = CARTESIAN_POINT ( 'NONE',  ( 50.00000000000000000, -1.904999999998824300, -34.00000000000547118 ) ) ;
#7339 = ORIENTED_EDGE ( 'NONE', *, *, #4883, .F. ) ;
#7340 = ORIENTED_EDGE ( 'NONE', *, *, #898, .T. ) ;
#7341 = EDGE_CURVE ( 'NONE', #6480, #4048, #7429, .T. ) ;
#7342 = CARTESIAN_POINT ( 'NONE',  ( 50.00000000000000000, -9.104999999998586446, -34.00000000000547118 ) ) ;
#7343 = EDGE_CURVE ( 'NONE', #8699, #5470, #6554, .T. ) ;
#7344 = CARTESIAN_POINT ( 'NONE',  ( 50.00000000000000000, 0.2550000000035579362, 35.59999999998741771 ) ) ;
#7345 = ADVANCED_FACE ( 'NONE', ( #9897 ), #4204, .T. ) ;
#7346 = ORIENTED_EDGE ( 'NONE', *, *, #112, .T. ) ;
#7347 = ORIENTED_EDGE ( 'NONE', *, *, #6076, .F. ) ;
#7348 = CARTESIAN_POINT ( 'NONE',  ( 50.00000000000000000, 8.795000000003438956, 37.99999999998743050 ) ) ;
#7349 = CARTESIAN_POINT ( 'NONE',  ( -50.00000000000000000, 11.79500000000344073, 35.79999999998739924 ) ) ;
#7350 = DIRECTION ( 'NONE',  ( 1.000000000000000000, 0.000000000000000000, 0.000000000000000000 ) ) ;
#7351 = CARTESIAN_POINT ( 'NONE',  ( -50.00000000000000000, 14.34499999999616549, -34.00000000001046629 ) ) ;
#7352 = CARTESIAN_POINT ( 'NONE',  ( 50.00000000000000000, 0.2549999999965635311, -35.80000000001126637 ) ) ;
#7353 = EDGE_CURVE ( 'NONE', #7098, #5863, #10647, .T. ) ;
#7354 = ORIENTED_EDGE ( 'NONE', *, *, #9629, .F. ) ;
#7355 = AXIS2_PLACEMENT_3D ( 'NONE', #9514, #324, #8747 ) ;
#7356 = VERTEX_POINT ( 'NONE', #2396 ) ;
#7357 = ORIENTED_EDGE ( 'NONE', *, *, #10683, .F. ) ;
#7358 = ORIENTED_EDGE ( 'NONE', *, *, #1919, .F. ) ;
#7359 = CARTESIAN_POINT ( 'NONE',  ( 50.00000000000000000, -20.95499999999650242, -35.00000000001246292 ) ) ;
#7360 = DIRECTION ( 'NONE',  ( -0.000000000000000000, 0.000000000000000000, 1.000000000000000000 ) ) ;
#7361 = CARTESIAN_POINT ( 'NONE',  ( 50.00000000000000000, -1.944999999996643858, 34.29999999998744897 ) ) ;
#7362 = LINE ( 'NONE', #6649, #4867 ) ;
#7363 = AXIS2_PLACEMENT_3D ( 'NONE', #2489, #8234, #743 ) ;
#7364 = ORIENTED_EDGE ( 'NONE', *, *, #8753, .F. ) ;
#7365 = CARTESIAN_POINT ( 'NONE',  ( 50.00000000000000000, 11.89499999999632607, -32.70000000001061125 ) ) ;
#7366 = CARTESIAN_POINT ( 'NONE',  ( 50.00000000000000000, -3.204999999996516191, 37.49999999998743050 ) ) ;
#7367 = ORIENTED_EDGE ( 'NONE', *, *, #7193, .F. ) ;
#7368 = CYLINDRICAL_SURFACE ( 'NONE', #9519, 0.5000000000000004441 ) ;
#7369 = CARTESIAN_POINT ( 'NONE',  ( 50.00000000000000000, -6.604999999996530313, 32.69999999998740492 ) ) ;
#7370 = AXIS2_PLACEMENT_3D ( 'NONE', #4772, #617, #9980 ) ;
#7371 = ORIENTED_EDGE ( 'NONE', *, *, #629, .F. ) ;
#7372 = CYLINDRICAL_SURFACE ( 'NONE', #6243, 0.4999999999999449329 ) ;
#7373 = CARTESIAN_POINT ( 'NONE',  ( 50.00000000000000000, 17.28618095490330830, 32.03407417368742216 ) ) ;
#7374 = CYLINDRICAL_SURFACE ( 'NONE', #3609, 0.5000000000000004441 ) ;
#7375 = CARTESIAN_POINT ( 'NONE',  ( -50.00000000000000000, 9.394999999996155537, -32.50000000001062972 ) ) ;
#7376 = ORIENTED_EDGE ( 'NONE', *, *, #10277, .T. ) ;
#7377 = EDGE_CURVE ( 'NONE', #1744, #8047, #2084, .T. ) ;
#7378 = FACE_OUTER_BOUND ( 'NONE', #5605, .T. ) ;
#7379 = CARTESIAN_POINT ( 'NONE',  ( -50.00000000000000000, -16.48907417369404982, 32.74118095488665148 ) ) ;
#7380 = ORIENTED_EDGE ( 'NONE', *, *, #9537, .F. ) ;
#7381 = ORIENTED_EDGE ( 'NONE', *, *, #9818, .F. ) ;
#7382 = EDGE_LOOP ( 'NONE', ( #362, #6051, #4819, #1949 ) ) ;
#7383 = CARTESIAN_POINT ( 'NONE',  ( -50.00000000000000000, -12.50499999999643563, 32.49999999998743050 ) ) ;
#7384 = CIRCLE ( 'NONE', #6685, 0.5000000000000559552 ) ;
#7385 =( LENGTH_UNIT ( ) NAMED_UNIT ( * ) SI_UNIT ( .MILLI., .METRE. ) );
#7386 = CARTESIAN_POINT ( 'NONE',  ( 50.00000000000000000, 8.794999999996555573, -37.50000000001130473 ) ) ;
#7387 = ADVANCED_FACE ( 'NONE', ( #10658 ), #7536, .F. ) ;
#7388 = CARTESIAN_POINT ( 'NONE',  ( -50.00000000000000000, 6.295000000003492246, 37.99999999998738076 ) ) ;
#7389 = CARTESIAN_POINT ( 'NONE',  ( 50.00000000000000000, 0.7949999999964374453, -37.50000000001130473 ) ) ;
#7390 = VERTEX_POINT ( 'NONE', #9074 ) ;
#7391 = ORIENTED_EDGE ( 'NONE', *, *, #5573, .T. ) ;
#7392 = ADVANCED_FACE ( 'NONE', ( #1576 ), #8355, .F. ) ;
#7393 = DIRECTION ( 'NONE',  ( 0.000000000000000000, 0.000000000000000000, 1.000000000000000000 ) ) ;
#7394 = AXIS2_PLACEMENT_3D ( 'NONE', #10741, #5821, #3243 ) ;
#7395 = LINE ( 'NONE', #2362, #344 ) ;
#7396 = VERTEX_POINT ( 'NONE', #1627 ) ;
#7397 = ORIENTED_EDGE ( 'NONE', *, *, #1061, .F. ) ;
#7398 = EDGE_CURVE ( 'NONE', #10530, #7408, #6498, .T. ) ;
#7399 = ADVANCED_FACE ( 'NONE', ( #4144 ), #7480, .T. ) ;
#7400 = UNCERTAINTY_MEASURE_WITH_UNIT (LENGTH_MEASURE( 1.000000000000000082E-05 ), #3685, 'distance_accuracy_value', 'NONE');
#7401 = DIRECTION ( 'NONE',  ( -1.000000000000000000, -0.000000000000000000, -0.000000000000000000 ) ) ;
#7402 = EDGE_CURVE ( 'NONE', #8902, #968, #9180, .T. ) ;
#7403 = LINE ( 'NONE', #4773, #7465 ) ;
#7404 = CARTESIAN_POINT ( 'NONE',  ( -50.00000000000000000, 11.79500000000355264, 37.49999999998743050 ) ) ;
#7405 = DIRECTION ( 'NONE',  ( -0.000000000000000000, 1.000000000000000000, -0.000000000000000000 ) ) ;
#7406 = ADVANCED_FACE ( 'NONE', ( #5287 ), #2764, .F. ) ;
#7407 = CARTESIAN_POINT ( 'NONE',  ( 50.00000000000000000, -14.25499999999835232, -34.00000000000547118 ) ) ;
#7408 = VERTEX_POINT ( 'NONE', #3489 ) ;
#7409 = ORIENTED_EDGE ( 'NONE', *, *, #4935, .T. ) ;
#7410 = VERTEX_POINT ( 'NONE', #4252 ) ;
#7411 = AXIS2_PLACEMENT_3D ( 'NONE', #5529, #8867, #4714 ) ;
#7412 = ORIENTED_EDGE ( 'NONE', *, *, #5786, .F. ) ;
#7413 = ADVANCED_FACE ( 'NONE', ( #5075 ), #8622, .F. ) ;
#7414 = CARTESIAN_POINT ( 'NONE',  ( -50.00000000000000000, -12.00499999999649070, 32.69999999998740492 ) ) ;
#7415 = FACE_OUTER_BOUND ( 'NONE', #9876, .T. ) ;
#7416 = CARTESIAN_POINT ( 'NONE',  ( 50.00000000000000000, 10.09500000000351783, 33.99999999998737366 ) ) ;
#7417 = VECTOR ( 'NONE', #597, 1000.000000000000000 ) ;
#7418 = DIRECTION ( 'NONE',  ( 0.000000000000000000, 0.000000000000000000, -1.000000000000000000 ) ) ;
#7419 = VERTEX_POINT ( 'NONE', #151 ) ;
#7420 = LINE ( 'NONE', #9996, #1702 ) ;
#7421 = LINE ( 'NONE', #1828, #1150 ) ;
#7422 = ORIENTED_EDGE ( 'NONE', *, *, #68, .F. ) ;
#7423 = CARTESIAN_POINT ( 'NONE',  ( -50.00000000000000000, -13.20499999999647045, 37.49999999998743050 ) ) ;
#7424 = CARTESIAN_POINT ( 'NONE',  ( -50.00000000000000000, -3.204999999996571702, 37.49999999998743050 ) ) ;
#7425 = EDGE_LOOP ( 'NONE', ( #7111, #7502, #2349, #1854 ) ) ;
#7426 = AXIS2_PLACEMENT_3D ( 'NONE', #7455, #5769, #9212 ) ;
#7427 = CARTESIAN_POINT ( 'NONE',  ( 50.00000000000000000, -6.704999999996519300, -35.80000000001248850 ) ) ;
#7428 = VECTOR ( 'NONE', #10220, 1000.000000000000000 ) ;
#7429 = LINE ( 'NONE', #10765, #5060 ) ;
#7430 = LINE ( 'NONE', #2455, #7797 ) ;
#7431 = DIRECTION ( 'NONE',  ( 0.000000000000000000, -0.000000000000000000, -1.000000000000000000 ) ) ;
#7432 = ORIENTED_EDGE ( 'NONE', *, *, #6591, .T. ) ;
#7433 = CARTESIAN_POINT ( 'NONE',  ( -50.00000000000000000, -0.1649999999987494803, -35.80000000000549676 ) ) ;
#7434 = CARTESIAN_POINT ( 'NONE',  ( 50.00000000000000000, -0.7049999999965139708, -37.50000000001251976 ) ) ;
#7435 = ORIENTED_EDGE ( 'NONE', *, *, #4661, .T. ) ;
#7436 = VERTEX_POINT ( 'NONE', #10112 ) ;
#7437 = VERTEX_POINT ( 'NONE', #972 ) ;
#7438 = CARTESIAN_POINT ( 'NONE',  ( 50.00000000000000000, -5.704999999996629434, -35.80000000001248850 ) ) ;
#7439 = DIRECTION ( 'NONE',  ( 0.000000000000000000, 0.000000000000000000, 1.000000000000000000 ) ) ;
#7440 = CARTESIAN_POINT ( 'NONE',  ( 50.00000000000000000, 10.09499999999630049, -34.00000000001046629 ) ) ;
#7441 = CARTESIAN_POINT ( 'NONE',  ( 50.00000000000000000, 11.79499999999644722, -37.50000000001130473 ) ) ;
#7442 = LINE ( 'NONE', #9749, #7876 ) ;
#7443 = ORIENTED_EDGE ( 'NONE', *, *, #2398, .T. ) ;
#7444 = VERTEX_POINT ( 'NONE', #6922 ) ;
#7445 = LINE ( 'NONE', #7342, #1295 ) ;
#7446 = CARTESIAN_POINT ( 'NONE',  ( 50.00000000000000000, -4.204999999996572591, 37.49999999998743050 ) ) ;
#7447 = ORIENTED_EDGE ( 'NONE', *, *, #5866, .F. ) ;
#7448 = ORIENTED_EDGE ( 'NONE', *, *, #1187, .F. ) ;
#7449 = EDGE_CURVE ( 'NONE', #8965, #1651, #8568, .T. ) ;
#7450 = AXIS2_PLACEMENT_3D ( 'NONE', #9019, #8248, #9841 ) ;
#7451 = CARTESIAN_POINT ( 'NONE',  ( 50.00000000000000000, 9.895000000003539853, 32.49999999998743050 ) ) ;
#7452 = DIRECTION ( 'NONE',  ( 0.000000000000000000, 0.000000000000000000, -1.000000000000000000 ) ) ;
#7453 = CARTESIAN_POINT ( 'NONE',  ( 50.00000000000000000, -9.104999999998586446, -34.00000000000547118 ) ) ;
#7454 = CARTESIAN_POINT ( 'NONE',  ( 50.00000000000000000, -0.1649999999968621012, 34.59999999998719744 ) ) ;
#7455 = CARTESIAN_POINT ( 'NONE',  ( -50.00000000000000000, 17.54500000000647120, 32.99999999997638156 ) ) ;
#7456 = AXIS2_PLACEMENT_3D ( 'NONE', #8394, #6035, #2749 ) ;
#7457 = EDGE_CURVE ( 'NONE', #5817, #5864, #7587, .T. ) ;
#7458 = ORIENTED_EDGE ( 'NONE', *, *, #2467, .T. ) ;
#7459 = EDGE_CURVE ( 'NONE', #9080, #104, #1946, .T. ) ;
#7460 = ORIENTED_EDGE ( 'NONE', *, *, #3195, .T. ) ;
#7461 = ADVANCED_FACE ( 'NONE', ( #6823 ), #2613, .T. ) ;
#7462 = DIRECTION ( 'NONE',  ( 0.000000000000000000, -1.000000000000000000, 0.000000000000000000 ) ) ;
#7463 = DIRECTION ( 'NONE',  ( 1.000000000000000000, 0.000000000000000000, 0.000000000000000000 ) ) ;
#7464 = DIRECTION ( 'NONE',  ( -1.000000000000000000, -0.000000000000000000, -0.000000000000000000 ) ) ;
#7465 = VECTOR ( 'NONE', #9159, 1000.000000000000000 ) ;
#7466 = PLANE ( 'NONE',  #6626 ) ;
#7467 = VERTEX_POINT ( 'NONE', #10167 ) ;
#7468 = CARTESIAN_POINT ( 'NONE',  ( 50.00000000000000000, -0.1649999999968621012, 35.79999999998750582 ) ) ;
#7469 = FACE_OUTER_BOUND ( 'NONE', #2350, .T. ) ;
#7470 = EDGE_LOOP ( 'NONE', ( #2835, #808, #10613, #7992 ) ) ;
#7471 = CIRCLE ( 'NONE', #4324, 0.2000000000000334843 ) ;
#7472 = CARTESIAN_POINT ( 'NONE',  ( -50.00000000000000000, -18.95499999999827878, 30.79999999999438742 ) ) ;
#7473 = EDGE_CURVE ( 'NONE', #6749, #2388, #7155, .T. ) ;
#7474 = CARTESIAN_POINT ( 'NONE',  ( 50.00000000000000000, -13.70499999999652552, -37.50000000001251976 ) ) ;
#7475 = EDGE_CURVE ( 'NONE', #3171, #9291, #1788, .T. ) ;
#7476 = VECTOR ( 'NONE', #3064, 1000.000000000000000 ) ;
#7477 = ORIENTED_EDGE ( 'NONE', *, *, #4476, .F. ) ;
#7478 = LINE ( 'NONE', #1626, #5197 ) ;
#7479 = AXIS2_PLACEMENT_3D ( 'NONE', #5162, #7680, #6033 ) ;
#7480 = CYLINDRICAL_SURFACE ( 'NONE', #10476, 0.1999999999999779732 ) ;
#7481 = VECTOR ( 'NONE', #2714, 1000.000000000000000 ) ;
#7482 = LINE ( 'NONE', #10824, #468 ) ;
#7483 = VECTOR ( 'NONE', #10029, 1000.000000000000000 ) ;
#7484 = PLANE ( 'NONE',  #3412 ) ;
#7485 = ORIENTED_EDGE ( 'NONE', *, *, #7729, .T. ) ;
#7486 = CARTESIAN_POINT ( 'NONE',  ( 50.00000000000000000, -17.03416154989456643, -31.42940952259099063 ) ) ;
#7487 = EDGE_CURVE ( 'NONE', #7166, #10142, #6764, .T. ) ;
#7488 = AXIS2_PLACEMENT_3D ( 'NONE', #767, #9250, #5030 ) ;
#7489 = DIRECTION ( 'NONE',  ( -1.000000000000000000, -0.000000000000000000, -0.000000000000000000 ) ) ;
#7490 = AXIS2_PLACEMENT_3D ( 'NONE', #9373, #1867, #3410 ) ;
#7491 = VERTEX_POINT ( 'NONE', #920 ) ;
#7492 = EDGE_LOOP ( 'NONE', ( #2962, #111, #6269, #5547 ) ) ;
#7493 = EDGE_LOOP ( 'NONE', ( #3595, #430, #1776, #4608 ) ) ;
#7494 = AXIS2_PLACEMENT_3D ( 'NONE', #9186, #6771, #9400 ) ;
#7495 = CARTESIAN_POINT ( 'NONE',  ( 50.00000000000000000, -6.704999999996519300, -35.80000000001248850 ) ) ;
#7496 = FACE_OUTER_BOUND ( 'NONE', #917, .T. ) ;
#7497 = CARTESIAN_POINT ( 'NONE',  ( 50.00000000000000000, -1.744999999996554862, 32.99999999998737366 ) ) ;
#7498 = AXIS2_PLACEMENT_3D ( 'NONE', #1711, #2586, #5927 ) ;
#7499 = LINE ( 'NONE', #257, #3815 ) ;
#7500 = CARTESIAN_POINT ( 'NONE',  ( 50.00000000000000000, -9.804999999996400817, 32.69999999998740492 ) ) ;
#7501 = ORIENTED_EDGE ( 'NONE', *, *, #1784, .F. ) ;
#7502 = ORIENTED_EDGE ( 'NONE', *, *, #2766, .F. ) ;
#7503 = DIRECTION ( 'NONE',  ( 0.000000000000000000, 0.000000000000000000, -1.000000000000000000 ) ) ;
#7504 = AXIS2_PLACEMENT_3D ( 'NONE', #2551, #5837, #7582 ) ;
#7505 = CARTESIAN_POINT ( 'NONE',  ( 50.00000000000000000, -20.95499999999650242, -27.98284271251250033 ) ) ;
#7506 = EDGE_LOOP ( 'NONE', ( #2842, #5909, #1139, #5631 ) ) ;
#7507 = EDGE_LOOP ( 'NONE', ( #1807, #441, #10721, #3674 ) ) ;
#7508 = VECTOR ( 'NONE', #202, 1000.000000000000000 ) ;
#7509 = DIRECTION ( 'NONE',  ( 0.000000000000000000, -0.000000000000000000, 1.000000000000000000 ) ) ;
#7510 = CYLINDRICAL_SURFACE ( 'NONE', #8165, 0.2000000000000334843 ) ;
#7511 = AXIS2_PLACEMENT_3D ( 'NONE', #10407, #10358, #5531 ) ;
#7512 = CARTESIAN_POINT ( 'NONE',  ( 50.00000000000000000, -9.804999999998509352, -32.50000000000563460 ) ) ;
#7513 = CARTESIAN_POINT ( 'NONE',  ( 50.00000000000000000, 12.09500000000351960, 32.69999999998740492 ) ) ;
#7514 = LINE ( 'NONE', #10039, #6424 ) ;
#7515 = EDGE_CURVE ( 'NONE', #6593, #3427, #3665, .T. ) ;
#7516 = ORIENTED_EDGE ( 'NONE', *, *, #9812, .T. ) ;
#7517 = ORIENTED_EDGE ( 'NONE', *, *, #9737, .F. ) ;
#7518 = LINE ( 'NONE', #10198, #10278 ) ;
#7519 = CARTESIAN_POINT ( 'NONE',  ( 50.00000000000000000, -9.804999999996400817, 32.49999999998743050 ) ) ;
#7520 = CARTESIAN_POINT ( 'NONE',  ( 50.00000000000000000, 14.34500000000338282, 33.99999999998737366 ) ) ;
#7521 = LINE ( 'NONE', #2176, #9143 ) ;
#7522 = DIRECTION ( 'NONE',  ( 0.000000000000000000, 1.000000000000000000, 0.000000000000000000 ) ) ;
#7523 = ORIENTED_EDGE ( 'NONE', *, *, #3633, .T. ) ;
#7524 = EDGE_CURVE ( 'NONE', #4278, #6977, #9960, .T. ) ;
#7525 = LINE ( 'NONE', #1727, #137 ) ;
#7526 = LINE ( 'NONE', #34, #2373 ) ;
#7527 = VERTEX_POINT ( 'NONE', #7748 ) ;
#7528 = CIRCLE ( 'NONE', #10160, 0.4999999999999449329 ) ;
#7529 = ADVANCED_FACE ( 'NONE', ( #4363 ), #6872, .T. ) ;
#7530 = CARTESIAN_POINT ( 'NONE',  ( -50.00000000000000000, -20.75499999999652800, 27.98284271246187416 ) ) ;
#7531 = CARTESIAN_POINT ( 'NONE',  ( 50.00000000000000000, -1.204999999996569926, -37.50000000001251976 ) ) ;
#7532 = ORIENTED_EDGE ( 'NONE', *, *, #2795, .F. ) ;
#7533 = CARTESIAN_POINT ( 'NONE',  ( -50.00000000000000000, -10.00499999999648892, 33.99999999998737366 ) ) ;
#7534 = EDGE_CURVE ( 'NONE', #818, #9590, #5234, .T. ) ;
#7535 = CIRCLE ( 'NONE', #6661, 0.5000000000000004441 ) ;
#7536 = PLANE ( 'NONE',  #9261 ) ;
#7537 = DIRECTION ( 'NONE',  ( -1.000000000000000000, -0.000000000000000000, -0.000000000000000000 ) ) ;
#7538 = EDGE_CURVE ( 'NONE', #6247, #7609, #303, .T. ) ;
#7539 = EDGE_CURVE ( 'NONE', #6667, #6755, #9448, .T. ) ;
#7540 = DIRECTION ( 'NONE',  ( 0.000000000000000000, 0.000000000000000000, -1.000000000000000000 ) ) ;
#7541 = VERTEX_POINT ( 'NONE', #9236 ) ;
#7542 = CARTESIAN_POINT ( 'NONE',  ( 50.00000000000000000, 0.2550000000035579362, 35.79999999998739924 ) ) ;
#7543 = FACE_OUTER_BOUND ( 'NONE', #354, .T. ) ;
#7544 = STYLED_ITEM ( 'NONE', ( #1167 ), #7944 ) ;
#7545 = ORIENTED_EDGE ( 'NONE', *, *, #8983, .T. ) ;
#7546 = ORIENTED_EDGE ( 'NONE', *, *, #8521, .T. ) ;
#7547 = ORIENTED_EDGE ( 'NONE', *, *, #5521, .T. ) ;
#7548 = CARTESIAN_POINT ( 'NONE',  ( 50.00000000000000000, 9.395000000003484786, 32.49999999998743050 ) ) ;
#7549 = CARTESIAN_POINT ( 'NONE',  ( -50.00000000000000000, 14.29499999999650584, -35.80000000001126637 ) ) ;
#7550 = ADVANCED_FACE ( 'NONE', ( #3429 ), #6273, .T. ) ;
#7551 = LINE ( 'NONE', #6625, #7717 ) ;
#7552 = VECTOR ( 'NONE', #3728, 1000.000000000000000 ) ;
#7553 = DIRECTION ( 'NONE',  ( 1.000000000000000000, 0.000000000000000000, 0.000000000000000000 ) ) ;
#7554 = VERTEX_POINT ( 'NONE', #9553 ) ;
#7555 = ORIENTED_EDGE ( 'NONE', *, *, #1112, .T. ) ;
#7556 = CARTESIAN_POINT ( 'NONE',  ( -50.00000000000000000, -17.45499999998545348, 33.99999999999280220 ) ) ;
#7557 = CARTESIAN_POINT ( 'NONE',  ( 50.00000000000000000, 0.2550000000035579362, 35.59999999998741771 ) ) ;
#7558 = ORIENTED_EDGE ( 'NONE', *, *, #5460, .F. ) ;
#7559 = VECTOR ( 'NONE', #6500, 1000.000000000000000 ) ;
#7560 = ORIENTED_EDGE ( 'NONE', *, *, #795, .F. ) ;
#7561 = FACE_OUTER_BOUND ( 'NONE', #9771, .T. ) ;
#7562 = CARTESIAN_POINT ( 'NONE',  ( -50.00000000000000000, -14.20499999999658058, 37.49999999998743050 ) ) ;
#7563 = DIRECTION ( 'NONE',  ( 0.000000000000000000, -1.000000000000000000, 0.000000000000000000 ) ) ;
#7564 = ORIENTED_EDGE ( 'NONE', *, *, #760, .T. ) ;
#7565 = CARTESIAN_POINT ( 'NONE',  ( 50.00000000000000000, -13.20499999999647045, -35.80000000001248850 ) ) ;
#7566 = VECTOR ( 'NONE', #2369, 1000.000000000000000 ) ;
#7567 = DIRECTION ( 'NONE',  ( 0.000000000000000000, -1.000000000000000000, 0.000000000000000000 ) ) ;
#7568 = ORIENTED_EDGE ( 'NONE', *, *, #4059, .F. ) ;
#7569 = CIRCLE ( 'NONE', #584, 0.2000000000000889955 ) ;
#7570 = ORIENTED_EDGE ( 'NONE', *, *, #9102, .T. ) ;
#7571 = DIRECTION ( 'NONE',  ( 0.000000000000000000, -1.000000000000000000, 0.000000000000000000 ) ) ;
#7572 = CARTESIAN_POINT ( 'NONE',  ( -50.00000000000000000, 17.54499999999248416, -33.00000000001546141 ) ) ;
#7573 = CARTESIAN_POINT ( 'NONE',  ( 50.00000000000000000, 3.795000000003434515, 37.49999999998743050 ) ) ;
#7574 = FACE_OUTER_BOUND ( 'NONE', #5832, .T. ) ;
#7575 = DIRECTION ( 'NONE',  ( -0.000000000000000000, 1.000000000000000000, 0.000000000000000000 ) ) ;
#7576 = EDGE_LOOP ( 'NONE', ( #1367, #10181, #6183, #5942 ) ) ;
#7577 = LINE ( 'NONE', #4135, #9570 ) ;
#7578 = LINE ( 'NONE', #9283, #7088 ) ;
#7579 = ORIENTED_EDGE ( 'NONE', *, *, #725, .T. ) ;
#7580 = CARTESIAN_POINT ( 'NONE',  ( -50.00000000000000000, 10.79499999999633530, -37.50000000001130473 ) ) ;
#7581 = CIRCLE ( 'NONE', #8804, 0.5000000000000559552 ) ;
#7582 = DIRECTION ( 'NONE',  ( 1.000000000000000000, 0.000000000000000000, -0.000000000000000000 ) ) ;
#7583 = VERTEX_POINT ( 'NONE', #8067 ) ;
#7584 = EDGE_CURVE ( 'NONE', #9725, #685, #4188, .T. ) ;
#7585 = CIRCLE ( 'NONE', #8985, 0.1999999999999779732 ) ;
#7586 = CARTESIAN_POINT ( 'NONE',  ( -50.00000000000000000, -7.304999999996675264, 33.99999999998737366 ) ) ;
#7587 = LINE ( 'NONE', #5126, #7508 ) ;
#7588 = EDGE_CURVE ( 'NONE', #7628, #4162, #4679, .T. ) ;
#7589 = PLANE ( 'NONE',  #6756 ) ;
#7590 = CARTESIAN_POINT ( 'NONE',  ( 50.00000000000000000, -17.51712446302977710, -31.30000000000543281 ) ) ;
#7591 = ORIENTED_EDGE ( 'NONE', *, *, #7001, .F. ) ;
#7592 = CARTESIAN_POINT ( 'NONE',  ( 50.00000000000000000, -12.70499999999652374, 33.99999999998737366 ) ) ;
#7593 = ADVANCED_FACE ( 'NONE', ( #2977 ), #1238, .F. ) ;
#7594 = FACE_OUTER_BOUND ( 'NONE', #8977, .T. ) ;
#7595 = AXIS2_PLACEMENT_3D ( 'NONE', #9441, #5168, #1937 ) ;
#7596 = ORIENTED_EDGE ( 'NONE', *, *, #2906, .F. ) ;
#7597 = EDGE_CURVE ( 'NONE', #2688, #827, #8578, .T. ) ;
#7598 = ORIENTED_EDGE ( 'NONE', *, *, #1175, .F. ) ;
#7599 = EDGE_CURVE ( 'NONE', #4833, #6299, #7010, .T. ) ;
#7600 = DIRECTION ( 'NONE',  ( 0.000000000000000000, -0.000000000000000000, 1.000000000000000000 ) ) ;
#7601 = ADVANCED_FACE ( 'NONE', ( #9662 ), #1343, .T. ) ;
#7602 = CARTESIAN_POINT ( 'NONE',  ( -50.00000000000000000, -10.70499999999652374, 35.79999999998739924 ) ) ;
#7603 = DIRECTION ( 'NONE',  ( 0.000000000000000000, 0.000000000000000000, 1.000000000000000000 ) ) ;
#7604 = ORIENTED_EDGE ( 'NONE', *, *, #7718, .T. ) ;
#7605 = ORIENTED_EDGE ( 'NONE', *, *, #9089, .F. ) ;
#7606 = VECTOR ( 'NONE', #7307, 1000.000000000000000 ) ;
#7607 = DIRECTION ( 'NONE',  ( -1.000000000000000000, -0.000000000000000000, -0.000000000000000000 ) ) ;
#7608 = DIRECTION ( 'NONE',  ( 0.000000000000000000, -1.000000000000000000, 0.000000000000000000 ) ) ;
#7609 = VERTEX_POINT ( 'NONE', #10536 ) ;
#7610 = EDGE_CURVE ( 'NONE', #10722, #8528, #527, .T. ) ;
#7611 = ORIENTED_EDGE ( 'NONE', *, *, #8051, .F. ) ;
#7612 = ORIENTED_EDGE ( 'NONE', *, *, #2996, .F. ) ;
#7613 = EDGE_CURVE ( 'NONE', #8232, #1181, #7535, .T. ) ;
#7614 = COLOUR_RGB ( '',0.4274509803921568429, 0.4470588235294117307, 0.4274509803921568429 ) ;
#7615 = PLANE ( 'NONE',  #7711 ) ;
#7616 = PLANE ( 'NONE',  #3975 ) ;
#7617 = PLANE ( 'NONE',  #933 ) ;
#7618 = EDGE_LOOP ( 'NONE', ( #7171, #10704, #2991, #181 ) ) ;
#7619 = DIRECTION ( 'NONE',  ( 0.000000000000000000, 0.000000000000000000, -1.000000000000000000 ) ) ;
#7620 = DIRECTION ( 'NONE',  ( 0.000000000000000000, 0.000000000000000000, -1.000000000000000000 ) ) ;
#7621 = ORIENTED_EDGE ( 'NONE', *, *, #3142, .F. ) ;
#7622 = VERTEX_POINT ( 'NONE', #2106 ) ;
#7623 = FACE_OUTER_BOUND ( 'NONE', #3079, .T. ) ;
#7624 = PLANE ( 'NONE',  #9811 ) ;
#7625 = DIRECTION ( 'NONE',  ( -1.000000000000000000, -0.000000000000000000, -0.000000000000000000 ) ) ;
#7626 = CARTESIAN_POINT ( 'NONE',  ( 50.00000000000000000, 1.795000000003432739, 35.79999999998739924 ) ) ;
#7627 = LINE ( 'NONE', #4508, #3305 ) ;
#7628 = VERTEX_POINT ( 'NONE', #3030 ) ;
#7629 = VECTOR ( 'NONE', #4305, 1000.000000000000000 ) ;
#7630 = LINE ( 'NONE', #4355, #1478 ) ;
#7631 = CARTESIAN_POINT ( 'NONE',  ( -50.00000000000000000, -11.70499999999652374, -35.80000000001248850 ) ) ;
#7632 = ORIENTED_EDGE ( 'NONE', *, *, #10149, .F. ) ;
#7633 = CARTESIAN_POINT ( 'NONE',  ( 50.00000000000000000, 7.194999999996398721, -32.50000000001062972 ) ) ;
#7634 = CARTESIAN_POINT ( 'NONE',  ( 50.00000000000000000, 3.795000000003434515, 37.49999999998743050 ) ) ;
#7635 = ORIENTED_EDGE ( 'NONE', *, *, #1329, .F. ) ;
#7636 = AXIS2_PLACEMENT_3D ( 'NONE', #1988, #4723, #10415 ) ;
#7637 = DIRECTION ( 'NONE',  ( 0.000000000000000000, 0.000000000000000000, -1.000000000000000000 ) ) ;
#7638 = CARTESIAN_POINT ( 'NONE',  ( 50.00000000000000000, 13.79500000000344428, 37.49999999998743050 ) ) ;
#7639 = CARTESIAN_POINT ( 'NONE',  ( 50.00000000000000000, 6.795000000003326157, 35.79999999998739924 ) ) ;
#7640 = CIRCLE ( 'NONE', #3979, 0.5000000000000350830 ) ;
#7641 = CARTESIAN_POINT ( 'NONE',  ( -50.00000000000000000, -3.904999999998937099, -32.70000000000561613 ) ) ;
#7642 = VERTEX_POINT ( 'NONE', #1185 ) ;
#7643 = CARTESIAN_POINT ( 'NONE',  ( 50.00000000000000000, -8.204999999996520188, 37.49999999998743050 ) ) ;
#7644 = AXIS2_PLACEMENT_3D ( 'NONE', #1436, #5647, #1547 ) ;
#7645 = DIRECTION ( 'NONE',  ( -1.000000000000000000, -0.000000000000000000, -0.000000000000000000 ) ) ;
#7646 = EDGE_CURVE ( 'NONE', #4675, #8898, #2157, .T. ) ;
#7647 = AXIS2_PLACEMENT_3D ( 'NONE', #9661, #2053, #2817 ) ;
#7648 = VERTEX_POINT ( 'NONE', #9717 ) ;
#7649 = VECTOR ( 'NONE', #3141, 1000.000000000000000 ) ;
#7650 = CARTESIAN_POINT ( 'NONE',  ( 50.00000000000000000, 0.03500000000122849286, -34.50000000000563460 ) ) ;
#7651 = DIRECTION ( 'NONE',  ( -1.000000000000000000, -0.000000000000000000, -0.000000000000000000 ) ) ;
#7652 = VECTOR ( 'NONE', #2466, 1000.000000000000000 ) ;
#7653 = DIRECTION ( 'NONE',  ( -1.000000000000000000, -0.000000000000000000, -0.000000000000000000 ) ) ;
#7654 = CARTESIAN_POINT ( 'NONE',  ( 50.00000000000000000, 7.395000000003482121, 33.99999999998737366 ) ) ;
#7655 = ORIENTED_EDGE ( 'NONE', *, *, #1337, .T. ) ;
#7656 = EDGE_LOOP ( 'NONE', ( #3659, #4897, #976, #4058 ) ) ;
#7657 = VECTOR ( 'NONE', #6776, 1000.000000000000000 ) ;
#7658 = AXIS2_PLACEMENT_3D ( 'NONE', #606, #8041, #1948 ) ;
#7659 = EDGE_CURVE ( 'NONE', #8092, #7233, #6377, .T. ) ;
#7660 = LINE ( 'NONE', #2731, #3217 ) ;
#7661 = DIRECTION ( 'NONE',  ( 0.000000000000000000, -0.000000000000000000, -1.000000000000000000 ) ) ;
#7662 = EDGE_CURVE ( 'NONE', #9725, #39, #4623, .T. ) ;
#7663 = VERTEX_POINT ( 'NONE', #7245 ) ;
#7664 = ORIENTED_EDGE ( 'NONE', *, *, #92, .T. ) ;
#7665 = ORIENTED_EDGE ( 'NONE', *, *, #8930, .T. ) ;
#7666 = CIRCLE ( 'NONE', #1553, 0.5000000000000213163 ) ;
#7667 = VECTOR ( 'NONE', #733, 1000.000000000000000 ) ;
#7668 = ADVANCED_FACE ( 'NONE', ( #1290 ), #5496, .T. ) ;
#7669 = DIRECTION ( 'NONE',  ( 0.000000000000000000, -0.000000000000000000, -1.000000000000000000 ) ) ;
#7670 = CARTESIAN_POINT ( 'NONE',  ( 50.00000000000000000, -1.704999999996625881, 35.79999999998739924 ) ) ;
#7671 = AXIS2_PLACEMENT_3D ( 'NONE', #158, #8576, #3495 ) ;
#7672 = EDGE_CURVE ( 'NONE', #5617, #6235, #4913, .T. ) ;
#7673 = CARTESIAN_POINT ( 'NONE',  ( -50.00000000000000000, 16.29500000000350113, 37.49999999998743050 ) ) ;
#7674 = ORIENTED_EDGE ( 'NONE', *, *, #3165, .F. ) ;
#7675 = CARTESIAN_POINT ( 'NONE',  ( 50.00000000000000000, 0.2549999999965635311, -35.80000000001126637 ) ) ;
#7676 = EDGE_CURVE ( 'NONE', #6597, #818, #9501, .T. ) ;
#7677 = DIRECTION ( 'NONE',  ( 0.000000000000000000, 0.000000000000000000, -1.000000000000000000 ) ) ;
#7678 = ORIENTED_EDGE ( 'NONE', *, *, #9592, .T. ) ;
#7679 = VECTOR ( 'NONE', #8101, 1000.000000000000000 ) ;
#7680 = DIRECTION ( 'NONE',  ( 0.000000000000000000, 0.000000000000000000, 1.000000000000000000 ) ) ;
#7681 = DIRECTION ( 'NONE',  ( 0.000000000000000000, -1.000000000000000000, 0.000000000000000000 ) ) ;
#7682 = DIRECTION ( 'NONE',  ( -1.000000000000000000, -0.000000000000000000, -0.000000000000000000 ) ) ;
#7683 = EDGE_CURVE ( 'NONE', #7081, #2893, #6838, .T. ) ;
#7684 = DIRECTION ( 'NONE',  ( -1.000000000000000000, -0.000000000000000000, -0.000000000000000000 ) ) ;
#7685 = CARTESIAN_POINT ( 'NONE',  ( 50.00000000000000000, 14.29500000000344428, 37.49999999998743050 ) ) ;
#7686 = VERTEX_POINT ( 'NONE', #3698 ) ;
#7687 = LINE ( 'NONE', #10204, #1826 ) ;
#7688 = LINE ( 'NONE', #1938, #6740 ) ;
#7689 = ORIENTED_EDGE ( 'NONE', *, *, #2700, .F. ) ;
#7690 = PLANE ( 'NONE',  #7504 ) ;
#7691 = VERTEX_POINT ( 'NONE', #9774 ) ;
#7692 = CARTESIAN_POINT ( 'NONE',  ( 50.00000000000000000, 16.57907417369630565, -32.74118095491063229 ) ) ;
#7693 = DIRECTION ( 'NONE',  ( 0.000000000000000000, 0.000000000000000000, -1.000000000000000000 ) ) ;
#7694 = CARTESIAN_POINT ( 'NONE',  ( 50.00000000000000000, 0.03500000000122849286, -33.00000000000580513 ) ) ;
#7695 = DIRECTION ( 'NONE',  ( -1.000000000000000000, -0.000000000000000000, -0.000000000000000000 ) ) ;
#7696 = VECTOR ( 'NONE', #8085, 1000.000000000000000 ) ;
#7697 = VERTEX_POINT ( 'NONE', #5829 ) ;
#7698 = LINE ( 'NONE', #206, #436 ) ;
#7699 = ORIENTED_EDGE ( 'NONE', *, *, #8335, .T. ) ;
#7700 = CARTESIAN_POINT ( 'NONE',  ( 50.00000000000000000, 0.03500000000122849286, -35.60000000000562892 ) ) ;
#7701 = CARTESIAN_POINT ( 'NONE',  ( 50.00000000000000000, -10.70499999999652374, -35.80000000001248850 ) ) ;
#7702 = VECTOR ( 'NONE', #2437, 1000.000000000000000 ) ;
#7703 = ORIENTED_EDGE ( 'NONE', *, *, #8333, .T. ) ;
#7704 = CARTESIAN_POINT ( 'NONE',  ( 50.00000000000000000, -5.704999999996629434, -37.50000000001251976 ) ) ;
#7705 = DIRECTION ( 'NONE',  ( -0.000000000000000000, 1.000000000000000000, -0.000000000000000000 ) ) ;
#7706 = LINE ( 'NONE', #2675, #8593 ) ;
#7707 = EDGE_CURVE ( 'NONE', #6411, #10530, #2327, .T. ) ;
#7708 = CARTESIAN_POINT ( 'NONE',  ( -50.00000000000000000, -6.404999999996441318, 33.99999999998737366 ) ) ;
#7709 = EDGE_LOOP ( 'NONE', ( #5619, #10074, #10643, #5876 ) ) ;
#7710 = ORIENTED_EDGE ( 'NONE', *, *, #7203, .F. ) ;
#7711 = AXIS2_PLACEMENT_3D ( 'NONE', #1055, #9263, #4281 ) ;
#7712 = DIRECTION ( 'NONE',  ( 1.000000000000000000, 0.000000000000000000, 0.000000000000000000 ) ) ;
#7713 = PLANE ( 'NONE',  #1883 ) ;
#7714 = VERTEX_POINT ( 'NONE', #10645 ) ;
#7715 = ORIENTED_EDGE ( 'NONE', *, *, #6784, .T. ) ;
#7716 = ORIENTED_EDGE ( 'NONE', *, *, #9538, .F. ) ;
#7717 = VECTOR ( 'NONE', #822, 1000.000000000000000 ) ;
#7718 = EDGE_CURVE ( 'NONE', #5360, #1824, #4186, .T. ) ;
#7719 = CARTESIAN_POINT ( 'NONE',  ( 50.00000000000000000, -7.304999999996675264, 33.99999999998737366 ) ) ;
#7720 = ADVANCED_FACE ( 'NONE', ( #5661 ), #1501, .F. ) ;
#7721 = LINE ( 'NONE', #1708, #5726 ) ;
#7722 = LINE ( 'NONE', #1000, #7909 ) ;
#7723 = ORIENTED_EDGE ( 'NONE', *, *, #5786, .T. ) ;
#7724 = LINE ( 'NONE', #10088, #9948 ) ;
#7725 = FACE_OUTER_BOUND ( 'NONE', #5040, .T. ) ;
#7726 = VECTOR ( 'NONE', #7653, 1000.000000000000000 ) ;
#7727 = EDGE_CURVE ( 'NONE', #7436, #3345, #3347, .T. ) ;
#7728 = VERTEX_POINT ( 'NONE', #4785 ) ;
#7729 = EDGE_CURVE ( 'NONE', #9809, #5916, #9640, .T. ) ;
#7730 = EDGE_CURVE ( 'NONE', #4771, #2892, #10701, .T. ) ;
#7731 = CARTESIAN_POINT ( 'NONE',  ( 50.00000000000000000, 9.294999999996500506, -37.50000000001130473 ) ) ;
#7732 = AXIS2_PLACEMENT_3D ( 'NONE', #7918, #428, #3767 ) ;
#7733 = CARTESIAN_POINT ( 'NONE',  ( 50.00000000000000000, 6.695000000003559215, 32.49999999998743050 ) ) ;
#7734 = EDGE_CURVE ( 'NONE', #4420, #7792, #9056, .T. ) ;
#7735 = LINE ( 'NONE', #3628, #2737 ) ;
#7736 = CARTESIAN_POINT ( 'NONE',  ( -50.00000000000000000, -9.804999999998509352, -32.70000000000561613 ) ) ;
#7737 = DIRECTION ( 'NONE',  ( 0.000000000000000000, 0.000000000000000000, -1.000000000000000000 ) ) ;
#7738 = ORIENTED_EDGE ( 'NONE', *, *, #6412, .F. ) ;
#7739 = LINE ( 'NONE', #9333, #8818 ) ;
#7740 = DIRECTION ( 'NONE',  ( -0.000000000000000000, 1.000000000000000000, -0.000000000000000000 ) ) ;
#7741 = ORIENTED_EDGE ( 'NONE', *, *, #7584, .T. ) ;
#7742 = LINE ( 'NONE', #2814, #2419 ) ;
#7743 = VECTOR ( 'NONE', #9529, 1000.000000000000000 ) ;
#7744 = EDGE_CURVE ( 'NONE', #7844, #9016, #3692, .T. ) ;
#7745 = ORIENTED_EDGE ( 'NONE', *, *, #7328, .T. ) ;
#7746 = EDGE_CURVE ( 'NONE', #9241, #4438, #4737, .T. ) ;
#7747 = CARTESIAN_POINT ( 'NONE',  ( 50.00000000000000000, -4.204999999996572591, -37.50000000001251976 ) ) ;
#7748 = CARTESIAN_POINT ( 'NONE',  ( 50.00000000000000000, 4.694999999996452011, -34.00000000001046629 ) ) ;
#7749 = DIRECTION ( 'NONE',  ( -1.000000000000000000, -0.000000000000000000, -0.000000000000000000 ) ) ;
#7750 = LINE ( 'NONE', #4366, #6783 ) ;
#7751 = VERTEX_POINT ( 'NONE', #6538 ) ;
#7752 = CARTESIAN_POINT ( 'NONE',  ( 50.00000000000000000, 14.97440952255169577, -32.31121235749865406 ) ) ;
#7753 = ORIENTED_EDGE ( 'NONE', *, *, #9336, .F. ) ;
#7754 = DIRECTION ( 'NONE',  ( -1.000000000000000000, -0.000000000000000000, -0.000000000000000000 ) ) ;
#7755 = DIRECTION ( 'NONE',  ( -1.000000000000000000, 0.000000000000000000, -0.000000000000000000 ) ) ;
#7756 = VERTEX_POINT ( 'NONE', #6427 ) ;
#7757 = AXIS2_PLACEMENT_3D ( 'NONE', #1098, #6069, #9414 ) ;
#7758 = CARTESIAN_POINT ( 'NONE',  ( 50.00000000000000000, 0.05500000000324689609, 31.89999999998738289 ) ) ;
#7759 = DIRECTION ( 'NONE',  ( 0.000000000000000000, 0.000000000000000000, -1.000000000000000000 ) ) ;
#7760 = CARTESIAN_POINT ( 'NONE',  ( 50.00000000000000000, -12.70499999999646867, 32.69999999998740492 ) ) ;
#7761 = DIRECTION ( 'NONE',  ( 0.000000000000000000, -1.000000000000000000, 0.000000000000000000 ) ) ;
#7762 = ORIENTED_EDGE ( 'NONE', *, *, #8407, .F. ) ;
#7763 = ORIENTED_EDGE ( 'NONE', *, *, #2034, .F. ) ;
#7764 = DIRECTION ( 'NONE',  ( -1.000000000000000000, -0.000000000000000000, -0.000000000000000000 ) ) ;
#7765 = AXIS2_PLACEMENT_3D ( 'NONE', #6760, #8296, #4246 ) ;
#7766 = FACE_OUTER_BOUND ( 'NONE', #4433, .T. ) ;
#7767 = VERTEX_POINT ( 'NONE', #8286 ) ;
#7768 = ORIENTED_EDGE ( 'NONE', *, *, #1919, .T. ) ;
#7769 = ORIENTED_EDGE ( 'NONE', *, *, #8352, .T. ) ;
#7770 = AXIS2_PLACEMENT_3D ( 'NONE', #5291, #4577, #9558 ) ;
#7771 = DIRECTION ( 'NONE',  ( 0.000000000000000000, 0.000000000000000000, -1.000000000000000000 ) ) ;
#7772 = CARTESIAN_POINT ( 'NONE',  ( 50.00000000000000000, 15.79500000000344428, 35.79999999998739924 ) ) ;
#7773 = DIRECTION ( 'NONE',  ( -0.000000000000000000, -0.000000000000000000, -1.000000000000000000 ) ) ;
#7774 = ORIENTED_EDGE ( 'NONE', *, *, #1912, .F. ) ;
#7775 = CARTESIAN_POINT ( 'NONE',  ( 50.00000000000000000, 4.294999999996496065, -37.50000000001130473 ) ) ;
#7776 = VECTOR ( 'NONE', #5227, 1000.000000000000000 ) ;
#7777 = ADVANCED_FACE ( 'NONE', ( #4080 ), #4900, .F. ) ;
#7778 = VERTEX_POINT ( 'NONE', #3148 ) ;
#7779 = CARTESIAN_POINT ( 'NONE',  ( -50.00000000000000000, -3.704999999998903615, -32.70000000000561613 ) ) ;
#7780 = PLANE ( 'NONE',  #6495 ) ;
#7781 = DIRECTION ( 'NONE',  ( 0.000000000000000000, 1.000000000000000000, 0.000000000000000000 ) ) ;
#7782 = DIRECTION ( 'NONE',  ( 1.000000000000000000, 0.000000000000000000, 0.000000000000000000 ) ) ;
#7783 = DIRECTION ( 'NONE',  ( -1.000000000000000000, 0.000000000000000000, -0.000000000000000000 ) ) ;
#7784 = EDGE_LOOP ( 'NONE', ( #3830, #2937, #8154, #415 ) ) ;
#7785 = CARTESIAN_POINT ( 'NONE',  ( -50.00000000000000000, -20.55499999999643634, 27.49999999998742339 ) ) ;
#7786 = EDGE_CURVE ( 'NONE', #6383, #9084, #5713, .T. ) ;
#7787 = LINE ( 'NONE', #10258, #7258 ) ;
#7788 = VERTEX_POINT ( 'NONE', #5774 ) ;
#7789 = ADVANCED_FACE ( 'NONE', ( #7415 ), #9990, .F. ) ;
#7790 = LINE ( 'NONE', #5438, #9433 ) ;
#7791 = EDGE_CURVE ( 'NONE', #2372, #7467, #5608, .T. ) ;
#7792 = VERTEX_POINT ( 'NONE', #9167 ) ;
#7793 = ORIENTED_EDGE ( 'NONE', *, *, #3848, .T. ) ;
#7794 = CARTESIAN_POINT ( 'NONE',  ( 50.00000000000000000, 0.2549999999962304642, -32.70000000001083151 ) ) ;
#7795 = DIRECTION ( 'NONE',  ( 0.000000000000000000, -1.000000000000000000, 0.000000000000000000 ) ) ;
#7796 = CARTESIAN_POINT ( 'NONE',  ( 50.00000000000000000, 19.04500000000353310, -30.80000000001248495 ) ) ;
#7797 = VECTOR ( 'NONE', #10714, 1000.000000000000000 ) ;
#7798 = EDGE_CURVE ( 'NONE', #6634, #4373, #22, .T. ) ;
#7799 = PLANE ( 'NONE',  #673 ) ;
#7800 = ORIENTED_EDGE ( 'NONE', *, *, #9013, .T. ) ;
#7801 = EDGE_CURVE ( 'NONE', #3939, #2359, #8946, .T. ) ;
#7802 = DIRECTION ( 'NONE',  ( 0.000000000000000000, 0.000000000000000000, -1.000000000000000000 ) ) ;
#7803 = VERTEX_POINT ( 'NONE', #7301 ) ;
#7804 = EDGE_CURVE ( 'NONE', #1230, #8232, #6485, .T. ) ;
#7805 = PLANE ( 'NONE',  #5491 ) ;
#7806 = FACE_OUTER_BOUND ( 'NONE', #4102, .T. ) ;
#7807 = VECTOR ( 'NONE', #7781, 1000.000000000000000 ) ;
#7808 = VERTEX_POINT ( 'NONE', #7733 ) ;
#7809 = CARTESIAN_POINT ( 'NONE',  ( 50.00000000000000000, -11.80499999999640082, 33.99999999998737366 ) ) ;
#7810 = CARTESIAN_POINT ( 'NONE',  ( -50.00000000000000000, -20.75499999999652800, -27.98284271248718724 ) ) ;
#7811 = LINE ( 'NONE', #1959, #8076 ) ;
#7812 = VECTOR ( 'NONE', #6416, 1000.000000000000000 ) ;
#7813 = VECTOR ( 'NONE', #9941, 1000.000000000000000 ) ;
#7814 = EDGE_CURVE ( 'NONE', #2221, #887, #6136, .T. ) ;
#7815 = LINE ( 'NONE', #6997, #4728 ) ;
#7816 = EDGE_LOOP ( 'NONE', ( #9740, #10418, #1053, #9688 ) ) ;
#7817 = EDGE_LOOP ( 'NONE', ( #2407, #5049, #4898, #4021, #2718, #4618, #712, #7050, #298, #7065, #8336, #2904, #173, #7985, #4999, #9766, #4436, #9201, #3840, #5705, #1512, #5437, #6672, #3976, #7800, #10289, #5379, #5800, #148, #1636, #3210, #8168, #7272, #3144, #6521, #5439, #5902, #8827, #5372, #10002, #4517, #9340, #9833, #3104, #4781, #6095, #5890, #4807, #6190, #1349, #10707, #3509, #4974, #8847, #10422, #10668, #5202, #10697, #3689, #1225, #4263, #3774, #7443, #6386, #4797, #5186, #624, #431, #4509, #1967, #3543, #8215, #4906, #4729, #10032, #8267, #6948, #8920, #3507, #954, #1662, #873, #7435, #535, #5316, #3295, #8539, #589, #5629, #8230, #2006, #5963, #2912, #9314, #10262, #1453, #10197, #4214, #6059, #6350, #9388, #8103, #5258, #1102, #6223, #4704, #2801, #4582, #5981, #7485, #749, #3151, #7432, #2376, #7391, #9715, #7665, #2306, #7699, #10104, #3948, #772, #4298, #9912, #5999, #6194, #10087, #8375, #6927, #6328, #2495, #9308, #5408, #5361, #6236, #5290, #5447, #524, #1880, #6557, #3556, #1525, #987, #2434, #7110, #6337, #8564, #8548, #3069, #8889, #5745, #1717, #9685, #5482, #2102, #10763, #10833, #2699, #3854 ) ) ;
#7818 = DIRECTION ( 'NONE',  ( 0.000000000000000000, 0.000000000000000000, -1.000000000000000000 ) ) ;
#7819 = VECTOR ( 'NONE', #3158, 1000.000000000000000 ) ;
#7820 = DIRECTION ( 'NONE',  ( -1.000000000000000000, -0.000000000000000000, -0.000000000000000000 ) ) ;
#7821 = ORIENTED_EDGE ( 'NONE', *, *, #9150, .F. ) ;
#7822 = VERTEX_POINT ( 'NONE', #6751 ) ;
#7823 = ORIENTED_EDGE ( 'NONE', *, *, #1646, .T. ) ;
#7824 = AXIS2_PLACEMENT_3D ( 'NONE', #3909, #7462, #7300 ) ;
#7825 = DIRECTION ( 'NONE',  ( -1.000000000000000000, -0.000000000000000000, -0.000000000000000000 ) ) ;
#7826 = VECTOR ( 'NONE', #6926, 1000.000000000000000 ) ;
#7827 = DIRECTION ( 'NONE',  ( -0.000000000000000000, 1.000000000000000000, -0.000000000000000000 ) ) ;
#7828 = DIRECTION ( 'NONE',  ( 1.000000000000000000, 0.000000000000000000, 0.000000000000000000 ) ) ;
#7829 = ORIENTED_EDGE ( 'NONE', *, *, #5802, .F. ) ;
#7830 = DIRECTION ( 'NONE',  ( 0.000000000000000000, 0.000000000000000000, -1.000000000000000000 ) ) ;
#7831 = CARTESIAN_POINT ( 'NONE',  ( -50.00000000000000000, 0.2550000000035579362, 31.69999999998729479 ) ) ;
#7832 = ORIENTED_EDGE ( 'NONE', *, *, #5336, .T. ) ;
#7833 = VECTOR ( 'NONE', #267, 1000.000000000000000 ) ;
#7834 = ORIENTED_EDGE ( 'NONE', *, *, #8993, .T. ) ;
#7835 = VECTOR ( 'NONE', #7489, 1000.000000000000000 ) ;
#7836 = LINE ( 'NONE', #5581, #2422 ) ;
#7837 = DIRECTION ( 'NONE',  ( 0.000000000000000000, 0.000000000000000000, -1.000000000000000000 ) ) ;
#7838 = DIRECTION ( 'NONE',  ( 0.000000000000000000, -0.000000000000000000, -1.000000000000000000 ) ) ;
#7839 = DIRECTION ( 'NONE',  ( 1.000000000000000000, 0.000000000000000000, 0.000000000000000000 ) ) ;
#7840 = DIRECTION ( 'NONE',  ( -0.000000000000000000, 0.7071067811865474617, 0.7071067811865474617 ) ) ;
#7841 = EDGE_LOOP ( 'NONE', ( #4911, #4777, #8998, #9631 ) ) ;
#7842 = ADVANCED_FACE ( 'NONE', ( #3573 ), #5878, .F. ) ;
#7843 = CARTESIAN_POINT ( 'NONE',  ( 50.00000000000000000, 5.794999999996441886, -35.80000000001126637 ) ) ;
#7844 = VERTEX_POINT ( 'NONE', #8557 ) ;
#7845 = AXIS2_PLACEMENT_3D ( 'NONE', #7634, #146, #5230 ) ;
#7846 = DIRECTION ( 'NONE',  ( 1.000000000000000000, 0.000000000000000000, 0.000000000000000000 ) ) ;
#7847 = EDGE_LOOP ( 'NONE', ( #8036, #3398, #9507, #2539 ) ) ;
#7848 = ORIENTED_EDGE ( 'NONE', *, *, #2392, .F. ) ;
#7849 = VECTOR ( 'NONE', #2818, 1000.000000000000000 ) ;
#7850 = DIRECTION ( 'NONE',  ( 1.000000000000000000, 0.000000000000000000, 0.000000000000000000 ) ) ;
#7851 = CARTESIAN_POINT ( 'NONE',  ( 50.00000000000000000, -17.45500000000122043, -32.99999999999436540 ) ) ;
#7852 = EDGE_CURVE ( 'NONE', #6402, #4328, #1598, .T. ) ;
#7853 = DIRECTION ( 'NONE',  ( 0.000000000000000000, 0.000000000000000000, 1.000000000000000000 ) ) ;
#7854 = DIRECTION ( 'NONE',  ( 0.000000000000000000, 0.000000000000000000, 1.000000000000000000 ) ) ;
#7855 = ORIENTED_EDGE ( 'NONE', *, *, #9075, .F. ) ;
#7856 = ADVANCED_FACE ( 'NONE', ( #4401 ), #80, .F. ) ;
#7857 = AXIS2_PLACEMENT_3D ( 'NONE', #9532, #7120, #10465 ) ;
#7858 = DIRECTION ( 'NONE',  ( -1.000000000000000000, -0.000000000000000000, -0.000000000000000000 ) ) ;
#7859 = ORIENTED_EDGE ( 'NONE', *, *, #9805, .F. ) ;
#7860 = CARTESIAN_POINT ( 'NONE',  ( 50.00000000000000000, -11.70499999999652374, 37.49999999998743050 ) ) ;
#7861 = CARTESIAN_POINT ( 'NONE',  ( -50.00000000000000000, -17.19618095489838794, -32.03407417370551968 ) ) ;
#7862 = EDGE_CURVE ( 'NONE', #4076, #2823, #2119, .T. ) ;
#7863 = ORIENTED_EDGE ( 'NONE', *, *, #226, .T. ) ;
#7864 = EDGE_CURVE ( 'NONE', #9784, #10744, #899, .T. ) ;
#7865 = DIRECTION ( 'NONE',  ( 0.000000000000000000, -0.7071067811865475727, -0.7071067811865475727 ) ) ;
#7866 = CARTESIAN_POINT ( 'NONE',  ( 50.00000000000000000, -4.404999999998771010, -32.70000000000561613 ) ) ;
#7867 = ADVANCED_FACE ( 'NONE', ( #3364 ), #903, .T. ) ;
#7868 = CARTESIAN_POINT ( 'NONE',  ( 50.00000000000000000, 1.995000000003521734, 33.99999999998737366 ) ) ;
#7869 = LINE ( 'NONE', #4588, #4759 ) ;
#7870 = ADVANCED_FACE ( 'NONE', ( #10044 ), #7624, .F. ) ;
#7871 = DIRECTION ( 'NONE',  ( 0.000000000000000000, -1.000000000000000000, 0.000000000000000000 ) ) ;
#7872 = ORIENTED_EDGE ( 'NONE', *, *, #498, .T. ) ;
#7873 = ORIENTED_EDGE ( 'NONE', *, *, #5532, .T. ) ;
#7874 = LINE ( 'NONE', #5356, #3395 ) ;
#7875 = CARTESIAN_POINT ( 'NONE',  ( -50.00000000000000000, -12.70499999999652374, 33.99999999998737366 ) ) ;
#7876 = VECTOR ( 'NONE', #10620, 1000.000000000000000 ) ;
#7877 = ORIENTED_EDGE ( 'NONE', *, *, #5336, .F. ) ;
#7878 = VERTEX_POINT ( 'NONE', #5163 ) ;
#7879 = ORIENTED_EDGE ( 'NONE', *, *, #5067, .F. ) ;
#7880 = EDGE_CURVE ( 'NONE', #9084, #5422, #5091, .T. ) ;
#7881 = CARTESIAN_POINT ( 'NONE',  ( 50.00000000000000000, 0.2549999999962304642, -32.90000000001091962 ) ) ;
#7882 = VECTOR ( 'NONE', #8891, 1000.000000000000000 ) ;
#7883 = CARTESIAN_POINT ( 'NONE',  ( 50.00000000000000000, -9.104999999998586446, -32.70000000000561613 ) ) ;
#7884 = DIRECTION ( 'NONE',  ( 0.000000000000000000, -0.000000000000000000, -1.000000000000000000 ) ) ;
#7885 = EDGE_LOOP ( 'NONE', ( #448, #6454, #1866, #4127 ) ) ;
#7886 = DIRECTION ( 'NONE',  ( 0.000000000000000000, 0.000000000000000000, -1.000000000000000000 ) ) ;
#7887 = LINE ( 'NONE', #4660, #1916 ) ;
#7888 = EDGE_LOOP ( 'NONE', ( #9803, #6532, #635, #8115 ) ) ;
#7889 = AXIS2_PLACEMENT_3D ( 'NONE', #6473, #1435, #4118 ) ;
#7890 = ORIENTED_EDGE ( 'NONE', *, *, #6283, .T. ) ;
#7891 = LINE ( 'NONE', #10525, #4840 ) ;
#7892 = LINE ( 'NONE', #403, #752 ) ;
#7893 = DIRECTION ( 'NONE',  ( -1.000000000000000000, -0.000000000000000000, -0.000000000000000000 ) ) ;
#7894 = CIRCLE ( 'NONE', #9306, 0.5000000000000559552 ) ;
#7895 = ORIENTED_EDGE ( 'NONE', *, *, #168, .T. ) ;
#7896 = DIRECTION ( 'NONE',  ( -1.000000000000000000, -0.000000000000000000, -0.000000000000000000 ) ) ;
#7897 = ORIENTED_EDGE ( 'NONE', *, *, #3569, .T. ) ;
#7898 = DIRECTION ( 'NONE',  ( 1.000000000000000000, 0.000000000000000000, 0.000000000000000000 ) ) ;
#7899 = ORIENTED_EDGE ( 'NONE', *, *, #9421, .F. ) ;
#7900 = VECTOR ( 'NONE', #6967, 1000.000000000000000 ) ;
#7901 = ORIENTED_EDGE ( 'NONE', *, *, #9204, .T. ) ;
#7902 = CARTESIAN_POINT ( 'NONE',  ( 50.00000000000000000, 15.79500000001615767, -37.49999999999986500 ) ) ;
#7903 = CARTESIAN_POINT ( 'NONE',  ( 50.00000000000000000, 17.60712446303502787, -31.30000000001242810 ) ) ;
#7904 = DIRECTION ( 'NONE',  ( 0.000000000000000000, 0.000000000000000000, -1.000000000000000000 ) ) ;
#7905 = CYLINDRICAL_SURFACE ( 'NONE', #1889, 3.000000000000002665 ) ;
#7906 = ORIENTED_EDGE ( 'NONE', *, *, #10085, .F. ) ;
#7907 = DIRECTION ( 'NONE',  ( 0.000000000000000000, 0.000000000000000000, 1.000000000000000000 ) ) ;
#7908 = ORIENTED_EDGE ( 'NONE', *, *, #7193, .T. ) ;
#7909 = VECTOR ( 'NONE', #1108, 1000.000000000000000 ) ;
#7910 = PLANE ( 'NONE',  #2529 ) ;
#7911 = LINE ( 'NONE', #7154, #2433 ) ;
#7912 = ADVANCED_FACE ( 'NONE', ( #26 ), #4237, .F. ) ;
#7913 = EDGE_CURVE ( 'NONE', #10316, #7554, #5110, .T. ) ;
#7914 = VERTEX_POINT ( 'NONE', #1720 ) ;
#7915 = FACE_OUTER_BOUND ( 'NONE', #6560, .T. ) ;
#7916 = DIRECTION ( 'NONE',  ( 0.000000000000000000, 0.000000000000000000, -1.000000000000000000 ) ) ;
#7917 = CARTESIAN_POINT ( 'NONE',  ( 50.00000000000000000, -12.70499999999652374, 33.99999999998737366 ) ) ;
#7918 = CARTESIAN_POINT ( 'NONE',  ( -50.00000000000000000, 17.54500000000647120, 32.99999999997638156 ) ) ;
#7919 = FACE_OUTER_BOUND ( 'NONE', #8590, .T. ) ;
#7920 = ORIENTED_EDGE ( 'NONE', *, *, #2979, .F. ) ;
#7921 = ORIENTED_EDGE ( 'NONE', *, *, #2894, .T. ) ;
#7922 = DIRECTION ( 'NONE',  ( 0.000000000000000000, 0.000000000000000000, 1.000000000000000000 ) ) ;
#7923 = ADVANCED_FACE ( 'NONE', ( #5058 ), #6034, .F. ) ;
#7924 = CARTESIAN_POINT ( 'NONE',  ( 50.00000000000000000, 9.195000000003394902, 33.99999999998737366 ) ) ;
#7925 = ADVANCED_FACE ( 'NONE', ( #3472 ), #1008, .F. ) ;
#7926 = VERTEX_POINT ( 'NONE', #188 ) ;
#7927 = VECTOR ( 'NONE', #8533, 1000.000000000000000 ) ;
#7928 = VERTEX_POINT ( 'NONE', #3525 ) ;
#7929 = EDGE_CURVE ( 'NONE', #9780, #6561, #1250, .T. ) ;
#7930 = ORIENTED_EDGE ( 'NONE', *, *, #7646, .F. ) ;
#7931 = AXIS2_PLACEMENT_3D ( 'NONE', #8198, #545, #3054 ) ;
#7932 = LINE ( 'NONE', #5309, #8066 ) ;
#7933 = CARTESIAN_POINT ( 'NONE',  ( 50.00000000000000000, -16.48907417369404982, 32.74118095488665148 ) ) ;
#7934 = LINE ( 'NONE', #4655, #2850 ) ;
#7935 = ORIENTED_EDGE ( 'NONE', *, *, #5606, .F. ) ;
#7936 = DIRECTION ( 'NONE',  ( 1.000000000000000000, 0.000000000000000000, 0.000000000000000000 ) ) ;
#7937 = EDGE_CURVE ( 'NONE', #1929, #6383, #4664, .T. ) ;
#7938 = DIRECTION ( 'NONE',  ( 0.000000000000000000, 0.000000000000000000, -1.000000000000000000 ) ) ;
#7939 = EDGE_CURVE ( 'NONE', #6749, #283, #1280, .T. ) ;
#7940 = ORIENTED_EDGE ( 'NONE', *, *, #4984, .T. ) ;
#7941 = ORIENTED_EDGE ( 'NONE', *, *, #374, .T. ) ;
#7942 = AXIS2_PLACEMENT_3D ( 'NONE', #9545, #7896, #8936 ) ;
#7943 = VECTOR ( 'NONE', #10008, 1000.000000000000000 ) ;
#7944 = MANIFOLD_SOLID_BREP ( 'ÕπÃ®-¿≠…Ï', #660 ) ;
#7945 = CARTESIAN_POINT ( 'NONE',  ( -50.00000000000000000, -4.204999999996572591, 35.79999999998739924 ) ) ;
#7946 = DIRECTION ( 'NONE',  ( -1.000000000000000000, -0.000000000000000000, -0.000000000000000000 ) ) ;
#7947 = DIRECTION ( 'NONE',  ( 1.000000000000000000, 0.000000000000000000, 0.000000000000000000 ) ) ;
#7948 = PLANE ( 'NONE',  #6439 ) ;
#7949 = CARTESIAN_POINT ( 'NONE',  ( 50.00000000000000000, 12.59499999999624720, -32.50000000001062972 ) ) ;
#7950 = ORIENTED_EDGE ( 'NONE', *, *, #2996, .T. ) ;
#7951 = PRESENTATION_LAYER_ASSIGNMENT (  '', '', ( #454 ) ) ;
#7952 = ORIENTED_EDGE ( 'NONE', *, *, #10480, .F. ) ;
#7953 = EDGE_LOOP ( 'NONE', ( #2729, #3667, #4024, #9312 ) ) ;
#7954 = DIRECTION ( 'NONE',  ( 0.000000000000000000, 0.000000000000000000, -1.000000000000000000 ) ) ;
#7955 = CARTESIAN_POINT ( 'NONE',  ( 50.00000000000000000, 6.694999999996342765, -32.50000000001062972 ) ) ;
#7956 = PLANE ( 'NONE',  #475 ) ;
#7957 = CARTESIAN_POINT ( 'NONE',  ( -50.00000000000000000, -4.604999999996528537, 33.99999999998737366 ) ) ;
#7958 = ORIENTED_EDGE ( 'NONE', *, *, #5907, .F. ) ;
#7959 = CYLINDRICAL_SURFACE ( 'NONE', #10226, 0.9999999999998898659 ) ;
#7960 = EDGE_LOOP ( 'NONE', ( #8032, #4386, #8347, #10360 ) ) ;
#7961 = CARTESIAN_POINT ( 'NONE',  ( 50.00000000000000000, 18.04500000000352955, 34.99999999998737366 ) ) ;
#7962 = CARTESIAN_POINT ( 'NONE',  ( 50.00000000000000000, -1.944999999996643858, 34.29999999998744897 ) ) ;
#7963 = ORIENTED_EDGE ( 'NONE', *, *, #296, .T. ) ;
#7964 = ORIENTED_EDGE ( 'NONE', *, *, #7662, .T. ) ;
#7965 = AXIS2_PLACEMENT_3D ( 'NONE', #4735, #9612, #8780 ) ;
#7966 = CARTESIAN_POINT ( 'NONE',  ( 50.00000000000000000, 14.29499999999650584, -37.50000000001130473 ) ) ;
#7967 = DIRECTION ( 'NONE',  ( -1.000000000000000000, -0.000000000000000000, -0.000000000000000000 ) ) ;
#7968 = CARTESIAN_POINT ( 'NONE',  ( 50.00000000000000000, 11.29500000000349758, 37.99999999998748734 ) ) ;
#7969 = FACE_OUTER_BOUND ( 'NONE', #4727, .T. ) ;
#7970 = LINE ( 'NONE', #2127, #16 ) ;
#7971 = ORIENTED_EDGE ( 'NONE', *, *, #4788, .F. ) ;
#7972 = ORIENTED_EDGE ( 'NONE', *, *, #4124, .F. ) ;
#7973 = EDGE_CURVE ( 'NONE', #6235, #9905, #8586, .T. ) ;
#7974 = LINE ( 'NONE', #2889, #6712 ) ;
#7975 = VECTOR ( 'NONE', #6275, 1000.000000000000000 ) ;
#7976 = DIRECTION ( 'NONE',  ( 1.000000000000000000, 0.000000000000000000, 0.000000000000000000 ) ) ;
#7977 = VERTEX_POINT ( 'NONE', #6366 ) ;
#7978 = ORIENTED_EDGE ( 'NONE', *, *, #9629, .T. ) ;
#7979 = ORIENTED_EDGE ( 'NONE', *, *, #10813, .F. ) ;
#7980 = VECTOR ( 'NONE', #514, 1000.000000000000000 ) ;
#7981 = LINE ( 'NONE', #6302, #9653 ) ;
#7982 = ADVANCED_FACE ( 'NONE', ( #6147 ), #6312, .F. ) ;
#7983 = CARTESIAN_POINT ( 'NONE',  ( 50.00000000000000000, 1.794999999996438333, -37.50000000001130473 ) ) ;
#7984 = CARTESIAN_POINT ( 'NONE',  ( 50.00000000000000000, -15.70499999999652729, 37.49999999998743050 ) ) ;
#7985 = ORIENTED_EDGE ( 'NONE', *, *, #10565, .T. ) ;
#7986 = VECTOR ( 'NONE', #4143, 1000.000000000000000 ) ;
#7987 = EDGE_CURVE ( 'NONE', #5658, #5281, #2148, .T. ) ;
#7988 = PLANE ( 'NONE',  #7411 ) ;
#7989 = LINE ( 'NONE', #613, #522 ) ;
#7990 = VECTOR ( 'NONE', #5701, 1000.000000000000000 ) ;
#7991 = ORIENTED_EDGE ( 'NONE', *, *, #9197, .T. ) ;
#7992 = ORIENTED_EDGE ( 'NONE', *, *, #3833, .T. ) ;
#7993 = EDGE_CURVE ( 'NONE', #409, #4764, #5375, .T. ) ;
#7994 = VECTOR ( 'NONE', #1289, 1000.000000000000000 ) ;
#7995 = VECTOR ( 'NONE', #6192, 1000.000000000000000 ) ;
#7996 = EDGE_CURVE ( 'NONE', #1353, #2688, #9539, .T. ) ;
#7997 = SURFACE_SIDE_STYLE ('',( #2857 ) ) ;
#7998 = ADVANCED_FACE ( 'NONE', ( #10413 ), #7780, .F. ) ;
#7999 = DIRECTION ( 'NONE',  ( 0.000000000000000000, -1.000000000000000000, 0.000000000000000000 ) ) ;
#8000 = AXIS2_PLACEMENT_3D ( 'NONE', #3721, #7221, #10344 ) ;
#8001 = DIRECTION ( 'NONE',  ( -1.000000000000000000, -0.000000000000000000, -0.000000000000000000 ) ) ;
#8002 = CARTESIAN_POINT ( 'NONE',  ( 50.00000000000000000, 15.79500000001610260, -37.49999999999986500 ) ) ;
#8003 = CARTESIAN_POINT ( 'NONE',  ( 50.00000000000000000, 0.03500000000344893891, 35.59999999998741771 ) ) ;
#8004 = ORIENTED_EDGE ( 'NONE', *, *, #2499, .F. ) ;
#8005 = COLOUR_RGB ( '',0.4274509803921568429, 0.4470588235294117307, 0.4274509803921568429 ) ;
#8006 = CIRCLE ( 'NONE', #5742, 0.1999999999999779732 ) ;
#8007 = VERTEX_POINT ( 'NONE', #6253 ) ;
#8008 = AXIS2_PLACEMENT_3D ( 'NONE', #1914, #2628, #8482 ) ;
#8009 = ORIENTED_EDGE ( 'NONE', *, *, #4654, .F. ) ;
#8010 = EDGE_CURVE ( 'NONE', #9657, #7788, #9595, .T. ) ;
#8011 = DIRECTION ( 'NONE',  ( 0.000000000000000000, 0.000000000000000000, -1.000000000000000000 ) ) ;
#8012 = DIRECTION ( 'NONE',  ( -1.000000000000000000, -0.000000000000000000, -0.000000000000000000 ) ) ;
#8013 = VECTOR ( 'NONE', #10636, 1000.000000000000000 ) ;
#8014 = CARTESIAN_POINT ( 'NONE',  ( 50.00000000000000000, 16.29500000000350113, 37.49999999998743050 ) ) ;
#8015 = CARTESIAN_POINT ( 'NONE',  ( 50.00000000000000000, -11.20499999999646690, 37.49999999998743050 ) ) ;
#8016 = EDGE_LOOP ( 'NONE', ( #9714, #8971, #7190, #7071 ) ) ;
#8017 = VECTOR ( 'NONE', #8900, 1000.000000000000000 ) ;
#8018 = LINE ( 'NONE', #9334, #4815 ) ;
#8019 = ORIENTED_EDGE ( 'NONE', *, *, #9078, .F. ) ;
#8020 = DIRECTION ( 'NONE',  ( 0.000000000000000000, -0.000000000000000000, -1.000000000000000000 ) ) ;
#8021 = CARTESIAN_POINT ( 'NONE',  ( 50.00000000000000000, -1.404999999998768345, -31.70000000000583640 ) ) ;
#8022 = AXIS2_PLACEMENT_3D ( 'NONE', #1304, #7916, #1410 ) ;
#8023 = ORIENTED_EDGE ( 'NONE', *, *, #1445, .T. ) ;
#8024 = ORIENTED_EDGE ( 'NONE', *, *, #571, .F. ) ;
#8025 = CIRCLE ( 'NONE', #9932, 0.2000000000002000178 ) ;
#8026 = DIRECTION ( 'NONE',  ( -1.000000000000000000, -0.000000000000000000, -0.000000000000000000 ) ) ;
#8027 = CARTESIAN_POINT ( 'NONE',  ( 50.00000000000000000, 17.12416154989970352, 31.42940952257264442 ) ) ;
#8028 = LINE ( 'NONE', #8961, #3825 ) ;
#8029 = AXIS2_PLACEMENT_3D ( 'NONE', #10572, #3896, #7231 ) ;
#8030 = LINE ( 'NONE', #9842, #567 ) ;
#8031 = LINE ( 'NONE', #8140, #8403 ) ;
#8032 = ORIENTED_EDGE ( 'NONE', *, *, #4989, .F. ) ;
#8033 = LINE ( 'NONE', #10291, #1816 ) ;
#8034 = DIRECTION ( 'NONE',  ( 0.000000000000000000, 0.000000000000000000, 1.000000000000000000 ) ) ;
#8035 = ORIENTED_EDGE ( 'NONE', *, *, #6614, .T. ) ;
#8036 = ORIENTED_EDGE ( 'NONE', *, *, #4301, .T. ) ;
#8037 = ORIENTED_EDGE ( 'NONE', *, *, #4242, .F. ) ;
#8038 = EDGE_CURVE ( 'NONE', #1859, #1813, #907, .T. ) ;
#8039 = LINE ( 'NONE', #7335, #3466 ) ;
#8040 = DIRECTION ( 'NONE',  ( 1.000000000000000000, 0.000000000000000000, 0.000000000000000000 ) ) ;
#8041 = DIRECTION ( 'NONE',  ( 1.000000000000000000, 0.000000000000000000, 0.000000000000000000 ) ) ;
#8042 = DIRECTION ( 'NONE',  ( -0.000000000000000000, 0.000000000000000000, 1.000000000000000000 ) ) ;
#8043 = ORIENTED_EDGE ( 'NONE', *, *, #10232, .T. ) ;
#8044 = AXIS2_PLACEMENT_3D ( 'NONE', #8317, #4271, #7603 ) ;
#8045 = LINE ( 'NONE', #3894, #4265 ) ;
#8046 = DIRECTION ( 'NONE',  ( 0.000000000000000000, 0.000000000000000000, 1.000000000000000000 ) ) ;
#8047 = VERTEX_POINT ( 'NONE', #8766 ) ;
#8048 = VERTEX_POINT ( 'NONE', #6965 ) ;
#8049 = EDGE_CURVE ( 'NONE', #5896, #10148, #3849, .T. ) ;
#8050 = VECTOR ( 'NONE', #4520, 1000.000000000000000 ) ;
#8051 = EDGE_CURVE ( 'NONE', #6862, #8311, #456, .T. ) ;
#8052 = CARTESIAN_POINT ( 'NONE',  ( 50.00000000000000000, -9.204999999996577031, -35.80000000001248850 ) ) ;
#8053 = CARTESIAN_POINT ( 'NONE',  ( 50.00000000000000000, -12.70499999999652374, 33.99999999998737366 ) ) ;
#8054 = CARTESIAN_POINT ( 'NONE',  ( 50.00000000000000000, -1.904999999998824300, -32.20000000000566587 ) ) ;
#8055 = PLANE ( 'NONE',  #1898 ) ;
#8056 = DIRECTION ( 'NONE',  ( 0.000000000000000000, 0.000000000000000000, -1.000000000000000000 ) ) ;
#8057 = ORIENTED_EDGE ( 'NONE', *, *, #9818, .T. ) ;
#8058 = ADVANCED_FACE ( 'NONE', ( #7185 ), #3019, .F. ) ;
#8059 = VECTOR ( 'NONE', #1332, 1000.000000000000000 ) ;
#8060 = EDGE_CURVE ( 'NONE', #10372, #378, #5819, .T. ) ;
#8061 = VERTEX_POINT ( 'NONE', #4066 ) ;
#8062 = EDGE_CURVE ( 'NONE', #5195, #9965, #1775, .T. ) ;
#8063 = VERTEX_POINT ( 'NONE', #7235 ) ;
#8064 = ADVANCED_FACE ( 'NONE', ( #7288 ), #3953, .F. ) ;
#8065 = CARTESIAN_POINT ( 'NONE',  ( 50.00000000000000000, -9.304999999998564419, -32.50000000000563460 ) ) ;
#8066 = VECTOR ( 'NONE', #1921, 1000.000000000000000 ) ;
#8067 = CARTESIAN_POINT ( 'NONE',  ( -50.00000000000000000, -9.304999999998564419, -32.50000000000563460 ) ) ;
#8068 = DIRECTION ( 'NONE',  ( 1.000000000000000000, 0.000000000000000000, 0.000000000000000000 ) ) ;
#8069 = CARTESIAN_POINT ( 'NONE',  ( 50.00000000000000000, -1.704999999996625881, 37.49999999998743050 ) ) ;
#8070 = VERTEX_POINT ( 'NONE', #3189 ) ;
#8071 = CARTESIAN_POINT ( 'NONE',  ( 50.00000000000000000, 11.79500000000344073, 37.49999999998743050 ) ) ;
#8072 = ORIENTED_EDGE ( 'NONE', *, *, #2839, .T. ) ;
#8073 = CARTESIAN_POINT ( 'NONE',  ( 50.00000000000000000, -20.55499999999643634, 27.49999999998742339 ) ) ;
#8074 = ADVANCED_FACE ( 'NONE', ( #5764 ), #3071, .T. ) ;
#8075 = DIRECTION ( 'NONE',  ( -1.000000000000000000, -0.000000000000000000, -0.000000000000000000 ) ) ;
#8076 = VECTOR ( 'NONE', #8582, 1000.000000000000000 ) ;
#8077 = EDGE_CURVE ( 'NONE', #9111, #8126, #9103, .T. ) ;
#8078 = EDGE_LOOP ( 'NONE', ( #2855, #2592, #7829, #7242 ) ) ;
#8079 = ORIENTED_EDGE ( 'NONE', *, *, #10348, .T. ) ;
#8080 = DIRECTION ( 'NONE',  ( -1.000000000000000000, -0.000000000000000000, -0.000000000000000000 ) ) ;
#8081 = PLANE ( 'NONE',  #1216 ) ;
#8082 = CARTESIAN_POINT ( 'NONE',  ( -50.00000000000000000, -18.95499999999827878, -30.80000000000548965 ) ) ;
#8083 = CARTESIAN_POINT ( 'NONE',  ( 50.00000000000000000, -12.50499999999643563, 32.49999999998743050 ) ) ;
#8084 = VECTOR ( 'NONE', #9160, 1000.000000000000000 ) ;
#8085 = DIRECTION ( 'NONE',  ( -0.000000000000000000, -0.000000000000000000, -1.000000000000000000 ) ) ;
#8086 = ORIENTED_EDGE ( 'NONE', *, *, #10232, .F. ) ;
#8087 = CYLINDRICAL_SURFACE ( 'NONE', #10382, 0.2000000000002000178 ) ;
#8088 = CARTESIAN_POINT ( 'NONE',  ( -50.00000000000000000, -2.064999999996652846, 34.59999999998730402 ) ) ;
#8089 = ORIENTED_EDGE ( 'NONE', *, *, #3848, .F. ) ;
#8090 = VECTOR ( 'NONE', #9698, 1000.000000000000114 ) ;
#8091 = ORIENTED_EDGE ( 'NONE', *, *, #644, .F. ) ;
#8092 = VERTEX_POINT ( 'NONE', #4826 ) ;
#8093 = DIRECTION ( 'NONE',  ( 0.000000000000000000, 0.000000000000000000, 1.000000000000000000 ) ) ;
#8094 = DIRECTION ( 'NONE',  ( 0.000000000000000000, -0.000000000000000000, -1.000000000000000000 ) ) ;
#8095 = CARTESIAN_POINT ( 'NONE',  ( 50.00000000000000000, 0.2550000000035579362, 35.79999999998739924 ) ) ;
#8096 = CARTESIAN_POINT ( 'NONE',  ( 50.00000000000000000, 0.05500000000346894069, 35.59999999998741771 ) ) ;
#8097 = ORIENTED_EDGE ( 'NONE', *, *, #1249, .T. ) ;
#8098 = ORIENTED_EDGE ( 'NONE', *, *, #3635, .F. ) ;
#8099 = DIRECTION ( 'NONE',  ( 1.000000000000000000, 0.000000000000000000, 0.000000000000000000 ) ) ;
#8100 = VECTOR ( 'NONE', #6178, 1000.000000000000000 ) ;
#8101 = DIRECTION ( 'NONE',  ( -1.000000000000000000, -0.000000000000000000, -0.000000000000000000 ) ) ;
#8102 = ORIENTED_EDGE ( 'NONE', *, *, #4978, .T. ) ;
#8103 = ORIENTED_EDGE ( 'NONE', *, *, #581, .T. ) ;
#8104 = AXIS2_PLACEMENT_3D ( 'NONE', #5468, #9468, #8799 ) ;
#8105 = DIRECTION ( 'NONE',  ( 0.000000000000000000, 0.000000000000000000, -1.000000000000000000 ) ) ;
#8106 = DIRECTION ( 'NONE',  ( -1.000000000000000000, -0.000000000000000000, -0.000000000000000000 ) ) ;
#8107 = DIRECTION ( 'NONE',  ( -1.000000000000000000, 0.000000000000000000, -0.000000000000000000 ) ) ;
#8108 = CARTESIAN_POINT ( 'NONE',  ( 50.00000000000000000, -20.95499999999650242, 34.99999999998737366 ) ) ;
#8109 = LINE ( 'NONE', #841, #9230 ) ;
#8110 = ORIENTED_EDGE ( 'NONE', *, *, #6116, .T. ) ;
#8111 = EDGE_CURVE ( 'NONE', #6789, #7691, #9759, .T. ) ;
#8112 = AXIS2_PLACEMENT_3D ( 'NONE', #2203, #8824, #6259 ) ;
#8113 = AXIS2_PLACEMENT_3D ( 'NONE', #750, #9066, #8020 ) ;
#8114 = ORIENTED_EDGE ( 'NONE', *, *, #6784, .F. ) ;
#8115 = ORIENTED_EDGE ( 'NONE', *, *, #1982, .T. ) ;
#8116 = ORIENTED_EDGE ( 'NONE', *, *, #6611, .T. ) ;
#8117 = CYLINDRICAL_SURFACE ( 'NONE', #5205, 0.2000000000000334843 ) ;
#8118 = DIRECTION ( 'NONE',  ( 0.000000000000000000, -1.000000000000000000, 0.000000000000000000 ) ) ;
#8119 = DIRECTION ( 'NONE',  ( 0.000000000000000000, -0.000000000000000000, 1.000000000000000000 ) ) ;
#8120 = ADVANCED_FACE ( 'NONE', ( #2257 ), #10687, .F. ) ;
#8121 = CIRCLE ( 'NONE', #8480, 3.000000000000002665 ) ;
#8122 = DIRECTION ( 'NONE',  ( 0.000000000000000000, 0.000000000000000000, 1.000000000000000000 ) ) ;
#8123 = ORIENTED_EDGE ( 'NONE', *, *, #9475, .F. ) ;
#8124 = EDGE_CURVE ( 'NONE', #10744, #6496, #1423, .T. ) ;
#8125 = LINE ( 'NONE', #6382, #6733 ) ;
#8126 = VERTEX_POINT ( 'NONE', #4941 ) ;
#8127 = EDGE_CURVE ( 'NONE', #6073, #4420, #5971, .T. ) ;
#8128 = DIRECTION ( 'NONE',  ( -0.000000000000000000, -0.000000000000000000, -1.000000000000000000 ) ) ;
#8129 = DIRECTION ( 'NONE',  ( -0.000000000000000000, -0.000000000000000000, 1.000000000000000000 ) ) ;
#8130 = ORIENTED_EDGE ( 'NONE', *, *, #1379, .F. ) ;
#8131 = AXIS2_PLACEMENT_3D ( 'NONE', #294, #8614, #2755 ) ;
#8132 = EDGE_LOOP ( 'NONE', ( #8572, #2266, #6463, #10773 ) ) ;
#8133 = LINE ( 'NONE', #8191, #8511 ) ;
#8134 = EDGE_CURVE ( 'NONE', #5864, #4648, #2311, .T. ) ;
#8135 = DIRECTION ( 'NONE',  ( 1.000000000000000000, 0.000000000000000000, 0.000000000000000000 ) ) ;
#8136 = CARTESIAN_POINT ( 'NONE',  ( 50.00000000000000000, 1.794999999996438333, -35.80000000001126637 ) ) ;
#8137 = EDGE_CURVE ( 'NONE', #6480, #7081, #5618, .T. ) ;
#8138 = CARTESIAN_POINT ( 'NONE',  ( -50.00000000000000000, -7.104999999996475246, 32.49999999998743050 ) ) ;
#8139 = ADVANCED_FACE ( 'NONE', ( #8986 ), #6638, .F. ) ;
#8140 = CARTESIAN_POINT ( 'NONE',  ( 50.00000000000000000, -7.304999999996675264, 33.99999999998737366 ) ) ;
#8141 = EDGE_LOOP ( 'NONE', ( #8453, #8282, #5577, #5148 ) ) ;
#8142 = DIRECTION ( 'NONE',  ( 1.000000000000000000, 0.000000000000000000, 0.000000000000000000 ) ) ;
#8143 = DIRECTION ( 'NONE',  ( -0.000000000000000000, 1.000000000000000000, -0.000000000000000000 ) ) ;
#8144 = ORIENTED_EDGE ( 'NONE', *, *, #594, .T. ) ;
#8145 = EDGE_LOOP ( 'NONE', ( #942, #4474, #5210, #1331 ) ) ;
#8146 = EDGE_LOOP ( 'NONE', ( #9930, #5673, #3237, #4407 ) ) ;
#8147 = DIRECTION ( 'NONE',  ( 0.000000000000000000, 0.000000000000000000, -1.000000000000000000 ) ) ;
#8148 = EDGE_CURVE ( 'NONE', #2756, #6780, #10632, .T. ) ;
#8149 = DIRECTION ( 'NONE',  ( 0.000000000000000000, 1.000000000000000000, 0.000000000000000000 ) ) ;
#8150 = PLANE ( 'NONE',  #8870 ) ;
#8151 = VECTOR ( 'NONE', #5791, 1000.000000000000000 ) ;
#8152 = LINE ( 'NONE', #8096, #5782 ) ;
#8153 = ORIENTED_EDGE ( 'NONE', *, *, #10531, .F. ) ;
#8154 = ORIENTED_EDGE ( 'NONE', *, *, #5187, .T. ) ;
#8155 = CARTESIAN_POINT ( 'NONE',  ( 50.00000000000000000, -17.45500000000122043, -33.99999999999425881 ) ) ;
#8156 = FACE_OUTER_BOUND ( 'NONE', #8797, .T. ) ;
#8157 = ORIENTED_EDGE ( 'NONE', *, *, #6319, .F. ) ;
#8158 = ORIENTED_EDGE ( 'NONE', *, *, #5948, .F. ) ;
#8159 = CIRCLE ( 'NONE', #9736, 0.1999999999999779732 ) ;
#8160 = AXIS2_PLACEMENT_3D ( 'NONE', #10499, #3817, #3764 ) ;
#8161 = DIRECTION ( 'NONE',  ( -1.000000000000000000, -0.000000000000000000, -0.000000000000000000 ) ) ;
#8162 = DIRECTION ( 'NONE',  ( -0.000000000000000000, -1.000000000000000000, -0.000000000000000000 ) ) ;
#8163 = CARTESIAN_POINT ( 'NONE',  ( 50.00000000000000000, -11.70499999999652374, -35.80000000001248850 ) ) ;
#8164 = CARTESIAN_POINT ( 'NONE',  ( 50.00000000000000000, -0.1649999999987494803, -35.80000000000549676 ) ) ;
#8165 = AXIS2_PLACEMENT_3D ( 'NONE', #3563, #8545, #6689 ) ;
#8166 = CARTESIAN_POINT ( 'NONE',  ( -50.00000000000000000, 4.294999999996496065, -35.80000000001126637 ) ) ;
#8167 = AXIS2_PLACEMENT_3D ( 'NONE', #86, #9684, #10705 ) ;
#8168 = ORIENTED_EDGE ( 'NONE', *, *, #6808, .T. ) ;
#8169 = VECTOR ( 'NONE', #252, 1000.000000000000000 ) ;
#8170 = ORIENTED_EDGE ( 'NONE', *, *, #350, .F. ) ;
#8171 = CIRCLE ( 'NONE', #2224, 0.5000000000000004441 ) ;
#8172 = VERTEX_POINT ( 'NONE', #3136 ) ;
#8173 = ORIENTED_EDGE ( 'NONE', *, *, #3142, .T. ) ;
#8174 = FACE_OUTER_BOUND ( 'NONE', #2213, .T. ) ;
#8175 = DIRECTION ( 'NONE',  ( 1.000000000000000000, 0.000000000000000000, 0.000000000000000000 ) ) ;
#8176 = EDGE_CURVE ( 'NONE', #887, #8828, #1489, .T. ) ;
#8177 = DIRECTION ( 'NONE',  ( 0.000000000000000000, 0.000000000000000000, -1.000000000000000000 ) ) ;
#8178 = VECTOR ( 'NONE', #4450, 1000.000000000000000 ) ;
#8179 = DIRECTION ( 'NONE',  ( 0.000000000000000000, 0.000000000000000000, -1.000000000000000000 ) ) ;
#8180 = ORIENTED_EDGE ( 'NONE', *, *, #9880, .T. ) ;
#8181 = LINE ( 'NONE', #9121, #4500 ) ;
#8182 = DIRECTION ( 'NONE',  ( 0.000000000000000000, 0.000000000000000000, -1.000000000000000000 ) ) ;
#8183 = ORIENTED_EDGE ( 'NONE', *, *, #769, .F. ) ;
#8184 = PLANE ( 'NONE',  #7241 ) ;
#8185 = VECTOR ( 'NONE', #4223, 1000.000000000000000 ) ;
#8186 = CARTESIAN_POINT ( 'NONE',  ( 50.00000000000000000, 13.79500000000344428, 37.49999999998743050 ) ) ;
#8187 = AXIS2_PLACEMENT_3D ( 'NONE', #1639, #5190, #2674 ) ;
#8188 = AXIS2_PLACEMENT_3D ( 'NONE', #839, #6527, #4177 ) ;
#8189 = EDGE_LOOP ( 'NONE', ( #8273, #4501, #5910, #9025 ) ) ;
#8190 = EDGE_CURVE ( 'NONE', #10782, #378, #8419, .T. ) ;
#8191 = CARTESIAN_POINT ( 'NONE',  ( -50.00000000000000000, 0.03500000000344893891, 32.69999999998740492 ) ) ;
#8192 = CARTESIAN_POINT ( 'NONE',  ( 50.00000000000000000, 3.794999999996551132, -37.50000000001130473 ) ) ;
#8193 = EDGE_CURVE ( 'NONE', #6781, #6145, #10791, .T. ) ;
#8194 = LINE ( 'NONE', #6715, #1339 ) ;
#8195 = VECTOR ( 'NONE', #10276, 1000.000000000000000 ) ;
#8196 = CARTESIAN_POINT ( 'NONE',  ( 50.00000000000000000, -13.20499999999647045, 35.79999999998739924 ) ) ;
#8197 = VERTEX_POINT ( 'NONE', #9205 ) ;
#8198 = CARTESIAN_POINT ( 'NONE',  ( 50.00000000000000000, -14.20499999999658058, -37.50000000001251976 ) ) ;
#8199 = CIRCLE ( 'NONE', #4014, 1.000000000007446266 ) ;
#8200 = EDGE_CURVE ( 'NONE', #4675, #4111, #380, .T. ) ;
#8201 = FACE_OUTER_BOUND ( 'NONE', #1969, .T. ) ;
#8202 = ORIENTED_EDGE ( 'NONE', *, *, #7801, .F. ) ;
#8203 = EDGE_CURVE ( 'NONE', #10532, #8970, #10189, .T. ) ;
#8204 = VECTOR ( 'NONE', #982, 1000.000000000000000 ) ;
#8205 = ORIENTED_EDGE ( 'NONE', *, *, #4573, .F. ) ;
#8206 = ORIENTED_EDGE ( 'NONE', *, *, #7125, .T. ) ;
#8207 = EDGE_CURVE ( 'NONE', #939, #6472, #2738, .T. ) ;
#8208 = AXIS2_PLACEMENT_3D ( 'NONE', #1485, #7284, #669 ) ;
#8209 = DIRECTION ( 'NONE',  ( -1.000000000000000000, -0.000000000000000000, -0.000000000000000000 ) ) ;
#8210 = ADVANCED_FACE ( 'NONE', ( #7561 ), #5867, .F. ) ;
#8211 = CARTESIAN_POINT ( 'NONE',  ( 50.00000000000000000, -17.45500000000122043, -32.99999999999436540 ) ) ;
#8212 = DIRECTION ( 'NONE',  ( -1.000000000000000000, -0.000000000000000000, -0.000000000000000000 ) ) ;
#8213 = PLANE ( 'NONE',  #2234 ) ;
#8214 = FACE_OUTER_BOUND ( 'NONE', #1277, .T. ) ;
#8215 = ORIENTED_EDGE ( 'NONE', *, *, #1443, .T. ) ;
#8216 = ORIENTED_EDGE ( 'NONE', *, *, #5862, .F. ) ;
#8217 = DIRECTION ( 'NONE',  ( -1.000000000000000000, -0.000000000000000000, -0.000000000000000000 ) ) ;
#8218 = LINE ( 'NONE', #724, #9588 ) ;
#8219 = ORIENTED_EDGE ( 'NONE', *, *, #2896, .T. ) ;
#8220 = EDGE_CURVE ( 'NONE', #472, #9189, #6897, .T. ) ;
#8221 = EDGE_LOOP ( 'NONE', ( #4746, #2043, #4212, #24 ) ) ;
#8222 = DIRECTION ( 'NONE',  ( 0.000000000000000000, 0.000000000000000000, -1.000000000000000000 ) ) ;
#8223 = AXIS2_PLACEMENT_3D ( 'NONE', #9571, #6122, #9463 ) ;
#8224 = CARTESIAN_POINT ( 'NONE',  ( -50.00000000000000000, 21.04500000000353310, 27.98284271248752120 ) ) ;
#8225 = FACE_OUTER_BOUND ( 'NONE', #10303, .T. ) ;
#8226 = PLANE ( 'NONE',  #1209 ) ;
#8227 = DIRECTION ( 'NONE',  ( 0.000000000000000000, 0.000000000000000000, 1.000000000000000000 ) ) ;
#8228 = VERTEX_POINT ( 'NONE', #4226 ) ;
#8229 = AXIS2_PLACEMENT_3D ( 'NONE', #3501, #10180, #7553 ) ;
#8230 = ORIENTED_EDGE ( 'NONE', *, *, #3771, .T. ) ;
#8231 = VERTEX_POINT ( 'NONE', #227 ) ;
#8232 = VERTEX_POINT ( 'NONE', #5921 ) ;
#8233 = PLANE ( 'NONE',  #7824 ) ;
#8234 = DIRECTION ( 'NONE',  ( 1.000000000000000000, 0.000000000000000000, 0.000000000000000000 ) ) ;
#8235 = PLANE ( 'NONE',  #8507 ) ;
#8236 = LINE ( 'NONE', #9937, #10811 ) ;
#8237 = AXIS2_PLACEMENT_3D ( 'NONE', #1820, #5937, #10095 ) ;
#8238 = ORIENTED_EDGE ( 'NONE', *, *, #969, .F. ) ;
#8239 = DIRECTION ( 'NONE',  ( 0.000000000000000000, -1.000000000000000000, 0.000000000000000000 ) ) ;
#8240 = DIRECTION ( 'NONE',  ( 0.000000000000000000, 0.000000000000000000, -1.000000000000000000 ) ) ;
#8241 = VERTEX_POINT ( 'NONE', #945 ) ;
#8242 = DIRECTION ( 'NONE',  ( -1.000000000000000000, -0.000000000000000000, -0.000000000000000000 ) ) ;
#8243 = CARTESIAN_POINT ( 'NONE',  ( 50.00000000000000000, -7.104999999998806715, -32.50000000000563460 ) ) ;
#8244 = VECTOR ( 'NONE', #3353, 1000.000000000000000 ) ;
#8245 = ORIENTED_EDGE ( 'NONE', *, *, #10597, .T. ) ;
#8246 = CARTESIAN_POINT ( 'NONE',  ( 50.00000000000000000, -6.204999999996574367, 37.49999999998743050 ) ) ;
#8247 = CARTESIAN_POINT ( 'NONE',  ( 50.00000000000000000, 4.194999999996396056, -32.20000000001077467 ) ) ;
#8248 = DIRECTION ( 'NONE',  ( 1.000000000000000000, 0.000000000000000000, 0.000000000000000000 ) ) ;
#8249 = DIRECTION ( 'NONE',  ( 1.000000000000000000, 0.000000000000000000, 0.000000000000000000 ) ) ;
#8250 = ORIENTED_EDGE ( 'NONE', *, *, #999, .F. ) ;
#8251 = VECTOR ( 'NONE', #1156, 1000.000000000000000 ) ;
#8252 = DIRECTION ( 'NONE',  ( -1.000000000000000000, -0.000000000000000000, -0.000000000000000000 ) ) ;
#8253 = CARTESIAN_POINT ( 'NONE',  ( 50.00000000000000000, 11.79499999999644722, -37.50000000001130473 ) ) ;
#8254 = EDGE_CURVE ( 'NONE', #5257, #2735, #1757, .T. ) ;
#8255 = ORIENTED_EDGE ( 'NONE', *, *, #4242, .T. ) ;
#8256 = ORIENTED_EDGE ( 'NONE', *, *, #6184, .T. ) ;
#8257 = ORIENTED_EDGE ( 'NONE', *, *, #7275, .T. ) ;
#8258 = LINE ( 'NONE', #4155, #9054 ) ;
#8259 = VECTOR ( 'NONE', #82, 1000.000000000000000 ) ;
#8260 = SURFACE_STYLE_FILL_AREA ( #5 ) ;
#8261 = EDGE_CURVE ( 'NONE', #640, #5682, #4928, .T. ) ;
#8262 = FACE_OUTER_BOUND ( 'NONE', #9504, .T. ) ;
#8263 = CARTESIAN_POINT ( 'NONE',  ( -50.00000000000000000, 0.2550000000035579362, 35.79999999998745608 ) ) ;
#8264 = ADVANCED_FACE ( 'NONE', ( #2530 ), #6026, .T. ) ;
#8265 = FACE_OUTER_BOUND ( 'NONE', #4932, .T. ) ;
#8266 = VERTEX_POINT ( 'NONE', #1809 ) ;
#8267 = ORIENTED_EDGE ( 'NONE', *, *, #4124, .T. ) ;
#8268 = ADVANCED_FACE ( 'NONE', ( #6741 ), #5972, .F. ) ;
#8269 = LINE ( 'NONE', #3348, #5657 ) ;
#8270 = AXIS2_PLACEMENT_3D ( 'NONE', #1865, #894, #5870 ) ;
#8271 = CARTESIAN_POINT ( 'NONE',  ( 50.00000000000000000, 0.2549999999963414865, -35.60000000001117826 ) ) ;
#8272 = ADVANCED_FACE ( 'NONE', ( #8544 ), #1863, .F. ) ;
#8273 = ORIENTED_EDGE ( 'NONE', *, *, #7804, .T. ) ;
#8274 = EDGE_LOOP ( 'NONE', ( #5969, #5178, #5237, #6686 ) ) ;
#8275 = DIRECTION ( 'NONE',  ( -1.000000000000000000, 0.000000000000000000, -0.000000000000000000 ) ) ;
#8276 = LINE ( 'NONE', #2368, #3621 ) ;
#8277 = EDGE_CURVE ( 'NONE', #8740, #39, #5206, .T. ) ;
#8278 = PLANE ( 'NONE',  #8963 ) ;
#8279 = DIRECTION ( 'NONE',  ( 0.000000000000000000, 0.000000000000000000, -1.000000000000000000 ) ) ;
#8280 = ADVANCED_FACE ( 'NONE', ( #8381 ), #7615, .F. ) ;
#8281 = FACE_OUTER_BOUND ( 'NONE', #7841, .T. ) ;
#8282 = ORIENTED_EDGE ( 'NONE', *, *, #7864, .F. ) ;
#8283 = VECTOR ( 'NONE', #9036, 1000.000000000000000 ) ;
#8284 = EDGE_LOOP ( 'NONE', ( #1710, #224, #3755, #3599 ) ) ;
#8285 = PLANE ( 'NONE',  #4333 ) ;
#8286 = CARTESIAN_POINT ( 'NONE',  ( 50.00000000000000000, 16.57907417369630565, -32.74118095491063229 ) ) ;
#8287 = CARTESIAN_POINT ( 'NONE',  ( 50.00000000000000000, -15.70499999999652729, -37.50000000001251976 ) ) ;
#8288 = EDGE_CURVE ( 'NONE', #10744, #5642, #4334, .T. ) ;
#8289 = AXIS2_PLACEMENT_3D ( 'NONE', #1741, #10223, #5079 ) ;
#8290 = CARTESIAN_POINT ( 'NONE',  ( 50.00000000000000000, -17.45499999998545348, 33.99999999999280220 ) ) ;
#8291 = VERTEX_POINT ( 'NONE', #4388 ) ;
#8292 = CARTESIAN_POINT ( 'NONE',  ( 50.00000000000000000, -5.704999999996629434, -35.80000000001248850 ) ) ;
#8293 = AXIS2_PLACEMENT_3D ( 'NONE', #1570, #4848, #3211 ) ;
#8294 = CARTESIAN_POINT ( 'NONE',  ( -50.00000000000000000, 0.03500000000122849286, -35.60000000000562892 ) ) ;
#8295 = VERTEX_POINT ( 'NONE', #10138 ) ;
#8296 = DIRECTION ( 'NONE',  ( 1.000000000000000000, 0.000000000000000000, 0.000000000000000000 ) ) ;
#8297 = CARTESIAN_POINT ( 'NONE',  ( 50.00000000000000000, -6.404999999998716831, -32.70000000000561613 ) ) ;
#8298 = ORIENTED_EDGE ( 'NONE', *, *, #4250, .F. ) ;
#8299 = VECTOR ( 'NONE', #6370, 1000.000000000000000 ) ;
#8300 = CARTESIAN_POINT ( 'NONE',  ( 50.00000000000000000, -1.704999999996625881, 35.79999999998739924 ) ) ;
#8301 = VECTOR ( 'NONE', #9396, 1000.000000000000114 ) ;
#8302 = DIRECTION ( 'NONE',  ( -0.000000000000000000, -1.000000000000000000, -0.000000000000000000 ) ) ;
#8303 = LINE ( 'NONE', #812, #3960 ) ;
#8304 = CARTESIAN_POINT ( 'NONE',  ( 50.00000000000000000, -9.104999999998586446, -34.00000000000547118 ) ) ;
#8305 = ORIENTED_EDGE ( 'NONE', *, *, #6591, .F. ) ;
#8306 = CARTESIAN_POINT ( 'NONE',  ( 50.00000000000000000, 12.59500000000346454, 32.49999999998743050 ) ) ;
#8307 = AXIS2_PLACEMENT_3D ( 'NONE', #1325, #9385, #3636 ) ;
#8308 = CARTESIAN_POINT ( 'NONE',  ( 50.00000000000000000, -4.604999999998748983, -34.00000000000547118 ) ) ;
#8309 = ORIENTED_EDGE ( 'NONE', *, *, #7473, .F. ) ;
#8310 = ORIENTED_EDGE ( 'NONE', *, *, #2034, .T. ) ;
#8311 = VERTEX_POINT ( 'NONE', #2633 ) ;
#8312 = CARTESIAN_POINT ( 'NONE',  ( 50.00000000000000000, -2.064999999996652846, 34.59999999998730402 ) ) ;
#8313 = SURFACE_STYLE_USAGE ( .BOTH. , #5690 ) ;
#8314 = CARTESIAN_POINT ( 'NONE',  ( 50.00000000000000000, -9.204999999996577031, 35.79999999998739924 ) ) ;
#8315 = ADVANCED_FACE ( 'NONE', ( #9316 ), #997, .F. ) ;
#8316 = CARTESIAN_POINT ( 'NONE',  ( 50.00000000000000000, 0.7950000000034318504, 37.49999999998743050 ) ) ;
#8317 = CARTESIAN_POINT ( 'NONE',  ( 50.00000000000000000, -17.51712446302988724, 31.29999999999433413 ) ) ;
#8318 = ORIENTED_EDGE ( 'NONE', *, *, #8277, .F. ) ;
#8319 = ORIENTED_EDGE ( 'NONE', *, *, #3297, .F. ) ;
#8320 = CARTESIAN_POINT ( 'NONE',  ( -50.00000000000000000, 13.79500000000344428, 37.49999999998743050 ) ) ;
#8321 = FACE_OUTER_BOUND ( 'NONE', #1246, .T. ) ;
#8322 = EDGE_LOOP ( 'NONE', ( #10221, #67, #4261, #418 ) ) ;
#8323 = VERTEX_POINT ( 'NONE', #2138 ) ;
#8324 = EDGE_CURVE ( 'NONE', #2735, #7622, #4397, .T. ) ;
#8325 = VECTOR ( 'NONE', #3699, 1000.000000000000000 ) ;
#8326 = CARTESIAN_POINT ( 'NONE',  ( 50.00000000000000000, 2.035000000001341292, -34.30000000000566018 ) ) ;
#8327 = EDGE_CURVE ( 'NONE', #8637, #10785, #3615, .T. ) ;
#8328 = CARTESIAN_POINT ( 'NONE',  ( 50.00000000000000000, 5.795000000003436291, 37.49999999998743050 ) ) ;
#8329 = FACE_OUTER_BOUND ( 'NONE', #9133, .T. ) ;
#8330 = DIRECTION ( 'NONE',  ( -0.000000000000000000, 1.000000000000000000, 0.000000000000000000 ) ) ;
#8331 = DIRECTION ( 'NONE',  ( 0.000000000000000000, -0.000000000000000000, 1.000000000000000000 ) ) ;
#8332 = AXIS2_PLACEMENT_3D ( 'NONE', #1771, #190, #2696 ) ;
#8333 = EDGE_CURVE ( 'NONE', #7408, #9480, #10299, .T. ) ;
#8334 = ORIENTED_EDGE ( 'NONE', *, *, #2262, .F. ) ;
#8335 = EDGE_CURVE ( 'NONE', #4981, #3308, #2955, .T. ) ;
#8336 = ORIENTED_EDGE ( 'NONE', *, *, #4439, .T. ) ;
#8337 = EDGE_CURVE ( 'NONE', #6399, #7410, #4441, .T. ) ;
#8338 = FACE_OUTER_BOUND ( 'NONE', #5743, .T. ) ;
#8339 = CARTESIAN_POINT ( 'NONE',  ( -50.00000000000000000, 17.60712446303502787, 31.29999999998722870 ) ) ;
#8340 = CARTESIAN_POINT ( 'NONE',  ( 50.00000000000000000, -9.104999999998586446, -34.00000000000547118 ) ) ;
#8341 = AXIS2_PLACEMENT_3D ( 'NONE', #1606, #3954, #4174 ) ;
#8342 = CARTESIAN_POINT ( 'NONE',  ( -50.00000000000000000, -1.204999999996569926, -37.50000000001251976 ) ) ;
#8343 = DIRECTION ( 'NONE',  ( -0.000000000000000000, -0.000000000000000000, -1.000000000000000000 ) ) ;
#8344 = ORIENTED_EDGE ( 'NONE', *, *, #250, .F. ) ;
#8345 = LINE ( 'NONE', #5009, #6421 ) ;
#8346 = CARTESIAN_POINT ( 'NONE',  ( -50.00000000000000000, 13.29500000000349758, 37.49999999998743050 ) ) ;
#8347 = ORIENTED_EDGE ( 'NONE', *, *, #6391, .T. ) ;
#8348 = VECTOR ( 'NONE', #7119, 1000.000000000000000 ) ;
#8349 = DIRECTION ( 'NONE',  ( 0.000000000000000000, 0.000000000000000000, -1.000000000000000000 ) ) ;
#8350 = DIRECTION ( 'NONE',  ( 0.000000000000000000, -1.000000000000000000, 0.000000000000000000 ) ) ;
#8351 = AXIS2_PLACEMENT_3D ( 'NONE', #8095, #9800, #7227 ) ;
#8352 = EDGE_CURVE ( 'NONE', #7756, #2187, #6186, .T. ) ;
#8353 = ORIENTED_EDGE ( 'NONE', *, *, #282, .F. ) ;
#8354 = DIRECTION ( 'NONE',  ( -0.000000000000000000, -0.000000000000000000, 1.000000000000000000 ) ) ;
#8355 = PLANE ( 'NONE',  #690 ) ;
#8356 = AXIS2_PLACEMENT_3D ( 'NONE', #204, #3700, #7854 ) ;
#8357 = DIRECTION ( 'NONE',  ( 0.000000000000000000, 0.000000000000000000, 1.000000000000000000 ) ) ;
#8358 = VECTOR ( 'NONE', #8641, 1000.000000000000000 ) ;
#8359 = DIRECTION ( 'NONE',  ( 0.000000000000000000, 0.9659258262868128941, -0.2588190451109378398 ) ) ;
#8360 = ORIENTED_EDGE ( 'NONE', *, *, #8995, .F. ) ;
#8361 = LINE ( 'NONE', #7643, #5320 ) ;
#8362 = CIRCLE ( 'NONE', #7313, 3.000000000000002665 ) ;
#8363 = DIRECTION ( 'NONE',  ( -1.000000000000000000, -0.000000000000000000, -0.000000000000000000 ) ) ;
#8364 = VECTOR ( 'NONE', #8279, 1000.000000000000000 ) ;
#8365 = ORIENTED_EDGE ( 'NONE', *, *, #7054, .F. ) ;
#8366 = ORIENTED_EDGE ( 'NONE', *, *, #4661, .F. ) ;
#8367 = EDGE_LOOP ( 'NONE', ( #4101, #1154, #7920, #7678 ) ) ;
#8368 = VECTOR ( 'NONE', #10761, 1000.000000000000000 ) ;
#8369 = DIRECTION ( 'NONE',  ( -1.000000000000000000, -0.000000000000000000, -0.000000000000000000 ) ) ;
#8370 = LINE ( 'NONE', #4217, #4343 ) ;
#8371 = CARTESIAN_POINT ( 'NONE',  ( -50.00000000000000000, -17.03416154989452735, -31.42940952259099774 ) ) ;
#8372 = VECTOR ( 'NONE', #182, 1000.000000000000000 ) ;
#8373 = PLANE ( 'NONE',  #8229 ) ;
#8374 = ORIENTED_EDGE ( 'NONE', *, *, #3446, .T. ) ;
#8375 = ORIENTED_EDGE ( 'NONE', *, *, #216, .T. ) ;
#8376 = DIRECTION ( 'NONE',  ( -0.000000000000000000, -0.000000000000000000, 1.000000000000000000 ) ) ;
#8377 = LINE ( 'NONE', #6683, #7483 ) ;
#8378 = ORIENTED_EDGE ( 'NONE', *, *, #7613, .T. ) ;
#8379 = ORIENTED_EDGE ( 'NONE', *, *, #5067, .T. ) ;
#8380 = AXIS2_PLACEMENT_3D ( 'NONE', #6107, #8411, #4304 ) ;
#8381 = FACE_OUTER_BOUND ( 'NONE', #6580, .T. ) ;
#8382 = DIRECTION ( 'NONE',  ( 0.000000000000000000, 0.000000000000000000, 1.000000000000000000 ) ) ;
#8383 = VECTOR ( 'NONE', #9860, 1000.000000000000000 ) ;
#8384 = CARTESIAN_POINT ( 'NONE',  ( 50.00000000000000000, 14.84499999999622233, -32.29417527064206439 ) ) ;
#8385 = VERTEX_POINT ( 'NONE', #7881 ) ;
#8386 = LINE ( 'NONE', #9428, #2775 ) ;
#8387 = DIRECTION ( 'NONE',  ( -1.000000000000000000, -0.000000000000000000, -0.000000000000000000 ) ) ;
#8388 = EDGE_CURVE ( 'NONE', #207, #3222, #4581, .T. ) ;
#8389 = EDGE_CURVE ( 'NONE', #6561, #3397, #9582, .T. ) ;
#8390 = VERTEX_POINT ( 'NONE', #10351 ) ;
#8391 = ORIENTED_EDGE ( 'NONE', *, *, #1433, .T. ) ;
#8392 = DIRECTION ( 'NONE',  ( -1.000000000000000000, -0.000000000000000000, -0.000000000000000000 ) ) ;
#8393 = DIRECTION ( 'NONE',  ( 0.000000000000000000, 0.000000000000000000, -1.000000000000000000 ) ) ;
#8394 = CARTESIAN_POINT ( 'NONE',  ( 50.00000000000000000, 6.695000000003559215, 32.69999999998740492 ) ) ;
#8395 = DIRECTION ( 'NONE',  ( 0.000000000000000000, 0.000000000000000000, -1.000000000000000000 ) ) ;
#8396 = EDGE_CURVE ( 'NONE', #879, #2478, #9526, .T. ) ;
#8397 = CARTESIAN_POINT ( 'NONE',  ( 50.00000000000000000, -11.70499999999652374, -35.80000000001248850 ) ) ;
#8398 = VERTEX_POINT ( 'NONE', #4602 ) ;
#8399 = LINE ( 'NONE', #910, #9222 ) ;
#8400 = EDGE_CURVE ( 'NONE', #4076, #207, #7981, .T. ) ;
#8401 = DIRECTION ( 'NONE',  ( -1.000000000000000000, -0.000000000000000000, -0.000000000000000000 ) ) ;
#8402 = ORIENTED_EDGE ( 'NONE', *, *, #8111, .T. ) ;
#8403 = VECTOR ( 'NONE', #5737, 1000.000000000000000 ) ;
#8404 = ADVANCED_FACE ( 'NONE', ( #7173 ), #2085, .F. ) ;
#8405 = CARTESIAN_POINT ( 'NONE',  ( -50.00000000000000000, -17.51712446302977710, -31.30000000000543281 ) ) ;
#8406 = CARTESIAN_POINT ( 'NONE',  ( 50.00000000000000000, -2.064999999996652846, 32.89999999998738645 ) ) ;
#8407 = EDGE_CURVE ( 'NONE', #6889, #3026, #9423, .T. ) ;
#8408 = ORIENTED_EDGE ( 'NONE', *, *, #9891, .T. ) ;
#8409 = DIRECTION ( 'NONE',  ( 0.000000000000000000, 0.2588190451711366857, -0.9659258262706826859 ) ) ;
#8410 = AXIS2_PLACEMENT_3D ( 'NONE', #1399, #3803, #5443 ) ;
#8411 = DIRECTION ( 'NONE',  ( -1.000000000000000000, -0.000000000000000000, -0.000000000000000000 ) ) ;
#8412 = CARTESIAN_POINT ( 'NONE',  ( -50.00000000000000000, 2.154999999996354276, -34.60000000001095799 ) ) ;
#8413 = ADVANCED_FACE ( 'NONE', ( #9476 ), #6953, .T. ) ;
#8414 = DIRECTION ( 'NONE',  ( -1.000000000000000000, -0.000000000000000000, -0.000000000000000000 ) ) ;
#8415 = EDGE_LOOP ( 'NONE', ( #3016, #3799, #5318, #1233 ) ) ;
#8416 = EDGE_CURVE ( 'NONE', #2756, #8782, #3008, .T. ) ;
#8417 = CARTESIAN_POINT ( 'NONE',  ( 50.00000000000000000, 14.34499999999616549, -34.00000000001046629 ) ) ;
#8418 = DIRECTION ( 'NONE',  ( 0.000000000000000000, 0.000000000000000000, -1.000000000000000000 ) ) ;
#8419 = CIRCLE ( 'NONE', #9821, 1.000000000002540634 ) ;
#8420 = ORIENTED_EDGE ( 'NONE', *, *, #7610, .F. ) ;
#8421 = ORIENTED_EDGE ( 'NONE', *, *, #7880, .F. ) ;
#8422 = LINE ( 'NONE', #3877, #5763 ) ;
#8423 = DIRECTION ( 'NONE',  ( -1.000000000000000000, -0.000000000000000000, -0.000000000000000000 ) ) ;
#8424 = CYLINDRICAL_SURFACE ( 'NONE', #6335, 0.4999999999999067413 ) ;
#8425 = VECTOR ( 'NONE', #5582, 1000.000000000000000 ) ;
#8426 = CYLINDRICAL_SURFACE ( 'NONE', #8044, 0.4999999999999588107 ) ;
#8427 = ORIENTED_EDGE ( 'NONE', *, *, #8668, .F. ) ;
#8428 = ORIENTED_EDGE ( 'NONE', *, *, #6939, .F. ) ;
#8429 = PLANE ( 'NONE',  #7757 ) ;
#8430 = DIRECTION ( 'NONE',  ( -1.000000000000000000, -0.000000000000000000, -0.000000000000000000 ) ) ;
#8431 = ORIENTED_EDGE ( 'NONE', *, *, #979, .T. ) ;
#8432 = AXIS2_PLACEMENT_3D ( 'NONE', #8634, #9568, #322 ) ;
#8433 = ORIENTED_EDGE ( 'NONE', *, *, #6990, .T. ) ;
#8434 = ORIENTED_EDGE ( 'NONE', *, *, #189, .T. ) ;
#8435 = DIRECTION ( 'NONE',  ( -0.000000000000000000, 1.000000000000000000, 0.000000000000000000 ) ) ;
#8436 = DIRECTION ( 'NONE',  ( -0.000000000000000000, -0.7071067811865474617, -0.7071067811865474617 ) ) ;
#8437 = LINE ( 'NONE', #5974, #8440 ) ;
#8438 = VERTEX_POINT ( 'NONE', #10400 ) ;
#8439 = LINE ( 'NONE', #4285, #9775 ) ;
#8440 = VECTOR ( 'NONE', #7773, 1000.000000000000000 ) ;
#8441 = CARTESIAN_POINT ( 'NONE',  ( 50.00000000000000000, -4.404999999998771010, -32.50000000000563460 ) ) ;
#8442 = ORIENTED_EDGE ( 'NONE', *, *, #10152, .T. ) ;
#8443 = ORIENTED_EDGE ( 'NONE', *, *, #5818, .T. ) ;
#8444 = LINE ( 'NONE', #4290, #672 ) ;
#8445 = DIRECTION ( 'NONE',  ( 0.000000000000000000, 0.000000000000000000, 1.000000000000000000 ) ) ;
#8446 = CARTESIAN_POINT ( 'NONE',  ( 50.00000000000000000, -6.704999999996519300, -35.80000000001248850 ) ) ;
#8447 = CARTESIAN_POINT ( 'NONE',  ( -50.00000000000000000, 3.294999999996495177, -37.50000000001130473 ) ) ;
#8448 = CARTESIAN_POINT ( 'NONE',  ( 50.00000000000000000, -7.304999999998784688, -34.00000000000547118 ) ) ;
#8449 = ORIENTED_EDGE ( 'NONE', *, *, #7524, .F. ) ;
#8450 = EDGE_CURVE ( 'NONE', #6862, #9080, #7932, .T. ) ;
#8451 = CARTESIAN_POINT ( 'NONE',  ( -50.00000000000000000, 3.795000000003434515, 37.99999999998743050 ) ) ;
#8452 = DIRECTION ( 'NONE',  ( 0.000000000000000000, 0.000000000000000000, 1.000000000000000000 ) ) ;
#8453 = ORIENTED_EDGE ( 'NONE', *, *, #8288, .F. ) ;
#8454 = DIRECTION ( 'NONE',  ( -1.000000000000000000, -0.000000000000000000, -0.000000000000000000 ) ) ;
#8455 = AXIS2_PLACEMENT_3D ( 'NONE', #6839, #5145, #4222 ) ;
#8456 = CARTESIAN_POINT ( 'NONE',  ( -50.00000000000000000, -5.704999999996629434, -35.80000000001248850 ) ) ;
#8457 = ORIENTED_EDGE ( 'NONE', *, *, #8148, .T. ) ;
#8458 = VECTOR ( 'NONE', #8910, 1000.000000000000000 ) ;
#8459 = DIRECTION ( 'NONE',  ( -0.000000000000000000, 1.000000000000000000, 0.000000000000000000 ) ) ;
#8460 = DIRECTION ( 'NONE',  ( 0.000000000000000000, 1.000000000000000000, 0.000000000000000000 ) ) ;
#8461 = EDGE_CURVE ( 'NONE', #2886, #140, #8647, .T. ) ;
#8462 = DIRECTION ( 'NONE',  ( 0.000000000000000000, -0.000000000000000000, -1.000000000000000000 ) ) ;
#8463 = EDGE_CURVE ( 'NONE', #5244, #5481, #444, .T. ) ;
#8464 = CARTESIAN_POINT ( 'NONE',  ( -50.00000000000000000, -11.80499999999640082, 33.99999999998737366 ) ) ;
#8465 = VERTEX_POINT ( 'NONE', #6239 ) ;
#8466 = CARTESIAN_POINT ( 'NONE',  ( -50.00000000000000000, 16.57907417371440317, 32.74118095488487512 ) ) ;
#8467 = DIRECTION ( 'NONE',  ( -1.000000000000000000, -0.000000000000000000, -0.000000000000000000 ) ) ;
#8468 = CIRCLE ( 'NONE', #9354, 1.000000000000056399 ) ;
#8469 = AXIS2_PLACEMENT_3D ( 'NONE', #5120, #4959, #8652 ) ;
#8470 = EDGE_CURVE ( 'NONE', #6145, #6447, #3706, .T. ) ;
#8471 = VERTEX_POINT ( 'NONE', #5524 ) ;
#8472 = EDGE_CURVE ( 'NONE', #6586, #4833, #4406, .T. ) ;
#8473 = CARTESIAN_POINT ( 'NONE',  ( 50.00000000000000000, -6.404999999996441318, 32.69999999998740492 ) ) ;
#8474 = EDGE_CURVE ( 'NONE', #4610, #2688, #9030, .T. ) ;
#8475 = DIRECTION ( 'NONE',  ( -1.000000000000000000, -0.000000000000000000, -0.000000000000000000 ) ) ;
#8476 = DIRECTION ( 'NONE',  ( -1.000000000000000000, -0.000000000000000000, -0.000000000000000000 ) ) ;
#8477 = CARTESIAN_POINT ( 'NONE',  ( 50.00000000000000000, 21.04500000001618787, -34.99999999999980815 ) ) ;
#8478 = ORIENTED_EDGE ( 'NONE', *, *, #5859, .F. ) ;
#8479 = ORIENTED_EDGE ( 'NONE', *, *, #3789, .T. ) ;
#8480 = AXIS2_PLACEMENT_3D ( 'NONE', #4792, #1507, #8182 ) ;
#8481 = LINE ( 'NONE', #4322, #7927 ) ;
#8482 = DIRECTION ( 'NONE',  ( 0.000000000000000000, -0.000000000000000000, -1.000000000000000000 ) ) ;
#8483 = EDGE_LOOP ( 'NONE', ( #4599, #7211, #8541, #6353 ) ) ;
#8484 = ORIENTED_EDGE ( 'NONE', *, *, #9865, .F. ) ;
#8485 = VERTEX_POINT ( 'NONE', #7226 ) ;
#8486 = ADVANCED_FACE ( 'NONE', ( #10725 ), #1422, .T. ) ;
#8487 = VECTOR ( 'NONE', #6596, 1000.000000000000000 ) ;
#8488 = CARTESIAN_POINT ( 'NONE',  ( -50.00000000000000000, 14.34500000000338282, 33.99999999998737366 ) ) ;
#8489 = CARTESIAN_POINT ( 'NONE',  ( 50.00000000000000000, 9.195000000003394902, 33.99999999998737366 ) ) ;
#8490 = CARTESIAN_POINT ( 'NONE',  ( 50.00000000000000000, 9.195000000003394902, 32.69999999998740492 ) ) ;
#8491 = VERTEX_POINT ( 'NONE', #5633 ) ;
#8492 = DIRECTION ( 'NONE',  ( 1.000000000000000000, 0.000000000000000000, 0.000000000000000000 ) ) ;
#8493 = DIRECTION ( 'NONE',  ( 0.000000000000000000, -0.000000000000000000, -1.000000000000000000 ) ) ;
#8494 = ORIENTED_EDGE ( 'NONE', *, *, #898, .F. ) ;
#8495 = CARTESIAN_POINT ( 'NONE',  ( 50.00000000000000000, -6.704999999996519300, -37.50000000001251976 ) ) ;
#8496 = DIRECTION ( 'NONE',  ( 0.000000000000000000, -0.000000000000000000, -1.000000000000000000 ) ) ;
#8497 = CYLINDRICAL_SURFACE ( 'NONE', #6590, 0.5000000000000004441 ) ;
#8498 = DIRECTION ( 'NONE',  ( 0.000000000000000000, 0.000000000000000000, -1.000000000000000000 ) ) ;
#8499 = CARTESIAN_POINT ( 'NONE',  ( 50.00000000000000000, 15.79500000001610260, -37.49999999999986500 ) ) ;
#8500 = ORIENTED_EDGE ( 'NONE', *, *, #7996, .F. ) ;
#8501 = VECTOR ( 'NONE', #7034, 1000.000000000000000 ) ;
#8502 = CARTESIAN_POINT ( 'NONE',  ( 50.00000000000000000, -3.204999999996571702, 37.49999999998743050 ) ) ;
#8503 = ORIENTED_EDGE ( 'NONE', *, *, #785, .T. ) ;
#8504 = CARTESIAN_POINT ( 'NONE',  ( -50.00000000000000000, -6.704999999996519300, 37.49999999998743050 ) ) ;
#8505 = ADVANCED_FACE ( 'NONE', ( #8262 ), #1373, .F. ) ;
#8506 = ORIENTED_EDGE ( 'NONE', *, *, #5775, .T. ) ;
#8507 = AXIS2_PLACEMENT_3D ( 'NONE', #7302, #799, #10702 ) ;
#8508 = DIRECTION ( 'NONE',  ( 0.000000000000000000, 0.000000000000000000, -1.000000000000000000 ) ) ;
#8509 = DIRECTION ( 'NONE',  ( 1.000000000000000000, 0.000000000000000000, 0.000000000000000000 ) ) ;
#8510 = LINE ( 'NONE', #9295, #4311 ) ;
#8511 = VECTOR ( 'NONE', #8354, 1000.000000000000000 ) ;
#8512 = CARTESIAN_POINT ( 'NONE',  ( 50.00000000000000000, 17.28618095490396556, -32.03407417371493437 ) ) ;
#8513 = ORIENTED_EDGE ( 'NONE', *, *, #6675, .T. ) ;
#8514 = CARTESIAN_POINT ( 'NONE',  ( -50.00000000000000000, 9.195000000003394902, 33.99999999998737366 ) ) ;
#8515 = ORIENTED_EDGE ( 'NONE', *, *, #4190, .F. ) ;
#8516 = DIRECTION ( 'NONE',  ( -1.000000000000000000, -0.000000000000000000, -0.000000000000000000 ) ) ;
#8517 = AXIS2_PLACEMENT_3D ( 'NONE', #335, #4652, #3677 ) ;
#8518 = CARTESIAN_POINT ( 'NONE',  ( 50.00000000000000000, 4.194999999996396056, -31.70000000001083151 ) ) ;
#8519 = EDGE_CURVE ( 'NONE', #2301, #7055, #551, .T. ) ;
#8520 = AXIS2_PLACEMENT_3D ( 'NONE', #10308, #2189, #3626 ) ;
#8521 = EDGE_CURVE ( 'NONE', #7094, #8070, #2242, .T. ) ;
#8522 = ORIENTED_EDGE ( 'NONE', *, *, #9062, .F. ) ;
#8523 = LINE ( 'NONE', #7650, #2088 ) ;
#8524 = LINE ( 'NONE', #1904, #5215 ) ;
#8525 = VECTOR ( 'NONE', #8209, 1000.000000000000000 ) ;
#8526 = DIRECTION ( 'NONE',  ( 0.000000000000000000, 0.000000000000000000, -1.000000000000000000 ) ) ;
#8527 = DIRECTION ( 'NONE',  ( 0.000000000000000000, 0.000000000000000000, -1.000000000000000000 ) ) ;
#8528 = VERTEX_POINT ( 'NONE', #10566 ) ;
#8529 = ORIENTED_EDGE ( 'NONE', *, *, #9812, .F. ) ;
#8530 = EDGE_CURVE ( 'NONE', #1817, #9727, #768, .T. ) ;
#8531 = AXIS2_PLACEMENT_3D ( 'NONE', #934, #9969, #2468 ) ;
#8532 = AXIS2_PLACEMENT_3D ( 'NONE', #4083, #5777, #7418 ) ;
#8533 = DIRECTION ( 'NONE',  ( 0.000000000000000000, 0.000000000000000000, -1.000000000000000000 ) ) ;
#8534 = EDGE_CURVE ( 'NONE', #5292, #8485, #1593, .T. ) ;
#8535 = LINE ( 'NONE', #1099, #9239 ) ;
#8536 = ADVANCED_FACE ( 'NONE', ( #8916 ), #4761, .F. ) ;
#8537 = VECTOR ( 'NONE', #6505, 1000.000000000000000 ) ;
#8538 = EDGE_LOOP ( 'NONE', ( #7832, #6022, #763, #4938 ) ) ;
#8539 = ORIENTED_EDGE ( 'NONE', *, *, #4770, .T. ) ;
#8540 = EDGE_CURVE ( 'NONE', #10747, #8970, #3944, .T. ) ;
#8541 = ORIENTED_EDGE ( 'NONE', *, *, #7987, .F. ) ;
#8542 = VECTOR ( 'NONE', #5567, 1000.000000000000000 ) ;
#8543 = CIRCLE ( 'NONE', #3826, 0.5000000000000350830 ) ;
#8544 = FACE_OUTER_BOUND ( 'NONE', #1318, .T. ) ;
#8545 = DIRECTION ( 'NONE',  ( -1.000000000000000000, -0.000000000000000000, -0.000000000000000000 ) ) ;
#8546 = VECTOR ( 'NONE', #6880, 1000.000000000000000 ) ;
#8547 = LINE ( 'NONE', #1709, #7039 ) ;
#8548 = ORIENTED_EDGE ( 'NONE', *, *, #7610, .T. ) ;
#8549 = LINE ( 'NONE', #6745, #8885 ) ;
#8550 = CARTESIAN_POINT ( 'NONE',  ( -50.00000000000000000, 17.54500000000647120, 32.99999999997638156 ) ) ;
#8551 = ADVANCED_FACE ( 'NONE', ( #2354 ), #10618, .F. ) ;
#8552 = VECTOR ( 'NONE', #7795, 1000.000000000000000 ) ;
#8553 = ORIENTED_EDGE ( 'NONE', *, *, #4106, .F. ) ;
#8554 = VECTOR ( 'NONE', #1076, 1000.000000000000000 ) ;
#8555 = VECTOR ( 'NONE', #2607, 1000.000000000000000 ) ;
#8556 = CARTESIAN_POINT ( 'NONE',  ( 50.00000000000000000, -9.104999999996476134, 33.99999999998737366 ) ) ;
#8557 = CARTESIAN_POINT ( 'NONE',  ( 50.00000000000000000, 14.34500000000341835, 32.79417527061900728 ) ) ;
#8558 = DIRECTION ( 'NONE',  ( 1.000000000000000000, 0.000000000000000000, 0.000000000000000000 ) ) ;
#8559 = DIRECTION ( 'NONE',  ( 1.000000000000000000, 0.000000000000000000, 0.000000000000000000 ) ) ;
#8560 = CARTESIAN_POINT ( 'NONE',  ( -50.00000000000000000, -12.70499999999841201, -34.00000000000547118 ) ) ;
#8561 = EDGE_LOOP ( 'NONE', ( #6619, #1618, #9838, #7170 ) ) ;
#8562 = PLANE ( 'NONE',  #10225 ) ;
#8563 = FILL_AREA_STYLE ('',( #1994 ) ) ;
#8564 = ORIENTED_EDGE ( 'NONE', *, *, #3735, .T. ) ;
#8565 = CARTESIAN_POINT ( 'NONE',  ( 50.00000000000000000, 0.03500000000344893891, 31.89999999998760671 ) ) ;
#8566 = ORIENTED_EDGE ( 'NONE', *, *, #1659, .T. ) ;
#8567 = CYLINDRICAL_SURFACE ( 'NONE', #4152, 0.1999999999998981759 ) ;
#8568 = LINE ( 'NONE', #3646, #6285 ) ;
#8569 = DIRECTION ( 'NONE',  ( -1.000000000000000000, -0.000000000000000000, -0.000000000000000000 ) ) ;
#8570 = LINE ( 'NONE', #10376, #9939 ) ;
#8571 = AXIS2_PLACEMENT_3D ( 'NONE', #484, #5465, #7164 ) ;
#8572 = ORIENTED_EDGE ( 'NONE', *, *, #7515, .F. ) ;
#8573 = CYLINDRICAL_SURFACE ( 'NONE', #5858, 0.1999999999999224620 ) ;
#8574 = VERTEX_POINT ( 'NONE', #3119 ) ;
#8575 = CARTESIAN_POINT ( 'NONE',  ( 50.00000000000000000, 10.09500000000351783, 33.99999999998737366 ) ) ;
#8576 = DIRECTION ( 'NONE',  ( 0.000000000000000000, 0.000000000000000000, -1.000000000000000000 ) ) ;
#8577 = EDGE_CURVE ( 'NONE', #4090, #7240, #6459, .T. ) ;
#8578 = CIRCLE ( 'NONE', #8757, 0.1999999999999779732 ) ;
#8579 = VERTEX_POINT ( 'NONE', #2296 ) ;
#8580 = CARTESIAN_POINT ( 'NONE',  ( 50.00000000000000000, -13.70499999999652552, 37.49999999998743050 ) ) ;
#8581 = DIRECTION ( 'NONE',  ( 0.000000000000000000, -1.000000000000000000, 0.000000000000000000 ) ) ;
#8582 = DIRECTION ( 'NONE',  ( -0.000000000000000000, 1.000000000000000000, -0.000000000000000000 ) ) ;
#8583 = DIRECTION ( 'NONE',  ( 1.000000000000000000, 0.000000000000000000, 0.000000000000000000 ) ) ;
#8584 = ORIENTED_EDGE ( 'NONE', *, *, #863, .T. ) ;
#8585 = ORIENTED_EDGE ( 'NONE', *, *, #1500, .T. ) ;
#8586 = CIRCLE ( 'NONE', #1945, 0.4999999999999449329 ) ;
#8587 = EDGE_CURVE ( 'NONE', #2128, #3180, #4002, .T. ) ;
#8588 = LINE ( 'NONE', #4434, #1985 ) ;
#8589 = DIRECTION ( 'NONE',  ( 0.000000000000000000, 0.000000000000000000, -1.000000000000000000 ) ) ;
#8590 = EDGE_LOOP ( 'NONE', ( #10573, #1462, #4273, #10333 ) ) ;
#8591 = ORIENTED_EDGE ( 'NONE', *, *, #5930, .F. ) ;
#8592 = VERTEX_POINT ( 'NONE', #7336 ) ;
#8593 = VECTOR ( 'NONE', #3285, 1000.000000000000000 ) ;
#8594 = EDGE_CURVE ( 'NONE', #7756, #4224, #4753, .T. ) ;
#8595 = CARTESIAN_POINT ( 'NONE',  ( -50.00000000000000000, 14.84500000000343789, 32.79417527061900728 ) ) ;
#8596 = EDGE_CURVE ( 'NONE', #574, #9780, #3227, .T. ) ;
#8597 = DIRECTION ( 'NONE',  ( 0.000000000000000000, -1.000000000000000000, 0.000000000000000000 ) ) ;
#8598 = CARTESIAN_POINT ( 'NONE',  ( 50.00000000000000000, 21.04500000000353310, 27.98284271248752120 ) ) ;
#8599 = ORIENTED_EDGE ( 'NONE', *, *, #2137, .T. ) ;
#8600 = EDGE_CURVE ( 'NONE', #10156, #574, #6356, .T. ) ;
#8601 = CARTESIAN_POINT ( 'NONE',  ( -50.00000000000000000, -14.75499999999663103, 32.79417527061900728 ) ) ;
#8602 = VECTOR ( 'NONE', #6173, 1000.000000000000000 ) ;
#8603 = ORIENTED_EDGE ( 'NONE', *, *, #10126, .F. ) ;
#8604 = EDGE_CURVE ( 'NONE', #530, #3731, #2191, .T. ) ;
#8605 = PLANE ( 'NONE',  #7136 ) ;
#8606 = CIRCLE ( 'NONE', #9487, 3.000000000000002665 ) ;
#8607 = CARTESIAN_POINT ( 'NONE',  ( 50.00000000000000000, 18.04500000000352955, 34.99999999998737366 ) ) ;
#8608 = ADVANCED_FACE ( 'NONE', ( #9145 ), #5961, .F. ) ;
#8609 = DIRECTION ( 'NONE',  ( -1.000000000000000000, -0.000000000000000000, -0.000000000000000000 ) ) ;
#8610 = CARTESIAN_POINT ( 'NONE',  ( 50.00000000000000000, 17.54499999999248416, -33.00000000001546141 ) ) ;
#8611 = FACE_OUTER_BOUND ( 'NONE', #2141, .T. ) ;
#8612 = ORIENTED_EDGE ( 'NONE', *, *, #5200, .F. ) ;
#8613 = CARTESIAN_POINT ( 'NONE',  ( 50.00000000000000000, 17.12416154989959693, 31.42940952257266929 ) ) ;
#8614 = DIRECTION ( 'NONE',  ( 0.000000000000000000, 0.000000000000000000, -1.000000000000000000 ) ) ;
#8615 = ORIENTED_EDGE ( 'NONE', *, *, #1706, .T. ) ;
#8616 = FACE_OUTER_BOUND ( 'NONE', #9372, .T. ) ;
#8617 = AXIS2_PLACEMENT_3D ( 'NONE', #1975, #8704, #2140 ) ;
#8618 = ORIENTED_EDGE ( 'NONE', *, *, #2709, .F. ) ;
#8619 = EDGE_LOOP ( 'NONE', ( #3258, #890, #7598, #7038 ) ) ;
#8620 = EDGE_CURVE ( 'NONE', #4357, #4922, #6777, .T. ) ;
#8621 = LINE ( 'NONE', #970, #2746 ) ;
#8622 = PLANE ( 'NONE',  #6105 ) ;
#8623 = DIRECTION ( 'NONE',  ( 1.000000000000000000, 0.000000000000000000, 0.000000000000000000 ) ) ;
#8624 = FACE_OUTER_BOUND ( 'NONE', #9215, .T. ) ;
#8625 = ORIENTED_EDGE ( 'NONE', *, *, #4597, .T. ) ;
#8626 = PLANE ( 'NONE',  #3233 ) ;
#8627 = ORIENTED_EDGE ( 'NONE', *, *, #8838, .F. ) ;
#8628 = LINE ( 'NONE', #6167, #1480 ) ;
#8629 = CARTESIAN_POINT ( 'NONE',  ( -50.00000000000000000, 14.97440952255169577, -32.31121235749865406 ) ) ;
#8630 = VECTOR ( 'NONE', #4097, 1000.000000000000000 ) ;
#8631 = ORIENTED_EDGE ( 'NONE', *, *, #3202, .T. ) ;
#8632 = CARTESIAN_POINT ( 'NONE',  ( -50.00000000000000000, 16.29500000001615945, -37.49999999999986500 ) ) ;
#8633 = PLANE ( 'NONE',  #6960 ) ;
#8634 = CARTESIAN_POINT ( 'NONE',  ( -50.00000000000000000, -11.20499999999646690, -37.50000000001251976 ) ) ;
#8635 = CARTESIAN_POINT ( 'NONE',  ( 50.00000000000000000, 19.04500000000353310, -30.80000000001248495 ) ) ;
#8636 = VERTEX_POINT ( 'NONE', #8371 ) ;
#8637 = VERTEX_POINT ( 'NONE', #4218 ) ;
#8638 = VECTOR ( 'NONE', #4776, 1000.000000000000000 ) ;
#8639 = DIRECTION ( 'NONE',  ( -1.000000000000000000, -0.000000000000000000, -0.000000000000000000 ) ) ;
#8640 = VECTOR ( 'NONE', #9560, 1000.000000000000000 ) ;
#8641 = DIRECTION ( 'NONE',  ( -0.000000000000000000, 1.000000000000000000, -0.000000000000000000 ) ) ;
#8642 = EDGE_LOOP ( 'NONE', ( #8089, #4170, #3219, #2024 ) ) ;
#8643 = ORIENTED_EDGE ( 'NONE', *, *, #3095, .T. ) ;
#8644 = EDGE_LOOP ( 'NONE', ( #4320, #10239, #3876, #4384 ) ) ;
#8645 = ADVANCED_FACE ( 'NONE', ( #10071 ), #9360, .F. ) ;
#8646 = CIRCLE ( 'NONE', #3936, 0.4999999999999449329 ) ;
#8647 = LINE ( 'NONE', #10514, #8945 ) ;
#8648 = DIRECTION ( 'NONE',  ( 0.000000000000000000, 0.000000000000000000, -1.000000000000000000 ) ) ;
#8649 = DIRECTION ( 'NONE',  ( 0.000000000000000000, 0.000000000000000000, 1.000000000000000000 ) ) ;
#8650 = EDGE_LOOP ( 'NONE', ( #4422, #1909, #4564, #4972 ) ) ;
#8651 = DIRECTION ( 'NONE',  ( -1.000000000000000000, 0.000000000000000000, -0.000000000000000000 ) ) ;
#8652 = DIRECTION ( 'NONE',  ( 1.000000000000000000, 0.000000000000000000, 0.000000000000000000 ) ) ;
#8653 = ORIENTED_EDGE ( 'NONE', *, *, #6378, .T. ) ;
#8654 = VECTOR ( 'NONE', #2250, 1000.000000000000000 ) ;
#8655 = ORIENTED_EDGE ( 'NONE', *, *, #4843, .F. ) ;
#8656 = ADVANCED_FACE ( 'NONE', ( #9251 ), #8424, .T. ) ;
#8657 = EDGE_CURVE ( 'NONE', #9464, #4958, #5104, .T. ) ;
#8658 = CARTESIAN_POINT ( 'NONE',  ( 50.00000000000000000, 17.54500000000647120, 33.99999999997643840 ) ) ;
#8659 = CARTESIAN_POINT ( 'NONE',  ( 50.00000000000000000, 8.295000000003494023, 37.49999999998743050 ) ) ;
#8660 = CARTESIAN_POINT ( 'NONE',  ( 50.00000000000000000, 4.495000000003468443, 32.49999999998737366 ) ) ;
#8661 = DIRECTION ( 'NONE',  ( -1.000000000000000000, -0.000000000000000000, -0.000000000000000000 ) ) ;
#8662 = FACE_OUTER_BOUND ( 'NONE', #9440, .T. ) ;
#8663 = ORIENTED_EDGE ( 'NONE', *, *, #795, .T. ) ;
#8664 = DIRECTION ( 'NONE',  ( 0.000000000000000000, 0.000000000000000000, -1.000000000000000000 ) ) ;
#8665 = DIRECTION ( 'NONE',  ( -0.000000000000000000, 1.000000000000000000, -0.000000000000000000 ) ) ;
#8666 = ORIENTED_EDGE ( 'NONE', *, *, #7676, .F. ) ;
#8667 = EDGE_CURVE ( 'NONE', #6134, #5617, #5806, .T. ) ;
#8668 = EDGE_CURVE ( 'NONE', #879, #3898, #4316, .T. ) ;
#8669 = CARTESIAN_POINT ( 'NONE',  ( 50.00000000000000000, 9.895000000003539853, 32.49999999998743050 ) ) ;
#8670 = ORIENTED_EDGE ( 'NONE', *, *, #8474, .T. ) ;
#8671 = EDGE_CURVE ( 'NONE', #9472, #10244, #1852, .T. ) ;
#8672 = ORIENTED_EDGE ( 'NONE', *, *, #1268, .F. ) ;
#8673 = LINE ( 'NONE', #3029, #4847 ) ;
#8674 = DIRECTION ( 'NONE',  ( -1.000000000000000000, -0.000000000000000000, -0.000000000000000000 ) ) ;
#8675 = PLANE ( 'NONE',  #5008 ) ;
#8676 = VECTOR ( 'NONE', #10537, 1000.000000000000000 ) ;
#8677 = LINE ( 'NONE', #10323, #10631 ) ;
#8678 = ORIENTED_EDGE ( 'NONE', *, *, #9944, .F. ) ;
#8679 = CARTESIAN_POINT ( 'NONE',  ( 50.00000000000000000, -9.204999999996577031, 37.49999999998743050 ) ) ;
#8680 = ORIENTED_EDGE ( 'NONE', *, *, #112, .F. ) ;
#8681 = FACE_OUTER_BOUND ( 'NONE', #1190, .T. ) ;
#8682 = EDGE_CURVE ( 'NONE', #9895, #2561, #1748, .T. ) ;
#8683 = LINE ( 'NONE', #367, #1037 ) ;
#8684 = VECTOR ( 'NONE', #1666, 1000.000000000000000 ) ;
#8685 = ORIENTED_EDGE ( 'NONE', *, *, #8852, .T. ) ;
#8686 = FACE_OUTER_BOUND ( 'NONE', #555, .T. ) ;
#8687 = DIRECTION ( 'NONE',  ( 1.000000000000000000, 0.000000000000000000, 0.000000000000000000 ) ) ;
#8688 = CARTESIAN_POINT ( 'NONE',  ( 50.00000000000000000, -15.70499999999652729, 35.79999999998739924 ) ) ;
#8689 = VECTOR ( 'NONE', #5046, 1000.000000000000000 ) ;
#8690 = CARTESIAN_POINT ( 'NONE',  ( -50.00000000000000000, 9.295000000003494023, 37.49999999998743050 ) ) ;
#8691 = ORIENTED_EDGE ( 'NONE', *, *, #1319, .F. ) ;
#8692 = EDGE_LOOP ( 'NONE', ( #7149, #8982, #10485, #10067 ) ) ;
#8693 = LINE ( 'NONE', #7000, #76 ) ;
#8694 = CIRCLE ( 'NONE', #6598, 1.000000000007446266 ) ;
#8695 = LINE ( 'NONE', #8911, #4516 ) ;
#8696 = CIRCLE ( 'NONE', #1018, 0.5000000000001323386 ) ;
#8697 = EDGE_LOOP ( 'NONE', ( #9038, #9848, #8379, #3382 ) ) ;
#8698 = ORIENTED_EDGE ( 'NONE', *, *, #2571, .F. ) ;
#8699 = VERTEX_POINT ( 'NONE', #163 ) ;
#8700 = VECTOR ( 'NONE', #2000, 1000.000000000000000 ) ;
#8701 = DIRECTION ( 'NONE',  ( -0.000000000000000000, -0.000000000000000000, -1.000000000000000000 ) ) ;
#8702 = AXIS2_PLACEMENT_3D ( 'NONE', #2768, #3649, #6163 ) ;
#8703 = CARTESIAN_POINT ( 'NONE',  ( 50.00000000000000000, 6.495000000003470220, 32.69999999998740492 ) ) ;
#8704 = DIRECTION ( 'NONE',  ( -1.000000000000000000, -0.000000000000000000, -0.000000000000000000 ) ) ;
#8705 = ORIENTED_EDGE ( 'NONE', *, *, #3392, .T. ) ;
#8706 = CARTESIAN_POINT ( 'NONE',  ( 50.00000000000000000, -6.704999999996519300, 35.79999999998739924 ) ) ;
#8707 = VECTOR ( 'NONE', #1753, 1000.000000000000000 ) ;
#8708 = FACE_OUTER_BOUND ( 'NONE', #6584, .T. ) ;
#8709 = VERTEX_POINT ( 'NONE', #936 ) ;
#8710 = AXIS2_PLACEMENT_3D ( 'NONE', #427, #1305, #3766 ) ;
#8711 = VECTOR ( 'NONE', #6592, 1000.000000000000000 ) ;
#8712 = VERTEX_POINT ( 'NONE', #3499 ) ;
#8713 = VECTOR ( 'NONE', #2706, 1000.000000000000000 ) ;
#8714 = CARTESIAN_POINT ( 'NONE',  ( 50.00000000000000000, -17.95499999999650242, -38.00000000001247003 ) ) ;
#8715 = FACE_OUTER_BOUND ( 'NONE', #7618, .T. ) ;
#8716 = DIRECTION ( 'NONE',  ( -1.000000000000000000, -0.000000000000000000, -0.000000000000000000 ) ) ;
#8717 = CYLINDRICAL_SURFACE ( 'NONE', #857, 0.5000000000000004441 ) ;
#8718 = VERTEX_POINT ( 'NONE', #4269 ) ;
#8719 = EDGE_CURVE ( 'NONE', #7609, #10122, #10179, .T. ) ;
#8720 = CIRCLE ( 'NONE', #9600, 0.1999999999999779732 ) ;
#8721 = CARTESIAN_POINT ( 'NONE',  ( 50.00000000000000000, -1.904999999998824300, -32.20000000000566587 ) ) ;
#8722 = EDGE_LOOP ( 'NONE', ( #1044, #1261, #2338, #2982 ) ) ;
#8723 = EDGE_CURVE ( 'NONE', #6210, #6561, #7551, .T. ) ;
#8724 = VECTOR ( 'NONE', #3172, 1000.000000000000000 ) ;
#8725 = CARTESIAN_POINT ( 'NONE',  ( 50.00000000000000000, 14.34500000000341835, 32.79417527061900728 ) ) ;
#8726 = ORIENTED_EDGE ( 'NONE', *, *, #909, .T. ) ;
#8727 = ORIENTED_EDGE ( 'NONE', *, *, #10018, .F. ) ;
#8728 = LINE ( 'NONE', #526, #3989 ) ;
#8729 = CARTESIAN_POINT ( 'NONE',  ( 50.00000000000000000, 13.29499999999650406, -37.50000000001130473 ) ) ;
#8730 = LINE ( 'NONE', #5551, #2205 ) ;
#8731 = EDGE_CURVE ( 'NONE', #8063, #8579, #10700, .T. ) ;
#8732 = DIRECTION ( 'NONE',  ( -1.000000000000000000, -0.000000000000000000, -0.000000000000000000 ) ) ;
#8733 = ORIENTED_EDGE ( 'NONE', *, *, #3658, .F. ) ;
#8734 = EDGE_CURVE ( 'NONE', #9636, #8061, #1040, .T. ) ;
#8735 = DIRECTION ( 'NONE',  ( -1.000000000000000000, -0.000000000000000000, -0.000000000000000000 ) ) ;
#8736 = EDGE_LOOP ( 'NONE', ( #6535, #8360, #155, #3146 ) ) ;
#8737 = EDGE_CURVE ( 'NONE', #4225, #4600, #1800, .T. ) ;
#8738 = FACE_OUTER_BOUND ( 'NONE', #1635, .T. ) ;
#8739 = DIRECTION ( 'NONE',  ( -0.000000000000000000, 1.000000000000000000, -0.000000000000000000 ) ) ;
#8740 = VERTEX_POINT ( 'NONE', #7602 ) ;
#8741 = CARTESIAN_POINT ( 'NONE',  ( 50.00000000000000000, -14.75499999999851930, -32.29417527063696980 ) ) ;
#8742 = CARTESIAN_POINT ( 'NONE',  ( 50.00000000000000000, -9.204999999996521964, -37.50000000001251976 ) ) ;
#8743 = LINE ( 'NONE', #8082, #8542 ) ;
#8744 = EDGE_CURVE ( 'NONE', #9928, #8776, #5140, .T. ) ;
#8745 = CARTESIAN_POINT ( 'NONE',  ( 50.00000000000000000, 7.195000000003504148, 32.49999999998743050 ) ) ;
#8746 = EDGE_CURVE ( 'NONE', #1754, #6749, #7706, .T. ) ;
#8747 = DIRECTION ( 'NONE',  ( 1.000000000000000000, 0.000000000000000000, 0.000000000000000000 ) ) ;
#8748 = FACE_OUTER_BOUND ( 'NONE', #2279, .T. ) ;
#8749 = VERTEX_POINT ( 'NONE', #9971 ) ;
#8750 = CARTESIAN_POINT ( 'NONE',  ( -50.00000000000000000, 6.794999999996331752, -35.80000000001126637 ) ) ;
#8751 = CYLINDRICAL_SURFACE ( 'NONE', #6787, 0.5000000000000559552 ) ;
#8752 = ORIENTED_EDGE ( 'NONE', *, *, #7260, .T. ) ;
#8753 = EDGE_CURVE ( 'NONE', #7728, #9720, #10286, .T. ) ;
#8754 = VERTEX_POINT ( 'NONE', #3553 ) ;
#8755 = ORIENTED_EDGE ( 'NONE', *, *, #6994, .T. ) ;
#8756 = CARTESIAN_POINT ( 'NONE',  ( -50.00000000000000000, 0.2550000000035579362, 35.59999999998741771 ) ) ;
#8757 = AXIS2_PLACEMENT_3D ( 'NONE', #412, #5341, #10427 ) ;
#8758 = DIRECTION ( 'NONE',  ( 0.000000000000000000, 0.000000000000000000, -1.000000000000000000 ) ) ;
#8759 = LINE ( 'NONE', #1272, #3899 ) ;
#8760 = VERTEX_POINT ( 'NONE', #6121 ) ;
#8761 = CARTESIAN_POINT ( 'NONE',  ( 50.00000000000000000, 2.035000000001341292, -33.20000000000577955 ) ) ;
#8762 = FACE_OUTER_BOUND ( 'NONE', #519, .T. ) ;
#8763 = VERTEX_POINT ( 'NONE', #6885 ) ;
#8764 = VECTOR ( 'NONE', #730, 1000.000000000000000 ) ;
#8765 = ORIENTED_EDGE ( 'NONE', *, *, #3435, .F. ) ;
#8766 = CARTESIAN_POINT ( 'NONE',  ( -50.00000000000000000, 0.05499999999614146873, -31.90000000001080949 ) ) ;
#8767 = DIRECTION ( 'NONE',  ( 0.000000000000000000, -1.000000000000000000, 0.000000000000000000 ) ) ;
#8768 = CARTESIAN_POINT ( 'NONE',  ( 50.00000000000000000, -11.70499999999652374, -37.50000000001251976 ) ) ;
#8769 = FACE_OUTER_BOUND ( 'NONE', #2464, .T. ) ;
#8770 = VECTOR ( 'NONE', #7771, 1000.000000000000000 ) ;
#8771 = CYLINDRICAL_SURFACE ( 'NONE', #7942, 0.5000000000000004441 ) ;
#8772 = ORIENTED_EDGE ( 'NONE', *, *, #5385, .T. ) ;
#8773 = CARTESIAN_POINT ( 'NONE',  ( 50.00000000000000000, -15.70499999999652729, 35.79999999998739924 ) ) ;
#8774 = ORIENTED_EDGE ( 'NONE', *, *, #3620, .F. ) ;
#8775 = VECTOR ( 'NONE', #7684, 1000.000000000000000 ) ;
#8776 = VERTEX_POINT ( 'NONE', #4481 ) ;
#8777 = DIRECTION ( 'NONE',  ( -0.000000000000000000, -0.000000000000000000, 1.000000000000000000 ) ) ;
#8778 = CARTESIAN_POINT ( 'NONE',  ( 50.00000000000000000, 7.394999999996265672, -34.00000000001046629 ) ) ;
#8779 = EDGE_CURVE ( 'NONE', #4289, #5135, #7894, .T. ) ;
#8780 = DIRECTION ( 'NONE',  ( 0.000000000000000000, 0.000000000000000000, -1.000000000000000000 ) ) ;
#8781 = CARTESIAN_POINT ( 'NONE',  ( 50.00000000000000000, -10.00499999999848733, -32.70000000000561613 ) ) ;
#8782 = VERTEX_POINT ( 'NONE', #5299 ) ;
#8783 = DIRECTION ( 'NONE',  ( -1.000000000000000000, -0.000000000000000000, -0.000000000000000000 ) ) ;
#8784 = ORIENTED_EDGE ( 'NONE', *, *, #2386, .F. ) ;
#8785 = VECTOR ( 'NONE', #8879, 1000.000000000000000 ) ;
#8786 = CARTESIAN_POINT ( 'NONE',  ( -50.00000000000000000, -12.50499999999843403, -32.50000000000563460 ) ) ;
#8787 = LINE ( 'NONE', #1248, #8195 ) ;
#8788 = ORIENTED_EDGE ( 'NONE', *, *, #3919, .F. ) ;
#8789 = EDGE_LOOP ( 'NONE', ( #2492, #4835, #8691, #6455 ) ) ;
#8790 = EDGE_CURVE ( 'NONE', #826, #9084, #3713, .T. ) ;
#8791 = DIRECTION ( 'NONE',  ( -1.000000000000000000, -0.000000000000000000, -0.000000000000000000 ) ) ;
#8792 = DIRECTION ( 'NONE',  ( 0.000000000000000000, -0.000000000000000000, -1.000000000000000000 ) ) ;
#8793 = EDGE_CURVE ( 'NONE', #6977, #8991, #5462, .T. ) ;
#8794 = DIRECTION ( 'NONE',  ( 0.000000000000000000, 0.000000000000000000, -1.000000000000000000 ) ) ;
#8795 = FACE_OUTER_BOUND ( 'NONE', #2486, .T. ) ;
#8796 = CARTESIAN_POINT ( 'NONE',  ( 50.00000000000000000, -1.704999999996625881, -37.50000000001251976 ) ) ;
#8797 = EDGE_LOOP ( 'NONE', ( #891, #2292, #7122, #7823 ) ) ;
#8798 = ORIENTED_EDGE ( 'NONE', *, *, #1255, .T. ) ;
#8799 = DIRECTION ( 'NONE',  ( 0.000000000000000000, 0.000000000000000000, -1.000000000000000000 ) ) ;
#8800 = EDGE_CURVE ( 'NONE', #7803, #7329, #7811, .T. ) ;
#8801 = FACE_OUTER_BOUND ( 'NONE', #8141, .T. ) ;
#8802 = ORIENTED_EDGE ( 'NONE', *, *, #398, .F. ) ;
#8803 = EDGE_CURVE ( 'NONE', #9590, #8776, #7209, .T. ) ;
#8804 = AXIS2_PLACEMENT_3D ( 'NONE', #4008, #4881, #5638 ) ;
#8805 = ORIENTED_EDGE ( 'NONE', *, *, #8737, .F. ) ;
#8806 = ORIENTED_EDGE ( 'NONE', *, *, #10297, .T. ) ;
#8807 = EDGE_CURVE ( 'NONE', #8438, #2899, #6857, .T. ) ;
#8808 = VECTOR ( 'NONE', #1683, 1000.000000000000000 ) ;
#8809 = DIRECTION ( 'NONE',  ( 1.000000000000000000, 0.000000000000000000, -0.000000000000000000 ) ) ;
#8810 = LINE ( 'NONE', #5476, #832 ) ;
#8811 = CARTESIAN_POINT ( 'NONE',  ( 50.00000000000000000, 11.79499999999644722, -37.50000000001130473 ) ) ;
#8812 = ORIENTED_EDGE ( 'NONE', *, *, #3847, .F. ) ;
#8813 = CARTESIAN_POINT ( 'NONE',  ( 50.00000000000000000, 0.2549999999963414865, -31.70000000001083151 ) ) ;
#8814 = DIRECTION ( 'NONE',  ( -1.000000000000000000, 0.000000000000000000, -0.000000000000000000 ) ) ;
#8815 = VERTEX_POINT ( 'NONE', #2072 ) ;
#8816 = ADVANCED_FACE ( 'NONE', ( #8795 ), #6996, .T. ) ;
#8817 = VERTEX_POINT ( 'NONE', #4639 ) ;
#8818 = VECTOR ( 'NONE', #194, 1000.000000000000000 ) ;
#8819 = CIRCLE ( 'NONE', #4112, 0.5000000000000004441 ) ;
#8820 = CARTESIAN_POINT ( 'NONE',  ( 50.00000000000000000, 1.794999999996438333, -37.50000000001130473 ) ) ;
#8821 = CARTESIAN_POINT ( 'NONE',  ( -50.00000000000000000, -1.204999999996569926, 37.99999999998748734 ) ) ;
#8822 = CARTESIAN_POINT ( 'NONE',  ( -50.00000000000000000, 15.79500000000344428, 35.79999999998739924 ) ) ;
#8823 = FACE_OUTER_BOUND ( 'NONE', #8538, .T. ) ;
#8824 = DIRECTION ( 'NONE',  ( 1.000000000000000000, 0.000000000000000000, 0.000000000000000000 ) ) ;
#8825 = VERTEX_POINT ( 'NONE', #4430 ) ;
#8826 = VERTEX_POINT ( 'NONE', #10336 ) ;
#8827 = ORIENTED_EDGE ( 'NONE', *, *, #1533, .T. ) ;
#8828 = VERTEX_POINT ( 'NONE', #214 ) ;
#8829 = FACE_OUTER_BOUND ( 'NONE', #8644, .T. ) ;
#8830 = DIRECTION ( 'NONE',  ( 0.000000000000000000, 0.000000000000000000, 1.000000000000000000 ) ) ;
#8831 = CARTESIAN_POINT ( 'NONE',  ( 50.00000000000000000, 1.295000000003487806, 37.49999999998743050 ) ) ;
#8832 = DIRECTION ( 'NONE',  ( -1.000000000000000000, 0.000000000000000000, -0.000000000000000000 ) ) ;
#8833 = ORIENTED_EDGE ( 'NONE', *, *, #8790, .T. ) ;
#8834 = CARTESIAN_POINT ( 'NONE',  ( 50.00000000000000000, 18.04500000001618787, -37.99999999999981526 ) ) ;
#8835 = ORIENTED_EDGE ( 'NONE', *, *, #2716, .F. ) ;
#8836 = DIRECTION ( 'NONE',  ( -1.000000000000000000, -0.000000000000000000, -0.000000000000000000 ) ) ;
#8837 = CARTESIAN_POINT ( 'NONE',  ( -50.00000000000000000, -0.7049999999965139708, -37.50000000001251976 ) ) ;
#8838 = EDGE_CURVE ( 'NONE', #1833, #3716, #10231, .T. ) ;
#8839 = VERTEX_POINT ( 'NONE', #7760 ) ;
#8840 = ORIENTED_EDGE ( 'NONE', *, *, #7937, .F. ) ;
#8841 = VECTOR ( 'NONE', #9181, 1000.000000000000000 ) ;
#8842 = PLANE ( 'NONE',  #1913 ) ;
#8843 = FACE_OUTER_BOUND ( 'NONE', #6919, .T. ) ;
#8844 = CARTESIAN_POINT ( 'NONE',  ( 50.00000000000000000, 3.795000000003434515, 37.99999999998743050 ) ) ;
#8845 = CARTESIAN_POINT ( 'NONE',  ( 50.00000000000000000, -14.75499999999663103, 32.79417527061900728 ) ) ;
#8846 = CARTESIAN_POINT ( 'NONE',  ( 50.00000000000000000, -4.404999999998771010, -32.70000000000561613 ) ) ;
#8847 = ORIENTED_EDGE ( 'NONE', *, *, #9007, .T. ) ;
#8848 = EDGE_CURVE ( 'NONE', #10244, #8740, #268, .T. ) ;
#8849 = DIRECTION ( 'NONE',  ( 1.000000000000000000, 0.000000000000000000, 0.000000000000000000 ) ) ;
#8850 = VECTOR ( 'NONE', #10588, 1000.000000000000000 ) ;
#8851 = CARTESIAN_POINT ( 'NONE',  ( -50.00000000000000000, 2.154999999996354276, -34.60000000001095799 ) ) ;
#8852 = EDGE_CURVE ( 'NONE', #4224, #5585, #2726, .T. ) ;
#8853 = ORIENTED_EDGE ( 'NONE', *, *, #4992, .F. ) ;
#8854 = ORIENTED_EDGE ( 'NONE', *, *, #3264, .T. ) ;
#8855 = EDGE_LOOP ( 'NONE', ( #9196, #6387, #10306, #1063 ) ) ;
#8856 = AXIS2_PLACEMENT_3D ( 'NONE', #6796, #2634, #8382 ) ;
#8857 = CARTESIAN_POINT ( 'NONE',  ( 50.00000000000000000, 10.09499999999630049, -34.00000000001046629 ) ) ;
#8858 = EDGE_CURVE ( 'NONE', #3199, #2359, #2015, .T. ) ;
#8859 = DIRECTION ( 'NONE',  ( -1.000000000000000000, -0.000000000000000000, -0.000000000000000000 ) ) ;
#8860 = DIRECTION ( 'NONE',  ( 0.000000000000000000, 0.000000000000000000, -1.000000000000000000 ) ) ;
#8861 = EDGE_CURVE ( 'NONE', #6408, #5761, #6064, .T. ) ;
#8862 = DIRECTION ( 'NONE',  ( 0.000000000000000000, 0.000000000000000000, -1.000000000000000000 ) ) ;
#8863 = ORIENTED_EDGE ( 'NONE', *, *, #9262, .T. ) ;
#8864 = AXIS2_PLACEMENT_3D ( 'NONE', #6000, #301, #8409 ) ;
#8865 = EDGE_CURVE ( 'NONE', #3587, #6139, #1203, .T. ) ;
#8866 = SURFACE_STYLE_USAGE ( .BOTH. , #3841 ) ;
#8867 = DIRECTION ( 'NONE',  ( 0.000000000000000000, 0.000000000000000000, -1.000000000000000000 ) ) ;
#8868 = FACE_OUTER_BOUND ( 'NONE', #6489, .T. ) ;
#8869 = EDGE_CURVE ( 'NONE', #10259, #4683, #7869, .T. ) ;
#8870 = AXIS2_PLACEMENT_3D ( 'NONE', #7441, #10727, #10674 ) ;
#8871 = ORIENTED_EDGE ( 'NONE', *, *, #10340, .F. ) ;
#8872 = EDGE_LOOP ( 'NONE', ( #2421, #6491, #8205, #6423 ) ) ;
#8873 = VECTOR ( 'NONE', #10320, 1000.000000000000000 ) ;
#8874 = VECTOR ( 'NONE', #745, 1000.000000000000000 ) ;
#8875 = DIRECTION ( 'NONE',  ( -1.000000000000000000, -0.000000000000000000, -0.000000000000000000 ) ) ;
#8876 = DIRECTION ( 'NONE',  ( -0.000000000000000000, -0.000000000000000000, -1.000000000000000000 ) ) ;
#8877 = AXIS2_PLACEMENT_3D ( 'NONE', #1805, #7608, #10184 ) ;
#8878 = EDGE_CURVE ( 'NONE', #7444, #2506, #5109, .T. ) ;
#8879 = DIRECTION ( 'NONE',  ( -0.000000000000000000, -0.000000000000000000, -1.000000000000000000 ) ) ;
#8880 = DIRECTION ( 'NONE',  ( -0.000000000000000000, -0.000000000000000000, 1.000000000000000000 ) ) ;
#8881 = EDGE_CURVE ( 'NONE', #6889, #8092, #10443, .T. ) ;
#8882 = LINE ( 'NONE', #1284, #961 ) ;
#8883 = VERTEX_POINT ( 'NONE', #8907 ) ;
#8884 = AXIS2_PLACEMENT_3D ( 'NONE', #4051, #2564, #1592 ) ;
#8885 = VECTOR ( 'NONE', #5050, 1000.000000000000000 ) ;
#8886 = ORIENTED_EDGE ( 'NONE', *, *, #3726, .F. ) ;
#8888 = ORIENTED_EDGE ( 'NONE', *, *, #9216, .F. ) ;
#8887 = VECTOR ( 'NONE', #6547, 1000.000000000000000 ) ;
#8889 = ORIENTED_EDGE ( 'NONE', *, *, #3647, .T. ) ;
#8890 = CYLINDRICAL_SURFACE ( 'NONE', #6250, 0.1999999999999779732 ) ;
#8891 = DIRECTION ( 'NONE',  ( -0.000000000000000000, -0.000000000000000000, -1.000000000000000000 ) ) ;
#8892 = VECTOR ( 'NONE', #5976, 1000.000000000000000 ) ;
#8893 = CARTESIAN_POINT ( 'NONE',  ( 50.00000000000000000, -9.804999999998509352, -32.50000000000563460 ) ) ;
#8894 = CARTESIAN_POINT ( 'NONE',  ( 50.00000000000000000, -4.204999999996572591, 35.79999999998739924 ) ) ;
#8895 = VERTEX_POINT ( 'NONE', #10503 ) ;
#8896 = CIRCLE ( 'NONE', #1568, 0.5000000000000004441 ) ;
#8897 = CARTESIAN_POINT ( 'NONE',  ( -50.00000000000000000, -1.744999999996554862, 34.29999999998744897 ) ) ;
#8898 = VERTEX_POINT ( 'NONE', #3102 ) ;
#8899 = CARTESIAN_POINT ( 'NONE',  ( 50.00000000000000000, -0.7049999999965139708, 37.49999999998743050 ) ) ;
#8900 = DIRECTION ( 'NONE',  ( 0.000000000000000000, -1.000000000000000000, 0.000000000000000000 ) ) ;
#8901 = ORIENTED_EDGE ( 'NONE', *, *, #3315, .T. ) ;
#8902 = VERTEX_POINT ( 'NONE', #646 ) ;
#8903 = CYLINDRICAL_SURFACE ( 'NONE', #9393, 0.5000000000000213163 ) ;
#8904 = FACE_OUTER_BOUND ( 'NONE', #455, .T. ) ;
#8905 = LINE ( 'NONE', #5511, #10467 ) ;
#8906 = AXIS2_PLACEMENT_3D ( 'NONE', #4936, #3235, #5759 ) ;
#8907 = CARTESIAN_POINT ( 'NONE',  ( -50.00000000000000000, -1.904999999998824300, -32.20000000000566587 ) ) ;
#8908 = FACE_OUTER_BOUND ( 'NONE', #3179, .T. ) ;
#8909 = ORIENTED_EDGE ( 'NONE', *, *, #9010, .F. ) ;
#8910 = DIRECTION ( 'NONE',  ( -1.000000000000000000, -0.000000000000000000, -0.000000000000000000 ) ) ;
#8911 = CARTESIAN_POINT ( 'NONE',  ( 50.00000000000000000, 4.294999999996496065, -35.80000000001126637 ) ) ;
#8912 = VERTEX_POINT ( 'NONE', #593 ) ;
#8913 = ORIENTED_EDGE ( 'NONE', *, *, #7746, .F. ) ;
#8914 = ORIENTED_EDGE ( 'NONE', *, *, #7274, .T. ) ;
#8915 = DIRECTION ( 'NONE',  ( 1.000000000000000000, 0.000000000000000000, 0.000000000000000000 ) ) ;
#8916 = FACE_OUTER_BOUND ( 'NONE', #31, .T. ) ;
#8917 = EDGE_CURVE ( 'NONE', #7210, #965, #10660, .T. ) ;
#8918 = CARTESIAN_POINT ( 'NONE',  ( 50.00000000000000000, -0.1649999999968621012, 31.69999999998740492 ) ) ;
#8919 = CYLINDRICAL_SURFACE ( 'NONE', #4255, 1.000000000002540634 ) ;
#8920 = ORIENTED_EDGE ( 'NONE', *, *, #3906, .T. ) ;
#8921 = ORIENTED_EDGE ( 'NONE', *, *, #3456, .F. ) ;
#8922 = AXIS2_PLACEMENT_3D ( 'NONE', #7500, #5032, #4219 ) ;
#8923 = CARTESIAN_POINT ( 'NONE',  ( 0.000000000000000000, 0.000000000000000000, 0.000000000000000000 ) ) ;
#8924 = CARTESIAN_POINT ( 'NONE',  ( 50.00000000000000000, 11.89500000000354163, 33.99999999998737366 ) ) ;
#8925 = DIRECTION ( 'NONE',  ( 0.000000000000000000, -1.000000000000000000, 0.000000000000000000 ) ) ;
#8926 = ORIENTED_EDGE ( 'NONE', *, *, #7257, .F. ) ;
#8927 = EDGE_LOOP ( 'NONE', ( #7195, #386, #5975, #8670 ) ) ;
#8928 = EDGE_CURVE ( 'NONE', #502, #3763, #7320, .T. ) ;
#8929 = AXIS2_PLACEMENT_3D ( 'NONE', #7903, #8674, #2923 ) ;
#8930 = EDGE_CURVE ( 'NONE', #8295, #2753, #8030, .T. ) ;
#8931 = DIRECTION ( 'NONE',  ( 1.000000000000000000, 0.000000000000000000, 0.000000000000000000 ) ) ;
#8932 = EDGE_CURVE ( 'NONE', #696, #4958, #5881, .T. ) ;
#8933 = CARTESIAN_POINT ( 'NONE',  ( -50.00000000000000000, 7.195000000003504148, 32.49999999998743050 ) ) ;
#8934 = DIRECTION ( 'NONE',  ( 1.000000000000000000, 0.000000000000000000, 0.000000000000000000 ) ) ;
#8935 = LINE ( 'NONE', #9598, #3479 ) ;
#8936 = DIRECTION ( 'NONE',  ( 0.000000000000000000, 0.000000000000000000, 1.000000000000000000 ) ) ;
#8937 = ORIENTED_EDGE ( 'NONE', *, *, #323, .F. ) ;
#8938 = AXIS2_PLACEMENT_3D ( 'NONE', #674, #9158, #8275 ) ;
#8939 = ADVANCED_FACE ( 'NONE', ( #1412 ), #542, .F. ) ;
#8940 = VERTEX_POINT ( 'NONE', #8138 ) ;
#8941 = EDGE_CURVE ( 'NONE', #10596, #8815, #2316, .T. ) ;
#8942 = ORIENTED_EDGE ( 'NONE', *, *, #4119, .F. ) ;
#8943 = EDGE_CURVE ( 'NONE', #1700, #7714, #2343, .T. ) ;
#8944 = FACE_OUTER_BOUND ( 'NONE', #10318, .T. ) ;
#8945 = VECTOR ( 'NONE', #5423, 1000.000000000000000 ) ;
#8946 = LINE ( 'NONE', #1450, #4565 ) ;
#8947 = PLANE ( 'NONE',  #824 ) ;
#8948 = CARTESIAN_POINT ( 'NONE',  ( -50.00000000000000000, 0.05500000000346894069, 35.59999999998741771 ) ) ;
#8949 = ORIENTED_EDGE ( 'NONE', *, *, #3404, .F. ) ;
#8950 = CARTESIAN_POINT ( 'NONE',  ( 50.00000000000000000, 0.05500000000346894069, 34.49999999998743050 ) ) ;
#8951 = VERTEX_POINT ( 'NONE', #10554 ) ;
#8952 = DIRECTION ( 'NONE',  ( 0.000000000000000000, 0.000000000000000000, 1.000000000000000000 ) ) ;
#8953 = EDGE_CURVE ( 'NONE', #3444, #6781, #7521, .T. ) ;
#8954 = DIRECTION ( 'NONE',  ( 0.000000000000000000, 0.000000000000000000, 1.000000000000000000 ) ) ;
#8955 = VECTOR ( 'NONE', #4540, 1000.000000000000000 ) ;
#8956 = EDGE_LOOP ( 'NONE', ( #7674, #9978, #9123, #626 ) ) ;
#8957 = EDGE_CURVE ( 'NONE', #6658, #3612, #9223, .T. ) ;
#8958 = EDGE_LOOP ( 'NONE', ( #994, #5721, #275, #2722 ) ) ;
#8959 = DIRECTION ( 'NONE',  ( -1.000000000000000000, -0.000000000000000000, -0.000000000000000000 ) ) ;
#8960 = CARTESIAN_POINT ( 'NONE',  ( 50.00000000000000000, -14.20499999999658058, 37.49999999998743050 ) ) ;
#8961 = CARTESIAN_POINT ( 'NONE',  ( -50.00000000000000000, -17.95499999999650242, 37.99999999998738076 ) ) ;
#8962 = CARTESIAN_POINT ( 'NONE',  ( -50.00000000000000000, 10.09499999999630049, -34.00000000001046629 ) ) ;
#8963 = AXIS2_PLACEMENT_3D ( 'NONE', #787, #4176, #2314 ) ;
#8964 = LINE ( 'NONE', #1468, #7696 ) ;
#8965 = VERTEX_POINT ( 'NONE', #5005 ) ;
#8966 = FACE_OUTER_BOUND ( 'NONE', #1059, .T. ) ;
#8967 = CARTESIAN_POINT ( 'NONE',  ( 50.00000000000000000, 4.295000000003490470, 35.79999999998739924 ) ) ;
#8968 = VERTEX_POINT ( 'NONE', #9732 ) ;
#8969 = AXIS2_PLACEMENT_3D ( 'NONE', #7984, #6956, #7884 ) ;
#8970 = VERTEX_POINT ( 'NONE', #8962 ) ;
#8971 = ORIENTED_EDGE ( 'NONE', *, *, #7814, .F. ) ;
#8972 = DIRECTION ( 'NONE',  ( 0.000000000000000000, 0.000000000000000000, 1.000000000000000000 ) ) ;
#8973 = CARTESIAN_POINT ( 'NONE',  ( 50.00000000000000000, 1.835000000001363318, -34.50000000000563460 ) ) ;
#8974 = FACE_OUTER_BOUND ( 'NONE', #1696, .T. ) ;
#8975 = CARTESIAN_POINT ( 'NONE',  ( -50.00000000000000000, -4.404999999998771010, -32.50000000000563460 ) ) ;
#8976 = VERTEX_POINT ( 'NONE', #9169 ) ;
#8977 = EDGE_LOOP ( 'NONE', ( #6433, #6195, #2562, #5543 ) ) ;
#8978 = SHAPE_DEFINITION_REPRESENTATION ( #9109, #6281 ) ;
#8979 = FACE_OUTER_BOUND ( 'NONE', #1504, .T. ) ;
#8980 = VECTOR ( 'NONE', #10625, 1000.000000000000000 ) ;
#8981 = DIRECTION ( 'NONE',  ( 0.000000000000000000, 0.7071067811865474617, 0.7071067811865474617 ) ) ;
#8982 = ORIENTED_EDGE ( 'NONE', *, *, #3633, .F. ) ;
#8983 = EDGE_CURVE ( 'NONE', #8465, #2791, #1722, .T. ) ;
#8984 = VERTEX_POINT ( 'NONE', #2226 ) ;
#8985 = AXIS2_PLACEMENT_3D ( 'NONE', #3106, #8142, #2459 ) ;
#8986 = FACE_OUTER_BOUND ( 'NONE', #3770, .T. ) ;
#8987 = CARTESIAN_POINT ( 'NONE',  ( 50.00000000000000000, -20.89642135623381947, -27.84142135624989578 ) ) ;
#8988 = CARTESIAN_POINT ( 'NONE',  ( -50.00000000000000000, -3.204999999996571702, -35.80000000001248850 ) ) ;
#8989 = LINE ( 'NONE', #10691, #5752 ) ;
#8990 = DIRECTION ( 'NONE',  ( -1.000000000000000000, -0.000000000000000000, -0.000000000000000000 ) ) ;
#8991 = VERTEX_POINT ( 'NONE', #3984 ) ;
#8992 = AXIS2_PLACEMENT_3D ( 'NONE', #8502, #4296, #5116 ) ;
#8993 = EDGE_CURVE ( 'NONE', #2892, #727, #7384, .T. ) ;
#8994 = VECTOR ( 'NONE', #1405, 1000.000000000000114 ) ;
#8995 = EDGE_CURVE ( 'NONE', #993, #6870, #5512, .T. ) ;
#8996 = ORIENTED_EDGE ( 'NONE', *, *, #7786, .T. ) ;
#8997 = ORIENTED_EDGE ( 'NONE', *, *, #6916, .T. ) ;
#8998 = ORIENTED_EDGE ( 'NONE', *, *, #1505, .F. ) ;
#8999 = DIRECTION ( 'NONE',  ( 1.000000000000000000, 0.000000000000000000, -0.000000000000000000 ) ) ;
#9000 = CARTESIAN_POINT ( 'NONE',  ( 50.00000000000000000, -10.00499999999848733, -34.00000000000547118 ) ) ;
#9001 = FACE_OUTER_BOUND ( 'NONE', #5843, .T. ) ;
#9002 = ADVANCED_FACE ( 'NONE', ( #7969 ), #482, .T. ) ;
#9003 = VECTOR ( 'NONE', #1894, 1000.000000000000000 ) ;
#9004 = LINE ( 'NONE', #1724, #2757 ) ;
#9005 = ORIENTED_EDGE ( 'NONE', *, *, #9765, .F. ) ;
#9006 = DIRECTION ( 'NONE',  ( 0.000000000000000000, -0.000000000000000000, 1.000000000000000000 ) ) ;
#9007 = EDGE_CURVE ( 'NONE', #6658, #5654, #10603, .T. ) ;
#9008 = LINE ( 'NONE', #8071, #2537 ) ;
#9009 = VERTEX_POINT ( 'NONE', #8083 ) ;
#9010 = EDGE_CURVE ( 'NONE', #6210, #2640, #4804, .T. ) ;
#9011 = LINE ( 'NONE', #1510, #8994 ) ;
#9012 = PLANE ( 'NONE',  #3301 ) ;
#9013 = EDGE_CURVE ( 'NONE', #3180, #6545, #2143, .T. ) ;
#9014 = ORIENTED_EDGE ( 'NONE', *, *, #1667, .F. ) ;
#9015 = AXIS2_PLACEMENT_3D ( 'NONE', #5331, #10315, #9700 ) ;
#9016 = VERTEX_POINT ( 'NONE', #2751 ) ;
#9017 = CARTESIAN_POINT ( 'NONE',  ( 50.00000000000000000, 14.29499999999650584, -35.80000000001126637 ) ) ;
#9018 = CARTESIAN_POINT ( 'NONE',  ( 50.00000000000000000, 4.694999999996396056, -32.20000000001077467 ) ) ;
#9019 = CARTESIAN_POINT ( 'NONE',  ( 50.00000000000000000, -14.75499999999663103, 32.79417527061900728 ) ) ;
#9020 = EDGE_CURVE ( 'NONE', #4769, #3897, #9483, .T. ) ;
#9021 = PLANE ( 'NONE',  #1830 ) ;
#9022 = ORIENTED_EDGE ( 'NONE', *, *, #8335, .F. ) ;
#9023 = CARTESIAN_POINT ( 'NONE',  ( -50.00000000000000000, 11.79499999999644722, -35.80000000001126637 ) ) ;
#9024 = CARTESIAN_POINT ( 'NONE',  ( 50.00000000000000000, -14.20499999999658058, 35.79999999998739924 ) ) ;
#9025 = ORIENTED_EDGE ( 'NONE', *, *, #312, .T. ) ;
#9026 = ORIENTED_EDGE ( 'NONE', *, *, #4380, .T. ) ;
#9027 = EDGE_LOOP ( 'NONE', ( #5557, #7793, #5149, #2040 ) ) ;
#9028 = DIRECTION ( 'NONE',  ( -1.000000000000000000, -0.000000000000000000, -0.000000000000000000 ) ) ;
#9029 = CYLINDRICAL_SURFACE ( 'NONE', #3118, 0.9999999999998898659 ) ;
#9030 = LINE ( 'NONE', #8973, #2136 ) ;
#9031 = CARTESIAN_POINT ( 'NONE',  ( -50.00000000000000000, -9.104999999998586446, -34.00000000000547118 ) ) ;
#9032 = VECTOR ( 'NONE', #4915, 1000.000000000000000 ) ;
#9033 = CARTESIAN_POINT ( 'NONE',  ( -50.00000000000000000, -1.704999999996625881, -35.80000000001248850 ) ) ;
#9034 = VERTEX_POINT ( 'NONE', #5987 ) ;
#9035 = ORIENTED_EDGE ( 'NONE', *, *, #4062, .F. ) ;
#9036 = DIRECTION ( 'NONE',  ( -1.000000000000000000, -0.000000000000000000, -0.000000000000000000 ) ) ;
#9037 = CARTESIAN_POINT ( 'NONE',  ( 50.00000000000000000, -18.95499999999827878, 30.79999999999438742 ) ) ;
#9038 = ORIENTED_EDGE ( 'NONE', *, *, #4439, .F. ) ;
#9039 = ORIENTED_EDGE ( 'NONE', *, *, #1310, .T. ) ;
#9040 = VECTOR ( 'NONE', #4349, 1000.000000000000000 ) ;
#9041 = VECTOR ( 'NONE', #2553, 1000.000000000000000 ) ;
#9042 = DIRECTION ( 'NONE',  ( 1.000000000000000000, 0.000000000000000000, 0.000000000000000000 ) ) ;
#9043 = DIRECTION ( 'NONE',  ( 0.000000000000000000, 0.000000000000000000, 1.000000000000000000 ) ) ;
#9044 = CARTESIAN_POINT ( 'NONE',  ( 50.00000000000000000, 6.794999999996331752, -35.80000000001126637 ) ) ;
#9045 = DIRECTION ( 'NONE',  ( -1.000000000000000000, -0.000000000000000000, -0.000000000000000000 ) ) ;
#9046 = VECTOR ( 'NONE', #5099, 1000.000000000000000 ) ;
#9047 = CYLINDRICAL_SURFACE ( 'NONE', #3982, 0.1999999999999779732 ) ;
#9048 = ORIENTED_EDGE ( 'NONE', *, *, #1915, .T. ) ;
#9049 = AXIS2_PLACEMENT_3D ( 'NONE', #2869, #6213, #6426 ) ;
#9050 = EDGE_LOOP ( 'NONE', ( #4547, #2538, #5694, #9228 ) ) ;
#9051 = CIRCLE ( 'NONE', #4503, 0.5000000000000768274 ) ;
#9052 = ORIENTED_EDGE ( 'NONE', *, *, #5672, .F. ) ;
#9053 = ORIENTED_EDGE ( 'NONE', *, *, #3320, .F. ) ;
#9054 = VECTOR ( 'NONE', #9028, 1000.000000000000000 ) ;
#9055 = CYLINDRICAL_SURFACE ( 'NONE', #1714, 0.5000000000001114664 ) ;
#9056 = LINE ( 'NONE', #7519, #4045 ) ;
#9057 = DIRECTION ( 'NONE',  ( 0.000000000000000000, 0.000000000000000000, 1.000000000000000000 ) ) ;
#9058 = VECTOR ( 'NONE', #7651, 1000.000000000000000 ) ;
#9059 = DIRECTION ( 'NONE',  ( 1.000000000000000000, 0.000000000000000000, 0.000000000000000000 ) ) ;
#9060 = VERTEX_POINT ( 'NONE', #1069 ) ;
#9062 = EDGE_CURVE ( 'NONE', #719, #7390, #3714, .T. ) ;
#9061 = CIRCLE ( 'NONE', #844, 1.000000000002540634 ) ;
#9063 = LINE ( 'NONE', #4193, #4852 ) ;
#9064 = DIRECTION ( 'NONE',  ( 0.000000000000000000, 0.000000000000000000, -1.000000000000000000 ) ) ;
#9065 = EDGE_LOOP ( 'NONE', ( #470, #1236, #3066, #10383 ) ) ;
#9066 = DIRECTION ( 'NONE',  ( 0.000000000000000000, -1.000000000000000000, 0.000000000000000000 ) ) ;
#9067 = VECTOR ( 'NONE', #8143, 1000.000000000000000 ) ;
#9068 = CYLINDRICAL_SURFACE ( 'NONE', #9416, 0.5000000000000004441 ) ;
#9069 = VECTOR ( 'NONE', #4695, 1000.000000000000000 ) ;
#9070 = AXIS2_PLACEMENT_3D ( 'NONE', #3956, #2370, #788 ) ;
#9071 = ORIENTED_EDGE ( 'NONE', *, *, #3042, .F. ) ;
#9072 = EDGE_CURVE ( 'NONE', #7437, #4820, #4350, .T. ) ;
#9073 = CARTESIAN_POINT ( 'NONE',  ( 50.00000000000000000, 3.294999999996550688, -37.50000000001130473 ) ) ;
#9074 = CARTESIAN_POINT ( 'NONE',  ( -50.00000000000000000, -5.704999999996629434, -37.50000000001251976 ) ) ;
#9075 = EDGE_CURVE ( 'NONE', #5481, #1745, #4413, .T. ) ;
#9076 = CARTESIAN_POINT ( 'NONE',  ( -50.00000000000000000, 4.294999999996496065, -37.50000000001130473 ) ) ;
#9077 = CIRCLE ( 'NONE', #6278, 0.5000000000000004441 ) ;
#9078 = EDGE_CURVE ( 'NONE', #9189, #9464, #10311, .T. ) ;
#9079 = DIRECTION ( 'NONE',  ( -1.000000000000000000, -0.000000000000000000, -0.000000000000000000 ) ) ;
#9080 = VERTEX_POINT ( 'NONE', #10099 ) ;
#9081 = CYLINDRICAL_SURFACE ( 'NONE', #4617, 0.1999999999999779732 ) ;
#9082 = VECTOR ( 'NONE', #373, 1000.000000000000000 ) ;
#9083 = LINE ( 'NONE', #10013, #2426 ) ;
#9084 = VERTEX_POINT ( 'NONE', #6753 ) ;
#9085 = AXIS2_PLACEMENT_3D ( 'NONE', #1090, #9357, #107 ) ;
#9086 = VERTEX_POINT ( 'NONE', #6909 ) ;
#9087 = ORIENTED_EDGE ( 'NONE', *, *, #498, .F. ) ;
#9088 = CIRCLE ( 'NONE', #7511, 0.5000000000000004441 ) ;
#9089 = EDGE_CURVE ( 'NONE', #9845, #7183, #9438, .T. ) ;
#9090 = DIRECTION ( 'NONE',  ( 1.000000000000000000, 0.000000000000000000, 0.000000000000000000 ) ) ;
#9091 = EDGE_CURVE ( 'NONE', #378, #1077, #10528, .T. ) ;
#9092 = CYLINDRICAL_SURFACE ( 'NONE', #2763, 1.000000000000056399 ) ;
#9093 = CARTESIAN_POINT ( 'NONE',  ( 50.00000000000000000, 0.03500000000355996121, 35.59999999998741771 ) ) ;
#9094 = FACE_OUTER_BOUND ( 'NONE', #8956, .T. ) ;
#9095 = DIRECTION ( 'NONE',  ( -1.000000000000000000, -0.000000000000000000, -0.000000000000000000 ) ) ;
#9096 = EDGE_LOOP ( 'NONE', ( #2868, #1483, #8310, #14 ) ) ;
#9097 = ORIENTED_EDGE ( 'NONE', *, *, #2044, .F. ) ;
#9098 = DIRECTION ( 'NONE',  ( -1.000000000000000000, -0.000000000000000000, -0.000000000000000000 ) ) ;
#9099 = DIRECTION ( 'NONE',  ( 1.000000000000000000, 0.000000000000000000, 0.000000000000000000 ) ) ;
#9100 = ORIENTED_EDGE ( 'NONE', *, *, #10480, .T. ) ;
#9101 = ORIENTED_EDGE ( 'NONE', *, *, #9117, .F. ) ;
#9102 = EDGE_CURVE ( 'NONE', #2575, #9284, #1772, .T. ) ;
#9103 = LINE ( 'NONE', #9920, #1079 ) ;
#9104 = AXIS2_PLACEMENT_3D ( 'NONE', #2412, #663, #6514 ) ;
#9105 = LINE ( 'NONE', #2425, #9744 ) ;
#9106 = LINE ( 'NONE', #4994, #7216 ) ;
#9107 = LINE ( 'NONE', #2428, #4700 ) ;
#9108 = FACE_OUTER_BOUND ( 'NONE', #205, .T. ) ;
#9109 = PRODUCT_DEFINITION_SHAPE ( 'NONE', 'NONE',  #3105 ) ;
#9110 = AXIS2_PLACEMENT_3D ( 'NONE', #9436, #9218, #10199 ) ;
#9111 = VERTEX_POINT ( 'NONE', #3630 ) ;
#9112 = ORIENTED_EDGE ( 'NONE', *, *, #7852, .F. ) ;
#9113 = ORIENTED_EDGE ( 'NONE', *, *, #1115, .F. ) ;
#9114 = DIRECTION ( 'NONE',  ( -0.000000000000000000, 1.000000000000000000, -0.000000000000000000 ) ) ;
#9115 = DIRECTION ( 'NONE',  ( -0.000000000000000000, -0.000000000000000000, -1.000000000000000000 ) ) ;
#9116 = DIRECTION ( 'NONE',  ( -0.000000000000000000, -0.000000000000000000, -1.000000000000000000 ) ) ;
#9117 = EDGE_CURVE ( 'NONE', #10696, #9034, #10201, .T. ) ;
#9118 = LINE ( 'NONE', #29, #3639 ) ;
#9119 = AXIS2_PLACEMENT_3D ( 'NONE', #8326, #892, #7669 ) ;
#9120 = VERTEX_POINT ( 'NONE', #1934 ) ;
#9121 = CARTESIAN_POINT ( 'NONE',  ( -50.00000000000000000, 1.835000000001363318, -33.00000000000580513 ) ) ;
#9122 = CARTESIAN_POINT ( 'NONE',  ( 50.00000000000000000, -9.804999999998509352, -32.70000000000561613 ) ) ;
#9123 = ORIENTED_EDGE ( 'NONE', *, *, #2442, .T. ) ;
#9124 = DIRECTION ( 'NONE',  ( -1.000000000000000000, 0.000000000000000000, -0.000000000000000000 ) ) ;
#9125 = DIRECTION ( 'NONE',  ( 1.000000000000000000, 0.000000000000000000, 0.000000000000000000 ) ) ;
#9126 = AXIS2_PLACEMENT_3D ( 'NONE', #6834, #3394, #2623 ) ;
#9127 = EDGE_CURVE ( 'NONE', #10652, #9656, #191, .T. ) ;
#9128 = ORIENTED_EDGE ( 'NONE', *, *, #8519, .T. ) ;
#9129 = LINE ( 'NONE', #4036, #9565 ) ;
#9130 = DIRECTION ( 'NONE',  ( 0.000000000000000000, -1.000000000000000000, 0.000000000000000000 ) ) ;
#9131 = DIRECTION ( 'NONE',  ( -0.000000000000000000, -0.000000000000000000, -1.000000000000000000 ) ) ;
#9132 = CARTESIAN_POINT ( 'NONE',  ( 50.00000000000000000, -12.50499999999843403, -32.50000000000563460 ) ) ;
#9133 = EDGE_LOOP ( 'NONE', ( #118, #4798, #8591, #10280 ) ) ;
#9134 = AXIS2_PLACEMENT_3D ( 'NONE', #4404, #7782, #6093 ) ;
#9135 = CARTESIAN_POINT ( 'NONE',  ( -50.00000000000000000, -9.204999999996577031, 37.49999999998743050 ) ) ;
#9136 = DIRECTION ( 'NONE',  ( -0.000000000000000000, -0.000000000000000000, -1.000000000000000000 ) ) ;
#9137 = ADVANCED_FACE ( 'NONE', ( #2647 ), #5165, .F. ) ;
#9138 = ORIENTED_EDGE ( 'NONE', *, *, #8463, .T. ) ;
#9139 = ORIENTED_EDGE ( 'NONE', *, *, #10746, .F. ) ;
#9140 = EDGE_CURVE ( 'NONE', #6218, #7778, #2697, .T. ) ;
#9141 = EDGE_LOOP ( 'NONE', ( #9559, #3368, #9362, #10227 ) ) ;
#9142 = LINE ( 'NONE', #4975, #2615 ) ;
#9143 = VECTOR ( 'NONE', #2285, 1000.000000000000000 ) ;
#9144 = CARTESIAN_POINT ( 'NONE',  ( -50.00000000000000000, 12.59500000000346454, 32.49999999998743050 ) ) ;
#9145 = FACE_OUTER_BOUND ( 'NONE', #8274, .T. ) ;
#9146 = FACE_OUTER_BOUND ( 'NONE', #8650, .T. ) ;
#9147 = LINE ( 'NONE', #1643, #6129 ) ;
#9148 = ORIENTED_EDGE ( 'NONE', *, *, #2905, .T. ) ;
#9149 = ORIENTED_EDGE ( 'NONE', *, *, #8416, .T. ) ;
#9150 = EDGE_CURVE ( 'NONE', #10372, #6593, #9313, .T. ) ;
#9151 = FACE_OUTER_BOUND ( 'NONE', #847, .T. ) ;
#9152 = EDGE_CURVE ( 'NONE', #160, #5849, #10710, .T. ) ;
#9153 = VECTOR ( 'NONE', #2635, 1000.000000000000000 ) ;
#9154 = LINE ( 'NONE', #5640, #8383 ) ;
#9155 = ADVANCED_FACE ( 'NONE', ( #7574 ), #9380, .F. ) ;
#9156 = ORIENTED_EDGE ( 'NONE', *, *, #8352, .F. ) ;
#9157 = ORIENTED_EDGE ( 'NONE', *, *, #6177, .T. ) ;
#9158 = DIRECTION ( 'NONE',  ( 0.000000000000000000, 0.000000000000000000, -1.000000000000000000 ) ) ;
#9159 = DIRECTION ( 'NONE',  ( 0.000000000000000000, 0.000000000000000000, 1.000000000000000000 ) ) ;
#9160 = DIRECTION ( 'NONE',  ( 0.000000000000000000, 0.000000000000000000, -1.000000000000000000 ) ) ;
#9161 = CARTESIAN_POINT ( 'NONE',  ( -50.00000000000000000, -7.104999999998806715, -32.50000000000563460 ) ) ;
#9162 = DIRECTION ( 'NONE',  ( 0.000000000000000000, 0.000000000000000000, -1.000000000000000000 ) ) ;
#9163 = EDGE_CURVE ( 'NONE', #7628, #4544, #4071, .T. ) ;
#9164 = VERTEX_POINT ( 'NONE', #905 ) ;
#9165 = ORIENTED_EDGE ( 'NONE', *, *, #7326, .F. ) ;
#9166 = DIRECTION ( 'NONE',  ( 0.000000000000000000, 0.000000000000000000, 1.000000000000000000 ) ) ;
#9167 = CARTESIAN_POINT ( 'NONE',  ( 50.00000000000000000, -9.304999999996566018, 32.49999999998737366 ) ) ;
#9168 = DIRECTION ( 'NONE',  ( -1.000000000000000000, -0.000000000000000000, -0.000000000000000000 ) ) ;
#9169 = CARTESIAN_POINT ( 'NONE',  ( -50.00000000000000000, 0.05500000000346894069, 34.49999999998743050 ) ) ;
#9170 = LINE ( 'NONE', #10755, #8711 ) ;
#9171 = ORIENTED_EDGE ( 'NONE', *, *, #5735, .T. ) ;
#9172 = LINE ( 'NONE', #3369, #7813 ) ;
#9173 = DIRECTION ( 'NONE',  ( -0.000000000000000000, -0.000000000000000000, -1.000000000000000000 ) ) ;
#9174 = VERTEX_POINT ( 'NONE', #9279 ) ;
#9175 = CARTESIAN_POINT ( 'NONE',  ( 50.00000000000000000, 17.54500000000647120, 32.99999999997638156 ) ) ;
#9176 = CARTESIAN_POINT ( 'NONE',  ( -50.00000000000000000, -6.704999999996519300, -37.50000000001251976 ) ) ;
#9177 = ORIENTED_EDGE ( 'NONE', *, *, #10486, .F. ) ;
#9178 = CARTESIAN_POINT ( 'NONE',  ( -50.00000000000000000, -7.104999999998806715, -32.50000000000563460 ) ) ;
#9179 = CIRCLE ( 'NONE', #7082, 0.5000000000000004441 ) ;
#9180 = LINE ( 'NONE', #1679, #5929 ) ;
#9181 = DIRECTION ( 'NONE',  ( -1.000000000000000000, -0.000000000000000000, -0.000000000000000000 ) ) ;
#9182 = DIRECTION ( 'NONE',  ( 0.000000000000000000, 0.000000000000000000, -1.000000000000000000 ) ) ;
#9183 = VERTEX_POINT ( 'NONE', #2150 ) ;
#9184 = EDGE_CURVE ( 'NONE', #10756, #3026, #7892, .T. ) ;
#9185 = DIRECTION ( 'NONE',  ( 0.000000000000000000, 1.000000000000000000, 0.000000000000000000 ) ) ;
#9186 = CARTESIAN_POINT ( 'NONE',  ( 50.00000000000000000, 0.2549999999964525088, -34.60000000001095799 ) ) ;
#9187 = ORIENTED_EDGE ( 'NONE', *, *, #3446, .F. ) ;
#9188 = EDGE_LOOP ( 'NONE', ( #10349, #7339, #8733, #219 ) ) ;
#9189 = VERTEX_POINT ( 'NONE', #3741 ) ;
#9190 = DIRECTION ( 'NONE',  ( 0.000000000000000000, 0.000000000000000000, -1.000000000000000000 ) ) ;
#9191 = DIRECTION ( 'NONE',  ( -1.000000000000000000, -0.000000000000000000, -0.000000000000000000 ) ) ;
#9192 = DIRECTION ( 'NONE',  ( 1.000000000000000000, 0.000000000000000000, 0.000000000000000000 ) ) ;
#9193 = EDGE_CURVE ( 'NONE', #7437, #6789, #5327, .T. ) ;
#9194 = CARTESIAN_POINT ( 'NONE',  ( -50.00000000000000000, 16.57907417369630565, -32.74118095491063229 ) ) ;
#9195 = ORIENTED_EDGE ( 'NONE', *, *, #10205, .F. ) ;
#9196 = ORIENTED_EDGE ( 'NONE', *, *, #5132, .T. ) ;
#9197 = EDGE_CURVE ( 'NONE', #6515, #9573, #3851, .T. ) ;
#9198 = LINE ( 'NONE', #113, #2163 ) ;
#9199 = FACE_OUTER_BOUND ( 'NONE', #242, .T. ) ;
#9200 = VERTEX_POINT ( 'NONE', #6256 ) ;
#9201 = ORIENTED_EDGE ( 'NONE', *, *, #1175, .T. ) ;
#9202 = EDGE_CURVE ( 'NONE', #7253, #10750, #565, .T. ) ;
#9203 = CIRCLE ( 'NONE', #9728, 0.5000000000000350830 ) ;
#9204 = EDGE_CURVE ( 'NONE', #1652, #5954, #4428, .T. ) ;
#9205 = CARTESIAN_POINT ( 'NONE',  ( -50.00000000000000000, -13.20499999999647045, -35.80000000001248850 ) ) ;
#9206 = EDGE_CURVE ( 'NONE', #1330, #2187, #7132, .T. ) ;
#9207 = CARTESIAN_POINT ( 'NONE',  ( -50.00000000000000000, -20.89642135623381947, -27.84142135624989578 ) ) ;
#9208 = CARTESIAN_POINT ( 'NONE',  ( 50.00000000000000000, 2.035000000001341292, -33.20000000000577955 ) ) ;
#9209 = ORIENTED_EDGE ( 'NONE', *, *, #4539, .F. ) ;
#9210 = DIRECTION ( 'NONE',  ( -1.000000000000000000, -0.000000000000000000, -0.000000000000000000 ) ) ;
#9211 = EDGE_CURVE ( 'NONE', #5761, #6286, #4598, .T. ) ;
#9212 = DIRECTION ( 'NONE',  ( 0.000000000000000000, 0.000000000000000000, -1.000000000000000000 ) ) ;
#9213 = VECTOR ( 'NONE', #9116, 1000.000000000000000 ) ;
#9214 = ORIENTED_EDGE ( 'NONE', *, *, #8803, .F. ) ;
#9215 = EDGE_LOOP ( 'NONE', ( #4221, #3207, #1829, #4385 ) ) ;
#9216 = EDGE_CURVE ( 'NONE', #3157, #6957, #459, .T. ) ;
#9217 = DIRECTION ( 'NONE',  ( -0.000000000000000000, -1.000000000000000000, -0.000000000000000000 ) ) ;
#9218 = DIRECTION ( 'NONE',  ( 0.000000000000000000, -1.000000000000000000, 0.000000000000000000 ) ) ;
#9219 = EDGE_CURVE ( 'NONE', #8817, #5656, #1279, .T. ) ;
#9220 = CARTESIAN_POINT ( 'NONE',  ( 50.00000000000000000, -12.50499999999643563, 32.69999999998740492 ) ) ;
#9221 = CIRCLE ( 'NONE', #9569, 0.1999999999999779732 ) ;
#9222 = VECTOR ( 'NONE', #10757, 1000.000000000000000 ) ;
#9223 = LINE ( 'NONE', #5680, #1439 ) ;
#9224 = CARTESIAN_POINT ( 'NONE',  ( -50.00000000000000000, -11.80499999999640082, 33.99999999998737366 ) ) ;
#9225 = ORIENTED_EDGE ( 'NONE', *, *, #789, .T. ) ;
#9226 = CARTESIAN_POINT ( 'NONE',  ( -50.00000000000000000, -12.70499999999652374, 33.99999999998737366 ) ) ;
#9227 = DIRECTION ( 'NONE',  ( -1.000000000000000000, -0.000000000000000000, -0.000000000000000000 ) ) ;
#9228 = ORIENTED_EDGE ( 'NONE', *, *, #4055, .T. ) ;
#9229 = AXIS2_PLACEMENT_3D ( 'NONE', #5074, #8459, #9234 ) ;
#9230 = VECTOR ( 'NONE', #4178, 1000.000000000000000 ) ;
#9231 = LINE ( 'NONE', #90, #2448 ) ;
#9232 = CARTESIAN_POINT ( 'NONE',  ( 50.00000000000000000, -1.944999999996643858, 33.19999999998746176 ) ) ;
#9233 = ORIENTED_EDGE ( 'NONE', *, *, #8953, .F. ) ;
#9234 = DIRECTION ( 'NONE',  ( 0.000000000000000000, -0.000000000000000000, 1.000000000000000000 ) ) ;
#9235 = AXIS2_PLACEMENT_3D ( 'NONE', #133, #3471, #6809 ) ;
#9236 = CARTESIAN_POINT ( 'NONE',  ( -50.00000000000000000, -14.20499999999658058, -35.80000000001248850 ) ) ;
#9237 = CIRCLE ( 'NONE', #5036, 0.1999999999999779732 ) ;
#9238 = DIRECTION ( 'NONE',  ( 0.000000000000000000, 0.000000000000000000, -1.000000000000000000 ) ) ;
#9239 = VECTOR ( 'NONE', #4435, 1000.000000000000000 ) ;
#9240 = DIRECTION ( 'NONE',  ( -0.000000000000000000, 1.000000000000000000, -0.000000000000000000 ) ) ;
#9241 = VERTEX_POINT ( 'NONE', #10578 ) ;
#9242 = DIRECTION ( 'NONE',  ( -0.000000000000000000, 1.000000000000000000, 0.000000000000000000 ) ) ;
#9243 = VECTOR ( 'NONE', #6676, 1000.000000000000000 ) ;
#9244 = CARTESIAN_POINT ( 'NONE',  ( 50.00000000000000000, 5.794999999996441886, -37.50000000001130473 ) ) ;
#9245 = VECTOR ( 'NONE', #6861, 1000.000000000000000 ) ;
#9246 = ORIENTED_EDGE ( 'NONE', *, *, #3932, .F. ) ;
#9247 = ORIENTED_EDGE ( 'NONE', *, *, #7734, .T. ) ;
#9248 = VECTOR ( 'NONE', #5295, 1000.000000000000000 ) ;
#9249 = CARTESIAN_POINT ( 'NONE',  ( -50.00000000000000000, -16.20499999999647400, 37.99999999998738076 ) ) ;
#9250 = DIRECTION ( 'NONE',  ( 1.000000000000000000, 0.000000000000000000, 0.000000000000000000 ) ) ;
#9251 = FACE_OUTER_BOUND ( 'NONE', #6422, .T. ) ;
#9252 = CIRCLE ( 'NONE', #3140, 1.000000000002540634 ) ;
#9253 = DIRECTION ( 'NONE',  ( 0.000000000000000000, -1.000000000000000000, 0.000000000000000000 ) ) ;
#9254 = ORIENTED_EDGE ( 'NONE', *, *, #1899, .T. ) ;
#9255 = ORIENTED_EDGE ( 'NONE', *, *, #1045, .T. ) ;
#9256 = CARTESIAN_POINT ( 'NONE',  ( -50.00000000000000000, 4.695000000003557439, 33.99999999998737366 ) ) ;
#9257 = VECTOR ( 'NONE', #4925, 1000.000000000000000 ) ;
#9258 = CARTESIAN_POINT ( 'NONE',  ( 50.00000000000000000, 14.34499999999616549, -34.00000000001046629 ) ) ;
#9259 = ORIENTED_EDGE ( 'NONE', *, *, #9010, .T. ) ;
#9260 = ORIENTED_EDGE ( 'NONE', *, *, #5401, .F. ) ;
#9261 = AXIS2_PLACEMENT_3D ( 'NONE', #2453, #5789, #6714 ) ;
#9262 = EDGE_CURVE ( 'NONE', #5337, #6131, #3793, .T. ) ;
#9263 = DIRECTION ( 'NONE',  ( 0.000000000000000000, -1.000000000000000000, 0.000000000000000000 ) ) ;
#9264 = CARTESIAN_POINT ( 'NONE',  ( 50.00000000000000000, 7.194999999996398721, -32.50000000001062972 ) ) ;
#9265 = DIRECTION ( 'NONE',  ( -0.000000000000000000, -0.000000000000000000, -1.000000000000000000 ) ) ;
#9266 = ORIENTED_EDGE ( 'NONE', *, *, #4539, .T. ) ;
#9267 = CARTESIAN_POINT ( 'NONE',  ( 50.00000000000000000, 3.295000000003489582, 37.49999999998743050 ) ) ;
#9268 = PLANE ( 'NONE',  #9577 ) ;
#9269 = EDGE_CURVE ( 'NONE', #8574, #7928, #10194, .T. ) ;
#9270 = ADVANCED_FACE ( 'NONE', ( #5433 ), #2910, .F. ) ;
#9271 = ORIENTED_EDGE ( 'NONE', *, *, #10672, .F. ) ;
#9272 = ADVANCED_FACE ( 'NONE', ( #1391 ), #1282, .T. ) ;
#9273 = APPLICATION_CONTEXT ( 'automotive_design' ) ;
#9274 = ORIENTED_EDGE ( 'NONE', *, *, #10749, .F. ) ;
#9275 = ADVANCED_FACE ( 'NONE', ( #6368 ), #7022, .F. ) ;
#9276 = CARTESIAN_POINT ( 'NONE',  ( -50.00000000000000000, -1.704999999996625881, 35.79999999998739924 ) ) ;
#9277 = DIRECTION ( 'NONE',  ( 1.000000000000000000, 0.000000000000000000, 0.000000000000000000 ) ) ;
#9278 = FACE_OUTER_BOUND ( 'NONE', #225, .T. ) ;
#9279 = CARTESIAN_POINT ( 'NONE',  ( -50.00000000000000000, 9.894999999996322515, -32.50000000001062972 ) ) ;
#9280 = CARTESIAN_POINT ( 'NONE',  ( -50.00000000000000000, 4.295000000003490470, 37.49999999998743050 ) ) ;
#9281 = ORIENTED_EDGE ( 'NONE', *, *, #8049, .F. ) ;
#9282 = DIRECTION ( 'NONE',  ( 0.000000000000000000, 0.000000000000000000, 1.000000000000000000 ) ) ;
#9283 = CARTESIAN_POINT ( 'NONE',  ( -50.00000000000000000, 0.05500000000346894069, 35.59999999998741771 ) ) ;
#9284 = VERTEX_POINT ( 'NONE', #8822 ) ;
#9285 = EDGE_CURVE ( 'NONE', #7419, #4278, #1334, .T. ) ;
#9286 = AXIS2_PLACEMENT_3D ( 'NONE', #6628, #2471, #5809 ) ;
#9287 = CARTESIAN_POINT ( 'NONE',  ( 50.00000000000000000, -18.95499999999827878, -30.80000000000548965 ) ) ;
#9288 = EDGE_CURVE ( 'NONE', #5964, #9530, #9709, .T. ) ;
#9289 = DIRECTION ( 'NONE',  ( 0.000000000000000000, 0.000000000000000000, 1.000000000000000000 ) ) ;
#9290 = EDGE_CURVE ( 'NONE', #10389, #2877, #5538, .T. ) ;
#9291 = VERTEX_POINT ( 'NONE', #6203 ) ;
#9292 = DIRECTION ( 'NONE',  ( -1.000000000000000000, -0.000000000000000000, -0.000000000000000000 ) ) ;
#9293 = AXIS2_PLACEMENT_3D ( 'NONE', #6647, #6588, #2380 ) ;
#9294 = DIRECTION ( 'NONE',  ( 0.000000000000000000, -0.000000000000000000, -1.000000000000000000 ) ) ;
#9295 = CARTESIAN_POINT ( 'NONE',  ( 50.00000000000000000, -8.704999999996520188, 37.99999999998743050 ) ) ;
#9296 = DIRECTION ( 'NONE',  ( 0.000000000000000000, 0.000000000000000000, -1.000000000000000000 ) ) ;
#9297 = ORIENTED_EDGE ( 'NONE', *, *, #8668, .T. ) ;
#9298 = DIRECTION ( 'NONE',  ( 0.000000000000000000, 0.000000000000000000, 1.000000000000000000 ) ) ;
#9299 = EDGE_CURVE ( 'NONE', #10295, #8574, #1446, .T. ) ;
#9300 = PLANE ( 'NONE',  #6797 ) ;
#9301 = AXIS2_PLACEMENT_3D ( 'NONE', #7451, #9866, #2367 ) ;
#9302 = ORIENTED_EDGE ( 'NONE', *, *, #5397, .F. ) ;
#9303 = LINE ( 'NONE', #7809, #695 ) ;
#9304 = CARTESIAN_POINT ( 'NONE',  ( -50.00000000000000000, 13.29500000000349758, 37.49999999998743050 ) ) ;
#9305 = CARTESIAN_POINT ( 'NONE',  ( -50.00000000000000000, -0.1649999999968621012, 31.89999999998760671 ) ) ;
#9306 = AXIS2_PLACEMENT_3D ( 'NONE', #9462, #376, #9409 ) ;
#9307 = PLANE ( 'NONE',  #6830 ) ;
#9308 = ORIENTED_EDGE ( 'NONE', *, *, #4646, .T. ) ;
#9309 = ORIENTED_EDGE ( 'NONE', *, *, #6675, .F. ) ;
#9310 = CYLINDRICAL_SURFACE ( 'NONE', #4965, 0.1999999999999779732 ) ;
#9311 = DIRECTION ( 'NONE',  ( 1.000000000000000000, 0.000000000000000000, 0.000000000000000000 ) ) ;
#9312 = ORIENTED_EDGE ( 'NONE', *, *, #8793, .T. ) ;
#9313 = CIRCLE ( 'NONE', #4589, 1.000000000002540634 ) ;
#9314 = ORIENTED_EDGE ( 'NONE', *, *, #7054, .T. ) ;
#9315 = EDGE_LOOP ( 'NONE', ( #8072, #1385, #10379, #5772 ) ) ;
#9316 = FACE_OUTER_BOUND ( 'NONE', #3324, .T. ) ;
#9317 = LINE ( 'NONE', #179, #4149 ) ;
#9318 = DIRECTION ( 'NONE',  ( 1.000000000000000000, 0.000000000000000000, 0.000000000000000000 ) ) ;
#9319 = VERTEX_POINT ( 'NONE', #10690 ) ;
#9320 = FACE_OUTER_BOUND ( 'NONE', #3057, .T. ) ;
#9321 = VECTOR ( 'NONE', #10526, 1000.000000000000000 ) ;
#9322 = CARTESIAN_POINT ( 'NONE',  ( 50.00000000000000000, 17.54500000000647120, 32.99999999997638156 ) ) ;
#9323 = EDGE_CURVE ( 'NONE', #10652, #8592, #10793, .T. ) ;
#9324 = ORIENTED_EDGE ( 'NONE', *, *, #8803, .T. ) ;
#9325 = ORIENTED_EDGE ( 'NONE', *, *, #6237, .T. ) ;
#9326 = FACE_OUTER_BOUND ( 'NONE', #9988, .T. ) ;
#9327 = DIRECTION ( 'NONE',  ( 0.000000000000000000, -1.000000000000000000, 0.000000000000000000 ) ) ;
#9328 = LINE ( 'NONE', #1119, #9040 ) ;
#9329 = DIRECTION ( 'NONE',  ( -0.000000000000000000, -0.000000000000000000, -1.000000000000000000 ) ) ;
#9330 = CYLINDRICAL_SURFACE ( 'NONE', #6087, 0.2000000000002000178 ) ;
#9331 = ORIENTED_EDGE ( 'NONE', *, *, #9613, .T. ) ;
#9332 = ADVANCED_FACE ( 'NONE', ( #2427 ), #8278, .F. ) ;
#9333 = CARTESIAN_POINT ( 'NONE',  ( 50.00000000000000000, 0.05499999999625249103, -35.60000000001117826 ) ) ;
#9334 = CARTESIAN_POINT ( 'NONE',  ( -50.00000000000000000, 10.79499999999633530, -37.50000000001130473 ) ) ;
#9335 = VERTEX_POINT ( 'NONE', #8988 ) ;
#9336 = EDGE_CURVE ( 'NONE', #2815, #1929, #8606, .T. ) ;
#9337 = CARTESIAN_POINT ( 'NONE',  ( 50.00000000000000000, 3.795000000003490026, 32.69999999998740492 ) ) ;
#9338 = AXIS2_PLACEMENT_3D ( 'NONE', #220, #7712, #888 ) ;
#9339 = DIRECTION ( 'NONE',  ( -1.000000000000000000, -0.000000000000000000, -0.000000000000000000 ) ) ;
#9340 = ORIENTED_EDGE ( 'NONE', *, *, #8807, .T. ) ;
#9341 = AXIS2_PLACEMENT_3D ( 'NONE', #3884, #6558, #3220 ) ;
#9342 = DIRECTION ( 'NONE',  ( 0.000000000000000000, -0.9659258262868128941, 0.2588190451109378398 ) ) ;
#9343 = ADVANCED_FACE ( 'NONE', ( #8225 ), #4828, .F. ) ;
#9344 = CARTESIAN_POINT ( 'NONE',  ( 50.00000000000000000, -8.204999999996577031, -37.50000000001251976 ) ) ;
#9345 = FACE_OUTER_BOUND ( 'NONE', #10534, .T. ) ;
#9346 = ADVANCED_FACE ( 'NONE', ( #8329 ), #4774, .F. ) ;
#9347 = DIRECTION ( 'NONE',  ( 1.000000000000000000, 0.000000000000000000, 0.000000000000000000 ) ) ;
#9348 = EDGE_CURVE ( 'NONE', #10656, #7541, #9922, .T. ) ;
#9349 = CARTESIAN_POINT ( 'NONE',  ( 50.00000000000000000, 4.694999999996452011, -34.00000000001046629 ) ) ;
#9350 = ORIENTED_EDGE ( 'NONE', *, *, #798, .T. ) ;
#9351 = EDGE_CURVE ( 'NONE', #7055, #6597, #732, .T. ) ;
#9352 = DIRECTION ( 'NONE',  ( 0.000000000000000000, -0.000000000000000000, 1.000000000000000000 ) ) ;
#9353 = CARTESIAN_POINT ( 'NONE',  ( 50.00000000000000000, -11.70499999999652374, 35.79999999998739924 ) ) ;
#9354 = AXIS2_PLACEMENT_3D ( 'NONE', #10157, #4456, #6097 ) ;
#9355 = AXIS2_PLACEMENT_3D ( 'NONE', #9349, #2457, #4146 ) ;
#9356 = VERTEX_POINT ( 'NONE', #5767 ) ;
#9357 = DIRECTION ( 'NONE',  ( -0.000000000000000000, 0.000000000000000000, 1.000000000000000000 ) ) ;
#9358 = CARTESIAN_POINT ( 'NONE',  ( 50.00000000000000000, 3.294999999996495177, -37.50000000001130473 ) ) ;
#9359 = EDGE_CURVE ( 'NONE', #4096, #6134, #677, .T. ) ;
#9360 = PLANE ( 'NONE',  #1431 ) ;
#9361 = CARTESIAN_POINT ( 'NONE',  ( -50.00000000000000000, 17.54499999999248416, -32.00000000000801492 ) ) ;
#9362 = ORIENTED_EDGE ( 'NONE', *, *, #3111, .T. ) ;
#9363 = ORIENTED_EDGE ( 'NONE', *, *, #10149, .T. ) ;
#9364 = DIRECTION ( 'NONE',  ( -1.000000000000000000, -0.000000000000000000, -0.000000000000000000 ) ) ;
#9365 = FACE_OUTER_BOUND ( 'NONE', #8322, .T. ) ;
#9366 = ORIENTED_EDGE ( 'NONE', *, *, #513, .F. ) ;
#9367 = ORIENTED_EDGE ( 'NONE', *, *, #1955, .F. ) ;
#9368 = ORIENTED_EDGE ( 'NONE', *, *, #8723, .T. ) ;
#9369 = CARTESIAN_POINT ( 'NONE',  ( 50.00000000000000000, -10.00499999999648892, 33.99999999998737366 ) ) ;
#9370 = CARTESIAN_POINT ( 'NONE',  ( 50.00000000000000000, 17.12416154989959693, 31.42940952257266929 ) ) ;
#9371 = DIRECTION ( 'NONE',  ( -1.000000000000000000, -0.000000000000000000, -0.000000000000000000 ) ) ;
#9372 = EDGE_LOOP ( 'NONE', ( #9903, #8170, #8802, #2413 ) ) ;
#9373 = CARTESIAN_POINT ( 'NONE',  ( 50.00000000000000000, -12.50499999999843403, -32.50000000000563460 ) ) ;
#9374 = DIRECTION ( 'NONE',  ( 0.000000000000000000, 0.000000000000000000, 1.000000000000000000 ) ) ;
#9375 = ORIENTED_EDGE ( 'NONE', *, *, #7862, .F. ) ;
#9376 = AXIS2_PLACEMENT_3D ( 'NONE', #921, #2341, #10766 ) ;
#9377 = CARTESIAN_POINT ( 'NONE',  ( 50.00000000000000000, 20.64500000000346702, -27.50000000001251266 ) ) ;
#9378 = CARTESIAN_POINT ( 'NONE',  ( 50.00000000000000000, 1.794999999996438333, -35.80000000001126637 ) ) ;
#9379 = DIRECTION ( 'NONE',  ( 0.000000000000000000, -0.000000000000000000, -1.000000000000000000 ) ) ;
#9380 = PLANE ( 'NONE',  #1275 ) ;
#9381 = DIRECTION ( 'NONE',  ( -1.000000000000000000, -0.000000000000000000, -0.000000000000000000 ) ) ;
#9382 = VERTEX_POINT ( 'NONE', #7404 ) ;
#9383 = VECTOR ( 'NONE', #6367, 1000.000000000000000 ) ;
#9384 = LINE ( 'NONE', #1992, #4107 ) ;
#9385 = DIRECTION ( 'NONE',  ( 1.000000000000000000, 0.000000000000000000, 0.000000000000000000 ) ) ;
#9386 = EDGE_LOOP ( 'NONE', ( #9100, #2617, #1715, #7769 ) ) ;
#9387 = CYLINDRICAL_SURFACE ( 'NONE', #6100, 0.5000000000000559552 ) ;
#9388 = ORIENTED_EDGE ( 'NONE', *, *, #2792, .T. ) ;
#9389 = DIRECTION ( 'NONE',  ( 0.000000000000000000, 0.000000000000000000, 1.000000000000000000 ) ) ;
#9390 = DIRECTION ( 'NONE',  ( -1.000000000000000000, -0.000000000000000000, -0.000000000000000000 ) ) ;
#9391 = EDGE_CURVE ( 'NONE', #8760, #3231, #9106, .T. ) ;
#9392 = DIRECTION ( 'NONE',  ( -0.000000000000000000, -1.000000000000000000, -0.000000000000000000 ) ) ;
#9393 = AXIS2_PLACEMENT_3D ( 'NONE', #2992, #590, #6338 ) ;
#9394 = CYLINDRICAL_SURFACE ( 'NONE', #8356, 0.5000000000001323386 ) ;
#9395 = ORIENTED_EDGE ( 'NONE', *, *, #4082, .T. ) ;
#9396 = DIRECTION ( 'NONE',  ( 0.000000000000000000, 0.2588190451710054019, -0.9659258262707178799 ) ) ;
#9397 = ORIENTED_EDGE ( 'NONE', *, *, #4106, .T. ) ;
#9398 = DIRECTION ( 'NONE',  ( 0.000000000000000000, -0.9659258262706827969, 0.2588190451711367412 ) ) ;
#9399 = VECTOR ( 'NONE', #7827, 1000.000000000000000 ) ;
#9400 = DIRECTION ( 'NONE',  ( -1.000000000000000000, 0.000000000000000000, -0.000000000000000000 ) ) ;
#9401 = EDGE_CURVE ( 'NONE', #2074, #251, #9868, .T. ) ;
#9402 = VECTOR ( 'NONE', #2922, 1000.000000000000000 ) ;
#9403 = EDGE_LOOP ( 'NONE', ( #6229, #10523, #3070, #3224 ) ) ;
#9404 = EDGE_CURVE ( 'NONE', #10271, #10148, #4121, .T. ) ;
#9405 = PLANE ( 'NONE',  #10456 ) ;
#9406 = ADVANCED_FACE ( 'NONE', ( #18 ), #3355, .F. ) ;
#9407 = CARTESIAN_POINT ( 'NONE',  ( 50.00000000000000000, 4.694999999996396056, -32.20000000001077467 ) ) ;
#9408 = AXIS2_PLACEMENT_3D ( 'NONE', #2789, #9469, #1966 ) ;
#9409 = DIRECTION ( 'NONE',  ( 0.000000000000000000, 0.000000000000000000, -1.000000000000000000 ) ) ;
#9410 = CYLINDRICAL_SURFACE ( 'NONE', #8922, 0.2000000000000334843 ) ;
#9411 = CARTESIAN_POINT ( 'NONE',  ( -50.00000000000000000, -10.70499999999646690, 37.49999999998743050 ) ) ;
#9412 = ORIENTED_EDGE ( 'NONE', *, *, #1363, .T. ) ;
#9413 = AXIS2_PLACEMENT_3D ( 'NONE', #9830, #4028, #5716 ) ;
#9414 = DIRECTION ( 'NONE',  ( 0.000000000000000000, -0.000000000000000000, -1.000000000000000000 ) ) ;
#9415 = LINE ( 'NONE', #115, #1370 ) ;
#9416 = AXIS2_PLACEMENT_3D ( 'NONE', #8186, #698, #5725 ) ;
#9417 = VERTEX_POINT ( 'NONE', #9762 ) ;
#9418 = EDGE_CURVE ( 'NONE', #6788, #5403, #5702, .T. ) ;
#9419 = EDGE_LOOP ( 'NONE', ( #3786, #7762, #4464, #5931 ) ) ;
#9420 = ORIENTED_EDGE ( 'NONE', *, *, #7353, .F. ) ;
#9421 = EDGE_CURVE ( 'NONE', #9034, #7583, #4248, .T. ) ;
#9422 = VECTOR ( 'NONE', #2483, 1000.000000000000000 ) ;
#9423 = LINE ( 'NONE', #4550, #1088 ) ;
#9424 = CARTESIAN_POINT ( 'NONE',  ( 50.00000000000000000, 6.794999999996331752, -35.80000000001126637 ) ) ;
#9425 = AXIS2_PLACEMENT_3D ( 'NONE', #3921, #8075, #8954 ) ;
#9426 = DIRECTION ( 'NONE',  ( 0.000000000000000000, 0.000000000000000000, 1.000000000000000000 ) ) ;
#9427 = ORIENTED_EDGE ( 'NONE', *, *, #6928, .F. ) ;
#9428 = CARTESIAN_POINT ( 'NONE',  ( 50.00000000000000000, -13.20499999999647045, -35.80000000001248850 ) ) ;
#9429 = CARTESIAN_POINT ( 'NONE',  ( 50.00000000000000000, 19.04500000000353310, -30.80000000001248495 ) ) ;
#9430 = VECTOR ( 'NONE', #4857, 1000.000000000000000 ) ;
#9431 = EDGE_CURVE ( 'NONE', #6247, #3171, #5122, .T. ) ;
#9432 = ORIENTED_EDGE ( 'NONE', *, *, #3658, .T. ) ;
#9433 = VECTOR ( 'NONE', #10317, 1000.000000000000000 ) ;
#9434 = AXIS2_PLACEMENT_3D ( 'NONE', #7633, #145, #6819 ) ;
#9435 = DIRECTION ( 'NONE',  ( 0.000000000000000000, -0.000000000000000000, 1.000000000000000000 ) ) ;
#9436 = CARTESIAN_POINT ( 'NONE',  ( 50.00000000000000000, -6.404999999998661764, -32.70000000000561613 ) ) ;
#9437 = LINE ( 'NONE', #904, #1523 ) ;
#9438 = LINE ( 'NONE', #240, #7030 ) ;
#9439 = LINE ( 'NONE', #3631, #1554 ) ;
#9440 = EDGE_LOOP ( 'NONE', ( #8615, #5167, #3113, #1213 ) ) ;
#9441 = CARTESIAN_POINT ( 'NONE',  ( 50.00000000000000000, -12.70499999999841201, -34.00000000000547118 ) ) ;
#9442 = PLANE ( 'NONE',  #6904 ) ;
#9443 = ORIENTED_EDGE ( 'NONE', *, *, #1978, .T. ) ;
#9444 = DIRECTION ( 'NONE',  ( -1.000000000000000000, -0.000000000000000000, -0.000000000000000000 ) ) ;
#9445 = ORIENTED_EDGE ( 'NONE', *, *, #9202, .T. ) ;
#9446 = ORIENTED_EDGE ( 'NONE', *, *, #4805, .T. ) ;
#9447 = PLANE ( 'NONE',  #9229 ) ;
#9448 = LINE ( 'NONE', #6980, #7849 ) ;
#9449 = DIRECTION ( 'NONE',  ( 0.000000000000000000, 0.000000000000000000, 1.000000000000000000 ) ) ;
#9450 = DIRECTION ( 'NONE',  ( -1.000000000000000000, -0.000000000000000000, -0.000000000000000000 ) ) ;
#9451 = CIRCLE ( 'NONE', #8223, 0.1999999999999779732 ) ;
#9452 = ORIENTED_EDGE ( 'NONE', *, *, #2126, .F. ) ;
#9453 = CARTESIAN_POINT ( 'NONE',  ( 50.00000000000000000, -10.00499999999643386, 32.69999999998740492 ) ) ;
#9454 = ORIENTED_EDGE ( 'NONE', *, *, #8137, .F. ) ;
#9455 = DIRECTION ( 'NONE',  ( -1.000000000000000000, -0.000000000000000000, -0.000000000000000000 ) ) ;
#9456 = LINE ( 'NONE', #7962, #10641 ) ;
#9457 = EDGE_CURVE ( 'NONE', #10361, #8749, #5639, .T. ) ;
#9458 = AXIS2_PLACEMENT_3D ( 'NONE', #9882, #3082, #3204 ) ;
#9459 = ORIENTED_EDGE ( 'NONE', *, *, #1258, .F. ) ;
#9460 = FACE_OUTER_BOUND ( 'NONE', #5917, .T. ) ;
#9461 = DIRECTION ( 'NONE',  ( -1.000000000000000000, -0.000000000000000000, -0.000000000000000000 ) ) ;
#9462 = CARTESIAN_POINT ( 'NONE',  ( 50.00000000000000000, 11.29499999999639215, -37.50000000001130473 ) ) ;
#9463 = DIRECTION ( 'NONE',  ( 0.000000000000000000, 0.000000000000000000, -1.000000000000000000 ) ) ;
#9464 = VERTEX_POINT ( 'NONE', #4943 ) ;
#9465 = VERTEX_POINT ( 'NONE', #9208 ) ;
#9466 = VECTOR ( 'NONE', #5324, 1000.000000000000000 ) ;
#9467 = ADVANCED_FACE ( 'NONE', ( #10141 ), #7617, .F. ) ;
#9468 = DIRECTION ( 'NONE',  ( 1.000000000000000000, 0.000000000000000000, 0.000000000000000000 ) ) ;
#9469 = DIRECTION ( 'NONE',  ( -1.000000000000000000, -0.000000000000000000, -0.000000000000000000 ) ) ;
#9470 = EDGE_CURVE ( 'NONE', #10656, #2834, #8547, .T. ) ;
#9471 = ORIENTED_EDGE ( 'NONE', *, *, #5659, .F. ) ;
#9472 = VERTEX_POINT ( 'NONE', #6028 ) ;
#9473 = EDGE_LOOP ( 'NONE', ( #2023, #4961, #6645, #2974 ) ) ;
#9474 = AXIS2_PLACEMENT_3D ( 'NONE', #8756, #1270, #5260 ) ;
#9475 = EDGE_CURVE ( 'NONE', #3538, #6402, #1760, .T. ) ;
#9476 = FACE_OUTER_BOUND ( 'NONE', #3691, .T. ) ;
#9477 = LINE ( 'NONE', #10352, #6246 ) ;
#9478 = EDGE_CURVE ( 'NONE', #7285, #8471, #5264, .T. ) ;
#9479 = CARTESIAN_POINT ( 'NONE',  ( 50.00000000000000000, -13.20499999999647045, 37.49999999998743050 ) ) ;
#9480 = VERTEX_POINT ( 'NONE', #1058 ) ;
#9481 = EDGE_CURVE ( 'NONE', #7183, #2575, #6693, .T. ) ;
#9482 = DIRECTION ( 'NONE',  ( 0.000000000000000000, 0.9659258262876316836, 0.2588190451078819510 ) ) ;
#9483 = CIRCLE ( 'NONE', #2667, 0.5000000000000004441 ) ;
#9484 = ORIENTED_EDGE ( 'NONE', *, *, #2971, .F. ) ;
#9485 = ORIENTED_EDGE ( 'NONE', *, *, #1301, .T. ) ;
#9486 = CARTESIAN_POINT ( 'NONE',  ( 50.00000000000000000, 0.05499999999614146873, -31.90000000001080949 ) ) ;
#9487 = AXIS2_PLACEMENT_3D ( 'NONE', #7290, #1549, #5598 ) ;
#9488 = DIRECTION ( 'NONE',  ( -0.000000000000000000, 1.000000000000000000, 0.000000000000000000 ) ) ;
#9489 = CYLINDRICAL_SURFACE ( 'NONE', #9918, 0.1999999999999779732 ) ;
#9490 = ADVANCED_FACE ( 'NONE', ( #1923 ), #5048, .T. ) ;
#9491 = DIRECTION ( 'NONE',  ( 0.000000000000000000, -0.000000000000000000, -1.000000000000000000 ) ) ;
#9492 = CARTESIAN_POINT ( 'NONE',  ( 50.00000000000000000, 3.995000000003523510, 32.49999999998743050 ) ) ;
#9493 = VERTEX_POINT ( 'NONE', #4283 ) ;
#9494 = CARTESIAN_POINT ( 'NONE',  ( 50.00000000000000000, 12.09499999999630404, -32.70000000001061125 ) ) ;
#9495 = ORIENTED_EDGE ( 'NONE', *, *, #8474, .F. ) ;
#9496 = DIRECTION ( 'NONE',  ( -1.000000000000000000, -0.000000000000000000, -0.000000000000000000 ) ) ;
#9497 = CIRCLE ( 'NONE', #1110, 0.1999999999999779732 ) ;
#9498 = ORIENTED_EDGE ( 'NONE', *, *, #9348, .T. ) ;
#9499 = ORIENTED_EDGE ( 'NONE', *, *, #446, .T. ) ;
#9500 = LINE ( 'NONE', #5441, #9581 ) ;
#9501 = LINE ( 'NONE', #2001, #8050 ) ;
#9502 = LINE ( 'NONE', #7639, #5884 ) ;
#9503 = LINE ( 'NONE', #8512, #6954 ) ;
#9504 = EDGE_LOOP ( 'NONE', ( #6894, #8655, #1855, #3223 ) ) ;
#9505 = DIRECTION ( 'NONE',  ( 0.000000000000000000, 0.000000000000000000, 1.000000000000000000 ) ) ;
#9506 = VECTOR ( 'NONE', #3719, 1000.000000000000000 ) ;
#9507 = ORIENTED_EDGE ( 'NONE', *, *, #10608, .F. ) ;
#9508 = LINE ( 'NONE', #8575, #2873 ) ;
#9509 = CARTESIAN_POINT ( 'NONE',  ( 50.00000000000000000, 20.98642135624076488, 27.84142135622455427 ) ) ;
#9510 = ORIENTED_EDGE ( 'NONE', *, *, #3048, .T. ) ;
#9511 = LINE ( 'NONE', #2723, #4365 ) ;
#9512 = LINE ( 'NONE', #7046, #9058 ) ;
#9513 = CARTESIAN_POINT ( 'NONE',  ( 50.00000000000000000, 9.294999999996500506, -37.50000000001130473 ) ) ;
#9514 = CARTESIAN_POINT ( 'NONE',  ( 50.00000000000000000, -14.20499999999658058, -35.80000000001248850 ) ) ;
#9515 = ORIENTED_EDGE ( 'NONE', *, *, #2905, .F. ) ;
#9516 = ORIENTED_EDGE ( 'NONE', *, *, #199, .F. ) ;
#9517 = AXIS2_PLACEMENT_3D ( 'NONE', #7026, #5436, #568 ) ;
#9518 = DIRECTION ( 'NONE',  ( 1.000000000000000000, 0.000000000000000000, 0.000000000000000000 ) ) ;
#9519 = AXIS2_PLACEMENT_3D ( 'NONE', #6384, #8836, #6434 ) ;
#9520 = CARTESIAN_POINT ( 'NONE',  ( 50.00000000000000000, 0.05500000000324689609, 32.99999999998737366 ) ) ;
#9521 = ORIENTED_EDGE ( 'NONE', *, *, #2124, .F. ) ;
#9522 = VERTEX_POINT ( 'NONE', #4228 ) ;
#9523 = ORIENTED_EDGE ( 'NONE', *, *, #10479, .T. ) ;
#9524 = EDGE_CURVE ( 'NONE', #9284, #8984, #6798, .T. ) ;
#9525 = CIRCLE ( 'NONE', #3055, 0.4999999999999622524 ) ;
#9526 = LINE ( 'NONE', #7009, #7024 ) ;
#9527 = EDGE_CURVE ( 'NONE', #7554, #6399, #7722, .T. ) ;
#9528 = CARTESIAN_POINT ( 'NONE',  ( 50.00000000000000000, 6.795000000003326157, 35.79999999998739924 ) ) ;
#9529 = DIRECTION ( 'NONE',  ( -1.000000000000000000, -0.000000000000000000, -0.000000000000000000 ) ) ;
#9530 = VERTEX_POINT ( 'NONE', #8490 ) ;
#9531 = DIRECTION ( 'NONE',  ( 0.000000000000000000, 1.000000000000000000, 0.000000000000000000 ) ) ;
#9532 = CARTESIAN_POINT ( 'NONE',  ( 50.00000000000000000, -8.704999999996520188, -37.50000000001251976 ) ) ;
#9533 = ORIENTED_EDGE ( 'NONE', *, *, #9020, .T. ) ;
#9534 = ADVANCED_FACE ( 'NONE', ( #2687 ), #5100, .F. ) ;
#9535 = VECTOR ( 'NONE', #5169, 1000.000000000000000 ) ;
#9536 = VERTEX_POINT ( 'NONE', #229 ) ;
#9537 = EDGE_CURVE ( 'NONE', #10056, #4289, #8437, .T. ) ;
#9538 = EDGE_CURVE ( 'NONE', #3725, #696, #4423, .T. ) ;
#9539 = LINE ( 'NONE', #9707, #9466 ) ;
#9540 = EDGE_CURVE ( 'NONE', #7105, #3747, #279, .T. ) ;
#9541 = CARTESIAN_POINT ( 'NONE',  ( -50.00000000000000000, -20.89642135619640584, 27.84142135618738934 ) ) ;
#9542 = CARTESIAN_POINT ( 'NONE',  ( -50.00000000000000000, -3.704999999996516635, 37.49999999998743050 ) ) ;
#9543 = CYLINDRICAL_SURFACE ( 'NONE', #4003, 0.1999999999999779732 ) ;
#9544 = ORIENTED_EDGE ( 'NONE', *, *, #3720, .F. ) ;
#9545 = CARTESIAN_POINT ( 'NONE',  ( 50.00000000000000000, 4.194999999996396056, -32.20000000001077467 ) ) ;
#9546 = ORIENTED_EDGE ( 'NONE', *, *, #5200, .T. ) ;
#9547 = CARTESIAN_POINT ( 'NONE',  ( 50.00000000000000000, 6.795000000003437179, 37.49999999998743050 ) ) ;
#9548 = EDGE_LOOP ( 'NONE', ( #7895, #764, #8853, #6507 ) ) ;
#9549 = EDGE_CURVE ( 'NONE', #5771, #9382, #3408, .T. ) ;
#9550 = ORIENTED_EDGE ( 'NONE', *, *, #1195, .T. ) ;
#9551 = ADVANCED_FACE ( 'NONE', ( #5155 ), #4337, .F. ) ;
#9552 = CARTESIAN_POINT ( 'NONE',  ( 50.00000000000000000, -6.704999999996519300, 37.49999999998743050 ) ) ;
#9553 = CARTESIAN_POINT ( 'NONE',  ( 50.00000000000000000, -4.604999999996528537, 33.99999999998737366 ) ) ;
#9554 = DIRECTION ( 'NONE',  ( 0.000000000000000000, 0.000000000000000000, 1.000000000000000000 ) ) ;
#9555 = VECTOR ( 'NONE', #97, 1000.000000000000000 ) ;
#9556 = LINE ( 'NONE', #9224, #9583 ) ;
#9557 = ORIENTED_EDGE ( 'NONE', *, *, #452, .F. ) ;
#9558 = DIRECTION ( 'NONE',  ( -1.000000000000000000, 0.000000000000000000, -0.000000000000000000 ) ) ;
#9559 = ORIENTED_EDGE ( 'NONE', *, *, #2137, .F. ) ;
#9560 = DIRECTION ( 'NONE',  ( -1.000000000000000000, -0.000000000000000000, -0.000000000000000000 ) ) ;
#9561 = DIRECTION ( 'NONE',  ( -1.000000000000000000, -0.000000000000000000, -0.000000000000000000 ) ) ;
#9562 = CIRCLE ( 'NONE', #2567, 0.5000000000000004441 ) ;
#9563 = VERTEX_POINT ( 'NONE', #6743 ) ;
#9564 = DIRECTION ( 'NONE',  ( 1.000000000000000000, 0.000000000000000000, 0.000000000000000000 ) ) ;
#9565 = VECTOR ( 'NONE', #2281, 1000.000000000000000 ) ;
#9566 = CARTESIAN_POINT ( 'NONE',  ( -50.00000000000000000, -11.80499999999845606, -32.70000000000561613 ) ) ;
#9567 = LINE ( 'NONE', #3879, #2946 ) ;
#9568 = DIRECTION ( 'NONE',  ( 1.000000000000000000, 0.000000000000000000, 0.000000000000000000 ) ) ;
#9569 = AXIS2_PLACEMENT_3D ( 'NONE', #5154, #6898, #1810 ) ;
#9570 = VECTOR ( 'NONE', #5064, 1000.000000000000000 ) ;
#9571 = CARTESIAN_POINT ( 'NONE',  ( 50.00000000000000000, -7.104999999998806715, -32.70000000000561613 ) ) ;
#9572 = VERTEX_POINT ( 'NONE', #6848 ) ;
#9573 = VERTEX_POINT ( 'NONE', #10243 ) ;
#9574 = LINE ( 'NONE', #434, #5663 ) ;
#9575 = AXIS2_PLACEMENT_3D ( 'NONE', #4899, #2379, #687 ) ;
#9576 = LINE ( 'NONE', #8851, #3293 ) ;
#9577 = AXIS2_PLACEMENT_3D ( 'NONE', #9429, #1926, #10090 ) ;
#9578 = ORIENTED_EDGE ( 'NONE', *, *, #4935, .F. ) ;
#9579 = ORIENTED_EDGE ( 'NONE', *, *, #6665, .F. ) ;
#9580 = VERTEX_POINT ( 'NONE', #2740 ) ;
#9581 = VECTOR ( 'NONE', #8777, 1000.000000000000000 ) ;
#9582 = LINE ( 'NONE', #3777, #8251 ) ;
#9583 = VECTOR ( 'NONE', #7522, 1000.000000000000000 ) ;
#9584 = CARTESIAN_POINT ( 'NONE',  ( 50.00000000000000000, 13.29500000000349758, 37.49999999998743050 ) ) ;
#9585 = CARTESIAN_POINT ( 'NONE',  ( 50.00000000000000000, -16.20499999999647400, -37.50000000001251976 ) ) ;
#9586 = ORIENTED_EDGE ( 'NONE', *, *, #4933, .F. ) ;
#9587 = CARTESIAN_POINT ( 'NONE',  ( 50.00000000000000000, -16.20499999999647400, 37.99999999998738076 ) ) ;
#9588 = VECTOR ( 'NONE', #2524, 1000.000000000000000 ) ;
#9589 = PLANE ( 'NONE',  #1746 ) ;
#9590 = VERTEX_POINT ( 'NONE', #6081 ) ;
#9591 = AXIS2_PLACEMENT_3D ( 'NONE', #659, #8915, #3173 ) ;
#9592 = EDGE_CURVE ( 'NONE', #8528, #8912, #6690, .T. ) ;
#9593 = ORIENTED_EDGE ( 'NONE', *, *, #4253, .T. ) ;
#9594 = VECTOR ( 'NONE', #2166, 1000.000000000000000 ) ;
#9595 = LINE ( 'NONE', #1986, #3352 ) ;
#9596 = CARTESIAN_POINT ( 'NONE',  ( -50.00000000000000000, -6.204999999996574367, 37.49999999998743050 ) ) ;
#9597 = DIRECTION ( 'NONE',  ( 0.000000000000000000, 1.000000000000000000, 0.000000000000000000 ) ) ;
#9598 = CARTESIAN_POINT ( 'NONE',  ( -50.00000000000000000, 0.05500000000346894069, 34.49999999998743050 ) ) ;
#9599 = ORIENTED_EDGE ( 'NONE', *, *, #3930, .F. ) ;
#9600 = AXIS2_PLACEMENT_3D ( 'NONE', #7866, #1254, #3818 ) ;
#9601 = DIRECTION ( 'NONE',  ( -0.000000000000000000, 0.000000000000000000, 1.000000000000000000 ) ) ;
#9602 = ORIENTED_EDGE ( 'NONE', *, *, #1129, .F. ) ;
#9603 = ADVANCED_FACE ( 'NONE', ( #6189 ), #7012, .F. ) ;
#9604 = VECTOR ( 'NONE', #8369, 1000.000000000000000 ) ;
#9605 = CARTESIAN_POINT ( 'NONE',  ( 50.00000000000000000, -3.204999999996571702, 35.79999999998739924 ) ) ;
#9606 = EDGE_CURVE ( 'NONE', #1122, #6755, #9642, .T. ) ;
#9607 = EDGE_LOOP ( 'NONE', ( #1767, #2351, #8420, #8726 ) ) ;
#9608 = AXIS2_PLACEMENT_3D ( 'NONE', #9287, #8349, #9124 ) ;
#9609 = ORIENTED_EDGE ( 'NONE', *, *, #2479, .T. ) ;
#9610 = LINE ( 'NONE', #7087, #9757 ) ;
#9611 = DIRECTION ( 'NONE',  ( 0.000000000000000000, 0.000000000000000000, 1.000000000000000000 ) ) ;
#9612 = DIRECTION ( 'NONE',  ( 1.000000000000000000, 0.000000000000000000, 0.000000000000000000 ) ) ;
#9613 = EDGE_CURVE ( 'NONE', #826, #5698, #10533, .T. ) ;
#9614 = DIRECTION ( 'NONE',  ( 0.000000000000000000, -1.000000000000000000, 0.000000000000000000 ) ) ;
#9615 = ORIENTED_EDGE ( 'NONE', *, *, #247, .F. ) ;
#9616 = ADVANCED_FACE ( 'NONE', ( #2028 ), #6304, .F. ) ;
#9617 = CARTESIAN_POINT ( 'NONE',  ( 50.00000000000000000, -20.95499999999650242, 34.99999999998737366 ) ) ;
#9618 = ORIENTED_EDGE ( 'NONE', *, *, #10807, .T. ) ;
#9619 = ADVANCED_FACE ( 'NONE', ( #1158 ), #10461, .T. ) ;
#9620 = CARTESIAN_POINT ( 'NONE',  ( -50.00000000000000000, -5.704999999996629434, 37.49999999998743050 ) ) ;
#9621 = DIRECTION ( 'NONE',  ( -1.000000000000000000, -0.000000000000000000, -0.000000000000000000 ) ) ;
#9622 = ORIENTED_EDGE ( 'NONE', *, *, #6249, .F. ) ;
#9623 = VERTEX_POINT ( 'NONE', #3678 ) ;
#9624 = CARTESIAN_POINT ( 'NONE',  ( -50.00000000000000000, -4.204999999996572591, -35.80000000001248850 ) ) ;
#9625 = AXIS2_PLACEMENT_3D ( 'NONE', #8846, #5570, #10556 ) ;
#9626 = LINE ( 'NONE', #480, #6456 ) ;
#9627 = CARTESIAN_POINT ( 'NONE',  ( -50.00000000000000000, -3.704999999996516635, -37.50000000001251976 ) ) ;
#9628 = CARTESIAN_POINT ( 'NONE',  ( 50.00000000000000000, 9.194999999996177564, -34.00000000001046629 ) ) ;
#9629 = EDGE_CURVE ( 'NONE', #10206, #2892, #3010, .T. ) ;
#9630 = DIRECTION ( 'NONE',  ( -1.000000000000000000, -0.000000000000000000, -0.000000000000000000 ) ) ;
#9631 = ORIENTED_EDGE ( 'NONE', *, *, #9606, .T. ) ;
#9632 = ORIENTED_EDGE ( 'NONE', *, *, #3726, .T. ) ;
#9633 = CARTESIAN_POINT ( 'NONE',  ( 50.00000000000000000, -1.704999999996625881, 37.49999999998743050 ) ) ;
#9634 = CARTESIAN_POINT ( 'NONE',  ( -50.00000000000000000, 3.795000000003434515, 37.49999999998743050 ) ) ;
#9635 = AXIS2_PLACEMENT_3D ( 'NONE', #9378, #8445, #134 ) ;
#9636 = VERTEX_POINT ( 'NONE', #5365 ) ;
#9637 = EDGE_LOOP ( 'NONE', ( #1302, #10454, #9850, #3807 ) ) ;
#9638 = VERTEX_POINT ( 'NONE', #5312 ) ;
#9639 = CARTESIAN_POINT ( 'NONE',  ( 50.00000000000000000, 12.09499999999630404, -32.70000000001061125 ) ) ;
#9640 = CIRCLE ( 'NONE', #2813, 0.1999999999999779732 ) ;
#9641 = FACE_OUTER_BOUND ( 'NONE', #2625, .T. ) ;
#9642 = LINE ( 'NONE', #6358, #7743 ) ;
#9643 = ORIENTED_EDGE ( 'NONE', *, *, #6912, .T. ) ;
#9644 = CARTESIAN_POINT ( 'NONE',  ( -50.00000000000000000, -8.704999999996520188, -37.50000000001251976 ) ) ;
#9645 = DIRECTION ( 'NONE',  ( 0.000000000000000000, 0.000000000000000000, -1.000000000000000000 ) ) ;
#9646 = ORIENTED_EDGE ( 'NONE', *, *, #9863, .F. ) ;
#9647 = VECTOR ( 'NONE', #5098, 1000.000000000000000 ) ;
#9648 = ORIENTED_EDGE ( 'NONE', *, *, #5044, .T. ) ;
#9649 = CARTESIAN_POINT ( 'NONE',  ( 50.00000000000000000, 2.154999999996354276, -32.90000000001091962 ) ) ;
#9650 = CARTESIAN_POINT ( 'NONE',  ( 50.00000000000000000, 6.694999999996342765, -32.70000000001061125 ) ) ;
#9651 = DIRECTION ( 'NONE',  ( 0.000000000000000000, -0.000000000000000000, 1.000000000000000000 ) ) ;
#9652 = CARTESIAN_POINT ( 'NONE',  ( -50.00000000000000000, 3.295000000003489582, 35.79999999998739924 ) ) ;
#9653 = VECTOR ( 'NONE', #1321, 1000.000000000000000 ) ;
#9654 = EDGE_CURVE ( 'NONE', #5586, #1644, #2193, .T. ) ;
#9655 = LINE ( 'NONE', #8003, #7072 ) ;
#9656 = VERTEX_POINT ( 'NONE', #7064 ) ;
#9657 = VERTEX_POINT ( 'NONE', #1219 ) ;
#9658 = VERTEX_POINT ( 'NONE', #1377 ) ;
#9659 = AXIS2_PLACEMENT_3D ( 'NONE', #3664, #1092, #5352 ) ;
#9660 = EDGE_LOOP ( 'NONE', ( #5591, #765, #6018, #6915 ) ) ;
#9661 = CARTESIAN_POINT ( 'NONE',  ( 50.00000000000000000, 9.295000000003494023, 37.49999999998743050 ) ) ;
#9662 = FACE_OUTER_BOUND ( 'NONE', #8958, .T. ) ;
#9663 = ADVANCED_FACE ( 'NONE', ( #6241 ), #4552, .F. ) ;
#9664 = CYLINDRICAL_SURFACE ( 'NONE', #4653, 0.5000000000000004441 ) ;
#9665 = CARTESIAN_POINT ( 'NONE',  ( 50.00000000000000000, -17.95499999999650242, -35.00000000001246292 ) ) ;
#9666 = ORIENTED_EDGE ( 'NONE', *, *, #3788, .F. ) ;
#9667 = EDGE_CURVE ( 'NONE', #8709, #3199, #2957, .T. ) ;
#9668 = LINE ( 'NONE', #8834, #5340 ) ;
#9669 = ORIENTED_EDGE ( 'NONE', *, *, #10272, .F. ) ;
#9670 = VECTOR ( 'NONE', #6641, 1000.000000000000000 ) ;
#9671 = CARTESIAN_POINT ( 'NONE',  ( 50.00000000000000000, -6.704999999996519300, -37.50000000001251976 ) ) ;
#9672 = CARTESIAN_POINT ( 'NONE',  ( 50.00000000000000000, -3.204999999996571702, -37.50000000001251976 ) ) ;
#9673 = ORIENTED_EDGE ( 'NONE', *, *, #4937, .T. ) ;
#9674 = EDGE_CURVE ( 'NONE', #104, #4886, #9497, .T. ) ;
#9675 = ORIENTED_EDGE ( 'NONE', *, *, #1068, .F. ) ;
#9676 = EDGE_CURVE ( 'NONE', #7390, #3164, #8759, .T. ) ;
#9677 = DIRECTION ( 'NONE',  ( 1.000000000000000000, 0.000000000000000000, 0.000000000000000000 ) ) ;
#9678 = CARTESIAN_POINT ( 'NONE',  ( 50.00000000000000000, -8.204999999996577031, -37.50000000001251976 ) ) ;
#9679 = EDGE_CURVE ( 'NONE', #5135, #1813, #7175, .T. ) ;
#9680 = CARTESIAN_POINT ( 'NONE',  ( 50.00000000000000000, 6.794999999996331752, -37.50000000001130473 ) ) ;
#9681 = CARTESIAN_POINT ( 'NONE',  ( 50.00000000000000000, -14.20499999999658058, 35.79999999998739924 ) ) ;
#9682 = EDGE_CURVE ( 'NONE', #2519, #3017, #7934, .T. ) ;
#9683 = DIRECTION ( 'NONE',  ( 0.000000000000000000, 0.000000000000000000, 1.000000000000000000 ) ) ;
#9684 = DIRECTION ( 'NONE',  ( 1.000000000000000000, 0.000000000000000000, 0.000000000000000000 ) ) ;
#9685 = ORIENTED_EDGE ( 'NONE', *, *, #4920, .T. ) ;
#9686 = CARTESIAN_POINT ( 'NONE',  ( 50.00000000000000000, 0.03500000000122849286, -35.60000000000562892 ) ) ;
#9687 = DIRECTION ( 'NONE',  ( 0.000000000000000000, 0.000000000000000000, -1.000000000000000000 ) ) ;
#9688 = ORIENTED_EDGE ( 'NONE', *, *, #2632, .T. ) ;
#9689 = AXIS2_PLACEMENT_3D ( 'NONE', #8924, #1428, #8099 ) ;
#9690 = ORIENTED_EDGE ( 'NONE', *, *, #6659, .F. ) ;
#9691 = ORIENTED_EDGE ( 'NONE', *, *, #4843, .T. ) ;
#9692 = EDGE_CURVE ( 'NONE', #3308, #8385, #7569, .T. ) ;
#9693 = EDGE_CURVE ( 'NONE', #5501, #8637, #3838, .T. ) ;
#9694 = CARTESIAN_POINT ( 'NONE',  ( -50.00000000000000000, 14.29500000000349935, 37.49999999998743050 ) ) ;
#9695 = DIRECTION ( 'NONE',  ( -0.000000000000000000, -1.000000000000000000, -0.000000000000000000 ) ) ;
#9696 = CARTESIAN_POINT ( 'NONE',  ( 50.00000000000000000, 1.495000000003576801, 31.69999999998746176 ) ) ;
#9697 = CIRCLE ( 'NONE', #3044, 0.1999999999998981759 ) ;
#9698 = DIRECTION ( 'NONE',  ( -0.000000000000000000, -0.7071067811865474617, 0.7071067811865474617 ) ) ;
#9699 = ORIENTED_EDGE ( 'NONE', *, *, #4256, .T. ) ;
#9700 = DIRECTION ( 'NONE',  ( 0.000000000000000000, 0.000000000000000000, -1.000000000000000000 ) ) ;
#9701 = FACE_OUTER_BOUND ( 'NONE', #5989, .T. ) ;
#9702 = FACE_OUTER_BOUND ( 'NONE', #5349, .T. ) ;
#9703 = ORIENTED_EDGE ( 'NONE', *, *, #5653, .T. ) ;
#9704 = ORIENTED_EDGE ( 'NONE', *, *, #10079, .T. ) ;
#9705 = VECTOR ( 'NONE', #5874, 1000.000000000000000 ) ;
#9706 = VECTOR ( 'NONE', #5842, 1000.000000000000000 ) ;
#9707 = CARTESIAN_POINT ( 'NONE',  ( -50.00000000000000000, 0.03500000000122849286, -34.50000000000563460 ) ) ;
#9708 = CARTESIAN_POINT ( 'NONE',  ( 50.00000000000000000, -6.604999999998750759, -32.50000000000563460 ) ) ;
#9709 = LINE ( 'NONE', #2201, #8785 ) ;
#9710 = CARTESIAN_POINT ( 'NONE',  ( 50.00000000000000000, 3.295000000003489582, 37.49999999998743050 ) ) ;
#9711 = FACE_OUTER_BOUND ( 'NONE', #4288, .T. ) ;
#9712 = ORIENTED_EDGE ( 'NONE', *, *, #6855, .F. ) ;
#9713 = ORIENTED_EDGE ( 'NONE', *, *, #1650, .F. ) ;
#9714 = ORIENTED_EDGE ( 'NONE', *, *, #8176, .F. ) ;
#9715 = ORIENTED_EDGE ( 'NONE', *, *, #7332, .T. ) ;
#9716 = CYLINDRICAL_SURFACE ( 'NONE', #131, 0.2000000000000889955 ) ;
#9717 = CARTESIAN_POINT ( 'NONE',  ( 50.00000000000000000, -1.904999999998824300, -32.20000000000566587 ) ) ;
#9718 = CARTESIAN_POINT ( 'NONE',  ( 50.00000000000000000, 14.34499999999616549, -32.79417527061067972 ) ) ;
#9719 = CARTESIAN_POINT ( 'NONE',  ( 50.00000000000000000, 7.195000000003504148, 32.49999999998743050 ) ) ;
#9720 = VERTEX_POINT ( 'NONE', #9479 ) ;
#9721 = CARTESIAN_POINT ( 'NONE',  ( -50.00000000000000000, 18.04500000000352955, 37.99999999998738076 ) ) ;
#9722 = EDGE_LOOP ( 'NONE', ( #6739, #10420, #746, #7703 ) ) ;
#9723 = LINE ( 'NONE', #4033, #1653 ) ;
#9724 = CARTESIAN_POINT ( 'NONE',  ( -50.00000000000000000, -3.704999999998848104, -32.70000000000561613 ) ) ;
#9725 = VERTEX_POINT ( 'NONE', #10302 ) ;
#9726 = ADVANCED_FACE ( 'NONE', ( #5527 ), #2798, .T. ) ;
#9727 = VERTEX_POINT ( 'NONE', #4930 ) ;
#9728 = AXIS2_PLACEMENT_3D ( 'NONE', #2614, #1789, #6048 ) ;
#9729 = LINE ( 'NONE', #2222, #3448 ) ;
#9730 = FACE_OUTER_BOUND ( 'NONE', #3922, .T. ) ;
#9731 = DIRECTION ( 'NONE',  ( 0.000000000000000000, -0.000000000000000000, 1.000000000000000000 ) ) ;
#9732 = CARTESIAN_POINT ( 'NONE',  ( -50.00000000000000000, -14.25499999999646406, 33.99999999998737366 ) ) ;
#9733 = CARTESIAN_POINT ( 'NONE',  ( 50.00000000000000000, -3.904999999998937099, -32.50000000000563460 ) ) ;
#9734 = ORIENTED_EDGE ( 'NONE', *, *, #3778, .F. ) ;
#9735 = LINE ( 'NONE', #49, #10736 ) ;
#9736 = AXIS2_PLACEMENT_3D ( 'NONE', #402, #6254, #3686 ) ;
#9737 = EDGE_CURVE ( 'NONE', #1528, #9164, #3122, .T. ) ;
#9738 = DIRECTION ( 'NONE',  ( 0.000000000000000000, 0.000000000000000000, 1.000000000000000000 ) ) ;
#9739 = ADVANCED_FACE ( 'NONE', ( #3946 ), #8919, .F. ) ;
#9740 = ORIENTED_EDGE ( 'NONE', *, *, #1397, .T. ) ;
#9741 = ORIENTED_EDGE ( 'NONE', *, *, #1837, .F. ) ;
#9742 = EDGE_CURVE ( 'NONE', #8385, #2934, #10676, .T. ) ;
#9743 = ORIENTED_EDGE ( 'NONE', *, *, #10412, .F. ) ;
#9744 = VECTOR ( 'NONE', #6474, 1000.000000000000000 ) ;
#9745 = DIRECTION ( 'NONE',  ( 0.000000000000000000, 0.000000000000000000, 1.000000000000000000 ) ) ;
#9746 = AXIS2_PLACEMENT_3D ( 'NONE', #2331, #2547, #4956 ) ;
#9747 = CARTESIAN_POINT ( 'NONE',  ( 50.00000000000000000, -13.20499999999647045, -37.50000000001251976 ) ) ;
#9748 = FACE_OUTER_BOUND ( 'NONE', #3249, .T. ) ;
#9749 = CARTESIAN_POINT ( 'NONE',  ( -50.00000000000000000, -7.304999999996675264, 33.99999999998737366 ) ) ;
#9750 = ORIENTED_EDGE ( 'NONE', *, *, #350, .T. ) ;
#9751 = AXIS2_PLACEMENT_3D ( 'NONE', #4020, #10693, #8331 ) ;
#9752 = FACE_OUTER_BOUND ( 'NONE', #4868, .T. ) ;
#9753 = EDGE_CURVE ( 'NONE', #4125, #1419, #5754, .T. ) ;
#9754 = DIRECTION ( 'NONE',  ( -1.000000000000000000, -0.000000000000000000, -0.000000000000000000 ) ) ;
#9755 = ORIENTED_EDGE ( 'NONE', *, *, #8277, .T. ) ;
#9756 = ORIENTED_EDGE ( 'NONE', *, *, #7332, .F. ) ;
#9757 = VECTOR ( 'NONE', #1184, 1000.000000000000000 ) ;
#9758 = VECTOR ( 'NONE', #8343, 1000.000000000000000 ) ;
#9759 = LINE ( 'NONE', #10738, #10695 ) ;
#9760 = CARTESIAN_POINT ( 'NONE',  ( -50.00000000000000000, -9.104999999998586446, -34.00000000000547118 ) ) ;
#9761 = AXIS2_PLACEMENT_3D ( 'NONE', #2838, #2183, #5517 ) ;
#9762 = CARTESIAN_POINT ( 'NONE',  ( 50.00000000000000000, -11.80499999999845606, -32.70000000000561613 ) ) ;
#9763 = CARTESIAN_POINT ( 'NONE',  ( -50.00000000000000000, 21.04500000001618787, -34.99999999999980815 ) ) ;
#9764 = CARTESIAN_POINT ( 'NONE',  ( 50.00000000000000000, 1.794999999996438333, -37.50000000001130473 ) ) ;
#9765 = EDGE_CURVE ( 'NONE', #251, #5630, #9911, .T. ) ;
#9766 = ORIENTED_EDGE ( 'NONE', *, *, #1634, .T. ) ;
#9767 = CIRCLE ( 'NONE', #1723, 0.1999999999999779732 ) ;
#9768 = VECTOR ( 'NONE', #5703, 1000.000000000000000 ) ;
#9769 = VERTEX_POINT ( 'NONE', #7338 ) ;
#9771 = EDGE_LOOP ( 'NONE', ( #7086, #10159, #3232, #2761 ) ) ;
#9770 = VECTOR ( 'NONE', #807, 1000.000000000000000 ) ;
#9772 = ORIENTED_EDGE ( 'NONE', *, *, #10746, .T. ) ;
#9773 = LINE ( 'NONE', #2270, #9927 ) ;
#9774 = CARTESIAN_POINT ( 'NONE',  ( -50.00000000000000000, 1.795000000003432739, 35.79999999998739924 ) ) ;
#9775 = VECTOR ( 'NONE', #10245, 1000.000000000000000 ) ;
#9776 = DIRECTION ( 'NONE',  ( 0.000000000000000000, 0.000000000000000000, -1.000000000000000000 ) ) ;
#9777 = FACE_OUTER_BOUND ( 'NONE', #2629, .T. ) ;
#9778 = ORIENTED_EDGE ( 'NONE', *, *, #8077, .T. ) ;
#9779 = CARTESIAN_POINT ( 'NONE',  ( 50.00000000000000000, 6.295000000003492246, 37.49999999998743050 ) ) ;
#9780 = VERTEX_POINT ( 'NONE', #8975 ) ;
#9781 = CARTESIAN_POINT ( 'NONE',  ( -50.00000000000000000, -10.00499999999848733, -32.70000000000561613 ) ) ;
#9782 = CARTESIAN_POINT ( 'NONE',  ( 50.00000000000000000, 12.59500000000346454, 32.69999999998740492 ) ) ;
#9783 = ORIENTED_EDGE ( 'NONE', *, *, #6475, .F. ) ;
#9784 = VERTEX_POINT ( 'NONE', #3065 ) ;
#9785 = CARTESIAN_POINT ( 'NONE',  ( 50.00000000000000000, -9.204999999996577031, 35.79999999998739924 ) ) ;
#9786 = PLANE ( 'NONE',  #8022 ) ;
#9787 = CARTESIAN_POINT ( 'NONE',  ( 50.00000000000000000, -17.03416154989456643, -31.42940952259099063 ) ) ;
#9788 = DIRECTION ( 'NONE',  ( 1.000000000000000000, 0.000000000000000000, 0.000000000000000000 ) ) ;
#9789 = CARTESIAN_POINT ( 'NONE',  ( 50.00000000000000000, -8.704999999996520188, 37.49999999998743050 ) ) ;
#9790 = EDGE_LOOP ( 'NONE', ( #3170, #5579, #2944, #4869 ) ) ;
#9791 = ADVANCED_FACE ( 'NONE', ( #608 ), #10569, .T. ) ;
#9792 = CARTESIAN_POINT ( 'NONE',  ( 50.00000000000000000, 7.395000000003482121, 33.99999999998737366 ) ) ;
#9793 = FACE_OUTER_BOUND ( 'NONE', #6317, .T. ) ;
#9794 = ORIENTED_EDGE ( 'NONE', *, *, #10807, .F. ) ;
#9795 = EDGE_LOOP ( 'NONE', ( #1126, #1612, #3503, #7890 ) ) ;
#9796 = EDGE_LOOP ( 'NONE', ( #3776, #10182, #4879, #8035 ) ) ;
#9797 = LINE ( 'NONE', #6964, #6086 ) ;
#9798 = CARTESIAN_POINT ( 'NONE',  ( -50.00000000000000000, 10.79500000000333060, 37.49999999998743050 ) ) ;
#9799 = ADVANCED_FACE ( 'NONE', ( #8265 ), #6407, .F. ) ;
#9800 = DIRECTION ( 'NONE',  ( 0.000000000000000000, 0.000000000000000000, -1.000000000000000000 ) ) ;
#9801 = DIRECTION ( 'NONE',  ( 0.000000000000000000, 0.000000000000000000, 1.000000000000000000 ) ) ;
#9802 = ORIENTED_EDGE ( 'NONE', *, *, #3341, .T. ) ;
#9803 = ORIENTED_EDGE ( 'NONE', *, *, #3855, .F. ) ;
#9804 = CIRCLE ( 'NONE', #7177, 0.5000000000000004441 ) ;
#9805 = EDGE_CURVE ( 'NONE', #3882, #10371, #7442, .T. ) ;
#9806 = CARTESIAN_POINT ( 'NONE',  ( 50.00000000000000000, -8.204999999996577031, -35.80000000001248850 ) ) ;
#9807 = LINE ( 'NONE', #7446, #3145 ) ;
#9808 = ORIENTED_EDGE ( 'NONE', *, *, #4666, .T. ) ;
#9809 = VERTEX_POINT ( 'NONE', #2300 ) ;
#9810 = EDGE_CURVE ( 'NONE', #5118, #6447, #8152, .T. ) ;
#9811 = AXIS2_PLACEMENT_3D ( 'NONE', #6810, #1932, #9277 ) ;
#9812 = EDGE_CURVE ( 'NONE', #2970, #4090, #2972, .T. ) ;
#9813 = DIRECTION ( 'NONE',  ( -1.000000000000000000, 0.000000000000000000, -0.000000000000000000 ) ) ;
#9814 = EDGE_CURVE ( 'NONE', #8231, #2519, #9855, .T. ) ;
#9815 = CARTESIAN_POINT ( 'NONE',  ( -50.00000000000000000, -15.70499999999652729, 37.49999999998743050 ) ) ;
#9816 = DIRECTION ( 'NONE',  ( -1.000000000000000000, -0.000000000000000000, -0.000000000000000000 ) ) ;
#9817 = DIRECTION ( 'NONE',  ( 0.000000000000000000, 0.000000000000000000, -1.000000000000000000 ) ) ;
#9818 = EDGE_CURVE ( 'NONE', #9335, #10206, #5693, .T. ) ;
#9819 = LINE ( 'NONE', #2317, #9705 ) ;
#9820 = ORIENTED_EDGE ( 'NONE', *, *, #10597, .F. ) ;
#9821 = AXIS2_PLACEMENT_3D ( 'NONE', #784, #7401, #6575 ) ;
#9822 = VERTEX_POINT ( 'NONE', #4878 ) ;
#9823 = ORIENTED_EDGE ( 'NONE', *, *, #9150, .T. ) ;
#9824 = ORIENTED_EDGE ( 'NONE', *, *, #10021, .F. ) ;
#9825 = ADVANCED_FACE ( 'NONE', ( #8214 ), #4056, .F. ) ;
#9826 = FACE_OUTER_BOUND ( 'NONE', #10188, .T. ) ;
#9827 = VECTOR ( 'NONE', #9695, 1000.000000000000000 ) ;
#9828 = CARTESIAN_POINT ( 'NONE',  ( -50.00000000000000000, 4.694999999996452011, -34.00000000001046629 ) ) ;
#9829 = CARTESIAN_POINT ( 'NONE',  ( -50.00000000000000000, -11.70499999999652374, 37.49999999998743050 ) ) ;
#9830 = CARTESIAN_POINT ( 'NONE',  ( 50.00000000000000000, -13.20499999999647045, 37.49999999998743050 ) ) ;
#9831 = ORIENTED_EDGE ( 'NONE', *, *, #10495, .T. ) ;
#9832 = DIRECTION ( 'NONE',  ( -1.000000000000000000, -0.000000000000000000, -0.000000000000000000 ) ) ;
#9833 = ORIENTED_EDGE ( 'NONE', *, *, #5321, .T. ) ;
#9834 = DIRECTION ( 'NONE',  ( -0.000000000000000000, 1.000000000000000000, 0.000000000000000000 ) ) ;
#9835 = LINE ( 'NONE', #5671, #3652 ) ;
#9836 = VECTOR ( 'NONE', #8498, 1000.000000000000000 ) ;
#9837 = ORIENTED_EDGE ( 'NONE', *, *, #720, .T. ) ;
#9838 = ORIENTED_EDGE ( 'NONE', *, *, #8200, .F. ) ;
#9839 = CARTESIAN_POINT ( 'NONE',  ( 50.00000000000000000, 0.05500000000346894069, 35.59999999998741771 ) ) ;
#9840 = CARTESIAN_POINT ( 'NONE',  ( 50.00000000000000000, 0.2550000000033358916, 31.89999999998738289 ) ) ;
#9841 = DIRECTION ( 'NONE',  ( 0.000000000000000000, 0.000000000000000000, -1.000000000000000000 ) ) ;
#9842 = CARTESIAN_POINT ( 'NONE',  ( 50.00000000000000000, 0.2549999999963414865, -31.70000000001083151 ) ) ;
#9843 = AXIS2_PLACEMENT_3D ( 'NONE', #1169, #7839, #2038 ) ;
#9844 = LINE ( 'NONE', #6612, #264 ) ;
#9845 = VERTEX_POINT ( 'NONE', #1595 ) ;
#9846 = CARTESIAN_POINT ( 'NONE',  ( -50.00000000000000000, -4.204999999996572591, -35.80000000001248850 ) ) ;
#9847 = CARTESIAN_POINT ( 'NONE',  ( 50.00000000000000000, -17.45499999998545348, 32.99999999999025846 ) ) ;
#9848 = ORIENTED_EDGE ( 'NONE', *, *, #4947, .T. ) ;
#9849 = ORIENTED_EDGE ( 'NONE', *, *, #176, .F. ) ;
#9850 = ORIENTED_EDGE ( 'NONE', *, *, #4447, .F. ) ;
#9851 = LINE ( 'NONE', #7383, #7652 ) ;
#9852 = CARTESIAN_POINT ( 'NONE',  ( 50.00000000000000000, 7.194999999996287698, -32.70000000001061125 ) ) ;
#9853 = DIRECTION ( 'NONE',  ( 0.000000000000000000, 0.000000000000000000, 1.000000000000000000 ) ) ;
#9854 = DIRECTION ( 'NONE',  ( -1.000000000000000000, -0.000000000000000000, -0.000000000000000000 ) ) ;
#9855 = LINE ( 'NONE', #2358, #3159 ) ;
#9856 = ORIENTED_EDGE ( 'NONE', *, *, #8953, .T. ) ;
#9857 = ORIENTED_EDGE ( 'NONE', *, *, #6795, .T. ) ;
#9858 = DIRECTION ( 'NONE',  ( 0.000000000000000000, 0.2588190451710054019, -0.9659258262707178799 ) ) ;
#9859 = AXIS2_PLACEMENT_3D ( 'NONE', #6631, #5812, #4766 ) ;
#9860 = DIRECTION ( 'NONE',  ( -1.000000000000000000, -0.000000000000000000, -0.000000000000000000 ) ) ;
#9861 = ORIENTED_EDGE ( 'NONE', *, *, #388, .F. ) ;
#9862 = VERTEX_POINT ( 'NONE', #3287 ) ;
#9863 = EDGE_CURVE ( 'NONE', #2893, #1172, #4383, .T. ) ;
#9864 = VECTOR ( 'NONE', #10769, 1000.000000000000000 ) ;
#9865 = EDGE_CURVE ( 'NONE', #1962, #9905, #9147, .T. ) ;
#9866 = DIRECTION ( 'NONE',  ( -0.000000000000000000, 0.000000000000000000, 1.000000000000000000 ) ) ;
#9867 = DIRECTION ( 'NONE',  ( 0.000000000000000000, 0.000000000000000000, -1.000000000000000000 ) ) ;
#9868 = LINE ( 'NONE', #6476, #1968 ) ;
#9869 = CARTESIAN_POINT ( 'NONE',  ( 50.00000000000000000, -13.20499999999647045, -37.50000000001251976 ) ) ;
#9870 = CARTESIAN_POINT ( 'NONE',  ( -50.00000000000000000, -4.204999999996572591, 37.49999999998743050 ) ) ;
#9871 = VERTEX_POINT ( 'NONE', #7654 ) ;
#9872 = AXIS2_PLACEMENT_3D ( 'NONE', #5380, #4563, #4671 ) ;
#9873 = VECTOR ( 'NONE', #6221, 1000.000000000000000 ) ;
#9874 = EDGE_CURVE ( 'NONE', #9530, #3027, #3443, .T. ) ;
#9875 = AXIS2_PLACEMENT_3D ( 'NONE', #7590, #98, #4966 ) ;
#9876 = EDGE_LOOP ( 'NONE', ( #9913, #10455, #6082, #7655 ) ) ;
#9877 = ADVANCED_FACE ( 'NONE', ( #10024 ), #6729, .F. ) ;
#9878 = ORIENTED_EDGE ( 'NONE', *, *, #10471, .T. ) ;
#9879 = ORIENTED_EDGE ( 'NONE', *, *, #10126, .T. ) ;
#9880 = EDGE_CURVE ( 'NONE', #2823, #3222, #3344, .T. ) ;
#9881 = CARTESIAN_POINT ( 'NONE',  ( 50.00000000000000000, 3.995000000003523510, 32.69999999998740492 ) ) ;
#9882 = CARTESIAN_POINT ( 'NONE',  ( 50.00000000000000000, 17.54500000000647120, 32.99999999997638156 ) ) ;
#9883 = LINE ( 'NONE', #8287, #1693 ) ;
#9884 = AXIS2_PLACEMENT_3D ( 'NONE', #7641, #5077, #9182 ) ;
#9885 = DIRECTION ( 'NONE',  ( -0.000000000000000000, -0.000000000000000000, -1.000000000000000000 ) ) ;
#9886 = VERTEX_POINT ( 'NONE', #2568 ) ;
#9887 = LINE ( 'NONE', #5833, #6770 ) ;
#9888 = DIRECTION ( 'NONE',  ( 1.000000000000000000, 0.000000000000000000, 0.000000000000000000 ) ) ;
#9889 = EDGE_LOOP ( 'NONE', ( #5078, #2012, #1293, #2678 ) ) ;
#9890 = LINE ( 'NONE', #8899, #10051 ) ;
#9891 = EDGE_CURVE ( 'NONE', #7926, #6973, #9804, .T. ) ;
#9892 = CARTESIAN_POINT ( 'NONE',  ( -50.00000000000000000, 11.29500000000349758, 37.99999999998748734 ) ) ;
#9893 = ADVANCED_FACE ( 'NONE', ( #2518 ), #9307, .F. ) ;
#9894 = AXIS2_PLACEMENT_3D ( 'NONE', #1567, #4905, #8240 ) ;
#9895 = VERTEX_POINT ( 'NONE', #109 ) ;
#9896 = LINE ( 'NONE', #9839, #5722 ) ;
#9897 = FACE_OUTER_BOUND ( 'NONE', #2636, .T. ) ;
#9898 = LINE ( 'NONE', #6609, #6049 ) ;
#9899 = DIRECTION ( 'NONE',  ( -0.000000000000000000, -0.7071067811865474617, 0.7071067811865474617 ) ) ;
#9900 = ORIENTED_EDGE ( 'NONE', *, *, #995, .F. ) ;
#9901 = CARTESIAN_POINT ( 'NONE',  ( -50.00000000000000000, 12.59499999999624720, -32.50000000001062972 ) ) ;
#9902 = DIRECTION ( 'NONE',  ( 1.000000000000000000, 0.000000000000000000, 0.000000000000000000 ) ) ;
#9903 = ORIENTED_EDGE ( 'NONE', *, *, #9674, .T. ) ;
#9904 = VERTEX_POINT ( 'NONE', #4318 ) ;
#9905 = VERTEX_POINT ( 'NONE', #885 ) ;
#9906 = CARTESIAN_POINT ( 'NONE',  ( -50.00000000000000000, -4.604999999998748983, -34.00000000000547118 ) ) ;
#9907 = LINE ( 'NONE', #883, #9243 ) ;
#9908 = DIRECTION ( 'NONE',  ( 1.000000000000000000, 0.000000000000000000, -0.000000000000000000 ) ) ;
#9909 = DIRECTION ( 'NONE',  ( -0.000000000000000000, -1.000000000000000000, -0.000000000000000000 ) ) ;
#9910 = AXIS2_PLACEMENT_3D ( 'NONE', #577, #5498, #1344 ) ;
#9911 = LINE ( 'NONE', #1425, #64 ) ;
#9912 = ORIENTED_EDGE ( 'NONE', *, *, #1115, .T. ) ;
#9913 = ORIENTED_EDGE ( 'NONE', *, *, #9926, .T. ) ;
#9914 = LINE ( 'NONE', #2417, #6181 ) ;
#9915 = DIRECTION ( 'NONE',  ( 1.000000000000000000, 0.000000000000000000, 0.000000000000000000 ) ) ;
#9916 = ORIENTED_EDGE ( 'NONE', *, *, #5804, .T. ) ;
#9917 = ORIENTED_EDGE ( 'NONE', *, *, #5455, .T. ) ;
#9918 = AXIS2_PLACEMENT_3D ( 'NONE', #9650, #2966, #2909 ) ;
#9919 = AXIS2_PLACEMENT_3D ( 'NONE', #4203, #3214, #3377 ) ;
#9920 = CARTESIAN_POINT ( 'NONE',  ( 50.00000000000000000, 1.995000000003521734, 32.19999999998756834 ) ) ;
#9921 = CARTESIAN_POINT ( 'NONE',  ( -50.00000000000000000, -13.20499999999647045, 37.49999999998743050 ) ) ;
#9922 = LINE ( 'NONE', #3302, #56 ) ;
#9923 = CARTESIAN_POINT ( 'NONE',  ( 50.00000000000000000, 11.89500000000354163, 33.99999999998737366 ) ) ;
#9924 = CIRCLE ( 'NONE', #5898, 0.1999999999999779732 ) ;
#9925 = LINE ( 'NONE', #734, #490 ) ;
#9926 = EDGE_CURVE ( 'NONE', #1840, #8241, #1042, .T. ) ;
#9927 = VECTOR ( 'NONE', #10699, 1000.000000000000000 ) ;
#9928 = VERTEX_POINT ( 'NONE', #4160 ) ;
#9929 = VECTOR ( 'NONE', #9531, 1000.000000000000000 ) ;
#9930 = ORIENTED_EDGE ( 'NONE', *, *, #6533, .T. ) ;
#9931 = ORIENTED_EDGE ( 'NONE', *, *, #4947, .F. ) ;
#9932 = AXIS2_PLACEMENT_3D ( 'NONE', #4050, #766, #3998 ) ;
#9933 = DIRECTION ( 'NONE',  ( 0.000000000000000000, -0.000000000000000000, 1.000000000000000000 ) ) ;
#9934 = DIRECTION ( 'NONE',  ( 1.000000000000000000, 0.000000000000000000, -0.000000000000000000 ) ) ;
#9935 = FACE_OUTER_BOUND ( 'NONE', #8872, .T. ) ;
#9936 = VECTOR ( 'NONE', #1958, 1000.000000000000000 ) ;
#9937 = CARTESIAN_POINT ( 'NONE',  ( 50.00000000000000000, 6.494999999996364792, -32.70000000001061125 ) ) ;
#9938 = ORIENTED_EDGE ( 'NONE', *, *, #9481, .F. ) ;
#9939 = VECTOR ( 'NONE', #6983, 1000.000000000000000 ) ;
#9940 = EDGE_CURVE ( 'NONE', #4328, #2877, #5908, .T. ) ;
#9941 = DIRECTION ( 'NONE',  ( -0.000000000000000000, -0.000000000000000000, -1.000000000000000000 ) ) ;
#9942 = FACE_OUTER_BOUND ( 'NONE', #10438, .T. ) ;
#9943 = VERTEX_POINT ( 'NONE', #7708 ) ;
#9944 = EDGE_CURVE ( 'NONE', #10080, #10532, #217, .T. ) ;
#9945 = DIRECTION ( 'NONE',  ( 0.000000000000000000, -1.000000000000000000, 0.000000000000000000 ) ) ;
#9946 = VECTOR ( 'NONE', #8430, 1000.000000000000000 ) ;
#9947 = CARTESIAN_POINT ( 'NONE',  ( -50.00000000000000000, 9.194999999996177564, -34.00000000001046629 ) ) ;
#9948 = VECTOR ( 'NONE', #3463, 1000.000000000000000 ) ;
#9949 = EDGE_LOOP ( 'NONE', ( #3076, #2520, #1128, #8219 ) ) ;
#9950 = DIRECTION ( 'NONE',  ( -0.000000000000000000, 1.000000000000000000, -0.000000000000000000 ) ) ;
#9951 = ADVANCED_FACE ( 'NONE', ( #6779 ), #3554, .T. ) ;
#9952 = DIRECTION ( 'NONE',  ( 0.000000000000000000, 0.000000000000000000, 1.000000000000000000 ) ) ;
#9953 = CARTESIAN_POINT ( 'NONE',  ( 50.00000000000000000, -8.704999999996520188, 37.49999999998743050 ) ) ;
#9954 = AXIS2_PLACEMENT_3D ( 'NONE', #10173, #2670, #5023 ) ;
#9955 = EDGE_CURVE ( 'NONE', #9291, #5195, #6066, .T. ) ;
#9956 = ADVANCED_FACE ( 'NONE', ( #60 ), #9410, .T. ) ;
#9957 = DIRECTION ( 'NONE',  ( 0.000000000000000000, -1.000000000000000000, 0.000000000000000000 ) ) ;
#9958 = VERTEX_POINT ( 'NONE', #1907 ) ;
#9959 = CARTESIAN_POINT ( 'NONE',  ( 50.00000000000000000, 0.05499999999625249103, -34.80000000001115268 ) ) ;
#9960 = CIRCLE ( 'NONE', #10305, 0.1999999999999779732 ) ;
#9961 = CARTESIAN_POINT ( 'NONE',  ( -50.00000000000000000, 17.54500000000647120, 31.99999999997632472 ) ) ;
#9962 = ORIENTED_EDGE ( 'NONE', *, *, #2847, .F. ) ;
#9963 = AXIS2_PLACEMENT_3D ( 'NONE', #2916, #7898, #5334 ) ;
#9964 = VERTEX_POINT ( 'NONE', #1749 ) ;
#9965 = VERTEX_POINT ( 'NONE', #1801 ) ;
#9966 = AXIS2_PLACEMENT_3D ( 'NONE', #2961, #7180, #3844 ) ;
#9967 = ADVANCED_FACE ( 'NONE', ( #8 ), #8373, .F. ) ;
#9968 = DIRECTION ( 'NONE',  ( 0.000000000000000000, 0.000000000000000000, 1.000000000000000000 ) ) ;
#9969 = DIRECTION ( 'NONE',  ( -1.000000000000000000, -0.000000000000000000, -0.000000000000000000 ) ) ;
#9970 = ADVANCED_FACE ( 'NONE', ( #5088 ), #8426, .T. ) ;
#9971 = CARTESIAN_POINT ( 'NONE',  ( 50.00000000000000000, -12.70499999999841201, -32.70000000000561613 ) ) ;
#9972 = CARTESIAN_POINT ( 'NONE',  ( 50.00000000000000000, 14.29499999999650584, -37.50000000001130473 ) ) ;
#9973 = CARTESIAN_POINT ( 'NONE',  ( 50.00000000000000000, 0.2549999999962304642, -32.90000000001091962 ) ) ;
#9974 = ORIENTED_EDGE ( 'NONE', *, *, #9540, .T. ) ;
#9975 = VERTEX_POINT ( 'NONE', #9361 ) ;
#9976 = DIRECTION ( 'NONE',  ( 0.000000000000000000, -0.000000000000000000, 1.000000000000000000 ) ) ;
#9977 = CARTESIAN_POINT ( 'NONE',  ( 50.00000000000000000, -13.70499999999652552, 37.99999999998748734 ) ) ;
#9978 = ORIENTED_EDGE ( 'NONE', *, *, #4779, .T. ) ;
#9979 = ORIENTED_EDGE ( 'NONE', *, *, #525, .T. ) ;
#9980 = DIRECTION ( 'NONE',  ( -1.000000000000000000, 0.000000000000000000, -0.000000000000000000 ) ) ;
#9981 = VECTOR ( 'NONE', #2728, 1000.000000000000000 ) ;
#9982 = DIRECTION ( 'NONE',  ( -1.000000000000000000, -0.000000000000000000, -0.000000000000000000 ) ) ;
#9983 = CARTESIAN_POINT ( 'NONE',  ( 50.00000000000000000, -5.704999999996629434, 35.79999999998739924 ) ) ;
#9984 = CARTESIAN_POINT ( 'NONE',  ( -50.00000000000000000, 9.394999999996155537, -32.70000000001061125 ) ) ;
#9985 = DIRECTION ( 'NONE',  ( -1.000000000000000000, -0.000000000000000000, -0.000000000000000000 ) ) ;
#9986 = VECTOR ( 'NONE', #628, 1000.000000000000000 ) ;
#9987 = ORIENTED_EDGE ( 'NONE', *, *, #785, .F. ) ;
#9988 = EDGE_LOOP ( 'NONE', ( #2546, #9495, #230, #2061 ) ) ;
#9989 = PLANE ( 'NONE',  #1017 ) ;
#9990 = PLANE ( 'NONE',  #6311 ) ;
#9991 = ADVANCED_FACE ( 'NONE', ( #5193 ), #825, .F. ) ;
#9992 = DIRECTION ( 'NONE',  ( -1.000000000000000000, -0.000000000000000000, -0.000000000000000000 ) ) ;
#9993 = CARTESIAN_POINT ( 'NONE',  ( 50.00000000000000000, 6.295000000003492246, 37.99999999998738076 ) ) ;
#9994 = PRESENTATION_LAYER_ASSIGNMENT (  '', '', ( #7544 ) ) ;
#9995 = ORIENTED_EDGE ( 'NONE', *, *, #6912, .F. ) ;
#9996 = CARTESIAN_POINT ( 'NONE',  ( -50.00000000000000000, -3.704999999998848104, -34.00000000000547118 ) ) ;
#9997 = CARTESIAN_POINT ( 'NONE',  ( 50.00000000000000000, 12.79500000000344251, 32.69999999998740492 ) ) ;
#9998 = EDGE_LOOP ( 'NONE', ( #307, #4569, #6888, #2274 ) ) ;
#9999 = CARTESIAN_POINT ( 'NONE',  ( 50.00000000000000000, -11.80499999999840099, -32.70000000000561613 ) ) ;
#10000 = PLANE ( 'NONE',  #4703 ) ;
#10001 = VECTOR ( 'NONE', #5413, 1000.000000000000000 ) ;
#10002 = ORIENTED_EDGE ( 'NONE', *, *, #3722, .T. ) ;
#10003 = ADVANCED_FACE ( 'NONE', ( #377 ), #5415, .F. ) ;
#10004 = CARTESIAN_POINT ( 'NONE',  ( 50.00000000000000000, 9.294999999996500506, -35.80000000001126637 ) ) ;
#10005 = DIRECTION ( 'NONE',  ( -1.000000000000000000, -0.000000000000000000, -0.000000000000000000 ) ) ;
#10006 = ADVANCED_FACE ( 'NONE', ( #6941 ), #6228, .F. ) ;
#10007 = DIRECTION ( 'NONE',  ( 0.000000000000000000, 0.000000000000000000, -1.000000000000000000 ) ) ;
#10008 = DIRECTION ( 'NONE',  ( -0.000000000000000000, -1.000000000000000000, -0.000000000000000000 ) ) ;
#10009 = ORIENTED_EDGE ( 'NONE', *, *, #7069, .T. ) ;
#10010 = AXIS2_PLACEMENT_3D ( 'NONE', #8845, #4750, #7163 ) ;
#10011 = LINE ( 'NONE', #4259, #4098 ) ;
#10012 = ADVANCED_FACE ( 'NONE', ( #7919 ), #4431, .F. ) ;
#10013 = CARTESIAN_POINT ( 'NONE',  ( -50.00000000000000000, 0.7950000000034318504, 37.49999999998743050 ) ) ;
#10014 = ORIENTED_EDGE ( 'NONE', *, *, #2198, .F. ) ;
#10015 = EDGE_CURVE ( 'NONE', #9164, #1353, #2833, .T. ) ;
#10016 = ORIENTED_EDGE ( 'NONE', *, *, #6320, .F. ) ;
#10017 = ORIENTED_EDGE ( 'NONE', *, *, #9682, .F. ) ;
#10018 = EDGE_CURVE ( 'NONE', #8592, #7822, #1259, .T. ) ;
#10019 = FACE_OUTER_BOUND ( 'NONE', #343, .T. ) ;
#10020 = VECTOR ( 'NONE', #1657, 1000.000000000000000 ) ;
#10021 = EDGE_CURVE ( 'NONE', #51, #7016, #10287, .T. ) ;
#10022 = CARTESIAN_POINT ( 'NONE',  ( 50.00000000000000000, 17.54500000000647120, 32.99999999997638156 ) ) ;
#10023 = DIRECTION ( 'NONE',  ( 0.000000000000000000, 0.000000000000000000, 1.000000000000000000 ) ) ;
#10024 = FACE_OUTER_BOUND ( 'NONE', #10423, .T. ) ;
#10025 = ORIENTED_EDGE ( 'NONE', *, *, #1519, .T. ) ;
#10026 = ORIENTED_EDGE ( 'NONE', *, *, #5000, .F. ) ;
#10027 = CARTESIAN_POINT ( 'NONE',  ( 50.00000000000000000, 0.2549999999964525088, -34.80000000001115268 ) ) ;
#10028 = VECTOR ( 'NONE', #717, 1000.000000000000000 ) ;
#10029 = DIRECTION ( 'NONE',  ( 0.000000000000000000, 1.000000000000000000, 0.000000000000000000 ) ) ;
#10030 = VERTEX_POINT ( 'NONE', #7103 ) ;
#10031 = EDGE_CURVE ( 'NONE', #6496, #5738, #7970, .T. ) ;
#10032 = ORIENTED_EDGE ( 'NONE', *, *, #2158, .T. ) ;
#10033 = ADVANCED_FACE ( 'NONE', ( #4542 ), #4590, .F. ) ;
#10034 = DIRECTION ( 'NONE',  ( 1.000000000000000000, 0.000000000000000000, 0.000000000000000000 ) ) ;
#10035 = DIRECTION ( 'NONE',  ( 0.000000000000000000, -1.000000000000000000, 0.000000000000000000 ) ) ;
#10036 = DIRECTION ( 'NONE',  ( -1.000000000000000000, -0.000000000000000000, -0.000000000000000000 ) ) ;
#10037 = ORIENTED_EDGE ( 'NONE', *, *, #9478, .T. ) ;
#10038 = FACE_OUTER_BOUND ( 'NONE', #2336, .T. ) ;
#10039 = CARTESIAN_POINT ( 'NONE',  ( 50.00000000000000000, -0.1649999999968621012, 35.79999999998750582 ) ) ;
#10040 = VECTOR ( 'NONE', #10718, 1000.000000000000000 ) ;
#10041 = ORIENTED_EDGE ( 'NONE', *, *, #6536, .F. ) ;
#10042 = EDGE_LOOP ( 'NONE', ( #6976, #10354, #1378, #10518 ) ) ;
#10043 = PLANE ( 'NONE',  #2065 ) ;
#10044 = FACE_OUTER_BOUND ( 'NONE', #5161, .T. ) ;
#10045 = LINE ( 'NONE', #7361, #5891 ) ;
#10046 = DIRECTION ( 'NONE',  ( 0.000000000000000000, 0.000000000000000000, -1.000000000000000000 ) ) ;
#10047 = DIRECTION ( 'NONE',  ( 1.000000000000000000, 0.000000000000000000, -0.000000000000000000 ) ) ;
#10048 = ORIENTED_EDGE ( 'NONE', *, *, #6793, .F. ) ;
#10049 = VECTOR ( 'NONE', #9985, 1000.000000000000000 ) ;
#10050 = DIRECTION ( 'NONE',  ( 0.000000000000000000, 0.000000000000000000, 1.000000000000000000 ) ) ;
#10051 = VECTOR ( 'NONE', #636, 1000.000000000000000 ) ;
#10052 = CYLINDRICAL_SURFACE ( 'NONE', #10582, 0.2000000000000334843 ) ;
#10053 = VERTEX_POINT ( 'NONE', #3715 ) ;
#10054 = DIRECTION ( 'NONE',  ( -1.000000000000000000, -0.000000000000000000, -0.000000000000000000 ) ) ;
#10055 = DIRECTION ( 'NONE',  ( -1.000000000000000000, -0.000000000000000000, -0.000000000000000000 ) ) ;
#10056 = VERTEX_POINT ( 'NONE', #10504 ) ;
#10057 = DIRECTION ( 'NONE',  ( -1.000000000000000000, -0.000000000000000000, -0.000000000000000000 ) ) ;
#10058 = VECTOR ( 'NONE', #10170, 1000.000000000000000 ) ;
#10059 = DIRECTION ( 'NONE',  ( -0.000000000000000000, 0.7071067811865474617, -0.7071067811865474617 ) ) ;
#10060 = LINE ( 'NONE', #1578, #4134 ) ;
#10061 = CARTESIAN_POINT ( 'NONE',  ( 50.00000000000000000, -12.50499999999843403, -32.50000000000563460 ) ) ;
#10062 = ORIENTED_EDGE ( 'NONE', *, *, #7599, .F. ) ;
#10063 = FACE_OUTER_BOUND ( 'NONE', #6176, .T. ) ;
#10064 = AXIS2_PLACEMENT_3D ( 'NONE', #8897, #4739, #9064 ) ;
#10065 = CARTESIAN_POINT ( 'NONE',  ( 50.00000000000000000, -3.704999999998848104, -34.00000000000547118 ) ) ;
#10066 = EDGE_CURVE ( 'NONE', #3769, #547, #1961, .T. ) ;
#10067 = ORIENTED_EDGE ( 'NONE', *, *, #103, .T. ) ;
#10068 = ORIENTED_EDGE ( 'NONE', *, *, #2597, .F. ) ;
#10069 = CARTESIAN_POINT ( 'NONE',  ( 50.00000000000000000, 0.05499999999614146873, -32.70000000001083151 ) ) ;
#10070 = DIRECTION ( 'NONE',  ( -1.000000000000000000, -0.000000000000000000, -0.000000000000000000 ) ) ;
#10071 = FACE_OUTER_BOUND ( 'NONE', #4690, .T. ) ;
#10072 = ADVANCED_FACE ( 'NONE', ( #5300 ), #2997, .T. ) ;
#10073 = DIRECTION ( 'NONE',  ( 0.000000000000000000, 1.000000000000000000, 0.000000000000000000 ) ) ;
#10074 = ORIENTED_EDGE ( 'NONE', *, *, #449, .F. ) ;
#10075 = ORIENTED_EDGE ( 'NONE', *, *, #4342, .F. ) ;
#10076 = EDGE_CURVE ( 'NONE', #7243, #6870, #4037, .T. ) ;
#10077 = DIRECTION ( 'NONE',  ( 0.000000000000000000, 0.000000000000000000, 1.000000000000000000 ) ) ;
#10078 = CARTESIAN_POINT ( 'NONE',  ( -50.00000000000000000, -8.204999999996577031, -37.50000000001251976 ) ) ;
#10079 = EDGE_CURVE ( 'NONE', #7914, #5771, #3666, .T. ) ;
#10080 = VERTEX_POINT ( 'NONE', #1095 ) ;
#10081 = ORIENTED_EDGE ( 'NONE', *, *, #10683, .T. ) ;
#10082 = ADVANCED_FACE ( 'NONE', ( #4482 ), #2885, .F. ) ;
#10083 = DIRECTION ( 'NONE',  ( 0.000000000000000000, -1.000000000000000000, 0.000000000000000000 ) ) ;
#10084 = DIRECTION ( 'NONE',  ( 0.000000000000000000, 0.000000000000000000, 1.000000000000000000 ) ) ;
#10085 = EDGE_CURVE ( 'NONE', #3005, #5360, #9451, .T. ) ;
#10086 = CARTESIAN_POINT ( 'NONE',  ( -50.00000000000000000, 14.29500000000349935, 35.79999999998739924 ) ) ;
#10087 = ORIENTED_EDGE ( 'NONE', *, *, #7142, .T. ) ;
#10088 = CARTESIAN_POINT ( 'NONE',  ( 50.00000000000000000, 10.09500000000351783, 33.99999999998737366 ) ) ;
#10089 = EDGE_CURVE ( 'NONE', #9958, #4529, #7815, .T. ) ;
#10090 = DIRECTION ( 'NONE',  ( -1.000000000000000000, 0.000000000000000000, -0.000000000000000000 ) ) ;
#10091 = VECTOR ( 'NONE', #10200, 1000.000000000000227 ) ;
#10092 = ORIENTED_EDGE ( 'NONE', *, *, #5444, .F. ) ;
#10093 = ORIENTED_EDGE ( 'NONE', *, *, #6201, .F. ) ;
#10094 = DIRECTION ( 'NONE',  ( -1.000000000000000000, -0.000000000000000000, -0.000000000000000000 ) ) ;
#10095 = DIRECTION ( 'NONE',  ( 0.000000000000000000, 0.000000000000000000, -1.000000000000000000 ) ) ;
#10096 = CARTESIAN_POINT ( 'NONE',  ( -50.00000000000000000, -15.70499999999652729, -37.50000000001251976 ) ) ;
#10097 = ADVANCED_FACE ( 'NONE', ( #4806 ), #543, .T. ) ;
#10098 = VECTOR ( 'NONE', #6652, 1000.000000000000000 ) ;
#10099 = CARTESIAN_POINT ( 'NONE',  ( 50.00000000000000000, 12.79499999999622517, -32.70000000001061125 ) ) ;
#10100 = LINE ( 'NONE', #5276, #7146 ) ;
#10101 = ORIENTED_EDGE ( 'NONE', *, *, #2536, .F. ) ;
#10102 = LINE ( 'NONE', #3744, #5675 ) ;
#10103 = LINE ( 'NONE', #2494, #9535 ) ;
#10104 = ORIENTED_EDGE ( 'NONE', *, *, #9692, .T. ) ;
#10105 = AXIS2_PLACEMENT_3D ( 'NONE', #918, #4251, #1834 ) ;
#10106 = AXIS2_PLACEMENT_3D ( 'NONE', #8706, #5427, #8651 ) ;
#10107 = CARTESIAN_POINT ( 'NONE',  ( -50.00000000000000000, 6.694999999996342765, -32.70000000001061125 ) ) ;
#10108 = LINE ( 'NONE', #3535, #4183 ) ;
#10109 = ORIENTED_EDGE ( 'NONE', *, *, #10680, .F. ) ;
#10110 = DIRECTION ( 'NONE',  ( 0.000000000000000000, 0.000000000000000000, 1.000000000000000000 ) ) ;
#10111 = CIRCLE ( 'NONE', #4865, 0.2000000000000334843 ) ;
#10112 = CARTESIAN_POINT ( 'NONE',  ( -50.00000000000000000, 17.12416154989970352, 31.42940952257264442 ) ) ;
#10113 = VECTOR ( 'NONE', #360, 1000.000000000000000 ) ;
#10114 = DIRECTION ( 'NONE',  ( 0.000000000000000000, 0.000000000000000000, -1.000000000000000000 ) ) ;
#10115 = VECTOR ( 'NONE', #9738, 1000.000000000000000 ) ;
#10116 = CARTESIAN_POINT ( 'NONE',  ( 50.00000000000000000, -14.25499999999835232, -34.00000000000547118 ) ) ;
#10117 = ORIENTED_EDGE ( 'NONE', *, *, #8176, .T. ) ;
#10118 = DIRECTION ( 'NONE',  ( 0.000000000000000000, 0.000000000000000000, 1.000000000000000000 ) ) ;
#10119 = AXIS2_PLACEMENT_3D ( 'NONE', #1256, #5461, #1358 ) ;
#10120 = LINE ( 'NONE', #9244, #512 ) ;
#10121 = VECTOR ( 'NONE', #7078, 1000.000000000000000 ) ;
#10122 = VERTEX_POINT ( 'NONE', #2228 ) ;
#10123 = VECTOR ( 'NONE', #9621, 1000.000000000000000 ) ;
#10124 = DIRECTION ( 'NONE',  ( 1.000000000000000000, 0.000000000000000000, 0.000000000000000000 ) ) ;
#10125 = DIRECTION ( 'NONE',  ( 1.000000000000000000, 0.000000000000000000, 0.000000000000000000 ) ) ;
#10126 = EDGE_CURVE ( 'NONE', #2759, #3424, #7528, .T. ) ;
#10127 = VECTOR ( 'NONE', #9952, 1000.000000000000000 ) ;
#10128 = DIRECTION ( 'NONE',  ( 0.000000000000000000, 0.000000000000000000, 1.000000000000000000 ) ) ;
#10129 = VERTEX_POINT ( 'NONE', #7375 ) ;
#10130 = ORIENTED_EDGE ( 'NONE', *, *, #1602, .F. ) ;
#10131 = CARTESIAN_POINT ( 'NONE',  ( 50.00000000000000000, -12.00499999999848910, -32.50000000000563460 ) ) ;
#10132 = VECTOR ( 'NONE', #713, 1000.000000000000000 ) ;
#10133 = LINE ( 'NONE', #9258, #8707 ) ;
#10134 = ORIENTED_EDGE ( 'NONE', *, *, #919, .T. ) ;
#10135 = ORIENTED_EDGE ( 'NONE', *, *, #1192, .F. ) ;
#10136 = ORIENTED_EDGE ( 'NONE', *, *, #1329, .T. ) ;
#10137 = EDGE_CURVE ( 'NONE', #5916, #7628, #3881, .T. ) ;
#10138 = CARTESIAN_POINT ( 'NONE',  ( 50.00000000000000000, 4.194999999996396056, -31.70000000001083151 ) ) ;
#10139 = EDGE_CURVE ( 'NONE', #8172, #6711, #721, .T. ) ;
#10140 = DIRECTION ( 'NONE',  ( 0.000000000000000000, -0.000000000000000000, -1.000000000000000000 ) ) ;
#10141 = FACE_OUTER_BOUND ( 'NONE', #4393, .T. ) ;
#10142 = VERTEX_POINT ( 'NONE', #5681 ) ;
#10143 = DIRECTION ( 'NONE',  ( 1.000000000000000000, 0.000000000000000000, 0.000000000000000000 ) ) ;
#10144 = CYLINDRICAL_SURFACE ( 'NONE', #3625, 1.000000000000056399 ) ;
#10145 = ADVANCED_FACE ( 'NONE', ( #6446 ), #5624, .T. ) ;
#10146 = ORIENTED_EDGE ( 'NONE', *, *, #3253, .F. ) ;
#10147 = EDGE_CURVE ( 'NONE', #7728, #547, #10767, .T. ) ;
#10148 = VERTEX_POINT ( 'NONE', #6556 ) ;
#10149 = EDGE_CURVE ( 'NONE', #3531, #4125, #6306, .T. ) ;
#10150 = CARTESIAN_POINT ( 'NONE',  ( -50.00000000000000000, -11.70499999999652374, -35.80000000001248850 ) ) ;
#10151 = DIRECTION ( 'NONE',  ( -1.000000000000000000, -0.000000000000000000, -0.000000000000000000 ) ) ;
#10152 = EDGE_CURVE ( 'NONE', #5864, #3882, #8031, .T. ) ;
#10153 = DIRECTION ( 'NONE',  ( 0.000000000000000000, 0.000000000000000000, 1.000000000000000000 ) ) ;
#10154 = CARTESIAN_POINT ( 'NONE',  ( 50.00000000000000000, 19.04500000000353310, 30.79999999998739213 ) ) ;
#10155 = FACE_OUTER_BOUND ( 'NONE', #476, .T. ) ;
#10156 = VERTEX_POINT ( 'NONE', #9733 ) ;
#10157 = CARTESIAN_POINT ( 'NONE',  ( 50.00000000000000000, 17.54500000000647120, 32.99999999997638156 ) ) ;
#10158 = CARTESIAN_POINT ( 'NONE',  ( 50.00000000000000000, -9.104999999998641513, -32.70000000000561613 ) ) ;
#10159 = ORIENTED_EDGE ( 'NONE', *, *, #1163, .F. ) ;
#10160 = AXIS2_PLACEMENT_3D ( 'NONE', #7321, #2177, #758 ) ;
#10161 = DIRECTION ( 'NONE',  ( 1.000000000000000000, 0.000000000000000000, 0.000000000000000000 ) ) ;
#10162 = DIRECTION ( 'NONE',  ( -0.000000000000000000, -0.000000000000000000, -1.000000000000000000 ) ) ;
#10163 = ADVANCED_FACE ( 'NONE', ( #8908 ), #1520, .F. ) ;
#10164 = ORIENTED_EDGE ( 'NONE', *, *, #10348, .F. ) ;
#10165 = CARTESIAN_POINT ( 'NONE',  ( -50.00000000000000000, -1.744999999996554862, 32.99999999998737366 ) ) ;
#10166 = AXIS2_PLACEMENT_3D ( 'NONE', #8339, #1665, #5002 ) ;
#10167 = CARTESIAN_POINT ( 'NONE',  ( 50.00000000000000000, 10.79500000000333060, 35.79999999998739924 ) ) ;
#10168 = CARTESIAN_POINT ( 'NONE',  ( 50.00000000000000000, -2.064999999996652846, 32.89999999998738645 ) ) ;
#10169 = CARTESIAN_POINT ( 'NONE',  ( 50.00000000000000000, 17.12416154990348360, -31.42940952261252718 ) ) ;
#10170 = DIRECTION ( 'NONE',  ( 0.000000000000000000, -1.000000000000000000, 0.000000000000000000 ) ) ;
#10171 = ORIENTED_EDGE ( 'NONE', *, *, #760, .F. ) ;
#10172 = PLANE ( 'NONE',  #7234 ) ;
#10173 = CARTESIAN_POINT ( 'NONE',  ( 50.00000000000000000, 11.29499999999639215, -37.50000000001130473 ) ) ;
#10174 = VECTOR ( 'NONE', #401, 1000.000000000000000 ) ;
#10175 = ORIENTED_EDGE ( 'NONE', *, *, #5125, .F. ) ;
#10176 = LINE ( 'NONE', #7758, #6610 ) ;
#10177 = LINE ( 'NONE', #9358, #854 ) ;
#10178 = CARTESIAN_POINT ( 'NONE',  ( 50.00000000000000000, -10.70499999999652374, -37.50000000001251976 ) ) ;
#10179 = CIRCLE ( 'NONE', #1610, 0.2000000000002000178 ) ;
#10180 = DIRECTION ( 'NONE',  ( -0.000000000000000000, 0.000000000000000000, 1.000000000000000000 ) ) ;
#10181 = ORIENTED_EDGE ( 'NONE', *, *, #3061, .F. ) ;
#10182 = ORIENTED_EDGE ( 'NONE', *, *, #5404, .F. ) ;
#10183 = DIRECTION ( 'NONE',  ( 1.000000000000000000, 0.000000000000000000, 0.000000000000000000 ) ) ;
#10184 = DIRECTION ( 'NONE',  ( 0.000000000000000000, -0.000000000000000000, -1.000000000000000000 ) ) ;
#10185 = ORIENTED_EDGE ( 'NONE', *, *, #6599, .T. ) ;
#10186 = AXIS2_PLACEMENT_3D ( 'NONE', #3418, #288, #4293 ) ;
#10187 = EDGE_LOOP ( 'NONE', ( #6949, #5456, #10828, #1430 ) ) ;
#10188 = EDGE_LOOP ( 'NONE', ( #3468, #8949, #9452, #10595 ) ) ;
#10189 = LINE ( 'NONE', #10241, #5442 ) ;
#10190 = LINE ( 'NONE', #9207, #2576 ) ;
#10191 = CARTESIAN_POINT ( 'NONE',  ( 50.00000000000000000, 9.194999999996177564, -32.70000000001061125 ) ) ;
#10192 = ORIENTED_EDGE ( 'NONE', *, *, #4788, .T. ) ;
#10193 = FACE_OUTER_BOUND ( 'NONE', #84, .T. ) ;
#10194 = CIRCLE ( 'NONE', #573, 0.5000000000000004441 ) ;
#10195 = CARTESIAN_POINT ( 'NONE',  ( 50.00000000000000000, 6.494999999996364792, -32.70000000001061125 ) ) ;
#10196 = EDGE_CURVE ( 'NONE', #8718, #4692, #8964, .T. ) ;
#10197 = ORIENTED_EDGE ( 'NONE', *, *, #8450, .T. ) ;
#10198 = CARTESIAN_POINT ( 'NONE',  ( 50.00000000000000000, 7.395000000003482121, 32.69999999998740492 ) ) ;
#10199 = DIRECTION ( 'NONE',  ( 0.000000000000000000, -0.000000000000000000, -1.000000000000000000 ) ) ;
#10200 = DIRECTION ( 'NONE',  ( -0.000000000000000000, 0.2588190451711366857, 0.9659258262706826859 ) ) ;
#10201 = LINE ( 'NONE', #138, #5816 ) ;
#10202 = LINE ( 'NONE', #8499, #6792 ) ;
#10203 = ORIENTED_EDGE ( 'NONE', *, *, #1973, .T. ) ;
#10204 = CARTESIAN_POINT ( 'NONE',  ( 50.00000000000000000, -10.00499999999848733, -34.00000000000547118 ) ) ;
#10205 = EDGE_CURVE ( 'NONE', #7240, #51, #2344, .T. ) ;
#10206 = VERTEX_POINT ( 'NONE', #4095 ) ;
#10207 = ADVANCED_FACE ( 'NONE', ( #3985 ), #3163, .F. ) ;
#10208 = VECTOR ( 'NONE', #7607, 1000.000000000000000 ) ;
#10209 = CARTESIAN_POINT ( 'NONE',  ( -50.00000000000000000, 8.795000000003438956, 37.49999999998743050 ) ) ;
#10210 = EDGE_CURVE ( 'NONE', #6586, #6654, #595, .T. ) ;
#10211 = ORIENTED_EDGE ( 'NONE', *, *, #4119, .T. ) ;
#10212 = AXIS2_PLACEMENT_3D ( 'NONE', #7052, #6231, #6126 ) ;
#10213 = DIRECTION ( 'NONE',  ( -0.000000000000000000, -0.000000000000000000, -1.000000000000000000 ) ) ;
#10214 = DIRECTION ( 'NONE',  ( -1.000000000000000000, -0.000000000000000000, -0.000000000000000000 ) ) ;
#10215 = LINE ( 'NONE', #10322, #7629 ) ;
#10216 = VECTOR ( 'NONE', #9298, 1000.000000000000000 ) ;
#10217 = DIRECTION ( 'NONE',  ( 0.000000000000000000, -0.2588190451710054019, 0.9659258262707179910 ) ) ;
#10218 = ORIENTED_EDGE ( 'NONE', *, *, #9206, .T. ) ;
#10219 = EDGE_CURVE ( 'NONE', #6277, #4048, #1361, .T. ) ;
#10220 = DIRECTION ( 'NONE',  ( -0.000000000000000000, -0.000000000000000000, 1.000000000000000000 ) ) ;
#10221 = ORIENTED_EDGE ( 'NONE', *, *, #4510, .T. ) ;
#10222 = EDGE_CURVE ( 'NONE', #2591, #5430, #9844, .T. ) ;
#10223 = DIRECTION ( 'NONE',  ( 1.000000000000000000, 0.000000000000000000, 0.000000000000000000 ) ) ;
#10224 = CARTESIAN_POINT ( 'NONE',  ( 50.00000000000000000, -15.70499999999652729, -37.50000000001251976 ) ) ;
#10225 = AXIS2_PLACEMENT_3D ( 'NONE', #1072, #5943, #243 ) ;
#10226 = AXIS2_PLACEMENT_3D ( 'NONE', #10378, #8735, #7907 ) ;
#10227 = ORIENTED_EDGE ( 'NONE', *, *, #8878, .T. ) ;
#10228 = ADVANCED_FACE ( 'NONE', ( #3103 ), #9021, .F. ) ;
#10229 = DIRECTION ( 'NONE',  ( 0.000000000000000000, 0.000000000000000000, 1.000000000000000000 ) ) ;
#10230 = CARTESIAN_POINT ( 'NONE',  ( 50.00000000000000000, 17.60712446303502787, 31.29999999998722870 ) ) ;
#10231 = LINE ( 'NONE', #2831, #6343 ) ;
#10232 = EDGE_CURVE ( 'NONE', #7878, #1122, #3492, .T. ) ;
#10233 = CARTESIAN_POINT ( 'NONE',  ( 50.00000000000000000, -3.704999999996516635, -37.50000000001251976 ) ) ;
#10234 = ORIENTED_EDGE ( 'NONE', *, *, #9944, .T. ) ;
#10235 = ORIENTED_EDGE ( 'NONE', *, *, #9075, .T. ) ;
#10236 = DIRECTION ( 'NONE',  ( 1.000000000000000000, 0.000000000000000000, 0.000000000000000000 ) ) ;
#10237 = DIRECTION ( 'NONE',  ( -0.000000000000000000, -0.000000000000000000, 1.000000000000000000 ) ) ;
#10238 = VERTEX_POINT ( 'NONE', #8464 ) ;
#10239 = ORIENTED_EDGE ( 'NONE', *, *, #1841, .F. ) ;
#10240 = ORIENTED_EDGE ( 'NONE', *, *, #6058, .T. ) ;
#10241 = CARTESIAN_POINT ( 'NONE',  ( -50.00000000000000000, 11.89499999999632607, -34.00000000001046629 ) ) ;
#10242 = FACE_OUTER_BOUND ( 'NONE', #544, .T. ) ;
#10243 = CARTESIAN_POINT ( 'NONE',  ( -50.00000000000000000, 17.12416154990348360, -31.42940952261252718 ) ) ;
#10244 = VERTEX_POINT ( 'NONE', #5019 ) ;
#10245 = DIRECTION ( 'NONE',  ( 0.000000000000000000, 0.000000000000000000, 1.000000000000000000 ) ) ;
#10246 = DIRECTION ( 'NONE',  ( 0.000000000000000000, -0.000000000000000000, 1.000000000000000000 ) ) ;
#10247 = ORIENTED_EDGE ( 'NONE', *, *, #4583, .F. ) ;
#10248 = VECTOR ( 'NONE', #9131, 1000.000000000000000 ) ;
#10249 = CARTESIAN_POINT ( 'NONE',  ( 50.00000000000000000, 14.34500000000338282, 33.99999999998737366 ) ) ;
#10250 = CARTESIAN_POINT ( 'NONE',  ( -50.00000000000000000, -20.75499999999652800, 27.98284271246187416 ) ) ;
#10251 = DIRECTION ( 'NONE',  ( 0.000000000000000000, 0.000000000000000000, 1.000000000000000000 ) ) ;
#10252 = DIRECTION ( 'NONE',  ( 0.000000000000000000, 0.000000000000000000, -1.000000000000000000 ) ) ;
#10253 = CYLINDRICAL_SURFACE ( 'NONE', #3120, 0.5000000000000559552 ) ;
#10254 = ORIENTED_EDGE ( 'NONE', *, *, #9692, .F. ) ;
#10255 = ADVANCED_FACE ( 'NONE', ( #2505 ), #7484, .F. ) ;
#10256 = CIRCLE ( 'NONE', #5015, 0.2000000000000334843 ) ;
#10257 = LINE ( 'NONE', #141, #3405 ) ;
#10258 = CARTESIAN_POINT ( 'NONE',  ( -50.00000000000000000, 3.795000000003434515, 33.99999999998737366 ) ) ;
#10259 = VERTEX_POINT ( 'NONE', #2616 ) ;
#10260 = DIRECTION ( 'NONE',  ( 1.000000000000000000, 0.000000000000000000, 0.000000000000000000 ) ) ;
#10261 = ORIENTED_EDGE ( 'NONE', *, *, #8881, .F. ) ;
#10262 = ORIENTED_EDGE ( 'NONE', *, *, #6573, .T. ) ;
#10263 = VECTOR ( 'NONE', #7174, 1000.000000000000000 ) ;
#10264 = AXIS2_PLACEMENT_3D ( 'NONE', #7165, #6295, #1308 ) ;
#10265 = CARTESIAN_POINT ( 'NONE',  ( -50.00000000000000000, 0.05500000000324689609, 31.89999999998738289 ) ) ;
#10266 = DIRECTION ( 'NONE',  ( -1.000000000000000000, -0.000000000000000000, -0.000000000000000000 ) ) ;
#10267 = EDGE_CURVE ( 'NONE', #4922, #10768, #9525, .T. ) ;
#10268 = DIRECTION ( 'NONE',  ( -1.000000000000000000, -0.000000000000000000, -0.000000000000000000 ) ) ;
#10269 = VECTOR ( 'NONE', #5620, 1000.000000000000000 ) ;
#10270 = CARTESIAN_POINT ( 'NONE',  ( -50.00000000000000000, -2.064999999996652846, 32.89999999998738645 ) ) ;
#10271 = VERTEX_POINT ( 'NONE', #6826 ) ;
#10272 = EDGE_CURVE ( 'NONE', #10605, #8228, #6666, .T. ) ;
#10273 = DIRECTION ( 'NONE',  ( 0.000000000000000000, 0.000000000000000000, -1.000000000000000000 ) ) ;
#10274 = ORIENTED_EDGE ( 'NONE', *, *, #979, .F. ) ;
#10275 = CARTESIAN_POINT ( 'NONE',  ( 50.00000000000000000, 14.34499999999616549, -34.00000000001046629 ) ) ;
#10276 = DIRECTION ( 'NONE',  ( -0.000000000000000000, 1.000000000000000000, -0.000000000000000000 ) ) ;
#10277 = EDGE_CURVE ( 'NONE', #4648, #5658, #2366, .T. ) ;
#10278 = VECTOR ( 'NONE', #10094, 1000.000000000000000 ) ;
#10279 = AXIS2_PLACEMENT_3D ( 'NONE', #4108, #5808, #716 ) ;
#10280 = ORIENTED_EDGE ( 'NONE', *, *, #385, .T. ) ;
#10281 = EDGE_CURVE ( 'NONE', #5801, #9319, #10827, .T. ) ;
#10282 = CARTESIAN_POINT ( 'NONE',  ( 50.00000000000000000, 21.04500000000353310, 27.98284271248752120 ) ) ;
#10283 = EDGE_CURVE ( 'NONE', #993, #10361, #6716, .T. ) ;
#10284 = DIRECTION ( 'NONE',  ( 0.000000000000000000, 0.000000000000000000, -1.000000000000000000 ) ) ;
#10285 = CIRCLE ( 'NONE', #8000, 0.2000000000000334843 ) ;
#10286 = LINE ( 'NONE', #5247, #3883 ) ;
#10287 = LINE ( 'NONE', #8690, #4213 ) ;
#10288 = ORIENTED_EDGE ( 'NONE', *, *, #3131, .F. ) ;
#10289 = ORIENTED_EDGE ( 'NONE', *, *, #10587, .T. ) ;
#10290 = AXIS2_PLACEMENT_3D ( 'NONE', #2782, #10335, #10284 ) ;
#10291 = CARTESIAN_POINT ( 'NONE',  ( 50.00000000000000000, -0.7049999999965139708, 37.49999999998743050 ) ) ;
#10292 = CARTESIAN_POINT ( 'NONE',  ( 50.00000000000000000, 9.295000000003438956, 37.49999999998743050 ) ) ;
#10293 = AXIS2_PLACEMENT_3D ( 'NONE', #5784, #9125, #1623 ) ;
#10294 = ORIENTED_EDGE ( 'NONE', *, *, #2325, .T. ) ;
#10295 = VERTEX_POINT ( 'NONE', #5953 ) ;
#10296 = VERTEX_POINT ( 'NONE', #1791 ) ;
#10297 = EDGE_CURVE ( 'NONE', #1558, #9725, #5130, .T. ) ;
#10298 = CIRCLE ( 'NONE', #3657, 0.2000000000000716482 ) ;
#10299 = LINE ( 'NONE', #7061, #5626 ) ;
#10300 = PLANE ( 'NONE',  #4850 ) ;
#10301 = CIRCLE ( 'NONE', #5576, 0.2000000000000889955 ) ;
#10302 = CARTESIAN_POINT ( 'NONE',  ( 50.00000000000000000, -10.70499999999646690, 37.49999999998743050 ) ) ;
#10303 = EDGE_LOOP ( 'NONE', ( #3727, #3386, #4245, #1740 ) ) ;
#10304 = CARTESIAN_POINT ( 'NONE',  ( 50.00000000000000000, -16.48907417370926254, -32.74118095490297264 ) ) ;
#10305 = AXIS2_PLACEMENT_3D ( 'NONE', #96, #8509, #1024 ) ;
#10306 = ORIENTED_EDGE ( 'NONE', *, *, #2658, .F. ) ;
#10307 = AXIS2_PLACEMENT_3D ( 'NONE', #9999, #9945, #5888 ) ;
#10308 = CARTESIAN_POINT ( 'NONE',  ( 50.00000000000000000, -11.80499999999640082, 33.99999999998737366 ) ) ;
#10309 = DIRECTION ( 'NONE',  ( 0.000000000000000000, -1.000000000000000000, 0.000000000000000000 ) ) ;
#10310 = CARTESIAN_POINT ( 'NONE',  ( 50.00000000000000000, 0.2549999999964525088, -34.60000000001095799 ) ) ;
#10311 = LINE ( 'NONE', #8447, #926 ) ;
#10312 = DIRECTION ( 'NONE',  ( 0.000000000000000000, -0.000000000000000000, -1.000000000000000000 ) ) ;
#10313 = ORIENTED_EDGE ( 'NONE', *, *, #7613, .F. ) ;
#10314 = CARTESIAN_POINT ( 'NONE',  ( -50.00000000000000000, 21.04500000000353310, 34.99999999998737366 ) ) ;
#10315 = DIRECTION ( 'NONE',  ( 1.000000000000000000, 0.000000000000000000, 0.000000000000000000 ) ) ;
#10316 = VERTEX_POINT ( 'NONE', #4369 ) ;
#10317 = DIRECTION ( 'NONE',  ( 0.000000000000000000, 0.000000000000000000, -1.000000000000000000 ) ) ;
#10318 = EDGE_LOOP ( 'NONE', ( #35, #3087, #3970, #9703 ) ) ;
#10319 = ORIENTED_EDGE ( 'NONE', *, *, #8534, .T. ) ;
#10320 = DIRECTION ( 'NONE',  ( -1.000000000000000000, -0.000000000000000000, -0.000000000000000000 ) ) ;
#10321 = CARTESIAN_POINT ( 'NONE',  ( -50.00000000000000000, -0.1649999999991935695, -31.70000000000583640 ) ) ;
#10322 = CARTESIAN_POINT ( 'NONE',  ( 50.00000000000000000, 5.794999999996441886, -35.80000000001126637 ) ) ;
#10323 = CARTESIAN_POINT ( 'NONE',  ( 50.00000000000000000, -4.204999999996516635, -37.50000000001251976 ) ) ;
#10324 = AXIS2_PLACEMENT_3D ( 'NONE', #7267, #704, #4751 ) ;
#10325 = ORIENTED_EDGE ( 'NONE', *, *, #7275, .F. ) ;
#10326 = PLANE ( 'NONE',  #7770 ) ;
#10327 = ORIENTED_EDGE ( 'NONE', *, *, #6177, .F. ) ;
#10328 = DIRECTION ( 'NONE',  ( -1.000000000000000000, -0.000000000000000000, -0.000000000000000000 ) ) ;
#10329 = DIRECTION ( 'NONE',  ( 0.000000000000000000, -0.000000000000000000, -1.000000000000000000 ) ) ;
#10330 = ADVANCED_FACE ( 'NONE', ( #975 ), #1030, .F. ) ;
#10331 = AXIS2_PLACEMENT_3D ( 'NONE', #10250, #3416, #2695 ) ;
#10332 = EDGE_CURVE ( 'NONE', #8385, #8291, #5895, .T. ) ;
#10333 = ORIENTED_EDGE ( 'NONE', *, *, #8943, .T. ) ;
#10334 = LINE ( 'NONE', #2829, #170 ) ;
#10335 = DIRECTION ( 'NONE',  ( 1.000000000000000000, 0.000000000000000000, 0.000000000000000000 ) ) ;
#10336 = CARTESIAN_POINT ( 'NONE',  ( -50.00000000000000000, -5.704999999996629434, 37.49999999998743050 ) ) ;
#10337 = CARTESIAN_POINT ( 'NONE',  ( 50.00000000000000000, 6.795000000003326157, 37.49999999998743050 ) ) ;
#10338 = ORIENTED_EDGE ( 'NONE', *, *, #1433, .F. ) ;
#10339 = ORIENTED_EDGE ( 'NONE', *, *, #5460, .T. ) ;
#10340 = EDGE_CURVE ( 'NONE', #4345, #4151, #5152, .T. ) ;
#10341 = AXIS2_PLACEMENT_3D ( 'NONE', #1605, #8931, #8105 ) ;
#10342 = DIRECTION ( 'NONE',  ( 1.000000000000000000, 0.000000000000000000, 0.000000000000000000 ) ) ;
#10343 = EDGE_CURVE ( 'NONE', #2519, #1596, #924, .T. ) ;
#10344 = DIRECTION ( 'NONE',  ( 0.000000000000000000, 0.000000000000000000, -1.000000000000000000 ) ) ;
#10345 = EDGE_CURVE ( 'NONE', #5798, #5292, #5499, .T. ) ;
#10346 = ORIENTED_EDGE ( 'NONE', *, *, #5790, .F. ) ;
#10347 = ORIENTED_EDGE ( 'NONE', *, *, #3176, .T. ) ;
#10348 = EDGE_CURVE ( 'NONE', #1644, #10053, #154, .T. ) ;
#10349 = ORIENTED_EDGE ( 'NONE', *, *, #8848, .T. ) ;
#10350 = VECTOR ( 'NONE', #4875, 1000.000000000000000 ) ;
#10351 = CARTESIAN_POINT ( 'NONE',  ( 50.00000000000000000, -6.404999999998661764, -34.00000000000547118 ) ) ;
#10352 = CARTESIAN_POINT ( 'NONE',  ( 50.00000000000000000, -12.00499999999649070, 32.49999999998737366 ) ) ;
#10353 = DIRECTION ( 'NONE',  ( 0.000000000000000000, 0.000000000000000000, -1.000000000000000000 ) ) ;
#10354 = ORIENTED_EDGE ( 'NONE', *, *, #2827, .F. ) ;
#10355 = CARTESIAN_POINT ( 'NONE',  ( 50.00000000000000000, -0.1649999999964180120, 35.59999999998741771 ) ) ;
#10356 = ADVANCED_FACE ( 'NONE', ( #3431 ), #6766, .F. ) ;
#10357 = VECTOR ( 'NONE', #1146, 1000.000000000000000 ) ;
#10358 = DIRECTION ( 'NONE',  ( 1.000000000000000000, 0.000000000000000000, 0.000000000000000000 ) ) ;
#10359 = EDGE_CURVE ( 'NONE', #2745, #7728, #7698, .T. ) ;
#10360 = ORIENTED_EDGE ( 'NONE', *, *, #923, .T. ) ;
#10361 = VERTEX_POINT ( 'NONE', #9132 ) ;
#10362 = VECTOR ( 'NONE', #7077, 1000.000000000000000 ) ;
#10363 = CARTESIAN_POINT ( 'NONE',  ( 50.00000000000000000, 5.794999999996441886, -37.50000000001130473 ) ) ;
#10364 = CARTESIAN_POINT ( 'NONE',  ( -50.00000000000000000, 7.195000000003504148, 32.69999999998740492 ) ) ;
#10365 = CARTESIAN_POINT ( 'NONE',  ( 50.00000000000000000, 14.34500000000338282, 33.99999999998737366 ) ) ;
#10366 = EDGE_LOOP ( 'NONE', ( #1895, #7205, #3143, #5283 ) ) ;
#10367 = DIRECTION ( 'NONE',  ( -0.000000000000000000, 1.000000000000000000, -0.000000000000000000 ) ) ;
#10368 = ORIENTED_EDGE ( 'NONE', *, *, #8682, .F. ) ;
#10369 = DIRECTION ( 'NONE',  ( 0.000000000000000000, 0.000000000000000000, 1.000000000000000000 ) ) ;
#10370 = VECTOR ( 'NONE', #9095, 1000.000000000000000 ) ;
#10371 = VERTEX_POINT ( 'NONE', #1630 ) ;
#10372 = VERTEX_POINT ( 'NONE', #813 ) ;
#10373 = CARTESIAN_POINT ( 'NONE',  ( -50.00000000000000000, 8.295000000003494023, 35.79999999998739924 ) ) ;
#10374 = CARTESIAN_POINT ( 'NONE',  ( 50.00000000000000000, 0.03500000000122849286, -31.90000000000581082 ) ) ;
#10375 = CARTESIAN_POINT ( 'NONE',  ( 50.00000000000000000, -11.80499999999640082, 33.99999999998737366 ) ) ;
#10376 = CARTESIAN_POINT ( 'NONE',  ( 50.00000000000000000, -12.70499999999652374, 33.99999999998737366 ) ) ;
#10377 = VERTEX_POINT ( 'NONE', #416 ) ;
#10378 = CARTESIAN_POINT ( 'NONE',  ( 50.00000000000000000, -17.45500000000122043, -32.99999999999436540 ) ) ;
#10379 = ORIENTED_EDGE ( 'NONE', *, *, #1443, .F. ) ;
#10380 = CARTESIAN_POINT ( 'NONE',  ( 50.00000000000000000, 9.394999999996155537, -32.50000000001062972 ) ) ;
#10381 = DIRECTION ( 'NONE',  ( 0.000000000000000000, 0.000000000000000000, 1.000000000000000000 ) ) ;
#10382 = AXIS2_PLACEMENT_3D ( 'NONE', #3987, #7220, #7269 ) ;
#10383 = ORIENTED_EDGE ( 'NONE', *, *, #4586, .T. ) ;
#10384 = DIRECTION ( 'NONE',  ( -0.000000000000000000, 0.000000000000000000, 1.000000000000000000 ) ) ;
#10385 = PLANE ( 'NONE',  #341 ) ;
#10386 = DIRECTION ( 'NONE',  ( -0.000000000000000000, -0.000000000000000000, -1.000000000000000000 ) ) ;
#10387 = DIRECTION ( 'NONE',  ( -1.000000000000000000, -0.000000000000000000, -0.000000000000000000 ) ) ;
#10388 = CARTESIAN_POINT ( 'NONE',  ( 50.00000000000000000, 3.795000000003434515, 33.99999999998737366 ) ) ;
#10389 = VERTEX_POINT ( 'NONE', #7752 ) ;
#10390 = EDGE_LOOP ( 'NONE', ( #5123, #622, #6010, #1071 ) ) ;
#10391 = EDGE_CURVE ( 'NONE', #3288, #9822, #2717, .T. ) ;
#10392 = VECTOR ( 'NONE', #6153, 1000.000000000000000 ) ;
#10393 = DIRECTION ( 'NONE',  ( 0.000000000000000000, 0.000000000000000000, -1.000000000000000000 ) ) ;
#10394 = AXIS2_PLACEMENT_3D ( 'NONE', #3920, #9834, #4795 ) ;
#10395 = PLANE ( 'NONE',  #5389 ) ;
#10396 = ORIENTED_EDGE ( 'NONE', *, *, #5672, .T. ) ;
#10397 = ORIENTED_EDGE ( 'NONE', *, *, #3250, .F. ) ;
#10398 = EDGE_LOOP ( 'NONE', ( #9632, #4812, #10254, #1917 ) ) ;
#10399 = VECTOR ( 'NONE', #8414, 1000.000000000000000 ) ;
#10400 = CARTESIAN_POINT ( 'NONE',  ( 50.00000000000000000, -1.744999999996554862, 34.49999999998748734 ) ) ;
#10401 = EDGE_CURVE ( 'NONE', #6073, #3632, #6165, .T. ) ;
#10402 = DIRECTION ( 'NONE',  ( 0.000000000000000000, 0.000000000000000000, -1.000000000000000000 ) ) ;
#10403 = CARTESIAN_POINT ( 'NONE',  ( 50.00000000000000000, -14.20499999999658058, 35.79999999998739924 ) ) ;
#10404 = EDGE_LOOP ( 'NONE', ( #7632, #7271, #8663, #860 ) ) ;
#10405 = EDGE_CURVE ( 'NONE', #1347, #10482, #3594, .T. ) ;
#10406 = DIRECTION ( 'NONE',  ( -1.000000000000000000, -0.000000000000000000, -0.000000000000000000 ) ) ;
#10407 = CARTESIAN_POINT ( 'NONE',  ( -50.00000000000000000, 1.295000000003487806, 37.49999999998743050 ) ) ;
#10408 = ORIENTED_EDGE ( 'NONE', *, *, #2185, .F. ) ;
#10409 =( GEOMETRIC_REPRESENTATION_CONTEXT ( 3 ) GLOBAL_UNCERTAINTY_ASSIGNED_CONTEXT ( ( #3240 ) ) GLOBAL_UNIT_ASSIGNED_CONTEXT ( ( #6154, #3533, #1879 ) ) REPRESENTATION_CONTEXT ( 'NONE', 'WORKASPACE' ) );
#10410 = ORIENTED_EDGE ( 'NONE', *, *, #7140, .F. ) ;
#10411 = ADVANCED_FACE ( 'NONE', ( #1245 ), #10326, .F. ) ;
#10412 = EDGE_CURVE ( 'NONE', #4903, #939, #259, .T. ) ;
#10413 = FACE_OUTER_BOUND ( 'NONE', #9790, .T. ) ;
#10414 = EDGE_CURVE ( 'NONE', #6515, #2533, #4421, .T. ) ;
#10415 = DIRECTION ( 'NONE',  ( 0.000000000000000000, 0.000000000000000000, -1.000000000000000000 ) ) ;
#10416 = DIRECTION ( 'NONE',  ( -0.000000000000000000, 1.000000000000000000, -0.000000000000000000 ) ) ;
#10417 = DIRECTION ( 'NONE',  ( -0.000000000000000000, 1.000000000000000000, -0.000000000000000000 ) ) ;
#10418 = ORIENTED_EDGE ( 'NONE', *, *, #935, .F. ) ;
#10419 = DIRECTION ( 'NONE',  ( -1.000000000000000000, -0.000000000000000000, -0.000000000000000000 ) ) ;
#10420 = ORIENTED_EDGE ( 'NONE', *, *, #6344, .F. ) ;
#10421 = FACE_OUTER_BOUND ( 'NONE', #1818, .T. ) ;
#10422 = ORIENTED_EDGE ( 'NONE', *, *, #10470, .T. ) ;
#10423 = EDGE_LOOP ( 'NONE', ( #4591, #6731, #3432, #8854 ) ) ;
#10424 = VERTEX_POINT ( 'NONE', #5402 ) ;
#10425 = ADVANCED_FACE ( 'NONE', ( #2007 ), #7959, .F. ) ;
#10426 = DIRECTION ( 'NONE',  ( 0.000000000000000000, 0.000000000000000000, 1.000000000000000000 ) ) ;
#10427 = DIRECTION ( 'NONE',  ( 0.000000000000000000, 0.000000000000000000, -1.000000000000000000 ) ) ;
#10428 = LINE ( 'NONE', #5445, #2394 ) ;
#10429 = VECTOR ( 'NONE', #6765, 1000.000000000000000 ) ;
#10430 = DIRECTION ( 'NONE',  ( 0.000000000000000000, 0.000000000000000000, 1.000000000000000000 ) ) ;
#10431 = VERTEX_POINT ( 'NONE', #6279 ) ;
#10432 = CARTESIAN_POINT ( 'NONE',  ( 50.00000000000000000, -17.95499999999650242, 37.99999999998738076 ) ) ;
#10433 = VERTEX_POINT ( 'NONE', #10432 ) ;
#10434 = FACE_OUTER_BOUND ( 'NONE', #3723, .T. ) ;
#10435 = CARTESIAN_POINT ( 'NONE',  ( 50.00000000000000000, 11.89499999999632607, -32.70000000001061125 ) ) ;
#10436 = AXIS2_PLACEMENT_3D ( 'NONE', #1873, #8558, #1067 ) ;
#10437 = ORIENTED_EDGE ( 'NONE', *, *, #7676, .T. ) ;
#10438 = EDGE_LOOP ( 'NONE', ( #7555, #2666, #5708, #1601 ) ) ;
#10439 = CARTESIAN_POINT ( 'NONE',  ( 50.00000000000000000, 20.64500000000346702, -27.50000000001251266 ) ) ;
#10440 = AXIS2_PLACEMENT_3D ( 'NONE', #1355, #5458, #6441 ) ;
#10441 = CARTESIAN_POINT ( 'NONE',  ( 50.00000000000000000, 1.995000000003521734, 33.99999999998737366 ) ) ;
#10442 = PLANE ( 'NONE',  #10119 ) ;
#10443 = LINE ( 'NONE', #9628, #3014 ) ;
#10444 = AXIS2_PLACEMENT_3D ( 'NONE', #6137, #2139, #500 ) ;
#10445 = DIRECTION ( 'NONE',  ( -1.000000000000000000, -0.000000000000000000, -0.000000000000000000 ) ) ;
#10446 = ORIENTED_EDGE ( 'NONE', *, *, #7001, .T. ) ;
#10447 = ORIENTED_EDGE ( 'NONE', *, *, #7206, .T. ) ;
#10448 = EDGE_CURVE ( 'NONE', #9530, #7419, #2182, .T. ) ;
#10449 = DIRECTION ( 'NONE',  ( -1.000000000000000000, -0.000000000000000000, -0.000000000000000000 ) ) ;
#10450 = VECTOR ( 'NONE', #1342, 1000.000000000000000 ) ;
#10451 = DIRECTION ( 'NONE',  ( 0.000000000000000000, 0.000000000000000000, -1.000000000000000000 ) ) ;
#10452 = AXIS2_PLACEMENT_3D ( 'NONE', #10304, #6140, #9482 ) ;
#10453 = ORIENTED_EDGE ( 'NONE', *, *, #6103, .F. ) ;
#10454 = ORIENTED_EDGE ( 'NONE', *, *, #8928, .F. ) ;
#10455 = ORIENTED_EDGE ( 'NONE', *, *, #3789, .F. ) ;
#10456 = AXIS2_PLACEMENT_3D ( 'NONE', #7704, #1798, #3497 ) ;
#10457 = ADVANCED_FACE ( 'NONE', ( #5345 ), #8626, .F. ) ;
#10458 = STYLED_ITEM ( 'NONE', ( #4268 ), #4462 ) ;
#10459 = DIRECTION ( 'NONE',  ( -1.000000000000000000, -0.000000000000000000, -0.000000000000000000 ) ) ;
#10460 = DIRECTION ( 'NONE',  ( -1.000000000000000000, -0.000000000000000000, -0.000000000000000000 ) ) ;
#10461 = CYLINDRICAL_SURFACE ( 'NONE', #8617, 0.2000000000000334843 ) ;
#10462 = ORIENTED_EDGE ( 'NONE', *, *, #4937, .F. ) ;
#10463 = CYLINDRICAL_SURFACE ( 'NONE', #5374, 0.1999999999999779732 ) ;
#10464 = AXIS2_PLACEMENT_3D ( 'NONE', #941, #9311, #4382 ) ;
#10465 = DIRECTION ( 'NONE',  ( 0.000000000000000000, 0.000000000000000000, 1.000000000000000000 ) ) ;
#10466 = ORIENTED_EDGE ( 'NONE', *, *, #7487, .F. ) ;
#10467 = VECTOR ( 'NONE', #10386, 1000.000000000000000 ) ;
#10468 = VECTOR ( 'NONE', #7188, 1000.000000000000000 ) ;
#10469 = ORIENTED_EDGE ( 'NONE', *, *, #3384, .T. ) ;
#10470 = EDGE_CURVE ( 'NONE', #5654, #2886, #4287, .T. ) ;
#10471 = EDGE_CURVE ( 'NONE', #9727, #5926, #4809, .T. ) ;
#10472 = AXIS2_PLACEMENT_3D ( 'NONE', #3656, #2010, #10329 ) ;
#10473 = DIRECTION ( 'NONE',  ( 0.000000000000000000, 0.000000000000000000, -1.000000000000000000 ) ) ;
#10474 = DIRECTION ( 'NONE',  ( 1.000000000000000000, 0.000000000000000000, 0.000000000000000000 ) ) ;
#10475 = LINE ( 'NONE', #2968, #6096 ) ;
#10476 = AXIS2_PLACEMENT_3D ( 'NONE', #6662, #2502, #5840 ) ;
#10477 = DIRECTION ( 'NONE',  ( -0.000000000000000000, 1.000000000000000000, -0.000000000000000000 ) ) ;
#10478 = EDGE_LOOP ( 'NONE', ( #10543, #9101, #9995, #3438 ) ) ;
#10479 = EDGE_CURVE ( 'NONE', #4125, #9472, #2771, .T. ) ;
#10480 = EDGE_CURVE ( 'NONE', #2187, #5585, #9179, .T. ) ;
#10481 = AXIS2_PLACEMENT_3D ( 'NONE', #5297, #5959, #7600 ) ;
#10482 = VERTEX_POINT ( 'NONE', #4528 ) ;
#10483 = ADVANCED_FACE ( 'NONE', ( #310 ), #8573, .T. ) ;
#10484 = VECTOR ( 'NONE', #5480, 1000.000000000000000 ) ;
#10485 = ORIENTED_EDGE ( 'NONE', *, *, #5593, .F. ) ;
#10486 = EDGE_CURVE ( 'NONE', #4764, #1555, #2929, .T. ) ;
#10487 = CARTESIAN_POINT ( 'NONE',  ( 50.00000000000000000, -12.50499999999843403, -32.50000000000563460 ) ) ;
#10488 = CARTESIAN_POINT ( 'NONE',  ( 50.00000000000000000, -10.70499999999646690, 37.49999999998743050 ) ) ;
#10489 = CYLINDRICAL_SURFACE ( 'NONE', #6232, 0.2000000000002000178 ) ;
#10490 = DIRECTION ( 'NONE',  ( -0.000000000000000000, -0.000000000000000000, 1.000000000000000000 ) ) ;
#10491 = ORIENTED_EDGE ( 'NONE', *, *, #2571, .T. ) ;
#10492 = CARTESIAN_POINT ( 'NONE',  ( 50.00000000000000000, -3.704999999998903615, -32.70000000000561613 ) ) ;
#10493 = ORIENTED_EDGE ( 'NONE', *, *, #6127, .T. ) ;
#10494 = FACE_OUTER_BOUND ( 'NONE', #6166, .T. ) ;
#10495 = EDGE_CURVE ( 'NONE', #10271, #9493, #3702, .T. ) ;
#10496 = DIRECTION ( 'NONE',  ( -1.000000000000000000, -0.000000000000000000, -0.000000000000000000 ) ) ;
#10497 = VERTEX_POINT ( 'NONE', #2876 ) ;
#10498 = ORIENTED_EDGE ( 'NONE', *, *, #6014, .F. ) ;
#10499 = CARTESIAN_POINT ( 'NONE',  ( 50.00000000000000000, 14.84499999999622233, -32.79417527064209992 ) ) ;
#10500 = VECTOR ( 'NONE', #5855, 1000.000000000000000 ) ;
#10501 = CARTESIAN_POINT ( 'NONE',  ( 50.00000000000000000, -6.704999999996519300, 35.79999999998739924 ) ) ;
#10502 = DIRECTION ( 'NONE',  ( 0.000000000000000000, 0.000000000000000000, -1.000000000000000000 ) ) ;
#10503 = CARTESIAN_POINT ( 'NONE',  ( -50.00000000000000000, -17.45500000000122043, -31.99999999999447908 ) ) ;
#10504 = CARTESIAN_POINT ( 'NONE',  ( 50.00000000000000000, 10.79499999999633530, -35.80000000001126637 ) ) ;
#10505 = EDGE_LOOP ( 'NONE', ( #5302, #9053, #10327, #6374 ) ) ;
#10506 = VERTEX_POINT ( 'NONE', #6219 ) ;
#10507 = DIRECTION ( 'NONE',  ( -0.000000000000000000, -1.000000000000000000, -0.000000000000000000 ) ) ;
#10508 = DIRECTION ( 'NONE',  ( 0.000000000000000000, 0.000000000000000000, 1.000000000000000000 ) ) ;
#10509 = AXIS2_PLACEMENT_3D ( 'NONE', #1117, #4348, #238 ) ;
#10510 = EDGE_LOOP ( 'NONE', ( #6359, #10109, #6562, #9704 ) ) ;
#10511 = ORIENTED_EDGE ( 'NONE', *, *, #2048, .F. ) ;
#10512 = ORIENTED_EDGE ( 'NONE', *, *, #3330, .F. ) ;
#10513 = DIRECTION ( 'NONE',  ( -1.000000000000000000, -0.000000000000000000, -0.000000000000000000 ) ) ;
#10514 = CARTESIAN_POINT ( 'NONE',  ( 50.00000000000000000, 4.695000000003557439, 32.69999999998740492 ) ) ;
#10515 = AXIS2_PLACEMENT_3D ( 'NONE', #8595, #2845, #4492 ) ;
#10516 = DIRECTION ( 'NONE',  ( 0.000000000000000000, 1.000000000000000000, 0.000000000000000000 ) ) ;
#10517 = CARTESIAN_POINT ( 'NONE',  ( 50.00000000000000000, 20.64500000000346702, -27.50000000001251266 ) ) ;
#10518 = ORIENTED_EDGE ( 'NONE', *, *, #9742, .T. ) ;
#10519 = LINE ( 'NONE', #1381, #9929 ) ;
#10520 = DIRECTION ( 'NONE',  ( -0.000000000000000000, -1.000000000000000000, -0.000000000000000000 ) ) ;
#10521 = ORIENTED_EDGE ( 'NONE', *, *, #6039, .F. ) ;
#10522 = VECTOR ( 'NONE', #7825, 1000.000000000000000 ) ;
#10523 = ORIENTED_EDGE ( 'NONE', *, *, #842, .F. ) ;
#10524 = CARTESIAN_POINT ( 'NONE',  ( 50.00000000000000000, -7.104999999996475246, 32.49999999998743050 ) ) ;
#10525 = CARTESIAN_POINT ( 'NONE',  ( -50.00000000000000000, -6.704999999996519300, 35.79999999998739924 ) ) ;
#10526 = DIRECTION ( 'NONE',  ( -0.000000000000000000, 1.000000000000000000, -0.000000000000000000 ) ) ;
#10527 = DIRECTION ( 'NONE',  ( 0.000000000000000000, 0.000000000000000000, 1.000000000000000000 ) ) ;
#10528 = CIRCLE ( 'NONE', #10186, 1.000000000002540634 ) ;
#10529 = PLANE ( 'NONE',  #9517 ) ;
#10530 = VERTEX_POINT ( 'NONE', #6544 ) ;
#10531 = EDGE_CURVE ( 'NONE', #8815, #5761, #2162, .T. ) ;
#10532 = VERTEX_POINT ( 'NONE', #10706 ) ;
#10533 = CIRCLE ( 'NONE', #5823, 0.4999999999999449329 ) ;
#10534 = EDGE_LOOP ( 'NONE', ( #726, #4276, #6260, #5073 ) ) ;
#10535 = PLANE ( 'NONE',  #7647 ) ;
#10536 = CARTESIAN_POINT ( 'NONE',  ( -50.00000000000000000, -0.1649999999968621012, 31.69999999998740492 ) ) ;
#10537 = DIRECTION ( 'NONE',  ( -1.000000000000000000, -0.000000000000000000, -0.000000000000000000 ) ) ;
#10538 = EDGE_CURVE ( 'NONE', #6482, #8895, #1142, .T. ) ;
#10539 = DIRECTION ( 'NONE',  ( 1.000000000000000000, 0.000000000000000000, 0.000000000000000000 ) ) ;
#10540 = ORIENTED_EDGE ( 'NONE', *, *, #3996, .F. ) ;
#10541 = EDGE_CURVE ( 'NONE', #8940, #6634, #6432, .T. ) ;
#10542 = CARTESIAN_POINT ( 'NONE',  ( 50.00000000000000000, -0.7049999999965139708, 37.49999999998743050 ) ) ;
#10543 = ORIENTED_EDGE ( 'NONE', *, *, #2310, .T. ) ;
#10544 = VECTOR ( 'NONE', #9371, 1000.000000000000000 ) ;
#10545 = ADVANCED_FACE ( 'NONE', ( #3809 ), #2332, .F. ) ;
#10546 = DIRECTION ( 'NONE',  ( 0.000000000000000000, -0.7071067811865474617, 0.7071067811865474617 ) ) ;
#10547 = CARTESIAN_POINT ( 'NONE',  ( 50.00000000000000000, -0.1649999999991935695, -31.70000000000583640 ) ) ;
#10548 = ORIENTED_EDGE ( 'NONE', *, *, #5321, .F. ) ;
#10549 = ORIENTED_EDGE ( 'NONE', *, *, #7973, .F. ) ;
#10550 = CARTESIAN_POINT ( 'NONE',  ( 50.00000000000000000, -17.45500000000122043, -31.99999999999447908 ) ) ;
#10551 = LINE ( 'NONE', #4748, #4533 ) ;
#10552 = LINE ( 'NONE', #9787, #4351 ) ;
#10553 = ADVANCED_FACE ( 'NONE', ( #3088 ), #582, .F. ) ;
#10554 = CARTESIAN_POINT ( 'NONE',  ( 50.00000000000000000, -0.7049999999965139708, -35.80000000000549676 ) ) ;
#10555 = EDGE_CURVE ( 'NONE', #7751, #3521, #8819, .T. ) ;
#10556 = DIRECTION ( 'NONE',  ( 0.000000000000000000, 0.000000000000000000, 1.000000000000000000 ) ) ;
#10557 = ORIENTED_EDGE ( 'NONE', *, *, #3782, .T. ) ;
#10558 = CARTESIAN_POINT ( 'NONE',  ( 50.00000000000000000, 0.03500000000344893891, 31.89999999998760671 ) ) ;
#10559 = CARTESIAN_POINT ( 'NONE',  ( 50.00000000000000000, 13.79500000000344428, 37.99999999998743050 ) ) ;
#10560 = ORIENTED_EDGE ( 'NONE', *, *, #10066, .F. ) ;
#10561 = EDGE_LOOP ( 'NONE', ( #5857, #6930, #4284, #9593 ) ) ;
#10562 = ORIENTED_EDGE ( 'NONE', *, *, #922, .F. ) ;
#10563 = EDGE_CURVE ( 'NONE', #3222, #7183, #3036, .T. ) ;
#10564 = PLANE ( 'NONE',  #5552 ) ;
#10565 = EDGE_CURVE ( 'NONE', #7914, #6620, #9008, .T. ) ;
#10566 = CARTESIAN_POINT ( 'NONE',  ( 50.00000000000000000, 13.29499999999655913, -37.50000000001130473 ) ) ;
#10567 = DIRECTION ( 'NONE',  ( -1.000000000000000000, -0.000000000000000000, -0.000000000000000000 ) ) ;
#10568 = AXIS2_PLACEMENT_3D ( 'NONE', #3090, #5615, #4687 ) ;
#10569 = CYLINDRICAL_SURFACE ( 'NONE', #1758, 0.5000000000000004441 ) ;
#10570 = ORIENTED_EDGE ( 'NONE', *, *, #371, .F. ) ;
#10571 = LINE ( 'NONE', #8761, #8348 ) ;
#10572 = CARTESIAN_POINT ( 'NONE',  ( 50.00000000000000000, -1.744999999996554862, 32.99999999998737366 ) ) ;
#10573 = ORIENTED_EDGE ( 'NONE', *, *, #6737, .T. ) ;
#10574 = ORIENTED_EDGE ( 'NONE', *, *, #5532, .F. ) ;
#10575 = VECTOR ( 'NONE', #8783, 1000.000000000000000 ) ;
#10576 = DIRECTION ( 'NONE',  ( 0.000000000000000000, 0.000000000000000000, -1.000000000000000000 ) ) ;
#10577 = CARTESIAN_POINT ( 'NONE',  ( 50.00000000000000000, -7.104999999998806715, -32.50000000000563460 ) ) ;
#10578 = CARTESIAN_POINT ( 'NONE',  ( 50.00000000000000000, 16.57907417371439607, 32.74118095488487512 ) ) ;
#10579 = CARTESIAN_POINT ( 'NONE',  ( -50.00000000000000000, 20.98642135624073646, 27.84142135622458269 ) ) ;
#10580 = CARTESIAN_POINT ( 'NONE',  ( 50.00000000000000000, 12.59499999999624720, -32.70000000001061125 ) ) ;
#10581 = ORIENTED_EDGE ( 'NONE', *, *, #6141, .F. ) ;
#10582 = AXIS2_PLACEMENT_3D ( 'NONE', #88, #804, #8452 ) ;
#10583 = ORIENTED_EDGE ( 'NONE', *, *, #9418, .T. ) ;
#10584 = ORIENTED_EDGE ( 'NONE', *, *, #581, .F. ) ;
#10585 = CARTESIAN_POINT ( 'NONE',  ( 50.00000000000000000, 3.995000000003523510, 32.69999999998740492 ) ) ;
#10586 = DIRECTION ( 'NONE',  ( 0.000000000000000000, 0.000000000000000000, -1.000000000000000000 ) ) ;
#10587 = EDGE_CURVE ( 'NONE', #6545, #1962, #8646, .T. ) ;
#10588 = DIRECTION ( 'NONE',  ( 0.000000000000000000, 1.000000000000000000, 0.000000000000000000 ) ) ;
#10589 = CARTESIAN_POINT ( 'NONE',  ( 50.00000000000000000, 12.79500000000344251, 33.99999999998737366 ) ) ;
#10590 = VERTEX_POINT ( 'NONE', #8950 ) ;
#10591 = CARTESIAN_POINT ( 'NONE',  ( 50.00000000000000000, -9.304999999996566018, 32.69999999998740492 ) ) ;
#10592 = EDGE_LOOP ( 'NONE', ( #8653, #9666, #2485, #5026 ) ) ;
#10593 = CARTESIAN_POINT ( 'NONE',  ( 50.00000000000000000, -6.404999999998661764, -32.70000000000561613 ) ) ;
#10594 = FACE_OUTER_BOUND ( 'NONE', #7492, .T. ) ;
#10595 = ORIENTED_EDGE ( 'NONE', *, *, #7051, .T. ) ;
#10596 = VERTEX_POINT ( 'NONE', #5556 ) ;
#10597 = EDGE_CURVE ( 'NONE', #5478, #2022, #8125, .T. ) ;
#10598 = CIRCLE ( 'NONE', #3436, 0.5000000000000004441 ) ;
#10599 = LINE ( 'NONE', #3097, #5901 ) ;
#10600 = DIRECTION ( 'NONE',  ( 0.000000000000000000, 0.000000000000000000, 1.000000000000000000 ) ) ;
#10601 = ADVANCED_FACE ( 'NONE', ( #4031 ), #5613, .T. ) ;
#10602 = CARTESIAN_POINT ( 'NONE',  ( 50.00000000000000000, -20.55499999999643634, -27.50000000001251266 ) ) ;
#10603 = LINE ( 'NONE', #1467, #3006 ) ;
#10604 = CARTESIAN_POINT ( 'NONE',  ( -50.00000000000000000, -16.48907417370926254, -32.74118095490297264 ) ) ;
#10605 = VERTEX_POINT ( 'NONE', #4845 ) ;
#10606 = LINE ( 'NONE', #9023, #5489 ) ;
#10607 = VECTOR ( 'NONE', #5376, 1000.000000000000000 ) ;
#10608 = EDGE_CURVE ( 'NONE', #10506, #572, #8121, .T. ) ;
#10609 = DIRECTION ( 'NONE',  ( 0.000000000000000000, 0.000000000000000000, -1.000000000000000000 ) ) ;
#10610 = VERTEX_POINT ( 'NONE', #7366 ) ;
#10611 = EDGE_CURVE ( 'NONE', #492, #653, #1348, .T. ) ;
#10612 = ORIENTED_EDGE ( 'NONE', *, *, #8470, .T. ) ;
#10613 = ORIENTED_EDGE ( 'NONE', *, *, #9288, .F. ) ;
#10614 = EDGE_CURVE ( 'NONE', #6258, #9904, #101, .T. ) ;
#10615 = VECTOR ( 'NONE', #10740, 1000.000000000000000 ) ;
#10616 = DIRECTION ( 'NONE',  ( 1.000000000000000000, 0.000000000000000000, -0.000000000000000000 ) ) ;
#10617 = CLOSED_SHELL ( 'NONE', ( #3596, #2919, #9137, #4519, #633, #5175, #6130, #7042, #6879, #3760, #2986, #1713, #6461, #9534, #1692, #8064, #5516, #10163, #7263, #2781, #10097, #5518, #5338, #641, #6747, #10228, #4719, #3981, #9791, #7998, #1964, #10082, #2100, #7266, #6866, #7912, #5474, #1204, #6199, #4181, #5935, #9799, #6142, #2241, #6581, #1642, #10751, #6931, #3959, #2045, #4791, #10726, #7789, #4169, #6732, #10003, #4206, #4128, #8645, #10739, #7925, #358, #1049, #5938, #9603, #4395, #4326, #3675, #10545, #992, #8058, #510, #2288, #981, #3129, #2725, #7387, #3662, #9332, #3474, #4321, #3586, #2719, #1848, #5979, #4709, #9967, #6651, #647, #7601, #6267, #421, #10255, #7550, #1585, #6724, #5643, #3181, #10411, #8413, #5322, #833, #2259, #3988, #2309, #1389, #9551, #2643, #10207, #4459, #1927, #5587, #656, #2322, #10330, #309, #774, #5371, #927, #3916, #7982, #1460, #2691, #1327, #3523, #1388, #6524, #9825, #4180, #7157, #7923, #7406, #7345, #4650, #52, #5115, #8264, #7777, #9346, #5998, #1773, #9155, #1434, #499, #2727, #6133, #9467, #10819, #7114, #2802, #8404, #6865, #9490, #1999, #3187, #9877, #5105, #3584, #7392, #2374, #3239 ) ) ;
#10618 = PLANE ( 'NONE',  #1954 ) ;
#10619 = CARTESIAN_POINT ( 'NONE',  ( -50.00000000000000000, -4.204999999996516635, -37.50000000001251976 ) ) ;
#10620 = DIRECTION ( 'NONE',  ( 0.000000000000000000, 0.000000000000000000, -1.000000000000000000 ) ) ;
#10621 = ORIENTED_EDGE ( 'NONE', *, *, #4666, .F. ) ;
#10622 = ORIENTED_EDGE ( 'NONE', *, *, #3847, .T. ) ;
#10623 = VECTOR ( 'NONE', #3046, 1000.000000000000000 ) ;
#10624 = VECTOR ( 'NONE', #8387, 1000.000000000000000 ) ;
#10625 = DIRECTION ( 'NONE',  ( 0.000000000000000000, 0.000000000000000000, 1.000000000000000000 ) ) ;
#10626 = DIRECTION ( 'NONE',  ( 0.000000000000000000, -1.000000000000000000, 0.000000000000000000 ) ) ;
#10627 = ORIENTED_EDGE ( 'NONE', *, *, #3660, .T. ) ;
#10628 = EDGE_CURVE ( 'NONE', #7070, #379, #3943, .T. ) ;
#10629 = VERTEX_POINT ( 'NONE', #10492 ) ;
#10630 = AXIS2_PLACEMENT_3D ( 'NONE', #2240, #6404, #8972 ) ;
#10631 = VECTOR ( 'NONE', #7695, 1000.000000000000000 ) ;
#10632 = LINE ( 'NONE', #8052, #5269 ) ;
#10633 = PLANE ( 'NONE',  #7644 ) ;
#10634 = VECTOR ( 'NONE', #10832, 1000.000000000000000 ) ;
#10635 = CARTESIAN_POINT ( 'NONE',  ( 50.00000000000000000, -12.50499999999843403, -32.70000000000561613 ) ) ;
#10636 = DIRECTION ( 'NONE',  ( -1.000000000000000000, -0.000000000000000000, -0.000000000000000000 ) ) ;
#10637 = CARTESIAN_POINT ( 'NONE',  ( 50.00000000000000000, 3.795000000003434515, 32.69999999998740492 ) ) ;
#10638 = ORIENTED_EDGE ( 'NONE', *, *, #10692, .T. ) ;
#10639 = VECTOR ( 'NONE', #6315, 1000.000000000000000 ) ;
#10640 = ORIENTED_EDGE ( 'NONE', *, *, #7315, .F. ) ;
#10642 = ORIENTED_EDGE ( 'NONE', *, *, #2597, .T. ) ;
#10641 = VECTOR ( 'NONE', #2933, 1000.000000000000000 ) ;
#10643 = ORIENTED_EDGE ( 'NONE', *, *, #846, .F. ) ;
#10644 = DIRECTION ( 'NONE',  ( 1.000000000000000000, 0.000000000000000000, 0.000000000000000000 ) ) ;
#10645 = CARTESIAN_POINT ( 'NONE',  ( -50.00000000000000000, -15.70499999999652729, -35.80000000001248850 ) ) ;
#10646 = LINE ( 'NONE', #9829, #8684 ) ;
#10647 = CIRCLE ( 'NONE', #1563, 0.2000000000000889955 ) ;
#10648 = LINE ( 'NONE', #579, #1025 ) ;
#10649 = ORIENTED_EDGE ( 'NONE', *, *, #4861, .F. ) ;
#10650 = DIRECTION ( 'NONE',  ( -1.000000000000000000, -0.000000000000000000, -0.000000000000000000 ) ) ;
#10651 = VECTOR ( 'NONE', #9444, 1000.000000000000000 ) ;
#10652 = VERTEX_POINT ( 'NONE', #2984 ) ;
#10653 = DIRECTION ( 'NONE',  ( -0.000000000000000000, -0.000000000000000000, 1.000000000000000000 ) ) ;
#10654 = CARTESIAN_POINT ( 'NONE',  ( 50.00000000000000000, -13.70499999999652552, 37.99999999998748734 ) ) ;
#10655 = ORIENTED_EDGE ( 'NONE', *, *, #3993, .F. ) ;
#10656 = VERTEX_POINT ( 'NONE', #6330 ) ;
#10657 = CARTESIAN_POINT ( 'NONE',  ( -50.00000000000000000, 14.34500000000338282, 33.99999999998737366 ) ) ;
#10658 = FACE_OUTER_BOUND ( 'NONE', #9315, .T. ) ;
#10659 = DIRECTION ( 'NONE',  ( 0.000000000000000000, -1.000000000000000000, 0.000000000000000000 ) ) ;
#10660 = LINE ( 'NONE', #3821, #48 ) ;
#10661 = DIRECTION ( 'NONE',  ( 0.000000000000000000, 0.000000000000000000, -1.000000000000000000 ) ) ;
#10662 = ORIENTED_EDGE ( 'NONE', *, *, #5815, .T. ) ;
#10663 = EDGE_CURVE ( 'NONE', #8763, #10506, #9668, .T. ) ;
#10664 = CARTESIAN_POINT ( 'NONE',  ( 50.00000000000000000, 14.29499999999650584, -35.80000000001126637 ) ) ;
#10665 = LINE ( 'NONE', #9024, #7139 ) ;
#10666 = EDGE_CURVE ( 'NONE', #407, #1859, #8018, .T. ) ;
#10667 = ORIENTED_EDGE ( 'NONE', *, *, #7973, .T. ) ;
#10668 = ORIENTED_EDGE ( 'NONE', *, *, #2536, .T. ) ;
#10669 = EDGE_LOOP ( 'NONE', ( #2324, #5993, #10734, #1792 ) ) ;
#10670 = LINE ( 'NONE', #7495, #8724 ) ;
#10671 = PLANE ( 'NONE',  #8520 ) ;
#10672 = EDGE_CURVE ( 'NONE', #10316, #9943, #7421, .T. ) ;
#10673 = DIRECTION ( 'NONE',  ( 1.000000000000000000, 0.000000000000000000, 0.000000000000000000 ) ) ;
#10674 = DIRECTION ( 'NONE',  ( 0.000000000000000000, -0.000000000000000000, -1.000000000000000000 ) ) ;
#10675 = EDGE_CURVE ( 'NONE', #7233, #4813, #4297, .T. ) ;
#10676 = LINE ( 'NONE', #9973, #10370 ) ;
#10677 = VERTEX_POINT ( 'NONE', #8346 ) ;
#10678 = ORIENTED_EDGE ( 'NONE', *, *, #6583, .F. ) ;
#10679 = AXIS2_PLACEMENT_3D ( 'NONE', #8477, #9253, #937 ) ;
#10680 = EDGE_CURVE ( 'NONE', #6620, #9382, #4195, .T. ) ;
#10681 = LINE ( 'NONE', #6517, #1466 ) ;
#10682 = PLANE ( 'NONE',  #2760 ) ;
#10683 = EDGE_CURVE ( 'NONE', #7097, #9480, #7526, .T. ) ;
#10684 = ORIENTED_EDGE ( 'NONE', *, *, #511, .T. ) ;
#10685 = ORIENTED_EDGE ( 'NONE', *, *, #8337, .F. ) ;
#10686 = AXIS2_PLACEMENT_3D ( 'NONE', #5985, #9327, #8496 ) ;
#10687 = PLANE ( 'NONE',  #2649 ) ;
#10688 = LINE ( 'NONE', #4827, #7990 ) ;
#10689 = ADVANCED_FACE ( 'NONE', ( #7469 ), #4244, .T. ) ;
#10690 = CARTESIAN_POINT ( 'NONE',  ( -50.00000000000000000, -20.89642135623381947, -27.84142135624989578 ) ) ;
#10691 = CARTESIAN_POINT ( 'NONE',  ( 50.00000000000000000, -17.95499999999650242, 37.99999999998738076 ) ) ;
#10692 = EDGE_CURVE ( 'NONE', #6447, #8976, #7578, .T. ) ;
#10693 = DIRECTION ( 'NONE',  ( 0.000000000000000000, 1.000000000000000000, 0.000000000000000000 ) ) ;
#10694 = VERTEX_POINT ( 'NONE', #10814 ) ;
#10695 = VECTOR ( 'NONE', #5700, 1000.000000000000000 ) ;
#10696 = VERTEX_POINT ( 'NONE', #10158 ) ;
#10697 = ORIENTED_EDGE ( 'NONE', *, *, #6004, .T. ) ;
#10698 = VERTEX_POINT ( 'NONE', #8294 ) ;
#10699 = DIRECTION ( 'NONE',  ( 0.000000000000000000, 0.000000000000000000, -1.000000000000000000 ) ) ;
#10700 = CIRCLE ( 'NONE', #9126, 0.2000000000000334843 ) ;
#10701 = LINE ( 'NONE', #688, #9986 ) ;
#10702 = DIRECTION ( 'NONE',  ( -1.000000000000000000, 0.000000000000000000, -0.000000000000000000 ) ) ;
#10703 = CARTESIAN_POINT ( 'NONE',  ( -50.00000000000000000, -9.204999999996577031, -37.50000000001251976 ) ) ;
#10704 = ORIENTED_EDGE ( 'NONE', *, *, #1170, .F. ) ;
#10705 = DIRECTION ( 'NONE',  ( 0.000000000000000000, 0.000000000000000000, -1.000000000000000000 ) ) ;
#10706 = CARTESIAN_POINT ( 'NONE',  ( -50.00000000000000000, 11.89499999999632607, -34.00000000001046629 ) ) ;
#10707 = ORIENTED_EDGE ( 'NONE', *, *, #3651, .T. ) ;
#10708 = PLANE ( 'NONE',  #8293 ) ;
#10709 = LINE ( 'NONE', #3212, #8887 ) ;
#10710 = CIRCLE ( 'NONE', #5984, 0.1999999999999363398 ) ;
#10711 = VERTEX_POINT ( 'NONE', #3370 ) ;
#10712 = DIRECTION ( 'NONE',  ( 0.000000000000000000, 0.000000000000000000, 1.000000000000000000 ) ) ;
#10713 = CARTESIAN_POINT ( 'NONE',  ( -50.00000000000000000, 0.2549999999964525088, -34.80000000001115268 ) ) ;
#10714 = DIRECTION ( 'NONE',  ( -0.000000000000000000, 1.000000000000000000, -0.000000000000000000 ) ) ;
#10715 = AXIS2_PLACEMENT_3D ( 'NONE', #10364, #7947, #4507 ) ;
#10716 = DIRECTION ( 'NONE',  ( -0.000000000000000000, 1.000000000000000000, 0.000000000000000000 ) ) ;
#10717 = ORIENTED_EDGE ( 'NONE', *, *, #10672, .T. ) ;
#10718 = DIRECTION ( 'NONE',  ( 0.000000000000000000, 1.000000000000000000, 0.000000000000000000 ) ) ;
#10719 = ADVANCED_FACE ( 'NONE', ( #4136 ), #3481, .T. ) ;
#10720 = CARTESIAN_POINT ( 'NONE',  ( 50.00000000000000000, -17.51712446302988724, 31.29999999999433413 ) ) ;
#10721 = ORIENTED_EDGE ( 'NONE', *, *, #725, .F. ) ;
#10722 = VERTEX_POINT ( 'NONE', #142 ) ;
#10723 = ORIENTED_EDGE ( 'NONE', *, *, #4415, .T. ) ;
#10724 = CARTESIAN_POINT ( 'NONE',  ( 50.00000000000000000, -4.604999999996528537, 32.19999999998756834 ) ) ;
#10725 = FACE_OUTER_BOUND ( 'NONE', #4078, .T. ) ;
#10726 = ADVANCED_FACE ( 'NONE', ( #4086 ), #6817, .T. ) ;
#10727 = DIRECTION ( 'NONE',  ( 0.000000000000000000, -1.000000000000000000, 0.000000000000000000 ) ) ;
#10728 = CARTESIAN_POINT ( 'NONE',  ( 50.00000000000000000, -3.704999999996516635, 37.49999999998743050 ) ) ;
#10729 = ORIENTED_EDGE ( 'NONE', *, *, #8838, .T. ) ;
#10730 = ORIENTED_EDGE ( 'NONE', *, *, #1837, .T. ) ;
#10731 = PLANE ( 'NONE',  #1811 ) ;
#10732 = AXIS2_PLACEMENT_3D ( 'NONE', #3504, #10183, #2679 ) ;
#10733 = CYLINDRICAL_SURFACE ( 'NONE', #8906, 0.4999999999999449329 ) ;
#10734 = ORIENTED_EDGE ( 'NONE', *, *, #8127, .F. ) ;
#10735 = ORIENTED_EDGE ( 'NONE', *, *, #798, .F. ) ;
#10736 = VECTOR ( 'NONE', #6878, 1000.000000000000000 ) ;
#10737 = EDGE_CURVE ( 'NONE', #9536, #7253, #3423, .T. ) ;
#10738 = CARTESIAN_POINT ( 'NONE',  ( -50.00000000000000000, 1.795000000003432739, 35.79999999998739924 ) ) ;
#10739 = ADVANCED_FACE ( 'NONE', ( #9942 ), #10052, .T. ) ;
#10740 = DIRECTION ( 'NONE',  ( 0.000000000000000000, 0.000000000000000000, 1.000000000000000000 ) ) ;
#10741 = CARTESIAN_POINT ( 'NONE',  ( 50.00000000000000000, -6.404999999996441318, 32.69999999998740492 ) ) ;
#10742 = LINE ( 'NONE', #3357, #9422 ) ;
#10743 = DIRECTION ( 'NONE',  ( 0.000000000000000000, -1.000000000000000000, 0.000000000000000000 ) ) ;
#10744 = VERTEX_POINT ( 'NONE', #1673 ) ;
#10745 = VECTOR ( 'NONE', #10419, 1000.000000000000000 ) ;
#10746 = EDGE_CURVE ( 'NONE', #2561, #1194, #1728, .T. ) ;
#10747 = VERTEX_POINT ( 'NONE', #5117 ) ;
#10748 = ORIENTED_EDGE ( 'NONE', *, *, #5255, .T. ) ;
#10749 = EDGE_CURVE ( 'NONE', #5470, #9727, #10103, .T. ) ;
#10750 = VERTEX_POINT ( 'NONE', #5065 ) ;
#10751 = ADVANCED_FACE ( 'NONE', ( #6758 ), #2605, .T. ) ;
#10752 = DIRECTION ( 'NONE',  ( 0.000000000000000000, 0.000000000000000000, -1.000000000000000000 ) ) ;
#10753 = CARTESIAN_POINT ( 'NONE',  ( 50.00000000000000000, 0.2550000000035579362, 31.69999999998729479 ) ) ;
#10754 = LINE ( 'NONE', #3967, #9213 ) ;
#10755 = CARTESIAN_POINT ( 'NONE',  ( 50.00000000000000000, 9.294999999996500506, -35.80000000001126637 ) ) ;
#10756 = VERTEX_POINT ( 'NONE', #5780 ) ;
#10757 = DIRECTION ( 'NONE',  ( -1.000000000000000000, -0.000000000000000000, -0.000000000000000000 ) ) ;
#10758 = DIRECTION ( 'NONE',  ( 0.000000000000000000, 0.000000000000000000, 1.000000000000000000 ) ) ;
#10759 = ORIENTED_EDGE ( 'NONE', *, *, #1375, .F. ) ;
#10760 = CARTESIAN_POINT ( 'NONE',  ( -50.00000000000000000, 11.79499999999644722, -37.50000000001130473 ) ) ;
#10761 = DIRECTION ( 'NONE',  ( -1.000000000000000000, -0.000000000000000000, -0.000000000000000000 ) ) ;
#10762 = EDGE_CURVE ( 'NONE', #8197, #4307, #748, .T. ) ;
#10763 = ORIENTED_EDGE ( 'NONE', *, *, #2451, .T. ) ;
#10764 = DIRECTION ( 'NONE',  ( -0.000000000000000000, 0.000000000000000000, 1.000000000000000000 ) ) ;
#10765 = CARTESIAN_POINT ( 'NONE',  ( 50.00000000000000000, -16.48907417370928385, -32.74118095490297975 ) ) ;
#10766 = DIRECTION ( 'NONE',  ( 0.000000000000000000, 0.000000000000000000, -1.000000000000000000 ) ) ;
#10767 = LINE ( 'NONE', #8196, #7003 ) ;
#10768 = VERTEX_POINT ( 'NONE', #7178 ) ;
#10769 = DIRECTION ( 'NONE',  ( -1.000000000000000000, -0.000000000000000000, -0.000000000000000000 ) ) ;
#10770 = DIRECTION ( 'NONE',  ( 0.000000000000000000, -0.000000000000000000, -1.000000000000000000 ) ) ;
#10771 = AXIS2_PLACEMENT_3D ( 'NONE', #870, #4964, #9238 ) ;
#10772 = ORIENTED_EDGE ( 'NONE', *, *, #3176, .F. ) ;
#10773 = ORIENTED_EDGE ( 'NONE', *, *, #6117, .F. ) ;
#10774 = ORIENTED_EDGE ( 'NONE', *, *, #6573, .F. ) ;
#10775 = CARTESIAN_POINT ( 'NONE',  ( 50.00000000000000000, -6.204999999996574367, 37.49999999998743050 ) ) ;
#10776 =( NAMED_UNIT ( * ) PLANE_ANGLE_UNIT ( ) SI_UNIT ( $, .RADIAN. ) );
#10777 = DIRECTION ( 'NONE',  ( -0.000000000000000000, -0.000000000000000000, 1.000000000000000000 ) ) ;
#10778 = CARTESIAN_POINT ( 'NONE',  ( 50.00000000000000000, 1.795000000003432739, 35.79999999998739924 ) ) ;
#10779 = AXIS2_PLACEMENT_3D ( 'NONE', #3020, #2149, #10473 ) ;
#10780 = DIRECTION ( 'NONE',  ( -0.000000000000000000, -1.000000000000000000, -0.000000000000000000 ) ) ;
#10781 = ORIENTED_EDGE ( 'NONE', *, *, #848, .F. ) ;
#10782 = VERTEX_POINT ( 'NONE', #1380 ) ;
#10783 = DIRECTION ( 'NONE',  ( -1.000000000000000000, -0.000000000000000000, -0.000000000000000000 ) ) ;
#10784 = CARTESIAN_POINT ( 'NONE',  ( 50.00000000000000000, -12.00499999999649070, 32.49999999998737366 ) ) ;
#10785 = VERTEX_POINT ( 'NONE', #6041 ) ;
#10786 = EDGE_CURVE ( 'NONE', #9241, #9200, #7688, .T. ) ;
#10787 = ORIENTED_EDGE ( 'NONE', *, *, #10281, .F. ) ;
#10788 = VECTOR ( 'NONE', #10402, 1000.000000000000000 ) ;
#10789 = UNCERTAINTY_MEASURE_WITH_UNIT (LENGTH_MEASURE( 1.000000000000000082E-05 ), #1015, 'distance_accuracy_value', 'NONE');
#10790 = VECTOR ( 'NONE', #8080, 1000.000000000000000 ) ;
#10791 = LINE ( 'NONE', #563, #5097 ) ;
#10792 = CARTESIAN_POINT ( 'NONE',  ( 50.00000000000000000, 17.54500000000647120, 32.99999999997638156 ) ) ;
#10793 = LINE ( 'NONE', #1437, #8084 ) ;
#10794 = DIRECTION ( 'NONE',  ( -1.000000000000000000, -0.000000000000000000, -0.000000000000000000 ) ) ;
#10795 = AXIS2_PLACEMENT_3D ( 'NONE', #7670, #1864, #1056 ) ;
#10796 = PLANE ( 'NONE',  #836 ) ;
#10797 = EDGE_CURVE ( 'NONE', #1573, #7070, #6972, .T. ) ;
#10798 = VECTOR ( 'NONE', #5607, 1000.000000000000000 ) ;
#10800 = EDGE_CURVE ( 'NONE', #7043, #9465, #4713, .T. ) ;
#10799 = VECTOR ( 'NONE', #4736, 1000.000000000000000 ) ;
#10801 = ORIENTED_EDGE ( 'NONE', *, *, #9431, .T. ) ;
#10802 = VERTEX_POINT ( 'NONE', #4409 ) ;
#10803 = AXIS2_PLACEMENT_3D ( 'NONE', #10720, #9902, #7327 ) ;
#10804 = DIRECTION ( 'NONE',  ( 0.000000000000000000, 1.000000000000000000, 0.000000000000000000 ) ) ;
#10805 = DIRECTION ( 'NONE',  ( -1.000000000000000000, -0.000000000000000000, -0.000000000000000000 ) ) ;
#10806 = LINE ( 'NONE', #5830, #129 ) ;
#10807 = EDGE_CURVE ( 'NONE', #2843, #8048, #4658, .T. ) ;
#10808 =( GEOMETRIC_REPRESENTATION_CONTEXT ( 3 ) GLOBAL_UNCERTAINTY_ASSIGNED_CONTEXT ( ( #729 ) ) GLOBAL_UNIT_ASSIGNED_CONTEXT ( ( #7385, #10776, #3226 ) ) REPRESENTATION_CONTEXT ( 'NONE', 'WORKASPACE' ) );
#10809 = CARTESIAN_POINT ( 'NONE',  ( 50.00000000000000000, 0.2549999999965635311, -35.80000000001126637 ) ) ;
#10810 = EDGE_LOOP ( 'NONE', ( #1803, #8805, #2812, #5160 ) ) ;
#10811 = VECTOR ( 'NONE', #5062, 1000.000000000000000 ) ;
#10812 = CARTESIAN_POINT ( 'NONE',  ( 50.00000000000000000, -14.20499999999658058, 37.49999999998743050 ) ) ;
#10813 = EDGE_CURVE ( 'NONE', #818, #9928, #5865, .T. ) ;
#10814 = CARTESIAN_POINT ( 'NONE',  ( -50.00000000000000000, -8.204999999996577031, 35.79999999998739924 ) ) ;
#10815 = ORIENTED_EDGE ( 'NONE', *, *, #6319, .T. ) ;
#10816 = EDGE_CURVE ( 'NONE', #7396, #8718, #7787, .T. ) ;
#10817 = LINE ( 'NONE', #806, #3571 ) ;
#10818 = DIRECTION ( 'NONE',  ( -0.000000000000000000, -1.000000000000000000, -0.000000000000000000 ) ) ;
#10819 = ADVANCED_FACE ( 'NONE', ( #4356 ), #9442, .F. ) ;
#10820 = VECTOR ( 'NONE', #1492, 1000.000000000000000 ) ;
#10821 = ORIENTED_EDGE ( 'NONE', *, *, #2859, .F. ) ;
#10822 = LINE ( 'NONE', #10657, #6070 ) ;
#10823 = CARTESIAN_POINT ( 'NONE',  ( -50.00000000000000000, 17.54499999999248416, -33.00000000001546141 ) ) ;
#10824 = CARTESIAN_POINT ( 'NONE',  ( 50.00000000000000000, -7.304999999998784688, -34.00000000000547118 ) ) ;
#10825 = VECTOR ( 'NONE', #8350, 1000.000000000000000 ) ;
#10826 = ADVANCED_FACE ( 'NONE', ( #3581 ), #5280, .F. ) ;
#10827 = LINE ( 'NONE', #3381, #10399 ) ;
#10828 = ORIENTED_EDGE ( 'NONE', *, *, #6004, .F. ) ;
#10829 = EDGE_CURVE ( 'NONE', #6038, #9111, #3419, .T. ) ;
#10830 = LINE ( 'NONE', #7542, #782 ) ;
#10831 = VECTOR ( 'NONE', #4637, 1000.000000000000227 ) ;
#10832 = DIRECTION ( 'NONE',  ( -1.000000000000000000, -0.000000000000000000, -0.000000000000000000 ) ) ;
#10833 = ORIENTED_EDGE ( 'NONE', *, *, #57, .T. ) ;
ENDSEC;
END-ISO-10303-21;
