ISO-10303-21;
HEADER;
FILE_DESCRIPTION (( 'STEP AP214' ),
    '1' );
FILE_NAME ('SC-FT60x25-K188.STEP',
    '2026-07-05T02:10:59',
    ( '' ),
    ( '' ),
    'SwSTEP 2.0',
    'SolidWorks 2022',
    '' );
FILE_SCHEMA (( 'AUTOMOTIVE_DESIGN' ));
ENDSEC;

DATA;
#1 = FACE_OUTER_BOUND ( 'NONE', #4654, .T. ) ;
#2 =( GEOMETRIC_REPRESENTATION_CONTEXT ( 3 ) GLOBAL_UNCERTAINTY_ASSIGNED_CONTEXT ( ( #7200 ) ) GLOBAL_UNIT_ASSIGNED_CONTEXT ( ( #2455, #115, #4932 ) ) REPRESENTATION_CONTEXT ( 'NONE', 'WORKASPACE' ) );
#3 = VERTEX_POINT ( 'NONE', #5021 ) ;
#4 = LINE ( 'NONE', #1131, #7106 ) ;
#5 = ORIENTED_EDGE ( 'NONE', *, *, #3964, .T. ) ;
#6 = CARTESIAN_POINT ( 'NONE',  ( -50.00000000000000000, 6.750609691002445345, -25.54616441798733817 ) ) ;
#7 = CARTESIAN_POINT ( 'NONE',  ( 50.00000000000000000, 0.6850834425882190715, 26.30000000293866691 ) ) ;
#8 =( LENGTH_UNIT ( ) NAMED_UNIT ( * ) SI_UNIT ( .MILLI., .METRE. ) );
#9 =( NAMED_UNIT ( * ) SI_UNIT ( $, .STERADIAN. ) SOLID_ANGLE_UNIT ( ) );
#10 = CARTESIAN_POINT ( 'NONE',  ( -50.00000000000000000, -1.299999991024115564, 27.54164378160909621 ) ) ;
#11 = VECTOR ( 'NONE', #3230, 1000.000000000000000 ) ;
#12 = ADVANCED_FACE ( 'NONE', ( #855 ), #283, .F. ) ;
#13 = PRESENTATION_LAYER_ASSIGNMENT (  '', '', ( #5721 ) ) ;
#14 = DIRECTION ( 'NONE',  ( -1.000000000000000000, -0.000000000000000000, -0.000000000000000000 ) ) ;
#15 = ADVANCED_FACE ( 'NONE', ( #1009 ), #1112, .F. ) ;
#16 = ORIENTED_EDGE ( 'NONE', *, *, #1738, .T. ) ;
#17 = FILL_AREA_STYLE ('',( #186 ) ) ;
#18 = LINE ( 'NONE', #4037, #1427 ) ;
#19 = AXIS2_PLACEMENT_3D ( 'NONE', #3915, #2064, #6270 ) ;
#20 = ORIENTED_EDGE ( 'NONE', *, *, #2690, .F. ) ;
#22 = PLANE ( 'NONE',  #6870 ) ;
#21 = AXIS2_PLACEMENT_3D ( 'NONE', #443, #2806, #2705 ) ;
#23 = ORIENTED_EDGE ( 'NONE', *, *, #5985, .T. ) ;
#24 = VECTOR ( 'NONE', #4177, 1000.000000000000000 ) ;
#25 = VECTOR ( 'NONE', #1249, 1000.000000000000000 ) ;
#26 = DIRECTION ( 'NONE',  ( -0.000000000000000000, 1.000000000000000000, -0.000000000000000000 ) ) ;
#27 = UNCERTAINTY_MEASURE_WITH_UNIT (LENGTH_MEASURE( 1.000000000000000082E-05 ), #4084, 'distance_accuracy_value', 'NONE');
#28 =( GEOMETRIC_REPRESENTATION_CONTEXT ( 3 ) GLOBAL_UNCERTAINTY_ASSIGNED_CONTEXT ( ( #1826 ) ) GLOBAL_UNIT_ASSIGNED_CONTEXT ( ( #312, #3838, #5011 ) ) REPRESENTATION_CONTEXT ( 'NONE', 'WORKASPACE' ) );
#29 =( LENGTH_UNIT ( ) NAMED_UNIT ( * ) SI_UNIT ( .MILLI., .METRE. ) );
#30 = ORIENTED_EDGE ( 'NONE', *, *, #6073, .F. ) ;
#31 = PRESENTATION_STYLE_ASSIGNMENT (( #5348 ) ) ;
#32 = STYLED_ITEM ( 'NONE', ( #7231 ), #2871 ) ;
#33 = LINE ( 'NONE', #4279, #2927 ) ;
#34 = VECTOR ( 'NONE', #6168, 1000.000000000000000 ) ;
#35 = ORIENTED_EDGE ( 'NONE', *, *, #3315, .T. ) ;
#36 = FACE_OUTER_BOUND ( 'NONE', #5196, .T. ) ;
#37 = CARTESIAN_POINT ( 'NONE',  ( -50.00000000000000000, 1.300000008530866946, 25.10000000474851589 ) ) ;
#38 = AXIS2_PLACEMENT_3D ( 'NONE', #2065, #1378, #6816 ) ;
#39 =( NAMED_UNIT ( * ) PLANE_ANGLE_UNIT ( ) SI_UNIT ( $, .RADIAN. ) );
#40 = SURFACE_STYLE_USAGE ( .BOTH. , #5514 ) ;
#41 = PRESENTATION_LAYER_ASSIGNMENT (  '', '', ( #1909 ) ) ;
#42 = PRESENTATION_LAYER_ASSIGNMENT (  '', '', ( #2163 ) ) ;
#43 = FACE_OUTER_BOUND ( 'NONE', #5462, .T. ) ;
#44 = FILL_AREA_STYLE_COLOUR ( '', #4030 ) ;
#45 = VERTEX_POINT ( 'NONE', #3484 ) ;
#46 = VECTOR ( 'NONE', #3907, 1000.000000000000000 ) ;
#47 = VECTOR ( 'NONE', #771, 1000.000000000000000 ) ;
#48 = UNCERTAINTY_MEASURE_WITH_UNIT (LENGTH_MEASURE( 1.000000000000000082E-05 ), #7434, 'distance_accuracy_value', 'NONE');
#49 = DIRECTION ( 'NONE',  ( 0.000000000000000000, 0.000000000000000000, -1.000000000000000000 ) ) ;
#50 = UNCERTAINTY_MEASURE_WITH_UNIT (LENGTH_MEASURE( 1.000000000000000082E-05 ), #6855, 'distance_accuracy_value', 'NONE');
#51 = VERTEX_POINT ( 'NONE', #1559 ) ;
#52 = EDGE_CURVE ( 'NONE', #2667, #5217, #2447, .T. ) ;
#53 = CARTESIAN_POINT ( 'NONE',  ( -50.00000000000000000, -6.283859941527155435, -25.54619003961675006 ) ) ;
#54 = DIRECTION ( 'NONE',  ( 0.000000000000000000, 0.000000000000000000, -1.000000000000000000 ) ) ;
#55 = VECTOR ( 'NONE', #7556, 1000.000000000000000 ) ;
#56 = CARTESIAN_POINT ( 'NONE',  ( 50.00000000000000000, 2.200000016133308645, -29.89999999474684245 ) ) ;
#57 = CARTESIAN_POINT ( 'NONE',  ( 50.00000000000000000, -2.500000009845376958, -31.50000000515770893 ) ) ;
#58 = DIRECTION ( 'NONE',  ( 0.000000000000000000, -1.000000000000000000, 0.000000000000000000 ) ) ;
#59 = MECHANICAL_DESIGN_GEOMETRIC_PRESENTATION_REPRESENTATION (  '', ( #3530 ), #2552 ) ;
#60 = LINE ( 'NONE', #102, #4194 ) ;
#61 = ORIENTED_EDGE ( 'NONE', *, *, #6016, .F. ) ;
#62 = FILL_AREA_STYLE_COLOUR ( '', #3172 ) ;
#63 = DIRECTION ( 'NONE',  ( -0.000000000000000000, 1.000000000000000000, -0.000000000000000000 ) ) ;
#64 = ADVANCED_FACE ( 'NONE', ( #7601 ), #4081, .F. ) ;
#65 = ORIENTED_EDGE ( 'NONE', *, *, #6424, .F. ) ;
#66 = SURFACE_SIDE_STYLE ('',( #6059 ) ) ;
#67 = ADVANCED_FACE ( 'NONE', ( #7172 ), #2482, .T. ) ;
#68 = AXIS2_PLACEMENT_3D ( 'NONE', #4184, #4145, #6056 ) ;
#69 = DIRECTION ( 'NONE',  ( 0.000000000000000000, 0.000000000000000000, -1.000000000000000000 ) ) ;
#70 = ADVANCED_FACE ( 'NONE', ( #2987 ), #2954, .F. ) ;
#71 =( NAMED_UNIT ( * ) PLANE_ANGLE_UNIT ( ) SI_UNIT ( $, .RADIAN. ) );
#72 = ORIENTED_EDGE ( 'NONE', *, *, #2582, .T. ) ;
#73 = MECHANICAL_DESIGN_GEOMETRIC_PRESENTATION_REPRESENTATION (  '', ( #4786 ), #209 ) ;
#74 = PRESENTATION_LAYER_ASSIGNMENT (  '', '', ( #572 ) ) ;
#75 = CARTESIAN_POINT ( 'NONE',  ( 50.00000000000000000, -6.750609692321838828, -26.04619003961675006 ) ) ;
#76 = ORIENTED_EDGE ( 'NONE', *, *, #1103, .T. ) ;
#77 = SURFACE_STYLE_USAGE ( .BOTH. , #3758 ) ;
#78 = FACE_OUTER_BOUND ( 'NONE', #4501, .T. ) ;
#79 = EDGE_CURVE ( 'NONE', #7107, #4613, #7135, .T. ) ;
#80 = CIRCLE ( 'NONE', #1071, 0.3000000000000085931 ) ;
#81 =( NAMED_UNIT ( * ) PLANE_ANGLE_UNIT ( ) SI_UNIT ( $, .RADIAN. ) );
#82 = VECTOR ( 'NONE', #1095, 1000.000000000000000 ) ;
#83 = VERTEX_POINT ( 'NONE', #1147 ) ;
#84 =( GEOMETRIC_REPRESENTATION_CONTEXT ( 3 ) GLOBAL_UNCERTAINTY_ASSIGNED_CONTEXT ( ( #3139 ) ) GLOBAL_UNIT_ASSIGNED_CONTEXT ( ( #6901, #5374, #6498 ) ) REPRESENTATION_CONTEXT ( 'NONE', 'WORKASPACE' ) );
#85 = COLOUR_RGB ( '',0.8980392156862745390, 0.9176470588235293713, 0.9294117647058823817 ) ;
#86 = PLANE ( 'NONE',  #1370 ) ;
#87 = CARTESIAN_POINT ( 'NONE',  ( 50.00000000000000000, -8.546190043356597599, -23.50000000580262949 ) ) ;
#88 = SURFACE_SIDE_STYLE ('',( #5401 ) ) ;
#89 =( NAMED_UNIT ( * ) PLANE_ANGLE_UNIT ( ) SI_UNIT ( $, .RADIAN. ) );
#90 = STYLED_ITEM ( 'NONE', ( #6549 ), #70 ) ;
#91 = SURFACE_STYLE_USAGE ( .BOTH. , #5972 ) ;
#92 = ORIENTED_EDGE ( 'NONE', *, *, #7045, .T. ) ;
#93 =( NAMED_UNIT ( * ) PLANE_ANGLE_UNIT ( ) SI_UNIT ( $, .RADIAN. ) );
#94 =( GEOMETRIC_REPRESENTATION_CONTEXT ( 3 ) GLOBAL_UNCERTAINTY_ASSIGNED_CONTEXT ( ( #3548 ) ) GLOBAL_UNIT_ASSIGNED_CONTEXT ( ( #811, #1312, #2606 ) ) REPRESENTATION_CONTEXT ( 'NONE', 'WORKASPACE' ) );
#95 = VERTEX_POINT ( 'NONE', #6469 ) ;
#96 = DIRECTION ( 'NONE',  ( 0.000000000000000000, 0.000000000000000000, -1.000000000000000000 ) ) ;
#97 = CARTESIAN_POINT ( 'NONE',  ( -50.00000000000000000, 1.300000006756061310, -24.79997438303944790 ) ) ;
#98 = DIRECTION ( 'NONE',  ( 0.000000000000000000, 0.000000000000000000, -1.000000000000000000 ) ) ;
#99 = DIRECTION ( 'NONE',  ( 1.000000000000000000, 0.000000000000000000, 0.000000000000000000 ) ) ;
#100 = FACE_OUTER_BOUND ( 'NONE', #2995, .T. ) ;
#101 = LINE ( 'NONE', #2471, #4059 ) ;
#102 = CARTESIAN_POINT ( 'NONE',  ( -50.00000000000000000, 1.000000009251461597, 28.10000000750401128 ) ) ;
#103 = VERTEX_POINT ( 'NONE', #3522 ) ;
#104 = EDGE_LOOP ( 'NONE', ( #3405, #5301, #5411, #2068 ) ) ;
#105 = CARTESIAN_POINT ( 'NONE',  ( 50.00000000000000000, 0.7000000089096028999, 26.50000000750361551 ) ) ;
#106 = DIRECTION ( 'NONE',  ( 0.000000000000000000, 0.000000000000000000, 1.000000000000000000 ) ) ;
#107 = SURFACE_STYLE_USAGE ( .BOTH. , #2017 ) ;
#108 = DIRECTION ( 'NONE',  ( -0.000000000000000000, -1.000000000000000000, -0.000000000000000000 ) ) ;
#109 = VERTEX_POINT ( 'NONE', #542 ) ;
#110 = CARTESIAN_POINT ( 'NONE',  ( 50.00000000000000000, -1.299999993536965492, -27.54161815809441904 ) ) ;
#111 = UNCERTAINTY_MEASURE_WITH_UNIT (LENGTH_MEASURE( 1.000000000000000082E-05 ), #29, 'distance_accuracy_value', 'NONE');
#112 = CARTESIAN_POINT ( 'NONE',  ( 50.00000000000000000, 0.6850834414178444964, -26.30000000237517455 ) ) ;
#113 = VERTEX_POINT ( 'NONE', #5899 ) ;
#114 = FILL_AREA_STYLE ('',( #1227 ) ) ;
#115 =( NAMED_UNIT ( * ) PLANE_ANGLE_UNIT ( ) SI_UNIT ( $, .RADIAN. ) );
#116 = CARTESIAN_POINT ( 'NONE',  ( -50.00000000000000000, -1.000000009731997430, 29.99999999995304378 ) ) ;
#117 = FILL_AREA_STYLE ('',( #4779 ) ) ;
#118 = DIRECTION ( 'NONE',  ( -1.000000000000000000, -0.000000000000000000, -0.000000000000000000 ) ) ;
#119 = SHAPE_REPRESENTATION_RELATIONSHIP ( 'NONE' , 'NONE' ,  #3949, #2080 ) ;
#120 = VERTEX_POINT ( 'NONE', #6516 ) ;
#121 = EDGE_CURVE ( 'NONE', #3212, #6244, #5792, .T. ) ;
#122 = EDGE_CURVE ( 'NONE', #5185, #2876, #2689, .T. ) ;
#123 =( LENGTH_UNIT ( ) NAMED_UNIT ( * ) SI_UNIT ( .MILLI., .METRE. ) );
#124 =( GEOMETRIC_REPRESENTATION_CONTEXT ( 3 ) GLOBAL_UNCERTAINTY_ASSIGNED_CONTEXT ( ( #1207 ) ) GLOBAL_UNIT_ASSIGNED_CONTEXT ( ( #7094, #2405, #2443 ) ) REPRESENTATION_CONTEXT ( 'NONE', 'WORKASPACE' ) );
#125 = SURFACE_STYLE_USAGE ( .BOTH. , #2279 ) ;
#126 = DIRECTION ( 'NONE',  ( -0.000000000000000000, 0.000000000000000000, 1.000000000000000000 ) ) ;
#127 = FILL_AREA_STYLE ('',( #44 ) ) ;
#128 = MECHANICAL_DESIGN_GEOMETRIC_PRESENTATION_REPRESENTATION (  '', ( #6688 ), #5573 ) ;
#129 = ORIENTED_EDGE ( 'NONE', *, *, #2734, .F. ) ;
#130 =( GEOMETRIC_REPRESENTATION_CONTEXT ( 3 ) GLOBAL_UNCERTAINTY_ASSIGNED_CONTEXT ( ( #1750 ) ) GLOBAL_UNIT_ASSIGNED_CONTEXT ( ( #3602, #778, #3043 ) ) REPRESENTATION_CONTEXT ( 'NONE', 'WORKASPACE' ) );
#131 = LINE ( 'NONE', #4709, #6076 ) ;
#132 = EDGE_LOOP ( 'NONE', ( #4822, #343, #1123, #6764 ) ) ;
#133 = FILL_AREA_STYLE_COLOUR ( '', #7634 ) ;
#134 = FACE_OUTER_BOUND ( 'NONE', #2948, .T. ) ;
#135 = AXIS2_PLACEMENT_3D ( 'NONE', #4588, #2869, #2908 ) ;
#136 = CARTESIAN_POINT ( 'NONE',  ( -50.00000000000000000, 8.500000009651870414, 26.00000000423863256 ) ) ;
#137 = FACE_OUTER_BOUND ( 'NONE', #4119, .T. ) ;
#138 = CARTESIAN_POINT ( 'NONE',  ( 50.00000000000000000, -8.500000009561359704, -30.00000000476405049 ) ) ;
#139 = VERTEX_POINT ( 'NONE', #2520 ) ;
#140 =( NAMED_UNIT ( * ) SI_UNIT ( $, .STERADIAN. ) SOLID_ANGLE_UNIT ( ) );
#141 = DIRECTION ( 'NONE',  ( -1.000000000000000000, -0.000000000000000000, -0.000000000000000000 ) ) ;
#142 = EDGE_LOOP ( 'NONE', ( #5919, #1218, #7025, #6067 ) ) ;
#143 = PLANE ( 'NONE',  #6942 ) ;
#144 = EDGE_CURVE ( 'NONE', #5437, #6699, #4433, .T. ) ;
#145 = PRESENTATION_STYLE_ASSIGNMENT (( #7206 ) ) ;
#146 = DIRECTION ( 'NONE',  ( 0.000000000000000000, 0.000000000000000000, -1.000000000000000000 ) ) ;
#147 = DIRECTION ( 'NONE',  ( 0.000000000000000000, -1.000000000000000000, 0.000000000000000000 ) ) ;
#148 = UNCERTAINTY_MEASURE_WITH_UNIT (LENGTH_MEASURE( 1.000000000000000082E-05 ), #397, 'distance_accuracy_value', 'NONE');
#149 = SURFACE_STYLE_FILL_AREA ( #5459 ) ;
#150 = MECHANICAL_DESIGN_GEOMETRIC_PRESENTATION_REPRESENTATION (  '', ( #3490 ), #2148 ) ;
#151 =( GEOMETRIC_REPRESENTATION_CONTEXT ( 3 ) GLOBAL_UNCERTAINTY_ASSIGNED_CONTEXT ( ( #6550 ) ) GLOBAL_UNIT_ASSIGNED_CONTEXT ( ( #2658, #362, #7456 ) ) REPRESENTATION_CONTEXT ( 'NONE', 'WORKASPACE' ) );
#152 = FACE_OUTER_BOUND ( 'NONE', #2524, .T. ) ;
#153 = VERTEX_POINT ( 'NONE', #3836 ) ;
#154 = CARTESIAN_POINT ( 'NONE',  ( 50.00000000000000000, 0.9999999898123584918, -26.00000000237517739 ) ) ;
#155 = EDGE_CURVE ( 'NONE', #4853, #7661, #6063, .T. ) ;
#156 = CYLINDRICAL_SURFACE ( 'NONE', #3858, 0.4999999999352952584 ) ;
#157 = DIRECTION ( 'NONE',  ( -0.000000000000000000, -0.000000000000000000, -1.000000000000000000 ) ) ;
#158 = DIRECTION ( 'NONE',  ( 0.000000000000000000, 0.000000000000000000, -1.000000000000000000 ) ) ;
#159 = MECHANICAL_DESIGN_GEOMETRIC_PRESENTATION_REPRESENTATION (  '', ( #1521 ), #6967 ) ;
#160 = ORIENTED_EDGE ( 'NONE', *, *, #906, .T. ) ;
#161 = AXIS2_PLACEMENT_3D ( 'NONE', #5837, #7628, #2325 ) ;
#162 = DIRECTION ( 'NONE',  ( -0.000000000000000000, -0.000000000000000000, 1.000000000000000000 ) ) ;
#163 = DIRECTION ( 'NONE',  ( -1.000000000000000000, -0.000000000000000000, -0.000000000000000000 ) ) ;
#164 = FILL_AREA_STYLE_COLOUR ( '', #453 ) ;
#165 = EDGE_CURVE ( 'NONE', #784, #3577, #4388, .T. ) ;
#166 =( GEOMETRIC_REPRESENTATION_CONTEXT ( 3 ) GLOBAL_UNCERTAINTY_ASSIGNED_CONTEXT ( ( #4445 ) ) GLOBAL_UNIT_ASSIGNED_CONTEXT ( ( #6083, #3689, #5558 ) ) REPRESENTATION_CONTEXT ( 'NONE', 'WORKASPACE' ) );
#167 = EDGE_CURVE ( 'NONE', #4462, #930, #1980, .T. ) ;
#168 = DIRECTION ( 'NONE',  ( 0.000000000000000000, 0.000000000000000000, 1.000000000000000000 ) ) ;
#169 = ADVANCED_FACE ( 'NONE', ( #273 ), #7256, .F. ) ;
#170 = FILL_AREA_STYLE_COLOUR ( '', #1038 ) ;
#171 = VECTOR ( 'NONE', #1436, 1000.000000000000000 ) ;
#172 = VERTEX_POINT ( 'NONE', #2642 ) ;
#173 = PRESENTATION_LAYER_ASSIGNMENT (  '', '', ( #7682 ) ) ;
#174 =( NAMED_UNIT ( * ) PLANE_ANGLE_UNIT ( ) SI_UNIT ( $, .RADIAN. ) );
#175 = ORIENTED_EDGE ( 'NONE', *, *, #933, .T. ) ;
#176 = SURFACE_STYLE_FILL_AREA ( #1882 ) ;
#177 = PRESENTATION_LAYER_ASSIGNMENT (  '', '', ( #4018 ) ) ;
#178 = CARTESIAN_POINT ( 'NONE',  ( -50.00000000000000000, 6.750609691002445345, -26.04616441798731330 ) ) ;
#179 = PRESENTATION_STYLE_ASSIGNMENT (( #752 ) ) ;
#180 = SURFACE_STYLE_USAGE ( .BOTH. , #6682 ) ;
#181 = DIRECTION ( 'NONE',  ( 0.000000000000000000, 0.000000000000000000, -1.000000000000000000 ) ) ;
#182 = CARTESIAN_POINT ( 'NONE',  ( -50.00000000000000000, -1.299999991024115564, 27.54164378160909621 ) ) ;
#183 = CIRCLE ( 'NONE', #549, 4.000000000004662937 ) ;
#184 = UNCERTAINTY_MEASURE_WITH_UNIT (LENGTH_MEASURE( 1.000000000000000082E-05 ), #1092, 'distance_accuracy_value', 'NONE');
#185 = ORIENTED_EDGE ( 'NONE', *, *, #6035, .T. ) ;
#186 = FILL_AREA_STYLE_COLOUR ( '', #3298 ) ;
#187 =( NAMED_UNIT ( * ) PLANE_ANGLE_UNIT ( ) SI_UNIT ( $, .RADIAN. ) );
#188 = ORIENTED_EDGE ( 'NONE', *, *, #499, .T. ) ;
#189 =( LENGTH_UNIT ( ) NAMED_UNIT ( * ) SI_UNIT ( .MILLI., .METRE. ) );
#190 = SURFACE_SIDE_STYLE ('',( #4228 ) ) ;
#191 = DIRECTION ( 'NONE',  ( 1.000000000000000000, 0.000000000000000000, 0.000000000000000000 ) ) ;
#192 =( GEOMETRIC_REPRESENTATION_CONTEXT ( 3 ) GLOBAL_UNCERTAINTY_ASSIGNED_CONTEXT ( ( #4699 ) ) GLOBAL_UNIT_ASSIGNED_CONTEXT ( ( #4126, #3432, #593 ) ) REPRESENTATION_CONTEXT ( 'NONE', 'WORKASPACE' ) );
#193 = CARTESIAN_POINT ( 'NONE',  ( 50.00000000000000000, -1.499999996239949951, 27.54164377699888533 ) ) ;
#194 = UNCERTAINTY_MEASURE_WITH_UNIT (LENGTH_MEASURE( 1.000000000000000082E-05 ), #211, 'distance_accuracy_value', 'NONE');
#195 = VECTOR ( 'NONE', #758, 1000.000000000000000 ) ;
#196 = AXIS2_PLACEMENT_3D ( 'NONE', #1785, #2219, #1182 ) ;
#197 = AXIS2_PLACEMENT_3D ( 'NONE', #1479, #5509, #6709 ) ;
#198 = DIRECTION ( 'NONE',  ( 0.000000000000000000, 0.000000000000000000, -1.000000000000000000 ) ) ;
#199 = ORIENTED_EDGE ( 'NONE', *, *, #7045, .F. ) ;
#200 = LINE ( 'NONE', #1904, #1626 ) ;
#201 =( LENGTH_UNIT ( ) NAMED_UNIT ( * ) SI_UNIT ( .MILLI., .METRE. ) );
#202 = UNCERTAINTY_MEASURE_WITH_UNIT (LENGTH_MEASURE( 1.000000000000000082E-05 ), #1012, 'distance_accuracy_value', 'NONE');
#203 = DIRECTION ( 'NONE',  ( -1.000000000000000000, -0.000000000000000000, -0.000000000000000000 ) ) ;
#204 = COLOUR_RGB ( '',0.8980392156862745390, 0.9176470588235293713, 0.9294117647058823817 ) ;
#205 = DIRECTION ( 'NONE',  ( 1.000000000000000000, 0.000000000000000000, 0.000000000000000000 ) ) ;
#206 = VECTOR ( 'NONE', #5736, 1000.000000000000000 ) ;
#207 = EDGE_LOOP ( 'NONE', ( #5649, #5109, #255, #3111 ) ) ;
#208 = FILL_AREA_STYLE_COLOUR ( '', #3739 ) ;
#209 =( GEOMETRIC_REPRESENTATION_CONTEXT ( 3 ) GLOBAL_UNCERTAINTY_ASSIGNED_CONTEXT ( ( #2521 ) ) GLOBAL_UNIT_ASSIGNED_CONTEXT ( ( #7308, #286, #777 ) ) REPRESENTATION_CONTEXT ( 'NONE', 'WORKASPACE' ) );
#210 = CARTESIAN_POINT ( 'NONE',  ( -50.00000000000000000, 4.999656187200979929, -26.04616441805654148 ) ) ;
#211 =( LENGTH_UNIT ( ) NAMED_UNIT ( * ) SI_UNIT ( .MILLI., .METRE. ) );
#212 = LINE ( 'NONE', #6560, #5998 ) ;
#213 = CARTESIAN_POINT ( 'NONE',  ( 50.00000000000000000, 0.7000000091558072901, 28.10000000750401128 ) ) ;
#214 = DIRECTION ( 'NONE',  ( 0.000000000000000000, 0.000000000000000000, -1.000000000000000000 ) ) ;
#215 = STYLED_ITEM ( 'NONE', ( #2362 ), #7386 ) ;
#216 = VERTEX_POINT ( 'NONE', #3138 ) ;
#217 = DIRECTION ( 'NONE',  ( 0.000000000000000000, 0.000000000000000000, 1.000000000000000000 ) ) ;
#218 = EDGE_LOOP ( 'NONE', ( #4342, #3388, #435, #5297 ) ) ;
#219 = SURFACE_SIDE_STYLE ('',( #1328 ) ) ;
#220 = PRESENTATION_LAYER_ASSIGNMENT (  '', '', ( #1710 ) ) ;
#221 = CARTESIAN_POINT ( 'NONE',  ( 50.00000000000000000, 8.500000018423346404, -29.99999999486128388 ) ) ;
#222 =( LENGTH_UNIT ( ) NAMED_UNIT ( * ) SI_UNIT ( .MILLI., .METRE. ) );
#223 = FILL_AREA_STYLE ('',( #3783 ) ) ;
#224 = ADVANCED_FACE ( 'NONE', ( #3798 ), #4469, .F. ) ;
#225 = EDGE_CURVE ( 'NONE', #7424, #1504, #492, .T. ) ;
#226 = EDGE_LOOP ( 'NONE', ( #3475, #5092, #4435, #787 ) ) ;
#227 = FACE_OUTER_BOUND ( 'NONE', #5695, .T. ) ;
#228 = MECHANICAL_DESIGN_GEOMETRIC_PRESENTATION_REPRESENTATION (  '', ( #6289 ), #4936 ) ;
#229 = SURFACE_SIDE_STYLE ('',( #6099 ) ) ;
#230 = ORIENTED_EDGE ( 'NONE', *, *, #4545, .F. ) ;
#231 = DIRECTION ( 'NONE',  ( -1.000000000000000000, -0.000000000000000000, -0.000000000000000000 ) ) ;
#232 = DIRECTION ( 'NONE',  ( 0.000000000000000000, 0.000000000000000000, -1.000000000000000000 ) ) ;
#233 = CARTESIAN_POINT ( 'NONE',  ( 50.00000000000000000, 0.6999999914619297048, 24.79999999997980353 ) ) ;
#234 = PRESENTATION_STYLE_ASSIGNMENT (( #4498 ) ) ;
#235 =( NAMED_UNIT ( * ) SI_UNIT ( $, .STERADIAN. ) SOLID_ANGLE_UNIT ( ) );
#236 = VERTEX_POINT ( 'NONE', #3409 ) ;
#237 = CARTESIAN_POINT ( 'NONE',  ( 50.00000000000000000, 6.750609692811459617, 26.04619003936658928 ) ) ;
#238 = ORIENTED_EDGE ( 'NONE', *, *, #6027, .F. ) ;
#239 = FILL_AREA_STYLE ('',( #3143 ) ) ;
#240 = LINE ( 'NONE', #3761, #7599 ) ;
#241 = CARTESIAN_POINT ( 'NONE',  ( 50.00000000000000000, 12.50000000998743843, 26.00000000423863256 ) ) ;
#242 = DIRECTION ( 'NONE',  ( -0.000000000000000000, 1.548831914352262480E-16, -1.000000000000000000 ) ) ;
#243 = PRODUCT_CONTEXT ( 'NONE', #802, 'mechanical' ) ;
#244 = EDGE_LOOP ( 'NONE', ( #5112, #4331, #581, #4814 ) ) ;
#245 =( NAMED_UNIT ( * ) PLANE_ANGLE_UNIT ( ) SI_UNIT ( $, .RADIAN. ) );
#246 = UNCERTAINTY_MEASURE_WITH_UNIT (LENGTH_MEASURE( 1.000000000000000082E-05 ), #1525, 'distance_accuracy_value', 'NONE');
#247 = SURFACE_SIDE_STYLE ('',( #6756 ) ) ;
#248 = DIRECTION ( 'NONE',  ( -1.000000000000000000, -0.000000000000000000, -0.000000000000000000 ) ) ;
#249 = EDGE_CURVE ( 'NONE', #5844, #5310, #7445, .T. ) ;
#250 = DIRECTION ( 'NONE',  ( 0.000000000000000000, 0.000000000000000000, -1.000000000000000000 ) ) ;
#251 = LINE ( 'NONE', #6800, #3627 ) ;
#252 = VERTEX_POINT ( 'NONE', #6344 ) ;
#253 = AXIS2_PLACEMENT_3D ( 'NONE', #5539, #232, #2684 ) ;
#254 = FILL_AREA_STYLE ('',( #4453 ) ) ;
#255 = ORIENTED_EDGE ( 'NONE', *, *, #5813, .F. ) ;
#256 = DIRECTION ( 'NONE',  ( 0.000000000000000000, 0.000000000000000000, 1.000000000000000000 ) ) ;
#257 = SURFACE_STYLE_FILL_AREA ( #445 ) ;
#258 = PRESENTATION_LAYER_ASSIGNMENT (  '', '', ( #1493 ) ) ;
#259 = VECTOR ( 'NONE', #3767, 1000.000000000000000 ) ;
#260 = VECTOR ( 'NONE', #7459, 1000.000000000000000 ) ;
#261 = EDGE_LOOP ( 'NONE', ( #4683, #2940, #2157, #6491 ) ) ;
#262 = AXIS2_PLACEMENT_3D ( 'NONE', #7141, #3679, #621 ) ;
#263 = ORIENTED_EDGE ( 'NONE', *, *, #5323, .T. ) ;
#264 = DIRECTION ( 'NONE',  ( -1.000000000000000000, -0.000000000000000000, -0.000000000000000000 ) ) ;
#265 = ORIENTED_EDGE ( 'NONE', *, *, #144, .F. ) ;
#266 = LINE ( 'NONE', #921, #4835 ) ;
#267 = DIRECTION ( 'NONE',  ( -1.000000000000000000, -0.000000000000000000, -0.000000000000000000 ) ) ;
#268 = EDGE_CURVE ( 'NONE', #2876, #4966, #6818, .T. ) ;
#269 = SURFACE_STYLE_USAGE ( .BOTH. , #3749 ) ;
#270 = EDGE_CURVE ( 'NONE', #7019, #6894, #2726, .T. ) ;
#271 = EDGE_CURVE ( 'NONE', #3345, #5504, #3993, .T. ) ;
#272 = VECTOR ( 'NONE', #4660, 1000.000000000000000 ) ;
#273 = FACE_OUTER_BOUND ( 'NONE', #6794, .T. ) ;
#274 = ORIENTED_EDGE ( 'NONE', *, *, #3246, .F. ) ;
#275 = LINE ( 'NONE', #3100, #4745 ) ;
#276 = LINE ( 'NONE', #768, #6388 ) ;
#277 = ORIENTED_EDGE ( 'NONE', *, *, #6162, .T. ) ;
#279 = FILL_AREA_STYLE ('',( #1005 ) ) ;
#278 = CIRCLE ( 'NONE', #2383, 0.2999999999890624602 ) ;
#280 = CARTESIAN_POINT ( 'NONE',  ( 50.00000000000000000, -0.5000000100692115756, -29.50000000524097388 ) ) ;
#281 = CARTESIAN_POINT ( 'NONE',  ( 50.00000000000000000, 0.9999999912927046708, 29.49999999999938893 ) ) ;
#282 = PRESENTATION_LAYER_ASSIGNMENT (  '', '', ( #32 ) ) ;
#283 = PLANE ( 'NONE',  #4562 ) ;
#284 = PRESENTATION_LAYER_ASSIGNMENT (  '', '', ( #4623 ) ) ;
#285 = CYLINDRICAL_SURFACE ( 'NONE', #766, 0.2999999999999704015 ) ;
#286 =( NAMED_UNIT ( * ) PLANE_ANGLE_UNIT ( ) SI_UNIT ( $, .RADIAN. ) );
#287 = DIRECTION ( 'NONE',  ( -1.000000000000000000, -0.000000000000000000, -0.000000000000000000 ) ) ;
#288 = CIRCLE ( 'NONE', #3607, 0.5000000000151411106 ) ;
#289 = SURFACE_SIDE_STYLE ('',( #1403 ) ) ;
#290 = DIRECTION ( 'NONE',  ( -1.000000000000000000, -0.000000000000000000, -0.000000000000000000 ) ) ;
#291 = ORIENTED_EDGE ( 'NONE', *, *, #167, .F. ) ;
#292 = CARTESIAN_POINT ( 'NONE',  ( 50.00000000000000000, -11.60000000952259569, -23.50000000451121807 ) ) ;
#293 = EDGE_LOOP ( 'NONE', ( #2566, #6803, #2912, #1992 ) ) ;
#294 = CARTESIAN_POINT ( 'NONE',  ( 50.00000000000000000, 2.200000009263676670, 29.90000000457650486 ) ) ;
#295 = CARTESIAN_POINT ( 'NONE',  ( -50.00000000000000000, 0.6850834414178444964, -26.30000000237517455 ) ) ;
#296 = COLOUR_RGB ( '',0.8980392156862745390, 0.9176470588235293713, 0.9294117647058823817 ) ;
#297 = FILL_AREA_STYLE_COLOUR ( '', #2519 ) ;
#298 = DIRECTION ( 'NONE',  ( -1.000000000000000000, -0.000000000000000000, -0.000000000000000000 ) ) ;
#299 = CARTESIAN_POINT ( 'NONE',  ( 50.00000000000000000, -12.50000000940121225, 23.49999999922655647 ) ) ;
#300 = ORIENTED_EDGE ( 'NONE', *, *, #7138, .F. ) ;
#301 = AXIS2_PLACEMENT_3D ( 'NONE', #5108, #4480, #3937 ) ;
#302 = ADVANCED_FACE ( 'NONE', ( #2831 ), #3955, .T. ) ;
#303 = EDGE_LOOP ( 'NONE', ( #466, #3908, #7482, #6033 ) ) ;
#304 = ORIENTED_EDGE ( 'NONE', *, *, #5623, .T. ) ;
#305 = STYLED_ITEM ( 'NONE', ( #1688 ), #5760 ) ;
#306 = CARTESIAN_POINT ( 'NONE',  ( 50.00000000000000000, -0.9999999961898385914, 27.54164377699888533 ) ) ;
#307 = SURFACE_SIDE_STYLE ('',( #149 ) ) ;
#308 = AXIS2_PLACEMENT_3D ( 'NONE', #4276, #5435, #5466 ) ;
#309 = EDGE_CURVE ( 'NONE', #3020, #4075, #4652, .T. ) ;
#310 = ORIENTED_EDGE ( 'NONE', *, *, #2122, .F. ) ;
#311 = EDGE_CURVE ( 'NONE', #7424, #4193, #869, .T. ) ;
#312 =( LENGTH_UNIT ( ) NAMED_UNIT ( * ) SI_UNIT ( .MILLI., .METRE. ) );
#313 = VERTEX_POINT ( 'NONE', #5659 ) ;
#314 = PRESENTATION_STYLE_ASSIGNMENT (( #3759 ) ) ;
#315 = PRESENTATION_LAYER_ASSIGNMENT (  '', '', ( #4894 ) ) ;
#316 = SURFACE_STYLE_USAGE ( .BOTH. , #3376 ) ;
#317 = SURFACE_STYLE_FILL_AREA ( #7488 ) ;
#318 =( GEOMETRIC_REPRESENTATION_CONTEXT ( 3 ) GLOBAL_UNCERTAINTY_ASSIGNED_CONTEXT ( ( #5673 ) ) GLOBAL_UNIT_ASSIGNED_CONTEXT ( ( #4924, #71, #6665 ) ) REPRESENTATION_CONTEXT ( 'NONE', 'WORKASPACE' ) );
#319 = DIRECTION ( 'NONE',  ( 0.000000000000000000, 0.000000000000000000, 1.000000000000000000 ) ) ;
#320 = SHAPE_DEFINITION_REPRESENTATION ( #2424, #5530 ) ;
#321 = CIRCLE ( 'NONE', #2685, 0.4999999999999935052 ) ;
#322 = ORIENTED_EDGE ( 'NONE', *, *, #4802, .T. ) ;
#323 = AXIS2_PLACEMENT_3D ( 'NONE', #5845, #7093, #2983 ) ;
#324 = EDGE_CURVE ( 'NONE', #6118, #109, #6187, .T. ) ;
#325 =( NAMED_UNIT ( * ) SI_UNIT ( $, .STERADIAN. ) SOLID_ANGLE_UNIT ( ) );
#326 = UNCERTAINTY_MEASURE_WITH_UNIT (LENGTH_MEASURE( 1.000000000000000082E-05 ), #7598, 'distance_accuracy_value', 'NONE');
#327 = SURFACE_SIDE_STYLE ('',( #6200 ) ) ;
#328 = CARTESIAN_POINT ( 'NONE',  ( 50.00000000000000000, 0.6999999914620111952, 26.00000000293864488 ) ) ;
#329 = PRODUCT_DEFINITION_FORMATION_WITH_SPECIFIED_SOURCE ( '»Œ', '', #7574, .NOT_KNOWN. ) ;
#330 = CARTESIAN_POINT ( 'NONE',  ( -50.00000000000000000, -6.283859939889476998, 25.54619003422375201 ) ) ;
#331 = AXIS2_PLACEMENT_3D ( 'NONE', #4441, #3844, #5062 ) ;
#332 = UNCERTAINTY_MEASURE_WITH_UNIT (LENGTH_MEASURE( 1.000000000000000082E-05 ), #614, 'distance_accuracy_value', 'NONE');
#333 = ORIENTED_EDGE ( 'NONE', *, *, #7076, .F. ) ;
#334 = AXIS2_PLACEMENT_3D ( 'NONE', #306, #6696, #1379 ) ;
#335 = VECTOR ( 'NONE', #1431, 1000.000000000000000 ) ;
#336 =( NAMED_UNIT ( * ) SI_UNIT ( $, .STERADIAN. ) SOLID_ANGLE_UNIT ( ) );
#337 = ORIENTED_EDGE ( 'NONE', *, *, #6127, .T. ) ;
#338 = DIRECTION ( 'NONE',  ( 1.000000000000000000, 0.000000000000000000, 0.000000000000000000 ) ) ;
#339 = LINE ( 'NONE', #5600, #6223 ) ;
#340 = AXIS2_PLACEMENT_3D ( 'NONE', #2863, #2759, #2284 ) ;
#341 = CARTESIAN_POINT ( 'NONE',  ( 50.00000000000000000, 8.500000018423346404, -29.99999999486128388 ) ) ;
#342 = CARTESIAN_POINT ( 'NONE',  ( -50.00000000000000000, -3.588571657105320334, -25.54619003962910284 ) ) ;
#343 = ORIENTED_EDGE ( 'NONE', *, *, #3967, .F. ) ;
#344 = VECTOR ( 'NONE', #1200, 1000.000000000000000 ) ;
#345 = EDGE_LOOP ( 'NONE', ( #1953, #3985, #5608, #2845, #6531, #3373, #5273, #5801, #774, #5912, #511, #6294, #7083, #5227, #2937, #3912, #3888, #849, #841, #61, #2205, #6540, #1824, #5206, #577, #5759, #1480, #7430, #5887, #7658, #7582, #7374, #1374, #1810, #6444, #1383, #4676, #866, #3200, #5120, #3478, #2851, #4505, #1111, #3290, #3045, #534, #3502, #6503, #454, #7204, #1409, #5901, #1070, #4531, #3868, #380, #1475, #7235, #6854, #333, #540, #4987, #1300, #6711, #1487, #3177, #3302, #7329, #5678, #7578, #7407, #2179, #4647, #4404, #199, #1354, #1030, #6867, #2957, #6006, #1257, #3831, #6840, #1537, #1749, #6887, #3095, #4927 ) ) ;
#346 = VERTEX_POINT ( 'NONE', #6861 ) ;
#347 = CARTESIAN_POINT ( 'NONE',  ( 50.00000000000000000, -12.50000000940639922, -23.50000000451121807 ) ) ;
#348 = PRESENTATION_STYLE_ASSIGNMENT (( #3292 ) ) ;
#349 = CARTESIAN_POINT ( 'NONE',  ( 50.00000000000000000, -4.500000009768635678, 29.49999999971453235 ) ) ;
#350 = DIRECTION ( 'NONE',  ( 0.000000000000000000, 1.000000000000000000, 0.000000000000000000 ) ) ;
#351 = EDGE_CURVE ( 'NONE', #4664, #4613, #1546, .T. ) ;
#352 = CARTESIAN_POINT ( 'NONE',  ( 50.00000000000000000, 12.50000001842155228, -23.49999999595059208 ) ) ;
#353 = CARTESIAN_POINT ( 'NONE',  ( -50.00000000000000000, -4.000000009650611865, 29.49999999965560704 ) ) ;
#354 = ORIENTED_EDGE ( 'NONE', *, *, #3395, .F. ) ;
#355 = CARTESIAN_POINT ( 'NONE',  ( 50.00000000000000000, -12.50000000940640099, -26.00000000491900565 ) ) ;
#356 = ORIENTED_EDGE ( 'NONE', *, *, #832, .F. ) ;
#357 = DIRECTION ( 'NONE',  ( -0.000000000000000000, 1.000000000000000000, -0.000000000000000000 ) ) ;
#358 = DIRECTION ( 'NONE',  ( -1.000000000000000000, -0.000000000000000000, -0.000000000000000000 ) ) ;
#359 = APPLICATION_PROTOCOL_DEFINITION ( 'draft international standard', 'automotive_design', 1998, #802 ) ;
#360 =( NAMED_UNIT ( * ) SI_UNIT ( $, .STERADIAN. ) SOLID_ANGLE_UNIT ( ) );
#361 = ORIENTED_EDGE ( 'NONE', *, *, #2250, .F. ) ;
#362 =( NAMED_UNIT ( * ) PLANE_ANGLE_UNIT ( ) SI_UNIT ( $, .RADIAN. ) );
#363 = FILL_AREA_STYLE ('',( #5746 ) ) ;
#364 =( NAMED_UNIT ( * ) PLANE_ANGLE_UNIT ( ) SI_UNIT ( $, .RADIAN. ) );
#365 = DIRECTION ( 'NONE',  ( -1.000000000000000000, -0.000000000000000000, -0.000000000000000000 ) ) ;
#366 = CARTESIAN_POINT ( 'NONE',  ( 50.00000000000000000, -6.750609693278262213, 25.54619003422375911 ) ) ;
#367 = EDGE_CURVE ( 'NONE', #4611, #3577, #1229, .T. ) ;
#368 = CARTESIAN_POINT ( 'NONE',  ( -50.00000000000000000, 9.300000008939822038, -23.49997438438152031 ) ) ;
#369 = EDGE_CURVE ( 'NONE', #1395, #2429, #5126, .T. ) ;
#370 = EDGE_CURVE ( 'NONE', #6015, #5606, #2486, .T. ) ;
#371 = VERTEX_POINT ( 'NONE', #5885 ) ;
#372 =( LENGTH_UNIT ( ) NAMED_UNIT ( * ) SI_UNIT ( .MILLI., .METRE. ) );
#373 = VERTEX_POINT ( 'NONE', #7668 ) ;
#374 = FILL_AREA_STYLE_COLOUR ( '', #6501 ) ;
#375 = CARTESIAN_POINT ( 'NONE',  ( -50.00000000000000000, -9.800000003943328153, -23.00000000826615931 ) ) ;
#376 =( LENGTH_UNIT ( ) NAMED_UNIT ( * ) SI_UNIT ( .MILLI., .METRE. ) );
#377 = SURFACE_STYLE_USAGE ( .BOTH. , #2750 ) ;
#378 = VERTEX_POINT ( 'NONE', #4072 ) ;
#379 = ORIENTED_EDGE ( 'NONE', *, *, #5025, .T. ) ;
#380 = ORIENTED_EDGE ( 'NONE', *, *, #3954, .F. ) ;
#381 = FILL_AREA_STYLE ('',( #5686 ) ) ;
#382 = CARTESIAN_POINT ( 'NONE',  ( 50.00000000000000000, 2.999656187376809502, -24.79997438303944790 ) ) ;
#383 = SURFACE_STYLE_USAGE ( .BOTH. , #3245 ) ;
#384 =( NAMED_UNIT ( * ) SI_UNIT ( $, .STERADIAN. ) SOLID_ANGLE_UNIT ( ) );
#385 = DIRECTION ( 'NONE',  ( -0.000000000000000000, 0.000000000000000000, 1.000000000000000000 ) ) ;
#386 = AXIS2_PLACEMENT_3D ( 'NONE', #6308, #6273, #965 ) ;
#387 = VECTOR ( 'NONE', #5307, 1000.000000000000000 ) ;
#388 = EDGE_CURVE ( 'NONE', #7352, #2457, #573, .T. ) ;
#389 = ORIENTED_EDGE ( 'NONE', *, *, #6027, .T. ) ;
#390 = PRESENTATION_STYLE_ASSIGNMENT (( #3995 ) ) ;
#391 = CARTESIAN_POINT ( 'NONE',  ( 50.00000000000000000, 3.299656189186019883, 27.75000000483201745 ) ) ;
#392 = ORIENTED_EDGE ( 'NONE', *, *, #3822, .T. ) ;
#393 =( NAMED_UNIT ( * ) SI_UNIT ( $, .STERADIAN. ) SOLID_ANGLE_UNIT ( ) );
#394 = DIRECTION ( 'NONE',  ( -1.000000000000000000, -0.000000000000000000, -0.000000000000000000 ) ) ;
#395 = DIRECTION ( 'NONE',  ( -1.000000000000000000, -0.000000000000000000, -0.000000000000000000 ) ) ;
#396 = STYLED_ITEM ( 'NONE', ( #314 ), #4457 ) ;
#397 =( LENGTH_UNIT ( ) NAMED_UNIT ( * ) SI_UNIT ( .MILLI., .METRE. ) );
#398 = EDGE_CURVE ( 'NONE', #2014, #3366, #4218, .T. ) ;
#399 = DIRECTION ( 'NONE',  ( 0.000000000000000000, 0.000000000000000000, 1.000000000000000000 ) ) ;
#400 =( NAMED_UNIT ( * ) PLANE_ANGLE_UNIT ( ) SI_UNIT ( $, .RADIAN. ) );
#401 = CARTESIAN_POINT ( 'NONE',  ( -50.00000000000000000, -2.621317553387734645, -24.80000000537329896 ) ) ;
#402 = SURFACE_SIDE_STYLE ('',( #1457 ) ) ;
#403 = LINE ( 'NONE', #2344, #1514 ) ;
#404 = STYLED_ITEM ( 'NONE', ( #1408 ), #6216 ) ;
#405 = ORIENTED_EDGE ( 'NONE', *, *, #1911, .T. ) ;
#406 = EDGE_CURVE ( 'NONE', #4584, #4171, #2945, .T. ) ;
#407 = COLOUR_RGB ( '',0.8980392156862745390, 0.9176470588235293713, 0.9294117647058823817 ) ;
#408 = SURFACE_SIDE_STYLE ('',( #6281 ) ) ;
#409 = SURFACE_SIDE_STYLE ('',( #3360 ) ) ;
#410 = EDGE_CURVE ( 'NONE', #4067, #1603, #2398, .T. ) ;
#411 = VECTOR ( 'NONE', #162, 1000.000000000000000 ) ;
#412 = EDGE_CURVE ( 'NONE', #5504, #6015, #503, .T. ) ;
#413 = DIRECTION ( 'NONE',  ( 1.000000000000000000, 0.000000000000000000, 0.000000000000000000 ) ) ;
#414 = FILL_AREA_STYLE_COLOUR ( '', #423 ) ;
#415 = FACE_OUTER_BOUND ( 'NONE', #4984, .T. ) ;
#416 = AXIS2_PLACEMENT_3D ( 'NONE', #7584, #4336, #2548 ) ;
#417 = ORIENTED_EDGE ( 'NONE', *, *, #1195, .T. ) ;
#418 = MECHANICAL_DESIGN_GEOMETRIC_PRESENTATION_REPRESENTATION (  '', ( #3879 ), #2272 ) ;
#419 = ORIENTED_EDGE ( 'NONE', *, *, #1738, .F. ) ;
#420 = VECTOR ( 'NONE', #603, 1000.000000000000000 ) ;
#421 = EDGE_CURVE ( 'NONE', #5215, #6015, #5296, .T. ) ;
#422 = DIRECTION ( 'NONE',  ( 0.000000000000000000, 0.000000000000000000, -1.000000000000000000 ) ) ;
#423 = COLOUR_RGB ( '',0.8980392156862745390, 0.9176470588235293713, 0.9294117647058823817 ) ;
#424 = ORIENTED_EDGE ( 'NONE', *, *, #3065, .F. ) ;
#425 = SURFACE_SIDE_STYLE ('',( #2281 ) ) ;
#426 = SURFACE_STYLE_USAGE ( .BOTH. , #4466 ) ;
#427 = CARTESIAN_POINT ( 'NONE',  ( 50.00000000000000000, 0.9999999912927055590, 29.49999999999938893 ) ) ;
#428 = PLANE ( 'NONE',  #340 ) ;
#429 = CIRCLE ( 'NONE', #1402, 0.4999999999994974020 ) ;
#430 = COLOUR_RGB ( '',0.8980392156862745390, 0.9176470588235293713, 0.9294117647058823817 ) ;
#431 = DIRECTION ( 'NONE',  ( 0.000000000000000000, 0.000000000000000000, -1.000000000000000000 ) ) ;
#432 = STYLED_ITEM ( 'NONE', ( #1175 ), #5559 ) ;
#433 = AXIS2_PLACEMENT_3D ( 'NONE', #522, #2897, #2326 ) ;
#434 = CARTESIAN_POINT ( 'NONE',  ( -50.00000000000000000, -8.546190043356597599, -24.00000000581775694 ) ) ;
#435 = ORIENTED_EDGE ( 'NONE', *, *, #2748, .F. ) ;
#436 = LINE ( 'NONE', #5621, #3645 ) ;
#437 = FILL_AREA_STYLE ('',( #5738 ) ) ;
#438 = MECHANICAL_DESIGN_GEOMETRIC_PRESENTATION_REPRESENTATION (  '', ( #4018 ), #5249 ) ;
#439 = DIRECTION ( 'NONE',  ( 0.000000000000000000, 0.000000000000000000, -1.000000000000000000 ) ) ;
#440 = SURFACE_STYLE_FILL_AREA ( #2224 ) ;
#441 = AXIS2_PLACEMENT_3D ( 'NONE', #5416, #7197, #4301 ) ;
#442 = MECHANICAL_DESIGN_GEOMETRIC_PRESENTATION_REPRESENTATION (  '', ( #1798 ), #2056 ) ;
#443 = CARTESIAN_POINT ( 'NONE',  ( -50.00000000000000000, 1.000000009251628130, 31.50000000456998350 ) ) ;
#444 = STYLED_ITEM ( 'NONE', ( #2836 ), #5285 ) ;
#445 = FILL_AREA_STYLE ('',( #1413 ) ) ;
#446 =( LENGTH_UNIT ( ) NAMED_UNIT ( * ) SI_UNIT ( .MILLI., .METRE. ) );
#447 = VERTEX_POINT ( 'NONE', #7088 ) ;
#448 = MECHANICAL_DESIGN_GEOMETRIC_PRESENTATION_REPRESENTATION (  '', ( #3510 ), #785 ) ;
#449 = FACE_OUTER_BOUND ( 'NONE', #6131, .T. ) ;
#450 = AXIS2_PLACEMENT_3D ( 'NONE', #729, #2556, #3019 ) ;
#451 = VECTOR ( 'NONE', #589, 1000.000000000000000 ) ;
#452 = FILL_AREA_STYLE ('',( #4573 ) ) ;
#453 = COLOUR_RGB ( '',0.8980392156862745390, 0.9176470588235293713, 0.9294117647058823817 ) ;
#454 = ORIENTED_EDGE ( 'NONE', *, *, #2817, .F. ) ;
#455 = COLOUR_RGB ( '',0.8980392156862745390, 0.9176470588235293713, 0.9294117647058823817 ) ;
#456 = ORIENTED_EDGE ( 'NONE', *, *, #5813, .T. ) ;
#457 = ORIENTED_EDGE ( 'NONE', *, *, #6957, .T. ) ;
#458 = CARTESIAN_POINT ( 'NONE',  ( 50.00000000000000000, -1.074170224274815233, -28.03611195231352582 ) ) ;
#459 =( NAMED_UNIT ( * ) PLANE_ANGLE_UNIT ( ) SI_UNIT ( $, .RADIAN. ) );
#460 = VECTOR ( 'NONE', #6439, 1000.000000000000000 ) ;
#461 =( NAMED_UNIT ( * ) SI_UNIT ( $, .STERADIAN. ) SOLID_ANGLE_UNIT ( ) );
#462 = ADVANCED_FACE ( 'NONE', ( #1777 ), #1815, .T. ) ;
#463 = DIRECTION ( 'NONE',  ( -1.000000000000000000, -0.000000000000000000, -0.000000000000000000 ) ) ;
#464 = EDGE_CURVE ( 'NONE', #51, #4246, #60, .T. ) ;
#465 = LINE ( 'NONE', #5775, #6262 ) ;
#466 = ORIENTED_EDGE ( 'NONE', *, *, #6050, .T. ) ;
#467 = LINE ( 'NONE', #7637, #3296 ) ;
#468 = CYLINDRICAL_SURFACE ( 'NONE', #7571, 0.4999999997277598807 ) ;
#469 = CARTESIAN_POINT ( 'NONE',  ( 50.00000000000000000, -8.046190037690340802, 24.25060968318596011 ) ) ;
#470 = VECTOR ( 'NONE', #6740, 1000.000000000000000 ) ;
#471 = FILL_AREA_STYLE ('',( #5850 ) ) ;
#472 = MECHANICAL_DESIGN_GEOMETRIC_PRESENTATION_REPRESENTATION (  '', ( #7155 ), #2188 ) ;
#473 =( NAMED_UNIT ( * ) PLANE_ANGLE_UNIT ( ) SI_UNIT ( $, .RADIAN. ) );
#474 = DIRECTION ( 'NONE',  ( 0.000000000000000000, 0.000000000000000000, 1.000000000000000000 ) ) ;
#475 = AXIS2_PLACEMENT_3D ( 'NONE', #5133, #3417, #6354 ) ;
#476 = CARTESIAN_POINT ( 'NONE',  ( 50.00000000000000000, 0.6999999898123481223, -26.30000000237517455 ) ) ;
#477 = SURFACE_STYLE_FILL_AREA ( #5789 ) ;
#478 = CARTESIAN_POINT ( 'NONE',  ( 50.00000000000000000, 3.299656189186019883, 27.75000000483201745 ) ) ;
#479 = ORIENTED_EDGE ( 'NONE', *, *, #4864, .T. ) ;
#480 = CARTESIAN_POINT ( 'NONE',  ( 50.00000000000000000, 0.7000000064127678279, -28.09997438469024544 ) ) ;
#481 = EDGE_CURVE ( 'NONE', #2058, #1168, #2472, .T. ) ;
#482 = PRESENTATION_STYLE_ASSIGNMENT (( #2348 ) ) ;
#483 = DIRECTION ( 'NONE',  ( -1.000000000000000000, -0.000000000000000000, -0.000000000000000000 ) ) ;
#484 = FILL_AREA_STYLE_COLOUR ( '', #2890 ) ;
#485 = ORIENTED_EDGE ( 'NONE', *, *, #2972, .F. ) ;
#486 = VERTEX_POINT ( 'NONE', #7162 ) ;
#487 = ORIENTED_EDGE ( 'NONE', *, *, #3208, .T. ) ;
#488 =( NAMED_UNIT ( * ) SI_UNIT ( $, .STERADIAN. ) SOLID_ANGLE_UNIT ( ) );
#489 = PLANE ( 'NONE',  #6685 ) ;
#490 = CARTESIAN_POINT ( 'NONE',  ( -50.00000000000000000, -4.500000009768635678, 29.49999999971453235 ) ) ;
#491 = SURFACE_STYLE_USAGE ( .BOTH. , #1583 ) ;
#492 = LINE ( 'NONE', #1659, #3362 ) ;
#493 = VECTOR ( 'NONE', #2246, 1000.000000000000000 ) ;
#494 = CARTESIAN_POINT ( 'NONE',  ( 50.00000000000000000, -4.500000009768680975, 29.99999999971483788 ) ) ;
#495 = SURFACE_SIDE_STYLE ('',( #3449 ) ) ;
#496 = ORIENTED_EDGE ( 'NONE', *, *, #1837, .F. ) ;
#497 = DIRECTION ( 'NONE',  ( 1.000000000000000000, 0.000000000000000000, 0.000000000000000000 ) ) ;
#498 = SURFACE_SIDE_STYLE ('',( #3479 ) ) ;
#499 = EDGE_CURVE ( 'NONE', #3440, #1428, #1585, .T. ) ;
#500 =( NAMED_UNIT ( * ) SI_UNIT ( $, .STERADIAN. ) SOLID_ANGLE_UNIT ( ) );
#501 = EDGE_CURVE ( 'NONE', #3212, #5562, #5841, .T. ) ;
#502 = DIRECTION ( 'NONE',  ( -1.000000000000000000, 0.000000000000000000, -0.000000000000000000 ) ) ;
#503 = CIRCLE ( 'NONE', #7185, 0.4999999999999553690 ) ;
#504 = SURFACE_SIDE_STYLE ('',( #1590 ) ) ;
#505 = UNCERTAINTY_MEASURE_WITH_UNIT (LENGTH_MEASURE( 1.000000000000000082E-05 ), #1832, 'distance_accuracy_value', 'NONE');
#506 = EDGE_LOOP ( 'NONE', ( #1463, #5719, #3119, #7627 ) ) ;
#507 = CARTESIAN_POINT ( 'NONE',  ( 50.00000000000000000, 0.6999999898232942552, -25.10000000536236087 ) ) ;
#508 = SURFACE_STYLE_FILL_AREA ( #2878 ) ;
#509 = DIRECTION ( 'NONE',  ( -1.000000000000000000, 0.000000000000000000, -0.000000000000000000 ) ) ;
#510 = DIRECTION ( 'NONE',  ( 0.000000000000000000, 0.000000000000000000, -1.000000000000000000 ) ) ;
#511 = ORIENTED_EDGE ( 'NONE', *, *, #5521, .F. ) ;
#512 = CARTESIAN_POINT ( 'NONE',  ( 50.00000000000000000, 8.546190043056190788, -23.49997438438152031 ) ) ;
#513 = CARTESIAN_POINT ( 'NONE',  ( -50.00000000000000000, -3.588571657105320334, -25.54619003962910284 ) ) ;
#514 = CARTESIAN_POINT ( 'NONE',  ( 50.00000000000000000, 0.6999999898232942552, -24.80000000537330251 ) ) ;
#515 = SURFACE_STYLE_FILL_AREA ( #2850 ) ;
#516 = ORIENTED_EDGE ( 'NONE', *, *, #822, .T. ) ;
#517 = VECTOR ( 'NONE', #7033, 1000.000000000000000 ) ;
#518 = CIRCLE ( 'NONE', #646, 0.3000000000000016542 ) ;
#519 = ORIENTED_EDGE ( 'NONE', *, *, #2923, .T. ) ;
#520 = ORIENTED_EDGE ( 'NONE', *, *, #5881, .T. ) ;
#521 = FILL_AREA_STYLE ('',( #3443 ) ) ;
#522 = CARTESIAN_POINT ( 'NONE',  ( 50.00000000000000000, 1.000000009251461597, 28.10000000750401128 ) ) ;
#523 = FACE_OUTER_BOUND ( 'NONE', #4579, .T. ) ;
#524 = VECTOR ( 'NONE', #5880, 1000.000000000000000 ) ;
#525 = CARTESIAN_POINT ( 'NONE',  ( 50.00000000000000000, -8.546190043356597599, -23.50000000580262949 ) ) ;
#526 =( NAMED_UNIT ( * ) PLANE_ANGLE_UNIT ( ) SI_UNIT ( $, .RADIAN. ) );
#527 = STYLED_ITEM ( 'NONE', ( #7217 ), #6609 ) ;
#528 = EDGE_CURVE ( 'NONE', #4171, #5967, #6915, .T. ) ;
#529 = FILL_AREA_STYLE_COLOUR ( '', #4838 ) ;
#530 = VECTOR ( 'NONE', #2431, 1000.000000000000000 ) ;
#531 = STYLED_ITEM ( 'NONE', ( #1958 ), #2837 ) ;
#532 = ORIENTED_EDGE ( 'NONE', *, *, #6977, .T. ) ;
#533 = CARTESIAN_POINT ( 'NONE',  ( 50.00000000000000000, -1.074170222794469609, 26.56388805300069933 ) ) ;
#534 = ORIENTED_EDGE ( 'NONE', *, *, #6457, .F. ) ;
#535 =( LENGTH_UNIT ( ) NAMED_UNIT ( * ) SI_UNIT ( .MILLI., .METRE. ) );
#536 = LINE ( 'NONE', #1588, #272 ) ;
#537 =( GEOMETRIC_REPRESENTATION_CONTEXT ( 3 ) GLOBAL_UNCERTAINTY_ASSIGNED_CONTEXT ( ( #7389 ) ) GLOBAL_UNIT_ASSIGNED_CONTEXT ( ( #446, #2267, #1844 ) ) REPRESENTATION_CONTEXT ( 'NONE', 'WORKASPACE' ) );
#538 = SURFACE_SIDE_STYLE ('',( #6392 ) ) ;
#539 = DIRECTION ( 'NONE',  ( 1.000000000000000000, 0.000000000000000000, 0.000000000000000000 ) ) ;
#540 = ORIENTED_EDGE ( 'NONE', *, *, #7036, .F. ) ;
#541 = EDGE_CURVE ( 'NONE', #5992, #2123, #6455, .T. ) ;
#542 = CARTESIAN_POINT ( 'NONE',  ( -50.00000000000000000, -4.000000009650611865, 29.99999999971483788 ) ) ;
#543 = CIRCLE ( 'NONE', #4266, 0.3000000000607239148 ) ;
#544 = FACE_OUTER_BOUND ( 'NONE', #4028, .T. ) ;
#545 = EDGE_LOOP ( 'NONE', ( #3690, #4424, #4115, #417 ) ) ;
#546 = FACE_OUTER_BOUND ( 'NONE', #5977, .T. ) ;
#547 = CYLINDRICAL_SURFACE ( 'NONE', #4102, 0.5000000000241512366 ) ;
#548 = DIRECTION ( 'NONE',  ( 1.000000000000000000, 0.000000000000000000, 0.000000000000000000 ) ) ;
#549 = AXIS2_PLACEMENT_3D ( 'NONE', #6038, #3762, #158 ) ;
#550 = CARTESIAN_POINT ( 'NONE',  ( 50.00000000000000000, 2.500000009253489086, 29.50000000459574068 ) ) ;
#551 = ORIENTED_EDGE ( 'NONE', *, *, #6178, .T. ) ;
#552 = EDGE_CURVE ( 'NONE', #236, #784, #3332, .T. ) ;
#553 = VECTOR ( 'NONE', #147, 1000.000000000000000 ) ;
#554 = FILL_AREA_STYLE ('',( #2347 ) ) ;
#555 = DIRECTION ( 'NONE',  ( 0.000000000000000000, 0.000000000000000000, -1.000000000000000000 ) ) ;
#556 = DIRECTION ( 'NONE',  ( 0.000000000000000000, -1.000000000000000000, 0.000000000000000000 ) ) ;
#557 = CARTESIAN_POINT ( 'NONE',  ( 50.00000000000000000, 0.9999999914620093522, 25.09999999997997122 ) ) ;
#558 = CARTESIAN_POINT ( 'NONE',  ( -50.00000000000000000, 8.046190044058366908, 24.25060968737922096 ) ) ;
#559 = MECHANICAL_DESIGN_GEOMETRIC_PRESENTATION_REPRESENTATION (  '', ( #1166 ), #192 ) ;
#560 = PRESENTATION_LAYER_ASSIGNMENT (  '', '', ( #5373 ) ) ;
#561 = ORIENTED_EDGE ( 'NONE', *, *, #369, .T. ) ;
#562 = VECTOR ( 'NONE', #4224, 1000.000000000000000 ) ;
#563 = CARTESIAN_POINT ( 'NONE',  ( 50.00000000000000000, 0.6999999898232942552, -24.80000000537330251 ) ) ;
#564 = ORIENTED_EDGE ( 'NONE', *, *, #7420, .T. ) ;
#565 = ORIENTED_EDGE ( 'NONE', *, *, #2125, .T. ) ;
#566 =( NAMED_UNIT ( * ) SI_UNIT ( $, .STERADIAN. ) SOLID_ANGLE_UNIT ( ) );
#567 =( LENGTH_UNIT ( ) NAMED_UNIT ( * ) SI_UNIT ( .MILLI., .METRE. ) );
#568 = FILL_AREA_STYLE ('',( #2247 ) ) ;
#569 = VECTOR ( 'NONE', #2165, 1000.000000000000000 ) ;
#570 = PRESENTATION_STYLE_ASSIGNMENT (( #6452 ) ) ;
#571 = CARTESIAN_POINT ( 'NONE',  ( 50.00000000000000000, -7.250435498092510755, 26.03299288143281132 ) ) ;
#572 = STYLED_ITEM ( 'NONE', ( #6574 ), #3712 ) ;
#573 = LINE ( 'NONE', #5987, #2240 ) ;
#574 = MECHANICAL_DESIGN_GEOMETRIC_PRESENTATION_REPRESENTATION (  '', ( #706 ), #5780 ) ;
#575 = ORIENTED_EDGE ( 'NONE', *, *, #7215, .F. ) ;
#576 = LINE ( 'NONE', #1782, #3784 ) ;
#577 = ORIENTED_EDGE ( 'NONE', *, *, #2649, .F. ) ;
#578 = CARTESIAN_POINT ( 'NONE',  ( 50.00000000000000000, -8.500000009561359704, -30.00000000476405049 ) ) ;
#579 = FILL_AREA_STYLE ('',( #4624 ) ) ;
#580 = PRESENTATION_LAYER_ASSIGNMENT (  '', '', ( #5060 ) ) ;
#581 = ORIENTED_EDGE ( 'NONE', *, *, #3167, .F. ) ;
#582 = CARTESIAN_POINT ( 'NONE',  ( 50.00000000000000000, 0.9999999899623253086, 31.50000000026917490 ) ) ;
#583 = UNCERTAINTY_MEASURE_WITH_UNIT (LENGTH_MEASURE( 1.000000000000000082E-05 ), #1831, 'distance_accuracy_value', 'NONE');
#584 = DIRECTION ( 'NONE',  ( 0.000000000000000000, -1.000000000000000000, 0.000000000000000000 ) ) ;
#585 = ORIENTED_EDGE ( 'NONE', *, *, #4557, .T. ) ;
#586 = CARTESIAN_POINT ( 'NONE',  ( 50.00000000000000000, 11.60000001576112716, -23.49999999595059208 ) ) ;
#587 =( GEOMETRIC_REPRESENTATION_CONTEXT ( 3 ) GLOBAL_UNCERTAINTY_ASSIGNED_CONTEXT ( ( #148 ) ) GLOBAL_UNIT_ASSIGNED_CONTEXT ( ( #397, #6981, #2149 ) ) REPRESENTATION_CONTEXT ( 'NONE', 'WORKASPACE' ) );
#588 = LINE ( 'NONE', #5858, #4842 ) ;
#589 = DIRECTION ( 'NONE',  ( -0.000000000000000000, -1.000000000000000000, -0.000000000000000000 ) ) ;
#590 = VERTEX_POINT ( 'NONE', #6023 ) ;
#591 = LINE ( 'NONE', #7616, #1018 ) ;
#592 = CARTESIAN_POINT ( 'NONE',  ( 50.00000000000000000, 7.250435497623028525, 26.03299288647287213 ) ) ;
#593 =( NAMED_UNIT ( * ) SI_UNIT ( $, .STERADIAN. ) SOLID_ANGLE_UNIT ( ) );
#594 = EDGE_CURVE ( 'NONE', #3450, #5398, #3091, .T. ) ;
#595 = FILL_AREA_STYLE ('',( #4397 ) ) ;
#596 = EDGE_CURVE ( 'NONE', #769, #2713, #7199, .T. ) ;
#597 = SURFACE_STYLE_USAGE ( .BOTH. , #2421 ) ;
#598 = ADVANCED_FACE ( 'NONE', ( #4259 ), #3661, .F. ) ;
#599 = ORIENTED_EDGE ( 'NONE', *, *, #2122, .T. ) ;
#600 = DIRECTION ( 'NONE',  ( 0.000000000000000000, 0.000000000000000000, -1.000000000000000000 ) ) ;
#601 = ORIENTED_EDGE ( 'NONE', *, *, #4157, .T. ) ;
#602 = UNCERTAINTY_MEASURE_WITH_UNIT (LENGTH_MEASURE( 1.000000000000000082E-05 ), #5164, 'distance_accuracy_value', 'NONE');
#603 = DIRECTION ( 'NONE',  ( -1.000000000000000000, -0.000000000000000000, -0.000000000000000000 ) ) ;
#604 = FILL_AREA_STYLE_COLOUR ( '', #5139 ) ;
#605 = SURFACE_SIDE_STYLE ('',( #1102 ) ) ;
#606 = CARTESIAN_POINT ( 'NONE',  ( -50.00000000000000000, -1.044502126945330511, 26.76167532813437688 ) ) ;
#607 = DIRECTION ( 'NONE',  ( -0.000000000000000000, -0.000000000000000000, -1.000000000000000000 ) ) ;
#608 = ORIENTED_EDGE ( 'NONE', *, *, #5855, .T. ) ;
#609 = DIRECTION ( 'NONE',  ( -1.000000000000000000, -0.000000000000000000, -0.000000000000000000 ) ) ;
#610 = CARTESIAN_POINT ( 'NONE',  ( -50.00000000000000000, -6.283859941527155435, -25.84619003960370165 ) ) ;
#611 = VERTEX_POINT ( 'NONE', #7560 ) ;
#612 = DIRECTION ( 'NONE',  ( -1.000000000000000000, -0.000000000000000000, -0.000000000000000000 ) ) ;
#613 = DIRECTION ( 'NONE',  ( -1.000000000000000000, -0.000000000000000000, -0.000000000000000000 ) ) ;
#614 =( LENGTH_UNIT ( ) NAMED_UNIT ( * ) SI_UNIT ( .MILLI., .METRE. ) );
#615 = DIRECTION ( 'NONE',  ( 0.000000000000000000, 0.000000000000000000, -1.000000000000000000 ) ) ;
#616 = ORIENTED_EDGE ( 'NONE', *, *, #5243, .T. ) ;
#617 = AXIS2_PLACEMENT_3D ( 'NONE', #3746, #3792, #2637 ) ;
#618 = FILL_AREA_STYLE_COLOUR ( '', #3380 ) ;
#619 = VERTEX_POINT ( 'NONE', #6317 ) ;
#620 = CARTESIAN_POINT ( 'NONE',  ( -50.00000000000000000, 3.299656187376970973, -25.09997438303970441 ) ) ;
#621 = DIRECTION ( 'NONE',  ( 0.000000000000000000, 0.000000000000000000, 1.000000000000000000 ) ) ;
#622 = COLOUR_RGB ( '',0.8980392156862745390, 0.9176470588235293713, 0.9294117647058823817 ) ;
#623 = DIRECTION ( 'NONE',  ( 0.000000000000000000, 0.000000000000000000, 1.000000000000000000 ) ) ;
#624 = CARTESIAN_POINT ( 'NONE',  ( -50.00000000000000000, 6.750609692811459617, 26.04619003936658928 ) ) ;
#625 =( NAMED_UNIT ( * ) SI_UNIT ( $, .STERADIAN. ) SOLID_ANGLE_UNIT ( ) );
#626 = ORIENTED_EDGE ( 'NONE', *, *, #906, .F. ) ;
#627 = EDGE_CURVE ( 'NONE', #6507, #2114, #3312, .T. ) ;
#628 = SURFACE_SIDE_STYLE ('',( #5866 ) ) ;
#629 =( NAMED_UNIT ( * ) SI_UNIT ( $, .STERADIAN. ) SOLID_ANGLE_UNIT ( ) );
#630 = DIRECTION ( 'NONE',  ( -1.000000000000000000, -0.000000000000000000, -0.000000000000000000 ) ) ;
#631 = PRESENTATION_STYLE_ASSIGNMENT (( #40 ) ) ;
#632 = AXIS2_PLACEMENT_3D ( 'NONE', #4319, #4819, #6069 ) ;
#633 = ORIENTED_EDGE ( 'NONE', *, *, #6037, .T. ) ;
#634 = EDGE_CURVE ( 'NONE', #6013, #4994, #966, .T. ) ;
#635 = ADVANCED_FACE ( 'NONE', ( #2147 ), #5167, .T. ) ;
#636 = CARTESIAN_POINT ( 'NONE',  ( 50.00000000000000000, 4.999656187200979929, -27.74997438324669119 ) ) ;
#637 = EDGE_CURVE ( 'NONE', #6863, #3650, #5703, .T. ) ;
#638 = ORIENTED_EDGE ( 'NONE', *, *, #1396, .T. ) ;
#639 = DIRECTION ( 'NONE',  ( -1.000000000000000000, -0.000000000000000000, -0.000000000000000000 ) ) ;
#640 = AXIS2_PLACEMENT_3D ( 'NONE', #7657, #6612, #2355 ) ;
#641 = SURFACE_STYLE_FILL_AREA ( #3579 ) ;
#642 = CARTESIAN_POINT ( 'NONE',  ( 50.00000000000000000, -8.546190043356597599, -24.00000000581775694 ) ) ;
#643 = CYLINDRICAL_SURFACE ( 'NONE', #6741, 2.000000000000671463 ) ;
#644 = SURFACE_SIDE_STYLE ('',( #6538 ) ) ;
#645 = MECHANICAL_DESIGN_GEOMETRIC_PRESENTATION_REPRESENTATION (  '', ( #32 ), #4244 ) ;
#646 = AXIS2_PLACEMENT_3D ( 'NONE', #5355, #5245, #4124 ) ;
#647 = CARTESIAN_POINT ( 'NONE',  ( 50.00000000000000000, -9.300000006406863307, -23.50000000580262594 ) ) ;
#648 = EDGE_CURVE ( 'NONE', #4644, #5279, #2185, .T. ) ;
#649 = VERTEX_POINT ( 'NONE', #6830 ) ;
#650 =( NAMED_UNIT ( * ) PLANE_ANGLE_UNIT ( ) SI_UNIT ( $, .RADIAN. ) );
#651 = DIRECTION ( 'NONE',  ( -1.000000000000000000, -0.000000000000000000, -0.000000000000000000 ) ) ;
#652 = COLOUR_RGB ( '',0.8980392156862745390, 0.9176470588235293713, 0.9294117647058823817 ) ;
#653 = ORIENTED_EDGE ( 'NONE', *, *, #1635, .T. ) ;
#654 = FACE_OUTER_BOUND ( 'NONE', #7044, .T. ) ;
#655 = CARTESIAN_POINT ( 'NONE',  ( 50.00000000000000000, -1.499999997720311118, -27.54164377591239443 ) ) ;
#656 = FACE_OUTER_BOUND ( 'NONE', #4892, .T. ) ;
#657 =( LENGTH_UNIT ( ) NAMED_UNIT ( * ) SI_UNIT ( .MILLI., .METRE. ) );
#658 = ORIENTED_EDGE ( 'NONE', *, *, #4000, .T. ) ;
#659 = UNCERTAINTY_MEASURE_WITH_UNIT (LENGTH_MEASURE( 1.000000000000000082E-05 ), #4381, 'distance_accuracy_value', 'NONE');
#660 =( GEOMETRIC_REPRESENTATION_CONTEXT ( 3 ) GLOBAL_UNCERTAINTY_ASSIGNED_CONTEXT ( ( #2988 ) ) GLOBAL_UNIT_ASSIGNED_CONTEXT ( ( #5619, #2694, #3304 ) ) REPRESENTATION_CONTEXT ( 'NONE', 'WORKASPACE' ) );
#661 = FILL_AREA_STYLE ('',( #3030 ) ) ;
#662 = ORIENTED_EDGE ( 'NONE', *, *, #3477, .F. ) ;
#663 = PRESENTATION_STYLE_ASSIGNMENT (( #1985 ) ) ;
#664 = COLOUR_RGB ( '',0.8980392156862745390, 0.9176470588235293713, 0.9294117647058823817 ) ;
#665 = LINE ( 'NONE', #7222, #3770 ) ;
#666 =( NAMED_UNIT ( * ) SI_UNIT ( $, .STERADIAN. ) SOLID_ANGLE_UNIT ( ) );
#667 =( LENGTH_UNIT ( ) NAMED_UNIT ( * ) SI_UNIT ( .MILLI., .METRE. ) );
#668 = CIRCLE ( 'NONE', #2277, 0.4999999999999553690 ) ;
#669 = ORIENTED_EDGE ( 'NONE', *, *, #7275, .T. ) ;
#670 =( GEOMETRIC_REPRESENTATION_CONTEXT ( 3 ) GLOBAL_UNCERTAINTY_ASSIGNED_CONTEXT ( ( #2119 ) ) GLOBAL_UNIT_ASSIGNED_CONTEXT ( ( #2444, #3670, #5497 ) ) REPRESENTATION_CONTEXT ( 'NONE', 'WORKASPACE' ) );
#671 =( GEOMETRIC_REPRESENTATION_CONTEXT ( 3 ) GLOBAL_UNCERTAINTY_ASSIGNED_CONTEXT ( ( #3811 ) ) GLOBAL_UNIT_ASSIGNED_CONTEXT ( ( #222, #6141, #5563 ) ) REPRESENTATION_CONTEXT ( 'NONE', 'WORKASPACE' ) );
#672 = CARTESIAN_POINT ( 'NONE',  ( -50.00000000000000000, 2.999656189158373731, 24.80000000474848676 ) ) ;
#673 = COLOUR_RGB ( '',0.8980392156862745390, 0.9176470588235293713, 0.9294117647058823817 ) ;
#674 = ADVANCED_FACE ( 'NONE', ( #7455 ), #2197, .F. ) ;
#675 = PRESENTATION_LAYER_ASSIGNMENT (  '', '', ( #7369 ) ) ;
#676 = SURFACE_STYLE_FILL_AREA ( #5288 ) ;
#677 = ORIENTED_EDGE ( 'NONE', *, *, #3300, .F. ) ;
#678 = STYLED_ITEM ( 'NONE', ( #1878 ), #5803 ) ;
#679 = CIRCLE ( 'NONE', #5379, 0.4999999999994974020 ) ;
#680 = UNCERTAINTY_MEASURE_WITH_UNIT (LENGTH_MEASURE( 1.000000000000000082E-05 ), #376, 'distance_accuracy_value', 'NONE');
#681 = LINE ( 'NONE', #2428, #3140 ) ;
#682 = UNCERTAINTY_MEASURE_WITH_UNIT (LENGTH_MEASURE( 1.000000000000000082E-05 ), #2571, 'distance_accuracy_value', 'NONE');
#683 = ORIENTED_EDGE ( 'NONE', *, *, #861, .F. ) ;
#684 = SURFACE_STYLE_USAGE ( .BOTH. , #6614 ) ;
#685 = SURFACE_STYLE_USAGE ( .BOTH. , #1247 ) ;
#686 =( NAMED_UNIT ( * ) SI_UNIT ( $, .STERADIAN. ) SOLID_ANGLE_UNIT ( ) );
#687 =( GEOMETRIC_REPRESENTATION_CONTEXT ( 3 ) GLOBAL_UNCERTAINTY_ASSIGNED_CONTEXT ( ( #1561 ) ) GLOBAL_UNIT_ASSIGNED_CONTEXT ( ( #3377, #2910, #3519 ) ) REPRESENTATION_CONTEXT ( 'NONE', 'WORKASPACE' ) );
#688 =( NAMED_UNIT ( * ) PLANE_ANGLE_UNIT ( ) SI_UNIT ( $, .RADIAN. ) );
#689 = CARTESIAN_POINT ( 'NONE',  ( -50.00000000000000000, -8.532992890835773281, -24.75043549247703467 ) ) ;
#690 = ORIENTED_EDGE ( 'NONE', *, *, #2250, .T. ) ;
#691 = SURFACE_SIDE_STYLE ('',( #3059 ) ) ;
#692 = CARTESIAN_POINT ( 'NONE',  ( 50.00000000000000000, 8.546190044058311841, 24.00000000502026154 ) ) ;
#693 = PRESENTATION_LAYER_ASSIGNMENT (  '', '', ( #4900 ) ) ;
#694 = ORIENTED_EDGE ( 'NONE', *, *, #1292, .T. ) ;
#695 =( NAMED_UNIT ( * ) PLANE_ANGLE_UNIT ( ) SI_UNIT ( $, .RADIAN. ) );
#696 = VECTOR ( 'NONE', #2033, 1000.000000000000000 ) ;
#697 = DIRECTION ( 'NONE',  ( 1.000000000000000000, 0.000000000000000000, 0.000000000000000000 ) ) ;
#698 =( NAMED_UNIT ( * ) PLANE_ANGLE_UNIT ( ) SI_UNIT ( $, .RADIAN. ) );
#699 = EDGE_CURVE ( 'NONE', #1652, #2135, #3787, .T. ) ;
#700 = EDGE_CURVE ( 'NONE', #109, #313, #1598, .T. ) ;
#701 = VERTEX_POINT ( 'NONE', #7465 ) ;
#702 = COLOUR_RGB ( '',0.8980392156862745390, 0.9176470588235293713, 0.9294117647058823817 ) ;
#703 = SURFACE_STYLE_USAGE ( .BOTH. , #4195 ) ;
#704 = ORIENTED_EDGE ( 'NONE', *, *, #7096, .T. ) ;
#705 = DIRECTION ( 'NONE',  ( -1.000000000000000000, -0.000000000000000000, -0.000000000000000000 ) ) ;
#706 = STYLED_ITEM ( 'NONE', ( #2687 ), #7295 ) ;
#707 = SURFACE_STYLE_FILL_AREA ( #117 ) ;
#708 = CARTESIAN_POINT ( 'NONE',  ( -50.00000000000000000, 2.500000009253489086, 30.00000000457420057 ) ) ;
#709 = COLOUR_RGB ( '',0.8980392156862745390, 0.9176470588235293713, 0.9294117647058823817 ) ;
#710 = ORIENTED_EDGE ( 'NONE', *, *, #4617, .F. ) ;
#711 = DIRECTION ( 'NONE',  ( 0.000000000000000000, -1.000000000000000000, 0.000000000000000000 ) ) ;
#712 = CYLINDRICAL_SURFACE ( 'NONE', #4294, 1.250000000000001110 ) ;
#713 = DIRECTION ( 'NONE',  ( 0.000000000000000000, 0.000000000000000000, -1.000000000000000000 ) ) ;
#714 = CYLINDRICAL_SURFACE ( 'NONE', #1016, 0.5000000000588388227 ) ;
#715 = VECTOR ( 'NONE', #4885, 1000.000000000000000 ) ;
#716 = SURFACE_STYLE_USAGE ( .BOTH. , #2888 ) ;
#717 = ORIENTED_EDGE ( 'NONE', *, *, #5881, .F. ) ;
#718 = VECTOR ( 'NONE', #7633, 1000.000000000000000 ) ;
#719 = EDGE_CURVE ( 'NONE', #6993, #6377, #1060, .T. ) ;
#720 = DIRECTION ( 'NONE',  ( 0.000000000000000000, 1.000000000000000000, 0.000000000000000000 ) ) ;
#721 =( GEOMETRIC_REPRESENTATION_CONTEXT ( 3 ) GLOBAL_UNCERTAINTY_ASSIGNED_CONTEXT ( ( #6784 ) ) GLOBAL_UNIT_ASSIGNED_CONTEXT ( ( #3488, #473, #3567 ) ) REPRESENTATION_CONTEXT ( 'NONE', 'WORKASPACE' ) );
#722 = EDGE_LOOP ( 'NONE', ( #1539, #5683, #65, #616 ) ) ;
#723 =( NAMED_UNIT ( * ) SI_UNIT ( $, .STERADIAN. ) SOLID_ANGLE_UNIT ( ) );
#724 = LINE ( 'NONE', #53, #530 ) ;
#725 = FACE_OUTER_BOUND ( 'NONE', #5950, .T. ) ;
#726 =( NAMED_UNIT ( * ) SI_UNIT ( $, .STERADIAN. ) SOLID_ANGLE_UNIT ( ) );
#727 = DIRECTION ( 'NONE',  ( -0.000000000000000000, -0.000000000000000000, 1.000000000000000000 ) ) ;
#728 = VERTEX_POINT ( 'NONE', #3979 ) ;
#729 = CARTESIAN_POINT ( 'NONE',  ( 50.00000000000000000, -2.621317553387803923, -25.80000000528581694 ) ) ;
#730 = ORIENTED_EDGE ( 'NONE', *, *, #4155, .F. ) ;
#731 = CARTESIAN_POINT ( 'NONE',  ( 50.00000000000000000, -0.9999999976702030891, -27.05835622831537179 ) ) ;
#732 = UNCERTAINTY_MEASURE_WITH_UNIT (LENGTH_MEASURE( 1.000000000000000082E-05 ), #4242, 'distance_accuracy_value', 'NONE');
#733 = EDGE_CURVE ( 'NONE', #5310, #1100, #3799, .T. ) ;
#734 = CARTESIAN_POINT ( 'NONE',  ( 50.00000000000000000, 0.7000000066269876919, -26.49997438468984967 ) ) ;
#735 = ADVANCED_FACE ( 'NONE', ( #6098 ), #6959, .F. ) ;
#736 = EDGE_LOOP ( 'NONE', ( #3085, #5255, #1742, #4097 ) ) ;
#737 =( NAMED_UNIT ( * ) SI_UNIT ( $, .STERADIAN. ) SOLID_ANGLE_UNIT ( ) );
#738 = SURFACE_STYLE_USAGE ( .BOTH. , #813 ) ;
#739 = CARTESIAN_POINT ( 'NONE',  ( 50.00000000000000000, 9.300000008939822038, -23.49997438438152031 ) ) ;
#740 =( LENGTH_UNIT ( ) NAMED_UNIT ( * ) SI_UNIT ( .MILLI., .METRE. ) );
#741 = ORIENTED_EDGE ( 'NONE', *, *, #3865, .F. ) ;
#742 = MECHANICAL_DESIGN_GEOMETRIC_PRESENTATION_REPRESENTATION (  '', ( #7066 ), #6683 ) ;
#743 = CARTESIAN_POINT ( 'NONE',  ( 50.00000000000000000, -9.300000006406863307, -23.50000000580262594 ) ) ;
#744 = SURFACE_SIDE_STYLE ('',( #2086 ) ) ;
#745 = PRESENTATION_LAYER_ASSIGNMENT (  '', '', ( #2127 ) ) ;
#746 = VERTEX_POINT ( 'NONE', #1372 ) ;
#747 = CIRCLE ( 'NONE', #1881, 0.5000000000020022872 ) ;
#748 =( GEOMETRIC_REPRESENTATION_CONTEXT ( 3 ) GLOBAL_UNCERTAINTY_ASSIGNED_CONTEXT ( ( #5851 ) ) GLOBAL_UNIT_ASSIGNED_CONTEXT ( ( #6986, #5786, #1013 ) ) REPRESENTATION_CONTEXT ( 'NONE', 'WORKASPACE' ) );
#749 = ORIENTED_EDGE ( 'NONE', *, *, #5243, .F. ) ;
#750 = SURFACE_STYLE_USAGE ( .BOTH. , #219 ) ;
#751 = DIRECTION ( 'NONE',  ( 0.000000000000000000, -0.1483404530702339130, -0.9889363528472991938 ) ) ;
#752 = SURFACE_STYLE_USAGE ( .BOTH. , #7355 ) ;
#753 = CARTESIAN_POINT ( 'NONE',  ( -50.00000000000000000, -8.500000009396554645, 25.99999999947474905 ) ) ;
#754 = PRESENTATION_STYLE_ASSIGNMENT (( #1851 ) ) ;
#755 = CARTESIAN_POINT ( 'NONE',  ( 50.00000000000000000, -6.750609693278262213, 26.04619003422375911 ) ) ;
#756 = ORIENTED_EDGE ( 'NONE', *, *, #7610, .T. ) ;
#757 = SURFACE_STYLE_USAGE ( .BOTH. , #5421 ) ;
#758 = DIRECTION ( 'NONE',  ( -0.000000000000000000, -0.000000000000000000, -1.000000000000000000 ) ) ;
#759 = ORIENTED_EDGE ( 'NONE', *, *, #4528, .T. ) ;
#760 =( NAMED_UNIT ( * ) SI_UNIT ( $, .STERADIAN. ) SOLID_ANGLE_UNIT ( ) );
#761 = FILL_AREA_STYLE_COLOUR ( '', #7183 ) ;
#762 = CARTESIAN_POINT ( 'NONE',  ( 50.00000000000000000, 5.499656187270182350, -26.04616441805654148 ) ) ;
#763 = EDGE_CURVE ( 'NONE', #447, #7139, #3742, .T. ) ;
#764 = UNCERTAINTY_MEASURE_WITH_UNIT (LENGTH_MEASURE( 1.000000000000000082E-05 ), #5815, 'distance_accuracy_value', 'NONE');
#765 = VECTOR ( 'NONE', #1159, 1000.000000000000000 ) ;
#766 = AXIS2_PLACEMENT_3D ( 'NONE', #3810, #4976, #5554 ) ;
#767 = DIRECTION ( 'NONE',  ( 1.000000000000000000, 0.000000000000000000, 0.000000000000000000 ) ) ;
#768 = CARTESIAN_POINT ( 'NONE',  ( -50.00000000000000000, -4.150000009022571490, 27.74999999985019983 ) ) ;
#769 = VERTEX_POINT ( 'NONE', #5536 ) ;
#770 = DIRECTION ( 'NONE',  ( 0.000000000000000000, 0.000000000000000000, 1.000000000000000000 ) ) ;
#771 = DIRECTION ( 'NONE',  ( -1.000000000000000000, -0.000000000000000000, -0.000000000000000000 ) ) ;
#772 = DIRECTION ( 'NONE',  ( -0.000000000000000000, -1.000000000000000000, -0.000000000000000000 ) ) ;
#773 = CIRCLE ( 'NONE', #1773, 1.250000000000001110 ) ;
#774 = ORIENTED_EDGE ( 'NONE', *, *, #1544, .F. ) ;
#775 = AXIS2_PLACEMENT_3D ( 'NONE', #1609, #4135, #4029 ) ;
#776 = SURFACE_SIDE_STYLE ('',( #7226 ) ) ;
#777 =( NAMED_UNIT ( * ) SI_UNIT ( $, .STERADIAN. ) SOLID_ANGLE_UNIT ( ) );
#778 =( NAMED_UNIT ( * ) PLANE_ANGLE_UNIT ( ) SI_UNIT ( $, .RADIAN. ) );
#779 = PRESENTATION_LAYER_ASSIGNMENT (  '', '', ( #4511 ) ) ;
#780 = DIRECTION ( 'NONE',  ( 0.000000000000000000, 0.000000000000000000, 1.000000000000000000 ) ) ;
#781 = VECTOR ( 'NONE', #6637, 1000.000000000000000 ) ;
#782 = ADVANCED_FACE ( 'NONE', ( #227 ), #2595, .F. ) ;
#783 = EDGE_CURVE ( 'NONE', #5433, #5924, #6523, .T. ) ;
#784 = VERTEX_POINT ( 'NONE', #2932 ) ;
#785 =( GEOMETRIC_REPRESENTATION_CONTEXT ( 3 ) GLOBAL_UNCERTAINTY_ASSIGNED_CONTEXT ( ( #6755 ) ) GLOBAL_UNIT_ASSIGNED_CONTEXT ( ( #1734, #6968, #5768 ) ) REPRESENTATION_CONTEXT ( 'NONE', 'WORKASPACE' ) );
#786 = CARTESIAN_POINT ( 'NONE',  ( 50.00000000000000000, 9.800000008939301566, -22.99997438438203901 ) ) ;
#787 = ORIENTED_EDGE ( 'NONE', *, *, #4019, .T. ) ;
#788 = VECTOR ( 'NONE', #4555, 1000.000000000000000 ) ;
#789 = FILL_AREA_STYLE ('',( #4991 ) ) ;
#790 = SURFACE_STYLE_FILL_AREA ( #4755 ) ;
#791 = PRESENTATION_LAYER_ASSIGNMENT (  '', '', ( #305 ) ) ;
#792 =( NAMED_UNIT ( * ) PLANE_ANGLE_UNIT ( ) SI_UNIT ( $, .RADIAN. ) );
#793 = VECTOR ( 'NONE', #623, 1000.000000000000000 ) ;
#794 = PRODUCT_DEFINITION_CONTEXT ( 'detailed design', #2800, 'design' ) ;
#795 = ORIENTED_EDGE ( 'NONE', *, *, #5697, .F. ) ;
#796 = CARTESIAN_POINT ( 'NONE',  ( 50.00000000000000000, -5.984590724811448048, 25.82526309210031457 ) ) ;
#797 = EDGE_LOOP ( 'NONE', ( #6097, #7451, #1196, #5640 ) ) ;
#798 =( LENGTH_UNIT ( ) NAMED_UNIT ( * ) SI_UNIT ( .MILLI., .METRE. ) );
#799 = DIRECTION ( 'NONE',  ( 0.000000000000000000, -0.000000000000000000, -1.000000000000000000 ) ) ;
#800 = PRESENTATION_STYLE_ASSIGNMENT (( #107 ) ) ;
#801 = CARTESIAN_POINT ( 'NONE',  ( 50.00000000000000000, -1.499999997720311118, -27.05835622831537179 ) ) ;
#802 = APPLICATION_CONTEXT ( 'automotive_design' ) ;
#803 = PRESENTATION_LAYER_ASSIGNMENT (  '', '', ( #3286 ) ) ;
#804 =( GEOMETRIC_REPRESENTATION_CONTEXT ( 3 ) GLOBAL_UNCERTAINTY_ASSIGNED_CONTEXT ( ( #3196 ) ) GLOBAL_UNIT_ASSIGNED_CONTEXT ( ( #6857, #4431, #1506 ) ) REPRESENTATION_CONTEXT ( 'NONE', 'WORKASPACE' ) );
#805 = FILL_AREA_STYLE ('',( #7370 ) ) ;
#806 = STYLED_ITEM ( 'NONE', ( #3665 ), #6945 ) ;
#807 = EDGE_CURVE ( 'NONE', #5535, #4734, #1237, .T. ) ;
#808 = VERTEX_POINT ( 'NONE', #6557 ) ;
#809 = FILL_AREA_STYLE_COLOUR ( '', #4429 ) ;
#810 = EDGE_LOOP ( 'NONE', ( #5692, #4575, #2670, #5001 ) ) ;
#811 =( LENGTH_UNIT ( ) NAMED_UNIT ( * ) SI_UNIT ( .MILLI., .METRE. ) );
#812 = CARTESIAN_POINT ( 'NONE',  ( 50.00000000000000000, 8.046190042989833202, -24.25058406674039091 ) ) ;
#813 = SURFACE_SIDE_STYLE ('',( #3680 ) ) ;
#814 = CARTESIAN_POINT ( 'NONE',  ( 50.00000000000000000, -0.5000000100738536402, 29.99999999995303668 ) ) ;
#815 = LINE ( 'NONE', #3763, #5266 ) ;
#816 = PRESENTATION_LAYER_ASSIGNMENT (  '', '', ( #4167 ) ) ;
#817 = ORIENTED_EDGE ( 'NONE', *, *, #6909, .F. ) ;
#818 = CARTESIAN_POINT ( 'NONE',  ( 50.00000000000000000, 0.9999999898123584918, -25.10000000536236087 ) ) ;
#819 = DIRECTION ( 'NONE',  ( -1.000000000000000000, -0.000000000000000000, -0.000000000000000000 ) ) ;
#820 = CARTESIAN_POINT ( 'NONE',  ( 50.00000000000000000, -4.150000009022571490, 27.74999999985019983 ) ) ;
#821 = DIRECTION ( 'NONE',  ( -1.000000000000000000, -0.000000000000000000, -0.000000000000000000 ) ) ;
#822 = EDGE_CURVE ( 'NONE', #3027, #1694, #5933, .T. ) ;
#823 = PRESENTATION_STYLE_ASSIGNMENT (( #4519 ) ) ;
#824 = CARTESIAN_POINT ( 'NONE',  ( 50.00000000000000000, 1.300000006756061310, -24.79997438303944790 ) ) ;
#825 = CIRCLE ( 'NONE', #5908, 0.5000000000692019775 ) ;
#826 = ORIENTED_EDGE ( 'NONE', *, *, #5320, .T. ) ;
#827 = DIRECTION ( 'NONE',  ( -0.000000000000000000, -0.000000000000000000, -1.000000000000000000 ) ) ;
#828 = EDGE_CURVE ( 'NONE', #2239, #373, #7617, .T. ) ;
#829 = VERTEX_POINT ( 'NONE', #3458 ) ;
#830 = FILL_AREA_STYLE_COLOUR ( '', #455 ) ;
#831 = ADVANCED_FACE ( 'NONE', ( #7573 ), #4787, .T. ) ;
#832 = EDGE_CURVE ( 'NONE', #4946, #1466, #4678, .T. ) ;
#833 = DIRECTION ( 'NONE',  ( 0.000000000000000000, -1.000000000000000000, 0.000000000000000000 ) ) ;
#834 = VECTOR ( 'NONE', #5616, 1000.000000000000000 ) ;
#835 = SURFACE_STYLE_USAGE ( .BOTH. , #988 ) ;
#836 = PRESENTATION_STYLE_ASSIGNMENT (( #6142 ) ) ;
#837 = ORIENTED_EDGE ( 'NONE', *, *, #7564, .T. ) ;
#838 = ORIENTED_EDGE ( 'NONE', *, *, #5010, .T. ) ;
#839 =( NAMED_UNIT ( * ) SI_UNIT ( $, .STERADIAN. ) SOLID_ANGLE_UNIT ( ) );
#840 =( NAMED_UNIT ( * ) PLANE_ANGLE_UNIT ( ) SI_UNIT ( $, .RADIAN. ) );
#841 = ORIENTED_EDGE ( 'NONE', *, *, #3481, .F. ) ;
#842 = PLANE ( 'NONE',  #6188 ) ;
#843 =( NAMED_UNIT ( * ) PLANE_ANGLE_UNIT ( ) SI_UNIT ( $, .RADIAN. ) );
#844 = CARTESIAN_POINT ( 'NONE',  ( 50.00000000000000000, -1.299999993536965492, -27.54161815809441904 ) ) ;
#845 = SURFACE_STYLE_FILL_AREA ( #6152 ) ;
#846 = FILL_AREA_STYLE_COLOUR ( '', #4804 ) ;
#847 = ORIENTED_EDGE ( 'NONE', *, *, #4114, .F. ) ;
#848 = CYLINDRICAL_SURFACE ( 'NONE', #5402, 0.4999999999994800270 ) ;
#849 = ORIENTED_EDGE ( 'NONE', *, *, #4956, .F. ) ;
#850 = LINE ( 'NONE', #3928, #6156 ) ;
#851 = PLANE ( 'NONE',  #135 ) ;
#852 = SURFACE_STYLE_FILL_AREA ( #595 ) ;
#853 = DIRECTION ( 'NONE',  ( 0.000000000000000000, 0.000000000000000000, -1.000000000000000000 ) ) ;
#854 = CARTESIAN_POINT ( 'NONE',  ( 50.00000000000000000, 0.6999999912927074019, 28.30000000293902929 ) ) ;
#855 = FACE_OUTER_BOUND ( 'NONE', #7101, .T. ) ;
#856 = SURFACE_STYLE_USAGE ( .BOTH. , #776 ) ;
#857 =( LENGTH_UNIT ( ) NAMED_UNIT ( * ) SI_UNIT ( .MILLI., .METRE. ) );
#858 = UNCERTAINTY_MEASURE_WITH_UNIT (LENGTH_MEASURE( 1.000000000000000082E-05 ), #4385, 'distance_accuracy_value', 'NONE');
#859 = FILL_AREA_STYLE_COLOUR ( '', #3981 ) ;
#860 = DIRECTION ( 'NONE',  ( 0.000000000000000000, 0.000000000000000000, -1.000000000000000000 ) ) ;
#861 = EDGE_CURVE ( 'NONE', #6848, #6811, #5827, .T. ) ;
#862 = UNCERTAINTY_MEASURE_WITH_UNIT (LENGTH_MEASURE( 1.000000000000000082E-05 ), #7316, 'distance_accuracy_value', 'NONE');
#863 = ORIENTED_EDGE ( 'NONE', *, *, #5625, .T. ) ;
#864 = AXIS2_PLACEMENT_3D ( 'NONE', #4580, #5802, #2169 ) ;
#865 = DIRECTION ( 'NONE',  ( -1.000000000000000000, -0.000000000000000000, -0.000000000000000000 ) ) ;
#866 = ORIENTED_EDGE ( 'NONE', *, *, #1445, .F. ) ;
#867 = DIRECTION ( 'NONE',  ( -1.000000000000000000, -0.000000000000000000, -0.000000000000000000 ) ) ;
#868 = SURFACE_STYLE_FILL_AREA ( #3279 ) ;
#869 = CIRCLE ( 'NONE', #2373, 1.249999999268169848 ) ;
#870 = SURFACE_SIDE_STYLE ('',( #6728 ) ) ;
#871 = LINE ( 'NONE', #2631, #4763 ) ;
#872 = PRESENTATION_LAYER_ASSIGNMENT (  '', '', ( #7558 ) ) ;
#873 = DIRECTION ( 'NONE',  ( 0.000000000000000000, 0.000000000000000000, -1.000000000000000000 ) ) ;
#874 = EDGE_CURVE ( 'NONE', #5491, #4067, #6754, .T. ) ;
#875 = ORIENTED_EDGE ( 'NONE', *, *, #4406, .T. ) ;
#876 = EDGE_CURVE ( 'NONE', #1780, #5546, #6900, .T. ) ;
#877 = EDGE_CURVE ( 'NONE', #486, #1406, #1183, .T. ) ;
#878 = VECTOR ( 'NONE', #357, 1000.000000000000000 ) ;
#879 = ORIENTED_EDGE ( 'NONE', *, *, #2704, .T. ) ;
#880 = DIRECTION ( 'NONE',  ( 0.000000000000000000, 0.000000000000000000, 1.000000000000000000 ) ) ;
#881 = ORIENTED_EDGE ( 'NONE', *, *, #167, .T. ) ;
#882 = CARTESIAN_POINT ( 'NONE',  ( -50.00000000000000000, 0.6999999898123481223, -26.30000000237517455 ) ) ;
#883 =( NAMED_UNIT ( * ) SI_UNIT ( $, .STERADIAN. ) SOLID_ANGLE_UNIT ( ) );
#884 = FILL_AREA_STYLE ('',( #2758 ) ) ;
#885 = EDGE_CURVE ( 'NONE', #6923, #3830, #7182, .T. ) ;
#886 = VERTEX_POINT ( 'NONE', #4408 ) ;
#887 = SURFACE_STYLE_USAGE ( .BOTH. , #6275 ) ;
#888 = ORIENTED_EDGE ( 'NONE', *, *, #4516, .F. ) ;
#889 = DIRECTION ( 'NONE',  ( 0.000000000000000000, -0.9889363528382869584, 0.1483404531303144924 ) ) ;
#890 = LINE ( 'NONE', #5059, #788 ) ;
#891 = CARTESIAN_POINT ( 'NONE',  ( 50.00000000000000000, -9.300000003928143855, 22.99999999639312875 ) ) ;
#892 = PRESENTATION_LAYER_ASSIGNMENT (  '', '', ( #3997 ) ) ;
#893 = EDGE_LOOP ( 'NONE', ( #2756, #6302, #2633, #2120 ) ) ;
#894 = PRESENTATION_LAYER_ASSIGNMENT (  '', '', ( #5476 ) ) ;
#895 = PRESENTATION_STYLE_ASSIGNMENT (( #2263 ) ) ;
#896 = CARTESIAN_POINT ( 'NONE',  ( 50.00000000000000000, -6.750609693278262213, 25.54619003422375911 ) ) ;
#897 = CARTESIAN_POINT ( 'NONE',  ( 50.00000000000000000, -8.500000009396554645, 25.99999999947474905 ) ) ;
#898 = LINE ( 'NONE', #5674, #2130 ) ;
#899 = CIRCLE ( 'NONE', #1891, 0.4999999999992579824 ) ;
#900 = PRESENTATION_LAYER_ASSIGNMENT (  '', '', ( #1642 ) ) ;
#901 = DIRECTION ( 'NONE',  ( -0.000000000000000000, -1.000000000000000000, -0.000000000000000000 ) ) ;
#902 = ORIENTED_EDGE ( 'NONE', *, *, #5670, .F. ) ;
#903 = AXIS2_PLACEMENT_3D ( 'NONE', #3862, #2672, #1366 ) ;
#904 = DIRECTION ( 'NONE',  ( 0.000000000000000000, 0.000000000000000000, -1.000000000000000000 ) ) ;
#905 = ORIENTED_EDGE ( 'NONE', *, *, #7178, .F. ) ;
#906 = EDGE_CURVE ( 'NONE', #1638, #6218, #4241, .T. ) ;
#907 = CIRCLE ( 'NONE', #7596, 0.5000000000151827440 ) ;
#908 = APPLICATION_CONTEXT ( 'automotive_design' ) ;
#909 =( NAMED_UNIT ( * ) SI_UNIT ( $, .STERADIAN. ) SOLID_ANGLE_UNIT ( ) );
#910 = COLOUR_RGB ( '',0.8980392156862745390, 0.9176470588235293713, 0.9294117647058823817 ) ;
#911 = DIRECTION ( 'NONE',  ( -1.000000000000000000, -0.000000000000000000, -0.000000000000000000 ) ) ;
#912 = DIRECTION ( 'NONE',  ( 1.000000000000000000, 0.000000000000000000, 0.000000000000000000 ) ) ;
#913 = ORIENTED_EDGE ( 'NONE', *, *, #6545, .T. ) ;
#914 = PRESENTATION_LAYER_ASSIGNMENT (  '', '', ( #4646 ) ) ;
#915 = VECTOR ( 'NONE', #6464, 1000.000000000000000 ) ;
#916 = ORIENTED_EDGE ( 'NONE', *, *, #3144, .T. ) ;
#917 = PRESENTATION_STYLE_ASSIGNMENT (( #6222 ) ) ;
#918 = VERTEX_POINT ( 'NONE', #4977 ) ;
#919 =( LENGTH_UNIT ( ) NAMED_UNIT ( * ) SI_UNIT ( .MILLI., .METRE. ) );
#920 = CIRCLE ( 'NONE', #3632, 0.9999999999240130055 ) ;
#921 = CARTESIAN_POINT ( 'NONE',  ( 50.00000000000000000, 0.7000000066269876919, -26.49997438468984967 ) ) ;
#922 = CIRCLE ( 'NONE', #4031, 0.4999999997277598807 ) ;
#923 = LINE ( 'NONE', #1581, #7585 ) ;
#924 = PRESENTATION_STYLE_ASSIGNMENT (( #6817 ) ) ;
#925 = DIRECTION ( 'NONE',  ( 0.000000000000000000, 0.000000000000000000, -1.000000000000000000 ) ) ;
#926 =( GEOMETRIC_REPRESENTATION_CONTEXT ( 3 ) GLOBAL_UNCERTAINTY_ASSIGNED_CONTEXT ( ( #3267 ) ) GLOBAL_UNIT_ASSIGNED_CONTEXT ( ( #3348, #3806, #3962 ) ) REPRESENTATION_CONTEXT ( 'NONE', 'WORKASPACE' ) );
#927 = VERTEX_POINT ( 'NONE', #210 ) ;
#928 = ADVANCED_FACE ( 'NONE', ( #2459 ), #4327, .F. ) ;
#929 =( LENGTH_UNIT ( ) NAMED_UNIT ( * ) SI_UNIT ( .MILLI., .METRE. ) );
#930 = VERTEX_POINT ( 'NONE', #1275 ) ;
#931 =( NAMED_UNIT ( * ) SI_UNIT ( $, .STERADIAN. ) SOLID_ANGLE_UNIT ( ) );
#932 = CARTESIAN_POINT ( 'NONE',  ( 50.00000000000000000, -12.50000000940121225, 25.99999999947474905 ) ) ;
#933 = EDGE_CURVE ( 'NONE', #3, #6962, #5577, .T. ) ;
#934 = VECTOR ( 'NONE', #556, 1000.000000000000000 ) ;
#935 =( NAMED_UNIT ( * ) PLANE_ANGLE_UNIT ( ) SI_UNIT ( $, .RADIAN. ) );
#936 = EDGE_CURVE ( 'NONE', #2929, #5938, #3643, .T. ) ;
#937 = CARTESIAN_POINT ( 'NONE',  ( 50.00000000000000000, 9.300000009539528989, 23.00000000496456920 ) ) ;
#938 = AXIS2_PLACEMENT_3D ( 'NONE', #1305, #5923, #1221 ) ;
#939 = SURFACE_STYLE_FILL_AREA ( #1627 ) ;
#940 = MECHANICAL_DESIGN_GEOMETRIC_PRESENTATION_REPRESENTATION (  '', ( #5639 ), #6758 ) ;
#941 = ORIENTED_EDGE ( 'NONE', *, *, #4045, .F. ) ;
#942 = AXIS2_PLACEMENT_3D ( 'NONE', #5811, #497, #2868 ) ;
#943 = VECTOR ( 'NONE', #5584, 1000.000000000000000 ) ;
#944 = SURFACE_STYLE_FILL_AREA ( #363 ) ;
#945 = UNCERTAINTY_MEASURE_WITH_UNIT (LENGTH_MEASURE( 1.000000000000000082E-05 ), #4829, 'distance_accuracy_value', 'NONE');
#946 = SURFACE_STYLE_USAGE ( .BOTH. , #327 ) ;
#947 = CARTESIAN_POINT ( 'NONE',  ( 50.00000000000000000, 0.6850834411078633446, -28.30000000237553692 ) ) ;
#948 = AXIS2_PLACEMENT_3D ( 'NONE', #3957, #5943, #4585 ) ;
#949 = ORIENTED_EDGE ( 'NONE', *, *, #6284, .T. ) ;
#950 = STYLED_ITEM ( 'NONE', ( #6307 ), #7381 ) ;
#951 = MECHANICAL_DESIGN_GEOMETRIC_PRESENTATION_REPRESENTATION (  '', ( #7272 ), #1680 ) ;
#952 = EDGE_LOOP ( 'NONE', ( #175, #1962, #7300, #3284 ) ) ;
#953 = CARTESIAN_POINT ( 'NONE',  ( 50.00000000000000000, 0.6999999898123481223, -26.00000000237517739 ) ) ;
#954 = EDGE_LOOP ( 'NONE', ( #3058, #5153, #4930, #2417, #7153, #1106, #3049, #1502, #7297, #3092, #3923, #5931, #6292, #6039, #704, #4452, #3121, #4522, #1146, #6548, #4100, #5381, #5974, #4809, #4293, #4426, #7156, #4123, #3998, #5543, #4831, #6585, #3076, #6261, #6448, #5569, #3731, #7057, #4183, #4701, #3948, #551, #389, #6556, #6513, #1879, #5890, #913, #3365, #1792, #4722, #6429, #2377, #3757, #3253, #72, #1134, #2341, #3232, #7089, #2720, #3753, #759, #6746, #7314, #601, #4461, #6777, #2946, #4856, #4369, #3507, #4944, #3866, #3084, #6591, #3593, #4577, #1190, #5186, #6613, #2574, #1862, #7062, #2269, #1066, #4134, #3630, #2438 ) ) ;
#955 = EDGE_CURVE ( 'NONE', #1498, #1254, #6009, .T. ) ;
#956 = MECHANICAL_DESIGN_GEOMETRIC_PRESENTATION_REPRESENTATION (  '', ( #3921 ), #7629 ) ;
#957 = VERTEX_POINT ( 'NONE', #5438 ) ;
#958 = CARTESIAN_POINT ( 'NONE',  ( 50.00000000000000000, 6.750609691002445345, -25.54616441798733817 ) ) ;
#959 = ORIENTED_EDGE ( 'NONE', *, *, #763, .T. ) ;
#960 = LINE ( 'NONE', #3336, #5937 ) ;
#961 = LINE ( 'NONE', #382, #2048 ) ;
#962 = FILL_AREA_STYLE ('',( #5613 ) ) ;
#963 = FILL_AREA_STYLE_COLOUR ( '', #4055 ) ;
#964 = EDGE_CURVE ( 'NONE', #829, #3277, #747, .T. ) ;
#965 = DIRECTION ( 'NONE',  ( 0.000000000000000000, 0.000000000000000000, -1.000000000000000000 ) ) ;
#966 = CIRCLE ( 'NONE', #6536, 0.5000000000241512366 ) ;
#967 = ORIENTED_EDGE ( 'NONE', *, *, #7525, .T. ) ;
#968 = CARTESIAN_POINT ( 'NONE',  ( 50.00000000000000000, 3.299656187376970973, -27.74997438324669119 ) ) ;
#969 = VERTEX_POINT ( 'NONE', #3685 ) ;
#970 = DIRECTION ( 'NONE',  ( -1.000000000000000000, -0.000000000000000000, -0.000000000000000000 ) ) ;
#971 = FILL_AREA_STYLE_COLOUR ( '', #5332 ) ;
#972 = DIRECTION ( 'NONE',  ( 0.000000000000000000, 0.000000000000000000, -1.000000000000000000 ) ) ;
#973 = DIRECTION ( 'NONE',  ( 0.000000000000000000, 0.000000000000000000, 1.000000000000000000 ) ) ;
#974 =( LENGTH_UNIT ( ) NAMED_UNIT ( * ) SI_UNIT ( .MILLI., .METRE. ) );
#975 = EDGE_CURVE ( 'NONE', #1100, #5318, #3116, .T. ) ;
#976 = EDGE_CURVE ( 'NONE', #1964, #5334, #3153, .T. ) ;
#977 = ADVANCED_FACE ( 'NONE', ( #4359 ), #6122, .F. ) ;
#978 = DIRECTION ( 'NONE',  ( 0.000000000000000000, 0.000000000000000000, -1.000000000000000000 ) ) ;
#979 = CARTESIAN_POINT ( 'NONE',  ( -50.00000000000000000, 9.800000008939301566, -22.99997438438203901 ) ) ;
#980 = DIRECTION ( 'NONE',  ( -0.000000000000000000, 0.000000000000000000, 1.000000000000000000 ) ) ;
#981 = CARTESIAN_POINT ( 'NONE',  ( 50.00000000000000000, 1.000000015356711014, -31.49999999450969668 ) ) ;
#982 = DIRECTION ( 'NONE',  ( 0.000000000000000000, 0.000000000000000000, -1.000000000000000000 ) ) ;
#983 = ORIENTED_EDGE ( 'NONE', *, *, #3823, .F. ) ;
#984 = PRESENTATION_STYLE_ASSIGNMENT (( #6147 ) ) ;
#985 = ORIENTED_EDGE ( 'NONE', *, *, #3133, .F. ) ;
#986 = LINE ( 'NONE', #2745, #5391 ) ;
#987 = CARTESIAN_POINT ( 'NONE',  ( 50.00000000000000000, -4.000000009635683362, -30.00000000499974462 ) ) ;
#988 = SURFACE_SIDE_STYLE ('',( #4374 ) ) ;
#989 = FILL_AREA_STYLE_COLOUR ( '', #7489 ) ;
#990 = EDGE_LOOP ( 'NONE', ( #3068, #2474, #6623, #6524 ) ) ;
#991 = EDGE_LOOP ( 'NONE', ( #7006, #1647, #2112, #2730 ) ) ;
#992 = CARTESIAN_POINT ( 'NONE',  ( 50.00000000000000000, -5.850000010672388839, -27.75000000524338617 ) ) ;
#993 = MECHANICAL_DESIGN_GEOMETRIC_PRESENTATION_REPRESENTATION (  '', ( #4601 ), #1865 ) ;
#994 = VERTEX_POINT ( 'NONE', #5632 ) ;
#995 = DIRECTION ( 'NONE',  ( -1.000000000000000000, -0.000000000000000000, -0.000000000000000000 ) ) ;
#996 =( NAMED_UNIT ( * ) SI_UNIT ( $, .STERADIAN. ) SOLID_ANGLE_UNIT ( ) );
#997 = DIRECTION ( 'NONE',  ( 0.000000000000000000, 0.000000000000000000, -1.000000000000000000 ) ) ;
#998 = DIRECTION ( 'NONE',  ( -1.000000000000000000, -0.000000000000000000, -0.000000000000000000 ) ) ;
#999 = AXIS2_PLACEMENT_3D ( 'NONE', #6676, #1874, #713 ) ;
#1000 = SURFACE_STYLE_USAGE ( .BOTH. , #1619 ) ;
#1001 = DIRECTION ( 'NONE',  ( -0.000000000000000000, -0.000000000000000000, -1.000000000000000000 ) ) ;
#1002 = ORIENTED_EDGE ( 'NONE', *, *, #7433, .F. ) ;
#1003 = CARTESIAN_POINT ( 'NONE',  ( -50.00000000000000000, 0.9999999899816484072, -29.50000000528474331 ) ) ;
#1004 = DIRECTION ( 'NONE',  ( 0.000000000000000000, 0.000000000000000000, -1.000000000000000000 ) ) ;
#1005 = FILL_AREA_STYLE_COLOUR ( '', #296 ) ;
#1006 = DIRECTION ( 'NONE',  ( 0.000000000000000000, -1.548831914352262480E-16, 1.000000000000000000 ) ) ;
#1007 =( GEOMETRIC_REPRESENTATION_CONTEXT ( 3 ) GLOBAL_UNCERTAINTY_ASSIGNED_CONTEXT ( ( #7643 ) ) GLOBAL_UNIT_ASSIGNED_CONTEXT ( ( #3347, #2029, #6869 ) ) REPRESENTATION_CONTEXT ( 'NONE', 'WORKASPACE' ) );
#1008 = FILL_AREA_STYLE_COLOUR ( '', #3564 ) ;
#1009 = FACE_OUTER_BOUND ( 'NONE', #1575, .T. ) ;
#1010 = AXIS2_PLACEMENT_3D ( 'NONE', #4014, #6884, #5753 ) ;
#1011 = DIRECTION ( 'NONE',  ( 0.000000000000000000, -0.1483404530702174540, -0.9889363528473016363 ) ) ;
#1012 =( LENGTH_UNIT ( ) NAMED_UNIT ( * ) SI_UNIT ( .MILLI., .METRE. ) );
#1013 =( NAMED_UNIT ( * ) SI_UNIT ( $, .STERADIAN. ) SOLID_ANGLE_UNIT ( ) );
#1014 = CARTESIAN_POINT ( 'NONE',  ( -50.00000000000000000, -2.500000009845376958, -29.50000000515703746 ) ) ;
#1015 = DIRECTION ( 'NONE',  ( 0.000000000000000000, 0.000000000000000000, -1.000000000000000000 ) ) ;
#1016 = AXIS2_PLACEMENT_3D ( 'NONE', #3688, #3082, #168 ) ;
#1017 = PRESENTATION_STYLE_ASSIGNMENT (( #3974 ) ) ;
#1018 = VECTOR ( 'NONE', #5826, 1000.000000000000000 ) ;
#1019 = ORIENTED_EDGE ( 'NONE', *, *, #5761, .T. ) ;
#1020 = SURFACE_STYLE_USAGE ( .BOTH. , #5679 ) ;
#1021 = STYLED_ITEM ( 'NONE', ( #2210 ), #2480 ) ;
#1022 = SURFACE_STYLE_FILL_AREA ( #4379 ) ;
#1023 = DIRECTION ( 'NONE',  ( 0.000000000000000000, 0.000000000000000000, -1.000000000000000000 ) ) ;
#1024 = CARTESIAN_POINT ( 'NONE',  ( 50.00000000000000000, -8.500000009561359704, -26.00000000491900565 ) ) ;
#1025 = ADVANCED_FACE ( 'NONE', ( #3849 ), #6877, .F. ) ;
#1026 = DIRECTION ( 'NONE',  ( -1.000000000000000000, -0.000000000000000000, -0.000000000000000000 ) ) ;
#1027 = DIRECTION ( 'NONE',  ( 0.000000000000000000, 0.000000000000000000, 1.000000000000000000 ) ) ;
#1028 = CIRCLE ( 'NONE', #1398, 0.3000000000001681877 ) ;
#1029 = AXIS2_PLACEMENT_3D ( 'NONE', #3658, #3581, #7160 ) ;
#1030 = ORIENTED_EDGE ( 'NONE', *, *, #7496, .F. ) ;
#1031 = STYLED_ITEM ( 'NONE', ( #3254 ), #6686 ) ;
#1032 = ORIENTED_EDGE ( 'NONE', *, *, #3060, .F. ) ;
#1033 = AXIS2_PLACEMENT_3D ( 'NONE', #6961, #6296, #7575 ) ;
#1034 = PRESENTATION_LAYER_ASSIGNMENT (  '', '', ( #1651 ) ) ;
#1035 = ORIENTED_EDGE ( 'NONE', *, *, #637, .F. ) ;
#1036 = FACE_OUTER_BOUND ( 'NONE', #3333, .T. ) ;
#1037 = CARTESIAN_POINT ( 'NONE',  ( 50.00000000000000000, 3.299656187376970973, -27.74997438324669119 ) ) ;
#1038 = COLOUR_RGB ( '',0.8980392156862745390, 0.9176470588235293713, 0.9294117647058823817 ) ;
#1039 = VECTOR ( 'NONE', #6105, 1000.000000000000000 ) ;
#1040 = CIRCLE ( 'NONE', #6234, 0.5000000000501061415 ) ;
#1041 = SURFACE_STYLE_FILL_AREA ( #7373 ) ;
#1042 = CARTESIAN_POINT ( 'NONE',  ( -50.00000000000000000, -4.500000009792799460, -30.00000000499974817 ) ) ;
#1043 = EDGE_LOOP ( 'NONE', ( #2090, #2893, #6892, #3808 ) ) ;
#1044 =( GEOMETRIC_REPRESENTATION_CONTEXT ( 3 ) GLOBAL_UNCERTAINTY_ASSIGNED_CONTEXT ( ( #3817 ) ) GLOBAL_UNIT_ASSIGNED_CONTEXT ( ( #5125, #7478, #4497 ) ) REPRESENTATION_CONTEXT ( 'NONE', 'WORKASPACE' ) );
#1045 = CARTESIAN_POINT ( 'NONE',  ( 50.00000000000000000, 0.6999999914620111952, 26.30000000293866691 ) ) ;
#1047 = PRESENTATION_STYLE_ASSIGNMENT (( #3963 ) ) ;
#1046 = VECTOR ( 'NONE', #1574, 1000.000000000000000 ) ;
#1048 = STYLED_ITEM ( 'NONE', ( #6672 ), #5198 ) ;
#1049 = DIRECTION ( 'NONE',  ( -1.000000000000000000, -0.000000000000000000, -0.000000000000000000 ) ) ;
#1050 = EDGE_CURVE ( 'NONE', #6649, #4552, #4602, .T. ) ;
#1051 = FACE_OUTER_BOUND ( 'NONE', #345, .T. ) ;
#1052 = MECHANICAL_DESIGN_GEOMETRIC_PRESENTATION_REPRESENTATION (  '', ( #444 ), #5758 ) ;
#1053 = LINE ( 'NONE', #4630, #5030 ) ;
#1054 = DIRECTION ( 'NONE',  ( 1.000000000000000000, 0.000000000000000000, 0.000000000000000000 ) ) ;
#1055 = CIRCLE ( 'NONE', #942, 0.4999999999999831246 ) ;
#1056 = COLOUR_RGB ( '',0.8980392156862745390, 0.9176470588235293713, 0.9294117647058823817 ) ;
#1057 = ORIENTED_EDGE ( 'NONE', *, *, #4996, .F. ) ;
#1058 = SURFACE_SIDE_STYLE ('',( #5076 ) ) ;
#1059 = STYLED_ITEM ( 'NONE', ( #917 ), #7027 ) ;
#1060 = LINE ( 'NONE', #480, #3184 ) ;
#1061 = LINE ( 'NONE', #3571, #5762 ) ;
#1062 = PRESENTATION_LAYER_ASSIGNMENT (  '', '', ( #4425 ) ) ;
#1063 = FILL_AREA_STYLE_COLOUR ( '', #910 ) ;
#1064 = DIRECTION ( 'NONE',  ( -0.000000000000000000, -0.9889363529084584936, -0.1483404526625051734 ) ) ;
#1065 = LINE ( 'NONE', #3331, #4409 ) ;
#1066 = ORIENTED_EDGE ( 'NONE', *, *, #5115, .T. ) ;
#1067 =( GEOMETRIC_REPRESENTATION_CONTEXT ( 3 ) GLOBAL_UNCERTAINTY_ASSIGNED_CONTEXT ( ( #4627 ) ) GLOBAL_UNIT_ASSIGNED_CONTEXT ( ( #4392, #5662, #3756 ) ) REPRESENTATION_CONTEXT ( 'NONE', 'WORKASPACE' ) );
#1068 = ADVANCED_FACE ( 'NONE', ( #6950 ), #7493, .F. ) ;
#1069 = EDGE_CURVE ( 'NONE', #5443, #7438, #2414, .T. ) ;
#1070 = ORIENTED_EDGE ( 'NONE', *, *, #4862, .F. ) ;
#1071 = AXIS2_PLACEMENT_3D ( 'NONE', #5804, #6385, #997 ) ;
#1072 = ORIENTED_EDGE ( 'NONE', *, *, #4823, .T. ) ;
#1073 = FACE_OUTER_BOUND ( 'NONE', #5994, .T. ) ;
#1074 = LINE ( 'NONE', #6898, #3357 ) ;
#1075 = SURFACE_STYLE_FILL_AREA ( #2862 ) ;
#1076 = VECTOR ( 'NONE', #6715, 1000.000000000000000 ) ;
#1077 = DIRECTION ( 'NONE',  ( 0.000000000000000000, -1.000000000000000000, 0.000000000000000000 ) ) ;
#1078 = PRESENTATION_STYLE_ASSIGNMENT (( #1615 ) ) ;
#1079 =( GEOMETRIC_REPRESENTATION_CONTEXT ( 3 ) GLOBAL_UNCERTAINTY_ASSIGNED_CONTEXT ( ( #6687 ) ) GLOBAL_UNIT_ASSIGNED_CONTEXT ( ( #1968, #792, #6729 ) ) REPRESENTATION_CONTEXT ( 'NONE', 'WORKASPACE' ) );
#1080 = STYLED_ITEM ( 'NONE', ( #1628 ), #64 ) ;
#1081 = DIRECTION ( 'NONE',  ( 0.000000000000000000, 0.000000000000000000, 1.000000000000000000 ) ) ;
#1082 = FACE_OUTER_BOUND ( 'NONE', #7542, .T. ) ;
#1083 = ORIENTED_EDGE ( 'NONE', *, *, #955, .F. ) ;
#1084 = CARTESIAN_POINT ( 'NONE',  ( 50.00000000000000000, -1.299999991024115564, 27.54164378160909621 ) ) ;
#1085 = CARTESIAN_POINT ( 'NONE',  ( -50.00000000000000000, 8.500000018423346404, -25.99999999486307800 ) ) ;
#1086 = SURFACE_STYLE_USAGE ( .BOTH. , #4041 ) ;
#1087 = PRESENTATION_STYLE_ASSIGNMENT (( #3419 ) ) ;
#1088 = AXIS2_PLACEMENT_3D ( 'NONE', #7679, #1672, #1717 ) ;
#1089 =( LENGTH_UNIT ( ) NAMED_UNIT ( * ) SI_UNIT ( .MILLI., .METRE. ) );
#1090 = PRESENTATION_STYLE_ASSIGNMENT (( #2919 ) ) ;
#1091 = DIRECTION ( 'NONE',  ( 0.000000000000000000, -0.9975640502598237536, -0.06975647374413405932 ) ) ;
#1092 =( LENGTH_UNIT ( ) NAMED_UNIT ( * ) SI_UNIT ( .MILLI., .METRE. ) );
#1093 = EDGE_LOOP ( 'NONE', ( #2134, #3674, #7499, #5519, #3547, #2558, #1902, #7129, #3576, #875, #3532, #2499, #2004, #188, #2093, #4968, #7008, #6416, #4318, #532, #2563, #3163, #565, #6058, #4724, #6821, #2602, #6267, #7656, #4762, #3306, #6841, #2754, #879, #7002, #337, #6629, #2215, #3741, #4481, #456, #1072, #392, #5082, #4710, #4197, #4869, #2762, #3944, #7262, #1548, #4348, #7399, #520, #5560, #6028, #1870, #3188, #3193, #1529, #1910, #5570, #4876 ) ) ;
#1094 = PLANE ( 'NONE',  #1010 ) ;
#1095 = DIRECTION ( 'NONE',  ( -0.000000000000000000, 1.000000000000000000, -0.000000000000000000 ) ) ;
#1096 = ADVANCED_FACE ( 'NONE', ( #546 ), #5817, .T. ) ;
#1097 = LINE ( 'NONE', #6485, #2775 ) ;
#1098 = ORIENTED_EDGE ( 'NONE', *, *, #3480, .F. ) ;
#1099 = ORIENTED_EDGE ( 'NONE', *, *, #4045, .T. ) ;
#1100 = VERTEX_POINT ( 'NONE', #5306 ) ;
#1101 = CARTESIAN_POINT ( 'NONE',  ( 50.00000000000000000, 1.000000008530837592, 26.50000000750361551 ) ) ;
#1102 = SURFACE_STYLE_FILL_AREA ( #568 ) ;
#1103 = EDGE_CURVE ( 'NONE', #6634, #4730, #2840, .T. ) ;
#1104 = FILL_AREA_STYLE ('',( #4033 ) ) ;
#1105 = SURFACE_STYLE_USAGE ( .BOTH. , #1215 ) ;
#1106 = ORIENTED_EDGE ( 'NONE', *, *, #1295, .T. ) ;
#1107 = DIRECTION ( 'NONE',  ( 0.000000000000000000, 0.000000000000000000, -1.000000000000000000 ) ) ;
#1108 =( NAMED_UNIT ( * ) PLANE_ANGLE_UNIT ( ) SI_UNIT ( $, .RADIAN. ) );
#1109 = EDGE_CURVE ( 'NONE', #6937, #808, #5857, .T. ) ;
#1110 = AXIS2_PLACEMENT_3D ( 'NONE', #4285, #2616, #2495 ) ;
#1111 = ORIENTED_EDGE ( 'NONE', *, *, #2899, .F. ) ;
#1112 = PLANE ( 'NONE',  #1452 ) ;
#1113 = UNCERTAINTY_MEASURE_WITH_UNIT (LENGTH_MEASURE( 1.000000000000000082E-05 ), #3517, 'distance_accuracy_value', 'NONE');
#1114 = UNCERTAINTY_MEASURE_WITH_UNIT (LENGTH_MEASURE( 1.000000000000000082E-05 ), #3051, 'distance_accuracy_value', 'NONE');
#1115 = CARTESIAN_POINT ( 'NONE',  ( 50.00000000000000000, 0.6999999898123481223, -26.30000000237518165 ) ) ;
#1116 = ORIENTED_EDGE ( 'NONE', *, *, #861, .T. ) ;
#1117 = SURFACE_STYLE_USAGE ( .BOTH. , #5785 ) ;
#1118 = STYLED_ITEM ( 'NONE', ( #6351 ), #4543 ) ;
#1119 = DIRECTION ( 'NONE',  ( -1.000000000000000000, -0.000000000000000000, -0.000000000000000000 ) ) ;
#1120 = LINE ( 'NONE', #5819, #4146 ) ;
#1121 = CARTESIAN_POINT ( 'NONE',  ( 50.00000000000000000, -12.50000000940121225, 23.49999999922655647 ) ) ;
#1122 = CYLINDRICAL_SURFACE ( 'NONE', #2939, 0.4999999999784759952 ) ;
#1123 = ORIENTED_EDGE ( 'NONE', *, *, #3621, .F. ) ;
#1124 = FILL_AREA_STYLE_COLOUR ( '', #6963 ) ;
#1125 = SURFACE_SIDE_STYLE ('',( #2965 ) ) ;
#1126 = FACE_OUTER_BOUND ( 'NONE', #3442, .T. ) ;
#1127 = DIRECTION ( 'NONE',  ( 0.000000000000000000, 0.000000000000000000, 1.000000000000000000 ) ) ;
#1128 = PRESENTATION_LAYER_ASSIGNMENT (  '', '', ( #2873 ) ) ;
#1129 =( NAMED_UNIT ( * ) SI_UNIT ( $, .STERADIAN. ) SOLID_ANGLE_UNIT ( ) );
#1130 = ORIENTED_EDGE ( 'NONE', *, *, #3613, .F. ) ;
#1131 = CARTESIAN_POINT ( 'NONE',  ( 50.00000000000000000, 0.7000000089096028999, 26.50000000750361551 ) ) ;
#1132 = ORIENTED_EDGE ( 'NONE', *, *, #1783, .T. ) ;
#1133 = UNCERTAINTY_MEASURE_WITH_UNIT (LENGTH_MEASURE( 1.000000000000000082E-05 ), #919, 'distance_accuracy_value', 'NONE');
#1134 = ORIENTED_EDGE ( 'NONE', *, *, #874, .T. ) ;
#1135 = SURFACE_STYLE_USAGE ( .BOTH. , #5877 ) ;
#1136 = FILL_AREA_STYLE ('',( #4178 ) ) ;
#1137 =( GEOMETRIC_REPRESENTATION_CONTEXT ( 3 ) GLOBAL_UNCERTAINTY_ASSIGNED_CONTEXT ( ( #1843 ) ) GLOBAL_UNIT_ASSIGNED_CONTEXT ( ( #8, #5220, #1698 ) ) REPRESENTATION_CONTEXT ( 'NONE', 'WORKASPACE' ) );
#1138 = DIRECTION ( 'NONE',  ( 0.000000000000000000, 0.9889363528472974174, -0.1483404530702455426 ) ) ;
#1139 = CARTESIAN_POINT ( 'NONE',  ( 50.00000000000000000, -4.150000009022571490, 27.74999999985019983 ) ) ;
#1140 = VECTOR ( 'NONE', #1811, 1000.000000000000000 ) ;
#1141 =( GEOMETRIC_REPRESENTATION_CONTEXT ( 3 ) GLOBAL_UNCERTAINTY_ASSIGNED_CONTEXT ( ( #7191 ) ) GLOBAL_UNIT_ASSIGNED_CONTEXT ( ( #4902, #4863, #5936 ) ) REPRESENTATION_CONTEXT ( 'NONE', 'WORKASPACE' ) );
#1142 = CARTESIAN_POINT ( 'NONE',  ( -50.00000000000000000, -4.015409294884536351, -25.82526309750598870 ) ) ;
#1143 = ORIENTED_EDGE ( 'NONE', *, *, #763, .F. ) ;
#1144 = DIRECTION ( 'NONE',  ( 0.000000000000000000, 0.9889363529084583826, 0.1483404526625051456 ) ) ;
#1145 = PRESENTATION_LAYER_ASSIGNMENT (  '', '', ( #4512 ) ) ;
#1146 = ORIENTED_EDGE ( 'NONE', *, *, #5179, .T. ) ;
#1147 = CARTESIAN_POINT ( 'NONE',  ( 50.00000000000000000, -4.500000009768680975, 29.99999999971483788 ) ) ;
#1148 = AXIS2_PLACEMENT_3D ( 'NONE', #7522, #2827, #5191 ) ;
#1149 = ADVANCED_FACE ( 'NONE', ( #2264 ), #6985, .T. ) ;
#1150 = EDGE_CURVE ( 'NONE', #5217, #6118, #4086, .T. ) ;
#1151 = PRESENTATION_STYLE_ASSIGNMENT (( #6472 ) ) ;
#1152 = EDGE_CURVE ( 'NONE', #2834, #2952, #6068, .T. ) ;
#1153 = ORIENTED_EDGE ( 'NONE', *, *, #3480, .T. ) ;
#1154 = SURFACE_STYLE_FILL_AREA ( #7140 ) ;
#1155 = CARTESIAN_POINT ( 'NONE',  ( 50.00000000000000000, -0.5000000100738536402, 29.49999999992888888 ) ) ;
#1156 = SURFACE_SIDE_STYLE ('',( #2921 ) ) ;
#1157 = VECTOR ( 'NONE', #5602, 1000.000000000000000 ) ;
#1158 =( GEOMETRIC_REPRESENTATION_CONTEXT ( 3 ) GLOBAL_UNCERTAINTY_ASSIGNED_CONTEXT ( ( #4174 ) ) GLOBAL_UNIT_ASSIGNED_CONTEXT ( ( #2879, #5202, #2960 ) ) REPRESENTATION_CONTEXT ( 'NONE', 'WORKASPACE' ) );
#1159 = DIRECTION ( 'NONE',  ( -1.000000000000000000, -0.000000000000000000, -0.000000000000000000 ) ) ;
#1160 = CARTESIAN_POINT ( 'NONE',  ( -50.00000000000000000, -5.984590726462220900, -25.82526309748136839 ) ) ;
#1161 = ORIENTED_EDGE ( 'NONE', *, *, #2261, .F. ) ;
#1162 = FILL_AREA_STYLE ('',( #1236 ) ) ;
#1163 = SURFACE_SIDE_STYLE ('',( #1641 ) ) ;
#1164 = PRESENTATION_STYLE_ASSIGNMENT (( #6707 ) ) ;
#1165 =( NAMED_UNIT ( * ) SI_UNIT ( $, .STERADIAN. ) SOLID_ANGLE_UNIT ( ) );
#1166 = STYLED_ITEM ( 'NONE', ( #5314 ), #3945 ) ;
#1167 = CARTESIAN_POINT ( 'NONE',  ( 50.00000000000000000, 0.6999999914620111952, 26.00000000293864488 ) ) ;
#1168 = VERTEX_POINT ( 'NONE', #6635 ) ;
#1169 = VECTOR ( 'NONE', #5888, 1000.000000000000000 ) ;
#1170 = CIRCLE ( 'NONE', #1929, 2.000000000001025402 ) ;
#1171 = DIRECTION ( 'NONE',  ( 1.000000000000000000, 0.000000000000000000, 0.000000000000000000 ) ) ;
#1172 = ORIENTED_EDGE ( 'NONE', *, *, #807, .F. ) ;
#1173 = EDGE_LOOP ( 'NONE', ( #6934, #6000, #6786, #4332 ) ) ;
#1174 = DIRECTION ( 'NONE',  ( 0.000000000000000000, 0.000000000000000000, 1.000000000000000000 ) ) ;
#1175 = PRESENTATION_STYLE_ASSIGNMENT (( #3053 ) ) ;
#1176 = ADVANCED_FACE ( 'NONE', ( #4234 ), #3678, .T. ) ;
#1177 = DIRECTION ( 'NONE',  ( -1.000000000000000000, 0.000000000000000000, -0.000000000000000000 ) ) ;
#1178 = ORIENTED_EDGE ( 'NONE', *, *, #5199, .F. ) ;
#1179 = CARTESIAN_POINT ( 'NONE',  ( 50.00000000000000000, -1.044502126840878731, 27.83832468747896272 ) ) ;
#1180 = DIRECTION ( 'NONE',  ( 1.000000000000000000, 0.000000000000000000, 0.000000000000000000 ) ) ;
#1181 = VERTEX_POINT ( 'NONE', #5505 ) ;
#1182 = DIRECTION ( 'NONE',  ( 0.000000000000000000, 0.000000000000000000, -1.000000000000000000 ) ) ;
#1183 = CIRCLE ( 'NONE', #4172, 0.4999999999352952584 ) ;
#1184 = FACE_OUTER_BOUND ( 'NONE', #1859, .T. ) ;
#1185 = CARTESIAN_POINT ( 'NONE',  ( -50.00000000000000000, 8.500000018423346404, -29.99999999486128388 ) ) ;
#1186 = EDGE_CURVE ( 'NONE', #2583, #5310, #3102, .T. ) ;
#1187 = AXIS2_PLACEMENT_3D ( 'NONE', #4631, #5644, #510 ) ;
#1188 = MECHANICAL_DESIGN_GEOMETRIC_PRESENTATION_REPRESENTATION (  '', ( #4925 ), #5172 ) ;
#1189 = VERTEX_POINT ( 'NONE', #7331 ) ;
#1190 = ORIENTED_EDGE ( 'NONE', *, *, #4148, .T. ) ;
#1191 = STYLED_ITEM ( 'NONE', ( #4346 ), #169 ) ;
#1192 = CARTESIAN_POINT ( 'NONE',  ( -50.00000000000000000, 8.500000009651870414, 26.00000000423863256 ) ) ;
#1193 =( NAMED_UNIT ( * ) SI_UNIT ( $, .STERADIAN. ) SOLID_ANGLE_UNIT ( ) );
#1194 = EDGE_CURVE ( 'NONE', #5437, #7276, #6704, .T. ) ;
#1195 = EDGE_CURVE ( 'NONE', #4853, #51, #5434, .T. ) ;
#1196 = ORIENTED_EDGE ( 'NONE', *, *, #594, .F. ) ;
#1197 = STYLED_ITEM ( 'NONE', ( #4671 ), #1149 ) ;
#1198 = COLOUR_RGB ( '',0.8980392156862745390, 0.9176470588235293713, 0.9294117647058823817 ) ;
#1199 = SURFACE_STYLE_FILL_AREA ( #554 ) ;
#1200 = DIRECTION ( 'NONE',  ( 0.000000000000000000, 1.000000000000000000, 0.000000000000000000 ) ) ;
#1201 = DIRECTION ( 'NONE',  ( -1.000000000000000000, -0.000000000000000000, -0.000000000000000000 ) ) ;
#1202 = CARTESIAN_POINT ( 'NONE',  ( 50.00000000000000000, -7.500000009615677143, 29.99999999947941376 ) ) ;
#1203 = SURFACE_STYLE_FILL_AREA ( #127 ) ;
#1204 = EDGE_CURVE ( 'NONE', #5712, #4843, #6112, .T. ) ;
#1205 = ORIENTED_EDGE ( 'NONE', *, *, #2582, .F. ) ;
#1206 = LINE ( 'NONE', #1765, #3023 ) ;
#1207 = UNCERTAINTY_MEASURE_WITH_UNIT (LENGTH_MEASURE( 1.000000000000000082E-05 ), #7094, 'distance_accuracy_value', 'NONE');
#1208 = ORIENTED_EDGE ( 'NONE', *, *, #3560, .F. ) ;
#1209 = DIRECTION ( 'NONE',  ( 0.000000000000000000, -0.000000000000000000, 1.000000000000000000 ) ) ;
#1210 = LINE ( 'NONE', #6652, #5968 ) ;
#1211 = CARTESIAN_POINT ( 'NONE',  ( -50.00000000000000000, 4.999656189010014629, 26.04619003938229582 ) ) ;
#1212 = DIRECTION ( 'NONE',  ( -0.000000000000000000, 1.000000000000000000, -0.000000000000000000 ) ) ;
#1213 =( LENGTH_UNIT ( ) NAMED_UNIT ( * ) SI_UNIT ( .MILLI., .METRE. ) );
#1214 = CARTESIAN_POINT ( 'NONE',  ( -50.00000000000000000, 1.300000006756061310, -24.79997438303944790 ) ) ;
#1215 = SURFACE_SIDE_STYLE ('',( #6539 ) ) ;
#1216 = VERTEX_POINT ( 'NONE', #5394 ) ;
#1217 = CARTESIAN_POINT ( 'NONE',  ( -50.00000000000000000, -6.283859939889388180, 25.84619003422375272 ) ) ;
#1218 = ORIENTED_EDGE ( 'NONE', *, *, #5944, .F. ) ;
#1219 = DIRECTION ( 'NONE',  ( 0.000000000000000000, 0.000000000000000000, -1.000000000000000000 ) ) ;
#1220 = FACE_OUTER_BOUND ( 'NONE', #7175, .T. ) ;
#1221 = DIRECTION ( 'NONE',  ( 0.000000000000000000, 0.000000000000000000, -1.000000000000000000 ) ) ;
#1222 = VERTEX_POINT ( 'NONE', #154 ) ;
#1223 = PRESENTATION_LAYER_ASSIGNMENT (  '', '', ( #1996 ) ) ;
#1224 = ADVANCED_FACE ( 'NONE', ( #1947 ), #4931, .F. ) ;
#1225 = DIRECTION ( 'NONE',  ( 0.000000000000000000, 0.000000000000000000, 1.000000000000000000 ) ) ;
#1226 = ORIENTED_EDGE ( 'NONE', *, *, #5100, .F. ) ;
#1227 = FILL_AREA_STYLE_COLOUR ( '', #4071 ) ;
#1228 = DIRECTION ( 'NONE',  ( 0.000000000000000000, 0.000000000000000000, -1.000000000000000000 ) ) ;
#1229 = CIRCLE ( 'NONE', #386, 2.000000000001008083 ) ;
#1230 = PRODUCT_DEFINITION_SHAPE ( 'NONE', 'NONE',  #3534 ) ;
#1231 = COLOUR_RGB ( '',0.8980392156862745390, 0.9176470588235293713, 0.9294117647058823817 ) ;
#1232 = AXIS2_PLACEMENT_3D ( 'NONE', #5587, #3969, #978 ) ;
#1233 = AXIS2_PLACEMENT_3D ( 'NONE', #4478, #3320, #6757 ) ;
#1234 = ORIENTED_EDGE ( 'NONE', *, *, #1979, .F. ) ;
#1235 = MECHANICAL_DESIGN_GEOMETRIC_PRESENTATION_REPRESENTATION (  '', ( #1501 ), #7079 ) ;
#1236 = FILL_AREA_STYLE_COLOUR ( '', #1384 ) ;
#1237 = LINE ( 'NONE', #592, #5783 ) ;
#1238 =( LENGTH_UNIT ( ) NAMED_UNIT ( * ) SI_UNIT ( .MILLI., .METRE. ) );
#1239 =( NAMED_UNIT ( * ) PLANE_ANGLE_UNIT ( ) SI_UNIT ( $, .RADIAN. ) );
#1240 = AXIS2_PLACEMENT_3D ( 'NONE', #2370, #5954, #6546 ) ;
#1241 = ORIENTED_EDGE ( 'NONE', *, *, #6702, .F. ) ;
#1242 = CARTESIAN_POINT ( 'NONE',  ( 50.00000000000000000, 8.500000009651870414, 27.25000000423863256 ) ) ;
#1243 = EDGE_LOOP ( 'NONE', ( #2357, #5651, #2278, #6975 ) ) ;
#1244 = EDGE_CURVE ( 'NONE', #3693, #7396, #850, .T. ) ;
#1245 =( GEOMETRIC_REPRESENTATION_CONTEXT ( 3 ) GLOBAL_UNCERTAINTY_ASSIGNED_CONTEXT ( ( #3892 ) ) GLOBAL_UNIT_ASSIGNED_CONTEXT ( ( #3120, #174, #4525 ) ) REPRESENTATION_CONTEXT ( 'NONE', 'WORKASPACE' ) );
#1246 = ADVANCED_FACE ( 'NONE', ( #5664 ), #3959, .F. ) ;
#1247 = SURFACE_SIDE_STYLE ('',( #3551 ) ) ;
#1248 = CARTESIAN_POINT ( 'NONE',  ( -50.00000000000000000, -1.074170224038964561, -26.56388805181610024 ) ) ;
#1249 = DIRECTION ( 'NONE',  ( -1.000000000000000000, -0.000000000000000000, -0.000000000000000000 ) ) ;
#1250 = DIRECTION ( 'NONE',  ( 0.000000000000000000, -0.000000000000000000, 1.000000000000000000 ) ) ;
#1251 = FILL_AREA_STYLE_COLOUR ( '', #6902 ) ;
#1252 = COLOUR_RGB ( '',0.8980392156862745390, 0.9176470588235293713, 0.9294117647058823817 ) ;
#1253 = AXIS2_PLACEMENT_3D ( 'NONE', #3642, #3115, #5024 ) ;
#1254 = VERTEX_POINT ( 'NONE', #6825 ) ;
#1255 = CYLINDRICAL_SURFACE ( 'NONE', #68, 0.2999999999999947153 ) ;
#1256 = FILL_AREA_STYLE ('',( #4844 ) ) ;
#1257 = ORIENTED_EDGE ( 'NONE', *, *, #6050, .F. ) ;
#1258 = VERTEX_POINT ( 'NONE', #1003 ) ;
#1259 = VECTOR ( 'NONE', #6297, 1000.000000000000000 ) ;
#1260 = CARTESIAN_POINT ( 'NONE',  ( 50.00000000000000000, -1.044502126945330511, 26.76167532813437688 ) ) ;
#1261 = UNCERTAINTY_MEASURE_WITH_UNIT (LENGTH_MEASURE( 1.000000000000000082E-05 ), #1089, 'distance_accuracy_value', 'NONE');
#1262 =( NAMED_UNIT ( * ) SI_UNIT ( $, .STERADIAN. ) SOLID_ANGLE_UNIT ( ) );
#1263 = ORIENTED_EDGE ( 'NONE', *, *, #7076, .T. ) ;
#1264 = PRESENTATION_STYLE_ASSIGNMENT (( #77 ) ) ;
#1265 =( NAMED_UNIT ( * ) SI_UNIT ( $, .STERADIAN. ) SOLID_ANGLE_UNIT ( ) );
#1266 = PRESENTATION_LAYER_ASSIGNMENT (  '', '', ( #6731 ) ) ;
#1267 = SURFACE_STYLE_USAGE ( .BOTH. , #3635 ) ;
#1268 = SURFACE_SIDE_STYLE ('',( #6596 ) ) ;
#1269 =( NAMED_UNIT ( * ) SI_UNIT ( $, .STERADIAN. ) SOLID_ANGLE_UNIT ( ) );
#1270 = EDGE_CURVE ( 'NONE', #6937, #216, #1170, .T. ) ;
#1271 = MECHANICAL_DESIGN_GEOMETRIC_PRESENTATION_REPRESENTATION (  '', ( #4511 ), #537 ) ;
#1272 = ORIENTED_EDGE ( 'NONE', *, *, #3533, .T. ) ;
#1273 = AXIS2_PLACEMENT_3D ( 'NONE', #4662, #1666, #4078 ) ;
#1274 = CARTESIAN_POINT ( 'NONE',  ( 50.00000000000000000, -11.60000000952259569, -23.50000000451121807 ) ) ;
#1275 = CARTESIAN_POINT ( 'NONE',  ( -50.00000000000000000, 1.000000008530837592, 26.50000000750361551 ) ) ;
#1276 = PLANE ( 'NONE',  #2374 ) ;
#1277 = PLANE ( 'NONE',  #7357 ) ;
#1278 = PRESENTATION_STYLE_ASSIGNMENT (( #91 ) ) ;
#1279 = ORIENTED_EDGE ( 'NONE', *, *, #2786, .F. ) ;
#1280 = UNCERTAINTY_MEASURE_WITH_UNIT (LENGTH_MEASURE( 1.000000000000000082E-05 ), #6606, 'distance_accuracy_value', 'NONE');
#1281 = ORIENTED_EDGE ( 'NONE', *, *, #1447, .F. ) ;
#1282 = AXIS2_PLACEMENT_3D ( 'NONE', #2778, #4455, #1023 ) ;
#1283 = CARTESIAN_POINT ( 'NONE',  ( 50.00000000000000000, 8.046190044058366908, 24.00000000502026154 ) ) ;
#1284 = CARTESIAN_POINT ( 'NONE',  ( -50.00000000000000000, 0.9999999899623253086, 31.50000000026917490 ) ) ;
#1285 = VECTOR ( 'NONE', #108, 1000.000000000000000 ) ;
#1286 = DIRECTION ( 'NONE',  ( -1.000000000000000000, -0.000000000000000000, -0.000000000000000000 ) ) ;
#1287 = SURFACE_SIDE_STYLE ('',( #6579 ) ) ;
#1288 = DIRECTION ( 'NONE',  ( -1.000000000000000000, -0.000000000000000000, -0.000000000000000000 ) ) ;
#1289 = AXIS2_PLACEMENT_3D ( 'NONE', #4309, #2440, #1334 ) ;
#1290 = CIRCLE ( 'NONE', #1560, 1.250000000387639032 ) ;
#1291 = APPLICATION_CONTEXT ( 'automotive_design' ) ;
#1292 = EDGE_CURVE ( 'NONE', #7661, #4246, #1552, .T. ) ;
#1293 = PRESENTATION_LAYER_ASSIGNMENT (  '', '', ( #5893 ) ) ;
#1294 = CARTESIAN_POINT ( 'NONE',  ( 50.00000000000000000, -6.000000009844241866, -31.50000000494782171 ) ) ;
#1295 = EDGE_CURVE ( 'NONE', #6387, #83, #2180, .T. ) ;
#1296 = ORIENTED_EDGE ( 'NONE', *, *, #541, .F. ) ;
#1297 = COLOUR_RGB ( '',0.8980392156862745390, 0.9176470588235293713, 0.9294117647058823817 ) ;
#1298 = CARTESIAN_POINT ( 'NONE',  ( -50.00000000000000000, -6.750609692321838828, -25.54619003961674295 ) ) ;
#1299 = VECTOR ( 'NONE', #2788, 1000.000000000000114 ) ;
#1300 = ORIENTED_EDGE ( 'NONE', *, *, #877, .F. ) ;
#1301 = FILL_AREA_STYLE ('',( #7250 ) ) ;
#1302 = SURFACE_SIDE_STYLE ('',( #6627 ) ) ;
#1303 = COLOUR_RGB ( '',0.8980392156862745390, 0.9176470588235293713, 0.9294117647058823817 ) ;
#1304 = FILL_AREA_STYLE ('',( #3024 ) ) ;
#1305 = CARTESIAN_POINT ( 'NONE',  ( -50.00000000000000000, -9.300000003928143855, 22.99999999639312875 ) ) ;
#1306 = VERTEX_POINT ( 'NONE', #1476 ) ;
#1307 = STYLED_ITEM ( 'NONE', ( #5769 ), #7361 ) ;
#1308 = UNCERTAINTY_MEASURE_WITH_UNIT (LENGTH_MEASURE( 1.000000000000000082E-05 ), #7063, 'distance_accuracy_value', 'NONE');
#1309 = CARTESIAN_POINT ( 'NONE',  ( -50.00000000000000000, 9.300000009539528989, 23.50000000502031838 ) ) ;
#1310 = SURFACE_STYLE_FILL_AREA ( #5431 ) ;
#1311 = ORIENTED_EDGE ( 'NONE', *, *, #3353, .F. ) ;
#1312 =( NAMED_UNIT ( * ) PLANE_ANGLE_UNIT ( ) SI_UNIT ( $, .RADIAN. ) );
#1313 = SURFACE_SIDE_STYLE ('',( #852 ) ) ;
#1314 =( GEOMETRIC_REPRESENTATION_CONTEXT ( 3 ) GLOBAL_UNCERTAINTY_ASSIGNED_CONTEXT ( ( #184 ) ) GLOBAL_UNIT_ASSIGNED_CONTEXT ( ( #1092, #5863, #7105 ) ) REPRESENTATION_CONTEXT ( 'NONE', 'WORKASPACE' ) );
#1315 =( GEOMETRIC_REPRESENTATION_CONTEXT ( 3 ) GLOBAL_UNCERTAINTY_ASSIGNED_CONTEXT ( ( #4884 ) ) GLOBAL_UNIT_ASSIGNED_CONTEXT ( ( #5052, #2108, #5576 ) ) REPRESENTATION_CONTEXT ( 'NONE', 'WORKASPACE' ) );
#1316 = CYLINDRICAL_SURFACE ( 'NONE', #3420, 0.5000000000151827440 ) ;
#1317 = EDGE_LOOP ( 'NONE', ( #516, #7365, #3550, #599 ) ) ;
#1318 = COLOUR_RGB ( '',0.8980392156862745390, 0.9176470588235293713, 0.9294117647058823817 ) ;
#1319 = DIRECTION ( 'NONE',  ( 1.000000000000000000, 0.000000000000000000, 0.000000000000000000 ) ) ;
#1320 = CARTESIAN_POINT ( 'NONE',  ( 50.00000000000000000, 12.50000000998743843, 26.00000000423863256 ) ) ;
#1321 = PRESENTATION_STYLE_ASSIGNMENT (( #4206 ) ) ;
#1322 =( NAMED_UNIT ( * ) SI_UNIT ( $, .STERADIAN. ) SOLID_ANGLE_UNIT ( ) );
#1323 = ORIENTED_EDGE ( 'NONE', *, *, #2109, .F. ) ;
#1324 =( GEOMETRIC_REPRESENTATION_CONTEXT ( 3 ) GLOBAL_UNCERTAINTY_ASSIGNED_CONTEXT ( ( #5883 ) ) GLOBAL_UNIT_ASSIGNED_CONTEXT ( ( #3014, #6580, #5376 ) ) REPRESENTATION_CONTEXT ( 'NONE', 'WORKASPACE' ) );
#1325 = SURFACE_SIDE_STYLE ('',( #6724 ) ) ;
#1326 = EDGE_LOOP ( 'NONE', ( #2858, #6964, #6365, #457 ) ) ;
#1327 = EDGE_CURVE ( 'NONE', #7652, #3345, #436, .T. ) ;
#1328 = SURFACE_STYLE_FILL_AREA ( #2503 ) ;
#1329 = SURFACE_SIDE_STYLE ('',( #641 ) ) ;
#1330 = DIRECTION ( 'NONE',  ( 1.000000000000000000, 0.000000000000000000, 0.000000000000000000 ) ) ;
#1331 = CARTESIAN_POINT ( 'NONE',  ( 50.00000000000000000, -1.299999991024115564, 27.54164378160909621 ) ) ;
#1332 = UNCERTAINTY_MEASURE_WITH_UNIT (LENGTH_MEASURE( 1.000000000000000082E-05 ), #667, 'distance_accuracy_value', 'NONE');
#1333 = EDGE_LOOP ( 'NONE', ( #6608, #4229, #2280, #4350 ) ) ;
#1334 = DIRECTION ( 'NONE',  ( 0.000000000000000000, 0.000000000000000000, -1.000000000000000000 ) ) ;
#1335 = ORIENTED_EDGE ( 'NONE', *, *, #7138, .T. ) ;
#1336 =( NAMED_UNIT ( * ) SI_UNIT ( $, .STERADIAN. ) SOLID_ANGLE_UNIT ( ) );
#1337 = DIRECTION ( 'NONE',  ( -1.000000000000000000, -0.000000000000000000, -0.000000000000000000 ) ) ;
#1338 = DIRECTION ( 'NONE',  ( -1.000000000000000000, -0.000000000000000000, -0.000000000000000000 ) ) ;
#1339 = ADVANCED_FACE ( 'NONE', ( #3840 ), #3307, .F. ) ;
#1340 = CARTESIAN_POINT ( 'NONE',  ( 50.00000000000000000, 0.6850834411078633446, -28.30000000237553692 ) ) ;
#1341 = SURFACE_SIDE_STYLE ('',( #6783 ) ) ;
#1342 = UNCERTAINTY_MEASURE_WITH_UNIT (LENGTH_MEASURE( 1.000000000000000082E-05 ), #4070, 'distance_accuracy_value', 'NONE');
#1343 = SURFACE_STYLE_USAGE ( .BOTH. , #3186 ) ;
#1344 = FILL_AREA_STYLE ('',( #2141 ) ) ;
#1345 = ORIENTED_EDGE ( 'NONE', *, *, #5106, .T. ) ;
#1346 = CARTESIAN_POINT ( 'NONE',  ( -50.00000000000000000, -6.750609693278262213, 25.54619003422375911 ) ) ;
#1347 =( LENGTH_UNIT ( ) NAMED_UNIT ( * ) SI_UNIT ( .MILLI., .METRE. ) );
#1348 = ADVANCED_FACE ( 'NONE', ( #6460 ), #5891, .F. ) ;
#1349 = DIRECTION ( 'NONE',  ( -1.000000000000000000, -0.000000000000000000, -0.000000000000000000 ) ) ;
#1350 = PRODUCT_RELATED_PRODUCT_CATEGORY ( 'part', '', ( #7574 ) ) ;
#1351 = UNCERTAINTY_MEASURE_WITH_UNIT (LENGTH_MEASURE( 1.000000000000000082E-05 ), #123, 'distance_accuracy_value', 'NONE');
#1352 = DIRECTION ( 'NONE',  ( -1.000000000000000000, -0.000000000000000000, -0.000000000000000000 ) ) ;
#1353 = DIRECTION ( 'NONE',  ( 1.000000000000000000, 0.000000000000000000, 0.000000000000000000 ) ) ;
#1354 = ORIENTED_EDGE ( 'NONE', *, *, #3533, .F. ) ;
#1355 = CARTESIAN_POINT ( 'NONE',  ( 50.00000000000000000, -8.500000009396595502, 29.99999999947941021 ) ) ;
#1356 = CARTESIAN_POINT ( 'NONE',  ( -50.00000000000000000, 8.500000018423346404, -29.99999999486128388 ) ) ;
#1357 = MECHANICAL_DESIGN_GEOMETRIC_PRESENTATION_REPRESENTATION (  '', ( #3222 ), #5447 ) ;
#1358 = CARTESIAN_POINT ( 'NONE',  ( 50.00000000000000000, -3.588571657105320334, -25.54619003962910284 ) ) ;
#1359 = DIRECTION ( 'NONE',  ( -1.000000000000000000, -0.000000000000000000, -0.000000000000000000 ) ) ;
#1360 = AXIS2_PLACEMENT_3D ( 'NONE', #6232, #998, #925 ) ;
#1361 = ORIENTED_EDGE ( 'NONE', *, *, #3609, .T. ) ;
#1362 = MECHANICAL_DESIGN_GEOMETRIC_PRESENTATION_REPRESENTATION (  '', ( #2752 ), #5110 ) ;
#1363 = SURFACE_SIDE_STYLE ('',( #2542 ) ) ;
#1364 = ORIENTED_EDGE ( 'NONE', *, *, #2543, .F. ) ;
#1365 = PRESENTATION_STYLE_ASSIGNMENT (( #684 ) ) ;
#1366 = DIRECTION ( 'NONE',  ( 0.000000000000000000, -0.000000000000000000, -1.000000000000000000 ) ) ;
#1367 = PLANE ( 'NONE',  #5860 ) ;
#1368 = LINE ( 'NONE', #341, #3899 ) ;
#1369 = PRESENTATION_STYLE_ASSIGNMENT (( #1928 ) ) ;
#1370 = AXIS2_PLACEMENT_3D ( 'NONE', #1274, #4240, #5281 ) ;
#1371 = ORIENTED_EDGE ( 'NONE', *, *, #6737, .T. ) ;
#1372 = CARTESIAN_POINT ( 'NONE',  ( 50.00000000000000000, -7.250435498092510755, 26.03299288143281132 ) ) ;
#1373 = CARTESIAN_POINT ( 'NONE',  ( 50.00000000000000000, 1.000000006508408257, -28.09997438469024544 ) ) ;
#1374 = ORIENTED_EDGE ( 'NONE', *, *, #1671, .F. ) ;
#1375 = PRESENTATION_STYLE_ASSIGNMENT (( #6626 ) ) ;
#1376 = CARTESIAN_POINT ( 'NONE',  ( 50.00000000000000000, 8.500000009651870414, 26.00000000423863256 ) ) ;
#1377 = CIRCLE ( 'NONE', #2880, 0.5000000000003057554 ) ;
#1378 = DIRECTION ( 'NONE',  ( -1.000000000000000000, -0.000000000000000000, -0.000000000000000000 ) ) ;
#1379 = DIRECTION ( 'NONE',  ( 0.000000000000000000, 0.000000000000000000, -1.000000000000000000 ) ) ;
#1380 = VECTOR ( 'NONE', #3316, 1000.000000000000000 ) ;
#1381 = DIRECTION ( 'NONE',  ( 1.000000000000000000, 0.000000000000000000, 0.000000000000000000 ) ) ;
#1382 = PRESENTATION_LAYER_ASSIGNMENT (  '', '', ( #4738 ) ) ;
#1383 = ORIENTED_EDGE ( 'NONE', *, *, #5855, .F. ) ;
#1384 = COLOUR_RGB ( '',0.8980392156862745390, 0.9176470588235293713, 0.9294117647058823817 ) ;
#1385 = SURFACE_STYLE_FILL_AREA ( #1861 ) ;
#1386 = CARTESIAN_POINT ( 'NONE',  ( -50.00000000000000000, -11.60000000952259569, 23.49999999922655647 ) ) ;
#1387 = EDGE_LOOP ( 'NONE', ( #608, #6134, #1279, #6224 ) ) ;
#1388 = CARTESIAN_POINT ( 'NONE',  ( 50.00000000000000000, -1.499999996239949951, 27.05835622940180940 ) ) ;
#1389 = CARTESIAN_POINT ( 'NONE',  ( -50.00000000000000000, 0.7000000089096028999, 26.50000000750361551 ) ) ;
#1390 = DIRECTION ( 'NONE',  ( 0.000000000000000000, 0.000000000000000000, -1.000000000000000000 ) ) ;
#1391 = STYLED_ITEM ( 'NONE', ( #4614 ), #1736 ) ;
#1392 = LINE ( 'NONE', #2611, #4290 ) ;
#1393 = VECTOR ( 'NONE', #7415, 1000.000000000000000 ) ;
#1394 = EDGE_CURVE ( 'NONE', #7396, #3987, #1743, .T. ) ;
#1395 = VERTEX_POINT ( 'NONE', #4040 ) ;
#1396 = EDGE_CURVE ( 'NONE', #7139, #2903, #6508, .T. ) ;
#1397 = EDGE_CURVE ( 'NONE', #6668, #378, #4901, .T. ) ;
#1398 = AXIS2_PLACEMENT_3D ( 'NONE', #6842, #338, #4372 ) ;
#1399 = CARTESIAN_POINT ( 'NONE',  ( 50.00000000000000000, -12.50000000940639922, -23.50000000451121807 ) ) ;
#1400 = UNCERTAINTY_MEASURE_WITH_UNIT (LENGTH_MEASURE( 1.000000000000000082E-05 ), #4474, 'distance_accuracy_value', 'NONE');
#1401 = SURFACE_SIDE_STYLE ('',( #2577 ) ) ;
#1402 = AXIS2_PLACEMENT_3D ( 'NONE', #5976, #6571, #600 ) ;
#1403 = SURFACE_STYLE_FILL_AREA ( #4449 ) ;
#1404 = CARTESIAN_POINT ( 'NONE',  ( 50.00000000000000000, 8.046190044058366908, 24.00000000502026154 ) ) ;
#1405 = PRESENTATION_LAYER_ASSIGNMENT (  '', '', ( #7233 ) ) ;
#1406 = VERTEX_POINT ( 'NONE', #4110 ) ;
#1407 = PRESENTATION_LAYER_ASSIGNMENT (  '', '', ( #432 ) ) ;
#1408 = PRESENTATION_STYLE_ASSIGNMENT (( #4868 ) ) ;
#1409 = ORIENTED_EDGE ( 'NONE', *, *, #1593, .F. ) ;
#1410 =( LENGTH_UNIT ( ) NAMED_UNIT ( * ) SI_UNIT ( .MILLI., .METRE. ) );
#1411 = STYLED_ITEM ( 'NONE', ( #800 ), #2407 ) ;
#1412 = CARTESIAN_POINT ( 'NONE',  ( 50.00000000000000000, -7.500000009615677143, 29.99999999947941376 ) ) ;
#1413 = FILL_AREA_STYLE_COLOUR ( '', #7367 ) ;
#1414 = FACE_OUTER_BOUND ( 'NONE', #3242, .T. ) ;
#1415 = SURFACE_SIDE_STYLE ('',( #2591 ) ) ;
#1416 = AXIS2_PLACEMENT_3D ( 'NONE', #7265, #4890, #1390 ) ;
#1417 = ORIENTED_EDGE ( 'NONE', *, *, #3112, .T. ) ;
#1418 = DIRECTION ( 'NONE',  ( 0.000000000000000000, -1.000000000000000000, 0.000000000000000000 ) ) ;
#1419 = PRESENTATION_LAYER_ASSIGNMENT (  '', '', ( #5879 ) ) ;
#1420 = CARTESIAN_POINT ( 'NONE',  ( -50.00000000000000000, 4.999656189010014629, 27.75000000483201745 ) ) ;
#1421 = ORIENTED_EDGE ( 'NONE', *, *, #7036, .T. ) ;
#1422 = CARTESIAN_POINT ( 'NONE',  ( -50.00000000000000000, 0.7000000091558072901, 28.10000000750401128 ) ) ;
#1423 = LINE ( 'NONE', #3871, #7550 ) ;
#1424 = DIRECTION ( 'NONE',  ( -0.000000000000000000, -0.000000000000000000, -1.000000000000000000 ) ) ;
#1425 = VECTOR ( 'NONE', #6441, 1000.000000000000000 ) ;
#1426 = DIRECTION ( 'NONE',  ( -0.000000000000000000, 0.000000000000000000, 1.000000000000000000 ) ) ;
#1427 = VECTOR ( 'NONE', #1081, 1000.000000000000000 ) ;
#1428 = VERTEX_POINT ( 'NONE', #1084 ) ;
#1429 = AXIS2_PLACEMENT_3D ( 'NONE', #5930, #118, #4121 ) ;
#1430 =( NAMED_UNIT ( * ) SI_UNIT ( $, .STERADIAN. ) SOLID_ANGLE_UNIT ( ) );
#1431 = DIRECTION ( 'NONE',  ( -1.000000000000000000, -0.000000000000000000, -0.000000000000000000 ) ) ;
#1432 = ORIENTED_EDGE ( 'NONE', *, *, #1692, .F. ) ;
#1433 = SURFACE_STYLE_FILL_AREA ( #3346 ) ;
#1434 = EDGE_CURVE ( 'NONE', #4211, #5176, #7020, .T. ) ;
#1435 = LINE ( 'NONE', #5058, #2622 ) ;
#1436 = DIRECTION ( 'NONE',  ( -1.000000000000000000, -0.000000000000000000, -0.000000000000000000 ) ) ;
#1437 = STYLED_ITEM ( 'NONE', ( #7567 ), #4292 ) ;
#1438 = LINE ( 'NONE', #2528, #696 ) ;
#1439 = AXIS2_PLACEMENT_3D ( 'NONE', #3289, #5121, #6148 ) ;
#1440 = STYLED_ITEM ( 'NONE', ( #1365 ), #3774 ) ;
#1441 = ORIENTED_EDGE ( 'NONE', *, *, #4000, .F. ) ;
#1442 =( NAMED_UNIT ( * ) SI_UNIT ( $, .STERADIAN. ) SOLID_ANGLE_UNIT ( ) );
#1443 = COLOUR_RGB ( '',0.8980392156862745390, 0.9176470588235293713, 0.9294117647058823817 ) ;
#1444 = CARTESIAN_POINT ( 'NONE',  ( -50.00000000000000000, -1.499999996239948841, 27.54164377699888533 ) ) ;
#1445 = EDGE_CURVE ( 'NONE', #5090, #7438, #1290, .T. ) ;
#1446 = AXIS2_PLACEMENT_3D ( 'NONE', #1640, #1971, #6690 ) ;
#1447 = EDGE_CURVE ( 'NONE', #1306, #2980, #5516, .T. ) ;
#1448 = CARTESIAN_POINT ( 'NONE',  ( -50.00000000000000000, -4.015409294884536351, -25.82526309750598870 ) ) ;
#1449 = EDGE_CURVE ( 'NONE', #5064, #5451, #6350, .T. ) ;
#1450 = AXIS2_PLACEMENT_3D ( 'NONE', #299, #2507, #2099 ) ;
#1451 = EDGE_LOOP ( 'NONE', ( #1417, #1172, #662, #2425 ) ) ;
#1452 = AXIS2_PLACEMENT_3D ( 'NONE', #3379, #6876, #2226 ) ;
#1453 = CARTESIAN_POINT ( 'NONE',  ( 50.00000000000000000, 8.500000009651870414, 26.00000000423863256 ) ) ;
#1454 = ORIENTED_EDGE ( 'NONE', *, *, #4199, .T. ) ;
#1455 =( LENGTH_UNIT ( ) NAMED_UNIT ( * ) SI_UNIT ( .MILLI., .METRE. ) );
#1456 = FILL_AREA_STYLE_COLOUR ( '', #6475 ) ;
#1457 = SURFACE_STYLE_FILL_AREA ( #4948 ) ;
#1458 = EDGE_CURVE ( 'NONE', #2110, #6924, #467, .T. ) ;
#1459 = CARTESIAN_POINT ( 'NONE',  ( 50.00000000000000000, 1.000000006721767587, -26.49997438468984967 ) ) ;
#1460 = PRODUCT_DEFINITION ( 'Œ¥', '', #329, #5533 ) ;
#1461 = CARTESIAN_POINT ( 'NONE',  ( -50.00000000000000000, 7.250435495819401943, -26.03296726529976723 ) ) ;
#1462 = PLANE ( 'NONE',  #3317 ) ;
#1463 = ORIENTED_EDGE ( 'NONE', *, *, #79, .T. ) ;
#1464 = ORIENTED_EDGE ( 'NONE', *, *, #2491, .F. ) ;
#1465 = FACE_OUTER_BOUND ( 'NONE', #5989, .T. ) ;
#1466 = VERTEX_POINT ( 'NONE', #2835 ) ;
#1467 = FACE_OUTER_BOUND ( 'NONE', #5393, .T. ) ;
#1468 = CARTESIAN_POINT ( 'NONE',  ( -50.00000000000000000, -0.9999999935367948067, -27.54161815809441904 ) ) ;
#1469 = SURFACE_STYLE_FILL_AREA ( #7443 ) ;
#1470 = LINE ( 'NONE', #801, #1039 ) ;
#1471 = FILL_AREA_STYLE_COLOUR ( '', #3797 ) ;
#1472 = SURFACE_SIDE_STYLE ('',( #4315 ) ) ;
#1473 = ORIENTED_EDGE ( 'NONE', *, *, #6381, .T. ) ;
#1474 = FILL_AREA_STYLE_COLOUR ( '', #7350 ) ;
#1475 = ORIENTED_EDGE ( 'NONE', *, *, #5906, .F. ) ;
#1476 = CARTESIAN_POINT ( 'NONE',  ( 50.00000000000000000, 9.800000008939301566, -22.99997438438203901 ) ) ;
#1477 = FILL_AREA_STYLE_COLOUR ( '', #2864 ) ;
#1478 = DIRECTION ( 'NONE',  ( -1.000000000000000000, -0.000000000000000000, -0.000000000000000000 ) ) ;
#1479 = CARTESIAN_POINT ( 'NONE',  ( 50.00000000000000000, 0.9999999900335166947, -31.50000000578151571 ) ) ;
#1480 = ORIENTED_EDGE ( 'NONE', *, *, #6229, .F. ) ;
#1481 = EDGE_CURVE ( 'NONE', #7676, #2787, #1055, .T. ) ;
#1482 = CARTESIAN_POINT ( 'NONE',  ( 50.00000000000000000, 4.999656187200979929, -26.04616441805654148 ) ) ;
#1483 = UNCERTAINTY_MEASURE_WITH_UNIT (LENGTH_MEASURE( 1.000000000000000082E-05 ), #2317, 'distance_accuracy_value', 'NONE');
#1484 = CARTESIAN_POINT ( 'NONE',  ( -50.00000000000000000, -1.044502126840878731, 27.83832468747896272 ) ) ;
#1485 = DIRECTION ( 'NONE',  ( -1.000000000000000000, -0.000000000000000000, -0.000000000000000000 ) ) ;
#1486 = UNCERTAINTY_MEASURE_WITH_UNIT (LENGTH_MEASURE( 1.000000000000000082E-05 ), #6827, 'distance_accuracy_value', 'NONE');
#1487 = ORIENTED_EDGE ( 'NONE', *, *, #268, .F. ) ;
#1488 = MECHANICAL_DESIGN_GEOMETRIC_PRESENTATION_REPRESENTATION (  '', ( #2483 ), #2365 ) ;
#1490 = ADVANCED_FACE ( 'NONE', ( #7058 ), #5228, .F. ) ;
#1489 = CARTESIAN_POINT ( 'NONE',  ( 50.00000000000000000, -5.984590724811448048, 25.82526309210031457 ) ) ;
#1491 = ORIENTED_EDGE ( 'NONE', *, *, #5386, .F. ) ;
#1492 = PRESENTATION_STYLE_ASSIGNMENT (( #835 ) ) ;
#1493 = STYLED_ITEM ( 'NONE', ( #1375 ), #1499 ) ;
#1494 = CARTESIAN_POINT ( 'NONE',  ( 50.00000000000000000, -2.500000009845376958, -29.50000000515703746 ) ) ;
#1495 = PRESENTATION_LAYER_ASSIGNMENT (  '', '', ( #3850 ) ) ;
#1496 = STYLED_ITEM ( 'NONE', ( #2959 ), #4304 ) ;
#1497 = DIRECTION ( 'NONE',  ( -1.000000000000000000, -0.000000000000000000, -0.000000000000000000 ) ) ;
#1498 = VERTEX_POINT ( 'NONE', #2514 ) ;
#1499 = ADVANCED_FACE ( 'NONE', ( #5382 ), #3667, .F. ) ;
#1500 = EDGE_CURVE ( 'NONE', #1721, #6179, #4264, .T. ) ;
#1501 = STYLED_ITEM ( 'NONE', ( #6518 ), #4354 ) ;
#1502 = ORIENTED_EDGE ( 'NONE', *, *, #1270, .T. ) ;
#1503 =( NAMED_UNIT ( * ) PLANE_ANGLE_UNIT ( ) SI_UNIT ( $, .RADIAN. ) );
#1504 = VERTEX_POINT ( 'NONE', #6544 ) ;
#1505 = FACE_OUTER_BOUND ( 'NONE', #261, .T. ) ;
#1506 =( NAMED_UNIT ( * ) SI_UNIT ( $, .STERADIAN. ) SOLID_ANGLE_UNIT ( ) );
#1507 = CARTESIAN_POINT ( 'NONE',  ( -50.00000000000000000, -1.499999996239949951, 27.05835622940180940 ) ) ;
#1508 = VERTEX_POINT ( 'NONE', #5953 ) ;
#1509 = DIRECTION ( 'NONE',  ( 0.000000000000000000, 0.000000000000000000, 1.000000000000000000 ) ) ;
#1510 = PLANE ( 'NONE',  #1565 ) ;
#1511 = ORIENTED_EDGE ( 'NONE', *, *, #6077, .T. ) ;
#1512 = FILL_AREA_STYLE_COLOUR ( '', #6509 ) ;
#1513 =( GEOMETRIC_REPRESENTATION_CONTEXT ( 3 ) GLOBAL_UNCERTAINTY_ASSIGNED_CONTEXT ( ( #1351 ) ) GLOBAL_UNIT_ASSIGNED_CONTEXT ( ( #123, #245, #6164 ) ) REPRESENTATION_CONTEXT ( 'NONE', 'WORKASPACE' ) );
#1514 = VECTOR ( 'NONE', #5788, 1000.000000000000000 ) ;
#1515 = VERTEX_POINT ( 'NONE', #105 ) ;
#1516 = MECHANICAL_DESIGN_GEOMETRIC_PRESENTATION_REPRESENTATION (  '', ( #6463 ), #3492 ) ;
#1517 = CARTESIAN_POINT ( 'NONE',  ( -50.00000000000000000, -12.50000000940121225, 25.99999999947474905 ) ) ;
#1518 = SURFACE_SIDE_STYLE ('',( #4561 ) ) ;
#1519 =( NAMED_UNIT ( * ) SI_UNIT ( $, .STERADIAN. ) SOLID_ANGLE_UNIT ( ) );
#1520 = LINE ( 'NONE', #4515, #260 ) ;
#1521 = STYLED_ITEM ( 'NONE', ( #3408 ), #2545 ) ;
#1522 = ADVANCED_FACE ( 'NONE', ( #654 ), #143, .F. ) ;
#1523 = LINE ( 'NONE', #4479, #7091 ) ;
#1524 = MECHANICAL_DESIGN_GEOMETRIC_PRESENTATION_REPRESENTATION (  '', ( #1642 ), #5480 ) ;
#1525 =( LENGTH_UNIT ( ) NAMED_UNIT ( * ) SI_UNIT ( .MILLI., .METRE. ) );
#1526 = VERTEX_POINT ( 'NONE', #4495 ) ;
#1527 = STYLED_ITEM ( 'NONE', ( #1601 ), #2828 ) ;
#1528 = SURFACE_STYLE_USAGE ( .BOTH. , #1058 ) ;
#1529 = ORIENTED_EDGE ( 'NONE', *, *, #885, .T. ) ;
#1530 = PRESENTATION_STYLE_ASSIGNMENT (( #6727 ) ) ;
#1531 = EDGE_CURVE ( 'NONE', #1504, #4634, #3708, .T. ) ;
#1532 =( GEOMETRIC_REPRESENTATION_CONTEXT ( 3 ) GLOBAL_UNCERTAINTY_ASSIGNED_CONTEXT ( ( #2665 ) ) GLOBAL_UNIT_ASSIGNED_CONTEXT ( ( #2848, #1686, #4017 ) ) REPRESENTATION_CONTEXT ( 'NONE', 'WORKASPACE' ) );
#1533 = CARTESIAN_POINT ( 'NONE',  ( 50.00000000000000000, -7.200000009632289810, 29.89999999950657994 ) ) ;
#1534 = ORIENTED_EDGE ( 'NONE', *, *, #3050, .F. ) ;
#1535 = VECTOR ( 'NONE', #5155, 1000.000000000000000 ) ;
#1536 = AXIS2_PLACEMENT_3D ( 'NONE', #2371, #4727, #4112 ) ;
#1537 = ORIENTED_EDGE ( 'NONE', *, *, #700, .F. ) ;
#1538 = DIRECTION ( 'NONE',  ( 0.000000000000000000, -1.000000000000000000, 0.000000000000000000 ) ) ;
#1539 = ORIENTED_EDGE ( 'NONE', *, *, #5089, .T. ) ;
#1540 = MECHANICAL_DESIGN_GEOMETRIC_PRESENTATION_REPRESENTATION (  '', ( #2168 ), #6988 ) ;
#1541 =( NAMED_UNIT ( * ) PLANE_ANGLE_UNIT ( ) SI_UNIT ( $, .RADIAN. ) );
#1542 = PRESENTATION_LAYER_ASSIGNMENT (  '', '', ( #4887 ) ) ;
#1543 = EDGE_CURVE ( 'NONE', #1730, #957, #6048, .T. ) ;
#1544 = EDGE_CURVE ( 'NONE', #5594, #7276, #5701, .T. ) ;
#1545 = EDGE_CURVE ( 'NONE', #1964, #918, #6736, .T. ) ;
#1546 = LINE ( 'NONE', #2795, #5101 ) ;
#1547 = VECTOR ( 'NONE', #4971, 1000.000000000000000 ) ;
#1548 = ORIENTED_EDGE ( 'NONE', *, *, #4251, .T. ) ;
#1549 = FILL_AREA_STYLE_COLOUR ( '', #6849 ) ;
#1550 = DIRECTION ( 'NONE',  ( 0.000000000000000000, 1.000000000000000000, 0.000000000000000000 ) ) ;
#1551 = ORIENTED_EDGE ( 'NONE', *, *, #3715, .F. ) ;
#1552 = LINE ( 'NONE', #6278, #4288 ) ;
#1553 = CARTESIAN_POINT ( 'NONE',  ( 50.00000000000000000, 2.999656189158373731, 24.80000000474848676 ) ) ;
#1554 = AXIS2_PLACEMENT_3D ( 'NONE', #7271, #2537, #5474 ) ;
#1555 = CARTESIAN_POINT ( 'NONE',  ( -50.00000000000000000, -0.2000000101095734117, -29.90000000526787005 ) ) ;
#1556 = DIRECTION ( 'NONE',  ( 1.000000000000000000, 0.000000000000000000, 0.000000000000000000 ) ) ;
#1557 = FILL_AREA_STYLE ('',( #6944 ) ) ;
#1558 = VECTOR ( 'NONE', #63, 1000.000000000000000 ) ;
#1559 = CARTESIAN_POINT ( 'NONE',  ( -50.00000000000000000, 1.000000009251461597, 28.10000000750401128 ) ) ;
#1560 = AXIS2_PLACEMENT_3D ( 'NONE', #2255, #6938, #1622 ) ;
#1561 = UNCERTAINTY_MEASURE_WITH_UNIT (LENGTH_MEASURE( 1.000000000000000082E-05 ), #3377, 'distance_accuracy_value', 'NONE');
#1562 = CARTESIAN_POINT ( 'NONE',  ( 50.00000000000000000, 1.000000006721767587, -26.49997438468984967 ) ) ;
#1563 = VECTOR ( 'NONE', #3986, 1000.000000000000000 ) ;
#1564 = DIRECTION ( 'NONE',  ( 0.000000000000000000, 0.000000000000000000, -1.000000000000000000 ) ) ;
#1565 = AXIS2_PLACEMENT_3D ( 'NONE', #7450, #1550, #1209 ) ;
#1566 = SURFACE_SIDE_STYLE ('',( #2118 ) ) ;
#1567 = ORIENTED_EDGE ( 'NONE', *, *, #3773, .F. ) ;
#1568 = AXIS2_PLACEMENT_3D ( 'NONE', #820, #6165, #7390 ) ;
#1569 = CARTESIAN_POINT ( 'NONE',  ( -50.00000000000000000, 2.500000016285731874, -29.49999999486176705 ) ) ;
#1570 = STYLED_ITEM ( 'NONE', ( #984 ), #735 ) ;
#1571 = VERTEX_POINT ( 'NONE', #3243 ) ;
#1572 = FILL_AREA_STYLE ('',( #374 ) ) ;
#1573 =( NAMED_UNIT ( * ) PLANE_ANGLE_UNIT ( ) SI_UNIT ( $, .RADIAN. ) );
#1574 = DIRECTION ( 'NONE',  ( -0.000000000000000000, -0.000000000000000000, 1.000000000000000000 ) ) ;
#1575 = EDGE_LOOP ( 'NONE', ( #3101, #4297, #5952, #160 ) ) ;
#1576 = ORIENTED_EDGE ( 'NONE', *, *, #3875, .T. ) ;
#1577 = CARTESIAN_POINT ( 'NONE',  ( 50.00000000000000000, -11.60000000952259569, -23.50000000451121807 ) ) ;
#1578 = ORIENTED_EDGE ( 'NONE', *, *, #6370, .F. ) ;
#1579 = DIRECTION ( 'NONE',  ( -0.000000000000000000, 1.000000000000000000, -0.000000000000000000 ) ) ;
#1580 = FACE_OUTER_BOUND ( 'NONE', #506, .T. ) ;
#1581 = CARTESIAN_POINT ( 'NONE',  ( 50.00000000000000000, 5.499656189025780684, 25.54619003936655730 ) ) ;
#1582 =( LENGTH_UNIT ( ) NAMED_UNIT ( * ) SI_UNIT ( .MILLI., .METRE. ) );
#1583 = SURFACE_SIDE_STYLE ('',( #2249 ) ) ;
#1584 = PRESENTATION_LAYER_ASSIGNMENT (  '', '', ( #1197 ) ) ;
#1585 = CIRCLE ( 'NONE', #2584, 0.3000000000000329070 ) ;
#1586 = LINE ( 'NONE', #1042, #7513 ) ;
#1587 = VERTEX_POINT ( 'NONE', #5652 ) ;
#1588 = CARTESIAN_POINT ( 'NONE',  ( 50.00000000000000000, 8.546190043056190788, -23.49997438438152031 ) ) ;
#1589 = SURFACE_SIDE_STYLE ('',( #317 ) ) ;
#1590 = SURFACE_STYLE_FILL_AREA ( #3378 ) ;
#1591 = EDGE_CURVE ( 'NONE', #5684, #3412, #960, .T. ) ;
#1592 = PLANE ( 'NONE',  #4371 ) ;
#1593 = EDGE_CURVE ( 'NONE', #1973, #2114, #2757, .T. ) ;
#1594 = DIRECTION ( 'NONE',  ( 0.000000000000000000, 0.000000000000000000, -1.000000000000000000 ) ) ;
#1595 =( NAMED_UNIT ( * ) PLANE_ANGLE_UNIT ( ) SI_UNIT ( $, .RADIAN. ) );
#1596 = ORIENTED_EDGE ( 'NONE', *, *, #7524, .F. ) ;
#1597 = DIRECTION ( 'NONE',  ( 1.000000000000000000, 0.000000000000000000, 0.000000000000000000 ) ) ;
#1598 = LINE ( 'NONE', #4526, #4057 ) ;
#1599 = FACE_OUTER_BOUND ( 'NONE', #3342, .T. ) ;
#1600 = CARTESIAN_POINT ( 'NONE',  ( 50.00000000000000000, -7.250435497136709095, -26.03299288684889135 ) ) ;
#1601 = PRESENTATION_STYLE_ASSIGNMENT (( #6443 ) ) ;
#1602 = DIRECTION ( 'NONE',  ( -1.000000000000000000, -0.000000000000000000, -0.000000000000000000 ) ) ;
#1603 = VERTEX_POINT ( 'NONE', #4955 ) ;
#1604 = VECTOR ( 'NONE', #1337, 1000.000000000000000 ) ;
#1605 = ORIENTED_EDGE ( 'NONE', *, *, #6600, .F. ) ;
#1606 = SURFACE_STYLE_FILL_AREA ( #4066 ) ;
#1607 =( GEOMETRIC_REPRESENTATION_CONTEXT ( 3 ) GLOBAL_UNCERTAINTY_ASSIGNED_CONTEXT ( ( #1768 ) ) GLOBAL_UNIT_ASSIGNED_CONTEXT ( ( #798, #3062, #5338 ) ) REPRESENTATION_CONTEXT ( 'NONE', 'WORKASPACE' ) );
#1608 = ORIENTED_EDGE ( 'NONE', *, *, #6762, .F. ) ;
#1609 = CARTESIAN_POINT ( 'NONE',  ( 50.00000000000000000, -8.546190043356597599, -24.00000000581775694 ) ) ;
#1610 = VECTOR ( 'NONE', #6248, 1000.000000000000000 ) ;
#1611 = FACE_OUTER_BOUND ( 'NONE', #545, .T. ) ;
#1612 = LINE ( 'NONE', #1733, #6340 ) ;
#1613 = SURFACE_STYLE_USAGE ( .BOTH. , #6305 ) ;
#1614 = EDGE_CURVE ( 'NONE', #5337, #7249, #2167, .T. ) ;
#1615 = SURFACE_STYLE_USAGE ( .BOTH. , #2212 ) ;
#1616 = SURFACE_STYLE_USAGE ( .BOTH. , #7589 ) ;
#1617 = VECTOR ( 'NONE', #2144, 1000.000000000000000 ) ;
#1618 = ORIENTED_EDGE ( 'NONE', *, *, #6324, .T. ) ;
#1619 = SURFACE_SIDE_STYLE ('',( #6865 ) ) ;
#1620 = DIRECTION ( 'NONE',  ( -0.000000000000000000, -0.000000000000000000, 1.000000000000000000 ) ) ;
#1621 = VERTEX_POINT ( 'NONE', #2105 ) ;
#1622 = DIRECTION ( 'NONE',  ( 0.000000000000000000, 0.000000000000000000, -1.000000000000000000 ) ) ;
#1623 = CARTESIAN_POINT ( 'NONE',  ( -50.00000000000000000, 9.800000008939301566, 23.00000000496456920 ) ) ;
#1624 = FILL_AREA_STYLE_COLOUR ( '', #4396 ) ;
#1625 = FACE_OUTER_BOUND ( 'NONE', #6207, .T. ) ;
#1626 = VECTOR ( 'NONE', #5506, 1000.000000000000000 ) ;
#1627 = FILL_AREA_STYLE ('',( #1008 ) ) ;
#1628 = PRESENTATION_STYLE_ASSIGNMENT (( #2187 ) ) ;
#1629 = SURFACE_STYLE_USAGE ( .BOTH. , #6949 ) ;
#1630 = PRESENTATION_STYLE_ASSIGNMENT (( #6321 ) ) ;
#1631 = SURFACE_STYLE_USAGE ( .BOTH. , #3489 ) ;
#1632 = VECTOR ( 'NONE', #2117, 1000.000000000000000 ) ;
#1633 = CARTESIAN_POINT ( 'NONE',  ( 50.00000000000000000, -4.015409294884536351, -25.82526309750598870 ) ) ;
#1634 = SURFACE_SIDE_STYLE ('',( #2844 ) ) ;
#1635 = EDGE_CURVE ( 'NONE', #1794, #6192, #6268, .T. ) ;
#1636 = COLOUR_RGB ( '',0.8980392156862745390, 0.9176470588235293713, 0.9294117647058823817 ) ;
#1637 = EDGE_CURVE ( 'NONE', #4246, #7218, #6303, .T. ) ;
#1638 = VERTEX_POINT ( 'NONE', #347 ) ;
#1639 = CARTESIAN_POINT ( 'NONE',  ( 50.00000000000000000, 2.500000016285731874, -29.49999999486176705 ) ) ;
#1640 = CARTESIAN_POINT ( 'NONE',  ( 50.00000000000000000, -2.500000009840150028, 31.49999999987265653 ) ) ;
#1641 = SURFACE_STYLE_FILL_AREA ( #5793 ) ;
#1642 = STYLED_ITEM ( 'NONE', ( #6109 ), #6664 ) ;
#1643 = FILL_AREA_STYLE ('',( #5146 ) ) ;
#1644 = FILL_AREA_STYLE ('',( #484 ) ) ;
#1645 = AXIS2_PLACEMENT_3D ( 'NONE', #4990, #6212, #2587 ) ;
#1646 = VECTOR ( 'NONE', #6807, 1000.000000000000000 ) ;
#1647 = ORIENTED_EDGE ( 'NONE', *, *, #3606, .F. ) ;
#1648 = ORIENTED_EDGE ( 'NONE', *, *, #1544, .T. ) ;
#1649 = VECTOR ( 'NONE', #3499, 1000.000000000000000 ) ;
#1650 =( NAMED_UNIT ( * ) SI_UNIT ( $, .STERADIAN. ) SOLID_ANGLE_UNIT ( ) );
#1651 = STYLED_ITEM ( 'NONE', ( #5403 ), #2853 ) ;
#1652 = VERTEX_POINT ( 'NONE', #4536 ) ;
#1653 = SURFACE_STYLE_FILL_AREA ( #7583 ) ;
#1654 = SURFACE_STYLE_USAGE ( .BOTH. , #605 ) ;
#1655 = SURFACE_STYLE_FILL_AREA ( #2248 ) ;
#1656 = MECHANICAL_DESIGN_GEOMETRIC_PRESENTATION_REPRESENTATION (  '', ( #3393 ), #5840 ) ;
#1657 = ADVANCED_FACE ( 'NONE', ( #1467 ), #842, .F. ) ;
#1658 =( GEOMETRIC_REPRESENTATION_CONTEXT ( 3 ) GLOBAL_UNCERTAINTY_ASSIGNED_CONTEXT ( ( #332 ) ) GLOBAL_UNIT_ASSIGNED_CONTEXT ( ( #614, #1108, #5300 ) ) REPRESENTATION_CONTEXT ( 'NONE', 'WORKASPACE' ) );
#1659 = CARTESIAN_POINT ( 'NONE',  ( 50.00000000000000000, -8.532992886743736349, 24.75043548804895721 ) ) ;
#1660 = ORIENTED_EDGE ( 'NONE', *, *, #936, .F. ) ;
#1661 = MECHANICAL_DESIGN_GEOMETRIC_PRESENTATION_REPRESENTATION (  '', ( #5020 ), #1158 ) ;
#1662 = CARTESIAN_POINT ( 'NONE',  ( -50.00000000000000000, 0.9999999899816484072, -28.60000000237553053 ) ) ;
#1663 = LINE ( 'NONE', #391, #2700 ) ;
#1664 = EDGE_LOOP ( 'NONE', ( #6743, #5428, #2982, #5871 ) ) ;
#1665 = FILL_AREA_STYLE ('',( #2369 ) ) ;
#1666 = DIRECTION ( 'NONE',  ( 1.000000000000000000, 0.000000000000000000, 0.000000000000000000 ) ) ;
#1667 = PLANE ( 'NONE',  #1674 ) ;
#1668 = MECHANICAL_DESIGN_GEOMETRIC_PRESENTATION_REPRESENTATION (  '', ( #2675 ), #5256 ) ;
#1669 = MECHANICAL_DESIGN_GEOMETRIC_PRESENTATION_REPRESENTATION (  '', ( #1048 ), #3407 ) ;
#1670 = UNCERTAINTY_MEASURE_WITH_UNIT (LENGTH_MEASURE( 1.000000000000000082E-05 ), #929, 'distance_accuracy_value', 'NONE');
#1671 = EDGE_CURVE ( 'NONE', #1603, #1896, #2857, .T. ) ;
#1672 = DIRECTION ( 'NONE',  ( -1.000000000000000000, -0.000000000000000000, -0.000000000000000000 ) ) ;
#1673 = DIRECTION ( 'NONE',  ( 1.000000000000000000, 0.000000000000000000, 0.000000000000000000 ) ) ;
#1674 = AXIS2_PLACEMENT_3D ( 'NONE', #7639, #4589, #502 ) ;
#1675 = DIRECTION ( 'NONE',  ( 0.000000000000000000, 0.000000000000000000, 1.000000000000000000 ) ) ;
#1676 = CARTESIAN_POINT ( 'NONE',  ( 50.00000000000000000, -5.850000010672388839, -27.75000000524338617 ) ) ;
#1677 = CIRCLE ( 'NONE', #450, 0.9999999999125187555 ) ;
#1678 = PRESENTATION_STYLE_ASSIGNMENT (( #6845 ) ) ;
#1679 = AXIS2_PLACEMENT_3D ( 'NONE', #5423, #3021, #3704 ) ;
#1680 =( GEOMETRIC_REPRESENTATION_CONTEXT ( 3 ) GLOBAL_UNCERTAINTY_ASSIGNED_CONTEXT ( ( #5852 ) ) GLOBAL_UNIT_ASSIGNED_CONTEXT ( ( #5754, #6329, #5145 ) ) REPRESENTATION_CONTEXT ( 'NONE', 'WORKASPACE' ) );
#1681 = ORIENTED_EDGE ( 'NONE', *, *, #6127, .F. ) ;
#1682 = ADVANCED_FACE ( 'NONE', ( #1073 ), #2941, .F. ) ;
#1683 = AXIS2_PLACEMENT_3D ( 'NONE', #692, #651, #2475 ) ;
#1684 = SURFACE_SIDE_STYLE ('',( #2997 ) ) ;
#1685 = EDGE_CURVE ( 'NONE', #590, #6788, #5725, .T. ) ;
#1686 =( NAMED_UNIT ( * ) PLANE_ANGLE_UNIT ( ) SI_UNIT ( $, .RADIAN. ) );
#1687 = SURFACE_SIDE_STYLE ('',( #5830 ) ) ;
#1688 = PRESENTATION_STYLE_ASSIGNMENT (( #377 ) ) ;
#1689 = ORIENTED_EDGE ( 'NONE', *, *, #2354, .F. ) ;
#1690 = AXIS2_PLACEMENT_3D ( 'NONE', #3344, #6936, #6905 ) ;
#1691 = ORIENTED_EDGE ( 'NONE', *, *, #1150, .T. ) ;
#1692 = EDGE_CURVE ( 'NONE', #6149, #5606, #4713, .T. ) ;
#1693 = PRESENTATION_LAYER_ASSIGNMENT (  '', '', ( #1307 ) ) ;
#1694 = VERTEX_POINT ( 'NONE', #1770 ) ;
#1695 = PRODUCT_DEFINITION ( 'Œ¥', '', #6132, #6051 ) ;
#1696 =( NAMED_UNIT ( * ) PLANE_ANGLE_UNIT ( ) SI_UNIT ( $, .RADIAN. ) );
#1697 =( NAMED_UNIT ( * ) PLANE_ANGLE_UNIT ( ) SI_UNIT ( $, .RADIAN. ) );
#1698 =( NAMED_UNIT ( * ) SI_UNIT ( $, .STERADIAN. ) SOLID_ANGLE_UNIT ( ) );
#1699 = VECTOR ( 'NONE', #2156, 1000.000000000000000 ) ;
#1700 = DIRECTION ( 'NONE',  ( 0.000000000000000000, 0.000000000000000000, -1.000000000000000000 ) ) ;
#1701 = AXIS2_PLACEMENT_3D ( 'NONE', #755, #5603, #5488 ) ;
#1702 = DIRECTION ( 'NONE',  ( 1.000000000000000000, 0.000000000000000000, 0.000000000000000000 ) ) ;
#1703 = DIRECTION ( 'NONE',  ( 1.000000000000000000, 0.000000000000000000, 0.000000000000000000 ) ) ;
#1704 = LINE ( 'NONE', #4620, #206 ) ;
#1705 = ORIENTED_EDGE ( 'NONE', *, *, #6948, .F. ) ;
#1706 = PRESENTATION_STYLE_ASSIGNMENT (( #7553 ) ) ;
#1707 = CARTESIAN_POINT ( 'NONE',  ( 50.00000000000000000, 4.999656189010014629, 27.75000000483201745 ) ) ;
#1708 =( REPRESENTATION_RELATIONSHIP ('NONE','NONE', #6316, #5530 ) REPRESENTATION_RELATIONSHIP_WITH_TRANSFORMATION ( #5096 )SHAPE_REPRESENTATION_RELATIONSHIP( ) );
#1709 = FILL_AREA_STYLE ('',( #6428 ) ) ;
#1710 = STYLED_ITEM ( 'NONE', ( #7099 ), #67 ) ;
#1711 = ORIENTED_EDGE ( 'NONE', *, *, #6450, .T. ) ;
#1712 = AXIS2_PLACEMENT_3D ( 'NONE', #2330, #4692, #4106 ) ;
#1713 = CARTESIAN_POINT ( 'NONE',  ( 50.00000000000000000, -2.500000009840150028, 31.49999999987265653 ) ) ;
#1714 = VECTOR ( 'NONE', #7565, 1000.000000000000000 ) ;
#1715 = DIRECTION ( 'NONE',  ( 1.000000000000000000, 0.000000000000000000, 0.000000000000000000 ) ) ;
#1716 = ORIENTED_EDGE ( 'NONE', *, *, #2592, .F. ) ;
#1717 = DIRECTION ( 'NONE',  ( 0.000000000000000000, 0.000000000000000000, 1.000000000000000000 ) ) ;
#1718 = SURFACE_SIDE_STYLE ('',( #5747 ) ) ;
#1719 = CARTESIAN_POINT ( 'NONE',  ( 50.00000000000000000, -9.300000006406863307, -23.00000000826615931 ) ) ;
#1720 = CARTESIAN_POINT ( 'NONE',  ( 50.00000000000000000, 8.046190042989833202, -23.99997438444787790 ) ) ;
#1721 = VERTEX_POINT ( 'NONE', #1101 ) ;
#1722 = DIRECTION ( 'NONE',  ( 1.000000000000000000, 0.000000000000000000, -0.000000000000000000 ) ) ;
#1723 = CARTESIAN_POINT ( 'NONE',  ( -50.00000000000000000, -2.621317551728906903, 24.79999999997981064 ) ) ;
#1724 =( NAMED_UNIT ( * ) PLANE_ANGLE_UNIT ( ) SI_UNIT ( $, .RADIAN. ) );
#1725 = DIRECTION ( 'NONE',  ( 1.000000000000000000, 0.000000000000000000, 0.000000000000000000 ) ) ;
#1726 = LINE ( 'NONE', #6298, #6366 ) ;
#1727 = ORIENTED_EDGE ( 'NONE', *, *, #5477, .T. ) ;
#1728 = DIRECTION ( 'NONE',  ( 1.000000000000000000, 0.000000000000000000, 0.000000000000000000 ) ) ;
#1729 = ORIENTED_EDGE ( 'NONE', *, *, #249, .T. ) ;
#1730 = VERTEX_POINT ( 'NONE', #7051 ) ;
#1731 = CARTESIAN_POINT ( 'NONE',  ( 50.00000000000000000, 1.000000009251461597, 29.50000000456798332 ) ) ;
#1732 = SURFACE_STYLE_USAGE ( .BOTH. , #7085 ) ;
#1733 = CARTESIAN_POINT ( 'NONE',  ( 50.00000000000000000, 4.999656187200979929, -27.74997438324669119 ) ) ;
#1734 =( LENGTH_UNIT ( ) NAMED_UNIT ( * ) SI_UNIT ( .MILLI., .METRE. ) );
#1735 = LINE ( 'NONE', #3010, #2446 ) ;
#1736 = ADVANCED_FACE ( 'NONE', ( #1036 ), #6927, .T. ) ;
#1737 = DIRECTION ( 'NONE',  ( -1.000000000000000000, -0.000000000000000000, -0.000000000000000000 ) ) ;
#1738 = EDGE_CURVE ( 'NONE', #5163, #1571, #3469, .T. ) ;
#1739 = PRESENTATION_LAYER_ASSIGNMENT (  '', '', ( #4601 ) ) ;
#1740 = VECTOR ( 'NONE', #6662, 1000.000000000000000 ) ;
#1741 = CARTESIAN_POINT ( 'NONE',  ( 50.00000000000000000, -2.621317551728906903, 24.79999999997981064 ) ) ;
#1742 = ORIENTED_EDGE ( 'NONE', *, *, #7285, .F. ) ;
#1743 = LINE ( 'NONE', #4695, #4417 ) ;
#1744 = CARTESIAN_POINT ( 'NONE',  ( -50.00000000000000000, -0.9999999977430840126, -27.54164377591239443 ) ) ;
#1745 = SURFACE_SIDE_STYLE ('',( #7061 ) ) ;
#1746 = VECTOR ( 'NONE', #4720, 1000.000000000000000 ) ;
#1747 = COLOUR_RGB ( '',0.8980392156862745390, 0.9176470588235293713, 0.9294117647058823817 ) ;
#1748 = CIRCLE ( 'NONE', #7447, 0.4999999999999449329 ) ;
#1749 = ORIENTED_EDGE ( 'NONE', *, *, #324, .F. ) ;
#1750 = UNCERTAINTY_MEASURE_WITH_UNIT (LENGTH_MEASURE( 1.000000000000000082E-05 ), #3602, 'distance_accuracy_value', 'NONE');
#1751 = SURFACE_STYLE_FILL_AREA ( #5236 ) ;
#1752 = EDGE_LOOP ( 'NONE', ( #2142, #1143, #4209, #3520 ) ) ;
#1753 =( NAMED_UNIT ( * ) SI_UNIT ( $, .STERADIAN. ) SOLID_ANGLE_UNIT ( ) );
#1754 =( NAMED_UNIT ( * ) SI_UNIT ( $, .STERADIAN. ) SOLID_ANGLE_UNIT ( ) );
#1755 = DIRECTION ( 'NONE',  ( 0.000000000000000000, 0.000000000000000000, -1.000000000000000000 ) ) ;
#1756 = SURFACE_STYLE_FILL_AREA ( #7034 ) ;
#1757 = ORIENTED_EDGE ( 'NONE', *, *, #975, .T. ) ;
#1758 =( NAMED_UNIT ( * ) PLANE_ANGLE_UNIT ( ) SI_UNIT ( $, .RADIAN. ) );
#1759 = EDGE_CURVE ( 'NONE', #6811, #3345, #3884, .T. ) ;
#1760 = CARTESIAN_POINT ( 'NONE',  ( 50.00000000000000000, 0.9999999899816484072, -28.60000000237553053 ) ) ;
#1761 = VECTOR ( 'NONE', #7501, 1000.000000000000000 ) ;
#1762 = ORIENTED_EDGE ( 'NONE', *, *, #648, .F. ) ;
#1763 = COLOUR_RGB ( '',0.8980392156862745390, 0.9176470588235293713, 0.9294117647058823817 ) ;
#1764 = MECHANICAL_DESIGN_GEOMETRIC_PRESENTATION_REPRESENTATION (  '', ( #4623 ), #2882 ) ;
#1765 = CARTESIAN_POINT ( 'NONE',  ( -50.00000000000000000, -5.850000009022488179, 27.74999999985019983 ) ) ;
#1766 = VERTEX_POINT ( 'NONE', #1731 ) ;
#1767 = EDGE_CURVE ( 'NONE', #1168, #6955, #724, .T. ) ;
#1768 = UNCERTAINTY_MEASURE_WITH_UNIT (LENGTH_MEASURE( 1.000000000000000082E-05 ), #798, 'distance_accuracy_value', 'NONE');
#1769 = ORIENTED_EDGE ( 'NONE', *, *, #4805, .F. ) ;
#1770 = CARTESIAN_POINT ( 'NONE',  ( -50.00000000000000000, 0.6999999914619297048, 24.79999999997980353 ) ) ;
#1771 =( LENGTH_UNIT ( ) NAMED_UNIT ( * ) SI_UNIT ( .MILLI., .METRE. ) );
#1772 = CARTESIAN_POINT ( 'NONE',  ( 50.00000000000000000, 8.500000007861903129, -25.99997438358078128 ) ) ;
#1773 = AXIS2_PLACEMENT_3D ( 'NONE', #136, #3008, #1850 ) ;
#1774 = CARTESIAN_POINT ( 'NONE',  ( -50.00000000000000000, 1.000000006721767587, -25.09997438307373940 ) ) ;
#1775 = UNCERTAINTY_MEASURE_WITH_UNIT (LENGTH_MEASURE( 1.000000000000000082E-05 ), #974, 'distance_accuracy_value', 'NONE');
#1776 = PRESENTATION_LAYER_ASSIGNMENT (  '', '', ( #3610 ) ) ;
#1777 = FACE_OUTER_BOUND ( 'NONE', #2883, .T. ) ;
#1778 = PRESENTATION_LAYER_ASSIGNMENT (  '', '', ( #6971 ) ) ;
#1779 =( GEOMETRIC_REPRESENTATION_CONTEXT ( 3 ) GLOBAL_UNCERTAINTY_ASSIGNED_CONTEXT ( ( #5407 ) ) GLOBAL_UNIT_ASSIGNED_CONTEXT ( ( #4680, #5250, #2849 ) ) REPRESENTATION_CONTEXT ( 'NONE', 'WORKASPACE' ) );
#1780 = VERTEX_POINT ( 'NONE', #97 ) ;
#1781 = FILL_AREA_STYLE ('',( #62 ) ) ;
#1782 = CARTESIAN_POINT ( 'NONE',  ( 50.00000000000000000, 8.500000018423346404, -29.99999999486128388 ) ) ;
#1783 = EDGE_CURVE ( 'NONE', #3412, #7404, #3656, .T. ) ;
#1784 = ORIENTED_EDGE ( 'NONE', *, *, #2451, .T. ) ;
#1785 = CARTESIAN_POINT ( 'NONE',  ( 50.00000000000000000, 0.6999999912927074019, 28.60000000293902289 ) ) ;
#1786 = CARTESIAN_POINT ( 'NONE',  ( 50.00000000000000000, 0.9999999899816475191, -28.60000000237553053 ) ) ;
#1787 = VECTOR ( 'NONE', #901, 1000.000000000000000 ) ;
#1788 = EDGE_CURVE ( 'NONE', #6923, #2161, #5980, .T. ) ;
#1789 = EDGE_CURVE ( 'NONE', #4203, #7409, #2974, .T. ) ;
#1790 = FILL_AREA_STYLE ('',( #6393 ) ) ;
#1791 = AXIS2_PLACEMENT_3D ( 'NONE', #2569, #6036, #5315 ) ;
#1792 = ORIENTED_EDGE ( 'NONE', *, *, #2356, .T. ) ;
#1793 = PLANE ( 'NONE',  #5731 ) ;
#1794 = VERTEX_POINT ( 'NONE', #6 ) ;
#1795 = FILL_AREA_STYLE_COLOUR ( '', #1871 ) ;
#1796 = EDGE_CURVE ( 'NONE', #5606, #1794, #5733, .T. ) ;
#1797 = LINE ( 'NONE', #6432, #793 ) ;
#1798 = STYLED_ITEM ( 'NONE', ( #5962 ), #5158 ) ;
#1799 = PRESENTATION_STYLE_ASSIGNMENT (( #4704 ) ) ;
#1800 = CARTESIAN_POINT ( 'NONE',  ( 50.00000000000000000, -1.299999991024115564, 27.54164378160909621 ) ) ;
#1801 = ORIENTED_EDGE ( 'NONE', *, *, #627, .F. ) ;
#1802 = CARTESIAN_POINT ( 'NONE',  ( -50.00000000000000000, 0.7000000066269876919, -26.49997438468984967 ) ) ;
#1803 = CARTESIAN_POINT ( 'NONE',  ( 50.00000000000000000, 0.6999999898123481223, -26.30000000237517455 ) ) ;
#1804 = SURFACE_SIDE_STYLE ('',( #3574 ) ) ;
#1805 = COLOUR_RGB ( '',0.8980392156862745390, 0.9176470588235293713, 0.9294117647058823817 ) ;
#1806 = EDGE_LOOP ( 'NONE', ( #2276, #5122, #3654, #4795 ) ) ;
#1807 = CIRCLE ( 'NONE', #5996, 0.2999999999869565337 ) ;
#1808 = MECHANICAL_DESIGN_GEOMETRIC_PRESENTATION_REPRESENTATION (  '', ( #4738 ), #7260 ) ;
#1809 = CARTESIAN_POINT ( 'NONE',  ( -50.00000000000000000, 1.000000006721767587, -26.49997438468984967 ) ) ;
#1810 = ORIENTED_EDGE ( 'NONE', *, *, #5287, .F. ) ;
#1811 = DIRECTION ( 'NONE',  ( -1.000000000000000000, -0.000000000000000000, -0.000000000000000000 ) ) ;
#1812 =( NAMED_UNIT ( * ) PLANE_ANGLE_UNIT ( ) SI_UNIT ( $, .RADIAN. ) );
#1813 = AXIS2_PLACEMENT_3D ( 'NONE', #3779, #5978, #256 ) ;
#1814 = ADVANCED_FACE ( 'NONE', ( #2547 ), #7194, .F. ) ;
#1815 = CYLINDRICAL_SURFACE ( 'NONE', #2832, 0.3000000000342936679 ) ;
#1816 = AXIS2_PLACEMENT_3D ( 'NONE', #352, #4961, #7326 ) ;
#1817 = ORIENTED_EDGE ( 'NONE', *, *, #2010, .T. ) ;
#1818 = CARTESIAN_POINT ( 'NONE',  ( 50.00000000000000000, -0.9999999910240541245, 27.05835623398859369 ) ) ;
#1819 = EDGE_LOOP ( 'NONE', ( #3778, #1578, #5810, #1473 ) ) ;
#1820 = SURFACE_STYLE_USAGE ( .BOTH. , #1302 ) ;
#1821 = FACE_OUTER_BOUND ( 'NONE', #2722, .T. ) ;
#1822 = CARTESIAN_POINT ( 'NONE',  ( 50.00000000000000000, 8.532992891370785316, 24.75043549219618555 ) ) ;
#1823 = CIRCLE ( 'NONE', #1701, 0.4999999999999970024 ) ;
#1824 = ORIENTED_EDGE ( 'NONE', *, *, #1152, .F. ) ;
#1825 = FILL_AREA_STYLE ('',( #4230 ) ) ;
#1826 = UNCERTAINTY_MEASURE_WITH_UNIT (LENGTH_MEASURE( 1.000000000000000082E-05 ), #312, 'distance_accuracy_value', 'NONE');
#1827 = EDGE_CURVE ( 'NONE', #6625, #7669, #6045, .T. ) ;
#1828 =( NAMED_UNIT ( * ) PLANE_ANGLE_UNIT ( ) SI_UNIT ( $, .RADIAN. ) );
#1829 = ORIENTED_EDGE ( 'NONE', *, *, #398, .F. ) ;
#1830 = VECTOR ( 'NONE', #26, 1000.000000000000000 ) ;
#1831 =( LENGTH_UNIT ( ) NAMED_UNIT ( * ) SI_UNIT ( .MILLI., .METRE. ) );
#1832 =( LENGTH_UNIT ( ) NAMED_UNIT ( * ) SI_UNIT ( .MILLI., .METRE. ) );
#1833 =( NAMED_UNIT ( * ) PLANE_ANGLE_UNIT ( ) SI_UNIT ( $, .RADIAN. ) );
#1834 = EDGE_LOOP ( 'NONE', ( #1648, #3846, #6326, #2624 ) ) ;
#1835 = STYLED_ITEM ( 'NONE', ( #1264 ), #1224 ) ;
#1836 = EDGE_CURVE ( 'NONE', #1498, #1406, #5945, .T. ) ;
#1837 = EDGE_CURVE ( 'NONE', #2012, #371, #1965, .T. ) ;
#1838 = STYLED_ITEM ( 'NONE', ( #5741 ), #635 ) ;
#1839 = PRESENTATION_STYLE_ASSIGNMENT (( #2996 ) ) ;
#1840 = DIRECTION ( 'NONE',  ( 0.000000000000000000, 1.000000000000000000, 0.000000000000000000 ) ) ;
#1841 = SURFACE_SIDE_STYLE ('',( #6605 ) ) ;
#1842 = ORIENTED_EDGE ( 'NONE', *, *, #1327, .T. ) ;
#1843 = UNCERTAINTY_MEASURE_WITH_UNIT (LENGTH_MEASURE( 1.000000000000000082E-05 ), #8, 'distance_accuracy_value', 'NONE');
#1844 =( NAMED_UNIT ( * ) SI_UNIT ( $, .STERADIAN. ) SOLID_ANGLE_UNIT ( ) );
#1845 = UNCERTAINTY_MEASURE_WITH_UNIT (LENGTH_MEASURE( 1.000000000000000082E-05 ), #4050, 'distance_accuracy_value', 'NONE');
#1846 = VERTEX_POINT ( 'NONE', #6494 ) ;
#1847 = DIRECTION ( 'NONE',  ( -0.000000000000000000, -0.000000000000000000, 1.000000000000000000 ) ) ;
#1848 = CARTESIAN_POINT ( 'NONE',  ( 50.00000000000000000, -1.044502126945330511, 26.76167532813437688 ) ) ;
#1849 =( NAMED_UNIT ( * ) SI_UNIT ( $, .STERADIAN. ) SOLID_ANGLE_UNIT ( ) );
#1850 = DIRECTION ( 'NONE',  ( 0.000000000000000000, 0.000000000000000000, -1.000000000000000000 ) ) ;
#1851 = SURFACE_STYLE_USAGE ( .BOTH. , #2976 ) ;
#1852 = ORIENTED_EDGE ( 'NONE', *, *, #4489, .F. ) ;
#1853 = CARTESIAN_POINT ( 'NONE',  ( -50.00000000000000000, 4.999656189010014629, 26.04619003938229582 ) ) ;
#1854 = VERTEX_POINT ( 'NONE', #2390 ) ;
#1855 = EDGE_CURVE ( 'NONE', #3273, #7107, #4754, .T. ) ;
#1856 = CARTESIAN_POINT ( 'NONE',  ( 50.00000000000000000, -6.000000009839341786, 31.49999999966316011 ) ) ;
#1857 = DIRECTION ( 'NONE',  ( 0.000000000000000000, 0.000000000000000000, 1.000000000000000000 ) ) ;
#1858 = FILL_AREA_STYLE_COLOUR ( '', #7122 ) ;
#1859 = EDGE_LOOP ( 'NONE', ( #2001, #683, #230, #1345 ) ) ;
#1860 = COLOUR_RGB ( '',0.8980392156862745390, 0.9176470588235293713, 0.9294117647058823817 ) ;
#1861 = FILL_AREA_STYLE ('',( #1945 ) ) ;
#1862 = ORIENTED_EDGE ( 'NONE', *, *, #144, .T. ) ;
#1863 = FACE_OUTER_BOUND ( 'NONE', #3818, .T. ) ;
#1864 = MECHANICAL_DESIGN_GEOMETRIC_PRESENTATION_REPRESENTATION (  '', ( #2127 ), #6514 ) ;
#1865 =( GEOMETRIC_REPRESENTATION_CONTEXT ( 3 ) GLOBAL_UNCERTAINTY_ASSIGNED_CONTEXT ( ( #5325 ) ) GLOBAL_UNIT_ASSIGNED_CONTEXT ( ( #3626, #695, #1336 ) ) REPRESENTATION_CONTEXT ( 'NONE', 'WORKASPACE' ) );
#1866 = AXIS2_PLACEMENT_3D ( 'NONE', #586, #3422, #4120 ) ;
#1867 = FACE_OUTER_BOUND ( 'NONE', #4011, .T. ) ;
#1868 = AXIS2_PLACEMENT_3D ( 'NONE', #3383, #1673, #4048 ) ;
#1869 = CYLINDRICAL_SURFACE ( 'NONE', #1429, 0.4999999999994974020 ) ;
#1870 = ORIENTED_EDGE ( 'NONE', *, *, #5965, .T. ) ;
#1871 = COLOUR_RGB ( '',0.8980392156862745390, 0.9176470588235293713, 0.9294117647058823817 ) ;
#1872 = SURFACE_STYLE_USAGE ( .BOTH. , #7074 ) ;
#1873 = SURFACE_SIDE_STYLE ('',( #2534 ) ) ;
#1874 = DIRECTION ( 'NONE',  ( 1.000000000000000000, 0.000000000000000000, 0.000000000000000000 ) ) ;
#1875 = EDGE_CURVE ( 'NONE', #6924, #6649, #1210, .T. ) ;
#1876 = SURFACE_STYLE_USAGE ( .BOTH. , #1804 ) ;
#1877 = ADVANCED_FACE ( 'NONE', ( #134 ), #4870, .F. ) ;
#1878 = PRESENTATION_STYLE_ASSIGNMENT (( #6564 ) ) ;
#1879 = ORIENTED_EDGE ( 'NONE', *, *, #5114, .T. ) ;
#1880 = VERTEX_POINT ( 'NONE', #3734 ) ;
#1881 = AXIS2_PLACEMENT_3D ( 'NONE', #4859, #1319, #2576 ) ;
#1882 = FILL_AREA_STYLE ('',( #830 ) ) ;
#1883 = CARTESIAN_POINT ( 'NONE',  ( 50.00000000000000000, -1.074170222794468277, 26.56388805300070644 ) ) ;
#1884 = DIRECTION ( 'NONE',  ( 1.000000000000000000, 0.000000000000000000, 0.000000000000000000 ) ) ;
#1885 = CARTESIAN_POINT ( 'NONE',  ( -50.00000000000000000, -12.50000000940639922, -23.50000000451121807 ) ) ;
#1886 = DIRECTION ( 'NONE',  ( 0.000000000000000000, -0.06975647374413405932, 0.9975640502598236425 ) ) ;
#1887 = MECHANICAL_DESIGN_GEOMETRIC_PRESENTATION_REPRESENTATION (  '', ( #5721 ), #2386 ) ;
#1888 = CARTESIAN_POINT ( 'NONE',  ( 50.00000000000000000, 12.50000001842155228, -23.49999999595059208 ) ) ;
#1889 = ORIENTED_EDGE ( 'NONE', *, *, #5743, .T. ) ;
#1890 = FACE_OUTER_BOUND ( 'NONE', #6677, .T. ) ;
#1891 = AXIS2_PLACEMENT_3D ( 'NONE', #5982, #1330, #4179 ) ;
#1892 = ORIENTED_EDGE ( 'NONE', *, *, #700, .T. ) ;
#1893 = CARTESIAN_POINT ( 'NONE',  ( 50.00000000000000000, -8.046190037690342578, 23.99999999640830950 ) ) ;
#1894 =( NAMED_UNIT ( * ) PLANE_ANGLE_UNIT ( ) SI_UNIT ( $, .RADIAN. ) );
#1895 = LINE ( 'NONE', #4267, #553 ) ;
#1896 = VERTEX_POINT ( 'NONE', #375 ) ;
#1897 = VECTOR ( 'NONE', #6172, 1000.000000000000000 ) ;
#1898 = VECTOR ( 'NONE', #1026, 1000.000000000000000 ) ;
#1899 =( NAMED_UNIT ( * ) SI_UNIT ( $, .STERADIAN. ) SOLID_ANGLE_UNIT ( ) );
#1900 = UNCERTAINTY_MEASURE_WITH_UNIT (LENGTH_MEASURE( 1.000000000000000082E-05 ), #1238, 'distance_accuracy_value', 'NONE');
#1901 = AXIS2_PLACEMENT_3D ( 'NONE', #4565, #3387, #982 ) ;
#1902 = ORIENTED_EDGE ( 'NONE', *, *, #6424, .T. ) ;
#1903 = CARTESIAN_POINT ( 'NONE',  ( 50.00000000000000000, -3.700000009660175060, 29.89999999973681000 ) ) ;
#1904 = CARTESIAN_POINT ( 'NONE',  ( -50.00000000000000000, 3.299656187376970973, -27.74997438324669119 ) ) ;
#1905 = AXIS2_PLACEMENT_3D ( 'NONE', #7335, #6483, #6157 ) ;
#1906 = CARTESIAN_POINT ( 'NONE',  ( 50.00000000000000000, 3.299656189186019883, 25.10000000477613114 ) ) ;
#1907 = CARTESIAN_POINT ( 'NONE',  ( 50.00000000000000000, -3.716140079806603769, -25.84619003962906802 ) ) ;
#1908 = CARTESIAN_POINT ( 'NONE',  ( -50.00000000000000000, 8.546190043056190788, -23.49997438438152031 ) ) ;
#1909 = STYLED_ITEM ( 'NONE', ( #2468 ), #4917 ) ;
#1910 = ORIENTED_EDGE ( 'NONE', *, *, #3050, .T. ) ;
#1911 = EDGE_CURVE ( 'NONE', #1694, #1880, #1028, .T. ) ;
#1912 = DIRECTION ( 'NONE',  ( -1.000000000000000000, -0.000000000000000000, -0.000000000000000000 ) ) ;
#1913 = MECHANICAL_DESIGN_GEOMETRIC_PRESENTATION_REPRESENTATION (  '', ( #3514 ), #671 ) ;
#1914 = PRESENTATION_STYLE_ASSIGNMENT (( #2083 ) ) ;
#1915 = DIRECTION ( 'NONE',  ( -0.000000000000000000, -1.000000000000000000, -0.000000000000000000 ) ) ;
#1916 = AXIS2_PLACEMENT_3D ( 'NONE', #814, #5626, #5095 ) ;
#1917 =( LENGTH_UNIT ( ) NAMED_UNIT ( * ) SI_UNIT ( .MILLI., .METRE. ) );
#1918 = DIRECTION ( 'NONE',  ( 0.000000000000000000, 0.000000000000000000, 1.000000000000000000 ) ) ;
#1919 = EDGE_LOOP ( 'NONE', ( #7678, #2204, #6813, #690 ) ) ;
#1920 = AXIS2_PLACEMENT_3D ( 'NONE', #1167, #6530, #3543 ) ;
#1921 = PRESENTATION_LAYER_ASSIGNMENT (  '', '', ( #4035 ) ) ;
#1922 = EDGE_CURVE ( 'NONE', #6848, #7652, #5485, .T. ) ;
#1923 = LINE ( 'NONE', #786, #2504 ) ;
#1924 = ORIENTED_EDGE ( 'NONE', *, *, #1545, .T. ) ;
#1925 =( NAMED_UNIT ( * ) SI_UNIT ( $, .STERADIAN. ) SOLID_ANGLE_UNIT ( ) );
#1926 = AXIS2_PLACEMENT_3D ( 'NONE', #490, #3952, #1700 ) ;
#1927 = SURFACE_SIDE_STYLE ('',( #7241 ) ) ;
#1928 = SURFACE_STYLE_USAGE ( .BOTH. , #7359 ) ;
#1929 = AXIS2_PLACEMENT_3D ( 'NONE', #6907, #5129, #3257 ) ;
#1930 = VECTOR ( 'NONE', #6554, 1000.000000000000000 ) ;
#1931 = EDGE_CURVE ( 'NONE', #6336, #5437, #6345, .T. ) ;
#1932 = PRODUCT_RELATED_PRODUCT_CATEGORY ( 'part', '', ( #3105 ) ) ;
#1933 = EDGE_LOOP ( 'NONE', ( #1729, #5364, #1534, #1618 ) ) ;
#1934 = DIRECTION ( 'NONE',  ( -1.000000000000000000, -0.000000000000000000, -0.000000000000000000 ) ) ;
#1935 = SURFACE_STYLE_FILL_AREA ( #1256 ) ;
#1936 =( GEOMETRIC_REPRESENTATION_CONTEXT ( 3 ) GLOBAL_UNCERTAINTY_ASSIGNED_CONTEXT ( ( #732 ) ) GLOBAL_UNIT_ASSIGNED_CONTEXT ( ( #4242, #4410, #5556 ) ) REPRESENTATION_CONTEXT ( 'NONE', 'WORKASPACE' ) );
#1937 = EDGE_LOOP ( 'NONE', ( #2895, #2647, #2989, #1817 ) ) ;
#1938 = DIRECTION ( 'NONE',  ( -1.000000000000000000, 0.000000000000000000, -0.000000000000000000 ) ) ;
#1939 = LINE ( 'NONE', #655, #3972 ) ;
#1940 = PRESENTATION_LAYER_ASSIGNMENT (  '', '', ( #5773 ) ) ;
#1941 = CARTESIAN_POINT ( 'NONE',  ( 50.00000000000000000, -8.046190043341459486, -24.00000000581775694 ) ) ;
#1942 = MECHANICAL_DESIGN_GEOMETRIC_PRESENTATION_REPRESENTATION (  '', ( #2437 ), #6394 ) ;
#1943 = UNCERTAINTY_MEASURE_WITH_UNIT (LENGTH_MEASURE( 1.000000000000000082E-05 ), #4926, 'distance_accuracy_value', 'NONE');
#1944 = DIRECTION ( 'NONE',  ( -1.000000000000000000, -0.000000000000000000, -0.000000000000000000 ) ) ;
#1945 = FILL_AREA_STYLE_COLOUR ( '', #3747 ) ;
#1946 = VERTEX_POINT ( 'NONE', #2715 ) ;
#1947 = FACE_OUTER_BOUND ( 'NONE', #1664, .T. ) ;
#1948 = SURFACE_STYLE_USAGE ( .BOTH. , #6636 ) ;
#1949 = CIRCLE ( 'NONE', #1187, 0.5000000000000004441 ) ;
#1950 = FILL_AREA_STYLE ('',( #6116 ) ) ;
#1951 = CARTESIAN_POINT ( 'NONE',  ( 50.00000000000000000, 0.9999999914620215646, 26.00000000293864488 ) ) ;
#1952 = SHAPE_REPRESENTATION_RELATIONSHIP ( 'NONE' , 'NONE' ,  #5530, #6593 ) ;
#1953 = ORIENTED_EDGE ( 'NONE', *, *, #634, .F. ) ;
#1954 = DIRECTION ( 'NONE',  ( 1.000000000000000000, 0.000000000000000000, 0.000000000000000000 ) ) ;
#1955 = SURFACE_STYLE_USAGE ( .BOTH. , #1401 ) ;
#1956 = DIRECTION ( 'NONE',  ( -1.000000000000000000, -0.000000000000000000, -0.000000000000000000 ) ) ;
#1957 = ADVANCED_FACE ( 'NONE', ( #3203 ), #3905, .F. ) ;
#1958 = PRESENTATION_STYLE_ASSIGNMENT (( #6411 ) ) ;
#1959 = VECTOR ( 'NONE', #6552, 1000.000000000000000 ) ;
#1960 = FILL_AREA_STYLE_COLOUR ( '', #7246 ) ;
#1961 = EDGE_CURVE ( 'NONE', #373, #5013, #3234, .T. ) ;
#1962 = ORIENTED_EDGE ( 'NONE', *, *, #6035, .F. ) ;
#1963 = SURFACE_STYLE_USAGE ( .BOTH. , #1363 ) ;
#1964 = VERTEX_POINT ( 'NONE', #1412 ) ;
#1965 = LINE ( 'NONE', #1283, #3261 ) ;
#1966 =( NAMED_UNIT ( * ) SI_UNIT ( $, .STERADIAN. ) SOLID_ANGLE_UNIT ( ) );
#1967 = DIRECTION ( 'NONE',  ( 1.000000000000000000, 0.000000000000000000, 0.000000000000000000 ) ) ;
#1968 =( LENGTH_UNIT ( ) NAMED_UNIT ( * ) SI_UNIT ( .MILLI., .METRE. ) );
#1969 = UNCERTAINTY_MEASURE_WITH_UNIT (LENGTH_MEASURE( 1.000000000000000082E-05 ), #4422, 'distance_accuracy_value', 'NONE');
#1970 = VERTEX_POINT ( 'NONE', #3329 ) ;
#1971 = DIRECTION ( 'NONE',  ( -1.000000000000000000, -0.000000000000000000, -0.000000000000000000 ) ) ;
#1972 = CYLINDRICAL_SURFACE ( 'NONE', #3294, 2.000000000002013945 ) ;
#1973 = VERTEX_POINT ( 'NONE', #295 ) ;
#1974 = FILL_AREA_STYLE_COLOUR ( '', #7004 ) ;
#1975 = CARTESIAN_POINT ( 'NONE',  ( -50.00000000000000000, 7.250435497623028525, 26.03299288647287213 ) ) ;
#1976 = LINE ( 'NONE', #2640, #4401 ) ;
#1977 = LINE ( 'NONE', #2641, #3544 ) ;
#1978 = EDGE_CURVE ( 'NONE', #6894, #120, #6221, .T. ) ;
#1979 = EDGE_CURVE ( 'NONE', #371, #3273, #7225, .T. ) ;
#1980 = LINE ( 'NONE', #6697, #715 ) ;
#1981 = ORIENTED_EDGE ( 'NONE', *, *, #3144, .F. ) ;
#1982 = CARTESIAN_POINT ( 'NONE',  ( 50.00000000000000000, -4.500000009792799460, -30.00000000499974817 ) ) ;
#1983 = SURFACE_SIDE_STYLE ('',( #2646 ) ) ;
#1984 = ORIENTED_EDGE ( 'NONE', *, *, #6860, .F. ) ;
#1985 = SURFACE_STYLE_USAGE ( .BOTH. , #2485 ) ;
#1986 = CARTESIAN_POINT ( 'NONE',  ( -50.00000000000000000, 1.000000008530837592, 25.10000000474851589 ) ) ;
#1987 = DIRECTION ( 'NONE',  ( 1.000000000000000000, 0.000000000000000000, 0.000000000000000000 ) ) ;
#1988 = UNCERTAINTY_MEASURE_WITH_UNIT (LENGTH_MEASURE( 1.000000000000000082E-05 ), #857, 'distance_accuracy_value', 'NONE');
#1989 =( NAMED_UNIT ( * ) SI_UNIT ( $, .STERADIAN. ) SOLID_ANGLE_UNIT ( ) );
#1990 = CARTESIAN_POINT ( 'NONE',  ( 50.00000000000000000, 8.546190044058352697, 23.50000000502031838 ) ) ;
#1991 = FILL_AREA_STYLE_COLOUR ( '', #2309 ) ;
#1992 = ORIENTED_EDGE ( 'NONE', *, *, #6138, .T. ) ;
#1993 = DIRECTION ( 'NONE',  ( -1.000000000000000000, -0.000000000000000000, -0.000000000000000000 ) ) ;
#1994 = VECTOR ( 'NONE', #6814, 1000.000000000000000 ) ;
#1995 = DIRECTION ( 'NONE',  ( 0.000000000000000000, -1.000000000000000000, 0.000000000000000000 ) ) ;
#1996 = STYLED_ITEM ( 'NONE', ( #6030 ), #4721 ) ;
#1997 = FACE_OUTER_BOUND ( 'NONE', #5324, .T. ) ;
#1998 = LINE ( 'NONE', #3814, #11 ) ;
#1999 = LINE ( 'NONE', #1404, #5241 ) ;
#2000 = VECTOR ( 'NONE', #4546, 1000.000000000000000 ) ;
#2001 = ORIENTED_EDGE ( 'NONE', *, *, #3133, .T. ) ;
#2002 = CIRCLE ( 'NONE', #6569, 1.249999999268169848 ) ;
#2003 = FACE_OUTER_BOUND ( 'NONE', #5915, .T. ) ;
#2004 = ORIENTED_EDGE ( 'NONE', *, *, #3403, .T. ) ;
#2005 = FILL_AREA_STYLE ('',( #7193 ) ) ;
#2006 = DIRECTION ( 'NONE',  ( 0.000000000000000000, 0.000000000000000000, -1.000000000000000000 ) ) ;
#2007 = FACE_OUTER_BOUND ( 'NONE', #2352, .T. ) ;
#2008 = DIRECTION ( 'NONE',  ( 1.000000000000000000, 0.000000000000000000, 0.000000000000000000 ) ) ;
#2009 = PLANE ( 'NONE',  #1450 ) ;
#2010 = EDGE_CURVE ( 'NONE', #3595, #5090, #4456, .T. ) ;
#2011 = AXIS2_PLACEMENT_3D ( 'NONE', #3201, #4296, #3820 ) ;
#2012 = VERTEX_POINT ( 'NONE', #6889 ) ;
#2013 = DIRECTION ( 'NONE',  ( 1.000000000000000000, 0.000000000000000000, 0.000000000000000000 ) ) ;
#2014 = VERTEX_POINT ( 'NONE', #557 ) ;
#2015 = PRESENTATION_STYLE_ASSIGNMENT (( #3178 ) ) ;
#2016 = FACE_OUTER_BOUND ( 'NONE', #207, .T. ) ;
#2017 = SURFACE_SIDE_STYLE ('',( #6694 ) ) ;
#2018 =( GEOMETRIC_REPRESENTATION_CONTEXT ( 3 ) GLOBAL_UNCERTAINTY_ASSIGNED_CONTEXT ( ( #2838 ) ) GLOBAL_UNIT_ASSIGNED_CONTEXT ( ( #2304, #1595, #3973 ) ) REPRESENTATION_CONTEXT ( 'NONE', 'WORKASPACE' ) );
#2019 = CYLINDRICAL_SURFACE ( 'NONE', #4913, 4.000000000004662937 ) ;
#2020 = AXIS2_PLACEMENT_3D ( 'NONE', #4741, #4166, #1722 ) ;
#2021 = ADVANCED_FACE ( 'NONE', ( #7618 ), #3461, .T. ) ;
#2022 = AXIS2_PLACEMENT_3D ( 'NONE', #349, #5727, #5048 ) ;
#2023 = ORIENTED_EDGE ( 'NONE', *, *, #1836, .F. ) ;
#2024 = ADVANCED_FACE ( 'NONE', ( #3980 ), #2887, .T. ) ;
#2025 = VECTOR ( 'NONE', #584, 1000.000000000000000 ) ;
#2026 = FACE_OUTER_BOUND ( 'NONE', #5216, .T. ) ;
#2027 = EDGE_CURVE ( 'NONE', #252, #7409, #2526, .T. ) ;
#2028 = ORIENTED_EDGE ( 'NONE', *, *, #2027, .T. ) ;
#2029 =( NAMED_UNIT ( * ) PLANE_ANGLE_UNIT ( ) SI_UNIT ( $, .RADIAN. ) );
#2030 = LINE ( 'NONE', #4933, #3389 ) ;
#2031 = DIRECTION ( 'NONE',  ( -1.000000000000000000, -0.000000000000000000, -0.000000000000000000 ) ) ;
#2032 = STYLED_ITEM ( 'NONE', ( #3006 ), #1814 ) ;
#2033 = DIRECTION ( 'NONE',  ( 0.000000000000000000, 0.06975647374401147682, -0.9975640502598321913 ) ) ;
#2034 = AXIS2_PLACEMENT_3D ( 'NONE', #953, #3280, #6139 ) ;
#2035 = MECHANICAL_DESIGN_GEOMETRIC_PRESENTATION_REPRESENTATION (  '', ( #1031 ), #660 ) ;
#2036 = ORIENTED_EDGE ( 'NONE', *, *, #1827, .T. ) ;
#2037 = AXIS2_PLACEMENT_3D ( 'NONE', #4275, #1987, #6115 ) ;
#2038 = EDGE_CURVE ( 'NONE', #5451, #5035, #3396, .T. ) ;
#2039 = MECHANICAL_DESIGN_GEOMETRIC_PRESENTATION_REPRESENTATION (  '', ( #1651 ), #4387 ) ;
#2040 = DIRECTION ( 'NONE',  ( 0.000000000000000000, 0.000000000000000000, -1.000000000000000000 ) ) ;
#2041 = UNCERTAINTY_MEASURE_WITH_UNIT (LENGTH_MEASURE( 1.000000000000000082E-05 ), #2968, 'distance_accuracy_value', 'NONE');
#2042 = CARTESIAN_POINT ( 'NONE',  ( -50.00000000000000000, 0.7000000091558072901, 28.10000000750401128 ) ) ;
#2043 = VECTOR ( 'NONE', #2232, 1000.000000000000000 ) ;
#2044 = DIRECTION ( 'NONE',  ( -0.000000000000000000, -0.9889363529084584936, -0.1483404526625051734 ) ) ;
#2045 = CIRCLE ( 'NONE', #1273, 0.5000000000000004441 ) ;
#2046 = ORIENTED_EDGE ( 'NONE', *, *, #699, .F. ) ;
#2047 =( GEOMETRIC_REPRESENTATION_CONTEXT ( 3 ) GLOBAL_UNCERTAINTY_ASSIGNED_CONTEXT ( ( #4978 ) ) GLOBAL_UNIT_ASSIGNED_CONTEXT ( ( #5331, #1812, #7666 ) ) REPRESENTATION_CONTEXT ( 'NONE', 'WORKASPACE' ) );
#2048 = VECTOR ( 'NONE', #3657, 1000.000000000000000 ) ;
#2049 = VERTEX_POINT ( 'NONE', #2273 ) ;
#2050 = CARTESIAN_POINT ( 'NONE',  ( 50.00000000000000000, 1.000000006508408701, -29.49999999423345898 ) ) ;
#2051 = AXIS2_PLACEMENT_3D ( 'NONE', #3591, #4812, #1857 ) ;
#2052 = CARTESIAN_POINT ( 'NONE',  ( 50.00000000000000000, 8.546190044058311841, 24.00000000502026154 ) ) ;
#2053 = DIRECTION ( 'NONE',  ( 0.000000000000000000, 0.000000000000000000, -1.000000000000000000 ) ) ;
#2054 = CARTESIAN_POINT ( 'NONE',  ( -50.00000000000000000, -1.074170222794469609, 26.56388805300069933 ) ) ;
#2055 = STYLED_ITEM ( 'NONE', ( #7078 ), #5763 ) ;
#2056 =( GEOMETRIC_REPRESENTATION_CONTEXT ( 3 ) GLOBAL_UNCERTAINTY_ASSIGNED_CONTEXT ( ( #682 ) ) GLOBAL_UNIT_ASSIGNED_CONTEXT ( ( #2571, #5349, #1989 ) ) REPRESENTATION_CONTEXT ( 'NONE', 'WORKASPACE' ) );
#2057 = EDGE_LOOP ( 'NONE', ( #2462, #5566, #7098, #4784 ) ) ;
#2058 = VERTEX_POINT ( 'NONE', #4640 ) ;
#2059 = AXIS2_PLACEMENT_3D ( 'NONE', #7337, #2031, #4399 ) ;
#2060 = SURFACE_SIDE_STYLE ('',( #7364 ) ) ;
#2061 = ORIENTED_EDGE ( 'NONE', *, *, #1759, .F. ) ;
#2062 = SURFACE_SIDE_STYLE ('',( #7325 ) ) ;
#2063 = DIRECTION ( 'NONE',  ( 1.000000000000000000, 0.000000000000000000, 0.000000000000000000 ) ) ;
#2064 = DIRECTION ( 'NONE',  ( -0.000000000000000000, 1.000000000000000000, 0.000000000000000000 ) ) ;
#2065 = CARTESIAN_POINT ( 'NONE',  ( 50.00000000000000000, 2.999656187376712690, -25.09997438303970441 ) ) ;
#2066 = VECTOR ( 'NONE', #3451, 1000.000000000000000 ) ;
#2067 = CIRCLE ( 'NONE', #7254, 0.5000000000157378555 ) ;
#2068 = ORIENTED_EDGE ( 'NONE', *, *, #5944, .T. ) ;
#2069 = COLOUR_RGB ( '',0.8980392156862745390, 0.9176470588235293713, 0.9294117647058823817 ) ;
#2070 = SURFACE_SIDE_STYLE ('',( #1041 ) ) ;
#2071 =( NAMED_UNIT ( * ) PLANE_ANGLE_UNIT ( ) SI_UNIT ( $, .RADIAN. ) );
#2072 = VERTEX_POINT ( 'NONE', #3361 ) ;
#2073 = DIRECTION ( 'NONE',  ( 0.000000000000000000, -1.000000000000000000, 0.000000000000000000 ) ) ;
#2074 = DIRECTION ( 'NONE',  ( 0.000000000000000000, 0.000000000000000000, -1.000000000000000000 ) ) ;
#2075 = CARTESIAN_POINT ( 'NONE',  ( 50.00000000000000000, 8.500000009651870414, 26.00000000423863256 ) ) ;
#2076 = CARTESIAN_POINT ( 'NONE',  ( 50.00000000000000000, -1.044502126840878731, 27.83832468747896272 ) ) ;
#2077 = AXIS2_PLACEMENT_3D ( 'NONE', #7408, #6180, #4493 ) ;
#2078 = CIRCLE ( 'NONE', #3540, 2.000000000000667910 ) ;
#2079 = ORIENTED_EDGE ( 'NONE', *, *, #6138, .F. ) ;
#2080 = ADVANCED_BREP_SHAPE_REPRESENTATION ( '', ( #7213, #6651 ), #6639 ) ;
#2081 =( NAMED_UNIT ( * ) PLANE_ANGLE_UNIT ( ) SI_UNIT ( $, .RADIAN. ) );
#2082 = COLOUR_RGB ( '',0.8980392156862745390, 0.9176470588235293713, 0.9294117647058823817 ) ;
#2083 = SURFACE_STYLE_USAGE ( .BOTH. , #247 ) ;
#2084 = AXIS2_PLACEMENT_3D ( 'NONE', #1569, #2013, #6328 ) ;
#2085 = CARTESIAN_POINT ( 'NONE',  ( -50.00000000000000000, -3.700000009677606450, -29.90000000503104260 ) ) ;
#2086 = SURFACE_STYLE_FILL_AREA ( #2581 ) ;
#2087 = EDGE_CURVE ( 'NONE', #611, #4203, #4635, .T. ) ;
#2088 = VECTOR ( 'NONE', #1497, 1000.000000000000000 ) ;
#2089 = EDGE_CURVE ( 'NONE', #4586, #5800, #4570, .T. ) ;
#2090 = ORIENTED_EDGE ( 'NONE', *, *, #7284, .T. ) ;
#2091 = MECHANICAL_DESIGN_GEOMETRIC_PRESENTATION_REPRESENTATION (  '', ( #1080 ), #2821 ) ;
#2092 = CARTESIAN_POINT ( 'NONE',  ( -50.00000000000000000, 5.499656187270182350, -25.54616441798733817 ) ) ;
#2093 = ORIENTED_EDGE ( 'NONE', *, *, #7644, .T. ) ;
#2094 = DIRECTION ( 'NONE',  ( 0.000000000000000000, -1.000000000000000000, 0.000000000000000000 ) ) ;
#2095 = DIRECTION ( 'NONE',  ( 1.000000000000000000, 0.000000000000000000, 0.000000000000000000 ) ) ;
#2096 =( GEOMETRIC_REPRESENTATION_CONTEXT ( 3 ) GLOBAL_UNCERTAINTY_ASSIGNED_CONTEXT ( ( #6031 ) ) GLOBAL_UNIT_ASSIGNED_CONTEXT ( ( #7677, #7212, #4153 ) ) REPRESENTATION_CONTEXT ( 'NONE', 'WORKASPACE' ) );
#2097 = DIRECTION ( 'NONE',  ( -0.000000000000000000, -0.9889363528473015252, 0.1483404530702174262 ) ) ;
#2098 = CARTESIAN_POINT ( 'NONE',  ( -50.00000000000000000, -8.546190043341447051, -24.25060968765524549 ) ) ;
#2099 = DIRECTION ( 'NONE',  ( 1.000000000000000000, 0.000000000000000000, -0.000000000000000000 ) ) ;
#2100 = ORIENTED_EDGE ( 'NONE', *, *, #501, .F. ) ;
#2101 = VECTOR ( 'NONE', #705, 1000.000000000000000 ) ;
#2102 = ORIENTED_EDGE ( 'NONE', *, *, #122, .F. ) ;
#2103 = CARTESIAN_POINT ( 'NONE',  ( -50.00000000000000000, -0.5000000100692115756, -29.50000000524097388 ) ) ;
#2104 = ORIENTED_EDGE ( 'NONE', *, *, #2872, .T. ) ;
#2105 = CARTESIAN_POINT ( 'NONE',  ( 50.00000000000000000, 5.499656187270182350, -25.54616441798733817 ) ) ;
#2106 = CARTESIAN_POINT ( 'NONE',  ( 50.00000000000000000, -1.499999996239949951, 27.05835622940180940 ) ) ;
#2107 = CARTESIAN_POINT ( 'NONE',  ( 50.00000000000000000, -8.500000009396554645, 25.99999999947474905 ) ) ;
#2108 =( NAMED_UNIT ( * ) PLANE_ANGLE_UNIT ( ) SI_UNIT ( $, .RADIAN. ) );
#2109 = EDGE_CURVE ( 'NONE', #5833, #2952, #240, .T. ) ;
#2110 = VERTEX_POINT ( 'NONE', #3190 ) ;
#2111 = DIRECTION ( 'NONE',  ( 0.000000000000000000, 0.000000000000000000, -1.000000000000000000 ) ) ;
#2112 = ORIENTED_EDGE ( 'NONE', *, *, #2125, .F. ) ;
#2113 = SURFACE_STYLE_FILL_AREA ( #279 ) ;
#2114 = VERTEX_POINT ( 'NONE', #7302 ) ;
#2115 = SURFACE_STYLE_FILL_AREA ( #5102 ) ;
#2116 = UNCERTAINTY_MEASURE_WITH_UNIT (LENGTH_MEASURE( 1.000000000000000082E-05 ), #4173, 'distance_accuracy_value', 'NONE');
#2117 = DIRECTION ( 'NONE',  ( -1.000000000000000000, -0.000000000000000000, -0.000000000000000000 ) ) ;
#2118 = SURFACE_STYLE_FILL_AREA ( #2539 ) ;
#2119 = UNCERTAINTY_MEASURE_WITH_UNIT (LENGTH_MEASURE( 1.000000000000000082E-05 ), #2444, 'distance_accuracy_value', 'NONE');
#2120 = ORIENTED_EDGE ( 'NONE', *, *, #4208, .T. ) ;
#2121 =( GEOMETRIC_REPRESENTATION_CONTEXT ( 3 ) GLOBAL_UNCERTAINTY_ASSIGNED_CONTEXT ( ( #50 ) ) GLOBAL_UNIT_ASSIGNED_CONTEXT ( ( #6855, #1541, #883 ) ) REPRESENTATION_CONTEXT ( 'NONE', 'WORKASPACE' ) );
#2122 = EDGE_CURVE ( 'NONE', #6824, #3027, #2608, .T. ) ;
#2123 = VERTEX_POINT ( 'NONE', #6070 ) ;
#2124 = CARTESIAN_POINT ( 'NONE',  ( 50.00000000000000000, -2.621317553387734645, -24.80000000537329896 ) ) ;
#2125 = EDGE_CURVE ( 'NONE', #2194, #5942, #4970, .T. ) ;
#2126 = EDGE_CURVE ( 'NONE', #5299, #1854, #2030, .T. ) ;
#2127 = STYLED_ITEM ( 'NONE', ( #7328 ), #224 ) ;
#2128 =( NAMED_UNIT ( * ) SI_UNIT ( $, .STERADIAN. ) SOLID_ANGLE_UNIT ( ) );
#2129 = CARTESIAN_POINT ( 'NONE',  ( 50.00000000000000000, -3.588571657105320334, -25.54619003962910284 ) ) ;
#2130 = VECTOR ( 'NONE', #4446, 1000.000000000000000 ) ;
#2131 = FACE_OUTER_BOUND ( 'NONE', #6648, .T. ) ;
#2132 = EDGE_LOOP ( 'NONE', ( #5578, #424, #5669, #3857 ) ) ;
#2133 = COLOUR_RGB ( '',0.8980392156862745390, 0.9176470588235293713, 0.9294117647058823817 ) ;
#2134 = ORIENTED_EDGE ( 'NONE', *, *, #4778, .T. ) ;
#2135 = VERTEX_POINT ( 'NONE', #116 ) ;
#2136 = CARTESIAN_POINT ( 'NONE',  ( 50.00000000000000000, -7.500000009615677143, 29.99999999947941376 ) ) ;
#2137 = FILL_AREA_STYLE_COLOUR ( '', #5529 ) ;
#2138 = DIRECTION ( 'NONE',  ( 1.000000000000000000, 0.000000000000000000, 0.000000000000000000 ) ) ;
#2139 = EDGE_LOOP ( 'NONE', ( #1361, #3464, #7348, #756 ) ) ;
#2140 = CYLINDRICAL_SURFACE ( 'NONE', #7003, 0.3000000000000606626 ) ;
#2141 = FILL_AREA_STYLE_COLOUR ( '', #2811 ) ;
#2142 = ORIENTED_EDGE ( 'NONE', *, *, #6862, .T. ) ;
#2143 =( LENGTH_UNIT ( ) NAMED_UNIT ( * ) SI_UNIT ( .MILLI., .METRE. ) );
#2144 = DIRECTION ( 'NONE',  ( -1.000000000000000000, -0.000000000000000000, -0.000000000000000000 ) ) ;
#2146 = PRESENTATION_STYLE_ASSIGNMENT (( #7377 ) ) ;
#2145 = COLOUR_RGB ( '',0.8980392156862745390, 0.9176470588235293713, 0.9294117647058823817 ) ;
#2147 = FACE_OUTER_BOUND ( 'NONE', #3355, .T. ) ;
#2148 =( GEOMETRIC_REPRESENTATION_CONTEXT ( 3 ) GLOBAL_UNCERTAINTY_ASSIGNED_CONTEXT ( ( #4083 ) ) GLOBAL_UNIT_ASSIGNED_CONTEXT ( ( #3386, #5174, #4010 ) ) REPRESENTATION_CONTEXT ( 'NONE', 'WORKASPACE' ) );
#2149 =( NAMED_UNIT ( * ) SI_UNIT ( $, .STERADIAN. ) SOLID_ANGLE_UNIT ( ) );
#2150 = FACE_OUTER_BOUND ( 'NONE', #5151, .T. ) ;
#2151 = DIRECTION ( 'NONE',  ( -1.000000000000000000, -0.000000000000000000, -0.000000000000000000 ) ) ;
#2152 = PRESENTATION_LAYER_ASSIGNMENT (  '', '', ( #3498 ) ) ;
#2153 = ORIENTED_EDGE ( 'NONE', *, *, #122, .T. ) ;
#2154 = VECTOR ( 'NONE', #1212, 1000.000000000000000 ) ;
#2155 = CARTESIAN_POINT ( 'NONE',  ( -50.00000000000000000, -0.5000000100692115756, -30.00000000523827737 ) ) ;
#2156 = DIRECTION ( 'NONE',  ( -1.000000000000000000, -0.000000000000000000, -0.000000000000000000 ) ) ;
#2157 = ORIENTED_EDGE ( 'NONE', *, *, #270, .F. ) ;
#2158 = DIRECTION ( 'NONE',  ( -1.000000000000000000, -0.000000000000000000, -0.000000000000000000 ) ) ;
#2159 = MECHANICAL_DESIGN_GEOMETRIC_PRESENTATION_REPRESENTATION (  '', ( #4512 ), #3760 ) ;
#2160 = CARTESIAN_POINT ( 'NONE',  ( 50.00000000000000000, 9.300000009539528989, 23.50000000502031838 ) ) ;
#2161 = VERTEX_POINT ( 'NONE', #6749 ) ;
#2162 = PRESENTATION_LAYER_ASSIGNMENT (  '', '', ( #4759 ) ) ;
#2163 = STYLED_ITEM ( 'NONE', ( #2801 ), #2270 ) ;
#2164 = ORIENTED_EDGE ( 'NONE', *, *, #3395, .T. ) ;
#2165 = DIRECTION ( 'NONE',  ( -1.000000000000000000, -0.000000000000000000, -0.000000000000000000 ) ) ;
#2166 = ORIENTED_EDGE ( 'NONE', *, *, #6785, .T. ) ;
#2167 = LINE ( 'NONE', #4464, #7318 ) ;
#2168 = STYLED_ITEM ( 'NONE', ( #7509 ), #5718 ) ;
#2169 = DIRECTION ( 'NONE',  ( 0.000000000000000000, 0.000000000000000000, -1.000000000000000000 ) ) ;
#2170 = STYLED_ITEM ( 'NONE', ( #3423 ), #5074 ) ;
#2171 = CARTESIAN_POINT ( 'NONE',  ( 50.00000000000000000, -1.000000009758420738, -29.50000000530297939 ) ) ;
#2172 = EDGE_CURVE ( 'NONE', #5922, #6171, #3506, .T. ) ;
#2173 = CARTESIAN_POINT ( 'NONE',  ( -50.00000000000000000, -2.500000009845376958, -31.50000000515770893 ) ) ;
#2174 = EDGE_CURVE ( 'NONE', #3982, #2049, #6671, .T. ) ;
#2175 = COLOUR_RGB ( '',0.8980392156862745390, 0.9176470588235293713, 0.9294117647058823817 ) ;
#2176 = EDGE_LOOP ( 'NONE', ( #1892, #2692, #2782, #1099 ) ) ;
#2177 = DIRECTION ( 'NONE',  ( 0.000000000000000000, -0.9889363528994356001, -0.1483404527226569181 ) ) ;
#2178 = CARTESIAN_POINT ( 'NONE',  ( -50.00000000000000000, -4.800000009774883836, -29.90000000499856725 ) ) ;
#2179 = ORIENTED_EDGE ( 'NONE', *, *, #3671, .F. ) ;
#2180 = LINE ( 'NONE', #5057, #7259 ) ;
#2181 = LINE ( 'NONE', #1707, #5949 ) ;
#2182 = AXIS2_PLACEMENT_3D ( 'NONE', #7505, #5078, #3861 ) ;
#2183 = DIRECTION ( 'NONE',  ( 0.000000000000000000, 0.000000000000000000, 1.000000000000000000 ) ) ;
#2184 = CARTESIAN_POINT ( 'NONE',  ( 50.00000000000000000, 8.532992890096112504, -24.75040987155188432 ) ) ;
#2185 = LINE ( 'NONE', #2225, #7653 ) ;
#2186 = MECHANICAL_DESIGN_GEOMETRIC_PRESENTATION_REPRESENTATION (  '', ( #4900 ), #6506 ) ;
#2187 = SURFACE_STYLE_USAGE ( .BOTH. , #6946 ) ;
#2188 =( GEOMETRIC_REPRESENTATION_CONTEXT ( 3 ) GLOBAL_UNCERTAINTY_ASSIGNED_CONTEXT ( ( #4711 ) ) GLOBAL_UNIT_ASSIGNED_CONTEXT ( ( #2143, #7486, #393 ) ) REPRESENTATION_CONTEXT ( 'NONE', 'WORKASPACE' ) );
#2189 = FILL_AREA_STYLE_COLOUR ( '', #6568 ) ;
#2190 = CARTESIAN_POINT ( 'NONE',  ( -50.00000000000000000, 11.60000001576112716, 23.50000000404867251 ) ) ;
#2191 = AXIS2_PLACEMENT_3D ( 'NONE', #3192, #973, #6793 ) ;
#2192 = MECHANICAL_DESIGN_GEOMETRIC_PRESENTATION_REPRESENTATION (  '', ( #5520 ), #3922 ) ;
#2193 = CARTESIAN_POINT ( 'NONE',  ( -50.00000000000000000, -2.621317551728906903, 24.79999999997981064 ) ) ;
#2194 = VERTEX_POINT ( 'NONE', #1906 ) ;
#2195 = PRESENTATION_LAYER_ASSIGNMENT (  '', '', ( #2437 ) ) ;
#2196 = FACE_OUTER_BOUND ( 'NONE', #3545, .T. ) ;
#2197 = PLANE ( 'NONE',  #7537 ) ;
#2198 = EDGE_CURVE ( 'NONE', #3577, #5764, #5973, .T. ) ;
#2199 = DIRECTION ( 'NONE',  ( 0.000000000000000000, 0.000000000000000000, -1.000000000000000000 ) ) ;
#2200 = LINE ( 'NONE', #2274, #7590 ) ;
#2201 = PRESENTATION_LAYER_ASSIGNMENT (  '', '', ( #215 ) ) ;
#2202 = ADVANCED_FACE ( 'NONE', ( #2349 ), #2967, .T. ) ;
#2203 =( LENGTH_UNIT ( ) NAMED_UNIT ( * ) SI_UNIT ( .MILLI., .METRE. ) );
#2204 = ORIENTED_EDGE ( 'NONE', *, *, #1961, .F. ) ;
#2205 = ORIENTED_EDGE ( 'NONE', *, *, #1396, .F. ) ;
#2206 = CARTESIAN_POINT ( 'NONE',  ( -50.00000000000000000, 8.546190044058352697, 23.50000000502031838 ) ) ;
#2207 = ORIENTED_EDGE ( 'NONE', *, *, #2826, .T. ) ;
#2208 = DIRECTION ( 'NONE',  ( 1.000000000000000000, 0.000000000000000000, 0.000000000000000000 ) ) ;
#2209 = PRESENTATION_STYLE_ASSIGNMENT (( #7518 ) ) ;
#2210 = PRESENTATION_STYLE_ASSIGNMENT (( #6184 ) ) ;
#2211 = FILL_AREA_STYLE_COLOUR ( '', #2920 ) ;
#2212 = SURFACE_SIDE_STYLE ('',( #5156 ) ) ;
#2213 = VECTOR ( 'NONE', #2567, 1000.000000000000000 ) ;
#2214 = PRESENTATION_LAYER_ASSIGNMENT (  '', '', ( #6289 ) ) ;
#2215 = ORIENTED_EDGE ( 'NONE', *, *, #4545, .T. ) ;
#2216 = ADVANCED_FACE ( 'NONE', ( #2487 ), #4855, .T. ) ;
#2217 = DIRECTION ( 'NONE',  ( -1.000000000000000000, -0.000000000000000000, -0.000000000000000000 ) ) ;
#2218 = ORIENTED_EDGE ( 'NONE', *, *, #2339, .F. ) ;
#2219 = DIRECTION ( 'NONE',  ( 1.000000000000000000, 0.000000000000000000, 0.000000000000000000 ) ) ;
#2220 =( LENGTH_UNIT ( ) NAMED_UNIT ( * ) SI_UNIT ( .MILLI., .METRE. ) );
#2221 = EDGE_CURVE ( 'NONE', #5579, #4966, #6352, .T. ) ;
#2222 = DIRECTION ( 'NONE',  ( 0.000000000000000000, 0.000000000000000000, -1.000000000000000000 ) ) ;
#2223 = EDGE_CURVE ( 'NONE', #5535, #6108, #5136, .T. ) ;
#2224 = FILL_AREA_STYLE ('',( #5231 ) ) ;
#2225 = CARTESIAN_POINT ( 'NONE',  ( -50.00000000000000000, 3.299656189186019883, 27.75000000483201745 ) ) ;
#2226 = DIRECTION ( 'NONE',  ( 0.000000000000000000, -0.000000000000000000, 1.000000000000000000 ) ) ;
#2227 = CARTESIAN_POINT ( 'NONE',  ( -50.00000000000000000, -1.074170222794468277, 26.56388805300070644 ) ) ;
#2228 = SURFACE_SIDE_STYLE ('',( #944 ) ) ;
#2229 = SURFACE_STYLE_USAGE ( .BOTH. , #3526 ) ;
#2230 = DIRECTION ( 'NONE',  ( 0.000000000000000000, 0.000000000000000000, -1.000000000000000000 ) ) ;
#2231 = LINE ( 'NONE', #6403, #7214 ) ;
#2232 = DIRECTION ( 'NONE',  ( -1.000000000000000000, -0.000000000000000000, -0.000000000000000000 ) ) ;
#2233 = VERTEX_POINT ( 'NONE', #1555 ) ;
#2234 = DIRECTION ( 'NONE',  ( -1.000000000000000000, -0.000000000000000000, -0.000000000000000000 ) ) ;
#2235 = FACE_OUTER_BOUND ( 'NONE', #7324, .T. ) ;
#2236 = DIRECTION ( 'NONE',  ( -1.000000000000000000, -0.000000000000000000, -0.000000000000000000 ) ) ;
#2237 = EDGE_LOOP ( 'NONE', ( #3239, #847, #5160, #4238 ) ) ;
#2238 = VECTOR ( 'NONE', #4811, 1000.000000000000000 ) ;
#2239 = VERTEX_POINT ( 'NONE', #4002 ) ;
#2240 = VECTOR ( 'NONE', #14, 1000.000000000000000 ) ;
#2241 = DIRECTION ( 'NONE',  ( 0.000000000000000000, 0.000000000000000000, 1.000000000000000000 ) ) ;
#2242 = ORIENTED_EDGE ( 'NONE', *, *, #733, .F. ) ;
#2243 = SURFACE_STYLE_USAGE ( .BOTH. , #425 ) ;
#2244 =( GEOMETRIC_REPRESENTATION_CONTEXT ( 3 ) GLOBAL_UNCERTAINTY_ASSIGNED_CONTEXT ( ( #202 ) ) GLOBAL_UNIT_ASSIGNED_CONTEXT ( ( #1012, #7457, #2659 ) ) REPRESENTATION_CONTEXT ( 'NONE', 'WORKASPACE' ) );
#2245 = MECHANICAL_DESIGN_GEOMETRIC_PRESENTATION_REPRESENTATION (  '', ( #1437 ), #748 ) ;
#2246 = DIRECTION ( 'NONE',  ( -0.000000000000000000, -1.000000000000000000, -0.000000000000000000 ) ) ;
#2247 = FILL_AREA_STYLE_COLOUR ( '', #2643 ) ;
#2248 = FILL_AREA_STYLE ('',( #2283 ) ) ;
#2249 = SURFACE_STYLE_FILL_AREA ( #5838 ) ;
#2250 = EDGE_CURVE ( 'NONE', #2239, #3216, #3961, .T. ) ;
#2251 =( LENGTH_UNIT ( ) NAMED_UNIT ( * ) SI_UNIT ( .MILLI., .METRE. ) );
#2252 = VECTOR ( 'NONE', #3308, 1000.000000000000000 ) ;
#2253 = DIRECTION ( 'NONE',  ( 0.000000000000000000, 0.000000000000000000, -1.000000000000000000 ) ) ;
#2254 = ORIENTED_EDGE ( 'NONE', *, *, #832, .T. ) ;
#2255 = CARTESIAN_POINT ( 'NONE',  ( -50.00000000000000000, -8.500000009561359704, -26.00000000491900565 ) ) ;
#2256 = CARTESIAN_POINT ( 'NONE',  ( -50.00000000000000000, -6.000000009844241866, -29.50000000494680918 ) ) ;
#2257 = DIRECTION ( 'NONE',  ( 1.000000000000000000, 0.000000000000000000, 0.000000000000000000 ) ) ;
#2258 = CARTESIAN_POINT ( 'NONE',  ( 50.00000000000000000, -1.000000009732037176, 29.49999999995378630 ) ) ;
#2259 = ADVANCED_FACE ( 'NONE', ( #2650 ), #5582, .F. ) ;
#2260 = EDGE_CURVE ( 'NONE', #2971, #7636, #890, .T. ) ;
#2261 = EDGE_CURVE ( 'NONE', #4938, #3982, #6983, .T. ) ;
#2262 = CIRCLE ( 'NONE', #4365, 0.4999999999999935052 ) ;
#2263 = SURFACE_STYLE_USAGE ( .BOTH. , #7563 ) ;
#2264 = FACE_OUTER_BOUND ( 'NONE', #3569, .T. ) ;
#2265 =( NAMED_UNIT ( * ) SI_UNIT ( $, .STERADIAN. ) SOLID_ANGLE_UNIT ( ) );
#2266 = PRESENTATION_STYLE_ASSIGNMENT (( #6916 ) ) ;
#2267 =( NAMED_UNIT ( * ) PLANE_ANGLE_UNIT ( ) SI_UNIT ( $, .RADIAN. ) );
#2268 = VECTOR ( 'NONE', #1993, 1000.000000000000000 ) ;
#2269 = ORIENTED_EDGE ( 'NONE', *, *, #3300, .T. ) ;
#2270 = ADVANCED_FACE ( 'NONE', ( #5130 ), #3259, .F. ) ;
#2271 = DIRECTION ( 'NONE',  ( 0.000000000000000000, 0.000000000000000000, -1.000000000000000000 ) ) ;
#2272 =( GEOMETRIC_REPRESENTATION_CONTEXT ( 3 ) GLOBAL_UNCERTAINTY_ASSIGNED_CONTEXT ( ( #27 ) ) GLOBAL_UNIT_ASSIGNED_CONTEXT ( ( #4084, #4196, #4733 ) ) REPRESENTATION_CONTEXT ( 'NONE', 'WORKASPACE' ) );
#2273 = CARTESIAN_POINT ( 'NONE',  ( -50.00000000000000000, 6.750609692811459617, 25.54619003936655730 ) ) ;
#2274 = CARTESIAN_POINT ( 'NONE',  ( -50.00000000000000000, -1.044502129335859397, -26.76164970460134995 ) ) ;
#2275 = SURFACE_STYLE_FILL_AREA ( #5183 ) ;
#2276 = ORIENTED_EDGE ( 'NONE', *, *, #4960, .T. ) ;
#2277 = AXIS2_PLACEMENT_3D ( 'NONE', #6647, #3159, #5518 ) ;
#2278 = ORIENTED_EDGE ( 'NONE', *, *, #3229, .F. ) ;
#2279 = SURFACE_SIDE_STYLE ('',( #1606 ) ) ;
#2280 = ORIENTED_EDGE ( 'NONE', *, *, #5222, .F. ) ;
#2281 = SURFACE_STYLE_FILL_AREA ( #521 ) ;
#2282 = FILL_AREA_STYLE_COLOUR ( '', #4957 ) ;
#2283 = FILL_AREA_STYLE_COLOUR ( '', #2529 ) ;
#2284 = DIRECTION ( 'NONE',  ( -1.000000000000000000, 0.000000000000000000, -0.000000000000000000 ) ) ;
#2285 = AXIS2_PLACEMENT_3D ( 'NONE', #4564, #3971, #6323 ) ;
#2286 = PRESENTATION_LAYER_ASSIGNMENT (  '', '', ( #3151 ) ) ;
#2287 = DIRECTION ( 'NONE',  ( -1.000000000000000000, -0.000000000000000000, -0.000000000000000000 ) ) ;
#2288 = AXIS2_PLACEMENT_3D ( 'NONE', #3827, #1967, #4459 ) ;
#2289 =( GEOMETRIC_REPRESENTATION_CONTEXT ( 3 ) GLOBAL_UNCERTAINTY_ASSIGNED_CONTEXT ( ( #3004 ) ) GLOBAL_UNIT_ASSIGNED_CONTEXT ( ( #7281, #4373, #1925 ) ) REPRESENTATION_CONTEXT ( 'NONE', 'WORKASPACE' ) );
#2290 =( NAMED_UNIT ( * ) PLANE_ANGLE_UNIT ( ) SI_UNIT ( $, .RADIAN. ) );
#2291 = CARTESIAN_POINT ( 'NONE',  ( 50.00000000000000000, -3.716140078100125255, 25.54619003423594492 ) ) ;
#2292 = ORIENTED_EDGE ( 'NONE', *, *, #5854, .F. ) ;
#2293 = FILL_AREA_STYLE ('',( #2333 ) ) ;
#2294 =( NAMED_UNIT ( * ) PLANE_ANGLE_UNIT ( ) SI_UNIT ( $, .RADIAN. ) );
#2295 =( NAMED_UNIT ( * ) SI_UNIT ( $, .STERADIAN. ) SOLID_ANGLE_UNIT ( ) );
#2296 = CARTESIAN_POINT ( 'NONE',  ( -50.00000000000000000, 0.7000000064127678279, -28.09997438469024544 ) ) ;
#2297 = AXIS2_PLACEMENT_3D ( 'NONE', #1719, #4674, #1675 ) ;
#2298 = UNCERTAINTY_MEASURE_WITH_UNIT (LENGTH_MEASURE( 1.000000000000000082E-05 ), #6583, 'distance_accuracy_value', 'NONE');
#2299 = AXIS2_PLACEMENT_3D ( 'NONE', #1760, #4638, #4092 ) ;
#2300 = LINE ( 'NONE', #3486, #2645 ) ;
#2301 = VERTEX_POINT ( 'NONE', #4189 ) ;
#2302 = SURFACE_STYLE_FILL_AREA ( #5902 ) ;
#2303 = MECHANICAL_DESIGN_GEOMETRIC_PRESENTATION_REPRESENTATION (  '', ( #5879 ), #687 ) ;
#2304 =( LENGTH_UNIT ( ) NAMED_UNIT ( * ) SI_UNIT ( .MILLI., .METRE. ) );
#2305 = PRESENTATION_LAYER_ASSIGNMENT (  '', '', ( #5639 ) ) ;
#2306 = CARTESIAN_POINT ( 'NONE',  ( 50.00000000000000000, -1.074170224274815233, -28.03611195231352582 ) ) ;
#2307 = STYLED_ITEM ( 'NONE', ( #5696 ), #1339 ) ;
#2308 = EDGE_LOOP ( 'NONE', ( #3869, #7113, #3456, #479 ) ) ;
#2309 = COLOUR_RGB ( '',0.8980392156862745390, 0.9176470588235293713, 0.9294117647058823817 ) ;
#2310 = SURFACE_SIDE_STYLE ('',( #7181 ) ) ;
#2311 = COLOUR_RGB ( '',0.8980392156862745390, 0.9176470588235293713, 0.9294117647058823817 ) ;
#2312 = DIRECTION ( 'NONE',  ( 0.000000000000000000, 0.000000000000000000, -1.000000000000000000 ) ) ;
#2313 = EDGE_CURVE ( 'NONE', #701, #5636, #2045, .T. ) ;
#2314 = SURFACE_STYLE_USAGE ( .BOTH. , #6372 ) ;
#2315 = EDGE_CURVE ( 'NONE', #918, #113, #7555, .T. ) ;
#2316 = ADVANCED_FACE ( 'NONE', ( #1821 ), #5230, .F. ) ;
#2317 =( LENGTH_UNIT ( ) NAMED_UNIT ( * ) SI_UNIT ( .MILLI., .METRE. ) );
#2318 = MECHANICAL_DESIGN_GEOMETRIC_PRESENTATION_REPRESENTATION (  '', ( #5166 ), #2561 ) ;
#2319 = EDGE_LOOP ( 'NONE', ( #4772, #6725, #6721, #1116 ) ) ;
#2320 =( GEOMETRIC_REPRESENTATION_CONTEXT ( 3 ) GLOBAL_UNCERTAINTY_ASSIGNED_CONTEXT ( ( #1114 ) ) GLOBAL_UNIT_ASSIGNED_CONTEXT ( ( #3051, #3164, #6726 ) ) REPRESENTATION_CONTEXT ( 'NONE', 'WORKASPACE' ) );
#2321 = ORIENTED_EDGE ( 'NONE', *, *, #6762, .T. ) ;
#2322 = UNCERTAINTY_MEASURE_WITH_UNIT (LENGTH_MEASURE( 1.000000000000000082E-05 ), #5218, 'distance_accuracy_value', 'NONE');
#2323 = MECHANICAL_DESIGN_GEOMETRIC_PRESENTATION_REPRESENTATION (  '', ( #5060 ), #1079 ) ;
#2324 = VERTEX_POINT ( 'NONE', #2950 ) ;
#2325 = DIRECTION ( 'NONE',  ( 0.000000000000000000, 0.000000000000000000, -1.000000000000000000 ) ) ;
#2326 = DIRECTION ( 'NONE',  ( -1.000000000000000000, 0.000000000000000000, -0.000000000000000000 ) ) ;
#2327 = PRESENTATION_LAYER_ASSIGNMENT (  '', '', ( #2442 ) ) ;
#2328 = CARTESIAN_POINT ( 'NONE',  ( -50.00000000000000000, 8.046190042989833202, -24.25058406674039091 ) ) ;
#2329 = LINE ( 'NONE', #571, #5170 ) ;
#2330 = CARTESIAN_POINT ( 'NONE',  ( -50.00000000000000000, 9.300000008939822038, -22.99997438438203901 ) ) ;
#2331 = LINE ( 'NONE', #7056, #1169 ) ;
#2332 = EDGE_LOOP ( 'NONE', ( #837, #1852, #4740, #3359 ) ) ;
#2333 = FILL_AREA_STYLE_COLOUR ( '', #5892 ) ;
#2334 = FILL_AREA_STYLE ('',( #1477 ) ) ;
#2335 =( NAMED_UNIT ( * ) SI_UNIT ( $, .STERADIAN. ) SOLID_ANGLE_UNIT ( ) );
#2336 = CARTESIAN_POINT ( 'NONE',  ( 50.00000000000000000, 1.000000006721767587, -25.09997438307373940 ) ) ;
#2337 = ORIENTED_EDGE ( 'NONE', *, *, #783, .F. ) ;
#2338 = DIRECTION ( 'NONE',  ( -1.000000000000000000, -0.000000000000000000, -0.000000000000000000 ) ) ;
#2339 = EDGE_CURVE ( 'NONE', #6679, #1970, #5894, .T. ) ;
#2340 = LINE ( 'NONE', #3455, #2025 ) ;
#2341 = ORIENTED_EDGE ( 'NONE', *, *, #3621, .T. ) ;
#2342 = SURFACE_STYLE_USAGE ( .BOTH. , #1718 ) ;
#2343 = FILL_AREA_STYLE ('',( #6359 ) ) ;
#2344 = CARTESIAN_POINT ( 'NONE',  ( 50.00000000000000000, -3.716140079806570906, -25.54619003962909929 ) ) ;
#2345 = ORIENTED_EDGE ( 'NONE', *, *, #634, .T. ) ;
#2346 = EDGE_CURVE ( 'NONE', #3860, #2834, #2532, .T. ) ;
#2347 = FILL_AREA_STYLE_COLOUR ( '', #2145 ) ;
#2348 = SURFACE_STYLE_USAGE ( .BOTH. , #409 ) ;
#2349 = FACE_OUTER_BOUND ( 'NONE', #5045, .T. ) ;
#2350 =( LENGTH_UNIT ( ) NAMED_UNIT ( * ) SI_UNIT ( .MILLI., .METRE. ) );
#2351 =( NAMED_UNIT ( * ) SI_UNIT ( $, .STERADIAN. ) SOLID_ANGLE_UNIT ( ) );
#2352 = EDGE_LOOP ( 'NONE', ( #5388, #2682, #1769, #7543 ) ) ;
#2353 = ADVANCED_FACE ( 'NONE', ( #7060 ), #22, .F. ) ;
#2354 = EDGE_CURVE ( 'NONE', #1621, #7414, #6484, .T. ) ;
#2355 = DIRECTION ( 'NONE',  ( 0.000000000000000000, 0.000000000000000000, 1.000000000000000000 ) ) ;
#2356 = EDGE_CURVE ( 'NONE', #6625, #2058, #4760, .T. ) ;
#2357 = ORIENTED_EDGE ( 'NONE', *, *, #3015, .T. ) ;
#2358 = EDGE_LOOP ( 'NONE', ( #7472, #3663, #1241, #4109 ) ) ;
#2359 = CARTESIAN_POINT ( 'NONE',  ( 50.00000000000000000, -4.015409294884536351, -25.82526309750598870 ) ) ;
#2360 = DIRECTION ( 'NONE',  ( -1.000000000000000000, -0.000000000000000000, -0.000000000000000000 ) ) ;
#2361 =( NAMED_UNIT ( * ) PLANE_ANGLE_UNIT ( ) SI_UNIT ( $, .RADIAN. ) );
#2362 = PRESENTATION_STYLE_ASSIGNMENT (( #6022 ) ) ;
#2363 = DIRECTION ( 'NONE',  ( 1.000000000000000000, 0.000000000000000000, 0.000000000000000000 ) ) ;
#2364 = VECTOR ( 'NONE', #4768, 1000.000000000000000 ) ;
#2365 =( GEOMETRIC_REPRESENTATION_CONTEXT ( 3 ) GLOBAL_UNCERTAINTY_ASSIGNED_CONTEXT ( ( #5410 ) ) GLOBAL_UNIT_ASSIGNED_CONTEXT ( ( #6383, #3337, #996 ) ) REPRESENTATION_CONTEXT ( 'NONE', 'WORKASPACE' ) );
#2366 = VERTEX_POINT ( 'NONE', #233 ) ;
#2367 = DIRECTION ( 'NONE',  ( 1.000000000000000000, 0.000000000000000000, 0.000000000000000000 ) ) ;
#2368 = ORIENTED_EDGE ( 'NONE', *, *, #2339, .T. ) ;
#2369 = FILL_AREA_STYLE_COLOUR ( '', #7504 ) ;
#2370 = CARTESIAN_POINT ( 'NONE',  ( 50.00000000000000000, -8.546190043341447051, -24.25060968765524549 ) ) ;
#2371 = CARTESIAN_POINT ( 'NONE',  ( 50.00000000000000000, 9.800000008939301566, -22.99997438438203901 ) ) ;
#2372 = SURFACE_SIDE_STYLE ('',( #6979 ) ) ;
#2373 = AXIS2_PLACEMENT_3D ( 'NONE', #3341, #3876, #2760 ) ;
#2374 = AXIS2_PLACEMENT_3D ( 'NONE', #4827, #6010, #7184 ) ;
#2375 = ORIENTED_EDGE ( 'NONE', *, *, #2223, .F. ) ;
#2376 = DIRECTION ( 'NONE',  ( 0.000000000000000000, 0.000000000000000000, -1.000000000000000000 ) ) ;
#2377 = ORIENTED_EDGE ( 'NONE', *, *, #3673, .T. ) ;
#2378 = DIRECTION ( 'NONE',  ( -0.000000000000000000, -0.000000000000000000, 1.000000000000000000 ) ) ;
#2379 = CARTESIAN_POINT ( 'NONE',  ( -50.00000000000000000, 8.546190044058311841, 24.00000000502026154 ) ) ;
#2380 = PLANE ( 'NONE',  #7608 ) ;
#2381 = DIRECTION ( 'NONE',  ( -1.000000000000000000, -0.000000000000000000, -0.000000000000000000 ) ) ;
#2382 = ORIENTED_EDGE ( 'NONE', *, *, #2313, .T. ) ;
#2383 = AXIS2_PLACEMENT_3D ( 'NONE', #2585, #5595, #904 ) ;
#2384 = PRESENTATION_STYLE_ASSIGNMENT (( #1872 ) ) ;
#2385 = CIRCLE ( 'NONE', #2766, 0.5000000000000316414 ) ;
#2386 =( GEOMETRIC_REPRESENTATION_CONTEXT ( 3 ) GLOBAL_UNCERTAINTY_ASSIGNED_CONTEXT ( ( #3594 ) ) GLOBAL_UNIT_ASSIGNED_CONTEXT ( ( #6245, #5672, #325 ) ) REPRESENTATION_CONTEXT ( 'NONE', 'WORKASPACE' ) );
#2387 = ORIENTED_EDGE ( 'NONE', *, *, #4823, .F. ) ;
#2388 = LINE ( 'NONE', #563, #5009 ) ;
#2389 = ORIENTED_EDGE ( 'NONE', *, *, #165, .T. ) ;
#2390 = CARTESIAN_POINT ( 'NONE',  ( 50.00000000000000000, 1.000000006721767587, -26.49997438468984967 ) ) ;
#2391 = SURFACE_SIDE_STYLE ('',( #5371 ) ) ;
#2392 = CARTESIAN_POINT ( 'NONE',  ( -50.00000000000000000, 1.000000006508408257, -28.09997438469024544 ) ) ;
#2393 = AXIS2_PLACEMENT_3D ( 'NONE', #1772, #4650, #1174 ) ;
#2394 = CARTESIAN_POINT ( 'NONE',  ( -50.00000000000000000, 0.9999999912927046708, 29.49999999999938893 ) ) ;
#2395 = CARTESIAN_POINT ( 'NONE',  ( 50.00000000000000000, 4.999656187200979929, -26.04616441805654148 ) ) ;
#2396 = CIRCLE ( 'NONE', #21, 2.000000000002013945 ) ;
#2397 =( REPRESENTATION_RELATIONSHIP ('NONE','NONE', #6316, #3949 ) REPRESENTATION_RELATIONSHIP_WITH_TRANSFORMATION ( #2735 )SHAPE_REPRESENTATION_RELATIONSHIP( ) );
#2398 = LINE ( 'NONE', #647, #5207 ) ;
#2399 = MECHANICAL_DESIGN_GEOMETRIC_PRESENTATION_REPRESENTATION (  '', ( #6731 ), #4012 ) ;
#2400 = AXIS2_PLACEMENT_3D ( 'NONE', #2469, #4872, #5528 ) ;
#2401 = ORIENTED_EDGE ( 'NONE', *, *, #2126, .F. ) ;
#2402 = PRESENTATION_STYLE_ASSIGNMENT (( #3701 ) ) ;
#2403 = CARTESIAN_POINT ( 'NONE',  ( -50.00000000000000000, -1.044502129475914476, -27.83829906394607434 ) ) ;
#2404 = EDGE_LOOP ( 'NONE', ( #6767, #941, #2597, #1691 ) ) ;
#2405 =( NAMED_UNIT ( * ) PLANE_ANGLE_UNIT ( ) SI_UNIT ( $, .RADIAN. ) );
#2406 = STYLED_ITEM ( 'NONE', ( #4364 ), #5805 ) ;
#2407 = ADVANCED_FACE ( 'NONE', ( #656 ), #3097, .T. ) ;
#2408 = EDGE_CURVE ( 'NONE', #6108, #4708, #4521, .T. ) ;
#2409 = EDGE_LOOP ( 'NONE', ( #6831, #3946, #4997, #6088 ) ) ;
#2410 = DIRECTION ( 'NONE',  ( -1.000000000000000000, -0.000000000000000000, -0.000000000000000000 ) ) ;
#2411 =( GEOMETRIC_REPRESENTATION_CONTEXT ( 3 ) GLOBAL_UNCERTAINTY_ASSIGNED_CONTEXT ( ( #858 ) ) GLOBAL_UNIT_ASSIGNED_CONTEXT ( ( #4385, #3247, #384 ) ) REPRESENTATION_CONTEXT ( 'NONE', 'WORKASPACE' ) );
#2412 = PRESENTATION_LAYER_ASSIGNMENT (  '', '', ( #5749 ) ) ;
#2413 = EDGE_LOOP ( 'NONE', ( #6255, #7119, #5604, #4186 ) ) ;
#2414 = LINE ( 'NONE', #6474, #6189 ) ;
#2415 = MECHANICAL_DESIGN_GEOMETRIC_PRESENTATION_REPRESENTATION (  '', ( #305 ), #7114 ) ;
#2416 = PRESENTATION_STYLE_ASSIGNMENT (( #4280 ) ) ;
#2417 = ORIENTED_EDGE ( 'NONE', *, *, #52, .T. ) ;
#2418 = FILL_AREA_STYLE ('',( #6479 ) ) ;
#2419 = DIRECTION ( 'NONE',  ( -0.000000000000000000, -0.000000000000000000, 1.000000000000000000 ) ) ;
#2420 = AXIS2_PLACEMENT_3D ( 'NONE', #3413, #3999, #5264 ) ;
#2421 = SURFACE_SIDE_STYLE ('',( #5475 ) ) ;
#2422 = AXIS2_PLACEMENT_3D ( 'NONE', #3278, #3904, #6257 ) ;
#2423 = CARTESIAN_POINT ( 'NONE',  ( -50.00000000000000000, -9.300000003928143855, 23.49999999640830950 ) ) ;
#2424 = PRODUCT_DEFINITION_SHAPE ( 'NONE', 'NONE',  #1460 ) ;
#2425 = ORIENTED_EDGE ( 'NONE', *, *, #4154, .T. ) ;
#2426 = ADVANCED_FACE ( 'NONE', ( #4959 ), #7168, .T. ) ;
#2427 = CIRCLE ( 'NONE', #197, 2.000000000496771069 ) ;
#2428 = CARTESIAN_POINT ( 'NONE',  ( 50.00000000000000000, 0.9999999912927055590, 28.60000000293902289 ) ) ;
#2429 = VERTEX_POINT ( 'NONE', #2517 ) ;
#2430 = CARTESIAN_POINT ( 'NONE',  ( -50.00000000000000000, -8.500000009561359704, -30.00000000476405049 ) ) ;
#2431 = DIRECTION ( 'NONE',  ( 0.000000000000000000, -1.000000000000000000, 0.000000000000000000 ) ) ;
#2432 = FACE_OUTER_BOUND ( 'NONE', #2448, .T. ) ;
#2433 = LINE ( 'NONE', #2392, #2154 ) ;
#2434 = DIRECTION ( 'NONE',  ( -1.000000000000000000, -0.000000000000000000, -0.000000000000000000 ) ) ;
#2435 = LINE ( 'NONE', #4801, #4681 ) ;
#2436 = DIRECTION ( 'NONE',  ( 0.000000000000000000, -1.000000000000000000, 0.000000000000000000 ) ) ;
#2437 = STYLED_ITEM ( 'NONE', ( #1078 ), #7315 ) ;
#2438 = ORIENTED_EDGE ( 'NONE', *, *, #121, .T. ) ;
#2439 = PRESENTATION_STYLE_ASSIGNMENT (( #757 ) ) ;
#2440 = DIRECTION ( 'NONE',  ( 1.000000000000000000, 0.000000000000000000, 0.000000000000000000 ) ) ;
#2441 = ORIENTED_EDGE ( 'NONE', *, *, #3090, .F. ) ;
#2442 = STYLED_ITEM ( 'NONE', ( #4091 ), #831 ) ;
#2443 =( NAMED_UNIT ( * ) SI_UNIT ( $, .STERADIAN. ) SOLID_ANGLE_UNIT ( ) );
#2444 =( LENGTH_UNIT ( ) NAMED_UNIT ( * ) SI_UNIT ( .MILLI., .METRE. ) );
#2445 = CARTESIAN_POINT ( 'NONE',  ( -50.00000000000000000, 2.200000016133308645, -29.89999999474684245 ) ) ;
#2446 = VECTOR ( 'NONE', #58, 1000.000000000000000 ) ;
#2447 = CIRCLE ( 'NONE', #3436, 2.000000000000702549 ) ;
#2448 = EDGE_LOOP ( 'NONE', ( #5188, #1032, #6599, #7462 ) ) ;
#2449 = UNCERTAINTY_MEASURE_WITH_UNIT (LENGTH_MEASURE( 1.000000000000000082E-05 ), #4027, 'distance_accuracy_value', 'NONE');
#2450 = ADVANCED_FACE ( 'NONE', ( #4227 ), #3628, .T. ) ;
#2451 = EDGE_CURVE ( 'NONE', #2787, #7171, #4538, .T. ) ;
#2452 = EDGE_CURVE ( 'NONE', #5646, #3982, #923, .T. ) ;
#2453 = ORIENTED_EDGE ( 'NONE', *, *, #733, .T. ) ;
#2454 = PRESENTATION_LAYER_ASSIGNMENT (  '', '', ( #1191 ) ) ;
#2455 =( LENGTH_UNIT ( ) NAMED_UNIT ( * ) SI_UNIT ( .MILLI., .METRE. ) );
#2456 = DIRECTION ( 'NONE',  ( 1.000000000000000000, 0.000000000000000000, 0.000000000000000000 ) ) ;
#2457 = VERTEX_POINT ( 'NONE', #6227 ) ;
#2458 =( NAMED_UNIT ( * ) SI_UNIT ( $, .STERADIAN. ) SOLID_ANGLE_UNIT ( ) );
#2459 = FACE_OUTER_BOUND ( 'NONE', #1937, .T. ) ;
#2460 = SURFACE_STYLE_USAGE ( .BOTH. , #88 ) ;
#2461 = LINE ( 'NONE', #3727, #5037 ) ;
#2462 = ORIENTED_EDGE ( 'NONE', *, *, #6465, .T. ) ;
#2463 = UNCERTAINTY_MEASURE_WITH_UNIT (LENGTH_MEASURE( 1.000000000000000082E-05 ), #2506, 'distance_accuracy_value', 'NONE');
#2464 =( NAMED_UNIT ( * ) SI_UNIT ( $, .STERADIAN. ) SOLID_ANGLE_UNIT ( ) );
#2465 = UNCERTAINTY_MEASURE_WITH_UNIT (LENGTH_MEASURE( 1.000000000000000082E-05 ), #5527, 'distance_accuracy_value', 'NONE');
#2466 = ORIENTED_EDGE ( 'NONE', *, *, #5834, .F. ) ;
#2467 = DIRECTION ( 'NONE',  ( -1.000000000000000000, 0.000000000000000000, -0.000000000000000000 ) ) ;
#2468 = PRESENTATION_STYLE_ASSIGNMENT (( #1732 ) ) ;
#2469 = CARTESIAN_POINT ( 'NONE',  ( -50.00000000000000000, -0.9999999961898385914, 27.54164377699888533 ) ) ;
#2470 = CARTESIAN_POINT ( 'NONE',  ( 50.00000000000000000, 7.250435497623028525, 26.03299288647287213 ) ) ;
#2471 = CARTESIAN_POINT ( 'NONE',  ( 50.00000000000000000, -1.044502126945330511, 26.76167532813437688 ) ) ;
#2472 = LINE ( 'NONE', #4803, #4068 ) ;
#2473 = UNCERTAINTY_MEASURE_WITH_UNIT (LENGTH_MEASURE( 1.000000000000000082E-05 ), #3081, 'distance_accuracy_value', 'NONE');
#2474 = ORIENTED_EDGE ( 'NONE', *, *, #1875, .F. ) ;
#2475 = DIRECTION ( 'NONE',  ( 0.000000000000000000, 0.000000000000000000, 1.000000000000000000 ) ) ;
#2476 = ORIENTED_EDGE ( 'NONE', *, *, #6991, .T. ) ;
#2477 = LINE ( 'NONE', #1786, #1740 ) ;
#2478 = FILL_AREA_STYLE ('',( #4882 ) ) ;
#2479 = CARTESIAN_POINT ( 'NONE',  ( 50.00000000000000000, 6.750609691002445345, -25.54616441798733817 ) ) ;
#2480 = ADVANCED_FACE ( 'NONE', ( #2638 ), #7368, .F. ) ;
#2481 = ORIENTED_EDGE ( 'NONE', *, *, #2930, .T. ) ;
#2482 = CYLINDRICAL_SURFACE ( 'NONE', #3439, 0.3000000000000329070 ) ;
#2483 = STYLED_ITEM ( 'NONE', ( #2209 ), #4824 ) ;
#2484 = ORIENTED_EDGE ( 'NONE', *, *, #3110, .F. ) ;
#2485 = SURFACE_SIDE_STYLE ('',( #3072 ) ) ;
#2486 = CIRCLE ( 'NONE', #2855, 1.250000000000056621 ) ;
#2487 = FACE_OUTER_BOUND ( 'NONE', #5807, .T. ) ;
#2488 = COLOUR_RGB ( '',0.8980392156862745390, 0.9176470588235293713, 0.9294117647058823817 ) ;
#2489 = CARTESIAN_POINT ( 'NONE',  ( -50.00000000000000000, 0.6850834411078633446, -28.30000000237553692 ) ) ;
#2490 = CARTESIAN_POINT ( 'NONE',  ( -50.00000000000000000, 4.999656187200979929, -27.74997438324669119 ) ) ;
#2491 = EDGE_CURVE ( 'NONE', #6108, #1181, #4430, .T. ) ;
#2492 = EDGE_LOOP ( 'NONE', ( #6264, #3233, #7323, #7512 ) ) ;
#2493 = MECHANICAL_DESIGN_GEOMETRIC_PRESENTATION_REPRESENTATION (  '', ( #396 ), #1007 ) ;
#2494 = LINE ( 'NONE', #818, #411 ) ;
#2495 = DIRECTION ( 'NONE',  ( 0.000000000000000000, 0.000000000000000000, -1.000000000000000000 ) ) ;
#2496 = FILL_AREA_STYLE ('',( #3542 ) ) ;
#2497 = ADVANCED_FACE ( 'NONE', ( #3338 ), #6781, .F. ) ;
#2498 = ADVANCED_FACE ( 'NONE', ( #4691 ), #4103, .T. ) ;
#2499 = ORIENTED_EDGE ( 'NONE', *, *, #155, .T. ) ;
#2500 = PRESENTATION_STYLE_ASSIGNMENT (( #1963 ) ) ;
#2501 = ORIENTED_EDGE ( 'NONE', *, *, #1855, .F. ) ;
#2502 = MECHANICAL_DESIGN_GEOMETRIC_PRESENTATION_REPRESENTATION (  '', ( #6053 ), #3585 ) ;
#2503 = FILL_AREA_STYLE ('',( #133 ) ) ;
#2504 = VECTOR ( 'NONE', #827, 1000.000000000000000 ) ;
#2505 = DIRECTION ( 'NONE',  ( -1.000000000000000000, -0.000000000000000000, -0.000000000000000000 ) ) ;
#2506 =( LENGTH_UNIT ( ) NAMED_UNIT ( * ) SI_UNIT ( .MILLI., .METRE. ) );
#2507 = DIRECTION ( 'NONE',  ( 0.000000000000000000, 0.000000000000000000, 1.000000000000000000 ) ) ;
#2508 = VECTOR ( 'NONE', #2769, 1000.000000000000114 ) ;
#2509 = DIRECTION ( 'NONE',  ( 0.000000000000000000, 1.000000000000000000, 0.000000000000000000 ) ) ;
#2510 = EDGE_LOOP ( 'NONE', ( #5081, #6674, #6153, #7538 ) ) ;
#2511 = CARTESIAN_POINT ( 'NONE',  ( -50.00000000000000000, 0.9999999912927055590, 28.60000000293902289 ) ) ;
#2512 = CIRCLE ( 'NONE', #5233, 2.000000000001025402 ) ;
#2513 = ORIENTED_EDGE ( 'NONE', *, *, #4770, .T. ) ;
#2514 = CARTESIAN_POINT ( 'NONE',  ( 50.00000000000000000, -1.000000009758420738, -30.00000000523828092 ) ) ;
#2515 = CYLINDRICAL_SURFACE ( 'NONE', #7441, 2.000000000001028511 ) ;
#2517 = CARTESIAN_POINT ( 'NONE',  ( -50.00000000000000000, -5.850000010672388839, -27.75000000524338617 ) ) ;
#2516 = AXIS2_PLACEMENT_3D ( 'NONE', #5774, #6348, #2111 ) ;
#2518 = COLOUR_RGB ( '',0.8980392156862745390, 0.9176470588235293713, 0.9294117647058823817 ) ;
#2519 = COLOUR_RGB ( '',0.8980392156862745390, 0.9176470588235293713, 0.9294117647058823817 ) ;
#2520 = CARTESIAN_POINT ( 'NONE',  ( -50.00000000000000000, -12.50000000940121225, 23.49999999922655647 ) ) ;
#2521 = UNCERTAINTY_MEASURE_WITH_UNIT (LENGTH_MEASURE( 1.000000000000000082E-05 ), #7308, 'distance_accuracy_value', 'NONE');
#2522 = EDGE_CURVE ( 'NONE', #2072, #3733, #1612, .T. ) ;
#2523 = AXIS2_PLACEMENT_3D ( 'NONE', #3231, #5591, #2710 ) ;
#2524 = EDGE_LOOP ( 'NONE', ( #5289, #7641, #5960, #6338 ) ) ;
#2525 = DIRECTION ( 'NONE',  ( 0.000000000000000000, 1.000000000000000000, 0.000000000000000000 ) ) ;
#2526 = CIRCLE ( 'NONE', #1033, 0.3000000000000606626 ) ;
#2527 = FILL_AREA_STYLE ('',( #7221 ) ) ;
#2528 = CARTESIAN_POINT ( 'NONE',  ( 50.00000000000000000, -4.150000009022571490, 27.74999999985019983 ) ) ;
#2529 = COLOUR_RGB ( '',0.8980392156862745390, 0.9176470588235293713, 0.9294117647058823817 ) ;
#2530 = COLOUR_RGB ( '',0.8980392156862745390, 0.9176470588235293713, 0.9294117647058823817 ) ;
#2531 = ORIENTED_EDGE ( 'NONE', *, *, #1186, .T. ) ;
#2532 = CIRCLE ( 'NONE', #3026, 0.4999999999999970024 ) ;
#2533 = CARTESIAN_POINT ( 'NONE',  ( 50.00000000000000000, -4.000000009650611865, 29.99999999971483788 ) ) ;
#2534 = SURFACE_STYLE_FILL_AREA ( #5555 ) ;
#2535 = CIRCLE ( 'NONE', #2288, 0.2999999999890624602 ) ;
#2536 = LINE ( 'NONE', #1320, #3789 ) ;
#2537 = DIRECTION ( 'NONE',  ( -1.000000000000000000, -0.000000000000000000, -0.000000000000000000 ) ) ;
#2538 = LINE ( 'NONE', #6082, #7464 ) ;
#2539 = FILL_AREA_STYLE ('',( #170 ) ) ;
#2540 = ORIENTED_EDGE ( 'NONE', *, *, #4303, .F. ) ;
#2541 = PRESENTATION_LAYER_ASSIGNMENT (  '', '', ( #3288 ) ) ;
#2542 = SURFACE_STYLE_FILL_AREA ( #254 ) ;
#2543 = EDGE_CURVE ( 'NONE', #5163, #5084, #6451, .T. ) ;
#2544 = VERTEX_POINT ( 'NONE', #7665 ) ;
#2545 = ADVANCED_FACE ( 'NONE', ( #523 ), #5330, .F. ) ;
#2546 = EDGE_CURVE ( 'NONE', #808, #3241, #2512, .T. ) ;
#2547 = FACE_OUTER_BOUND ( 'NONE', #6850, .T. ) ;
#2548 = DIRECTION ( 'NONE',  ( 1.000000000000000000, 0.000000000000000000, -0.000000000000000000 ) ) ;
#2549 = SURFACE_SIDE_STYLE ('',( #5487 ) ) ;
#2550 = DIRECTION ( 'NONE',  ( 0.000000000000000000, 0.000000000000000000, -1.000000000000000000 ) ) ;
#2551 = AXIS2_PLACEMENT_3D ( 'NONE', #5091, #6309, #7449 ) ;
#2552 =( GEOMETRIC_REPRESENTATION_CONTEXT ( 3 ) GLOBAL_UNCERTAINTY_ASSIGNED_CONTEXT ( ( #4098 ) ) GLOBAL_UNIT_ASSIGNED_CONTEXT ( ( #535, #6976, #7594 ) ) REPRESENTATION_CONTEXT ( 'NONE', 'WORKASPACE' ) );
#2553 = CIRCLE ( 'NONE', #331, 0.4999999999999831246 ) ;
#2554 = ORIENTED_EDGE ( 'NONE', *, *, #874, .F. ) ;
#2555 = PRESENTATION_LAYER_ASSIGNMENT (  '', '', ( #4665 ) ) ;
#2556 = DIRECTION ( 'NONE',  ( 1.000000000000000000, 0.000000000000000000, 0.000000000000000000 ) ) ;
#2557 = AXIS2_PLACEMENT_3D ( 'NONE', #2103, #5650, #422 ) ;
#2558 = ORIENTED_EDGE ( 'NONE', *, *, #7237, .T. ) ;
#2559 = CARTESIAN_POINT ( 'NONE',  ( 50.00000000000000000, -1.499999997720311118, -27.05835622831537179 ) ) ;
#2560 =( NAMED_UNIT ( * ) PLANE_ANGLE_UNIT ( ) SI_UNIT ( $, .RADIAN. ) );
#2561 =( GEOMETRIC_REPRESENTATION_CONTEXT ( 3 ) GLOBAL_UNCERTAINTY_ASSIGNED_CONTEXT ( ( #7257 ) ) GLOBAL_UNIT_ASSIGNED_CONTEXT ( ( #7294, #2560, #6061 ) ) REPRESENTATION_CONTEXT ( 'NONE', 'WORKASPACE' ) );
#2562 = VECTOR ( 'NONE', #7038, 1000.000000000000000 ) ;
#2563 = ORIENTED_EDGE ( 'NONE', *, *, #4438, .T. ) ;
#2564 = PLANE ( 'NONE',  #4867 ) ;
#2565 = CARTESIAN_POINT ( 'NONE',  ( 50.00000000000000000, 8.500000018423346404, -29.99999999486128388 ) ) ;
#2566 = ORIENTED_EDGE ( 'NONE', *, *, #2261, .T. ) ;
#2567 = DIRECTION ( 'NONE',  ( -1.000000000000000000, -0.000000000000000000, -0.000000000000000000 ) ) ;
#2568 = DIRECTION ( 'NONE',  ( 1.000000000000000000, 0.000000000000000000, 0.000000000000000000 ) ) ;
#2569 = CARTESIAN_POINT ( 'NONE',  ( 50.00000000000000000, 5.499656187270182350, -26.04616441805654148 ) ) ;
#2570 =( GEOMETRIC_REPRESENTATION_CONTEXT ( 3 ) GLOBAL_UNCERTAINTY_ASSIGNED_CONTEXT ( ( #6774 ) ) GLOBAL_UNIT_ASSIGNED_CONTEXT ( ( #6453, #6619, #7667 ) ) REPRESENTATION_CONTEXT ( 'NONE', 'WORKASPACE' ) );
#2571 =( LENGTH_UNIT ( ) NAMED_UNIT ( * ) SI_UNIT ( .MILLI., .METRE. ) );
#2572 = DIRECTION ( 'NONE',  ( -1.000000000000000000, -0.000000000000000000, -0.000000000000000000 ) ) ;
#2573 = ADVANCED_FACE ( 'NONE', ( #3124 ), #6616, .T. ) ;
#2574 = ORIENTED_EDGE ( 'NONE', *, *, #1931, .T. ) ;
#2575 = FILL_AREA_STYLE ('',( #208 ) ) ;
#2576 = DIRECTION ( 'NONE',  ( 0.000000000000000000, 0.000000000000000000, -1.000000000000000000 ) ) ;
#2577 = SURFACE_STYLE_FILL_AREA ( #3154 ) ;
#2578 = LINE ( 'NONE', #7229, #3719 ) ;
#2579 = LINE ( 'NONE', #366, #1632 ) ;
#2580 = STYLED_ITEM ( 'NONE', ( #663 ), #1176 ) ;
#2581 = FILL_AREA_STYLE ('',( #1960 ) ) ;
#2582 = EDGE_CURVE ( 'NONE', #5337, #5491, #288, .T. ) ;
#2583 = VERTEX_POINT ( 'NONE', #56 ) ;
#2584 = AXIS2_PLACEMENT_3D ( 'NONE', #4837, #1702, #3473 ) ;
#2585 = CARTESIAN_POINT ( 'NONE',  ( 50.00000000000000000, 0.6999999898232942552, -25.10000000536236087 ) ) ;
#2586 = EDGE_LOOP ( 'NONE', ( #1511, #2102, #3881, #3994 ) ) ;
#2587 = DIRECTION ( 'NONE',  ( 0.000000000000000000, 0.000000000000000000, -1.000000000000000000 ) ) ;
#2588 = PRESENTATION_STYLE_ASSIGNMENT (( #2770 ) ) ;
#2589 = CARTESIAN_POINT ( 'NONE',  ( 50.00000000000000000, -4.015409293238651145, 25.82526309216922655 ) ) ;
#2590 = CARTESIAN_POINT ( 'NONE',  ( -50.00000000000000000, -2.621317551728906903, 25.79999999990381809 ) ) ;
#2591 = SURFACE_STYLE_FILL_AREA ( #223 ) ;
#2592 = EDGE_CURVE ( 'NONE', #1181, #7676, #773, .T. ) ;
#2593 = EDGE_CURVE ( 'NONE', #2135, #3902, #899, .T. ) ;
#2594 = ORIENTED_EDGE ( 'NONE', *, *, #4063, .F. ) ;
#2595 = PLANE ( 'NONE',  #5660 ) ;
#2596 = SURFACE_STYLE_USAGE ( .BOTH. , #229 ) ;
#2597 = ORIENTED_EDGE ( 'NONE', *, *, #5333, .F. ) ;
#2598 = DIRECTION ( 'NONE',  ( -1.000000000000000000, -0.000000000000000000, -0.000000000000000000 ) ) ;
#2599 = SURFACE_STYLE_FILL_AREA ( #962 ) ;
#2600 = EDGE_CURVE ( 'NONE', #6218, #1730, #3168, .T. ) ;
#2601 = CARTESIAN_POINT ( 'NONE',  ( 50.00000000000000000, -3.700000009677606450, -29.90000000503104260 ) ) ;
#2602 = ORIENTED_EDGE ( 'NONE', *, *, #6846, .T. ) ;
#2603 =( NAMED_UNIT ( * ) PLANE_ANGLE_UNIT ( ) SI_UNIT ( $, .RADIAN. ) );
#2604 = LINE ( 'NONE', #6066, #6893 ) ;
#2605 = ORIENTED_EDGE ( 'NONE', *, *, #5926, .T. ) ;
#2606 =( NAMED_UNIT ( * ) SI_UNIT ( $, .STERADIAN. ) SOLID_ANGLE_UNIT ( ) );
#2607 = DIRECTION ( 'NONE',  ( 0.000000000000000000, 0.000000000000000000, 1.000000000000000000 ) ) ;
#2608 = LINE ( 'NONE', #7264, #171 ) ;
#2609 = UNCERTAINTY_MEASURE_WITH_UNIT (LENGTH_MEASURE( 1.000000000000000082E-05 ), #4204, 'distance_accuracy_value', 'NONE');
#2610 = DIRECTION ( 'NONE',  ( 0.000000000000000000, 0.000000000000000000, -1.000000000000000000 ) ) ;
#2611 = CARTESIAN_POINT ( 'NONE',  ( 50.00000000000000000, 0.6850834428982002233, 28.30000000293902929 ) ) ;
#2612 = PRODUCT_CONTEXT ( 'NONE', #1291, 'mechanical' ) ;
#2613 = ORIENTED_EDGE ( 'NONE', *, *, #2356, .F. ) ;
#2614 = FACE_OUTER_BOUND ( 'NONE', #1243, .T. ) ;
#2615 = MECHANICAL_DESIGN_GEOMETRIC_PRESENTATION_REPRESENTATION (  '', ( #4964 ), #4220 ) ;
#2616 = DIRECTION ( 'NONE',  ( 1.000000000000000000, 0.000000000000000000, 0.000000000000000000 ) ) ;
#2617 = PRESENTATION_LAYER_ASSIGNMENT (  '', '', ( #1437 ) ) ;
#2618 = LINE ( 'NONE', #5708, #2860 ) ;
#2619 = CARTESIAN_POINT ( 'NONE',  ( 50.00000000000000000, 9.300000008939822038, -23.49997438438152031 ) ) ;
#2620 = CARTESIAN_POINT ( 'NONE',  ( -50.00000000000000000, 1.000000006508408701, -29.49999999423345898 ) ) ;
#2621 = EDGE_LOOP ( 'NONE', ( #6084, #4888, #4767, #2389 ) ) ;
#2622 = VECTOR ( 'NONE', #3804, 1000.000000000000000 ) ;
#2623 =( LENGTH_UNIT ( ) NAMED_UNIT ( * ) SI_UNIT ( .MILLI., .METRE. ) );
#2624 = ORIENTED_EDGE ( 'NONE', *, *, #6805, .T. ) ;
#2625 = EDGE_CURVE ( 'NONE', #4165, #3412, #6085, .T. ) ;
#2626 = SURFACE_STYLE_USAGE ( .BOTH. , #6888 ) ;
#2627 = CARTESIAN_POINT ( 'NONE',  ( 50.00000000000000000, -0.9999999976702030891, -27.05835622831537179 ) ) ;
#2628 =( GEOMETRIC_REPRESENTATION_CONTEXT ( 3 ) GLOBAL_UNCERTAINTY_ASSIGNED_CONTEXT ( ( #1113 ) ) GLOBAL_UNIT_ASSIGNED_CONTEXT ( ( #3517, #2294, #6313 ) ) REPRESENTATION_CONTEXT ( 'NONE', 'WORKASPACE' ) );
#2629 = PLANE ( 'NONE',  #4141 ) ;
#2630 = FILL_AREA_STYLE_COLOUR ( '', #7349 ) ;
#2631 = CARTESIAN_POINT ( 'NONE',  ( 50.00000000000000000, 0.6850834428982002233, 28.30000000293902929 ) ) ;
#2632 = EDGE_LOOP ( 'NONE', ( #3625, #7448, #5075, #3703 ) ) ;
#2633 = ORIENTED_EDGE ( 'NONE', *, *, #6977, .F. ) ;
#2634 = FILL_AREA_STYLE_COLOUR ( '', #7015 ) ;
#2635 = ORIENTED_EDGE ( 'NONE', *, *, #4201, .T. ) ;
#2636 =( NAMED_UNIT ( * ) SI_UNIT ( $, .STERADIAN. ) SOLID_ANGLE_UNIT ( ) );
#2637 = DIRECTION ( 'NONE',  ( 0.000000000000000000, 0.000000000000000000, 1.000000000000000000 ) ) ;
#2638 = FACE_OUTER_BOUND ( 'NONE', #7050, .T. ) ;
#2639 = MECHANICAL_DESIGN_GEOMETRIC_PRESENTATION_REPRESENTATION (  '', ( #5959 ), #2018 ) ;
#2640 = CARTESIAN_POINT ( 'NONE',  ( 50.00000000000000000, 8.046190042989833202, -24.25058406674039091 ) ) ;
#2641 = CARTESIAN_POINT ( 'NONE',  ( 50.00000000000000000, -1.300000009744673113, -29.90000000523240686 ) ) ;
#2642 = CARTESIAN_POINT ( 'NONE',  ( -50.00000000000000000, -1.074170224274815233, -28.03611195231352582 ) ) ;
#2643 = COLOUR_RGB ( '',0.8980392156862745390, 0.9176470588235293713, 0.9294117647058823817 ) ;
#2644 = ORIENTED_EDGE ( 'NONE', *, *, #2451, .F. ) ;
#2645 = VECTOR ( 'NONE', #6984, 1000.000000000000000 ) ;
#2646 = SURFACE_STYLE_FILL_AREA ( #6110 ) ;
#2647 = ORIENTED_EDGE ( 'NONE', *, *, #1069, .F. ) ;
#2648 = DIRECTION ( 'NONE',  ( -1.000000000000000000, -0.000000000000000000, -0.000000000000000000 ) ) ;
#2649 = EDGE_CURVE ( 'NONE', #4634, #3860, #3384, .T. ) ;
#2650 = FACE_OUTER_BOUND ( 'NONE', #4282, .T. ) ;
#2651 = EDGE_CURVE ( 'NONE', #3650, #2161, #2433, .T. ) ;
#2652 = CARTESIAN_POINT ( 'NONE',  ( 50.00000000000000000, -3.700000009660175060, 29.89999999973681000 ) ) ;
#2653 = AXIS2_PLACEMENT_3D ( 'NONE', #178, #3615, #4213 ) ;
#2654 = CARTESIAN_POINT ( 'NONE',  ( -50.00000000000000000, -7.200000009632289810, 29.89999999950657994 ) ) ;
#2655 = CIRCLE ( 'NONE', #1029, 0.4999999999784759952 ) ;
#2656 = FILL_AREA_STYLE_COLOUR ( '', #1318 ) ;
#2657 = VECTOR ( 'NONE', #2158, 1000.000000000000000 ) ;
#2658 =( LENGTH_UNIT ( ) NAMED_UNIT ( * ) SI_UNIT ( .MILLI., .METRE. ) );
#2659 =( NAMED_UNIT ( * ) SI_UNIT ( $, .STERADIAN. ) SOLID_ANGLE_UNIT ( ) );
#2660 = UNCERTAINTY_MEASURE_WITH_UNIT (LENGTH_MEASURE( 1.000000000000000082E-05 ), #1582, 'distance_accuracy_value', 'NONE');
#2661 = CARTESIAN_POINT ( 'NONE',  ( 50.00000000000000000, 6.750609692811459617, 25.54619003936655730 ) ) ;
#2662 = COLOUR_RGB ( '',0.8980392156862745390, 0.9176470588235293713, 0.9294117647058823817 ) ;
#2663 = FACE_OUTER_BOUND ( 'NONE', #7545, .T. ) ;
#2664 = CARTESIAN_POINT ( 'NONE',  ( -50.00000000000000000, -12.50000000940121225, 25.99999999947474905 ) ) ;
#2665 = UNCERTAINTY_MEASURE_WITH_UNIT (LENGTH_MEASURE( 1.000000000000000082E-05 ), #2848, 'distance_accuracy_value', 'NONE');
#2666 = COLOUR_RGB ( '',0.8980392156862745390, 0.9176470588235293713, 0.9294117647058823817 ) ;
#2667 = VERTEX_POINT ( 'NONE', #6021 ) ;
#2668 = AXIS2_PLACEMENT_3D ( 'NONE', #2098, #4914, #181 ) ;
#2669 = CARTESIAN_POINT ( 'NONE',  ( 50.00000000000000000, 2.999656187376809502, -24.79997438303944790 ) ) ;
#2670 = ORIENTED_EDGE ( 'NONE', *, *, #6846, .F. ) ;
#2671 = DIRECTION ( 'NONE',  ( 1.000000000000000000, 0.000000000000000000, 0.000000000000000000 ) ) ;
#2672 = DIRECTION ( 'NONE',  ( 0.000000000000000000, -1.000000000000000000, 0.000000000000000000 ) ) ;
#2673 = CARTESIAN_POINT ( 'NONE',  ( 50.00000000000000000, -9.300000003928143855, 23.49999999640830950 ) ) ;
#2674 = LINE ( 'NONE', #5643, #3274 ) ;
#2675 = STYLED_ITEM ( 'NONE', ( #1278 ), #5796 ) ;
#2676 = COLOUR_RGB ( '',0.8980392156862745390, 0.9176470588235293713, 0.9294117647058823817 ) ;
#2677 = ORIENTED_EDGE ( 'NONE', *, *, #976, .F. ) ;
#2678 = EDGE_CURVE ( 'NONE', #6924, #3829, #2655, .T. ) ;
#2679 = STYLED_ITEM ( 'NONE', ( #1321 ), #4061 ) ;
#2680 = ORIENTED_EDGE ( 'NONE', *, *, #6367, .F. ) ;
#2681 = SURFACE_STYLE_FILL_AREA ( #5044 ) ;
#2682 = ORIENTED_EDGE ( 'NONE', *, *, #5612, .F. ) ;
#2683 = DIRECTION ( 'NONE',  ( 0.000000000000000000, 1.000000000000000000, 0.000000000000000000 ) ) ;
#2684 = DIRECTION ( 'NONE',  ( -1.000000000000000000, 0.000000000000000000, -0.000000000000000000 ) ) ;
#2685 = AXIS2_PLACEMENT_3D ( 'NONE', #4147, #2367, #6505 ) ;
#2686 = CARTESIAN_POINT ( 'NONE',  ( -50.00000000000000000, 0.9999999898123584918, -26.00000000237517739 ) ) ;
#2687 = PRESENTATION_STYLE_ASSIGNMENT (( #269 ) ) ;
#2688 = VECTOR ( 'NONE', #5357, 1000.000000000000000 ) ;
#2689 = LINE ( 'NONE', #2601, #5419 ) ;
#2690 = EDGE_CURVE ( 'NONE', #2194, #4644, #6578, .T. ) ;
#2691 = CIRCLE ( 'NONE', #2077, 2.000000000000702549 ) ;
#2692 = ORIENTED_EDGE ( 'NONE', *, *, #6804, .F. ) ;
#2693 = VECTOR ( 'NONE', #2572, 1000.000000000000000 ) ;
#2694 =( NAMED_UNIT ( * ) PLANE_ANGLE_UNIT ( ) SI_UNIT ( $, .RADIAN. ) );
#2695 = ORIENTED_EDGE ( 'NONE', *, *, #5387, .T. ) ;
#2696 = CARTESIAN_POINT ( 'NONE',  ( 50.00000000000000000, 0.7000000064127678279, -28.09997438469024544 ) ) ;
#2697 = LINE ( 'NONE', #5665, #6327 ) ;
#2698 = LINE ( 'NONE', #854, #943 ) ;
#2699 =( GEOMETRIC_REPRESENTATION_CONTEXT ( 3 ) GLOBAL_UNCERTAINTY_ASSIGNED_CONTEXT ( ( #1900 ) ) GLOBAL_UNIT_ASSIGNED_CONTEXT ( ( #1238, #6337, #2998 ) ) REPRESENTATION_CONTEXT ( 'NONE', 'WORKASPACE' ) );
#2700 = VECTOR ( 'NONE', #4038, 1000.000000000000000 ) ;
#2701 = ADVANCED_FACE ( 'NONE', ( #725 ), #1367, .F. ) ;
#2702 = ORIENTED_EDGE ( 'NONE', *, *, #1050, .F. ) ;
#2703 = EDGE_CURVE ( 'NONE', #6507, #1222, #4128, .T. ) ;
#2704 = EDGE_CURVE ( 'NONE', #3273, #4664, #3906, .T. ) ;
#2705 = DIRECTION ( 'NONE',  ( 0.000000000000000000, 0.000000000000000000, -1.000000000000000000 ) ) ;
#2706 =( LENGTH_UNIT ( ) NAMED_UNIT ( * ) SI_UNIT ( .MILLI., .METRE. ) );
#2707 = DIRECTION ( 'NONE',  ( 0.000000000000000000, 0.000000000000000000, -1.000000000000000000 ) ) ;
#2708 = MECHANICAL_DESIGN_GEOMETRIC_PRESENTATION_REPRESENTATION (  '', ( #5408 ), #5904 ) ;
#2709 = DIRECTION ( 'NONE',  ( 0.000000000000000000, 0.9889363528994380426, 0.1483404527226416802 ) ) ;
#2710 = DIRECTION ( 'NONE',  ( 0.000000000000000000, 0.000000000000000000, -1.000000000000000000 ) ) ;
#2711 = EDGE_LOOP ( 'NONE', ( #5510, #6487, #7165, #6074 ) ) ;
#2712 = PLANE ( 'NONE',  #7334 ) ;
#2713 = VERTEX_POINT ( 'NONE', #6843 ) ;
#2714 = CARTESIAN_POINT ( 'NONE',  ( 50.00000000000000000, -6.283859941527155435, -25.54619003961675006 ) ) ;
#2715 = CARTESIAN_POINT ( 'NONE',  ( -50.00000000000000000, 0.9999999898123559383, -25.10000000536236087 ) ) ;
#2716 = LINE ( 'NONE', #2129, #46 ) ;
#2717 = VECTOR ( 'NONE', #7490, 1000.000000000000000 ) ;
#2718 = ORIENTED_EDGE ( 'NONE', *, *, #2593, .T. ) ;
#2719 = MECHANICAL_DESIGN_GEOMETRIC_PRESENTATION_REPRESENTATION (  '', ( #3850 ), #721 ) ;
#2720 = ORIENTED_EDGE ( 'NONE', *, *, #5073, .T. ) ;
#2721 =( NAMED_UNIT ( * ) SI_UNIT ( $, .STERADIAN. ) SOLID_ANGLE_UNIT ( ) );
#2722 = EDGE_LOOP ( 'NONE', ( #2207, #3402, #717, #7439 ) ) ;
#2723 = CARTESIAN_POINT ( 'NONE',  ( 50.00000000000000000, 8.500000009651870414, 27.25000000423863256 ) ) ;
#2724 = CARTESIAN_POINT ( 'NONE',  ( 50.00000000000000000, 12.50000001842155228, -23.49999999595059208 ) ) ;
#2725 = DIRECTION ( 'NONE',  ( 0.000000000000000000, 0.000000000000000000, 1.000000000000000000 ) ) ;
#2726 = LINE ( 'NONE', #7527, #5822 ) ;
#2727 = VERTEX_POINT ( 'NONE', #6258 ) ;
#2728 = PLANE ( 'NONE',  #2551 ) ;
#2729 = LINE ( 'NONE', #1386, #4907 ) ;
#2730 = ORIENTED_EDGE ( 'NONE', *, *, #2690, .T. ) ;
#2731 = EDGE_CURVE ( 'NONE', #2110, #2324, #339, .T. ) ;
#2732 = CARTESIAN_POINT ( 'NONE',  ( 50.00000000000000000, 0.6999999914619297048, 24.79999999997980353 ) ) ;
#2733 =( NAMED_UNIT ( * ) PLANE_ANGLE_UNIT ( ) SI_UNIT ( $, .RADIAN. ) );
#2734 = EDGE_CURVE ( 'NONE', #1587, #5791, #5682, .T. ) ;
#2735 = ITEM_DEFINED_TRANSFORMATION ( 'NONE', 'NONE', #3535,  #6651 ) ;
#2736 = LINE ( 'NONE', #1482, #3250 ) ;
#2737 = UNCERTAINTY_MEASURE_WITH_UNIT (LENGTH_MEASURE( 1.000000000000000082E-05 ), #372, 'distance_accuracy_value', 'NONE');
#2738 = CARTESIAN_POINT ( 'NONE',  ( -50.00000000000000000, 0.6999999898123481223, -26.00000000237517739 ) ) ;
#2739 = DIRECTION ( 'NONE',  ( 0.000000000000000000, 0.1483404527226416802, -0.9889363528994380426 ) ) ;
#2740 = ORIENTED_EDGE ( 'NONE', *, *, #3060, .T. ) ;
#2741 = COLOUR_RGB ( '',0.8980392156862745390, 0.9176470588235293713, 0.9294117647058823817 ) ;
#2742 = SURFACE_STYLE_FILL_AREA ( #7463 ) ;
#2743 = FILL_AREA_STYLE_COLOUR ( '', #7026 ) ;
#2744 = VERTEX_POINT ( 'NONE', #2589 ) ;
#2745 = CARTESIAN_POINT ( 'NONE',  ( 50.00000000000000000, -0.5000000100692115756, -30.00000000523827737 ) ) ;
#2746 =( NAMED_UNIT ( * ) SI_UNIT ( $, .STERADIAN. ) SOLID_ANGLE_UNIT ( ) );
#2747 = PRESENTATION_LAYER_ASSIGNMENT (  '', '', ( #6052 ) ) ;
#2748 = EDGE_CURVE ( 'NONE', #4211, #4817, #4421, .T. ) ;
#2749 = ADVANCED_FACE ( 'NONE', ( #6769 ), #6174, .F. ) ;
#2750 = SURFACE_SIDE_STYLE ('',( #515 ) ) ;
#2751 = PRESENTATION_LAYER_ASSIGNMENT (  '', '', ( #6053 ) ) ;
#2752 = STYLED_ITEM ( 'NONE', ( #4198 ), #4353 ) ;
#2753 = ORIENTED_EDGE ( 'NONE', *, *, #7047, .T. ) ;
#2754 = ORIENTED_EDGE ( 'NONE', *, *, #1979, .T. ) ;
#2755 =( LENGTH_UNIT ( ) NAMED_UNIT ( * ) SI_UNIT ( .MILLI., .METRE. ) );
#2756 = ORIENTED_EDGE ( 'NONE', *, *, #783, .T. ) ;
#2757 = LINE ( 'NONE', #882, #5317 ) ;
#2758 = FILL_AREA_STYLE_COLOUR ( '', #7255 ) ;
#2759 = DIRECTION ( 'NONE',  ( 0.000000000000000000, 0.000000000000000000, -1.000000000000000000 ) ) ;
#2760 = DIRECTION ( 'NONE',  ( 0.000000000000000000, 0.000000000000000000, -1.000000000000000000 ) ) ;
#2761 = CARTESIAN_POINT ( 'NONE',  ( 50.00000000000000000, -2.500000009845376958, -31.50000000515770893 ) ) ;
#2762 = ORIENTED_EDGE ( 'NONE', *, *, #4996, .T. ) ;
#2763 = DIRECTION ( 'NONE',  ( -1.000000000000000000, -0.000000000000000000, -0.000000000000000000 ) ) ;
#2764 = CARTESIAN_POINT ( 'NONE',  ( -50.00000000000000000, 5.499656189025753150, 26.04619003938229582 ) ) ;
#2765 = DIRECTION ( 'NONE',  ( 0.000000000000000000, 0.000000000000000000, 1.000000000000000000 ) ) ;
#2766 = AXIS2_PLACEMENT_3D ( 'NONE', #624, #2456, #2961 ) ;
#2767 = DIRECTION ( 'NONE',  ( 0.000000000000000000, -0.000000000000000000, -1.000000000000000000 ) ) ;
#2768 = ADVANCED_FACE ( 'NONE', ( #2007 ), #7401, .F. ) ;
#2769 = DIRECTION ( 'NONE',  ( -0.000000000000000000, -0.9889363528472991938, 0.1483404530702338853 ) ) ;
#2770 = SURFACE_STYLE_USAGE ( .BOTH. , #5138 ) ;
#2771 =( GEOMETRIC_REPRESENTATION_CONTEXT ( 3 ) GLOBAL_UNCERTAINTY_ASSIGNED_CONTEXT ( ( #4852 ) ) GLOBAL_UNIT_ASSIGNED_CONTEXT ( ( #7174, #5461, #6633 ) ) REPRESENTATION_CONTEXT ( 'NONE', 'WORKASPACE' ) );
#2772 = DIRECTION ( 'NONE',  ( -1.000000000000000000, -0.000000000000000000, -0.000000000000000000 ) ) ;
#2773 = ORIENTED_EDGE ( 'NONE', *, *, #4592, .F. ) ;
#2774 = AXIS2_PLACEMENT_3D ( 'NONE', #7432, #833, #6089 ) ;
#2775 = VECTOR ( 'NONE', #7655, 1000.000000000000000 ) ;
#2776 = DIRECTION ( 'NONE',  ( 0.000000000000000000, -0.000000000000000000, 1.000000000000000000 ) ) ;
#2777 =( LENGTH_UNIT ( ) NAMED_UNIT ( * ) SI_UNIT ( .MILLI., .METRE. ) );
#2778 = CARTESIAN_POINT ( 'NONE',  ( 50.00000000000000000, 6.750609691002445345, -26.04616441798731330 ) ) ;
#2779 = CIRCLE ( 'NONE', #2523, 0.4999999999414986296 ) ;
#2780 = DIRECTION ( 'NONE',  ( 0.000000000000000000, 0.000000000000000000, -1.000000000000000000 ) ) ;
#2781 = CYLINDRICAL_SURFACE ( 'NONE', #4277, 0.9999999999125187555 ) ;
#2782 = ORIENTED_EDGE ( 'NONE', *, *, #1295, .F. ) ;
#2783 = AXIS2_PLACEMENT_3D ( 'NONE', #6449, #5329, #5294 ) ;
#2784 = MECHANICAL_DESIGN_GEOMETRIC_PRESENTATION_REPRESENTATION (  '', ( #6106 ), #1658 ) ;
#2785 = EDGE_CURVE ( 'NONE', #5874, #6788, #6972, .T. ) ;
#2786 = EDGE_CURVE ( 'NONE', #7352, #5337, #3500, .T. ) ;
#2787 = VERTEX_POINT ( 'NONE', #558 ) ;
#2788 = DIRECTION ( 'NONE',  ( 0.000000000000000000, -0.06975647374413405932, 0.9975640502598236425 ) ) ;
#2789 = ORIENTED_EDGE ( 'NONE', *, *, #5429, .F. ) ;
#2790 = DIRECTION ( 'NONE',  ( -1.000000000000000000, -0.000000000000000000, -0.000000000000000000 ) ) ;
#2791 = PRESENTATION_LAYER_ASSIGNMENT (  '', '', ( #3514 ) ) ;
#2792 = FILL_AREA_STYLE_COLOUR ( '', #7223 ) ;
#2793 = DIRECTION ( 'NONE',  ( 0.000000000000000000, -0.000000000000000000, -1.000000000000000000 ) ) ;
#2794 = FILL_AREA_STYLE ('',( #5690 ) ) ;
#2795 = CARTESIAN_POINT ( 'NONE',  ( 50.00000000000000000, 9.300000009539528989, 23.50000000469232830 ) ) ;
#2796 = CIRCLE ( 'NONE', #3776, 0.5000000000592239591 ) ;
#2797 = FILL_AREA_STYLE ('',( #1474 ) ) ;
#2798 = DIRECTION ( 'NONE',  ( 0.000000000000000000, 0.000000000000000000, -1.000000000000000000 ) ) ;
#2799 = ORIENTED_EDGE ( 'NONE', *, *, #6561, .F. ) ;
#2800 = APPLICATION_CONTEXT ( 'automotive_design' ) ;
#2801 = PRESENTATION_STYLE_ASSIGNMENT (( #316 ) ) ;
#2802 = DIRECTION ( 'NONE',  ( -0.000000000000000000, 1.000000000000000000, 1.548831914352262480E-16 ) ) ;
#2803 = PRESENTATION_LAYER_ASSIGNMENT (  '', '', ( #3527 ) ) ;
#2804 = CIRCLE ( 'NONE', #1289, 0.3000000000000294098 ) ;
#2805 = SURFACE_STYLE_FILL_AREA ( #4443 ) ;
#2806 = DIRECTION ( 'NONE',  ( -1.000000000000000000, -0.000000000000000000, -0.000000000000000000 ) ) ;
#2807 = FILL_AREA_STYLE_COLOUR ( '', #1747 ) ;
#2808 = FILL_AREA_STYLE_COLOUR ( '', #6054 ) ;
#2809 = VECTOR ( 'NONE', #3117, 1000.000000000000000 ) ;
#2810 = DIRECTION ( 'NONE',  ( -1.000000000000000000, -0.000000000000000000, -0.000000000000000000 ) ) ;
#2811 = COLOUR_RGB ( '',0.8980392156862745390, 0.9176470588235293713, 0.9294117647058823817 ) ;
#2812 =( NAMED_UNIT ( * ) PLANE_ANGLE_UNIT ( ) SI_UNIT ( $, .RADIAN. ) );
#2813 = VERTEX_POINT ( 'NONE', #5286 ) ;
#2814 = PRESENTATION_LAYER_ASSIGNMENT (  '', '', ( #706 ) ) ;
#2815 = CARTESIAN_POINT ( 'NONE',  ( 50.00000000000000000, -0.2000000100873990938, 29.89999999996923563 ) ) ;
#2816 = MECHANICAL_DESIGN_GEOMETRIC_PRESENTATION_REPRESENTATION (  '', ( #1570 ), #6014 ) ;
#2817 = EDGE_CURVE ( 'NONE', #5442, #1946, #1097, .T. ) ;
#2818 = COLOUR_RGB ( '',0.8980392156862745390, 0.9176470588235293713, 0.9294117647058823817 ) ;
#2819 = CARTESIAN_POINT ( 'NONE',  ( -50.00000000000000000, 0.9999999914620093522, 26.00000000293864488 ) ) ;
#2820 = ORIENTED_EDGE ( 'NONE', *, *, #528, .F. ) ;
#2821 =( GEOMETRIC_REPRESENTATION_CONTEXT ( 3 ) GLOBAL_UNCERTAINTY_ASSIGNED_CONTEXT ( ( #4269 ) ) GLOBAL_UNIT_ASSIGNED_CONTEXT ( ( #4006, #5704, #5742 ) ) REPRESENTATION_CONTEXT ( 'NONE', 'WORKASPACE' ) );
#2822 = ORIENTED_EDGE ( 'NONE', *, *, #370, .F. ) ;
#2823 = CARTESIAN_POINT ( 'NONE',  ( 50.00000000000000000, -0.2000000100873990938, 29.89999999996923563 ) ) ;
#2824 = ORIENTED_EDGE ( 'NONE', *, *, #3691, .F. ) ;
#2825 =( NAMED_UNIT ( * ) SI_UNIT ( $, .STERADIAN. ) SOLID_ANGLE_UNIT ( ) );
#2826 = EDGE_CURVE ( 'NONE', #6334, #5292, #2200, .T. ) ;
#2827 = DIRECTION ( 'NONE',  ( -1.000000000000000000, -0.000000000000000000, -0.000000000000000000 ) ) ;
#2828 = ADVANCED_FACE ( 'NONE', ( #3434 ), #3398, .T. ) ;
#2829 = EDGE_CURVE ( 'NONE', #4791, #5766, #6331, .T. ) ;
#2830 = COLOUR_RGB ( '',0.8980392156862745390, 0.9176470588235293713, 0.9294117647058823817 ) ;
#2831 = FACE_OUTER_BOUND ( 'NONE', #2319, .T. ) ;
#2832 = AXIS2_PLACEMENT_3D ( 'NONE', #4181, #3056, #5418 ) ;
#2833 = DIRECTION ( 'NONE',  ( -0.000000000000000000, 1.000000000000000000, -0.000000000000000000 ) ) ;
#2834 = VERTEX_POINT ( 'NONE', #3462 ) ;
#2835 = CARTESIAN_POINT ( 'NONE',  ( -50.00000000000000000, 12.50000000998743843, 23.50000000404867251 ) ) ;
#2836 = PRESENTATION_STYLE_ASSIGNMENT (( #7095 ) ) ;
#2837 = ADVANCED_FACE ( 'NONE', ( #2235 ), #4606, .F. ) ;
#2838 = UNCERTAINTY_MEASURE_WITH_UNIT (LENGTH_MEASURE( 1.000000000000000082E-05 ), #2304, 'distance_accuracy_value', 'NONE');
#2839 = FACE_OUTER_BOUND ( 'NONE', #893, .T. ) ;
#2840 = LINE ( 'NONE', #620, #4571 ) ;
#2841 = DIRECTION ( 'NONE',  ( -0.000000000000000000, 1.000000000000000000, -0.000000000000000000 ) ) ;
#2842 = FACE_OUTER_BOUND ( 'NONE', #7145, .T. ) ;
#2843 = SURFACE_SIDE_STYLE ('',( #477 ) ) ;
#2844 = SURFACE_STYLE_FILL_AREA ( #6954 ) ;
#2845 = ORIENTED_EDGE ( 'NONE', *, *, #933, .F. ) ;
#2846 =( NAMED_UNIT ( * ) SI_UNIT ( $, .STERADIAN. ) SOLID_ANGLE_UNIT ( ) );
#2847 = DIRECTION ( 'NONE',  ( 1.000000000000000000, 0.000000000000000000, 0.000000000000000000 ) ) ;
#2848 =( LENGTH_UNIT ( ) NAMED_UNIT ( * ) SI_UNIT ( .MILLI., .METRE. ) );
#2849 =( NAMED_UNIT ( * ) SI_UNIT ( $, .STERADIAN. ) SOLID_ANGLE_UNIT ( ) );
#2850 = FILL_AREA_STYLE ('',( #989 ) ) ;
#2851 = ORIENTED_EDGE ( 'NONE', *, *, #7520, .F. ) ;
#2852 = VECTOR ( 'NONE', #613, 1000.000000000000000 ) ;
#2853 = ADVANCED_FACE ( 'NONE', ( #43 ), #1277, .F. ) ;
#2854 = ORIENTED_EDGE ( 'NONE', *, *, #406, .F. ) ;
#2855 = AXIS2_PLACEMENT_3D ( 'NONE', #6903, #5732, #431 ) ;
#2856 = CARTESIAN_POINT ( 'NONE',  ( 50.00000000000000000, -2.621317551728906903, 24.79999999997981064 ) ) ;
#2857 = CIRCLE ( 'NONE', #7187, 0.4999999975364676219 ) ;
#2858 = ORIENTED_EDGE ( 'NONE', *, *, #6700, .T. ) ;
#2859 = MECHANICAL_DESIGN_GEOMETRIC_PRESENTATION_REPRESENTATION (  '', ( #3470 ), #1513 ) ;
#2860 = VECTOR ( 'NONE', #821, 1000.000000000000000 ) ;
#2861 = CARTESIAN_POINT ( 'NONE',  ( 50.00000000000000000, 1.000000009251461597, 28.10000000750401128 ) ) ;
#2862 = FILL_AREA_STYLE ('',( #7011 ) ) ;
#2863 = CARTESIAN_POINT ( 'NONE',  ( 50.00000000000000000, 0.6999999898232942552, -24.80000000537330251 ) ) ;
#2864 = COLOUR_RGB ( '',0.8980392156862745390, 0.9176470588235293713, 0.9294117647058823817 ) ;
#2865 = LINE ( 'NONE', #533, #4043 ) ;
#2866 = SURFACE_STYLE_USAGE ( .BOTH. , #495 ) ;
#2867 = VERTEX_POINT ( 'NONE', #7151 ) ;
#2868 = DIRECTION ( 'NONE',  ( 0.000000000000000000, 0.000000000000000000, -1.000000000000000000 ) ) ;
#2869 = DIRECTION ( 'NONE',  ( 0.000000000000000000, -1.000000000000000000, 0.000000000000000000 ) ) ;
#2870 = SURFACE_STYLE_USAGE ( .BOTH. , #504 ) ;
#2871 = ADVANCED_FACE ( 'NONE', ( #3646 ), #714, .T. ) ;
#2872 = EDGE_CURVE ( 'NONE', #1526, #5292, #2538, .T. ) ;
#2873 = STYLED_ITEM ( 'NONE', ( #7539 ), #6263 ) ;
#2874 = DIRECTION ( 'NONE',  ( -0.000000000000000000, 0.000000000000000000, 1.000000000000000000 ) ) ;
#2875 = EDGE_CURVE ( 'NONE', #4065, #4586, #6167, .T. ) ;
#2876 = VERTEX_POINT ( 'NONE', #2085 ) ;
#2877 =( NAMED_UNIT ( * ) SI_UNIT ( $, .STERADIAN. ) SOLID_ANGLE_UNIT ( ) );
#2878 = FILL_AREA_STYLE ('',( #5173 ) ) ;
#2879 =( LENGTH_UNIT ( ) NAMED_UNIT ( * ) SI_UNIT ( .MILLI., .METRE. ) );
#2880 = AXIS2_PLACEMENT_3D ( 'NONE', #6719, #3771, #250 ) ;
#2881 = DIRECTION ( 'NONE',  ( 0.000000000000000000, -0.06975647374404597700, -0.9975640502598297488 ) ) ;
#2882 =( GEOMETRIC_REPRESENTATION_CONTEXT ( 3 ) GLOBAL_UNCERTAINTY_ASSIGNED_CONTEXT ( ( #7173 ) ) GLOBAL_UNIT_ASSIGNED_CONTEXT ( ( #5312, #7109, #6602 ) ) REPRESENTATION_CONTEXT ( 'NONE', 'WORKASPACE' ) );
#2883 = EDGE_LOOP ( 'NONE', ( #7192, #485, #5538, #5406 ) ) ;
#2884 = SURFACE_STYLE_USAGE ( .BOTH. , #1684 ) ;
#2885 = CARTESIAN_POINT ( 'NONE',  ( -50.00000000000000000, 5.499656189025780684, 25.54619003936655730 ) ) ;
#2886 = COLOUR_RGB ( '',0.8980392156862745390, 0.9176470588235293713, 0.9294117647058823817 ) ;
#2887 = CYLINDRICAL_SURFACE ( 'NONE', #5490, 0.5000000000020022872 ) ;
#2888 = SURFACE_SIDE_STYLE ('',( #5831 ) ) ;
#2889 = AXIS2_PLACEMENT_3D ( 'NONE', #2627, #7354, #5038 ) ;
#2890 = COLOUR_RGB ( '',0.8980392156862745390, 0.9176470588235293713, 0.9294117647058823817 ) ;
#2891 = ORIENTED_EDGE ( 'NONE', *, *, #2955, .T. ) ;
#2892 = STYLED_ITEM ( 'NONE', ( #4520 ), #5911 ) ;
#2893 = ORIENTED_EDGE ( 'NONE', *, *, #5896, .F. ) ;
#2894 = STYLED_ITEM ( 'NONE', ( #5829 ), #2021 ) ;
#2895 = ORIENTED_EDGE ( 'NONE', *, *, #1445, .T. ) ;
#2896 = DIRECTION ( 'NONE',  ( -1.000000000000000000, -0.000000000000000000, -0.000000000000000000 ) ) ;
#2897 = DIRECTION ( 'NONE',  ( 0.000000000000000000, 0.000000000000000000, -1.000000000000000000 ) ) ;
#2898 = CARTESIAN_POINT ( 'NONE',  ( 50.00000000000000000, -8.546190037690342578, 23.99999999640830950 ) ) ;
#2899 = EDGE_CURVE ( 'NONE', #6788, #2727, #5676, .T. ) ;
#2900 = CARTESIAN_POINT ( 'NONE',  ( 50.00000000000000000, -8.046190043341447051, -24.25060968765524549 ) ) ;
#2901 = MECHANICAL_DESIGN_GEOMETRIC_PRESENTATION_REPRESENTATION (  '', ( #1909 ), #5629 ) ;
#2902 = CARTESIAN_POINT ( 'NONE',  ( 50.00000000000000000, 0.9999999912927046708, 29.49999999999938893 ) ) ;
#2903 = VERTEX_POINT ( 'NONE', #7460 ) ;
#2904 = COLOUR_RGB ( '',0.8980392156862745390, 0.9176470588235293713, 0.9294117647058823817 ) ;
#2905 = DIRECTION ( 'NONE',  ( -1.000000000000000000, -0.000000000000000000, -0.000000000000000000 ) ) ;
#2906 = ORIENTED_EDGE ( 'NONE', *, *, #5697, .T. ) ;
#2907 = DIRECTION ( 'NONE',  ( 0.000000000000000000, 1.000000000000000000, 0.000000000000000000 ) ) ;
#2908 = DIRECTION ( 'NONE',  ( 0.000000000000000000, -0.000000000000000000, -1.000000000000000000 ) ) ;
#2909 = CARTESIAN_POINT ( 'NONE',  ( -50.00000000000000000, -6.750609693278262213, 26.04619003422375911 ) ) ;
#2910 =( NAMED_UNIT ( * ) PLANE_ANGLE_UNIT ( ) SI_UNIT ( $, .RADIAN. ) );
#2911 = EDGE_CURVE ( 'NONE', #3314, #5992, #7392, .T. ) ;
#2912 = ORIENTED_EDGE ( 'NONE', *, *, #3903, .F. ) ;
#2913 = CIRCLE ( 'NONE', #2059, 0.4999999999772304360 ) ;
#2914 = DIRECTION ( 'NONE',  ( 0.000000000000000000, 1.000000000000000000, 0.000000000000000000 ) ) ;
#2915 = UNCERTAINTY_MEASURE_WITH_UNIT (LENGTH_MEASURE( 1.000000000000000082E-05 ), #6481, 'distance_accuracy_value', 'NONE');
#2916 = MECHANICAL_DESIGN_GEOMETRIC_PRESENTATION_REPRESENTATION (  '', ( #3415 ), #7385 ) ;
#2917 = SURFACE_STYLE_FILL_AREA ( #661 ) ;
#2918 = ORIENTED_EDGE ( 'NONE', *, *, #2678, .F. ) ;
#2919 = SURFACE_STYLE_USAGE ( .BOTH. , #6401 ) ;
#2920 = COLOUR_RGB ( '',0.8980392156862745390, 0.9176470588235293713, 0.9294117647058823817 ) ;
#2921 = SURFACE_STYLE_FILL_AREA ( #2343 ) ;
#2922 = DIRECTION ( 'NONE',  ( -1.000000000000000000, -0.000000000000000000, -0.000000000000000000 ) ) ;
#2923 = EDGE_CURVE ( 'NONE', #3366, #45, #7427, .T. ) ;
#2924 = COLOUR_RGB ( '',0.8980392156862745390, 0.9176470588235293713, 0.9294117647058823817 ) ;
#2925 = FILL_AREA_STYLE_COLOUR ( '', #6400 ) ;
#2926 = ADVANCED_FACE ( 'NONE', ( #2663 ), #6249, .F. ) ;
#2927 = VECTOR ( 'NONE', #4780, 1000.000000000000000 ) ;
#2928 = EDGE_CURVE ( 'NONE', #4427, #4584, #3854, .T. ) ;
#2929 = VERTEX_POINT ( 'NONE', #7310 ) ;
#2930 = EDGE_CURVE ( 'NONE', #4075, #95, #1523, .T. ) ;
#2931 = STYLED_ITEM ( 'NONE', ( #3080 ), #7170 ) ;
#2932 = CARTESIAN_POINT ( 'NONE',  ( 50.00000000000000000, -4.800000009774883836, -29.90000000499856725 ) ) ;
#2933 = FILL_AREA_STYLE_COLOUR ( '', #6753 ) ;
#2934 = VECTOR ( 'NONE', #1001, 1000.000000000000000 ) ;
#2935 = DIRECTION ( 'NONE',  ( 0.000000000000000000, 0.000000000000000000, -1.000000000000000000 ) ) ;
#2936 = ORIENTED_EDGE ( 'NONE', *, *, #1591, .F. ) ;
#2937 = ORIENTED_EDGE ( 'NONE', *, *, #822, .F. ) ;
#2938 = UNCERTAINTY_MEASURE_WITH_UNIT (LENGTH_MEASURE( 1.000000000000000082E-05 ), #4702, 'distance_accuracy_value', 'NONE');
#2939 = AXIS2_PLACEMENT_3D ( 'NONE', #550, #6522, #5820 ) ;
#2940 = ORIENTED_EDGE ( 'NONE', *, *, #5430, .F. ) ;
#2941 = PLANE ( 'NONE',  #3356 ) ;
#2942 = SURFACE_STYLE_FILL_AREA ( #6929 ) ;
#2943 = PLANE ( 'NONE',  #7146 ) ;
#2944 = UNCERTAINTY_MEASURE_WITH_UNIT (LENGTH_MEASURE( 1.000000000000000082E-05 ), #3887, 'distance_accuracy_value', 'NONE');
#2945 = LINE ( 'NONE', #5918, #3224 ) ;
#2946 = ORIENTED_EDGE ( 'NONE', *, *, #6306, .T. ) ;
#2947 = CARTESIAN_POINT ( 'NONE',  ( 50.00000000000000000, -1.499999996239948841, 27.54164377699888533 ) ) ;
#2948 = EDGE_LOOP ( 'NONE', ( #76, #4039, #1057, #6473 ) ) ;
#2949 = DIRECTION ( 'NONE',  ( -1.000000000000000000, -0.000000000000000000, -0.000000000000000000 ) ) ;
#2950 = CARTESIAN_POINT ( 'NONE',  ( -50.00000000000000000, 8.500000009651870414, 30.00000000457420057 ) ) ;
#2951 = PRESENTATION_STYLE_ASSIGNMENT (( #6466 ) ) ;
#2952 = VERTEX_POINT ( 'NONE', #330 ) ;
#2953 = MECHANICAL_DESIGN_GEOMETRIC_PRESENTATION_REPRESENTATION (  '', ( #6159 ), #3943 ) ;
#2954 = PLANE ( 'NONE',  #4064 ) ;
#2955 = EDGE_CURVE ( 'NONE', #2301, #2834, #2579, .T. ) ;
#2956 = CARTESIAN_POINT ( 'NONE',  ( 50.00000000000000000, 1.300000008530866946, 25.10000000474851589 ) ) ;
#2957 = ORIENTED_EDGE ( 'NONE', *, *, #5194, .F. ) ;
#2958 = DIRECTION ( 'NONE',  ( 0.000000000000000000, 0.000000000000000000, 1.000000000000000000 ) ) ;
#2959 = PRESENTATION_STYLE_ASSIGNMENT (( #2342 ) ) ;
#2960 =( NAMED_UNIT ( * ) SI_UNIT ( $, .STERADIAN. ) SOLID_ANGLE_UNIT ( ) );
#2961 = DIRECTION ( 'NONE',  ( 0.000000000000000000, 0.000000000000000000, -1.000000000000000000 ) ) ;
#2962 =( NAMED_UNIT ( * ) PLANE_ANGLE_UNIT ( ) SI_UNIT ( $, .RADIAN. ) );
#2963 = ORIENTED_EDGE ( 'NONE', *, *, #2346, .T. ) ;
#2964 = SURFACE_STYLE_USAGE ( .BOTH. , #2310 ) ;
#2965 = SURFACE_STYLE_FILL_AREA ( #2418 ) ;
#2966 = EDGE_CURVE ( 'NONE', #3277, #4611, #5843, .T. ) ;
#2967 = CYLINDRICAL_SURFACE ( 'NONE', #1791, 0.5000000000692019775 ) ;
#2968 =( LENGTH_UNIT ( ) NAMED_UNIT ( * ) SI_UNIT ( .MILLI., .METRE. ) );
#2969 = ORIENTED_EDGE ( 'NONE', *, *, #4862, .T. ) ;
#2970 = DIRECTION ( 'NONE',  ( -1.000000000000000000, -0.000000000000000000, -0.000000000000000000 ) ) ;
#2971 = VERTEX_POINT ( 'NONE', #1358 ) ;
#2972 = EDGE_CURVE ( 'NONE', #5299, #5546, #1998, .T. ) ;
#2973 = EDGE_CURVE ( 'NONE', #83, #6937, #1377, .T. ) ;
#2974 = LINE ( 'NONE', #1848, #24 ) ;
#2975 = SURFACE_STYLE_USAGE ( .BOTH. , #2391 ) ;
#2976 = SURFACE_SIDE_STYLE ('',( #3697 ) ) ;
#2977 = CIRCLE ( 'NONE', #3710, 0.3000000000001716849 ) ;
#2978 = DIRECTION ( 'NONE',  ( 0.000000000000000000, 0.000000000000000000, -1.000000000000000000 ) ) ;
#2979 = VECTOR ( 'NONE', #2598, 1000.000000000000000 ) ;
#2980 = VERTEX_POINT ( 'NONE', #2619 ) ;
#2981 = DIRECTION ( 'NONE',  ( 0.000000000000000000, 0.000000000000000000, 1.000000000000000000 ) ) ;
#2982 = ORIENTED_EDGE ( 'NONE', *, *, #719, .F. ) ;
#2983 = DIRECTION ( 'NONE',  ( -1.000000000000000000, 0.000000000000000000, -0.000000000000000000 ) ) ;
#2984 = DIRECTION ( 'NONE',  ( 0.000000000000000000, 0.1483404526625051734, -0.9889363529084584936 ) ) ;
#2985 = DIRECTION ( 'NONE',  ( -1.000000000000000000, -0.000000000000000000, -0.000000000000000000 ) ) ;
#2986 = EDGE_LOOP ( 'NONE', ( #6299, #4090, #1364, #16 ) ) ;
#2987 = FACE_OUTER_BOUND ( 'NONE', #1043, .T. ) ;
#2988 = UNCERTAINTY_MEASURE_WITH_UNIT (LENGTH_MEASURE( 1.000000000000000082E-05 ), #5619, 'distance_accuracy_value', 'NONE');
#2989 = ORIENTED_EDGE ( 'NONE', *, *, #3673, .F. ) ;
#2990 = FILL_AREA_STYLE_COLOUR ( '', #7189 ) ;
#2991 = SURFACE_STYLE_FILL_AREA ( #6594 ) ;
#2992 = CARTESIAN_POINT ( 'NONE',  ( 50.00000000000000000, 0.6850834414178444964, -26.30000000237517455 ) ) ;
#2993 = CARTESIAN_POINT ( 'NONE',  ( 50.00000000000000000, 1.000000008530837592, 26.50000000750361551 ) ) ;
#2994 = EDGE_CURVE ( 'NONE', #236, #4611, #5590, .T. ) ;
#2995 = EDGE_LOOP ( 'NONE', ( #7514, #310, #5056, #658 ) ) ;
#2996 = SURFACE_STYLE_USAGE ( .BOTH. , #628 ) ;
#2997 = SURFACE_STYLE_FILL_AREA ( #3496 ) ;
#2998 =( NAMED_UNIT ( * ) SI_UNIT ( $, .STERADIAN. ) SOLID_ANGLE_UNIT ( ) );
#2999 = AXIS2_PLACEMENT_3D ( 'NONE', #4942, #2151, #860 ) ;
#3000 = ORIENTED_EDGE ( 'NONE', *, *, #5073, .F. ) ;
#3001 = STYLED_ITEM ( 'NONE', ( #5611 ), #2497 ) ;
#3002 = UNCERTAINTY_MEASURE_WITH_UNIT (LENGTH_MEASURE( 1.000000000000000082E-05 ), #3794, 'distance_accuracy_value', 'NONE');
#3003 = DIRECTION ( 'NONE',  ( 0.000000000000000000, -0.000000000000000000, 1.000000000000000000 ) ) ;
#3004 = UNCERTAINTY_MEASURE_WITH_UNIT (LENGTH_MEASURE( 1.000000000000000082E-05 ), #7281, 'distance_accuracy_value', 'NONE');
#3005 = VERTEX_POINT ( 'NONE', #5240 ) ;
#3006 = PRESENTATION_STYLE_ASSIGNMENT (( #685 ) ) ;
#3007 = MECHANICAL_DESIGN_GEOMETRIC_PRESENTATION_REPRESENTATION (  '', ( #3137 ), #5238 ) ;
#3008 = DIRECTION ( 'NONE',  ( -1.000000000000000000, -0.000000000000000000, -0.000000000000000000 ) ) ;
#3009 = MECHANICAL_DESIGN_GEOMETRIC_PRESENTATION_REPRESENTATION (  '', ( #7227 ), #3263 ) ;
#3010 = CARTESIAN_POINT ( 'NONE',  ( -50.00000000000000000, -0.5000000100738536402, 29.99999999995303668 ) ) ;
#3011 = AXIS2_PLACEMENT_3D ( 'NONE', #3956, #6904, #1509 ) ;
#3012 = EDGE_CURVE ( 'NONE', #1621, #6192, #2231, .T. ) ;
#3013 = ADVANCED_FACE ( 'NONE', ( #3936 ), #4051, .F. ) ;
#3014 =( LENGTH_UNIT ( ) NAMED_UNIT ( * ) SI_UNIT ( .MILLI., .METRE. ) );
#3015 = EDGE_CURVE ( 'NONE', #6735, #4843, #7340, .T. ) ;
#3016 = AXIS2_PLACEMENT_3D ( 'NONE', #1024, #5794, #6997 ) ;
#3017 = ORIENTED_EDGE ( 'NONE', *, *, #3112, .F. ) ;
#3018 = CARTESIAN_POINT ( 'NONE',  ( 50.00000000000000000, -3.716140078100125255, 25.84619003429666861 ) ) ;
#3019 = DIRECTION ( 'NONE',  ( 0.000000000000000000, 0.000000000000000000, -1.000000000000000000 ) ) ;
#3020 = VERTEX_POINT ( 'NONE', #1121 ) ;
#3021 = DIRECTION ( 'NONE',  ( 0.000000000000000000, 0.000000000000000000, 1.000000000000000000 ) ) ;
#3022 =( NAMED_UNIT ( * ) SI_UNIT ( $, .STERADIAN. ) SOLID_ANGLE_UNIT ( ) );
#3023 = VECTOR ( 'NONE', #720, 1000.000000000000000 ) ;
#3024 = FILL_AREA_STYLE_COLOUR ( '', #2666 ) ;
#3025 = DIRECTION ( 'NONE',  ( 0.000000000000000000, 0.000000000000000000, 1.000000000000000000 ) ) ;
#3026 = AXIS2_PLACEMENT_3D ( 'NONE', #2909, #2257, #5267 ) ;
#3027 = VERTEX_POINT ( 'NONE', #2193 ) ;
#3028 = CARTESIAN_POINT ( 'NONE',  ( 50.00000000000000000, -0.9999999910240813250, 27.54164378160909621 ) ) ;
#3029 = VECTOR ( 'NONE', #6768, 1000.000000000000000 ) ;
#3030 = FILL_AREA_STYLE_COLOUR ( '', #5605 ) ;
#3031 = ORIENTED_EDGE ( 'NONE', *, *, #4448, .F. ) ;
#3032 = DIRECTION ( 'NONE',  ( -1.000000000000000000, -0.000000000000000000, -0.000000000000000000 ) ) ;
#3033 = FILL_AREA_STYLE_COLOUR ( '', #2133 ) ;
#3034 = FACE_OUTER_BOUND ( 'NONE', #6467, .T. ) ;
#3035 = PRESENTATION_LAYER_ASSIGNMENT (  '', '', ( #2055 ) ) ;
#3036 = PRESENTATION_LAYER_ASSIGNMENT (  '', '', ( #1798 ) ) ;
#3037 = SURFACE_STYLE_FILL_AREA ( #4357 ) ;
#3038 = EDGE_LOOP ( 'NONE', ( #3614, #2100, #5596, #185 ) ) ;
#3039 = AXIS2_PLACEMENT_3D ( 'NONE', #6060, #4813, #615 ) ;
#3040 =( LENGTH_UNIT ( ) NAMED_UNIT ( * ) SI_UNIT ( .MILLI., .METRE. ) );
#3041 = CARTESIAN_POINT ( 'NONE',  ( 50.00000000000000000, 4.999656189010014629, 26.04619003938229582 ) ) ;
#3042 = FACE_OUTER_BOUND ( 'NONE', #2711, .T. ) ;
#3043 =( NAMED_UNIT ( * ) SI_UNIT ( $, .STERADIAN. ) SOLID_ANGLE_UNIT ( ) );
#3044 = PRESENTATION_LAYER_ASSIGNMENT (  '', '', ( #6376 ) ) ;
#3045 = ORIENTED_EDGE ( 'NONE', *, *, #3976, .F. ) ;
#3046 = AXIS2_PLACEMENT_3D ( 'NONE', #7017, #1703, #7551 ) ;
#3047 = VECTOR ( 'NONE', #6751, 1000.000000000000000 ) ;
#3048 = PRESENTATION_STYLE_ASSIGNMENT (( #7117 ) ) ;
#3049 = ORIENTED_EDGE ( 'NONE', *, *, #2973, .T. ) ;
#3050 = EDGE_CURVE ( 'NONE', #3830, #2583, #6081, .T. ) ;
#3051 =( LENGTH_UNIT ( ) NAMED_UNIT ( * ) SI_UNIT ( .MILLI., .METRE. ) );
#3052 = PLANE ( 'NONE',  #7602 ) ;
#3053 = SURFACE_STYLE_USAGE ( .BOTH. , #1287 ) ;
#3054 = CARTESIAN_POINT ( 'NONE',  ( -50.00000000000000000, -12.50000000940121225, 23.49999999922655647 ) ) ;
#3055 =( GEOMETRIC_REPRESENTATION_CONTEXT ( 3 ) GLOBAL_UNCERTAINTY_ASSIGNED_CONTEXT ( ( #1670 ) ) GLOBAL_UNIT_ASSIGNED_CONTEXT ( ( #929, #2071, #7416 ) ) REPRESENTATION_CONTEXT ( 'NONE', 'WORKASPACE' ) );
#3056 = DIRECTION ( 'NONE',  ( -1.000000000000000000, -0.000000000000000000, -0.000000000000000000 ) ) ;
#3057 = PRESENTATION_LAYER_ASSIGNMENT (  '', '', ( #3659 ) ) ;
#3058 = ORIENTED_EDGE ( 'NONE', *, *, #6129, .T. ) ;
#3059 = SURFACE_STYLE_FILL_AREA ( #17 ) ;
#3060 = EDGE_CURVE ( 'NONE', #1216, #7614, #7650, .T. ) ;
#3061 = ORIENTED_EDGE ( 'NONE', *, *, #249, .F. ) ;
#3062 =( NAMED_UNIT ( * ) PLANE_ANGLE_UNIT ( ) SI_UNIT ( $, .RADIAN. ) );
#3063 =( GEOMETRIC_REPRESENTATION_CONTEXT ( 3 ) GLOBAL_UNCERTAINTY_ASSIGNED_CONTEXT ( ( #4398 ) ) GLOBAL_UNIT_ASSIGNED_CONTEXT ( ( #5970, #4637, #6996 ) ) REPRESENTATION_CONTEXT ( 'NONE', 'WORKASPACE' ) );
#3064 = DIRECTION ( 'NONE',  ( -1.000000000000000000, -0.000000000000000000, -0.000000000000000000 ) ) ;
#3065 = EDGE_CURVE ( 'NONE', #3700, #5874, #403, .T. ) ;
#3066 = FACE_OUTER_BOUND ( 'NONE', #2492, .T. ) ;
#3067 = PRESENTATION_LAYER_ASSIGNMENT (  '', '', ( #5784 ) ) ;
#3068 = ORIENTED_EDGE ( 'NONE', *, *, #3090, .T. ) ;
#3069 = UNCERTAINTY_MEASURE_WITH_UNIT (LENGTH_MEASURE( 1.000000000000000082E-05 ), #3536, 'distance_accuracy_value', 'NONE');
#3070 = PLANE ( 'NONE',  #5853 ) ;
#3071 = ORIENTED_EDGE ( 'NONE', *, *, #2010, .F. ) ;
#3072 = SURFACE_STYLE_FILL_AREA ( #239 ) ;
#3073 = MECHANICAL_DESIGN_GEOMETRIC_PRESENTATION_REPRESENTATION (  '', ( #1710 ), #2096 ) ;
#3074 = ADVANCED_FACE ( 'NONE', ( #2842 ), #3424, .F. ) ;
#3075 = LINE ( 'NONE', #708, #4122 ) ;
#3076 = ORIENTED_EDGE ( 'NONE', *, *, #5363, .T. ) ;
#3077 = VECTOR ( 'NONE', #3032, 1000.000000000000000 ) ;
#3078 = CARTESIAN_POINT ( 'NONE',  ( 50.00000000000000000, -12.50000000940121225, 25.99999999947474905 ) ) ;
#3079 = DIRECTION ( 'NONE',  ( 0.000000000000000000, 1.000000000000000000, 0.000000000000000000 ) ) ;
#3080 = PRESENTATION_STYLE_ASSIGNMENT (( #125 ) ) ;
#3081 =( LENGTH_UNIT ( ) NAMED_UNIT ( * ) SI_UNIT ( .MILLI., .METRE. ) );
#3082 = DIRECTION ( 'NONE',  ( -1.000000000000000000, -0.000000000000000000, -0.000000000000000000 ) ) ;
#3083 = CARTESIAN_POINT ( 'NONE',  ( 50.00000000000000000, -2.621317553387803923, -25.80000000528581694 ) ) ;
#3084 = ORIENTED_EDGE ( 'NONE', *, *, #5565, .T. ) ;
#3085 = ORIENTED_EDGE ( 'NONE', *, *, #1543, .T. ) ;
#3086 = FILL_AREA_STYLE_COLOUR ( '', #2518 ) ;
#3087 = FILL_AREA_STYLE_COLOUR ( '', #6603 ) ;
#3088 = FACE_OUTER_BOUND ( 'NONE', #3878, .T. ) ;
#3089 = FACE_OUTER_BOUND ( 'NONE', #7476, .T. ) ;
#3090 = EDGE_CURVE ( 'NONE', #2324, #6649, #3075, .T. ) ;
#3091 = LINE ( 'NONE', #1888, #4574 ) ;
#3092 = ORIENTED_EDGE ( 'NONE', *, *, #976, .T. ) ;
#3093 = CYLINDRICAL_SURFACE ( 'NONE', #3652, 0.3000000000607239148 ) ;
#3094 = LINE ( 'NONE', #5453, #6126 ) ;
#3095 = ORIENTED_EDGE ( 'NONE', *, *, #2593, .F. ) ;
#3096 =( NAMED_UNIT ( * ) PLANE_ANGLE_UNIT ( ) SI_UNIT ( $, .RADIAN. ) );
#3097 = CYLINDRICAL_SURFACE ( 'NONE', #3272, 0.4999999999973047116 ) ;
#3098 = DIRECTION ( 'NONE',  ( -1.000000000000000000, -0.000000000000000000, -0.000000000000000000 ) ) ;
#3099 = MECHANICAL_DESIGN_GEOMETRIC_PRESENTATION_REPRESENTATION (  '', ( #4347 ), #124 ) ;
#3100 = CARTESIAN_POINT ( 'NONE',  ( -50.00000000000000000, 12.50000001842155228, -23.49999999595059208 ) ) ;
#3101 = ORIENTED_EDGE ( 'NONE', *, *, #2600, .T. ) ;
#3102 = LINE ( 'NONE', #5463, #5547 ) ;
#3103 = CARTESIAN_POINT ( 'NONE',  ( 50.00000000000000000, 0.6999999914618377783, 25.09999999997997122 ) ) ;
#3104 = COLOUR_RGB ( '',0.8980392156862745390, 0.9176470588235293713, 0.9294117647058823817 ) ;
#3105 = PRODUCT ( 'SC-FT60x25-K188', 'SC-FT60x25-K188', '', ( #7380 ) ) ;
#3106 = PRESENTATION_STYLE_ASSIGNMENT (( #738 ) ) ;
#3107 = MECHANICAL_DESIGN_GEOMETRIC_PRESENTATION_REPRESENTATION (  '', ( #4841 ), #2244 ) ;
#3108 = CARTESIAN_POINT ( 'NONE',  ( 50.00000000000000000, 0.6999999912927074019, 28.30000000293902929 ) ) ;
#3109 = SURFACE_STYLE_FILL_AREA ( #7683 ) ;
#3110 = EDGE_CURVE ( 'NONE', #4366, #2233, #6640, .T. ) ;
#3111 = ORIENTED_EDGE ( 'NONE', *, *, #4448, .T. ) ;
#3112 = EDGE_CURVE ( 'NONE', #2049, #4734, #2385, .T. ) ;
#3113 = ADVANCED_FACE ( 'NONE', ( #7069 ), #1869, .T. ) ;
#3114 = MECHANICAL_DESIGN_GEOMETRIC_PRESENTATION_REPRESENTATION (  '', ( #5713 ), #2 ) ;
#3115 = DIRECTION ( 'NONE',  ( -1.000000000000000000, -0.000000000000000000, -0.000000000000000000 ) ) ;
#3116 = LINE ( 'NONE', #1356, #7209 ) ;
#3117 = DIRECTION ( 'NONE',  ( -1.000000000000000000, -0.000000000000000000, -0.000000000000000000 ) ) ;
#3118 = PLANE ( 'NONE',  #301 ) ;
#3119 = ORIENTED_EDGE ( 'NONE', *, *, #2704, .F. ) ;
#3120 =( LENGTH_UNIT ( ) NAMED_UNIT ( * ) SI_UNIT ( .MILLI., .METRE. ) );
#3121 = ORIENTED_EDGE ( 'NONE', *, *, #7285, .T. ) ;
#3122 = DIRECTION ( 'NONE',  ( -1.000000000000000000, -0.000000000000000000, -0.000000000000000000 ) ) ;
#3123 = PRESENTATION_LAYER_ASSIGNMENT (  '', '', ( #6454 ) ) ;
#3124 = FACE_OUTER_BOUND ( 'NONE', #5914, .T. ) ;
#3125 = CYLINDRICAL_SURFACE ( 'NONE', #4886, 2.000000000269785971 ) ;
#3126 = UNCERTAINTY_MEASURE_WITH_UNIT (LENGTH_MEASURE( 1.000000000000000082E-05 ), #6477, 'distance_accuracy_value', 'NONE');
#3127 = VERTEX_POINT ( 'NONE', #4161 ) ;
#3128 = CARTESIAN_POINT ( 'NONE',  ( 50.00000000000000000, -4.015409293238651145, 25.82526309216922655 ) ) ;
#3129 = CARTESIAN_POINT ( 'NONE',  ( 50.00000000000000000, -1.044502129475914476, -27.83829906394607434 ) ) ;
#3130 =( GEOMETRIC_REPRESENTATION_CONTEXT ( 3 ) GLOBAL_UNCERTAINTY_ASSIGNED_CONTEXT ( ( #2463 ) ) GLOBAL_UNIT_ASSIGNED_CONTEXT ( ( #2506, #5415, #5372 ) ) REPRESENTATION_CONTEXT ( 'NONE', 'WORKASPACE' ) );
#3131 = ORIENTED_EDGE ( 'NONE', *, *, #7520, .T. ) ;
#3132 = PRESENTATION_STYLE_ASSIGNMENT (( #6029 ) ) ;
#3133 = EDGE_CURVE ( 'NONE', #5967, #6811, #7104, .T. ) ;
#3134 = CYLINDRICAL_SURFACE ( 'NONE', #617, 0.4999999999999553690 ) ;
#3135 = SURFACE_SIDE_STYLE ('',( #3706 ) ) ;
#3136 = CARTESIAN_POINT ( 'NONE',  ( 50.00000000000000000, -8.500000009561359704, -26.00000000491900565 ) ) ;
#3137 = STYLED_ITEM ( 'NONE', ( #1530 ), #1957 ) ;
#3138 = CARTESIAN_POINT ( 'NONE',  ( 50.00000000000000000, -7.200000009632289810, 29.89999999950657994 ) ) ;
#3139 = UNCERTAINTY_MEASURE_WITH_UNIT (LENGTH_MEASURE( 1.000000000000000082E-05 ), #6901, 'distance_accuracy_value', 'NONE');
#3140 = VECTOR ( 'NONE', #2970, 1000.000000000000000 ) ;
#3141 = CARTESIAN_POINT ( 'NONE',  ( 50.00000000000000000, 2.200000009263676670, 29.90000000457650486 ) ) ;
#3142 = ORIENTED_EDGE ( 'NONE', *, *, #225, .F. ) ;
#3143 = FILL_AREA_STYLE_COLOUR ( '', #5795 ) ;
#3144 = EDGE_CURVE ( 'NONE', #1721, #930, #4236, .T. ) ;
#3145 = CARTESIAN_POINT ( 'NONE',  ( 50.00000000000000000, 3.299656189186019883, 27.75000000483201745 ) ) ;
#3146 = LINE ( 'NONE', #3108, #5991 ) ;
#3147 = DIRECTION ( 'NONE',  ( -0.000000000000000000, -0.000000000000000000, 1.000000000000000000 ) ) ;
#3148 = STYLED_ITEM ( 'NONE', ( #3874 ), #5409 ) ;
#3149 = COLOUR_RGB ( '',0.8980392156862745390, 0.9176470588235293713, 0.9294117647058823817 ) ;
#3150 = EDGE_LOOP ( 'NONE', ( #6517, #983, #1083, #4095 ) ) ;
#3151 = STYLED_ITEM ( 'NONE', ( #5383 ), #2426 ) ;
#3152 =( LENGTH_UNIT ( ) NAMED_UNIT ( * ) SI_UNIT ( .MILLI., .METRE. ) );
#3153 = LINE ( 'NONE', #7307, #5839 ) ;
#3154 = FILL_AREA_STYLE ('',( #164 ) ) ;
#3155 = CARTESIAN_POINT ( 'NONE',  ( 50.00000000000000000, -11.60000000952259569, 23.49999999922655647 ) ) ;
#3156 = EDGE_CURVE ( 'NONE', #927, #3733, #5350, .T. ) ;
#3157 = EDGE_CURVE ( 'NONE', #120, #4879, #33, .T. ) ;
#3158 = ADVANCED_FACE ( 'NONE', ( #4737 ), #1316, .F. ) ;
#3159 = DIRECTION ( 'NONE',  ( 1.000000000000000000, 0.000000000000000000, 0.000000000000000000 ) ) ;
#3160 = ORIENTED_EDGE ( 'NONE', *, *, #4202, .F. ) ;
#3161 = MECHANICAL_DESIGN_GEOMETRIC_PRESENTATION_REPRESENTATION (  '', ( #4887 ), #926 ) ;
#3162 = CYLINDRICAL_SURFACE ( 'NONE', #6332, 4.000000000335568018 ) ;
#3163 = ORIENTED_EDGE ( 'NONE', *, *, #4963, .T. ) ;
#3164 =( NAMED_UNIT ( * ) PLANE_ANGLE_UNIT ( ) SI_UNIT ( $, .RADIAN. ) );
#3165 = CARTESIAN_POINT ( 'NONE',  ( 50.00000000000000000, 0.6850834425882190715, 26.30000000293866691 ) ) ;
#3166 = COLOUR_RGB ( '',0.8980392156862745390, 0.9176470588235293713, 0.9294117647058823817 ) ;
#3167 = EDGE_CURVE ( 'NONE', #5992, #2744, #1438, .T. ) ;
#3168 = LINE ( 'NONE', #1885, #6217 ) ;
#3169 = FILL_AREA_STYLE_COLOUR ( '', #7640 ) ;
#3170 = CIRCLE ( 'NONE', #7502, 0.3000000000000016542 ) ;
#3171 =( GEOMETRIC_REPRESENTATION_CONTEXT ( 3 ) GLOBAL_UNCERTAINTY_ASSIGNED_CONTEXT ( ( #602 ) ) GLOBAL_UNIT_ASSIGNED_CONTEXT ( ( #5164, #6237, #931 ) ) REPRESENTATION_CONTEXT ( 'NONE', 'WORKASPACE' ) );
#3172 = COLOUR_RGB ( '',0.8980392156862745390, 0.9176470588235293713, 0.9294117647058823817 ) ;
#3173 = ORIENTED_EDGE ( 'NONE', *, *, #3711, .T. ) ;
#3174 = DIRECTION ( 'NONE',  ( -1.000000000000000000, -0.000000000000000000, -0.000000000000000000 ) ) ;
#3175 = CYLINDRICAL_SURFACE ( 'NONE', #1683, 0.4999999999999449329 ) ;
#3176 = VECTOR ( 'NONE', #3947, 1000.000000000000000 ) ;
#3177 = ORIENTED_EDGE ( 'NONE', *, *, #6077, .F. ) ;
#3178 = SURFACE_STYLE_USAGE ( .BOTH. , #2062 ) ;
#3179 = PLANE ( 'NONE',  #5702 ) ;
#3180 = STYLED_ITEM ( 'NONE', ( #6823 ), #3572 ) ;
#3181 =( LENGTH_UNIT ( ) NAMED_UNIT ( * ) SI_UNIT ( .MILLI., .METRE. ) );
#3182 = CYLINDRICAL_SURFACE ( 'NONE', #4139, 2.000000000001011191 ) ;
#3183 = AXIS2_PLACEMENT_3D ( 'NONE', #2171, #7523, #4582 ) ;
#3184 = VECTOR ( 'NONE', #5144, 1000.000000000000114 ) ;
#3185 = VERTEX_POINT ( 'NONE', #6071 ) ;
#3186 = SURFACE_SIDE_STYLE ('',( #1310 ) ) ;
#3187 = DIRECTION ( 'NONE',  ( -1.000000000000000000, -0.000000000000000000, -0.000000000000000000 ) ) ;
#3188 = ORIENTED_EDGE ( 'NONE', *, *, #719, .T. ) ;
#3189 = FACE_OUTER_BOUND ( 'NONE', #2404, .T. ) ;
#3190 = CARTESIAN_POINT ( 'NONE',  ( 50.00000000000000000, 8.500000009651870414, 30.00000000457420057 ) ) ;
#3191 = LINE ( 'NONE', #3720, #7625 ) ;
#3192 = CARTESIAN_POINT ( 'NONE',  ( 0.000000000000000000, 0.000000000000000000, 0.000000000000000000 ) ) ;
#3193 = ORIENTED_EDGE ( 'NONE', *, *, #3966, .T. ) ;
#3194 = FACE_OUTER_BOUND ( 'NONE', #2632, .T. ) ;
#3195 = CARTESIAN_POINT ( 'NONE',  ( 50.00000000000000000, 1.000000006508408479, -29.49999999423345898 ) ) ;
#3196 = UNCERTAINTY_MEASURE_WITH_UNIT (LENGTH_MEASURE( 1.000000000000000082E-05 ), #6857, 'distance_accuracy_value', 'NONE');
#3197 = CARTESIAN_POINT ( 'NONE',  ( 50.00000000000000000, 0.9999999914620093522, 25.09999999997997122 ) ) ;
#3198 =( GEOMETRIC_REPRESENTATION_CONTEXT ( 3 ) GLOBAL_UNCERTAINTY_ASSIGNED_CONTEXT ( ( #7659 ) ) GLOBAL_UNIT_ASSIGNED_CONTEXT ( ( #7263, #7301, #6669 ) ) REPRESENTATION_CONTEXT ( 'NONE', 'WORKASPACE' ) );
#3199 = CYLINDRICAL_SURFACE ( 'NONE', #5618, 0.3000000000276462075 ) ;
#3200 = ORIENTED_EDGE ( 'NONE', *, *, #6075, .F. ) ;
#3201 = CARTESIAN_POINT ( 'NONE',  ( 50.00000000000000000, -0.5000000100738536402, 29.49999999992888888 ) ) ;
#3202 = ORIENTED_EDGE ( 'NONE', *, *, #501, .T. ) ;
#3203 = FACE_OUTER_BOUND ( 'NONE', #226, .T. ) ;
#3204 = DIRECTION ( 'NONE',  ( 1.000000000000000000, 0.000000000000000000, 0.000000000000000000 ) ) ;
#3205 = DIRECTION ( 'NONE',  ( 0.000000000000000000, 1.000000000000000000, 0.000000000000000000 ) ) ;
#3206 = ORIENTED_EDGE ( 'NONE', *, *, #5854, .T. ) ;
#3207 = EDGE_CURVE ( 'NONE', #2161, #5844, #815, .T. ) ;
#3208 = EDGE_CURVE ( 'NONE', #3005, #6334, #3221, .T. ) ;
#3209 = ORIENTED_EDGE ( 'NONE', *, *, #6075, .T. ) ;
#3210 =( NAMED_UNIT ( * ) SI_UNIT ( $, .STERADIAN. ) SOLID_ANGLE_UNIT ( ) );
#3211 = CARTESIAN_POINT ( 'NONE',  ( -50.00000000000000000, 0.9999999900335166947, -31.50000000578151571 ) ) ;
#3212 = VERTEX_POINT ( 'NONE', #281 ) ;
#3213 =( NAMED_UNIT ( * ) PLANE_ANGLE_UNIT ( ) SI_UNIT ( $, .RADIAN. ) );
#3214 = PLANE ( 'NONE',  #1816 ) ;
#3215 = SURFACE_STYLE_USAGE ( .BOTH. , #307 ) ;
#3216 = VERTEX_POINT ( 'NONE', #3807 ) ;
#3217 = SURFACE_STYLE_FILL_AREA ( #1344 ) ;
#3218 = ORIENTED_EDGE ( 'NONE', *, *, #627, .T. ) ;
#3219 = CARTESIAN_POINT ( 'NONE',  ( 50.00000000000000000, -1.000000009758420738, -29.50000000530297939 ) ) ;
#3220 = DIRECTION ( 'NONE',  ( -1.000000000000000000, 0.000000000000000000, -0.000000000000000000 ) ) ;
#3221 = LINE ( 'NONE', #6117, #3785 ) ;
#3222 = STYLED_ITEM ( 'NONE', ( #5610 ), #4766 ) ;
#3223 = ORIENTED_EDGE ( 'NONE', *, *, #6447, .F. ) ;
#3224 = VECTOR ( 'NONE', #607, 1000.000000000000000 ) ;
#3225 = AXIS2_PLACEMENT_3D ( 'NONE', #6897, #231, #4428 ) ;
#3226 = MECHANICAL_DESIGN_GEOMETRIC_PRESENTATION_REPRESENTATION (  '', ( #7558 ), #5208 ) ;
#3227 = VECTOR ( 'NONE', #6717, 1000.000000000000000 ) ;
#3228 = LINE ( 'NONE', #2661, #3977 ) ;
#3229 = EDGE_CURVE ( 'NONE', #1508, #5712, #3919, .T. ) ;
#3230 = DIRECTION ( 'NONE',  ( -1.000000000000000000, -0.000000000000000000, -0.000000000000000000 ) ) ;
#3231 = CARTESIAN_POINT ( 'NONE',  ( 50.00000000000000000, -4.500000009792799460, -29.50000000505825781 ) ) ;
#3232 = ORIENTED_EDGE ( 'NONE', *, *, #4305, .T. ) ;
#3233 = ORIENTED_EDGE ( 'NONE', *, *, #2994, .T. ) ;
#3234 = LINE ( 'NONE', #3165, #1897 ) ;
#3235 = AXIS2_PLACEMENT_3D ( 'NONE', #1744, #6939, #1004 ) ;
#3236 = FILL_AREA_STYLE ('',( #297 ) ) ;
#3237 = DIRECTION ( 'NONE',  ( -1.000000000000000000, -0.000000000000000000, -0.000000000000000000 ) ) ;
#3238 = CARTESIAN_POINT ( 'NONE',  ( 50.00000000000000000, -8.500000009396554645, 25.99999999947474905 ) ) ;
#3239 = ORIENTED_EDGE ( 'NONE', *, *, #964, .T. ) ;
#3240 = MECHANICAL_DESIGN_GEOMETRIC_PRESENTATION_REPRESENTATION (  '', ( #2873 ), #5341 ) ;
#3241 = VERTEX_POINT ( 'NONE', #2654 ) ;
#3242 = EDGE_LOOP ( 'NONE', ( #5842, #300, #6778, #3202 ) ) ;
#3243 = CARTESIAN_POINT ( 'NONE',  ( -50.00000000000000000, 11.60000001576112716, -23.49999999595059208 ) ) ;
#3244 = CARTESIAN_POINT ( 'NONE',  ( 50.00000000000000000, 0.6999999898232942552, -24.80000000537330251 ) ) ;
#3245 = SURFACE_SIDE_STYLE ('',( #1469 ) ) ;
#3246 = EDGE_CURVE ( 'NONE', #5620, #6955, #3262, .T. ) ;
#3247 =( NAMED_UNIT ( * ) PLANE_ANGLE_UNIT ( ) SI_UNIT ( $, .RADIAN. ) );
#3248 = LINE ( 'NONE', #5656, #4558 ) ;
#3249 = EDGE_CURVE ( 'NONE', #4075, #6161, #3191, .T. ) ;
#3250 = VECTOR ( 'NONE', #6356, 1000.000000000000000 ) ;
#3251 = EDGE_CURVE ( 'NONE', #378, #3212, #5627, .T. ) ;
#3252 = MECHANICAL_DESIGN_GEOMETRIC_PRESENTATION_REPRESENTATION (  '', ( #1021 ), #4993 ) ;
#3253 = ORIENTED_EDGE ( 'NONE', *, *, #2786, .T. ) ;
#3254 = PRESENTATION_STYLE_ASSIGNMENT (( #887 ) ) ;
#3255 = SURFACE_STYLE_USAGE ( .BOTH. , #1983 ) ;
#3256 = ORIENTED_EDGE ( 'NONE', *, *, #5265, .F. ) ;
#3257 = DIRECTION ( 'NONE',  ( 0.000000000000000000, 0.000000000000000000, -1.000000000000000000 ) ) ;
#3258 = CARTESIAN_POINT ( 'NONE',  ( 50.00000000000000000, -3.588571655455377041, 25.54619003423594492 ) ) ;
#3259 = PLANE ( 'NONE',  #1536 ) ;
#3260 = PLANE ( 'NONE',  #1916 ) ;
#3261 = VECTOR ( 'NONE', #6019, 1000.000000000000000 ) ;
#3262 = LINE ( 'NONE', #4356, #2693 ) ;
#3263 =( GEOMETRIC_REPRESENTATION_CONTEXT ( 3 ) GLOBAL_UNCERTAINTY_ASSIGNED_CONTEXT ( ( #680 ) ) GLOBAL_UNIT_ASSIGNED_CONTEXT ( ( #376, #1573, #2128 ) ) REPRESENTATION_CONTEXT ( 'NONE', 'WORKASPACE' ) );
#3264 = ORIENTED_EDGE ( 'NONE', *, *, #2923, .F. ) ;
#3265 = MECHANICAL_DESIGN_GEOMETRIC_PRESENTATION_REPRESENTATION (  '', ( #2406 ), #166 ) ;
#3266 = PRESENTATION_LAYER_ASSIGNMENT (  '', '', ( #2894 ) ) ;
#3267 = UNCERTAINTY_MEASURE_WITH_UNIT (LENGTH_MEASURE( 1.000000000000000082E-05 ), #3348, 'distance_accuracy_value', 'NONE');
#3268 =( NAMED_UNIT ( * ) SI_UNIT ( $, .STERADIAN. ) SOLID_ANGLE_UNIT ( ) );
#3269 =( GEOMETRIC_REPRESENTATION_CONTEXT ( 3 ) GLOBAL_UNCERTAINTY_ASSIGNED_CONTEXT ( ( #2465 ) ) GLOBAL_UNIT_ASSIGNED_CONTEXT ( ( #5527, #4911, #1966 ) ) REPRESENTATION_CONTEXT ( 'NONE', 'WORKASPACE' ) );
#3270 = FACE_OUTER_BOUND ( 'NONE', #954, .T. ) ;
#3271 = UNCERTAINTY_MEASURE_WITH_UNIT (LENGTH_MEASURE( 1.000000000000000082E-05 ), #5526, 'distance_accuracy_value', 'NONE');
#3272 = AXIS2_PLACEMENT_3D ( 'NONE', #7207, #5455, #6663 ) ;
#3273 = VERTEX_POINT ( 'NONE', #1990 ) ;
#3274 = VECTOR ( 'NONE', #5531, 1000.000000000000000 ) ;
#3275 = CIRCLE ( 'NONE', #7244, 0.4999999999973047116 ) ;
#3276 = FILL_AREA_STYLE ('',( #5638 ) ) ;
#3277 = VERTEX_POINT ( 'NONE', #5551 ) ;
#3278 = CARTESIAN_POINT ( 'NONE',  ( 50.00000000000000000, -8.546190043341447051, -24.25060968765524549 ) ) ;
#3279 = FILL_AREA_STYLE ('',( #1456 ) ) ;
#3280 = DIRECTION ( 'NONE',  ( 1.000000000000000000, 0.000000000000000000, 0.000000000000000000 ) ) ;
#3281 = DIRECTION ( 'NONE',  ( 0.000000000000000000, 0.000000000000000000, -1.000000000000000000 ) ) ;
#3282 = MECHANICAL_DESIGN_GEOMETRIC_PRESENTATION_REPRESENTATION (  '', ( #678 ), #6247 ) ;
#3283 =( GEOMETRIC_REPRESENTATION_CONTEXT ( 3 ) GLOBAL_UNCERTAINTY_ASSIGNED_CONTEXT ( ( #1400 ) ) GLOBAL_UNIT_ASSIGNED_CONTEXT ( ( #4474, #6279, #6791 ) ) REPRESENTATION_CONTEXT ( 'NONE', 'WORKASPACE' ) );
#3284 = ORIENTED_EDGE ( 'NONE', *, *, #3353, .T. ) ;
#3285 = EDGE_CURVE ( 'NONE', #4366, #153, #2427, .T. ) ;
#3286 = STYLED_ITEM ( 'NONE', ( #482 ), #3931 ) ;
#3287 = ORIENTED_EDGE ( 'NONE', *, *, #6667, .F. ) ;
#3288 = STYLED_ITEM ( 'NONE', ( #2951 ), #5303 ) ;
#3289 = CARTESIAN_POINT ( 'NONE',  ( 50.00000000000000000, 12.50000000998743843, 26.00000000423863256 ) ) ;
#3290 = ORIENTED_EDGE ( 'NONE', *, *, #2785, .F. ) ;
#3291 = CARTESIAN_POINT ( 'NONE',  ( 50.00000000000000000, 8.046190042989833202, -24.25058406674039091 ) ) ;
#3292 = SURFACE_STYLE_USAGE ( .BOTH. , #6226 ) ;
#3293 = FILL_AREA_STYLE ('',( #2792 ) ) ;
#3294 = AXIS2_PLACEMENT_3D ( 'NONE', #7515, #5152, #880 ) ;
#3295 = DIRECTION ( 'NONE',  ( -1.000000000000000000, -0.000000000000000000, -0.000000000000000000 ) ) ;
#3296 = VECTOR ( 'NONE', #4076, 1000.000000000000000 ) ;
#3297 = APPLICATION_CONTEXT ( 'automotive_design' ) ;
#3298 = COLOUR_RGB ( '',0.8980392156862745390, 0.9176470588235293713, 0.9294117647058823817 ) ;
#3299 = CARTESIAN_POINT ( 'NONE',  ( 50.00000000000000000, -12.50000000940121225, 23.49999999922655647 ) ) ;
#3300 = EDGE_CURVE ( 'NONE', #5684, #4548, #1392, .T. ) ;
#3301 = MECHANICAL_DESIGN_GEOMETRIC_PRESENTATION_REPRESENTATION (  '', ( #1059 ), #7134 ) ;
#3302 = ORIENTED_EDGE ( 'NONE', *, *, #3609, .F. ) ;
#3303 =( GEOMETRIC_REPRESENTATION_CONTEXT ( 3 ) GLOBAL_UNCERTAINTY_ASSIGNED_CONTEXT ( ( #6398 ) ) GLOBAL_UNIT_ASSIGNED_CONTEXT ( ( #4074, #3926, #4551 ) ) REPRESENTATION_CONTEXT ( 'NONE', 'WORKASPACE' ) );
#3304 =( NAMED_UNIT ( * ) SI_UNIT ( $, .STERADIAN. ) SOLID_ANGLE_UNIT ( ) );
#3305 = CARTESIAN_POINT ( 'NONE',  ( 50.00000000000000000, 9.300000008939822038, -22.99997438438203901 ) ) ;
#3306 = ORIENTED_EDGE ( 'NONE', *, *, #3354, .T. ) ;
#3307 = PLANE ( 'NONE',  #323 ) ;
#3308 = DIRECTION ( 'NONE',  ( 0.000000000000000000, 0.000000000000000000, -1.000000000000000000 ) ) ;
#3309 = SURFACE_STYLE_USAGE ( .BOTH. , #1589 ) ;
#3310 = PRESENTATION_LAYER_ASSIGNMENT (  '', '', ( #5166 ) ) ;
#3311 =( NAMED_UNIT ( * ) PLANE_ANGLE_UNIT ( ) SI_UNIT ( $, .RADIAN. ) );
#3312 = LINE ( 'NONE', #6242, #2717 ) ;
#3313 = AXIS2_PLACEMENT_3D ( 'NONE', #5523, #96, #2467 ) ;
#3314 = VERTEX_POINT ( 'NONE', #7338 ) ;
#3315 = EDGE_CURVE ( 'NONE', #3440, #7218, #6792, .T. ) ;
#3316 = DIRECTION ( 'NONE',  ( -1.000000000000000000, -0.000000000000000000, -0.000000000000000000 ) ) ;
#3317 = AXIS2_PLACEMENT_3D ( 'NONE', #3828, #7242, #4338 ) ;
#3318 = EDGE_CURVE ( 'NONE', #7414, #2072, #4323, .T. ) ;
#3319 = PRESENTATION_STYLE_ASSIGNMENT (( #5171 ) ) ;
#3320 = DIRECTION ( 'NONE',  ( 1.000000000000000000, 0.000000000000000000, 0.000000000000000000 ) ) ;
#3321 = FILL_AREA_STYLE_COLOUR ( '', #1252 ) ;
#3322 = CARTESIAN_POINT ( 'NONE',  ( 50.00000000000000000, 3.299656187376970973, -25.09997438303970441 ) ) ;
#3323 = AXIS2_PLACEMENT_3D ( 'NONE', #4237, #3597, #5964 ) ;
#3324 = ORIENTED_EDGE ( 'NONE', *, *, #3156, .F. ) ;
#3325 = COLOUR_RGB ( '',0.8980392156862745390, 0.9176470588235293713, 0.9294117647058823817 ) ;
#3326 = PRESENTATION_STYLE_ASSIGNMENT (( #1020 ) ) ;
#3327 = VERTEX_POINT ( 'NONE', #7379 ) ;
#3328 = FACE_OUTER_BOUND ( 'NONE', #1326, .T. ) ;
#3329 = CARTESIAN_POINT ( 'NONE',  ( -50.00000000000000000, -8.046190037690340802, 24.25060968318596011 ) ) ;
#3330 = CARTESIAN_POINT ( 'NONE',  ( 50.00000000000000000, -1.074170224274815455, -28.03611195231352937 ) ) ;
#3331 = CARTESIAN_POINT ( 'NONE',  ( 50.00000000000000000, 9.800000008939301566, -22.99997438438203901 ) ) ;
#3332 = CIRCLE ( 'NONE', #6026, 2.000000000001008083 ) ;
#3333 = EDGE_LOOP ( 'NONE', ( #3173, #6349, #1205, #6573 ) ) ;
#3334 = ORIENTED_EDGE ( 'NONE', *, *, #2829, .T. ) ;
#3335 = ORIENTED_EDGE ( 'NONE', *, *, #1394, .T. ) ;
#3336 = CARTESIAN_POINT ( 'NONE',  ( 50.00000000000000000, -1.074170222558585186, 28.03611195349816043 ) ) ;
#3337 =( NAMED_UNIT ( * ) PLANE_ANGLE_UNIT ( ) SI_UNIT ( $, .RADIAN. ) );
#3338 = FACE_OUTER_BOUND ( 'NONE', #3764, .T. ) ;
#3339 = FACE_OUTER_BOUND ( 'NONE', #3367, .T. ) ;
#3340 =( LENGTH_UNIT ( ) NAMED_UNIT ( * ) SI_UNIT ( .MILLI., .METRE. ) );
#3341 = CARTESIAN_POINT ( 'NONE',  ( 50.00000000000000000, -8.500000009396554645, 25.99999999947474905 ) ) ;
#3342 = EDGE_LOOP ( 'NONE', ( #3487, #4151, #6661, #6347 ) ) ;
#3343 = FACE_OUTER_BOUND ( 'NONE', #4249, .T. ) ;
#3344 = CARTESIAN_POINT ( 'NONE',  ( 50.00000000000000000, -0.9999999935369123794, -27.05833061047391652 ) ) ;
#3345 = VERTEX_POINT ( 'NONE', #6160 ) ;
#3346 = FILL_AREA_STYLE ('',( #1512 ) ) ;
#3347 =( LENGTH_UNIT ( ) NAMED_UNIT ( * ) SI_UNIT ( .MILLI., .METRE. ) );
#3348 =( LENGTH_UNIT ( ) NAMED_UNIT ( * ) SI_UNIT ( .MILLI., .METRE. ) );
#3349 = SURFACE_SIDE_STYLE ('',( #939 ) ) ;
#3350 = FACE_OUTER_BOUND ( 'NONE', #991, .T. ) ;
#3351 = FILL_AREA_STYLE_COLOUR ( '', #1763 ) ;
#3352 = CARTESIAN_POINT ( 'NONE',  ( 50.00000000000000000, 0.7000000064127678279, -28.09997438469024544 ) ) ;
#3353 = EDGE_CURVE ( 'NONE', #6668, #3, #2698, .T. ) ;
#3354 = EDGE_CURVE ( 'NONE', #4708, #2012, #2553, .T. ) ;
#3355 = EDGE_LOOP ( 'NONE', ( #3209, #3071, #2799, #5269 ) ) ;
#3356 = AXIS2_PLACEMENT_3D ( 'NONE', #7663, #2208, #7084 ) ;
#3357 = VECTOR ( 'NONE', #7546, 1000.000000000000000 ) ;
#3358 =( NAMED_UNIT ( * ) PLANE_ANGLE_UNIT ( ) SI_UNIT ( $, .RADIAN. ) );
#3359 = ORIENTED_EDGE ( 'NONE', *, *, #4592, .T. ) ;
#3360 = SURFACE_STYLE_FILL_AREA ( #1572 ) ;
#3361 = CARTESIAN_POINT ( 'NONE',  ( 50.00000000000000000, 4.999656187200979929, -27.74997438324669119 ) ) ;
#3362 = VECTOR ( 'NONE', #5159, 1000.000000000000000 ) ;
#3363 = LINE ( 'NONE', #2819, #1046 ) ;
#3364 = AXIS2_PLACEMENT_3D ( 'NONE', #6322, #6431, #7680 ) ;
#3365 = ORIENTED_EDGE ( 'NONE', *, *, #7116, .T. ) ;
#3366 = VERTEX_POINT ( 'NONE', #1951 ) ;
#3367 = EDGE_LOOP ( 'NONE', ( #7234, #2680, #6380, #5836 ) ) ;
#3368 = SURFACE_SIDE_STYLE ('',( #3989 ) ) ;
#3369 = PRESENTATION_STYLE_ASSIGNMENT (( #426 ) ) ;
#3370 = FILL_AREA_STYLE ('',( #2137 ) ) ;
#3371 = PRESENTATION_STYLE_ASSIGNMENT (( #1000 ) ) ;
#3372 = VECTOR ( 'NONE', #1485, 1000.000000000000000 ) ;
#3373 = ORIENTED_EDGE ( 'NONE', *, *, #1783, .F. ) ;
#3374 = FILL_AREA_STYLE ('',( #3882 ) ) ;
#3375 = DIRECTION ( 'NONE',  ( 0.000000000000000000, 0.000000000000000000, 1.000000000000000000 ) ) ;
#3376 = SURFACE_SIDE_STYLE ('',( #5624 ) ) ;
#3377 =( LENGTH_UNIT ( ) NAMED_UNIT ( * ) SI_UNIT ( .MILLI., .METRE. ) );
#3378 = FILL_AREA_STYLE ('',( #6395 ) ) ;
#3379 = CARTESIAN_POINT ( 'NONE',  ( 50.00000000000000000, -12.50000000940639922, -23.50000000451121807 ) ) ;
#3380 = COLOUR_RGB ( '',0.8980392156862745390, 0.9176470588235293713, 0.9294117647058823817 ) ;
#3381 = EDGE_CURVE ( 'NONE', #3693, #4414, #6673, .T. ) ;
#3382 = DIRECTION ( 'NONE',  ( 0.000000000000000000, 0.000000000000000000, 1.000000000000000000 ) ) ;
#3383 = CARTESIAN_POINT ( 'NONE',  ( -50.00000000000000000, -0.5000000100738536402, 29.49999999992888888 ) ) ;
#3384 = CIRCLE ( 'NONE', #6346, 1.249999999268169848 ) ;
#3385 = CARTESIAN_POINT ( 'NONE',  ( 50.00000000000000000, 6.750609692811459617, 25.54619003936655730 ) ) ;
#3386 =( LENGTH_UNIT ( ) NAMED_UNIT ( * ) SI_UNIT ( .MILLI., .METRE. ) );
#3387 = DIRECTION ( 'NONE',  ( 1.000000000000000000, 0.000000000000000000, 0.000000000000000000 ) ) ;
#3388 = ORIENTED_EDGE ( 'NONE', *, *, #7660, .F. ) ;
#3389 = VECTOR ( 'NONE', #157, 1000.000000000000000 ) ;
#3390 = PRESENTATION_LAYER_ASSIGNMENT (  '', '', ( #3885 ) ) ;
#3391 = EDGE_CURVE ( 'NONE', #5876, #1780, #7127, .T. ) ;
#3392 = FILL_AREA_STYLE ('',( #4484 ) ) ;
#3393 = STYLED_ITEM ( 'NONE', ( #3048 ), #6113 ) ;
#3394 = ADVANCED_FACE ( 'NONE', ( #5335 ), #1255, .T. ) ;
#3395 = EDGE_CURVE ( 'NONE', #2667, #3902, #6541, .T. ) ;
#3396 = LINE ( 'NONE', #987, #1649 ) ;
#3397 = MECHANICAL_DESIGN_GEOMETRIC_PRESENTATION_REPRESENTATION (  '', ( #3151 ), #4025 ) ;
#3398 = CYLINDRICAL_SURFACE ( 'NONE', #5239, 0.2999999999869565337 ) ;
#3399 = DIRECTION ( 'NONE',  ( 0.000000000000000000, 0.000000000000000000, 1.000000000000000000 ) ) ;
#3400 = ORIENTED_EDGE ( 'NONE', *, *, #1204, .T. ) ;
#3401 =( GEOMETRIC_REPRESENTATION_CONTEXT ( 3 ) GLOBAL_UNCERTAINTY_ASSIGNED_CONTEXT ( ( #5941 ) ) GLOBAL_UNIT_ASSIGNED_CONTEXT ( ( #7052, #1697, #6418 ) ) REPRESENTATION_CONTEXT ( 'NONE', 'WORKASPACE' ) );
#3402 = ORIENTED_EDGE ( 'NONE', *, *, #2872, .F. ) ;
#3403 = EDGE_CURVE ( 'NONE', #7661, #3440, #6504, .T. ) ;
#3404 = FILL_AREA_STYLE_COLOUR ( '', #2311 ) ;
#3405 = ORIENTED_EDGE ( 'NONE', *, *, #7496, .T. ) ;
#3406 = DIRECTION ( 'NONE',  ( 0.000000000000000000, 0.000000000000000000, -1.000000000000000000 ) ) ;
#3407 =( GEOMETRIC_REPRESENTATION_CONTEXT ( 3 ) GLOBAL_UNCERTAINTY_ASSIGNED_CONTEXT ( ( #6199 ) ) GLOBAL_UNIT_ASSIGNED_CONTEXT ( ( #3718, #81, #6553 ) ) REPRESENTATION_CONTEXT ( 'NONE', 'WORKASPACE' ) );
#3408 = PRESENTATION_STYLE_ASSIGNMENT (( #1654 ) ) ;
#3409 = CARTESIAN_POINT ( 'NONE',  ( 50.00000000000000000, -6.000000009844241866, -29.50000000494680918 ) ) ;
#3410 = CIRCLE ( 'NONE', #3039, 2.000000000000667910 ) ;
#3411 = LINE ( 'NONE', #2430, #4675 ) ;
#3412 = VERTEX_POINT ( 'NONE', #3664 ) ;
#3413 = CARTESIAN_POINT ( 'NONE',  ( 50.00000000000000000, 9.300000008939822038, -22.99997438438203901 ) ) ;
#3414 = CARTESIAN_POINT ( 'NONE',  ( 50.00000000000000000, 9.300000009539528989, 23.00000000496456920 ) ) ;
#3415 = STYLED_ITEM ( 'NONE', ( #631 ), #4004 ) ;
#3416 = CARTESIAN_POINT ( 'NONE',  ( 50.00000000000000000, -1.044502129335859397, -26.76164970460134995 ) ) ;
#3417 = DIRECTION ( 'NONE',  ( 0.000000000000000000, 0.000000000000000000, -1.000000000000000000 ) ) ;
#3418 = VECTOR ( 'NONE', #3476, 1000.000000000000000 ) ;
#3419 = SURFACE_STYLE_USAGE ( .BOTH. , #6282 ) ;
#3420 = AXIS2_PLACEMENT_3D ( 'NONE', #891, #1352, #319 ) ;
#3421 = DIRECTION ( 'NONE',  ( 1.000000000000000000, 0.000000000000000000, 0.000000000000000000 ) ) ;
#3422 = DIRECTION ( 'NONE',  ( 0.000000000000000000, 0.000000000000000000, -1.000000000000000000 ) ) ;
#3423 = PRESENTATION_STYLE_ASSIGNMENT (( #7649 ) ) ;
#3424 = PLANE ( 'NONE',  #4731 ) ;
#3425 = STYLED_ITEM ( 'NONE', ( #5162 ), #3599 ) ;
#3426 = FILL_AREA_STYLE_COLOUR ( '', #1297 ) ;
#3427 = LINE ( 'NONE', #6837, #3889 ) ;
#3428 = ORIENTED_EDGE ( 'NONE', *, *, #7564, .F. ) ;
#3429 =( NAMED_UNIT ( * ) PLANE_ANGLE_UNIT ( ) SI_UNIT ( $, .RADIAN. ) );
#3430 = PRESENTATION_STYLE_ASSIGNMENT (( #6293 ) ) ;
#3431 = AXIS2_PLACEMENT_3D ( 'NONE', #7148, #5313, #6408 ) ;
#3432 =( NAMED_UNIT ( * ) PLANE_ANGLE_UNIT ( ) SI_UNIT ( $, .RADIAN. ) );
#3433 = SURFACE_STYLE_FILL_AREA ( #7541 ) ;
#3434 = FACE_OUTER_BOUND ( 'NONE', #3716, .T. ) ;
#3435 = VECTOR ( 'NONE', #873, 1000.000000000000000 ) ;
#3436 = AXIS2_PLACEMENT_3D ( 'NONE', #1713, #1049, #5782 ) ;
#3437 = FACE_OUTER_BOUND ( 'NONE', #1317, .T. ) ;
#3438 = VERTEX_POINT ( 'NONE', #7247 ) ;
#3439 = AXIS2_PLACEMENT_3D ( 'NONE', #3028, #2338, #5389 ) ;
#3440 = VERTEX_POINT ( 'NONE', #1179 ) ;
#3441 = FACE_OUTER_BOUND ( 'NONE', #2510, .T. ) ;
#3442 = EDGE_LOOP ( 'NONE', ( #1454, #6413, #6220, #3218 ) ) ;
#3443 = FILL_AREA_STYLE_COLOUR ( '', #4380 ) ;
#3444 = DIRECTION ( 'NONE',  ( 0.000000000000000000, 0.000000000000000000, -1.000000000000000000 ) ) ;
#3445 = SURFACE_SIDE_STYLE ('',( #4616 ) ) ;
#3446 = ADVANCED_FACE ( 'NONE', ( #4807 ), #3093, .T. ) ;
#3447 = EDGE_CURVE ( 'NONE', #2744, #619, #4308, .T. ) ;
#3448 = CARTESIAN_POINT ( 'NONE',  ( -50.00000000000000000, 0.6999999912927074019, 28.30000000293902929 ) ) ;
#3449 = SURFACE_STYLE_FILL_AREA ( #5694 ) ;
#3450 = VERTEX_POINT ( 'NONE', #4920 ) ;
#3451 = DIRECTION ( 'NONE',  ( 0.000000000000000000, 1.000000000000000000, 0.000000000000000000 ) ) ;
#3452 =( LENGTH_UNIT ( ) NAMED_UNIT ( * ) SI_UNIT ( .MILLI., .METRE. ) );
#3453 =( NAMED_UNIT ( * ) PLANE_ANGLE_UNIT ( ) SI_UNIT ( $, .RADIAN. ) );
#3454 = UNCERTAINTY_MEASURE_WITH_UNIT (LENGTH_MEASURE( 1.000000000000000082E-05 ), #5452, 'distance_accuracy_value', 'NONE');
#3455 = CARTESIAN_POINT ( 'NONE',  ( 50.00000000000000000, -4.150000010672468598, -27.75000000524338617 ) ) ;
#3456 = ORIENTED_EDGE ( 'NONE', *, *, #6525, .F. ) ;
#3457 = FILL_AREA_STYLE_COLOUR ( '', #3485 ) ;
#3458 = CARTESIAN_POINT ( 'NONE',  ( -50.00000000000000000, -7.500000009601726525, -30.00000000476405404 ) ) ;
#3459 = EDGE_CURVE ( 'NONE', #728, #701, #4590, .T. ) ;
#3460 = LINE ( 'NONE', #5180, #3780 ) ;
#3461 = CYLINDRICAL_SURFACE ( 'NONE', #3016, 3.999999999845043952 ) ;
#3462 = CARTESIAN_POINT ( 'NONE',  ( -50.00000000000000000, -6.750609693278262213, 25.54619003422375911 ) ) ;
#3463 = FACE_OUTER_BOUND ( 'NONE', #1752, .T. ) ;
#3464 = ORIENTED_EDGE ( 'NONE', *, *, #2038, .F. ) ;
#3465 = PRESENTATION_LAYER_ASSIGNMENT (  '', '', ( #4475 ) ) ;
#3466 = ORIENTED_EDGE ( 'NONE', *, *, #2829, .F. ) ;
#3467 = AXIS2_PLACEMENT_3D ( 'NONE', #731, #3098, #5691 ) ;
#3468 = ORIENTED_EDGE ( 'NONE', *, *, #807, .T. ) ;
#3469 = LINE ( 'NONE', #7009, #7103 ) ;
#3470 = STYLED_ITEM ( 'NONE', ( #6040 ), #928 ) ;
#3471 = CARTESIAN_POINT ( 'NONE',  ( -50.00000000000000000, 0.6850834425882190715, 26.30000000293866691 ) ) ;
#3472 = SURFACE_STYLE_FILL_AREA ( #2794 ) ;
#3473 = DIRECTION ( 'NONE',  ( 0.000000000000000000, 0.000000000000000000, -1.000000000000000000 ) ) ;
#3474 =( GEOMETRIC_REPRESENTATION_CONTEXT ( 3 ) GLOBAL_UNCERTAINTY_ASSIGNED_CONTEXT ( ( #4082 ) ) GLOBAL_UNIT_ASSIGNED_CONTEXT ( ( #2220, #7595, #6461 ) ) REPRESENTATION_CONTEXT ( 'NONE', 'WORKASPACE' ) );
#3475 = ORIENTED_EDGE ( 'NONE', *, *, #2817, .T. ) ;
#3476 = DIRECTION ( 'NONE',  ( -0.000000000000000000, 1.000000000000000000, -0.000000000000000000 ) ) ;
#3477 = EDGE_CURVE ( 'NONE', #6181, #5535, #3647, .T. ) ;
#3478 = ORIENTED_EDGE ( 'NONE', *, *, #6737, .F. ) ;
#3479 = SURFACE_STYLE_FILL_AREA ( #437 ) ;
#3480 = EDGE_CURVE ( 'NONE', #3314, #2903, #2604, .T. ) ;
#3481 = EDGE_CURVE ( 'NONE', #2123, #619, #276, .T. ) ;
#3482 = LINE ( 'NONE', #7023, #55 ) ;
#3483 = ORIENTED_EDGE ( 'NONE', *, *, #5905, .F. ) ;
#3484 = CARTESIAN_POINT ( 'NONE',  ( -50.00000000000000000, 0.9999999914620215646, 26.00000000293864488 ) ) ;
#3485 = COLOUR_RGB ( '',0.8980392156862745390, 0.9176470588235293713, 0.9294117647058823817 ) ;
#3486 = CARTESIAN_POINT ( 'NONE',  ( 50.00000000000000000, 1.300000006756061310, -24.79997438303944790 ) ) ;
#3487 = ORIENTED_EDGE ( 'NONE', *, *, #5574, .T. ) ;
#3488 =( LENGTH_UNIT ( ) NAMED_UNIT ( * ) SI_UNIT ( .MILLI., .METRE. ) );
#3489 = SURFACE_SIDE_STYLE ('',( #6953 ) ) ;
#3490 = STYLED_ITEM ( 'NONE', ( #6880 ), #3074 ) ;
#3491 = SURFACE_SIDE_STYLE ('',( #1756 ) ) ;
#3492 =( GEOMETRIC_REPRESENTATION_CONTEXT ( 3 ) GLOBAL_UNCERTAINTY_ASSIGNED_CONTEXT ( ( #3675 ) ) GLOBAL_UNIT_ASSIGNED_CONTEXT ( ( #3040, #2081, #1442 ) ) REPRESENTATION_CONTEXT ( 'NONE', 'WORKASPACE' ) );
#3493 = ORIENTED_EDGE ( 'NONE', *, *, #1244, .T. ) ;
#3494 = FILL_AREA_STYLE ('',( #1124 ) ) ;
#3495 =( GEOMETRIC_REPRESENTATION_CONTEXT ( 3 ) GLOBAL_UNCERTAINTY_ASSIGNED_CONTEXT ( ( #5940 ) ) GLOBAL_UNIT_ASSIGNED_CONTEXT ( ( #5257, #459, #2825 ) ) REPRESENTATION_CONTEXT ( 'NONE', 'WORKASPACE' ) );
#3496 = FILL_AREA_STYLE ('',( #4952 ) ) ;
#3497 = FACE_OUTER_BOUND ( 'NONE', #6543, .T. ) ;
#3498 = STYLED_ITEM ( 'NONE', ( #390 ), #6678 ) ;
#3499 = DIRECTION ( 'NONE',  ( -1.000000000000000000, -0.000000000000000000, -0.000000000000000000 ) ) ;
#3500 = LINE ( 'NONE', #5870, #3618 ) ;
#3501 = MECHANICAL_DESIGN_GEOMETRIC_PRESENTATION_REPRESENTATION (  '', ( #1391 ), #3750 ) ;
#3502 = ORIENTED_EDGE ( 'NONE', *, *, #5384, .F. ) ;
#3503 = AXIS2_PLACEMENT_3D ( 'NONE', #636, #5913, #3003 ) ;
#3504 = FILL_AREA_STYLE_COLOUR ( '', #2662 ) ;
#3505 = ORIENTED_EDGE ( 'NONE', *, *, #4956, .T. ) ;
#3506 = CIRCLE ( 'NONE', #2037, 0.3000000000002583933 ) ;
#3507 = ORIENTED_EDGE ( 'NONE', *, *, #3167, .T. ) ;
#3508 = CARTESIAN_POINT ( 'NONE',  ( 50.00000000000000000, 11.60000001576112716, 23.50000000404867251 ) ) ;
#3509 =( NAMED_UNIT ( * ) SI_UNIT ( $, .STERADIAN. ) SOLID_ANGLE_UNIT ( ) );
#3510 = STYLED_ITEM ( 'NONE', ( #7631 ), #5524 ) ;
#3511 = DIRECTION ( 'NONE',  ( 0.000000000000000000, 0.000000000000000000, -1.000000000000000000 ) ) ;
#3512 = MECHANICAL_DESIGN_GEOMETRIC_PRESENTATION_REPRESENTATION (  '', ( #2163 ), #3629 ) ;
#3513 = DIRECTION ( 'NONE',  ( -1.000000000000000000, -0.000000000000000000, -0.000000000000000000 ) ) ;
#3514 = STYLED_ITEM ( 'NONE', ( #6093 ), #5716 ) ;
#3515 = VERTEX_POINT ( 'NONE', #4471 ) ;
#3516 = SURFACE_STYLE_FILL_AREA ( #1665 ) ;
#3517 =( LENGTH_UNIT ( ) NAMED_UNIT ( * ) SI_UNIT ( .MILLI., .METRE. ) );
#3518 = CARTESIAN_POINT ( 'NONE',  ( -50.00000000000000000, -7.500000009615677143, 29.99999999947941376 ) ) ;
#3519 =( NAMED_UNIT ( * ) SI_UNIT ( $, .STERADIAN. ) SOLID_ANGLE_UNIT ( ) );
#3520 = ORIENTED_EDGE ( 'NONE', *, *, #2109, .T. ) ;
#3521 = VECTOR ( 'NONE', #5540, 1000.000000000000000 ) ;
#3522 = CARTESIAN_POINT ( 'NONE',  ( -50.00000000000000000, 12.50000000998743843, 26.00000000423863256 ) ) ;
#3523 = UNCERTAINTY_MEASURE_WITH_UNIT (LENGTH_MEASURE( 1.000000000000000082E-05 ), #7605, 'distance_accuracy_value', 'NONE');
#3524 = PRESENTATION_LAYER_ASSIGNMENT (  '', '', ( #1166 ) ) ;
#3525 = VERTEX_POINT ( 'NONE', #355 ) ;
#3526 = SURFACE_SIDE_STYLE ('',( #508 ) ) ;
#3527 = STYLED_ITEM ( 'NONE', ( #234 ), #5432 ) ;
#3528 =( NAMED_UNIT ( * ) PLANE_ANGLE_UNIT ( ) SI_UNIT ( $, .RADIAN. ) );
#3529 = PRESENTATION_STYLE_ASSIGNMENT (( #3638 ) ) ;
#3530 = STYLED_ITEM ( 'NONE', ( #1706 ), #1348 ) ;
#3531 = STYLED_ITEM ( 'NONE', ( #2402 ), #3394 ) ;
#3532 = ORIENTED_EDGE ( 'NONE', *, *, #3691, .T. ) ;
#3533 = EDGE_CURVE ( 'NONE', #95, #2544, #2729, .T. ) ;
#3534 = PRODUCT_DEFINITION ( 'Œ¥', '', #4785, #794 ) ;
#3535 = AXIS2_PLACEMENT_3D ( 'NONE', #3721, #7143, #205 ) ;
#3536 =( LENGTH_UNIT ( ) NAMED_UNIT ( * ) SI_UNIT ( .MILLI., .METRE. ) );
#3537 = CIRCLE ( 'NONE', #2557, 0.4999999999973047116 ) ;
#3538 = DIRECTION ( 'NONE',  ( 1.000000000000000000, 0.000000000000000000, 0.000000000000000000 ) ) ;
#3539 =( NAMED_UNIT ( * ) PLANE_ANGLE_UNIT ( ) SI_UNIT ( $, .RADIAN. ) );
#3540 = AXIS2_PLACEMENT_3D ( 'NONE', #2761, #6276, #5368 ) ;
#3541 =( NAMED_UNIT ( * ) PLANE_ANGLE_UNIT ( ) SI_UNIT ( $, .RADIAN. ) );
#3542 = FILL_AREA_STYLE_COLOUR ( '', #664 ) ;
#3543 = DIRECTION ( 'NONE',  ( 0.000000000000000000, 0.000000000000000000, 1.000000000000000000 ) ) ;
#3544 = VECTOR ( 'NONE', #6738, 1000.000000000000000 ) ;
#3545 = EDGE_LOOP ( 'NONE', ( #92, #626, #4310, #7224 ) ) ;
#3546 = PLANE ( 'NONE',  #3503 ) ;
#3547 = ORIENTED_EDGE ( 'NONE', *, *, #5568, .T. ) ;
#3548 = UNCERTAINTY_MEASURE_WITH_UNIT (LENGTH_MEASURE( 1.000000000000000082E-05 ), #811, 'distance_accuracy_value', 'NONE');
#3549 = MECHANICAL_DESIGN_GEOMETRIC_PRESENTATION_REPRESENTATION (  '', ( #215 ), #2570 ) ;
#3550 = ORIENTED_EDGE ( 'NONE', *, *, #7179, .F. ) ;
#3551 = SURFACE_STYLE_FILL_AREA ( #6575 ) ;
#3552 = PRESENTATION_LAYER_ASSIGNMENT (  '', '', ( #4925 ) ) ;
#3553 = DIRECTION ( 'NONE',  ( -1.000000000000000000, 0.000000000000000000, -0.000000000000000000 ) ) ;
#3554 = UNCERTAINTY_MEASURE_WITH_UNIT (LENGTH_MEASURE( 1.000000000000000082E-05 ), #6920, 'distance_accuracy_value', 'NONE');
#3555 = VERTEX_POINT ( 'NONE', #2565 ) ;
#3556 =( NAMED_UNIT ( * ) SI_UNIT ( $, .STERADIAN. ) SOLID_ANGLE_UNIT ( ) );
#3557 = CARTESIAN_POINT ( 'NONE',  ( -50.00000000000000000, 0.9999999899816475191, -28.60000000237553053 ) ) ;
#3558 = ORIENTED_EDGE ( 'NONE', *, *, #7613, .F. ) ;
#3559 = SURFACE_SIDE_STYLE ('',( #3516 ) ) ;
#3560 = EDGE_CURVE ( 'NONE', #3829, #4552, #5055, .T. ) ;
#3561 = PLANE ( 'NONE',  #253 ) ;
#3562 = CARTESIAN_POINT ( 'NONE',  ( 50.00000000000000000, -8.500000009396595502, 29.99999999947941021 ) ) ;
#3563 = ORIENTED_EDGE ( 'NONE', *, *, #3699, .F. ) ;
#3564 = COLOUR_RGB ( '',0.8980392156862745390, 0.9176470588235293713, 0.9294117647058823817 ) ;
#3565 = DIRECTION ( 'NONE',  ( 1.000000000000000000, 0.000000000000000000, 0.000000000000000000 ) ) ;
#3566 = ORIENTED_EDGE ( 'NONE', *, *, #5384, .T. ) ;
#3567 =( NAMED_UNIT ( * ) SI_UNIT ( $, .STERADIAN. ) SOLID_ANGLE_UNIT ( ) );
#3568 = DIRECTION ( 'NONE',  ( 1.000000000000000000, 0.000000000000000000, 0.000000000000000000 ) ) ;
#3569 = EDGE_LOOP ( 'NONE', ( #2718, #354, #3256, #5142 ) ) ;
#3570 = LINE ( 'NONE', #2823, #5271 ) ;
#3571 = CARTESIAN_POINT ( 'NONE',  ( -50.00000000000000000, -1.074170224274815455, -28.03611195231352937 ) ) ;
#3572 = ADVANCED_FACE ( 'NONE', ( #2026 ), #848, .F. ) ;
#3573 = ADVANCED_FACE ( 'NONE', ( #3802 ), #1510, .F. ) ;
#3574 = SURFACE_STYLE_FILL_AREA ( #5440 ) ;
#3575 = EDGE_CURVE ( 'NONE', #5185, #5579, #2078, .T. ) ;
#3576 = ORIENTED_EDGE ( 'NONE', *, *, #2678, .T. ) ;
#3577 = VERTEX_POINT ( 'NONE', #2178 ) ;
#3578 = CARTESIAN_POINT ( 'NONE',  ( -50.00000000000000000, -1.499999997720311118, -27.05835622831537179 ) ) ;
#3579 = FILL_AREA_STYLE ('',( #7239 ) ) ;
#3580 = CARTESIAN_POINT ( 'NONE',  ( -50.00000000000000000, 11.60000001576112716, 23.50000000404867251 ) ) ;
#3581 = DIRECTION ( 'NONE',  ( 1.000000000000000000, 0.000000000000000000, 0.000000000000000000 ) ) ;
#3582 = COLOUR_RGB ( '',0.8980392156862745390, 0.9176470588235293713, 0.9294117647058823817 ) ;
#3583 = DIRECTION ( 'NONE',  ( -0.000000000000000000, -1.000000000000000000, -0.000000000000000000 ) ) ;
#3584 = DIRECTION ( 'NONE',  ( 0.000000000000000000, 0.000000000000000000, -1.000000000000000000 ) ) ;
#3585 =( GEOMETRIC_REPRESENTATION_CONTEXT ( 3 ) GLOBAL_UNCERTAINTY_ASSIGNED_CONTEXT ( ( #4934 ) ) GLOBAL_UNIT_ASSIGNED_CONTEXT ( ( #2706, #400, #5026 ) ) REPRESENTATION_CONTEXT ( 'NONE', 'WORKASPACE' ) );
#3586 =( GEOMETRIC_REPRESENTATION_CONTEXT ( 3 ) GLOBAL_UNCERTAINTY_ASSIGNED_CONTEXT ( ( #6470 ) ) GLOBAL_UNIT_ASSIGNED_CONTEXT ( ( #6201, #6288, #3268 ) ) REPRESENTATION_CONTEXT ( 'NONE', 'WORKASPACE' ) );
#3587 = ORIENTED_EDGE ( 'NONE', *, *, #3823, .T. ) ;
#3588 = CARTESIAN_POINT ( 'NONE',  ( 50.00000000000000000, 4.999656189010014629, 27.75000000483201745 ) ) ;
#3589 = ORIENTED_EDGE ( 'NONE', *, *, #4719, .F. ) ;
#3590 = LINE ( 'NONE', #1893, #2852 ) ;
#3591 = CARTESIAN_POINT ( 'NONE',  ( 50.00000000000000000, -8.546190037690335473, 24.25060968318601340 ) ) ;
#3592 = DIRECTION ( 'NONE',  ( 1.000000000000000000, 0.000000000000000000, 0.000000000000000000 ) ) ;
#3593 = ORIENTED_EDGE ( 'NONE', *, *, #4403, .T. ) ;
#3594 = UNCERTAINTY_MEASURE_WITH_UNIT (LENGTH_MEASURE( 1.000000000000000082E-05 ), #6245, 'distance_accuracy_value', 'NONE');
#3595 = VERTEX_POINT ( 'NONE', #6389 ) ;
#3596 = CIRCLE ( 'NONE', #5586, 3.999999999998206324 ) ;
#3597 = DIRECTION ( 'NONE',  ( 0.000000000000000000, 0.000000000000000000, 1.000000000000000000 ) ) ;
#3598 = ORIENTED_EDGE ( 'NONE', *, *, #975, .F. ) ;
#3599 = ADVANCED_FACE ( 'NONE', ( #1082 ), #7529, .T. ) ;
#3600 = COLOUR_RGB ( '',0.8980392156862745390, 0.9176470588235293713, 0.9294117647058823817 ) ;
#3601 = LINE ( 'NONE', #672, #1563 ) ;
#3602 =( LENGTH_UNIT ( ) NAMED_UNIT ( * ) SI_UNIT ( .MILLI., .METRE. ) );
#3603 = AXIS2_PLACEMENT_3D ( 'NONE', #6290, #2810, #5140 ) ;
#3604 = CIRCLE ( 'NONE', #1253, 2.000000000001008083 ) ;
#3605 = VERTEX_POINT ( 'NONE', #968 ) ;
#3606 = EDGE_CURVE ( 'NONE', #5942, #5279, #1663, .T. ) ;
#3607 = AXIS2_PLACEMENT_3D ( 'NONE', #642, #99, #4300 ) ;
#3608 = UNCERTAINTY_MEASURE_WITH_UNIT (LENGTH_MEASURE( 1.000000000000000082E-05 ), #1917, 'distance_accuracy_value', 'NONE');
#3609 = EDGE_CURVE ( 'NONE', #5764, #5035, #1586, .T. ) ;
#3610 = STYLED_ITEM ( 'NONE', ( #1151 ), #6563 ) ;
#3611 = FILL_AREA_STYLE ('',( #3504 ) ) ;
#3612 = UNCERTAINTY_MEASURE_WITH_UNIT (LENGTH_MEASURE( 1.000000000000000082E-05 ), #567, 'distance_accuracy_value', 'NONE');
#3613 = EDGE_CURVE ( 'NONE', #886, #1466, #465, .T. ) ;
#3614 = ORIENTED_EDGE ( 'NONE', *, *, #4918, .T. ) ;
#3615 = DIRECTION ( 'NONE',  ( 1.000000000000000000, 0.000000000000000000, 0.000000000000000000 ) ) ;
#3616 = PLANE ( 'NONE',  #2783 ) ;
#3617 = VECTOR ( 'NONE', #995, 1000.000000000000000 ) ;
#3618 = VECTOR ( 'NONE', #7508, 1000.000000000000000 ) ;
#3619 = VECTOR ( 'NONE', #5666, 1000.000000000000000 ) ;
#3620 = EDGE_CURVE ( 'NONE', #3438, #6493, #7018, .T. ) ;
#3621 = EDGE_CURVE ( 'NONE', #4067, #994, #3660, .T. ) ;
#3622 = ORIENTED_EDGE ( 'NONE', *, *, #7612, .T. ) ;
#3623 = CARTESIAN_POINT ( 'NONE',  ( 50.00000000000000000, 1.300000006756061310, -24.79997438303944790 ) ) ;
#3624 = DIRECTION ( 'NONE',  ( 0.000000000000000000, 0.000000000000000000, -1.000000000000000000 ) ) ;
#3625 = ORIENTED_EDGE ( 'NONE', *, *, #2785, .T. ) ;
#3626 =( LENGTH_UNIT ( ) NAMED_UNIT ( * ) SI_UNIT ( .MILLI., .METRE. ) );
#3627 = VECTOR ( 'NONE', #2044, 999.9999999999998863 ) ;
#3628 = CYLINDRICAL_SURFACE ( 'NONE', #2022, 0.5000000000003057554 ) ;
#3629 =( GEOMETRIC_REPRESENTATION_CONTEXT ( 3 ) GLOBAL_UNCERTAINTY_ASSIGNED_CONTEXT ( ( #1486 ) ) GLOBAL_UNIT_ASSIGNED_CONTEXT ( ( #6827, #935, #2335 ) ) REPRESENTATION_CONTEXT ( 'NONE', 'WORKASPACE' ) );
#3630 = ORIENTED_EDGE ( 'NONE', *, *, #3251, .T. ) ;
#3631 = SURFACE_SIDE_STYLE ('',( #5302 ) ) ;
#3632 = AXIS2_PLACEMENT_3D ( 'NONE', #2590, #2008, #3281 ) ;
#3633 = ORIENTED_EDGE ( 'NONE', *, *, #1434, .F. ) ;
#3634 =( NAMED_UNIT ( * ) PLANE_ANGLE_UNIT ( ) SI_UNIT ( $, .RADIAN. ) );
#3635 = SURFACE_SIDE_STYLE ('',( #707 ) ) ;
#3636 =( GEOMETRIC_REPRESENTATION_CONTEXT ( 3 ) GLOBAL_UNCERTAINTY_ASSIGNED_CONTEXT ( ( #945 ) ) GLOBAL_UNIT_ASSIGNED_CONTEXT ( ( #4829, #5316, #2351 ) ) REPRESENTATION_CONTEXT ( 'NONE', 'WORKASPACE' ) );
#3637 = PRESENTATION_LAYER_ASSIGNMENT (  '', '', ( #6995 ) ) ;
#3638 = SURFACE_STYLE_USAGE ( .BOTH. , #6521 ) ;
#3639 =( LENGTH_UNIT ( ) NAMED_UNIT ( * ) SI_UNIT ( .MILLI., .METRE. ) );
#3640 = ORIENTED_EDGE ( 'NONE', *, *, #528, .T. ) ;
#3641 = CIRCLE ( 'NONE', #1282, 0.4999999999999761302 ) ;
#3642 = CARTESIAN_POINT ( 'NONE',  ( 50.00000000000000000, -6.000000009844241866, -31.50000000494782171 ) ) ;
#3643 = LINE ( 'NONE', #3041, #259 ) ;
#3644 = FILL_AREA_STYLE_COLOUR ( '', #204 ) ;
#3645 = VECTOR ( 'NONE', #2763, 1000.000000000000000 ) ;
#3646 = FACE_OUTER_BOUND ( 'NONE', #303, .T. ) ;
#3647 = CIRCLE ( 'NONE', #5648, 0.5000000000000316414 ) ;
#3648 =( LENGTH_UNIT ( ) NAMED_UNIT ( * ) SI_UNIT ( .MILLI., .METRE. ) );
#3649 = PRODUCT ( 'SC-FT60x25-1-K188', 'SC-FT60x25-1-K188', '', ( #2612 ) ) ;
#3650 = VERTEX_POINT ( 'NONE', #3996 ) ;
#3651 = VECTOR ( 'NONE', #1538, 1000.000000000000000 ) ;
#3652 = AXIS2_PLACEMENT_3D ( 'NONE', #3018, #1934, #2981 ) ;
#3653 = CARTESIAN_POINT ( 'NONE',  ( -50.00000000000000000, -3.700000009660175060, 29.89999999973681000 ) ) ;
#3654 = ORIENTED_EDGE ( 'NONE', *, *, #2172, .F. ) ;
#3655 = PLANE ( 'NONE',  #3313 ) ;
#3656 = LINE ( 'NONE', #4798, #6601 ) ;
#3657 = DIRECTION ( 'NONE',  ( -1.000000000000000000, -0.000000000000000000, -0.000000000000000000 ) ) ;
#3658 = CARTESIAN_POINT ( 'NONE',  ( 50.00000000000000000, 2.500000009253489086, 29.50000000459574068 ) ) ;
#3659 = STYLED_ITEM ( 'NONE', ( #5068 ), #7243 ) ;
#3660 = CIRCLE ( 'NONE', #948, 0.4999999975364676219 ) ;
#3661 = PLANE ( 'NONE',  #475 ) ;
#3662 = COLOUR_RGB ( '',0.8980392156862745390, 0.9176470588235293713, 0.9294117647058823817 ) ;
#3663 = ORIENTED_EDGE ( 'NONE', *, *, #5387, .F. ) ;
#3664 = CARTESIAN_POINT ( 'NONE',  ( -50.00000000000000000, -1.074170222558585186, 28.03611195349816043 ) ) ;
#3665 = PRESENTATION_STYLE_ASSIGNMENT (( #7203 ) ) ;
#3666 = ORIENTED_EDGE ( 'NONE', *, *, #6457, .T. ) ;
#3667 = PLANE ( 'NONE',  #6566 ) ;
#3668 = VECTOR ( 'NONE', #3174, 1000.000000000000000 ) ;
#3669 = FILL_AREA_STYLE_COLOUR ( '', #5319 ) ;
#3670 =( NAMED_UNIT ( * ) PLANE_ANGLE_UNIT ( ) SI_UNIT ( $, .RADIAN. ) );
#3671 = EDGE_CURVE ( 'NONE', #957, #829, #3411, .T. ) ;
#3672 = MECHANICAL_DESIGN_GEOMETRIC_PRESENTATION_REPRESENTATION (  '', ( #5784 ), #1314 ) ;
#3673 = EDGE_CURVE ( 'NONE', #3595, #5443, #4667, .T. ) ;
#3674 = ORIENTED_EDGE ( 'NONE', *, *, #594, .T. ) ;
#3675 = UNCERTAINTY_MEASURE_WITH_UNIT (LENGTH_MEASURE( 1.000000000000000082E-05 ), #3040, 'distance_accuracy_value', 'NONE');
#3676 = DIRECTION ( 'NONE',  ( -0.000000000000000000, 0.9889363528994356001, 0.1483404527226568903 ) ) ;
#3677 = ORIENTED_EDGE ( 'NONE', *, *, #4202, .T. ) ;
#3678 = CYLINDRICAL_SURFACE ( 'NONE', #6410, 0.3000000000001681877 ) ;
#3679 = DIRECTION ( 'NONE',  ( -1.000000000000000000, -0.000000000000000000, -0.000000000000000000 ) ) ;
#3680 = SURFACE_STYLE_FILL_AREA ( #2527 ) ;
#3681 = CARTESIAN_POINT ( 'NONE',  ( 50.00000000000000000, -3.700000009677606450, -29.90000000503104260 ) ) ;
#3682 = MECHANICAL_DESIGN_GEOMETRIC_PRESENTATION_REPRESENTATION (  '', ( #1838 ), #4690 ) ;
#3683 = ORIENTED_EDGE ( 'NONE', *, *, #406, .T. ) ;
#3684 =( NAMED_UNIT ( * ) PLANE_ANGLE_UNIT ( ) SI_UNIT ( $, .RADIAN. ) );
#3685 = CARTESIAN_POINT ( 'NONE',  ( 50.00000000000000000, -8.046190037690342578, 23.99999999640830950 ) ) ;
#3686 =( NAMED_UNIT ( * ) SI_UNIT ( $, .STERADIAN. ) SOLID_ANGLE_UNIT ( ) );
#3687 = CARTESIAN_POINT ( 'NONE',  ( 50.00000000000000000, -1.299999993536965492, -27.05833061047391652 ) ) ;
#3688 = CARTESIAN_POINT ( 'NONE',  ( 50.00000000000000000, -7.500000009615677143, 29.49999999942057372 ) ) ;
#3689 =( NAMED_UNIT ( * ) PLANE_ANGLE_UNIT ( ) SI_UNIT ( $, .RADIAN. ) );
#3690 = ORIENTED_EDGE ( 'NONE', *, *, #464, .T. ) ;
#3691 = EDGE_CURVE ( 'NONE', #1766, #4853, #5195, .T. ) ;
#3692 = LINE ( 'NONE', #4415, #5717 ) ;
#3693 = VERTEX_POINT ( 'NONE', #2291 ) ;
#3694 = SURFACE_STYLE_USAGE ( .BOTH. , #1329 ) ;
#3695 = CARTESIAN_POINT ( 'NONE',  ( 50.00000000000000000, 3.299656189186019883, 27.75000000483201745 ) ) ;
#3696 = FILL_AREA_STYLE ('',( #3087 ) ) ;
#3697 = SURFACE_STYLE_FILL_AREA ( #4756 ) ;
#3698 = LINE ( 'NONE', #7320, #5658 ) ;
#3699 = EDGE_CURVE ( 'NONE', #4193, #4634, #1704, .T. ) ;
#3700 = VERTEX_POINT ( 'NONE', #6533 ) ;
#3701 = SURFACE_STYLE_USAGE ( .BOTH. , #691 ) ;
#3702 = CARTESIAN_POINT ( 'NONE',  ( 50.00000000000000000, 2.500000009253489086, 30.00000000457421478 ) ) ;
#3703 = ORIENTED_EDGE ( 'NONE', *, *, #3065, .T. ) ;
#3704 = DIRECTION ( 'NONE',  ( 1.000000000000000000, 0.000000000000000000, -0.000000000000000000 ) ) ;
#3705 = CARTESIAN_POINT ( 'NONE',  ( 50.00000000000000000, 9.300000009539528989, 23.50000000469232830 ) ) ;
#3706 = SURFACE_STYLE_FILL_AREA ( #2478 ) ;
#3707 = FACE_OUTER_BOUND ( 'NONE', #797, .T. ) ;
#3708 = CIRCLE ( 'NONE', #3225, 1.249999999268169848 ) ;
#3709 = CARTESIAN_POINT ( 'NONE',  ( 50.00000000000000000, 4.999656189010014629, 27.75000000483201745 ) ) ;
#3710 = AXIS2_PLACEMENT_3D ( 'NONE', #1468, #3833, #3444 ) ;
#3711 = EDGE_CURVE ( 'NONE', #7249, #3185, #7267, .T. ) ;
#3712 = ADVANCED_FACE ( 'NONE', ( #4250 ), #4370, .T. ) ;
#3713 = DIRECTION ( 'NONE',  ( 1.000000000000000000, 0.000000000000000000, -0.000000000000000000 ) ) ;
#3714 = DIRECTION ( 'NONE',  ( -1.000000000000000000, -0.000000000000000000, -0.000000000000000000 ) ) ;
#3715 = EDGE_CURVE ( 'NONE', #4734, #1181, #5161, .T. ) ;
#3716 = EDGE_LOOP ( 'NONE', ( #1371, #4487, #2613, #2036 ) ) ;
#3717 = MECHANICAL_DESIGN_GEOMETRIC_PRESENTATION_REPRESENTATION (  '', ( #6052 ), #1324 ) ;
#3718 =( LENGTH_UNIT ( ) NAMED_UNIT ( * ) SI_UNIT ( .MILLI., .METRE. ) );
#3719 = VECTOR ( 'NONE', #1915, 1000.000000000000000 ) ;
#3720 = CARTESIAN_POINT ( 'NONE',  ( 50.00000000000000000, -11.60000000952259569, 23.49999999922655647 ) ) ;
#3721 = CARTESIAN_POINT ( 'NONE',  ( 0.000000000000000000, 0.000000000000000000, 0.000000000000000000 ) ) ;
#3722 = VERTEX_POINT ( 'NONE', #4298 ) ;
#3723 = AXIS2_PLACEMENT_3D ( 'NONE', #3103, #2568, #1228 ) ;
#3724 = FILL_AREA_STYLE_COLOUR ( '', #1636 ) ;
#3725 = DIRECTION ( 'NONE',  ( 1.000000000000000000, 0.000000000000000000, 0.000000000000000000 ) ) ;
#3726 = CARTESIAN_POINT ( 'NONE',  ( 50.00000000000000000, 2.500000016285745641, -29.99999999486128388 ) ) ;
#3727 = CARTESIAN_POINT ( 'NONE',  ( 50.00000000000000000, 0.9999999898123584918, -26.00000000237517739 ) ) ;
#3728 =( LENGTH_UNIT ( ) NAMED_UNIT ( * ) SI_UNIT ( .MILLI., .METRE. ) );
#3729 = CARTESIAN_POINT ( 'NONE',  ( 50.00000000000000000, 2.999656189158373731, 25.10000000477613114 ) ) ;
#3730 = MECHANICAL_DESIGN_GEOMETRIC_PRESENTATION_REPRESENTATION (  '', ( #6839 ), #5224 ) ;
#3731 = ORIENTED_EDGE ( 'NONE', *, *, #1978, .T. ) ;
#3732 = CARTESIAN_POINT ( 'NONE',  ( 50.00000000000000000, 4.999656189010014629, 26.04619003938229582 ) ) ;
#3733 = VERTEX_POINT ( 'NONE', #6650 ) ;
#3734 = CARTESIAN_POINT ( 'NONE',  ( -50.00000000000000000, 0.9999999914620093522, 25.09999999997997122 ) ) ;
#3735 = FACE_OUTER_BOUND ( 'NONE', #132, .T. ) ;
#3736 = CARTESIAN_POINT ( 'NONE',  ( -50.00000000000000000, -6.000000009839341786, 31.49999999966316011 ) ) ;
#3737 = SURFACE_STYLE_USAGE ( .BOTH. , #2549 ) ;
#3738 = PRESENTATION_LAYER_ASSIGNMENT (  '', '', ( #3490 ) ) ;
#3739 = COLOUR_RGB ( '',0.8980392156862745390, 0.9176470588235293713, 0.9294117647058823817 ) ;
#3740 = UNCERTAINTY_MEASURE_WITH_UNIT (LENGTH_MEASURE( 1.000000000000000082E-05 ), #3639, 'distance_accuracy_value', 'NONE');
#3741 = ORIENTED_EDGE ( 'NONE', *, *, #1922, .T. ) ;
#3742 = LINE ( 'NONE', #796, #3668 ) ;
#3743 = DIRECTION ( 'NONE',  ( 1.000000000000000000, 0.000000000000000000, 0.000000000000000000 ) ) ;
#3744 = PRESENTATION_LAYER_ASSIGNMENT (  '', '', ( #5728 ) ) ;
#3745 = ORIENTED_EDGE ( 'NONE', *, *, #877, .T. ) ;
#3746 = CARTESIAN_POINT ( 'NONE',  ( 50.00000000000000000, 8.546190042989788793, -24.25058406674039091 ) ) ;
#3748 = SURFACE_STYLE_USAGE ( .BOTH. , #3135 ) ;
#3747 = COLOUR_RGB ( '',0.8980392156862745390, 0.9176470588235293713, 0.9294117647058823817 ) ;
#3749 = SURFACE_SIDE_STYLE ('',( #845 ) ) ;
#3750 =( GEOMETRIC_REPRESENTATION_CONTEXT ( 3 ) GLOBAL_UNCERTAINTY_ASSIGNED_CONTEXT ( ( #7049 ) ) GLOBAL_UNIT_ASSIGNED_CONTEXT ( ( #3988, #6966, #488 ) ) REPRESENTATION_CONTEXT ( 'NONE', 'WORKASPACE' ) );
#3751 = PRESENTATION_LAYER_ASSIGNMENT (  '', '', ( #7227 ) ) ;
#3752 = DIRECTION ( 'NONE',  ( -1.000000000000000000, -0.000000000000000000, -0.000000000000000000 ) ) ;
#3753 = ORIENTED_EDGE ( 'NONE', *, *, #7613, .T. ) ;
#3754 = VECTOR ( 'NONE', #214, 1000.000000000000000 ) ;
#3755 = DIRECTION ( 'NONE',  ( 0.000000000000000000, 0.000000000000000000, -1.000000000000000000 ) ) ;
#3756 =( NAMED_UNIT ( * ) SI_UNIT ( $, .STERADIAN. ) SOLID_ANGLE_UNIT ( ) );
#3757 = ORIENTED_EDGE ( 'NONE', *, *, #4632, .T. ) ;
#3758 = SURFACE_SIDE_STYLE ('',( #7219 ) ) ;
#3759 = SURFACE_STYLE_USAGE ( .BOTH. , #3841 ) ;
#3760 =( GEOMETRIC_REPRESENTATION_CONTEXT ( 3 ) GLOBAL_UNCERTAINTY_ASSIGNED_CONTEXT ( ( #5592 ) ) GLOBAL_UNIT_ASSIGNED_CONTEXT ( ( #201, #3541, #7075 ) ) REPRESENTATION_CONTEXT ( 'NONE', 'WORKASPACE' ) );
#3761 = CARTESIAN_POINT ( 'NONE',  ( 50.00000000000000000, -6.283859939889476998, 25.54619003422375201 ) ) ;
#3762 = DIRECTION ( 'NONE',  ( 1.000000000000000000, 0.000000000000000000, 0.000000000000000000 ) ) ;
#3763 = CARTESIAN_POINT ( 'NONE',  ( -50.00000000000000000, 1.000000006508408479, -29.49999999423345898 ) ) ;
#3764 = EDGE_LOOP ( 'NONE', ( #5494, #1432, #2387, #7360 ) ) ;
#3765 = COLOUR_RGB ( '',0.8980392156862745390, 0.9176470588235293713, 0.9294117647058823817 ) ;
#3766 = SURFACE_STYLE_FILL_AREA ( #2575 ) ;
#3767 = DIRECTION ( 'NONE',  ( -0.000000000000000000, -0.000000000000000000, -1.000000000000000000 ) ) ;
#3768 = AXIS2_PLACEMENT_3D ( 'NONE', #5251, #3399, #6890 ) ;
#3769 = CARTESIAN_POINT ( 'NONE',  ( 50.00000000000000000, -8.500000009396554645, 27.24999999874291845 ) ) ;
#3770 = VECTOR ( 'NONE', #7176, 1000.000000000000000 ) ;
#3771 = DIRECTION ( 'NONE',  ( 1.000000000000000000, 0.000000000000000000, 0.000000000000000000 ) ) ;
#3772 = DIRECTION ( 'NONE',  ( -1.000000000000000000, -0.000000000000000000, -0.000000000000000000 ) ) ;
#3773 = EDGE_CURVE ( 'NONE', #1466, #103, #4796, .T. ) ;
#3774 = ADVANCED_FACE ( 'NONE', ( #7236 ), #3655, .F. ) ;
#3775 = ORIENTED_EDGE ( 'NONE', *, *, #6465, .F. ) ;
#3776 = AXIS2_PLACEMENT_3D ( 'NONE', #5340, #3592, #5956 ) ;
#3777 = FACE_OUTER_BOUND ( 'NONE', #722, .T. ) ;
#3778 = ORIENTED_EDGE ( 'NONE', *, *, #5194, .T. ) ;
#3779 = CARTESIAN_POINT ( 'NONE',  ( 50.00000000000000000, 8.500000018423346404, -25.99999999486307800 ) ) ;
#3780 = VECTOR ( 'NONE', #2234, 1000.000000000000000 ) ;
#3781 = CARTESIAN_POINT ( 'NONE',  ( -50.00000000000000000, -0.9999999910240813250, 27.54164378160909621 ) ) ;
#3782 = CARTESIAN_POINT ( 'NONE',  ( 50.00000000000000000, 5.499656189025780684, 25.54619003936655730 ) ) ;
#3783 = FILL_AREA_STYLE_COLOUR ( '', #2818 ) ;
#3784 = VECTOR ( 'NONE', #7090, 1000.000000000000000 ) ;
#3785 = VECTOR ( 'NONE', #772, 1000.000000000000000 ) ;
#3786 = EDGE_LOOP ( 'NONE', ( #1727, #6430, #3801, #5470 ) ) ;
#3787 = LINE ( 'NONE', #4015, #1699 ) ;
#3788 = PLANE ( 'NONE',  #1439 ) ;
#3789 = VECTOR ( 'NONE', #5028, 1000.000000000000000 ) ;
#3790 = ORIENTED_EDGE ( 'NONE', *, *, #5244, .F. ) ;
#3791 = DIRECTION ( 'NONE',  ( 0.000000000000000000, -0.000000000000000000, 1.000000000000000000 ) ) ;
#3792 = DIRECTION ( 'NONE',  ( -1.000000000000000000, -0.000000000000000000, -0.000000000000000000 ) ) ;
#3793 = VECTOR ( 'NONE', #1847, 1000.000000000000000 ) ;
#3794 =( LENGTH_UNIT ( ) NAMED_UNIT ( * ) SI_UNIT ( .MILLI., .METRE. ) );
#3795 = FACE_OUTER_BOUND ( 'NONE', #1806, .T. ) ;
#3796 = FILL_AREA_STYLE_COLOUR ( '', #2082 ) ;
#3797 = COLOUR_RGB ( '',0.8980392156862745390, 0.9176470588235293713, 0.9294117647058823817 ) ;
#3798 = FACE_OUTER_BOUND ( 'NONE', #7290, .T. ) ;
#3799 = CIRCLE ( 'NONE', #2084, 0.4999999999995147215 ) ;
#3800 = ADVANCED_FACE ( 'NONE', ( #6017 ), #5444, .F. ) ;
#3801 = ORIENTED_EDGE ( 'NONE', *, *, #2973, .F. ) ;
#3802 = FACE_OUTER_BOUND ( 'NONE', #6689, .T. ) ;
#3803 = ORIENTED_EDGE ( 'NONE', *, *, #1050, .T. ) ;
#3804 = DIRECTION ( 'NONE',  ( 0.000000000000000000, 0.000000000000000000, 1.000000000000000000 ) ) ;
#3805 = DIRECTION ( 'NONE',  ( -0.000000000000000000, -0.000000000000000000, -1.000000000000000000 ) ) ;
#3806 =( NAMED_UNIT ( * ) PLANE_ANGLE_UNIT ( ) SI_UNIT ( $, .RADIAN. ) );
#3807 = CARTESIAN_POINT ( 'NONE',  ( -50.00000000000000000, 0.6999999914620111952, 26.30000000293866691 ) ) ;
#3808 = ORIENTED_EDGE ( 'NONE', *, *, #1789, .T. ) ;
#3809 = AXIS2_PLACEMENT_3D ( 'NONE', #582, #2410, #2376 ) ;
#3810 = CARTESIAN_POINT ( 'NONE',  ( 50.00000000000000000, -3.716140079806603769, -25.84619003962906802 ) ) ;
#3811 = UNCERTAINTY_MEASURE_WITH_UNIT (LENGTH_MEASURE( 1.000000000000000082E-05 ), #222, 'distance_accuracy_value', 'NONE');
#3812 =( NAMED_UNIT ( * ) PLANE_ANGLE_UNIT ( ) SI_UNIT ( $, .RADIAN. ) );
#3813 = DIRECTION ( 'NONE',  ( -1.000000000000000000, -0.000000000000000000, -0.000000000000000000 ) ) ;
#3814 = CARTESIAN_POINT ( 'NONE',  ( 50.00000000000000000, 1.000000006721767587, -25.09997438307373940 ) ) ;
#3815 = PRESENTATION_LAYER_ASSIGNMENT (  '', '', ( #7155 ) ) ;
#3816 = CARTESIAN_POINT ( 'NONE',  ( 50.00000000000000000, -6.283859939889476998, 25.54619003422375201 ) ) ;
#3817 = UNCERTAINTY_MEASURE_WITH_UNIT (LENGTH_MEASURE( 1.000000000000000082E-05 ), #5125, 'distance_accuracy_value', 'NONE');
#3818 = EDGE_LOOP ( 'NONE', ( #322, #7593, #4358, #2695 ) ) ;
#3819 = AXIS2_PLACEMENT_3D ( 'NONE', #5098, #6980, #7600 ) ;
#3820 = DIRECTION ( 'NONE',  ( 0.000000000000000000, 0.000000000000000000, -1.000000000000000000 ) ) ;
#3821 = ORIENTED_EDGE ( 'NONE', *, *, #4963, .F. ) ;
#3822 = EDGE_CURVE ( 'NONE', #6149, #5353, #3641, .T. ) ;
#3823 = EDGE_CURVE ( 'NONE', #1254, #6236, #986, .T. ) ;
#3824 = CARTESIAN_POINT ( 'NONE',  ( 50.00000000000000000, 8.546190043056190788, -23.99997438444787790 ) ) ;
#3825 = FILL_AREA_STYLE_COLOUR ( '', #673 ) ;
#3826 = DIRECTION ( 'NONE',  ( 0.000000000000000000, -0.000000000000000000, 1.000000000000000000 ) ) ;
#3827 = CARTESIAN_POINT ( 'NONE',  ( -50.00000000000000000, 0.6999999898232942552, -25.10000000536236087 ) ) ;
#3828 = CARTESIAN_POINT ( 'NONE',  ( 50.00000000000000000, 8.046190044058366908, 24.00000000502026154 ) ) ;
#3829 = VERTEX_POINT ( 'NONE', #294 ) ;
#3830 = VERTEX_POINT ( 'NONE', #2050 ) ;
#3831 = ORIENTED_EDGE ( 'NONE', *, *, #2546, .F. ) ;
#3832 = CARTESIAN_POINT ( 'NONE',  ( 50.00000000000000000, 0.9999999914620093522, 26.00000000293864488 ) ) ;
#3833 = DIRECTION ( 'NONE',  ( 1.000000000000000000, 0.000000000000000000, 0.000000000000000000 ) ) ;
#3834 = SURFACE_STYLE_FILL_AREA ( #3293 ) ;
#3835 = DIRECTION ( 'NONE',  ( 0.000000000000000000, 0.000000000000000000, 1.000000000000000000 ) ) ;
#3836 = CARTESIAN_POINT ( 'NONE',  ( 50.00000000000000000, 0.9999999899816484072, -29.50000000528474331 ) ) ;
#3837 = ORIENTED_EDGE ( 'NONE', *, *, #7237, .F. ) ;
#3838 =( NAMED_UNIT ( * ) PLANE_ANGLE_UNIT ( ) SI_UNIT ( $, .RADIAN. ) );
#3839 = ORIENTED_EDGE ( 'NONE', *, *, #7336, .F. ) ;
#3840 = FACE_OUTER_BOUND ( 'NONE', #2132, .T. ) ;
#3841 = SURFACE_SIDE_STYLE ('',( #5548 ) ) ;
#3842 = CARTESIAN_POINT ( 'NONE',  ( 50.00000000000000000, -2.500000009845376958, -29.50000000515703746 ) ) ;
#3843 = DIRECTION ( 'NONE',  ( -1.000000000000000000, -0.000000000000000000, -0.000000000000000000 ) ) ;
#3844 = DIRECTION ( 'NONE',  ( 1.000000000000000000, 0.000000000000000000, 0.000000000000000000 ) ) ;
#3845 = APPLICATION_PROTOCOL_DEFINITION ( 'draft international standard', 'automotive_design', 1998, #1291 ) ;
#3846 = ORIENTED_EDGE ( 'NONE', *, *, #1194, .F. ) ;
#3847 = LINE ( 'NONE', #6320, #1380 ) ;
#3848 = PRESENTATION_LAYER_ASSIGNMENT (  '', '', ( #7066 ) ) ;
#3849 = FACE_OUTER_BOUND ( 'NONE', #5751, .T. ) ;
#3850 = STYLED_ITEM ( 'NONE', ( #1090 ), #1096 ) ;
#3851 = STYLED_ITEM ( 'NONE', ( #3853 ), #4281 ) ;
#3852 = FILL_AREA_STYLE ('',( #6797 ) ) ;
#3853 = PRESENTATION_STYLE_ASSIGNMENT (( #5589 ) ) ;
#3854 = LINE ( 'NONE', #6203, #5226 ) ;
#3855 = CARTESIAN_POINT ( 'NONE',  ( -50.00000000000000000, 0.6850834411078633446, -28.30000000237553692 ) ) ;
#3856 = EDGE_CURVE ( 'NONE', #5922, #4730, #5715, .T. ) ;
#3857 = ORIENTED_EDGE ( 'NONE', *, *, #2260, .T. ) ;
#3858 = AXIS2_PLACEMENT_3D ( 'NONE', #3219, #6114, #6826 ) ;
#3859 = DIRECTION ( 'NONE',  ( 0.000000000000000000, 0.06975647374412563551, 0.9975640502598243087 ) ) ;
#3860 = VERTEX_POINT ( 'NONE', #7353 ) ;
#3861 = DIRECTION ( 'NONE',  ( 0.000000000000000000, -0.000000000000000000, -1.000000000000000000 ) ) ;
#3862 = CARTESIAN_POINT ( 'NONE',  ( 50.00000000000000000, 0.9999999898123584918, -25.10000000536236087 ) ) ;
#3863 = SURFACE_STYLE_USAGE ( .BOTH. , #870 ) ;
#3864 = CARTESIAN_POINT ( 'NONE',  ( -50.00000000000000000, -8.046190037690342578, 23.99999999640830950 ) ) ;
#3865 = EDGE_CURVE ( 'NONE', #2058, #5620, #6921, .T. ) ;
#3866 = ORIENTED_EDGE ( 'NONE', *, *, #3381, .T. ) ;
#3867 = PRESENTATION_LAYER_ASSIGNMENT (  '', '', ( #4841 ) ) ;
#3868 = ORIENTED_EDGE ( 'NONE', *, *, #4576, .F. ) ;
#3869 = ORIENTED_EDGE ( 'NONE', *, *, #7433, .T. ) ;
#3870 = CARTESIAN_POINT ( 'NONE',  ( -50.00000000000000000, -0.9999999962627335037, 27.05835622940180940 ) ) ;
#3871 = CARTESIAN_POINT ( 'NONE',  ( 50.00000000000000000, 0.6850834414178444964, -26.30000000237517455 ) ) ;
#3872 = SURFACE_STYLE_FILL_AREA ( #3951 ) ;
#3873 = AXIS2_PLACEMENT_3D ( 'NONE', #981, #5710, #1015 ) ;
#3874 = PRESENTATION_STYLE_ASSIGNMENT (( #4467 ) ) ;
#3875 = EDGE_CURVE ( 'NONE', #3127, #4268, #7431, .T. ) ;
#3876 = DIRECTION ( 'NONE',  ( -1.000000000000000000, -0.000000000000000000, -0.000000000000000000 ) ) ;
#3877 = MECHANICAL_DESIGN_GEOMETRIC_PRESENTATION_REPRESENTATION (  '', ( #5728 ), #1137 ) ;
#3878 = EDGE_LOOP ( 'NONE', ( #7030, #4706, #2153, #4908 ) ) ;
#3879 = STYLED_ITEM ( 'NONE', ( #5816 ), #6562 ) ;
#3880 = FACE_OUTER_BOUND ( 'NONE', #3150, .T. ) ;
#3881 = ORIENTED_EDGE ( 'NONE', *, *, #5050, .F. ) ;
#3882 = FILL_AREA_STYLE_COLOUR ( '', #2830 ) ;
#3883 =( NAMED_UNIT ( * ) SI_UNIT ( $, .STERADIAN. ) SOLID_ANGLE_UNIT ( ) );
#3884 = CIRCLE ( 'NONE', #161, 0.5000000000663571420 ) ;
#3885 = STYLED_ITEM ( 'NONE', ( #5756 ), #2768 ) ;
#3886 = SHAPE_DEFINITION_REPRESENTATION ( #1230, #3949 ) ;
#3887 =( LENGTH_UNIT ( ) NAMED_UNIT ( * ) SI_UNIT ( .MILLI., .METRE. ) );
#3888 = ORIENTED_EDGE ( 'NONE', *, *, #1394, .F. ) ;
#3889 = VECTOR ( 'NONE', #5175, 1000.000000000000000 ) ;
#3890 = DIRECTION ( 'NONE',  ( 0.000000000000000000, 0.000000000000000000, -1.000000000000000000 ) ) ;
#3891 = FILL_AREA_STYLE ('',( #2189 ) ) ;
#3892 = UNCERTAINTY_MEASURE_WITH_UNIT (LENGTH_MEASURE( 1.000000000000000082E-05 ), #3120, 'distance_accuracy_value', 'NONE');
#3893 =( LENGTH_UNIT ( ) NAMED_UNIT ( * ) SI_UNIT ( .MILLI., .METRE. ) );
#3894 = DIRECTION ( 'NONE',  ( 0.000000000000000000, 0.000000000000000000, -1.000000000000000000 ) ) ;
#3895 = DIRECTION ( 'NONE',  ( -1.000000000000000000, -0.000000000000000000, -0.000000000000000000 ) ) ;
#3896 = CARTESIAN_POINT ( 'NONE',  ( -50.00000000000000000, 1.300000008530825202, 24.80000000474848676 ) ) ;
#3897 = AXIS2_PLACEMENT_3D ( 'NONE', #5993, #697, #69 ) ;
#3898 = EDGE_LOOP ( 'NONE', ( #6703, #129, #2466, #4080 ) ) ;
#3899 = VECTOR ( 'NONE', #6844, 1000.000000000000000 ) ;
#3900 = COLOUR_RGB ( '',0.8980392156862745390, 0.9176470588235293713, 0.9294117647058823817 ) ;
#3901 = FILL_AREA_STYLE ('',( #6958 ) ) ;
#3902 = VERTEX_POINT ( 'NONE', #4988 ) ;
#3903 = EDGE_CURVE ( 'NONE', #5938, #5646, #2067, .T. ) ;
#3904 = DIRECTION ( 'NONE',  ( -1.000000000000000000, -0.000000000000000000, -0.000000000000000000 ) ) ;
#3905 = PLANE ( 'NONE',  #903 ) ;
#3906 = LINE ( 'NONE', #2160, #1646 ) ;
#3907 = DIRECTION ( 'NONE',  ( 0.000000000000000000, -1.000000000000000000, 0.000000000000000000 ) ) ;
#3908 = ORIENTED_EDGE ( 'NONE', *, *, #1545, .F. ) ;
#3909 =( GEOMETRIC_REPRESENTATION_CONTEXT ( 3 ) GLOBAL_UNCERTAINTY_ASSIGNED_CONTEXT ( ( #2915 ) ) GLOBAL_UNIT_ASSIGNED_CONTEXT ( ( #6481, #3539, #5828 ) ) REPRESENTATION_CONTEXT ( 'NONE', 'WORKASPACE' ) );
#3910 = ORIENTED_EDGE ( 'NONE', *, *, #5896, .T. ) ;
#3911 = FILL_AREA_STYLE_COLOUR ( '', #4423 ) ;
#3912 = ORIENTED_EDGE ( 'NONE', *, *, #5657, .F. ) ;
#3913 = CARTESIAN_POINT ( 'NONE',  ( -50.00000000000000000, -9.300000006406863307, -23.00000000826615931 ) ) ;
#3914 = CARTESIAN_POINT ( 'NONE',  ( -50.00000000000000000, -0.9999999976702030891, -27.05835622831537179 ) ) ;
#3915 = CARTESIAN_POINT ( 'NONE',  ( 50.00000000000000000, -11.60000000952259569, 23.49999999922655647 ) ) ;
#3916 = CIRCLE ( 'NONE', #3046, 0.3000000000000536682 ) ;
#3917 = MECHANICAL_DESIGN_GEOMETRIC_PRESENTATION_REPRESENTATION (  '', ( #2307 ), #3171 ) ;
#3918 =( NAMED_UNIT ( * ) SI_UNIT ( $, .STERADIAN. ) SOLID_ANGLE_UNIT ( ) );
#3919 = CIRCLE ( 'NONE', #5157, 0.2999999999999947153 ) ;
#3920 = DIRECTION ( 'NONE',  ( -1.000000000000000000, -0.000000000000000000, -0.000000000000000000 ) ) ;
#3921 = STYLED_ITEM ( 'NONE', ( #2416 ), #6593 ) ;
#3922 =( GEOMETRIC_REPRESENTATION_CONTEXT ( 3 ) GLOBAL_UNCERTAINTY_ASSIGNED_CONTEXT ( ( #194 ) ) GLOBAL_UNIT_ASSIGNED_CONTEXT ( ( #211, #3812, #3686 ) ) REPRESENTATION_CONTEXT ( 'NONE', 'WORKASPACE' ) );
#3923 = ORIENTED_EDGE ( 'NONE', *, *, #7587, .T. ) ;
#3924 = COLOUR_RGB ( '',0.8980392156862745390, 0.9176470588235293713, 0.9294117647058823817 ) ;
#3925 = CYLINDRICAL_SURFACE ( 'NONE', #3011, 2.000000000496771069 ) ;
#3926 =( NAMED_UNIT ( * ) PLANE_ANGLE_UNIT ( ) SI_UNIT ( $, .RADIAN. ) );
#3927 = ORIENTED_EDGE ( 'NONE', *, *, #7470, .T. ) ;
#3928 = CARTESIAN_POINT ( 'NONE',  ( 50.00000000000000000, -3.716140078100125255, 25.54619003423594492 ) ) ;
#3929 = DIRECTION ( 'NONE',  ( -1.000000000000000000, -0.000000000000000000, -0.000000000000000000 ) ) ;
#3930 = ADVANCED_FACE ( 'NONE', ( #1599 ), #6211, .T. ) ;
#3931 = ADVANCED_FACE ( 'NONE', ( #3328 ), #5681, .F. ) ;
#3932 = CIRCLE ( 'NONE', #334, 0.5000000000501096942 ) ;
#3933 = CARTESIAN_POINT ( 'NONE',  ( -50.00000000000000000, -0.5000000100738536402, 29.49999999992888888 ) ) ;
#3934 = DIRECTION ( 'NONE',  ( 1.000000000000000000, 0.000000000000000000, 0.000000000000000000 ) ) ;
#3935 = SURFACE_STYLE_FILL_AREA ( #7426 ) ;
#3936 = FACE_OUTER_BOUND ( 'NONE', #1933, .T. ) ;
#3937 = DIRECTION ( 'NONE',  ( 0.000000000000000000, 0.000000000000000000, -1.000000000000000000 ) ) ;
#3938 = ORIENTED_EDGE ( 'NONE', *, *, #3354, .F. ) ;
#3939 =( LENGTH_UNIT ( ) NAMED_UNIT ( * ) SI_UNIT ( .MILLI., .METRE. ) );
#3940 = ORIENTED_EDGE ( 'NONE', *, *, #1195, .F. ) ;
#3941 =( NAMED_UNIT ( * ) PLANE_ANGLE_UNIT ( ) SI_UNIT ( $, .RADIAN. ) );
#3942 = MECHANICAL_DESIGN_GEOMETRIC_PRESENTATION_REPRESENTATION (  '', ( #1835 ), #3198 ) ;
#3943 =( GEOMETRIC_REPRESENTATION_CONTEXT ( 3 ) GLOBAL_UNCERTAINTY_ASSIGNED_CONTEXT ( ( #3554 ) ) GLOBAL_UNIT_ASSIGNED_CONTEXT ( ( #6920, #6368, #3210 ) ) REPRESENTATION_CONTEXT ( 'NONE', 'WORKASPACE' ) );
#3944 = ORIENTED_EDGE ( 'NONE', *, *, #2172, .T. ) ;
#3945 = ADVANCED_FACE ( 'NONE', ( #1126 ), #5910, .T. ) ;
#3946 = ORIENTED_EDGE ( 'NONE', *, *, #6324, .F. ) ;
#3947 = DIRECTION ( 'NONE',  ( 0.000000000000000000, -1.000000000000000000, 0.000000000000000000 ) ) ;
#3948 = ORIENTED_EDGE ( 'NONE', *, *, #6378, .T. ) ;
#3949 = SHAPE_REPRESENTATION ( 'SC-FT60x25-1-K188', ( #6651 ), #6639 ) ;
#3950 = DIRECTION ( 'NONE',  ( -1.000000000000000000, -0.000000000000000000, -0.000000000000000000 ) ) ;
#3951 = FILL_AREA_STYLE ('',( #5154 ) ) ;
#3952 = DIRECTION ( 'NONE',  ( 1.000000000000000000, 0.000000000000000000, 0.000000000000000000 ) ) ;
#3953 = SURFACE_SIDE_STYLE ('',( #3472 ) ) ;
#3954 = EDGE_CURVE ( 'NONE', #5176, #172, #1061, .T. ) ;
#3955 = CYLINDRICAL_SURFACE ( 'NONE', #5326, 0.5000000000663571420 ) ;
#3956 = CARTESIAN_POINT ( 'NONE',  ( 50.00000000000000000, 0.9999999900335166947, -31.50000000578151571 ) ) ;
#3957 = CARTESIAN_POINT ( 'NONE',  ( 50.00000000000000000, -9.300000006406863307, -23.00000000826615931 ) ) ;
#3958 = ORIENTED_EDGE ( 'NONE', *, *, #2546, .T. ) ;
#3959 = PLANE ( 'NONE',  #7624 ) ;
#3960 = SURFACE_STYLE_USAGE ( .BOTH. , #498 ) ;
#3961 = LINE ( 'NONE', #1045, #6231 ) ;
#3962 =( NAMED_UNIT ( * ) SI_UNIT ( $, .STERADIAN. ) SOLID_ANGLE_UNIT ( ) );
#3963 = SURFACE_STYLE_USAGE ( .BOTH. , #3349 ) ;
#3964 = EDGE_CURVE ( 'NONE', #7614, #4644, #7498, .T. ) ;
#3965 = PRESENTATION_STYLE_ASSIGNMENT (( #5168 ) ) ;
#3966 = EDGE_CURVE ( 'NONE', #6377, #6923, #7540, .T. ) ;
#3967 = EDGE_CURVE ( 'NONE', #994, #1896, #3460, .T. ) ;
#3968 = CARTESIAN_POINT ( 'NONE',  ( 50.00000000000000000, -1.074170224274815455, -28.03611195231352937 ) ) ;
#3969 = DIRECTION ( 'NONE',  ( 1.000000000000000000, 0.000000000000000000, 0.000000000000000000 ) ) ;
#3970 = FACE_OUTER_BOUND ( 'NONE', #7437, .T. ) ;
#3971 = DIRECTION ( 'NONE',  ( 1.000000000000000000, 0.000000000000000000, 0.000000000000000000 ) ) ;
#3972 = VECTOR ( 'NONE', #2949, 1000.000000000000000 ) ;
#3973 =( NAMED_UNIT ( * ) SI_UNIT ( $, .STERADIAN. ) SOLID_ANGLE_UNIT ( ) );
#3974 = SURFACE_STYLE_USAGE ( .BOTH. , #1634 ) ;
#3975 = ORIENTED_EDGE ( 'NONE', *, *, #2027, .F. ) ;
#3976 = EDGE_CURVE ( 'NONE', #7636, #5874, #4679, .T. ) ;
#3977 = VECTOR ( 'NONE', #365, 1000.000000000000000 ) ;
#3978 = DIRECTION ( 'NONE',  ( -1.000000000000000000, -0.000000000000000000, -0.000000000000000000 ) ) ;
#3979 = CARTESIAN_POINT ( 'NONE',  ( 50.00000000000000000, -8.546190037690342578, 23.49999999640830950 ) ) ;
#3980 = FACE_OUTER_BOUND ( 'NONE', #2237, .T. ) ;
#3981 = COLOUR_RGB ( '',0.8980392156862745390, 0.9176470588235293713, 0.9294117647058823817 ) ;
#3982 = VERTEX_POINT ( 'NONE', #2885 ) ;
#3983 = APPLICATION_CONTEXT ( 'automotive_design' ) ;
#3984 = PRESENTATION_LAYER_ASSIGNMENT (  '', '', ( #396 ) ) ;
#3985 = ORIENTED_EDGE ( 'NONE', *, *, #4941, .F. ) ;
#3986 = DIRECTION ( 'NONE',  ( -0.000000000000000000, 1.000000000000000000, -0.000000000000000000 ) ) ;
#3987 = VERTEX_POINT ( 'NONE', #4604 ) ;
#3988 =( LENGTH_UNIT ( ) NAMED_UNIT ( * ) SI_UNIT ( .MILLI., .METRE. ) );
#3989 = SURFACE_STYLE_FILL_AREA ( #5687 ) ;
#3990 = CARTESIAN_POINT ( 'NONE',  ( 50.00000000000000000, 12.50000001842155228, -25.99999999486307800 ) ) ;
#3991 =( NAMED_UNIT ( * ) PLANE_ANGLE_UNIT ( ) SI_UNIT ( $, .RADIAN. ) );
#3992 = COLOUR_RGB ( '',0.8980392156862745390, 0.9176470588235293713, 0.9294117647058823817 ) ;
#3993 = LINE ( 'NONE', #6970, #6565 ) ;
#3994 = ORIENTED_EDGE ( 'NONE', *, *, #2038, .T. ) ;
#3995 = SURFACE_STYLE_USAGE ( .BOTH. , #2070 ) ;
#3996 = CARTESIAN_POINT ( 'NONE',  ( -50.00000000000000000, 0.7000000064127678279, -28.09997438469024544 ) ) ;
#3997 = STYLED_ITEM ( 'NONE', ( #823 ), #2926 ) ;
#3998 = ORIENTED_EDGE ( 'NONE', *, *, #5199, .T. ) ;
#3999 = DIRECTION ( 'NONE',  ( -1.000000000000000000, -0.000000000000000000, -0.000000000000000000 ) ) ;
#4000 = EDGE_CURVE ( 'NONE', #4414, #3987, #5247, .T. ) ;
#4002 = CARTESIAN_POINT ( 'NONE',  ( 50.00000000000000000, 0.6999999914620111952, 26.30000000293866691 ) ) ;
#4001 =( GEOMETRIC_REPRESENTATION_CONTEXT ( 3 ) GLOBAL_UNCERTAINTY_ASSIGNED_CONTEXT ( ( #4231 ) ) GLOBAL_UNIT_ASSIGNED_CONTEXT ( ( #3152, #3684, #4939 ) ) REPRESENTATION_CONTEXT ( 'NONE', 'WORKASPACE' ) );
#4003 = FACE_OUTER_BOUND ( 'NONE', #990, .T. ) ;
#4004 = ADVANCED_FACE ( 'NONE', ( #3497 ), #5868, .F. ) ;
#4005 = COLOUR_RGB ( '',0.8980392156862745390, 0.9176470588235293713, 0.9294117647058823817 ) ;
#4006 =( LENGTH_UNIT ( ) NAMED_UNIT ( * ) SI_UNIT ( .MILLI., .METRE. ) );
#4007 = VECTOR ( 'NONE', #6065, 1000.000000000000000 ) ;
#4008 = SURFACE_STYLE_FILL_AREA ( #5200 ) ;
#4009 = CARTESIAN_POINT ( 'NONE',  ( -50.00000000000000000, -7.250435497136709095, -26.03299288684889135 ) ) ;
#4010 =( NAMED_UNIT ( * ) SI_UNIT ( $, .STERADIAN. ) SOLID_ANGLE_UNIT ( ) );
#4011 = EDGE_LOOP ( 'NONE', ( #487, #4026, #4694, #4749 ) ) ;
#4012 =( GEOMETRIC_REPRESENTATION_CONTEXT ( 3 ) GLOBAL_UNCERTAINTY_ASSIGNED_CONTEXT ( ( #4451 ) ) GLOBAL_UNIT_ASSIGNED_CONTEXT ( ( #4320, #2733, #6871 ) ) REPRESENTATION_CONTEXT ( 'NONE', 'WORKASPACE' ) );
#4013 = AXIS2_PLACEMENT_3D ( 'NONE', #7112, #126, #7273 ) ;
#4014 = CARTESIAN_POINT ( 'NONE',  ( 50.00000000000000000, -4.015409294884536351, -25.82526309750598870 ) ) ;
#4015 = CARTESIAN_POINT ( 'NONE',  ( 50.00000000000000000, -1.000000009731997430, 29.99999999995304378 ) ) ;
#4016 = CIRCLE ( 'NONE', #5975, 0.5000000000000073275 ) ;
#4017 =( NAMED_UNIT ( * ) SI_UNIT ( $, .STERADIAN. ) SOLID_ANGLE_UNIT ( ) );
#4018 = STYLED_ITEM ( 'NONE', ( #7022 ), #2353 ) ;
#4019 = EDGE_CURVE ( 'NONE', #1222, #5442, #2461, .T. ) ;
#4020 = EDGE_CURVE ( 'NONE', #7276, #4165, #212, .T. ) ;
#4021 = CARTESIAN_POINT ( 'NONE',  ( 50.00000000000000000, -6.283859939889388180, 25.84619003422375272 ) ) ;
#4022 = EDGE_LOOP ( 'NONE', ( #1263, #5367, #5305, #5680 ) ) ;
#4023 = VECTOR ( 'NONE', #3237, 1000.000000000000000 ) ;
#4024 = AXIS2_PLACEMENT_3D ( 'NONE', #3695, #5709, #6681 ) ;
#4025 =( GEOMETRIC_REPRESENTATION_CONTEXT ( 3 ) GLOBAL_UNCERTAINTY_ASSIGNED_CONTEXT ( ( #6761 ) ) GLOBAL_UNIT_ASSIGNED_CONTEXT ( ( #3181, #1894, #4923 ) ) REPRESENTATION_CONTEXT ( 'NONE', 'WORKASPACE' ) );
#4026 = ORIENTED_EDGE ( 'NONE', *, *, #6622, .F. ) ;
#4027 =( LENGTH_UNIT ( ) NAMED_UNIT ( * ) SI_UNIT ( .MILLI., .METRE. ) );
#4028 = EDGE_LOOP ( 'NONE', ( #2254, #1130, #5617, #7305 ) ) ;
#4029 = DIRECTION ( 'NONE',  ( 0.000000000000000000, 0.000000000000000000, 1.000000000000000000 ) ) ;
#4030 = COLOUR_RGB ( '',0.8980392156862745390, 0.9176470588235293713, 0.9294117647058823817 ) ;
#4031 = AXIS2_PLACEMENT_3D ( 'NONE', #937, #3843, #6194 ) ;
#4032 =( LENGTH_UNIT ( ) NAMED_UNIT ( * ) SI_UNIT ( .MILLI., .METRE. ) );
#4033 = FILL_AREA_STYLE_COLOUR ( '', #3166 ) ;
#4034 = PRESENTATION_STYLE_ASSIGNMENT (( #1616 ) ) ;
#4035 = STYLED_ITEM ( 'NONE', ( #6512 ), #5359 ) ;
#4036 = ORIENTED_EDGE ( 'NONE', *, *, #6931, .F. ) ;
#4037 = CARTESIAN_POINT ( 'NONE',  ( -50.00000000000000000, -9.800000003943328153, -23.00000000826615931 ) ) ;
#4038 = DIRECTION ( 'NONE',  ( -1.000000000000000000, -0.000000000000000000, -0.000000000000000000 ) ) ;
#4039 = ORIENTED_EDGE ( 'NONE', *, *, #3856, .F. ) ;
#4040 = CARTESIAN_POINT ( 'NONE',  ( 50.00000000000000000, -5.850000010672388839, -27.75000000524338617 ) ) ;
#4041 = SURFACE_SIDE_STYLE ('',( #7674 ) ) ;
#4042 = DIRECTION ( 'NONE',  ( 0.000000000000000000, 0.000000000000000000, -1.000000000000000000 ) ) ;
#4043 = VECTOR ( 'NONE', #2905, 1000.000000000000000 ) ;
#4044 = FILL_AREA_STYLE_COLOUR ( '', #3325 ) ;
#4045 = EDGE_CURVE ( 'NONE', #6387, #109, #4328, .T. ) ;
#4046 = VECTOR ( 'NONE', #5951, 1000.000000000000114 ) ;
#4047 = DIRECTION ( 'NONE',  ( -1.000000000000000000, -0.000000000000000000, -0.000000000000000000 ) ) ;
#4048 = DIRECTION ( 'NONE',  ( 0.000000000000000000, 0.000000000000000000, -1.000000000000000000 ) ) ;
#4049 = MECHANICAL_DESIGN_GEOMETRIC_PRESENTATION_REPRESENTATION (  '', ( #6891 ), #7511 ) ;
#4050 =( LENGTH_UNIT ( ) NAMED_UNIT ( * ) SI_UNIT ( .MILLI., .METRE. ) );
#4051 = CYLINDRICAL_SURFACE ( 'NONE', #3603, 2.000000000276239032 ) ;
#4052 = PRESENTATION_LAYER_ASSIGNMENT (  '', '', ( #3425 ) ) ;
#4053 = LINE ( 'NONE', #1800, #6145 ) ;
#4054 = ORIENTED_EDGE ( 'NONE', *, *, #2734, .T. ) ;
#4055 = COLOUR_RGB ( '',0.8980392156862745390, 0.9176470588235293713, 0.9294117647058823817 ) ;
#4056 = DIRECTION ( 'NONE',  ( 1.000000000000000000, 0.000000000000000000, 0.000000000000000000 ) ) ;
#4057 = VECTOR ( 'NONE', #1418, 1000.000000000000000 ) ;
#4058 = FILL_AREA_STYLE ('',( #414 ) ) ;
#4059 = VECTOR ( 'NONE', #1138, 999.9999999999998863 ) ;
#4060 = ORIENTED_EDGE ( 'NONE', *, *, #7116, .F. ) ;
#4061 = ADVANCED_FACE ( 'NONE', ( #1997 ), #1276, .F. ) ;
#4062 = EDGE_CURVE ( 'NONE', #2744, #3693, #5939, .T. ) ;
#4063 = EDGE_CURVE ( 'NONE', #5398, #5163, #2578, .T. ) ;
#4064 = AXIS2_PLACEMENT_3D ( 'NONE', #1260, #4116, #6630 ) ;
#4065 = VERTEX_POINT ( 'NONE', #3687 ) ;
#4066 = FILL_AREA_STYLE ('',( #3644 ) ) ;
#4067 = VERTEX_POINT ( 'NONE', #743 ) ;
#4068 = VECTOR ( 'NONE', #1737, 1000.000000000000000 ) ;
#4069 = LINE ( 'NONE', #3471, #4757 ) ;
#4070 =( LENGTH_UNIT ( ) NAMED_UNIT ( * ) SI_UNIT ( .MILLI., .METRE. ) );
#4071 = COLOUR_RGB ( '',0.8980392156862745390, 0.9176470588235293713, 0.9294117647058823817 ) ;
#4072 = CARTESIAN_POINT ( 'NONE',  ( 50.00000000000000000, 0.9999999912927055590, 28.60000000293902289 ) ) ;
#4073 = LINE ( 'NONE', #3448, #3418 ) ;
#4074 =( LENGTH_UNIT ( ) NAMED_UNIT ( * ) SI_UNIT ( .MILLI., .METRE. ) );
#4075 = VERTEX_POINT ( 'NONE', #3155 ) ;
#4076 = DIRECTION ( 'NONE',  ( -0.000000000000000000, -1.000000000000000000, -0.000000000000000000 ) ) ;
#4077 = DIRECTION ( 'NONE',  ( 1.000000000000000000, 0.000000000000000000, 0.000000000000000000 ) ) ;
#4078 = DIRECTION ( 'NONE',  ( 0.000000000000000000, 0.000000000000000000, -1.000000000000000000 ) ) ;
#4079 = CYLINDRICAL_SURFACE ( 'NONE', #4530, 2.000000000000671463 ) ;
#4080 = ORIENTED_EDGE ( 'NONE', *, *, #6125, .T. ) ;
#4081 = PLANE ( 'NONE',  #6406 ) ;
#4082 = UNCERTAINTY_MEASURE_WITH_UNIT (LENGTH_MEASURE( 1.000000000000000082E-05 ), #2220, 'distance_accuracy_value', 'NONE');
#4083 = UNCERTAINTY_MEASURE_WITH_UNIT (LENGTH_MEASURE( 1.000000000000000082E-05 ), #3386, 'distance_accuracy_value', 'NONE');
#4084 =( LENGTH_UNIT ( ) NAMED_UNIT ( * ) SI_UNIT ( .MILLI., .METRE. ) );
#4085 = VERTEX_POINT ( 'NONE', #4940 ) ;
#4086 = LINE ( 'NONE', #1903, #2101 ) ;
#4087 =( NAMED_UNIT ( * ) PLANE_ANGLE_UNIT ( ) SI_UNIT ( $, .RADIAN. ) );
#4088 = CARTESIAN_POINT ( 'NONE',  ( -50.00000000000000000, -4.000000009635683362, -30.00000000499974462 ) ) ;
#4089 = DIRECTION ( 'NONE',  ( 0.000000000000000000, 0.06975647374413405932, -0.9975640502598237536 ) ) ;
#4090 = ORIENTED_EDGE ( 'NONE', *, *, #6371, .F. ) ;
#4091 = PRESENTATION_STYLE_ASSIGNMENT (( #5356 ) ) ;
#4092 = DIRECTION ( 'NONE',  ( 0.000000000000000000, -0.000000000000000000, -1.000000000000000000 ) ) ;
#4093 = EDGE_CURVE ( 'NONE', #4919, #1652, #7309, .T. ) ;
#4094 = SURFACE_STYLE_FILL_AREA ( #4058 ) ;
#4095 = ORIENTED_EDGE ( 'NONE', *, *, #1836, .T. ) ;
#4096 = FACE_OUTER_BOUND ( 'NONE', #293, .T. ) ;
#4097 = ORIENTED_EDGE ( 'NONE', *, *, #6440, .T. ) ;
#4098 = UNCERTAINTY_MEASURE_WITH_UNIT (LENGTH_MEASURE( 1.000000000000000082E-05 ), #535, 'distance_accuracy_value', 'NONE');
#4099 = AXIS2_PLACEMENT_3D ( 'NONE', #353, #2138, #4499 ) ;
#4100 = ORIENTED_EDGE ( 'NONE', *, *, #552, .T. ) ;
#4101 = PRESENTATION_STYLE_ASSIGNMENT (( #1135 ) ) ;
#4102 = AXIS2_PLACEMENT_3D ( 'NONE', #1155, #1119, #474 ) ;
#4103 = CYLINDRICAL_SURFACE ( 'NONE', #6718, 0.5000000000000004441 ) ;
#4104 = SURFACE_SIDE_STYLE ('',( #1655 ) ) ;
#4105 = CARTESIAN_POINT ( 'NONE',  ( -50.00000000000000000, 0.6850834414178444964, -26.30000000237517455 ) ) ;
#4106 = DIRECTION ( 'NONE',  ( 0.000000000000000000, 0.000000000000000000, -1.000000000000000000 ) ) ;
#4107 = MECHANICAL_DESIGN_GEOMETRIC_PRESENTATION_REPRESENTATION (  '', ( #6576 ), #3474 ) ;
#4108 = DIRECTION ( 'NONE',  ( -0.000000000000000000, -0.000000000000000000, -1.000000000000000000 ) ) ;
#4109 = ORIENTED_EDGE ( 'NONE', *, *, #2875, .T. ) ;
#4110 = CARTESIAN_POINT ( 'NONE',  ( -50.00000000000000000, -1.000000009758420738, -30.00000000523828092 ) ) ;
#4111 = DIRECTION ( 'NONE',  ( -1.000000000000000000, -0.000000000000000000, -0.000000000000000000 ) ) ;
#4112 = DIRECTION ( 'NONE',  ( 0.000000000000000000, -0.000000000000000000, 1.000000000000000000 ) ) ;
#4113 = EDGE_CURVE ( 'NONE', #5491, #3185, #898, .T. ) ;
#4114 = EDGE_CURVE ( 'NONE', #2813, #3277, #5137, .T. ) ;
#4115 = ORIENTED_EDGE ( 'NONE', *, *, #155, .F. ) ;
#4116 = DIRECTION ( 'NONE',  ( -0.000000000000000000, 0.1483404530702455426, 0.9889363528472974174 ) ) ;
#4117 = MECHANICAL_DESIGN_GEOMETRIC_PRESENTATION_REPRESENTATION (  '', ( #4983 ), #5957 ) ;
#4118 = SURFACE_SIDE_STYLE ('',( #1751 ) ) ;
#4119 = EDGE_LOOP ( 'NONE', ( #1784, #2292, #496, #4307 ) ) ;
#4120 = DIRECTION ( 'NONE',  ( -1.000000000000000000, 0.000000000000000000, -0.000000000000000000 ) ) ;
#4121 = DIRECTION ( 'NONE',  ( 0.000000000000000000, 0.000000000000000000, 1.000000000000000000 ) ) ;
#4122 = VECTOR ( 'NONE', #4821, 1000.000000000000000 ) ;
#4123 = ORIENTED_EDGE ( 'NONE', *, *, #955, .T. ) ;
#4124 = DIRECTION ( 'NONE',  ( 0.000000000000000000, 0.000000000000000000, -1.000000000000000000 ) ) ;
#4125 = CARTESIAN_POINT ( 'NONE',  ( 50.00000000000000000, 0.6850834425882190715, 26.30000000293866691 ) ) ;
#4126 =( LENGTH_UNIT ( ) NAMED_UNIT ( * ) SI_UNIT ( .MILLI., .METRE. ) );
#4127 =( NAMED_UNIT ( * ) SI_UNIT ( $, .STERADIAN. ) SOLID_ANGLE_UNIT ( ) );
#4128 = CIRCLE ( 'NONE', #2034, 0.3000000000000016542 ) ;
#4129 = ORIENTED_EDGE ( 'NONE', *, *, #3403, .F. ) ;
#4130 = CIRCLE ( 'NONE', #5135, 0.5000000000588388227 ) ;
#4131 = CARTESIAN_POINT ( 'NONE',  ( -50.00000000000000000, -7.500000009615677143, 29.49999999942057372 ) ) ;
#4132 = ORIENTED_EDGE ( 'NONE', *, *, #2911, .F. ) ;
#4133 = COLOUR_RGB ( '',0.8980392156862745390, 0.9176470588235293713, 0.9294117647058823817 ) ;
#4134 = ORIENTED_EDGE ( 'NONE', *, *, #1397, .T. ) ;
#4135 = DIRECTION ( 'NONE',  ( -1.000000000000000000, -0.000000000000000000, -0.000000000000000000 ) ) ;
#4136 = LINE ( 'NONE', #6535, #6989 ) ;
#4137 =( NAMED_UNIT ( * ) SI_UNIT ( $, .STERADIAN. ) SOLID_ANGLE_UNIT ( ) );
#4138 = FILL_AREA_STYLE_COLOUR ( '', #5983 ) ;
#4139 = AXIS2_PLACEMENT_3D ( 'NONE', #6782, #3295, #3835 ) ;
#4140 = LINE ( 'NONE', #4105, #5534 ) ;
#4141 = AXIS2_PLACEMENT_3D ( 'NONE', #3385, #980, #3204 ) ;
#4142 = AXIS2_PLACEMENT_3D ( 'NONE', #3416, #2984, #1144 ) ;
#4143 = ORIENTED_EDGE ( 'NONE', *, *, #3249, .F. ) ;
#4144 = MECHANICAL_DESIGN_GEOMETRIC_PRESENTATION_REPRESENTATION (  '', ( #6873 ), #6241 ) ;
#4145 = DIRECTION ( 'NONE',  ( -1.000000000000000000, -0.000000000000000000, -0.000000000000000000 ) ) ;
#4146 = VECTOR ( 'NONE', #5861, 1000.000000000000000 ) ;
#4147 = CARTESIAN_POINT ( 'NONE',  ( 50.00000000000000000, -8.546190037690335473, 24.25060968318601340 ) ) ;
#4148 = EDGE_CURVE ( 'NONE', #3366, #2239, #4355, .T. ) ;
#4149 = ORIENTED_EDGE ( 'NONE', *, *, #4376, .F. ) ;
#4150 = DIRECTION ( 'NONE',  ( 0.000000000000000000, 0.000000000000000000, 1.000000000000000000 ) ) ;
#4151 = ORIENTED_EDGE ( 'NONE', *, *, #388, .F. ) ;
#4152 = AXIS2_PLACEMENT_3D ( 'NONE', #4663, #2802, #1006 ) ;
#4153 =( NAMED_UNIT ( * ) SI_UNIT ( $, .STERADIAN. ) SOLID_ANGLE_UNIT ( ) );
#4154 = EDGE_CURVE ( 'NONE', #6181, #2049, #3228, .T. ) ;
#4155 = EDGE_CURVE ( 'NONE', #1571, #4946, #6914, .T. ) ;
#4156 = DIRECTION ( 'NONE',  ( -1.000000000000000000, -0.000000000000000000, -0.000000000000000000 ) ) ;
#4157 = EDGE_CURVE ( 'NONE', #4193, #746, #2002, .T. ) ;
#4158 = ORIENTED_EDGE ( 'NONE', *, *, #499, .F. ) ;
#4159 = SURFACE_SIDE_STYLE ('',( #2991 ) ) ;
#4160 = PRESENTATION_LAYER_ASSIGNMENT (  '', '', ( #3148 ) ) ;
#4161 = CARTESIAN_POINT ( 'NONE',  ( 50.00000000000000000, -2.621317553387734645, -24.80000000537329896 ) ) ;
#4162 = CIRCLE ( 'NONE', #7391, 0.4999999999995147215 ) ;
#4163 = CARTESIAN_POINT ( 'NONE',  ( 0.000000000000000000, 0.000000000000000000, 0.000000000000000000 ) ) ;
#4164 = VECTOR ( 'NONE', #2381, 1000.000000000000000 ) ;
#4165 = VERTEX_POINT ( 'NONE', #1444 ) ;
#4166 = DIRECTION ( 'NONE',  ( 0.000000000000000000, 0.000000000000000000, 1.000000000000000000 ) ) ;
#4167 = STYLED_ITEM ( 'NONE', ( #4826 ), #7186 ) ;
#4168 = CARTESIAN_POINT ( 'NONE',  ( -50.00000000000000000, 2.999656189158373731, 25.10000000477613114 ) ) ;
#4169 =( GEOMETRIC_REPRESENTATION_CONTEXT ( 3 ) GLOBAL_UNCERTAINTY_ASSIGNED_CONTEXT ( ( #7028 ) ) GLOBAL_UNIT_ASSIGNED_CONTEXT ( ( #1410, #4909, #723 ) ) REPRESENTATION_CONTEXT ( 'NONE', 'WORKASPACE' ) );
#4170 = CYLINDRICAL_SURFACE ( 'NONE', #1920, 0.3000000000000085931 ) ;
#4171 = VERTEX_POINT ( 'NONE', #979 ) ;
#4172 = AXIS2_PLACEMENT_3D ( 'NONE', #7228, #1954, #2040 ) ;
#4173 =( LENGTH_UNIT ( ) NAMED_UNIT ( * ) SI_UNIT ( .MILLI., .METRE. ) );
#4174 = UNCERTAINTY_MEASURE_WITH_UNIT (LENGTH_MEASURE( 1.000000000000000082E-05 ), #2879, 'distance_accuracy_value', 'NONE');
#4175 = ORIENTED_EDGE ( 'NONE', *, *, #6381, .F. ) ;
#4176 = AXIS2_PLACEMENT_3D ( 'NONE', #3238, #5040, #4460 ) ;
#4177 = DIRECTION ( 'NONE',  ( -1.000000000000000000, -0.000000000000000000, -0.000000000000000000 ) ) ;
#4178 = FILL_AREA_STYLE_COLOUR ( '', #2530 ) ;
#4179 = DIRECTION ( 'NONE',  ( 0.000000000000000000, 0.000000000000000000, -1.000000000000000000 ) ) ;
#4180 = UNCERTAINTY_MEASURE_WITH_UNIT (LENGTH_MEASURE( 1.000000000000000082E-05 ), #2251, 'distance_accuracy_value', 'NONE');
#4181 = CARTESIAN_POINT ( 'NONE',  ( 50.00000000000000000, 1.300000006756061310, -25.09997438307373940 ) ) ;
#4182 = MECHANICAL_DESIGN_GEOMETRIC_PRESENTATION_REPRESENTATION (  '', ( #90 ), #5542 ) ;
#4183 = ORIENTED_EDGE ( 'NONE', *, *, #5100, .T. ) ;
#4184 = CARTESIAN_POINT ( 'NONE',  ( 50.00000000000000000, 0.6999999912927074019, 28.60000000293902289 ) ) ;
#4185 = CARTESIAN_POINT ( 'NONE',  ( 50.00000000000000000, 0.9999999899816484072, -28.60000000237553053 ) ) ;
#4186 = ORIENTED_EDGE ( 'NONE', *, *, #3967, .T. ) ;
#4187 =( NAMED_UNIT ( * ) PLANE_ANGLE_UNIT ( ) SI_UNIT ( $, .RADIAN. ) );
#4188 =( LENGTH_UNIT ( ) NAMED_UNIT ( * ) SI_UNIT ( .MILLI., .METRE. ) );
#4189 = CARTESIAN_POINT ( 'NONE',  ( 50.00000000000000000, -6.750609693278262213, 25.54619003422375911 ) ) ;
#4190 = PRESENTATION_LAYER_ASSIGNMENT (  '', '', ( #2580 ) ) ;
#4191 =( NAMED_UNIT ( * ) SI_UNIT ( $, .STERADIAN. ) SOLID_ANGLE_UNIT ( ) );
#4192 = EDGE_CURVE ( 'NONE', #5398, #5237, #2618, .T. ) ;
#4193 = VERTEX_POINT ( 'NONE', #3769 ) ;
#4194 = VECTOR ( 'NONE', #2436, 1000.000000000000000 ) ;
#4195 = SURFACE_SIDE_STYLE ('',( #5343 ) ) ;
#4196 =( NAMED_UNIT ( * ) PLANE_ANGLE_UNIT ( ) SI_UNIT ( $, .RADIAN. ) );
#4197 = ORIENTED_EDGE ( 'NONE', *, *, #3318, .T. ) ;
#4198 = PRESENTATION_STYLE_ASSIGNMENT (( #1948 ) ) ;
#4199 = EDGE_CURVE ( 'NONE', #2114, #5442, #6943, .T. ) ;
#4200 =( NAMED_UNIT ( * ) PLANE_ANGLE_UNIT ( ) SI_UNIT ( $, .RADIAN. ) );
#4201 = EDGE_CURVE ( 'NONE', #1846, #51, #4411, .T. ) ;
#4202 = EDGE_CURVE ( 'NONE', #2014, #1880, #5069, .T. ) ;
#4203 = VERTEX_POINT ( 'NONE', #7344 ) ;
#4204 =( LENGTH_UNIT ( ) NAMED_UNIT ( * ) SI_UNIT ( .MILLI., .METRE. ) );
#4205 = CYLINDRICAL_SURFACE ( 'NONE', #5399, 1.249999999268169848 ) ;
#4206 = SURFACE_STYLE_USAGE ( .BOTH. , #1841 ) ;
#4207 = CARTESIAN_POINT ( 'NONE',  ( -50.00000000000000000, -1.299999993536965492, -27.54161815809441904 ) ) ;
#4208 = EDGE_CURVE ( 'NONE', #6179, #5433, #1520, .T. ) ;
#4209 = ORIENTED_EDGE ( 'NONE', *, *, #6306, .F. ) ;
#4210 = CARTESIAN_POINT ( 'NONE',  ( -50.00000000000000000, -6.750609692321838828, -26.04619003961675006 ) ) ;
#4211 = VERTEX_POINT ( 'NONE', #947 ) ;
#4212 = SURFACE_STYLE_USAGE ( .BOTH. , #7278 ) ;
#4213 = DIRECTION ( 'NONE',  ( 0.000000000000000000, 0.000000000000000000, -1.000000000000000000 ) ) ;
#4214 =( NAMED_UNIT ( * ) PLANE_ANGLE_UNIT ( ) SI_UNIT ( $, .RADIAN. ) );
#4215 = CARTESIAN_POINT ( 'NONE',  ( 50.00000000000000000, 3.299656189186019883, 25.10000000477613114 ) ) ;
#4216 = AXIS2_PLACEMENT_3D ( 'NONE', #7366, #2063, #6780 ) ;
#4217 = LINE ( 'NONE', #3054, #6775 ) ;
#4218 = LINE ( 'NONE', #6502, #7557 ) ;
#4219 = PRODUCT_DEFINITION_SHAPE ( 'NONE', 'NONE',  #7688 ) ;
#4220 =( GEOMETRIC_REPRESENTATION_CONTEXT ( 3 ) GLOBAL_UNCERTAINTY_ASSIGNED_CONTEXT ( ( #1133 ) ) GLOBAL_UNIT_ASSIGNED_CONTEXT ( ( #919, #3213, #2636 ) ) REPRESENTATION_CONTEXT ( 'NONE', 'WORKASPACE' ) );
#4221 = CIRCLE ( 'NONE', #1233, 0.3000000000342936679 ) ;
#4222 = ORIENTED_EDGE ( 'NONE', *, *, #4528, .F. ) ;
#4223 = DIRECTION ( 'NONE',  ( -1.000000000000000000, -0.000000000000000000, -0.000000000000000000 ) ) ;
#4224 = DIRECTION ( 'NONE',  ( -0.000000000000000000, -1.000000000000000000, -0.000000000000000000 ) ) ;
#4225 = ORIENTED_EDGE ( 'NONE', *, *, #271, .T. ) ;
#4226 = FILL_AREA_STYLE ('',( #3669 ) ) ;
#4227 = FACE_OUTER_BOUND ( 'NONE', #3786, .T. ) ;
#4228 = SURFACE_STYLE_FILL_AREA ( #7208 ) ;
#4229 = ORIENTED_EDGE ( 'NONE', *, *, #2928, .F. ) ;
#4230 = FILL_AREA_STYLE_COLOUR ( '', #7413 ) ;
#4231 = UNCERTAINTY_MEASURE_WITH_UNIT (LENGTH_MEASURE( 1.000000000000000082E-05 ), #3152, 'distance_accuracy_value', 'NONE');
#4232 = SURFACE_STYLE_USAGE ( .BOTH. , #4317 ) ;
#4233 = ORIENTED_EDGE ( 'NONE', *, *, #2972, .T. ) ;
#4234 = FACE_OUTER_BOUND ( 'NONE', #6044, .T. ) ;
#4235 = SURFACE_STYLE_FILL_AREA ( #1950 ) ;
#4236 = LINE ( 'NONE', #2993, #4164 ) ;
#4237 = CARTESIAN_POINT ( 'NONE',  ( 0.000000000000000000, 0.000000000000000000, 0.000000000000000000 ) ) ;
#4238 = ORIENTED_EDGE ( 'NONE', *, *, #4303, .T. ) ;
#4239 = VECTOR ( 'NONE', #6170, 1000.000000000000000 ) ;
#4240 = DIRECTION ( 'NONE',  ( 0.000000000000000000, 0.000000000000000000, -1.000000000000000000 ) ) ;
#4241 = LINE ( 'NONE', #1399, #6144 ) ;
#4242 =( LENGTH_UNIT ( ) NAMED_UNIT ( * ) SI_UNIT ( .MILLI., .METRE. ) );
#4243 =( NAMED_UNIT ( * ) PLANE_ANGLE_UNIT ( ) SI_UNIT ( $, .RADIAN. ) );
#4244 =( GEOMETRIC_REPRESENTATION_CONTEXT ( 3 ) GLOBAL_UNCERTAINTY_ASSIGNED_CONTEXT ( ( #3608 ) ) GLOBAL_UNIT_ASSIGNED_CONTEXT ( ( #1917, #89, #4828 ) ) REPRESENTATION_CONTEXT ( 'NONE', 'WORKASPACE' ) );
#4245 = AXIS2_PLACEMENT_3D ( 'NONE', #6285, #3421, #3890 ) ;
#4246 = VERTEX_POINT ( 'NONE', #2042 ) ;
#4247 = UNCERTAINTY_MEASURE_WITH_UNIT (LENGTH_MEASURE( 1.000000000000000082E-05 ), #4032, 'distance_accuracy_value', 'NONE');
#4248 = CYLINDRICAL_SURFACE ( 'NONE', #640, 0.5000000000157378555 ) ;
#4249 = EDGE_LOOP ( 'NONE', ( #2028, #5008, #4389, #7035 ) ) ;
#4250 = FACE_OUTER_BOUND ( 'NONE', #4830, .T. ) ;
#4251 = EDGE_CURVE ( 'NONE', #5876, #5299, #4221, .T. ) ;
#4252 = EDGE_CURVE ( 'NONE', #1854, #3005, #6798, .T. ) ;
#4253 = CARTESIAN_POINT ( 'NONE',  ( 50.00000000000000000, -1.000000009758420738, -30.00000000523828092 ) ) ;
#4254 =( NAMED_UNIT ( * ) PLANE_ANGLE_UNIT ( ) SI_UNIT ( $, .RADIAN. ) );
#4255 =( GEOMETRIC_REPRESENTATION_CONTEXT ( 3 ) GLOBAL_UNCERTAINTY_ASSIGNED_CONTEXT ( ( #3271 ) ) GLOBAL_UNIT_ASSIGNED_CONTEXT ( ( #5526, #4420, #909 ) ) REPRESENTATION_CONTEXT ( 'NONE', 'WORKASPACE' ) );
#4256 =( GEOMETRIC_REPRESENTATION_CONTEXT ( 3 ) GLOBAL_UNCERTAINTY_ASSIGNED_CONTEXT ( ( #6570 ) ) GLOBAL_UNIT_ASSIGNED_CONTEXT ( ( #2350, #7077, #1165 ) ) REPRESENTATION_CONTEXT ( 'NONE', 'WORKASPACE' ) );
#4257 = CARTESIAN_POINT ( 'NONE',  ( 50.00000000000000000, 1.300000006756061310, -24.79997438303944790 ) ) ;
#4258 = AXIS2_PLACEMENT_3D ( 'NONE', #4291, #290, #6204 ) ;
#4259 = FACE_OUTER_BOUND ( 'NONE', #7372, .T. ) ;
#4260 = STYLED_ITEM ( 'NONE', ( #2146 ), #2259 ) ;
#4261 = EDGE_LOOP ( 'NONE', ( #3683, #4698, #1681, #6478 ) ) ;
#4262 = LINE ( 'NONE', #5380, #562 ) ;
#4263 = ORIENTED_EDGE ( 'NONE', *, *, #3606, .T. ) ;
#4264 = LINE ( 'NONE', #4810, #2364 ) ;
#4265 = FILL_AREA_STYLE_COLOUR ( '', #1860 ) ;
#4266 = AXIS2_PLACEMENT_3D ( 'NONE', #7158, #6577, #98 ) ;
#4267 = CARTESIAN_POINT ( 'NONE',  ( -50.00000000000000000, 0.6999999898232942552, -24.80000000537330251 ) ) ;
#4268 = VERTEX_POINT ( 'NONE', #401 ) ;
#4269 = UNCERTAINTY_MEASURE_WITH_UNIT (LENGTH_MEASURE( 1.000000000000000082E-05 ), #4006, 'distance_accuracy_value', 'NONE');
#4270 = VECTOR ( 'NONE', #911, 1000.000000000000000 ) ;
#4271 = COLOUR_RGB ( '',0.8980392156862745390, 0.9176470588235293713, 0.9294117647058823817 ) ;
#4272 = DIRECTION ( 'NONE',  ( -0.000000000000000000, -0.000000000000000000, 1.000000000000000000 ) ) ;
#4273 = ORIENTED_EDGE ( 'NONE', *, *, #596, .F. ) ;
#4274 = SURFACE_STYLE_FILL_AREA ( #6952 ) ;
#4275 = CARTESIAN_POINT ( 'NONE',  ( 50.00000000000000000, 2.999656187376712690, -25.09997438303970441 ) ) ;
#4276 = CARTESIAN_POINT ( 'NONE',  ( 50.00000000000000000, 1.000000009251461597, 28.10000000750401128 ) ) ;
#4277 = AXIS2_PLACEMENT_3D ( 'NONE', #3083, #6486, #1918 ) ;
#4278 = VECTOR ( 'NONE', #2985, 1000.000000000000000 ) ;
#4279 = CARTESIAN_POINT ( 'NONE',  ( 50.00000000000000000, -1.074170224038964561, -26.56388805181610024 ) ) ;
#4280 = SURFACE_STYLE_USAGE ( .BOTH. , #6555 ) ;
#4281 = ADVANCED_FACE ( 'NONE', ( #2150 ), #6166, .F. ) ;
#4282 = EDGE_LOOP ( 'NONE', ( #4566, #7528, #5799, #277 ) ) ;
#4283 = VECTOR ( 'NONE', #5212, 1000.000000000000000 ) ;
#4284 = PRESENTATION_LAYER_ASSIGNMENT (  '', '', ( #444 ) ) ;
#4285 = CARTESIAN_POINT ( 'NONE',  ( -50.00000000000000000, 0.6999999912927074019, 28.60000000293902289 ) ) ;
#4286 =( NAMED_UNIT ( * ) SI_UNIT ( $, .STERADIAN. ) SOLID_ANGLE_UNIT ( ) );
#4287 = COLOUR_RGB ( '',0.8980392156862745390, 0.9176470588235293713, 0.9294117647058823817 ) ;
#4288 = VECTOR ( 'NONE', #970, 1000.000000000000000 ) ;
#4289 = FILL_AREA_STYLE_COLOUR ( '', #5362 ) ;
#4290 = VECTOR ( 'NONE', #4973, 1000.000000000000114 ) ;
#4291 = CARTESIAN_POINT ( 'NONE',  ( 50.00000000000000000, -2.500000009845376958, -31.50000000515770893 ) ) ;
#4292 = ADVANCED_FACE ( 'NONE', ( #1051 ), #4628, .F. ) ;
#4293 = ORIENTED_EDGE ( 'NONE', *, *, #3575, .T. ) ;
#4294 = AXIS2_PLACEMENT_3D ( 'NONE', #4788, #5765, #7149 ) ;
#4295 = MECHANICAL_DESIGN_GEOMETRIC_PRESENTATION_REPRESENTATION (  '', ( #3425 ), #3303 ) ;
#4296 = DIRECTION ( 'NONE',  ( 1.000000000000000000, 0.000000000000000000, 0.000000000000000000 ) ) ;
#4297 = ORIENTED_EDGE ( 'NONE', *, *, #6440, .F. ) ;
#4298 = CARTESIAN_POINT ( 'NONE',  ( 50.00000000000000000, -1.299999993536965492, -27.54161815809441904 ) ) ;
#4299 = DIRECTION ( 'NONE',  ( -1.000000000000000000, -0.000000000000000000, -0.000000000000000000 ) ) ;
#4300 = DIRECTION ( 'NONE',  ( 0.000000000000000000, 0.000000000000000000, -1.000000000000000000 ) ) ;
#4301 = DIRECTION ( 'NONE',  ( 0.000000000000000000, 0.000000000000000000, -1.000000000000000000 ) ) ;
#4302 = PRESENTATION_LAYER_ASSIGNMENT (  '', '', ( #7272 ) ) ;
#4303 = EDGE_CURVE ( 'NONE', #2713, #829, #588, .T. ) ;
#4304 = ADVANCED_FACE ( 'NONE', ( #7648 ), #547, .T. ) ;
#4305 = EDGE_CURVE ( 'NONE', #994, #2867, #4672, .T. ) ;
#4306 = CIRCLE ( 'NONE', #4176, 4.000000000004662937 ) ;
#4307 = ORIENTED_EDGE ( 'NONE', *, *, #5647, .T. ) ;
#4308 = LINE ( 'NONE', #3128, #7013 ) ;
#4309 = CARTESIAN_POINT ( 'NONE',  ( 50.00000000000000000, 1.300000008530866946, 25.10000000474851589 ) ) ;
#4310 = ORIENTED_EDGE ( 'NONE', *, *, #7096, .F. ) ;
#4311 = PRESENTATION_STYLE_ASSIGNMENT (( #7166 ) ) ;
#4312 = CARTESIAN_POINT ( 'NONE',  ( -50.00000000000000000, -8.500000009396554645, 27.24999999874291845 ) ) ;
#4313 = LINE ( 'NONE', #1340, #1285 ) ;
#4314 = MECHANICAL_DESIGN_GEOMETRIC_PRESENTATION_REPRESENTATION (  '', ( #6653 ), #587 ) ;
#4315 = SURFACE_STYLE_FILL_AREA ( #805 ) ;
#4316 = UNCERTAINTY_MEASURE_WITH_UNIT (LENGTH_MEASURE( 1.000000000000000082E-05 ), #5051, 'distance_accuracy_value', 'NONE');
#4317 = SURFACE_SIDE_STYLE ('',( #1385 ) ) ;
#4318 = ORIENTED_EDGE ( 'NONE', *, *, #1500, .T. ) ;
#4319 = CARTESIAN_POINT ( 'NONE',  ( 50.00000000000000000, -0.9999999935367948067, -27.54161815809441904 ) ) ;
#4320 =( LENGTH_UNIT ( ) NAMED_UNIT ( * ) SI_UNIT ( .MILLI., .METRE. ) );
#4321 = SURFACE_STYLE_USAGE ( .BOTH. , #6595 ) ;
#4322 = COLOUR_RGB ( '',0.8980392156862745390, 0.9176470588235293713, 0.9294117647058823817 ) ;
#4323 = LINE ( 'NONE', #7303, #3047 ) ;
#4324 = CARTESIAN_POINT ( 'NONE',  ( 0.000000000000000000, 0.000000000000000000, 0.000000000000000000 ) ) ;
#4325 = ORIENTED_EDGE ( 'NONE', *, *, #1796, .F. ) ;
#4326 = CARTESIAN_POINT ( 'NONE',  ( 50.00000000000000000, 0.7000000064127678279, -28.09997438469024544 ) ) ;
#4327 = CYLINDRICAL_SURFACE ( 'NONE', #5824, 1.250000000387639032 ) ;
#4328 = LINE ( 'NONE', #5935, #2688 ) ;
#4329 =( NAMED_UNIT ( * ) PLANE_ANGLE_UNIT ( ) SI_UNIT ( $, .RADIAN. ) );
#4330 = SURFACE_STYLE_USAGE ( .BOTH. , #744 ) ;
#4331 = ORIENTED_EDGE ( 'NONE', *, *, #3447, .F. ) ;
#4332 = ORIENTED_EDGE ( 'NONE', *, *, #1692, .T. ) ;
#4333 = EDGE_CURVE ( 'NONE', #7171, #7107, #1748, .T. ) ;
#4334 = CARTESIAN_POINT ( 'NONE',  ( -50.00000000000000000, 12.50000000998743843, 26.00000000423863256 ) ) ;
#4335 = PLANE ( 'NONE',  #4024 ) ;
#4336 = DIRECTION ( 'NONE',  ( 0.000000000000000000, 0.000000000000000000, 1.000000000000000000 ) ) ;
#4337 = LINE ( 'NONE', #6214, #4270 ) ;
#4338 = DIRECTION ( 'NONE',  ( 0.000000000000000000, -0.000000000000000000, 1.000000000000000000 ) ) ;
#4339 = ORIENTED_EDGE ( 'NONE', *, *, #5986, .T. ) ;
#4340 =( NAMED_UNIT ( * ) PLANE_ANGLE_UNIT ( ) SI_UNIT ( $, .RADIAN. ) );
#4341 = FILL_AREA_STYLE_COLOUR ( '', #2924 ) ;
#4342 = ORIENTED_EDGE ( 'NONE', *, *, #3954, .T. ) ;
#4343 = SURFACE_STYLE_FILL_AREA ( #7291 ) ;
#4344 = DIRECTION ( 'NONE',  ( 0.000000000000000000, -1.000000000000000000, 0.000000000000000000 ) ) ;
#4345 = MECHANICAL_DESIGN_GEOMETRIC_PRESENTATION_REPRESENTATION (  '', ( #1493 ), #1607 ) ;
#4346 = PRESENTATION_STYLE_ASSIGNMENT (( #3215 ) ) ;
#4347 = STYLED_ITEM ( 'NONE', ( #145 ), #4668 ) ;
#4348 = ORIENTED_EDGE ( 'NONE', *, *, #2126, .T. ) ;
#4349 = LINE ( 'NONE', #734, #4007 ) ;
#4350 = ORIENTED_EDGE ( 'NONE', *, *, #351, .T. ) ;
#4351 = CYLINDRICAL_SURFACE ( 'NONE', #6829, 0.5000000000592239591 ) ;
#4352 = VECTOR ( 'NONE', #7014, 1000.000000000000000 ) ;
#4353 = ADVANCED_FACE ( 'NONE', ( #3970 ), #4595, .F. ) ;
#4354 = ADVANCED_FACE ( 'NONE', ( #1863 ), #5464, .T. ) ;
#4355 = CIRCLE ( 'NONE', #5328, 0.3000000000000085931 ) ;
#4356 = CARTESIAN_POINT ( 'NONE',  ( 50.00000000000000000, -6.750609692321838828, -25.54619003961674295 ) ) ;
#4357 = FILL_AREA_STYLE ('',( #1991 ) ) ;
#4358 = ORIENTED_EDGE ( 'NONE', *, *, #5965, .F. ) ;
#4359 = FACE_OUTER_BOUND ( 'NONE', #6042, .T. ) ;
#4360 = UNCERTAINTY_MEASURE_WITH_UNIT (LENGTH_MEASURE( 1.000000000000000082E-05 ), #4717, 'distance_accuracy_value', 'NONE');
#4361 = PLANE ( 'NONE',  #1568 ) ;
#4362 = CARTESIAN_POINT ( 'NONE',  ( 50.00000000000000000, -0.5000000100738536402, 29.99999999995303668 ) ) ;
#4363 = DIRECTION ( 'NONE',  ( -1.000000000000000000, -0.000000000000000000, -0.000000000000000000 ) ) ;
#4364 = PRESENTATION_STYLE_ASSIGNMENT (( #4330 ) ) ;
#4365 = AXIS2_PLACEMENT_3D ( 'NONE', #6407, #1597, #2271 ) ;
#4366 = VERTEX_POINT ( 'NONE', #6670 ) ;
#4367 = CYLINDRICAL_SURFACE ( 'NONE', #6206, 0.4999999999995147215 ) ;
#4368 = MECHANICAL_DESIGN_GEOMETRIC_PRESENTATION_REPRESENTATION (  '', ( #3997 ), #6458 ) ;
#4369 = ORIENTED_EDGE ( 'NONE', *, *, #2911, .T. ) ;
#4370 = CYLINDRICAL_SURFACE ( 'NONE', #1813, 3.999999999998206324 ) ;
#4371 = AXIS2_PLACEMENT_3D ( 'NONE', #3968, #1011, #5745 ) ;
#4372 = DIRECTION ( 'NONE',  ( 0.000000000000000000, 0.000000000000000000, -1.000000000000000000 ) ) ;
#4373 =( NAMED_UNIT ( * ) PLANE_ANGLE_UNIT ( ) SI_UNIT ( $, .RADIAN. ) );
#4374 = SURFACE_STYLE_FILL_AREA ( #3236 ) ;
#4375 = DIRECTION ( 'NONE',  ( -1.000000000000000000, -0.000000000000000000, -0.000000000000000000 ) ) ;
#4376 = EDGE_CURVE ( 'NONE', #3733, #6634, #200, .T. ) ;
#4377 = MECHANICAL_DESIGN_GEOMETRIC_PRESENTATION_REPRESENTATION (  '', ( #3610 ), #5352 ) ;
#4378 = ORIENTED_EDGE ( 'NONE', *, *, #225, .T. ) ;
#4379 = FILL_AREA_STYLE ('',( #2743 ) ) ;
#4380 = COLOUR_RGB ( '',0.8980392156862745390, 0.9176470588235293713, 0.9294117647058823817 ) ;
#4381 =( LENGTH_UNIT ( ) NAMED_UNIT ( * ) SI_UNIT ( .MILLI., .METRE. ) );
#4382 = PRESENTATION_LAYER_ASSIGNMENT (  '', '', ( #5740 ) ) ;
#4383 = EDGE_LOOP ( 'NONE', ( #1464, #2375, #3468, #7288 ) ) ;
#4384 = SURFACE_SIDE_STYLE ('',( #5496 ) ) ;
#4385 =( LENGTH_UNIT ( ) NAMED_UNIT ( * ) SI_UNIT ( .MILLI., .METRE. ) );
#4386 = COLOUR_RGB ( '',0.8980392156862745390, 0.9176470588235293713, 0.9294117647058823817 ) ;
#4387 =( GEOMETRIC_REPRESENTATION_CONTEXT ( 3 ) GLOBAL_UNCERTAINTY_ASSIGNED_CONTEXT ( ( #1280 ) ) GLOBAL_UNIT_ASSIGNED_CONTEXT ( ( #6606, #4329, #1322 ) ) REPRESENTATION_CONTEXT ( 'NONE', 'WORKASPACE' ) );
#4388 = LINE ( 'NONE', #5006, #4444 ) ;
#4389 = ORIENTED_EDGE ( 'NONE', *, *, #2087, .F. ) ;
#4390 = COLOUR_RGB ( '',0.8980392156862745390, 0.9176470588235293713, 0.9294117647058823817 ) ;
#4391 = DIRECTION ( 'NONE',  ( 0.000000000000000000, 0.000000000000000000, 1.000000000000000000 ) ) ;
#4392 =( LENGTH_UNIT ( ) NAMED_UNIT ( * ) SI_UNIT ( .MILLI., .METRE. ) );
#4393 = ORIENTED_EDGE ( 'NONE', *, *, #6910, .T. ) ;
#4394 = DIRECTION ( 'NONE',  ( -1.000000000000000000, -0.000000000000000000, -0.000000000000000000 ) ) ;
#4395 = FILL_AREA_STYLE ('',( #971 ) ) ;
#4396 = COLOUR_RGB ( '',0.8980392156862745390, 0.9176470588235293713, 0.9294117647058823817 ) ;
#4397 = FILL_AREA_STYLE_COLOUR ( '', #4133 ) ;
#4398 = UNCERTAINTY_MEASURE_WITH_UNIT (LENGTH_MEASURE( 1.000000000000000082E-05 ), #5970, 'distance_accuracy_value', 'NONE');
#4399 = DIRECTION ( 'NONE',  ( 0.000000000000000000, 0.000000000000000000, -1.000000000000000000 ) ) ;
#4400 = DIRECTION ( 'NONE',  ( 0.000000000000000000, 0.000000000000000000, -1.000000000000000000 ) ) ;
#4401 = VECTOR ( 'NONE', #1424, 1000.000000000000000 ) ;
#4402 = CIRCLE ( 'NONE', #5375, 2.000000000269785971 ) ;
#4403 = EDGE_CURVE ( 'NONE', #2366, #2014, #4608, .T. ) ;
#4404 = ORIENTED_EDGE ( 'NONE', *, *, #2600, .F. ) ;
#4405 = ADVANCED_FACE ( 'NONE', ( #78 ), #156, .T. ) ;
#4406 = EDGE_CURVE ( 'NONE', #3829, #1766, #5832, .T. ) ;
#4407 = PRESENTATION_STYLE_ASSIGNMENT (( #7343 ) ) ;
#4408 = CARTESIAN_POINT ( 'NONE',  ( 50.00000000000000000, 12.50000000998743843, 23.50000000404867251 ) ) ;
#4409 = VECTOR ( 'NONE', #6373, 1000.000000000000000 ) ;
#4410 =( NAMED_UNIT ( * ) PLANE_ANGLE_UNIT ( ) SI_UNIT ( $, .RADIAN. ) );
#4411 = LINE ( 'NONE', #4563, #7073 ) ;
#4412 = DIRECTION ( 'NONE',  ( -1.000000000000000000, -0.000000000000000000, -0.000000000000000000 ) ) ;
#4413 = LINE ( 'NONE', #6760, #34 ) ;
#4414 = VERTEX_POINT ( 'NONE', #3258 ) ;
#4415 = CARTESIAN_POINT ( 'NONE',  ( 50.00000000000000000, -4.150000010672468598, -27.75000000524338617 ) ) ;
#4416 = ORIENTED_EDGE ( 'NONE', *, *, #5111, .F. ) ;
#4417 = VECTOR ( 'NONE', #2907, 1000.000000000000000 ) ;
#4418 = PRESENTATION_STYLE_ASSIGNMENT (( #2626 ) ) ;
#4419 = AXIS2_PLACEMENT_3D ( 'NONE', #4168, #2847, #2312 ) ;
#4420 =( NAMED_UNIT ( * ) PLANE_ANGLE_UNIT ( ) SI_UNIT ( $, .RADIAN. ) );
#4421 = LINE ( 'NONE', #3330, #5000 ) ;
#4422 =( LENGTH_UNIT ( ) NAMED_UNIT ( * ) SI_UNIT ( .MILLI., .METRE. ) );
#4423 = COLOUR_RGB ( '',0.8980392156862745390, 0.9176470588235293713, 0.9294117647058823817 ) ;
#4424 = ORIENTED_EDGE ( 'NONE', *, *, #1292, .F. ) ;
#4425 = STYLED_ITEM ( 'NONE', ( #2439 ), #3446 ) ;
#4426 = ORIENTED_EDGE ( 'NONE', *, *, #5905, .T. ) ;
#4427 = VERTEX_POINT ( 'NONE', #5622 ) ;
#4428 = DIRECTION ( 'NONE',  ( 0.000000000000000000, 0.000000000000000000, -1.000000000000000000 ) ) ;
#4429 = COLOUR_RGB ( '',0.8980392156862745390, 0.9176470588235293713, 0.9294117647058823817 ) ;
#4430 = LINE ( 'NONE', #2723, #6847 ) ;
#4431 =( NAMED_UNIT ( * ) PLANE_ANGLE_UNIT ( ) SI_UNIT ( $, .RADIAN. ) );
#4432 = DIRECTION ( 'NONE',  ( 0.000000000000000000, 0.000000000000000000, -1.000000000000000000 ) ) ;
#4433 = LINE ( 'NONE', #193, #470 ) ;
#4434 = AXIS2_PLACEMENT_3D ( 'NONE', #6604, #3725, #5400 ) ;
#4435 = ORIENTED_EDGE ( 'NONE', *, *, #6378, .F. ) ;
#4436 = CARTESIAN_POINT ( 'NONE',  ( -50.00000000000000000, -4.150000010672468598, -27.75000000524338617 ) ) ;
#4437 = ORIENTED_EDGE ( 'NONE', *, *, #7037, .T. ) ;
#4438 = EDGE_CURVE ( 'NONE', #649, #1216, #4506, .T. ) ;
#4439 = LINE ( 'NONE', #1986, #4849 ) ;
#4440 = CARTESIAN_POINT ( 'NONE',  ( 50.00000000000000000, -4.150000010672468598, -27.75000000524338617 ) ) ;
#4441 = CARTESIAN_POINT ( 'NONE',  ( 50.00000000000000000, 8.546190044058349145, 24.25060968737922096 ) ) ;
#4442 = APPLICATION_PROTOCOL_DEFINITION ( 'draft international standard', 'automotive_design', 1998, #908 ) ;
#4443 = FILL_AREA_STYLE ('',( #2656 ) ) ;
#4444 = VECTOR ( 'NONE', #1944, 1000.000000000000000 ) ;
#4445 = UNCERTAINTY_MEASURE_WITH_UNIT (LENGTH_MEASURE( 1.000000000000000082E-05 ), #6083, 'distance_accuracy_value', 'NONE');
#4446 = DIRECTION ( 'NONE',  ( -1.000000000000000000, -0.000000000000000000, -0.000000000000000000 ) ) ;
#4447 = EDGE_CURVE ( 'NONE', #1638, #3525, #5015, .T. ) ;
#4448 = EDGE_CURVE ( 'NONE', #3515, #5504, #4969, .T. ) ;
#4449 = FILL_AREA_STYLE ('',( #3321 ) ) ;
#4450 = LINE ( 'NONE', #2664, #3754 ) ;
#4451 = UNCERTAINTY_MEASURE_WITH_UNIT (LENGTH_MEASURE( 1.000000000000000082E-05 ), #4320, 'distance_accuracy_value', 'NONE');
#4452 = ORIENTED_EDGE ( 'NONE', *, *, #4447, .T. ) ;
#4453 = FILL_AREA_STYLE_COLOUR ( '', #3600 ) ;
#4454 = ORIENTED_EDGE ( 'NONE', *, *, #7284, .F. ) ;
#4455 = DIRECTION ( 'NONE',  ( 1.000000000000000000, 0.000000000000000000, 0.000000000000000000 ) ) ;
#4456 = LINE ( 'NONE', #1600, #2657 ) ;
#4457 = ADVANCED_FACE ( 'NONE', ( #3189 ), #4351, .T. ) ;
#4458 = FILL_AREA_STYLE ('',( #2630 ) ) ;
#4459 = DIRECTION ( 'NONE',  ( 0.000000000000000000, 0.000000000000000000, -1.000000000000000000 ) ) ;
#4460 = DIRECTION ( 'NONE',  ( 0.000000000000000000, 0.000000000000000000, -1.000000000000000000 ) ) ;
#4461 = ORIENTED_EDGE ( 'NONE', *, *, #7524, .T. ) ;
#4462 = VERTEX_POINT ( 'NONE', #1389 ) ;
#4463 = EDGE_LOOP ( 'NONE', ( #4657, #5821, #265, #6169 ) ) ;
#4464 = CARTESIAN_POINT ( 'NONE',  ( 50.00000000000000000, -8.046190043341459486, -24.00000000581775694 ) ) ;
#4465 = DIRECTION ( 'NONE',  ( 0.000000000000000000, -1.000000000000000000, 0.000000000000000000 ) ) ;
#4466 = SURFACE_SIDE_STYLE ('',( #3872 ) ) ;
#4467 = SURFACE_STYLE_USAGE ( .BOTH. , #5572 ) ;
#4468 = FILL_AREA_STYLE ('',( #1471 ) ) ;
#4469 = CYLINDRICAL_SURFACE ( 'NONE', #3467, 0.5000000000501061415 ) ;
#4470 = ORIENTED_EDGE ( 'NONE', *, *, #5089, .F. ) ;
#4471 = CARTESIAN_POINT ( 'NONE',  ( 50.00000000000000000, 8.046190042989833202, -24.25058406674039091 ) ) ;
#4472 = EDGE_LOOP ( 'NONE', ( #2166, #1311, #5422, #2906 ) ) ;
#4473 = CARTESIAN_POINT ( 'NONE',  ( 50.00000000000000000, -12.50000000940639922, -23.50000000451121807 ) ) ;
#4474 =( LENGTH_UNIT ( ) NAMED_UNIT ( * ) SI_UNIT ( .MILLI., .METRE. ) );
#4475 = STYLED_ITEM ( 'NONE', ( #348 ), #4771 ) ;
#4476 = ORIENTED_EDGE ( 'NONE', *, *, #5363, .F. ) ;
#4477 = SURFACE_SIDE_STYLE ('',( #5707 ) ) ;
#4478 = CARTESIAN_POINT ( 'NONE',  ( 50.00000000000000000, 1.300000006756061310, -25.09997438307373940 ) ) ;
#4479 = CARTESIAN_POINT ( 'NONE',  ( 50.00000000000000000, -11.60000000952259569, 23.49999999922655647 ) ) ;
#4480 = DIRECTION ( 'NONE',  ( 1.000000000000000000, 0.000000000000000000, 0.000000000000000000 ) ) ;
#4481 = ORIENTED_EDGE ( 'NONE', *, *, #5429, .T. ) ;
#4482 = COLOUR_RGB ( '',0.8980392156862745390, 0.9176470588235293713, 0.9294117647058823817 ) ;
#4483 = ORIENTED_EDGE ( 'NONE', *, *, #4778, .F. ) ;
#4484 = FILL_AREA_STYLE_COLOUR ( '', #1056 ) ;
#4485 =( NAMED_UNIT ( * ) PLANE_ANGLE_UNIT ( ) SI_UNIT ( $, .RADIAN. ) );
#4486 = DIRECTION ( 'NONE',  ( 0.000000000000000000, 0.000000000000000000, 1.000000000000000000 ) ) ;
#4487 = ORIENTED_EDGE ( 'NONE', *, *, #481, .F. ) ;
#4488 = EDGE_CURVE ( 'NONE', #4085, #3020, #5698, .T. ) ;
#4489 = EDGE_CURVE ( 'NONE', #611, #252, #2697, .T. ) ;
#4490 = PRESENTATION_LAYER_ASSIGNMENT (  '', '', ( #4983 ) ) ;
#4491 = EDGE_CURVE ( 'NONE', #2366, #1694, #6748, .T. ) ;
#4492 = ORIENTED_EDGE ( 'NONE', *, *, #4093, .F. ) ;
#4493 = DIRECTION ( 'NONE',  ( 0.000000000000000000, 0.000000000000000000, -1.000000000000000000 ) ) ;
#4494 = ORIENTED_EDGE ( 'NONE', *, *, #6129, .F. ) ;
#4495 = CARTESIAN_POINT ( 'NONE',  ( 50.00000000000000000, -1.044502129335858731, -26.76164970460134995 ) ) ;
#4496 = FILL_AREA_STYLE ('',( #4958 ) ) ;
#4497 =( NAMED_UNIT ( * ) SI_UNIT ( $, .STERADIAN. ) SOLID_ANGLE_UNIT ( ) );
#4498 = SURFACE_STYLE_USAGE ( .BOTH. , #5004 ) ;
#4499 = DIRECTION ( 'NONE',  ( 0.000000000000000000, 0.000000000000000000, -1.000000000000000000 ) ) ;
#4500 = MECHANICAL_DESIGN_GEOMETRIC_PRESENTATION_REPRESENTATION (  '', ( #3001 ), #3495 ) ;
#4501 = EDGE_LOOP ( 'NONE', ( #3745, #2023, #3839, #669 ) ) ;
#4502 = PRESENTATION_LAYER_ASSIGNMENT (  '', '', ( #3879 ) ) ;
#4503 = FILL_AREA_STYLE_COLOUR ( '', #7258 ) ;
#4504 = DIRECTION ( 'NONE',  ( 0.000000000000000000, 0.000000000000000000, 1.000000000000000000 ) ) ;
#4505 = ORIENTED_EDGE ( 'NONE', *, *, #6666, .F. ) ;
#4506 = LINE ( 'NONE', #1553, #878 ) ;
#4507 = SURFACE_SIDE_STYLE ('',( #7378 ) ) ;
#4508 = COLOUR_RGB ( '',0.8980392156862745390, 0.9176470588235293713, 0.9294117647058823817 ) ;
#4509 = DIRECTION ( 'NONE',  ( -0.000000000000000000, -0.000000000000000000, 1.000000000000000000 ) ) ;
#4510 = DIRECTION ( 'NONE',  ( 0.000000000000000000, -1.000000000000000000, 0.000000000000000000 ) ) ;
#4511 = STYLED_ITEM ( 'NONE', ( #1017 ), #5988 ) ;
#4512 = STYLED_ITEM ( 'NONE', ( #1164 ), #2202 ) ;
#4513 = PRESENTATION_STYLE_ASSIGNMENT (( #1629 ) ) ;
#4514 = UNCERTAINTY_MEASURE_WITH_UNIT (LENGTH_MEASURE( 1.000000000000000082E-05 ), #3939, 'distance_accuracy_value', 'NONE');
#4515 = CARTESIAN_POINT ( 'NONE',  ( 50.00000000000000000, 1.000000008530837592, 25.10000000474851589 ) ) ;
#4516 = EDGE_CURVE ( 'NONE', #930, #5433, #4439, .T. ) ;
#4517 = MECHANICAL_DESIGN_GEOMETRIC_PRESENTATION_REPRESENTATION (  '', ( #5373 ), #2047 ) ;
#4518 = MECHANICAL_DESIGN_GEOMETRIC_PRESENTATION_REPRESENTATION (  '', ( #7682 ), #3401 ) ;
#4519 = SURFACE_STYLE_USAGE ( .BOTH. , #289 ) ;
#4520 = PRESENTATION_STYLE_ASSIGNMENT (( #5205 ) ) ;
#4521 = CIRCLE ( 'NONE', #5979, 1.250000000000001110 ) ;
#4522 = ORIENTED_EDGE ( 'NONE', *, *, #596, .T. ) ;
#4523 = AXIS2_PLACEMENT_3D ( 'NONE', #7403, #5039, #4486 ) ;
#4524 = VECTOR ( 'NONE', #2841, 1000.000000000000000 ) ;
#4525 =( NAMED_UNIT ( * ) SI_UNIT ( $, .STERADIAN. ) SOLID_ANGLE_UNIT ( ) );
#4526 = CARTESIAN_POINT ( 'NONE',  ( -50.00000000000000000, -4.000000009650611865, 29.99999999971483788 ) ) ;
#4527 = EDGE_LOOP ( 'NONE', ( #5, #20, #3821, #2740 ) ) ;
#4528 = EDGE_CURVE ( 'NONE', #969, #6679, #1435, .T. ) ;
#4529 =( NAMED_UNIT ( * ) SI_UNIT ( $, .STERADIAN. ) SOLID_ANGLE_UNIT ( ) );
#4530 = AXIS2_PLACEMENT_3D ( 'NONE', #6547, #4848, #3025 ) ;
#4531 = ORIENTED_EDGE ( 'NONE', *, *, #3620, .F. ) ;
#4532 = ORIENTED_EDGE ( 'NONE', *, *, #2522, .F. ) ;
#4533 = MECHANICAL_DESIGN_GEOMETRIC_PRESENTATION_REPRESENTATION (  '', ( #432 ), #5886 ) ;
#4534 = DIRECTION ( 'NONE',  ( 0.000000000000000000, 0.000000000000000000, -1.000000000000000000 ) ) ;
#4535 = ORIENTED_EDGE ( 'NONE', *, *, #4113, .T. ) ;
#4536 = CARTESIAN_POINT ( 'NONE',  ( 50.00000000000000000, -1.000000009731997430, 29.99999999995304378 ) ) ;
#4537 = CARTESIAN_POINT ( 'NONE',  ( 50.00000000000000000, 9.300000009539528989, 23.50000000502031838 ) ) ;
#4538 = LINE ( 'NONE', #6899, #6597 ) ;
#4539 = ADVANCED_FACE ( 'NONE', ( #7421 ), #851, .F. ) ;
#4540 = VECTOR ( 'NONE', #6542, 1000.000000000000000 ) ;
#4541 = FACE_OUTER_BOUND ( 'NONE', #3038, .T. ) ;
#4542 = VECTOR ( 'NONE', #612, 1000.000000000000000 ) ;
#4543 = ADVANCED_FACE ( 'NONE', ( #6908 ), #468, .F. ) ;
#4544 = VECTOR ( 'NONE', #203, 1000.000000000000000 ) ;
#4545 = EDGE_CURVE ( 'NONE', #2980, #6848, #536, .T. ) ;
#4546 = DIRECTION ( 'NONE',  ( -1.000000000000000000, -0.000000000000000000, -0.000000000000000000 ) ) ;
#4547 = PRESENTATION_LAYER_ASSIGNMENT (  '', '', ( #3921 ) ) ;
#4548 = VERTEX_POINT ( 'NONE', #4696 ) ;
#4549 = MECHANICAL_DESIGN_GEOMETRIC_PRESENTATION_REPRESENTATION (  '', ( #572 ), #4169 ) ;
#4550 = LINE ( 'NONE', #4436, #1393 ) ;
#4551 =( NAMED_UNIT ( * ) SI_UNIT ( $, .STERADIAN. ) SOLID_ANGLE_UNIT ( ) );
#4552 = VERTEX_POINT ( 'NONE', #7021 ) ;
#4553 = SURFACE_STYLE_USAGE ( .BOTH. , #7418 ) ;
#4554 = DIRECTION ( 'NONE',  ( -1.000000000000000000, -0.000000000000000000, -0.000000000000000000 ) ) ;
#4555 = DIRECTION ( 'NONE',  ( -1.000000000000000000, -0.000000000000000000, -0.000000000000000000 ) ) ;
#4556 = SURFACE_STYLE_USAGE ( .BOTH. , #4507 ) ;
#4557 = EDGE_CURVE ( 'NONE', #2929, #6196, #2181, .T. ) ;
#4558 = VECTOR ( 'NONE', #5499, 999.9999999999998863 ) ;
#4559 = APPLICATION_PROTOCOL_DEFINITION ( 'draft international standard', 'automotive_design', 1998, #3983 ) ;
#4560 = VECTOR ( 'NONE', #3583, 1000.000000000000000 ) ;
#4561 = SURFACE_STYLE_FILL_AREA ( #3891 ) ;
#4562 = AXIS2_PLACEMENT_3D ( 'NONE', #5099, #4510, #2767 ) ;
#4563 = CARTESIAN_POINT ( 'NONE',  ( -50.00000000000000000, 1.000000009251461597, 28.10000000750401128 ) ) ;
#4564 = CARTESIAN_POINT ( 'NONE',  ( 50.00000000000000000, 2.999656189158373731, 25.10000000477613114 ) ) ;
#4565 = CARTESIAN_POINT ( 'NONE',  ( 50.00000000000000000, -0.9999999935367948067, -27.54161815809441904 ) ) ;
#4566 = ORIENTED_EDGE ( 'NONE', *, *, #6666, .T. ) ;
#4567 = PRESENTATION_LAYER_ASSIGNMENT (  '', '', ( #90 ) ) ;
#4568 = CARTESIAN_POINT ( 'NONE',  ( 50.00000000000000000, 4.999656189010014629, 26.04619003938229582 ) ) ;
#4569 = DIRECTION ( 'NONE',  ( -1.000000000000000000, -0.000000000000000000, -0.000000000000000000 ) ) ;
#4570 = LINE ( 'NONE', #6922, #6859 ) ;
#4571 = VECTOR ( 'NONE', #2378, 1000.000000000000000 ) ;
#4572 = DIRECTION ( 'NONE',  ( -1.000000000000000000, -0.000000000000000000, -0.000000000000000000 ) ) ;
#4573 = FILL_AREA_STYLE_COLOUR ( '', #5378 ) ;
#4574 = VECTOR ( 'NONE', #727, 1000.000000000000000 ) ;
#4575 = ORIENTED_EDGE ( 'NONE', *, *, #4154, .F. ) ;
#4576 = EDGE_CURVE ( 'NONE', #172, #3438, #6581, .T. ) ;
#4577 = ORIENTED_EDGE ( 'NONE', *, *, #398, .T. ) ;
#4578 = FACE_OUTER_BOUND ( 'NONE', #1834, .T. ) ;
#4579 = EDGE_LOOP ( 'NONE', ( #3335, #1441, #7201, #3493 ) ) ;
#4580 = CARTESIAN_POINT ( 'NONE',  ( 50.00000000000000000, 8.500000007861903129, -25.99997438358078128 ) ) ;
#4581 = DIRECTION ( 'NONE',  ( -0.000000000000000000, -1.000000000000000000, -0.000000000000000000 ) ) ;
#4582 = DIRECTION ( 'NONE',  ( 0.000000000000000000, 0.000000000000000000, -1.000000000000000000 ) ) ;
#4583 = FILL_AREA_STYLE_COLOUR ( '', #3104 ) ;
#4584 = VERTEX_POINT ( 'NONE', #1623 ) ;
#4585 = DIRECTION ( 'NONE',  ( 0.000000000000000000, 0.000000000000000000, -1.000000000000000000 ) ) ;
#4586 = VERTEX_POINT ( 'NONE', #5165 ) ;
#4587 = CARTESIAN_POINT ( 'NONE',  ( 50.00000000000000000, 0.6850834411078633446, -28.30000000237553692 ) ) ;
#4588 = CARTESIAN_POINT ( 'NONE',  ( 50.00000000000000000, -1.499999996239949951, 27.54164377699888533 ) ) ;
#4589 = DIRECTION ( 'NONE',  ( 0.000000000000000000, 0.000000000000000000, -1.000000000000000000 ) ) ;
#4590 = LINE ( 'NONE', #6745, #4661 ) ;
#4591 = FILL_AREA_STYLE ('',( #4044 ) ) ;
#4592 = EDGE_CURVE ( 'NONE', #1428, #7382, #5778, .T. ) ;
#4593 = DIRECTION ( 'NONE',  ( -1.000000000000000000, -0.000000000000000000, -0.000000000000000000 ) ) ;
#4594 = DIRECTION ( 'NONE',  ( 0.000000000000000000, -0.06975647374412562163, -0.9975640502598241977 ) ) ;
#4595 = CYLINDRICAL_SURFACE ( 'NONE', #262, 0.4999999999772304360 ) ;
#4596 = SURFACE_STYLE_USAGE ( .BOTH. , #402 ) ;
#4597 = PRESENTATION_LAYER_ASSIGNMENT (  '', '', ( #2483 ) ) ;
#4598 = FILL_AREA_STYLE_COLOUR ( '', #5720 ) ;
#4599 = LINE ( 'NONE', #3352, #2043 ) ;
#4600 = ORIENTED_EDGE ( 'NONE', *, *, #5457, .F. ) ;
#4601 = STYLED_ITEM ( 'NONE', ( #4311 ), #1522 ) ;
#4602 = CIRCLE ( 'NONE', #1232, 0.4999999999784759952 ) ;
#4603 = VECTOR ( 'NONE', #287, 1000.000000000000000 ) ;
#4604 = CARTESIAN_POINT ( 'NONE',  ( -50.00000000000000000, -3.588571655455377041, 25.54619003423594492 ) ) ;
#4605 =( NAMED_UNIT ( * ) SI_UNIT ( $, .STERADIAN. ) SOLID_ANGLE_UNIT ( ) );
#4606 = PLANE ( 'NONE',  #4013 ) ;
#4607 = SURFACE_STYLE_USAGE ( .BOTH. , #5757 ) ;
#4608 = CIRCLE ( 'NONE', #3723, 0.3000000000001681877 ) ;
#4609 = ORIENTED_EDGE ( 'NONE', *, *, #3966, .F. ) ;
#4610 = CIRCLE ( 'NONE', #1240, 0.5000000000000108802 ) ;
#4611 = VERTEX_POINT ( 'NONE', #2256 ) ;
#4612 = LINE ( 'NONE', #2856, #6515 ) ;
#4613 = VERTEX_POINT ( 'NONE', #4622 ) ;
#4614 = PRESENTATION_STYLE_ASSIGNMENT (( #2243 ) ) ;
#4615 = DIRECTION ( 'NONE',  ( 1.000000000000000000, 0.000000000000000000, 0.000000000000000000 ) ) ;
#4616 = SURFACE_STYLE_FILL_AREA ( #1104 ) ;
#4617 = EDGE_CURVE ( 'NONE', #5318, #4922, #3596, .T. ) ;
#4618 =( NAMED_UNIT ( * ) SI_UNIT ( $, .STERADIAN. ) SOLID_ANGLE_UNIT ( ) );
#4619 = DIRECTION ( 'NONE',  ( -0.000000000000000000, -0.000000000000000000, 1.000000000000000000 ) ) ;
#4620 = CARTESIAN_POINT ( 'NONE',  ( 50.00000000000000000, -8.500000009396554645, 27.24999999874291845 ) ) ;
#4621 = ORIENTED_EDGE ( 'NONE', *, *, #4252, .F. ) ;
#4622 = CARTESIAN_POINT ( 'NONE',  ( -50.00000000000000000, 9.300000009539528989, 23.50000000469232830 ) ) ;
#4624 = FILL_AREA_STYLE_COLOUR ( '', #3765 ) ;
#4623 = STYLED_ITEM ( 'NONE', ( #5909 ), #6325 ) ;
#4625 = DIRECTION ( 'NONE',  ( 0.000000000000000000, 0.000000000000000000, -1.000000000000000000 ) ) ;
#4626 = SURFACE_SIDE_STYLE ('',( #2805 ) ) ;
#4627 = UNCERTAINTY_MEASURE_WITH_UNIT (LENGTH_MEASURE( 1.000000000000000082E-05 ), #4392, 'distance_accuracy_value', 'NONE');
#4628 = PLANE ( 'NONE',  #1868 ) ;
#4629 = AXIS2_PLACEMENT_3D ( 'NONE', #5182, #1725, #2935 ) ;
#4630 = CARTESIAN_POINT ( 'NONE',  ( 50.00000000000000000, -9.300000003928143855, 23.49999999640830950 ) ) ;
#4631 = CARTESIAN_POINT ( 'NONE',  ( 50.00000000000000000, -8.546190037690342578, 23.99999999640830950 ) ) ;
#4632 = EDGE_CURVE ( 'NONE', #5443, #7352, #4610, .T. ) ;
#4633 = EDGE_CURVE ( 'NONE', #7019, #3438, #1939, .T. ) ;
#4634 = VERTEX_POINT ( 'NONE', #4312 ) ;
#4635 = CIRCLE ( 'NONE', #5361, 0.3000000000000606626 ) ;
#4636 = LINE ( 'NONE', #5143, #1761 ) ;
#4637 =( NAMED_UNIT ( * ) PLANE_ANGLE_UNIT ( ) SI_UNIT ( $, .RADIAN. ) );
#4638 = DIRECTION ( 'NONE',  ( 0.000000000000000000, -1.000000000000000000, 0.000000000000000000 ) ) ;
#4639 = VECTOR ( 'NONE', #6291, 1000.000000000000000 ) ;
#4640 = CARTESIAN_POINT ( 'NONE',  ( 50.00000000000000000, -6.283859941527155435, -25.54619003961675006 ) ) ;
#4641 = COLOUR_RGB ( '',0.8980392156862745390, 0.9176470588235293713, 0.9294117647058823817 ) ;
#4642 = SURFACE_SIDE_STYLE ('',( #4094 ) ) ;
#4643 = DIRECTION ( 'NONE',  ( 0.000000000000000000, 0.000000000000000000, 1.000000000000000000 ) ) ;
#4644 = VERTEX_POINT ( 'NONE', #7251 ) ;
#4645 = VECTOR ( 'NONE', #4992, 1000.000000000000000 ) ;
#4646 = STYLED_ITEM ( 'NONE', ( #2588 ), #4962 ) ;
#4647 = ORIENTED_EDGE ( 'NONE', *, *, #1543, .F. ) ;
#4648 = ORIENTED_EDGE ( 'NONE', *, *, #4403, .F. ) ;
#4649 = SURFACE_STYLE_USAGE ( .BOTH. , #3368 ) ;
#4650 = DIRECTION ( 'NONE',  ( -1.000000000000000000, -0.000000000000000000, -0.000000000000000000 ) ) ;
#4651 = VECTOR ( 'NONE', #867, 1000.000000000000000 ) ;
#4652 = LINE ( 'NONE', #3299, #4352 ) ;
#4653 = AXIS2_PLACEMENT_3D ( 'NONE', #7132, #5427, #7253 ) ;
#4654 = EDGE_LOOP ( 'NONE', ( #5263, #361, #6965, #519 ) ) ;
#4655 = DIRECTION ( 'NONE',  ( -1.000000000000000000, -0.000000000000000000, -0.000000000000000000 ) ) ;
#4656 = VECTOR ( 'NONE', #2833, 1000.000000000000000 ) ;
#4657 = ORIENTED_EDGE ( 'NONE', *, *, #4020, .T. ) ;
#4658 = SURFACE_STYLE_FILL_AREA ( #2293 ) ;
#4659 = VECTOR ( 'NONE', #7672, 999.9999999999998863 ) ;
#4660 = DIRECTION ( 'NONE',  ( -0.000000000000000000, -1.000000000000000000, -0.000000000000000000 ) ) ;
#4661 = VECTOR ( 'NONE', #3714, 1000.000000000000000 ) ;
#4662 = CARTESIAN_POINT ( 'NONE',  ( -50.00000000000000000, -8.546190037690342578, 23.99999999640830950 ) ) ;
#4663 = CARTESIAN_POINT ( 'NONE',  ( 50.00000000000000000, 1.000000006508408479, -29.49999999423345898 ) ) ;
#4664 = VERTEX_POINT ( 'NONE', #3705 ) ;
#4665 = STYLED_ITEM ( 'NONE', ( #7569 ), #2080 ) ;
#4666 = AXIS2_PLACEMENT_3D ( 'NONE', #3211, #264, #4534 ) ;
#4667 = CIRCLE ( 'NONE', #5272, 1.250000000387639032 ) ;
#4668 = ADVANCED_FACE ( 'NONE', ( #1220 ), #2515, .F. ) ;
#4669 = SURFACE_SIDE_STYLE ('',( #2917 ) ) ;
#4670 = ORIENTED_EDGE ( 'NONE', *, *, #1593, .T. ) ;
#4671 = PRESENTATION_STYLE_ASSIGNMENT (( #1117 ) ) ;
#4672 = LINE ( 'NONE', #7032, #387 ) ;
#4673 = CIRCLE ( 'NONE', #3183, 0.4999999999352952584 ) ;
#4674 = DIRECTION ( 'NONE',  ( -1.000000000000000000, -0.000000000000000000, -0.000000000000000000 ) ) ;
#4675 = VECTOR ( 'NONE', #7592, 1000.000000000000000 ) ;
#4676 = ORIENTED_EDGE ( 'NONE', *, *, #5574, .F. ) ;
#4677 = EDGE_CURVE ( 'NONE', #5237, #1571, #7167, .T. ) ;
#4678 = LINE ( 'NONE', #5211, #82 ) ;
#4679 = LINE ( 'NONE', #513, #934 ) ;
#4680 =( LENGTH_UNIT ( ) NAMED_UNIT ( * ) SI_UNIT ( .MILLI., .METRE. ) );
#4681 = VECTOR ( 'NONE', #7161, 1000.000000000000114 ) ;
#4682 = FILL_AREA_STYLE_COLOUR ( '', #5019 ) ;
#4683 = ORIENTED_EDGE ( 'NONE', *, *, #3620, .T. ) ;
#4684 = SURFACE_SIDE_STYLE ('',( #5290 ) ) ;
#4685 = ORIENTED_EDGE ( 'NONE', *, *, #5321, .F. ) ;
#4686 = EDGE_CURVE ( 'NONE', #1508, #6735, #2477, .T. ) ;
#4687 = ORIENTED_EDGE ( 'NONE', *, *, #410, .F. ) ;
#4688 = CARTESIAN_POINT ( 'NONE',  ( 50.00000000000000000, 7.250435495819401943, -26.03296726529976723 ) ) ;
#4689 = DIRECTION ( 'NONE',  ( -1.000000000000000000, -0.000000000000000000, -0.000000000000000000 ) ) ;
#4690 =( GEOMETRIC_REPRESENTATION_CONTEXT ( 3 ) GLOBAL_UNCERTAINTY_ASSIGNED_CONTEXT ( ( #1775 ) ) GLOBAL_UNIT_ASSIGNED_CONTEXT ( ( #974, #5781, #5668 ) ) REPRESENTATION_CONTEXT ( 'NONE', 'WORKASPACE' ) );
#4691 = FACE_OUTER_BOUND ( 'NONE', #6918, .T. ) ;
#4692 = DIRECTION ( 'NONE',  ( -1.000000000000000000, -0.000000000000000000, -0.000000000000000000 ) ) ;
#4693 = DIRECTION ( 'NONE',  ( 0.000000000000000000, 0.000000000000000000, 1.000000000000000000 ) ) ;
#4694 = ORIENTED_EDGE ( 'NONE', *, *, #4753, .F. ) ;
#4695 = CARTESIAN_POINT ( 'NONE',  ( -50.00000000000000000, -3.716140078100125255, 25.54619003423594492 ) ) ;
#4696 = CARTESIAN_POINT ( 'NONE',  ( 50.00000000000000000, 0.6850834428982002233, 28.30000000293902929 ) ) ;
#4697 = FILL_AREA_STYLE ('',( #5847 ) ) ;
#4698 = ORIENTED_EDGE ( 'NONE', *, *, #5743, .F. ) ;
#4699 = UNCERTAINTY_MEASURE_WITH_UNIT (LENGTH_MEASURE( 1.000000000000000082E-05 ), #4126, 'distance_accuracy_value', 'NONE');
#4700 =( NAMED_UNIT ( * ) SI_UNIT ( $, .STERADIAN. ) SOLID_ANGLE_UNIT ( ) );
#4701 = ORIENTED_EDGE ( 'NONE', *, *, #2703, .T. ) ;
#4702 =( LENGTH_UNIT ( ) NAMED_UNIT ( * ) SI_UNIT ( .MILLI., .METRE. ) );
#4703 = FILL_AREA_STYLE ('',( #6358 ) ) ;
#4704 = SURFACE_STYLE_USAGE ( .BOTH. , #1268 ) ;
#4705 = CARTESIAN_POINT ( 'NONE',  ( -50.00000000000000000, 2.999656189158373731, 24.80000000474848676 ) ) ;
#4706 = ORIENTED_EDGE ( 'NONE', *, *, #3575, .F. ) ;
#4707 =( NAMED_UNIT ( * ) PLANE_ANGLE_UNIT ( ) SI_UNIT ( $, .RADIAN. ) );
#4708 = VERTEX_POINT ( 'NONE', #4847 ) ;
#4709 = CARTESIAN_POINT ( 'NONE',  ( 50.00000000000000000, -9.800000003943328153, 22.99999999639312875 ) ) ;
#4710 = ORIENTED_EDGE ( 'NONE', *, *, #2354, .T. ) ;
#4711 = UNCERTAINTY_MEASURE_WITH_UNIT (LENGTH_MEASURE( 1.000000000000000082E-05 ), #2143, 'distance_accuracy_value', 'NONE');
#4712 = ORIENTED_EDGE ( 'NONE', *, *, #876, .F. ) ;
#4713 = LINE ( 'NONE', #4688, #5859 ) ;
#4714 = PRESENTATION_LAYER_ASSIGNMENT (  '', '', ( #2752 ) ) ;
#4715 = FILL_AREA_STYLE ('',( #604 ) ) ;
#4716 =( NAMED_UNIT ( * ) PLANE_ANGLE_UNIT ( ) SI_UNIT ( $, .RADIAN. ) );
#4717 =( LENGTH_UNIT ( ) NAMED_UNIT ( * ) SI_UNIT ( .MILLI., .METRE. ) );
#4718 = EDGE_CURVE ( 'NONE', #649, #5924, #4726, .T. ) ;
#4719 = EDGE_CURVE ( 'NONE', #969, #5636, #3590, .T. ) ;
#4720 = DIRECTION ( 'NONE',  ( -1.000000000000000000, -0.000000000000000000, -0.000000000000000000 ) ) ;
#4721 = ADVANCED_FACE ( 'NONE', ( #1184 ), #3561, .F. ) ;
#4722 = ORIENTED_EDGE ( 'NONE', *, *, #3865, .T. ) ;
#4723 = CARTESIAN_POINT ( 'NONE',  ( 50.00000000000000000, -1.299999993536965492, -27.54161815809441904 ) ) ;
#4724 = ORIENTED_EDGE ( 'NONE', *, *, #936, .T. ) ;
#4725 = DIRECTION ( 'NONE',  ( 1.000000000000000000, 0.000000000000000000, -0.000000000000000000 ) ) ;
#4726 = LINE ( 'NONE', #7130, #1604 ) ;
#4727 = DIRECTION ( 'NONE',  ( 0.000000000000000000, 1.000000000000000000, 0.000000000000000000 ) ) ;
#4728 = FACE_OUTER_BOUND ( 'NONE', #2409, .T. ) ;
#4729 =( GEOMETRIC_REPRESENTATION_CONTEXT ( 3 ) GLOBAL_UNCERTAINTY_ASSIGNED_CONTEXT ( ( #3069 ) ) GLOBAL_UNIT_ASSIGNED_CONTEXT ( ( #3536, #1758, #2458 ) ) REPRESENTATION_CONTEXT ( 'NONE', 'WORKASPACE' ) );
#4730 = VERTEX_POINT ( 'NONE', #6183 ) ;
#4731 = AXIS2_PLACEMENT_3D ( 'NONE', #1676, #1091, #4089 ) ;
#4732 = AXIS2_PLACEMENT_3D ( 'NONE', #5631, #3934, #6832 ) ;
#4733 =( NAMED_UNIT ( * ) SI_UNIT ( $, .STERADIAN. ) SOLID_ANGLE_UNIT ( ) );
#4734 = VERTEX_POINT ( 'NONE', #1975 ) ;
#4735 = DIRECTION ( 'NONE',  ( 1.000000000000000000, 0.000000000000000000, 0.000000000000000000 ) ) ;
#4736 = CARTESIAN_POINT ( 'NONE',  ( 50.00000000000000000, 11.60000001576112716, 23.50000000404867251 ) ) ;
#4737 = FACE_OUTER_BOUND ( 'NONE', #3898, .T. ) ;
#4738 = STYLED_ITEM ( 'NONE', ( #3529 ), #3113 ) ;
#4739 = AXIS2_PLACEMENT_3D ( 'NONE', #5706, #4593, #399 ) ;
#4740 = ORIENTED_EDGE ( 'NONE', *, *, #7644, .F. ) ;
#4741 = CARTESIAN_POINT ( 'NONE',  ( 50.00000000000000000, -5.850000009022488179, 27.74999999985019983 ) ) ;
#4742 = STYLED_ITEM ( 'NONE', ( #7282 ), #2573 ) ;
#4743 = DIRECTION ( 'NONE',  ( -0.000000000000000000, 0.000000000000000000, 1.000000000000000000 ) ) ;
#4744 = DIRECTION ( 'NONE',  ( 0.000000000000000000, 0.000000000000000000, 1.000000000000000000 ) ) ;
#4745 = VECTOR ( 'NONE', #4272, 1000.000000000000000 ) ;
#4746 = DIRECTION ( 'NONE',  ( -1.000000000000000000, 0.000000000000000000, -0.000000000000000000 ) ) ;
#4747 =( GEOMETRIC_REPRESENTATION_CONTEXT ( 3 ) GLOBAL_UNCERTAINTY_ASSIGNED_CONTEXT ( ( #5875 ) ) GLOBAL_UNIT_ASSIGNED_CONTEXT ( ( #7280, #6534, #5370 ) ) REPRESENTATION_CONTEXT ( 'NONE', 'WORKASPACE' ) );
#4748 = MECHANICAL_DESIGN_GEOMETRIC_PRESENTATION_REPRESENTATION (  '', ( #1527 ), #4256 ) ;
#4749 = ORIENTED_EDGE ( 'NONE', *, *, #4252, .T. ) ;
#4750 = CIRCLE ( 'NONE', #1901, 0.3000000000001716849 ) ;
#4751 = DIRECTION ( 'NONE',  ( 0.000000000000000000, 0.000000000000000000, -1.000000000000000000 ) ) ;
#4752 = ORIENTED_EDGE ( 'NONE', *, *, #311, .F. ) ;
#4753 = EDGE_CURVE ( 'NONE', #1854, #6405, #266, .T. ) ;
#4754 = LINE ( 'NONE', #7120, #1140 ) ;
#4755 = FILL_AREA_STYLE ('',( #4912 ) ) ;
#4756 = FILL_AREA_STYLE ('',( #4138 ) ) ;
#4757 = VECTOR ( 'NONE', #4581, 1000.000000000000000 ) ;
#4758 = LINE ( 'NONE', #1214, #4560 ) ;
#4759 = STYLED_ITEM ( 'NONE', ( #7121 ), #4893 ) ;
#4760 = CIRCLE ( 'NONE', #3897, 0.2999999999869565337 ) ;
#4761 = CARTESIAN_POINT ( 'NONE',  ( -50.00000000000000000, 8.546190042989788793, -24.25058406674039091 ) ) ;
#4762 = ORIENTED_EDGE ( 'NONE', *, *, #2408, .T. ) ;
#4763 = VECTOR ( 'NONE', #298, 1000.000000000000000 ) ;
#4764 = CIRCLE ( 'NONE', #5501, 0.2999999999999704015 ) ;
#4765 = CARTESIAN_POINT ( 'NONE',  ( 50.00000000000000000, -1.499999997720311118, -27.05835622831537179 ) ) ;
#4766 = ADVANCED_FACE ( 'NONE', ( #1505 ), #3179, .F. ) ;
#4767 = ORIENTED_EDGE ( 'NONE', *, *, #5903, .F. ) ;
#4768 = DIRECTION ( 'NONE',  ( -0.000000000000000000, -0.000000000000000000, -1.000000000000000000 ) ) ;
#4769 = FILL_AREA_STYLE ('',( #4265 ) ) ;
#4770 = EDGE_CURVE ( 'NONE', #5149, #1973, #1423, .T. ) ;
#4771 = ADVANCED_FACE ( 'NONE', ( #2016 ), #3134, .T. ) ;
#4772 = ORIENTED_EDGE ( 'NONE', *, *, #1759, .T. ) ;
#4773 = CIRCLE ( 'NONE', #5508, 0.4999999999992579824 ) ;
#4774 = FILL_AREA_STYLE ('',( #4851 ) ) ;
#4775 = UNCERTAINTY_MEASURE_WITH_UNIT (LENGTH_MEASURE( 1.000000000000000082E-05 ), #4808, 'distance_accuracy_value', 'NONE');
#4776 =( GEOMETRIC_REPRESENTATION_CONTEXT ( 3 ) GLOBAL_UNCERTAINTY_ASSIGNED_CONTEXT ( ( #7561 ) ) GLOBAL_UNIT_ASSIGNED_CONTEXT ( ( #1455, #3941, #7400 ) ) REPRESENTATION_CONTEXT ( 'NONE', 'WORKASPACE' ) );
#4777 = ORIENTED_EDGE ( 'NONE', *, *, #4802, .F. ) ;
#4778 = EDGE_CURVE ( 'NONE', #3555, #3450, #6433, .T. ) ;
#4779 = FILL_AREA_STYLE_COLOUR ( '', #3900 ) ;
#4780 = DIRECTION ( 'NONE',  ( -1.000000000000000000, -0.000000000000000000, -0.000000000000000000 ) ) ;
#4781 = AXIS2_PLACEMENT_3D ( 'NONE', #6734, #5493, #4921 ) ;
#4782 = DIRECTION ( 'NONE',  ( 0.000000000000000000, 0.000000000000000000, 1.000000000000000000 ) ) ;
#4783 = MECHANICAL_DESIGN_GEOMETRIC_PRESENTATION_REPRESENTATION (  '', ( #3531 ), #4903 ) ;
#4784 = ORIENTED_EDGE ( 'NONE', *, *, #3560, .T. ) ;
#4785 = PRODUCT_DEFINITION_FORMATION_WITH_SPECIFIED_SOURCE ( '»Œ', '', #3649, .NOT_KNOWN. ) ;
#4786 = STYLED_ITEM ( 'NONE', ( #6080 ), #7238 ) ;
#4787 = CYLINDRICAL_SURFACE ( 'NONE', #3431, 0.5000000000000316414 ) ;
#4788 = CARTESIAN_POINT ( 'NONE',  ( 50.00000000000000000, 8.500000009651870414, 26.00000000423863256 ) ) ;
#4789 = AXIS2_PLACEMENT_3D ( 'NONE', #434, #6866, #2798 ) ;
#4790 =( NAMED_UNIT ( * ) PLANE_ANGLE_UNIT ( ) SI_UNIT ( $, .RADIAN. ) );
#4791 = VERTEX_POINT ( 'NONE', #3244 ) ;
#4792 = UNCERTAINTY_MEASURE_WITH_UNIT (LENGTH_MEASURE( 1.000000000000000082E-05 ), #3728, 'distance_accuracy_value', 'NONE');
#4793 = AXIS2_PLACEMENT_3D ( 'NONE', #37, #4056, #555 ) ;
#4794 = UNCERTAINTY_MEASURE_WITH_UNIT (LENGTH_MEASURE( 1.000000000000000082E-05 ), #1771, 'distance_accuracy_value', 'NONE');
#4795 = ORIENTED_EDGE ( 'NONE', *, *, #3856, .T. ) ;
#4796 = LINE ( 'NONE', #4334, #3793 ) ;
#4797 = VECTOR ( 'NONE', #6992, 1000.000000000000000 ) ;
#4798 = CARTESIAN_POINT ( 'NONE',  ( -50.00000000000000000, 0.6850834428982002233, 28.30000000293902929 ) ) ;
#4799 = DIRECTION ( 'NONE',  ( -0.000000000000000000, -0.000000000000000000, 1.000000000000000000 ) ) ;
#4800 = CYLINDRICAL_SURFACE ( 'NONE', #4523, 0.9999999999240130055 ) ;
#4801 = CARTESIAN_POINT ( 'NONE',  ( 50.00000000000000000, -1.074170222794468277, 26.56388805300070644 ) ) ;
#4802 = EDGE_CURVE ( 'NONE', #5800, #6863, #2977, .T. ) ;
#4803 = CARTESIAN_POINT ( 'NONE',  ( 50.00000000000000000, -6.283859941527155435, -25.54619003961675006 ) ) ;
#4804 = COLOUR_RGB ( '',0.8980392156862745390, 0.9176470588235293713, 0.9294117647058823817 ) ;
#4805 = EDGE_CURVE ( 'NONE', #2072, #3605, #7010, .T. ) ;
#4806 = ORIENTED_EDGE ( 'NONE', *, *, #271, .F. ) ;
#4807 = FACE_OUTER_BOUND ( 'NONE', #7517, .T. ) ;
#4808 =( LENGTH_UNIT ( ) NAMED_UNIT ( * ) SI_UNIT ( .MILLI., .METRE. ) );
#4809 = ORIENTED_EDGE ( 'NONE', *, *, #5050, .T. ) ;
#4810 = CARTESIAN_POINT ( 'NONE',  ( 50.00000000000000000, 1.000000008530837592, 25.10000000474851589 ) ) ;
#4811 = DIRECTION ( 'NONE',  ( -0.000000000000000000, -1.000000000000000000, -0.000000000000000000 ) ) ;
#4812 = DIRECTION ( 'NONE',  ( -1.000000000000000000, -0.000000000000000000, -0.000000000000000000 ) ) ;
#4813 = DIRECTION ( 'NONE',  ( -1.000000000000000000, -0.000000000000000000, -0.000000000000000000 ) ) ;
#4814 = ORIENTED_EDGE ( 'NONE', *, *, #541, .T. ) ;
#4815 =( NAMED_UNIT ( * ) PLANE_ANGLE_UNIT ( ) SI_UNIT ( $, .RADIAN. ) );
#4816 = CARTESIAN_POINT ( 'NONE',  ( -50.00000000000000000, 3.299656187376970973, -27.74997438324669119 ) ) ;
#4817 = VERTEX_POINT ( 'NONE', #458 ) ;
#4818 = CARTESIAN_POINT ( 'NONE',  ( 50.00000000000000000, 0.6999999899816520266, -28.30000000237553692 ) ) ;
#4819 = DIRECTION ( 'NONE',  ( -1.000000000000000000, -0.000000000000000000, -0.000000000000000000 ) ) ;
#4820 = DIRECTION ( 'NONE',  ( 1.000000000000000000, 0.000000000000000000, 0.000000000000000000 ) ) ;
#4821 = DIRECTION ( 'NONE',  ( -0.000000000000000000, -1.000000000000000000, -0.000000000000000000 ) ) ;
#4822 = ORIENTED_EDGE ( 'NONE', *, *, #1671, .T. ) ;
#4823 = EDGE_CURVE ( 'NONE', #5215, #6149, #6933, .T. ) ;
#4824 = ADVANCED_FACE ( 'NONE', ( #1580 ), #489, .F. ) ;
#4825 = CARTESIAN_POINT ( 'NONE',  ( 50.00000000000000000, -8.500000009561359704, -26.00000000491900565 ) ) ;
#4826 = PRESENTATION_STYLE_ASSIGNMENT (( #2460 ) ) ;
#4827 = CARTESIAN_POINT ( 'NONE',  ( 50.00000000000000000, 0.6850834428982002233, 28.30000000293902929 ) ) ;
#4828 =( NAMED_UNIT ( * ) SI_UNIT ( $, .STERADIAN. ) SOLID_ANGLE_UNIT ( ) );
#4829 =( LENGTH_UNIT ( ) NAMED_UNIT ( * ) SI_UNIT ( .MILLI., .METRE. ) );
#4830 = EDGE_LOOP ( 'NONE', ( #6375, #4600, #4483, #2321 ) ) ;
#4831 = ORIENTED_EDGE ( 'NONE', *, *, #6838, .T. ) ;
#4832 = CARTESIAN_POINT ( 'NONE',  ( -50.00000000000000000, 8.500000009651870414, 26.00000000423863256 ) ) ;
#4833 = DIRECTION ( 'NONE',  ( 0.000000000000000000, 0.000000000000000000, -1.000000000000000000 ) ) ;
#4834 = FILL_AREA_STYLE ('',( #6497 ) ) ;
#4835 = VECTOR ( 'NONE', #7292, 1000.000000000000000 ) ;
#4836 = LINE ( 'NONE', #7198, #7526 ) ;
#4837 = CARTESIAN_POINT ( 'NONE',  ( 50.00000000000000000, -0.9999999910240813250, 27.54164378160909621 ) ) ;
#4838 = COLOUR_RGB ( '',0.8980392156862745390, 0.9176470588235293713, 0.9294117647058823817 ) ;
#4839 = PRODUCT_DEFINITION_SHAPE ( 'NONE', 'NONE',  #1695 ) ;
#4840 = VECTOR ( 'NONE', #5609, 1000.000000000000114 ) ;
#4841 = STYLED_ITEM ( 'NONE', ( #6198 ), #977 ) ;
#4842 = VECTOR ( 'NONE', #5818, 1000.000000000000000 ) ;
#4843 = VERTEX_POINT ( 'NONE', #6304 ) ;
#4844 = FILL_AREA_STYLE_COLOUR ( '', #4287 ) ;
#4845 = ORIENTED_EDGE ( 'NONE', *, *, #1635, .F. ) ;
#4846 = EDGE_CURVE ( 'NONE', #1406, #6236, #1074, .T. ) ;
#4847 = CARTESIAN_POINT ( 'NONE',  ( 50.00000000000000000, 8.532992891370785316, 24.75043549219618555 ) ) ;
#4848 = DIRECTION ( 'NONE',  ( -1.000000000000000000, -0.000000000000000000, -0.000000000000000000 ) ) ;
#4849 = VECTOR ( 'NONE', #7332, 1000.000000000000000 ) ;
#4850 = ORIENTED_EDGE ( 'NONE', *, *, #7525, .F. ) ;
#4851 = FILL_AREA_STYLE_COLOUR ( '', #6529 ) ;
#4852 = UNCERTAINTY_MEASURE_WITH_UNIT (LENGTH_MEASURE( 1.000000000000000082E-05 ), #7174, 'distance_accuracy_value', 'NONE');
#4853 = VERTEX_POINT ( 'NONE', #2861 ) ;
#4854 = CARTESIAN_POINT ( 'NONE',  ( 50.00000000000000000, 1.000000009251461597, 28.10000000750401128 ) ) ;
#4855 = CYLINDRICAL_SURFACE ( 'NONE', #7480, 0.4999999999999970024 ) ;
#4856 = ORIENTED_EDGE ( 'NONE', *, *, #6202, .T. ) ;
#4857 = PRESENTATION_LAYER_ASSIGNMENT (  '', '', ( #3470 ) ) ;
#4858 = FILL_AREA_STYLE ('',( #3724 ) ) ;
#4859 = CARTESIAN_POINT ( 'NONE',  ( -50.00000000000000000, -7.500000009601577311, -29.50000000476205031 ) ) ;
#4860 = ADVANCED_FACE ( 'NONE', ( #1611 ), #5219, .F. ) ;
#4861 = VECTOR ( 'NONE', #5634, 1000.000000000000000 ) ;
#4862 = EDGE_CURVE ( 'NONE', #6493, #4879, #1040, .T. ) ;
#4863 =( NAMED_UNIT ( * ) PLANE_ANGLE_UNIT ( ) SI_UNIT ( $, .RADIAN. ) );
#4864 = EDGE_CURVE ( 'NONE', #6171, #4905, #961, .T. ) ;
#4865 = FACE_OUTER_BOUND ( 'NONE', #6582, .T. ) ;
#4866 = ORIENTED_EDGE ( 'NONE', *, *, #2899, .T. ) ;
#4867 = AXIS2_PLACEMENT_3D ( 'NONE', #1982, #4391, #3713 ) ;
#4868 = SURFACE_STYLE_USAGE ( .BOTH. , #1325 ) ;
#4869 = ORIENTED_EDGE ( 'NONE', *, *, #4805, .T. ) ;
#4870 = PLANE ( 'NONE',  #2774 ) ;
#4871 = AXIS2_PLACEMENT_3D ( 'NONE', #2052, #2095, #6806 ) ;
#4872 = DIRECTION ( 'NONE',  ( -1.000000000000000000, -0.000000000000000000, -0.000000000000000000 ) ) ;
#4873 = PRESENTATION_LAYER_ASSIGNMENT (  '', '', ( #531 ) ) ;
#4874 = AXIS2_PLACEMENT_3D ( 'NONE', #7394, #5635, #4904 ) ;
#4875 = MECHANICAL_DESIGN_GEOMETRIC_PRESENTATION_REPRESENTATION (  '', ( #2894 ), #1532 ) ;
#4876 = ORIENTED_EDGE ( 'NONE', *, *, #5670, .T. ) ;
#4877 = CARTESIAN_POINT ( 'NONE',  ( 50.00000000000000000, -3.716140078100125255, 25.54619003423594492 ) ) ;
#4878 = CARTESIAN_POINT ( 'NONE',  ( 50.00000000000000000, -4.800000009782633192, 29.89999999970440570 ) ) ;
#4879 = VERTEX_POINT ( 'NONE', #1248 ) ;
#4880 = MECHANICAL_DESIGN_GEOMETRIC_PRESENTATION_REPRESENTATION (  '', ( #5867 ), #6120 ) ;
#4881 = CIRCLE ( 'NONE', #6864, 0.3000000000002583933 ) ;
#4882 = FILL_AREA_STYLE_COLOUR ( '', #4883 ) ;
#4883 = COLOUR_RGB ( '',0.8980392156862745390, 0.9176470588235293713, 0.9294117647058823817 ) ;
#4884 = UNCERTAINTY_MEASURE_WITH_UNIT (LENGTH_MEASURE( 1.000000000000000082E-05 ), #5052, 'distance_accuracy_value', 'NONE');
#4885 = DIRECTION ( 'NONE',  ( 0.000000000000000000, 1.000000000000000000, 0.000000000000000000 ) ) ;
#4886 = AXIS2_PLACEMENT_3D ( 'NONE', #6333, #1602, #1027 ) ;
#4887 = STYLED_ITEM ( 'NONE', ( #7454 ), #5235 ) ;
#4888 = ORIENTED_EDGE ( 'NONE', *, *, #7610, .F. ) ;
#4889 = DIRECTION ( 'NONE',  ( -1.000000000000000000, -0.000000000000000000, -0.000000000000000000 ) ) ;
#4890 = DIRECTION ( 'NONE',  ( 1.000000000000000000, 0.000000000000000000, 0.000000000000000000 ) ) ;
#4891 = CARTESIAN_POINT ( 'NONE',  ( 50.00000000000000000, 0.6999999899816520266, -28.60000000237553053 ) ) ;
#4892 = EDGE_LOOP ( 'NONE', ( #1421, #2484, #1178, #3587 ) ) ;
#4893 = ADVANCED_FACE ( 'NONE', ( #2432 ), #3616, .F. ) ;
#4894 = STYLED_ITEM ( 'NONE', ( #4418 ), #3930 ) ;
#4895 = COLOUR_RGB ( '',0.8980392156862745390, 0.9176470588235293713, 0.9294117647058823817 ) ;
#4896 = CARTESIAN_POINT ( 'NONE',  ( 50.00000000000000000, 0.7000000066269876919, -26.49997438468984967 ) ) ;
#4897 = FILL_AREA_STYLE_COLOUR ( '', #7144 ) ;
#4898 = FACE_OUTER_BOUND ( 'NONE', #244, .T. ) ;
#4899 = SURFACE_STYLE_FILL_AREA ( #7654 ) ;
#4900 = STYLED_ITEM ( 'NONE', ( #3371 ), #6698 ) ;
#4901 = CIRCLE ( 'NONE', #196, 0.2999999999999947153 ) ;
#4902 =( LENGTH_UNIT ( ) NAMED_UNIT ( * ) SI_UNIT ( .MILLI., .METRE. ) );
#4903 =( GEOMETRIC_REPRESENTATION_CONTEXT ( 3 ) GLOBAL_UNCERTAINTY_ASSIGNED_CONTEXT ( ( #2298 ) ) GLOBAL_UNIT_ASSIGNED_CONTEXT ( ( #6583, #650, #140 ) ) REPRESENTATION_CONTEXT ( 'NONE', 'WORKASPACE' ) );
#4904 = DIRECTION ( 'NONE',  ( 0.000000000000000000, 0.000000000000000000, 1.000000000000000000 ) ) ;
#4905 = VERTEX_POINT ( 'NONE', #6020 ) ;
#4906 = MECHANICAL_DESIGN_GEOMETRIC_PRESENTATION_REPRESENTATION (  '', ( #4167 ), #1936 ) ;
#4907 = VECTOR ( 'NONE', #198, 1000.000000000000000 ) ;
#4908 = ORIENTED_EDGE ( 'NONE', *, *, #268, .T. ) ;
#4909 =( NAMED_UNIT ( * ) PLANE_ANGLE_UNIT ( ) SI_UNIT ( $, .RADIAN. ) );
#4910 = DIRECTION ( 'NONE',  ( 0.000000000000000000, 0.9889363528472990827, -0.1483404530702338853 ) ) ;
#4911 =( NAMED_UNIT ( * ) PLANE_ANGLE_UNIT ( ) SI_UNIT ( $, .RADIAN. ) );
#4912 = FILL_AREA_STYLE_COLOUR ( '', #652 ) ;
#4913 = AXIS2_PLACEMENT_3D ( 'NONE', #2107, #6228, #2725 ) ;
#4914 = DIRECTION ( 'NONE',  ( 1.000000000000000000, 0.000000000000000000, 0.000000000000000000 ) ) ;
#4915 = SURFACE_STYLE_FILL_AREA ( #6657 ) ;
#4916 = UNCERTAINTY_MEASURE_WITH_UNIT (LENGTH_MEASURE( 1.000000000000000082E-05 ), #5469, 'distance_accuracy_value', 'NONE');
#4917 = ADVANCED_FACE ( 'NONE', ( #7664 ), #3052, .F. ) ;
#4918 = EDGE_CURVE ( 'NONE', #6962, #5562, #4136, .T. ) ;
#4919 = VERTEX_POINT ( 'NONE', #5414 ) ;
#4920 = CARTESIAN_POINT ( 'NONE',  ( 50.00000000000000000, 12.50000001842155228, -25.99999999486307800 ) ) ;
#4921 = DIRECTION ( 'NONE',  ( 0.000000000000000000, 0.000000000000000000, -1.000000000000000000 ) ) ;
#4922 = VERTEX_POINT ( 'NONE', #6495 ) ;
#4923 =( NAMED_UNIT ( * ) SI_UNIT ( $, .STERADIAN. ) SOLID_ANGLE_UNIT ( ) );
#4924 =( LENGTH_UNIT ( ) NAMED_UNIT ( * ) SI_UNIT ( .MILLI., .METRE. ) );
#4925 = STYLED_ITEM ( 'NONE', ( #1087 ), #15 ) ;
#4926 =( LENGTH_UNIT ( ) NAMED_UNIT ( * ) SI_UNIT ( .MILLI., .METRE. ) );
#4927 = ORIENTED_EDGE ( 'NONE', *, *, #7470, .F. ) ;
#4928 = CARTESIAN_POINT ( 'NONE',  ( 50.00000000000000000, 8.500000018423346404, -25.99999999486307800 ) ) ;
#4929 = DIRECTION ( 'NONE',  ( 0.000000000000000000, 0.000000000000000000, -1.000000000000000000 ) ) ;
#4930 = ORIENTED_EDGE ( 'NONE', *, *, #5265, .T. ) ;
#4931 = PLANE ( 'NONE',  #7535 ) ;
#4932 =( NAMED_UNIT ( * ) SI_UNIT ( $, .STERADIAN. ) SOLID_ANGLE_UNIT ( ) );
#4933 = CARTESIAN_POINT ( 'NONE',  ( 50.00000000000000000, 1.000000006721767587, -26.49997438468984967 ) ) ;
#4934 = UNCERTAINTY_MEASURE_WITH_UNIT (LENGTH_MEASURE( 1.000000000000000082E-05 ), #2706, 'distance_accuracy_value', 'NONE');
#4935 = DIRECTION ( 'NONE',  ( -0.000000000000000000, 1.000000000000000000, -0.000000000000000000 ) ) ;
#4936 =( GEOMETRIC_REPRESENTATION_CONTEXT ( 3 ) GLOBAL_UNCERTAINTY_ASSIGNED_CONTEXT ( ( #2944 ) ) GLOBAL_UNIT_ASSIGNED_CONTEXT ( ( #3887, #3453, #360 ) ) REPRESENTATION_CONTEXT ( 'NONE', 'WORKASPACE' ) );
#4937 = DIRECTION ( 'NONE',  ( 1.000000000000000000, 0.000000000000000000, 0.000000000000000000 ) ) ;
#4938 = VERTEX_POINT ( 'NONE', #1211 ) ;
#4939 =( NAMED_UNIT ( * ) SI_UNIT ( $, .STERADIAN. ) SOLID_ANGLE_UNIT ( ) );
#4940 = CARTESIAN_POINT ( 'NONE',  ( 50.00000000000000000, -12.50000000940121225, 25.99999999947474905 ) ) ;
#4941 = EDGE_CURVE ( 'NONE', #5562, #6013, #4402, .T. ) ;
#4942 = CARTESIAN_POINT ( 'NONE',  ( -50.00000000000000000, -6.000000009844241866, -31.50000000494782171 ) ) ;
#4943 = CARTESIAN_POINT ( 'NONE',  ( 50.00000000000000000, -9.300000003928143855, 22.99999999639312875 ) ) ;
#4944 = ORIENTED_EDGE ( 'NONE', *, *, #4062, .T. ) ;
#4945 = CARTESIAN_POINT ( 'NONE',  ( 50.00000000000000000, 6.750609692811459617, 25.54619003936655730 ) ) ;
#4946 = VERTEX_POINT ( 'NONE', #3580 ) ;
#4947 = DIRECTION ( 'NONE',  ( 1.000000000000000000, 0.000000000000000000, 0.000000000000000000 ) ) ;
#4948 = FILL_AREA_STYLE ('',( #3825 ) ) ;
#4949 = DIRECTION ( 'NONE',  ( -0.000000000000000000, 0.000000000000000000, 1.000000000000000000 ) ) ;
#4950 = LINE ( 'NONE', #6808, #4645 ) ;
#4951 = ORIENTED_EDGE ( 'NONE', *, *, #7684, .F. ) ;
#4952 = FILL_AREA_STYLE_COLOUR ( '', #709 ) ;
#4953 = PRESENTATION_STYLE_ASSIGNMENT (( #2596 ) ) ;
#4954 = ORIENTED_EDGE ( 'NONE', *, *, #5010, .F. ) ;
#4955 = CARTESIAN_POINT ( 'NONE',  ( -50.00000000000000000, -9.300000006406863307, -23.50000000580262594 ) ) ;
#4956 = EDGE_CURVE ( 'NONE', #619, #7396, #543, .T. ) ;
#4957 = COLOUR_RGB ( '',0.8980392156862745390, 0.9176470588235293713, 0.9294117647058823817 ) ;
#4958 = FILL_AREA_STYLE_COLOUR ( '', #2741 ) ;
#4959 = FACE_OUTER_BOUND ( 'NONE', #5478, .T. ) ;
#4960 = EDGE_CURVE ( 'NONE', #4730, #4905, #4881, .T. ) ;
#4961 = DIRECTION ( 'NONE',  ( 0.000000000000000000, -1.000000000000000000, 0.000000000000000000 ) ) ;
#4962 = ADVANCED_FACE ( 'NONE', ( #6137 ), #2629, .F. ) ;
#4963 = EDGE_CURVE ( 'NONE', #1216, #2194, #6620, .T. ) ;
#4964 = STYLED_ITEM ( 'NONE', ( #2015 ), #1657 ) ;
#4965 = COLOUR_RGB ( '',0.8980392156862745390, 0.9176470588235293713, 0.9294117647058823817 ) ;
#4966 = VERTEX_POINT ( 'NONE', #1014 ) ;
#4967 = PRESENTATION_STYLE_ASSIGNMENT (( #7299 ) ) ;
#4968 = ORIENTED_EDGE ( 'NONE', *, *, #2087, .T. ) ;
#4969 = LINE ( 'NONE', #812, #4975 ) ;
#4970 = LINE ( 'NONE', #3145, #5615 ) ;
#4971 = DIRECTION ( 'NONE',  ( -1.000000000000000000, -0.000000000000000000, -0.000000000000000000 ) ) ;
#4972 = VECTOR ( 'NONE', #2074, 1000.000000000000000 ) ;
#4973 = DIRECTION ( 'NONE',  ( -0.000000000000000000, 0.9889363528994402630, 0.1483404527226264424 ) ) ;
#4974 = ORIENTED_EDGE ( 'NONE', *, *, #464, .F. ) ;
#4975 = VECTOR ( 'NONE', #3929, 1000.000000000000000 ) ;
#4976 = DIRECTION ( 'NONE',  ( -1.000000000000000000, -0.000000000000000000, -0.000000000000000000 ) ) ;
#4977 = CARTESIAN_POINT ( 'NONE',  ( -50.00000000000000000, -7.500000009615677143, 29.99999999947941376 ) ) ;
#4978 = UNCERTAINTY_MEASURE_WITH_UNIT (LENGTH_MEASURE( 1.000000000000000082E-05 ), #5331, 'distance_accuracy_value', 'NONE');
#4979 = LINE ( 'NONE', #3726, #2809 ) ;
#4980 = DIRECTION ( 'NONE',  ( -0.000000000000000000, -0.000000000000000000, -1.000000000000000000 ) ) ;
#4981 = CARTESIAN_POINT ( 'NONE',  ( 50.00000000000000000, -6.000000009844241866, -29.50000000494680918 ) ) ;
#4982 = DIRECTION ( 'NONE',  ( 0.000000000000000000, 0.000000000000000000, 1.000000000000000000 ) ) ;
#4983 = STYLED_ITEM ( 'NONE', ( #3326 ), #6230 ) ;
#4984 = EDGE_LOOP ( 'NONE', ( #3666, #6810, #5663, #1576 ) ) ;
#4985 =( NAMED_UNIT ( * ) SI_UNIT ( $, .STERADIAN. ) SOLID_ANGLE_UNIT ( ) );
#4986 = VECTOR ( 'NONE', #7345, 1000.000000000000000 ) ;
#4987 = ORIENTED_EDGE ( 'NONE', *, *, #4846, .F. ) ;
#4988 = CARTESIAN_POINT ( 'NONE',  ( -50.00000000000000000, -1.300000009753222496, 29.89999999993697699 ) ) ;
#4989 = AXIS2_PLACEMENT_3D ( 'NONE', #5472, #6163, #6643 ) ;
#4990 = CARTESIAN_POINT ( 'NONE',  ( 50.00000000000000000, -0.9999999962627335037, 27.05835622940180940 ) ) ;
#4991 = FILL_AREA_STYLE_COLOUR ( '', #3149 ) ;
#4992 = DIRECTION ( 'NONE',  ( -0.000000000000000000, 1.000000000000000000, -0.000000000000000000 ) ) ;
#4993 =( GEOMETRIC_REPRESENTATION_CONTEXT ( 3 ) GLOBAL_UNCERTAINTY_ASSIGNED_CONTEXT ( ( #3002 ) ) GLOBAL_UNIT_ASSIGNED_CONTEXT ( ( #3794, #843, #6856 ) ) REPRESENTATION_CONTEXT ( 'NONE', 'WORKASPACE' ) );
#4994 = VERTEX_POINT ( 'NONE', #5748 ) ;
#4995 = PRESENTATION_LAYER_ASSIGNMENT (  '', '', ( #5966 ) ) ;
#4996 = EDGE_CURVE ( 'NONE', #3605, #5922, #6173, .T. ) ;
#4997 = ORIENTED_EDGE ( 'NONE', *, *, #885, .F. ) ;
#4998 = VECTOR ( 'NONE', #4299, 1000.000000000000000 ) ;
#4999 = FILL_AREA_STYLE ('',( #2634 ) ) ;
#5000 = VECTOR ( 'NONE', #2097, 1000.000000000000114 ) ;
#5001 = ORIENTED_EDGE ( 'NONE', *, *, #2452, .T. ) ;
#5002 =( NAMED_UNIT ( * ) PLANE_ANGLE_UNIT ( ) SI_UNIT ( $, .RADIAN. ) );
#5003 = DIRECTION ( 'NONE',  ( -0.000000000000000000, -0.000000000000000000, -1.000000000000000000 ) ) ;
#5004 = SURFACE_SIDE_STYLE ('',( #2599 ) ) ;
#5005 =( NAMED_UNIT ( * ) SI_UNIT ( $, .STERADIAN. ) SOLID_ANGLE_UNIT ( ) );
#5006 = CARTESIAN_POINT ( 'NONE',  ( 50.00000000000000000, -4.800000009774883836, -29.90000000499856725 ) ) ;
#5007 = ADVANCED_FACE ( 'NONE', ( #3350 ), #4335, .F. ) ;
#5008 = ORIENTED_EDGE ( 'NONE', *, *, #1789, .F. ) ;
#5009 = VECTOR ( 'NONE', #6490, 1000.000000000000000 ) ;
#5010 = EDGE_CURVE ( 'NONE', #7218, #7382, #5248, .T. ) ;
#5011 =( NAMED_UNIT ( * ) SI_UNIT ( $, .STERADIAN. ) SOLID_ANGLE_UNIT ( ) );
#5012 = ADVANCED_FACE ( 'NONE', ( #3735 ), #6654, .F. ) ;
#5013 = VERTEX_POINT ( 'NONE', #5929 ) ;
#5014 = DIRECTION ( 'NONE',  ( -0.000000000000000000, 0.1483404531303145202, 0.9889363528382870694 ) ) ;
#5015 = LINE ( 'NONE', #4473, #2252 ) ;
#5016 = FACE_OUTER_BOUND ( 'NONE', #7417, .T. ) ;
#5017 = CARTESIAN_POINT ( 'NONE',  ( 50.00000000000000000, 0.9999999912927055590, 29.49999999999938893 ) ) ;
#5018 = APPLICATION_PROTOCOL_DEFINITION ( 'draft international standard', 'automotive_design', 1998, #2800 ) ;
#5019 = COLOUR_RGB ( '',0.8980392156862745390, 0.9176470588235293713, 0.9294117647058823817 ) ;
#5020 = STYLED_ITEM ( 'NONE', ( #5275 ), #5012 ) ;
#5021 = CARTESIAN_POINT ( 'NONE',  ( -50.00000000000000000, 0.6999999912927074019, 28.30000000293902929 ) ) ;
#5022 = MECHANICAL_DESIGN_GEOMETRIC_PRESENTATION_REPRESENTATION (  '', ( #7369 ), #1044 ) ;
#5023 = EDGE_CURVE ( 'NONE', #5636, #1970, #1797, .T. ) ;
#5024 = DIRECTION ( 'NONE',  ( 0.000000000000000000, 0.000000000000000000, -1.000000000000000000 ) ) ;
#5025 = EDGE_CURVE ( 'NONE', #7180, #1946, #1120, .T. ) ;
#5026 =( NAMED_UNIT ( * ) SI_UNIT ( $, .STERADIAN. ) SOLID_ANGLE_UNIT ( ) );
#5027 = PRESENTATION_LAYER_ASSIGNMENT (  '', '', ( #678 ) ) ;
#5028 = DIRECTION ( 'NONE',  ( -0.000000000000000000, -0.000000000000000000, 1.000000000000000000 ) ) ;
#5029 = SURFACE_SIDE_STYLE ('',( #3935 ) ) ;
#5030 = VECTOR ( 'NONE', #7067, 1000.000000000000000 ) ;
#5031 =( NAMED_UNIT ( * ) PLANE_ANGLE_UNIT ( ) SI_UNIT ( $, .RADIAN. ) );
#5032 = LINE ( 'NONE', #3855, #1787 ) ;
#5033 = ORIENTED_EDGE ( 'NONE', *, *, #3964, .F. ) ;
#5034 = COLOUR_RGB ( '',0.8980392156862745390, 0.9176470588235293713, 0.9294117647058823817 ) ;
#5035 = VERTEX_POINT ( 'NONE', #4088 ) ;
#5036 =( GEOMETRIC_REPRESENTATION_CONTEXT ( 3 ) GLOBAL_UNCERTAINTY_ASSIGNED_CONTEXT ( ( #6492 ) ) GLOBAL_UNIT_ASSIGNED_CONTEXT ( ( #189, #4187, #760 ) ) REPRESENTATION_CONTEXT ( 'NONE', 'WORKASPACE' ) );
#5037 = VECTOR ( 'NONE', #1956, 1000.000000000000000 ) ;
#5038 = DIRECTION ( 'NONE',  ( 0.000000000000000000, 0.000000000000000000, -1.000000000000000000 ) ) ;
#5039 = DIRECTION ( 'NONE',  ( -1.000000000000000000, -0.000000000000000000, -0.000000000000000000 ) ) ;
#5040 = DIRECTION ( 'NONE',  ( 1.000000000000000000, 0.000000000000000000, 0.000000000000000000 ) ) ;
#5041 =( GEOMETRIC_REPRESENTATION_CONTEXT ( 3 ) GLOBAL_UNCERTAINTY_ASSIGNED_CONTEXT ( ( #4775 ) ) GLOBAL_UNIT_ASSIGNED_CONTEXT ( ( #4808, #187, #5537 ) ) REPRESENTATION_CONTEXT ( 'NONE', 'WORKASPACE' ) );
#5042 = ORIENTED_EDGE ( 'NONE', *, *, #5906, .T. ) ;
#5043 = ORIENTED_EDGE ( 'NONE', *, *, #3459, .T. ) ;
#5044 = FILL_AREA_STYLE ('',( #3911 ) ) ;
#5045 = EDGE_LOOP ( 'NONE', ( #3622, #3223, #1689, #5585 ) ) ;
#5046 = CARTESIAN_POINT ( 'NONE',  ( -50.00000000000000000, -8.500000009561359704, -26.00000000491900565 ) ) ;
#5047 = MECHANICAL_DESIGN_GEOMETRIC_PRESENTATION_REPRESENTATION (  '', ( #3180 ), #1067 ) ;
#5048 = DIRECTION ( 'NONE',  ( 0.000000000000000000, 0.000000000000000000, 1.000000000000000000 ) ) ;
#5049 = CARTESIAN_POINT ( 'NONE',  ( 50.00000000000000000, -8.532992890835773281, -24.75043549247703467 ) ) ;
#5050 = EDGE_CURVE ( 'NONE', #5451, #5185, #679, .T. ) ;
#5051 =( LENGTH_UNIT ( ) NAMED_UNIT ( * ) SI_UNIT ( .MILLI., .METRE. ) );
#5052 =( LENGTH_UNIT ( ) NAMED_UNIT ( * ) SI_UNIT ( .MILLI., .METRE. ) );
#5053 = ORIENTED_EDGE ( 'NONE', *, *, #4208, .F. ) ;
#5054 = CARTESIAN_POINT ( 'NONE',  ( 50.00000000000000000, 0.6999999912927074019, 28.30000000293902929 ) ) ;
#5055 = LINE ( 'NONE', #3141, #335 ) ;
#5056 = ORIENTED_EDGE ( 'NONE', *, *, #5565, .F. ) ;
#5057 = CARTESIAN_POINT ( 'NONE',  ( 50.00000000000000000, -4.000000009650611865, 29.99999999971483788 ) ) ;
#5058 = CARTESIAN_POINT ( 'NONE',  ( 50.00000000000000000, -8.046190037690342578, 23.99999999640830950 ) ) ;
#5059 = CARTESIAN_POINT ( 'NONE',  ( 50.00000000000000000, -3.588571657105320334, -25.54619003962910284 ) ) ;
#5060 = STYLED_ITEM ( 'NONE', ( #1369 ), #7533 ) ;
#5061 = FILL_AREA_STYLE ('',( #7423 ) ) ;
#5062 = DIRECTION ( 'NONE',  ( 0.000000000000000000, 0.000000000000000000, -1.000000000000000000 ) ) ;
#5063 = CONTEXT_DEPENDENT_SHAPE_REPRESENTATION ( #2397, #6002 ) ;
#5064 = VERTEX_POINT ( 'NONE', #7606 ) ;
#5065 = MECHANICAL_DESIGN_GEOMETRIC_PRESENTATION_REPRESENTATION (  '', ( #1191 ), #1315 ) ;
#5066 = CARTESIAN_POINT ( 'NONE',  ( -50.00000000000000000, -1.499999997720311118, -27.05835622831537179 ) ) ;
#5067 = UNCERTAINTY_MEASURE_WITH_UNIT (LENGTH_MEASURE( 1.000000000000000082E-05 ), #657, 'distance_accuracy_value', 'NONE');
#5068 = PRESENTATION_STYLE_ASSIGNMENT (( #946 ) ) ;
#5069 = LINE ( 'NONE', #3197, #7190 ) ;
#5070 = CARTESIAN_POINT ( 'NONE',  ( 50.00000000000000000, 0.9999999914620215646, 26.00000000293864488 ) ) ;
#5071 = MECHANICAL_DESIGN_GEOMETRIC_PRESENTATION_REPRESENTATION (  '', ( #1197 ), #7041 ) ;
#5072 = UNCERTAINTY_MEASURE_WITH_UNIT (LENGTH_MEASURE( 1.000000000000000082E-05 ), #3452, 'distance_accuracy_value', 'NONE');
#5073 = EDGE_CURVE ( 'NONE', #1587, #728, #1053, .T. ) ;
#5074 = ADVANCED_FACE ( 'NONE', ( #5308 ), #2380, .F. ) ;
#5075 = ORIENTED_EDGE ( 'NONE', *, *, #5114, .F. ) ;
#5076 = SURFACE_STYLE_FILL_AREA ( #3901 ) ;
#5077 = ORIENTED_EDGE ( 'NONE', *, *, #412, .F. ) ;
#5078 = DIRECTION ( 'NONE',  ( 0.000000000000000000, -1.000000000000000000, 0.000000000000000000 ) ) ;
#5079 = SURFACE_SIDE_STYLE ('',( #868 ) ) ;
#5080 = CARTESIAN_POINT ( 'NONE',  ( 50.00000000000000000, 0.6999999899816520266, -28.30000000237553692 ) ) ;
#5081 = ORIENTED_EDGE ( 'NONE', *, *, #2408, .F. ) ;
#5082 = ORIENTED_EDGE ( 'NONE', *, *, #6948, .T. ) ;
#5083 =( NAMED_UNIT ( * ) SI_UNIT ( $, .STERADIAN. ) SOLID_ANGLE_UNIT ( ) );
#5084 = VERTEX_POINT ( 'NONE', #4736 ) ;
#5085 = SURFACE_STYLE_FILL_AREA ( #4496 ) ;
#5086 = FILL_AREA_STYLE_COLOUR ( '', #4005 ) ;
#5087 = FACE_OUTER_BOUND ( 'NONE', #4472, .T. ) ;
#5088 =( NAMED_UNIT ( * ) PLANE_ANGLE_UNIT ( ) SI_UNIT ( $, .RADIAN. ) );
#5089 = EDGE_CURVE ( 'NONE', #103, #2324, #7115, .T. ) ;
#5090 = VERTEX_POINT ( 'NONE', #4009 ) ;
#5091 = CARTESIAN_POINT ( 'NONE',  ( 50.00000000000000000, -1.000000009758420738, -30.00000000523828092 ) ) ;
#5092 = ORIENTED_EDGE ( 'NONE', *, *, #5025, .F. ) ;
#5093 = PRESENTATION_STYLE_ASSIGNMENT (( #7452 ) ) ;
#5094 = DIRECTION ( 'NONE',  ( -1.000000000000000000, -0.000000000000000000, -0.000000000000000000 ) ) ;
#5095 = DIRECTION ( 'NONE',  ( -1.000000000000000000, 0.000000000000000000, -0.000000000000000000 ) ) ;
#5096 = ITEM_DEFINED_TRANSFORMATION ( 'NONE', 'NONE', #3323,  #6651 ) ;
#5097 =( GEOMETRIC_REPRESENTATION_CONTEXT ( 3 ) GLOBAL_UNCERTAINTY_ASSIGNED_CONTEXT ( ( #6572 ) ) GLOBAL_UNIT_ASSIGNED_CONTEXT ( ( #4188, #3096, #3022 ) ) REPRESENTATION_CONTEXT ( 'NONE', 'WORKASPACE' ) );
#5098 = CARTESIAN_POINT ( 'NONE',  ( 50.00000000000000000, -6.750609692321838828, -26.04619003961675006 ) ) ;
#5099 = CARTESIAN_POINT ( 'NONE',  ( 50.00000000000000000, -8.046190037690342578, 23.99999999640830950 ) ) ;
#5100 = EDGE_CURVE ( 'NONE', #5149, #6507, #5787, .T. ) ;
#5101 = VECTOR ( 'NONE', #3920, 1000.000000000000000 ) ;
#5102 = FILL_AREA_STYLE ('',( #6912 ) ) ;
#5103 = AXIS2_PLACEMENT_3D ( 'NONE', #896, #3382, #7388 ) ;
#5104 = COLOUR_RGB ( '',0.8980392156862745390, 0.9176470588235293713, 0.9294117647058823817 ) ;
#5105 = DIRECTION ( 'NONE',  ( 1.000000000000000000, 0.000000000000000000, 0.000000000000000000 ) ) ;
#5106 = EDGE_CURVE ( 'NONE', #2980, #5967, #6987, .T. ) ;
#5107 = CARTESIAN_POINT ( 'NONE',  ( 50.00000000000000000, -5.850000009022488179, 27.74999999985019983 ) ) ;
#5108 = CARTESIAN_POINT ( 'NONE',  ( 50.00000000000000000, -0.5000000100738536402, 29.49999999992888888 ) ) ;
#5109 = ORIENTED_EDGE ( 'NONE', *, *, #421, .F. ) ;
#5110 =( GEOMETRIC_REPRESENTATION_CONTEXT ( 3 ) GLOBAL_UNCERTAINTY_ASSIGNED_CONTEXT ( ( #583 ) ) GLOBAL_UNIT_ASSIGNED_CONTEXT ( ( #1831, #5961, #1265 ) ) REPRESENTATION_CONTEXT ( 'NONE', 'WORKASPACE' ) );
#5111 = EDGE_CURVE ( 'NONE', #6161, #2544, #665, .T. ) ;
#5112 = ORIENTED_EDGE ( 'NONE', *, *, #3481, .T. ) ;
#5113 = SURFACE_STYLE_FILL_AREA ( #3392 ) ;
#5114 = EDGE_CURVE ( 'NONE', #3700, #590, #4764, .T. ) ;
#5115 = EDGE_CURVE ( 'NONE', #4548, #6668, #3146, .T. ) ;
#5116 = PRESENTATION_STYLE_ASSIGNMENT (( #3694 ) ) ;
#5117 =( NAMED_UNIT ( * ) PLANE_ANGLE_UNIT ( ) SI_UNIT ( $, .RADIAN. ) );
#5118 = ORIENTED_EDGE ( 'NONE', *, *, #1685, .T. ) ;
#5119 = COLOUR_RGB ( '',0.8980392156862745390, 0.9176470588235293713, 0.9294117647058823817 ) ;
#5120 = ORIENTED_EDGE ( 'NONE', *, *, #1767, .F. ) ;
#5121 = DIRECTION ( 'NONE',  ( 0.000000000000000000, -1.000000000000000000, 0.000000000000000000 ) ) ;
#5122 = ORIENTED_EDGE ( 'NONE', *, *, #4864, .F. ) ;
#5123 = DIRECTION ( 'NONE',  ( 0.000000000000000000, 0.000000000000000000, -1.000000000000000000 ) ) ;
#5124 = SURFACE_SIDE_STYLE ('',( #1653 ) ) ;
#5125 =( LENGTH_UNIT ( ) NAMED_UNIT ( * ) SI_UNIT ( .MILLI., .METRE. ) );
#5126 = LINE ( 'NONE', #7481, #2000 ) ;
#5127 = AXIS2_PLACEMENT_3D ( 'NONE', #5947, #6655, #6091 ) ;
#5128 = ORIENTED_EDGE ( 'NONE', *, *, #6016, .T. ) ;
#5129 = DIRECTION ( 'NONE',  ( -1.000000000000000000, -0.000000000000000000, -0.000000000000000000 ) ) ;
#5130 = FACE_OUTER_BOUND ( 'NONE', #4261, .T. ) ;
#5131 = CARTESIAN_POINT ( 'NONE',  ( -50.00000000000000000, 12.50000001842155228, -23.49999999595059208 ) ) ;
#5132 = PRESENTATION_LAYER_ASSIGNMENT (  '', '', ( #2032 ) ) ;
#5133 = CARTESIAN_POINT ( 'NONE',  ( 50.00000000000000000, 0.6850834411078633446, -28.30000000237553692 ) ) ;
#5134 =( NAMED_UNIT ( * ) PLANE_ANGLE_UNIT ( ) SI_UNIT ( $, .RADIAN. ) );
#5135 = AXIS2_PLACEMENT_3D ( 'NONE', #4131, #1171, #49 ) ;
#5136 = CIRCLE ( 'NONE', #6096, 1.250000000000001110 ) ;
#5137 = LINE ( 'NONE', #5557, #4603 ) ;
#5138 = SURFACE_SIDE_STYLE ('',( #5484 ) ) ;
#5139 = COLOUR_RGB ( '',0.8980392156862745390, 0.9176470588235293713, 0.9294117647058823817 ) ;
#5140 = DIRECTION ( 'NONE',  ( 0.000000000000000000, 0.000000000000000000, 1.000000000000000000 ) ) ;
#5141 = LINE ( 'NONE', #5711, #6858 ) ;
#5142 = ORIENTED_EDGE ( 'NONE', *, *, #699, .T. ) ;
#5143 = CARTESIAN_POINT ( 'NONE',  ( -50.00000000000000000, -9.300000003928143855, 23.49999999640830950 ) ) ;
#5144 = DIRECTION ( 'NONE',  ( -0.000000000000000000, 0.9889363528382869584, -0.1483404531303145202 ) ) ;
#5145 =( NAMED_UNIT ( * ) SI_UNIT ( $, .STERADIAN. ) SOLID_ANGLE_UNIT ( ) );
#5146 = FILL_AREA_STYLE_COLOUR ( '', #4386 ) ;
#5147 = CARTESIAN_POINT ( 'NONE',  ( 50.00000000000000000, -6.283859941527155435, -25.84619003960370165 ) ) ;
#5148 = CYLINDRICAL_SURFACE ( 'NONE', #5872, 0.3000000000000016542 ) ;
#5149 = VERTEX_POINT ( 'NONE', #2992 ) ;
#5150 = MECHANICAL_DESIGN_GEOMETRIC_PRESENTATION_REPRESENTATION (  '', ( #3286 ), #3909 ) ;
#5151 = EDGE_LOOP ( 'NONE', ( #881, #1981, #30, #3910 ) ) ;
#5152 = DIRECTION ( 'NONE',  ( -1.000000000000000000, -0.000000000000000000, -0.000000000000000000 ) ) ;
#5153 = ORIENTED_EDGE ( 'NONE', *, *, #4093, .T. ) ;
#5154 = FILL_AREA_STYLE_COLOUR ( '', #6364 ) ;
#5155 = DIRECTION ( 'NONE',  ( -1.000000000000000000, -0.000000000000000000, -0.000000000000000000 ) ) ;
#5156 = SURFACE_STYLE_FILL_AREA ( #3370 ) ;
#5157 = AXIS2_PLACEMENT_3D ( 'NONE', #4891, #4937, #6195 ) ;
#5158 = ADVANCED_FACE ( 'NONE', ( #3034 ), #5507, .F. ) ;
#5159 = DIRECTION ( 'NONE',  ( -1.000000000000000000, -0.000000000000000000, -0.000000000000000000 ) ) ;
#5160 = ORIENTED_EDGE ( 'NONE', *, *, #5179, .F. ) ;
#5161 = CIRCLE ( 'NONE', #6133, 1.250000000000001110 ) ;
#5162 = PRESENTATION_STYLE_ASSIGNMENT (( #2866 ) ) ;
#5163 = VERTEX_POINT ( 'NONE', #6638 ) ;
#5164 =( LENGTH_UNIT ( ) NAMED_UNIT ( * ) SI_UNIT ( .MILLI., .METRE. ) );
#5165 = CARTESIAN_POINT ( 'NONE',  ( -50.00000000000000000, -1.299999993536965492, -27.05833061047391652 ) ) ;
#5166 = STYLED_ITEM ( 'NONE', ( #924 ), #7266 ) ;
#5167 = CYLINDRICAL_SURFACE ( 'NONE', #3819, 0.5000000000000073275 ) ;
#5168 = SURFACE_STYLE_USAGE ( .BOTH. , #4626 ) ;
#5169 = CYLINDRICAL_SURFACE ( 'NONE', #7469, 0.3000000000000294098 ) ;
#5170 = VECTOR ( 'NONE', #1288, 1000.000000000000000 ) ;
#5171 = SURFACE_STYLE_USAGE ( .BOTH. , #2228 ) ;
#5172 =( GEOMETRIC_REPRESENTATION_CONTEXT ( 3 ) GLOBAL_UNCERTAINTY_ASSIGNED_CONTEXT ( ( #764 ) ) GLOBAL_UNIT_ASSIGNED_CONTEXT ( ( #5815, #5134, #6318 ) ) REPRESENTATION_CONTEXT ( 'NONE', 'WORKASPACE' ) );
#5173 = FILL_AREA_STYLE_COLOUR ( '', #4965 ) ;
#5174 =( NAMED_UNIT ( * ) PLANE_ANGLE_UNIT ( ) SI_UNIT ( $, .RADIAN. ) );
#5175 = DIRECTION ( 'NONE',  ( -1.000000000000000000, -0.000000000000000000, -0.000000000000000000 ) ) ;
#5176 = VERTEX_POINT ( 'NONE', #2489 ) ;
#5177 = FACE_OUTER_BOUND ( 'NONE', #7485, .T. ) ;
#5178 = CARTESIAN_POINT ( 'NONE',  ( 50.00000000000000000, -12.50000000940121225, 25.99999999947474905 ) ) ;
#5179 = EDGE_CURVE ( 'NONE', #2713, #2813, #6243, .T. ) ;
#5180 = CARTESIAN_POINT ( 'NONE',  ( 50.00000000000000000, -9.800000003943328153, -23.00000000826615931 ) ) ;
#5181 =( LENGTH_UNIT ( ) NAMED_UNIT ( * ) SI_UNIT ( .MILLI., .METRE. ) );
#5182 = CARTESIAN_POINT ( 'NONE',  ( -50.00000000000000000, -3.716140079806603769, -25.84619003962906802 ) ) ;
#5183 = FILL_AREA_STYLE ('',( #4682 ) ) ;
#5184 = PRESENTATION_LAYER_ASSIGNMENT (  '', '', ( #6159 ) ) ;
#5185 = VERTEX_POINT ( 'NONE', #3681 ) ;
#5186 = ORIENTED_EDGE ( 'NONE', *, *, #828, .T. ) ;
#5187 = CARTESIAN_POINT ( 'NONE',  ( 50.00000000000000000, -0.9999999962627335037, 27.05835622940180940 ) ) ;
#5188 = ORIENTED_EDGE ( 'NONE', *, *, #7178, .T. ) ;
#5189 = FILL_AREA_STYLE_COLOUR ( '', #3582 ) ;
#5190 = SURFACE_SIDE_STYLE ('',( #1075 ) ) ;
#5191 = DIRECTION ( 'NONE',  ( 0.000000000000000000, 0.000000000000000000, 1.000000000000000000 ) ) ;
#5192 = DIRECTION ( 'NONE',  ( 0.000000000000000000, 0.000000000000000000, 1.000000000000000000 ) ) ;
#5193 =( LENGTH_UNIT ( ) NAMED_UNIT ( * ) SI_UNIT ( .MILLI., .METRE. ) );
#5194 = EDGE_CURVE ( 'NONE', #113, #6426, #183, .T. ) ;
#5195 = LINE ( 'NONE', #6310, #2934 ) ;
#5196 = EDGE_LOOP ( 'NONE', ( #5128, #1296, #4132, #1153 ) ) ;
#5197 = CARTESIAN_POINT ( 'NONE',  ( 50.00000000000000000, -1.299999991024115564, 27.54164378160909621 ) ) ;
#5198 = ADVANCED_FACE ( 'NONE', ( #1867 ), #5396, .F. ) ;
#5199 = EDGE_CURVE ( 'NONE', #1254, #4366, #3275, .T. ) ;
#5200 = FILL_AREA_STYLE ('',( #7536 ) ) ;
#5201 = CARTESIAN_POINT ( 'NONE',  ( 50.00000000000000000, -4.800000009782633192, 29.89999999970440570 ) ) ;
#5202 =( NAMED_UNIT ( * ) PLANE_ANGLE_UNIT ( ) SI_UNIT ( $, .RADIAN. ) );
#5203 = FILL_AREA_STYLE ('',( #4598 ) ) ;
#5204 = SURFACE_STYLE_USAGE ( .BOTH. , #2843 ) ;
#5205 = SURFACE_STYLE_USAGE ( .BOTH. , #1566 ) ;
#5206 = ORIENTED_EDGE ( 'NONE', *, *, #2346, .F. ) ;
#5207 = VECTOR ( 'NONE', #5261, 1000.000000000000000 ) ;
#5208 =( GEOMETRIC_REPRESENTATION_CONTEXT ( 3 ) GLOBAL_UNCERTAINTY_ASSIGNED_CONTEXT ( ( #1988 ) ) GLOBAL_UNIT_ASSIGNED_CONTEXT ( ( #857, #6796, #1753 ) ) REPRESENTATION_CONTEXT ( 'NONE', 'WORKASPACE' ) );
#5209 = PRESENTATION_LAYER_ASSIGNMENT (  '', '', ( #3851 ) ) ;
#5210 = DIRECTION ( 'NONE',  ( 0.000000000000000000, 1.000000000000000000, 0.000000000000000000 ) ) ;
#5211 = CARTESIAN_POINT ( 'NONE',  ( -50.00000000000000000, 12.50000000998743843, 23.50000000404867251 ) ) ;
#5212 = DIRECTION ( 'NONE',  ( -0.000000000000000000, 1.000000000000000000, -0.000000000000000000 ) ) ;
#5213 = PRESENTATION_STYLE_ASSIGNMENT (( #5755 ) ) ;
#5214 = DIRECTION ( 'NONE',  ( 0.000000000000000000, 0.000000000000000000, -1.000000000000000000 ) ) ;
#5215 = VERTEX_POINT ( 'NONE', #2184 ) ;
#5216 = EDGE_LOOP ( 'NONE', ( #3640, #5928, #1281, #1889 ) ) ;
#5217 = VERTEX_POINT ( 'NONE', #2652 ) ;
#5218 =( LENGTH_UNIT ( ) NAMED_UNIT ( * ) SI_UNIT ( .MILLI., .METRE. ) );
#5219 = PLANE ( 'NONE',  #433 ) ;
#5220 =( NAMED_UNIT ( * ) PLANE_ANGLE_UNIT ( ) SI_UNIT ( $, .RADIAN. ) );
#5221 = DIRECTION ( 'NONE',  ( 1.000000000000000000, 0.000000000000000000, 0.000000000000000000 ) ) ;
#5222 = EDGE_CURVE ( 'NONE', #4664, #4427, #922, .T. ) ;
#5223 = AXIS2_PLACEMENT_3D ( 'NONE', #6833, #6287, #4594 ) ;
#5224 =( GEOMETRIC_REPRESENTATION_CONTEXT ( 3 ) GLOBAL_UNCERTAINTY_ASSIGNED_CONTEXT ( ( #6834 ) ) GLOBAL_UNIT_ASSIGNED_CONTEXT ( ( #2623, #6208, #4985 ) ) REPRESENTATION_CONTEXT ( 'NONE', 'WORKASPACE' ) );
#5225 = CARTESIAN_POINT ( 'NONE',  ( 50.00000000000000000, 8.546190043056190788, -23.99997438444787790 ) ) ;
#5226 = VECTOR ( 'NONE', #4363, 1000.000000000000000 ) ;
#5227 = ORIENTED_EDGE ( 'NONE', *, *, #1911, .F. ) ;
#5228 = PLANE ( 'NONE',  #1679 ) ;
#5230 = PLANE ( 'NONE',  #4142 ) ;
#5229 = COLOUR_RGB ( '',0.8980392156862745390, 0.9176470588235293713, 0.9294117647058823817 ) ;
#5231 = FILL_AREA_STYLE_COLOUR ( '', #5034 ) ;
#5232 = ADVANCED_FACE ( 'NONE', ( #5016 ), #3260, .F. ) ;
#5233 = AXIS2_PLACEMENT_3D ( 'NONE', #3736, #7123, #5446 ) ;
#5234 = UNCERTAINTY_MEASURE_WITH_UNIT (LENGTH_MEASURE( 1.000000000000000082E-05 ), #740, 'distance_accuracy_value', 'NONE');
#5235 = ADVANCED_FACE ( 'NONE', ( #6911 ), #6872, .T. ) ;
#5236 = FILL_AREA_STYLE ('',( #618 ) ) ;
#5237 = VERTEX_POINT ( 'NONE', #5131 ) ;
#5238 =( GEOMETRIC_REPRESENTATION_CONTEXT ( 3 ) GLOBAL_UNCERTAINTY_ASSIGNED_CONTEXT ( ( #862 ) ) GLOBAL_UNIT_ASSIGNED_CONTEXT ( ( #7316, #5599, #2746 ) ) REPRESENTATION_CONTEXT ( 'NONE', 'WORKASPACE' ) );
#5239 = AXIS2_PLACEMENT_3D ( 'NONE', #5147, #4572, #5797 ) ;
#5240 = CARTESIAN_POINT ( 'NONE',  ( -50.00000000000000000, 1.000000006721767587, -26.49997438468984967 ) ) ;
#5241 = VECTOR ( 'NONE', #3772, 1000.000000000000000 ) ;
#5242 = ORIENTED_EDGE ( 'NONE', *, *, #4576, .T. ) ;
#5243 = EDGE_CURVE ( 'NONE', #7363, #103, #5550, .T. ) ;
#5244 = EDGE_CURVE ( 'NONE', #4817, #7019, #2913, .T. ) ;
#5245 = DIRECTION ( 'NONE',  ( 1.000000000000000000, 0.000000000000000000, 0.000000000000000000 ) ) ;
#5246 = DIRECTION ( 'NONE',  ( -1.000000000000000000, -0.000000000000000000, -0.000000000000000000 ) ) ;
#5247 = LINE ( 'NONE', #7039, #1425 ) ;
#5248 = CIRCLE ( 'NONE', #5984, 0.3000000000000329070 ) ;
#5249 =( GEOMETRIC_REPRESENTATION_CONTEXT ( 3 ) GLOBAL_UNCERTAINTY_ASSIGNED_CONTEXT ( ( #5072 ) ) GLOBAL_UNIT_ASSIGNED_CONTEXT ( ( #3452, #6511, #500 ) ) REPRESENTATION_CONTEXT ( 'NONE', 'WORKASPACE' ) );
#5250 =( NAMED_UNIT ( * ) PLANE_ANGLE_UNIT ( ) SI_UNIT ( $, .RADIAN. ) );
#5251 = CARTESIAN_POINT ( 'NONE',  ( 50.00000000000000000, -2.621317551728906903, 24.79999999997981064 ) ) ;
#5252 = EDGE_LOOP ( 'NONE', ( #7211, #4687, #2554, #4535 ) ) ;
#5253 = COLOUR_RGB ( '',0.8980392156862745390, 0.9176470588235293713, 0.9294117647058823817 ) ;
#5254 = ORIENTED_EDGE ( 'NONE', *, *, #1875, .T. ) ;
#5255 = ORIENTED_EDGE ( 'NONE', *, *, #5986, .F. ) ;
#5256 =( GEOMETRIC_REPRESENTATION_CONTEXT ( 3 ) GLOBAL_UNCERTAINTY_ASSIGNED_CONTEXT ( ( #2041 ) ) GLOBAL_UNIT_ASSIGNED_CONTEXT ( ( #2968, #4790, #4127 ) ) REPRESENTATION_CONTEXT ( 'NONE', 'WORKASPACE' ) );
#5257 =( LENGTH_UNIT ( ) NAMED_UNIT ( * ) SI_UNIT ( .MILLI., .METRE. ) );
#5258 = FACE_OUTER_BOUND ( 'NONE', #4383, .T. ) ;
#5259 = FACE_OUTER_BOUND ( 'NONE', #6146, .T. ) ;
#5260 = PRESENTATION_LAYER_ASSIGNMENT (  '', '', ( #3415 ) ) ;
#5261 = DIRECTION ( 'NONE',  ( -1.000000000000000000, -0.000000000000000000, -0.000000000000000000 ) ) ;
#5262 = CARTESIAN_POINT ( 'NONE',  ( -50.00000000000000000, 8.546190043056190788, -23.49997438438152031 ) ) ;
#5263 = ORIENTED_EDGE ( 'NONE', *, *, #7333, .T. ) ;
#5264 = DIRECTION ( 'NONE',  ( 0.000000000000000000, 0.000000000000000000, -1.000000000000000000 ) ) ;
#5265 = EDGE_CURVE ( 'NONE', #1652, #2667, #4773, .T. ) ;
#5266 = VECTOR ( 'NONE', #242, 1000.000000000000000 ) ;
#5267 = DIRECTION ( 'NONE',  ( 0.000000000000000000, 0.000000000000000000, -1.000000000000000000 ) ) ;
#5268 = ADVANCED_FACE ( 'NONE', ( #4003 ), #1667, .F. ) ;
#5269 = ORIENTED_EDGE ( 'NONE', *, *, #3246, .T. ) ;
#5270 =( GEOMETRIC_REPRESENTATION_CONTEXT ( 3 ) GLOBAL_UNCERTAINTY_ASSIGNED_CONTEXT ( ( #3740 ) ) GLOBAL_UNIT_ASSIGNED_CONTEXT ( ( #3639, #3311, #6280 ) ) REPRESENTATION_CONTEXT ( 'NONE', 'WORKASPACE' ) );
#5271 = VECTOR ( 'NONE', #5439, 1000.000000000000000 ) ;
#5272 = AXIS2_PLACEMENT_3D ( 'NONE', #6974, #639, #2253 ) ;
#5273 = ORIENTED_EDGE ( 'NONE', *, *, #2625, .F. ) ;
#5274 = PRESENTATION_LAYER_ASSIGNMENT (  '', '', ( #950 ) ) ;
#5275 = PRESENTATION_STYLE_ASSIGNMENT (( #4596 ) ) ;
#5276 = CARTESIAN_POINT ( 'NONE',  ( -50.00000000000000000, 0.6999999899816520266, -28.60000000237553053 ) ) ;
#5277 = LINE ( 'NONE', #2306, #4797 ) ;
#5278 = AXIS2_PLACEMENT_3D ( 'NONE', #3709, #1426, #1381 ) ;
#5279 = VERTEX_POINT ( 'NONE', #7532 ) ;
#5280 = VECTOR ( 'NONE', #2881, 1000.000000000000000 ) ;
#5281 = DIRECTION ( 'NONE',  ( -1.000000000000000000, 0.000000000000000000, -0.000000000000000000 ) ) ;
#5282 = PRESENTATION_STYLE_ASSIGNMENT (( #2884 ) ) ;
#5283 = FILL_AREA_STYLE_COLOUR ( '', #6881 ) ;
#5284 = CARTESIAN_POINT ( 'NONE',  ( 50.00000000000000000, -0.9999999910240541245, 27.05835623398859369 ) ) ;
#5285 = ADVANCED_FACE ( 'NONE', ( #4728 ), #5812, .F. ) ;
#5286 = CARTESIAN_POINT ( 'NONE',  ( 50.00000000000000000, -7.200000009649269117, -29.90000000480032938 ) ) ;
#5287 = EDGE_CURVE ( 'NONE', #3185, #1603, #3482, .T. ) ;
#5288 = FILL_AREA_STYLE ('',( #5404 ) ) ;
#5289 = ORIENTED_EDGE ( 'NONE', *, *, #7384, .T. ) ;
#5290 = SURFACE_STYLE_FILL_AREA ( #3611 ) ;
#5291 = ORIENTED_EDGE ( 'NONE', *, *, #5647, .F. ) ;
#5292 = VERTEX_POINT ( 'NONE', #5895 ) ;
#5293 = FILL_AREA_STYLE ('',( #6339 ) ) ;
#5294 = DIRECTION ( 'NONE',  ( 1.000000000000000000, 0.000000000000000000, 0.000000000000000000 ) ) ;
#5295 = CARTESIAN_POINT ( 'NONE',  ( 50.00000000000000000, -8.532992886743736349, 24.75043548804895721 ) ) ;
#5296 = LINE ( 'NONE', #6423, #1746 ) ;
#5297 = ORIENTED_EDGE ( 'NONE', *, *, #1434, .T. ) ;
#5298 = DIRECTION ( 'NONE',  ( -1.000000000000000000, -0.000000000000000000, -0.000000000000000000 ) ) ;
#5299 = VERTEX_POINT ( 'NONE', #2336 ) ;
#5300 =( NAMED_UNIT ( * ) SI_UNIT ( $, .STERADIAN. ) SOLID_ANGLE_UNIT ( ) );
#5301 = ORIENTED_EDGE ( 'NONE', *, *, #2930, .F. ) ;
#5302 = SURFACE_STYLE_FILL_AREA ( #4774 ) ;
#5303 = ADVANCED_FACE ( 'NONE', ( #1625 ), #4079, .F. ) ;
#5304 = UNCERTAINTY_MEASURE_WITH_UNIT (LENGTH_MEASURE( 1.000000000000000082E-05 ), #1347, 'distance_accuracy_value', 'NONE');
#5305 = ORIENTED_EDGE ( 'NONE', *, *, #3285, .F. ) ;
#5306 = CARTESIAN_POINT ( 'NONE',  ( -50.00000000000000000, 2.500000016285745641, -29.99999999486128388 ) ) ;
#5307 = DIRECTION ( 'NONE',  ( 0.000000000000000000, 0.000000000000000000, 1.000000000000000000 ) ) ;
#5308 = FACE_OUTER_BOUND ( 'NONE', #7671, .T. ) ;
#5309 = CARTESIAN_POINT ( 'NONE',  ( 50.00000000000000000, -0.2000000101095734117, -29.90000000526787005 ) ) ;
#5310 = VERTEX_POINT ( 'NONE', #2445 ) ;
#5311 = EDGE_CURVE ( 'NONE', #1189, #5791, #6750, .T. ) ;
#5312 =( LENGTH_UNIT ( ) NAMED_UNIT ( * ) SI_UNIT ( .MILLI., .METRE. ) );
#5313 = DIRECTION ( 'NONE',  ( -1.000000000000000000, -0.000000000000000000, -0.000000000000000000 ) ) ;
#5314 = PRESENTATION_STYLE_ASSIGNMENT (( #6528 ) ) ;
#5315 = DIRECTION ( 'NONE',  ( 0.000000000000000000, 0.000000000000000000, 1.000000000000000000 ) ) ;
#5316 =( NAMED_UNIT ( * ) PLANE_ANGLE_UNIT ( ) SI_UNIT ( $, .RADIAN. ) );
#5317 = VECTOR ( 'NONE', #1579, 1000.000000000000000 ) ;
#5318 = VERTEX_POINT ( 'NONE', #1185 ) ;
#5319 = COLOUR_RGB ( '',0.8980392156862745390, 0.9176470588235293713, 0.9294117647058823817 ) ;
#5320 = EDGE_CURVE ( 'NONE', #4966, #486, #3410, .T. ) ;
#5321 = EDGE_CURVE ( 'NONE', #5292, #4586, #7621, .T. ) ;
#5322 = DIRECTION ( 'NONE',  ( -0.000000000000000000, -0.000000000000000000, -1.000000000000000000 ) ) ;
#5323 = EDGE_CURVE ( 'NONE', #4708, #7676, #5498, .T. ) ;
#5324 = EDGE_LOOP ( 'NONE', ( #1132, #795, #677, #5346 ) ) ;
#5325 = UNCERTAINTY_MEASURE_WITH_UNIT (LENGTH_MEASURE( 1.000000000000000082E-05 ), #3626, 'distance_accuracy_value', 'NONE');
#5326 = AXIS2_PLACEMENT_3D ( 'NONE', #5225, #2287, #5192 ) ;
#5327 = CARTESIAN_POINT ( 'NONE',  ( 50.00000000000000000, 1.000000006508408257, -28.09997438469024544 ) ) ;
#5328 = AXIS2_PLACEMENT_3D ( 'NONE', #328, #6878, #3894 ) ;
#5329 = DIRECTION ( 'NONE',  ( -0.000000000000000000, 0.000000000000000000, 1.000000000000000000 ) ) ;
#5330 = PLANE ( 'NONE',  #416 ) ;
#5331 =( LENGTH_UNIT ( ) NAMED_UNIT ( * ) SI_UNIT ( .MILLI., .METRE. ) );
#5332 = COLOUR_RGB ( '',0.8980392156862745390, 0.9176470588235293713, 0.9294117647058823817 ) ;
#5333 = EDGE_CURVE ( 'NONE', #5217, #6387, #2796, .T. ) ;
#5334 = VERTEX_POINT ( 'NONE', #3562 ) ;
#5335 = FACE_OUTER_BOUND ( 'NONE', #952, .T. ) ;
#5336 = LINE ( 'NONE', #4185, #4540 ) ;
#5337 = VERTEX_POINT ( 'NONE', #1941 ) ;
#5338 =( NAMED_UNIT ( * ) SI_UNIT ( $, .STERADIAN. ) SOLID_ANGLE_UNIT ( ) );
#5339 = DIRECTION ( 'NONE',  ( -1.000000000000000000, -0.000000000000000000, -0.000000000000000000 ) ) ;
#5340 = CARTESIAN_POINT ( 'NONE',  ( 50.00000000000000000, -4.000000009650611865, 29.49999999965560704 ) ) ;
#5341 =( GEOMETRIC_REPRESENTATION_CONTEXT ( 3 ) GLOBAL_UNCERTAINTY_ASSIGNED_CONTEXT ( ( #4514 ) ) GLOBAL_UNIT_ASSIGNED_CONTEXT ( ( #3939, #3429, #2846 ) ) REPRESENTATION_CONTEXT ( 'NONE', 'WORKASPACE' ) );
#5342 = EDGE_LOOP ( 'NONE', ( #838, #2773, #4158, #35 ) ) ;
#5343 = SURFACE_STYLE_FILL_AREA ( #1825 ) ;
#5344 = PRESENTATION_LAYER_ASSIGNMENT (  '', '', ( #5959 ) ) ;
#5345 = VECTOR ( 'NONE', #6007, 1000.000000000000000 ) ;
#5346 = ORIENTED_EDGE ( 'NONE', *, *, #1591, .T. ) ;
#5347 = FILL_AREA_STYLE_COLOUR ( '', #7419 ) ;
#5348 = SURFACE_STYLE_USAGE ( .BOTH. , #4159 ) ;
#5349 =( NAMED_UNIT ( * ) PLANE_ANGLE_UNIT ( ) SI_UNIT ( $, .RADIAN. ) );
#5350 = LINE ( 'NONE', #2490, #1930 ) ;
#5351 = COLOUR_RGB ( '',0.8980392156862745390, 0.9176470588235293713, 0.9294117647058823817 ) ;
#5352 =( GEOMETRIC_REPRESENTATION_CONTEXT ( 3 ) GLOBAL_UNCERTAINTY_ASSIGNED_CONTEXT ( ( #111 ) ) GLOBAL_UNIT_ASSIGNED_CONTEXT ( ( #29, #7137, #1262 ) ) REPRESENTATION_CONTEXT ( 'NONE', 'WORKASPACE' ) );
#5353 = VERTEX_POINT ( 'NONE', #2479 ) ;
#5354 = PRESENTATION_LAYER_ASSIGNMENT (  '', '', ( #1391 ) ) ;
#5355 = CARTESIAN_POINT ( 'NONE',  ( 50.00000000000000000, -6.283859939889388180, 25.84619003422375272 ) ) ;
#5356 = SURFACE_STYLE_USAGE ( .BOTH. , #1125 ) ;
#5357 = DIRECTION ( 'NONE',  ( -1.000000000000000000, -0.000000000000000000, -0.000000000000000000 ) ) ;
#5358 = PRESENTATION_LAYER_ASSIGNMENT (  '', '', ( #1031 ) ) ;
#5359 = ADVANCED_FACE ( 'NONE', ( #3066 ), #5456, .F. ) ;
#5360 = DIRECTION ( 'NONE',  ( 0.000000000000000000, 0.000000000000000000, -1.000000000000000000 ) ) ;
#5361 = AXIS2_PLACEMENT_3D ( 'NONE', #5284, #413, #2780 ) ;
#5362 = COLOUR_RGB ( '',0.8980392156862745390, 0.9176470588235293713, 0.9294117647058823817 ) ;
#5363 = EDGE_CURVE ( 'NONE', #5712, #4211, #4313, .T. ) ;
#5364 = ORIENTED_EDGE ( 'NONE', *, *, #1186, .F. ) ;
#5365 =( GEOMETRIC_REPRESENTATION_CONTEXT ( 3 ) GLOBAL_UNCERTAINTY_ASSIGNED_CONTEXT ( ( #246 ) ) GLOBAL_UNIT_ASSIGNED_CONTEXT ( ( #1525, #2812, #6363 ) ) REPRESENTATION_CONTEXT ( 'NONE', 'WORKASPACE' ) );
#5366 = CARTESIAN_POINT ( 'NONE',  ( -50.00000000000000000, 8.532992890096112504, -24.75040987155188432 ) ) ;
#5367 = ORIENTED_EDGE ( 'NONE', *, *, #6957, .F. ) ;
#5368 = DIRECTION ( 'NONE',  ( 0.000000000000000000, 0.000000000000000000, -1.000000000000000000 ) ) ;
#5369 = AXIS2_PLACEMENT_3D ( 'NONE', #2764, #6790, #2222 ) ;
#5370 =( NAMED_UNIT ( * ) SI_UNIT ( $, .STERADIAN. ) SOLID_ANGLE_UNIT ( ) );
#5371 = SURFACE_STYLE_FILL_AREA ( #4715 ) ;
#5372 =( NAMED_UNIT ( * ) SI_UNIT ( $, .STERADIAN. ) SOLID_ANGLE_UNIT ( ) );
#5373 = STYLED_ITEM ( 'NONE', ( #570 ), #5525 ) ;
#5374 =( NAMED_UNIT ( * ) PLANE_ANGLE_UNIT ( ) SI_UNIT ( $, .RADIAN. ) );
#5375 = AXIS2_PLACEMENT_3D ( 'NONE', #1284, #5946, #4833 ) ;
#5376 =( NAMED_UNIT ( * ) SI_UNIT ( $, .STERADIAN. ) SOLID_ANGLE_UNIT ( ) );
#5377 = ORIENTED_EDGE ( 'NONE', *, *, #4062, .F. ) ;
#5378 = COLOUR_RGB ( '',0.8980392156862745390, 0.9176470588235293713, 0.9294117647058823817 ) ;
#5379 = AXIS2_PLACEMENT_3D ( 'NONE', #7568, #548, #6520 ) ;
#5380 = CARTESIAN_POINT ( 'NONE',  ( 50.00000000000000000, 5.499656187270182350, -25.54616441798733817 ) ) ;
#5381 = ORIENTED_EDGE ( 'NONE', *, *, #5903, .T. ) ;
#5382 = FACE_OUTER_BOUND ( 'NONE', #2176, .T. ) ;
#5383 = PRESENTATION_STYLE_ASSIGNMENT (( #3748 ) ) ;
#5384 = EDGE_CURVE ( 'NONE', #5766, #4268, #1895, .T. ) ;
#5385 = DIRECTION ( 'NONE',  ( 0.000000000000000000, 0.000000000000000000, -1.000000000000000000 ) ) ;
#5386 = EDGE_CURVE ( 'NONE', #2301, #5833, #6628, .T. ) ;
#5387 = EDGE_CURVE ( 'NONE', #3722, #5800, #6695, .T. ) ;
#5388 = ORIENTED_EDGE ( 'NONE', *, *, #4376, .T. ) ;
#5389 = DIRECTION ( 'NONE',  ( 0.000000000000000000, 0.000000000000000000, 1.000000000000000000 ) ) ;
#5390 = UNCERTAINTY_MEASURE_WITH_UNIT (LENGTH_MEASURE( 1.000000000000000082E-05 ), #2755, 'distance_accuracy_value', 'NONE');
#5391 = VECTOR ( 'NONE', #4569, 1000.000000000000000 ) ;
#5392 = DIRECTION ( 'NONE',  ( 0.000000000000000000, 0.000000000000000000, -1.000000000000000000 ) ) ;
#5393 = EDGE_LOOP ( 'NONE', ( #1019, #3264, #1829, #3677 ) ) ;
#5394 = CARTESIAN_POINT ( 'NONE',  ( 50.00000000000000000, 2.999656189158373731, 24.80000000474848676 ) ) ;
#5395 = FILL_AREA_STYLE ('',( #3033 ) ) ;
#5396 = PLANE ( 'NONE',  #7615 ) ;
#5397 = PRESENTATION_LAYER_ASSIGNMENT (  '', '', ( #1059 ) ) ;
#5398 = VERTEX_POINT ( 'NONE', #2724 ) ;
#5399 = AXIS2_PLACEMENT_3D ( 'NONE', #897, #6716, #5473 ) ;
#5400 = DIRECTION ( 'NONE',  ( 0.000000000000000000, 0.000000000000000000, -1.000000000000000000 ) ) ;
#5401 = SURFACE_STYLE_FILL_AREA ( #6559 ) ;
#5402 = AXIS2_PLACEMENT_3D ( 'NONE', #3305, #3187, #4504 ) ;
#5403 = PRESENTATION_STYLE_ASSIGNMENT (( #1876 ) ) ;
#5404 = FILL_AREA_STYLE_COLOUR ( '', #7371 ) ;
#5405 =( GEOMETRIC_REPRESENTATION_CONTEXT ( 3 ) GLOBAL_UNCERTAINTY_ASSIGNED_CONTEXT ( ( #6631 ) ) GLOBAL_UNIT_ASSIGNED_CONTEXT ( ( #3893, #364, #1519 ) ) REPRESENTATION_CONTEXT ( 'NONE', 'WORKASPACE' ) );
#5406 = ORIENTED_EDGE ( 'NONE', *, *, #3391, .T. ) ;
#5407 = UNCERTAINTY_MEASURE_WITH_UNIT (LENGTH_MEASURE( 1.000000000000000082E-05 ), #4680, 'distance_accuracy_value', 'NONE');
#5408 = STYLED_ITEM ( 'NONE', ( #5282 ), #782 ) ;
#5409 = ADVANCED_FACE ( 'NONE', ( #3795 ), #6271, .T. ) ;
#5410 = UNCERTAINTY_MEASURE_WITH_UNIT (LENGTH_MEASURE( 1.000000000000000082E-05 ), #6383, 'distance_accuracy_value', 'NONE');
#5411 = ORIENTED_EDGE ( 'NONE', *, *, #309, .F. ) ;
#5412 =( GEOMETRIC_REPRESENTATION_CONTEXT ( 3 ) GLOBAL_UNCERTAINTY_ASSIGNED_CONTEXT ( ( #1969 ) ) GLOBAL_UNIT_ASSIGNED_CONTEXT ( ( #4422, #5564, #6771 ) ) REPRESENTATION_CONTEXT ( 'NONE', 'WORKASPACE' ) );
#5413 = PRESENTATION_LAYER_ASSIGNMENT (  '', '', ( #1080 ) ) ;
#5414 = CARTESIAN_POINT ( 'NONE',  ( 50.00000000000000000, -0.5000000100738536402, 29.99999999995303668 ) ) ;
#5415 =( NAMED_UNIT ( * ) PLANE_ANGLE_UNIT ( ) SI_UNIT ( $, .RADIAN. ) );
#5416 = CARTESIAN_POINT ( 'NONE',  ( 50.00000000000000000, -2.621317551728906903, 25.79999999990381809 ) ) ;
#5417 = DIRECTION ( 'NONE',  ( 0.000000000000000000, 1.000000000000000000, 0.000000000000000000 ) ) ;
#5418 = DIRECTION ( 'NONE',  ( 0.000000000000000000, 0.000000000000000000, 1.000000000000000000 ) ) ;
#5419 = VECTOR ( 'NONE', #3752, 1000.000000000000000 ) ;
#5420 = ORIENTED_EDGE ( 'NONE', *, *, #2875, .F. ) ;
#5421 = SURFACE_SIDE_STYLE ('',( #6025 ) ) ;
#5422 = ORIENTED_EDGE ( 'NONE', *, *, #5115, .F. ) ;
#5423 = CARTESIAN_POINT ( 'NONE',  ( 50.00000000000000000, -9.300000003928143855, 23.49999999640830950 ) ) ;
#5424 = SURFACE_SIDE_STYLE ('',( #6586 ) ) ;
#5425 = DIRECTION ( 'NONE',  ( 0.000000000000000000, -0.000000000000000000, -1.000000000000000000 ) ) ;
#5426 = MECHANICAL_DESIGN_GEOMETRIC_PRESENTATION_REPRESENTATION (  '', ( #2580 ), #94 ) ;
#5427 = DIRECTION ( 'NONE',  ( -1.000000000000000000, -0.000000000000000000, -0.000000000000000000 ) ) ;
#5428 = ORIENTED_EDGE ( 'NONE', *, *, #5985, .F. ) ;
#5429 = EDGE_CURVE ( 'NONE', #7652, #3515, #1976, .T. ) ;
#5430 = EDGE_CURVE ( 'NONE', #6894, #6493, #1470, .T. ) ;
#5431 = FILL_AREA_STYLE ('',( #5502 ) ) ;
#5432 = ADVANCED_FACE ( 'NONE', ( #3339 ), #3182, .F. ) ;
#5433 = VERTEX_POINT ( 'NONE', #5655 ) ;
#5434 = LINE ( 'NONE', #4854, #3077 ) ;
#5435 = DIRECTION ( 'NONE',  ( 0.000000000000000000, 1.000000000000000000, 0.000000000000000000 ) ) ;
#5436 =( NAMED_UNIT ( * ) PLANE_ANGLE_UNIT ( ) SI_UNIT ( $, .RADIAN. ) );
#5437 = VERTEX_POINT ( 'NONE', #2106 ) ;
#5438 = CARTESIAN_POINT ( 'NONE',  ( -50.00000000000000000, -8.500000009561359704, -30.00000000476405049 ) ) ;
#5439 = DIRECTION ( 'NONE',  ( -1.000000000000000000, -0.000000000000000000, -0.000000000000000000 ) ) ;
#5440 = FILL_AREA_STYLE ('',( #4289 ) ) ;
#5441 = CYLINDRICAL_SURFACE ( 'NONE', #4874, 0.5000000000501096942 ) ;
#5442 = VERTEX_POINT ( 'NONE', #2686 ) ;
#5443 = VERTEX_POINT ( 'NONE', #5049 ) ;
#5444 = PLANE ( 'NONE',  #2182 ) ;
#5445 = DIRECTION ( 'NONE',  ( -1.000000000000000000, -0.000000000000000000, -0.000000000000000000 ) ) ;
#5446 = DIRECTION ( 'NONE',  ( 0.000000000000000000, 0.000000000000000000, -1.000000000000000000 ) ) ;
#5447 =( GEOMETRIC_REPRESENTATION_CONTEXT ( 3 ) GLOBAL_UNCERTAINTY_ASSIGNED_CONTEXT ( ( #7118 ) ) GLOBAL_UNIT_ASSIGNED_CONTEXT ( ( #5653, #5002, #7442 ) ) REPRESENTATION_CONTEXT ( 'NONE', 'WORKASPACE' ) );
#5448 = CARTESIAN_POINT ( 'NONE',  ( 50.00000000000000000, -6.283859941527155435, -25.54619003961675006 ) ) ;
#5449 = DIRECTION ( 'NONE',  ( 0.000000000000000000, 0.000000000000000000, -1.000000000000000000 ) ) ;
#5450 =( GEOMETRIC_REPRESENTATION_CONTEXT ( 3 ) GLOBAL_UNCERTAINTY_ASSIGNED_CONTEXT ( ( #3523 ) ) GLOBAL_UNIT_ASSIGNED_CONTEXT ( ( #7605, #4087, #1754 ) ) REPRESENTATION_CONTEXT ( 'NONE', 'WORKASPACE' ) );
#5451 = VERTEX_POINT ( 'NONE', #7412 ) ;
#5452 =( LENGTH_UNIT ( ) NAMED_UNIT ( * ) SI_UNIT ( .MILLI., .METRE. ) );
#5453 = CARTESIAN_POINT ( 'NONE',  ( 50.00000000000000000, 0.9999999899816484072, -29.50000000528474331 ) ) ;
#5454 = ORIENTED_EDGE ( 'NONE', *, *, #1637, .T. ) ;
#5455 = DIRECTION ( 'NONE',  ( -1.000000000000000000, -0.000000000000000000, -0.000000000000000000 ) ) ;
#5456 = CYLINDRICAL_SURFACE ( 'NONE', #4653, 2.000000000001011191 ) ;
#5457 = EDGE_CURVE ( 'NONE', #3450, #4922, #5689, .T. ) ;
#5458 = PRESENTATION_LAYER_ASSIGNMENT (  '', '', ( #1118 ) ) ;
#5459 = FILL_AREA_STYLE ('',( #846 ) ) ;
#5460 = UNCERTAINTY_MEASURE_WITH_UNIT (LENGTH_MEASURE( 1.000000000000000082E-05 ), #5544, 'distance_accuracy_value', 'NONE');
#5461 =( NAMED_UNIT ( * ) PLANE_ANGLE_UNIT ( ) SI_UNIT ( $, .RADIAN. ) );
#5462 = EDGE_LOOP ( 'NONE', ( #6882, #4175, #2677, #1924 ) ) ;
#5463 = CARTESIAN_POINT ( 'NONE',  ( 50.00000000000000000, 2.200000016133308645, -29.89999999474684245 ) ) ;
#5464 = CYLINDRICAL_SURFACE ( 'NONE', #632, 0.3000000000001716849 ) ;
#5465 = CARTESIAN_POINT ( 'NONE',  ( -50.00000000000000000, 6.750609692811459617, 25.54619003936655730 ) ) ;
#5466 = DIRECTION ( 'NONE',  ( 0.000000000000000000, -0.000000000000000000, 1.000000000000000000 ) ) ;
#5467 = FILL_AREA_STYLE ('',( #7142 ) ) ;
#5468 = ADVANCED_FACE ( 'NONE', ( #4541 ), #5729, .F. ) ;
#5469 =( LENGTH_UNIT ( ) NAMED_UNIT ( * ) SI_UNIT ( .MILLI., .METRE. ) );
#5470 = ORIENTED_EDGE ( 'NONE', *, *, #6804, .T. ) ;
#5471 = MECHANICAL_DESIGN_GEOMETRIC_PRESENTATION_REPRESENTATION (  '', ( #404 ), #1245 ) ;
#5472 = CARTESIAN_POINT ( 'NONE',  ( 50.00000000000000000, -4.500000009792799460, -29.50000000505825781 ) ) ;
#5473 = DIRECTION ( 'NONE',  ( 0.000000000000000000, 0.000000000000000000, 1.000000000000000000 ) ) ;
#5474 = DIRECTION ( 'NONE',  ( 0.000000000000000000, 0.000000000000000000, 1.000000000000000000 ) ) ;
#5475 = SURFACE_STYLE_FILL_AREA ( #2496 ) ;
#5476 = STYLED_ITEM ( 'NONE', ( #4407 ), #6422 ) ;
#5477 = EDGE_CURVE ( 'NONE', #313, #808, #7125, .T. ) ;
#5478 = EDGE_LOOP ( 'NONE', ( #6143, #3142, #1984, #2368 ) ) ;
#5479 = PRESENTATION_LAYER_ASSIGNMENT (  '', '', ( #4742 ) ) ;
#5480 =( GEOMETRIC_REPRESENTATION_CONTEXT ( 3 ) GLOBAL_UNCERTAINTY_ASSIGNED_CONTEXT ( ( #5460 ) ) GLOBAL_UNIT_ASSIGNED_CONTEXT ( ( #5544, #2603, #1430 ) ) REPRESENTATION_CONTEXT ( 'NONE', 'WORKASPACE' ) );
#5481 = ORIENTED_EDGE ( 'NONE', *, *, #3671, .T. ) ;
#5482 = PRESENTATION_STYLE_ASSIGNMENT (( #750 ) ) ;
#5483 = CARTESIAN_POINT ( 'NONE',  ( 50.00000000000000000, -5.984590726462220900, -25.82526309748136839 ) ) ;
#5484 = SURFACE_STYLE_FILL_AREA ( #789 ) ;
#5485 = CIRCLE ( 'NONE', #5607, 0.5000000000663571420 ) ;
#5486 = PRESENTATION_LAYER_ASSIGNMENT (  '', '', ( #1527 ) ) ;
#5487 = SURFACE_STYLE_FILL_AREA ( #6684 ) ;
#5488 = DIRECTION ( 'NONE',  ( 0.000000000000000000, 0.000000000000000000, -1.000000000000000000 ) ) ;
#5489 = CIRCLE ( 'NONE', #4258, 2.000000000000667910 ) ;
#5490 = AXIS2_PLACEMENT_3D ( 'NONE', #6442, #483, #1127 ) ;
#5491 = VERTEX_POINT ( 'NONE', #525 ) ;
#5492 = DIRECTION ( 'NONE',  ( -1.000000000000000000, -0.000000000000000000, -0.000000000000000000 ) ) ;
#5493 = DIRECTION ( 'NONE',  ( 1.000000000000000000, 0.000000000000000000, 0.000000000000000000 ) ) ;
#5494 = ORIENTED_EDGE ( 'NONE', *, *, #370, .T. ) ;
#5495 = MECHANICAL_DESIGN_GEOMETRIC_PRESENTATION_REPRESENTATION (  '', ( #3148 ), #2411 ) ;
#5496 = SURFACE_STYLE_FILL_AREA ( #7411 ) ;
#5497 =( NAMED_UNIT ( * ) SI_UNIT ( $, .STERADIAN. ) SOLID_ANGLE_UNIT ( ) );
#5498 = LINE ( 'NONE', #1822, #4278 ) ;
#5499 = DIRECTION ( 'NONE',  ( 0.000000000000000000, 0.9889363528472974174, -0.1483404530702455426 ) ) ;
#5500 = SURFACE_STYLE_USAGE ( .BOTH. , #1472 ) ;
#5501 = AXIS2_PLACEMENT_3D ( 'NONE', #1907, #4820, #6708 ) ;
#5502 = FILL_AREA_STYLE_COLOUR ( '', #2886 ) ;
#5503 = DIRECTION ( 'NONE',  ( 1.000000000000000000, 0.000000000000000000, 0.000000000000000000 ) ) ;
#5504 = VERTEX_POINT ( 'NONE', #2328 ) ;
#5505 = CARTESIAN_POINT ( 'NONE',  ( -50.00000000000000000, 8.500000009651870414, 27.25000000423863256 ) ) ;
#5506 = DIRECTION ( 'NONE',  ( -0.000000000000000000, -1.000000000000000000, -0.000000000000000000 ) ) ;
#5507 = PLANE ( 'NONE',  #308 ) ;
#5508 = AXIS2_PLACEMENT_3D ( 'NONE', #2258, #539, #4625 ) ;
#5509 = DIRECTION ( 'NONE',  ( -1.000000000000000000, -0.000000000000000000, -0.000000000000000000 ) ) ;
#5510 = ORIENTED_EDGE ( 'NONE', *, *, #4157, .F. ) ;
#5511 = AXIS2_PLACEMENT_3D ( 'NONE', #6369, #1201, #4744 ) ;
#5512 = SURFACE_STYLE_USAGE ( .BOTH. , #1873 ) ;
#5513 = FILL_AREA_STYLE_COLOUR ( '', #702 ) ;
#5514 = SURFACE_SIDE_STYLE ('',( #4899 ) ) ;
#5515 = VECTOR ( 'NONE', #4108, 1000.000000000000000 ) ;
#5516 = CIRCLE ( 'NONE', #2420, 0.4999999999994800270 ) ;
#5517 = DIRECTION ( 'NONE',  ( -1.000000000000000000, -0.000000000000000000, -0.000000000000000000 ) ) ;
#5518 = DIRECTION ( 'NONE',  ( 0.000000000000000000, 0.000000000000000000, -1.000000000000000000 ) ) ;
#5519 = ORIENTED_EDGE ( 'NONE', *, *, #2543, .T. ) ;
#5520 = STYLED_ITEM ( 'NONE', ( #1914 ), #7213 ) ;
#5521 = EDGE_CURVE ( 'NONE', #3216, #5013, #4069, .T. ) ;
#5522 = ORIENTED_EDGE ( 'NONE', *, *, #4516, .T. ) ;
#5523 = CARTESIAN_POINT ( 'NONE',  ( 50.00000000000000000, -8.546190043356597599, -23.50000000580262949 ) ) ;
#5524 = ADVANCED_FACE ( 'NONE', ( #5258 ), #7053, .F. ) ;
#5525 = ADVANCED_FACE ( 'NONE', ( #7586 ), #7548, .F. ) ;
#5526 =( LENGTH_UNIT ( ) NAMED_UNIT ( * ) SI_UNIT ( .MILLI., .METRE. ) );
#5527 =( LENGTH_UNIT ( ) NAMED_UNIT ( * ) SI_UNIT ( .MILLI., .METRE. ) );
#5528 = DIRECTION ( 'NONE',  ( 0.000000000000000000, 0.000000000000000000, -1.000000000000000000 ) ) ;
#5529 = COLOUR_RGB ( '',0.8980392156862745390, 0.9176470588235293713, 0.9294117647058823817 ) ;
#5530 = SHAPE_REPRESENTATION ( 'SC-FT60x25-2-K188', ( #6651 ), #7645 ) ;
#5531 = DIRECTION ( 'NONE',  ( -1.000000000000000000, -0.000000000000000000, -0.000000000000000000 ) ) ;
#5532 = PRESENTATION_LAYER_ASSIGNMENT (  '', '', ( #5408 ) ) ;
#5533 = PRODUCT_DEFINITION_CONTEXT ( 'detailed design', #3297, 'design' ) ;
#5534 = VECTOR ( 'NONE', #5882, 1000.000000000000114 ) ;
#5535 = VERTEX_POINT ( 'NONE', #2470 ) ;
#5536 = CARTESIAN_POINT ( 'NONE',  ( 50.00000000000000000, -8.500000009561359704, -30.00000000476405049 ) ) ;
#5537 =( NAMED_UNIT ( * ) SI_UNIT ( $, .STERADIAN. ) SOLID_ANGLE_UNIT ( ) );
#5538 = ORIENTED_EDGE ( 'NONE', *, *, #4251, .F. ) ;
#5539 = CARTESIAN_POINT ( 'NONE',  ( 50.00000000000000000, 8.546190043056190788, -23.49997438438152031 ) ) ;
#5540 = DIRECTION ( 'NONE',  ( -1.000000000000000000, -0.000000000000000000, -0.000000000000000000 ) ) ;
#5541 =( NAMED_UNIT ( * ) PLANE_ANGLE_UNIT ( ) SI_UNIT ( $, .RADIAN. ) );
#5542 =( GEOMETRIC_REPRESENTATION_CONTEXT ( 3 ) GLOBAL_UNCERTAINTY_ASSIGNED_CONTEXT ( ( #1308 ) ) GLOBAL_UNIT_ASSIGNED_CONTEXT ( ( #7063, #4815, #1899 ) ) REPRESENTATION_CONTEXT ( 'NONE', 'WORKASPACE' ) );
#5543 = ORIENTED_EDGE ( 'NONE', *, *, #3285, .T. ) ;
#5544 =( LENGTH_UNIT ( ) NAMED_UNIT ( * ) SI_UNIT ( .MILLI., .METRE. ) );
#5545 = DIRECTION ( 'NONE',  ( -1.000000000000000000, -0.000000000000000000, -0.000000000000000000 ) ) ;
#5546 = VERTEX_POINT ( 'NONE', #1774 ) ;
#5547 = VECTOR ( 'NONE', #4889, 1000.000000000000000 ) ;
#5548 = SURFACE_STYLE_FILL_AREA ( #4395 ) ;
#5549 = DIRECTION ( 'NONE',  ( -0.000000000000000000, -0.000000000000000000, 1.000000000000000000 ) ) ;
#5550 = LINE ( 'NONE', #241, #1547 ) ;
#5551 = CARTESIAN_POINT ( 'NONE',  ( -50.00000000000000000, -7.200000009649269117, -29.90000000480032938 ) ) ;
#5552 = SHAPE_DEFINITION_REPRESENTATION ( #4839, #6316 ) ;
#5553 = ORIENTED_EDGE ( 'NONE', *, *, #7471, .F. ) ;
#5554 = DIRECTION ( 'NONE',  ( 0.000000000000000000, 0.000000000000000000, 1.000000000000000000 ) ) ;
#5555 = FILL_AREA_STYLE ('',( #4897 ) ) ;
#5556 =( NAMED_UNIT ( * ) SI_UNIT ( $, .STERADIAN. ) SOLID_ANGLE_UNIT ( ) );
#5557 = CARTESIAN_POINT ( 'NONE',  ( 50.00000000000000000, -7.200000009649269117, -29.90000000480032938 ) ) ;
#5558 =( NAMED_UNIT ( * ) SI_UNIT ( $, .STERADIAN. ) SOLID_ANGLE_UNIT ( ) );
#5559 = ADVANCED_FACE ( 'NONE', ( #3088 ), #643, .F. ) ;
#5560 = ORIENTED_EDGE ( 'NONE', *, *, #6713, .T. ) ;
#5561 = LINE ( 'NONE', #3732, #4239 ) ;
#5562 = VERTEX_POINT ( 'NONE', #2394 ) ;
#5563 =( NAMED_UNIT ( * ) SI_UNIT ( $, .STERADIAN. ) SOLID_ANGLE_UNIT ( ) );
#5564 =( NAMED_UNIT ( * ) PLANE_ANGLE_UNIT ( ) SI_UNIT ( $, .RADIAN. ) );
#5565 = EDGE_CURVE ( 'NONE', #4414, #6824, #6883, .T. ) ;
#5566 = ORIENTED_EDGE ( 'NONE', *, *, #5623, .F. ) ;
#5567 = ADVANCED_FACE ( 'NONE', ( #100 ), #4800, .T. ) ;
#5568 = EDGE_CURVE ( 'NONE', #5084, #886, #4950, .T. ) ;
#5569 = ORIENTED_EDGE ( 'NONE', *, *, #270, .T. ) ;
#5570 = ORIENTED_EDGE ( 'NONE', *, *, #6931, .T. ) ;
#5571 = DIRECTION ( 'NONE',  ( 0.000000000000000000, 0.000000000000000000, -1.000000000000000000 ) ) ;
#5572 = SURFACE_SIDE_STYLE ('',( #6151 ) ) ;
#5573 =( GEOMETRIC_REPRESENTATION_CONTEXT ( 3 ) GLOBAL_UNCERTAINTY_ASSIGNED_CONTEXT ( ( #4180 ) ) GLOBAL_UNIT_ASSIGNED_CONTEXT ( ( #2251, #5088, #4618 ) ) REPRESENTATION_CONTEXT ( 'NONE', 'WORKASPACE' ) );
#5574 = EDGE_CURVE ( 'NONE', #7438, #2457, #5628, .T. ) ;
#5575 = AXIS2_PLACEMENT_3D ( 'NONE', #3870, #6779, #5123 ) ;
#5576 =( NAMED_UNIT ( * ) SI_UNIT ( $, .STERADIAN. ) SOLID_ANGLE_UNIT ( ) );
#5577 = CIRCLE ( 'NONE', #1110, 0.2999999999999947153 ) ;
#5578 = ORIENTED_EDGE ( 'NONE', *, *, #3976, .T. ) ;
#5579 = VERTEX_POINT ( 'NONE', #1494 ) ;
#5580 = DIRECTION ( 'NONE',  ( 0.000000000000000000, -1.000000000000000000, 0.000000000000000000 ) ) ;
#5581 = DIRECTION ( 'NONE',  ( 0.000000000000000000, 0.000000000000000000, -1.000000000000000000 ) ) ;
#5582 = PLANE ( 'NONE',  #6239 ) ;
#5583 = PRESENTATION_LAYER_ASSIGNMENT (  '', '', ( #5713 ) ) ;
#5584 = DIRECTION ( 'NONE',  ( -1.000000000000000000, -0.000000000000000000, -0.000000000000000000 ) ) ;
#5585 = ORIENTED_EDGE ( 'NONE', *, *, #3012, .T. ) ;
#5586 = AXIS2_PLACEMENT_3D ( 'NONE', #1085, #4077, #1107 ) ;
#5587 = CARTESIAN_POINT ( 'NONE',  ( -50.00000000000000000, 2.500000009253489086, 29.50000000459574068 ) ) ;
#5588 = UNCERTAINTY_MEASURE_WITH_UNIT (LENGTH_MEASURE( 1.000000000000000082E-05 ), #3648, 'distance_accuracy_value', 'NONE');
#5589 = SURFACE_STYLE_USAGE ( .BOTH. , #5029 ) ;
#5590 = LINE ( 'NONE', #4981, #4986 ) ;
#5591 = DIRECTION ( 'NONE',  ( 1.000000000000000000, 0.000000000000000000, 0.000000000000000000 ) ) ;
#5592 = UNCERTAINTY_MEASURE_WITH_UNIT (LENGTH_MEASURE( 1.000000000000000082E-05 ), #201, 'distance_accuracy_value', 'NONE');
#5593 = PRESENTATION_LAYER_ASSIGNMENT (  '', '', ( #6839 ) ) ;
#5594 = VERTEX_POINT ( 'NONE', #2054 ) ;
#5595 = DIRECTION ( 'NONE',  ( 1.000000000000000000, 0.000000000000000000, 0.000000000000000000 ) ) ;
#5596 = ORIENTED_EDGE ( 'NONE', *, *, #3251, .F. ) ;
#5597 = DIRECTION ( 'NONE',  ( -1.000000000000000000, -0.000000000000000000, -0.000000000000000000 ) ) ;
#5598 = VECTOR ( 'NONE', #1912, 1000.000000000000000 ) ;
#5599 =( NAMED_UNIT ( * ) PLANE_ANGLE_UNIT ( ) SI_UNIT ( $, .RADIAN. ) );
#5600 = CARTESIAN_POINT ( 'NONE',  ( 50.00000000000000000, 8.500000009651870414, 30.00000000457420057 ) ) ;
#5601 = EDGE_CURVE ( 'NONE', #216, #3241, #6259, .T. ) ;
#5602 = DIRECTION ( 'NONE',  ( -1.000000000000000000, -0.000000000000000000, -0.000000000000000000 ) ) ;
#5603 = DIRECTION ( 'NONE',  ( 1.000000000000000000, 0.000000000000000000, 0.000000000000000000 ) ) ;
#5604 = ORIENTED_EDGE ( 'NONE', *, *, #4305, .F. ) ;
#5605 = COLOUR_RGB ( '',0.8980392156862745390, 0.9176470588235293713, 0.9294117647058823817 ) ;
#5606 = VERTEX_POINT ( 'NONE', #1461 ) ;
#5607 = AXIS2_PLACEMENT_3D ( 'NONE', #3824, #4947, #6136 ) ;
#5608 = ORIENTED_EDGE ( 'NONE', *, *, #4918, .F. ) ;
#5609 = DIRECTION ( 'NONE',  ( 0.000000000000000000, -0.9889363528994379315, -0.1483404527226416525 ) ) ;
#5610 = PRESENTATION_STYLE_ASSIGNMENT (( #6102 ) ) ;
#5611 = PRESENTATION_STYLE_ASSIGNMENT (( #383 ) ) ;
#5612 = EDGE_CURVE ( 'NONE', #3605, #6634, #2674, .T. ) ;
#5613 = FILL_AREA_STYLE_COLOUR ( '', #1805 ) ;
#5614 = CARTESIAN_POINT ( 'NONE',  ( -50.00000000000000000, -8.046190043341459486, -24.00000000581775694 ) ) ;
#5615 = VECTOR ( 'NONE', #5549, 1000.000000000000000 ) ;
#5616 = DIRECTION ( 'NONE',  ( 0.000000000000000000, -1.000000000000000000, 0.000000000000000000 ) ) ;
#5617 = ORIENTED_EDGE ( 'NONE', *, *, #5568, .F. ) ;
#5618 = AXIS2_PLACEMENT_3D ( 'NONE', #3729, #1359, #780 ) ;
#5619 =( LENGTH_UNIT ( ) NAMED_UNIT ( * ) SI_UNIT ( .MILLI., .METRE. ) );
#5620 = VERTEX_POINT ( 'NONE', #7358 ) ;
#5621 = CARTESIAN_POINT ( 'NONE',  ( 50.00000000000000000, 8.046190042989833202, -23.99997438444787790 ) ) ;
#5622 = CARTESIAN_POINT ( 'NONE',  ( 50.00000000000000000, 9.800000008939301566, 23.00000000496456920 ) ) ;
#5623 = EDGE_CURVE ( 'NONE', #1766, #1846, #7283, .T. ) ;
#5624 = SURFACE_STYLE_FILL_AREA ( #6314 ) ;
#5625 = EDGE_CURVE ( 'NONE', #1946, #5766, #2535, .T. ) ;
#5626 = DIRECTION ( 'NONE',  ( 0.000000000000000000, 0.000000000000000000, -1.000000000000000000 ) ) ;
#5627 = LINE ( 'NONE', #5017, #6632 ) ;
#5628 = CIRCLE ( 'NONE', #2668, 0.5000000000000108802 ) ;
#5629 =( GEOMETRIC_REPRESENTATION_CONTEXT ( 3 ) GLOBAL_UNCERTAINTY_ASSIGNED_CONTEXT ( ( #4794 ) ) GLOBAL_UNIT_ASSIGNED_CONTEXT ( ( #1771, #4214, #1849 ) ) REPRESENTATION_CONTEXT ( 'NONE', 'WORKASPACE' ) );
#5630 = ORIENTED_EDGE ( 'NONE', *, *, #3613, .T. ) ;
#5631 = CARTESIAN_POINT ( 'NONE',  ( 50.00000000000000000, 8.500000009651870414, 26.00000000423863256 ) ) ;
#5632 = CARTESIAN_POINT ( 'NONE',  ( 50.00000000000000000, -9.800000003943328153, -23.00000000826615931 ) ) ;
#5633 = MECHANICAL_DESIGN_GEOMETRIC_PRESENTATION_REPRESENTATION (  '', ( #6995 ), #3283 ) ;
#5634 = DIRECTION ( 'NONE',  ( 0.000000000000000000, -0.06975647374404597700, -0.9975640502598297488 ) ) ;
#5635 = DIRECTION ( 'NONE',  ( -1.000000000000000000, -0.000000000000000000, -0.000000000000000000 ) ) ;
#5636 = VERTEX_POINT ( 'NONE', #3864 ) ;
#5637 = AXIS2_PLACEMENT_3D ( 'NONE', #7293, #7169, #5385 ) ;
#5638 = FILL_AREA_STYLE_COLOUR ( '', #5119 ) ;
#5639 = STYLED_ITEM ( 'NONE', ( #4953 ), #6999 ) ;
#5640 = ORIENTED_EDGE ( 'NONE', *, *, #5457, .T. ) ;
#5641 = PRESENTATION_LAYER_ASSIGNMENT (  '', '', ( #3530 ) ) ;
#5642 = CARTESIAN_POINT ( 'NONE',  ( 50.00000000000000000, 3.299656187376970973, -25.09997438303970441 ) ) ;
#5643 = CARTESIAN_POINT ( 'NONE',  ( 50.00000000000000000, 3.299656187376970973, -27.74997438324669119 ) ) ;
#5644 = DIRECTION ( 'NONE',  ( 1.000000000000000000, 0.000000000000000000, 0.000000000000000000 ) ) ;
#5645 = MECHANICAL_DESIGN_GEOMETRIC_PRESENTATION_REPRESENTATION (  '', ( #4665 ), #7279 ) ;
#5646 = VERTEX_POINT ( 'NONE', #3782 ) ;
#5647 = EDGE_CURVE ( 'NONE', #2012, #2787, #4337, .T. ) ;
#5648 = AXIS2_PLACEMENT_3D ( 'NONE', #237, #5503, #4929 ) ;
#5649 = ORIENTED_EDGE ( 'NONE', *, *, #412, .T. ) ;
#5650 = DIRECTION ( 'NONE',  ( 1.000000000000000000, 0.000000000000000000, 0.000000000000000000 ) ) ;
#5651 = ORIENTED_EDGE ( 'NONE', *, *, #1204, .F. ) ;
#5652 = CARTESIAN_POINT ( 'NONE',  ( 50.00000000000000000, -9.300000003928143855, 23.49999999640830950 ) ) ;
#5653 =( LENGTH_UNIT ( ) NAMED_UNIT ( * ) SI_UNIT ( .MILLI., .METRE. ) );
#5654 = PRESENTATION_LAYER_ASSIGNMENT (  '', '', ( #1440 ) ) ;
#5655 = CARTESIAN_POINT ( 'NONE',  ( -50.00000000000000000, 1.000000008530837592, 25.10000000474851589 ) ) ;
#5656 = CARTESIAN_POINT ( 'NONE',  ( -50.00000000000000000, -1.044502126945330511, 26.76167532813437688 ) ) ;
#5657 = EDGE_CURVE ( 'NONE', #3987, #3027, #920, .T. ) ;
#5658 = VECTOR ( 'NONE', #4375, 1000.000000000000000 ) ;
#5659 = CARTESIAN_POINT ( 'NONE',  ( -50.00000000000000000, -4.500000009768680975, 29.99999999971483788 ) ) ;
#5660 = AXIS2_PLACEMENT_3D ( 'NONE', #1803, #4743, #3538 ) ;
#5661 = ORIENTED_EDGE ( 'NONE', *, *, #1961, .T. ) ;
#5662 =( NAMED_UNIT ( * ) PLANE_ANGLE_UNIT ( ) SI_UNIT ( $, .RADIAN. ) );
#5663 = ORIENTED_EDGE ( 'NONE', *, *, #6947, .F. ) ;
#5664 = FACE_OUTER_BOUND ( 'NONE', #2986, .T. ) ;
#5665 = CARTESIAN_POINT ( 'NONE',  ( 50.00000000000000000, -1.299999991024114454, 27.05835623398859369 ) ) ;
#5666 = DIRECTION ( 'NONE',  ( -1.000000000000000000, -0.000000000000000000, -0.000000000000000000 ) ) ;
#5667 = CARTESIAN_POINT ( 'NONE',  ( 50.00000000000000000, 0.7000000066269876919, -26.49997438468984967 ) ) ;
#5668 =( NAMED_UNIT ( * ) SI_UNIT ( $, .STERADIAN. ) SOLID_ANGLE_UNIT ( ) );
#5669 = ORIENTED_EDGE ( 'NONE', *, *, #5671, .F. ) ;
#5670 = EDGE_CURVE ( 'NONE', #6446, #3555, #1368, .T. ) ;
#5671 = EDGE_CURVE ( 'NONE', #2971, #3700, #2716, .T. ) ;
#5672 =( NAMED_UNIT ( * ) PLANE_ANGLE_UNIT ( ) SI_UNIT ( $, .RADIAN. ) );
#5673 = UNCERTAINTY_MEASURE_WITH_UNIT (LENGTH_MEASURE( 1.000000000000000082E-05 ), #4924, 'distance_accuracy_value', 'NONE');
#5674 = CARTESIAN_POINT ( 'NONE',  ( 50.00000000000000000, -8.546190043356597599, -23.50000000580262949 ) ) ;
#5675 = VECTOR ( 'NONE', #7534, 1000.000000000000114 ) ;
#5676 = LINE ( 'NONE', #1448, #4861 ) ;
#5677 = LINE ( 'NONE', #6250, #4639 ) ;
#5678 = ORIENTED_EDGE ( 'NONE', *, *, #367, .F. ) ;
#5679 = SURFACE_SIDE_STYLE ('',( #2742 ) ) ;
#5680 = ORIENTED_EDGE ( 'NONE', *, *, #3110, .T. ) ;
#5681 = PLANE ( 'NONE',  #2299 ) ;
#5682 = LINE ( 'NONE', #2673, #1259 ) ;
#5683 = ORIENTED_EDGE ( 'NONE', *, *, #2731, .F. ) ;
#5684 = VERTEX_POINT ( 'NONE', #6770 ) ;
#5685 = ORIENTED_EDGE ( 'NONE', *, *, #4333, .F. ) ;
#5686 = FILL_AREA_STYLE_COLOUR ( '', #1231 ) ;
#5687 = FILL_AREA_STYLE ('',( #2282 ) ) ;
#5688 = DIRECTION ( 'NONE',  ( -1.000000000000000000, -0.000000000000000000, -0.000000000000000000 ) ) ;
#5689 = LINE ( 'NONE', #3990, #1535 ) ;
#5690 = FILL_AREA_STYLE_COLOUR ( '', #3662 ) ;
#5691 = DIRECTION ( 'NONE',  ( 0.000000000000000000, 0.000000000000000000, 1.000000000000000000 ) ) ;
#5692 = ORIENTED_EDGE ( 'NONE', *, *, #2174, .T. ) ;
#5693 = FILL_AREA_STYLE ('',( #4503 ) ) ;
#5694 = FILL_AREA_STYLE ('',( #5809 ) ) ;
#5695 = EDGE_LOOP ( 'NONE', ( #4670, #1801, #1226, #2513 ) ) ;
#5696 = PRESENTATION_STYLE_ASSIGNMENT (( #4553 ) ) ;
#5697 = EDGE_CURVE ( 'NONE', #4548, #7404, #871, .T. ) ;
#5698 = LINE ( 'NONE', #932, #4972 ) ;
#5699 =( LENGTH_UNIT ( ) NAMED_UNIT ( * ) SI_UNIT ( .MILLI., .METRE. ) );
#5700 = CARTESIAN_POINT ( 'NONE',  ( 50.00000000000000000, 6.750609691002445345, -26.04616441798731330 ) ) ;
#5701 = CIRCLE ( 'NONE', #5575, 0.4999999999772096748 ) ;
#5702 = AXIS2_PLACEMENT_3D ( 'NONE', #2559, #4465, #799 ) ;
#5703 = LINE ( 'NONE', #2296, #5675 ) ;
#5704 =( NAMED_UNIT ( * ) PLANE_ANGLE_UNIT ( ) SI_UNIT ( $, .RADIAN. ) );
#5705 = COLOUR_RGB ( '',0.8980392156862745390, 0.9176470588235293713, 0.9294117647058823817 ) ;
#5706 = CARTESIAN_POINT ( 'NONE',  ( 50.00000000000000000, 0.6999999899816520266, -28.60000000237553053 ) ) ;
#5707 = SURFACE_STYLE_FILL_AREA ( #6246 ) ;
#5708 = CARTESIAN_POINT ( 'NONE',  ( 50.00000000000000000, 12.50000001842155228, -23.49999999595059208 ) ) ;
#5709 = DIRECTION ( 'NONE',  ( 0.000000000000000000, -1.000000000000000000, 0.000000000000000000 ) ) ;
#5710 = DIRECTION ( 'NONE',  ( -1.000000000000000000, -0.000000000000000000, -0.000000000000000000 ) ) ;
#5711 = CARTESIAN_POINT ( 'NONE',  ( 50.00000000000000000, -8.500000009561359704, -30.00000000476405049 ) ) ;
#5712 = VERTEX_POINT ( 'NONE', #5080 ) ;
#5713 = STYLED_ITEM ( 'NONE', ( #31 ), #4405 ) ;
#5714 = ORIENTED_EDGE ( 'NONE', *, *, #1767, .T. ) ;
#5715 = LINE ( 'NONE', #5642, #4651 ) ;
#5716 = ADVANCED_FACE ( 'NONE', ( #1414 ), #3125, .F. ) ;
#5717 = VECTOR ( 'NONE', #865, 1000.000000000000000 ) ;
#5718 = ADVANCED_FACE ( 'NONE', ( #3463 ), #5148, .T. ) ;
#5719 = ORIENTED_EDGE ( 'NONE', *, *, #351, .F. ) ;
#5720 = COLOUR_RGB ( '',0.8980392156862745390, 0.9176470588235293713, 0.9294117647058823817 ) ;
#5721 = STYLED_ITEM ( 'NONE', ( #4513 ), #6462 ) ;
#5722 = ORIENTED_EDGE ( 'NONE', *, *, #4201, .F. ) ;
#5723 = CARTESIAN_POINT ( 'NONE',  ( 50.00000000000000000, -1.499999997720311118, -27.54164377591239443 ) ) ;
#5724 = ORIENTED_EDGE ( 'NONE', *, *, #2955, .F. ) ;
#5725 = LINE ( 'NONE', #2359, #3617 ) ;
#5726 = PRESENTATION_STYLE_ASSIGNMENT (( #4649 ) ) ;
#5727 = DIRECTION ( 'NONE',  ( -1.000000000000000000, -0.000000000000000000, -0.000000000000000000 ) ) ;
#5728 = STYLED_ITEM ( 'NONE', ( #6928 ), #2498 ) ;
#5729 = PLANE ( 'NONE',  #6253 ) ;
#5730 = CARTESIAN_POINT ( 'NONE',  ( 50.00000000000000000, 12.50000000998743843, 26.00000000423863256 ) ) ;
#5731 = AXIS2_PLACEMENT_3D ( 'NONE', #5927, #2874, #1715 ) ;
#5732 = DIRECTION ( 'NONE',  ( -1.000000000000000000, -0.000000000000000000, -0.000000000000000000 ) ) ;
#5733 = CIRCLE ( 'NONE', #2653, 0.4999999999999761302 ) ;
#5734 = PRESENTATION_LAYER_ASSIGNMENT (  '', '', ( #1021 ) ) ;
#5735 = CIRCLE ( 'NONE', #2516, 0.4999999997277598807 ) ;
#5736 = DIRECTION ( 'NONE',  ( -1.000000000000000000, -0.000000000000000000, -0.000000000000000000 ) ) ;
#5737 = ORIENTED_EDGE ( 'NONE', *, *, #6202, .F. ) ;
#5738 = FILL_AREA_STYLE_COLOUR ( '', #4482 ) ;
#5739 = PRESENTATION_LAYER_ASSIGNMENT (  '', '', ( #3137 ) ) ;
#5740 = STYLED_ITEM ( 'NONE', ( #6213 ), #2701 ) ;
#5741 = PRESENTATION_STYLE_ASSIGNMENT (( #2870 ) ) ;
#5742 =( NAMED_UNIT ( * ) SI_UNIT ( $, .STERADIAN. ) SOLID_ANGLE_UNIT ( ) );
#5743 = EDGE_CURVE ( 'NONE', #1306, #4171, #1065, .T. ) ;
#5744 =( GEOMETRIC_REPRESENTATION_CONTEXT ( 3 ) GLOBAL_UNCERTAINTY_ASSIGNED_CONTEXT ( ( #6205 ) ) GLOBAL_UNIT_ASSIGNED_CONTEXT ( ( #5181, #1724, #4605 ) ) REPRESENTATION_CONTEXT ( 'NONE', 'WORKASPACE' ) );
#5745 = DIRECTION ( 'NONE',  ( 0.000000000000000000, 0.9889363528473015252, -0.1483404530702174262 ) ) ;
#5746 = FILL_AREA_STYLE_COLOUR ( '', #2488 ) ;
#5747 = SURFACE_STYLE_FILL_AREA ( #4703 ) ;
#5748 = CARTESIAN_POINT ( 'NONE',  ( -50.00000000000000000, -0.5000000100738536402, 29.99999999995303668 ) ) ;
#5749 = STYLED_ITEM ( 'NONE', ( #179 ), #5007 ) ;
#5750 = PRESENTATION_LAYER_ASSIGNMENT (  '', '', ( #1411 ) ) ;
#5751 = EDGE_LOOP ( 'NONE', ( #638, #1098, #5737, #959 ) ) ;
#5752 = EDGE_CURVE ( 'NONE', #6993, #6863, #1726, .T. ) ;
#5753 = DIRECTION ( 'NONE',  ( 0.000000000000000000, 0.06975647374404596313, 0.9975640502598297488 ) ) ;
#5754 =( LENGTH_UNIT ( ) NAMED_UNIT ( * ) SI_UNIT ( .MILLI., .METRE. ) );
#5755 = SURFACE_STYLE_USAGE ( .BOTH. , #7040 ) ;
#5756 = PRESENTATION_STYLE_ASSIGNMENT (( #3863 ) ) ;
#5757 = SURFACE_SIDE_STYLE ('',( #2275 ) ) ;
#5758 =( GEOMETRIC_REPRESENTATION_CONTEXT ( 3 ) GLOBAL_UNCERTAINTY_ASSIGNED_CONTEXT ( ( #326 ) ) GLOBAL_UNIT_ASSIGNED_CONTEXT ( ( #7598, #6941, #2295 ) ) REPRESENTATION_CONTEXT ( 'NONE', 'WORKASPACE' ) );
#5759 = ORIENTED_EDGE ( 'NONE', *, *, #1531, .F. ) ;
#5760 = ADVANCED_FACE ( 'NONE', ( #3437 ), #7620, .F. ) ;
#5761 = EDGE_CURVE ( 'NONE', #1880, #45, #3363, .T. ) ;
#5762 = VECTOR ( 'NONE', #6960, 1000.000000000000114 ) ;
#5763 = ADVANCED_FACE ( 'NONE', ( #415 ), #2781, .T. ) ;
#5764 = VERTEX_POINT ( 'NONE', #7152 ) ;
#5765 = DIRECTION ( 'NONE',  ( -1.000000000000000000, -0.000000000000000000, -0.000000000000000000 ) ) ;
#5766 = VERTEX_POINT ( 'NONE', #6011 ) ;
#5767 = DIRECTION ( 'NONE',  ( -0.000000000000000000, 0.000000000000000000, 1.000000000000000000 ) ) ;
#5768 =( NAMED_UNIT ( * ) SI_UNIT ( $, .STERADIAN. ) SOLID_ANGLE_UNIT ( ) );
#5769 = PRESENTATION_STYLE_ASSIGNMENT (( #491 ) ) ;
#5770 =( GEOMETRIC_REPRESENTATION_CONTEXT ( 3 ) GLOBAL_UNCERTAINTY_ASSIGNED_CONTEXT ( ( #505 ) ) GLOBAL_UNIT_ASSIGNED_CONTEXT ( ( #1832, #6003, #666 ) ) REPRESENTATION_CONTEXT ( 'NONE', 'WORKASPACE' ) );
#5771 = DIRECTION ( 'NONE',  ( 0.000000000000000000, 0.000000000000000000, -1.000000000000000000 ) ) ;
#5772 = MECHANICAL_DESIGN_GEOMETRIC_PRESENTATION_REPRESENTATION (  '', ( #2931 ), #2699 ) ;
#5773 = STYLED_ITEM ( 'NONE', ( #4967 ), #3573 ) ;
#5774 = CARTESIAN_POINT ( 'NONE',  ( -50.00000000000000000, 9.300000009539528989, 23.00000000496456920 ) ) ;
#5775 = CARTESIAN_POINT ( 'NONE',  ( 50.00000000000000000, 12.50000000998743843, 23.50000000404867251 ) ) ;
#5776 = ORIENTED_EDGE ( 'NONE', *, *, #5321, .T. ) ;
#5777 = CARTESIAN_POINT ( 'NONE',  ( 50.00000000000000000, -4.500000009792799460, -30.00000000499974817 ) ) ;
#5778 = LINE ( 'NONE', #5197, #6956 ) ;
#5779 = PRESENTATION_STYLE_ASSIGNMENT (( #7675 ) ) ;
#5780 =( GEOMETRIC_REPRESENTATION_CONTEXT ( 3 ) GLOBAL_UNCERTAINTY_ASSIGNED_CONTEXT ( ( #4316 ) ) GLOBAL_UNIT_ASSIGNED_CONTEXT ( ( #5051, #5541, #5005 ) ) REPRESENTATION_CONTEXT ( 'NONE', 'WORKASPACE' ) );
#5781 =( NAMED_UNIT ( * ) PLANE_ANGLE_UNIT ( ) SI_UNIT ( $, .RADIAN. ) );
#5782 = DIRECTION ( 'NONE',  ( 0.000000000000000000, 0.000000000000000000, -1.000000000000000000 ) ) ;
#5783 = VECTOR ( 'NONE', #5246, 1000.000000000000000 ) ;
#5784 = STYLED_ITEM ( 'NONE', ( #1678 ), #7662 ) ;
#5785 = SURFACE_SIDE_STYLE ('',( #2302 ) ) ;
#5786 =( NAMED_UNIT ( * ) PLANE_ANGLE_UNIT ( ) SI_UNIT ( $, .RADIAN. ) );
#5787 = LINE ( 'NONE', #476, #4524 ) ;
#5788 = DIRECTION ( 'NONE',  ( -1.000000000000000000, -0.000000000000000000, -0.000000000000000000 ) ) ;
#5789 = FILL_AREA_STYLE ('',( #3426 ) ) ;
#5790 = FILL_AREA_STYLE_COLOUR ( '', #4390 ) ;
#5791 = VERTEX_POINT ( 'NONE', #2423 ) ;
#5792 = CIRCLE ( 'NONE', #3809, 2.000000000269785971 ) ;
#5793 = FILL_AREA_STYLE ('',( #5283 ) ) ;
#5794 = DIRECTION ( 'NONE',  ( -1.000000000000000000, -0.000000000000000000, -0.000000000000000000 ) ) ;
#5795 = COLOUR_RGB ( '',0.8980392156862745390, 0.9176470588235293713, 0.9294117647058823817 ) ;
#5796 = ADVANCED_FACE ( 'NONE', ( #1 ), #4170, .T. ) ;
#5797 = DIRECTION ( 'NONE',  ( 0.000000000000000000, 0.000000000000000000, 1.000000000000000000 ) ) ;
#5798 =( NAMED_UNIT ( * ) PLANE_ANGLE_UNIT ( ) SI_UNIT ( $, .RADIAN. ) );
#5799 = ORIENTED_EDGE ( 'NONE', *, *, #6545, .F. ) ;
#5800 = VERTEX_POINT ( 'NONE', #4207 ) ;
#5801 = ORIENTED_EDGE ( 'NONE', *, *, #4020, .F. ) ;
#5802 = DIRECTION ( 'NONE',  ( -1.000000000000000000, -0.000000000000000000, -0.000000000000000000 ) ) ;
#5803 = ADVANCED_FACE ( 'NONE', ( #4865 ), #5441, .F. ) ;
#5804 = CARTESIAN_POINT ( 'NONE',  ( -50.00000000000000000, 0.6999999914620111952, 26.00000000293864488 ) ) ;
#5805 = ADVANCED_FACE ( 'NONE', ( #7274 ), #3199, .T. ) ;
#5806 = DIRECTION ( 'NONE',  ( -0.000000000000000000, -0.000000000000000000, -1.000000000000000000 ) ) ;
#5807 = EDGE_LOOP ( 'NONE', ( #2963, #5724, #1596, #564 ) ) ;
#5808 = LINE ( 'NONE', #1662, #6254 ) ;
#5809 = FILL_AREA_STYLE_COLOUR ( '', #1303 ) ;
#5810 = ORIENTED_EDGE ( 'NONE', *, *, #7587, .F. ) ;
#5811 = CARTESIAN_POINT ( 'NONE',  ( -50.00000000000000000, 8.546190044058349145, 24.25060968737922096 ) ) ;
#5812 = PLANE ( 'NONE',  #4152 ) ;
#5813 = EDGE_CURVE ( 'NONE', #3515, #5215, #668, .T. ) ;
#5814 = EDGE_CURVE ( 'NONE', #6426, #139, #4450, .T. ) ;
#5815 =( LENGTH_UNIT ( ) NAMED_UNIT ( * ) SI_UNIT ( .MILLI., .METRE. ) );
#5816 = PRESENTATION_STYLE_ASSIGNMENT (( #5900 ) ) ;
#5817 = CYLINDRICAL_SURFACE ( 'NONE', #6789, 0.2999999999890624602 ) ;
#5818 = DIRECTION ( 'NONE',  ( -1.000000000000000000, -0.000000000000000000, -0.000000000000000000 ) ) ;
#5819 = CARTESIAN_POINT ( 'NONE',  ( 50.00000000000000000, 0.9999999898123559383, -25.10000000536236087 ) ) ;
#5820 = DIRECTION ( 'NONE',  ( 0.000000000000000000, 0.000000000000000000, 1.000000000000000000 ) ) ;
#5821 = ORIENTED_EDGE ( 'NONE', *, *, #5926, .F. ) ;
#5822 = VECTOR ( 'NONE', #7446, 1000.000000000000000 ) ;
#5823 = COLOUR_RGB ( '',0.8980392156862745390, 0.9176470588235293713, 0.9294117647058823817 ) ;
#5824 = AXIS2_PLACEMENT_3D ( 'NONE', #4825, #819, #6675 ) ;
#5825 = PRESENTATION_LAYER_ASSIGNMENT (  '', '', ( #1496 ) ) ;
#5826 = DIRECTION ( 'NONE',  ( -1.000000000000000000, -0.000000000000000000, -0.000000000000000000 ) ) ;
#5827 = LINE ( 'NONE', #512, #2562 ) ;
#5828 =( NAMED_UNIT ( * ) SI_UNIT ( $, .STERADIAN. ) SOLID_ANGLE_UNIT ( ) );
#5829 = PRESENTATION_STYLE_ASSIGNMENT (( #2314 ) ) ;
#5830 = SURFACE_STYLE_FILL_AREA ( #1644 ) ;
#5831 = SURFACE_STYLE_FILL_AREA ( #452 ) ;
#5832 = CIRCLE ( 'NONE', #7327, 2.000000000002013945 ) ;
#5833 = VERTEX_POINT ( 'NONE', #3816 ) ;
#5834 = EDGE_CURVE ( 'NONE', #2867, #1587, #907, .T. ) ;
#5835 = ORIENTED_EDGE ( 'NONE', *, *, #2651, .T. ) ;
#5836 = ORIENTED_EDGE ( 'NONE', *, *, #2966, .T. ) ;
#5837 = CARTESIAN_POINT ( 'NONE',  ( -50.00000000000000000, 8.546190043056190788, -23.99997438444787790 ) ) ;
#5838 = FILL_AREA_STYLE ('',( #963 ) ) ;
#5839 = VECTOR ( 'NONE', #1995, 1000.000000000000000 ) ;
#5840 =( GEOMETRIC_REPRESENTATION_CONTEXT ( 3 ) GLOBAL_UNCERTAINTY_ASSIGNED_CONTEXT ( ( #2116 ) ) GLOBAL_UNIT_ASSIGNED_CONTEXT ( ( #4173, #93, #2464 ) ) REPRESENTATION_CONTEXT ( 'NONE', 'WORKASPACE' ) );
#5841 = LINE ( 'NONE', #2902, #718 ) ;
#5842 = ORIENTED_EDGE ( 'NONE', *, *, #4941, .T. ) ;
#5843 = CIRCLE ( 'NONE', #2999, 2.000000000001008083 ) ;
#5844 = VERTEX_POINT ( 'NONE', #2620 ) ;
#5845 = CARTESIAN_POINT ( 'NONE',  ( 50.00000000000000000, -3.588571657105320334, -25.54619003962910284 ) ) ;
#5846 = PRESENTATION_STYLE_ASSIGNMENT (( #7531 ) ) ;
#5847 = FILL_AREA_STYLE_COLOUR ( '', #6496 ) ;
#5848 = ORIENTED_EDGE ( 'NONE', *, *, #1637, .F. ) ;
#5849 = PRESENTATION_LAYER_ASSIGNMENT (  '', '', ( #1521 ) ) ;
#5850 = FILL_AREA_STYLE_COLOUR ( '', #85 ) ;
#5851 = UNCERTAINTY_MEASURE_WITH_UNIT (LENGTH_MEASURE( 1.000000000000000082E-05 ), #6986, 'distance_accuracy_value', 'NONE');
#5852 = UNCERTAINTY_MEASURE_WITH_UNIT (LENGTH_MEASURE( 1.000000000000000082E-05 ), #5754, 'distance_accuracy_value', 'NONE');
#5853 = AXIS2_PLACEMENT_3D ( 'NONE', #112, #7261, #2177 ) ;
#5854 = EDGE_CURVE ( 'NONE', #371, #7171, #1999, .T. ) ;
#5855 = EDGE_CURVE ( 'NONE', #2457, #7249, #6041, .T. ) ;
#5856 = ORIENTED_EDGE ( 'NONE', *, *, #1531, .T. ) ;
#5857 = LINE ( 'NONE', #5201, #1714 ) ;
#5858 = CARTESIAN_POINT ( 'NONE',  ( 50.00000000000000000, -7.500000009601726525, -30.00000000476405404 ) ) ;
#5859 = VECTOR ( 'NONE', #2790, 1000.000000000000000 ) ;
#5860 = AXIS2_PLACEMENT_3D ( 'NONE', #1459, #3205, #3826 ) ;
#5861 = DIRECTION ( 'NONE',  ( -1.000000000000000000, -0.000000000000000000, -0.000000000000000000 ) ) ;
#5862 = SURFACE_SIDE_STYLE ('',( #7609 ) ) ;
#5863 =( NAMED_UNIT ( * ) PLANE_ANGLE_UNIT ( ) SI_UNIT ( $, .RADIAN. ) );
#5864 = ORIENTED_EDGE ( 'NONE', *, *, #3773, .T. ) ;
#5865 = MECHANICAL_DESIGN_GEOMETRIC_PRESENTATION_REPRESENTATION (  '', ( #7233 ), #5744 ) ;
#5866 = SURFACE_STYLE_FILL_AREA ( #3494 ) ;
#5867 = STYLED_ITEM ( 'NONE', ( #6384 ), #5468 ) ;
#5868 = CYLINDRICAL_SURFACE ( 'NONE', #1554, 1.249999999268169848 ) ;
#5869 = PRESENTATION_LAYER_ASSIGNMENT (  '', '', ( #5020 ) ) ;
#5870 = CARTESIAN_POINT ( 'NONE',  ( 50.00000000000000000, -8.046190043341447051, -24.25060968765524549 ) ) ;
#5871 = ORIENTED_EDGE ( 'NONE', *, *, #5752, .T. ) ;
#5872 = AXIS2_PLACEMENT_3D ( 'NONE', #4021, #7043, #4643 ) ;
#5873 = MECHANICAL_DESIGN_GEOMETRIC_PRESENTATION_REPRESENTATION (  '', ( #2170 ), #6742 ) ;
#5874 = VERTEX_POINT ( 'NONE', #7347 ) ;
#5875 = UNCERTAINTY_MEASURE_WITH_UNIT (LENGTH_MEASURE( 1.000000000000000082E-05 ), #7280, 'distance_accuracy_value', 'NONE');
#5876 = VERTEX_POINT ( 'NONE', #824 ) ;
#5877 = SURFACE_SIDE_STYLE ('',( #6417 ) ) ;
#5878 = DIRECTION ( 'NONE',  ( -1.000000000000000000, 0.000000000000000000, -0.000000000000000000 ) ) ;
#5879 = STYLED_ITEM ( 'NONE', ( #5779 ), #5268 ) ;
#5880 = DIRECTION ( 'NONE',  ( -0.000000000000000000, -0.000000000000000000, 1.000000000000000000 ) ) ;
#5881 = EDGE_CURVE ( 'NONE', #6405, #1526, #251, .T. ) ;
#5882 = DIRECTION ( 'NONE',  ( -0.000000000000000000, 0.9889363528994356001, 0.1483404527226568903 ) ) ;
#5883 = UNCERTAINTY_MEASURE_WITH_UNIT (LENGTH_MEASURE( 1.000000000000000082E-05 ), #3014, 'distance_accuracy_value', 'NONE');
#5884 = VECTOR ( 'NONE', #5597, 1000.000000000000000 ) ;
#5885 = CARTESIAN_POINT ( 'NONE',  ( 50.00000000000000000, 8.046190044058366908, 24.00000000502026154 ) ) ;
#5886 =( GEOMETRIC_REPRESENTATION_CONTEXT ( 3 ) GLOBAL_UNCERTAINTY_ASSIGNED_CONTEXT ( ( #7458 ) ) GLOBAL_UNIT_ASSIGNED_CONTEXT ( ( #1213, #688, #9 ) ) REPRESENTATION_CONTEXT ( 'NONE', 'WORKASPACE' ) );
#5887 = ORIENTED_EDGE ( 'NONE', *, *, #2313, .F. ) ;
#5888 = DIRECTION ( 'NONE',  ( -0.000000000000000000, 1.000000000000000000, -0.000000000000000000 ) ) ;
#5889 = PRESENTATION_LAYER_ASSIGNMENT (  '', '', ( #806 ) ) ;
#5890 = ORIENTED_EDGE ( 'NONE', *, *, #7684, .T. ) ;
#5891 = PLANE ( 'NONE',  #5997 ) ;
#5892 = COLOUR_RGB ( '',0.8980392156862745390, 0.9176470588235293713, 0.9294117647058823817 ) ;
#5893 = STYLED_ITEM ( 'NONE', ( #1799 ), #3158 ) ;
#5894 = LINE ( 'NONE', #469, #7111 ) ;
#5895 = CARTESIAN_POINT ( 'NONE',  ( -50.00000000000000000, -1.044502129335858731, -26.76164970460134995 ) ) ;
#5896 = EDGE_CURVE ( 'NONE', #1515, #4462, #4413, .T. ) ;
#5897 = ORIENTED_EDGE ( 'NONE', *, *, #1481, .F. ) ;
#5898 = PRESENTATION_LAYER_ASSIGNMENT (  '', '', ( #6891 ) ) ;
#5899 = CARTESIAN_POINT ( 'NONE',  ( -50.00000000000000000, -8.500000009396595502, 29.99999999947941021 ) ) ;
#5900 = SURFACE_STYLE_USAGE ( .BOTH. , #4669 ) ;
#5901 = ORIENTED_EDGE ( 'NONE', *, *, #7384, .F. ) ;
#5902 = FILL_AREA_STYLE ('',( #5347 ) ) ;
#5903 = EDGE_CURVE ( 'NONE', #784, #5064, #2779, .T. ) ;
#5904 =( GEOMETRIC_REPRESENTATION_CONTEXT ( 3 ) GLOBAL_UNCERTAINTY_ASSIGNED_CONTEXT ( ( #2609 ) ) GLOBAL_UNIT_ASSIGNED_CONTEXT ( ( #4204, #4707, #629 ) ) REPRESENTATION_CONTEXT ( 'NONE', 'WORKASPACE' ) );
#5905 = EDGE_CURVE ( 'NONE', #5579, #3327, #5489, .T. ) ;
#5906 = EDGE_CURVE ( 'NONE', #4843, #5176, #5032, .T. ) ;
#5907 = ORIENTED_EDGE ( 'NONE', *, *, #3459, .F. ) ;
#5908 = AXIS2_PLACEMENT_3D ( 'NONE', #6215, #912, #2550 ) ;
#5909 = PRESENTATION_STYLE_ASSIGNMENT (( #2964 ) ) ;
#5910 = CYLINDRICAL_SURFACE ( 'NONE', #5511, 0.3000000000000016542 ) ;
#5911 = ADVANCED_FACE ( 'NONE', ( #3270 ), #3118, .T. ) ;
#5912 = ORIENTED_EDGE ( 'NONE', *, *, #6450, .F. ) ;
#5913 = DIRECTION ( 'NONE',  ( 0.000000000000000000, 1.000000000000000000, 0.000000000000000000 ) ) ;
#5914 = EDGE_LOOP ( 'NONE', ( #7126, #5291, #3938, #263 ) ) ;
#5915 = EDGE_LOOP ( 'NONE', ( #2453, #575, #4036, #2531 ) ) ;
#5916 = VECTOR ( 'NONE', #3513, 1000.000000000000000 ) ;
#5917 = CARTESIAN_POINT ( 'NONE',  ( -50.00000000000000000, -3.716140078100125255, 25.54619003423594492 ) ) ;
#5918 = CARTESIAN_POINT ( 'NONE',  ( -50.00000000000000000, 9.800000008939301566, -22.99997438438203901 ) ) ;
#5919 = ORIENTED_EDGE ( 'NONE', *, *, #5814, .T. ) ;
#5920 = CARTESIAN_POINT ( 'NONE',  ( 50.00000000000000000, 0.7000000091558072901, 28.10000000750401128 ) ) ;
#5921 = DIRECTION ( 'NONE',  ( 0.000000000000000000, 0.000000000000000000, -1.000000000000000000 ) ) ;
#5922 = VERTEX_POINT ( 'NONE', #3322 ) ;
#5923 = DIRECTION ( 'NONE',  ( -1.000000000000000000, -0.000000000000000000, -0.000000000000000000 ) ) ;
#5924 = VERTEX_POINT ( 'NONE', #3896 ) ;
#5925 = SURFACE_STYLE_USAGE ( .BOTH. , #3631 ) ;
#5926 = EDGE_CURVE ( 'NONE', #6699, #4165, #5677, .T. ) ;
#5927 = CARTESIAN_POINT ( 'NONE',  ( 50.00000000000000000, 12.50000000998743843, 23.50000000404867251 ) ) ;
#5928 = ORIENTED_EDGE ( 'NONE', *, *, #5106, .F. ) ;
#5929 = CARTESIAN_POINT ( 'NONE',  ( -50.00000000000000000, 0.6850834425882190715, 26.30000000293866691 ) ) ;
#5930 = CARTESIAN_POINT ( 'NONE',  ( 50.00000000000000000, -4.000000009635709119, -29.50000000500024910 ) ) ;
#5931 = ORIENTED_EDGE ( 'NONE', *, *, #4488, .T. ) ;
#5932 = FACE_OUTER_BOUND ( 'NONE', #2621, .T. ) ;
#5933 = LINE ( 'NONE', #1723, #344 ) ;
#5934 = MECHANICAL_DESIGN_GEOMETRIC_PRESENTATION_REPRESENTATION (  '', ( #1996 ), #5097 ) ;
#5935 = CARTESIAN_POINT ( 'NONE',  ( 50.00000000000000000, -4.000000009650611865, 29.99999999971483788 ) ) ;
#5936 =( NAMED_UNIT ( * ) SI_UNIT ( $, .STERADIAN. ) SOLID_ANGLE_UNIT ( ) );
#5937 = VECTOR ( 'NONE', #7477, 1000.000000000000000 ) ;
#5938 = VERTEX_POINT ( 'NONE', #7497 ) ;
#5939 = CIRCLE ( 'NONE', #999, 0.3000000000607239148 ) ;
#5940 = UNCERTAINTY_MEASURE_WITH_UNIT (LENGTH_MEASURE( 1.000000000000000082E-05 ), #5257, 'distance_accuracy_value', 'NONE');
#5941 = UNCERTAINTY_MEASURE_WITH_UNIT (LENGTH_MEASURE( 1.000000000000000082E-05 ), #7052, 'distance_accuracy_value', 'NONE');
#5942 = VERTEX_POINT ( 'NONE', #478 ) ;
#5943 = DIRECTION ( 'NONE',  ( -1.000000000000000000, -0.000000000000000000, -0.000000000000000000 ) ) ;
#5944 = EDGE_CURVE ( 'NONE', #3020, #139, #3427, .T. ) ;
#5945 = LINE ( 'NONE', #4253, #6722 ) ;
#5946 = DIRECTION ( 'NONE',  ( -1.000000000000000000, -0.000000000000000000, -0.000000000000000000 ) ) ;
#5947 = CARTESIAN_POINT ( 'NONE',  ( 50.00000000000000000, 8.546190044058349145, 24.25060968737922096 ) ) ;
#5948 = FILL_AREA_STYLE ('',( #529 ) ) ;
#5949 = VECTOR ( 'NONE', #4554, 1000.000000000000000 ) ;
#5950 = EDGE_LOOP ( 'NONE', ( #633, #4621, #2401, #4233 ) ) ;
#5951 = DIRECTION ( 'NONE',  ( 0.000000000000000000, -0.9889363528994379315, -0.1483404527226416525 ) ) ;
#5952 = ORIENTED_EDGE ( 'NONE', *, *, #4447, .F. ) ;
#5953 = CARTESIAN_POINT ( 'NONE',  ( 50.00000000000000000, 0.9999999899816475191, -28.60000000237553053 ) ) ;
#5954 = DIRECTION ( 'NONE',  ( 1.000000000000000000, 0.000000000000000000, 0.000000000000000000 ) ) ;
#5955 = DIRECTION ( 'NONE',  ( 0.000000000000000000, 0.000000000000000000, -1.000000000000000000 ) ) ;
#5956 = DIRECTION ( 'NONE',  ( 0.000000000000000000, 0.000000000000000000, -1.000000000000000000 ) ) ;
#5957 =( GEOMETRIC_REPRESENTATION_CONTEXT ( 3 ) GLOBAL_UNCERTAINTY_ASSIGNED_CONTEXT ( ( #2737 ) ) GLOBAL_UNIT_ASSIGNED_CONTEXT ( ( #372, #3358, #336 ) ) REPRESENTATION_CONTEXT ( 'NONE', 'WORKASPACE' ) );
#5958 = ORIENTED_EDGE ( 'NONE', *, *, #6447, .T. ) ;
#5959 = STYLED_ITEM ( 'NONE', ( #2266 ), #3013 ) ;
#5960 = ORIENTED_EDGE ( 'NONE', *, *, #6611, .F. ) ;
#5961 =( NAMED_UNIT ( * ) PLANE_ANGLE_UNIT ( ) SI_UNIT ( $, .RADIAN. ) );
#5962 = PRESENTATION_STYLE_ASSIGNMENT (( #1267 ) ) ;
#5963 = PRESENTATION_LAYER_ASSIGNMENT (  '', '', ( #3001 ) ) ;
#5964 = DIRECTION ( 'NONE',  ( 1.000000000000000000, 0.000000000000000000, 0.000000000000000000 ) ) ;
#5965 = EDGE_CURVE ( 'NONE', #3722, #6993, #4750, .T. ) ;
#5966 = STYLED_ITEM ( 'NONE', ( #895 ), #6500 ) ;
#5967 = VERTEX_POINT ( 'NONE', #368 ) ;
#5968 = VECTOR ( 'NONE', #2505, 1000.000000000000000 ) ;
#5969 = AXIS2_PLACEMENT_3D ( 'NONE', #7576, #5214, #7042 ) ;
#5970 =( LENGTH_UNIT ( ) NAMED_UNIT ( * ) SI_UNIT ( .MILLI., .METRE. ) );
#5971 = CARTESIAN_POINT ( 'NONE',  ( -50.00000000000000000, 8.046190044058366908, 24.00000000502026154 ) ) ;
#5972 = SURFACE_SIDE_STYLE ('',( #676 ) ) ;
#5973 = CIRCLE ( 'NONE', #1905, 0.4999999999414986296 ) ;
#5974 = ORIENTED_EDGE ( 'NONE', *, *, #1449, .T. ) ;
#5975 = AXIS2_PLACEMENT_3D ( 'NONE', #4210, #1728, #4751 ) ;
#5976 = CARTESIAN_POINT ( 'NONE',  ( -50.00000000000000000, -4.000000009635709119, -29.50000000500024910 ) ) ;
#5977 = EDGE_LOOP ( 'NONE', ( #863, #3466, #7312, #379 ) ) ;
#5978 = DIRECTION ( 'NONE',  ( -1.000000000000000000, -0.000000000000000000, -0.000000000000000000 ) ) ;
#5979 = AXIS2_PLACEMENT_3D ( 'NONE', #1376, #1338, #146 ) ;
#5980 = LINE ( 'NONE', #5327, #420 ) ;
#5981 = SURFACE_STYLE_FILL_AREA ( #1136 ) ;
#5982 = CARTESIAN_POINT ( 'NONE',  ( -50.00000000000000000, -1.000000009732037176, 29.49999999995378630 ) ) ;
#5983 = COLOUR_RGB ( '',0.8980392156862745390, 0.9176470588235293713, 0.9294117647058823817 ) ;
#5984 = AXIS2_PLACEMENT_3D ( 'NONE', #3781, #7240, #2053 ) ;
#5985 = EDGE_CURVE ( 'NONE', #6377, #3650, #4599, .T. ) ;
#5986 = EDGE_CURVE ( 'NONE', #769, #957, #5141, .T. ) ;
#5987 = CARTESIAN_POINT ( 'NONE',  ( 50.00000000000000000, -8.046190043341447051, -24.25060968765524549 ) ) ;
#5988 = ADVANCED_FACE ( 'NONE', ( #6917 ), #3546, .F. ) ;
#5989 = EDGE_LOOP ( 'NONE', ( #5864, #749, #3837, #5630 ) ) ;
#5990 = CARTESIAN_POINT ( 'NONE',  ( 50.00000000000000000, -1.300000009753222496, 29.89999999993697699 ) ) ;
#5991 = VECTOR ( 'NONE', #4935, 1000.000000000000000 ) ;
#5992 = VERTEX_POINT ( 'NONE', #7046 ) ;
#5993 = CARTESIAN_POINT ( 'NONE',  ( 50.00000000000000000, -6.283859941527155435, -25.84619003960370165 ) ) ;
#5994 = EDGE_LOOP ( 'NONE', ( #710, #3598, #2242, #3061, #7082, #7341, #1035, #4777, #7646, #4685, #7133, #6277, #6588, #4712, #1002, #7188, #7268, #4149, #3324, #6642, #4845, #4325, #2822, #5077, #4806, #2061, #985, #2820, #2854, #3287, #7581, #5685, #2644, #5897, #1716, #1551, #3017, #6311, #1161, #7330, #7468, #1762, #5033, #905, #2337, #888, #291, #4454, #3975, #3428, #4954, #5848, #4974, #5722, #3775, #2702, #2441, #4470, #1567, #356, #730, #7277, #1605 ) ) ;
#5995 = UNCERTAINTY_MEASURE_WITH_UNIT (LENGTH_MEASURE( 1.000000000000000082E-05 ), #5193, 'distance_accuracy_value', 'NONE');
#5996 = AXIS2_PLACEMENT_3D ( 'NONE', #610, #6456, #6973 ) ;
#5997 = AXIS2_PLACEMENT_3D ( 'NONE', #578, #4150, #4725 ) ;
#5998 = VECTOR ( 'NONE', #2419, 1000.000000000000000 ) ;
#5999 = CARTESIAN_POINT ( 'NONE',  ( -50.00000000000000000, 2.500000009253489086, 30.00000000457421478 ) ) ;
#6000 = ORIENTED_EDGE ( 'NONE', *, *, #7047, .F. ) ;
#6001 = SURFACE_SIDE_STYLE ('',( #7102 ) ) ;
#6002 = PRODUCT_DEFINITION_SHAPE ( 'NONE', 'NONE',  #7687 ) ;
#6003 =( NAMED_UNIT ( * ) PLANE_ANGLE_UNIT ( ) SI_UNIT ( $, .RADIAN. ) );
#6004 = VECTOR ( 'NONE', #5298, 1000.000000000000000 ) ;
#6005 =( GEOMETRIC_REPRESENTATION_CONTEXT ( 3 ) GLOBAL_UNCERTAINTY_ASSIGNED_CONTEXT ( ( #3454 ) ) GLOBAL_UNIT_ASSIGNED_CONTEXT ( ( #5452, #7202, #3556 ) ) REPRESENTATION_CONTEXT ( 'NONE', 'WORKASPACE' ) );
#6006 = ORIENTED_EDGE ( 'NONE', *, *, #2315, .F. ) ;
#6007 = DIRECTION ( 'NONE',  ( -1.000000000000000000, -0.000000000000000000, -0.000000000000000000 ) ) ;
#6008 = AXIS2_PLACEMENT_3D ( 'NONE', #5187, #630, #2241 ) ;
#6009 = LINE ( 'NONE', #6644, #6436 ) ;
#6010 = DIRECTION ( 'NONE',  ( 0.000000000000000000, -0.1483404527226264424, 0.9889363528994402630 ) ) ;
#6011 = CARTESIAN_POINT ( 'NONE',  ( -50.00000000000000000, 0.6999999898232942552, -24.80000000537330251 ) ) ;
#6012 = MECHANICAL_DESIGN_GEOMETRIC_PRESENTATION_REPRESENTATION (  '', ( #1307 ), #7024 ) ;
#6013 = VERTEX_POINT ( 'NONE', #7081 ) ;
#6014 =( GEOMETRIC_REPRESENTATION_CONTEXT ( 3 ) GLOBAL_UNCERTAINTY_ASSIGNED_CONTEXT ( ( #6499 ) ) GLOBAL_UNIT_ASSIGNED_CONTEXT ( ( #2777, #4340, #839 ) ) REPRESENTATION_CONTEXT ( 'NONE', 'WORKASPACE' ) );
#6015 = VERTEX_POINT ( 'NONE', #5366 ) ;
#6016 = EDGE_CURVE ( 'NONE', #2903, #2123, #1206, .T. ) ;
#6017 = FACE_OUTER_BOUND ( 'NONE', #1387, .T. ) ;
#6018 = STYLED_ITEM ( 'NONE', ( #836 ), #7562 ) ;
#6019 = DIRECTION ( 'NONE',  ( -0.000000000000000000, -0.000000000000000000, -1.000000000000000000 ) ) ;
#6020 = CARTESIAN_POINT ( 'NONE',  ( -50.00000000000000000, 2.999656187376809502, -24.79997438303944790 ) ) ;
#6021 = CARTESIAN_POINT ( 'NONE',  ( 50.00000000000000000, -1.300000009753222496, 29.89999999993697699 ) ) ;
#6022 = SURFACE_STYLE_USAGE ( .BOTH. , #644 ) ;
#6023 = CARTESIAN_POINT ( 'NONE',  ( 50.00000000000000000, -4.015409294884536351, -25.82526309750598870 ) ) ;
#6024 = ORIENTED_EDGE ( 'NONE', *, *, #1270, .F. ) ;
#6025 = SURFACE_STYLE_FILL_AREA ( #1781 ) ;
#6026 = AXIS2_PLACEMENT_3D ( 'NONE', #1294, #6621, #5449 ) ;
#6027 = EDGE_CURVE ( 'NONE', #4791, #3127, #2388, .T. ) ;
#6028 = ORIENTED_EDGE ( 'NONE', *, *, #6702, .T. ) ;
#6029 = SURFACE_STYLE_USAGE ( .BOTH. , #6427 ) ;
#6030 = PRESENTATION_STYLE_ASSIGNMENT (( #1820 ) ) ;
#6031 = UNCERTAINTY_MEASURE_WITH_UNIT (LENGTH_MEASURE( 1.000000000000000082E-05 ), #7677, 'distance_accuracy_value', 'NONE');
#6032 = FACE_OUTER_BOUND ( 'NONE', #2139, .T. ) ;
#6033 = ORIENTED_EDGE ( 'NONE', *, *, #5601, .T. ) ;
#6034 = CARTESIAN_POINT ( 'NONE',  ( 50.00000000000000000, 0.6999999914618377783, 25.09999999997997122 ) ) ;
#6035 = EDGE_CURVE ( 'NONE', #378, #6962, #681, .T. ) ;
#6036 = DIRECTION ( 'NONE',  ( -1.000000000000000000, -0.000000000000000000, -0.000000000000000000 ) ) ;
#6037 = EDGE_CURVE ( 'NONE', #5546, #3005, #6445, .T. ) ;
#6038 = CARTESIAN_POINT ( 'NONE',  ( -50.00000000000000000, -8.500000009396554645, 25.99999999947474905 ) ) ;
#6039 = ORIENTED_EDGE ( 'NONE', *, *, #3249, .T. ) ;
#6040 = PRESENTATION_STYLE_ASSIGNMENT (( #5512 ) ) ;
#6041 = LINE ( 'NONE', #6130, #6730 ) ;
#6042 = EDGE_LOOP ( 'NONE', ( #6772, #1323, #1491, #2891 ) ) ;
#6043 = LINE ( 'NONE', #1489, #6706 ) ;
#6044 = EDGE_LOOP ( 'NONE', ( #405, #3160, #4648, #6532 ) ) ;
#6045 = LINE ( 'NONE', #5483, #4998 ) ;
#6046 = CARTESIAN_POINT ( 'NONE',  ( 50.00000000000000000, 3.299656187376970973, -25.09997438303970441 ) ) ;
#6047 = SURFACE_STYLE_USAGE ( .BOTH. , #1927 ) ;
#6048 = CIRCLE ( 'NONE', #7681, 3.999999999845043952 ) ;
#6049 = CARTESIAN_POINT ( 'NONE',  ( 50.00000000000000000, -4.500000009792799460, -30.00000000499974817 ) ) ;
#6050 = EDGE_CURVE ( 'NONE', #3241, #918, #4130, .T. ) ;
#6051 = PRODUCT_DEFINITION_CONTEXT ( 'detailed design', #908, 'design' ) ;
#6052 = STYLED_ITEM ( 'NONE', ( #7124 ), #462 ) ;
#6053 = STYLED_ITEM ( 'NONE', ( #3319 ), #1025 ) ;
#6054 = COLOUR_RGB ( '',0.8980392156862745390, 0.9176470588235293713, 0.9294117647058823817 ) ;
#6055 = EDGE_LOOP ( 'NONE', ( #4437, #7429, #6252, #2164 ) ) ;
#6056 = DIRECTION ( 'NONE',  ( 0.000000000000000000, 0.000000000000000000, 1.000000000000000000 ) ) ;
#6057 = LINE ( 'NONE', #1853, #195 ) ;
#6058 = ORIENTED_EDGE ( 'NONE', *, *, #6909, .T. ) ;
#6059 = SURFACE_STYLE_FILL_AREA ( #1301 ) ;
#6060 = CARTESIAN_POINT ( 'NONE',  ( -50.00000000000000000, -2.500000009845376958, -31.50000000515770893 ) ) ;
#6061 =( NAMED_UNIT ( * ) SI_UNIT ( $, .STERADIAN. ) SOLID_ANGLE_UNIT ( ) );
#6062 = PRESENTATION_LAYER_ASSIGNMENT (  '', '', ( #1501 ) ) ;
#6063 = LINE ( 'NONE', #7296, #834 ) ;
#6064 = UNCERTAINTY_MEASURE_WITH_UNIT (LENGTH_MEASURE( 1.000000000000000082E-05 ), #3340, 'distance_accuracy_value', 'NONE');
#6065 = DIRECTION ( 'NONE',  ( -1.000000000000000000, -0.000000000000000000, -0.000000000000000000 ) ) ;
#6066 = CARTESIAN_POINT ( 'NONE',  ( 50.00000000000000000, -5.850000009022488179, 27.74999999985019983 ) ) ;
#6067 = ORIENTED_EDGE ( 'NONE', *, *, #6370, .T. ) ;
#6068 = LINE ( 'NONE', #1346, #6283 ) ;
#6069 = DIRECTION ( 'NONE',  ( 0.000000000000000000, 0.000000000000000000, 1.000000000000000000 ) ) ;
#6070 = CARTESIAN_POINT ( 'NONE',  ( -50.00000000000000000, -4.150000009022571490, 27.74999999985019983 ) ) ;
#6071 = CARTESIAN_POINT ( 'NONE',  ( -50.00000000000000000, -8.546190043356597599, -23.50000000580262949 ) ) ;
#6072 =( NAMED_UNIT ( * ) PLANE_ANGLE_UNIT ( ) SI_UNIT ( $, .RADIAN. ) );
#6073 = EDGE_CURVE ( 'NONE', #1515, #1721, #4, .T. ) ;
#6074 = ORIENTED_EDGE ( 'NONE', *, *, #7420, .F. ) ;
#6075 = EDGE_CURVE ( 'NONE', #6955, #5090, #4016, .T. ) ;
#6076 = VECTOR ( 'NONE', #7351, 1000.000000000000000 ) ;
#6077 = EDGE_CURVE ( 'NONE', #5035, #2876, #429, .T. ) ;
#6078 = LINE ( 'NONE', #3078, #5345 ) ;
#6079 = DIRECTION ( 'NONE',  ( -0.000000000000000000, 1.000000000000000000, -0.000000000000000000 ) ) ;
#6080 = PRESENTATION_STYLE_ASSIGNMENT (( #1955 ) ) ;
#6081 = CIRCLE ( 'NONE', #3873, 2.000000000276239032 ) ;
#6082 = CARTESIAN_POINT ( 'NONE',  ( 50.00000000000000000, -1.044502129335858731, -26.76164970460134995 ) ) ;
#6083 =( LENGTH_UNIT ( ) NAMED_UNIT ( * ) SI_UNIT ( .MILLI., .METRE. ) );
#6084 = ORIENTED_EDGE ( 'NONE', *, *, #2198, .T. ) ;
#6085 = CIRCLE ( 'NONE', #2400, 0.5000000000501096942 ) ;
#6086 = PRESENTATION_LAYER_ASSIGNMENT (  '', '', ( #527 ) ) ;
#6087 = CARTESIAN_POINT ( 'NONE',  ( 50.00000000000000000, 7.250435495819401943, -26.03296726529976723 ) ) ;
#6088 = ORIENTED_EDGE ( 'NONE', *, *, #1788, .T. ) ;
#6089 = DIRECTION ( 'NONE',  ( 0.000000000000000000, -0.000000000000000000, -1.000000000000000000 ) ) ;
#6090 = MECHANICAL_DESIGN_GEOMETRIC_PRESENTATION_REPRESENTATION (  '', ( #6971 ), #4255 ) ;
#6091 = DIRECTION ( 'NONE',  ( 0.000000000000000000, 0.000000000000000000, 1.000000000000000000 ) ) ;
#6092 = MECHANICAL_DESIGN_GEOMETRIC_PRESENTATION_REPRESENTATION (  '', ( #3885 ), #1779 ) ;
#6093 = PRESENTATION_STYLE_ASSIGNMENT (( #3737 ) ) ;
#6094 = FACE_OUTER_BOUND ( 'NONE', #104, .T. ) ;
#6095 = PRESENTATION_LAYER_ASSIGNMENT (  '', '', ( #2892 ) ) ;
#6096 = AXIS2_PLACEMENT_3D ( 'NONE', #2075, #358, #972 ) ;
#6097 = ORIENTED_EDGE ( 'NONE', *, *, #6600, .T. ) ;
#6098 = FACE_OUTER_BOUND ( 'NONE', #6055, .T. ) ;
#6099 = SURFACE_STYLE_FILL_AREA ( #6691 ) ;
#6100 = ORIENTED_EDGE ( 'NONE', *, *, #7275, .F. ) ;
#6101 = MECHANICAL_DESIGN_GEOMETRIC_PRESENTATION_REPRESENTATION (  '', ( #3527 ), #804 ) ;
#6102 = SURFACE_STYLE_USAGE ( .BOTH. , #4384 ) ;
#6103 =( GEOMETRIC_REPRESENTATION_CONTEXT ( 3 ) GLOBAL_UNCERTAINTY_ASSIGNED_CONTEXT ( ( #3612 ) ) GLOBAL_UNIT_ASSIGNED_CONTEXT ( ( #567, #4254, #686 ) ) REPRESENTATION_CONTEXT ( 'NONE', 'WORKASPACE' ) );
#6104 = CARTESIAN_POINT ( 'NONE',  ( 50.00000000000000000, -9.800000003943328153, -23.00000000826615931 ) ) ;
#6105 = DIRECTION ( 'NONE',  ( -1.000000000000000000, -0.000000000000000000, -0.000000000000000000 ) ) ;
#6106 = STYLED_ITEM ( 'NONE', ( #7638 ), #2316 ) ;
#6107 = PRESENTATION_LAYER_ASSIGNMENT (  '', '', ( #1048 ) ) ;
#6108 = VERTEX_POINT ( 'NONE', #1242 ) ;
#6109 = PRESENTATION_STYLE_ASSIGNMENT (( #4232 ) ) ;
#6110 = FILL_AREA_STYLE ('',( #809 ) ) ;
#6111 = EDGE_LOOP ( 'NONE', ( #5481, #2540, #4273, #4339 ) ) ;
#6112 = LINE ( 'NONE', #4818, #2213 ) ;
#6113 = ADVANCED_FACE ( 'NONE', ( #4096 ), #4248, .T. ) ;
#6114 = DIRECTION ( 'NONE',  ( -1.000000000000000000, -0.000000000000000000, -0.000000000000000000 ) ) ;
#6115 = DIRECTION ( 'NONE',  ( 0.000000000000000000, 0.000000000000000000, -1.000000000000000000 ) ) ;
#6116 = FILL_AREA_STYLE_COLOUR ( '', #5253 ) ;
#6117 = CARTESIAN_POINT ( 'NONE',  ( -50.00000000000000000, 0.7000000066269876919, -26.49997438468984967 ) ) ;
#6118 = VERTEX_POINT ( 'NONE', #3653 ) ;
#6119 = MECHANICAL_DESIGN_GEOMETRIC_PRESENTATION_REPRESENTATION (  '', ( #4894 ), #4776 ) ;
#6120 =( GEOMETRIC_REPRESENTATION_CONTEXT ( 3 ) GLOBAL_UNCERTAINTY_ASSIGNED_CONTEXT ( ( #2660 ) ) GLOBAL_UNIT_ASSIGNED_CONTEXT ( ( #1582, #6420, #3509 ) ) REPRESENTATION_CONTEXT ( 'NONE', 'WORKASPACE' ) );
#6121 = SURFACE_SIDE_STYLE ('',( #3766 ) ) ;
#6122 = PLANE ( 'NONE',  #5103 ) ;
#6123 = UNCERTAINTY_MEASURE_WITH_UNIT (LENGTH_MEASURE( 1.000000000000000082E-05 ), #2203, 'distance_accuracy_value', 'NONE');
#6124 = DIRECTION ( 'NONE',  ( -1.000000000000000000, -0.000000000000000000, -0.000000000000000000 ) ) ;
#6125 = EDGE_CURVE ( 'NONE', #2867, #1189, #131, .T. ) ;
#6126 = VECTOR ( 'NONE', #141, 1000.000000000000000 ) ;
#6127 = EDGE_CURVE ( 'NONE', #4427, #1306, #1923, .T. ) ;
#6128 = CARTESIAN_POINT ( 'NONE',  ( 50.00000000000000000, -1.299999993536965492, -27.05833061047391652 ) ) ;
#6129 = EDGE_CURVE ( 'NONE', #6244, #4919, #7577, .T. ) ;
#6130 = CARTESIAN_POINT ( 'NONE',  ( -50.00000000000000000, -8.046190043341447051, -24.25060968765524549 ) ) ;
#6131 = EDGE_LOOP ( 'NONE', ( #4866, #6176, #4951, #5118 ) ) ;
#6132 = PRODUCT_DEFINITION_FORMATION_WITH_SPECIFIED_SOURCE ( '»Œ', '', #3105, .NOT_KNOWN. ) ;
#6133 = AXIS2_PLACEMENT_3D ( 'NONE', #4832, #3122, #6135 ) ;
#6134 = ORIENTED_EDGE ( 'NONE', *, *, #1614, .F. ) ;
#6135 = DIRECTION ( 'NONE',  ( 0.000000000000000000, 0.000000000000000000, -1.000000000000000000 ) ) ;
#6136 = DIRECTION ( 'NONE',  ( 0.000000000000000000, 0.000000000000000000, -1.000000000000000000 ) ) ;
#6137 = FACE_OUTER_BOUND ( 'NONE', #810, .T. ) ;
#6138 = EDGE_CURVE ( 'NONE', #5938, #4938, #5561, .T. ) ;
#6139 = DIRECTION ( 'NONE',  ( 0.000000000000000000, 0.000000000000000000, -1.000000000000000000 ) ) ;
#6140 = CIRCLE ( 'NONE', #7516, 3.999999999845043952 ) ;
#6141 =( NAMED_UNIT ( * ) PLANE_ANGLE_UNIT ( ) SI_UNIT ( $, .RADIAN. ) );
#6142 = SURFACE_STYLE_USAGE ( .BOTH. , #1415 ) ;
#6143 = ORIENTED_EDGE ( 'NONE', *, *, #6229, .T. ) ;
#6144 = VECTOR ( 'NONE', #163, 1000.000000000000000 ) ;
#6145 = VECTOR ( 'NONE', #6362, 1000.000000000000000 ) ;
#6146 = EDGE_LOOP ( 'NONE', ( #3566, #6926, #238, #3334 ) ) ;
#6147 = SURFACE_STYLE_USAGE ( .BOTH. , #6733 ) ;
#6148 = DIRECTION ( 'NONE',  ( 0.000000000000000000, -0.000000000000000000, -1.000000000000000000 ) ) ;
#6149 = VERTEX_POINT ( 'NONE', #6087 ) ;
#6150 = DIRECTION ( 'NONE',  ( -1.000000000000000000, -0.000000000000000000, -0.000000000000000000 ) ) ;
#6151 = SURFACE_STYLE_FILL_AREA ( #884 ) ;
#6152 = FILL_AREA_STYLE ('',( #3796 ) ) ;
#6153 = ORIENTED_EDGE ( 'NONE', *, *, #2592, .T. ) ;
#6154 = DIRECTION ( 'NONE',  ( 0.000000000000000000, 0.06975647374401147682, -0.9975640502598321913 ) ) ;
#6155 = ORIENTED_EDGE ( 'NONE', *, *, #4557, .F. ) ;
#6156 = VECTOR ( 'NONE', #4394, 1000.000000000000000 ) ;
#6157 = DIRECTION ( 'NONE',  ( 0.000000000000000000, 0.000000000000000000, -1.000000000000000000 ) ) ;
#6158 = PRESENTATION_STYLE_ASSIGNMENT (( #4556 ) ) ;
#6159 = STYLED_ITEM ( 'NONE', ( #3430 ), #674 ) ;
#6160 = CARTESIAN_POINT ( 'NONE',  ( -50.00000000000000000, 8.046190042989833202, -23.99997438444787790 ) ) ;
#6161 = VERTEX_POINT ( 'NONE', #292 ) ;
#6162 = EDGE_CURVE ( 'NONE', #346, #2727, #3692, .T. ) ;
#6163 = DIRECTION ( 'NONE',  ( -1.000000000000000000, -0.000000000000000000, -0.000000000000000000 ) ) ;
#6164 =( NAMED_UNIT ( * ) SI_UNIT ( $, .STERADIAN. ) SOLID_ANGLE_UNIT ( ) );
#6165 = DIRECTION ( 'NONE',  ( -0.000000000000000000, 0.9975640502598321913, 0.06975647374401147682 ) ) ;
#6166 = PLANE ( 'NONE',  #3364 ) ;
#6167 = LINE ( 'NONE', #6128, #6589 ) ;
#6168 = DIRECTION ( 'NONE',  ( -1.000000000000000000, -0.000000000000000000, -0.000000000000000000 ) ) ;
#6169 = ORIENTED_EDGE ( 'NONE', *, *, #1194, .T. ) ;
#6170 = DIRECTION ( 'NONE',  ( -1.000000000000000000, -0.000000000000000000, -0.000000000000000000 ) ) ;
#6171 = VERTEX_POINT ( 'NONE', #2669 ) ;
#6172 = DIRECTION ( 'NONE',  ( -1.000000000000000000, -0.000000000000000000, -0.000000000000000000 ) ) ;
#6173 = LINE ( 'NONE', #6046, #3029 ) ;
#6174 = PLANE ( 'NONE',  #6723 ) ;
#6175 = LINE ( 'NONE', #182, #3435 ) ;
#6176 = ORIENTED_EDGE ( 'NONE', *, *, #6162, .F. ) ;
#6177 = ADVANCED_FACE ( 'NONE', ( #3777 ), #3162, .T. ) ;
#6178 = EDGE_CURVE ( 'NONE', #7180, #4791, #278, .T. ) ;
#6179 = VERTEX_POINT ( 'NONE', #7313 ) ;
#6180 = DIRECTION ( 'NONE',  ( -1.000000000000000000, -0.000000000000000000, -0.000000000000000000 ) ) ;
#6181 = VERTEX_POINT ( 'NONE', #4945 ) ;
#6182 = DIRECTION ( 'NONE',  ( 0.000000000000000000, -1.000000000000000000, 0.000000000000000000 ) ) ;
#6183 = CARTESIAN_POINT ( 'NONE',  ( -50.00000000000000000, 3.299656187376970973, -25.09997438303970441 ) ) ;
#6184 = SURFACE_STYLE_USAGE ( .BOTH. , #7519 ) ;
#6185 = CARTESIAN_POINT ( 'NONE',  ( 50.00000000000000000, -6.750609693278262213, 25.54619003422375911 ) ) ;
#6186 = FACE_OUTER_BOUND ( 'NONE', #1819, .T. ) ;
#6187 = CIRCLE ( 'NONE', #4099, 0.5000000000592239591 ) ;
#6188 = AXIS2_PLACEMENT_3D ( 'NONE', #3832, #6182, #7440 ) ;
#6189 = VECTOR ( 'NONE', #4047, 1000.000000000000000 ) ;
#6190 = MECHANICAL_DESIGN_GEOMETRIC_PRESENTATION_REPRESENTATION (  '', ( #2679 ), #130 ) ;
#6191 = ORIENTED_EDGE ( 'NONE', *, *, #5023, .T. ) ;
#6192 = VERTEX_POINT ( 'NONE', #2092 ) ;
#6193 =( NAMED_UNIT ( * ) PLANE_ANGLE_UNIT ( ) SI_UNIT ( $, .RADIAN. ) );
#6194 = DIRECTION ( 'NONE',  ( 0.000000000000000000, 0.000000000000000000, -1.000000000000000000 ) ) ;
#6195 = DIRECTION ( 'NONE',  ( 0.000000000000000000, 0.000000000000000000, -1.000000000000000000 ) ) ;
#6196 = VERTEX_POINT ( 'NONE', #6802 ) ;
#6197 = LINE ( 'NONE', #2227, #2508 ) ;
#6198 = PRESENTATION_STYLE_ASSIGNMENT (( #6913 ) ) ;
#6199 = UNCERTAINTY_MEASURE_WITH_UNIT (LENGTH_MEASURE( 1.000000000000000082E-05 ), #3718, 'distance_accuracy_value', 'NONE');
#6200 = SURFACE_STYLE_FILL_AREA ( #3852 ) ;
#6201 =( LENGTH_UNIT ( ) NAMED_UNIT ( * ) SI_UNIT ( .MILLI., .METRE. ) );
#6202 = EDGE_CURVE ( 'NONE', #447, #3314, #6043, .T. ) ;
#6203 = CARTESIAN_POINT ( 'NONE',  ( 50.00000000000000000, 9.800000008939301566, 23.00000000496456920 ) ) ;
#6204 = DIRECTION ( 'NONE',  ( 0.000000000000000000, 0.000000000000000000, -1.000000000000000000 ) ) ;
#6205 = UNCERTAINTY_MEASURE_WITH_UNIT (LENGTH_MEASURE( 1.000000000000000082E-05 ), #5181, 'distance_accuracy_value', 'NONE');
#6206 = AXIS2_PLACEMENT_3D ( 'NONE', #1639, #3978, #6919 ) ;
#6207 = EDGE_LOOP ( 'NONE', ( #3483, #6896, #826, #6100 ) ) ;
#6208 =( NAMED_UNIT ( * ) PLANE_ANGLE_UNIT ( ) SI_UNIT ( $, .RADIAN. ) );
#6209 = AXIS2_PLACEMENT_3D ( 'NONE', #5276, #6434, #1564 ) ;
#6210 = ORIENTED_EDGE ( 'NONE', *, *, #1500, .F. ) ;
#6211 = CYLINDRICAL_SURFACE ( 'NONE', #2422, 0.5000000000000108802 ) ;
#6212 = DIRECTION ( 'NONE',  ( -1.000000000000000000, -0.000000000000000000, -0.000000000000000000 ) ) ;
#6213 = PRESENTATION_STYLE_ASSIGNMENT (( #6047 ) ) ;
#6214 = CARTESIAN_POINT ( 'NONE',  ( 50.00000000000000000, 8.046190044058366908, 24.25060968737922096 ) ) ;
#6215 = CARTESIAN_POINT ( 'NONE',  ( -50.00000000000000000, 5.499656187270182350, -26.04616441805654148 ) ) ;
#6216 = ADVANCED_FACE ( 'NONE', ( #2003 ), #4367, .T. ) ;
#6217 = VECTOR ( 'NONE', #7196, 1000.000000000000000 ) ;
#6218 = VERTEX_POINT ( 'NONE', #7572 ) ;
#6219 = AXIS2_PLACEMENT_3D ( 'NONE', #4928, #767, #3755 ) ;
#6220 = ORIENTED_EDGE ( 'NONE', *, *, #2703, .F. ) ;
#6221 = CIRCLE ( 'NONE', #2889, 0.5000000000501061415 ) ;
#6222 = SURFACE_STYLE_USAGE ( .BOTH. , #6812 ) ;
#6223 = VECTOR ( 'NONE', #7356, 1000.000000000000000 ) ;
#6224 = ORIENTED_EDGE ( 'NONE', *, *, #388, .T. ) ;
#6225 = CARTESIAN_POINT ( 'NONE',  ( -50.00000000000000000, 5.499656187270182350, -25.54616441798733817 ) ) ;
#6226 = SURFACE_SIDE_STYLE ('',( #5085 ) ) ;
#6227 = CARTESIAN_POINT ( 'NONE',  ( -50.00000000000000000, -8.046190043341447051, -24.25060968765524549 ) ) ;
#6228 = DIRECTION ( 'NONE',  ( -1.000000000000000000, -0.000000000000000000, -0.000000000000000000 ) ) ;
#6229 = EDGE_CURVE ( 'NONE', #1970, #1504, #2262, .T. ) ;
#6230 = ADVANCED_FACE ( 'NONE', ( #449 ), #1094, .F. ) ;
#6231 = VECTOR ( 'NONE', #5094, 1000.000000000000000 ) ;
#6232 = CARTESIAN_POINT ( 'NONE',  ( -50.00000000000000000, 1.000000015356711014, -31.49999999450969668 ) ) ;
#6233 = ORIENTED_EDGE ( 'NONE', *, *, #3157, .F. ) ;
#6234 = AXIS2_PLACEMENT_3D ( 'NONE', #3914, #4689, #6269 ) ;
#6235 = SURFACE_SIDE_STYLE ('',( #3217 ) ) ;
#6236 = VERTEX_POINT ( 'NONE', #2155 ) ;
#6237 =( NAMED_UNIT ( * ) PLANE_ANGLE_UNIT ( ) SI_UNIT ( $, .RADIAN. ) );
#6238 = CARTESIAN_POINT ( 'NONE',  ( 50.00000000000000000, -4.000000009650611865, 29.49999999965560704 ) ) ;
#6239 = AXIS2_PLACEMENT_3D ( 'NONE', #4440, #439, #7422 ) ;
#6240 = APPLICATION_PROTOCOL_DEFINITION ( 'draft international standard', 'automotive_design', 1998, #3297 ) ;
#6242 = CARTESIAN_POINT ( 'NONE',  ( 50.00000000000000000, 0.6999999898123481223, -26.30000000237518165 ) ) ;
#6241 =( GEOMETRIC_REPRESENTATION_CONTEXT ( 3 ) GLOBAL_UNCERTAINTY_ASSIGNED_CONTEXT ( ( #4360 ) ) GLOBAL_UNIT_ASSIGNED_CONTEXT ( ( #4717, #2361, #726 ) ) REPRESENTATION_CONTEXT ( 'NONE', 'WORKASPACE' ) );
#6243 = CIRCLE ( 'NONE', #1416, 0.5000000000020022872 ) ;
#6244 = VERTEX_POINT ( 'NONE', #2815 ) ;
#6245 =( LENGTH_UNIT ( ) NAMED_UNIT ( * ) SI_UNIT ( .MILLI., .METRE. ) );
#6246 = FILL_AREA_STYLE ('',( #2807 ) ) ;
#6247 =( GEOMETRIC_REPRESENTATION_CONTEXT ( 3 ) GLOBAL_UNCERTAINTY_ASSIGNED_CONTEXT ( ( #5588 ) ) GLOBAL_UNIT_ASSIGNED_CONTEXT ( ( #3648, #1239, #1129 ) ) REPRESENTATION_CONTEXT ( 'NONE', 'WORKASPACE' ) );
#6248 = DIRECTION ( 'NONE',  ( -0.000000000000000000, -0.000000000000000000, 1.000000000000000000 ) ) ;
#6249 = PLANE ( 'NONE',  #7579 ) ;
#6250 = CARTESIAN_POINT ( 'NONE',  ( 50.00000000000000000, -1.499999996239948841, 27.54164377699888533 ) ) ;
#6251 = PRESENTATION_LAYER_ASSIGNMENT (  '', '', ( #2679 ) ) ;
#6252 = ORIENTED_EDGE ( 'NONE', *, *, #52, .F. ) ;
#6253 = AXIS2_PLACEMENT_3D ( 'NONE', #427, #1077, #2793 ) ;
#6254 = VECTOR ( 'NONE', #4619, 1000.000000000000000 ) ;
#6255 = ORIENTED_EDGE ( 'NONE', *, *, #6763, .T. ) ;
#6256 = PRESENTATION_LAYER_ASSIGNMENT (  '', '', ( #2307 ) ) ;
#6257 = DIRECTION ( 'NONE',  ( 0.000000000000000000, 0.000000000000000000, 1.000000000000000000 ) ) ;
#6258 = CARTESIAN_POINT ( 'NONE',  ( -50.00000000000000000, -4.150000010672468598, -27.75000000524338617 ) ) ;
#6259 = LINE ( 'NONE', #1533, #4023 ) ;
#6260 = PRESENTATION_LAYER_ASSIGNMENT (  '', '', ( #5520 ) ) ;
#6261 = ORIENTED_EDGE ( 'NONE', *, *, #2748, .T. ) ;
#6262 = VECTOR ( 'NONE', #2217, 1000.000000000000000 ) ;
#6263 = ADVANCED_FACE ( 'NONE', ( #5177 ), #2712, .F. ) ;
#6264 = ORIENTED_EDGE ( 'NONE', *, *, #552, .F. ) ;
#6265 = LINE ( 'NONE', #958, #569 ) ;
#6266 = MECHANICAL_DESIGN_GEOMETRIC_PRESENTATION_REPRESENTATION (  '', ( #950 ), #84 ) ;
#6267 = ORIENTED_EDGE ( 'NONE', *, *, #3477, .T. ) ;
#6268 = LINE ( 'NONE', #6225, #1994 ) ;
#6269 = DIRECTION ( 'NONE',  ( 0.000000000000000000, 0.000000000000000000, -1.000000000000000000 ) ) ;
#6270 = DIRECTION ( 'NONE',  ( 0.000000000000000000, -0.000000000000000000, 1.000000000000000000 ) ) ;
#6271 = CYLINDRICAL_SURFACE ( 'NONE', #38, 0.3000000000002583933 ) ;
#6272 = CARTESIAN_POINT ( 'NONE',  ( 50.00000000000000000, 0.6999999912927074019, 28.30000000293902929 ) ) ;
#6273 = DIRECTION ( 'NONE',  ( -1.000000000000000000, -0.000000000000000000, -0.000000000000000000 ) ) ;
#6274 = ORIENTED_EDGE ( 'NONE', *, *, #1827, .F. ) ;
#6275 = SURFACE_SIDE_STYLE ('',( #6935 ) ) ;
#6276 = DIRECTION ( 'NONE',  ( -1.000000000000000000, -0.000000000000000000, -0.000000000000000000 ) ) ;
#6277 = ORIENTED_EDGE ( 'NONE', *, *, #3208, .F. ) ;
#6278 = CARTESIAN_POINT ( 'NONE',  ( 50.00000000000000000, 0.7000000091558072901, 28.10000000750401128 ) ) ;
#6279 =( NAMED_UNIT ( * ) PLANE_ANGLE_UNIT ( ) SI_UNIT ( $, .RADIAN. ) );
#6280 =( NAMED_UNIT ( * ) SI_UNIT ( $, .STERADIAN. ) SOLID_ANGLE_UNIT ( ) );
#6281 = SURFACE_STYLE_FILL_AREA ( #1557 ) ;
#6282 = SURFACE_SIDE_STYLE ('',( #6396 ) ) ;
#6283 = VECTOR ( 'NONE', #2525, 1000.000000000000000 ) ;
#6284 = EDGE_CURVE ( 'NONE', #5791, #701, #4636, .T. ) ;
#6285 = CARTESIAN_POINT ( 'NONE',  ( -50.00000000000000000, -2.621317553387803923, -25.80000000528581694 ) ) ;
#6286 = ADVANCED_FACE ( 'NONE', ( #2196 ), #86, .F. ) ;
#6287 = DIRECTION ( 'NONE',  ( 0.000000000000000000, -0.9975640502598241977, 0.06975647374412562163 ) ) ;
#6288 =( NAMED_UNIT ( * ) PLANE_ANGLE_UNIT ( ) SI_UNIT ( $, .RADIAN. ) );
#6289 = STYLED_ITEM ( 'NONE', ( #1047 ), #598 ) ;
#6290 = CARTESIAN_POINT ( 'NONE',  ( 50.00000000000000000, 1.000000015356711014, -31.49999999450969668 ) ) ;
#6291 = DIRECTION ( 'NONE',  ( -1.000000000000000000, -0.000000000000000000, -0.000000000000000000 ) ) ;
#6292 = ORIENTED_EDGE ( 'NONE', *, *, #309, .T. ) ;
#6293 = SURFACE_STYLE_USAGE ( .BOTH. , #408 ) ;
#6294 = ORIENTED_EDGE ( 'NONE', *, *, #7333, .F. ) ;
#6295 = CARTESIAN_POINT ( 'NONE',  ( 50.00000000000000000, 5.499656189025753150, 26.04619003938229582 ) ) ;
#6296 = DIRECTION ( 'NONE',  ( 1.000000000000000000, 0.000000000000000000, 0.000000000000000000 ) ) ;
#6297 = DIRECTION ( 'NONE',  ( -1.000000000000000000, -0.000000000000000000, -0.000000000000000000 ) ) ;
#6298 = CARTESIAN_POINT ( 'NONE',  ( 50.00000000000000000, -1.044502129475914476, -27.83829906394607434 ) ) ;
#6299 = ORIENTED_EDGE ( 'NONE', *, *, #4155, .T. ) ;
#6300 = ORIENTED_EDGE ( 'NONE', *, *, #6805, .F. ) ;
#6301 = LINE ( 'NONE', #992, #1299 ) ;
#6302 = ORIENTED_EDGE ( 'NONE', *, *, #4718, .F. ) ;
#6303 = LINE ( 'NONE', #1422, #4840 ) ;
#6304 = CARTESIAN_POINT ( 'NONE',  ( -50.00000000000000000, 0.6999999899816520266, -28.30000000237553692 ) ) ;
#6305 = SURFACE_SIDE_STYLE ('',( #2942 ) ) ;
#6306 = EDGE_CURVE ( 'NONE', #5833, #447, #518, .T. ) ;
#6307 = PRESENTATION_STYLE_ASSIGNMENT (( #6342 ) ) ;
#6308 = CARTESIAN_POINT ( 'NONE',  ( -50.00000000000000000, -6.000000009844241866, -31.50000000494782171 ) ) ;
#6309 = DIRECTION ( 'NONE',  ( 0.000000000000000000, 0.000000000000000000, 1.000000000000000000 ) ) ;
#6310 = CARTESIAN_POINT ( 'NONE',  ( 50.00000000000000000, 1.000000009251461597, 28.10000000750401128 ) ) ;
#6311 = ORIENTED_EDGE ( 'NONE', *, *, #2174, .F. ) ;
#6312 = CARTESIAN_POINT ( 'NONE',  ( 50.00000000000000000, 11.60000001576112716, 23.50000000404867251 ) ) ;
#6313 =( NAMED_UNIT ( * ) SI_UNIT ( $, .STERADIAN. ) SOLID_ANGLE_UNIT ( ) );
#6314 = FILL_AREA_STYLE ('',( #1624 ) ) ;
#6315 = PRESENTATION_LAYER_ASSIGNMENT (  '', '', ( #4964 ) ) ;
#6316 = SHAPE_REPRESENTATION ( 'SC-FT60x25-K188', ( #2191, #3535, #3323 ), #5270 ) ;
#6317 = CARTESIAN_POINT ( 'NONE',  ( -50.00000000000000000, -4.015409293238651145, 25.82526309216922655 ) ) ;
#6318 =( NAMED_UNIT ( * ) SI_UNIT ( $, .STERADIAN. ) SOLID_ANGLE_UNIT ( ) );
#6319 = AXIS2_PLACEMENT_3D ( 'NONE', #2173, #463, #5771 ) ;
#6320 = CARTESIAN_POINT ( 'NONE',  ( 50.00000000000000000, -12.50000000940640099, -26.00000000491900565 ) ) ;
#6321 = SURFACE_STYLE_USAGE ( .BOTH. , #1518 ) ;
#6322 = CARTESIAN_POINT ( 'NONE',  ( 50.00000000000000000, 0.7000000089096028999, 26.50000000750361551 ) ) ;
#6323 = DIRECTION ( 'NONE',  ( 0.000000000000000000, 0.000000000000000000, -1.000000000000000000 ) ) ;
#6324 = EDGE_CURVE ( 'NONE', #3830, #5844, #591, .T. ) ;
#6325 = ADVANCED_FACE ( 'NONE', ( #36 ), #7686, .F. ) ;
#6326 = ORIENTED_EDGE ( 'NONE', *, *, #1931, .F. ) ;
#6327 = VECTOR ( 'NONE', #394, 1000.000000000000000 ) ;
#6328 = DIRECTION ( 'NONE',  ( 0.000000000000000000, 0.000000000000000000, -1.000000000000000000 ) ) ;
#6329 =( NAMED_UNIT ( * ) PLANE_ANGLE_UNIT ( ) SI_UNIT ( $, .RADIAN. ) );
#6330 = SURFACE_STYLE_FILL_AREA ( #1643 ) ;
#6331 = LINE ( 'NONE', #514, #1898 ) ;
#6332 = AXIS2_PLACEMENT_3D ( 'NONE', #1453, #7398, #217 ) ;
#6333 = CARTESIAN_POINT ( 'NONE',  ( 50.00000000000000000, 0.9999999899623253086, 31.50000000026917490 ) ) ;
#6334 = VERTEX_POINT ( 'NONE', #1802 ) ;
#6335 = PRESENTATION_LAYER_ASSIGNMENT (  '', '', ( #7342 ) ) ;
#6336 = VERTEX_POINT ( 'NONE', #6527 ) ;
#6337 =( NAMED_UNIT ( * ) PLANE_ANGLE_UNIT ( ) SI_UNIT ( $, .RADIAN. ) );
#6338 = ORIENTED_EDGE ( 'NONE', *, *, #3157, .T. ) ;
#6339 = FILL_AREA_STYLE_COLOUR ( '', #5823 ) ;
#6340 = VECTOR ( 'NONE', #2360, 1000.000000000000000 ) ;
#6341 = SURFACE_STYLE_USAGE ( .BOTH. , #3445 ) ;
#6342 = SURFACE_STYLE_USAGE ( .BOTH. , #3953 ) ;
#6343 = MECHANICAL_DESIGN_GEOMETRIC_PRESENTATION_REPRESENTATION (  '', ( #527 ), #2771 ) ;
#6344 = CARTESIAN_POINT ( 'NONE',  ( -50.00000000000000000, -1.299999991024114454, 27.05835623398859369 ) ) ;
#6345 = CIRCLE ( 'NONE', #1645, 0.4999999999772096748 ) ;
#6346 = AXIS2_PLACEMENT_3D ( 'NONE', #753, #1286, #6537 ) ;
#6347 = ORIENTED_EDGE ( 'NONE', *, *, #1069, .T. ) ;
#6348 = DIRECTION ( 'NONE',  ( -1.000000000000000000, -0.000000000000000000, -0.000000000000000000 ) ) ;
#6349 = ORIENTED_EDGE ( 'NONE', *, *, #4113, .F. ) ;
#6350 = LINE ( 'NONE', #5777, #2066 ) ;
#6351 = PRESENTATION_STYLE_ASSIGNMENT (( #3960 ) ) ;
#6352 = LINE ( 'NONE', #3842, #3619 ) ;
#6353 = SURFACE_SIDE_STYLE ('',( #440 ) ) ;
#6354 = DIRECTION ( 'NONE',  ( -1.000000000000000000, 0.000000000000000000, -0.000000000000000000 ) ) ;
#6355 = ADVANCED_FACE ( 'NONE', ( #5932 ), #6438, .T. ) ;
#6356 = DIRECTION ( 'NONE',  ( -1.000000000000000000, -0.000000000000000000, -0.000000000000000000 ) ) ;
#6357 =( NAMED_UNIT ( * ) PLANE_ANGLE_UNIT ( ) SI_UNIT ( $, .RADIAN. ) );
#6358 = FILL_AREA_STYLE_COLOUR ( '', #5104 ) ;
#6359 = FILL_AREA_STYLE_COLOUR ( '', #4271 ) ;
#6360 = MECHANICAL_DESIGN_GEOMETRIC_PRESENTATION_REPRESENTATION (  '', ( #2055 ), #3636 ) ;
#6361 = CARTESIAN_POINT ( 'NONE',  ( 50.00000000000000000, 2.999656189158373731, 24.80000000474848676 ) ) ;
#6362 = DIRECTION ( 'NONE',  ( 0.000000000000000000, 0.000000000000000000, -1.000000000000000000 ) ) ;
#6363 =( NAMED_UNIT ( * ) SI_UNIT ( $, .STERADIAN. ) SOLID_ANGLE_UNIT ( ) );
#6364 = COLOUR_RGB ( '',0.8980392156862745390, 0.9176470588235293713, 0.9294117647058823817 ) ;
#6365 = ORIENTED_EDGE ( 'NONE', *, *, #6838, .F. ) ;
#6366 = VECTOR ( 'NONE', #2236, 1000.000000000000000 ) ;
#6367 = EDGE_CURVE ( 'NONE', #2813, #236, #3604, .T. ) ;
#6368 =( NAMED_UNIT ( * ) PLANE_ANGLE_UNIT ( ) SI_UNIT ( $, .RADIAN. ) );
#6369 = CARTESIAN_POINT ( 'NONE',  ( 50.00000000000000000, 0.6999999898123481223, -26.00000000237517739 ) ) ;
#6370 = EDGE_CURVE ( 'NONE', #4085, #6426, #6078, .T. ) ;
#6371 = EDGE_CURVE ( 'NONE', #5084, #4946, #7269, .T. ) ;
#6372 = SURFACE_SIDE_STYLE ('',( #6330 ) ) ;
#6373 = DIRECTION ( 'NONE',  ( -1.000000000000000000, -0.000000000000000000, -0.000000000000000000 ) ) ;
#6374 =( GEOMETRIC_REPRESENTATION_CONTEXT ( 3 ) GLOBAL_UNCERTAINTY_ASSIGNED_CONTEXT ( ( #5067 ) ) GLOBAL_UNIT_ASSIGNED_CONTEXT ( ( #657, #698, #4191 ) ) REPRESENTATION_CONTEXT ( 'NONE', 'WORKASPACE' ) );
#6375 = ORIENTED_EDGE ( 'NONE', *, *, #4617, .T. ) ;
#6376 = STYLED_ITEM ( 'NONE', ( #3132 ), #1490 ) ;
#6377 = VERTEX_POINT ( 'NONE', #4326 ) ;
#6378 = EDGE_CURVE ( 'NONE', #1222, #7180, #2494, .T. ) ;
#6379 = CARTESIAN_POINT ( 'NONE',  ( -50.00000000000000000, -5.984590724811448048, 25.82526309210031457 ) ) ;
#6380 = ORIENTED_EDGE ( 'NONE', *, *, #4114, .T. ) ;
#6381 = EDGE_CURVE ( 'NONE', #5334, #113, #7306, .T. ) ;
#6382 = DIRECTION ( 'NONE',  ( -1.000000000000000000, -0.000000000000000000, -0.000000000000000000 ) ) ;
#6383 =( LENGTH_UNIT ( ) NAMED_UNIT ( * ) SI_UNIT ( .MILLI., .METRE. ) );
#6384 = PRESENTATION_STYLE_ASSIGNMENT (( #6341 ) ) ;
#6385 = DIRECTION ( 'NONE',  ( 1.000000000000000000, 0.000000000000000000, 0.000000000000000000 ) ) ;
#6386 = PRESENTATION_LAYER_ASSIGNMENT (  '', '', ( #3531 ) ) ;
#6387 = VERTEX_POINT ( 'NONE', #2533 ) ;
#6388 = VECTOR ( 'NONE', #6154, 1000.000000000000000 ) ;
#6389 = CARTESIAN_POINT ( 'NONE',  ( 50.00000000000000000, -7.250435497136709095, -26.03299288684889135 ) ) ;
#6390 = EDGE_LOOP ( 'NONE', ( #6801, #419, #2594, #6906 ) ) ;
#6391 = CARTESIAN_POINT ( 'NONE',  ( -50.00000000000000000, -5.984590724811448048, 25.82526309210031457 ) ) ;
#6392 = SURFACE_STYLE_FILL_AREA ( #1709 ) ;
#6393 = FILL_AREA_STYLE_COLOUR ( '', #2175 ) ;
#6394 =( GEOMETRIC_REPRESENTATION_CONTEXT ( 3 ) GLOBAL_UNCERTAINTY_ASSIGNED_CONTEXT ( ( #1342 ) ) GLOBAL_UNIT_ASSIGNED_CONTEXT ( ( #4070, #526, #3918 ) ) REPRESENTATION_CONTEXT ( 'NONE', 'WORKASPACE' ) );
#6395 = FILL_AREA_STYLE_COLOUR ( '', #1198 ) ;
#6396 = SURFACE_STYLE_FILL_AREA ( #4591 ) ;
#6397 = PRESENTATION_LAYER_ASSIGNMENT (  '', '', ( #1570 ) ) ;
#6398 = UNCERTAINTY_MEASURE_WITH_UNIT (LENGTH_MEASURE( 1.000000000000000082E-05 ), #4074, 'distance_accuracy_value', 'NONE');
#6399 = PLANE ( 'NONE',  #6219 ) ;
#6400 = COLOUR_RGB ( '',0.8980392156862745390, 0.9176470588235293713, 0.9294117647058823817 ) ;
#6401 = SURFACE_SIDE_STYLE ('',( #1154 ) ) ;
#6402 = CARTESIAN_POINT ( 'NONE',  ( 50.00000000000000000, 5.499656187270182350, -25.54616441798733817 ) ) ;
#6403 = CARTESIAN_POINT ( 'NONE',  ( 50.00000000000000000, 5.499656187270182350, -25.54616441798733817 ) ) ;
#6404 = CARTESIAN_POINT ( 'NONE',  ( 50.00000000000000000, 0.7000000091558072901, 28.10000000750401128 ) ) ;
#6405 = VERTEX_POINT ( 'NONE', #4896 ) ;
#6406 = AXIS2_PLACEMENT_3D ( 'NONE', #110, #2914, #7642 ) ;
#6407 = CARTESIAN_POINT ( 'NONE',  ( -50.00000000000000000, -8.546190037690335473, 24.25060968318601340 ) ) ;
#6408 = DIRECTION ( 'NONE',  ( 0.000000000000000000, 0.000000000000000000, 1.000000000000000000 ) ) ;
#6409 = CARTESIAN_POINT ( 'NONE',  ( 50.00000000000000000, 1.000000006508408257, -28.09997438469024544 ) ) ;
#6410 = AXIS2_PLACEMENT_3D ( 'NONE', #6034, #6592, #770 ) ;
#6411 = SURFACE_STYLE_USAGE ( .BOTH. , #1687 ) ;
#6412 =( NAMED_UNIT ( * ) SI_UNIT ( $, .STERADIAN. ) SOLID_ANGLE_UNIT ( ) );
#6413 = ORIENTED_EDGE ( 'NONE', *, *, #4019, .F. ) ;
#6414 = ORIENTED_EDGE ( 'NONE', *, *, #5430, .T. ) ;
#6415 = SURFACE_STYLE_USAGE ( .BOTH. , #2060 ) ;
#6416 = ORIENTED_EDGE ( 'NONE', *, *, #6073, .T. ) ;
#6417 = SURFACE_STYLE_FILL_AREA ( #5293 ) ;
#6418 =( NAMED_UNIT ( * ) SI_UNIT ( $, .STERADIAN. ) SOLID_ANGLE_UNIT ( ) );
#6419 = DIRECTION ( 'NONE',  ( -1.000000000000000000, -0.000000000000000000, -0.000000000000000000 ) ) ;
#6420 =( NAMED_UNIT ( * ) PLANE_ANGLE_UNIT ( ) SI_UNIT ( $, .RADIAN. ) );
#6421 = ADVANCED_FACE ( 'NONE', ( #3194 ), #285, .T. ) ;
#6422 = ADVANCED_FACE ( 'NONE', ( #2614 ), #6714, .T. ) ;
#6423 = CARTESIAN_POINT ( 'NONE',  ( 50.00000000000000000, 8.532992890096112504, -24.75040987155188432 ) ) ;
#6424 = EDGE_CURVE ( 'NONE', #7363, #2110, #6590, .T. ) ;
#6425 = LINE ( 'NONE', #494, #6004 ) ;
#6426 = VERTEX_POINT ( 'NONE', #1517 ) ;
#6427 = SURFACE_SIDE_STYLE ('',( #4658 ) ) ;
#6428 = FILL_AREA_STYLE_COLOUR ( '', #4641 ) ;
#6429 = ORIENTED_EDGE ( 'NONE', *, *, #6561, .T. ) ;
#6430 = ORIENTED_EDGE ( 'NONE', *, *, #1109, .F. ) ;
#6431 = DIRECTION ( 'NONE',  ( 0.000000000000000000, 0.000000000000000000, 1.000000000000000000 ) ) ;
#6432 = CARTESIAN_POINT ( 'NONE',  ( -50.00000000000000000, -8.046190037690342578, 23.99999999640830950 ) ) ;
#6433 = CIRCLE ( 'NONE', #4216, 3.999999999998206324 ) ;
#6434 = DIRECTION ( 'NONE',  ( 1.000000000000000000, 0.000000000000000000, 0.000000000000000000 ) ) ;
#6435 = ORIENTED_EDGE ( 'NONE', *, *, #4633, .F. ) ;
#6436 = VECTOR ( 'NONE', #3079, 1000.000000000000000 ) ;
#6437 = AXIS2_PLACEMENT_3D ( 'NONE', #2738, #5105, #7494 ) ;
#6438 = CYLINDRICAL_SURFACE ( 'NONE', #4989, 0.4999999999414986296 ) ;
#6439 = DIRECTION ( 'NONE',  ( -0.000000000000000000, -1.000000000000000000, -0.000000000000000000 ) ) ;
#6440 = EDGE_CURVE ( 'NONE', #3525, #1730, #3847, .T. ) ;
#6441 = DIRECTION ( 'NONE',  ( -1.000000000000000000, -0.000000000000000000, -0.000000000000000000 ) ) ;
#6442 = CARTESIAN_POINT ( 'NONE',  ( 50.00000000000000000, -7.500000009601577311, -29.50000000476205031 ) ) ;
#6443 = SURFACE_STYLE_USAGE ( .BOTH. , #4642 ) ;
#6444 = ORIENTED_EDGE ( 'NONE', *, *, #3711, .F. ) ;
#6445 = LINE ( 'NONE', #1809, #7479 ) ;
#6446 = VERTEX_POINT ( 'NONE', #7425 ) ;
#6447 = EDGE_CURVE ( 'NONE', #7414, #927, #2736, .T. ) ;
#6448 = ORIENTED_EDGE ( 'NONE', *, *, #5244, .T. ) ;
#6449 = CARTESIAN_POINT ( 'NONE',  ( 50.00000000000000000, 2.999656189158373731, 24.80000000474848676 ) ) ;
#6450 = EDGE_CURVE ( 'NONE', #5013, #5594, #6197, .T. ) ;
#6451 = LINE ( 'NONE', #3508, #524 ) ;
#6452 = SURFACE_STYLE_USAGE ( .BOTH. , #4104 ) ;
#6453 =( LENGTH_UNIT ( ) NAMED_UNIT ( * ) SI_UNIT ( .MILLI., .METRE. ) );
#6454 = STYLED_ITEM ( 'NONE', ( #2384 ), #6286 ) ;
#6455 = LINE ( 'NONE', #1139, #5916 ) ;
#6456 = DIRECTION ( 'NONE',  ( 1.000000000000000000, 0.000000000000000000, 0.000000000000000000 ) ) ;
#6457 = EDGE_CURVE ( 'NONE', #4268, #7636, #7580, .T. ) ;
#6458 =( GEOMETRIC_REPRESENTATION_CONTEXT ( 3 ) GLOBAL_UNCERTAINTY_ASSIGNED_CONTEXT ( ( #4792 ) ) GLOBAL_UNIT_ASSIGNED_CONTEXT ( ( #3728, #5031, #6799 ) ) REPRESENTATION_CONTEXT ( 'NONE', 'WORKASPACE' ) );
#6459 = ORIENTED_EDGE ( 'NONE', *, *, #7660, .T. ) ;
#6460 = FACE_OUTER_BOUND ( 'NONE', #6111, .T. ) ;
#6461 =( NAMED_UNIT ( * ) SI_UNIT ( $, .STERADIAN. ) SOLID_ANGLE_UNIT ( ) );
#6462 = ADVANCED_FACE ( 'NONE', ( #7492 ), #1592, .F. ) ;
#6464 = DIRECTION ( 'NONE',  ( 0.000000000000000000, -1.000000000000000000, 0.000000000000000000 ) ) ;
#6463 = STYLED_ITEM ( 'NONE', ( #1839 ), #6355 ) ;
#6465 = EDGE_CURVE ( 'NONE', #4552, #1846, #2396, .T. ) ;
#6466 = SURFACE_STYLE_USAGE ( .BOTH. , #1745 ) ;
#6467 = EDGE_LOOP ( 'NONE', ( #2635, #3940, #2824, #304 ) ) ;
#6468 = MECHANICAL_DESIGN_GEOMETRIC_PRESENTATION_REPRESENTATION (  '', ( #4742 ), #3130 ) ;
#6469 = CARTESIAN_POINT ( 'NONE',  ( -50.00000000000000000, -11.60000000952259569, 23.49999999922655647 ) ) ;
#6470 = UNCERTAINTY_MEASURE_WITH_UNIT (LENGTH_MEASURE( 1.000000000000000082E-05 ), #6201, 'distance_accuracy_value', 'NONE');
#6471 = MECHANICAL_DESIGN_GEOMETRIC_PRESENTATION_REPRESENTATION (  '', ( #3498 ), #28 ) ;
#6472 = SURFACE_STYLE_USAGE ( .BOTH. , #4118 ) ;
#6473 = ORIENTED_EDGE ( 'NONE', *, *, #5612, .T. ) ;
#6474 = CARTESIAN_POINT ( 'NONE',  ( 50.00000000000000000, -8.532992890835773281, -24.75043549247703467 ) ) ;
#6475 = COLOUR_RGB ( '',0.8980392156862745390, 0.9176470588235293713, 0.9294117647058823817 ) ;
#6476 = MECHANICAL_DESIGN_GEOMETRIC_PRESENTATION_REPRESENTATION (  '', ( #5740 ), #7475 ) ;
#6477 =( LENGTH_UNIT ( ) NAMED_UNIT ( * ) SI_UNIT ( .MILLI., .METRE. ) );
#6478 = ORIENTED_EDGE ( 'NONE', *, *, #2928, .T. ) ;
#6479 = FILL_AREA_STYLE_COLOUR ( '', #7521 ) ;
#6480 = PRESENTATION_LAYER_ASSIGNMENT (  '', '', ( #3510 ) ) ;
#6481 =( LENGTH_UNIT ( ) NAMED_UNIT ( * ) SI_UNIT ( .MILLI., .METRE. ) );
#6482 = MECHANICAL_DESIGN_GEOMETRIC_PRESENTATION_REPRESENTATION (  '', ( #4759 ), #6103 ) ;
#6483 = DIRECTION ( 'NONE',  ( 1.000000000000000000, 0.000000000000000000, 0.000000000000000000 ) ) ;
#6484 = CIRCLE ( 'NONE', #7603, 0.5000000000692019775 ) ;
#6485 = CARTESIAN_POINT ( 'NONE',  ( -50.00000000000000000, 0.9999999898123584918, -25.10000000536236087 ) ) ;
#6486 = DIRECTION ( 'NONE',  ( -1.000000000000000000, -0.000000000000000000, -0.000000000000000000 ) ) ;
#6487 = ORIENTED_EDGE ( 'NONE', *, *, #3699, .T. ) ;
#6488 = PRESENTATION_LAYER_ASSIGNMENT (  '', '', ( #2168 ) ) ;
#6489 = PRESENTATION_LAYER_ASSIGNMENT (  '', '', ( #2170 ) ) ;
#6490 = DIRECTION ( 'NONE',  ( 0.000000000000000000, -1.000000000000000000, 0.000000000000000000 ) ) ;
#6491 = ORIENTED_EDGE ( 'NONE', *, *, #4633, .T. ) ;
#6492 = UNCERTAINTY_MEASURE_WITH_UNIT (LENGTH_MEASURE( 1.000000000000000082E-05 ), #189, 'distance_accuracy_value', 'NONE');
#6493 = VERTEX_POINT ( 'NONE', #5066 ) ;
#6494 = CARTESIAN_POINT ( 'NONE',  ( -50.00000000000000000, 1.000000009251461597, 29.50000000456798332 ) ) ;
#6495 = CARTESIAN_POINT ( 'NONE',  ( -50.00000000000000000, 12.50000001842155228, -25.99999999486307800 ) ) ;
#6496 = COLOUR_RGB ( '',0.8980392156862745390, 0.9176470588235293713, 0.9294117647058823817 ) ;
#6497 = FILL_AREA_STYLE_COLOUR ( '', #4895 ) ;
#6498 =( NAMED_UNIT ( * ) SI_UNIT ( $, .STERADIAN. ) SOLID_ANGLE_UNIT ( ) );
#6499 = UNCERTAINTY_MEASURE_WITH_UNIT (LENGTH_MEASURE( 1.000000000000000082E-05 ), #2777, 'distance_accuracy_value', 'NONE');
#6500 = ADVANCED_FACE ( 'NONE', ( #2839 ), #5169, .T. ) ;
#6501 = COLOUR_RGB ( '',0.8980392156862745390, 0.9176470588235293713, 0.9294117647058823817 ) ;
#6502 = CARTESIAN_POINT ( 'NONE',  ( 50.00000000000000000, 0.9999999914620093522, 26.00000000293864488 ) ) ;
#6503 = ORIENTED_EDGE ( 'NONE', *, *, #5625, .F. ) ;
#6504 = LINE ( 'NONE', #5920, #4046 ) ;
#6505 = DIRECTION ( 'NONE',  ( 0.000000000000000000, 0.000000000000000000, -1.000000000000000000 ) ) ;
#6506 =( GEOMETRIC_REPRESENTATION_CONTEXT ( 3 ) GLOBAL_UNCERTAINTY_ASSIGNED_CONTEXT ( ( #5995 ) ) GLOBAL_UNIT_ASSIGNED_CONTEXT ( ( #5193, #2290, #7591 ) ) REPRESENTATION_CONTEXT ( 'NONE', 'WORKASPACE' ) );
#6507 = VERTEX_POINT ( 'NONE', #1115 ) ;
#6508 = LINE ( 'NONE', #6391, #4659 ) ;
#6509 = COLOUR_RGB ( '',0.8980392156862745390, 0.9176470588235293713, 0.9294117647058823817 ) ;
#6510 = VECTOR ( 'NONE', #609, 1000.000000000000000 ) ;
#6511 =( NAMED_UNIT ( * ) PLANE_ANGLE_UNIT ( ) SI_UNIT ( $, .RADIAN. ) );
#6512 = PRESENTATION_STYLE_ASSIGNMENT (( #6587 ) ) ;
#6513 = ORIENTED_EDGE ( 'NONE', *, *, #5671, .T. ) ;
#6514 =( GEOMETRIC_REPRESENTATION_CONTEXT ( 3 ) GLOBAL_UNCERTAINTY_ASSIGNED_CONTEXT ( ( #1943 ) ) GLOBAL_UNIT_ASSIGNED_CONTEXT ( ( #4926, #6819, #235 ) ) REPRESENTATION_CONTEXT ( 'NONE', 'WORKASPACE' ) );
#6515 = VECTOR ( 'NONE', #1840, 1000.000000000000000 ) ;
#6516 = CARTESIAN_POINT ( 'NONE',  ( 50.00000000000000000, -1.074170224038964561, -26.56388805181610024 ) ) ;
#6517 = ORIENTED_EDGE ( 'NONE', *, *, #4846, .T. ) ;
#6518 = PRESENTATION_STYLE_ASSIGNMENT (( #7220 ) ) ;
#6519 = AXIS2_PLACEMENT_3D ( 'NONE', #6272, #385, #5221 ) ;
#6520 = DIRECTION ( 'NONE',  ( 0.000000000000000000, 0.000000000000000000, -1.000000000000000000 ) ) ;
#6521 = SURFACE_SIDE_STYLE ('',( #3109 ) ) ;
#6522 = DIRECTION ( 'NONE',  ( -1.000000000000000000, -0.000000000000000000, -0.000000000000000000 ) ) ;
#6523 = CIRCLE ( 'NONE', #4793, 0.3000000000000294098 ) ;
#6524 = ORIENTED_EDGE ( 'NONE', *, *, #2731, .T. ) ;
#6525 = EDGE_CURVE ( 'NONE', #6171, #5876, #2300, .T. ) ;
#6526 = PRESENTATION_LAYER_ASSIGNMENT (  '', '', ( #6018 ) ) ;
#6527 = CARTESIAN_POINT ( 'NONE',  ( 50.00000000000000000, -1.074170222794469609, 26.56388805300069933 ) ) ;
#6528 = SURFACE_STYLE_USAGE ( .BOTH. , #1163 ) ;
#6529 = COLOUR_RGB ( '',0.8980392156862745390, 0.9176470588235293713, 0.9294117647058823817 ) ;
#6530 = DIRECTION ( 'NONE',  ( -1.000000000000000000, -0.000000000000000000, -0.000000000000000000 ) ) ;
#6531 = ORIENTED_EDGE ( 'NONE', *, *, #6785, .F. ) ;
#6532 = ORIENTED_EDGE ( 'NONE', *, *, #4491, .T. ) ;
#6533 = CARTESIAN_POINT ( 'NONE',  ( 50.00000000000000000, -3.716140079806570906, -25.54619003962909929 ) ) ;
#6534 =( NAMED_UNIT ( * ) PLANE_ANGLE_UNIT ( ) SI_UNIT ( $, .RADIAN. ) );
#6535 = CARTESIAN_POINT ( 'NONE',  ( -50.00000000000000000, 0.9999999912927055590, 29.49999999999938893 ) ) ;
#6536 = AXIS2_PLACEMENT_3D ( 'NONE', #3933, #6874, #4042 ) ;
#6537 = DIRECTION ( 'NONE',  ( 0.000000000000000000, 0.000000000000000000, -1.000000000000000000 ) ) ;
#6538 = SURFACE_STYLE_FILL_AREA ( #7054 ) ;
#6539 = SURFACE_STYLE_FILL_AREA ( #5948 ) ;
#6540 = ORIENTED_EDGE ( 'NONE', *, *, #6862, .F. ) ;
#6541 = LINE ( 'NONE', #5990, #7393 ) ;
#6542 = DIRECTION ( 'NONE',  ( -0.000000000000000000, -0.000000000000000000, 1.000000000000000000 ) ) ;
#6543 = EDGE_LOOP ( 'NONE', ( #3563, #4752, #4378, #5856 ) ) ;
#6544 = CARTESIAN_POINT ( 'NONE',  ( -50.00000000000000000, -8.532992886743736349, 24.75043548804895721 ) ) ;
#6545 = EDGE_CURVE ( 'NONE', #346, #1395, #2340, .T. ) ;
#6546 = DIRECTION ( 'NONE',  ( 0.000000000000000000, 0.000000000000000000, -1.000000000000000000 ) ) ;
#6547 = CARTESIAN_POINT ( 'NONE',  ( 50.00000000000000000, -2.500000009845376958, -31.50000000515770893 ) ) ;
#6548 = ORIENTED_EDGE ( 'NONE', *, *, #6367, .T. ) ;
#6549 = PRESENTATION_STYLE_ASSIGNMENT (( #703 ) ) ;
#6550 = UNCERTAINTY_MEASURE_WITH_UNIT (LENGTH_MEASURE( 1.000000000000000082E-05 ), #2658, 'distance_accuracy_value', 'NONE');
#6551 = EDGE_LOOP ( 'NONE', ( #949, #5907, #3000, #4054 ) ) ;
#6552 = DIRECTION ( 'NONE',  ( -1.000000000000000000, -0.000000000000000000, -0.000000000000000000 ) ) ;
#6553 =( NAMED_UNIT ( * ) SI_UNIT ( $, .STERADIAN. ) SOLID_ANGLE_UNIT ( ) );
#6554 = DIRECTION ( 'NONE',  ( -0.000000000000000000, -0.000000000000000000, -1.000000000000000000 ) ) ;
#6555 = SURFACE_SIDE_STYLE ('',( #3037 ) ) ;
#6556 = ORIENTED_EDGE ( 'NONE', *, *, #6947, .T. ) ;
#6557 = CARTESIAN_POINT ( 'NONE',  ( -50.00000000000000000, -4.800000009782633192, 29.89999999970440570 ) ) ;
#6558 = PRESENTATION_LAYER_ASSIGNMENT (  '', '', ( #3222 ) ) ;
#6559 = FILL_AREA_STYLE ('',( #3404 ) ) ;
#6560 = CARTESIAN_POINT ( 'NONE',  ( -50.00000000000000000, -1.499999996239949951, 27.54164377699888533 ) ) ;
#6561 = EDGE_CURVE ( 'NONE', #5620, #3595, #7100, .T. ) ;
#6562 = ADVANCED_FACE ( 'NONE', ( #544 ), #1793, .F. ) ;
#6563 = ADVANCED_FACE ( 'NONE', ( #7064 ), #6399, .T. ) ;
#6564 = SURFACE_STYLE_USAGE ( .BOTH. , #7232 ) ;
#6565 = VECTOR ( 'NONE', #5806, 1000.000000000000000 ) ;
#6566 = AXIS2_PLACEMENT_3D ( 'NONE', #7205, #1219, #1938 ) ;
#6567 = ORIENTED_EDGE ( 'NONE', *, *, #1978, .F. ) ;
#6568 = COLOUR_RGB ( '',0.8980392156862745390, 0.9176470588235293713, 0.9294117647058823817 ) ;
#6569 = AXIS2_PLACEMENT_3D ( 'NONE', #6835, #248, #2707 ) ;
#6570 = UNCERTAINTY_MEASURE_WITH_UNIT (LENGTH_MEASURE( 1.000000000000000082E-05 ), #2350, 'distance_accuracy_value', 'NONE');
#6571 = DIRECTION ( 'NONE',  ( 1.000000000000000000, 0.000000000000000000, 0.000000000000000000 ) ) ;
#6572 = UNCERTAINTY_MEASURE_WITH_UNIT (LENGTH_MEASURE( 1.000000000000000082E-05 ), #4188, 'distance_accuracy_value', 'NONE');
#6573 = ORIENTED_EDGE ( 'NONE', *, *, #1614, .T. ) ;
#6574 = PRESENTATION_STYLE_ASSIGNMENT (( #4212 ) ) ;
#6575 = FILL_AREA_STYLE ('',( #3086 ) ) ;
#6576 = STYLED_ITEM ( 'NONE', ( #5846 ), #4539 ) ;
#6577 = DIRECTION ( 'NONE',  ( 1.000000000000000000, 0.000000000000000000, 0.000000000000000000 ) ) ;
#6578 = LINE ( 'NONE', #4215, #25 ) ;
#6579 = SURFACE_STYLE_FILL_AREA ( #4834 ) ;
#6580 =( NAMED_UNIT ( * ) PLANE_ANGLE_UNIT ( ) SI_UNIT ( $, .RADIAN. ) );
#6581 = CIRCLE ( 'NONE', #3235, 0.4999999999772304360 ) ;
#6582 = EDGE_LOOP ( 'NONE', ( #7092, #2936, #7245, #2605 ) ) ;
#6583 =( LENGTH_UNIT ( ) NAMED_UNIT ( * ) SI_UNIT ( .MILLI., .METRE. ) );
#6584 = CARTESIAN_POINT ( 'NONE',  ( 50.00000000000000000, 2.500000016285731874, -29.49999999486176705 ) ) ;
#6585 = ORIENTED_EDGE ( 'NONE', *, *, #3229, .T. ) ;
#6586 = SURFACE_STYLE_FILL_AREA ( #4226 ) ;
#6587 = SURFACE_STYLE_USAGE ( .BOTH. , #190 ) ;
#6588 = ORIENTED_EDGE ( 'NONE', *, *, #6037, .F. ) ;
#6589 = VECTOR ( 'NONE', #4412, 1000.000000000000000 ) ;
#6590 = CIRCLE ( 'NONE', #4732, 4.000000000335568018 ) ;
#6591 = ORIENTED_EDGE ( 'NONE', *, *, #7179, .T. ) ;
#6592 = DIRECTION ( 'NONE',  ( -1.000000000000000000, -0.000000000000000000, -0.000000000000000000 ) ) ;
#6593 = ADVANCED_BREP_SHAPE_REPRESENTATION ( '', ( #7243, #6651 ), #7645 ) ;
#6594 = FILL_AREA_STYLE ('',( #1795 ) ) ;
#6595 = SURFACE_SIDE_STYLE ('',( #4235 ) ) ;
#6596 = SURFACE_STYLE_FILL_AREA ( #5467 ) ;
#6597 = VECTOR ( 'NONE', #5003, 1000.000000000000000 ) ;
#6598 = COLOUR_RGB ( '',0.8980392156862745390, 0.9176470588235293713, 0.9294117647058823817 ) ;
#6599 = ORIENTED_EDGE ( 'NONE', *, *, #4438, .F. ) ;
#6600 = EDGE_CURVE ( 'NONE', #4922, #5237, #275, .T. ) ;
#6601 = VECTOR ( 'NONE', #7157, 1000.000000000000114 ) ;
#6602 =( NAMED_UNIT ( * ) SI_UNIT ( $, .STERADIAN. ) SOLID_ANGLE_UNIT ( ) );
#6603 = COLOUR_RGB ( '',0.8980392156862745390, 0.9176470588235293713, 0.9294117647058823817 ) ;
#6604 = CARTESIAN_POINT ( 'NONE',  ( -50.00000000000000000, 1.300000006756061310, -25.09997438307373940 ) ) ;
#6605 = SURFACE_STYLE_FILL_AREA ( #7150 ) ;
#6606 =( LENGTH_UNIT ( ) NAMED_UNIT ( * ) SI_UNIT ( .MILLI., .METRE. ) );
#6607 = PRESENTATION_LAYER_ASSIGNMENT (  '', '', ( #4260 ) ) ;
#6608 = ORIENTED_EDGE ( 'NONE', *, *, #6667, .T. ) ;
#6609 = ADVANCED_FACE ( 'NONE', ( #6032 ), #2564, .F. ) ;
#6610 = MECHANICAL_DESIGN_GEOMETRIC_PRESENTATION_REPRESENTATION (  '', ( #5749 ), #3269 ) ;
#6611 = EDGE_CURVE ( 'NONE', #120, #5149, #6744, .T. ) ;
#6612 = DIRECTION ( 'NONE',  ( -1.000000000000000000, -0.000000000000000000, -0.000000000000000000 ) ) ;
#6613 = ORIENTED_EDGE ( 'NONE', *, *, #7471, .T. ) ;
#6614 = SURFACE_SIDE_STYLE ('',( #176 ) ) ;
#6615 =( GEOMETRIC_REPRESENTATION_CONTEXT ( 3 ) GLOBAL_UNCERTAINTY_ASSIGNED_CONTEXT ( ( #7395 ) ) GLOBAL_UNIT_ASSIGNED_CONTEXT ( ( #5699, #6193, #3883 ) ) REPRESENTATION_CONTEXT ( 'NONE', 'WORKASPACE' ) );
#6616 = CYLINDRICAL_SURFACE ( 'NONE', #5127, 0.4999999999999831246 ) ;
#6617 = DIRECTION ( 'NONE',  ( -0.000000000000000000, 1.000000000000000000, 0.000000000000000000 ) ) ;
#6618 = COLOUR_RGB ( '',0.8980392156862745390, 0.9176470588235293713, 0.9294117647058823817 ) ;
#6619 =( NAMED_UNIT ( * ) PLANE_ANGLE_UNIT ( ) SI_UNIT ( $, .RADIAN. ) );
#6620 = CIRCLE ( 'NONE', #2285, 0.3000000000276462075 ) ;
#6621 = DIRECTION ( 'NONE',  ( -1.000000000000000000, -0.000000000000000000, -0.000000000000000000 ) ) ;
#6622 = EDGE_CURVE ( 'NONE', #6405, #6334, #4349, .T. ) ;
#6623 = ORIENTED_EDGE ( 'NONE', *, *, #1458, .F. ) ;
#6624 = SURFACE_SIDE_STYLE ('',( #1935 ) ) ;
#6625 = VERTEX_POINT ( 'NONE', #6701 ) ;
#6626 = SURFACE_STYLE_USAGE ( .BOTH. , #6693 ) ;
#6627 = SURFACE_STYLE_FILL_AREA ( #4769 ) ;
#6628 = LINE ( 'NONE', #6185, #6879 ) ;
#6629 = ORIENTED_EDGE ( 'NONE', *, *, #1447, .T. ) ;
#6630 = DIRECTION ( 'NONE',  ( 0.000000000000000000, -0.9889363528472974174, 0.1483404530702455426 ) ) ;
#6631 = UNCERTAINTY_MEASURE_WITH_UNIT (LENGTH_MEASURE( 1.000000000000000082E-05 ), #3893, 'distance_accuracy_value', 'NONE');
#6632 = VECTOR ( 'NONE', #3147, 1000.000000000000000 ) ;
#6633 =( NAMED_UNIT ( * ) SI_UNIT ( $, .STERADIAN. ) SOLID_ANGLE_UNIT ( ) );
#6634 = VERTEX_POINT ( 'NONE', #4816 ) ;
#6635 = CARTESIAN_POINT ( 'NONE',  ( -50.00000000000000000, -6.283859941527155435, -25.54619003961675006 ) ) ;
#6636 = SURFACE_SIDE_STYLE ('',( #4274 ) ) ;
#6637 = DIRECTION ( 'NONE',  ( -0.000000000000000000, 1.000000000000000000, -0.000000000000000000 ) ) ;
#6638 = CARTESIAN_POINT ( 'NONE',  ( 50.00000000000000000, 11.60000001576112716, -23.49999999595059208 ) ) ;
#6639 =( GEOMETRIC_REPRESENTATION_CONTEXT ( 3 ) GLOBAL_UNCERTAINTY_ASSIGNED_CONTEXT ( ( #3126 ) ) GLOBAL_UNIT_ASSIGNED_CONTEXT ( ( #6477, #2962, #7611 ) ) REPRESENTATION_CONTEXT ( 'NONE', 'WORKASPACE' ) );
#6640 = LINE ( 'NONE', #5309, #765 ) ;
#6641 =( NAMED_UNIT ( * ) SI_UNIT ( $, .STERADIAN. ) SOLID_ANGLE_UNIT ( ) );
#6642 = ORIENTED_EDGE ( 'NONE', *, *, #7612, .F. ) ;
#6643 = DIRECTION ( 'NONE',  ( 0.000000000000000000, 0.000000000000000000, 1.000000000000000000 ) ) ;
#6644 = CARTESIAN_POINT ( 'NONE',  ( 50.00000000000000000, -1.000000009758420738, -30.00000000523828092 ) ) ;
#6645 = FILL_AREA_STYLE_COLOUR ( '', #7005 ) ;
#6646 = MECHANICAL_DESIGN_GEOMETRIC_PRESENTATION_REPRESENTATION (  '', ( #1440 ), #2320 ) ;
#6647 = CARTESIAN_POINT ( 'NONE',  ( 50.00000000000000000, 8.546190042989788793, -24.25058406674039091 ) ) ;
#6648 = EDGE_LOOP ( 'NONE', ( #3803, #1208, #2918, #5254 ) ) ;
#6649 = VERTEX_POINT ( 'NONE', #5999 ) ;
#6650 = CARTESIAN_POINT ( 'NONE',  ( -50.00000000000000000, 4.999656187200979929, -27.74997438324669119 ) ) ;
#6651 = AXIS2_PLACEMENT_3D ( 'NONE', #4163, #7436, #1054 ) ;
#6652 = CARTESIAN_POINT ( 'NONE',  ( 50.00000000000000000, 2.500000009253489086, 30.00000000457421478 ) ) ;
#6653 = STYLED_ITEM ( 'NONE', ( #3965 ), #12 ) ;
#6654 = CYLINDRICAL_SURFACE ( 'NONE', #2297, 0.4999999975364676219 ) ;
#6655 = DIRECTION ( 'NONE',  ( -1.000000000000000000, -0.000000000000000000, -0.000000000000000000 ) ) ;
#6656 = DIRECTION ( 'NONE',  ( 0.000000000000000000, 0.000000000000000000, 1.000000000000000000 ) ) ;
#6657 = FILL_AREA_STYLE ('',( #3169 ) ) ;
#6658 = ORIENTED_EDGE ( 'NONE', *, *, #3156, .T. ) ;
#6659 = VECTOR ( 'NONE', #2509, 1000.000000000000000 ) ;
#6660 = LINE ( 'NONE', #1420, #1558 ) ;
#6661 = ORIENTED_EDGE ( 'NONE', *, *, #4632, .F. ) ;
#6662 = DIRECTION ( 'NONE',  ( -1.000000000000000000, -0.000000000000000000, -0.000000000000000000 ) ) ;
#6663 = DIRECTION ( 'NONE',  ( 0.000000000000000000, 0.000000000000000000, 1.000000000000000000 ) ) ;
#6664 = ADVANCED_FACE ( 'NONE', ( #152 ), #3070, .F. ) ;
#6665 =( NAMED_UNIT ( * ) SI_UNIT ( $, .STERADIAN. ) SOLID_ANGLE_UNIT ( ) );
#6666 = EDGE_CURVE ( 'NONE', #2727, #2429, #4550, .T. ) ;
#6667 = EDGE_CURVE ( 'NONE', #4613, #4584, #5735, .T. ) ;
#6668 = VERTEX_POINT ( 'NONE', #5054 ) ;
#6669 =( NAMED_UNIT ( * ) SI_UNIT ( $, .STERADIAN. ) SOLID_ANGLE_UNIT ( ) );
#6670 = CARTESIAN_POINT ( 'NONE',  ( 50.00000000000000000, -0.2000000101095734117, -29.90000000526787005 ) ) ;
#6671 = LINE ( 'NONE', #5465, #781 ) ;
#6672 = PRESENTATION_STYLE_ASSIGNMENT (( #4321 ) ) ;
#6673 = LINE ( 'NONE', #4877, #6759 ) ;
#6674 = ORIENTED_EDGE ( 'NONE', *, *, #2491, .T. ) ;
#6675 = DIRECTION ( 'NONE',  ( 0.000000000000000000, 0.000000000000000000, 1.000000000000000000 ) ) ;
#6676 = CARTESIAN_POINT ( 'NONE',  ( 50.00000000000000000, -3.716140078100125255, 25.84619003429666861 ) ) ;
#6677 = EDGE_LOOP ( 'NONE', ( #7552, #2501, #1234, #3206 ) ) ;
#6678 = ADVANCED_FACE ( 'NONE', ( #6822 ), #3925, .F. ) ;
#6679 = VERTEX_POINT ( 'NONE', #6787 ) ;
#6680 = SURFACE_STYLE_FILL_AREA ( #2005 ) ;
#6681 = DIRECTION ( 'NONE',  ( 0.000000000000000000, -0.000000000000000000, -1.000000000000000000 ) ) ;
#6682 = SURFACE_SIDE_STYLE ('',( #790 ) ) ;
#6683 =( GEOMETRIC_REPRESENTATION_CONTEXT ( 3 ) GLOBAL_UNCERTAINTY_ASSIGNED_CONTEXT ( ( #2322 ) ) GLOBAL_UNIT_ASSIGNED_CONTEXT ( ( #5218, #1696, #566 ) ) REPRESENTATION_CONTEXT ( 'NONE', 'WORKASPACE' ) );
#6684 = FILL_AREA_STYLE ('',( #7435 ) ) ;
#6685 = AXIS2_PLACEMENT_3D ( 'NONE', #4537, #5767, #4615 ) ;
#6686 = ADVANCED_FACE ( 'NONE', ( #3880 ), #2728, .F. ) ;
#6687 = UNCERTAINTY_MEASURE_WITH_UNIT (LENGTH_MEASURE( 1.000000000000000082E-05 ), #1968, 'distance_accuracy_value', 'NONE');
#6688 = STYLED_ITEM ( 'NONE', ( #4034 ), #302 ) ;
#6689 = EDGE_LOOP ( 'NONE', ( #5522, #5053, #6210, #916 ) ) ;
#6690 = DIRECTION ( 'NONE',  ( 0.000000000000000000, 0.000000000000000000, 1.000000000000000000 ) ) ;
#6691 = FILL_AREA_STYLE ('',( #4341 ) ) ;
#6692 = EDGE_LOOP ( 'NONE', ( #1757, #1608, #902, #7530 ) ) ;
#6693 = SURFACE_SIDE_STYLE ('',( #4343 ) ) ;
#6694 = SURFACE_STYLE_FILL_AREA ( #1304 ) ;
#6695 = LINE ( 'NONE', #844, #3521 ) ;
#6696 = DIRECTION ( 'NONE',  ( -1.000000000000000000, -0.000000000000000000, -0.000000000000000000 ) ) ;
#6697 = CARTESIAN_POINT ( 'NONE',  ( -50.00000000000000000, 0.7000000089096028999, 26.50000000750361551 ) ) ;
#6698 = ADVANCED_FACE ( 'NONE', ( #3343 ), #2140, .T. ) ;
#6699 = VERTEX_POINT ( 'NONE', #2947 ) ;
#6700 = EDGE_CURVE ( 'NONE', #1258, #6735, #5808, .T. ) ;
#6701 = CARTESIAN_POINT ( 'NONE',  ( 50.00000000000000000, -5.984590726462220900, -25.82526309748136839 ) ) ;
#6702 = EDGE_CURVE ( 'NONE', #4065, #3722, #7635, .T. ) ;
#6703 = ORIENTED_EDGE ( 'NONE', *, *, #5311, .T. ) ;
#6704 = LINE ( 'NONE', #1388, #1959 ) ;
#6705 = CARTESIAN_POINT ( 'NONE',  ( 50.00000000000000000, 1.000000009251628130, 31.50000000456998350 ) ) ;
#6707 = SURFACE_STYLE_USAGE ( .BOTH. , #1313 ) ;
#6706 = VECTOR ( 'NONE', #3859, 999.9999999999998863 ) ;
#6708 = DIRECTION ( 'NONE',  ( 0.000000000000000000, 0.000000000000000000, -1.000000000000000000 ) ) ;
#6709 = DIRECTION ( 'NONE',  ( 0.000000000000000000, 0.000000000000000000, -1.000000000000000000 ) ) ;
#6710 = VECTOR ( 'NONE', #6836, 1000.000000000000000 ) ;
#6711 = ORIENTED_EDGE ( 'NONE', *, *, #5320, .F. ) ;
#6712 = MECHANICAL_DESIGN_GEOMETRIC_PRESENTATION_REPRESENTATION (  '', ( #5476 ), #151 ) ;
#6713 = EDGE_CURVE ( 'NONE', #1526, #4065, #3916, .T. ) ;
#6714 = CYLINDRICAL_SURFACE ( 'NONE', #4739, 0.2999999999999947153 ) ;
#6715 = DIRECTION ( 'NONE',  ( -0.000000000000000000, 1.548831914352262480E-16, -1.000000000000000000 ) ) ;
#6716 = DIRECTION ( 'NONE',  ( -1.000000000000000000, -0.000000000000000000, -0.000000000000000000 ) ) ;
#6717 = DIRECTION ( 'NONE',  ( 0.000000000000000000, -1.000000000000000000, 0.000000000000000000 ) ) ;
#6718 = AXIS2_PLACEMENT_3D ( 'NONE', #2898, #6419, #7547 ) ;
#6719 = CARTESIAN_POINT ( 'NONE',  ( 50.00000000000000000, -4.500000009768635678, 29.49999999971453235 ) ) ;
#6720 =( GEOMETRIC_REPRESENTATION_CONTEXT ( 3 ) GLOBAL_UNCERTAINTY_ASSIGNED_CONTEXT ( ( #1261 ) ) GLOBAL_UNIT_ASSIGNED_CONTEXT ( ( #1089, #1828, #4700 ) ) REPRESENTATION_CONTEXT ( 'NONE', 'WORKASPACE' ) );
#6721 = ORIENTED_EDGE ( 'NONE', *, *, #1922, .F. ) ;
#6722 = VECTOR ( 'NONE', #5445, 1000.000000000000000 ) ;
#6723 = AXIS2_PLACEMENT_3D ( 'NONE', #221, #4949, #7317 ) ;
#6724 = SURFACE_STYLE_FILL_AREA ( #3276 ) ;
#6725 = ORIENTED_EDGE ( 'NONE', *, *, #1327, .F. ) ;
#6726 =( NAMED_UNIT ( * ) SI_UNIT ( $, .STERADIAN. ) SOLID_ANGLE_UNIT ( ) );
#6727 = SURFACE_STYLE_USAGE ( .BOTH. , #5079 ) ;
#6728 = SURFACE_STYLE_FILL_AREA ( #4458 ) ;
#6729 =( NAMED_UNIT ( * ) SI_UNIT ( $, .STERADIAN. ) SOLID_ANGLE_UNIT ( ) );
#6730 = VECTOR ( 'NONE', #4982, 1000.000000000000000 ) ;
#6731 = STYLED_ITEM ( 'NONE', ( #3106 ), #2216 ) ;
#6732 = ORIENTED_EDGE ( 'NONE', *, *, #3012, .F. ) ;
#6733 = SURFACE_SIDE_STYLE ('',( #1022 ) ) ;
#6734 = CARTESIAN_POINT ( 'NONE',  ( 50.00000000000000000, -7.500000009615677143, 29.49999999942057372 ) ) ;
#6735 = VERTEX_POINT ( 'NONE', #3557 ) ;
#6736 = LINE ( 'NONE', #2136, #2979 ) ;
#6737 = EDGE_CURVE ( 'NONE', #7669, #1168, #1807, .T. ) ;
#6738 = DIRECTION ( 'NONE',  ( -1.000000000000000000, -0.000000000000000000, -0.000000000000000000 ) ) ;
#6739 = MECHANICAL_DESIGN_GEOMETRIC_PRESENTATION_REPRESENTATION (  '', ( #1411 ), #670 ) ;
#6740 = DIRECTION ( 'NONE',  ( -0.000000000000000000, -0.000000000000000000, 1.000000000000000000 ) ) ;
#6741 = AXIS2_PLACEMENT_3D ( 'NONE', #57, #2434, #6656 ) ;
#6742 =( GEOMETRIC_REPRESENTATION_CONTEXT ( 3 ) GLOBAL_UNCERTAINTY_ASSIGNED_CONTEXT ( ( #1845 ) ) GLOBAL_UNIT_ASSIGNED_CONTEXT ( ( #4050, #3528, #2265 ) ) REPRESENTATION_CONTEXT ( 'NONE', 'WORKASPACE' ) );
#6743 = ORIENTED_EDGE ( 'NONE', *, *, #637, .T. ) ;
#6744 = LINE ( 'NONE', #7298, #7346 ) ;
#6745 = CARTESIAN_POINT ( 'NONE',  ( 50.00000000000000000, -8.546190037690342578, 23.49999999640830950 ) ) ;
#6746 = ORIENTED_EDGE ( 'NONE', *, *, #6860, .T. ) ;
#6747 = SURFACE_SIDE_STYLE ('',( #7375 ) ) ;
#6748 = LINE ( 'NONE', #2732, #1617 ) ;
#6749 = CARTESIAN_POINT ( 'NONE',  ( -50.00000000000000000, 1.000000006508408257, -28.09997438469024544 ) ) ;
#6750 = CIRCLE ( 'NONE', #938, 0.5000000000151827440 ) ;
#6751 = DIRECTION ( 'NONE',  ( -0.000000000000000000, -0.000000000000000000, -1.000000000000000000 ) ) ;
#6752 = EDGE_LOOP ( 'NONE', ( #2345, #4850, #4494, #1335 ) ) ;
#6753 = COLOUR_RGB ( '',0.8980392156862745390, 0.9176470588235293713, 0.9294117647058823817 ) ;
#6754 = LINE ( 'NONE', #87, #7405 ) ;
#6755 = UNCERTAINTY_MEASURE_WITH_UNIT (LENGTH_MEASURE( 1.000000000000000082E-05 ), #1734, 'distance_accuracy_value', 'NONE');
#6756 = SURFACE_STYLE_FILL_AREA ( #7270 ) ;
#6757 = DIRECTION ( 'NONE',  ( 0.000000000000000000, 0.000000000000000000, -1.000000000000000000 ) ) ;
#6758 =( GEOMETRIC_REPRESENTATION_CONTEXT ( 3 ) GLOBAL_UNCERTAINTY_ASSIGNED_CONTEXT ( ( #659 ) ) GLOBAL_UNIT_ASSIGNED_CONTEXT ( ( #4381, #1503, #2721 ) ) REPRESENTATION_CONTEXT ( 'NONE', 'WORKASPACE' ) );
#6759 = VECTOR ( 'NONE', #7164, 1000.000000000000000 ) ;
#6760 = CARTESIAN_POINT ( 'NONE',  ( 50.00000000000000000, 0.7000000089096028999, 26.50000000750361551 ) ) ;
#6761 = UNCERTAINTY_MEASURE_WITH_UNIT (LENGTH_MEASURE( 1.000000000000000082E-05 ), #3181, 'distance_accuracy_value', 'NONE');
#6762 = EDGE_CURVE ( 'NONE', #3555, #5318, #576, .T. ) ;
#6763 = EDGE_CURVE ( 'NONE', #1896, #1189, #18, .T. ) ;
#6764 = ORIENTED_EDGE ( 'NONE', *, *, #410, .T. ) ;
#6765 = PRESENTATION_LAYER_ASSIGNMENT (  '', '', ( #4786 ) ) ;
#6766 = PRESENTATION_LAYER_ASSIGNMENT (  '', '', ( #3180 ) ) ;
#6767 = ORIENTED_EDGE ( 'NONE', *, *, #324, .T. ) ;
#6768 = DIRECTION ( 'NONE',  ( -0.000000000000000000, -0.000000000000000000, 1.000000000000000000 ) ) ;
#6769 = FACE_OUTER_BOUND ( 'NONE', #6692, .T. ) ;
#6770 = CARTESIAN_POINT ( 'NONE',  ( 50.00000000000000000, -1.074170222558585186, 28.03611195349816043 ) ) ;
#6771 =( NAMED_UNIT ( * ) SI_UNIT ( $, .STERADIAN. ) SOLID_ANGLE_UNIT ( ) );
#6772 = ORIENTED_EDGE ( 'NONE', *, *, #1152, .T. ) ;
#6773 = MECHANICAL_DESIGN_GEOMETRIC_PRESENTATION_REPRESENTATION (  '', ( #2442 ), #3063 ) ;
#6774 = UNCERTAINTY_MEASURE_WITH_UNIT (LENGTH_MEASURE( 1.000000000000000082E-05 ), #6453, 'distance_accuracy_value', 'NONE');
#6775 = VECTOR ( 'NONE', #5417, 1000.000000000000000 ) ;
#6776 = CLOSED_SHELL ( 'NONE', ( #7170, #3712, #7266, #1068, #1246, #6562, #7027, #6177, #5268, #7662, #6999, #5158, #4860, #2926, #67, #5525, #6698, #70, #4281, #3573, #6500, #4893, #5805, #5007, #169, #6263, #6113, #4962, #831, #5524, #2573, #7562, #6945, #4824, #4543, #2270, #3572, #4721, #302, #1522, #4771, #2497, #5235, #5074, #2202, #5988, #2768, #1877, #5409, #7381, #462, #2701, #5198, #2316, #3599, #64, #4354, #1224, #2837, #5285, #3013, #6216, #2749, #6563, #1682 ) ) ;
#6777 = ORIENTED_EDGE ( 'NONE', *, *, #5386, .T. ) ;
#6778 = ORIENTED_EDGE ( 'NONE', *, *, #121, .F. ) ;
#6779 = DIRECTION ( 'NONE',  ( -1.000000000000000000, -0.000000000000000000, -0.000000000000000000 ) ) ;
#6780 = DIRECTION ( 'NONE',  ( 0.000000000000000000, 0.000000000000000000, -1.000000000000000000 ) ) ;
#6781 = CYLINDRICAL_SURFACE ( 'NONE', #2393, 1.250000000000056621 ) ;
#6782 = CARTESIAN_POINT ( 'NONE',  ( 50.00000000000000000, -6.000000009844241866, -31.50000000494782171 ) ) ;
#6783 = SURFACE_STYLE_FILL_AREA ( #4468 ) ;
#6784 = UNCERTAINTY_MEASURE_WITH_UNIT (LENGTH_MEASURE( 1.000000000000000082E-05 ), #3488, 'distance_accuracy_value', 'NONE');
#6785 = EDGE_CURVE ( 'NONE', #7404, #3, #4073, .T. ) ;
#6786 = ORIENTED_EDGE ( 'NONE', *, *, #3822, .F. ) ;
#6787 = CARTESIAN_POINT ( 'NONE',  ( 50.00000000000000000, -8.046190037690340802, 24.25060968318596011 ) ) ;
#6788 = VERTEX_POINT ( 'NONE', #1142 ) ;
#6789 = AXIS2_PLACEMENT_3D ( 'NONE', #507, #7647, #2958 ) ;
#6790 = DIRECTION ( 'NONE',  ( 1.000000000000000000, 0.000000000000000000, 0.000000000000000000 ) ) ;
#6791 =( NAMED_UNIT ( * ) SI_UNIT ( $, .STERADIAN. ) SOLID_ANGLE_UNIT ( ) );
#6792 = LINE ( 'NONE', #2076, #4544 ) ;
#6793 = DIRECTION ( 'NONE',  ( 1.000000000000000000, 0.000000000000000000, 0.000000000000000000 ) ) ;
#6794 = EDGE_LOOP ( 'NONE', ( #4393, #6155, #817, #4263 ) ) ;
#6795 = CARTESIAN_POINT ( 'NONE',  ( 50.00000000000000000, 11.60000001576112716, 23.50000000404867251 ) ) ;
#6796 =( NAMED_UNIT ( * ) PLANE_ANGLE_UNIT ( ) SI_UNIT ( $, .RADIAN. ) );
#6797 = FILL_AREA_STYLE_COLOUR ( '', #1443 ) ;
#6798 = LINE ( 'NONE', #1562, #7559 ) ;
#6799 =( NAMED_UNIT ( * ) SI_UNIT ( $, .STERADIAN. ) SOLID_ANGLE_UNIT ( ) );
#6800 = CARTESIAN_POINT ( 'NONE',  ( 50.00000000000000000, -1.044502129335859397, -26.76164970460134995 ) ) ;
#6801 = ORIENTED_EDGE ( 'NONE', *, *, #4677, .T. ) ;
#6802 = CARTESIAN_POINT ( 'NONE',  ( -50.00000000000000000, 4.999656189010014629, 27.75000000483201745 ) ) ;
#6803 = ORIENTED_EDGE ( 'NONE', *, *, #2452, .F. ) ;
#6804 = EDGE_CURVE ( 'NONE', #83, #313, #6425, .T. ) ;
#6805 = EDGE_CURVE ( 'NONE', #6336, #5594, #2865, .T. ) ;
#6806 = DIRECTION ( 'NONE',  ( 0.000000000000000000, 0.000000000000000000, -1.000000000000000000 ) ) ;
#6807 = DIRECTION ( 'NONE',  ( -0.000000000000000000, 1.000000000000000000, -0.000000000000000000 ) ) ;
#6808 = CARTESIAN_POINT ( 'NONE',  ( 50.00000000000000000, 12.50000000998743843, 23.50000000404867251 ) ) ;
#6809 = LINE ( 'NONE', #6049, #2088 ) ;
#6810 = ORIENTED_EDGE ( 'NONE', *, *, #2260, .F. ) ;
#6811 = VERTEX_POINT ( 'NONE', #5262 ) ;
#6812 = SURFACE_SIDE_STYLE ('',( #2681 ) ) ;
#6813 = ORIENTED_EDGE ( 'NONE', *, *, #828, .F. ) ;
#6814 = DIRECTION ( 'NONE',  ( -0.000000000000000000, -1.000000000000000000, -0.000000000000000000 ) ) ;
#6815 = PRESENTATION_LAYER_ASSIGNMENT (  '', '', ( #4347 ) ) ;
#6816 = DIRECTION ( 'NONE',  ( 0.000000000000000000, 0.000000000000000000, 1.000000000000000000 ) ) ;
#6817 = SURFACE_STYLE_USAGE ( .BOTH. , #1341 ) ;
#6818 = CIRCLE ( 'NONE', #6319, 2.000000000000667910 ) ;
#6819 =( NAMED_UNIT ( * ) PLANE_ANGLE_UNIT ( ) SI_UNIT ( $, .RADIAN. ) );
#6820 = MECHANICAL_DESIGN_GEOMETRIC_PRESENTATION_REPRESENTATION (  '', ( #1496 ), #5450 ) ;
#6821 = ORIENTED_EDGE ( 'NONE', *, *, #3903, .T. ) ;
#6822 = FACE_OUTER_BOUND ( 'NONE', #4022, .T. ) ;
#6823 = PRESENTATION_STYLE_ASSIGNMENT (( #3255 ) ) ;
#6824 = VERTEX_POINT ( 'NONE', #1741 ) ;
#6825 = CARTESIAN_POINT ( 'NONE',  ( 50.00000000000000000, -0.5000000100692115756, -30.00000000523827737 ) ) ;
#6826 = DIRECTION ( 'NONE',  ( 0.000000000000000000, 0.000000000000000000, 1.000000000000000000 ) ) ;
#6827 =( LENGTH_UNIT ( ) NAMED_UNIT ( * ) SI_UNIT ( .MILLI., .METRE. ) );
#6828 = FILL_AREA_STYLE_COLOUR ( '', #2904 ) ;
#6829 = AXIS2_PLACEMENT_3D ( 'NONE', #6238, #7376, #2607 ) ;
#6830 = CARTESIAN_POINT ( 'NONE',  ( 50.00000000000000000, 1.300000008530825202, 24.80000000474848676 ) ) ;
#6831 = ORIENTED_EDGE ( 'NONE', *, *, #3207, .T. ) ;
#6832 = DIRECTION ( 'NONE',  ( 0.000000000000000000, 0.000000000000000000, -1.000000000000000000 ) ) ;
#6833 = CARTESIAN_POINT ( 'NONE',  ( 50.00000000000000000, -5.984590724811448048, 25.82526309210031457 ) ) ;
#6834 = UNCERTAINTY_MEASURE_WITH_UNIT (LENGTH_MEASURE( 1.000000000000000082E-05 ), #2623, 'distance_accuracy_value', 'NONE');
#6835 = CARTESIAN_POINT ( 'NONE',  ( 50.00000000000000000, -8.500000009396554645, 25.99999999947474905 ) ) ;
#6836 = DIRECTION ( 'NONE',  ( 0.000000000000000000, 1.000000000000000000, 0.000000000000000000 ) ) ;
#6837 = CARTESIAN_POINT ( 'NONE',  ( 50.00000000000000000, -12.50000000940121225, 23.49999999922655647 ) ) ;
#6838 = EDGE_CURVE ( 'NONE', #153, #1508, #5336, .T. ) ;
#6839 = STYLED_ITEM ( 'NONE', ( #2500 ), #6177 ) ;
#6840 = ORIENTED_EDGE ( 'NONE', *, *, #5477, .F. ) ;
#6841 = ORIENTED_EDGE ( 'NONE', *, *, #1837, .T. ) ;
#6842 = CARTESIAN_POINT ( 'NONE',  ( -50.00000000000000000, 0.6999999914618377783, 25.09999999997997122 ) ) ;
#6843 = CARTESIAN_POINT ( 'NONE',  ( 50.00000000000000000, -7.500000009601726525, -30.00000000476405404 ) ) ;
#6844 = DIRECTION ( 'NONE',  ( -0.000000000000000000, 1.000000000000000000, -0.000000000000000000 ) ) ;
#6845 = SURFACE_STYLE_USAGE ( .BOTH. , #3491 ) ;
#6846 = EDGE_CURVE ( 'NONE', #5646, #6181, #2331, .T. ) ;
#6847 = VECTOR ( 'NONE', #5688, 1000.000000000000000 ) ;
#6848 = VERTEX_POINT ( 'NONE', #7670 ) ;
#6849 = COLOUR_RGB ( '',0.8980392156862745390, 0.9176470588235293713, 0.9294117647058823817 ) ;
#6850 = EDGE_LOOP ( 'NONE', ( #1711, #6300, #5553, #5661 ) ) ;
#6851 = AXIS2_PLACEMENT_3D ( 'NONE', #1883, #751, #4910 ) ;
#6852 = LINE ( 'NONE', #7474, #3651 ) ;
#6853 = MECHANICAL_DESIGN_GEOMETRIC_PRESENTATION_REPRESENTATION (  '', ( #531 ), #1141 ) ;
#6854 = ORIENTED_EDGE ( 'NONE', *, *, #6700, .F. ) ;
#6855 =( LENGTH_UNIT ( ) NAMED_UNIT ( * ) SI_UNIT ( .MILLI., .METRE. ) );
#6856 =( NAMED_UNIT ( * ) SI_UNIT ( $, .STERADIAN. ) SOLID_ANGLE_UNIT ( ) );
#6857 =( LENGTH_UNIT ( ) NAMED_UNIT ( * ) SI_UNIT ( .MILLI., .METRE. ) );
#6858 = VECTOR ( 'NONE', #2772, 1000.000000000000000 ) ;
#6859 = VECTOR ( 'NONE', #3805, 1000.000000000000000 ) ;
#6860 = EDGE_CURVE ( 'NONE', #6679, #7424, #321, .T. ) ;
#6861 = CARTESIAN_POINT ( 'NONE',  ( 50.00000000000000000, -4.150000010672468598, -27.75000000524338617 ) ) ;
#6862 = EDGE_CURVE ( 'NONE', #2952, #7139, #3170, .T. ) ;
#6863 = VERTEX_POINT ( 'NONE', #2403 ) ;
#6864 = AXIS2_PLACEMENT_3D ( 'NONE', #7195, #1884, #2006 ) ;
#6865 = SURFACE_STYLE_FILL_AREA ( #5693 ) ;
#6866 = DIRECTION ( 'NONE',  ( 1.000000000000000000, 0.000000000000000000, 0.000000000000000000 ) ) ;
#6867 = ORIENTED_EDGE ( 'NONE', *, *, #5814, .F. ) ;
#6868 = DIRECTION ( 'NONE',  ( 0.000000000000000000, -0.000000000000000000, -1.000000000000000000 ) ) ;
#6869 =( NAMED_UNIT ( * ) SI_UNIT ( $, .STERADIAN. ) SOLID_ANGLE_UNIT ( ) );
#6870 = AXIS2_PLACEMENT_3D ( 'NONE', #6104, #4344, #5425 ) ;
#6871 =( NAMED_UNIT ( * ) SI_UNIT ( $, .STERADIAN. ) SOLID_ANGLE_UNIT ( ) );
#6872 = CYLINDRICAL_SURFACE ( 'NONE', #7495, 0.4999999999999761302 ) ;
#6874 = DIRECTION ( 'NONE',  ( 1.000000000000000000, 0.000000000000000000, 0.000000000000000000 ) ) ;
#6873 = STYLED_ITEM ( 'NONE', ( #754 ), #5567 ) ;
#6875 = AXIS2_PLACEMENT_3D ( 'NONE', #1192, #3568, #2230 ) ;
#6876 = DIRECTION ( 'NONE',  ( -0.000000000000000000, 1.000000000000000000, 0.000000000000000000 ) ) ;
#6877 = PLANE ( 'NONE',  #5223 ) ;
#6878 = DIRECTION ( 'NONE',  ( 1.000000000000000000, 0.000000000000000000, 0.000000000000000000 ) ) ;
#6879 = VECTOR ( 'NONE', #350, 1000.000000000000000 ) ;
#6880 = PRESENTATION_STYLE_ASSIGNMENT (( #1631 ) ) ;
#6881 = COLOUR_RGB ( '',0.8980392156862745390, 0.9176470588235293713, 0.9294117647058823817 ) ;
#6882 = ORIENTED_EDGE ( 'NONE', *, *, #2315, .T. ) ;
#6883 = CIRCLE ( 'NONE', #441, 0.9999999999240130055 ) ;
#6884 = DIRECTION ( 'NONE',  ( 0.000000000000000000, 0.9975640502598297488, -0.06975647374404596313 ) ) ;
#6885 = MECHANICAL_DESIGN_GEOMETRIC_PRESENTATION_REPRESENTATION (  '', ( #806 ), #5041 ) ;
#6886 = DIRECTION ( 'NONE',  ( 0.000000000000000000, -0.000000000000000000, 1.000000000000000000 ) ) ;
#6887 = ORIENTED_EDGE ( 'NONE', *, *, #7037, .F. ) ;
#6888 = SURFACE_SIDE_STYLE ('',( #5113 ) ) ;
#6889 = CARTESIAN_POINT ( 'NONE',  ( 50.00000000000000000, 8.046190044058366908, 24.25060968737922096 ) ) ;
#6890 = DIRECTION ( 'NONE',  ( 1.000000000000000000, 0.000000000000000000, -0.000000000000000000 ) ) ;
#6891 = STYLED_ITEM ( 'NONE', ( #7007 ), #7136 ) ;
#6892 = ORIENTED_EDGE ( 'NONE', *, *, #7507, .F. ) ;
#6893 = VECTOR ( 'NONE', #5545, 1000.000000000000000 ) ;
#6894 = VERTEX_POINT ( 'NONE', #4765 ) ;
#6895 = LINE ( 'NONE', #1577, #3176 ) ;
#6896 = ORIENTED_EDGE ( 'NONE', *, *, #2221, .T. ) ;
#6897 = CARTESIAN_POINT ( 'NONE',  ( -50.00000000000000000, -8.500000009396554645, 25.99999999947474905 ) ) ;
#6898 = CARTESIAN_POINT ( 'NONE',  ( -50.00000000000000000, -1.000000009758420738, -30.00000000523828092 ) ) ;
#6899 = CARTESIAN_POINT ( 'NONE',  ( -50.00000000000000000, 8.046190044058366908, 24.00000000502026154 ) ) ;
#6900 = CIRCLE ( 'NONE', #4434, 0.3000000000342936679 ) ;
#6901 =( LENGTH_UNIT ( ) NAMED_UNIT ( * ) SI_UNIT ( .MILLI., .METRE. ) );
#6902 = COLOUR_RGB ( '',0.8980392156862745390, 0.9176470588235293713, 0.9294117647058823817 ) ;
#6903 = CARTESIAN_POINT ( 'NONE',  ( -50.00000000000000000, 8.500000007861903129, -25.99997438358078128 ) ) ;
#6904 = DIRECTION ( 'NONE',  ( -1.000000000000000000, -0.000000000000000000, -0.000000000000000000 ) ) ;
#6905 = DIRECTION ( 'NONE',  ( 0.000000000000000000, 0.000000000000000000, 1.000000000000000000 ) ) ;
#6906 = ORIENTED_EDGE ( 'NONE', *, *, #4192, .T. ) ;
#6907 = CARTESIAN_POINT ( 'NONE',  ( 50.00000000000000000, -6.000000009839341786, 31.49999999966316011 ) ) ;
#6908 = FACE_OUTER_BOUND ( 'NONE', #1333, .T. ) ;
#6909 = EDGE_CURVE ( 'NONE', #5942, #2929, #7128, .T. ) ;
#6910 = EDGE_CURVE ( 'NONE', #5279, #6196, #6660, .T. ) ;
#6911 = FACE_OUTER_BOUND ( 'NONE', #1173, .T. ) ;
#6912 = FILL_AREA_STYLE_COLOUR ( '', #5229 ) ;
#6913 = SURFACE_STYLE_USAGE ( .BOTH. , #4477 ) ;
#6914 = LINE ( 'NONE', #2190, #1610 ) ;
#6915 = CIRCLE ( 'NONE', #1712, 0.4999999999994800270 ) ;
#6916 = SURFACE_STYLE_USAGE ( .BOTH. , #5862 ) ;
#6917 = FACE_OUTER_BOUND ( 'NONE', #7570, .T. ) ;
#6918 = EDGE_LOOP ( 'NONE', ( #2382, #3589, #3558, #5043 ) ) ;
#6919 = DIRECTION ( 'NONE',  ( 0.000000000000000000, 0.000000000000000000, 1.000000000000000000 ) ) ;
#6920 =( LENGTH_UNIT ( ) NAMED_UNIT ( * ) SI_UNIT ( .MILLI., .METRE. ) );
#6921 = LINE ( 'NONE', #2714, #7619 ) ;
#6922 = CARTESIAN_POINT ( 'NONE',  ( -50.00000000000000000, -1.299999993536965492, -27.54161815809441904 ) ) ;
#6923 = VERTEX_POINT ( 'NONE', #1373 ) ;
#6924 = VERTEX_POINT ( 'NONE', #3702 ) ;
#6925 = CYLINDRICAL_SURFACE ( 'NONE', #6008, 0.4999999999772096748 ) ;
#6926 = ORIENTED_EDGE ( 'NONE', *, *, #3875, .F. ) ;
#6927 = CYLINDRICAL_SURFACE ( 'NONE', #775, 0.5000000000151411106 ) ;
#6928 = PRESENTATION_STYLE_ASSIGNMENT (( #7086 ) ) ;
#6929 = FILL_AREA_STYLE ('',( #2211 ) ) ;
#6930 = PLANE ( 'NONE',  #7406 ) ;
#6931 = EDGE_CURVE ( 'NONE', #2583, #6446, #4162, .T. ) ;
#6932 = SURFACE_STYLE_FILL_AREA ( #7549 ) ;
#6933 = CIRCLE ( 'NONE', #864, 1.250000000000056621 ) ;
#6934 = ORIENTED_EDGE ( 'NONE', *, *, #1796, .T. ) ;
#6935 = SURFACE_STYLE_FILL_AREA ( #2797 ) ;
#6936 = DIRECTION ( 'NONE',  ( -1.000000000000000000, -0.000000000000000000, -0.000000000000000000 ) ) ;
#6937 = VERTEX_POINT ( 'NONE', #4878 ) ;
#6938 = DIRECTION ( 'NONE',  ( -1.000000000000000000, -0.000000000000000000, -0.000000000000000000 ) ) ;
#6939 = DIRECTION ( 'NONE',  ( -1.000000000000000000, -0.000000000000000000, -0.000000000000000000 ) ) ;
#6940 = SURFACE_SIDE_STYLE ('',( #2113 ) ) ;
#6941 =( NAMED_UNIT ( * ) PLANE_ANGLE_UNIT ( ) SI_UNIT ( $, .RADIAN. ) );
#6942 = AXIS2_PLACEMENT_3D ( 'NONE', #3291, #2683, #3791 ) ;
#6943 = CIRCLE ( 'NONE', #6437, 0.3000000000000016542 ) ;
#6944 = FILL_AREA_STYLE_COLOUR ( '', #4322 ) ;
#6945 = ADVANCED_FACE ( 'NONE', ( #1890 ), #3175, .T. ) ;
#6946 = SURFACE_SIDE_STYLE ('',( #7491 ) ) ;
#6947 = EDGE_CURVE ( 'NONE', #3127, #2971, #1677, .T. ) ;
#6948 = EDGE_CURVE ( 'NONE', #5353, #1621, #4262, .T. ) ;
#6949 = SURFACE_SIDE_STYLE ('',( #2115 ) ) ;
#6950 = FACE_OUTER_BOUND ( 'NONE', #6390, .T. ) ;
#6951 = PRESENTATION_LAYER_ASSIGNMENT (  '', '', ( #6576 ) ) ;
#6952 = FILL_AREA_STYLE ('',( #2808 ) ) ;
#6953 = SURFACE_STYLE_FILL_AREA ( #5203 ) ;
#6954 = FILL_AREA_STYLE ('',( #5790 ) ) ;
#6955 = VERTEX_POINT ( 'NONE', #1298 ) ;
#6956 = VECTOR ( 'NONE', #7554, 1000.000000000000000 ) ;
#6957 = EDGE_CURVE ( 'NONE', #153, #1258, #3094, .T. ) ;
#6958 = FILL_AREA_STYLE_COLOUR ( '', #3992 ) ;
#6959 = CYLINDRICAL_SURFACE ( 'NONE', #1446, 2.000000000000702549 ) ;
#6960 = DIRECTION ( 'NONE',  ( -0.000000000000000000, -0.9889363528473015252, 0.1483404530702174262 ) ) ;
#6961 = CARTESIAN_POINT ( 'NONE',  ( -50.00000000000000000, -0.9999999910240541245, 27.05835623398859369 ) ) ;
#6962 = VERTEX_POINT ( 'NONE', #2511 ) ;
#6963 = COLOUR_RGB ( '',0.8980392156862745390, 0.9176470588235293713, 0.9294117647058823817 ) ;
#6964 = ORIENTED_EDGE ( 'NONE', *, *, #4686, .F. ) ;
#6965 = ORIENTED_EDGE ( 'NONE', *, *, #4148, .F. ) ;
#6966 =( NAMED_UNIT ( * ) PLANE_ANGLE_UNIT ( ) SI_UNIT ( $, .RADIAN. ) );
#6967 =( GEOMETRIC_REPRESENTATION_CONTEXT ( 3 ) GLOBAL_UNCERTAINTY_ASSIGNED_CONTEXT ( ( #4247 ) ) GLOBAL_UNIT_ASSIGNED_CONTEXT ( ( #4032, #4716, #4137 ) ) REPRESENTATION_CONTEXT ( 'NONE', 'WORKASPACE' ) );
#6968 =( NAMED_UNIT ( * ) PLANE_ANGLE_UNIT ( ) SI_UNIT ( $, .RADIAN. ) );
#6969 = MECHANICAL_DESIGN_GEOMETRIC_PRESENTATION_REPRESENTATION (  '', ( #5966 ), #6720 ) ;
#6970 = CARTESIAN_POINT ( 'NONE',  ( -50.00000000000000000, 8.046190042989833202, -24.25058406674039091 ) ) ;
#6971 = STYLED_ITEM ( 'NONE', ( #5116 ), #1877 ) ;
#6972 = CIRCLE ( 'NONE', #4629, 0.2999999999999704015 ) ;
#6973 = DIRECTION ( 'NONE',  ( 0.000000000000000000, 0.000000000000000000, -1.000000000000000000 ) ) ;
#6974 = CARTESIAN_POINT ( 'NONE',  ( 50.00000000000000000, -8.500000009561359704, -26.00000000491900565 ) ) ;
#6975 = ORIENTED_EDGE ( 'NONE', *, *, #4686, .T. ) ;
#6976 =( NAMED_UNIT ( * ) PLANE_ANGLE_UNIT ( ) SI_UNIT ( $, .RADIAN. ) );
#6977 = EDGE_CURVE ( 'NONE', #6179, #649, #2804, .T. ) ;
#6978 = SURFACE_SIDE_STYLE ('',( #7059 ) ) ;
#6979 = SURFACE_STYLE_FILL_AREA ( #1790 ) ;
#6980 = DIRECTION ( 'NONE',  ( -1.000000000000000000, -0.000000000000000000, -0.000000000000000000 ) ) ;
#6981 =( NAMED_UNIT ( * ) PLANE_ANGLE_UNIT ( ) SI_UNIT ( $, .RADIAN. ) );
#6982 = MECHANICAL_DESIGN_GEOMETRIC_PRESENTATION_REPRESENTATION (  '', ( #2892 ), #5365 ) ;
#6983 = CIRCLE ( 'NONE', #5369, 0.5000000000157378555 ) ;
#6984 = DIRECTION ( 'NONE',  ( -0.000000000000000000, -1.000000000000000000, -0.000000000000000000 ) ) ;
#6985 = CYLINDRICAL_SURFACE ( 'NONE', #1088, 0.4999999999992579824 ) ;
#6986 =( LENGTH_UNIT ( ) NAMED_UNIT ( * ) SI_UNIT ( .MILLI., .METRE. ) );
#6987 = LINE ( 'NONE', #739, #47 ) ;
#6988 =( GEOMETRIC_REPRESENTATION_CONTEXT ( 3 ) GLOBAL_UNCERTAINTY_ASSIGNED_CONTEXT ( ( #1483 ) ) GLOBAL_UNIT_ASSIGNED_CONTEXT ( ( #2317, #5798, #7000 ) ) REPRESENTATION_CONTEXT ( 'NONE', 'WORKASPACE' ) );
#6989 = VECTOR ( 'NONE', #4799, 1000.000000000000000 ) ;
#6990 = FILL_AREA_STYLE ('',( #3351 ) ) ;
#6991 = EDGE_CURVE ( 'NONE', #6196, #4938, #6057, .T. ) ;
#6992 = DIRECTION ( 'NONE',  ( -1.000000000000000000, -0.000000000000000000, -0.000000000000000000 ) ) ;
#6993 = VERTEX_POINT ( 'NONE', #3129 ) ;
#6994 = PRESENTATION_LAYER_ASSIGNMENT (  '', '', ( #2675 ) ) ;
#6995 = STYLED_ITEM ( 'NONE', ( #6158 ), #5232 ) ;
#6996 =( NAMED_UNIT ( * ) SI_UNIT ( $, .STERADIAN. ) SOLID_ANGLE_UNIT ( ) );
#6997 = DIRECTION ( 'NONE',  ( 0.000000000000000000, 0.000000000000000000, 1.000000000000000000 ) ) ;
#6998 = EDGE_CURVE ( 'NONE', #216, #1964, #7623, .T. ) ;
#6999 = ADVANCED_FACE ( 'NONE', ( #7289 ), #1972, .F. ) ;
#7000 =( NAMED_UNIT ( * ) SI_UNIT ( $, .STERADIAN. ) SOLID_ANGLE_UNIT ( ) );
#7001 = MECHANICAL_DESIGN_GEOMETRIC_PRESENTATION_REPRESENTATION (  '', ( #4035 ), #318 ) ;
#7002 = ORIENTED_EDGE ( 'NONE', *, *, #5222, .T. ) ;
#7003 = AXIS2_PLACEMENT_3D ( 'NONE', #1818, #4655, #4693 ) ;
#7004 = COLOUR_RGB ( '',0.8980392156862745390, 0.9176470588235293713, 0.9294117647058823817 ) ;
#7005 = COLOUR_RGB ( '',0.8980392156862745390, 0.9176470588235293713, 0.9294117647058823817 ) ;
#7006 = ORIENTED_EDGE ( 'NONE', *, *, #648, .T. ) ;
#7007 = PRESENTATION_STYLE_ASSIGNMENT (( #6415 ) ) ;
#7008 = ORIENTED_EDGE ( 'NONE', *, *, #7507, .T. ) ;
#7009 = CARTESIAN_POINT ( 'NONE',  ( 50.00000000000000000, 11.60000001576112716, -23.49999999595059208 ) ) ;
#7010 = LINE ( 'NONE', #1037, #493 ) ;
#7011 = FILL_AREA_STYLE_COLOUR ( '', #5351 ) ;
#7012 = FACE_OUTER_BOUND ( 'NONE', #2308, .T. ) ;
#7013 = VECTOR ( 'NONE', #5492, 1000.000000000000000 ) ;
#7014 = DIRECTION ( 'NONE',  ( 0.000000000000000000, 1.000000000000000000, 0.000000000000000000 ) ) ;
#7015 = COLOUR_RGB ( '',0.8980392156862745390, 0.9176470588235293713, 0.9294117647058823817 ) ;
#7016 = VECTOR ( 'NONE', #1620, 1000.000000000000000 ) ;
#7017 = CARTESIAN_POINT ( 'NONE',  ( 50.00000000000000000, -0.9999999935369123794, -27.05833061047391652 ) ) ;
#7018 = LINE ( 'NONE', #3578, #7016 ) ;
#7019 = VERTEX_POINT ( 'NONE', #5723 ) ;
#7020 = LINE ( 'NONE', #4587, #4542 ) ;
#7021 = CARTESIAN_POINT ( 'NONE',  ( -50.00000000000000000, 2.200000009263676670, 29.90000000457650486 ) ) ;
#7022 = PRESENTATION_STYLE_ASSIGNMENT (( #1086 ) ) ;
#7023 = CARTESIAN_POINT ( 'NONE',  ( -50.00000000000000000, -8.546190043356597599, -23.50000000580262949 ) ) ;
#7024 =( GEOMETRIC_REPRESENTATION_CONTEXT ( 3 ) GLOBAL_UNCERTAINTY_ASSIGNED_CONTEXT ( ( #6064 ) ) GLOBAL_UNIT_ASSIGNED_CONTEXT ( ( #3340, #3991, #461 ) ) REPRESENTATION_CONTEXT ( 'NONE', 'WORKASPACE' ) );
#7025 = ORIENTED_EDGE ( 'NONE', *, *, #4488, .F. ) ;
#7026 = COLOUR_RGB ( '',0.8980392156862745390, 0.9176470588235293713, 0.9294117647058823817 ) ;
#7027 = ADVANCED_FACE ( 'NONE', ( #1465 ), #3788, .F. ) ;
#7028 = UNCERTAINTY_MEASURE_WITH_UNIT (LENGTH_MEASURE( 1.000000000000000082E-05 ), #1410, 'distance_accuracy_value', 'NONE');
#7029 = MECHANICAL_DESIGN_GEOMETRIC_PRESENTATION_REPRESENTATION (  '', ( #6018 ), #5412 ) ;
#7030 = ORIENTED_EDGE ( 'NONE', *, *, #2221, .F. ) ;
#7031 = CLOSED_SHELL ( 'NONE', ( #7186, #5303, #5359, #4304, #5232, #1149, #735, #4457, #1499, #2450, #4668, #2871, #2853, #7295, #674, #7533, #2480, #6286, #15, #2021, #1348, #2024, #5432, #6355, #6609, #3113, #5559, #4405, #6686, #2407, #6678, #3931, #6422, #598, #6462, #4353, #4766, #224, #6664, #782, #3945, #1957, #1096, #7361, #5763, #1339, #6421, #6230, #2259, #3074, #2828, #7386, #635, #928, #3930, #3800, #1736, #3774, #5012, #2353, #3158, #1490, #2498, #12, #2426, #4004, #2216, #977, #5718, #1025, #6325, #7238, #3446, #2545, #5567, #5760, #1176, #1657, #5796, #4917, #1814, #7136, #4539, #5803, #4061, #7315, #3394, #5468, #5716, #5911, #4292 ) ) ;
#7032 = CARTESIAN_POINT ( 'NONE',  ( 50.00000000000000000, -9.800000003943328153, -23.00000000826615931 ) ) ;
#7033 = DIRECTION ( 'NONE',  ( -1.000000000000000000, -0.000000000000000000, -0.000000000000000000 ) ) ;
#7034 = FILL_AREA_STYLE ('',( #2925 ) ) ;
#7035 = ORIENTED_EDGE ( 'NONE', *, *, #4489, .T. ) ;
#7036 = EDGE_CURVE ( 'NONE', #6236, #2233, #3537, .T. ) ;
#7037 = EDGE_CURVE ( 'NONE', #3902, #6118, #2691, .T. ) ;
#7038 = DIRECTION ( 'NONE',  ( -1.000000000000000000, -0.000000000000000000, -0.000000000000000000 ) ) ;
#7039 = CARTESIAN_POINT ( 'NONE',  ( 50.00000000000000000, -3.588571655455377041, 25.54619003423594492 ) ) ;
#7040 = SURFACE_SIDE_STYLE ('',( #3433 ) ) ;
#7041 =( GEOMETRIC_REPRESENTATION_CONTEXT ( 3 ) GLOBAL_UNCERTAINTY_ASSIGNED_CONTEXT ( ( #2938 ) ) GLOBAL_UNIT_ASSIGNED_CONTEXT ( ( #4702, #6357, #2877 ) ) REPRESENTATION_CONTEXT ( 'NONE', 'WORKASPACE' ) );
#7042 = DIRECTION ( 'NONE',  ( -1.000000000000000000, 0.000000000000000000, -0.000000000000000000 ) ) ;
#7043 = DIRECTION ( 'NONE',  ( -1.000000000000000000, -0.000000000000000000, -0.000000000000000000 ) ) ;
#7044 = EDGE_LOOP ( 'NONE', ( #4225, #3031, #2789, #1842 ) ) ;
#7045 = EDGE_CURVE ( 'NONE', #2544, #6218, #6852, .T. ) ;
#7046 = CARTESIAN_POINT ( 'NONE',  ( 50.00000000000000000, -4.150000009022571490, 27.74999999985019983 ) ) ;
#7047 = EDGE_CURVE ( 'NONE', #5353, #1794, #6265, .T. ) ;
#7048 = ORIENTED_EDGE ( 'NONE', *, *, #6713, .F. ) ;
#7049 = UNCERTAINTY_MEASURE_WITH_UNIT (LENGTH_MEASURE( 1.000000000000000082E-05 ), #3988, 'distance_accuracy_value', 'NONE');
#7050 = EDGE_LOOP ( 'NONE', ( #1272, #4416, #4143, #2481 ) ) ;
#7051 = CARTESIAN_POINT ( 'NONE',  ( -50.00000000000000000, -12.50000000940640099, -26.00000000491900565 ) ) ;
#7052 =( LENGTH_UNIT ( ) NAMED_UNIT ( * ) SI_UNIT ( .MILLI., .METRE. ) );
#7053 = CYLINDRICAL_SURFACE ( 'NONE', #1148, 1.250000000000001110 ) ;
#7054 = FILL_AREA_STYLE ('',( #1251 ) ) ;
#7055 = DIRECTION ( 'NONE',  ( -0.000000000000000000, -0.000000000000000000, 1.000000000000000000 ) ) ;
#7056 = CARTESIAN_POINT ( 'NONE',  ( 50.00000000000000000, 6.750609692811459617, 25.54619003936655730 ) ) ;
#7057 = ORIENTED_EDGE ( 'NONE', *, *, #6611, .T. ) ;
#7058 = FACE_OUTER_BOUND ( 'NONE', #6551, .T. ) ;
#7059 = SURFACE_STYLE_FILL_AREA ( #2334 ) ;
#7060 = FACE_OUTER_BOUND ( 'NONE', #2413, .T. ) ;
#7061 = SURFACE_STYLE_FILL_AREA ( #4697 ) ;
#7062 = ORIENTED_EDGE ( 'NONE', *, *, #7286, .T. ) ;
#7063 =( LENGTH_UNIT ( ) NAMED_UNIT ( * ) SI_UNIT ( .MILLI., .METRE. ) );
#7064 = FACE_OUTER_BOUND ( 'NONE', #1093, .T. ) ;
#7065 = ORIENTED_EDGE ( 'NONE', *, *, #1244, .F. ) ;
#7066 = STYLED_ITEM ( 'NONE', ( #4101 ), #1682 ) ;
#7067 = DIRECTION ( 'NONE',  ( 0.000000000000000000, 1.000000000000000000, 0.000000000000000000 ) ) ;
#7068 = MECHANICAL_DESIGN_GEOMETRIC_PRESENTATION_REPRESENTATION (  '', ( #4475 ), #2121 ) ;
#7069 = FACE_OUTER_BOUND ( 'NONE', #2586, .T. ) ;
#7070 = LINE ( 'NONE', #1633, #5280 ) ;
#7071 = ORIENTED_EDGE ( 'NONE', *, *, #481, .T. ) ;
#7072 = PRESENTATION_LAYER_ASSIGNMENT (  '', '', ( #6688 ) ) ;
#7073 = VECTOR ( 'NONE', #4980, 1000.000000000000000 ) ;
#7074 = SURFACE_SIDE_STYLE ('',( #1199 ) ) ;
#7075 =( NAMED_UNIT ( * ) SI_UNIT ( $, .STERADIAN. ) SOLID_ANGLE_UNIT ( ) );
#7076 = EDGE_CURVE ( 'NONE', #2233, #1258, #7397, .T. ) ;
#7077 =( NAMED_UNIT ( * ) PLANE_ANGLE_UNIT ( ) SI_UNIT ( $, .RADIAN. ) );
#7078 = PRESENTATION_STYLE_ASSIGNMENT (( #716 ) ) ;
#7079 =( GEOMETRIC_REPRESENTATION_CONTEXT ( 3 ) GLOBAL_UNCERTAINTY_ASSIGNED_CONTEXT ( ( #5304 ) ) GLOBAL_UNIT_ASSIGNED_CONTEXT ( ( #1347, #3634, #737 ) ) REPRESENTATION_CONTEXT ( 'NONE', 'WORKASPACE' ) );
#7080 = ORIENTED_EDGE ( 'NONE', *, *, #5601, .F. ) ;
#7081 = CARTESIAN_POINT ( 'NONE',  ( -50.00000000000000000, -0.2000000100873990938, 29.89999999996923563 ) ) ;
#7082 = ORIENTED_EDGE ( 'NONE', *, *, #3207, .F. ) ;
#7083 = ORIENTED_EDGE ( 'NONE', *, *, #5761, .F. ) ;
#7084 = DIRECTION ( 'NONE',  ( 0.000000000000000000, 0.000000000000000000, -1.000000000000000000 ) ) ;
#7085 = SURFACE_SIDE_STYLE ('',( #5981 ) ) ;
#7086 = SURFACE_STYLE_USAGE ( .BOTH. , #5190 ) ;
#7087 = CARTESIAN_POINT ( 'NONE',  ( -50.00000000000000000, 0.6850834428982002233, 28.30000000293902929 ) ) ;
#7088 = CARTESIAN_POINT ( 'NONE',  ( 50.00000000000000000, -5.984590724811448048, 25.82526309210031457 ) ) ;
#7089 = ORIENTED_EDGE ( 'NONE', *, *, #5834, .T. ) ;
#7090 = DIRECTION ( 'NONE',  ( -1.000000000000000000, -0.000000000000000000, -0.000000000000000000 ) ) ;
#7091 = VECTOR ( 'NONE', #5517, 1000.000000000000000 ) ;
#7092 = ORIENTED_EDGE ( 'NONE', *, *, #2625, .T. ) ;
#7093 = DIRECTION ( 'NONE',  ( 0.000000000000000000, 0.000000000000000000, -1.000000000000000000 ) ) ;
#7094 =( LENGTH_UNIT ( ) NAMED_UNIT ( * ) SI_UNIT ( .MILLI., .METRE. ) );
#7095 = SURFACE_STYLE_USAGE ( .BOTH. , #6353 ) ;
#7096 = EDGE_CURVE ( 'NONE', #6161, #1638, #6895, .T. ) ;
#7097 = PRODUCT_RELATED_PRODUCT_CATEGORY ( 'part', '', ( #3649 ) ) ;
#7098 = ORIENTED_EDGE ( 'NONE', *, *, #4406, .F. ) ;
#7099 = PRESENTATION_STYLE_ASSIGNMENT (( #5925 ) ) ;
#7100 = CIRCLE ( 'NONE', #7588, 0.5000000000000073275 ) ;
#7101 = EDGE_LOOP ( 'NONE', ( #6191, #2218, #4222, #7163 ) ) ;
#7102 = SURFACE_STYLE_FILL_AREA ( #5395 ) ;
#7103 = VECTOR ( 'NONE', #6382, 1000.000000000000000 ) ;
#7104 = LINE ( 'NONE', #1908, #451 ) ;
#7105 =( NAMED_UNIT ( * ) SI_UNIT ( $, .STERADIAN. ) SOLID_ANGLE_UNIT ( ) );
#7106 = VECTOR ( 'NONE', #7154, 1000.000000000000000 ) ;
#7107 = VERTEX_POINT ( 'NONE', #2206 ) ;
#7108 = MECHANICAL_DESIGN_GEOMETRIC_PRESENTATION_REPRESENTATION (  '', ( #4260 ), #6615 ) ;
#7109 =( NAMED_UNIT ( * ) PLANE_ANGLE_UNIT ( ) SI_UNIT ( $, .RADIAN. ) );
#7110 = AXIS2_PLACEMENT_3D ( 'NONE', #1331, #6617, #1250 ) ;
#7111 = VECTOR ( 'NONE', #5339, 1000.000000000000000 ) ;
#7112 = CARTESIAN_POINT ( 'NONE',  ( 50.00000000000000000, 1.000000006508408257, -28.09997438469024544 ) ) ;
#7113 = ORIENTED_EDGE ( 'NONE', *, *, #3391, .F. ) ;
#7114 =( GEOMETRIC_REPRESENTATION_CONTEXT ( 3 ) GLOBAL_UNCERTAINTY_ASSIGNED_CONTEXT ( ( #6123 ) ) GLOBAL_UNIT_ASSIGNED_CONTEXT ( ( #2203, #5117, #6412 ) ) REPRESENTATION_CONTEXT ( 'NONE', 'WORKASPACE' ) );
#7115 = CIRCLE ( 'NONE', #6875, 4.000000000335568018 ) ;
#7116 = EDGE_CURVE ( 'NONE', #1395, #6625, #6301, .T. ) ;
#7117 = SURFACE_STYLE_USAGE ( .BOTH. , #4684 ) ;
#7118 = UNCERTAINTY_MEASURE_WITH_UNIT (LENGTH_MEASURE( 1.000000000000000082E-05 ), #5653, 'distance_accuracy_value', 'NONE');
#7119 = ORIENTED_EDGE ( 'NONE', *, *, #6125, .F. ) ;
#7120 = CARTESIAN_POINT ( 'NONE',  ( 50.00000000000000000, 8.546190044058352697, 23.50000000502031838 ) ) ;
#7121 = PRESENTATION_STYLE_ASSIGNMENT (( #2975 ) ) ;
#7122 = COLOUR_RGB ( '',0.8980392156862745390, 0.9176470588235293713, 0.9294117647058823817 ) ;
#7123 = DIRECTION ( 'NONE',  ( -1.000000000000000000, -0.000000000000000000, -0.000000000000000000 ) ) ;
#7124 = PRESENTATION_STYLE_ASSIGNMENT (( #1105 ) ) ;
#7125 = CIRCLE ( 'NONE', #1926, 0.5000000000003057554 ) ;
#7126 = ORIENTED_EDGE ( 'NONE', *, *, #1481, .T. ) ;
#7127 = LINE ( 'NONE', #3623, #6510 ) ;
#7128 = LINE ( 'NONE', #3588, #4656 ) ;
#7129 = ORIENTED_EDGE ( 'NONE', *, *, #1458, .T. ) ;
#7130 = CARTESIAN_POINT ( 'NONE',  ( 50.00000000000000000, 1.300000008530825202, 24.80000000474848676 ) ) ;
#7131 = MECHANICAL_DESIGN_GEOMETRIC_PRESENTATION_REPRESENTATION (  '', ( #5893 ), #5770 ) ;
#7132 = CARTESIAN_POINT ( 'NONE',  ( 50.00000000000000000, -6.000000009844241866, -31.50000000494782171 ) ) ;
#7133 = ORIENTED_EDGE ( 'NONE', *, *, #2826, .F. ) ;
#7134 =( GEOMETRIC_REPRESENTATION_CONTEXT ( 3 ) GLOBAL_UNCERTAINTY_ASSIGNED_CONTEXT ( ( #5390 ) ) GLOBAL_UNIT_ASSIGNED_CONTEXT ( ( #2755, #840, #5083 ) ) REPRESENTATION_CONTEXT ( 'NONE', 'WORKASPACE' ) );
#7135 = LINE ( 'NONE', #1309, #1830 ) ;
#7136 = ADVANCED_FACE ( 'NONE', ( #4578 ), #6925, .F. ) ;
#7137 =( NAMED_UNIT ( * ) PLANE_ANGLE_UNIT ( ) SI_UNIT ( $, .RADIAN. ) );
#7138 = EDGE_CURVE ( 'NONE', #6244, #6013, #3570, .T. ) ;
#7139 = VERTEX_POINT ( 'NONE', #6379 ) ;
#7140 = FILL_AREA_STYLE ('',( #2990 ) ) ;
#7141 = CARTESIAN_POINT ( 'NONE',  ( 50.00000000000000000, -0.9999999977430840126, -27.54164377591239443 ) ) ;
#7142 = FILL_AREA_STYLE_COLOUR ( '', #2069 ) ;
#7143 = DIRECTION ( 'NONE',  ( 0.000000000000000000, 0.000000000000000000, 1.000000000000000000 ) ) ;
#7144 = COLOUR_RGB ( '',0.8980392156862745390, 0.9176470588235293713, 0.9294117647058823817 ) ;
#7145 = EDGE_LOOP ( 'NONE', ( #3131, #6274, #4060, #561 ) ) ;
#7146 = AXIS2_PLACEMENT_3D ( 'NONE', #5448, #2978, #3553 ) ;
#7147 = PRESENTATION_LAYER_ASSIGNMENT (  '', '', ( #6653 ) ) ;
#7148 = CARTESIAN_POINT ( 'NONE',  ( 50.00000000000000000, 6.750609692811459617, 26.04619003936658928 ) ) ;
#7149 = DIRECTION ( 'NONE',  ( 0.000000000000000000, 0.000000000000000000, 1.000000000000000000 ) ) ;
#7150 = FILL_AREA_STYLE ('',( #6645 ) ) ;
#7151 = CARTESIAN_POINT ( 'NONE',  ( 50.00000000000000000, -9.800000003943328153, 22.99999999639312875 ) ) ;
#7152 = CARTESIAN_POINT ( 'NONE',  ( -50.00000000000000000, -4.500000009792799460, -30.00000000499974817 ) ) ;
#7153 = ORIENTED_EDGE ( 'NONE', *, *, #5333, .T. ) ;
#7154 = DIRECTION ( 'NONE',  ( 0.000000000000000000, 1.000000000000000000, 0.000000000000000000 ) ) ;
#7155 = STYLED_ITEM ( 'NONE', ( #5093 ), #1246 ) ;
#7156 = ORIENTED_EDGE ( 'NONE', *, *, #7336, .T. ) ;
#7157 = DIRECTION ( 'NONE',  ( -0.000000000000000000, 0.9889363528994402630, 0.1483404527226264424 ) ) ;
#7158 = CARTESIAN_POINT ( 'NONE',  ( -50.00000000000000000, -3.716140078100125255, 25.84619003429666861 ) ) ;
#7159 = PRESENTATION_LAYER_ASSIGNMENT (  '', '', ( #1838 ) ) ;
#7160 = DIRECTION ( 'NONE',  ( 0.000000000000000000, 0.000000000000000000, -1.000000000000000000 ) ) ;
#7161 = DIRECTION ( 'NONE',  ( -0.000000000000000000, -0.9889363528472991938, 0.1483404530702338853 ) ) ;
#7162 = CARTESIAN_POINT ( 'NONE',  ( -50.00000000000000000, -1.300000009744673113, -29.90000000523240686 ) ) ;
#7163 = ORIENTED_EDGE ( 'NONE', *, *, #4719, .T. ) ;
#7164 = DIRECTION ( 'NONE',  ( 0.000000000000000000, 1.000000000000000000, 0.000000000000000000 ) ) ;
#7165 = ORIENTED_EDGE ( 'NONE', *, *, #2649, .T. ) ;
#7166 = SURFACE_STYLE_USAGE ( .BOTH. , #66 ) ;
#7167 = LINE ( 'NONE', #7673, #2238 ) ;
#7168 = CYLINDRICAL_SURFACE ( 'NONE', #2051, 0.4999999999999935052 ) ;
#7169 = DIRECTION ( 'NONE',  ( 1.000000000000000000, 0.000000000000000000, 0.000000000000000000 ) ) ;
#7170 = ADVANCED_FACE ( 'NONE', ( #3441 ), #712, .F. ) ;
#7171 = VERTEX_POINT ( 'NONE', #5971 ) ;
#7172 = FACE_OUTER_BOUND ( 'NONE', #5342, .T. ) ;
#7173 = UNCERTAINTY_MEASURE_WITH_UNIT (LENGTH_MEASURE( 1.000000000000000082E-05 ), #5312, 'distance_accuracy_value', 'NONE');
#7174 =( LENGTH_UNIT ( ) NAMED_UNIT ( * ) SI_UNIT ( .MILLI., .METRE. ) );
#7175 = EDGE_LOOP ( 'NONE', ( #3958, #7080, #6024, #7604 ) ) ;
#7176 = DIRECTION ( 'NONE',  ( -1.000000000000000000, -0.000000000000000000, -0.000000000000000000 ) ) ;
#7177 = FILL_AREA_STYLE_COLOUR ( '', #407 ) ;
#7178 = EDGE_CURVE ( 'NONE', #5924, #7614, #3601, .T. ) ;
#7179 = EDGE_CURVE ( 'NONE', #6824, #2366, #4612, .T. ) ;
#7180 = VERTEX_POINT ( 'NONE', #7544 ) ;
#7181 = SURFACE_STYLE_FILL_AREA ( #1162 ) ;
#7182 = LINE ( 'NONE', #3195, #1076 ) ;
#7183 = COLOUR_RGB ( '',0.8980392156862745390, 0.9176470588235293713, 0.9294117647058823817 ) ;
#7184 = DIRECTION ( 'NONE',  ( 0.000000000000000000, -0.9889363528994402630, -0.1483404527226264424 ) ) ;
#7185 = AXIS2_PLACEMENT_3D ( 'NONE', #4761, #2363, #3584 ) ;
#7186 = ADVANCED_FACE ( 'NONE', ( #3042 ), #4205, .F. ) ;
#7187 = AXIS2_PLACEMENT_3D ( 'NONE', #3913, #2896, #3406 ) ;
#7188 = ORIENTED_EDGE ( 'NONE', *, *, #4960, .F. ) ;
#7189 = COLOUR_RGB ( '',0.8980392156862745390, 0.9176470588235293713, 0.9294117647058823817 ) ;
#7190 = VECTOR ( 'NONE', #6124, 1000.000000000000000 ) ;
#7191 = UNCERTAINTY_MEASURE_WITH_UNIT (LENGTH_MEASURE( 1.000000000000000082E-05 ), #4902, 'distance_accuracy_value', 'NONE');
#7192 = ORIENTED_EDGE ( 'NONE', *, *, #876, .T. ) ;
#7193 = FILL_AREA_STYLE_COLOUR ( '', #3924 ) ;
#7194 = PLANE ( 'NONE',  #6851 ) ;
#7195 = CARTESIAN_POINT ( 'NONE',  ( -50.00000000000000000, 2.999656187376712690, -25.09997438303970441 ) ) ;
#7196 = DIRECTION ( 'NONE',  ( 0.000000000000000000, 0.000000000000000000, -1.000000000000000000 ) ) ;
#7197 = DIRECTION ( 'NONE',  ( 1.000000000000000000, 0.000000000000000000, 0.000000000000000000 ) ) ;
#7198 = CARTESIAN_POINT ( 'NONE',  ( -50.00000000000000000, -5.850000010672388839, -27.75000000524338617 ) ) ;
#7199 = LINE ( 'NONE', #138, #6659 ) ;
#7200 = UNCERTAINTY_MEASURE_WITH_UNIT (LENGTH_MEASURE( 1.000000000000000082E-05 ), #2455, 'distance_accuracy_value', 'NONE');
#7201 = ORIENTED_EDGE ( 'NONE', *, *, #3381, .F. ) ;
#7202 =( NAMED_UNIT ( * ) PLANE_ANGLE_UNIT ( ) SI_UNIT ( $, .RADIAN. ) );
#7203 = SURFACE_STYLE_USAGE ( .BOTH. , #6624 ) ;
#7204 = ORIENTED_EDGE ( 'NONE', *, *, #4199, .F. ) ;
#7205 = CARTESIAN_POINT ( 'NONE',  ( 50.00000000000000000, -4.000000009650611865, 29.99999999971483788 ) ) ;
#7206 = SURFACE_STYLE_USAGE ( .BOTH. , #5424 ) ;
#7207 = CARTESIAN_POINT ( 'NONE',  ( 50.00000000000000000, -0.5000000100692115756, -29.50000000524097388 ) ) ;
#7208 = FILL_AREA_STYLE ('',( #1858 ) ) ;
#7209 = VECTOR ( 'NONE', #6079, 1000.000000000000000 ) ;
#7210 = PRESENTATION_LAYER_ASSIGNMENT (  '', '', ( #404 ) ) ;
#7211 = ORIENTED_EDGE ( 'NONE', *, *, #5287, .T. ) ;
#7212 =( NAMED_UNIT ( * ) PLANE_ANGLE_UNIT ( ) SI_UNIT ( $, .RADIAN. ) );
#7213 = MANIFOLD_SOLID_BREP ( 'ÕπÃ®-¿', #7031 ) ;
#7214 = VECTOR ( 'NONE', #2922, 1000.000000000000000 ) ;
#7215 = EDGE_CURVE ( 'NONE', #6446, #1100, #4979, .T. ) ;
#7216 = PRESENTATION_LAYER_ASSIGNMENT (  '', '', ( #6463 ) ) ;
#7217 = PRESENTATION_STYLE_ASSIGNMENT (( #1343 ) ) ;
#7218 = VERTEX_POINT ( 'NONE', #1484 ) ;
#7219 = SURFACE_STYLE_FILL_AREA ( #114 ) ;
#7220 = SURFACE_STYLE_USAGE ( .BOTH. , #6001 ) ;
#7221 = FILL_AREA_STYLE_COLOUR ( '', #430 ) ;
#7222 = CARTESIAN_POINT ( 'NONE',  ( 50.00000000000000000, -11.60000000952259569, -23.50000000451121807 ) ) ;
#7223 = COLOUR_RGB ( '',0.8980392156862745390, 0.9176470588235293713, 0.9294117647058823817 ) ;
#7224 = ORIENTED_EDGE ( 'NONE', *, *, #5111, .T. ) ;
#7225 = CIRCLE ( 'NONE', #4871, 0.4999999999999449329 ) ;
#7226 = SURFACE_STYLE_FILL_AREA ( #4858 ) ;
#7227 = STYLED_ITEM ( 'NONE', ( #1492 ), #2749 ) ;
#7228 = CARTESIAN_POINT ( 'NONE',  ( -50.00000000000000000, -1.000000009758420738, -29.50000000530297939 ) ) ;
#7229 = CARTESIAN_POINT ( 'NONE',  ( 50.00000000000000000, 11.60000001576112716, -23.49999999595059208 ) ) ;
#7230 = PRESENTATION_LAYER_ASSIGNMENT (  '', '', ( #2406 ) ) ;
#7231 = PRESENTATION_STYLE_ASSIGNMENT (( #597 ) ) ;
#7232 = SURFACE_SIDE_STYLE ('',( #1203 ) ) ;
#7233 = STYLED_ITEM ( 'NONE', ( #5213 ), #2024 ) ;
#7234 = ORIENTED_EDGE ( 'NONE', *, *, #2994, .F. ) ;
#7235 = ORIENTED_EDGE ( 'NONE', *, *, #3015, .F. ) ;
#7236 = FACE_OUTER_BOUND ( 'NONE', #5252, .T. ) ;
#7237 = EDGE_CURVE ( 'NONE', #886, #7363, #2536, .T. ) ;
#7238 = ADVANCED_FACE ( 'NONE', ( #4898 ), #4361, .F. ) ;
#7239 = FILL_AREA_STYLE_COLOUR ( '', #4508 ) ;
#7240 = DIRECTION ( 'NONE',  ( 1.000000000000000000, 0.000000000000000000, 0.000000000000000000 ) ) ;
#7241 = SURFACE_STYLE_FILL_AREA ( #3696 ) ;
#7242 = DIRECTION ( 'NONE',  ( 0.000000000000000000, 1.000000000000000000, 0.000000000000000000 ) ) ;
#7243 = MANIFOLD_SOLID_BREP ( 'ÕπÃ®-¿', #6776 ) ;
#7244 = AXIS2_PLACEMENT_3D ( 'NONE', #280, #1556, #853 ) ;
#7245 = ORIENTED_EDGE ( 'NONE', *, *, #7286, .F. ) ;
#7246 = COLOUR_RGB ( '',0.8980392156862745390, 0.9176470588235293713, 0.9294117647058823817 ) ;
#7247 = CARTESIAN_POINT ( 'NONE',  ( -50.00000000000000000, -1.499999997720311118, -27.54164377591239443 ) ) ;
#7248 = MECHANICAL_DESIGN_GEOMETRIC_PRESENTATION_REPRESENTATION (  '', ( #3288 ), #6374 ) ;
#7249 = VERTEX_POINT ( 'NONE', #5614 ) ;
#7250 = FILL_AREA_STYLE_COLOUR ( '', #622 ) ;
#7251 = CARTESIAN_POINT ( 'NONE',  ( -50.00000000000000000, 3.299656189186019883, 25.10000000477613114 ) ) ;
#7252 = DIRECTION ( 'NONE',  ( 1.000000000000000000, 0.000000000000000000, 0.000000000000000000 ) ) ;
#7253 = DIRECTION ( 'NONE',  ( 0.000000000000000000, 0.000000000000000000, 1.000000000000000000 ) ) ;
#7254 = AXIS2_PLACEMENT_3D ( 'NONE', #6295, #2671, #2199 ) ;
#7255 = COLOUR_RGB ( '',0.8980392156862745390, 0.9176470588235293713, 0.9294117647058823817 ) ;
#7256 = PLANE ( 'NONE',  #5278 ) ;
#7257 = UNCERTAINTY_MEASURE_WITH_UNIT (LENGTH_MEASURE( 1.000000000000000082E-05 ), #7294, 'distance_accuracy_value', 'NONE');
#7258 = COLOUR_RGB ( '',0.8980392156862745390, 0.9176470588235293713, 0.9294117647058823817 ) ;
#7259 = VECTOR ( 'NONE', #2073, 1000.000000000000000 ) ;
#7260 =( GEOMETRIC_REPRESENTATION_CONTEXT ( 3 ) GLOBAL_UNCERTAINTY_ASSIGNED_CONTEXT ( ( #5234 ) ) GLOBAL_UNIT_ASSIGNED_CONTEXT ( ( #740, #5436, #1193 ) ) REPRESENTATION_CONTEXT ( 'NONE', 'WORKASPACE' ) );
#7261 = DIRECTION ( 'NONE',  ( 0.000000000000000000, -0.1483404527226569458, 0.9889363528994357111 ) ) ;
#7262 = ORIENTED_EDGE ( 'NONE', *, *, #6525, .T. ) ;
#7263 =( LENGTH_UNIT ( ) NAMED_UNIT ( * ) SI_UNIT ( .MILLI., .METRE. ) );
#7264 = CARTESIAN_POINT ( 'NONE',  ( 50.00000000000000000, -2.621317551728906903, 24.79999999997981064 ) ) ;
#7265 = CARTESIAN_POINT ( 'NONE',  ( 50.00000000000000000, -7.500000009601577311, -29.50000000476205031 ) ) ;
#7266 = ADVANCED_FACE ( 'NONE', ( #3707 ), #3214, .F. ) ;
#7267 = CIRCLE ( 'NONE', #4789, 0.5000000000151411106 ) ;
#7268 = ORIENTED_EDGE ( 'NONE', *, *, #1103, .F. ) ;
#7269 = LINE ( 'NONE', #6795, #5598 ) ;
#7270 = FILL_AREA_STYLE ('',( #5513 ) ) ;
#7271 = CARTESIAN_POINT ( 'NONE',  ( 50.00000000000000000, -8.500000009396554645, 25.99999999947474905 ) ) ;
#7272 = STYLED_ITEM ( 'NONE', ( #5482 ), #3800 ) ;
#7273 = DIRECTION ( 'NONE',  ( 1.000000000000000000, 0.000000000000000000, 0.000000000000000000 ) ) ;
#7274 = FACE_OUTER_BOUND ( 'NONE', #4527, .T. ) ;
#7275 = EDGE_CURVE ( 'NONE', #3327, #486, #1977, .T. ) ;
#7276 = VERTEX_POINT ( 'NONE', #1507 ) ;
#7277 = ORIENTED_EDGE ( 'NONE', *, *, #4677, .F. ) ;
#7278 = SURFACE_SIDE_STYLE ('',( #6680 ) ) ;
#7279 =( GEOMETRIC_REPRESENTATION_CONTEXT ( 3 ) GLOBAL_UNCERTAINTY_ASSIGNED_CONTEXT ( ( #4916 ) ) GLOBAL_UNIT_ASSIGNED_CONTEXT ( ( #5469, #1833, #625 ) ) REPRESENTATION_CONTEXT ( 'NONE', 'WORKASPACE' ) );
#7280 =( LENGTH_UNIT ( ) NAMED_UNIT ( * ) SI_UNIT ( .MILLI., .METRE. ) );
#7281 =( LENGTH_UNIT ( ) NAMED_UNIT ( * ) SI_UNIT ( .MILLI., .METRE. ) );
#7282 = PRESENTATION_STYLE_ASSIGNMENT (( #180 ) ) ;
#7283 = LINE ( 'NONE', #7319, #1157 ) ;
#7284 = EDGE_CURVE ( 'NONE', #7409, #4462, #3248, .T. ) ;
#7285 = EDGE_CURVE ( 'NONE', #3525, #769, #6140, .T. ) ;
#7286 = EDGE_CURVE ( 'NONE', #6699, #5684, #3932, .T. ) ;
#7287 = PRESENTATION_LAYER_ASSIGNMENT (  '', '', ( #1835 ) ) ;
#7288 = ORIENTED_EDGE ( 'NONE', *, *, #3715, .T. ) ;
#7289 = FACE_OUTER_BOUND ( 'NONE', #2057, .T. ) ;
#7290 = EDGE_LOOP ( 'NONE', ( #2969, #6233, #6567, #6414 ) ) ;
#7291 = FILL_AREA_STYLE ('',( #1974 ) ) ;
#7292 = DIRECTION ( 'NONE',  ( -0.000000000000000000, -1.000000000000000000, -0.000000000000000000 ) ) ;
#7293 = CARTESIAN_POINT ( 'NONE',  ( -50.00000000000000000, -0.9999999935369123794, -27.05833061047391652 ) ) ;
#7294 =( LENGTH_UNIT ( ) NAMED_UNIT ( * ) SI_UNIT ( .MILLI., .METRE. ) );
#7295 = ADVANCED_FACE ( 'NONE', ( #6186 ), #2019, .T. ) ;
#7296 = CARTESIAN_POINT ( 'NONE',  ( 50.00000000000000000, 1.000000009251461597, 28.10000000750401128 ) ) ;
#7297 = ORIENTED_EDGE ( 'NONE', *, *, #6998, .T. ) ;
#7298 = CARTESIAN_POINT ( 'NONE',  ( 50.00000000000000000, 0.6850834414178444964, -26.30000000237517455 ) ) ;
#7299 = SURFACE_STYLE_USAGE ( .BOTH. , #6235 ) ;
#7300 = ORIENTED_EDGE ( 'NONE', *, *, #1397, .F. ) ;
#7301 =( NAMED_UNIT ( * ) PLANE_ANGLE_UNIT ( ) SI_UNIT ( $, .RADIAN. ) );
#7302 = CARTESIAN_POINT ( 'NONE',  ( -50.00000000000000000, 0.6999999898123481223, -26.30000000237518165 ) ) ;
#7303 = CARTESIAN_POINT ( 'NONE',  ( 50.00000000000000000, 4.999656187200979929, -27.74997438324669119 ) ) ;
#7304 =( LENGTH_UNIT ( ) NAMED_UNIT ( * ) SI_UNIT ( .MILLI., .METRE. ) );
#7305 = ORIENTED_EDGE ( 'NONE', *, *, #6371, .T. ) ;
#7306 = LINE ( 'NONE', #1355, #2268 ) ;
#7307 = CARTESIAN_POINT ( 'NONE',  ( 50.00000000000000000, -7.500000009615677143, 29.99999999947941376 ) ) ;
#7308 =( LENGTH_UNIT ( ) NAMED_UNIT ( * ) SI_UNIT ( .MILLI., .METRE. ) );
#7309 = LINE ( 'NONE', #4362, #3227 ) ;
#7310 = CARTESIAN_POINT ( 'NONE',  ( 50.00000000000000000, 4.999656189010014629, 27.75000000483201745 ) ) ;
#7311 = DIRECTION ( 'NONE',  ( -1.000000000000000000, -0.000000000000000000, -0.000000000000000000 ) ) ;
#7312 = ORIENTED_EDGE ( 'NONE', *, *, #6178, .F. ) ;
#7313 = CARTESIAN_POINT ( 'NONE',  ( 50.00000000000000000, 1.000000008530837592, 25.10000000474851589 ) ) ;
#7314 = ORIENTED_EDGE ( 'NONE', *, *, #311, .T. ) ;
#7315 = ADVANCED_FACE ( 'NONE', ( #5087 ), #7444, .F. ) ;
#7316 =( LENGTH_UNIT ( ) NAMED_UNIT ( * ) SI_UNIT ( .MILLI., .METRE. ) );
#7317 = DIRECTION ( 'NONE',  ( 1.000000000000000000, 0.000000000000000000, 0.000000000000000000 ) ) ;
#7318 = VECTOR ( 'NONE', #3950, 1000.000000000000000 ) ;
#7319 = CARTESIAN_POINT ( 'NONE',  ( 50.00000000000000000, 1.000000009251461597, 29.50000000456798332 ) ) ;
#7320 = CARTESIAN_POINT ( 'NONE',  ( 50.00000000000000000, -0.5000000100738536402, 29.99999999995303668 ) ) ;
#7321 = UNCERTAINTY_MEASURE_WITH_UNIT (LENGTH_MEASURE( 1.000000000000000082E-05 ), #7304, 'distance_accuracy_value', 'NONE');
#7322 = MECHANICAL_DESIGN_GEOMETRIC_PRESENTATION_REPRESENTATION (  '', ( #3851 ), #3586 ) ;
#7323 = ORIENTED_EDGE ( 'NONE', *, *, #367, .T. ) ;
#7324 = EDGE_LOOP ( 'NONE', ( #5835, #7685, #4609, #23 ) ) ;
#7325 = SURFACE_STYLE_FILL_AREA ( #381 ) ;
#7326 = DIRECTION ( 'NONE',  ( 0.000000000000000000, -0.000000000000000000, -1.000000000000000000 ) ) ;
#7327 = AXIS2_PLACEMENT_3D ( 'NONE', #6705, #2648, #5581 ) ;
#7328 = PRESENTATION_STYLE_ASSIGNMENT (( #5500 ) ) ;
#7329 = ORIENTED_EDGE ( 'NONE', *, *, #2198, .F. ) ;
#7330 = ORIENTED_EDGE ( 'NONE', *, *, #6991, .F. ) ;
#7331 = CARTESIAN_POINT ( 'NONE',  ( -50.00000000000000000, -9.800000003943328153, 22.99999999639312875 ) ) ;
#7332 = DIRECTION ( 'NONE',  ( -0.000000000000000000, -0.000000000000000000, -1.000000000000000000 ) ) ;
#7333 = EDGE_CURVE ( 'NONE', #45, #3216, #80, .T. ) ;
#7335 = CARTESIAN_POINT ( 'NONE',  ( -50.00000000000000000, -4.500000009792799460, -29.50000000505825781 ) ) ;
#7334 = AXIS2_PLACEMENT_3D ( 'NONE', #4568, #5210, #2776 ) ;
#7336 = EDGE_CURVE ( 'NONE', #3327, #1498, #4673, .T. ) ;
#7337 = CARTESIAN_POINT ( 'NONE',  ( 50.00000000000000000, -0.9999999977430840126, -27.54164377591239443 ) ) ;
#7338 = CARTESIAN_POINT ( 'NONE',  ( 50.00000000000000000, -5.850000009022488179, 27.74999999985019983 ) ) ;
#7339 = CONTEXT_DEPENDENT_SHAPE_REPRESENTATION ( #1708, #4219 ) ;
#7340 = CIRCLE ( 'NONE', #6209, 0.2999999999999947153 ) ;
#7341 = ORIENTED_EDGE ( 'NONE', *, *, #2651, .F. ) ;
#7342 = STYLED_ITEM ( 'NONE', ( #7387 ), #6421 ) ;
#7343 = SURFACE_STYLE_USAGE ( .BOTH. , #6121 ) ;
#7344 = CARTESIAN_POINT ( 'NONE',  ( 50.00000000000000000, -1.044502126945330511, 26.76167532813437688 ) ) ;
#7345 = DIRECTION ( 'NONE',  ( -1.000000000000000000, -0.000000000000000000, -0.000000000000000000 ) ) ;
#7346 = VECTOR ( 'NONE', #3676, 1000.000000000000114 ) ;
#7347 = CARTESIAN_POINT ( 'NONE',  ( -50.00000000000000000, -3.716140079806570906, -25.54619003962909929 ) ) ;
#7348 = ORIENTED_EDGE ( 'NONE', *, *, #1449, .F. ) ;
#7349 = COLOUR_RGB ( '',0.8980392156862745390, 0.9176470588235293713, 0.9294117647058823817 ) ;
#7350 = COLOUR_RGB ( '',0.8980392156862745390, 0.9176470588235293713, 0.9294117647058823817 ) ;
#7351 = DIRECTION ( 'NONE',  ( -1.000000000000000000, -0.000000000000000000, -0.000000000000000000 ) ) ;
#7352 = VERTEX_POINT ( 'NONE', #2900 ) ;
#7353 = CARTESIAN_POINT ( 'NONE',  ( -50.00000000000000000, -7.250435498092510755, 26.03299288143281132 ) ) ;
#7354 = DIRECTION ( 'NONE',  ( -1.000000000000000000, -0.000000000000000000, -0.000000000000000000 ) ) ;
#7355 = SURFACE_SIDE_STYLE ('',( #257 ) ) ;
#7356 = DIRECTION ( 'NONE',  ( -1.000000000000000000, -0.000000000000000000, -0.000000000000000000 ) ) ;
#7357 = AXIS2_PLACEMENT_3D ( 'NONE', #1202, #5360, #4746 ) ;
#7358 = CARTESIAN_POINT ( 'NONE',  ( 50.00000000000000000, -6.750609692321838828, -25.54619003961674295 ) ) ;
#7359 = SURFACE_SIDE_STYLE ('',( #4915 ) ) ;
#7360 = ORIENTED_EDGE ( 'NONE', *, *, #421, .T. ) ;
#7361 = ADVANCED_FACE ( 'NONE', ( #5259 ), #428, .F. ) ;
#7362 = PRESENTATION_LAYER_ASSIGNMENT (  '', '', ( #3393 ) ) ;
#7363 = VERTEX_POINT ( 'NONE', #5730 ) ;
#7364 = SURFACE_STYLE_FILL_AREA ( #4999 ) ;
#7365 = ORIENTED_EDGE ( 'NONE', *, *, #4491, .F. ) ;
#7366 = CARTESIAN_POINT ( 'NONE',  ( 50.00000000000000000, 8.500000018423346404, -25.99999999486307800 ) ) ;
#7367 = COLOUR_RGB ( '',0.8980392156862745390, 0.9176470588235293713, 0.9294117647058823817 ) ;
#7368 = PLANE ( 'NONE',  #19 ) ;
#7369 = STYLED_ITEM ( 'NONE', ( #3369 ), #2450 ) ;
#7370 = FILL_AREA_STYLE_COLOUR ( '', #5705 ) ;
#7371 = COLOUR_RGB ( '',0.8980392156862745390, 0.9176470588235293713, 0.9294117647058823817 ) ;
#7372 = EDGE_LOOP ( 'NONE', ( #5042, #3633, #4476, #3400 ) ) ;
#7373 = FILL_AREA_STYLE ('',( #1549 ) ) ;
#7374 = ORIENTED_EDGE ( 'NONE', *, *, #6763, .F. ) ;
#7375 = SURFACE_STYLE_FILL_AREA ( #3374 ) ;
#7376 = DIRECTION ( 'NONE',  ( -1.000000000000000000, -0.000000000000000000, -0.000000000000000000 ) ) ;
#7377 = SURFACE_STYLE_USAGE ( .BOTH. , #6940 ) ;
#7378 = SURFACE_STYLE_FILL_AREA ( #5061 ) ;
#7379 = CARTESIAN_POINT ( 'NONE',  ( 50.00000000000000000, -1.300000009744673113, -29.90000000523240686 ) ) ;
#7380 = PRODUCT_CONTEXT ( 'NONE', #3983, 'mechanical' ) ;
#7381 = ADVANCED_FACE ( 'NONE', ( #7012 ), #6930, .F. ) ;
#7382 = VERTEX_POINT ( 'NONE', #10 ) ;
#7383 = MECHANICAL_DESIGN_GEOMETRIC_PRESENTATION_REPRESENTATION (  '', ( #6376 ), #5036 ) ;
#7384 = EDGE_CURVE ( 'NONE', #4879, #1973, #4140, .T. ) ;
#7385 =( GEOMETRIC_REPRESENTATION_CONTEXT ( 3 ) GLOBAL_UNCERTAINTY_ASSIGNED_CONTEXT ( ( #2473 ) ) GLOBAL_UNIT_ASSIGNED_CONTEXT ( ( #3081, #4243, #4286 ) ) REPRESENTATION_CONTEXT ( 'NONE', 'WORKASPACE' ) );
#7386 = ADVANCED_FACE ( 'NONE', ( #3089 ), #2943, .F. ) ;
#7387 = PRESENTATION_STYLE_ASSIGNMENT (( #856 ) ) ;
#7388 = DIRECTION ( 'NONE',  ( 1.000000000000000000, 0.000000000000000000, -0.000000000000000000 ) ) ;
#7389 = UNCERTAINTY_MEASURE_WITH_UNIT (LENGTH_MEASURE( 1.000000000000000082E-05 ), #446, 'distance_accuracy_value', 'NONE');
#7390 = DIRECTION ( 'NONE',  ( 0.000000000000000000, -0.06975647374401147682, 0.9975640502598321913 ) ) ;
#7391 = AXIS2_PLACEMENT_3D ( 'NONE', #6584, #3743, #3624 ) ;
#7392 = LINE ( 'NONE', #5107, #6710 ) ;
#7393 = VECTOR ( 'NONE', #4223, 1000.000000000000000 ) ;
#7394 = CARTESIAN_POINT ( 'NONE',  ( 50.00000000000000000, -0.9999999961898385914, 27.54164377699888533 ) ) ;
#7395 = UNCERTAINTY_MEASURE_WITH_UNIT (LENGTH_MEASURE( 1.000000000000000082E-05 ), #5699, 'distance_accuracy_value', 'NONE');
#7396 = VERTEX_POINT ( 'NONE', #5917 ) ;
#7397 = CIRCLE ( 'NONE', #4666, 2.000000000496771069 ) ;
#7398 = DIRECTION ( 'NONE',  ( -1.000000000000000000, -0.000000000000000000, -0.000000000000000000 ) ) ;
#7399 = ORIENTED_EDGE ( 'NONE', *, *, #4753, .T. ) ;
#7400 =( NAMED_UNIT ( * ) SI_UNIT ( $, .STERADIAN. ) SOLID_ANGLE_UNIT ( ) );
#7401 = PLANE ( 'NONE',  #5969 ) ;
#7402 = MECHANICAL_DESIGN_GEOMETRIC_PRESENTATION_REPRESENTATION (  '', ( #3659 ), #5405 ) ;
#7403 = CARTESIAN_POINT ( 'NONE',  ( 50.00000000000000000, -2.621317551728906903, 25.79999999990381809 ) ) ;
#7404 = VERTEX_POINT ( 'NONE', #7087 ) ;
#7405 = VECTOR ( 'NONE', #711, 1000.000000000000000 ) ;
#7406 = AXIS2_PLACEMENT_3D ( 'NONE', #4257, #3511, #1177 ) ;
#7407 = ORIENTED_EDGE ( 'NONE', *, *, #964, .F. ) ;
#7408 = CARTESIAN_POINT ( 'NONE',  ( -50.00000000000000000, -2.500000009840150028, 31.49999999987265653 ) ) ;
#7409 = VERTEX_POINT ( 'NONE', #606 ) ;
#7410 = DIRECTION ( 'NONE',  ( 1.000000000000000000, 0.000000000000000000, 0.000000000000000000 ) ) ;
#7411 = FILL_AREA_STYLE ('',( #761 ) ) ;
#7412 = CARTESIAN_POINT ( 'NONE',  ( 50.00000000000000000, -4.000000009635683362, -30.00000000499974462 ) ) ;
#7413 = COLOUR_RGB ( '',0.8980392156862745390, 0.9176470588235293713, 0.9294117647058823817 ) ;
#7414 = VERTEX_POINT ( 'NONE', #2395 ) ;
#7415 = DIRECTION ( 'NONE',  ( 0.000000000000000000, -1.000000000000000000, 0.000000000000000000 ) ) ;
#7416 =( NAMED_UNIT ( * ) SI_UNIT ( $, .STERADIAN. ) SOLID_ANGLE_UNIT ( ) );
#7417 = EDGE_LOOP ( 'NONE', ( #3927, #2046, #4492, #967 ) ) ;
#7418 = SURFACE_SIDE_STYLE ('',( #1433 ) ) ;
#7419 = COLOUR_RGB ( '',0.8980392156862745390, 0.9176470588235293713, 0.9294117647058823817 ) ;
#7420 = EDGE_CURVE ( 'NONE', #746, #3860, #2329, .T. ) ;
#7421 = FACE_OUTER_BOUND ( 'NONE', #4463, .T. ) ;
#7422 = DIRECTION ( 'NONE',  ( -1.000000000000000000, 0.000000000000000000, -0.000000000000000000 ) ) ;
#7423 = FILL_AREA_STYLE_COLOUR ( '', #2676 ) ;
#7424 = VERTEX_POINT ( 'NONE', #5295 ) ;
#7425 = CARTESIAN_POINT ( 'NONE',  ( 50.00000000000000000, 2.500000016285745641, -29.99999999486128388 ) ) ;
#7426 = FILL_AREA_STYLE ('',( #859 ) ) ;
#7427 = LINE ( 'NONE', #5070, #3372 ) ;
#7428 = DIRECTION ( 'NONE',  ( 0.000000000000000000, 0.000000000000000000, -1.000000000000000000 ) ) ;
#7429 = ORIENTED_EDGE ( 'NONE', *, *, #1150, .F. ) ;
#7430 = ORIENTED_EDGE ( 'NONE', *, *, #5023, .F. ) ;
#7431 = LINE ( 'NONE', #2124, #5884 ) ;
#7432 = CARTESIAN_POINT ( 'NONE',  ( 50.00000000000000000, 3.299656187376970973, -25.09997438303970441 ) ) ;
#7433 = EDGE_CURVE ( 'NONE', #4905, #1780, #4758, .T. ) ;
#7434 =( LENGTH_UNIT ( ) NAMED_UNIT ( * ) SI_UNIT ( .MILLI., .METRE. ) );
#7435 = FILL_AREA_STYLE_COLOUR ( '', #6618 ) ;
#7436 = DIRECTION ( 'NONE',  ( 0.000000000000000000, 0.000000000000000000, 1.000000000000000000 ) ) ;
#7437 = EDGE_LOOP ( 'NONE', ( #5242, #6435, #3790, #6459 ) ) ;
#7438 = VERTEX_POINT ( 'NONE', #689 ) ;
#7439 = ORIENTED_EDGE ( 'NONE', *, *, #6622, .T. ) ;
#7440 = DIRECTION ( 'NONE',  ( 0.000000000000000000, -0.000000000000000000, -1.000000000000000000 ) ) ;
#7441 = AXIS2_PLACEMENT_3D ( 'NONE', #1856, #3064, #106 ) ;
#7442 =( NAMED_UNIT ( * ) SI_UNIT ( $, .STERADIAN. ) SOLID_ANGLE_UNIT ( ) );
#7443 = FILL_AREA_STYLE ('',( #5086 ) ) ;
#7444 = PLANE ( 'NONE',  #6519 ) ;
#7445 = CIRCLE ( 'NONE', #1360, 2.000000000276239032 ) ;
#7446 = DIRECTION ( 'NONE',  ( -0.000000000000000000, -0.000000000000000000, 1.000000000000000000 ) ) ;
#7447 = AXIS2_PLACEMENT_3D ( 'NONE', #2379, #4735, #1594 ) ;
#7448 = ORIENTED_EDGE ( 'NONE', *, *, #1685, .F. ) ;
#7449 = DIRECTION ( 'NONE',  ( 1.000000000000000000, 0.000000000000000000, -0.000000000000000000 ) ) ;
#7450 = CARTESIAN_POINT ( 'NONE',  ( 50.00000000000000000, 1.000000008530837592, 25.10000000474851589 ) ) ;
#7451 = ORIENTED_EDGE ( 'NONE', *, *, #4192, .F. ) ;
#7452 = SURFACE_STYLE_USAGE ( .BOTH. , #6747 ) ;
#7453 = CARTESIAN_POINT ( 'NONE',  ( 50.00000000000000000, -6.750609693278262213, 26.04619003422375911 ) ) ;
#7454 = PRESENTATION_STYLE_ASSIGNMENT (( #3309 ) ) ;
#7455 = FACE_OUTER_BOUND ( 'NONE', #142, .T. ) ;
#7456 =( NAMED_UNIT ( * ) SI_UNIT ( $, .STERADIAN. ) SOLID_ANGLE_UNIT ( ) );
#7457 =( NAMED_UNIT ( * ) PLANE_ANGLE_UNIT ( ) SI_UNIT ( $, .RADIAN. ) );
#7458 = UNCERTAINTY_MEASURE_WITH_UNIT (LENGTH_MEASURE( 1.000000000000000082E-05 ), #1213, 'distance_accuracy_value', 'NONE');
#7459 = DIRECTION ( 'NONE',  ( -1.000000000000000000, -0.000000000000000000, -0.000000000000000000 ) ) ;
#7460 = CARTESIAN_POINT ( 'NONE',  ( -50.00000000000000000, -5.850000009022488179, 27.74999999985019983 ) ) ;
#7461 = MECHANICAL_DESIGN_GEOMETRIC_PRESENTATION_REPRESENTATION (  '', ( #6454 ), #4729 ) ;
#7462 = ORIENTED_EDGE ( 'NONE', *, *, #4718, .T. ) ;
#7463 = FILL_AREA_STYLE ('',( #3457 ) ) ;
#7464 = VECTOR ( 'NONE', #3895, 1000.000000000000000 ) ;
#7465 = CARTESIAN_POINT ( 'NONE',  ( -50.00000000000000000, -8.546190037690342578, 23.49999999640830950 ) ) ;
#7466 = ORIENTED_EDGE ( 'NONE', *, *, #3318, .F. ) ;
#7467 = MECHANICAL_DESIGN_GEOMETRIC_PRESENTATION_REPRESENTATION (  '', ( #7342 ), #4001 ) ;
#7468 = ORIENTED_EDGE ( 'NONE', *, *, #6910, .F. ) ;
#7469 = AXIS2_PLACEMENT_3D ( 'NONE', #2956, #4156, #1225 ) ;
#7470 = EDGE_CURVE ( 'NONE', #4994, #2135, #1735, .T. ) ;
#7471 = EDGE_CURVE ( 'NONE', #373, #6336, #2435, .T. ) ;
#7472 = ORIENTED_EDGE ( 'NONE', *, *, #2089, .T. ) ;
#7473 = MECHANICAL_DESIGN_GEOMETRIC_PRESENTATION_REPRESENTATION (  '', ( #2032 ), #4747 ) ;
#7474 = CARTESIAN_POINT ( 'NONE',  ( -50.00000000000000000, -11.60000000952259569, -23.50000000451121807 ) ) ;
#7475 =( GEOMETRIC_REPRESENTATION_CONTEXT ( 3 ) GLOBAL_UNCERTAINTY_ASSIGNED_CONTEXT ( ( #48 ) ) GLOBAL_UNIT_ASSIGNED_CONTEXT ( ( #7434, #4485, #4529 ) ) REPRESENTATION_CONTEXT ( 'NONE', 'WORKASPACE' ) );
#7476 = EDGE_LOOP ( 'NONE', ( #5714, #274, #741, #7071 ) ) ;
#7477 = DIRECTION ( 'NONE',  ( -1.000000000000000000, -0.000000000000000000, -0.000000000000000000 ) ) ;
#7478 =( NAMED_UNIT ( * ) PLANE_ANGLE_UNIT ( ) SI_UNIT ( $, .RADIAN. ) );
#7479 = VECTOR ( 'NONE', #5322, 1000.000000000000000 ) ;
#7480 = AXIS2_PLACEMENT_3D ( 'NONE', #7453, #1478, #2183 ) ;
#7481 = CARTESIAN_POINT ( 'NONE',  ( 50.00000000000000000, -5.850000010672388839, -27.75000000524338617 ) ) ;
#7482 = ORIENTED_EDGE ( 'NONE', *, *, #6998, .F. ) ;
#7483 = MECHANICAL_DESIGN_GEOMETRIC_PRESENTATION_REPRESENTATION (  '', ( #4646 ), #2289 ) ;
#7484 = DIRECTION ( 'NONE',  ( 0.000000000000000000, 1.000000000000000000, 0.000000000000000000 ) ) ;
#7485 = EDGE_LOOP ( 'NONE', ( #2476, #2079, #1660, #585 ) ) ;
#7486 =( NAMED_UNIT ( * ) PLANE_ANGLE_UNIT ( ) SI_UNIT ( $, .RADIAN. ) );
#7487 = PRESENTATION_LAYER_ASSIGNMENT (  '', '', ( #6106 ) ) ;
#7488 = FILL_AREA_STYLE ('',( #6828 ) ) ;
#7490 = DIRECTION ( 'NONE',  ( -1.000000000000000000, -0.000000000000000000, -0.000000000000000000 ) ) ;
#7489 = COLOUR_RGB ( '',0.8980392156862745390, 0.9176470588235293713, 0.9294117647058823817 ) ;
#7491 = SURFACE_STYLE_FILL_AREA ( #471 ) ;
#7492 = FACE_OUTER_BOUND ( 'NONE', #218, .T. ) ;
#7493 = PLANE ( 'NONE',  #1866 ) ;
#7494 = DIRECTION ( 'NONE',  ( 0.000000000000000000, 0.000000000000000000, -1.000000000000000000 ) ) ;
#7495 = AXIS2_PLACEMENT_3D ( 'NONE', #5700, #395, #2765 ) ;
#7496 = EDGE_CURVE ( 'NONE', #139, #95, #4217, .T. ) ;
#7497 = CARTESIAN_POINT ( 'NONE',  ( 50.00000000000000000, 4.999656189010014629, 26.04619003938229582 ) ) ;
#7498 = CIRCLE ( 'NONE', #4419, 0.3000000000276462075 ) ;
#7499 = ORIENTED_EDGE ( 'NONE', *, *, #4063, .T. ) ;
#7500 = PRESENTATION_LAYER_ASSIGNMENT (  '', '', ( #5867 ) ) ;
#7501 = DIRECTION ( 'NONE',  ( 0.000000000000000000, 1.000000000000000000, 0.000000000000000000 ) ) ;
#7502 = AXIS2_PLACEMENT_3D ( 'NONE', #1217, #1180, #5921 ) ;
#7503 = DIRECTION ( 'NONE',  ( -0.000000000000000000, 1.000000000000000000, 0.000000000000000000 ) ) ;
#7504 = COLOUR_RGB ( '',0.8980392156862745390, 0.9176470588235293713, 0.9294117647058823817 ) ;
#7505 = CARTESIAN_POINT ( 'NONE',  ( 50.00000000000000000, -8.046190043341447051, -24.25060968765524549 ) ) ;
#7506 = MECHANICAL_DESIGN_GEOMETRIC_PRESENTATION_REPRESENTATION (  '', ( #4425 ), #6005 ) ;
#7507 = EDGE_CURVE ( 'NONE', #4203, #1515, #101, .T. ) ;
#7508 = DIRECTION ( 'NONE',  ( 0.000000000000000000, 0.000000000000000000, 1.000000000000000000 ) ) ;
#7509 = PRESENTATION_STYLE_ASSIGNMENT (( #4607 ) ) ;
#7510 = AXIS2_PLACEMENT_3D ( 'NONE', #4324, #4782, #1353 ) ;
#7511 =( GEOMETRIC_REPRESENTATION_CONTEXT ( 3 ) GLOBAL_UNCERTAINTY_ASSIGNED_CONTEXT ( ( #2449 ) ) GLOBAL_UNIT_ASSIGNED_CONTEXT ( ( #4027, #39, #1650 ) ) REPRESENTATION_CONTEXT ( 'NONE', 'WORKASPACE' ) );
#7512 = ORIENTED_EDGE ( 'NONE', *, *, #165, .F. ) ;
#7513 = VECTOR ( 'NONE', #7484, 1000.000000000000000 ) ;
#7514 = ORIENTED_EDGE ( 'NONE', *, *, #5657, .T. ) ;
#7515 = CARTESIAN_POINT ( 'NONE',  ( 50.00000000000000000, 1.000000009251628130, 31.50000000456998350 ) ) ;
#7516 = AXIS2_PLACEMENT_3D ( 'NONE', #3136, #191, #4432 ) ;
#7517 = EDGE_LOOP ( 'NONE', ( #3505, #7065, #5377, #7626 ) ) ;
#7518 = SURFACE_STYLE_USAGE ( .BOTH. , #5124 ) ;
#7519 = SURFACE_SIDE_STYLE ('',( #3834 ) ) ;
#7520 = EDGE_CURVE ( 'NONE', #2429, #7669, #4836, .T. ) ;
#7521 = COLOUR_RGB ( '',0.8980392156862745390, 0.9176470588235293713, 0.9294117647058823817 ) ;
#7522 = CARTESIAN_POINT ( 'NONE',  ( 50.00000000000000000, 8.500000009651870414, 26.00000000423863256 ) ) ;
#7523 = DIRECTION ( 'NONE',  ( 1.000000000000000000, 0.000000000000000000, 0.000000000000000000 ) ) ;
#7524 = EDGE_CURVE ( 'NONE', #746, #2301, #1823, .T. ) ;
#7525 = EDGE_CURVE ( 'NONE', #4919, #4994, #3698, .T. ) ;
#7526 = VECTOR ( 'NONE', #1886, 1000.000000000000114 ) ;
#7527 = CARTESIAN_POINT ( 'NONE',  ( 50.00000000000000000, -1.499999997720311118, -27.05835622831537179 ) ) ;
#7528 = ORIENTED_EDGE ( 'NONE', *, *, #369, .F. ) ;
#7529 = CYLINDRICAL_SURFACE ( 'NONE', #1690, 0.3000000000000536682 ) ;
#7530 = ORIENTED_EDGE ( 'NONE', *, *, #7215, .T. ) ;
#7531 = SURFACE_STYLE_USAGE ( .BOTH. , #6978 ) ;
#7532 = CARTESIAN_POINT ( 'NONE',  ( -50.00000000000000000, 3.299656189186019883, 27.75000000483201745 ) ) ;
#7533 = ADVANCED_FACE ( 'NONE', ( #6094 ), #2009, .F. ) ;
#7534 = DIRECTION ( 'NONE',  ( -0.000000000000000000, 0.9889363528382869584, -0.1483404531303145202 ) ) ;
#7535 = AXIS2_PLACEMENT_3D ( 'NONE', #2696, #5014, #889 ) ;
#7536 = FILL_AREA_STYLE_COLOUR ( '', #6598 ) ;
#7537 = AXIS2_PLACEMENT_3D ( 'NONE', #5178, #7503, #6886 ) ;
#7538 = ORIENTED_EDGE ( 'NONE', *, *, #5323, .F. ) ;
#7539 = PRESENTATION_STYLE_ASSIGNMENT (( #1528 ) ) ;
#7540 = LINE ( 'NONE', #6409, #4283 ) ;
#7541 = FILL_AREA_STYLE ('',( #1063 ) ) ;
#7542 = EDGE_LOOP ( 'NONE', ( #5776, #5420, #7048, #2104 ) ) ;
#7543 = ORIENTED_EDGE ( 'NONE', *, *, #2522, .T. ) ;
#7544 = CARTESIAN_POINT ( 'NONE',  ( 50.00000000000000000, 0.9999999898123559383, -25.10000000536236087 ) ) ;
#7545 = EDGE_LOOP ( 'NONE', ( #5454, #7622, #4129, #694 ) ) ;
#7546 = DIRECTION ( 'NONE',  ( 0.000000000000000000, 1.000000000000000000, 0.000000000000000000 ) ) ;
#7547 = DIRECTION ( 'NONE',  ( 0.000000000000000000, 0.000000000000000000, 1.000000000000000000 ) ) ;
#7548 = PLANE ( 'NONE',  #7110 ) ;
#7549 = FILL_AREA_STYLE ('',( #4583 ) ) ;
#7550 = VECTOR ( 'NONE', #6150, 1000.000000000000000 ) ;
#7551 = DIRECTION ( 'NONE',  ( 0.000000000000000000, 0.000000000000000000, -1.000000000000000000 ) ) ;
#7552 = ORIENTED_EDGE ( 'NONE', *, *, #4333, .T. ) ;
#7553 = SURFACE_STYLE_USAGE ( .BOTH. , #3559 ) ;
#7554 = DIRECTION ( 'NONE',  ( -1.000000000000000000, -0.000000000000000000, -0.000000000000000000 ) ) ;
#7555 = LINE ( 'NONE', #3518, #915 ) ;
#7556 = DIRECTION ( 'NONE',  ( 0.000000000000000000, -1.000000000000000000, 0.000000000000000000 ) ) ;
#7557 = VECTOR ( 'NONE', #7055, 1000.000000000000000 ) ;
#7558 = STYLED_ITEM ( 'NONE', ( #1630 ), #1068 ) ;
#7559 = VECTOR ( 'NONE', #3813, 1000.000000000000000 ) ;
#7560 = CARTESIAN_POINT ( 'NONE',  ( 50.00000000000000000, -1.299999991024114454, 27.05835623398859369 ) ) ;
#7561 = UNCERTAINTY_MEASURE_WITH_UNIT (LENGTH_MEASURE( 1.000000000000000082E-05 ), #1455, 'distance_accuracy_value', 'NONE');
#7562 = ADVANCED_FACE ( 'NONE', ( #137 ), #1462, .F. ) ;
#7563 = SURFACE_SIDE_STYLE ('',( #4008 ) ) ;
#7564 = EDGE_CURVE ( 'NONE', #7382, #252, #6175, .T. ) ;
#7565 = DIRECTION ( 'NONE',  ( -1.000000000000000000, -0.000000000000000000, -0.000000000000000000 ) ) ;
#7566 = MECHANICAL_DESIGN_GEOMETRIC_PRESENTATION_REPRESENTATION (  '', ( #1118 ), #2628 ) ;
#7567 = PRESENTATION_STYLE_ASSIGNMENT (( #2229 ) ) ;
#7568 = CARTESIAN_POINT ( 'NONE',  ( 50.00000000000000000, -4.000000009635709119, -29.50000000500024910 ) ) ;
#7569 = PRESENTATION_STYLE_ASSIGNMENT (( #5204 ) ) ;
#7570 = EDGE_LOOP ( 'NONE', ( #6658, #4532, #7466, #5958 ) ) ;
#7571 = AXIS2_PLACEMENT_3D ( 'NONE', #3414, #4111, #3375 ) ;
#7572 = CARTESIAN_POINT ( 'NONE',  ( -50.00000000000000000, -12.50000000940639922, -23.50000000451121807 ) ) ;
#7573 = FACE_OUTER_BOUND ( 'NONE', #1451, .T. ) ;
#7574 = PRODUCT ( 'SC-FT60x25-2-K188', 'SC-FT60x25-2-K188', '', ( #243 ) ) ;
#7575 = DIRECTION ( 'NONE',  ( 0.000000000000000000, 0.000000000000000000, -1.000000000000000000 ) ) ;
#7576 = CARTESIAN_POINT ( 'NONE',  ( 50.00000000000000000, 3.299656187376970973, -27.74997438324669119 ) ) ;
#7577 = CIRCLE ( 'NONE', #2011, 0.5000000000241512366 ) ;
#7578 = ORIENTED_EDGE ( 'NONE', *, *, #2966, .F. ) ;
#7579 = AXIS2_PLACEMENT_3D ( 'NONE', #213, #2739, #2709 ) ;
#7580 = CIRCLE ( 'NONE', #4245, 0.9999999999125187555 ) ;
#7581 = ORIENTED_EDGE ( 'NONE', *, *, #79, .F. ) ;
#7582 = ORIENTED_EDGE ( 'NONE', *, *, #5311, .F. ) ;
#7583 = FILL_AREA_STYLE ('',( #5189 ) ) ;
#7584 = CARTESIAN_POINT ( 'NONE',  ( 50.00000000000000000, -3.716140078100125255, 25.54619003423594492 ) ) ;
#7585 = VECTOR ( 'NONE', #267, 1000.000000000000000 ) ;
#7586 = FACE_OUTER_BOUND ( 'NONE', #2332, .T. ) ;
#7587 = EDGE_CURVE ( 'NONE', #5334, #4085, #4306, .T. ) ;
#7588 = AXIS2_PLACEMENT_3D ( 'NONE', #75, #3565, #5392 ) ;
#7589 = SURFACE_SIDE_STYLE ('',( #6932 ) ) ;
#7590 = VECTOR ( 'NONE', #1064, 999.9999999999998863 ) ;
#7591 =( NAMED_UNIT ( * ) SI_UNIT ( $, .STERADIAN. ) SOLID_ANGLE_UNIT ( ) );
#7592 = DIRECTION ( 'NONE',  ( 0.000000000000000000, 1.000000000000000000, 0.000000000000000000 ) ) ;
#7593 = ORIENTED_EDGE ( 'NONE', *, *, #5752, .F. ) ;
#7594 =( NAMED_UNIT ( * ) SI_UNIT ( $, .STERADIAN. ) SOLID_ANGLE_UNIT ( ) );
#7595 =( NAMED_UNIT ( * ) PLANE_ANGLE_UNIT ( ) SI_UNIT ( $, .RADIAN. ) );
#7596 = AXIS2_PLACEMENT_3D ( 'NONE', #4943, #7311, #7428 ) ;
#7597 = SURFACE_STYLE_USAGE ( .BOTH. , #538 ) ;
#7598 =( LENGTH_UNIT ( ) NAMED_UNIT ( * ) SI_UNIT ( .MILLI., .METRE. ) );
#7599 = VECTOR ( 'NONE', #1349, 1000.000000000000000 ) ;
#7600 = DIRECTION ( 'NONE',  ( 0.000000000000000000, 0.000000000000000000, 1.000000000000000000 ) ) ;
#7601 = FACE_OUTER_BOUND ( 'NONE', #2358, .T. ) ;
#7602 = AXIS2_PLACEMENT_3D ( 'NONE', #7, #54, #5878 ) ;
#7603 = AXIS2_PLACEMENT_3D ( 'NONE', #762, #7252, #5955 ) ;
#7604 = ORIENTED_EDGE ( 'NONE', *, *, #1109, .T. ) ;
#7605 =( LENGTH_UNIT ( ) NAMED_UNIT ( * ) SI_UNIT ( .MILLI., .METRE. ) );
#7606 = CARTESIAN_POINT ( 'NONE',  ( 50.00000000000000000, -4.500000009792799460, -30.00000000499974817 ) ) ;
#7607 = PRESENTATION_LAYER_ASSIGNMENT (  '', '', ( #6873 ) ) ;
#7608 = AXIS2_PLACEMENT_3D ( 'NONE', #6402, #1755, #509 ) ;
#7609 = SURFACE_STYLE_FILL_AREA ( #6990 ) ;
#7610 = EDGE_CURVE ( 'NONE', #5064, #5764, #6809, .T. ) ;
#7611 =( NAMED_UNIT ( * ) SI_UNIT ( $, .STERADIAN. ) SOLID_ANGLE_UNIT ( ) );
#7612 = EDGE_CURVE ( 'NONE', #6192, #927, #825, .T. ) ;
#7613 = EDGE_CURVE ( 'NONE', #728, #969, #1949, .T. ) ;
#7614 = VERTEX_POINT ( 'NONE', #4705 ) ;
#7615 = AXIS2_PLACEMENT_3D ( 'NONE', #5667, #2610, #3220 ) ;
#7616 = CARTESIAN_POINT ( 'NONE',  ( 50.00000000000000000, 1.000000006508408701, -29.49999999423345898 ) ) ;
#7617 = LINE ( 'NONE', #4125, #460 ) ;
#7618 = FACE_OUTER_BOUND ( 'NONE', #736, .T. ) ;
#7619 = VECTOR ( 'NONE', #2094, 1000.000000000000000 ) ;
#7620 = PLANE ( 'NONE',  #3768 ) ;
#7621 = CIRCLE ( 'NONE', #5637, 0.3000000000000536682 ) ;
#7622 = ORIENTED_EDGE ( 'NONE', *, *, #3315, .F. ) ;
#7623 = CIRCLE ( 'NONE', #4781, 0.5000000000588388227 ) ;
#7624 = AXIS2_PLACEMENT_3D ( 'NONE', #6312, #5580, #6868 ) ;
#7625 = VECTOR ( 'NONE', #4400, 1000.000000000000000 ) ;
#7626 = ORIENTED_EDGE ( 'NONE', *, *, #3447, .T. ) ;
#7627 = ORIENTED_EDGE ( 'NONE', *, *, #1855, .T. ) ;
#7628 = DIRECTION ( 'NONE',  ( 1.000000000000000000, 0.000000000000000000, 0.000000000000000000 ) ) ;
#7629 =( GEOMETRIC_REPRESENTATION_CONTEXT ( 3 ) GLOBAL_UNCERTAINTY_ASSIGNED_CONTEXT ( ( #1332 ) ) GLOBAL_UNIT_ASSIGNED_CONTEXT ( ( #667, #6072, #6641 ) ) REPRESENTATION_CONTEXT ( 'NONE', 'WORKASPACE' ) );
#7630 = PRESENTATION_LAYER_ASSIGNMENT (  '', '', ( #2931 ) ) ;
#7631 = PRESENTATION_STYLE_ASSIGNMENT (( #1613 ) ) ;
#7632 = MECHANICAL_DESIGN_GEOMETRIC_PRESENTATION_REPRESENTATION (  '', ( #5773 ), #3055 ) ;
#7633 = DIRECTION ( 'NONE',  ( -1.000000000000000000, -0.000000000000000000, -0.000000000000000000 ) ) ;
#7634 = COLOUR_RGB ( '',0.8980392156862745390, 0.9176470588235293713, 0.9294117647058823817 ) ;
#7635 = LINE ( 'NONE', #4723, #5515 ) ;
#7636 = VERTEX_POINT ( 'NONE', #342 ) ;
#7637 = CARTESIAN_POINT ( 'NONE',  ( 50.00000000000000000, 2.500000009253489086, 30.00000000457420057 ) ) ;
#7638 = PRESENTATION_STYLE_ASSIGNMENT (( #7597 ) ) ;
#7639 = CARTESIAN_POINT ( 'NONE',  ( 50.00000000000000000, 2.500000009253489086, 30.00000000457420057 ) ) ;
#7640 = COLOUR_RGB ( '',0.8980392156862745390, 0.9176470588235293713, 0.9294117647058823817 ) ;
#7641 = ORIENTED_EDGE ( 'NONE', *, *, #4770, .F. ) ;
#7642 = DIRECTION ( 'NONE',  ( 0.000000000000000000, -0.000000000000000000, 1.000000000000000000 ) ) ;
#7643 = UNCERTAINTY_MEASURE_WITH_UNIT (LENGTH_MEASURE( 1.000000000000000082E-05 ), #3347, 'distance_accuracy_value', 'NONE');
#7644 = EDGE_CURVE ( 'NONE', #1428, #611, #4053, .T. ) ;
#7645 =( GEOMETRIC_REPRESENTATION_CONTEXT ( 3 ) GLOBAL_UNCERTAINTY_ASSIGNED_CONTEXT ( ( #7321 ) ) GLOBAL_UNIT_ASSIGNED_CONTEXT ( ( #7304, #4200, #1269 ) ) REPRESENTATION_CONTEXT ( 'NONE', 'WORKASPACE' ) );
#7646 = ORIENTED_EDGE ( 'NONE', *, *, #2089, .F. ) ;
#7647 = DIRECTION ( 'NONE',  ( -1.000000000000000000, -0.000000000000000000, -0.000000000000000000 ) ) ;
#7648 = FACE_OUTER_BOUND ( 'NONE', #6752, .T. ) ;
#7649 = SURFACE_STYLE_USAGE ( .BOTH. , #1156 ) ;
#7650 = LINE ( 'NONE', #6361, #517 ) ;
#7651 = CARTESIAN_POINT ( 'NONE',  ( -50.00000000000000000, 8.532992891370785316, 24.75043549219618555 ) ) ;
#7652 = VERTEX_POINT ( 'NONE', #1720 ) ;
#7653 = VECTOR ( 'NONE', #4509, 1000.000000000000000 ) ;
#7654 = FILL_AREA_STYLE ('',( #2933 ) ) ;
#7655 = DIRECTION ( 'NONE',  ( -0.000000000000000000, -0.000000000000000000, 1.000000000000000000 ) ) ;
#7656 = ORIENTED_EDGE ( 'NONE', *, *, #2223, .T. ) ;
#7657 = CARTESIAN_POINT ( 'NONE',  ( 50.00000000000000000, 5.499656189025753150, 26.04619003938229582 ) ) ;
#7658 = ORIENTED_EDGE ( 'NONE', *, *, #6284, .F. ) ;
#7659 = UNCERTAINTY_MEASURE_WITH_UNIT (LENGTH_MEASURE( 1.000000000000000082E-05 ), #7263, 'distance_accuracy_value', 'NONE');
#7660 = EDGE_CURVE ( 'NONE', #4817, #172, #5277, .T. ) ;
#7661 = VERTEX_POINT ( 'NONE', #6404 ) ;
#7662 = ADVANCED_FACE ( 'NONE', ( #2131 ), #1122, .T. ) ;
#7663 = CARTESIAN_POINT ( 'NONE',  ( -50.00000000000000000, 8.500000018423346404, -25.99999999486307800 ) ) ;
#7664 = FACE_OUTER_BOUND ( 'NONE', #1919, .T. ) ;
#7665 = CARTESIAN_POINT ( 'NONE',  ( -50.00000000000000000, -11.60000000952259569, -23.50000000451121807 ) ) ;
#7666 =( NAMED_UNIT ( * ) SI_UNIT ( $, .STERADIAN. ) SOLID_ANGLE_UNIT ( ) );
#7667 =( NAMED_UNIT ( * ) SI_UNIT ( $, .STERADIAN. ) SOLID_ANGLE_UNIT ( ) );
#7668 = CARTESIAN_POINT ( 'NONE',  ( 50.00000000000000000, 0.6850834425882190715, 26.30000000293866691 ) ) ;
#7669 = VERTEX_POINT ( 'NONE', #1160 ) ;
#7670 = CARTESIAN_POINT ( 'NONE',  ( 50.00000000000000000, 8.546190043056190788, -23.49997438438152031 ) ) ;
#7671 = EDGE_LOOP ( 'NONE', ( #653, #6732, #1705, #2753 ) ) ;
#7672 = DIRECTION ( 'NONE',  ( 0.000000000000000000, 0.06975647374412563551, 0.9975640502598243087 ) ) ;
#7673 = CARTESIAN_POINT ( 'NONE',  ( -50.00000000000000000, 11.60000001576112716, -23.49999999595059208 ) ) ;
#7674 = SURFACE_STYLE_FILL_AREA ( #579 ) ;
#7675 = SURFACE_STYLE_USAGE ( .BOTH. , #2372 ) ;
#7676 = VERTEX_POINT ( 'NONE', #7651 ) ;
#7677 =( LENGTH_UNIT ( ) NAMED_UNIT ( * ) SI_UNIT ( .MILLI., .METRE. ) );
#7678 = ORIENTED_EDGE ( 'NONE', *, *, #5521, .T. ) ;
#7679 = CARTESIAN_POINT ( 'NONE',  ( 50.00000000000000000, -1.000000009732037176, 29.49999999995378630 ) ) ;
#7680 = DIRECTION ( 'NONE',  ( 1.000000000000000000, 0.000000000000000000, -0.000000000000000000 ) ) ;
#7681 = AXIS2_PLACEMENT_3D ( 'NONE', #5046, #7410, #5571 ) ;
#7682 = STYLED_ITEM ( 'NONE', ( #5726 ), #4860 ) ;
#7683 = FILL_AREA_STYLE ('',( #7177 ) ) ;
#7684 = EDGE_CURVE ( 'NONE', #590, #346, #7070, .T. ) ;
#7685 = ORIENTED_EDGE ( 'NONE', *, *, #1788, .F. ) ;
#7686 = PLANE ( 'NONE',  #2020 ) ;
#7687 = NEXT_ASSEMBLY_USAGE_OCCURRENCE ( 'NAUO1', ' ', ' ', #1695, #3534, $ ) ;
#7688 = NEXT_ASSEMBLY_USAGE_OCCURRENCE ( 'NAUO2', ' ', ' ', #1695, #1460, $ ) ;
ENDSEC;
END-ISO-10303-21;
