ISO-10303-21;
HEADER;
FILE_DESCRIPTION (( 'STEP AP214' ),
    '1' );
FILE_NAME ('SC-FT250X54-K502.STEP',
    '2026-07-10T03:47:15',
    ( '' ),
    ( '' ),
    'SwSTEP 2.0',
    'SolidWorks 2022',
    '' );
FILE_SCHEMA (( 'AUTOMOTIVE_DESIGN' ));
ENDSEC;

DATA;
#1 = PLANE ( 'NONE',  #6425 ) ;
#2 = FACE_OUTER_BOUND ( 'NONE', #2053, .T. ) ;
#3 = ORIENTED_EDGE ( 'NONE', *, *, #3837, .F. ) ;
#4 = ORIENTED_EDGE ( 'NONE', *, *, #924, .T. ) ;
#5 = LINE ( 'NONE', #5231, #3393 ) ;
#6 = EDGE_CURVE ( 'NONE', #1115, #1594, #2169, .T. ) ;
#7 = DIRECTION ( 'NONE',  ( -1.000000000000000000, -0.000000000000000000, -0.000000000000000000 ) ) ;
#8 = CARTESIAN_POINT ( 'NONE',  ( -125.0000000000000000, -5.259999999866640685, -119.9999999997910862 ) ) ;
#9 = CARTESIAN_POINT ( 'NONE',  ( 125.0000000000000000, -5.259999999803081749, -117.0000000001185896 ) ) ;
#10 = ORIENTED_EDGE ( 'NONE', *, *, #6105, .F. ) ;
#11 = VERTEX_POINT ( 'NONE', #7479 ) ;
#12 = VERTEX_POINT ( 'NONE', #2130 ) ;
#13 = EDGE_CURVE ( 'NONE', #3381, #1417, #1085, .T. ) ;
#14 = ADVANCED_FACE ( 'NONE', ( #939 ), #3354, .F. ) ;
#15 = DIRECTION ( 'NONE',  ( 0.000000000000000000, 0.000000000000000000, 1.000000000000000000 ) ) ;
#16 = EDGE_LOOP ( 'NONE', ( #2399, #1107, #116, #4416 ) ) ;
#17 = CARTESIAN_POINT ( 'NONE',  ( 125.0000000000000000, 19.75999999980918886, 120.0846308026180367 ) ) ;
#18 = DIRECTION ( 'NONE',  ( 1.000000000000000000, 0.000000000000000000, 0.000000000000000000 ) ) ;
#19 = CARTESIAN_POINT ( 'NONE',  ( 125.0000000000000000, -3.209999999866421927, 115.8305745825086319 ) ) ;
#20 = DIRECTION ( 'NONE',  ( 0.000000000000000000, -0.000000000000000000, 1.000000000000000000 ) ) ;
#21 = ORIENTED_EDGE ( 'NONE', *, *, #6990, .F. ) ;
#22 = EDGE_CURVE ( 'NONE', #2657, #1330, #359, .T. ) ;
#23 = ADVANCED_FACE ( 'NONE', ( #1661 ), #4452, .F. ) ;
#24 = CYLINDRICAL_SURFACE ( 'NONE', #5462, 0.1999999999998530731 ) ;
#25 = CARTESIAN_POINT ( 'NONE',  ( -125.0000000000000000, 26.00999999980916755, 125.0000000001181490 ) ) ;
#26 = DIRECTION ( 'NONE',  ( 0.000000000000000000, -1.000000000000000000, 0.000000000000000000 ) ) ;
#27 = CARTESIAN_POINT ( 'NONE',  ( 125.0000000000000000, -20.07061230870002433, 1.235176059472875565 ) ) ;
#28 = ORIENTED_EDGE ( 'NONE', *, *, #4695, .T. ) ;
#29 = CYLINDRICAL_SURFACE ( 'NONE', #1314, 3.000000000007561507 ) ;
#30 = CYLINDRICAL_SURFACE ( 'NONE', #3242, 1.500000000000323963 ) ;
#31 = CARTESIAN_POINT ( 'NONE',  ( 125.0000000000000000, -9.259999999866671772, -124.9999999997909725 ) ) ;
#32 = LINE ( 'NONE', #1574, #2813 ) ;
#33 = CARTESIAN_POINT ( 'NONE',  ( -125.0000000000000000, 16.50999999980921373, 120.0846308026180367 ) ) ;
#34 = EDGE_CURVE ( 'NONE', #6112, #572, #963, .T. ) ;
#35 = ORIENTED_EDGE ( 'NONE', *, *, #155, .T. ) ;
#36 = ORIENTED_EDGE ( 'NONE', *, *, #6868, .T. ) ;
#37 = CARTESIAN_POINT ( 'NONE',  ( 125.0000000000000000, -12.96109210085998598, 115.0000000001959108 ) ) ;
#38 = DIRECTION ( 'NONE',  ( 1.000000000000000000, 0.000000000000000000, 0.000000000000000000 ) ) ;
#39 = DIRECTION ( 'NONE',  ( 0.000000000000000000, 0.9863939238287613431, 0.1643989873256521406 ) ) ;
#40 = CIRCLE ( 'NONE', #3465, 1.250000000007643886 ) ;
#41 = DIRECTION ( 'NONE',  ( 0.000000000000000000, -1.000000000000000000, 0.000000000000000000 ) ) ;
#42 = EDGE_CURVE ( 'NONE', #4924, #2763, #2568, .T. ) ;
#43 = ORIENTED_EDGE ( 'NONE', *, *, #275, .F. ) ;
#44 = EDGE_LOOP ( 'NONE', ( #279, #3094, #652, #6259 ) ) ;
#45 = ORIENTED_EDGE ( 'NONE', *, *, #3837, .T. ) ;
#46 = LINE ( 'NONE', #3490, #6183 ) ;
#47 = ORIENTED_EDGE ( 'NONE', *, *, #5610, .T. ) ;
#48 = DIRECTION ( 'NONE',  ( 0.000000000000000000, -1.000000000000000000, 0.000000000000000000 ) ) ;
#49 = CARTESIAN_POINT ( 'NONE',  ( 125.0000000000000000, -11.16109210085998882, 117.0000000002019078 ) ) ;
#50 = LINE ( 'NONE', #5814, #1334 ) ;
#51 = DIRECTION ( 'NONE',  ( 0.000000000000000000, 0.000000000000000000, -1.000000000000000000 ) ) ;
#52 = EDGE_CURVE ( 'NONE', #6995, #2648, #1505, .T. ) ;
#53 = EDGE_CURVE ( 'NONE', #6232, #486, #2193, .T. ) ;
#54 = ORIENTED_EDGE ( 'NONE', *, *, #3855, .F. ) ;
#55 = LINE ( 'NONE', #5312, #4498 ) ;
#56 = PLANE ( 'NONE',  #2411 ) ;
#57 = VERTEX_POINT ( 'NONE', #5101 ) ;
#58 = DIRECTION ( 'NONE',  ( 0.000000000000000000, 0.000000000000000000, 1.000000000000000000 ) ) ;
#59 = PLANE ( 'NONE',  #4625 ) ;
#60 = CARTESIAN_POINT ( 'NONE',  ( -125.0000000000000000, 22.51000000000263768, -4.472135955002962682 ) ) ;
#61 = CARTESIAN_POINT ( 'NONE',  ( -125.0000000000000000, -9.361092100796657434, -117.0000000001185896 ) ) ;
#62 = EDGE_CURVE ( 'NONE', #1712, #6518, #5021, .T. ) ;
#63 = ORIENTED_EDGE ( 'NONE', *, *, #837, .F. ) ;
#64 = DIRECTION ( 'NONE',  ( -1.000000000000000000, -0.000000000000000000, -0.000000000000000000 ) ) ;
#65 = DIRECTION ( 'NONE',  ( 0.000000000000000000, 0.000000000000000000, 1.000000000000000000 ) ) ;
#66 = DIRECTION ( 'NONE',  ( 0.000000000000000000, 0.000000000000000000, -1.000000000000000000 ) ) ;
#67 = VECTOR ( 'NONE', #5978, 1000.000000000000000 ) ;
#68 = ORIENTED_EDGE ( 'NONE', *, *, #6021, .F. ) ;
#69 = ORIENTED_EDGE ( 'NONE', *, *, #1253, .F. ) ;
#70 = VECTOR ( 'NONE', #1754, 1000.000000000000000 ) ;
#71 = AXIS2_PLACEMENT_3D ( 'NONE', #1997, #4320, #1409 ) ;
#72 = CARTESIAN_POINT ( 'NONE',  ( -125.0000000000000000, 24.01000000000306400, 4.472135955001192542 ) ) ;
#74 = EDGE_CURVE ( 'NONE', #5344, #3234, #980, .T. ) ;
#73 = FACE_OUTER_BOUND ( 'NONE', #3298, .T. ) ;
#75 = CARTESIAN_POINT ( 'NONE',  ( 125.0000000000000000, 14.76109210080304557, 117.0000000001212754 ) ) ;
#76 = VECTOR ( 'NONE', #6490, 1000.000000000000000 ) ;
#77 = ORIENTED_EDGE ( 'NONE', *, *, #1365, .T. ) ;
#78 = ORIENTED_EDGE ( 'NONE', *, *, #5405, .F. ) ;
#79 = ORIENTED_EDGE ( 'NONE', *, *, #3681, .F. ) ;
#80 = DIRECTION ( 'NONE',  ( 0.000000000000000000, -1.000000000000000000, 0.000000000000000000 ) ) ;
#81 = AXIS2_PLACEMENT_3D ( 'NONE', #685, #2414, #3078 ) ;
#82 = EDGE_CURVE ( 'NONE', #2029, #2910, #4565, .T. ) ;
#83 = EDGE_LOOP ( 'NONE', ( #3820, #3656, #2856, #7317 ) ) ;
#84 = ADVANCED_FACE ( 'NONE', ( #488 ), #2211, .F. ) ;
#85 = CARTESIAN_POINT ( 'NONE',  ( 125.0000000000000000, 22.51000000000263768, -4.472135955002962682 ) ) ;
#86 = CARTESIAN_POINT ( 'NONE',  ( 125.0000000000000000, 11.16109210099602755, -117.0000000000122782 ) ) ;
#87 = AXIS2_PLACEMENT_3D ( 'NONE', #4887, #4920, #7262 ) ;
#88 = LINE ( 'NONE', #6395, #3908 ) ;
#89 = DIRECTION ( 'NONE',  ( 0.000000000000000000, -0.000000000000000000, 1.000000000000000000 ) ) ;
#90 = VECTOR ( 'NONE', #3412, 1000.000000000000000 ) ;
#91 = ORIENTED_EDGE ( 'NONE', *, *, #1038, .T. ) ;
#92 = DIRECTION ( 'NONE',  ( -0.000000000000000000, 1.000000000000000000, 0.000000000000000000 ) ) ;
#93 = CARTESIAN_POINT ( 'NONE',  ( -125.0000000000000000, 22.00319135037984708, 114.0436091504059135 ) ) ;
#94 = AXIS2_PLACEMENT_3D ( 'NONE', #3222, #3259, #5531 ) ;
#95 = VECTOR ( 'NONE', #5811, 1000.000000000000000 ) ;
#96 = VERTEX_POINT ( 'NONE', #2834 ) ;
#97 = CARTESIAN_POINT ( 'NONE',  ( 125.0000000000000000, 14.76109210080304557, 117.0000000001212754 ) ) ;
#98 = EDGE_CURVE ( 'NONE', #1472, #3773, #2246, .T. ) ;
#99 = DIRECTION ( 'NONE',  ( 0.000000000000000000, -1.000000000000000000, 0.000000000000000000 ) ) ;
#100 = FACE_OUTER_BOUND ( 'NONE', #7457, .T. ) ;
#101 = DIRECTION ( 'NONE',  ( 1.000000000000000000, 0.000000000000000000, 0.000000000000000000 ) ) ;
#102 = VECTOR ( 'NONE', #6347, 1000.000000000000000 ) ;
#103 = CARTESIAN_POINT ( 'NONE',  ( 125.0000000000000000, 26.00999999980916755, 125.0000000001181490 ) ) ;
#104 = VECTOR ( 'NONE', #1275, 1000.000000000000000 ) ;
#105 = AXIS2_PLACEMENT_3D ( 'NONE', #1235, #1197, #7040 ) ;
#106 = VECTOR ( 'NONE', #2810, 1000.000000000000000 ) ;
#107 = ORIENTED_EDGE ( 'NONE', *, *, #5174, .F. ) ;
#108 = DIRECTION ( 'NONE',  ( 0.000000000000000000, 0.000000000000000000, 1.000000000000000000 ) ) ;
#109 = EDGE_CURVE ( 'NONE', #486, #2434, #376, .T. ) ;
#110 = EDGE_CURVE ( 'NONE', #3566, #4577, #1549, .T. ) ;
#111 = VECTOR ( 'NONE', #6776, 1000.000000000000000 ) ;
#112 = DIRECTION ( 'NONE',  ( 1.000000000000000000, 0.000000000000000000, 0.000000000000000000 ) ) ;
#113 = CARTESIAN_POINT ( 'NONE',  ( -125.0000000000000000, -22.00999999999867640, 6.218658400725107782E-12 ) ) ;
#114 = LINE ( 'NONE', #7098, #3537 ) ;
#115 = DIRECTION ( 'NONE',  ( 0.000000000000000000, 0.000000000000000000, -1.000000000000000000 ) ) ;
#116 = ORIENTED_EDGE ( 'NONE', *, *, #3819, .F. ) ;
#117 = AXIS2_PLACEMENT_3D ( 'NONE', #6194, #5685, #396 ) ;
#118 = ORIENTED_EDGE ( 'NONE', *, *, #569, .F. ) ;
#119 = CARTESIAN_POINT ( 'NONE',  ( 125.0000000000000000, -0.009999999866441374244, 114.0000000002086722 ) ) ;
#120 = EDGE_CURVE ( 'NONE', #1459, #1991, #2358, .T. ) ;
#121 = LINE ( 'NONE', #4281, #7526 ) ;
#122 = CARTESIAN_POINT ( 'NONE',  ( 125.0000000000000000, -23.75999999986629518, 120.0846308027086593 ) ) ;
#123 = CARTESIAN_POINT ( 'NONE',  ( 125.0000000000000000, 2.009999999809395366, 120.0000000001180496 ) ) ;
#124 = VERTEX_POINT ( 'NONE', #6514 ) ;
#125 = ORIENTED_EDGE ( 'NONE', *, *, #4247, .T. ) ;
#126 = ORIENTED_EDGE ( 'NONE', *, *, #149, .F. ) ;
#127 = DIRECTION ( 'NONE',  ( -1.000000000000000000, -0.000000000000000000, -0.000000000000000000 ) ) ;
#128 = ORIENTED_EDGE ( 'NONE', *, *, #2173, .F. ) ;
#129 = PLANE ( 'NONE',  #6195 ) ;
#130 = DIRECTION ( 'NONE',  ( -1.000000000000000000, -0.000000000000000000, -0.000000000000000000 ) ) ;
#131 = DIRECTION ( 'NONE',  ( -1.000000000000000000, -0.000000000000000000, -0.000000000000000000 ) ) ;
#132 = DIRECTION ( 'NONE',  ( -1.000000000000000000, -0.000000000000000000, -0.000000000000000000 ) ) ;
#133 = EDGE_CURVE ( 'NONE', #2645, #2702, #2284, .T. ) ;
#134 = EDGE_LOOP ( 'NONE', ( #6499, #7179, #6690, #4279 ) ) ;
#135 = DIRECTION ( 'NONE',  ( -1.000000000000000000, -0.000000000000000000, -0.000000000000000000 ) ) ;
#136 = DIRECTION ( 'NONE',  ( 0.000000000000000000, 1.000000000000000000, 0.000000000000000000 ) ) ;
#137 = VERTEX_POINT ( 'NONE', #1776 ) ;
#138 = CARTESIAN_POINT ( 'NONE',  ( 125.0000000000000000, -24.00999999999702439, 114.0436091504053167 ) ) ;
#139 = DIRECTION ( 'NONE',  ( 0.000000000000000000, 0.000000000000000000, -1.000000000000000000 ) ) ;
#140 = LINE ( 'NONE', #4717, #3489 ) ;
#141 = CARTESIAN_POINT ( 'NONE',  ( -125.0000000000000000, 2.009999999809395366, 125.0000000001181490 ) ) ;
#142 = DIRECTION ( 'NONE',  ( -1.000000000000000000, -0.000000000000000000, -0.000000000000000000 ) ) ;
#143 = EDGE_CURVE ( 'NONE', #5643, #1141, #5823, .T. ) ;
#144 = ORIENTED_EDGE ( 'NONE', *, *, #7291, .F. ) ;
#145 = DIRECTION ( 'NONE',  ( 0.000000000000000000, 0.000000000000000000, -1.000000000000000000 ) ) ;
#146 = EDGE_LOOP ( 'NONE', ( #1930, #2854, #2537, #5156 ) ) ;
#147 = CARTESIAN_POINT ( 'NONE',  ( -125.0000000000000000, -5.259999999803081749, -114.0000000001187033 ) ) ;
#148 = ADVANCED_FACE ( 'NONE', ( #6480 ), #635, .F. ) ;
#149 = EDGE_CURVE ( 'NONE', #7266, #4079, #6441, .T. ) ;
#150 = ORIENTED_EDGE ( 'NONE', *, *, #6957, .F. ) ;
#151 = LINE ( 'NONE', #7215, #7412 ) ;
#152 = DIRECTION ( 'NONE',  ( -1.000000000000000000, -0.000000000000000000, -0.000000000000000000 ) ) ;
#153 = FACE_OUTER_BOUND ( 'NONE', #584, .T. ) ;
#154 = CARTESIAN_POINT ( 'NONE',  ( 125.0000000000000000, 23.76000000000244228, -120.0846308025203655 ) ) ;
#155 = EDGE_CURVE ( 'NONE', #179, #306, #7089, .T. ) ;
#156 = ORIENTED_EDGE ( 'NONE', *, *, #1783, .T. ) ;
#157 = ORIENTED_EDGE ( 'NONE', *, *, #1984, .T. ) ;
#158 = ORIENTED_EDGE ( 'NONE', *, *, #2534, .F. ) ;
#159 = CARTESIAN_POINT ( 'NONE',  ( 125.0000000000000000, 16.76109210099593128, -115.3014856326913389 ) ) ;
#160 = ORIENTED_EDGE ( 'NONE', *, *, #5866, .T. ) ;
#161 = CARTESIAN_POINT ( 'NONE',  ( -125.0000000000000000, -2.009999999866387554, 125.0000000002088001 ) ) ;
#162 = CIRCLE ( 'NONE', #6260, 0.1999999999999352573 ) ;
#163 = AXIS2_PLACEMENT_3D ( 'NONE', #4401, #6305, #6728 ) ;
#164 = DIRECTION ( 'NONE',  ( 0.000000000000000000, 0.000000000000000000, 1.000000000000000000 ) ) ;
#165 = DIRECTION ( 'NONE',  ( 0.000000000000000000, 0.000000000000000000, -1.000000000000000000 ) ) ;
#166 = DIRECTION ( 'NONE',  ( -1.000000000000000000, -0.000000000000000000, -0.000000000000000000 ) ) ;
#167 = ORIENTED_EDGE ( 'NONE', *, *, #52, .F. ) ;
#168 = ORIENTED_EDGE ( 'NONE', *, *, #3933, .T. ) ;
#169 = CARTESIAN_POINT ( 'NONE',  ( 125.0000000000000000, 19.76000000000243872, -120.0846308025203655 ) ) ;
#170 = VERTEX_POINT ( 'NONE', #1273 ) ;
#171 = CARTESIAN_POINT ( 'NONE',  ( 125.0000000000000000, 23.75999999980919242, 120.0846308026180367 ) ) ;
#172 = CARTESIAN_POINT ( 'NONE',  ( -125.0000000000000000, 11.16109210080288605, 117.0000000001201670 ) ) ;
#173 = CARTESIAN_POINT ( 'NONE',  ( 125.0000000000000000, -26.00999999986646216, -124.9999999997909725 ) ) ;
#174 = ADVANCED_FACE ( 'NONE', ( #5893 ), #2948, .F. ) ;
#175 = LINE ( 'NONE', #4682, #6318 ) ;
#176 = ORIENTED_EDGE ( 'NONE', *, *, #5223, .T. ) ;
#177 = ORIENTED_EDGE ( 'NONE', *, *, #6545, .T. ) ;
#178 = DIRECTION ( 'NONE',  ( 0.000000000000000000, 0.000000000000000000, 1.000000000000000000 ) ) ;
#179 = VERTEX_POINT ( 'NONE', #1207 ) ;
#180 = EDGE_CURVE ( 'NONE', #2702, #6929, #6401, .T. ) ;
#181 = CARTESIAN_POINT ( 'NONE',  ( -125.0000000000000000, -24.00999999999702439, 4.472135955000594798 ) ) ;
#182 = FACE_OUTER_BOUND ( 'NONE', #6132, .T. ) ;
#183 = ORIENTED_EDGE ( 'NONE', *, *, #3430, .T. ) ;
#184 = CARTESIAN_POINT ( 'NONE',  ( 125.0000000000000000, -20.07061230869364010, -2.194203832672704912 ) ) ;
#185 = CARTESIAN_POINT ( 'NONE',  ( 125.0000000000000000, -9.361092100796657434, -117.0000000001185896 ) ) ;
#186 = ADVANCED_FACE ( 'NONE', ( #598 ), #59, .F. ) ;
#187 = CARTESIAN_POINT ( 'NONE',  ( 125.0000000000000000, -21.83148461050831557, 115.0619018653643764 ) ) ;
#188 = FACE_OUTER_BOUND ( 'NONE', #1995, .T. ) ;
#189 = AXIS2_PLACEMENT_3D ( 'NONE', #2220, #5226, #4131 ) ;
#190 = VERTEX_POINT ( 'NONE', #3065 ) ;
#191 = ORIENTED_EDGE ( 'NONE', *, *, #639, .T. ) ;
#192 = VERTEX_POINT ( 'NONE', #2983 ) ;
#193 = ORIENTED_EDGE ( 'NONE', *, *, #6560, .T. ) ;
#194 = DIRECTION ( 'NONE',  ( 1.000000000000000000, 0.000000000000000000, 0.000000000000000000 ) ) ;
#195 = EDGE_CURVE ( 'NONE', #7307, #2696, #7050, .T. ) ;
#196 = EDGE_CURVE ( 'NONE', #5016, #2126, #4609, .T. ) ;
#197 = VECTOR ( 'NONE', #6411, 1000.000000000000000 ) ;
#198 = AXIS2_PLACEMENT_3D ( 'NONE', #6698, #7225, #5530 ) ;
#199 = LINE ( 'NONE', #309, #3391 ) ;
#200 = DIRECTION ( 'NONE',  ( 0.000000000000000000, 0.000000000000000000, -1.000000000000000000 ) ) ;
#201 = ORIENTED_EDGE ( 'NONE', *, *, #3367, .F. ) ;
#202 = CIRCLE ( 'NONE', #1055, 0.2000000000000582145 ) ;
#203 = ORIENTED_EDGE ( 'NONE', *, *, #2004, .F. ) ;
#204 = CARTESIAN_POINT ( 'NONE',  ( 125.0000000000000000, -2.990000000190692564, 118.0000000001180496 ) ) ;
#205 = DIRECTION ( 'NONE',  ( 0.000000000000000000, -0.000000000000000000, 1.000000000000000000 ) ) ;
#206 = ORIENTED_EDGE ( 'NONE', *, *, #7106, .F. ) ;
#207 = FACE_OUTER_BOUND ( 'NONE', #3001, .T. ) ;
#208 = VECTOR ( 'NONE', #5513, 1000.000000000000000 ) ;
#209 = LINE ( 'NONE', #4329, #602 ) ;
#210 = CARTESIAN_POINT ( 'NONE',  ( 125.0000000000000000, 12.50999999980932209, 120.0846308026180367 ) ) ;
#211 = AXIS2_PLACEMENT_3D ( 'NONE', #1906, #5905, #3034 ) ;
#212 = DIRECTION ( 'NONE',  ( 0.000000000000000000, -1.000000000000000000, 0.000000000000000000 ) ) ;
#213 = LINE ( 'NONE', #2560, #3649 ) ;
#214 = AXIS2_PLACEMENT_3D ( 'NONE', #2738, #1083, #3952 ) ;
#215 = VERTEX_POINT ( 'NONE', #6946 ) ;
#216 = VECTOR ( 'NONE', #1195, 1000.000000000000000 ) ;
#217 = VECTOR ( 'NONE', #5362, 1000.000000000000000 ) ;
#218 = CARTESIAN_POINT ( 'NONE',  ( -125.0000000000000000, 0.009999999809365668971, 114.0000000001180496 ) ) ;
#219 = ORIENTED_EDGE ( 'NONE', *, *, #7147, .F. ) ;
#220 = CIRCLE ( 'NONE', #1799, 0.1999999999998530731 ) ;
#221 = VECTOR ( 'NONE', #1557, 1000.000000000000000 ) ;
#222 = AXIS2_PLACEMENT_3D ( 'NONE', #1411, #312, #3687 ) ;
#223 = ORIENTED_EDGE ( 'NONE', *, *, #2929, .F. ) ;
#224 = EDGE_CURVE ( 'NONE', #7133, #6606, #3015, .T. ) ;
#225 = EDGE_CURVE ( 'NONE', #5392, #1370, #4048, .T. ) ;
#226 = CIRCLE ( 'NONE', #932, 1.250000000007643886 ) ;
#227 = CIRCLE ( 'NONE', #1817, 0.2000000000029131253 ) ;
#228 = DIRECTION ( 'NONE',  ( -1.000000000000000000, -0.000000000000000000, -0.000000000000000000 ) ) ;
#229 = DIRECTION ( 'NONE',  ( 0.000000000000000000, 0.000000000000000000, -1.000000000000000000 ) ) ;
#230 = VECTOR ( 'NONE', #1866, 1000.000000000000000 ) ;
#231 = DIRECTION ( 'NONE',  ( 0.000000000000000000, -1.000000000000000000, 0.000000000000000000 ) ) ;
#232 = CIRCLE ( 'NONE', #4742, 0.1999999999999352573 ) ;
#233 = ORIENTED_EDGE ( 'NONE', *, *, #913, .T. ) ;
#234 = ORIENTED_EDGE ( 'NONE', *, *, #2971, .T. ) ;
#235 = EDGE_CURVE ( 'NONE', #4533, #2027, #5782, .T. ) ;
#236 = ORIENTED_EDGE ( 'NONE', *, *, #6736, .F. ) ;
#237 = DIRECTION ( 'NONE',  ( -1.000000000000000000, -0.000000000000000000, -0.000000000000000000 ) ) ;
#238 = AXIS2_PLACEMENT_3D ( 'NONE', #3785, #294, #4454 ) ;
#239 = ORIENTED_EDGE ( 'NONE', *, *, #2210, .F. ) ;
#240 = CARTESIAN_POINT ( 'NONE',  ( 125.0000000000000000, 5.260000000002621690, -125.0000000000202931 ) ) ;
#241 = CARTESIAN_POINT ( 'NONE',  ( -125.0000000000000000, -0.009999999866441374244, 120.0000000002086722 ) ) ;
#242 = DIRECTION ( 'NONE',  ( 0.000000000000000000, 0.000000000000000000, 1.000000000000000000 ) ) ;
#243 = DIRECTION ( 'NONE',  ( 0.000000000000000000, 0.000000000000000000, -1.000000000000000000 ) ) ;
#244 = LINE ( 'NONE', #1487, #3525 ) ;
#245 = VERTEX_POINT ( 'NONE', #2904 ) ;
#246 = EDGE_CURVE ( 'NONE', #1402, #1772, #5212, .T. ) ;
#247 = EDGE_CURVE ( 'NONE', #4676, #521, #1742, .T. ) ;
#248 = ORIENTED_EDGE ( 'NONE', *, *, #7377, .F. ) ;
#249 = CARTESIAN_POINT ( 'NONE',  ( 125.0000000000000000, -24.00999999999702439, 114.0436091504053167 ) ) ;
#250 = DIRECTION ( 'NONE',  ( 0.000000000000000000, -0.9659258262880303647, -0.2588190451063943631 ) ) ;
#251 = ORIENTED_EDGE ( 'NONE', *, *, #7091, .F. ) ;
#252 = DIRECTION ( 'NONE',  ( 0.000000000000000000, 0.000000000000000000, -1.000000000000000000 ) ) ;
#253 = CARTESIAN_POINT ( 'NONE',  ( 125.0000000000000000, 20.27061230869981046, 1.235176059474873966 ) ) ;
#254 = PLANE ( 'NONE',  #3733 ) ;
#255 = DIRECTION ( 'NONE',  ( 0.000000000000000000, 0.000000000000000000, -1.000000000000000000 ) ) ;
#256 = EDGE_CURVE ( 'NONE', #7255, #1877, #5506, .T. ) ;
#257 = ORIENTED_EDGE ( 'NONE', *, *, #5410, .F. ) ;
#258 = DIRECTION ( 'NONE',  ( -0.000000000000000000, 1.000000000000000000, 0.000000000000000000 ) ) ;
#259 = ORIENTED_EDGE ( 'NONE', *, *, #4060, .T. ) ;
#260 = LINE ( 'NONE', #2602, #2054 ) ;
#261 = DIRECTION ( 'NONE',  ( 0.000000000000000000, 0.000000000000000000, -1.000000000000000000 ) ) ;
#262 = ORIENTED_EDGE ( 'NONE', *, *, #109, .T. ) ;
#263 = DIRECTION ( 'NONE',  ( 0.000000000000000000, 1.000000000000000000, 0.000000000000000000 ) ) ;
#264 = LINE ( 'NONE', #2606, #4126 ) ;
#265 = DIRECTION ( 'NONE',  ( 0.000000000000000000, 0.000000000000000000, 1.000000000000000000 ) ) ;
#266 = EDGE_CURVE ( 'NONE', #3422, #7133, #2008, .T. ) ;
#267 = CARTESIAN_POINT ( 'NONE',  ( 125.0000000000000000, 20.07061230870587920, -1.235176059473059196 ) ) ;
#268 = ORIENTED_EDGE ( 'NONE', *, *, #6221, .F. ) ;
#269 = VERTEX_POINT ( 'NONE', #3725 ) ;
#270 = ORIENTED_EDGE ( 'NONE', *, *, #526, .F. ) ;
#271 = DIRECTION ( 'NONE',  ( 0.000000000000000000, 0.000000000000000000, 1.000000000000000000 ) ) ;
#272 = ORIENTED_EDGE ( 'NONE', *, *, #2836, .T. ) ;
#273 = DIRECTION ( 'NONE',  ( 0.000000000000000000, 0.000000000000000000, -1.000000000000000000 ) ) ;
#274 = FACE_OUTER_BOUND ( 'NONE', #1649, .T. ) ;
#275 = EDGE_CURVE ( 'NONE', #1236, #5424, #209, .T. ) ;
#276 = CARTESIAN_POINT ( 'NONE',  ( -125.0000000000000000, 9.260000000002598597, -120.0000000000203784 ) ) ;
#277 = CARTESIAN_POINT ( 'NONE',  ( 125.0000000000000000, 24.01000000000296453, -114.0436091504081304 ) ) ;
#278 = CARTESIAN_POINT ( 'NONE',  ( 125.0000000000000000, 16.76109210099593128, -115.3014856326913389 ) ) ;
#279 = ORIENTED_EDGE ( 'NONE', *, *, #82, .T. ) ;
#280 = VERTEX_POINT ( 'NONE', #2556 ) ;
#281 = ORIENTED_EDGE ( 'NONE', *, *, #2210, .T. ) ;
#282 = PLANE ( 'NONE',  #2171 ) ;
#283 = ORIENTED_EDGE ( 'NONE', *, *, #983, .T. ) ;
#284 = LINE ( 'NONE', #7126, #2174 ) ;
#285 = DIRECTION ( 'NONE',  ( -1.000000000000000000, -0.000000000000000000, -0.000000000000000000 ) ) ;
#286 = ADVANCED_FACE ( 'NONE', ( #748 ), #5473, .F. ) ;
#287 = FACE_OUTER_BOUND ( 'NONE', #4410, .T. ) ;
#288 = ORIENTED_EDGE ( 'NONE', *, *, #817, .T. ) ;
#289 = ORIENTED_EDGE ( 'NONE', *, *, #4769, .T. ) ;
#290 = CARTESIAN_POINT ( 'NONE',  ( 125.0000000000000000, -14.76109210079678391, -115.0000000001168132 ) ) ;
#291 = ORIENTED_EDGE ( 'NONE', *, *, #600, .T. ) ;
#292 = EDGE_CURVE ( 'NONE', #1594, #6606, #3809, .T. ) ;
#293 = EDGE_CURVE ( 'NONE', #192, #3411, #6554, .T. ) ;
#294 = DIRECTION ( 'NONE',  ( 0.000000000000000000, 0.000000000000000000, -1.000000000000000000 ) ) ;
#295 = VERTEX_POINT ( 'NONE', #172 ) ;
#296 = PLANE ( 'NONE',  #2298 ) ;
#297 = CARTESIAN_POINT ( 'NONE',  ( -125.0000000000000000, 16.81285591001699231, -115.1083004674338497 ) ) ;
#298 = CARTESIAN_POINT ( 'NONE',  ( 125.0000000000000000, 23.75999999980919242, 120.0846308026180367 ) ) ;
#299 = CARTESIAN_POINT ( 'NONE',  ( 125.0000000000000000, 16.56109210099609541, -117.0000000000027285 ) ) ;
#300 = ORIENTED_EDGE ( 'NONE', *, *, #1081, .F. ) ;
#301 = ORIENTED_EDGE ( 'NONE', *, *, #4494, .F. ) ;
#302 = ORIENTED_EDGE ( 'NONE', *, *, #74, .F. ) ;
#303 = VECTOR ( 'NONE', #7108, 1000.000000000000000 ) ;
#304 = EDGE_CURVE ( 'NONE', #1386, #280, #232, .T. ) ;
#305 = DIRECTION ( 'NONE',  ( 0.000000000000000000, 0.000000000000000000, 1.000000000000000000 ) ) ;
#306 = VERTEX_POINT ( 'NONE', #7274 ) ;
#307 = DIRECTION ( 'NONE',  ( -1.000000000000000000, -0.000000000000000000, -0.000000000000000000 ) ) ;
#308 = DIRECTION ( 'NONE',  ( -1.000000000000000000, -0.000000000000000000, -0.000000000000000000 ) ) ;
#309 = CARTESIAN_POINT ( 'NONE',  ( 125.0000000000000000, -20.76626570360573609, 0.7180703308238278737 ) ) ;
#310 = LINE ( 'NONE', #4816, #4149 ) ;
#311 = LINE ( 'NONE', #5363, #2179 ) ;
#312 = DIRECTION ( 'NONE',  ( 0.000000000000000000, 0.2588190451046449292, -0.9659258262884992119 ) ) ;
#313 = ORIENTED_EDGE ( 'NONE', *, *, #6123, .T. ) ;
#314 = EDGE_LOOP ( 'NONE', ( #5754, #3808, #1927, #4874 ) ) ;
#315 = EDGE_CURVE ( 'NONE', #5490, #5024, #3664, .T. ) ;
#316 = ADVANCED_FACE ( 'NONE', ( #6127 ), #1974, .F. ) ;
#317 = DIRECTION ( 'NONE',  ( 0.000000000000000000, 1.000000000000000000, 0.000000000000000000 ) ) ;
#318 = CIRCLE ( 'NONE', #7517, 3.000000000007561507 ) ;
#319 = ORIENTED_EDGE ( 'NONE', *, *, #2114, .T. ) ;
#320 = CARTESIAN_POINT ( 'NONE',  ( 125.0000000000000000, 22.01000000000425416, -6.300949345616757569E-12 ) ) ;
#321 = DIRECTION ( 'NONE',  ( 0.000000000000000000, 0.000000000000000000, -1.000000000000000000 ) ) ;
#322 = DIRECTION ( 'NONE',  ( 0.000000000000000000, 0.000000000000000000, 1.000000000000000000 ) ) ;
#323 = DIRECTION ( 'NONE',  ( 1.000000000000000000, 0.000000000000000000, 0.000000000000000000 ) ) ;
#324 = DIRECTION ( 'NONE',  ( 1.000000000000000000, 0.000000000000000000, 0.000000000000000000 ) ) ;
#325 = AXIS2_PLACEMENT_3D ( 'NONE', #5901, #1867, #3627 ) ;
#326 = AXIS2_PLACEMENT_3D ( 'NONE', #6944, #3502, #6365 ) ;
#327 = ORIENTED_EDGE ( 'NONE', *, *, #6780, .T. ) ;
#328 = VERTEX_POINT ( 'NONE', #2592 ) ;
#329 = ADVANCED_FACE ( 'NONE', ( #1461 ), #1419, .F. ) ;
#330 = LINE ( 'NONE', #5628, #2164 ) ;
#331 = VECTOR ( 'NONE', #2010, 1000.000000000000000 ) ;
#332 = ORIENTED_EDGE ( 'NONE', *, *, #3010, .F. ) ;
#333 = ORIENTED_EDGE ( 'NONE', *, *, #1696, .T. ) ;
#334 = CARTESIAN_POINT ( 'NONE',  ( -125.0000000000000000, 23.76000000000244228, -120.0846308025203655 ) ) ;
#335 = LINE ( 'NONE', #2682, #4575 ) ;
#336 = VECTOR ( 'NONE', #4068, 1000.000000000000000 ) ;
#337 = LINE ( 'NONE', #2683, #6709 ) ;
#338 = AXIS2_PLACEMENT_3D ( 'NONE', #6051, #212, #4867 ) ;
#339 = ORIENTED_EDGE ( 'NONE', *, *, #2491, .T. ) ;
#340 = EDGE_CURVE ( 'NONE', #3210, #967, #4268, .T. ) ;
#341 = EDGE_CURVE ( 'NONE', #7144, #1340, #6949, .T. ) ;
#342 = LINE ( 'NONE', #4501, #948 ) ;
#343 = CIRCLE ( 'NONE', #588, 1.250000000000070610 ) ;
#344 = AXIS2_PLACEMENT_3D ( 'NONE', #1496, #3230, #3271 ) ;
#345 = DIRECTION ( 'NONE',  ( 1.000000000000000000, 0.000000000000000000, 0.000000000000000000 ) ) ;
#346 = DIRECTION ( 'NONE',  ( 1.000000000000000000, 0.000000000000000000, 0.000000000000000000 ) ) ;
#347 = AXIS2_PLACEMENT_3D ( 'NONE', #783, #5898, #640 ) ;
#348 = ORIENTED_EDGE ( 'NONE', *, *, #937, .F. ) ;
#349 = AXIS2_PLACEMENT_3D ( 'NONE', #1004, #5699, #2829 ) ;
#350 = CIRCLE ( 'NONE', #6075, 1.500000000000181632 ) ;
#351 = ORIENTED_EDGE ( 'NONE', *, *, #1166, .T. ) ;
#352 = EDGE_CURVE ( 'NONE', #5024, #849, #7296, .T. ) ;
#353 = VERTEX_POINT ( 'NONE', #2047 ) ;
#354 = CARTESIAN_POINT ( 'NONE',  ( 125.0000000000000000, -9.259999999866504794, 125.0000000002088001 ) ) ;
#355 = ORIENTED_EDGE ( 'NONE', *, *, #2354, .F. ) ;
#356 = DIRECTION ( 'NONE',  ( -1.000000000000000000, -0.000000000000000000, -0.000000000000000000 ) ) ;
#357 = VECTOR ( 'NONE', #770, 1000.000000000000000 ) ;
#358 = DIRECTION ( 'NONE',  ( 0.000000000000000000, -1.000000000000000000, 0.000000000000000000 ) ) ;
#359 = CIRCLE ( 'NONE', #1952, 1.500000000000181632 ) ;
#360 = CARTESIAN_POINT ( 'NONE',  ( -125.0000000000000000, -12.50999999986659184, -120.0846308022910591 ) ) ;
#361 = CARTESIAN_POINT ( 'NONE',  ( -125.0000000000000000, 22.01000000000292900, -116.5008710293030134 ) ) ;
#362 = ORIENTED_EDGE ( 'NONE', *, *, #2078, .F. ) ;
#363 = ORIENTED_EDGE ( 'NONE', *, *, #913, .F. ) ;
#364 = VECTOR ( 'NONE', #1901, 1000.000000000000000 ) ;
#365 = PLANE ( 'NONE',  #4720 ) ;
#366 = ORIENTED_EDGE ( 'NONE', *, *, #3099, .T. ) ;
#367 = DIRECTION ( 'NONE',  ( 0.000000000000000000, 0.000000000000000000, 1.000000000000000000 ) ) ;
#368 = CARTESIAN_POINT ( 'NONE',  ( 125.0000000000000000, -5.259999999803081749, -114.0000000001187033 ) ) ;
#369 = CARTESIAN_POINT ( 'NONE',  ( 125.0000000000000000, 26.00999999980933453, -124.9999999998816804 ) ) ;
#370 = CARTESIAN_POINT ( 'NONE',  ( -125.0000000000000000, -5.259999999866473708, 125.0000000002088001 ) ) ;
#371 = EDGE_CURVE ( 'NONE', #3210, #5490, #5944, .T. ) ;
#372 = ORIENTED_EDGE ( 'NONE', *, *, #2524, .T. ) ;
#373 = ORIENTED_EDGE ( 'NONE', *, *, #4583, .F. ) ;
#374 = CARTESIAN_POINT ( 'NONE',  ( 125.0000000000000000, -2.009999999802995596, -120.0000000001187033 ) ) ;
#375 = ORIENTED_EDGE ( 'NONE', *, *, #4272, .T. ) ;
#376 = LINE ( 'NONE', #2713, #1925 ) ;
#377 = CARTESIAN_POINT ( 'NONE',  ( 125.0000000000000000, -19.75999999986645861, -120.0846308022910591 ) ) ;
#378 = DIRECTION ( 'NONE',  ( -1.000000000000000000, -0.000000000000000000, -0.000000000000000000 ) ) ;
#379 = EDGE_CURVE ( 'NONE', #4003, #6916, #6093, .T. ) ;
#380 = LINE ( 'NONE', #6176, #4733 ) ;
#381 = CARTESIAN_POINT ( 'NONE',  ( 125.0000000000000000, 22.01000000000425416, -6.300949345616757569E-12 ) ) ;
#382 = CARTESIAN_POINT ( 'NONE',  ( 125.0000000000000000, 16.81285590982428246, 115.1083004675525103 ) ) ;
#383 = CARTESIAN_POINT ( 'NONE',  ( 125.0000000000000000, 21.52022843723577239, -114.6730186729599978 ) ) ;
#384 = EDGE_CURVE ( 'NONE', #5911, #894, #284, .T. ) ;
#385 = EDGE_CURVE ( 'NONE', #5379, #4685, #2627, .T. ) ;
#386 = CARTESIAN_POINT ( 'NONE',  ( 125.0000000000000000, 14.76109210080304557, 117.0000000001212754 ) ) ;
#387 = ORIENTED_EDGE ( 'NONE', *, *, #5456, .F. ) ;
#388 = ORIENTED_EDGE ( 'NONE', *, *, #5410, .T. ) ;
#389 = VERTEX_POINT ( 'NONE', #5540 ) ;
#390 = DIRECTION ( 'NONE',  ( 0.000000000000000000, 0.000000000000000000, 1.000000000000000000 ) ) ;
#391 = VERTEX_POINT ( 'NONE', #2086 ) ;
#392 = CARTESIAN_POINT ( 'NONE',  ( -125.0000000000000000, 27.00999999980928123, -123.9999999998817373 ) ) ;
#393 = FACE_OUTER_BOUND ( 'NONE', #6950, .T. ) ;
#394 = EDGE_CURVE ( 'NONE', #1676, #2460, #4412, .T. ) ;
#395 = EDGE_CURVE ( 'NONE', #4590, #6248, #7435, .T. ) ;
#396 = DIRECTION ( 'NONE',  ( 0.000000000000000000, 0.000000000000000000, -1.000000000000000000 ) ) ;
#397 = CARTESIAN_POINT ( 'NONE',  ( 125.0000000000000000, 0.01000000000261697976, -114.0000000000203784 ) ) ;
#398 = ORIENTED_EDGE ( 'NONE', *, *, #7531, .F. ) ;
#399 = EDGE_LOOP ( 'NONE', ( #6981, #2223, #3889, #1488 ) ) ;
#400 = DIRECTION ( 'NONE',  ( 0.000000000000000000, 0.000000000000000000, 1.000000000000000000 ) ) ;
#401 = ORIENTED_EDGE ( 'NONE', *, *, #5420, .T. ) ;
#402 = FACE_OUTER_BOUND ( 'NONE', #6376, .T. ) ;
#403 = CARTESIAN_POINT ( 'NONE',  ( 125.0000000000000000, -16.56109210079689120, -117.0000000001221423 ) ) ;
#404 = CARTESIAN_POINT ( 'NONE',  ( 125.0000000000000000, 22.01000000000425416, -6.300949345616757569E-12 ) ) ;
#405 = DIRECTION ( 'NONE',  ( 0.000000000000000000, 0.000000000000000000, -1.000000000000000000 ) ) ;
#406 = ORIENTED_EDGE ( 'NONE', *, *, #3337, .F. ) ;
#407 = DIRECTION ( 'NONE',  ( 0.000000000000000000, 0.000000000000000000, -1.000000000000000000 ) ) ;
#408 = ORIENTED_EDGE ( 'NONE', *, *, #829, .T. ) ;
#409 = EDGE_CURVE ( 'NONE', #4326, #4595, #7323, .T. ) ;
#410 = CARTESIAN_POINT ( 'NONE',  ( 125.0000000000000000, 12.51000000000257373, -120.0846308025203655 ) ) ;
#411 = CARTESIAN_POINT ( 'NONE',  ( 125.0000000000000000, -20.17061230870020694, 1.061970978716072489 ) ) ;
#412 = FACE_OUTER_BOUND ( 'NONE', #4094, .T. ) ;
#413 = VERTEX_POINT ( 'NONE', #2743 ) ;
#414 = CARTESIAN_POINT ( 'NONE',  ( 125.0000000000000000, -22.00319135037298324, -114.0436091504067946 ) ) ;
#415 = EDGE_CURVE ( 'NONE', #5301, #7331, #1536, .T. ) ;
#416 = LINE ( 'NONE', #903, #1414 ) ;
#417 = DIRECTION ( 'NONE',  ( 0.000000000000000000, 0.000000000000000000, -1.000000000000000000 ) ) ;
#418 = ORIENTED_EDGE ( 'NONE', *, *, #2691, .F. ) ;
#419 = ORIENTED_EDGE ( 'NONE', *, *, #1642, .F. ) ;
#420 = EDGE_LOOP ( 'NONE', ( #6104, #7309, #3750, #6715 ) ) ;
#421 = LINE ( 'NONE', #1518, #4735 ) ;
#422 = ADVANCED_FACE ( 'NONE', ( #6739 ), #2236, .F. ) ;
#423 = VERTEX_POINT ( 'NONE', #3314 ) ;
#424 = CARTESIAN_POINT ( 'NONE',  ( 125.0000000000000000, 0.009999999809365668971, 114.0000000001180496 ) ) ;
#425 = PLANE ( 'NONE',  #4357 ) ;
#426 = CARTESIAN_POINT ( 'NONE',  ( 125.0000000000000000, -22.00999999986693467, 117.7508710294929415 ) ) ;
#427 = FACE_OUTER_BOUND ( 'NONE', #2062, .T. ) ;
#428 = VERTEX_POINT ( 'NONE', #1002 ) ;
#429 = ORIENTED_EDGE ( 'NONE', *, *, #5365, .F. ) ;
#430 = ADVANCED_FACE ( 'NONE', ( #6773 ), #2706, .F. ) ;
#431 = EDGE_CURVE ( 'NONE', #4374, #6842, #1068, .T. ) ;
#432 = CARTESIAN_POINT ( 'NONE',  ( -125.0000000000000000, 16.56109210099609541, -115.3014856326920068 ) ) ;
#433 = DIRECTION ( 'NONE',  ( 0.000000000000000000, -1.000000000000000000, 0.000000000000000000 ) ) ;
#434 = LINE ( 'NONE', #7546, #1306 ) ;
#435 = CARTESIAN_POINT ( 'NONE',  ( 125.0000000000000000, -20.86626570360927602, -0.8912754115829026880 ) ) ;
#436 = CARTESIAN_POINT ( 'NONE',  ( 125.0000000000000000, 26.00999999980916755, 125.0000000001181490 ) ) ;
#437 = CIRCLE ( 'NONE', #3616, 1.250000000007465806 ) ;
#438 = ORIENTED_EDGE ( 'NONE', *, *, #98, .F. ) ;
#439 = VECTOR ( 'NONE', #2135, 1000.000000000000000 ) ;
#440 = DIRECTION ( 'NONE',  ( 0.000000000000000000, -1.000000000000000000, 0.000000000000000000 ) ) ;
#441 = CARTESIAN_POINT ( 'NONE',  ( -125.0000000000000000, -20.14637033074608752, 2.350932677869905341 ) ) ;
#442 = VERTEX_POINT ( 'NONE', #7470 ) ;
#443 = CARTESIAN_POINT ( 'NONE',  ( 125.0000000000000000, -20.57103083558994072, 116.3223556400735674 ) ) ;
#444 = CARTESIAN_POINT ( 'NONE',  ( 125.0000000000000000, -2.009999999802995596, -124.9999999997909725 ) ) ;
#445 = VECTOR ( 'NONE', #4696, 1000.000000000000000 ) ;
#446 = VECTOR ( 'NONE', #5153, 1000.000000000000000 ) ;
#447 = ORIENTED_EDGE ( 'NONE', *, *, #4023, .T. ) ;
#448 = DIRECTION ( 'NONE',  ( 0.000000000000000000, 0.000000000000000000, 1.000000000000000000 ) ) ;
#449 = CARTESIAN_POINT ( 'NONE',  ( -125.0000000000000000, 12.50999999980932209, 125.0000000001181490 ) ) ;
#450 = VECTOR ( 'NONE', #1955, 1000.000000000000000 ) ;
#451 = DIRECTION ( 'NONE',  ( -1.000000000000000000, -0.000000000000000000, -0.000000000000000000 ) ) ;
#452 = ADVANCED_FACE ( 'NONE', ( #402 ), #5049, .F. ) ;
#453 = EDGE_CURVE ( 'NONE', #280, #6659, #2778, .T. ) ;
#454 = ORIENTED_EDGE ( 'NONE', *, *, #7244, .T. ) ;
#455 = VERTEX_POINT ( 'NONE', #3995 ) ;
#456 = ORIENTED_EDGE ( 'NONE', *, *, #4937, .F. ) ;
#457 = VECTOR ( 'NONE', #3799, 1000.000000000000000 ) ;
#458 = VECTOR ( 'NONE', #7390, 1000.000000000000000 ) ;
#459 = DIRECTION ( 'NONE',  ( 1.000000000000000000, 0.000000000000000000, 0.000000000000000000 ) ) ;
#460 = ORIENTED_EDGE ( 'NONE', *, *, #3556, .F. ) ;
#461 = DIRECTION ( 'NONE',  ( 0.000000000000000000, 0.000000000000000000, 1.000000000000000000 ) ) ;
#462 = VECTOR ( 'NONE', #1289, 1000.000000000000000 ) ;
#463 = CARTESIAN_POINT ( 'NONE',  ( 125.0000000000000000, -3.209999999866421927, 118.1694254178079149 ) ) ;
#464 = CARTESIAN_POINT ( 'NONE',  ( 125.0000000000000000, 11.16109210080288605, 115.0000000001181633 ) ) ;
#465 = AXIS2_PLACEMENT_3D ( 'NONE', #3292, #2022, #3857 ) ;
#466 = PLANE ( 'NONE',  #5599 ) ;
#467 = VECTOR ( 'NONE', #6630, 1000.000000000000114 ) ;
#468 = VECTOR ( 'NONE', #5926, 1000.000000000000000 ) ;
#469 = CARTESIAN_POINT ( 'NONE',  ( -125.0000000000000000, 5.260000000002621690, -125.0000000000202931 ) ) ;
#470 = EDGE_CURVE ( 'NONE', #2631, #7428, #1583, .T. ) ;
#471 = ORIENTED_EDGE ( 'NONE', *, *, #1245, .T. ) ;
#472 = ORIENTED_EDGE ( 'NONE', *, *, #2454, .F. ) ;
#473 = CARTESIAN_POINT ( 'NONE',  ( 125.0000000000000000, -22.00999999986693467, 116.5008710294929273 ) ) ;
#474 = VECTOR ( 'NONE', #4598, 1000.000000000000000 ) ;
#475 = AXIS2_PLACEMENT_3D ( 'NONE', #1938, #1355, #1385 ) ;
#476 = EDGE_LOOP ( 'NONE', ( #4181, #1053, #5839, #6753 ) ) ;
#477 = CARTESIAN_POINT ( 'NONE',  ( 125.0000000000000000, 16.51000000000246359, -120.0846308025203655 ) ) ;
#478 = CARTESIAN_POINT ( 'NONE',  ( -125.0000000000000000, -23.75999999986629518, 125.0000000002088001 ) ) ;
#479 = DIRECTION ( 'NONE',  ( 0.000000000000000000, -0.000000000000000000, 1.000000000000000000 ) ) ;
#480 = CARTESIAN_POINT ( 'NONE',  ( 125.0000000000000000, 20.07061230870587920, -1.235176059473059196 ) ) ;
#481 = EDGE_CURVE ( 'NONE', #6008, #4595, #3881, .T. ) ;
#482 = VECTOR ( 'NONE', #7263, 1000.000000000000000 ) ;
#483 = ORIENTED_EDGE ( 'NONE', *, *, #5719, .F. ) ;
#484 = LINE ( 'NONE', #1707, #6528 ) ;
#485 = LINE ( 'NONE', #6899, #6941 ) ;
#486 = VERTEX_POINT ( 'NONE', #5588 ) ;
#487 = AXIS2_PLACEMENT_3D ( 'NONE', #2328, #3356, #4084 ) ;
#488 = FACE_OUTER_BOUND ( 'NONE', #5117, .T. ) ;
#489 = CYLINDRICAL_SURFACE ( 'NONE', #2897, 0.1999999999999640954 ) ;
#490 = PLANE ( 'NONE',  #487 ) ;
#491 = EDGE_CURVE ( 'NONE', #11, #5535, #6820, .T. ) ;
#492 = ORIENTED_EDGE ( 'NONE', *, *, #7280, .F. ) ;
#493 = CARTESIAN_POINT ( 'NONE',  ( 125.0000000000000000, 26.00999999980933453, -124.9999999998816804 ) ) ;
#494 = DIRECTION ( 'NONE',  ( -1.000000000000000000, -0.000000000000000000, -0.000000000000000000 ) ) ;
#495 = DIRECTION ( 'NONE',  ( -1.000000000000000000, 0.000000000000000000, -0.000000000000000000 ) ) ;
#496 = PLANE ( 'NONE',  #6657 ) ;
#497 = ORIENTED_EDGE ( 'NONE', *, *, #3291, .F. ) ;
#498 = ORIENTED_EDGE ( 'NONE', *, *, #2373, .T. ) ;
#499 = ORIENTED_EDGE ( 'NONE', *, *, #4837, .F. ) ;
#500 = FACE_OUTER_BOUND ( 'NONE', #4334, .T. ) ;
#501 = ORIENTED_EDGE ( 'NONE', *, *, #2535, .F. ) ;
#502 = CARTESIAN_POINT ( 'NONE',  ( 125.0000000000000000, 12.96109210099593945, -117.0000000000122782 ) ) ;
#503 = LINE ( 'NONE', #4631, #4344 ) ;
#504 = DIRECTION ( 'NONE',  ( -1.000000000000000000, -0.000000000000000000, -0.000000000000000000 ) ) ;
#505 = DIRECTION ( 'NONE',  ( 1.000000000000000000, 0.000000000000000000, 0.000000000000000000 ) ) ;
#506 = CARTESIAN_POINT ( 'NONE',  ( 125.0000000000000000, -12.96109210079664997, -115.0000000001168132 ) ) ;
#507 = ORIENTED_EDGE ( 'NONE', *, *, #1670, .T. ) ;
#508 = ORIENTED_EDGE ( 'NONE', *, *, #1696, .F. ) ;
#509 = VERTEX_POINT ( 'NONE', #6855 ) ;
#510 = DIRECTION ( 'NONE',  ( -1.000000000000000000, -0.000000000000000000, -0.000000000000000000 ) ) ;
#511 = ORIENTED_EDGE ( 'NONE', *, *, #2353, .T. ) ;
#512 = DIRECTION ( 'NONE',  ( 1.000000000000000000, 0.000000000000000000, -0.000000000000000000 ) ) ;
#513 = CARTESIAN_POINT ( 'NONE',  ( -125.0000000000000000, -21.02402215827926923, 0.7683408720528981384 ) ) ;
#514 = DIRECTION ( 'NONE',  ( -1.000000000000000000, -0.000000000000000000, -0.000000000000000000 ) ) ;
#515 = LINE ( 'NONE', #4525, #7304 ) ;
#516 = ORIENTED_EDGE ( 'NONE', *, *, #6735, .T. ) ;
#517 = DIRECTION ( 'NONE',  ( 0.000000000000000000, 0.000000000000000000, 1.000000000000000000 ) ) ;
#518 = CARTESIAN_POINT ( 'NONE',  ( -125.0000000000000000, 12.51000000000257373, -125.0000000000202931 ) ) ;
#519 = ORIENTED_EDGE ( 'NONE', *, *, #52, .T. ) ;
#520 = EDGE_CURVE ( 'NONE', #4318, #2648, #6275, .T. ) ;
#521 = VERTEX_POINT ( 'NONE', #5128 ) ;
#522 = DIRECTION ( 'NONE',  ( 0.000000000000000000, 0.000000000000000000, -1.000000000000000000 ) ) ;
#523 = SURFACE_STYLE_FILL_AREA ( #2172 ) ;
#524 = ORIENTED_EDGE ( 'NONE', *, *, #2692, .F. ) ;
#525 = DIRECTION ( 'NONE',  ( 0.000000000000000000, 0.000000000000000000, -1.000000000000000000 ) ) ;
#526 = EDGE_CURVE ( 'NONE', #6133, #3566, #6241, .T. ) ;
#527 = ADVANCED_FACE ( 'NONE', ( #3382 ), #2825, .F. ) ;
#528 = CIRCLE ( 'NONE', #4429, 1.250000000000015099 ) ;
#529 = LINE ( 'NONE', #5225, #6057 ) ;
#530 = DIRECTION ( 'NONE',  ( 0.000000000000000000, -0.000000000000000000, -1.000000000000000000 ) ) ;
#531 = EDGE_LOOP ( 'NONE', ( #6164, #456, #1763, #4147 ) ) ;
#532 = ORIENTED_EDGE ( 'NONE', *, *, #2139, .F. ) ;
#533 = ORIENTED_EDGE ( 'NONE', *, *, #3377, .F. ) ;
#534 = CARTESIAN_POINT ( 'NONE',  ( 125.0000000000000000, -9.361092100859993437, 117.0000000002087859 ) ) ;
#535 = ORIENTED_EDGE ( 'NONE', *, *, #6329, .F. ) ;
#536 = DIRECTION ( 'NONE',  ( -1.000000000000000000, -0.000000000000000000, -0.000000000000000000 ) ) ;
#537 = DIRECTION ( 'NONE',  ( 0.000000000000000000, 1.000000000000000000, 0.000000000000000000 ) ) ;
#538 = CARTESIAN_POINT ( 'NONE',  ( -125.0000000000000000, -16.50999999986631650, 125.0000000002088001 ) ) ;
#539 = LINE ( 'NONE', #1798, #446 ) ;
#540 = DIRECTION ( 'NONE',  ( 0.000000000000000000, 0.000000000000000000, 1.000000000000000000 ) ) ;
#541 = ORIENTED_EDGE ( 'NONE', *, *, #3878, .T. ) ;
#542 = VERTEX_POINT ( 'NONE', #4974 ) ;
#543 = ORIENTED_EDGE ( 'NONE', *, *, #6292, .F. ) ;
#544 = FACE_OUTER_BOUND ( 'NONE', #2346, .T. ) ;
#545 = ORIENTED_EDGE ( 'NONE', *, *, #5648, .T. ) ;
#546 = DIRECTION ( 'NONE',  ( 1.000000000000000000, 0.000000000000000000, 0.000000000000000000 ) ) ;
#547 = CYLINDRICAL_SURFACE ( 'NONE', #1186, 0.2000000000064147687 ) ;
#548 = CARTESIAN_POINT ( 'NONE',  ( -125.0000000000000000, 21.02402215828953302, 0.7683408720461021302 ) ) ;
#549 = DIRECTION ( 'NONE',  ( 0.000000000000000000, -0.9659258262884991009, -0.2588190451046448737 ) ) ;
#550 = EDGE_CURVE ( 'NONE', #4923, #1721, #5246, .T. ) ;
#551 = EDGE_CURVE ( 'NONE', #3813, #5392, #1153, .T. ) ;
#552 = ORIENTED_EDGE ( 'NONE', *, *, #7564, .F. ) ;
#553 = DIRECTION ( 'NONE',  ( 0.000000000000000000, -1.000000000000000000, 0.000000000000000000 ) ) ;
#554 = FACE_OUTER_BOUND ( 'NONE', #6388, .T. ) ;
#555 = CARTESIAN_POINT ( 'NONE',  ( 125.0000000000000000, -2.009999999866387554, 125.0000000002088001 ) ) ;
#556 = AXIS2_PLACEMENT_3D ( 'NONE', #2835, #5712, #5750 ) ;
#557 = DIRECTION ( 'NONE',  ( 0.000000000000000000, 0.9863939238321467462, 0.1643989873053395556 ) ) ;
#558 = DIRECTION ( 'NONE',  ( 0.000000000000000000, -0.000000000000000000, -1.000000000000000000 ) ) ;
#559 = EDGE_CURVE ( 'NONE', #5392, #7123, #3493, .T. ) ;
#560 = ORIENTED_EDGE ( 'NONE', *, *, #3324, .T. ) ;
#561 = VECTOR ( 'NONE', #670, 1000.000000000000000 ) ;
#562 = FACE_OUTER_BOUND ( 'NONE', #2197, .T. ) ;
#563 = AXIS2_PLACEMENT_3D ( 'NONE', #7374, #6258, #2724 ) ;
#564 = VECTOR ( 'NONE', #5861, 1000.000000000000000 ) ;
#565 = DIRECTION ( 'NONE',  ( -1.000000000000000000, -0.000000000000000000, -0.000000000000000000 ) ) ;
#566 = CARTESIAN_POINT ( 'NONE',  ( 125.0000000000000000, -16.50999999986631650, 125.0000000002088001 ) ) ;
#567 = DIRECTION ( 'NONE',  ( 0.000000000000000000, 0.000000000000000000, 1.000000000000000000 ) ) ;
#568 = ADVANCED_FACE ( 'NONE', ( #590 ), #3426, .F. ) ;
#569 = EDGE_CURVE ( 'NONE', #2377, #6031, #3540, .T. ) ;
#570 = VECTOR ( 'NONE', #451, 1000.000000000000000 ) ;
#571 = EDGE_LOOP ( 'NONE', ( #2208, #1666, #5629, #5323 ) ) ;
#572 = VERTEX_POINT ( 'NONE', #2940 ) ;
#573 = PLANE ( 'NONE',  #810 ) ;
#574 = VECTOR ( 'NONE', #1854, 1000.000000000000000 ) ;
#575 = ORIENTED_EDGE ( 'NONE', *, *, #1842, .T. ) ;
#576 = DIRECTION ( 'NONE',  ( 0.000000000000000000, 0.000000000000000000, -1.000000000000000000 ) ) ;
#577 = AXIS2_PLACEMENT_3D ( 'NONE', #6984, #1599, #7519 ) ;
#578 = VECTOR ( 'NONE', #656, 1000.000000000000000 ) ;
#579 = PLANE ( 'NONE',  #6449 ) ;
#580 = EDGE_CURVE ( 'NONE', #6379, #3381, #5329, .T. ) ;
#581 = ADVANCED_FACE ( 'NONE', ( #2317 ), #4640, .F. ) ;
#582 = ORIENTED_EDGE ( 'NONE', *, *, #1198, .F. ) ;
#583 = VECTOR ( 'NONE', #2444, 1000.000000000000000 ) ;
#584 = EDGE_LOOP ( 'NONE', ( #6622, #3887, #6854, #4509 ) ) ;
#585 = VERTEX_POINT ( 'NONE', #4184 ) ;
#586 = FACE_OUTER_BOUND ( 'NONE', #5580, .T. ) ;
#587 = EDGE_LOOP ( 'NONE', ( #7351, #3357, #2421, #6237 ) ) ;
#588 = AXIS2_PLACEMENT_3D ( 'NONE', #1393, #4392, #3326 ) ;
#589 = CIRCLE ( 'NONE', #1560, 0.5000000000000837108 ) ;
#590 = FACE_OUTER_BOUND ( 'NONE', #5611, .T. ) ;
#591 = DIRECTION ( 'NONE',  ( -1.000000000000000000, -0.000000000000000000, -0.000000000000000000 ) ) ;
#592 = DIRECTION ( 'NONE',  ( 0.000000000000000000, 0.000000000000000000, -1.000000000000000000 ) ) ;
#593 = FACE_OUTER_BOUND ( 'NONE', #7378, .T. ) ;
#594 = ORIENTED_EDGE ( 'NONE', *, *, #5637, .F. ) ;
#595 = COLOUR_RGB ( '',0.8980392156862745390, 0.9176470588235293713, 0.9294117647058823817 ) ;
#596 = CARTESIAN_POINT ( 'NONE',  ( 125.0000000000000000, -12.50999999986642486, 125.0000000002088001 ) ) ;
#597 = PLANE ( 'NONE',  #7534 ) ;
#598 = FACE_OUTER_BOUND ( 'NONE', #1855, .T. ) ;
#599 = LINE ( 'NONE', #7127, #4456 ) ;
#600 = EDGE_CURVE ( 'NONE', #4150, #1189, #1087, .T. ) ;
#601 = AXIS2_PLACEMENT_3D ( 'NONE', #2559, #6742, #2667 ) ;
#602 = VECTOR ( 'NONE', #3695, 1000.000000000000000 ) ;
#603 = LINE ( 'NONE', #1625, #955 ) ;
#604 = VERTEX_POINT ( 'NONE', #2428 ) ;
#605 = DIRECTION ( 'NONE',  ( 0.000000000000000000, 0.000000000000000000, -1.000000000000000000 ) ) ;
#606 = AXIS2_PLACEMENT_3D ( 'NONE', #7018, #7382, #3518 ) ;
#607 = EDGE_CURVE ( 'NONE', #5019, #413, #4107, .T. ) ;
#608 = DIRECTION ( 'NONE',  ( -1.000000000000000000, -0.000000000000000000, -0.000000000000000000 ) ) ;
#609 = CARTESIAN_POINT ( 'NONE',  ( 125.0000000000000000, 16.51000000000246359, -125.0000000000202931 ) ) ;
#610 = DIRECTION ( 'NONE',  ( 1.000000000000000000, 0.000000000000000000, -0.000000000000000000 ) ) ;
#611 = DIRECTION ( 'NONE',  ( 0.000000000000000000, -1.000000000000000000, 0.000000000000000000 ) ) ;
#612 = ORIENTED_EDGE ( 'NONE', *, *, #2453, .F. ) ;
#613 = ORIENTED_EDGE ( 'NONE', *, *, #4378, .T. ) ;
#614 = DIRECTION ( 'NONE',  ( 0.000000000000000000, -8.682410371595642740E-14, 1.000000000000000000 ) ) ;
#615 = DIRECTION ( 'NONE',  ( 0.000000000000000000, -1.000000000000000000, 0.000000000000000000 ) ) ;
#616 = EDGE_CURVE ( 'NONE', #3142, #4428, #6969, .T. ) ;
#617 = EDGE_CURVE ( 'NONE', #1117, #6354, #4749, .T. ) ;
#618 = CARTESIAN_POINT ( 'NONE',  ( -125.0000000000000000, 22.51000000000263768, -4.472135955002962682 ) ) ;
#619 = DIRECTION ( 'NONE',  ( 0.000000000000000000, 0.000000000000000000, 1.000000000000000000 ) ) ;
#620 = VERTEX_POINT ( 'NONE', #5162 ) ;
#621 = VERTEX_POINT ( 'NONE', #2382 ) ;
#622 = ORIENTED_EDGE ( 'NONE', *, *, #4104, .F. ) ;
#623 = CARTESIAN_POINT ( 'NONE',  ( 125.0000000000000000, -0.009999999803049450589, -114.0000000001187033 ) ) ;
#624 = ORIENTED_EDGE ( 'NONE', *, *, #2217, .T. ) ;
#625 = EDGE_CURVE ( 'NONE', #4771, #3560, #2299, .T. ) ;
#626 = ADVANCED_FACE ( 'NONE', ( #3460 ), #4596, .F. ) ;
#627 = DIRECTION ( 'NONE',  ( 0.000000000000000000, -1.000000000000000000, 0.000000000000000000 ) ) ;
#628 = CARTESIAN_POINT ( 'NONE',  ( 125.0000000000000000, -26.00999999986646216, -123.9999999997910578 ) ) ;
#629 = FACE_OUTER_BOUND ( 'NONE', #1152, .T. ) ;
#630 = DIRECTION ( 'NONE',  ( 0.000000000000000000, 0.000000000000000000, -1.000000000000000000 ) ) ;
#631 = ORIENTED_EDGE ( 'NONE', *, *, #246, .F. ) ;
#632 = DIRECTION ( 'NONE',  ( -1.000000000000000000, -0.000000000000000000, -0.000000000000000000 ) ) ;
#633 = DIRECTION ( 'NONE',  ( 0.000000000000000000, 0.000000000000000000, 1.000000000000000000 ) ) ;
#634 = DIRECTION ( 'NONE',  ( -1.000000000000000000, -0.000000000000000000, -0.000000000000000000 ) ) ;
#635 = PLANE ( 'NONE',  #2065 ) ;
#636 = CARTESIAN_POINT ( 'NONE',  ( 125.0000000000000000, 5.260000000002621690, -117.0000000000202647 ) ) ;
#637 = LINE ( 'NONE', #2985, #2800 ) ;
#638 = ORIENTED_EDGE ( 'NONE', *, *, #2217, .F. ) ;
#639 = EDGE_CURVE ( 'NONE', #6312, #6343, #3890, .T. ) ;
#640 = DIRECTION ( 'NONE',  ( 0.000000000000000000, 0.000000000000000000, -1.000000000000000000 ) ) ;
#641 = CARTESIAN_POINT ( 'NONE',  ( 125.0000000000000000, -5.259999999866640685, -124.9999999997909725 ) ) ;
#642 = CARTESIAN_POINT ( 'NONE',  ( 125.0000000000000000, -2.009999999866387554, 120.0000000002086722 ) ) ;
#643 = LINE ( 'NONE', #1833, #6418 ) ;
#644 = VERTEX_POINT ( 'NONE', #1194 ) ;
#645 = EDGE_CURVE ( 'NONE', #6379, #2718, #5774, .T. ) ;
#646 = ORIENTED_EDGE ( 'NONE', *, *, #5081, .T. ) ;
#647 = ADVANCED_FACE ( 'NONE', ( #7545 ), #6393, .T. ) ;
#648 = PLANE ( 'NONE',  #4144 ) ;
#649 = FACE_OUTER_BOUND ( 'NONE', #737, .T. ) ;
#650 = DIRECTION ( 'NONE',  ( 1.000000000000000000, 0.000000000000000000, 0.000000000000000000 ) ) ;
#651 = AXIS2_PLACEMENT_3D ( 'NONE', #4512, #4960, #912 ) ;
#652 = ORIENTED_EDGE ( 'NONE', *, *, #4955, .F. ) ;
#653 = ORIENTED_EDGE ( 'NONE', *, *, #6445, .T. ) ;
#654 = EDGE_CURVE ( 'NONE', #1370, #5001, #3572, .T. ) ;
#655 = ORIENTED_EDGE ( 'NONE', *, *, #6080, .T. ) ;
#656 = DIRECTION ( 'NONE',  ( -1.000000000000000000, -0.000000000000000000, -0.000000000000000000 ) ) ;
#657 = ORIENTED_EDGE ( 'NONE', *, *, #3532, .F. ) ;
#658 = DIRECTION ( 'NONE',  ( -1.000000000000000000, -0.000000000000000000, -0.000000000000000000 ) ) ;
#659 = LINE ( 'NONE', #1265, #7290 ) ;
#660 = CARTESIAN_POINT ( 'NONE',  ( 125.0000000000000000, 12.51000000000257373, -120.0846308025203655 ) ) ;
#661 = DIRECTION ( 'NONE',  ( 0.000000000000000000, 0.000000000000000000, 1.000000000000000000 ) ) ;
#662 = EDGE_CURVE ( 'NONE', #4172, #5872, #3601, .T. ) ;
#663 = EDGE_CURVE ( 'NONE', #3411, #5903, #1264, .T. ) ;
#664 = VERTEX_POINT ( 'NONE', #3052 ) ;
#665 = CARTESIAN_POINT ( 'NONE',  ( -125.0000000000000000, -22.50999999999692491, -4.472135954997691343 ) ) ;
#666 = DIRECTION ( 'NONE',  ( 0.000000000000000000, 0.000000000000000000, -1.000000000000000000 ) ) ;
#667 = ORIENTED_EDGE ( 'NONE', *, *, #1261, .F. ) ;
#668 = CARTESIAN_POINT ( 'NONE',  ( 125.0000000000000000, -5.259999999866473708, 117.0000000002087859 ) ) ;
#669 = DIRECTION ( 'NONE',  ( 0.000000000000000000, 0.000000000000000000, 1.000000000000000000 ) ) ;
#670 = DIRECTION ( 'NONE',  ( -1.000000000000000000, -0.000000000000000000, -0.000000000000000000 ) ) ;
#671 = CARTESIAN_POINT ( 'NONE',  ( -125.0000000000000000, -2.009999999866387554, 125.0000000002088001 ) ) ;
#672 = ADVANCED_FACE ( 'NONE', ( #5349 ), #129, .F. ) ;
#673 = ORIENTED_EDGE ( 'NONE', *, *, #617, .T. ) ;
#674 = CARTESIAN_POINT ( 'NONE',  ( -125.0000000000000000, 22.01000000000292900, -116.5008710293030134 ) ) ;
#675 = CARTESIAN_POINT ( 'NONE',  ( -125.0000000000000000, 16.56109210080340333, 117.0000000001212754 ) ) ;
#676 = DIRECTION ( 'NONE',  ( 0.000000000000000000, 0.000000000000000000, 1.000000000000000000 ) ) ;
#677 = DIRECTION ( 'NONE',  ( 0.000000000000000000, 0.000000000000000000, 1.000000000000000000 ) ) ;
#678 = AXIS2_PLACEMENT_3D ( 'NONE', #4269, #321, #3128 ) ;
#679 = ORIENTED_EDGE ( 'NONE', *, *, #3103, .F. ) ;
#680 = ORIENTED_EDGE ( 'NONE', *, *, #3048, .F. ) ;
#681 = AXIS2_PLACEMENT_3D ( 'NONE', #1875, #3141, #6531 ) ;
#682 = VECTOR ( 'NONE', #3798, 1000.000000000000000 ) ;
#683 = CARTESIAN_POINT ( 'NONE',  ( 125.0000000000000000, -12.96109210085998598, 117.0000000002019078 ) ) ;
#684 = CARTESIAN_POINT ( 'NONE',  ( 125.0000000000000000, -9.361092100859993437, 117.0000000002087859 ) ) ;
#685 = CARTESIAN_POINT ( 'NONE',  ( -125.0000000000000000, 22.00319135038040486, 114.5436091504057146 ) ) ;
#686 = EDGE_CURVE ( 'NONE', #4521, #3369, #1242, .T. ) ;
#687 = VECTOR ( 'NONE', #6417, 1000.000000000000000 ) ;
#688 = AXIS2_PLACEMENT_3D ( 'NONE', #154, #1294, #5993 ) ;
#689 = CARTESIAN_POINT ( 'NONE',  ( 125.0000000000000000, 24.01000000000306400, 114.0436091504059135 ) ) ;
#690 = ORIENTED_EDGE ( 'NONE', *, *, #1121, .F. ) ;
#691 = ORIENTED_EDGE ( 'NONE', *, *, #3965, .T. ) ;
#692 = EDGE_LOOP ( 'NONE', ( #6155, #6861, #7101, #794 ) ) ;
#693 = AXIS2_PLACEMENT_3D ( 'NONE', #6573, #5022, #3853 ) ;
#694 = CARTESIAN_POINT ( 'NONE',  ( -125.0000000000000000, 12.96109210080290985, 115.0000000001172680 ) ) ;
#695 = AXIS2_PLACEMENT_3D ( 'NONE', #1958, #4175, #2996 ) ;
#696 = VERTEX_POINT ( 'NONE', #671 ) ;
#697 = DIRECTION ( 'NONE',  ( -1.000000000000000000, -0.000000000000000000, -0.000000000000000000 ) ) ;
#698 = VECTOR ( 'NONE', #400, 1000.000000000000000 ) ;
#699 = EDGE_CURVE ( 'NONE', #818, #3237, #3615, .T. ) ;
#700 = CARTESIAN_POINT ( 'NONE',  ( -125.0000000000000000, -12.50999999986659184, -124.9999999997909725 ) ) ;
#701 = VECTOR ( 'NONE', #5005, 1000.000000000000000 ) ;
#702 = CARTESIAN_POINT ( 'NONE',  ( 125.0000000000000000, 16.81285590982428246, 115.1083004675525103 ) ) ;
#703 = DIRECTION ( 'NONE',  ( -1.000000000000000000, -0.000000000000000000, -0.000000000000000000 ) ) ;
#704 = EDGE_LOOP ( 'NONE', ( #7456, #6356, #2833, #6786 ) ) ;
#705 = CARTESIAN_POINT ( 'NONE',  ( 125.0000000000000000, 22.01000000000425416, -6.300949345616757569E-12 ) ) ;
#706 = LINE ( 'NONE', #1890, #5446 ) ;
#707 = VECTOR ( 'NONE', #4652, 1000.000000000000000 ) ;
#708 = VECTOR ( 'NONE', #433, 1000.000000000000000 ) ;
#709 = ORIENTED_EDGE ( 'NONE', *, *, #6598, .F. ) ;
#710 = DIRECTION ( 'NONE',  ( -1.000000000000000000, -0.000000000000000000, -0.000000000000000000 ) ) ;
#711 = CARTESIAN_POINT ( 'NONE',  ( 125.0000000000000000, -12.96109210085998598, 117.0000000002019078 ) ) ;
#712 = PLANE ( 'NONE',  #2765 ) ;
#713 = ADVANCED_FACE ( 'NONE', ( #4198 ), #5896, .F. ) ;
#714 = DIRECTION ( 'NONE',  ( 0.000000000000000000, 0.000000000000000000, 1.000000000000000000 ) ) ;
#715 = CYLINDRICAL_SURFACE ( 'NONE', #7417, 0.2000000000027925551 ) ;
#716 = AXIS2_PLACEMENT_3D ( 'NONE', #1546, #2600, #3320 ) ;
#717 = VECTOR ( 'NONE', #6858, 1000.000000000000000 ) ;
#718 = VECTOR ( 'NONE', #4712, 1000.000000000000000 ) ;
#719 = VERTEX_POINT ( 'NONE', #3668 ) ;
#720 = LINE ( 'NONE', #5403, #5942 ) ;
#721 = VECTOR ( 'NONE', #6236, 1000.000000000000000 ) ;
#722 = VERTEX_POINT ( 'NONE', #1860 ) ;
#723 = VECTOR ( 'NONE', #5862, 1000.000000000000000 ) ;
#724 = ADVANCED_FACE ( 'NONE', ( #3019 ), #1896, .T. ) ;
#725 = EDGE_CURVE ( 'NONE', #585, #6140, #4231, .T. ) ;
#726 = DIRECTION ( 'NONE',  ( -1.000000000000000000, -0.000000000000000000, -0.000000000000000000 ) ) ;
#727 = ORIENTED_EDGE ( 'NONE', *, *, #5632, .T. ) ;
#728 = CIRCLE ( 'NONE', #1209, 0.2000000000065701444 ) ;
#729 = CARTESIAN_POINT ( 'NONE',  ( 125.0000000000000000, 0.01000000000261697976, -114.0000000000203784 ) ) ;
#730 = CARTESIAN_POINT ( 'NONE',  ( -125.0000000000000000, 2.010000000002646559, -125.0000000000202931 ) ) ;
#731 = LINE ( 'NONE', #6496, #2906 ) ;
#732 = CARTESIAN_POINT ( 'NONE',  ( 125.0000000000000000, -12.50999999986659184, -124.9999999997909725 ) ) ;
#733 = ORIENTED_EDGE ( 'NONE', *, *, #1842, .F. ) ;
#734 = ORIENTED_EDGE ( 'NONE', *, *, #5548, .F. ) ;
#735 = ORIENTED_EDGE ( 'NONE', *, *, #304, .F. ) ;
#736 = CARTESIAN_POINT ( 'NONE',  ( 125.0000000000000000, 20.27061230870594954, -1.235176059473059196 ) ) ;
#737 = EDGE_LOOP ( 'NONE', ( #2497, #1738, #998, #5044 ) ) ;
#738 = LINE ( 'NONE', #3684, #5520 ) ;
#739 = FACE_OUTER_BOUND ( 'NONE', #2133, .T. ) ;
#740 = CARTESIAN_POINT ( 'NONE',  ( 125.0000000000000000, -21.63829944539978101, -115.1136656743442614 ) ) ;
#741 = LINE ( 'NONE', #5352, #3898 ) ;
#742 = ORIENTED_EDGE ( 'NONE', *, *, #7224, .F. ) ;
#743 = ORIENTED_EDGE ( 'NONE', *, *, #2692, .T. ) ;
#744 = DIRECTION ( 'NONE',  ( 0.000000000000000000, 0.000000000000000000, -1.000000000000000000 ) ) ;
#745 = CARTESIAN_POINT ( 'NONE',  ( 125.0000000000000000, -24.00999999999702439, 4.472135955000594798 ) ) ;
#746 = ORIENTED_EDGE ( 'NONE', *, *, #5771, .F. ) ;
#747 = FACE_OUTER_BOUND ( 'NONE', #6468, .T. ) ;
#748 = FACE_OUTER_BOUND ( 'NONE', #3856, .T. ) ;
#749 = DIRECTION ( 'NONE',  ( 0.000000000000000000, 1.000000000000000000, 0.000000000000000000 ) ) ;
#750 = CARTESIAN_POINT ( 'NONE',  ( -125.0000000000000000, -2.009999999866387554, 120.0000000002086722 ) ) ;
#751 = ORIENTED_EDGE ( 'NONE', *, *, #2814, .F. ) ;
#752 = ADVANCED_FACE ( 'NONE', ( #1356 ), #715, .T. ) ;
#753 = CARTESIAN_POINT ( 'NONE',  ( 125.0000000000000000, -5.259999999866473708, 125.0000000002088001 ) ) ;
#754 = ORIENTED_EDGE ( 'NONE', *, *, #5679, .T. ) ;
#755 = CYLINDRICAL_SURFACE ( 'NONE', #7066, 1.500000000000200728 ) ;
#756 = ORIENTED_EDGE ( 'NONE', *, *, #6632, .F. ) ;
#757 = EDGE_CURVE ( 'NONE', #1877, #3623, #1941, .T. ) ;
#758 = PLANE ( 'NONE',  #211 ) ;
#759 = LINE ( 'NONE', #2677, #6919 ) ;
#760 = DIRECTION ( 'NONE',  ( 0.000000000000000000, 0.000000000000000000, -1.000000000000000000 ) ) ;
#761 = CYLINDRICAL_SURFACE ( 'NONE', #2517, 3.000000000007561507 ) ;
#762 = ORIENTED_EDGE ( 'NONE', *, *, #304, .T. ) ;
#763 = ORIENTED_EDGE ( 'NONE', *, *, #3681, .T. ) ;
#764 = EDGE_LOOP ( 'NONE', ( #977, #1362, #3421, #4623 ) ) ;
#765 = ORIENTED_EDGE ( 'NONE', *, *, #1863, .F. ) ;
#766 = CARTESIAN_POINT ( 'NONE',  ( -125.0000000000000000, 24.01000000000306400, 114.0436091504059135 ) ) ;
#767 = AXIS2_PLACEMENT_3D ( 'NONE', #4359, #6696, #1448 ) ;
#768 = CARTESIAN_POINT ( 'NONE',  ( -125.0000000000000000, 12.50999999980932209, 120.0846308026180367 ) ) ;
#769 = DIRECTION ( 'NONE',  ( 0.000000000000000000, 0.000000000000000000, -1.000000000000000000 ) ) ;
#770 = DIRECTION ( 'NONE',  ( 0.000000000000000000, 0.000000000000000000, 1.000000000000000000 ) ) ;
#771 = ORIENTED_EDGE ( 'NONE', *, *, #5092, .F. ) ;
#772 = ORIENTED_EDGE ( 'NONE', *, *, #74, .T. ) ;
#773 = DIRECTION ( 'NONE',  ( 1.000000000000000000, 0.000000000000000000, 0.000000000000000000 ) ) ;
#774 = DIRECTION ( 'NONE',  ( 0.000000000000000000, 0.000000000000000000, -1.000000000000000000 ) ) ;
#775 = ORIENTED_EDGE ( 'NONE', *, *, #7268, .F. ) ;
#776 = PLANE ( 'NONE',  #7151 ) ;
#777 = DIRECTION ( 'NONE',  ( 0.000000000000000000, 0.000000000000000000, 1.000000000000000000 ) ) ;
#778 = CARTESIAN_POINT ( 'NONE',  ( 125.0000000000000000, 20.62279464504687709, -116.1291704747072089 ) ) ;
#779 = DIRECTION ( 'NONE',  ( 0.000000000000000000, 0.000000000000000000, 1.000000000000000000 ) ) ;
#780 = EDGE_CURVE ( 'NONE', #4540, #1991, #1825, .T. ) ;
#781 = ORIENTED_EDGE ( 'NONE', *, *, #6874, .T. ) ;
#782 = ORIENTED_EDGE ( 'NONE', *, *, #7291, .T. ) ;
#783 = CARTESIAN_POINT ( 'NONE',  ( 125.0000000000000000, 21.83148461058267742, -115.0619018650268686 ) ) ;
#784 = EDGE_LOOP ( 'NONE', ( #2221, #6262, #4102, #291 ) ) ;
#785 = EDGE_CURVE ( 'NONE', #170, #2103, #3697, .T. ) ;
#786 = ORIENTED_EDGE ( 'NONE', *, *, #1859, .T. ) ;
#787 = CARTESIAN_POINT ( 'NONE',  ( 125.0000000000000000, 24.01000000000296453, -114.0436091504081304 ) ) ;
#788 = CARTESIAN_POINT ( 'NONE',  ( -125.0000000000000000, -19.75999999986629163, 125.0000000002088001 ) ) ;
#789 = EDGE_CURVE ( 'NONE', #5912, #3233, #2479, .T. ) ;
#790 = DIRECTION ( 'NONE',  ( 0.000000000000000000, 0.000000000000000000, 1.000000000000000000 ) ) ;
#791 = VERTEX_POINT ( 'NONE', #4796 ) ;
#792 = ORIENTED_EDGE ( 'NONE', *, *, #4870, .F. ) ;
#793 = ORIENTED_EDGE ( 'NONE', *, *, #3570, .F. ) ;
#794 = ORIENTED_EDGE ( 'NONE', *, *, #2732, .T. ) ;
#795 = DIRECTION ( 'NONE',  ( 1.000000000000000000, 0.000000000000000000, 0.000000000000000000 ) ) ;
#797 = CIRCLE ( 'NONE', #4706, 0.2000000000000751177 ) ;
#796 = LINE ( 'NONE', #3152, #2522 ) ;
#798 = EDGE_CURVE ( 'NONE', #4811, #2864, #1321, .T. ) ;
#799 = CARTESIAN_POINT ( 'NONE',  ( 125.0000000000000000, 9.361092100802974159, 117.0000000001181633 ) ) ;
#800 = DIRECTION ( 'NONE',  ( 0.000000000000000000, -0.9659258262884991009, -0.2588190451046448737 ) ) ;
#801 = FACE_OUTER_BOUND ( 'NONE', #692, .T. ) ;
#802 = ORIENTED_EDGE ( 'NONE', *, *, #4916, .T. ) ;
#803 = VERTEX_POINT ( 'NONE', #750 ) ;
#804 = DIRECTION ( 'NONE',  ( 0.000000000000000000, -0.000000000000000000, 1.000000000000000000 ) ) ;
#805 = CARTESIAN_POINT ( 'NONE',  ( -125.0000000000000000, -26.00999999986646216, -124.9999999997909725 ) ) ;
#806 = ORIENTED_EDGE ( 'NONE', *, *, #4169, .T. ) ;
#807 = VECTOR ( 'NONE', #7232, 1000.000000000000000 ) ;
#808 = CARTESIAN_POINT ( 'NONE',  ( -125.0000000000000000, 0.01000000000261699884, -118.7027587510203972 ) ) ;
#809 = DIRECTION ( 'NONE',  ( 0.000000000000000000, 1.000000000000000000, 0.000000000000000000 ) ) ;
#810 = AXIS2_PLACEMENT_3D ( 'NONE', #5873, #7070, #7525 ) ;
#811 = DIRECTION ( 'NONE',  ( -1.000000000000000000, -0.000000000000000000, -0.000000000000000000 ) ) ;
#812 = CARTESIAN_POINT ( 'NONE',  ( -125.0000000000000000, -21.83148461057669820, -115.0619018650240122 ) ) ;
#813 = CARTESIAN_POINT ( 'NONE',  ( 125.0000000000000000, 23.75999999999983814, -124.9999999998809841 ) ) ;
#814 = VERTEX_POINT ( 'NONE', #5398 ) ;
#815 = VECTOR ( 'NONE', #5979, 1000.000000000000000 ) ;
#816 = CARTESIAN_POINT ( 'NONE',  ( 125.0000000000000000, -20.07061230870002433, 1.235176059472875565 ) ) ;
#817 = EDGE_CURVE ( 'NONE', #2381, #5161, #175, .T. ) ;
#818 = VERTEX_POINT ( 'NONE', #7012 ) ;
#819 = VECTOR ( 'NONE', #3028, 1000.000000000000000 ) ;
#820 = AXIS2_PLACEMENT_3D ( 'NONE', #6338, #3512, #5788 ) ;
#821 = CIRCLE ( 'NONE', #6335, 0.1999999998510137988 ) ;
#822 = DIRECTION ( 'NONE',  ( 0.000000000000000000, 0.000000000000000000, 1.000000000000000000 ) ) ;
#823 = DIRECTION ( 'NONE',  ( 0.000000000000000000, 0.000000000000000000, -1.000000000000000000 ) ) ;
#824 = ORIENTED_EDGE ( 'NONE', *, *, #3476, .F. ) ;
#825 = CARTESIAN_POINT ( 'NONE',  ( -125.0000000000000000, 16.76109210099593128, -115.3014856326913389 ) ) ;
#826 = AXIS2_PLACEMENT_3D ( 'NONE', #7316, #3801, #6153 ) ;
#827 = STYLED_ITEM ( 'NONE', ( #5614 ), #2528 ) ;
#828 = PLANE ( 'NONE',  #2413 ) ;
#829 = EDGE_CURVE ( 'NONE', #428, #722, #4121, .T. ) ;
#830 = DIRECTION ( 'NONE',  ( 0.000000000000000000, 0.000000000000000000, -1.000000000000000000 ) ) ;
#831 = VECTOR ( 'NONE', #1608, 1000.000000000000000 ) ;
#832 = LINE ( 'NONE', #3677, #1044 ) ;
#833 = VECTOR ( 'NONE', #669, 1000.000000000000000 ) ;
#834 = VERTEX_POINT ( 'NONE', #3553 ) ;
#835 = EDGE_LOOP ( 'NONE', ( #4929, #4382, #3934, #7376 ) ) ;
#836 = ORIENTED_EDGE ( 'NONE', *, *, #1166, .F. ) ;
#837 = EDGE_CURVE ( 'NONE', #6930, #5879, #637, .T. ) ;
#838 = ADVANCED_FACE ( 'NONE', ( #4719 ), #4302, .F. ) ;
#839 = DIRECTION ( 'NONE',  ( 0.000000000000000000, 0.000000000000000000, 1.000000000000000000 ) ) ;
#840 = VECTOR ( 'NONE', #3209, 1000.000000000000000 ) ;
#841 = ORIENTED_EDGE ( 'NONE', *, *, #2691, .T. ) ;
#842 = LINE ( 'NONE', #161, #1013 ) ;
#843 = DIRECTION ( 'NONE',  ( 0.000000000000000000, 0.000000000000000000, -1.000000000000000000 ) ) ;
#844 = DIRECTION ( 'NONE',  ( -1.000000000000000000, -0.000000000000000000, -0.000000000000000000 ) ) ;
#845 = LINE ( 'NONE', #3686, #1824 ) ;
#846 = CARTESIAN_POINT ( 'NONE',  ( -125.0000000000000000, 20.07061230870587920, -1.235176059473059196 ) ) ;
#847 = VERTEX_POINT ( 'NONE', #370 ) ;
#848 = ORIENTED_EDGE ( 'NONE', *, *, #5719, .T. ) ;
#849 = VERTEX_POINT ( 'NONE', #888 ) ;
#850 = ADVANCED_FACE ( 'NONE', ( #3168 ), #4899, .F. ) ;
#851 = EDGE_CURVE ( 'NONE', #2648, #5501, #6778, .T. ) ;
#852 = LINE ( 'NONE', #5536, #2539 ) ;
#853 = ORIENTED_EDGE ( 'NONE', *, *, #5731, .F. ) ;
#854 = CARTESIAN_POINT ( 'NONE',  ( 125.0000000000000000, 0.009999999809365651623, 120.0000000001180496 ) ) ;
#855 = DIRECTION ( 'NONE',  ( 0.000000000000000000, 1.000000000000000000, 0.000000000000000000 ) ) ;
#856 = PLANE ( 'NONE',  #678 ) ;
#857 = CARTESIAN_POINT ( 'NONE',  ( 125.0000000000000000, -22.00999999999659451, -115.2508710293005265 ) ) ;
#858 = CARTESIAN_POINT ( 'NONE',  ( 125.0000000000000000, 16.81285590982428246, 115.1083004675525103 ) ) ;
#859 = ORIENTED_EDGE ( 'NONE', *, *, #1391, .T. ) ;
#860 = ORIENTED_EDGE ( 'NONE', *, *, #1178, .F. ) ;
#861 = CARTESIAN_POINT ( 'NONE',  ( 125.0000000000000000, -2.009999999866387554, 120.0000000002086722 ) ) ;
#862 = ORIENTED_EDGE ( 'NONE', *, *, #4814, .T. ) ;
#863 = CARTESIAN_POINT ( 'NONE',  ( 125.0000000000000000, -16.81285590988112943, 115.1083004676235646 ) ) ;
#864 = DIRECTION ( 'NONE',  ( -1.000000000000000000, -0.000000000000000000, -0.000000000000000000 ) ) ;
#865 = EDGE_CURVE ( 'NONE', #4801, #2231, #7328, .T. ) ;
#866 = ORIENTED_EDGE ( 'NONE', *, *, #6992, .F. ) ;
#867 = DIRECTION ( 'NONE',  ( 0.000000000000000000, 0.000000000000000000, 1.000000000000000000 ) ) ;
#868 = LINE ( 'NONE', #3212, #1401 ) ;
#869 = CARTESIAN_POINT ( 'NONE',  ( 125.0000000000000000, 19.76000000000243872, -120.0846308025203655 ) ) ;
#870 = DIRECTION ( 'NONE',  ( 0.000000000000000000, 0.000000000000000000, -1.000000000000000000 ) ) ;
#871 = ADVANCED_FACE ( 'NONE', ( #1424 ), #2090, .F. ) ;
#872 = ADVANCED_FACE ( 'NONE', ( #5508 ), #7277, .T. ) ;
#873 = ORIENTED_EDGE ( 'NONE', *, *, #5067, .T. ) ;
#874 = ORIENTED_EDGE ( 'NONE', *, *, #2732, .F. ) ;
#875 = ORIENTED_EDGE ( 'NONE', *, *, #1671, .T. ) ;
#876 = DIRECTION ( 'NONE',  ( 1.000000000000000000, 0.000000000000000000, -0.000000000000000000 ) ) ;
#877 = CARTESIAN_POINT ( 'NONE',  ( 125.0000000000000000, -16.56109210086011529, 117.0000000001927987 ) ) ;
#878 = DIRECTION ( 'NONE',  ( 0.000000000000000000, 0.000000000000000000, 1.000000000000000000 ) ) ;
#879 = CARTESIAN_POINT ( 'NONE',  ( -125.0000000000000000, -21.52022843722930645, 114.6730186729573404 ) ) ;
#880 = PLANE ( 'NONE',  #7311 ) ;
#881 = EDGE_CURVE ( 'NONE', #269, #4199, #3275, .T. ) ;
#882 = ORIENTED_EDGE ( 'NONE', *, *, #3353, .F. ) ;
#883 = ORIENTED_EDGE ( 'NONE', *, *, #3690, .T. ) ;
#884 = CYLINDRICAL_SURFACE ( 'NONE', #1553, 1.250000000000084377 ) ;
#885 = ORIENTED_EDGE ( 'NONE', *, *, #1737, .F. ) ;
#886 = LINE ( 'NONE', #3229, #6172 ) ;
#887 = CARTESIAN_POINT ( 'NONE',  ( 125.0000000000000000, -16.56109210079689475, -115.3014856328114206 ) ) ;
#888 = CARTESIAN_POINT ( 'NONE',  ( -125.0000000000000000, -16.81285590981789468, -115.1083004675539314 ) ) ;
#889 = EDGE_CURVE ( 'NONE', #1868, #7144, #5015, .T. ) ;
#890 = ADVANCED_FACE ( 'NONE', ( #287 ), #7360, .F. ) ;
#891 = VERTEX_POINT ( 'NONE', #1979 ) ;
#892 = VERTEX_POINT ( 'NONE', #5432 ) ;
#893 = DIRECTION ( 'NONE',  ( 0.000000000000000000, 0.000000000000000000, -1.000000000000000000 ) ) ;
#894 = VERTEX_POINT ( 'NONE', #4978 ) ;
#895 = ORIENTED_EDGE ( 'NONE', *, *, #2078, .T. ) ;
#896 = DIRECTION ( 'NONE',  ( 0.000000000000000000, 1.000000000000000000, 0.000000000000000000 ) ) ;
#897 = DIRECTION ( 'NONE',  ( 0.000000000000000000, -1.000000000000000000, 0.000000000000000000 ) ) ;
#898 = CARTESIAN_POINT ( 'NONE',  ( 125.0000000000000000, -0.009999999866441374244, 118.7027587512089042 ) ) ;
#899 = EDGE_CURVE ( 'NONE', #2598, #3117, #4415, .T. ) ;
#900 = VERTEX_POINT ( 'NONE', #7207 ) ;
#901 = DIRECTION ( 'NONE',  ( -1.000000000000000000, -0.000000000000000000, -0.000000000000000000 ) ) ;
#902 = CARTESIAN_POINT ( 'NONE',  ( -125.0000000000000000, 16.76109210080347367, 115.3014856328103264 ) ) ;
#903 = CARTESIAN_POINT ( 'NONE',  ( 125.0000000000000000, -5.259999999866473708, 114.0000000002086722 ) ) ;
#904 = CARTESIAN_POINT ( 'NONE',  ( -125.0000000000000000, 14.76109210080304557, 115.0000000001172680 ) ) ;
#905 = VERTEX_POINT ( 'NONE', #5591 ) ;
#906 = ORIENTED_EDGE ( 'NONE', *, *, #3563, .T. ) ;
#907 = VERTEX_POINT ( 'NONE', #3846 ) ;
#908 = CIRCLE ( 'NONE', #2776, 0.1999999999999088063 ) ;
#909 = LINE ( 'NONE', #1404, #2547 ) ;
#910 = VECTOR ( 'NONE', #2327, 1000.000000000000000 ) ;
#911 = ORIENTED_EDGE ( 'NONE', *, *, #1473, .T. ) ;
#913 = EDGE_CURVE ( 'NONE', #2935, #7266, #6163, .T. ) ;
#912 = DIRECTION ( 'NONE',  ( -1.000000000000000000, 0.000000000000000000, -0.000000000000000000 ) ) ;
#914 = DIRECTION ( 'NONE',  ( 0.000000000000000000, 0.000000000000000000, -1.000000000000000000 ) ) ;
#915 = CARTESIAN_POINT ( 'NONE',  ( 125.0000000000000000, 21.83148461058317480, 115.0619018650231595 ) ) ;
#916 = DIRECTION ( 'NONE',  ( 1.000000000000000000, 0.000000000000000000, -0.000000000000000000 ) ) ;
#917 = CARTESIAN_POINT ( 'NONE',  ( 125.0000000000000000, 20.86626570361147870, -0.6912754115805371802 ) ) ;
#918 = VERTEX_POINT ( 'NONE', #6053 ) ;
#919 = VECTOR ( 'NONE', #557, 1000.000000000000000 ) ;
#920 = ORIENTED_EDGE ( 'NONE', *, *, #2880, .T. ) ;
#921 = LINE ( 'NONE', #6043, #807 ) ;
#922 = VECTOR ( 'NONE', #3716, 1000.000000000000000 ) ;
#923 = EDGE_LOOP ( 'NONE', ( #7030, #5250, #4903, #6643 ) ) ;
#924 = EDGE_CURVE ( 'NONE', #3911, #5987, #213, .T. ) ;
#925 = DIRECTION ( 'NONE',  ( -0.000000000000000000, 3.083952846442101134E-13, 1.000000000000000000 ) ) ;
#926 = CARTESIAN_POINT ( 'NONE',  ( 125.0000000000000000, -20.07061230870002433, 1.235176059472875565 ) ) ;
#927 = PLANE ( 'NONE',  #7495 ) ;
#928 = DIRECTION ( 'NONE',  ( 0.000000000000000000, 0.000000000000000000, -1.000000000000000000 ) ) ;
#929 = DIRECTION ( 'NONE',  ( 0.000000000000000000, 0.000000000000000000, -1.000000000000000000 ) ) ;
#930 = AXIS2_PLACEMENT_3D ( 'NONE', #6398, #1159, #5099 ) ;
#931 = ORIENTED_EDGE ( 'NONE', *, *, #7300, .T. ) ;
#932 = AXIS2_PLACEMENT_3D ( 'NONE', #6056, #2015, #6134 ) ;
#933 = FACE_OUTER_BOUND ( 'NONE', #2038, .T. ) ;
#934 = VECTOR ( 'NONE', #2525, 1000.000000000000000 ) ;
#935 = ORIENTED_EDGE ( 'NONE', *, *, #6720, .T. ) ;
#936 = ADVANCED_FACE ( 'NONE', ( #3776 ), #6097, .F. ) ;
#937 = EDGE_CURVE ( 'NONE', #6613, #5660, #6972, .T. ) ;
#938 = VECTOR ( 'NONE', #6488, 1000.000000000000000 ) ;
#939 = FACE_OUTER_BOUND ( 'NONE', #1693, .T. ) ;
#940 = CARTESIAN_POINT ( 'NONE',  ( -125.0000000000000000, -22.50999999999692491, -4.472135954997691343 ) ) ;
#941 = AXIS2_PLACEMENT_3D ( 'NONE', #1697, #4592, #3343 ) ;
#942 = CARTESIAN_POINT ( 'NONE',  ( -125.0000000000000000, -20.07061230869364010, -2.194203832672704912 ) ) ;
#943 = CIRCLE ( 'NONE', #5211, 0.2000000000028675784 ) ;
#944 = ORIENTED_EDGE ( 'NONE', *, *, #2548, .T. ) ;
#945 = DIRECTION ( 'NONE',  ( -1.000000000000000000, -0.000000000000000000, -0.000000000000000000 ) ) ;
#946 =( GEOMETRIC_REPRESENTATION_CONTEXT ( 3 ) GLOBAL_UNCERTAINTY_ASSIGNED_CONTEXT ( ( #3108 ) ) GLOBAL_UNIT_ASSIGNED_CONTEXT ( ( #6645, #3752, #1994 ) ) REPRESENTATION_CONTEXT ( 'NONE', 'WORKASPACE' ) );
#947 = EDGE_CURVE ( 'NONE', #5451, #1678, #6327, .T. ) ;
#948 = VECTOR ( 'NONE', #3180, 1000.000000000000000 ) ;
#949 = AXIS2_PLACEMENT_3D ( 'NONE', #2974, #4038, #4705 ) ;
#950 = CARTESIAN_POINT ( 'NONE',  ( 125.0000000000000000, 22.01000000000425416, -6.300949345616757569E-12 ) ) ;
#951 = CARTESIAN_POINT ( 'NONE',  ( 125.0000000000000000, 14.76109210099596325, -115.0000000000060538 ) ) ;
#952 = VECTOR ( 'NONE', #4276, 1000.000000000000000 ) ;
#953 = ORIENTED_EDGE ( 'NONE', *, *, #3179, .T. ) ;
#954 = VECTOR ( 'NONE', #3924, 1000.000000000000000 ) ;
#955 = VECTOR ( 'NONE', #4650, 1000.000000000000000 ) ;
#956 = EDGE_LOOP ( 'NONE', ( #2921, #3877, #268, #7193 ) ) ;
#957 = VERTEX_POINT ( 'NONE', #5206 ) ;
#958 = FILL_AREA_STYLE ('',( #6231 ) ) ;
#959 = VERTEX_POINT ( 'NONE', #6896 ) ;
#960 = CARTESIAN_POINT ( 'NONE',  ( 125.0000000000000000, 12.51000000000257373, -120.0846308025203655 ) ) ;
#961 = AXIS2_PLACEMENT_3D ( 'NONE', #1499, #6162, #928 ) ;
#962 = CARTESIAN_POINT ( 'NONE',  ( 125.0000000000000000, 22.01000000000425416, -6.300949345616757569E-12 ) ) ;
#963 = CIRCLE ( 'NONE', #6336, 1.500000000000296652 ) ;
#964 = DIRECTION ( 'NONE',  ( -1.000000000000000000, -0.000000000000000000, -0.000000000000000000 ) ) ;
#965 = DIRECTION ( 'NONE',  ( -1.000000000000000000, -0.000000000000000000, -0.000000000000000000 ) ) ;
#966 = ORIENTED_EDGE ( 'NONE', *, *, #7520, .T. ) ;
#967 = VERTEX_POINT ( 'NONE', #7505 ) ;
#968 = VECTOR ( 'NONE', #5204, 1000.000000000000000 ) ;
#969 = DIRECTION ( 'NONE',  ( -1.000000000000000000, -0.000000000000000000, -0.000000000000000000 ) ) ;
#970 = ORIENTED_EDGE ( 'NONE', *, *, #3618, .T. ) ;
#971 = DIRECTION ( 'NONE',  ( 0.000000000000000000, 1.000000000000000000, -2.315309432430329110E-13 ) ) ;
#972 = CARTESIAN_POINT ( 'NONE',  ( 125.0000000000000000, -20.86626570360927602, -0.8912754115829026880 ) ) ;
#973 = DIRECTION ( 'NONE',  ( 0.000000000000000000, 0.000000000000000000, -1.000000000000000000 ) ) ;
#974 = LINE ( 'NONE', #5744, #717 ) ;
#975 = EDGE_CURVE ( 'NONE', #4758, #7255, #515, .T. ) ;
#976 = ORIENTED_EDGE ( 'NONE', *, *, #384, .F. ) ;
#977 = ORIENTED_EDGE ( 'NONE', *, *, #7106, .T. ) ;
#978 = FACE_OUTER_BOUND ( 'NONE', #7031, .T. ) ;
#979 = EDGE_LOOP ( 'NONE', ( #1119, #1502, #7160, #3535, #4210, #6958, #624, #781, #786, #992, #1755, #4303, #2379, #2695, #6880, #4111, #7469, #4192, #5491, #4146, #3942, #2003, #6584, #4828, #2777, #5770, #6167, #6564, #4356, #7222, #6612, #5565, #727, #7332, #3895, #4294, #7169, #4615, #935, #4856, #6928, #1847, #5527, #2900, #281, #6344, #2960, #4891, #507, #1654, #6039, #2847, #3780, #2315, #575, #5646, #2370, #2282, #1577, #2355, #3319, #2325, #653, #3863, #2821, #3250, #1369, #6475, #3105, #7501, #6272, #4275, #5256, #1147, #4212, #2019, #1836, #6703, #5904, #673, #3218, #7429, #1962, #2773, #5200, #1482, #7013, #3946, #762, #6864, #2747, #177, #2512, #272, #4179, #91, #6813, #6902, #763, #5946, #4890, #6446, #3688, #2085, #2761, #7102, #1820, #4455, #5364, #1590, #1228 ) ) ;
#980 = LINE ( 'NONE', #410, #3294 ) ;
#981 = DIRECTION ( 'NONE',  ( 0.000000000000000000, -0.9863939238288167433, -0.1643989873253191292 ) ) ;
#982 = LINE ( 'NONE', #2603, #3177 ) ;
#983 = EDGE_CURVE ( 'NONE', #1311, #96, #2277, .T. ) ;
#984 = DIRECTION ( 'NONE',  ( 0.000000000000000000, 0.000000000000000000, -1.000000000000000000 ) ) ;
#985 = DIRECTION ( 'NONE',  ( -1.000000000000000000, -0.000000000000000000, -0.000000000000000000 ) ) ;
#986 = LINE ( 'NONE', #383, #3511 ) ;
#987 = DIRECTION ( 'NONE',  ( -1.000000000000000000, -0.000000000000000000, -0.000000000000000000 ) ) ;
#988 = ADVANCED_FACE ( 'NONE', ( #4074 ), #1653, .F. ) ;
#989 = EDGE_CURVE ( 'NONE', #1236, #5763, #4014, .T. ) ;
#990 = ORIENTED_EDGE ( 'NONE', *, *, #4342, .F. ) ;
#991 = ORIENTED_EDGE ( 'NONE', *, *, #4896, .T. ) ;
#992 = ORIENTED_EDGE ( 'NONE', *, *, #3847, .T. ) ;
#993 = FACE_OUTER_BOUND ( 'NONE', #1727, .T. ) ;
#994 = ORIENTED_EDGE ( 'NONE', *, *, #4857, .F. ) ;
#995 = CARTESIAN_POINT ( 'NONE',  ( 125.0000000000000000, -21.85610742281800256, 115.2603803706287664 ) ) ;
#996 = DIRECTION ( 'NONE',  ( -1.000000000000000000, -0.000000000000000000, -0.000000000000000000 ) ) ;
#997 = CARTESIAN_POINT ( 'NONE',  ( 125.0000000000000000, -20.27061230870300079, 2.194203832680097221 ) ) ;
#998 = ORIENTED_EDGE ( 'NONE', *, *, #1814, .F. ) ;
#999 = ORIENTED_EDGE ( 'NONE', *, *, #3072, .F. ) ;
#1000 = CARTESIAN_POINT ( 'NONE',  ( -125.0000000000000000, 22.01000000000425416, -6.300949345616757569E-12 ) ) ;
#1001 = VERTEX_POINT ( 'NONE', #6939 ) ;
#1002 = CARTESIAN_POINT ( 'NONE',  ( 125.0000000000000000, -20.62279464484761249, -116.1291704748261822 ) ) ;
#1003 = CARTESIAN_POINT ( 'NONE',  ( 125.0000000000000000, 16.51000000000246359, -120.0846308025203655 ) ) ;
#1004 = CARTESIAN_POINT ( 'NONE',  ( 125.0000000000000000, 21.83148461058317480, 115.0619018650231595 ) ) ;
#1005 = ORIENTED_EDGE ( 'NONE', *, *, #3758, .F. ) ;
#1006 = FACE_OUTER_BOUND ( 'NONE', #3392, .T. ) ;
#1007 = DIRECTION ( 'NONE',  ( 0.000000000000000000, 0.000000000000000000, -1.000000000000000000 ) ) ;
#1008 = ORIENTED_EDGE ( 'NONE', *, *, #7059, .T. ) ;
#1009 = DIRECTION ( 'NONE',  ( 0.000000000000000000, 0.000000000000000000, -1.000000000000000000 ) ) ;
#1011 = ADVANCED_FACE ( 'NONE', ( #3429 ), #1704, .T. ) ;
#1010 = DIRECTION ( 'NONE',  ( -1.000000000000000000, -0.000000000000000000, -0.000000000000000000 ) ) ;
#1012 = EDGE_CURVE ( 'NONE', #7203, #3569, #974, .T. ) ;
#1013 = VECTOR ( 'NONE', #3190, 1000.000000000000000 ) ;
#1014 = DIRECTION ( 'NONE',  ( -1.000000000000000000, -0.000000000000000000, -0.000000000000000000 ) ) ;
#1015 = VERTEX_POINT ( 'NONE', #4040 ) ;
#1016 = CARTESIAN_POINT ( 'NONE',  ( 125.0000000000000000, -22.00999999999867640, 6.218658400725107782E-12 ) ) ;
#1017 = CARTESIAN_POINT ( 'NONE',  ( 125.0000000000000000, -2.009999999866387554, 125.0000000002088001 ) ) ;
#1018 = EDGE_CURVE ( 'NONE', #3560, #3588, #3348, .T. ) ;
#1019 = CARTESIAN_POINT ( 'NONE',  ( 125.0000000000000000, -16.50999999986648348, -120.0846308022910591 ) ) ;
#1020 = LINE ( 'NONE', #1172, #5933 ) ;
#1021 = LINE ( 'NONE', #3215, #5916 ) ;
#1022 = VERTEX_POINT ( 'NONE', #5777 ) ;
#1023 = ORIENTED_EDGE ( 'NONE', *, *, #431, .T. ) ;
#1024 = ORIENTED_EDGE ( 'NONE', *, *, #5609, .T. ) ;
#1025 = LINE ( 'NONE', #249, #3170 ) ;
#1026 = ORIENTED_EDGE ( 'NONE', *, *, #1760, .F. ) ;
#1027 = DIRECTION ( 'NONE',  ( -1.000000000000000000, -0.000000000000000000, -0.000000000000000000 ) ) ;
#1028 = EDGE_CURVE ( 'NONE', #1712, #2567, #6362, .T. ) ;
#1029 = EDGE_CURVE ( 'NONE', #1972, #5887, #7426, .T. ) ;
#1030 = DIRECTION ( 'NONE',  ( 0.000000000000000000, 1.000000000000000000, -3.083952846442101134E-13 ) ) ;
#1031 = FACE_OUTER_BOUND ( 'NONE', #2119, .T. ) ;
#1032 = LINE ( 'NONE', #7427, #1698 ) ;
#1033 = ORIENTED_EDGE ( 'NONE', *, *, #34, .T. ) ;
#1034 = ORIENTED_EDGE ( 'NONE', *, *, #4656, .F. ) ;
#1035 = LINE ( 'NONE', #6815, #4479 ) ;
#1036 = ORIENTED_EDGE ( 'NONE', *, *, #4584, .F. ) ;
#1037 = EDGE_CURVE ( 'NONE', #719, #428, #1043, .T. ) ;
#1038 = EDGE_CURVE ( 'NONE', #644, #3216, #6074, .T. ) ;
#1039 = CARTESIAN_POINT ( 'NONE',  ( 125.0000000000000000, 2.990000000196953334, -118.0000000001187033 ) ) ;
#1040 = CARTESIAN_POINT ( 'NONE',  ( -125.0000000000000000, -19.75999999986645861, -124.9999999997909725 ) ) ;
#1041 = CARTESIAN_POINT ( 'NONE',  ( 125.0000000000000000, -0.009999999803049450589, -114.0000000001187033 ) ) ;
#1042 = VECTOR ( 'NONE', #2285, 1000.000000000000114 ) ;
#1043 = LINE ( 'NONE', #2863, #5706 ) ;
#1044 = VECTOR ( 'NONE', #3183, 1000.000000000000000 ) ;
#1045 = ORIENTED_EDGE ( 'NONE', *, *, #2061, .F. ) ;
#1046 = VECTOR ( 'NONE', #2293, 1000.000000000000000 ) ;
#1047 = CARTESIAN_POINT ( 'NONE',  ( 125.0000000000000000, 12.96109210099593945, -117.0000000000122782 ) ) ;
#1048 = DIRECTION ( 'NONE',  ( 0.000000000000000000, -0.000000000000000000, 1.000000000000000000 ) ) ;
#1049 = ORIENTED_EDGE ( 'NONE', *, *, #607, .T. ) ;
#1050 = DIRECTION ( 'NONE',  ( 0.000000000000000000, -0.000000000000000000, -1.000000000000000000 ) ) ;
#1051 = CARTESIAN_POINT ( 'NONE',  ( -125.0000000000000000, -20.76626570360573609, 0.7180703308238278737 ) ) ;
#1052 = VECTOR ( 'NONE', #5899, 1000.000000000000000 ) ;
#1053 = ORIENTED_EDGE ( 'NONE', *, *, #1660, .F. ) ;
#1054 = EDGE_CURVE ( 'NONE', #5001, #124, #5052, .T. ) ;
#1055 = AXIS2_PLACEMENT_3D ( 'NONE', #6374, #5791, #6255 ) ;
#1056 = CYLINDRICAL_SURFACE ( 'NONE', #3041, 1.250000000007643886 ) ;
#1057 = AXIS2_PLACEMENT_3D ( 'NONE', #2588, #2551, #3723 ) ;
#1058 = AXIS2_PLACEMENT_3D ( 'NONE', #2194, #504, #4513 ) ;
#1059 = CARTESIAN_POINT ( 'NONE',  ( -125.0000000000000000, -0.009999999866441374244, 120.0000000002086722 ) ) ;
#1060 = CARTESIAN_POINT ( 'NONE',  ( 125.0000000000000000, -12.96109210085998598, 115.0000000001959108 ) ) ;
#1061 = DIRECTION ( 'NONE',  ( -0.000000000000000000, 1.000000000000000000, 0.000000000000000000 ) ) ;
#1062 = ORIENTED_EDGE ( 'NONE', *, *, #5603, .T. ) ;
#1063 = VECTOR ( 'NONE', #6469, 1000.000000000000000 ) ;
#1064 = EDGE_LOOP ( 'NONE', ( #6889, #6003, #2485, #6940 ) ) ;
#1065 = EDGE_CURVE ( 'NONE', #4521, #6930, #6823, .T. ) ;
#1066 = ORIENTED_EDGE ( 'NONE', *, *, #6934, .T. ) ;
#1067 = AXIS2_PLACEMENT_3D ( 'NONE', #7125, #777, #1318 ) ;
#1068 = CIRCLE ( 'NONE', #4614, 2.999999999994306332 ) ;
#1069 = CARTESIAN_POINT ( 'NONE',  ( 125.0000000000000000, -9.259999999866504794, 120.0000000002086722 ) ) ;
#1070 = ORIENTED_EDGE ( 'NONE', *, *, #2453, .T. ) ;
#1071 = DIRECTION ( 'NONE',  ( 0.000000000000000000, -0.000000000000000000, 1.000000000000000000 ) ) ;
#1072 = CARTESIAN_POINT ( 'NONE',  ( 125.0000000000000000, 20.76626570361123925, -0.7180703308238047811 ) ) ;
#1073 = AXIS2_PLACEMENT_3D ( 'NONE', #7017, #1787, #822 ) ;
#1074 = CARTESIAN_POINT ( 'NONE',  ( 125.0000000000000000, -22.00319135037298324, -114.0436091504067946 ) ) ;
#1075 = AXIS2_PLACEMENT_3D ( 'NONE', #4830, #178, #6485 ) ;
#1076 = CIRCLE ( 'NONE', #5334, 0.1999999999998981759 ) ;
#1077 = CARTESIAN_POINT ( 'NONE',  ( 125.0000000000000000, -21.63829944540002259, 115.1136656743442472 ) ) ;
#1078 = CIRCLE ( 'NONE', #4853, 1.250000000007465806 ) ;
#1079 = CARTESIAN_POINT ( 'NONE',  ( 125.0000000000000000, 16.50999999980921373, 125.0000000001181490 ) ) ;
#1080 = ORIENTED_EDGE ( 'NONE', *, *, #5594, .F. ) ;
#1081 = EDGE_CURVE ( 'NONE', #1633, #3422, #1617, .T. ) ;
#1082 = ORIENTED_EDGE ( 'NONE', *, *, #1580, .F. ) ;
#1083 = DIRECTION ( 'NONE',  ( 1.000000000000000000, 0.000000000000000000, 0.000000000000000000 ) ) ;
#1084 = CIRCLE ( 'NONE', #6948, 0.2000000000064146577 ) ;
#1085 = CIRCLE ( 'NONE', #5841, 1.500000000000323963 ) ;
#1086 = ORIENTED_EDGE ( 'NONE', *, *, #3744, .T. ) ;
#1087 = LINE ( 'NONE', #6359, #3642 ) ;
#1088 = LINE ( 'NONE', #3346, #7170 ) ;
#1089 = CARTESIAN_POINT ( 'NONE',  ( 125.0000000000000000, 5.259999999809370053, 120.0000000001180496 ) ) ;
#1090 = CARTESIAN_POINT ( 'NONE',  ( 125.0000000000000000, 12.50999999980932209, 120.0846308026180367 ) ) ;
#1091 = AXIS2_PLACEMENT_3D ( 'NONE', #1486, #3835, #2618 ) ;
#1092 = EDGE_CURVE ( 'NONE', #6140, #2039, #7438, .T. ) ;
#1093 = ADVANCED_FACE ( 'NONE', ( #3385 ), #7473, .F. ) ;
#1094 = ORIENTED_EDGE ( 'NONE', *, *, #1928, .T. ) ;
#1095 = DIRECTION ( 'NONE',  ( 0.000000000000000000, 0.000000000000000000, 1.000000000000000000 ) ) ;
#1096 = DIRECTION ( 'NONE',  ( 0.000000000000000000, -1.000000000000000000, 0.000000000000000000 ) ) ;
#1097 = CARTESIAN_POINT ( 'NONE',  ( 125.0000000000000000, 19.76000000000243872, -120.0846308025203655 ) ) ;
#1098 = CARTESIAN_POINT ( 'NONE',  ( -125.0000000000000000, -14.76109210086011991, 115.0000000001959108 ) ) ;
#1099 = EDGE_LOOP ( 'NONE', ( #4915, #262, #5053, #545, #4721, #6492, #4285, #4252, #1456, #5115, #5311, #4893, #5069, #4952, #7375, #3446, #2185, #2335, #5805, #5667, #1425, #313, #4859, #2553, #6964, #5017, #5184, #288, #5877, #45, #5126, #3779, #4925, #7539, #7459, #4545, #743, #931, #7077, #4699, #259, #3608, #193, #3408, #5043, #2973, #2736, #3163, #6802, #6593, #2329, #6987, #2127, #1229, #6627, #2647, #6230, #5444, #6932, #2620, #5726, #6869, #2143, #6722, #5806, #2050, #7522, #1024, #5034, #6423, #2601, #7214, #1301, #471, #2107, #1504, #3783, #5598, #3523, #6568, #1515, #6533, #1961, #5745, #3208, #5389, #4314, #970, #2044, #2676, #1445, #6205, #3721, #646, #6337, #5938, #5915, #5134, #4968, #1023, #7219, #1033, #176, #2242, #7079, #5466, #1363, #5048, #5627, #6835, #2463 ) ) ;
#1100 = DIRECTION ( 'NONE',  ( -1.000000000000000000, -0.000000000000000000, -0.000000000000000000 ) ) ;
#1101 = DIRECTION ( 'NONE',  ( 0.000000000000000000, -5.300832056148004468E-13, -1.000000000000000000 ) ) ;
#1102 = CARTESIAN_POINT ( 'NONE',  ( -125.0000000000000000, -23.75999999986629518, 125.0000000002088001 ) ) ;
#1103 = EDGE_CURVE ( 'NONE', #1298, #4628, #5097, .T. ) ;
#1104 = DIRECTION ( 'NONE',  ( 0.000000000000000000, -1.000000000000000000, 0.000000000000000000 ) ) ;
#1105 = EDGE_LOOP ( 'NONE', ( #168, #7149, #4602, #35 ) ) ;
#1106 = EDGE_LOOP ( 'NONE', ( #387, #4043, #5467, #3003 ) ) ;
#1107 = ORIENTED_EDGE ( 'NONE', *, *, #5280, .F. ) ;
#1108 = DIRECTION ( 'NONE',  ( -1.000000000000000000, -0.000000000000000000, -0.000000000000000000 ) ) ;
#1109 = ORIENTED_EDGE ( 'NONE', *, *, #22, .T. ) ;
#1110 = DIRECTION ( 'NONE',  ( -1.000000000000000000, -0.000000000000000000, -0.000000000000000000 ) ) ;
#1111 = EDGE_CURVE ( 'NONE', #4474, #6114, #1887, .T. ) ;
#1112 = DIRECTION ( 'NONE',  ( 0.000000000000000000, 0.000000000000000000, 1.000000000000000000 ) ) ;
#1113 = EDGE_CURVE ( 'NONE', #3829, #5344, #741, .T. ) ;
#1114 = LINE ( 'NONE', #397, #3530 ) ;
#1115 = VERTEX_POINT ( 'NONE', #7083 ) ;
#1116 = ORIENTED_EDGE ( 'NONE', *, *, #3324, .F. ) ;
#1117 = VERTEX_POINT ( 'NONE', #1926 ) ;
#1118 = LINE ( 'NONE', #1531, #3999 ) ;
#1119 = ORIENTED_EDGE ( 'NONE', *, *, #5419, .T. ) ;
#1120 = DIRECTION ( 'NONE',  ( 1.000000000000000000, 0.000000000000000000, 0.000000000000000000 ) ) ;
#1121 = EDGE_CURVE ( 'NONE', #509, #4801, #2468, .T. ) ;
#1122 = DIRECTION ( 'NONE',  ( 0.000000000000000000, 0.000000000000000000, 1.000000000000000000 ) ) ;
#1123 = CARTESIAN_POINT ( 'NONE',  ( 125.0000000000000000, -22.00999999986693467, 117.7508710294929415 ) ) ;
#1124 = DIRECTION ( 'NONE',  ( 0.000000000000000000, 1.000000000000000000, 0.000000000000000000 ) ) ;
#1125 = ORIENTED_EDGE ( 'NONE', *, *, #180, .F. ) ;
#1126 = DIRECTION ( 'NONE',  ( -1.000000000000000000, -0.000000000000000000, -0.000000000000000000 ) ) ;
#1127 = PLANE ( 'NONE',  #2679 ) ;
#1128 = ORIENTED_EDGE ( 'NONE', *, *, #3252, .F. ) ;
#1129 = CARTESIAN_POINT ( 'NONE',  ( 125.0000000000000000, 19.75999999980918886, 125.0000000001181490 ) ) ;
#1130 = CARTESIAN_POINT ( 'NONE',  ( -125.0000000000000000, -22.00999999986693467, 115.2508710294929131 ) ) ;
#1131 = ADVANCED_FACE ( 'NONE', ( #3008 ), #5310, .F. ) ;
#1132 = EDGE_CURVE ( 'NONE', #1565, #1914, #3056, .T. ) ;
#1133 = DIRECTION ( 'NONE',  ( -1.000000000000000000, -0.000000000000000000, -0.000000000000000000 ) ) ;
#1134 = VERTEX_POINT ( 'NONE', #7004 ) ;
#1135 = FACE_OUTER_BOUND ( 'NONE', #6185, .T. ) ;
#1136 = VECTOR ( 'NONE', #2412, 1000.000000000000000 ) ;
#1137 = EDGE_CURVE ( 'NONE', #5472, #2784, #1076, .T. ) ;
#1138 = DIRECTION ( 'NONE',  ( 0.000000000000000000, -1.000000000000000000, 0.000000000000000000 ) ) ;
#1139 = CARTESIAN_POINT ( 'NONE',  ( 125.0000000000000000, -12.96109210085998598, 117.0000000002019078 ) ) ;
#1140 = EDGE_LOOP ( 'NONE', ( #4698, #5724, #4956, #3243 ) ) ;
#1141 = VERTEX_POINT ( 'NONE', #4673 ) ;
#1142 = DIRECTION ( 'NONE',  ( 0.000000000000000000, -1.000000000000000000, 0.000000000000000000 ) ) ;
#1143 = EDGE_LOOP ( 'NONE', ( #3049, #5768, #1005, #4286 ) ) ;
#1144 = CARTESIAN_POINT ( 'NONE',  ( 125.0000000000000000, -22.00999999999867640, 6.218658400725107782E-12 ) ) ;
#1145 = CARTESIAN_POINT ( 'NONE',  ( 125.0000000000000000, -2.990000000190692564, 118.0000000001180496 ) ) ;
#1146 = DIRECTION ( 'NONE',  ( 0.000000000000000000, -0.9863939238338114146, 0.1643989872953514064 ) ) ;
#1147 = ORIENTED_EDGE ( 'NONE', *, *, #2837, .T. ) ;
#1148 = VERTEX_POINT ( 'NONE', #4188 ) ;
#1149 = VERTEX_POINT ( 'NONE', #2433 ) ;
#1150 = EDGE_CURVE ( 'NONE', #7481, #1633, #1813, .T. ) ;
#1151 = DIRECTION ( 'NONE',  ( 0.000000000000000000, 0.000000000000000000, -1.000000000000000000 ) ) ;
#1152 = EDGE_LOOP ( 'NONE', ( #2112, #2188, #5282, #2727 ) ) ;
#1153 = LINE ( 'NONE', #17, #3398 ) ;
#1154 = CYLINDRICAL_SURFACE ( 'NONE', #1673, 0.1999999998450602279 ) ;
#1155 = CARTESIAN_POINT ( 'NONE',  ( 125.0000000000000000, -22.00319135037373286, -114.5436091504065814 ) ) ;
#1156 = CYLINDRICAL_SURFACE ( 'NONE', #6444, 1.250000000007643886 ) ;
#1157 = ORIENTED_EDGE ( 'NONE', *, *, #757, .F. ) ;
#1158 = ADVANCED_FACE ( 'NONE', ( #3655 ), #5387, .F. ) ;
#1159 = DIRECTION ( 'NONE',  ( -0.000000000000000000, 1.000000000000000000, 0.000000000000000000 ) ) ;
#1160 = FACE_OUTER_BOUND ( 'NONE', #7035, .T. ) ;
#1161 = CARTESIAN_POINT ( 'NONE',  ( -125.0000000000000000, -0.009999999866441374244, 114.0000000002086722 ) ) ;
#1162 = VECTOR ( 'NONE', #6442, 1000.000000000000000 ) ;
#1163 = DIRECTION ( 'NONE',  ( 1.000000000000000000, 0.000000000000000000, -0.000000000000000000 ) ) ;
#1164 = CARTESIAN_POINT ( 'NONE',  ( -125.0000000000000000, 22.01000000000292900, -115.2508710293029424 ) ) ;
#1165 = ORIENTED_EDGE ( 'NONE', *, *, #865, .F. ) ;
#1166 = EDGE_CURVE ( 'NONE', #7331, #4743, #5221, .T. ) ;
#1167 = ADVANCED_FACE ( 'NONE', ( #6396 ), #1156, .F. ) ;
#1168 = DIRECTION ( 'NONE',  ( -1.000000000000000000, -0.000000000000000000, -0.000000000000000000 ) ) ;
#1169 = VECTOR ( 'NONE', #5112, 1000.000000000000000 ) ;
#1170 = VECTOR ( 'NONE', #2842, 1000.000000000000000 ) ;
#1171 = LINE ( 'NONE', #5292, #1664 ) ;
#1172 = CARTESIAN_POINT ( 'NONE',  ( 125.0000000000000000, -14.76109210079678391, -115.0000000001168132 ) ) ;
#1173 = DIRECTION ( 'NONE',  ( 0.000000000000000000, -0.9659258262884606872, 0.2588190451047883145 ) ) ;
#1174 = LINE ( 'NONE', #1218, #6914 ) ;
#1175 = AXIS2_PLACEMENT_3D ( 'NONE', #4994, #5029, #4348 ) ;
#1176 = ORIENTED_EDGE ( 'NONE', *, *, #1501, .F. ) ;
#1177 = VERTEX_POINT ( 'NONE', #5815 ) ;
#1178 = EDGE_CURVE ( 'NONE', #2969, #1606, #6508, .T. ) ;
#1179 = ADVANCED_FACE ( 'NONE', ( #593 ), #2943, .F. ) ;
#1180 = CIRCLE ( 'NONE', #4013, 0.2000000000029131253 ) ;
#1181 = CARTESIAN_POINT ( 'NONE',  ( -125.0000000000000000, -11.16109210079665282, -115.0000000001185896 ) ) ;
#1182 = CIRCLE ( 'NONE', #2789, 0.1999999999992285726 ) ;
#1183 = PLANE ( 'NONE',  #2521 ) ;
#1184 = DIRECTION ( 'NONE',  ( -1.000000000000000000, -0.000000000000000000, -0.000000000000000000 ) ) ;
#1185 = VECTOR ( 'NONE', #7430, 1000.000000000000000 ) ;
#1186 = AXIS2_PLACEMENT_3D ( 'NONE', #972, #2861, #1122 ) ;
#1187 = ORIENTED_EDGE ( 'NONE', *, *, #7157, .T. ) ;
#1188 = VECTOR ( 'NONE', #5934, 1000.000000000000000 ) ;
#1189 = VERTEX_POINT ( 'NONE', #3543 ) ;
#1190 = ORIENTED_EDGE ( 'NONE', *, *, #4937, .T. ) ;
#1191 = LINE ( 'NONE', #694, #7542 ) ;
#1192 = EDGE_LOOP ( 'NONE', ( #3157, #5131, #667, #3989 ) ) ;
#1193 = STYLED_ITEM ( 'NONE', ( #5416 ), #4419 ) ;
#1194 = CARTESIAN_POINT ( 'NONE',  ( 125.0000000000000000, 20.86626570361147870, -0.6912754115805371802 ) ) ;
#1195 = DIRECTION ( 'NONE',  ( -1.000000000000000000, -0.000000000000000000, -0.000000000000000000 ) ) ;
#1196 = CARTESIAN_POINT ( 'NONE',  ( 125.0000000000000000, -22.00319135037342022, 114.0436091504053167 ) ) ;
#1197 = DIRECTION ( 'NONE',  ( -1.000000000000000000, -0.000000000000000000, -0.000000000000000000 ) ) ;
#1198 = EDGE_CURVE ( 'NONE', #391, #1868, #589, .T. ) ;
#1199 = ORIENTED_EDGE ( 'NONE', *, *, #4403, .F. ) ;
#1200 = AXIS2_PLACEMENT_3D ( 'NONE', #2903, #407, #2749 ) ;
#1201 = VECTOR ( 'NONE', #1378, 1000.000000000000000 ) ;
#1202 = VECTOR ( 'NONE', #5251, 1000.000000000000000 ) ;
#1203 = CARTESIAN_POINT ( 'NONE',  ( 125.0000000000000000, 16.51000000000246359, -125.0000000000202931 ) ) ;
#1204 = CARTESIAN_POINT ( 'NONE',  ( 125.0000000000000000, 2.990000000196953334, -116.0000000001187033 ) ) ;
#1205 = ORIENTED_EDGE ( 'NONE', *, *, #6313, .T. ) ;
#1206 = CARTESIAN_POINT ( 'NONE',  ( 125.0000000000000000, -12.96109210079664997, -115.0000000001168132 ) ) ;
#1207 = CARTESIAN_POINT ( 'NONE',  ( 125.0000000000000000, -0.009999999803049450589, -114.0000000001187033 ) ) ;
#1208 = FACE_OUTER_BOUND ( 'NONE', #6076, .T. ) ;
#1209 = AXIS2_PLACEMENT_3D ( 'NONE', #2351, #7119, #3055 ) ;
#1210 = VECTOR ( 'NONE', #5930, 1000.000000000000000 ) ;
#1211 = DIRECTION ( 'NONE',  ( -1.000000000000000000, -0.000000000000000000, -0.000000000000000000 ) ) ;
#1212 = EDGE_CURVE ( 'NONE', #6041, #6613, #2386, .T. ) ;
#1213 = ORIENTED_EDGE ( 'NONE', *, *, #5105, .F. ) ;
#1214 = DIRECTION ( 'NONE',  ( 0.000000000000000000, 0.000000000000000000, -1.000000000000000000 ) ) ;
#1215 = CIRCLE ( 'NONE', #5720, 3.000000000007561507 ) ;
#1216 = DIRECTION ( 'NONE',  ( -1.000000000000000000, -0.000000000000000000, -0.000000000000000000 ) ) ;
#1217 = EDGE_CURVE ( 'NONE', #5759, #7110, #244, .T. ) ;
#1218 = CARTESIAN_POINT ( 'NONE',  ( 125.0000000000000000, -16.50999999986631650, 125.0000000002088001 ) ) ;
#1219 = ORIENTED_EDGE ( 'NONE', *, *, #2437, .F. ) ;
#1220 = ORIENTED_EDGE ( 'NONE', *, *, #3744, .F. ) ;
#1221 = CARTESIAN_POINT ( 'NONE',  ( -125.0000000000000000, 19.76000000000243872, -120.0846308025203655 ) ) ;
#1222 = CARTESIAN_POINT ( 'NONE',  ( 125.0000000000000000, -3.209999999866421927, 115.8305745825086319 ) ) ;
#1223 = LINE ( 'NONE', #788, #3746 ) ;
#1224 = ADVANCED_FACE ( 'NONE', ( #2037 ), #5533, .F. ) ;
#1225 = EDGE_CURVE ( 'NONE', #6278, #1888, #5422, .T. ) ;
#1226 = LINE ( 'NONE', #6308, #4218 ) ;
#1227 = ORIENTED_EDGE ( 'NONE', *, *, #1784, .F. ) ;
#1228 = ORIENTED_EDGE ( 'NONE', *, *, #2469, .T. ) ;
#1229 = ORIENTED_EDGE ( 'NONE', *, *, #6130, .T. ) ;
#1230 = LINE ( 'NONE', #1765, #6680 ) ;
#1231 = VERTEX_POINT ( 'NONE', #2619 ) ;
#1232 = CARTESIAN_POINT ( 'NONE',  ( 125.0000000000000000, -14.76109210086011991, 117.0000000001927987 ) ) ;
#1233 = CARTESIAN_POINT ( 'NONE',  ( 125.0000000000000000, -21.83148461050831557, 115.0619018653643764 ) ) ;
#1234 = FACE_OUTER_BOUND ( 'NONE', #4407, .T. ) ;
#1235 = CARTESIAN_POINT ( 'NONE',  ( -125.0000000000000000, -22.50999999999672596, 4.472135955000594798 ) ) ;
#1236 = VERTEX_POINT ( 'NONE', #4322 ) ;
#1237 = LINE ( 'NONE', #3610, #3035 ) ;
#1238 = CARTESIAN_POINT ( 'NONE',  ( 125.0000000000000000, 22.01000000000425416, -6.300949345616757569E-12 ) ) ;
#1239 = CARTESIAN_POINT ( 'NONE',  ( 125.0000000000000000, 21.63829944540634997, 115.1136656743429540 ) ) ;
#1240 = DIRECTION ( 'NONE',  ( 0.000000000000000000, -0.9863939238321353109, -0.1643989873054076123 ) ) ;
#1241 = CARTESIAN_POINT ( 'NONE',  ( -125.0000000000000000, -9.259999999866504794, 125.0000000002088001 ) ) ;
#1242 = LINE ( 'NONE', #103, #3880 ) ;
#1243 = ORIENTED_EDGE ( 'NONE', *, *, #133, .F. ) ;
#1244 = DIRECTION ( 'NONE',  ( 1.000000000000000000, 0.000000000000000000, -0.000000000000000000 ) ) ;
#1245 = EDGE_CURVE ( 'NONE', #428, #2869, #821, .T. ) ;
#1246 = LINE ( 'NONE', #2332, #4930 ) ;
#1247 = DIRECTION ( 'NONE',  ( 0.000000000000000000, 1.000000000000000000, 0.000000000000000000 ) ) ;
#1248 = CARTESIAN_POINT ( 'NONE',  ( 125.0000000000000000, 0.009999999809365651623, 118.5000000001182201 ) ) ;
#1249 = FACE_OUTER_BOUND ( 'NONE', #4430, .T. ) ;
#1250 = EDGE_LOOP ( 'NONE', ( #5740, #5773, #4223, #3977 ) ) ;
#1251 = VERTEX_POINT ( 'NONE', #6621 ) ;
#1252 = DIRECTION ( 'NONE',  ( -1.000000000000000000, -0.000000000000000000, -0.000000000000000000 ) ) ;
#1253 = EDGE_CURVE ( 'NONE', #2190, #509, #4966, .T. ) ;
#1254 = CARTESIAN_POINT ( 'NONE',  ( -125.0000000000000000, 0.01000000000261699884, -120.0000000000203784 ) ) ;
#1255 = DIRECTION ( 'NONE',  ( -1.000000000000000000, -0.000000000000000000, -0.000000000000000000 ) ) ;
#1256 = VECTOR ( 'NONE', #7150, 1000.000000000000000 ) ;
#1257 = PLANE ( 'NONE',  #1897 ) ;
#1258 = EDGE_LOOP ( 'NONE', ( #1611, #3631, #4999, #4451 ) ) ;
#1259 = ORIENTED_EDGE ( 'NONE', *, *, #947, .F. ) ;
#1260 = ORIENTED_EDGE ( 'NONE', *, *, #3290, .T. ) ;
#1261 = EDGE_CURVE ( 'NONE', #5207, #12, #6701, .T. ) ;
#1262 = CYLINDRICAL_SURFACE ( 'NONE', #1672, 0.1999999999998253175 ) ;
#1263 = EDGE_LOOP ( 'NONE', ( #3962, #6005, #2532, #6532 ) ) ;
#1264 = LINE ( 'NONE', #4784, #3156 ) ;
#1265 = CARTESIAN_POINT ( 'NONE',  ( 125.0000000000000000, 14.76109210080304557, 115.0000000001172680 ) ) ;
#1266 = DIRECTION ( 'NONE',  ( -1.000000000000000000, -0.000000000000000000, -0.000000000000000000 ) ) ;
#1267 = CARTESIAN_POINT ( 'NONE',  ( 125.0000000000000000, 2.010000000002646559, -120.0000000000203784 ) ) ;
#1268 = ORIENTED_EDGE ( 'NONE', *, *, #4534, .T. ) ;
#1269 = EDGE_CURVE ( 'NONE', #905, #2530, #4020, .T. ) ;
#1270 = CARTESIAN_POINT ( 'NONE',  ( -125.0000000000000000, 20.86626570361499589, 0.8912754115828480650 ) ) ;
#1271 = ORIENTED_EDGE ( 'NONE', *, *, #2256, .T. ) ;
#1272 = DIRECTION ( 'NONE',  ( 0.000000000000000000, 0.000000000000000000, 1.000000000000000000 ) ) ;
#1273 = CARTESIAN_POINT ( 'NONE',  ( 125.0000000000000000, -12.50999999986659184, -124.9999999997909725 ) ) ;
#1274 = LINE ( 'NONE', #2393, #1162 ) ;
#1275 = DIRECTION ( 'NONE',  ( -1.000000000000000000, -0.000000000000000000, -0.000000000000000000 ) ) ;
#1276 = DIRECTION ( 'NONE',  ( 0.000000000000000000, 0.000000000000000000, 1.000000000000000000 ) ) ;
#1277 = AXIS2_PLACEMENT_3D ( 'NONE', #4202, #112, #4653 ) ;
#1278 = ORIENTED_EDGE ( 'NONE', *, *, #5702, .F. ) ;
#1279 = CARTESIAN_POINT ( 'NONE',  ( 125.0000000000000000, 9.361092100996113885, -117.0000000000202647 ) ) ;
#1280 = CIRCLE ( 'NONE', #556, 0.2000000000064146577 ) ;
#1281 = EDGE_LOOP ( 'NONE', ( #7241, #3576, #5778, #7067 ) ) ;
#1282 = CARTESIAN_POINT ( 'NONE',  ( 125.0000000000000000, -0.009999999866441374244, 120.0000000002086722 ) ) ;
#1283 = DIRECTION ( 'NONE',  ( 0.000000000000000000, 0.000000000000000000, -1.000000000000000000 ) ) ;
#1284 = EDGE_CURVE ( 'NONE', #96, #3673, #3224, .T. ) ;
#1285 = ORIENTED_EDGE ( 'NONE', *, *, #5365, .T. ) ;
#1286 = ORIENTED_EDGE ( 'NONE', *, *, #4617, .F. ) ;
#1287 = CIRCLE ( 'NONE', #1532, 0.2000000000028675784 ) ;
#1288 = LINE ( 'NONE', #6493, #7041 ) ;
#1289 = DIRECTION ( 'NONE',  ( 0.000000000000000000, 1.000000000000000000, 0.000000000000000000 ) ) ;
#1290 = DIRECTION ( 'NONE',  ( 0.000000000000000000, 0.000000000000000000, 1.000000000000000000 ) ) ;
#1291 = CIRCLE ( 'NONE', #5923, 0.2000000000000582145 ) ;
#1292 = FACE_OUTER_BOUND ( 'NONE', #2461, .T. ) ;
#1293 = CIRCLE ( 'NONE', #5677, 1.250000000007643886 ) ;
#1294 = DIRECTION ( 'NONE',  ( 0.000000000000000000, 1.000000000000000000, -5.300832056148004468E-13 ) ) ;
#1295 = EDGE_CURVE ( 'NONE', #6404, #6525, #4406, .T. ) ;
#1296 = ORIENTED_EDGE ( 'NONE', *, *, #7436, .T. ) ;
#1297 = ORIENTED_EDGE ( 'NONE', *, *, #2099, .F. ) ;
#1298 = VERTEX_POINT ( 'NONE', #7228 ) ;
#1299 = CARTESIAN_POINT ( 'NONE',  ( -125.0000000000000000, 24.01000000000296453, -4.472135955002962682 ) ) ;
#1300 = VECTOR ( 'NONE', #5298, 1000.000000000000000 ) ;
#1301 = ORIENTED_EDGE ( 'NONE', *, *, #1037, .T. ) ;
#1302 = FACE_OUTER_BOUND ( 'NONE', #6693, .T. ) ;
#1303 = DIRECTION ( 'NONE',  ( 0.000000000000000000, -0.000000000000000000, -1.000000000000000000 ) ) ;
#1304 = AXIS2_PLACEMENT_3D ( 'NONE', #1000, #2823, #1612 ) ;
#1305 = DIRECTION ( 'NONE',  ( 0.000000000000000000, 0.000000000000000000, 1.000000000000000000 ) ) ;
#1306 = VECTOR ( 'NONE', #5697, 1000.000000000000000 ) ;
#1307 = DIRECTION ( 'NONE',  ( -1.000000000000000000, 0.000000000000000000, -0.000000000000000000 ) ) ;
#1308 = DIRECTION ( 'NONE',  ( 0.000000000000000000, 0.000000000000000000, -1.000000000000000000 ) ) ;
#1309 = EDGE_CURVE ( 'NONE', #2920, #2935, #2064, .T. ) ;
#1310 = ORIENTED_EDGE ( 'NONE', *, *, #3589, .T. ) ;
#1311 = VERTEX_POINT ( 'NONE', #7197 ) ;
#1312 = MECHANICAL_DESIGN_GEOMETRIC_PRESENTATION_REPRESENTATION (  '', ( #1193 ), #946 ) ;
#1313 = CARTESIAN_POINT ( 'NONE',  ( -125.0000000000000000, -20.17061230869321875, -1.061970978717108327 ) ) ;
#1314 = AXIS2_PLACEMENT_3D ( 'NONE', #2840, #1168, #6373 ) ;
#1315 = VECTOR ( 'NONE', #1848, 1000.000000000000000 ) ;
#1316 = VERTEX_POINT ( 'NONE', #6732 ) ;
#1317 = LINE ( 'NONE', #4228, #3617 ) ;
#1318 = DIRECTION ( 'NONE',  ( 1.000000000000000000, 0.000000000000000000, -0.000000000000000000 ) ) ;
#1319 = CARTESIAN_POINT ( 'NONE',  ( 125.0000000000000000, -16.76109210079674838, -115.1014856328115741 ) ) ;
#1320 = CARTESIAN_POINT ( 'NONE',  ( 125.0000000000000000, -20.14637033074346562, -2.350932677867641374 ) ) ;
#1321 = LINE ( 'NONE', #5255, #815 ) ;
#1322 = EDGE_CURVE ( 'NONE', #644, #2784, #6651, .T. ) ;
#1323 = EDGE_CURVE ( 'NONE', #6803, #6677, #1967, .T. ) ;
#1324 = AXIS2_PLACEMENT_3D ( 'NONE', #3235, #5597, #6100 ) ;
#1325 = VECTOR ( 'NONE', #2502, 1000.000000000000000 ) ;
#1326 = AXIS2_PLACEMENT_3D ( 'NONE', #6188, #773, #6762 ) ;
#1327 = ORIENTED_EDGE ( 'NONE', *, *, #4794, .T. ) ;
#1328 = DIRECTION ( 'NONE',  ( -1.000000000000000000, -0.000000000000000000, -0.000000000000000000 ) ) ;
#1329 = VECTOR ( 'NONE', #2853, 1000.000000000000000 ) ;
#1330 = VERTEX_POINT ( 'NONE', #3121 ) ;
#1331 = AXIS2_PLACEMENT_3D ( 'NONE', #7365, #6333, #5664 ) ;
#1332 = CARTESIAN_POINT ( 'NONE',  ( 125.0000000000000000, -20.07061230870008828, 2.194203832673879973 ) ) ;
#1333 = ORIENTED_EDGE ( 'NONE', *, *, #53, .F. ) ;
#1334 = VECTOR ( 'NONE', #592, 1000.000000000000000 ) ;
#1335 = LINE ( 'NONE', #4838, #1422 ) ;
#1336 = LINE ( 'NONE', #7333, #5205 ) ;
#1337 = CARTESIAN_POINT ( 'NONE',  ( -125.0000000000000000, -16.50999999986648348, -120.0846308022910591 ) ) ;
#1338 = CARTESIAN_POINT ( 'NONE',  ( 125.0000000000000000, 12.96109210080290985, 115.0000000001172680 ) ) ;
#1339 = VERTEX_POINT ( 'NONE', #5579 ) ;
#1340 = VERTEX_POINT ( 'NONE', #4259 ) ;
#1341 = ORIENTED_EDGE ( 'NONE', *, *, #4071, .T. ) ;
#1342 = EDGE_CURVE ( 'NONE', #6031, #4811, #2544, .T. ) ;
#1343 = ORIENTED_EDGE ( 'NONE', *, *, #3291, .T. ) ;
#1345 = EDGE_CURVE ( 'NONE', #6659, #620, #4922, .T. ) ;
#1344 = CARTESIAN_POINT ( 'NONE',  ( 125.0000000000000000, 22.01000000000292900, -116.5008710293030134 ) ) ;
#1346 = CARTESIAN_POINT ( 'NONE',  ( 125.0000000000000000, -16.50999999986648348, -120.0846308022910591 ) ) ;
#1347 = CARTESIAN_POINT ( 'NONE',  ( -125.0000000000000000, 22.01000000000425416, -1.250000000013766766 ) ) ;
#1348 = ORIENTED_EDGE ( 'NONE', *, *, #2394, .F. ) ;
#1349 = VERTEX_POINT ( 'NONE', #2584 ) ;
#1350 = CARTESIAN_POINT ( 'NONE',  ( 125.0000000000000000, 12.96109210080290985, 117.0000000001201670 ) ) ;
#1351 = FACE_OUTER_BOUND ( 'NONE', #3565, .T. ) ;
#1352 = ORIENTED_EDGE ( 'NONE', *, *, #662, .T. ) ;
#1353 = DIRECTION ( 'NONE',  ( 0.000000000000000000, -0.000000000000000000, -1.000000000000000000 ) ) ;
#1354 = ADVANCED_FACE ( 'NONE', ( #801 ), #880, .F. ) ;
#1355 = DIRECTION ( 'NONE',  ( -1.000000000000000000, -0.000000000000000000, -0.000000000000000000 ) ) ;
#1356 = FACE_OUTER_BOUND ( 'NONE', #2578, .T. ) ;
#1357 = VERTEX_POINT ( 'NONE', #3418 ) ;
#1358 = ORIENTED_EDGE ( 'NONE', *, *, #6974, .F. ) ;
#1359 = LINE ( 'NONE', #5291, #7180 ) ;
#1360 = EDGE_CURVE ( 'NONE', #4798, #295, #6812, .T. ) ;
#1361 = ADVANCED_FACE ( 'NONE', ( #6849 ), #5192, .T. ) ;
#1362 = ORIENTED_EDGE ( 'NONE', *, *, #4378, .F. ) ;
#1363 = ORIENTED_EDGE ( 'NONE', *, *, #6486, .T. ) ;
#1364 = CARTESIAN_POINT ( 'NONE',  ( -125.0000000000000000, 22.34333333333446348, -2.981423970002945456 ) ) ;
#1365 = EDGE_CURVE ( 'NONE', #3439, #6852, #1609, .T. ) ;
#1366 = EDGE_CURVE ( 'NONE', #6850, #1712, #2887, .T. ) ;
#1367 = DIRECTION ( 'NONE',  ( -1.000000000000000000, -0.000000000000000000, -0.000000000000000000 ) ) ;
#1368 = DIRECTION ( 'NONE',  ( -1.000000000000000000, -0.000000000000000000, -0.000000000000000000 ) ) ;
#1369 = ORIENTED_EDGE ( 'NONE', *, *, #1397, .T. ) ;
#1370 = VERTEX_POINT ( 'NONE', #1079 ) ;
#1371 = ORIENTED_EDGE ( 'NONE', *, *, #2139, .T. ) ;
#1372 = LINE ( 'NONE', #2579, #3276 ) ;
#1373 = ORIENTED_EDGE ( 'NONE', *, *, #4213, .F. ) ;
#1374 = DIRECTION ( 'NONE',  ( -1.000000000000000000, -0.000000000000000000, -0.000000000000000000 ) ) ;
#1375 = CARTESIAN_POINT ( 'NONE',  ( 125.0000000000000000, -11.16109210085998882, 115.0000000002078906 ) ) ;
#1376 = DIRECTION ( 'NONE',  ( 0.000000000000000000, 0.000000000000000000, -1.000000000000000000 ) ) ;
#1377 = CARTESIAN_POINT ( 'NONE',  ( -125.0000000000000000, -9.361092100859993437, 115.0000000002078906 ) ) ;
#1378 = DIRECTION ( 'NONE',  ( 0.000000000000000000, 0.000000000000000000, -1.000000000000000000 ) ) ;
#1379 = ORIENTED_EDGE ( 'NONE', *, *, #1323, .T. ) ;
#1380 = EDGE_CURVE ( 'NONE', #892, #4374, #227, .T. ) ;
#1381 = ORIENTED_EDGE ( 'NONE', *, *, #1092, .T. ) ;
#1382 = DIRECTION ( 'NONE',  ( 0.000000000000000000, -0.2588190451056156527, 0.9659258262882389756 ) ) ;
#1383 = CARTESIAN_POINT ( 'NONE',  ( -125.0000000000000000, 20.76950934113871128, -116.3469784522539925 ) ) ;
#1384 = EDGE_LOOP ( 'NONE', ( #1517, #3279, #6456, #5401 ) ) ;
#1385 = DIRECTION ( 'NONE',  ( 0.000000000000000000, 0.000000000000000000, 1.000000000000000000 ) ) ;
#1386 = VERTEX_POINT ( 'NONE', #7496 ) ;
#1387 = LINE ( 'NONE', #374, #3648 ) ;
#1388 = ORIENTED_EDGE ( 'NONE', *, *, #7488, .F. ) ;
#1389 = CARTESIAN_POINT ( 'NONE',  ( 125.0000000000000000, 22.01000000000309598, 117.7508710292996028 ) ) ;
#1390 = EDGE_CURVE ( 'NONE', #4261, #6459, #1114, .T. ) ;
#1391 = EDGE_CURVE ( 'NONE', #6389, #4486, #5651, .T. ) ;
#1392 = ORIENTED_EDGE ( 'NONE', *, *, #3450, .T. ) ;
#1393 = CARTESIAN_POINT ( 'NONE',  ( 125.0000000000000000, 22.01000000000309598, 116.5008710292995318 ) ) ;
#1394 = LINE ( 'NONE', #3181, #5443 ) ;
#1395 = FACE_OUTER_BOUND ( 'NONE', #3830, .T. ) ;
#1396 = CARTESIAN_POINT ( 'NONE',  ( 125.0000000000000000, 20.86626570361147870, -0.8912754115804355504 ) ) ;
#1397 = EDGE_CURVE ( 'NONE', #4923, #3510, #3987, .T. ) ;
#1398 = EDGE_CURVE ( 'NONE', #2126, #4540, #6767, .T. ) ;
#1399 = AXIS2_PLACEMENT_3D ( 'NONE', #1139, #567, #4574 ) ;
#1400 = ORIENTED_EDGE ( 'NONE', *, *, #7301, .T. ) ;
#1401 = VECTOR ( 'NONE', #5521, 1000.000000000000000 ) ;
#1402 = VERTEX_POINT ( 'NONE', #1691 ) ;
#1403 = ORIENTED_EDGE ( 'NONE', *, *, #5902, .T. ) ;
#1404 = CARTESIAN_POINT ( 'NONE',  ( 125.0000000000000000, -21.52022843722930645, 114.6730186729573404 ) ) ;
#1405 = ORIENTED_EDGE ( 'NONE', *, *, #4291, .T. ) ;
#1406 = DIRECTION ( 'NONE',  ( 0.000000000000000000, 0.000000000000000000, 1.000000000000000000 ) ) ;
#1407 = VECTOR ( 'NONE', #1112, 1000.000000000000000 ) ;
#1409 = DIRECTION ( 'NONE',  ( 0.000000000000000000, -0.000000000000000000, 1.000000000000000000 ) ) ;
#1408 = CIRCLE ( 'NONE', #1277, 0.4999999999998061551 ) ;
#1410 = DIRECTION ( 'NONE',  ( 0.000000000000000000, 0.000000000000000000, 1.000000000000000000 ) ) ;
#1411 = CARTESIAN_POINT ( 'NONE',  ( 125.0000000000000000, -16.81285590981789468, -115.1083004675539314 ) ) ;
#1412 = ORIENTED_EDGE ( 'NONE', *, *, #7010, .T. ) ;
#1413 = ORIENTED_EDGE ( 'NONE', *, *, #4034, .T. ) ;
#1414 = VECTOR ( 'NONE', #2759, 1000.000000000000000 ) ;
#1415 = ORIENTED_EDGE ( 'NONE', *, *, #5837, .F. ) ;
#1416 = CARTESIAN_POINT ( 'NONE',  ( 125.0000000000000000, -12.50999999986659184, -120.0846308022910591 ) ) ;
#1417 = VERTEX_POINT ( 'NONE', #3374 ) ;
#1418 = VECTOR ( 'NONE', #7500, 1000.000000000000000 ) ;
#1419 = PLANE ( 'NONE',  #1699 ) ;
#1420 = LINE ( 'NONE', #368, #5283 ) ;
#1421 = EDGE_CURVE ( 'NONE', #5872, #521, #5042, .T. ) ;
#1422 = VECTOR ( 'NONE', #4280, 1000.000000000000114 ) ;
#1423 = DIRECTION ( 'NONE',  ( 0.000000000000000000, 0.000000000000000000, -1.000000000000000000 ) ) ;
#1424 = FACE_OUTER_BOUND ( 'NONE', #4526, .T. ) ;
#1425 = ORIENTED_EDGE ( 'NONE', *, *, #5455, .T. ) ;
#1426 = VECTOR ( 'NONE', #5163, 1000.000000000000000 ) ;
#1427 = VERTEX_POINT ( 'NONE', #5734 ) ;
#1428 = LINE ( 'NONE', #5478, #7302 ) ;
#1429 = ORIENTED_EDGE ( 'NONE', *, *, #4858, .F. ) ;
#1430 = EDGE_CURVE ( 'NONE', #6878, #2883, #5122, .T. ) ;
#1431 = AXIS2_PLACEMENT_3D ( 'NONE', #825, #6222, #4425 ) ;
#1432 = VECTOR ( 'NONE', #3317, 1000.000000000000114 ) ;
#1433 = VECTOR ( 'NONE', #6042, 1000.000000000000000 ) ;
#1434 = DIRECTION ( 'NONE',  ( 0.000000000000000000, 0.000000000000000000, 1.000000000000000000 ) ) ;
#1435 = CARTESIAN_POINT ( 'NONE',  ( -125.0000000000000000, -22.00999999999659451, -116.5008710293006118 ) ) ;
#1436 = AXIS2_PLACEMENT_3D ( 'NONE', #4558, #3384, #7472 ) ;
#1437 = VECTOR ( 'NONE', #2508, 1000.000000000000000 ) ;
#1438 = CARTESIAN_POINT ( 'NONE',  ( -125.0000000000000000, -16.76109210079674838, -115.3014856328114206 ) ) ;
#1439 = ADVANCED_FACE ( 'NONE', ( #7383 ), #6352, .F. ) ;
#1440 = FACE_OUTER_BOUND ( 'NONE', #4569, .T. ) ;
#1441 = AXIS2_PLACEMENT_3D ( 'NONE', #1812, #4153, #4220 ) ;
#1442 = LINE ( 'NONE', #7253, #2026 ) ;
#1443 = ORIENTED_EDGE ( 'NONE', *, *, #4979, .F. ) ;
#1444 = ORIENTED_EDGE ( 'NONE', *, *, #7251, .F. ) ;
#1445 = ORIENTED_EDGE ( 'NONE', *, *, #1551, .T. ) ;
#1446 = CARTESIAN_POINT ( 'NONE',  ( 125.0000000000000000, 26.00999999980933453, -123.9999999998817373 ) ) ;
#1447 = VECTOR ( 'NONE', #2717, 1000.000000000000000 ) ;
#1448 = DIRECTION ( 'NONE',  ( 0.000000000000000000, 0.000000000000000000, 1.000000000000000000 ) ) ;
#1449 = EDGE_CURVE ( 'NONE', #2992, #3069, #6196, .T. ) ;
#1450 = ADVANCED_FACE ( 'NONE', ( #427 ), #3454, .F. ) ;
#1451 = DIRECTION ( 'NONE',  ( -1.000000000000000000, -0.000000000000000000, -0.000000000000000000 ) ) ;
#1452 = CARTESIAN_POINT ( 'NONE',  ( 125.0000000000000000, 0.009999999809365651623, 118.5000000001182201 ) ) ;
#1453 = FACE_OUTER_BOUND ( 'NONE', #4101, .T. ) ;
#1454 = CARTESIAN_POINT ( 'NONE',  ( 125.0000000000000000, -9.259999999866671772, -124.9999999997909725 ) ) ;
#1455 = ORIENTED_EDGE ( 'NONE', *, *, #607, .F. ) ;
#1456 = ORIENTED_EDGE ( 'NONE', *, *, #6974, .T. ) ;
#1457 = ORIENTED_EDGE ( 'NONE', *, *, #155, .F. ) ;
#1458 = DIRECTION ( 'NONE',  ( 0.000000000000000000, 0.000000000000000000, -1.000000000000000000 ) ) ;
#1459 = VERTEX_POINT ( 'NONE', #2150 ) ;
#1460 = EDGE_CURVE ( 'NONE', #3764, #1816, #1032, .T. ) ;
#1461 = FACE_OUTER_BOUND ( 'NONE', #44, .T. ) ;
#1462 = FACE_OUTER_BOUND ( 'NONE', #16, .T. ) ;
#1463 = DIRECTION ( 'NONE',  ( 0.000000000000000000, 0.000000000000000000, 1.000000000000000000 ) ) ;
#1464 = PLANE ( 'NONE',  #601 ) ;
#1465 = DIRECTION ( 'NONE',  ( 0.000000000000000000, 0.000000000000000000, 1.000000000000000000 ) ) ;
#1466 = ORIENTED_EDGE ( 'NONE', *, *, #4904, .F. ) ;
#1467 = ORIENTED_EDGE ( 'NONE', *, *, #1513, .F. ) ;
#1468 = DIRECTION ( 'NONE',  ( 0.000000000000000000, 0.000000000000000000, -1.000000000000000000 ) ) ;
#1469 = VERTEX_POINT ( 'NONE', #469 ) ;
#1470 = CARTESIAN_POINT ( 'NONE',  ( 125.0000000000000000, -22.50999999999692491, -4.472135954997691343 ) ) ;
#1471 = DIRECTION ( 'NONE',  ( 0.000000000000000000, 0.000000000000000000, -1.000000000000000000 ) ) ;
#1472 = VERTEX_POINT ( 'NONE', #5155 ) ;
#1473 = EDGE_CURVE ( 'NONE', #1231, #7005, #4588, .T. ) ;
#1474 = FACE_OUTER_BOUND ( 'NONE', #2007, .T. ) ;
#1475 = CARTESIAN_POINT ( 'NONE',  ( 125.0000000000000000, 20.57103083586864400, 116.3223556399383085 ) ) ;
#1476 = DIRECTION ( 'NONE',  ( -1.000000000000000000, -0.000000000000000000, -0.000000000000000000 ) ) ;
#1477 = CARTESIAN_POINT ( 'NONE',  ( -125.0000000000000000, 22.01000000000425416, -6.300949345616757569E-12 ) ) ;
#1478 = ORIENTED_EDGE ( 'NONE', *, *, #6838, .F. ) ;
#1479 = VERTEX_POINT ( 'NONE', #5804 ) ;
#1480 = ADVANCED_FACE ( 'NONE', ( #4632 ), #579, .F. ) ;
#1481 = EDGE_LOOP ( 'NONE', ( #3816, #4236, #6707, #6502 ) ) ;
#1482 = ORIENTED_EDGE ( 'NONE', *, *, #1642, .T. ) ;
#1483 = CARTESIAN_POINT ( 'NONE',  ( -125.0000000000000000, -20.86626570360591870, 0.8912754115806276189 ) ) ;
#1484 = CARTESIAN_POINT ( 'NONE',  ( 125.0000000000000000, -21.52022843722934553, -114.6730186729575820 ) ) ;
#1485 = CARTESIAN_POINT ( 'NONE',  ( 125.0000000000000000, 2.990000000196953334, -116.0000000001187033 ) ) ;
#1486 = CARTESIAN_POINT ( 'NONE',  ( -125.0000000000000000, 22.01000000000309598, 116.5008710292995318 ) ) ;
#1487 = CARTESIAN_POINT ( 'NONE',  ( 125.0000000000000000, 14.76109210099596325, -117.0000000000027285 ) ) ;
#1488 = ORIENTED_EDGE ( 'NONE', *, *, #2816, .T. ) ;
#1489 = EDGE_CURVE ( 'NONE', #818, #4924, #2687, .T. ) ;
#1490 = ADVANCED_FACE ( 'NONE', ( #2308 ), #1464, .F. ) ;
#1491 = EDGE_LOOP ( 'NONE', ( #2705, #6694, #4607, #6712 ) ) ;
#1492 = CARTESIAN_POINT ( 'NONE',  ( -125.0000000000000000, -21.63829944540002259, 115.1136656743442472 ) ) ;
#1493 = AXIS2_PLACEMENT_3D ( 'NONE', #1964, #795, #3149 ) ;
#1494 = VECTOR ( 'NONE', #1027, 1000.000000000000000 ) ;
#1495 = ORIENTED_EDGE ( 'NONE', *, *, #7411, .T. ) ;
#1496 = CARTESIAN_POINT ( 'NONE',  ( 125.0000000000000000, 14.76109210099596325, -117.0000000000027285 ) ) ;
#1497 = CARTESIAN_POINT ( 'NONE',  ( 125.0000000000000000, 26.00999999980933453, -123.9999999998817373 ) ) ;
#1498 = CARTESIAN_POINT ( 'NONE',  ( 125.0000000000000000, -9.259999999866504794, 120.0000000002086722 ) ) ;
#1499 = CARTESIAN_POINT ( 'NONE',  ( 125.0000000000000000, -21.83148461057669820, -115.0619018650240122 ) ) ;
#1500 = DIRECTION ( 'NONE',  ( 0.000000000000000000, -1.000000000000000000, 0.000000000000000000 ) ) ;
#1501 = EDGE_CURVE ( 'NONE', #6422, #2141, #6052, .T. ) ;
#1502 = ORIENTED_EDGE ( 'NONE', *, *, #4955, .T. ) ;
#1503 = DIRECTION ( 'NONE',  ( 0.000000000000000000, -0.000000000000000000, 1.000000000000000000 ) ) ;
#1504 = ORIENTED_EDGE ( 'NONE', *, *, #6021, .T. ) ;
#1505 = LINE ( 'NONE', #1097, #4381 ) ;
#1506 = DIRECTION ( 'NONE',  ( 0.000000000000000000, 0.000000000000000000, 1.000000000000000000 ) ) ;
#1507 = LINE ( 'NONE', #1710, #910 ) ;
#1508 = DIRECTION ( 'NONE',  ( 0.000000000000000000, 0.000000000000000000, -1.000000000000000000 ) ) ;
#1509 = ORIENTED_EDGE ( 'NONE', *, *, #293, .F. ) ;
#1510 = DIRECTION ( 'NONE',  ( -1.000000000000000000, -0.000000000000000000, -0.000000000000000000 ) ) ;
#1511 = DIRECTION ( 'NONE',  ( 0.000000000000000000, 1.000000000000000000, 0.000000000000000000 ) ) ;
#1512 = CARTESIAN_POINT ( 'NONE',  ( 125.0000000000000000, -20.76626570359968227, -0.7180703308241480620 ) ) ;
#1513 = EDGE_CURVE ( 'NONE', #6397, #1134, #5460, .T. ) ;
#1514 = CARTESIAN_POINT ( 'NONE',  ( 125.0000000000000000, 22.01000000000425416, -1.250000000013766766 ) ) ;
#1515 = ORIENTED_EDGE ( 'NONE', *, *, #6381, .T. ) ;
#1516 = ORIENTED_EDGE ( 'NONE', *, *, #5397, .F. ) ;
#1517 = ORIENTED_EDGE ( 'NONE', *, *, #1580, .T. ) ;
#1518 = CARTESIAN_POINT ( 'NONE',  ( 125.0000000000000000, 9.259999999809346960, 120.0000000001180496 ) ) ;
#1519 = APPLICATION_PROTOCOL_DEFINITION ( 'draft international standard', 'automotive_design', 1998, #2626 ) ;
#1520 = VERTEX_POINT ( 'NONE', #2089 ) ;
#1521 = LINE ( 'NONE', #3867, #1870 ) ;
#1522 = CARTESIAN_POINT ( 'NONE',  ( -125.0000000000000000, 22.00319135037952734, -114.0436091504081304 ) ) ;
#1523 = EDGE_CURVE ( 'NONE', #5124, #1878, #3169, .T. ) ;
#1524 = VECTOR ( 'NONE', #3860, 1000.000000000000000 ) ;
#1525 = FACE_OUTER_BOUND ( 'NONE', #1601, .T. ) ;
#1526 = LINE ( 'NONE', #1753, #4868 ) ;
#1527 = CARTESIAN_POINT ( 'NONE',  ( 125.0000000000000000, 11.16109210099602755, -117.0000000000122782 ) ) ;
#1528 = ORIENTED_EDGE ( 'NONE', *, *, #899, .F. ) ;
#1529 = AXIS2_PLACEMENT_3D ( 'NONE', #3017, #3580, #3614 ) ;
#1530 = VERTEX_POINT ( 'NONE', #7166 ) ;
#1531 = CARTESIAN_POINT ( 'NONE',  ( -125.0000000000000000, -24.00999999999712387, -114.0436091504067946 ) ) ;
#1532 = AXIS2_PLACEMENT_3D ( 'NONE', #4396, #346, #417 ) ;
#1533 = VECTOR ( 'NONE', #4404, 1000.000000000000000 ) ;
#1534 = ORIENTED_EDGE ( 'NONE', *, *, #2330, .F. ) ;
#1535 = DIRECTION ( 'NONE',  ( 0.000000000000000000, 0.000000000000000000, -1.000000000000000000 ) ) ;
#1536 = LINE ( 'NONE', #2120, #3280 ) ;
#1537 = DIRECTION ( 'NONE',  ( -1.000000000000000000, 0.000000000000000000, -0.000000000000000000 ) ) ;
#1538 = EDGE_CURVE ( 'NONE', #3510, #1472, #1940, .T. ) ;
#1539 = CYLINDRICAL_SURFACE ( 'NONE', #4480, 1.250000000000015099 ) ;
#1540 = FACE_OUTER_BOUND ( 'NONE', #6355, .T. ) ;
#1541 = CARTESIAN_POINT ( 'NONE',  ( 125.0000000000000000, 16.56109210099609541, -115.3014856326920068 ) ) ;
#1542 = CIRCLE ( 'NONE', #5433, 0.4999999999997922773 ) ;
#1543 = ORIENTED_EDGE ( 'NONE', *, *, #6725, .F. ) ;
#1544 = ORIENTED_EDGE ( 'NONE', *, *, #6, .F. ) ;
#1545 = AXIS2_PLACEMENT_3D ( 'NONE', #5366, #7132, #5981 ) ;
#1546 = CARTESIAN_POINT ( 'NONE',  ( 125.0000000000000000, -22.00999999999659451, -116.5008710293006118 ) ) ;
#1547 = VERTEX_POINT ( 'NONE', #3462 ) ;
#1548 = VECTOR ( 'NONE', #4911, 1000.000000000000000 ) ;
#1549 = LINE ( 'NONE', #2751, #7440 ) ;
#1550 = CARTESIAN_POINT ( 'NONE',  ( 125.0000000000000000, -5.259999999803081749, -117.0000000001185896 ) ) ;
#1551 = EDGE_CURVE ( 'NONE', #6421, #389, #1084, .T. ) ;
#1552 = ADVANCED_FACE ( 'NONE', ( #1540 ), #1585, .F. ) ;
#1553 = AXIS2_PLACEMENT_3D ( 'NONE', #3227, #7320, #3124 ) ;
#1554 = CARTESIAN_POINT ( 'NONE',  ( 125.0000000000000000, 12.50999999980932209, 125.0000000001181490 ) ) ;
#1555 = VECTOR ( 'NONE', #2654, 1000.000000000000000 ) ;
#1556 = ORIENTED_EDGE ( 'NONE', *, *, #4342, .T. ) ;
#1557 = DIRECTION ( 'NONE',  ( -1.000000000000000000, -0.000000000000000000, -0.000000000000000000 ) ) ;
#1558 =( GEOMETRIC_REPRESENTATION_CONTEXT ( 3 ) GLOBAL_UNCERTAINTY_ASSIGNED_CONTEXT ( ( #1956 ) ) GLOBAL_UNIT_ASSIGNED_CONTEXT ( ( #3682, #6032, #4287 ) ) REPRESENTATION_CONTEXT ( 'NONE', 'WORKASPACE' ) );
#1559 = AXIS2_PLACEMENT_3D ( 'NONE', #1435, #901, #984 ) ;
#1560 = AXIS2_PLACEMENT_3D ( 'NONE', #5857, #5279, #51 ) ;
#1561 = DIRECTION ( 'NONE',  ( 0.000000000000000000, 0.9863939238288168543, 0.1643989873253191569 ) ) ;
#1562 = CARTESIAN_POINT ( 'NONE',  ( 125.0000000000000000, -2.009999999802995596, -124.9999999997909725 ) ) ;
#1563 = LINE ( 'NONE', #2070, #5062 ) ;
#1564 = VECTOR ( 'NONE', #4078, 1000.000000000000000 ) ;
#1565 = VERTEX_POINT ( 'NONE', #5051 ) ;
#1566 = VECTOR ( 'NONE', #6926, 1000.000000000000000 ) ;
#1567 = PRESENTATION_LAYER_ASSIGNMENT (  '', '', ( #827 ) ) ;
#1568 = ORIENTED_EDGE ( 'NONE', *, *, #4703, .F. ) ;
#1569 = ORIENTED_EDGE ( 'NONE', *, *, #2353, .F. ) ;
#1570 = CARTESIAN_POINT ( 'NONE',  ( 125.0000000000000000, -5.259999999866640685, -119.9999999997910862 ) ) ;
#1571 = DIRECTION ( 'NONE',  ( 0.000000000000000000, 0.000000000000000000, -1.000000000000000000 ) ) ;
#1572 = VECTOR ( 'NONE', #1644, 1000.000000000000000 ) ;
#1573 = CARTESIAN_POINT ( 'NONE',  ( -125.0000000000000000, 23.75999999999983814, -124.9999999998809841 ) ) ;
#1574 = CARTESIAN_POINT ( 'NONE',  ( -125.0000000000000000, 2.990000000196953334, -118.0000000001187033 ) ) ;
#1575 = CARTESIAN_POINT ( 'NONE',  ( -125.0000000000000000, -3.209999999866421927, 115.8305745825086319 ) ) ;
#1576 = ORIENTED_EDGE ( 'NONE', *, *, #6081, .F. ) ;
#1577 = ORIENTED_EDGE ( 'NONE', *, *, #4637, .T. ) ;
#1578 = VECTOR ( 'NONE', #5386, 1000.000000000000000 ) ;
#1579 = EDGE_CURVE ( 'NONE', #179, #5417, #5625, .T. ) ;
#1580 = EDGE_CURVE ( 'NONE', #5704, #834, #3923, .T. ) ;
#1581 = LINE ( 'NONE', #5160, #1185 ) ;
#1582 = ORIENTED_EDGE ( 'NONE', *, *, #3983, .F. ) ;
#1583 = LINE ( 'NONE', #1039, #1680 ) ;
#1584 = DIRECTION ( 'NONE',  ( 0.000000000000000000, 1.000000000000000000, 0.000000000000000000 ) ) ;
#1585 = PLANE ( 'NONE',  #2435 ) ;
#1586 = CARTESIAN_POINT ( 'NONE',  ( -125.0000000000000000, 0.009999999809365668971, 114.0000000001180496 ) ) ;
#1587 = ORIENTED_EDGE ( 'NONE', *, *, #5272, .F. ) ;
#1588 = DIRECTION ( 'NONE',  ( 0.000000000000000000, -0.000000000000000000, -1.000000000000000000 ) ) ;
#1589 = PLANE ( 'NONE',  #7550 ) ;
#1590 = ORIENTED_EDGE ( 'NONE', *, *, #5975, .T. ) ;
#1591 = CARTESIAN_POINT ( 'NONE',  ( 125.0000000000000000, -22.50999999999672596, 4.472135955000594798 ) ) ;
#1592 = LINE ( 'NONE', #6217, #5186 ) ;
#1593 = CARTESIAN_POINT ( 'NONE',  ( -125.0000000000000000, 22.01000000000292900, -117.7508710293030845 ) ) ;
#1594 = VERTEX_POINT ( 'NONE', #2828 ) ;
#1595 = ADVANCED_FACE ( 'NONE', ( #2862 ), #7437, .F. ) ;
#1596 = EDGE_CURVE ( 'NONE', #6041, #4398, #5090, .T. ) ;
#1597 = DIRECTION ( 'NONE',  ( 1.000000000000000000, 0.000000000000000000, -0.000000000000000000 ) ) ;
#1598 = LINE ( 'NONE', #5178, #2155 ) ;
#1599 = DIRECTION ( 'NONE',  ( -1.000000000000000000, -0.000000000000000000, -0.000000000000000000 ) ) ;
#1600 = DIRECTION ( 'NONE',  ( 0.000000000000000000, -1.000000000000000000, 0.000000000000000000 ) ) ;
#1601 = EDGE_LOOP ( 'NONE', ( #5644, #594, #1026, #156 ) ) ;
#1602 = ORIENTED_EDGE ( 'NONE', *, *, #293, .T. ) ;
#1603 = EDGE_CURVE ( 'NONE', #6996, #1316, #6857, .T. ) ;
#1604 = ORIENTED_EDGE ( 'NONE', *, *, #4837, .T. ) ;
#1605 = LINE ( 'NONE', #1570, #1433 ) ;
#1606 = VERTEX_POINT ( 'NONE', #548 ) ;
#1607 = CARTESIAN_POINT ( 'NONE',  ( 125.0000000000000000, 22.01000000000309598, 115.2508710292994607 ) ) ;
#1608 = DIRECTION ( 'NONE',  ( 0.000000000000000000, 1.000000000000000000, 0.000000000000000000 ) ) ;
#1609 = LINE ( 'NONE', #2196, #4263 ) ;
#1610 = ORIENTED_EDGE ( 'NONE', *, *, #409, .T. ) ;
#1611 = ORIENTED_EDGE ( 'NONE', *, *, #1121, .T. ) ;
#1612 = DIRECTION ( 'NONE',  ( 0.000000000000000000, 0.000000000000000000, -1.000000000000000000 ) ) ;
#1613 = ORIENTED_EDGE ( 'NONE', *, *, #5510, .F. ) ;
#1614 = CARTESIAN_POINT ( 'NONE',  ( -125.0000000000000000, -9.259999999866504794, 125.0000000002088001 ) ) ;
#1615 = DIRECTION ( 'NONE',  ( -1.000000000000000000, -0.000000000000000000, -0.000000000000000000 ) ) ;
#1616 = LINE ( 'NONE', #4524, #3658 ) ;
#1617 = LINE ( 'NONE', #5091, #2680 ) ;
#1618 = EDGE_CURVE ( 'NONE', #4478, #3673, #2276, .T. ) ;
#1619 = ORIENTED_EDGE ( 'NONE', *, *, #7117, .F. ) ;
#1620 = DIRECTION ( 'NONE',  ( -1.000000000000000000, -0.000000000000000000, -0.000000000000000000 ) ) ;
#1621 = CARTESIAN_POINT ( 'NONE',  ( -125.0000000000000000, -20.76626570360573609, 0.7180703308238278737 ) ) ;
#1622 = VERTEX_POINT ( 'NONE', #1123 ) ;
#1623 = CARTESIAN_POINT ( 'NONE',  ( -125.0000000000000000, 20.62279464504687709, -116.1291704747072089 ) ) ;
#1624 = LINE ( 'NONE', #5057, #4097 ) ;
#1625 = CARTESIAN_POINT ( 'NONE',  ( -125.0000000000000000, 5.260000000002621690, -114.0000000000203784 ) ) ;
#1626 = ADVANCED_FACE ( 'NONE', ( #6938 ), #3957, .F. ) ;
#1627 = CARTESIAN_POINT ( 'NONE',  ( 125.0000000000000000, -21.83148461050831557, 115.0619018653643764 ) ) ;
#1628 = LINE ( 'NONE', #5606, #4942 ) ;
#1629 = DIRECTION ( 'NONE',  ( -1.000000000000000000, -0.000000000000000000, -0.000000000000000000 ) ) ;
#1630 = EDGE_CURVE ( 'NONE', #3042, #4771, #1616, .T. ) ;
#1631 = EDGE_CURVE ( 'NONE', #4657, #7478, #6207, .T. ) ;
#1632 = PLANE ( 'NONE',  #189 ) ;
#1633 = VERTEX_POINT ( 'NONE', #4446 ) ;
#1634 = ORIENTED_EDGE ( 'NONE', *, *, #2241, .T. ) ;
#1635 = ORIENTED_EDGE ( 'NONE', *, *, #4041, .F. ) ;
#1636 = SURFACE_SIDE_STYLE ('',( #3302 ) ) ;
#1637 = SHAPE_DEFINITION_REPRESENTATION ( #6287, #4419 ) ;
#1638 = ORIENTED_EDGE ( 'NONE', *, *, #247, .F. ) ;
#1639 = DIRECTION ( 'NONE',  ( 0.000000000000000000, 0.000000000000000000, -1.000000000000000000 ) ) ;
#1640 = DIRECTION ( 'NONE',  ( 0.000000000000000000, 0.000000000000000000, 1.000000000000000000 ) ) ;
#1641 = ADVANCED_FACE ( 'NONE', ( #4039 ), #6361, .F. ) ;
#1642 = EDGE_CURVE ( 'NONE', #7065, #4277, #5713, .T. ) ;
#1643 = CARTESIAN_POINT ( 'NONE',  ( 125.0000000000000000, 12.50999999980932209, 125.0000000001181490 ) ) ;
#1644 = DIRECTION ( 'NONE',  ( -1.000000000000000000, -0.000000000000000000, -0.000000000000000000 ) ) ;
#1645 = AXIS2_PLACEMENT_3D ( 'NONE', #6451, #7096, #4168 ) ;
#1646 = EDGE_LOOP ( 'NONE', ( #5371, #1619, #3145, #836, #1080, #7229, #3344, #582, #5264, #7254, #2245, #5343, #6491, #236, #2660, #1373, #3123, #4100, #4418, #4779, #679, #1764, #1429, #6325, #6261, #4500, #1647, #1286, #6316, #2390, #3875, #7541, #6087, #4324, #1467, #3720, #2613, #6228, #2387, #6890, #3669, #4908, #6561, #1900, #5314, #6498, #223, #3459, #1227, #4448, #1157, #4692, #362, #3335, #3929, #2951, #3644, #1165, #690, #6738, #6226, #418, #3596, #7143, #5380, #3611, #3866, #4383, #1568, #1082, #866, #6284, #7419, #3680, #1837, #1781, #7282, #2470, #1731, #5406, #4046, #10, #3217, #1587, #7292, #270, #201, #2113, #5147, #6601, #5524, #2506, #5769, #2082, #3299, #2091, #5910, #6634, #300, #1766, #4643, #6793, #5793, #746, #1569, #5114, #6435, #1478, #2586, #6711, #2152 ) ) ;
#1647 = ORIENTED_EDGE ( 'NONE', *, *, #2106, .F. ) ;
#1648 = LINE ( 'NONE', #2312, #4603 ) ;
#1649 = EDGE_LOOP ( 'NONE', ( #3196, #4819, #3312, #5084 ) ) ;
#1650 = DIRECTION ( 'NONE',  ( 0.000000000000000000, 0.000000000000000000, -1.000000000000000000 ) ) ;
#1651 = DIRECTION ( 'NONE',  ( 0.000000000000000000, 0.000000000000000000, 1.000000000000000000 ) ) ;
#1652 = CARTESIAN_POINT ( 'NONE',  ( 125.0000000000000000, -19.75999999986629163, 125.0000000002088001 ) ) ;
#1653 = PLANE ( 'NONE',  #6570 ) ;
#1654 = ORIENTED_EDGE ( 'NONE', *, *, #395, .T. ) ;
#1655 = VECTOR ( 'NONE', #4267, 1000.000000000000000 ) ;
#1656 = CARTESIAN_POINT ( 'NONE',  ( 125.0000000000000000, 21.63829944540639971, -115.1136656743480131 ) ) ;
#1657 = LINE ( 'NONE', #4490, #2909 ) ;
#1658 = VECTOR ( 'NONE', #1247, 1000.000000000000000 ) ;
#1659 = ORIENTED_EDGE ( 'NONE', *, *, #3805, .F. ) ;
#1660 = EDGE_CURVE ( 'NONE', #1115, #7133, #5014, .T. ) ;
#1661 = FACE_OUTER_BOUND ( 'NONE', #956, .T. ) ;
#1662 = CARTESIAN_POINT ( 'NONE',  ( -125.0000000000000000, -0.009999999803049450589, -118.5000000001186464 ) ) ;
#1663 = AXIS2_PLACEMENT_3D ( 'NONE', #6383, #3484, #1640 ) ;
#1664 = VECTOR ( 'NONE', #5943, 1000.000000000000000 ) ;
#1665 = FILL_AREA_STYLE_COLOUR ( '', #4972 ) ;
#1666 = ORIENTED_EDGE ( 'NONE', *, *, #4695, .F. ) ;
#1667 = CIRCLE ( 'NONE', #693, 0.1999999998450602279 ) ;
#1668 = AXIS2_PLACEMENT_3D ( 'NONE', #3972, #5757, #2253 ) ;
#1669 = CARTESIAN_POINT ( 'NONE',  ( 125.0000000000000000, 22.01000000000292900, -117.7508710293030845 ) ) ;
#1670 = EDGE_CURVE ( 'NONE', #1459, #4590, #7391, .T. ) ;
#1671 = EDGE_CURVE ( 'NONE', #1676, #4639, #4484, .T. ) ;
#1672 = AXIS2_PLACEMENT_3D ( 'NONE', #159, #5346, #6998 ) ;
#1673 = AXIS2_PLACEMENT_3D ( 'NONE', #1233, #4186, #1305 ) ;
#1674 = CARTESIAN_POINT ( 'NONE',  ( -125.0000000000000000, 20.17061230870606181, -1.061970978716023417 ) ) ;
#1675 = PLANE ( 'NONE',  #1399 ) ;
#1676 = VERTEX_POINT ( 'NONE', #1003 ) ;
#1677 = ORIENTED_EDGE ( 'NONE', *, *, #7157, .F. ) ;
#1678 = VERTEX_POINT ( 'NONE', #702 ) ;
#1679 = AXIS2_PLACEMENT_3D ( 'NONE', #2415, #1014, #1463 ) ;
#1680 = VECTOR ( 'NONE', #6206, 1000.000000000000000 ) ;
#1681 = DIRECTION ( 'NONE',  ( -1.000000000000000000, -0.000000000000000000, -0.000000000000000000 ) ) ;
#1682 = EDGE_CURVE ( 'NONE', #1141, #5912, #2385, .T. ) ;
#1683 = ORIENTED_EDGE ( 'NONE', *, *, #2991, .F. ) ;
#1684 = CARTESIAN_POINT ( 'NONE',  ( 125.0000000000000000, 20.57103083572583913, -116.3223556398842931 ) ) ;
#1685 = VECTOR ( 'NONE', #5233, 1000.000000000000000 ) ;
#1686 = DIRECTION ( 'NONE',  ( 0.000000000000000000, 0.000000000000000000, 1.000000000000000000 ) ) ;
#1687 = CYLINDRICAL_SURFACE ( 'NONE', #1058, 1.500000000000323963 ) ;
#1688 = AXIS2_PLACEMENT_3D ( 'NONE', #4686, #4723, #7014 ) ;
#1689 = VECTOR ( 'NONE', #2320, 1000.000000000000227 ) ;
#1690 = DIRECTION ( 'NONE',  ( -1.000000000000000000, -0.000000000000000000, -0.000000000000000000 ) ) ;
#1691 = CARTESIAN_POINT ( 'NONE',  ( 125.0000000000000000, -5.259999999866640685, -124.9999999997909725 ) ) ;
#1692 = ORIENTED_EDGE ( 'NONE', *, *, #2209, .F. ) ;
#1693 = EDGE_LOOP ( 'NONE', ( #7286, #3132, #543, #516 ) ) ;
#1694 = ORIENTED_EDGE ( 'NONE', *, *, #6027, .F. ) ;
#1695 = EDGE_CURVE ( 'NONE', #3262, #4189, #7558, .T. ) ;
#1696 = EDGE_CURVE ( 'NONE', #3148, #442, #2467, .T. ) ;
#1697 = CARTESIAN_POINT ( 'NONE',  ( 125.0000000000000000, -22.50999999999692491, -4.472135954997691343 ) ) ;
#1698 = VECTOR ( 'NONE', #6270, 1000.000000000000000 ) ;
#1699 = AXIS2_PLACEMENT_3D ( 'NONE', #778, #3201, #4931 ) ;
#1700 = ORIENTED_EDGE ( 'NONE', *, *, #6684, .F. ) ;
#1701 = CARTESIAN_POINT ( 'NONE',  ( 125.0000000000000000, 21.63829944540634997, 115.1136656743429540 ) ) ;
#1702 = LINE ( 'NONE', #478, #2664 ) ;
#1703 = CARTESIAN_POINT ( 'NONE',  ( 125.0000000000000000, 0.009999999809365668971, 114.0000000001180496 ) ) ;
#1704 = CYLINDRICAL_SURFACE ( 'NONE', #3403, 0.5000000000000837108 ) ;
#1705 = ORIENTED_EDGE ( 'NONE', *, *, #7178, .F. ) ;
#1706 = ADVANCED_FACE ( 'NONE', ( #4786 ), #7039, .F. ) ;
#1707 = CARTESIAN_POINT ( 'NONE',  ( -125.0000000000000000, -0.009999999866441374244, 118.7027587512089042 ) ) ;
#1708 = CARTESIAN_POINT ( 'NONE',  ( 125.0000000000000000, -0.009999999803049450589, -118.5000000001186464 ) ) ;
#1709 = DIRECTION ( 'NONE',  ( 0.000000000000000000, 0.000000000000000000, 1.000000000000000000 ) ) ;
#1710 = CARTESIAN_POINT ( 'NONE',  ( -125.0000000000000000, -16.50999999986648348, -124.9999999997909725 ) ) ;
#1711 = DIRECTION ( 'NONE',  ( -1.000000000000000000, 0.000000000000000000, -0.000000000000000000 ) ) ;
#1712 = VERTEX_POINT ( 'NONE', #4708 ) ;
#1713 = CARTESIAN_POINT ( 'NONE',  ( 125.0000000000000000, 20.86626570361147870, -0.8912754115804355504 ) ) ;
#1714 = FACE_OUTER_BOUND ( 'NONE', #2936, .T. ) ;
#1715 = CARTESIAN_POINT ( 'NONE',  ( -125.0000000000000000, 21.83148461058317480, 115.0619018650231595 ) ) ;
#1716 = CARTESIAN_POINT ( 'NONE',  ( -125.0000000000000000, -26.00999999986646216, -123.9999999997910578 ) ) ;
#1717 = ADVANCED_FACE ( 'NONE', ( #1234 ), #6473, .F. ) ;
#1718 = ORIENTED_EDGE ( 'NONE', *, *, #5756, .T. ) ;
#1719 = ORIENTED_EDGE ( 'NONE', *, *, #3103, .T. ) ;
#1720 = CARTESIAN_POINT ( 'NONE',  ( -125.0000000000000000, 9.260000000002598597, -120.0000000000203784 ) ) ;
#1721 = VERTEX_POINT ( 'NONE', #3604 ) ;
#1722 = CARTESIAN_POINT ( 'NONE',  ( 125.0000000000000000, 12.96109210080290985, 115.0000000001172680 ) ) ;
#1723 = LINE ( 'NONE', #4547, #445 ) ;
#1724 = CARTESIAN_POINT ( 'NONE',  ( -125.0000000000000000, -12.50999999986642486, 125.0000000002088001 ) ) ;
#1725 = DIRECTION ( 'NONE',  ( -1.000000000000000000, -0.000000000000000000, -0.000000000000000000 ) ) ;
#1726 = ADVANCED_FACE ( 'NONE', ( #3654 ), #2432, .F. ) ;
#1727 = EDGE_LOOP ( 'NONE', ( #6997, #6073, #5304, #613 ) ) ;
#1728 = EDGE_LOOP ( 'NONE', ( #160, #2845, #638, #3057 ) ) ;
#1729 = ORIENTED_EDGE ( 'NONE', *, *, #6933, .F. ) ;
#1730 = CARTESIAN_POINT ( 'NONE',  ( -125.0000000000000000, 20.62279464485416725, 116.1291704748252016 ) ) ;
#1731 = ORIENTED_EDGE ( 'NONE', *, *, #481, .F. ) ;
#1732 = CARTESIAN_POINT ( 'NONE',  ( 125.0000000000000000, 12.96109210080290985, 117.0000000001201670 ) ) ;
#1733 = LINE ( 'NONE', #5966, #2793 ) ;
#1734 = DIRECTION ( 'NONE',  ( -1.000000000000000000, -0.000000000000000000, -0.000000000000000000 ) ) ;
#1735 = DIRECTION ( 'NONE',  ( 0.000000000000000000, 0.000000000000000000, -1.000000000000000000 ) ) ;
#1736 = EDGE_CURVE ( 'NONE', #5344, #1676, #6971, .T. ) ;
#1737 = EDGE_CURVE ( 'NONE', #4924, #7549, #5967, .T. ) ;
#1738 = ORIENTED_EDGE ( 'NONE', *, *, #3848, .F. ) ;
#1739 = FACE_OUTER_BOUND ( 'NONE', #2640, .T. ) ;
#1740 = CARTESIAN_POINT ( 'NONE',  ( -125.0000000000000000, -3.209999999866421927, 115.8305745825086319 ) ) ;
#1741 = VERTEX_POINT ( 'NONE', #6430 ) ;
#1742 = LINE ( 'NONE', #4080, #6578 ) ;
#1743 = CARTESIAN_POINT ( 'NONE',  ( 125.0000000000000000, -11.16109210079665282, -117.0000000001194849 ) ) ;
#1744 = CARTESIAN_POINT ( 'NONE',  ( -125.0000000000000000, -0.009999999803049450589, -115.5000000001185327 ) ) ;
#1745 = EDGE_CURVE ( 'NONE', #5737, #2969, #728, .T. ) ;
#1746 = EDGE_CURVE ( 'NONE', #2027, #847, #4187, .T. ) ;
#1747 = ORIENTED_EDGE ( 'NONE', *, *, #5166, .F. ) ;
#1748 = CYLINDRICAL_SURFACE ( 'NONE', #1807, 0.1999999999992285726 ) ;
#1749 = AXIS2_PLACEMENT_3D ( 'NONE', #4850, #1406, #876 ) ;
#1750 = AXIS2_PLACEMENT_3D ( 'NONE', #6149, #356, #3947 ) ;
#1751 = CARTESIAN_POINT ( 'NONE',  ( -125.0000000000000000, -20.76950934100277379, 116.3469784524439348 ) ) ;
#1752 = FACE_OUTER_BOUND ( 'NONE', #6733, .T. ) ;
#1753 = CARTESIAN_POINT ( 'NONE',  ( 125.0000000000000000, -11.16109210085998882, 117.0000000002019078 ) ) ;
#1754 = DIRECTION ( 'NONE',  ( 0.000000000000000000, 0.000000000000000000, 1.000000000000000000 ) ) ;
#1755 = ORIENTED_EDGE ( 'NONE', *, *, #5889, .T. ) ;
#1756 = EDGE_LOOP ( 'NONE', ( #1792, #1213, #4665, #1719 ) ) ;
#1757 = DIRECTION ( 'NONE',  ( 0.000000000000000000, 1.000000000000000000, 0.000000000000000000 ) ) ;
#1758 = ORIENTED_EDGE ( 'NONE', *, *, #3318, .F. ) ;
#1760 = EDGE_CURVE ( 'NONE', #5858, #2495, #88, .T. ) ;
#1759 = DIRECTION ( 'NONE',  ( 0.000000000000000000, 0.000000000000000000, 1.000000000000000000 ) ) ;
#1761 = FACE_OUTER_BOUND ( 'NONE', #3185, .T. ) ;
#1762 = ORIENTED_EDGE ( 'NONE', *, *, #5936, .F. ) ;
#1763 = ORIENTED_EDGE ( 'NONE', *, *, #2160, .F. ) ;
#1764 = ORIENTED_EDGE ( 'NONE', *, *, #2114, .F. ) ;
#1765 = CARTESIAN_POINT ( 'NONE',  ( -125.0000000000000000, 5.259999999809370053, 114.0000000001180496 ) ) ;
#1766 = ORIENTED_EDGE ( 'NONE', *, *, #1150, .F. ) ;
#1767 = EDGE_CURVE ( 'NONE', #4771, #391, #6507, .T. ) ;
#1768 = DIRECTION ( 'NONE',  ( -1.000000000000000000, -0.000000000000000000, -0.000000000000000000 ) ) ;
#1769 = CARTESIAN_POINT ( 'NONE',  ( 125.0000000000000000, 21.83148461058317480, 115.2619018650223808 ) ) ;
#1770 = DIRECTION ( 'NONE',  ( -1.000000000000000000, -0.000000000000000000, -0.000000000000000000 ) ) ;
#1771 = CARTESIAN_POINT ( 'NONE',  ( -125.0000000000000000, 20.86626570361147870, -0.8912754115804355504 ) ) ;
#1772 = VERTEX_POINT ( 'NONE', #6542 ) ;
#1773 = LINE ( 'NONE', #2980, #6943 ) ;
#1774 = CARTESIAN_POINT ( 'NONE',  ( 125.0000000000000000, 12.51000000000257373, -125.0000000000202931 ) ) ;
#1775 = ADVANCED_FACE ( 'NONE', ( #629 ), #5351, .F. ) ;
#1776 = CARTESIAN_POINT ( 'NONE',  ( -125.0000000000000000, -24.00999999999702439, 114.0436091504053167 ) ) ;
#1777 = CARTESIAN_POINT ( 'NONE',  ( 125.0000000000000000, -14.76109210086011991, 115.0000000001959108 ) ) ;
#1778 = AXIS2_PLACEMENT_3D ( 'NONE', #3407, #1061, #5838 ) ;
#1779 = AXIS2_PLACEMENT_3D ( 'NONE', #6191, #2076, #2616 ) ;
#1780 = PRODUCT ( 'SC-FT250X54-K502', 'SC-FT250X54-K502', '', ( #4544 ) ) ;
#1781 = ORIENTED_EDGE ( 'NONE', *, *, #6028, .F. ) ;
#1782 = CARTESIAN_POINT ( 'NONE',  ( -125.0000000000000000, -20.07061230870008828, 2.194203832673879973 ) ) ;
#1783 = EDGE_CURVE ( 'NONE', #5858, #957, #3007, .T. ) ;
#1784 = EDGE_CURVE ( 'NONE', #5453, #5136, #50, .T. ) ;
#1785 = AXIS2_PLACEMENT_3D ( 'NONE', #5315, #3063, #3663 ) ;
#1786 = DIRECTION ( 'NONE',  ( 0.000000000000000000, 0.000000000000000000, -1.000000000000000000 ) ) ;
#1787 = DIRECTION ( 'NONE',  ( -1.000000000000000000, -0.000000000000000000, -0.000000000000000000 ) ) ;
#1788 = FACE_OUTER_BOUND ( 'NONE', #134, .T. ) ;
#1789 = CARTESIAN_POINT ( 'NONE',  ( 125.0000000000000000, -23.75999999986646216, -120.0846308022910591 ) ) ;
#1790 = CIRCLE ( 'NONE', #5320, 1.000000000000111910 ) ;
#1791 = ORIENTED_EDGE ( 'NONE', *, *, #1322, .T. ) ;
#1792 = ORIENTED_EDGE ( 'NONE', *, *, #5027, .F. ) ;
#1793 = CARTESIAN_POINT ( 'NONE',  ( 125.0000000000000000, 16.81285591001699231, -115.1083004674338497 ) ) ;
#1794 = VECTOR ( 'NONE', #2774, 1000.000000000000000 ) ;
#1795 = DIRECTION ( 'NONE',  ( 0.000000000000000000, 0.000000000000000000, -1.000000000000000000 ) ) ;
#1796 = VECTOR ( 'NONE', #228, 1000.000000000000000 ) ;
#1797 = CYLINDRICAL_SURFACE ( 'NONE', #1679, 0.1999999999998391953 ) ;
#1798 = CARTESIAN_POINT ( 'NONE',  ( 125.0000000000000000, -16.50999999986648348, -120.0846308022910591 ) ) ;
#1799 = AXIS2_PLACEMENT_3D ( 'NONE', #3188, #6115, #2536 ) ;
#1800 = VECTOR ( 'NONE', #6350, 1000.000000000000000 ) ;
#1801 = EDGE_LOOP ( 'NONE', ( #895, #7537, #1982, #6252 ) ) ;
#1802 = VECTOR ( 'NONE', #5657, 1000.000000000000000 ) ;
#1803 = EDGE_LOOP ( 'NONE', ( #5168, #3102, #438, #5547 ) ) ;
#1804 = EDGE_LOOP ( 'NONE', ( #3115, #429, #2788, #5736 ) ) ;
#1805 = DIRECTION ( 'NONE',  ( 1.000000000000000000, 0.000000000000000000, -0.000000000000000000 ) ) ;
#1806 = ORIENTED_EDGE ( 'NONE', *, *, #3878, .F. ) ;
#1807 = AXIS2_PLACEMENT_3D ( 'NONE', #5107, #5830, #7561 ) ;
#1808 = AXIS2_PLACEMENT_3D ( 'NONE', #3885, #324, #929 ) ;
#1809 = DIRECTION ( 'NONE',  ( -1.000000000000000000, -0.000000000000000000, -0.000000000000000000 ) ) ;
#1810 = CIRCLE ( 'NONE', #3772, 1.500000000000200728 ) ;
#1811 = DIRECTION ( 'NONE',  ( 0.000000000000000000, 0.000000000000000000, -1.000000000000000000 ) ) ;
#1812 = CARTESIAN_POINT ( 'NONE',  ( 125.0000000000000000, 14.76109210080304557, 115.0000000001172680 ) ) ;
#1813 = LINE ( 'NONE', #3088, #4846 ) ;
#1814 = EDGE_CURVE ( 'NONE', #900, #6055, #5248, .T. ) ;
#1815 = EDGE_CURVE ( 'NONE', #3864, #4093, #5309, .T. ) ;
#1816 = VERTEX_POINT ( 'NONE', #1347 ) ;
#1817 = AXIS2_PLACEMENT_3D ( 'NONE', #997, #2819, #2230 ) ;
#1818 = VECTOR ( 'NONE', #1681, 1000.000000000000000 ) ;
#1819 = DIRECTION ( 'NONE',  ( 1.000000000000000000, 0.000000000000000000, 0.000000000000000000 ) ) ;
#1820 = ORIENTED_EDGE ( 'NONE', *, *, #2962, .T. ) ;
#1821 = CARTESIAN_POINT ( 'NONE',  ( 125.0000000000000000, -20.17061230869321875, -1.061970978717108327 ) ) ;
#1822 = CARTESIAN_POINT ( 'NONE',  ( 125.0000000000000000, 27.00999999980928123, -123.9999999998817373 ) ) ;
#1823 = DIRECTION ( 'NONE',  ( 0.000000000000000000, 0.000000000000000000, -1.000000000000000000 ) ) ;
#1824 = VECTOR ( 'NONE', #769, 1000.000000000000000 ) ;
#1825 = LINE ( 'NONE', #6599, #3516 ) ;
#1826 = ADVANCED_FACE ( 'NONE', ( #1453 ), #5532, .F. ) ;
#1827 = ORIENTED_EDGE ( 'NONE', *, *, #7532, .F. ) ;
#1828 = FACE_OUTER_BOUND ( 'NONE', #476, .T. ) ;
#1829 = VECTOR ( 'NONE', #1434, 1000.000000000000000 ) ;
#1830 = LINE ( 'NONE', #2786, #5925 ) ;
#1831 = DIRECTION ( 'NONE',  ( -1.000000000000000000, 0.000000000000000000, -0.000000000000000000 ) ) ;
#1832 = DIRECTION ( 'NONE',  ( 0.000000000000000000, 1.000000000000000000, 0.000000000000000000 ) ) ;
#1833 = CARTESIAN_POINT ( 'NONE',  ( 125.0000000000000000, 16.56109210099609541, -115.3014856326920068 ) ) ;
#1834 = EDGE_CURVE ( 'NONE', #2811, #1149, #310, .T. ) ;
#1835 = ADVANCED_FACE ( 'NONE', ( #1924 ), #2542, .F. ) ;
#1836 = ORIENTED_EDGE ( 'NONE', *, *, #3532, .T. ) ;
#1837 = ORIENTED_EDGE ( 'NONE', *, *, #4042, .F. ) ;
#1838 = DIRECTION ( 'NONE',  ( 0.000000000000000000, -1.000000000000000000, 0.000000000000000000 ) ) ;
#1839 = CARTESIAN_POINT ( 'NONE',  ( 125.0000000000000000, -0.009999999866441374244, 120.0000000002086722 ) ) ;
#1840 = DIRECTION ( 'NONE',  ( 0.000000000000000000, 0.000000000000000000, 1.000000000000000000 ) ) ;
#1841 = LINE ( 'NONE', #689, #7271 ) ;
#1842 = EDGE_CURVE ( 'NONE', #5123, #2073, #4921, .T. ) ;
#1843 = ORIENTED_EDGE ( 'NONE', *, *, #559, .F. ) ;
#1844 = ORIENTED_EDGE ( 'NONE', *, *, #3618, .F. ) ;
#1845 = ORIENTED_EDGE ( 'NONE', *, *, #2004, .T. ) ;
#1846 = LINE ( 'NONE', #7112, #2913 ) ;
#1847 = ORIENTED_EDGE ( 'NONE', *, *, #3048, .T. ) ;
#1848 = DIRECTION ( 'NONE',  ( -1.000000000000000000, -0.000000000000000000, -0.000000000000000000 ) ) ;
#1849 = PLANE ( 'NONE',  #5569 ) ;
#1850 = DIRECTION ( 'NONE',  ( 0.000000000000000000, 0.000000000000000000, -1.000000000000000000 ) ) ;
#1851 = DIRECTION ( 'NONE',  ( -1.000000000000000000, -0.000000000000000000, -0.000000000000000000 ) ) ;
#1852 = ORIENTED_EDGE ( 'NONE', *, *, #5509, .F. ) ;
#1853 = LINE ( 'NONE', #1932, #468 ) ;
#1854 = DIRECTION ( 'NONE',  ( 0.000000000000000000, 1.000000000000000000, 0.000000000000000000 ) ) ;
#1855 = EDGE_LOOP ( 'NONE', ( #7233, #398, #2142, #2694 ) ) ;
#1856 = CARTESIAN_POINT ( 'NONE',  ( 125.0000000000000000, 14.76109210080304557, 117.0000000001212754 ) ) ;
#1857 = DIRECTION ( 'NONE',  ( 0.000000000000000000, 0.2588190451060132791, 0.9659258262881323942 ) ) ;
#1858 = CARTESIAN_POINT ( 'NONE',  ( 125.0000000000000000, -11.16109210085998882, 117.0000000002019078 ) ) ;
#1859 = EDGE_CURVE ( 'NONE', #4770, #3522, #2080, .T. ) ;
#1860 = CARTESIAN_POINT ( 'NONE',  ( -125.0000000000000000, -20.62279464484761249, -116.1291704748261822 ) ) ;
#1861 = ORIENTED_EDGE ( 'NONE', *, *, #4176, .F. ) ;
#1862 = DIRECTION ( 'NONE',  ( 0.000000000000000000, 0.000000000000000000, -1.000000000000000000 ) ) ;
#1863 = EDGE_CURVE ( 'NONE', #2849, #1001, #5236, .T. ) ;
#1864 = DIRECTION ( 'NONE',  ( -1.000000000000000000, -0.000000000000000000, -0.000000000000000000 ) ) ;
#1865 = LINE ( 'NONE', #1332, #5094 ) ;
#1866 = DIRECTION ( 'NONE',  ( -1.000000000000000000, -0.000000000000000000, -0.000000000000000000 ) ) ;
#1867 = DIRECTION ( 'NONE',  ( 0.000000000000000000, 0.000000000000000000, 1.000000000000000000 ) ) ;
#1868 = VERTEX_POINT ( 'NONE', #879 ) ;
#1869 = ORIENTED_EDGE ( 'NONE', *, *, #3905, .F. ) ;
#1870 = VECTOR ( 'NONE', #6190, 1000.000000000000000 ) ;
#1871 = DIRECTION ( 'NONE',  ( 0.000000000000000000, -0.000000000000000000, -1.000000000000000000 ) ) ;
#1872 = CARTESIAN_POINT ( 'NONE',  ( 125.0000000000000000, -14.76109210079678391, -115.0000000001168132 ) ) ;
#1873 = EDGE_CURVE ( 'NONE', #722, #905, #4502, .T. ) ;
#1874 = CARTESIAN_POINT ( 'NONE',  ( 125.0000000000000000, 9.361092100996113885, -117.0000000000202647 ) ) ;
#1875 = CARTESIAN_POINT ( 'NONE',  ( 125.0000000000000000, -22.00999999999867640, 6.218658400725107782E-12 ) ) ;
#1876 = EDGE_LOOP ( 'NONE', ( #47, #7230, #2805, #6058 ) ) ;
#1877 = VERTEX_POINT ( 'NONE', #6120 ) ;
#1878 = VERTEX_POINT ( 'NONE', #740 ) ;
#1879 = CARTESIAN_POINT ( 'NONE',  ( 125.0000000000000000, 2.990000000196953334, -116.0000000001187033 ) ) ;
#1880 = EDGE_LOOP ( 'NONE', ( #78, #5549, #2725, #406 ) ) ;
#1881 = CARTESIAN_POINT ( 'NONE',  ( 125.0000000000000000, -23.75999999986646216, -124.9999999997909725 ) ) ;
#1882 = EDGE_CURVE ( 'NONE', #6248, #7199, #4293, .T. ) ;
#1883 = EDGE_CURVE ( 'NONE', #6136, #3334, #4363, .T. ) ;
#1884 = CARTESIAN_POINT ( 'NONE',  ( 125.0000000000000000, 20.07061230870587920, -1.235176059473059196 ) ) ;
#1885 = CARTESIAN_POINT ( 'NONE',  ( 125.0000000000000000, -5.259999999866473708, 120.0000000002086722 ) ) ;
#1886 = CARTESIAN_POINT ( 'NONE',  ( 125.0000000000000000, 11.16109210099602755, -115.0000000000193836 ) ) ;
#1887 = LINE ( 'NONE', #3575, #1325 ) ;
#1888 = VERTEX_POINT ( 'NONE', #6037 ) ;
#1889 = ORIENTED_EDGE ( 'NONE', *, *, #5135, .F. ) ;
#1890 = CARTESIAN_POINT ( 'NONE',  ( 125.0000000000000000, -5.259999999866473708, 117.0000000002087859 ) ) ;
#1891 = EDGE_LOOP ( 'NONE', ( #3251, #2604, #1694, #77 ) ) ;
#1892 = CARTESIAN_POINT ( 'NONE',  ( 125.0000000000000000, -16.76109210086008616, 115.3014856328811817 ) ) ;
#1893 = DIRECTION ( 'NONE',  ( 0.000000000000000000, -1.000000000000000000, 0.000000000000000000 ) ) ;
#1894 = DIRECTION ( 'NONE',  ( -1.000000000000000000, -0.000000000000000000, -0.000000000000000000 ) ) ;
#1895 = DIRECTION ( 'NONE',  ( 0.000000000000000000, 0.000000000000000000, -1.000000000000000000 ) ) ;
#1896 = CYLINDRICAL_SURFACE ( 'NONE', #4729, 0.1999999999999352573 ) ;
#1897 = AXIS2_PLACEMENT_3D ( 'NONE', #1338, #5340, #5909 ) ;
#1898 = ORIENTED_EDGE ( 'NONE', *, *, #3329, .T. ) ;
#1899 = DIRECTION ( 'NONE',  ( 0.000000000000000000, 1.000000000000000000, 0.000000000000000000 ) ) ;
#1900 = ORIENTED_EDGE ( 'NONE', *, *, #2954, .F. ) ;
#1901 = DIRECTION ( 'NONE',  ( 0.000000000000000000, 0.000000000000000000, -1.000000000000000000 ) ) ;
#1902 = ORIENTED_EDGE ( 'NONE', *, *, #4617, .T. ) ;
#1903 = ADVANCED_FACE ( 'NONE', ( #6588 ), #3800, .T. ) ;
#1904 = EDGE_CURVE ( 'NONE', #2662, #7155, #5464, .T. ) ;
#1905 = VECTOR ( 'NONE', #6686, 1000.000000000000000 ) ;
#1906 = CARTESIAN_POINT ( 'NONE',  ( 125.0000000000000000, -24.00999999999712387, -114.0436091504067946 ) ) ;
#1907 = CARTESIAN_POINT ( 'NONE',  ( 125.0000000000000000, 20.86626570361147870, -0.8912754115804355504 ) ) ;
#1908 = LINE ( 'NONE', #122, #4718 ) ;
#1909 = AXIS2_PLACEMENT_3D ( 'NONE', #618, #5765, #5730 ) ;
#1910 = VECTOR ( 'NONE', #41, 1000.000000000000000 ) ;
#1911 = CARTESIAN_POINT ( 'NONE',  ( 125.0000000000000000, -12.96109210079664997, -117.0000000001194849 ) ) ;
#1912 = ORIENTED_EDGE ( 'NONE', *, *, #6638, .F. ) ;
#1913 = VECTOR ( 'NONE', #3390, 1000.000000000000000 ) ;
#1914 = VERTEX_POINT ( 'NONE', #1377 ) ;
#1915 = EDGE_CURVE ( 'NONE', #3369, #1357, #845, .T. ) ;
#1916 = ORIENTED_EDGE ( 'NONE', *, *, #1132, .F. ) ;
#1917 = CIRCLE ( 'NONE', #5931, 0.1999999999992285726 ) ;
#1918 = CARTESIAN_POINT ( 'NONE',  ( 125.0000000000000000, -23.75999999986646216, -124.9999999997909725 ) ) ;
#1919 = VECTOR ( 'NONE', #4312, 1000.000000000000000 ) ;
#1920 = VERTEX_POINT ( 'NONE', #3223 ) ;
#1921 = CYLINDRICAL_SURFACE ( 'NONE', #767, 3.000000000003907541 ) ;
#1922 = AXIS2_PLACEMENT_3D ( 'NONE', #6424, #80, #4701 ) ;
#1923 = DIRECTION ( 'NONE',  ( 0.000000000000000000, 0.000000000000000000, -1.000000000000000000 ) ) ;
#1924 = FACE_OUTER_BOUND ( 'NONE', #6288, .T. ) ;
#1925 = VECTOR ( 'NONE', #6787, 1000.000000000000114 ) ;
#1926 = CARTESIAN_POINT ( 'NONE',  ( 125.0000000000000000, 21.63829944540634997, 115.1136656743429540 ) ) ;
#1927 = ORIENTED_EDGE ( 'NONE', *, *, #379, .F. ) ;
#1928 = EDGE_CURVE ( 'NONE', #849, #722, #3193, .T. ) ;
#1929 = ADVANCED_FACE ( 'NONE', ( #3718 ), #4964, .F. ) ;
#1930 = ORIENTED_EDGE ( 'NONE', *, *, #110, .T. ) ;
#1931 = VECTOR ( 'NONE', #5570, 1000.000000000000000 ) ;
#1932 = CARTESIAN_POINT ( 'NONE',  ( -125.0000000000000000, 12.51000000000257373, -125.0000000000202931 ) ) ;
#1933 = DIRECTION ( 'NONE',  ( 0.000000000000000000, -0.8660254037844387076, 0.4999999999999998890 ) ) ;
#1934 = AXIS2_PLACEMENT_3D ( 'NONE', #1713, #5755, #525 ) ;
#1935 = AXIS2_PLACEMENT_3D ( 'NONE', #6937, #1120, #6427 ) ;
#1936 = ORIENTED_EDGE ( 'NONE', *, *, #1671, .F. ) ;
#1937 = LINE ( 'NONE', #6553, #1655 ) ;
#1938 = CARTESIAN_POINT ( 'NONE',  ( 125.0000000000000000, 22.01000000000292900, -116.5008710293030134 ) ) ;
#1939 = FACE_OUTER_BOUND ( 'NONE', #531, .T. ) ;
#1940 = LINE ( 'NONE', #7238, #7185 ) ;
#1941 = LINE ( 'NONE', #61, #5822 ) ;
#1942 = AXIS2_PLACEMENT_3D ( 'NONE', #6563, #108, #1244 ) ;
#1943 = AXIS2_PLACEMENT_3D ( 'NONE', #4753, #703, #7154 ) ;
#1944 = AXIS2_PLACEMENT_3D ( 'NONE', #4543, #7201, #1382 ) ;
#1945 = ADVANCED_FACE ( 'NONE', ( #5041 ), #5618, .F. ) ;
#1946 = EDGE_CURVE ( 'NONE', #4872, #6996, #1526, .T. ) ;
#1947 = EDGE_LOOP ( 'NONE', ( #6211, #3122, #756, #339 ) ) ;
#1948 = ORIENTED_EDGE ( 'NONE', *, *, #109, .F. ) ;
#1949 = CARTESIAN_POINT ( 'NONE',  ( 125.0000000000000000, -20.27061230870300079, 2.194203832680097221 ) ) ;
#1950 = VECTOR ( 'NONE', #2000, 1000.000000000000000 ) ;
#1951 = ORIENTED_EDGE ( 'NONE', *, *, #481, .T. ) ;
#1952 = AXIS2_PLACEMENT_3D ( 'NONE', #7401, #6748, #1009 ) ;
#1953 = EDGE_LOOP ( 'NONE', ( #2750, #2729, #7555, #4358 ) ) ;
#1954 = VECTOR ( 'NONE', #6001, 1000.000000000000000 ) ;
#1955 = DIRECTION ( 'NONE',  ( 0.000000000000000000, -1.000000000000000000, 0.000000000000000000 ) ) ;
#1956 = UNCERTAINTY_MEASURE_WITH_UNIT (LENGTH_MEASURE( 1.000000000000000082E-05 ), #3682, 'distance_accuracy_value', 'NONE');
#1957 = LINE ( 'NONE', #730, #462 ) ;
#1958 = CARTESIAN_POINT ( 'NONE',  ( 125.0000000000000000, -20.27061230869652064, -2.194203832674857413 ) ) ;
#1959 = CYLINDRICAL_SURFACE ( 'NONE', #7257, 0.1999999999998982869 ) ;
#1960 = ORIENTED_EDGE ( 'NONE', *, *, #6725, .T. ) ;
#1961 = ORIENTED_EDGE ( 'NONE', *, *, #5510, .T. ) ;
#1962 = ORIENTED_EDGE ( 'NONE', *, *, #5066, .T. ) ;
#1963 = ORIENTED_EDGE ( 'NONE', *, *, #371, .F. ) ;
#1964 = CARTESIAN_POINT ( 'NONE',  ( 125.0000000000000000, -26.00999999986629518, 124.0000000002087148 ) ) ;
#1965 = ADVANCED_FACE ( 'NONE', ( #6884 ), #466, .F. ) ;
#1966 = LINE ( 'NONE', #3759, #4841 ) ;
#1967 = LINE ( 'NONE', #7350, #5840 ) ;
#1968 = ORIENTED_EDGE ( 'NONE', *, *, #6170, .T. ) ;
#1969 = ORIENTED_EDGE ( 'NONE', *, *, #5046, .F. ) ;
#1970 = CARTESIAN_POINT ( 'NONE',  ( 125.0000000000000000, -9.259999999866504794, 120.0000000002086722 ) ) ;
#1971 = CARTESIAN_POINT ( 'NONE',  ( -125.0000000000000000, 21.83148461058317480, 115.2619018650223808 ) ) ;
#1972 = VERTEX_POINT ( 'NONE', #2734 ) ;
#1973 = FACE_OUTER_BOUND ( 'NONE', #3129, .T. ) ;
#1974 = PLANE ( 'NONE',  #4981 ) ;
#1975 = LINE ( 'NONE', #926, #5913 ) ;
#1976 = ADVANCED_FACE ( 'NONE', ( #2149 ), #6410, .F. ) ;
#1977 = EDGE_CURVE ( 'NONE', #2231, #3911, #32, .T. ) ;
#1978 = CARTESIAN_POINT ( 'NONE',  ( 125.0000000000000000, 2.010000000002646559, -125.0000000000202931 ) ) ;
#1979 = CARTESIAN_POINT ( 'NONE',  ( -125.0000000000000000, 14.76109210080304557, 115.0000000001172680 ) ) ;
#1980 = ORIENTED_EDGE ( 'NONE', *, *, #2669, .F. ) ;
#1981 = CARTESIAN_POINT ( 'NONE',  ( -125.0000000000000000, -20.27061230870300079, 2.194203832680097221 ) ) ;
#1982 = ORIENTED_EDGE ( 'NONE', *, *, #6161, .F. ) ;
#1983 = EDGE_CURVE ( 'NONE', #1015, #2920, #3415, .T. ) ;
#1984 = EDGE_CURVE ( 'NONE', #2339, #2311, #3173, .T. ) ;
#1985 = DIRECTION ( 'NONE',  ( 0.000000000000000000, -1.000000000000000000, 0.000000000000000000 ) ) ;
#1986 = ORIENTED_EDGE ( 'NONE', *, *, #1660, .T. ) ;
#1987 = CARTESIAN_POINT ( 'NONE',  ( 125.0000000000000000, -22.50999999999692491, -2.972135954997490614 ) ) ;
#1988 = CARTESIAN_POINT ( 'NONE',  ( 125.0000000000000000, 20.14637033074636818, 2.350932677870090526 ) ) ;
#1989 = DIRECTION ( 'NONE',  ( 0.000000000000000000, -0.000000000000000000, -1.000000000000000000 ) ) ;
#1990 = ORIENTED_EDGE ( 'NONE', *, *, #1212, .F. ) ;
#1991 = VERTEX_POINT ( 'NONE', #2367 ) ;
#1992 = ORIENTED_EDGE ( 'NONE', *, *, #1269, .T. ) ;
#1993 = EDGE_CURVE ( 'NONE', #1622, #5682, #6811, .T. ) ;
#1994 =( NAMED_UNIT ( * ) SI_UNIT ( $, .STERADIAN. ) SOLID_ANGLE_UNIT ( ) );
#1995 = EDGE_LOOP ( 'NONE', ( #54, #3698, #2925, #4476 ) ) ;
#1996 = CARTESIAN_POINT ( 'NONE',  ( 125.0000000000000000, 23.75999999980919242, 125.0000000001181490 ) ) ;
#1997 = CARTESIAN_POINT ( 'NONE',  ( 125.0000000000000000, 16.50999999980921373, 125.0000000001181490 ) ) ;
#1998 = DIRECTION ( 'NONE',  ( -1.000000000000000000, -0.000000000000000000, -0.000000000000000000 ) ) ;
#1999 = DIRECTION ( 'NONE',  ( -1.000000000000000000, 0.000000000000000000, -0.000000000000000000 ) ) ;
#2000 = DIRECTION ( 'NONE',  ( -1.000000000000000000, -0.000000000000000000, -0.000000000000000000 ) ) ;
#2001 = ORIENTED_EDGE ( 'NONE', *, *, #4447, .F. ) ;
#2002 = ORIENTED_EDGE ( 'NONE', *, *, #1150, .T. ) ;
#2003 = ORIENTED_EDGE ( 'NONE', *, *, #6221, .T. ) ;
#2004 = EDGE_CURVE ( 'NONE', #215, #5987, #2818, .T. ) ;
#2005 = EDGE_CURVE ( 'NONE', #2167, #7155, #7463, .T. ) ;
#2006 = FACE_OUTER_BOUND ( 'NONE', #2675, .T. ) ;
#2007 = EDGE_LOOP ( 'NONE', ( #5332, #6509, #6017, #875 ) ) ;
#2008 = LINE ( 'NONE', #4865, #3778 ) ;
#2009 = CARTESIAN_POINT ( 'NONE',  ( 125.0000000000000000, -16.76109210079674838, -115.3014856328114206 ) ) ;
#2010 = DIRECTION ( 'NONE',  ( 0.000000000000000000, 0.000000000000000000, 1.000000000000000000 ) ) ;
#2011 = DIRECTION ( 'NONE',  ( 1.000000000000000000, 0.000000000000000000, 0.000000000000000000 ) ) ;
#2012 = DIRECTION ( 'NONE',  ( 0.000000000000000000, 0.9863939238321467462, 0.1643989873053395556 ) ) ;
#2013 = ORIENTED_EDGE ( 'NONE', *, *, #7234, .T. ) ;
#2014 = ADVANCED_FACE ( 'NONE', ( #1788 ), #4471, .F. ) ;
#2015 = DIRECTION ( 'NONE',  ( -1.000000000000000000, -0.000000000000000000, -0.000000000000000000 ) ) ;
#2016 = LINE ( 'NONE', #2634, #3137 ) ;
#2017 = ORIENTED_EDGE ( 'NONE', *, *, #3868, .F. ) ;
#2018 = DIRECTION ( 'NONE',  ( -1.000000000000000000, -0.000000000000000000, -0.000000000000000000 ) ) ;
#2019 = ORIENTED_EDGE ( 'NONE', *, *, #6371, .T. ) ;
#2020 = EDGE_CURVE ( 'NONE', #7058, #3045, #6848, .T. ) ;
#2021 = EDGE_CURVE ( 'NONE', #4998, #245, #2195, .T. ) ;
#2022 = DIRECTION ( 'NONE',  ( -1.000000000000000000, -0.000000000000000000, -0.000000000000000000 ) ) ;
#2023 = PLANE ( 'NONE',  #6419 ) ;
#2024 = DIRECTION ( 'NONE',  ( 0.000000000000000000, 0.000000000000000000, 1.000000000000000000 ) ) ;
#2025 = DIRECTION ( 'NONE',  ( 0.000000000000000000, -2.315309432430329110E-13, -1.000000000000000000 ) ) ;
#2026 = VECTOR ( 'NONE', #2025, 1000.000000000000000 ) ;
#2027 = VERTEX_POINT ( 'NONE', #2229 ) ;
#2028 = VECTOR ( 'NONE', #4193, 1000.000000000000000 ) ;
#2029 = VERTEX_POINT ( 'NONE', #3948 ) ;
#2030 = EDGE_CURVE ( 'NONE', #1330, #5526, #3067, .T. ) ;
#2031 = ORIENTED_EDGE ( 'NONE', *, *, #1596, .F. ) ;
#2032 = DIRECTION ( 'NONE',  ( 0.000000000000000000, 0.000000000000000000, 1.000000000000000000 ) ) ;
#2034 = LINE ( 'NONE', #7312, #4586 ) ;
#2033 = AXIS2_PLACEMENT_3D ( 'NONE', #4044, #6827, #6898 ) ;
#2035 = CARTESIAN_POINT ( 'NONE',  ( -125.0000000000000000, -23.75999999986629518, 120.0846308027086593 ) ) ;
#2036 = CARTESIAN_POINT ( 'NONE',  ( 125.0000000000000000, 2.010000000002646559, -125.0000000000202931 ) ) ;
#2037 = FACE_OUTER_BOUND ( 'NONE', #7085, .T. ) ;
#2038 = EDGE_LOOP ( 'NONE', ( #6727, #3174, #4882, #3464 ) ) ;
#2039 = VERTEX_POINT ( 'NONE', #5006 ) ;
#2040 = VECTOR ( 'NONE', #4773, 1000.000000000000000 ) ;
#2041 = CIRCLE ( 'NONE', #3031, 2.999999999994306332 ) ;
#2042 = ORIENTED_EDGE ( 'NONE', *, *, #4776, .F. ) ;
#2043 = DIRECTION ( 'NONE',  ( 0.000000000000000000, 0.000000000000000000, -1.000000000000000000 ) ) ;
#2044 = ORIENTED_EDGE ( 'NONE', *, *, #3010, .T. ) ;
#2045 = CIRCLE ( 'NONE', #214, 0.1999999999998981759 ) ;
#2046 = VECTOR ( 'NONE', #2275, 1000.000000000000000 ) ;
#2047 = CARTESIAN_POINT ( 'NONE',  ( 125.0000000000000000, 21.02402215828474041, -0.7683408720527536984 ) ) ;
#2048 = CARTESIAN_POINT ( 'NONE',  ( -125.0000000000000000, -21.52022843722930645, 114.6730186729573404 ) ) ;
#2049 = ADVANCED_FACE ( 'NONE', ( #1031 ), #6152, .F. ) ;
#2050 = ORIENTED_EDGE ( 'NONE', *, *, #5482, .T. ) ;
#2051 = AXIS2_PLACEMENT_3D ( 'NONE', #3440, #2363, #1597 ) ;
#2052 = CARTESIAN_POINT ( 'NONE',  ( 125.0000000000000000, 22.01000000000309598, 116.5008710292995318 ) ) ;
#2053 = EDGE_LOOP ( 'NONE', ( #2545, #3342, #1358, #4065 ) ) ;
#2054 = VECTOR ( 'NONE', #4906, 1000.000000000000000 ) ;
#2055 = AXIS2_PLACEMENT_3D ( 'NONE', #4174, #6494, #1795 ) ;
#2056 = VECTOR ( 'NONE', #1007, 1000.000000000000000 ) ;
#2057 = AXIS2_PLACEMENT_3D ( 'NONE', #4379, #2125, #3729 ) ;
#2058 = VECTOR ( 'NONE', #3913, 1000.000000000000000 ) ;
#2059 = DIRECTION ( 'NONE',  ( -1.000000000000000000, -0.000000000000000000, -0.000000000000000000 ) ) ;
#2060 = DIRECTION ( 'NONE',  ( 0.000000000000000000, -1.000000000000000000, 0.000000000000000000 ) ) ;
#2061 = EDGE_CURVE ( 'NONE', #190, #3341, #6766, .T. ) ;
#2062 = EDGE_LOOP ( 'NONE', ( #2344, #6238, #5367, #1343 ) ) ;
#2063 = CARTESIAN_POINT ( 'NONE',  ( -125.0000000000000000, -26.00999999986629518, 125.0000000002088001 ) ) ;
#2064 = CIRCLE ( 'NONE', #3058, 0.1999999999998253175 ) ;
#2065 = AXIS2_PLACEMENT_3D ( 'NONE', #1239, #2392, #1857 ) ;
#2066 = DIRECTION ( 'NONE',  ( 0.000000000000000000, 0.000000000000000000, -1.000000000000000000 ) ) ;
#2067 = DIRECTION ( 'NONE',  ( -0.000000000000000000, 0.1643989873053365580, 0.9863939238321471903 ) ) ;
#2068 = ADVANCED_FACE ( 'NONE', ( #6522 ), #755, .F. ) ;
#2069 = VECTOR ( 'NONE', #996, 1000.000000000000000 ) ;
#2070 = CARTESIAN_POINT ( 'NONE',  ( 125.0000000000000000, -3.209999999866421927, 118.1694254178079149 ) ) ;
#2071 = ORIENTED_EDGE ( 'NONE', *, *, #292, .T. ) ;
#2072 = ORIENTED_EDGE ( 'NONE', *, *, #235, .F. ) ;
#2073 = VERTEX_POINT ( 'NONE', #1248 ) ;
#2074 = ORIENTED_EDGE ( 'NONE', *, *, #1460, .T. ) ;
#2075 = DIRECTION ( 'NONE',  ( -1.000000000000000000, -0.000000000000000000, -0.000000000000000000 ) ) ;
#2076 = DIRECTION ( 'NONE',  ( -1.000000000000000000, -0.000000000000000000, -0.000000000000000000 ) ) ;
#2077 = ADVANCED_FACE ( 'NONE', ( #182 ), #5369, .T. ) ;
#2078 = EDGE_CURVE ( 'NONE', #4369, #7255, #3029, .T. ) ;
#2079 = CARTESIAN_POINT ( 'NONE',  ( 125.0000000000000000, -12.96109210079664997, -115.0000000001168132 ) ) ;
#2080 = LINE ( 'NONE', #7196, #4270 ) ;
#2081 = DIRECTION ( 'NONE',  ( -1.000000000000000000, -0.000000000000000000, -0.000000000000000000 ) ) ;
#2082 = ORIENTED_EDGE ( 'NONE', *, *, #4534, .F. ) ;
#2083 = EDGE_LOOP ( 'NONE', ( #4368, #2452, #5074, #7022 ) ) ;
#2084 = CARTESIAN_POINT ( 'NONE',  ( 125.0000000000000000, -22.00999999999659451, -116.5008710293006118 ) ) ;
#2085 = ORIENTED_EDGE ( 'NONE', *, *, #3994, .T. ) ;
#2086 = CARTESIAN_POINT ( 'NONE',  ( -125.0000000000000000, -22.00319135037342022, 114.0436091504053167 ) ) ;
#2087 = CARTESIAN_POINT ( 'NONE',  ( -125.0000000000000000, -16.76109210079674838, -115.1014856328115741 ) ) ;
#2088 = DIRECTION ( 'NONE',  ( 0.000000000000000000, -0.8660254037845470654, -0.4999999999998122058 ) ) ;
#2089 = CARTESIAN_POINT ( 'NONE',  ( -125.0000000000000000, -24.00999999999712387, -4.472135954997691343 ) ) ;
#2090 = PLANE ( 'NONE',  #1808 ) ;
#2091 = ORIENTED_EDGE ( 'NONE', *, *, #4169, .F. ) ;
#2092 = CARTESIAN_POINT ( 'NONE',  ( 125.0000000000000000, 12.50999999980932209, 125.0000000001181490 ) ) ;
#2093 = EDGE_CURVE ( 'NONE', #12, #2622, #114, .T. ) ;
#2094 = CARTESIAN_POINT ( 'NONE',  ( 125.0000000000000000, 3.210000000002597442, -118.1694254176205021 ) ) ;
#2095 = LINE ( 'NONE', #1872, #6303 ) ;
#2096 = CARTESIAN_POINT ( 'NONE',  ( -125.0000000000000000, -16.50999999986631650, 120.0846308027086593 ) ) ;
#2097 = EDGE_LOOP ( 'NONE', ( #2881, #1963, #7362, #4508 ) ) ;
#2098 = CARTESIAN_POINT ( 'NONE',  ( 125.0000000000000000, -27.00999999986638045, -123.9999999997910578 ) ) ;
#2099 = EDGE_CURVE ( 'NONE', #4189, #621, #4767, .T. ) ;
#2100 = CARTESIAN_POINT ( 'NONE',  ( 125.0000000000000000, -2.990000000190692564, 116.0000000001180496 ) ) ;
#2101 = CARTESIAN_POINT ( 'NONE',  ( 125.0000000000000000, 2.010000000002646559, -125.0000000000202931 ) ) ;
#2102 = ORIENTED_EDGE ( 'NONE', *, *, #5214, .F. ) ;
#2103 = VERTEX_POINT ( 'NONE', #4237 ) ;
#2104 = ORIENTED_EDGE ( 'NONE', *, *, #6545, .F. ) ;
#2105 = CARTESIAN_POINT ( 'NONE',  ( 125.0000000000000000, 20.27061230870280539, 2.194203832680097221 ) ) ;
#2106 = EDGE_CURVE ( 'NONE', #7549, #2167, #6090, .T. ) ;
#2107 = ORIENTED_EDGE ( 'NONE', *, *, #7138, .T. ) ;
#2108 = DIRECTION ( 'NONE',  ( 0.000000000000000000, 0.2588190451059483865, 0.9659258262881499357 ) ) ;
#2109 = CARTESIAN_POINT ( 'NONE',  ( 125.0000000000000000, -14.76109210086011991, 117.0000000001927987 ) ) ;
#2110 = DIRECTION ( 'NONE',  ( -1.000000000000000000, -0.000000000000000000, -0.000000000000000000 ) ) ;
#2111 = DIRECTION ( 'NONE',  ( -1.000000000000000000, -0.000000000000000000, -0.000000000000000000 ) ) ;
#2112 = ORIENTED_EDGE ( 'NONE', *, *, #2373, .F. ) ;
#2113 = ORIENTED_EDGE ( 'NONE', *, *, #4135, .F. ) ;
#2114 = EDGE_CURVE ( 'NONE', #1427, #1251, #3296, .T. ) ;
#2115 = ADVANCED_FACE ( 'NONE', ( #7177 ), #6791, .F. ) ;
#2116 = LINE ( 'NONE', #4297, #3269 ) ;
#2117 = CIRCLE ( 'NONE', #6384, 2.999999999994306332 ) ;
#2118 = CIRCLE ( 'NONE', #3106, 2.999999999994306332 ) ;
#2119 = EDGE_LOOP ( 'NONE', ( #2872, #4463, #3184, #1992 ) ) ;
#2120 = CARTESIAN_POINT ( 'NONE',  ( 125.0000000000000000, -21.85610742281800256, 115.2603803706287664 ) ) ;
#2121 = FACE_OUTER_BOUND ( 'NONE', #5175, .T. ) ;
#2122 = LINE ( 'NONE', #6160, #4613 ) ;
#2123 = DIRECTION ( 'NONE',  ( 0.000000000000000000, 0.000000000000000000, 1.000000000000000000 ) ) ;
#2124 = DIRECTION ( 'NONE',  ( 0.000000000000000000, 1.000000000000000000, 0.000000000000000000 ) ) ;
#2125 = DIRECTION ( 'NONE',  ( -1.000000000000000000, -0.000000000000000000, -0.000000000000000000 ) ) ;
#2126 = VERTEX_POINT ( 'NONE', #1554 ) ;
#2127 = ORIENTED_EDGE ( 'NONE', *, *, #4176, .T. ) ;
#2128 = DIRECTION ( 'NONE',  ( -1.000000000000000000, -0.000000000000000000, -0.000000000000000000 ) ) ;
#2129 = EDGE_LOOP ( 'NONE', ( #6358, #7048, #735, #125 ) ) ;
#2130 = CARTESIAN_POINT ( 'NONE',  ( 125.0000000000000000, -9.259999999866671772, -119.9999999997910862 ) ) ;
#2131 = CARTESIAN_POINT ( 'NONE',  ( 125.0000000000000000, -23.75999999986646216, -120.0846308022910591 ) ) ;
#2132 = DIRECTION ( 'NONE',  ( 0.000000000000000000, -0.000000000000000000, -1.000000000000000000 ) ) ;
#2133 = EDGE_LOOP ( 'NONE', ( #5348, #6901, #552, #5871 ) ) ;
#2134 = DIRECTION ( 'NONE',  ( 0.000000000000000000, 0.000000000000000000, 1.000000000000000000 ) ) ;
#2135 = DIRECTION ( 'NONE',  ( 0.000000000000000000, 0.000000000000000000, 1.000000000000000000 ) ) ;
#2136 = LINE ( 'NONE', #6223, #2639 ) ;
#2137 = DIRECTION ( 'NONE',  ( 1.000000000000000000, 0.000000000000000000, 0.000000000000000000 ) ) ;
#2138 = DIRECTION ( 'NONE',  ( -1.000000000000000000, -0.000000000000000000, -0.000000000000000000 ) ) ;
#2139 = EDGE_CURVE ( 'NONE', #5512, #4564, #3241, .T. ) ;
#2140 = EDGE_CURVE ( 'NONE', #3765, #2377, #5481, .T. ) ;
#2141 = VERTEX_POINT ( 'NONE', #3900 ) ;
#2142 = ORIENTED_EDGE ( 'NONE', *, *, #2684, .F. ) ;
#2143 = ORIENTED_EDGE ( 'NONE', *, *, #143, .T. ) ;
#2144 = CIRCLE ( 'NONE', #6289, 0.2000000000064146577 ) ;
#2145 = ORIENTED_EDGE ( 'NONE', *, *, #4583, .T. ) ;
#2146 = DIRECTION ( 'NONE',  ( 0.000000000000000000, 0.000000000000000000, -1.000000000000000000 ) ) ;
#2147 = PLANE ( 'NONE',  #198 ) ;
#2148 = DIRECTION ( 'NONE',  ( -1.000000000000000000, 0.000000000000000000, -0.000000000000000000 ) ) ;
#2149 = FACE_OUTER_BOUND ( 'NONE', #2959, .T. ) ;
#2150 = CARTESIAN_POINT ( 'NONE',  ( 125.0000000000000000, 9.259999999809346960, 125.0000000001181490 ) ) ;
#2151 = ADVANCED_FACE ( 'NONE', ( #5516 ), #6061, .F. ) ;
#2152 = ORIENTED_EDGE ( 'NONE', *, *, #5517, .F. ) ;
#2153 = ORIENTED_EDGE ( 'NONE', *, *, #2866, .F. ) ;
#2154 = CARTESIAN_POINT ( 'NONE',  ( 125.0000000000000000, 9.260000000002598597, -125.0000000000202931 ) ) ;
#2155 = VECTOR ( 'NONE', #494, 1000.000000000000000 ) ;
#2156 = ORIENTED_EDGE ( 'NONE', *, *, #6922, .T. ) ;
#2157 = DIRECTION ( 'NONE',  ( 0.000000000000000000, 0.000000000000000000, 1.000000000000000000 ) ) ;
#2158 = DIRECTION ( 'NONE',  ( 0.000000000000000000, 0.000000000000000000, -1.000000000000000000 ) ) ;
#2159 = DIRECTION ( 'NONE',  ( 0.000000000000000000, 0.000000000000000000, -1.000000000000000000 ) ) ;
#2160 = EDGE_CURVE ( 'NONE', #1022, #5436, #7246, .T. ) ;
#2161 = EDGE_CURVE ( 'NONE', #5526, #5545, #1215, .T. ) ;
#2162 = AXIS2_PLACEMENT_3D ( 'NONE', #5639, #4395, #2024 ) ;
#2163 = ORIENTED_EDGE ( 'NONE', *, *, #2491, .F. ) ;
#2164 = VECTOR ( 'NONE', #2565, 1000.000000000000000 ) ;
#2165 = LINE ( 'NONE', #4646, #4346 ) ;
#2166 = DIRECTION ( 'NONE',  ( -0.000000000000000000, 1.000000000000000000, 0.000000000000000000 ) ) ;
#2167 = VERTEX_POINT ( 'NONE', #942 ) ;
#2168 = VECTOR ( 'NONE', #6719, 1000.000000000000000 ) ;
#2169 = LINE ( 'NONE', #6249, #2314 ) ;
#2170 = CARTESIAN_POINT ( 'NONE',  ( 125.0000000000000000, -5.259999999803081749, -117.0000000001185896 ) ) ;
#2171 = AXIS2_PLACEMENT_3D ( 'NONE', #1416, #5425, #205 ) ;
#2172 = FILL_AREA_STYLE ('',( #1665 ) ) ;
#2173 = EDGE_CURVE ( 'NONE', #5924, #4133, #337, .T. ) ;
#2174 = VECTOR ( 'NONE', #1893, 1000.000000000000000 ) ;
#2175 = ORIENTED_EDGE ( 'NONE', *, *, #5411, .F. ) ;
#2176 = CARTESIAN_POINT ( 'NONE',  ( 125.0000000000000000, 9.361092100996113885, -115.0000000000193836 ) ) ;
#2177 = DIRECTION ( 'NONE',  ( 0.000000000000000000, 0.000000000000000000, -1.000000000000000000 ) ) ;
#2178 = COLOUR_RGB ( '',0.8980392156862745390, 0.9176470588235293713, 0.9294117647058823817 ) ;
#2179 = VECTOR ( 'NONE', #4365, 1000.000000000000000 ) ;
#2180 = AXIS2_PLACEMENT_3D ( 'NONE', #4709, #1308, #4221 ) ;
#2181 = CARTESIAN_POINT ( 'NONE',  ( 125.0000000000000000, -26.00999999986629518, 124.0000000002087148 ) ) ;
#2182 = CARTESIAN_POINT ( 'NONE',  ( 125.0000000000000000, 5.259999999809370053, 114.0000000001180496 ) ) ;
#2183 = DIRECTION ( 'NONE',  ( -1.000000000000000000, -0.000000000000000000, -0.000000000000000000 ) ) ;
#2184 = VECTOR ( 'NONE', #5860, 1000.000000000000000 ) ;
#2185 = ORIENTED_EDGE ( 'NONE', *, *, #7334, .T. ) ;
#2186 = VECTOR ( 'NONE', #5687, 1000.000000000000000 ) ;
#2187 = VERTEX_POINT ( 'NONE', #7369 ) ;
#2188 = ORIENTED_EDGE ( 'NONE', *, *, #6371, .F. ) ;
#2189 = CARTESIAN_POINT ( 'NONE',  ( -125.0000000000000000, 16.76109210099593128, -115.1014856326915208 ) ) ;
#2190 = VERTEX_POINT ( 'NONE', #2638 ) ;
#2191 = CARTESIAN_POINT ( 'NONE',  ( 125.0000000000000000, 5.260000000002621690, -125.0000000000202931 ) ) ;
#2192 = VECTOR ( 'NONE', #1734, 1000.000000000000000 ) ;
#2193 = CIRCLE ( 'NONE', #5229, 0.1999999999998391953 ) ;
#2194 = CARTESIAN_POINT ( 'NONE',  ( 125.0000000000000000, 22.51000000000263768, -4.472135955002962682 ) ) ;
#2195 = LINE ( 'NONE', #4514, #831 ) ;
#2196 = CARTESIAN_POINT ( 'NONE',  ( 125.0000000000000000, -20.76626570360573609, 0.7180703308238278737 ) ) ;
#2197 = EDGE_LOOP ( 'NONE', ( #3189, #3657, #3590, #3310 ) ) ;
#2198 = ORIENTED_EDGE ( 'NONE', *, *, #3378, .F. ) ;
#2199 = AXIS2_PLACEMENT_3D ( 'NONE', #6674, #3288, #5058 ) ;
#2200 = CARTESIAN_POINT ( 'NONE',  ( -125.0000000000000000, -5.259999999803081749, -117.0000000001185896 ) ) ;
#2201 = ORIENTED_EDGE ( 'NONE', *, *, #3064, .F. ) ;
#2202 = DIRECTION ( 'NONE',  ( -1.000000000000000000, -0.000000000000000000, -0.000000000000000000 ) ) ;
#2203 = CARTESIAN_POINT ( 'NONE',  ( 125.0000000000000000, -5.259999999866473708, 125.0000000002088001 ) ) ;
#2204 = CARTESIAN_POINT ( 'NONE',  ( -125.0000000000000000, 2.009999999809395366, 125.0000000001181490 ) ) ;
#2205 = VERTEX_POINT ( 'NONE', #6173 ) ;
#2206 = LINE ( 'NONE', #5708, #3992 ) ;
#2207 = LINE ( 'NONE', #6945, #6816 ) ;
#2208 = ORIENTED_EDGE ( 'NONE', *, *, #663, .T. ) ;
#2209 = EDGE_CURVE ( 'NONE', #918, #1622, #3423, .T. ) ;
#2210 = EDGE_CURVE ( 'NONE', #1370, #2369, #4989, .T. ) ;
#2211 = PLANE ( 'NONE',  #6458 ) ;
#2212 = DIRECTION ( 'NONE',  ( 0.000000000000000000, -1.000000000000000000, 0.000000000000000000 ) ) ;
#2213 = FACE_OUTER_BOUND ( 'NONE', #3480, .T. ) ;
#2214 = EDGE_LOOP ( 'NONE', ( #1381, #1705, #4880, #1190 ) ) ;
#2215 = LINE ( 'NONE', #5219, #6935 ) ;
#2216 = ADVANCED_FACE ( 'NONE', ( #412 ), #3818, .F. ) ;
#2217 = EDGE_CURVE ( 'NONE', #5759, #1547, #982, .T. ) ;
#2218 = LINE ( 'NONE', #382, #4948 ) ;
#2219 = CARTESIAN_POINT ( 'NONE',  ( -125.0000000000000000, 19.75999999980918886, 120.0846308026180367 ) ) ;
#2220 = CARTESIAN_POINT ( 'NONE',  ( 125.0000000000000000, 19.75999999980918886, 120.0846308026180367 ) ) ;
#2221 = ORIENTED_EDGE ( 'NONE', *, *, #5787, .T. ) ;
#2222 = EDGE_LOOP ( 'NONE', ( #511, #1125, #1243, #4205 ) ) ;
#2223 = ORIENTED_EDGE ( 'NONE', *, *, #6519, .F. ) ;
#2224 = CARTESIAN_POINT ( 'NONE',  ( 125.0000000000000000, 23.76000000000244228, -120.0846308025203655 ) ) ;
#2225 = ORIENTED_EDGE ( 'NONE', *, *, #7043, .F. ) ;
#2226 = CARTESIAN_POINT ( 'NONE',  ( 125.0000000000000000, -20.76950934100277379, 116.3469784524439348 ) ) ;
#2227 = LINE ( 'NONE', #463, #3025 ) ;
#2228 = LINE ( 'NONE', #5120, #1800 ) ;
#2229 = CARTESIAN_POINT ( 'NONE',  ( 125.0000000000000000, -5.259999999866473708, 125.0000000002088001 ) ) ;
#2230 = DIRECTION ( 'NONE',  ( 0.000000000000000000, 0.000000000000000000, -1.000000000000000000 ) ) ;
#2231 = VERTEX_POINT ( 'NONE', #6218 ) ;
#2232 = ADVANCED_FACE ( 'NONE', ( #6139 ), #3175, .F. ) ;
#2233 = ORIENTED_EDGE ( 'NONE', *, *, #1065, .T. ) ;
#2234 = CYLINDRICAL_SURFACE ( 'NONE', #7037, 0.4999999999997922773 ) ;
#2235 = VERTEX_POINT ( 'NONE', #7337 ) ;
#2236 = PLANE ( 'NONE',  #344 ) ;
#2237 = CARTESIAN_POINT ( 'NONE',  ( 125.0000000000000000, 21.83148461058317480, 115.2619018650223808 ) ) ;
#2238 = DIRECTION ( 'NONE',  ( 1.000000000000000000, 0.000000000000000000, 0.000000000000000000 ) ) ;
#2239 = DIRECTION ( 'NONE',  ( -1.000000000000000000, -0.000000000000000000, -0.000000000000000000 ) ) ;
#2240 = EDGE_CURVE ( 'NONE', #5537, #442, #3854, .T. ) ;
#2241 = EDGE_CURVE ( 'NONE', #5232, #4801, #4422, .T. ) ;
#2242 = ORIENTED_EDGE ( 'NONE', *, *, #1630, .T. ) ;
#2243 = PLANE ( 'NONE',  #6666 ) ;
#2244 = DIRECTION ( 'NONE',  ( 1.000000000000000000, 0.000000000000000000, 0.000000000000000000 ) ) ;
#2245 = ORIENTED_EDGE ( 'NONE', *, *, #1103, .F. ) ;
#2246 = LINE ( 'NONE', #4420, #4503 ) ;
#2247 = LINE ( 'NONE', #4566, #1042 ) ;
#2248 =( LENGTH_UNIT ( ) NAMED_UNIT ( * ) SI_UNIT ( .MILLI., .METRE. ) );
#2249 = EDGE_CURVE ( 'NONE', #1741, #4261, #5023, .T. ) ;
#2250 = ORIENTED_EDGE ( 'NONE', *, *, #5752, .F. ) ;
#2251 = PLANE ( 'NONE',  #820 ) ;
#2252 = LINE ( 'NONE', #4016, #1046 ) ;
#2253 = DIRECTION ( 'NONE',  ( 0.000000000000000000, -0.000000000000000000, 1.000000000000000000 ) ) ;
#2254 = CARTESIAN_POINT ( 'NONE',  ( -125.0000000000000000, -16.81285590988112943, 115.1083004676235646 ) ) ;
#2255 = EDGE_CURVE ( 'NONE', #2273, #2849, #4308, .T. ) ;
#2256 = EDGE_CURVE ( 'NONE', #907, #1816, #4156, .T. ) ;
#2257 = EDGE_LOOP ( 'NONE', ( #5849, #6227, #793, #3399 ) ) ;
#2258 = ORIENTED_EDGE ( 'NONE', *, *, #6819, .F. ) ;
#2259 = ORIENTED_EDGE ( 'NONE', *, *, #4946, .F. ) ;
#2260 = DIRECTION ( 'NONE',  ( -0.000000000000000000, 1.000000000000000000, 0.000000000000000000 ) ) ;
#2261 = EDGE_LOOP ( 'NONE', ( #3000, #1791, #6189, #2611 ) ) ;
#2262 = DIRECTION ( 'NONE',  ( -1.000000000000000000, -0.000000000000000000, -0.000000000000000000 ) ) ;
#2263 = DIRECTION ( 'NONE',  ( -1.000000000000000000, -0.000000000000000000, -0.000000000000000000 ) ) ;
#2264 = DIRECTION ( 'NONE',  ( 0.000000000000000000, 0.000000000000000000, -1.000000000000000000 ) ) ;
#2265 = CARTESIAN_POINT ( 'NONE',  ( 125.0000000000000000, 22.01000000000309598, 116.5008710292995318 ) ) ;
#2266 = EDGE_CURVE ( 'NONE', #5987, #306, #2792, .T. ) ;
#2267 = AXIS2_PLACEMENT_3D ( 'NONE', #6976, #553, #1588 ) ;
#2268 = ORIENTED_EDGE ( 'NONE', *, *, #6256, .T. ) ;
#2269 = ORIENTED_EDGE ( 'NONE', *, *, #5786, .F. ) ;
#2270 = ORIENTED_EDGE ( 'NONE', *, *, #3072, .T. ) ;
#2271 = VECTOR ( 'NONE', #5213, 1000.000000000000000 ) ;
#2272 = DIRECTION ( 'NONE',  ( 0.000000000000000000, 0.000000000000000000, -1.000000000000000000 ) ) ;
#2273 = VERTEX_POINT ( 'NONE', #6370 ) ;
#2274 = DIRECTION ( 'NONE',  ( 0.000000000000000000, 0.000000000000000000, -1.000000000000000000 ) ) ;
#2275 = DIRECTION ( 'NONE',  ( 0.000000000000000000, 0.000000000000000000, 1.000000000000000000 ) ) ;
#2276 = LINE ( 'NONE', #5743, #2806 ) ;
#2277 = LINE ( 'NONE', #480, #954 ) ;
#2278 = ORIENTED_EDGE ( 'NONE', *, *, #5318, .T. ) ;
#2279 = AXIS2_PLACEMENT_3D ( 'NONE', #962, #1451, #3258 ) ;
#2280 = DIRECTION ( 'NONE',  ( 0.000000000000000000, -0.000000000000000000, -1.000000000000000000 ) ) ;
#2281 = DIRECTION ( 'NONE',  ( 0.000000000000000000, -1.000000000000000000, 0.000000000000000000 ) ) ;
#2282 = ORIENTED_EDGE ( 'NONE', *, *, #4836, .T. ) ;
#2283 = CARTESIAN_POINT ( 'NONE',  ( 125.0000000000000000, 16.76109210099593128, -115.1014856326915208 ) ) ;
#2284 = LINE ( 'NONE', #5253, #6210 ) ;
#2285 = DIRECTION ( 'NONE',  ( 0.000000000000000000, 0.9863939238321471903, -0.1643989873053365580 ) ) ;
#2286 = ADVANCED_FACE ( 'NONE', ( #3436 ), #7450, .F. ) ;
#2287 = VECTOR ( 'NONE', #7105, 1000.000000000000000 ) ;
#2288 = VECTOR ( 'NONE', #2748, 1000.000000000000000 ) ;
#2289 = DIRECTION ( 'NONE',  ( 0.000000000000000000, 1.000000000000000000, 0.000000000000000000 ) ) ;
#2290 = FACE_OUTER_BOUND ( 'NONE', #1263, .T. ) ;
#2291 = VECTOR ( 'NONE', #1933, 1000.000000000000114 ) ;
#2292 = VECTOR ( 'NONE', #3461, 1000.000000000000000 ) ;
#2293 = DIRECTION ( 'NONE',  ( 0.000000000000000000, -1.000000000000000000, 0.000000000000000000 ) ) ;
#2294 = LINE ( 'NONE', #2219, #5817 ) ;
#2295 = CARTESIAN_POINT ( 'NONE',  ( 125.0000000000000000, -5.259999999866473708, 117.0000000002087859 ) ) ;
#2296 = EDGE_LOOP ( 'NONE', ( #5850, #5357, #6800, #1062 ) ) ;
#2297 = ORIENTED_EDGE ( 'NONE', *, *, #4306, .F. ) ;
#2298 = AXIS2_PLACEMENT_3D ( 'NONE', #4457, #4909, #5557 ) ;
#2299 = CIRCLE ( 'NONE', #4364, 0.5000000000000837108 ) ;
#2300 = DIRECTION ( 'NONE',  ( 0.000000000000000000, 0.000000000000000000, -1.000000000000000000 ) ) ;
#2301 = ORIENTED_EDGE ( 'NONE', *, *, #7091, .T. ) ;
#2302 = LINE ( 'NONE', #7071, #3466 ) ;
#2303 = ADVANCED_FACE ( 'NONE', ( #2213 ), #490, .F. ) ;
#2304 = EDGE_CURVE ( 'NONE', #2859, #5864, #350, .T. ) ;
#2305 = LINE ( 'NONE', #2374, #2651 ) ;
#2306 = AXIS2_PLACEMENT_3D ( 'NONE', #6331, #3961, #4647 ) ;
#2307 = VECTOR ( 'NONE', #6286, 1000.000000000000000 ) ;
#2308 = FACE_OUTER_BOUND ( 'NONE', #2222, .T. ) ;
#2309 = ORIENTED_EDGE ( 'NONE', *, *, #1904, .F. ) ;
#2310 = ORIENTED_EDGE ( 'NONE', *, *, #4461, .F. ) ;
#2311 = VERTEX_POINT ( 'NONE', #1593 ) ;
#2312 = CARTESIAN_POINT ( 'NONE',  ( 125.0000000000000000, -16.81285590981789468, -115.1083004675539314 ) ) ;
#2313 = VECTOR ( 'NONE', #2158, 1000.000000000000000 ) ;
#2314 = VECTOR ( 'NONE', #4004, 1000.000000000000000 ) ;
#2315 = ORIENTED_EDGE ( 'NONE', *, *, #3699, .T. ) ;
#2316 = ADVANCED_FACE ( 'NONE', ( #3507 ), #7513, .F. ) ;
#2317 = FACE_OUTER_BOUND ( 'NONE', #7455, .T. ) ;
#2318 = CARTESIAN_POINT ( 'NONE',  ( 125.0000000000000000, -26.00999999986646216, -124.9999999997909725 ) ) ;
#2319 = DIRECTION ( 'NONE',  ( 0.000000000000000000, -1.000000000000000000, 0.000000000000000000 ) ) ;
#2320 = DIRECTION ( 'NONE',  ( 0.000000000000000000, -0.9863939238288167433, -0.1643989873253191292 ) ) ;
#2321 = VECTOR ( 'NONE', #5920, 1000.000000000000000 ) ;
#2322 = EDGE_LOOP ( 'NONE', ( #2978, #4935, #3598, #4871 ) ) ;
#2323 = DIRECTION ( 'NONE',  ( -0.000000000000000000, 1.000000000000000000, 0.000000000000000000 ) ) ;
#2324 = FACE_OUTER_BOUND ( 'NONE', #4075, .T. ) ;
#2325 = ORIENTED_EDGE ( 'NONE', *, *, #7001, .T. ) ;
#2326 = DIRECTION ( 'NONE',  ( 0.000000000000000000, 0.000000000000000000, -1.000000000000000000 ) ) ;
#2327 = DIRECTION ( 'NONE',  ( 0.000000000000000000, 0.000000000000000000, 1.000000000000000000 ) ) ;
#2328 = CARTESIAN_POINT ( 'NONE',  ( 125.0000000000000000, -22.00319135037298324, -114.0436091504067946 ) ) ;
#2329 = ORIENTED_EDGE ( 'NONE', *, *, #246, .T. ) ;
#2330 = EDGE_CURVE ( 'NONE', #5535, #6459, #603, .T. ) ;
#2331 = CARTESIAN_POINT ( 'NONE',  ( -125.0000000000000000, 3.210000000002597442, -118.1694254176205021 ) ) ;
#2332 = CARTESIAN_POINT ( 'NONE',  ( 125.0000000000000000, -22.34333333332877558, 2.981423970000580237 ) ) ;
#2333 = CARTESIAN_POINT ( 'NONE',  ( 125.0000000000000000, -14.76109210079678391, -117.0000000001221423 ) ) ;
#2334 = LINE ( 'NONE', #6453, #6044 ) ;
#2335 = ORIENTED_EDGE ( 'NONE', *, *, #1814, .T. ) ;
#2336 = ORIENTED_EDGE ( 'NONE', *, *, #3982, .T. ) ;
#2337 = EDGE_CURVE ( 'NONE', #4685, #1920, #5825, .T. ) ;
#2338 = LINE ( 'NONE', #6346, #1818 ) ;
#2339 = VERTEX_POINT ( 'NONE', #1164 ) ;
#2340 = CARTESIAN_POINT ( 'NONE',  ( -125.0000000000000000, 12.96109210099593945, -115.0000000000060538 ) ) ;
#2341 = LINE ( 'NONE', #4582, #3621 ) ;
#2342 = CARTESIAN_POINT ( 'NONE',  ( 125.0000000000000000, 12.50999999980932209, 120.0846308026180367 ) ) ;
#2343 = VERTEX_POINT ( 'NONE', #5138 ) ;
#2344 = ORIENTED_EDGE ( 'NONE', *, *, #6524, .T. ) ;
#2345 = EDGE_CURVE ( 'NONE', #4818, #1115, #2907, .T. ) ;
#2346 = EDGE_LOOP ( 'NONE', ( #1341, #1297, #5995, #5381 ) ) ;
#2347 = DIRECTION ( 'NONE',  ( 1.000000000000000000, 0.000000000000000000, 0.000000000000000000 ) ) ;
#2348 = ORIENTED_EDGE ( 'NONE', *, *, #2880, .F. ) ;
#2349 = DIRECTION ( 'NONE',  ( 0.000000000000000000, -0.000000000000000000, -1.000000000000000000 ) ) ;
#2350 = CARTESIAN_POINT ( 'NONE',  ( 125.0000000000000000, -11.16109210079665282, -117.0000000001194849 ) ) ;
#2351 = CARTESIAN_POINT ( 'NONE',  ( 125.0000000000000000, 20.86626570361499589, 0.8912754115828480650 ) ) ;
#2352 = CARTESIAN_POINT ( 'NONE',  ( 125.0000000000000000, -22.00999999986693467, 116.5008710294929273 ) ) ;
#2353 = EDGE_CURVE ( 'NONE', #2864, #6929, #6251, .T. ) ;
#2354 = EDGE_CURVE ( 'NONE', #7203, #604, #6905, .T. ) ;
#2355 = ORIENTED_EDGE ( 'NONE', *, *, #1596, .T. ) ;
#2356 = DIRECTION ( 'NONE',  ( -1.000000000000000000, -0.000000000000000000, -0.000000000000000000 ) ) ;
#2357 = CARTESIAN_POINT ( 'NONE',  ( -125.0000000000000000, -16.56109210079689120, -117.0000000001221423 ) ) ;
#2358 = LINE ( 'NONE', #4680, #5341 ) ;
#2359 = CARTESIAN_POINT ( 'NONE',  ( 125.0000000000000000, -23.75999999986629518, 120.0846308027086593 ) ) ;
#2360 = CARTESIAN_POINT ( 'NONE',  ( 125.0000000000000000, -12.50999999986659184, -124.9999999997909725 ) ) ;
#2361 = ORIENTED_EDGE ( 'NONE', *, *, #315, .T. ) ;
#2362 = MANIFOLD_SOLID_BREP ( '凸台-拉伸1[2]', #2938 ) ;
#2363 = DIRECTION ( 'NONE',  ( 0.000000000000000000, 0.000000000000000000, 1.000000000000000000 ) ) ;
#2364 = AXIS2_PLACEMENT_3D ( 'NONE', #4445, #2707, #7357 ) ;
#2365 = CARTESIAN_POINT ( 'NONE',  ( -125.0000000000000000, -20.17061230869321875, -1.061970978717108327 ) ) ;
#2366 = DIRECTION ( 'NONE',  ( -1.000000000000000000, -0.000000000000000000, -0.000000000000000000 ) ) ;
#2367 = CARTESIAN_POINT ( 'NONE',  ( -125.0000000000000000, 9.259999999809346960, 125.0000000001181490 ) ) ;
#2368 = DIRECTION ( 'NONE',  ( 0.000000000000000000, 0.000000000000000000, -1.000000000000000000 ) ) ;
#2369 = VERTEX_POINT ( 'NONE', #7158 ) ;
#2370 = ORIENTED_EDGE ( 'NONE', *, *, #2549, .T. ) ;
#2371 = FACE_OUTER_BOUND ( 'NONE', #571, .T. ) ;
#2372 = DIRECTION ( 'NONE',  ( 0.000000000000000000, 0.000000000000000000, -1.000000000000000000 ) ) ;
#2373 = EDGE_CURVE ( 'NONE', #5295, #1001, #6437, .T. ) ;
#2374 = CARTESIAN_POINT ( 'NONE',  ( 125.0000000000000000, -11.16109210079665282, -115.0000000001185896 ) ) ;
#2375 = ADVANCED_FACE ( 'NONE', ( #6591 ), #3660, .F. ) ;
#2376 = DIRECTION ( 'NONE',  ( 0.000000000000000000, -0.000000000000000000, 1.000000000000000000 ) ) ;
#2377 = VERTEX_POINT ( 'NONE', #5890 ) ;
#2378 = EDGE_LOOP ( 'NONE', ( #6412, #257, #2939, #3838 ) ) ;
#2379 = ORIENTED_EDGE ( 'NONE', *, *, #5327, .T. ) ;
#2380 = PLANE ( 'NONE',  #1922 ) ;
#2381 = VERTEX_POINT ( 'NONE', #596 ) ;
#2382 = CARTESIAN_POINT ( 'NONE',  ( -125.0000000000000000, -22.00319135037298324, -114.0436091504067946 ) ) ;
#2383 = EDGE_CURVE ( 'NONE', #4307, #3237, #1810, .T. ) ;
#2384 = CARTESIAN_POINT ( 'NONE',  ( 125.0000000000000000, -23.75999999986646216, -124.9999999997909725 ) ) ;
#2385 = LINE ( 'NONE', #7547, #3293 ) ;
#2386 = LINE ( 'NONE', #5465, #2552 ) ;
#2387 = ORIENTED_EDGE ( 'NONE', *, *, #1873, .F. ) ;
#2388 = CARTESIAN_POINT ( 'NONE',  ( 125.0000000000000000, 22.01000000000425416, 3.000000000001260769 ) ) ;
#2389 = CARTESIAN_POINT ( 'NONE',  ( 125.0000000000000000, 12.51000000000257373, -125.0000000000202931 ) ) ;
#2390 = ORIENTED_EDGE ( 'NONE', *, *, #5488, .F. ) ;
#2391 = DIRECTION ( 'NONE',  ( 1.000000000000000000, 0.000000000000000000, -0.000000000000000000 ) ) ;
#2392 = DIRECTION ( 'NONE',  ( 0.000000000000000000, 0.9659258262881325052, -0.2588190451060133346 ) ) ;
#2393 = CARTESIAN_POINT ( 'NONE',  ( 125.0000000000000000, -22.00999999986693467, 115.2508710294929131 ) ) ;
#2394 = EDGE_CURVE ( 'NONE', #2763, #2662, #1773, .T. ) ;
#2395 = EDGE_CURVE ( 'NONE', #2631, #2231, #55, .T. ) ;
#2396 = DIRECTION ( 'NONE',  ( 0.000000000000000000, -1.000000000000000000, 0.000000000000000000 ) ) ;
#2397 = VECTOR ( 'NONE', #5721, 1000.000000000000000 ) ;
#2398 = VECTOR ( 'NONE', #6809, 1000.000000000000114 ) ;
#2399 = ORIENTED_EDGE ( 'NONE', *, *, #5489, .T. ) ;
#2400 = CARTESIAN_POINT ( 'NONE',  ( -125.0000000000000000, -23.75999999986646216, -120.0846308022910591 ) ) ;
#2401 = AXIS2_PLACEMENT_3D ( 'NONE', #4098, #3371, #6882 ) ;
#2402 = VECTOR ( 'NONE', #7398, 1000.000000000000000 ) ;
#2403 = EDGE_CURVE ( 'NONE', #7065, #5526, #4225, .T. ) ;
#2404 = ADVANCED_FACE ( 'NONE', ( #3092 ), #6550, .F. ) ;
#2405 = CARTESIAN_POINT ( 'NONE',  ( -125.0000000000000000, -5.259999999866473708, 114.0000000002086722 ) ) ;
#2406 = CARTESIAN_POINT ( 'NONE',  ( 125.0000000000000000, 21.83148461058267742, -115.0619018650268686 ) ) ;
#2407 = VECTOR ( 'NONE', #4949, 1000.000000000000000 ) ;
#2408 = ORIENTED_EDGE ( 'NONE', *, *, #4134, .F. ) ;
#2409 = ORIENTED_EDGE ( 'NONE', *, *, #6454, .T. ) ;
#2410 = CARTESIAN_POINT ( 'NONE',  ( 125.0000000000000000, -2.990000000190692564, 118.0000000001180496 ) ) ;
#2411 = AXIS2_PLACEMENT_3D ( 'NONE', #2439, #666, #7007 ) ;
#2412 = DIRECTION ( 'NONE',  ( -1.000000000000000000, -0.000000000000000000, -0.000000000000000000 ) ) ;
#2413 = AXIS2_PLACEMENT_3D ( 'NONE', #119, #1838, #1871 ) ;
#2414 = DIRECTION ( 'NONE',  ( 1.000000000000000000, 0.000000000000000000, 0.000000000000000000 ) ) ;
#2415 = CARTESIAN_POINT ( 'NONE',  ( 125.0000000000000000, -20.57103083558994072, 116.3223556400735674 ) ) ;
#2416 = DIRECTION ( 'NONE',  ( -1.000000000000000000, -0.000000000000000000, -0.000000000000000000 ) ) ;
#2417 = VECTOR ( 'NONE', #3427, 1000.000000000000000 ) ;
#2418 = ORIENTED_EDGE ( 'NONE', *, *, #3795, .F. ) ;
#2419 = AXIS2_PLACEMENT_3D ( 'NONE', #2475, #6595, #3127 ) ;
#2420 = ORIENTED_EDGE ( 'NONE', *, *, #2240, .T. ) ;
#2421 = ORIENTED_EDGE ( 'NONE', *, *, #196, .F. ) ;
#2422 = EDGE_CURVE ( 'NONE', #2622, #4807, #3546, .T. ) ;
#2423 = CARTESIAN_POINT ( 'NONE',  ( 125.0000000000000000, -14.76109210086011991, 117.0000000001927987 ) ) ;
#2424 = ORIENTED_EDGE ( 'NONE', *, *, #62, .T. ) ;
#2425 = AXIS2_PLACEMENT_3D ( 'NONE', #1907, #6169, #1506 ) ;
#2426 = AXIS2_PLACEMENT_3D ( 'NONE', #6253, #4086, #5176 ) ;
#2427 = AXIS2_PLACEMENT_3D ( 'NONE', #5659, #4485, #2746 ) ;
#2428 = CARTESIAN_POINT ( 'NONE',  ( 125.0000000000000000, -24.00999999999712387, -4.472135954997691343 ) ) ;
#2429 = PLANE ( 'NONE',  #6658 ) ;
#2430 = AXIS2_PLACEMENT_3D ( 'NONE', #7044, #3060, #6476 ) ;
#2431 = DIRECTION ( 'NONE',  ( -1.000000000000000000, -0.000000000000000000, -0.000000000000000000 ) ) ;
#2432 = PLANE ( 'NONE',  #1441 ) ;
#2433 = CARTESIAN_POINT ( 'NONE',  ( -125.0000000000000000, -19.75999999986629163, 120.0846308027086593 ) ) ;
#2434 = VERTEX_POINT ( 'NONE', #4678 ) ;
#2435 = AXIS2_PLACEMENT_3D ( 'NONE', #1652, #3347, #6276 ) ;
#2436 = VECTOR ( 'NONE', #4118, 1000.000000000000000 ) ;
#2437 = EDGE_CURVE ( 'NONE', #6814, #3234, #1853, .T. ) ;
#2438 = DIRECTION ( 'NONE',  ( 0.000000000000000000, 0.000000000000000000, 1.000000000000000000 ) ) ;
#2439 = CARTESIAN_POINT ( 'NONE',  ( 125.0000000000000000, -12.50999999986642486, 120.0846308027086593 ) ) ;
#2440 = LINE ( 'NONE', #7204, #3862 ) ;
#2441 = CARTESIAN_POINT ( 'NONE',  ( -125.0000000000000000, 16.56109210099609541, -115.3014856326920068 ) ) ;
#2442 = LINE ( 'NONE', #4162, #67 ) ;
#2443 = AXIS2_PLACEMENT_3D ( 'NONE', #7082, #2319, #3495 ) ;
#2444 = DIRECTION ( 'NONE',  ( -1.000000000000000000, -0.000000000000000000, -0.000000000000000000 ) ) ;
#2445 = ORIENTED_EDGE ( 'NONE', *, *, #520, .T. ) ;
#2446 = ADVANCED_FACE ( 'NONE', ( #5971 ), #24, .T. ) ;
#2447 = LINE ( 'NONE', #753, #5812 ) ;
#2448 = AXIS2_PLACEMENT_3D ( 'NONE', #4050, #5173, #6834 ) ;
#2449 = LINE ( 'NONE', #6521, #5539 ) ;
#2450 = DIRECTION ( 'NONE',  ( 0.000000000000000000, 1.000000000000000000, 0.000000000000000000 ) ) ;
#2451 = ORIENTED_EDGE ( 'NONE', *, *, #1538, .F. ) ;
#2452 = ORIENTED_EDGE ( 'NONE', *, *, #6934, .F. ) ;
#2453 = EDGE_CURVE ( 'NONE', #1001, #5424, #4256, .T. ) ;
#2454 = EDGE_CURVE ( 'NONE', #7190, #3764, #1078, .T. ) ;
#2455 = DIRECTION ( 'NONE',  ( -1.000000000000000000, -0.000000000000000000, -0.000000000000000000 ) ) ;
#2456 = CARTESIAN_POINT ( 'NONE',  ( -125.0000000000000000, -16.50999999986631650, 120.0846308027086593 ) ) ;
#2457 = FACE_OUTER_BOUND ( 'NONE', #4900, .T. ) ;
#2458 = LINE ( 'NONE', #123, #4571 ) ;
#2459 = ORIENTED_EDGE ( 'NONE', *, *, #1746, .F. ) ;
#2460 = VERTEX_POINT ( 'NONE', #1203 ) ;
#2461 = EDGE_LOOP ( 'NONE', ( #991, #3710, #1333, #2278 ) ) ;
#2462 = FACE_OUTER_BOUND ( 'NONE', #3641, .T. ) ;
#2463 = ORIENTED_EDGE ( 'NONE', *, *, #5456, .T. ) ;
#2464 = FACE_OUTER_BOUND ( 'NONE', #5514, .T. ) ;
#2465 = CARTESIAN_POINT ( 'NONE',  ( 125.0000000000000000, -2.990000000190692564, 116.0000000001180496 ) ) ;
#2466 = CARTESIAN_POINT ( 'NONE',  ( 125.0000000000000000, 22.01000000000292900, -115.2508710293029424 ) ) ;
#2467 = LINE ( 'NONE', #5856, #968 ) ;
#2468 = LINE ( 'NONE', #3605, #7551 ) ;
#2469 = EDGE_CURVE ( 'NONE', #5263, #2693, #6450, .T. ) ;
#2470 = ORIENTED_EDGE ( 'NONE', *, *, #5756, .F. ) ;
#2471 = DIRECTION ( 'NONE',  ( 0.000000000000000000, -0.000000000000000000, 1.000000000000000000 ) ) ;
#2472 = CARTESIAN_POINT ( 'NONE',  ( -125.0000000000000000, -11.16109210085998882, 117.0000000002019078 ) ) ;
#2473 = EDGE_LOOP ( 'NONE', ( #1379, #3082, #6116, #2893 ) ) ;
#2474 = CARTESIAN_POINT ( 'NONE',  ( -125.0000000000000000, 21.52022843723594292, 114.6730186729565020 ) ) ;
#2475 = CARTESIAN_POINT ( 'NONE',  ( 125.0000000000000000, -16.76109210079674838, -115.3014856328114206 ) ) ;
#2476 = LINE ( 'NONE', #5254, #3368 ) ;
#2477 = LINE ( 'NONE', #4795, #4248 ) ;
#2478 = ADVANCED_FACE ( 'NONE', ( #2764 ), #3865, .F. ) ;
#2479 = LINE ( 'NONE', #6013, #4481 ) ;
#2480 = EDGE_CURVE ( 'NONE', #4277, #5019, #2932, .T. ) ;
#2481 = VERTEX_POINT ( 'NONE', #6845 ) ;
#2482 = CARTESIAN_POINT ( 'NONE',  ( 125.0000000000000000, -20.17061230869321875, -1.061970978717108327 ) ) ;
#2483 = EDGE_LOOP ( 'NONE', ( #5959, #472, #1556, #1271 ) ) ;
#2484 = ADVANCED_FACE ( 'NONE', ( #4296 ), #5681, .T. ) ;
#2485 = ORIENTED_EDGE ( 'NONE', *, *, #1523, .F. ) ;
#2486 = CIRCLE ( 'NONE', #1750, 1.250000000000015099 ) ;
#2487 = CARTESIAN_POINT ( 'NONE',  ( -125.0000000000000000, 20.86626570361147870, -0.6912754115805371802 ) ) ;
#2488 = CARTESIAN_POINT ( 'NONE',  ( -125.0000000000000000, 27.00999999980928123, 124.0000000001180496 ) ) ;
#2489 = DIRECTION ( 'NONE',  ( 1.000000000000000000, 0.000000000000000000, 0.000000000000000000 ) ) ;
#2490 = ADVANCED_FACE ( 'NONE', ( #993 ), #4861, .F. ) ;
#2491 = EDGE_CURVE ( 'NONE', #5159, #5501, #2728, .T. ) ;
#2492 = FACE_OUTER_BOUND ( 'NONE', #6016, .T. ) ;
#2493 = ORIENTED_EDGE ( 'NONE', *, *, #5848, .F. ) ;
#2494 = ORIENTED_EDGE ( 'NONE', *, *, #6922, .F. ) ;
#2495 = VERTEX_POINT ( 'NONE', #1970 ) ;
#2496 = CARTESIAN_POINT ( 'NONE',  ( 125.0000000000000000, 22.34333333333724880, 2.981423970001065182 ) ) ;
#2497 = ORIENTED_EDGE ( 'NONE', *, *, #1430, .T. ) ;
#2498 = LINE ( 'NONE', #6117, #5032 ) ;
#2499 = ADVANCED_FACE ( 'NONE', ( #6879 ), #6806, .T. ) ;
#2500 = CARTESIAN_POINT ( 'NONE',  ( -125.0000000000000000, -2.990000000190692564, 116.0000000001180496 ) ) ;
#2501 = DIRECTION ( 'NONE',  ( 0.000000000000000000, 0.000000000000000000, -1.000000000000000000 ) ) ;
#2502 = DIRECTION ( 'NONE',  ( -1.000000000000000000, -0.000000000000000000, -0.000000000000000000 ) ) ;
#2503 = EDGE_LOOP ( 'NONE', ( #990, #2104, #3796, #6332 ) ) ;
#2504 = ORIENTED_EDGE ( 'NONE', *, *, #5067, .F. ) ;
#2505 = DIRECTION ( 'NONE',  ( 0.000000000000000000, 1.000000000000000000, 0.000000000000000000 ) ) ;
#2506 = ORIENTED_EDGE ( 'NONE', *, *, #3151, .F. ) ;
#2507 = DIRECTION ( 'NONE',  ( 0.000000000000000000, -1.000000000000000000, 0.000000000000000000 ) ) ;
#2508 = DIRECTION ( 'NONE',  ( -1.000000000000000000, -0.000000000000000000, -0.000000000000000000 ) ) ;
#2509 = LINE ( 'NONE', #2359, #2514 ) ;
#2510 = DIRECTION ( 'NONE',  ( 0.000000000000000000, 0.000000000000000000, -1.000000000000000000 ) ) ;
#2511 = ORIENTED_EDGE ( 'NONE', *, *, #4104, .T. ) ;
#2512 = ORIENTED_EDGE ( 'NONE', *, *, #2454, .T. ) ;
#2513 = CYLINDRICAL_SURFACE ( 'NONE', #2561, 0.2000000000029131253 ) ;
#2514 = VECTOR ( 'NONE', #3066, 1000.000000000000000 ) ;
#2515 = EDGE_CURVE ( 'NONE', #4590, #57, #421, .T. ) ;
#2516 = ORIENTED_EDGE ( 'NONE', *, *, #3112, .T. ) ;
#2517 = AXIS2_PLACEMENT_3D ( 'NONE', #3747, #3039, #7074 ) ;
#2518 = CARTESIAN_POINT ( 'NONE',  ( -125.0000000000000000, -20.86626570360927602, -0.8912754115829026880 ) ) ;
#2519 = CIRCLE ( 'NONE', #6785, 0.1999999999998391953 ) ;
#2520 = ORIENTED_EDGE ( 'NONE', *, *, #7300, .F. ) ;
#2521 = AXIS2_PLACEMENT_3D ( 'NONE', #5268, #1686, #7494 ) ;
#2522 = VECTOR ( 'NONE', #4360, 1000.000000000000000 ) ;
#2523 = DIRECTION ( 'NONE',  ( 0.000000000000000000, 0.000000000000000000, -1.000000000000000000 ) ) ;
#2524 = EDGE_CURVE ( 'NONE', #5270, #5604, #5036, .T. ) ;
#2525 = DIRECTION ( 'NONE',  ( -1.000000000000000000, -0.000000000000000000, -0.000000000000000000 ) ) ;
#2526 = LINE ( 'NONE', #4844, #3629 ) ;
#2527 = VECTOR ( 'NONE', #5377, 1000.000000000000000 ) ;
#2528 = MANIFOLD_SOLID_BREP ( '凸台-拉伸1[1]', #7313 ) ;
#2529 = CYLINDRICAL_SURFACE ( 'NONE', #681, 2.999999999994306332 ) ;
#2530 = VERTEX_POINT ( 'NONE', #3722 ) ;
#2531 = CIRCLE ( 'NONE', #7431, 1.250000000000070610 ) ;
#2532 = ORIENTED_EDGE ( 'NONE', *, *, #3338, .T. ) ;
#2533 = VERTEX_POINT ( 'NONE', #2189 ) ;
#2534 = EDGE_CURVE ( 'NONE', #2622, #1402, #1605, .T. ) ;
#2535 = EDGE_CURVE ( 'NONE', #3381, #5984, #3945, .T. ) ;
#2536 = DIRECTION ( 'NONE',  ( 0.000000000000000000, 0.000000000000000000, -1.000000000000000000 ) ) ;
#2537 = ORIENTED_EDGE ( 'NONE', *, *, #817, .F. ) ;
#2538 = DIRECTION ( 'NONE',  ( -1.000000000000000000, -0.000000000000000000, -0.000000000000000000 ) ) ;
#2539 = VECTOR ( 'NONE', #317, 1000.000000000000000 ) ;
#2540 = DIRECTION ( 'NONE',  ( 0.000000000000000000, 0.000000000000000000, -1.000000000000000000 ) ) ;
#2541 = VECTOR ( 'NONE', #2540, 1000.000000000000000 ) ;
#2542 = PLANE ( 'NONE',  #6705 ) ;
#2543 = VECTOR ( 'NONE', #2157, 1000.000000000000000 ) ;
#2544 = LINE ( 'NONE', #3719, #4497 ) ;
#2545 = ORIENTED_EDGE ( 'NONE', *, *, #5771, .T. ) ;
#2546 = ORIENTED_EDGE ( 'NONE', *, *, #1618, .T. ) ;
#2547 = VECTOR ( 'NONE', #237, 1000.000000000000000 ) ;
#2548 = EDGE_CURVE ( 'NONE', #3042, #137, #1025, .T. ) ;
#2549 = EDGE_CURVE ( 'NONE', #4150, #4172, #7231, .T. ) ;
#2550 = DIRECTION ( 'NONE',  ( -0.000000000000000000, 1.000000000000000000, 0.000000000000000000 ) ) ;
#2551 = DIRECTION ( 'NONE',  ( 0.000000000000000000, 0.000000000000000000, 1.000000000000000000 ) ) ;
#2552 = VECTOR ( 'NONE', #2081, 1000.000000000000000 ) ;
#2553 = ORIENTED_EDGE ( 'NONE', *, *, #6575, .T. ) ;
#2554 = CARTESIAN_POINT ( 'NONE',  ( 125.0000000000000000, 16.56109210099609541, -115.3014856326920068 ) ) ;
#2555 = CARTESIAN_POINT ( 'NONE',  ( 125.0000000000000000, 16.81285590982428246, 115.1083004675525103 ) ) ;
#2556 = CARTESIAN_POINT ( 'NONE',  ( 125.0000000000000000, 20.17061230869948574, 1.061970978718296266 ) ) ;
#2557 = DIRECTION ( 'NONE',  ( -1.000000000000000000, -0.000000000000000000, -0.000000000000000000 ) ) ;
#2558 = PLANE ( 'NONE',  #338 ) ;
#2559 = CARTESIAN_POINT ( 'NONE',  ( 125.0000000000000000, -12.96109210085998598, 115.0000000001959108 ) ) ;
#2560 = CARTESIAN_POINT ( 'NONE',  ( -125.0000000000000000, 2.990000000196953334, -116.0000000001187033 ) ) ;
#2561 = AXIS2_PLACEMENT_3D ( 'NONE', #1949, #5940, #5325 ) ;
#2562 = VECTOR ( 'NONE', #6038, 1000.000000000000114 ) ;
#2563 = VECTOR ( 'NONE', #7458, 1000.000000000000000 ) ;
#2564 = EDGE_LOOP ( 'NONE', ( #5388, #4714, #7259, #944 ) ) ;
#2565 = DIRECTION ( 'NONE',  ( -1.000000000000000000, -0.000000000000000000, -0.000000000000000000 ) ) ;
#2566 = VECTOR ( 'NONE', #1832, 1000.000000000000000 ) ;
#2567 = VERTEX_POINT ( 'NONE', #4659 ) ;
#2568 = CIRCLE ( 'NONE', #1331, 0.2000000000028784308 ) ;
#2569 = EDGE_CURVE ( 'NONE', #1015, #2910, #5725, .T. ) ;
#2570 = VERTEX_POINT ( 'NONE', #1720 ) ;
#2571 = AXIS2_PLACEMENT_3D ( 'NONE', #361, #964, #5650 ) ;
#2572 = DIRECTION ( 'NONE',  ( -1.000000000000000000, -0.000000000000000000, -0.000000000000000000 ) ) ;
#2573 = LINE ( 'NONE', #5992, #2527 ) ;
#2574 = FACE_OUTER_BOUND ( 'NONE', #3456, .T. ) ;
#2575 = ADVANCED_FACE ( 'NONE', ( #500 ), #648, .F. ) ;
#2576 = ORIENTED_EDGE ( 'NONE', *, *, #6586, .F. ) ;
#2577 = ORIENTED_EDGE ( 'NONE', *, *, #3290, .F. ) ;
#2578 = EDGE_LOOP ( 'NONE', ( #3332, #1455, #4821, #3264 ) ) ;
#2579 = CARTESIAN_POINT ( 'NONE',  ( 125.0000000000000000, -20.76950934113235903, -116.3469784522515909 ) ) ;
#2580 = ORIENTED_EDGE ( 'NONE', *, *, #7178, .T. ) ;
#2581 = CARTESIAN_POINT ( 'NONE',  ( 125.0000000000000000, 0.009999999809365651623, 120.0000000001180496 ) ) ;
#2582 = DIRECTION ( 'NONE',  ( 1.000000000000000000, 0.000000000000000000, 0.000000000000000000 ) ) ;
#2583 = DIRECTION ( 'NONE',  ( 0.000000000000000000, 0.000000000000000000, 1.000000000000000000 ) ) ;
#2584 = CARTESIAN_POINT ( 'NONE',  ( -125.0000000000000000, 0.009999999809365651623, 118.5000000001182201 ) ) ;
#2585 = VERTEX_POINT ( 'NONE', #6301 ) ;
#2586 = ORIENTED_EDGE ( 'NONE', *, *, #3589, .F. ) ;
#2587 = DIRECTION ( 'NONE',  ( -1.000000000000000000, -0.000000000000000000, -0.000000000000000000 ) ) ;
#2588 = CARTESIAN_POINT ( 'NONE',  ( 125.0000000000000000, -5.259999999866640685, -124.9999999997909725 ) ) ;
#2589 = ORIENTED_EDGE ( 'NONE', *, *, #1365, .F. ) ;
#2590 = FACE_OUTER_BOUND ( 'NONE', #6078, .T. ) ;
#2591 = LINE ( 'NONE', #2555, #3888 ) ;
#2592 = CARTESIAN_POINT ( 'NONE',  ( -125.0000000000000000, 24.01000000000306400, 114.0436091504059135 ) ) ;
#2593 = DIRECTION ( 'NONE',  ( 0.000000000000000000, -1.000000000000000000, 0.000000000000000000 ) ) ;
#2594 = LINE ( 'NONE', #3166, #6804 ) ;
#2595 = DIRECTION ( 'NONE',  ( -1.000000000000000000, -0.000000000000000000, -0.000000000000000000 ) ) ;
#2596 = EDGE_CURVE ( 'NONE', #3794, #6623, #6378, .T. ) ;
#2597 = ADVANCED_FACE ( 'NONE', ( #5266 ), #5148, .F. ) ;
#2598 = VERTEX_POINT ( 'NONE', #4057 ) ;
#2599 = ORIENTED_EDGE ( 'NONE', *, *, #7514, .F. ) ;
#2600 = DIRECTION ( 'NONE',  ( -1.000000000000000000, -0.000000000000000000, -0.000000000000000000 ) ) ;
#2601 = ORIENTED_EDGE ( 'NONE', *, *, #371, .T. ) ;
#2602 = CARTESIAN_POINT ( 'NONE',  ( 125.0000000000000000, -16.50999999986648348, -124.9999999997909725 ) ) ;
#2603 = CARTESIAN_POINT ( 'NONE',  ( 125.0000000000000000, 14.76109210099596325, -117.0000000000027285 ) ) ;
#2604 = ORIENTED_EDGE ( 'NONE', *, *, #4769, .F. ) ;
#2605 = CYLINDRICAL_SURFACE ( 'NONE', #5450, 2.999999999994306332 ) ;
#2606 = CARTESIAN_POINT ( 'NONE',  ( 125.0000000000000000, 20.76950934113871128, -116.3469784522539925 ) ) ;
#2607 = PLANE ( 'NONE',  #6794 ) ;
#2608 = CARTESIAN_POINT ( 'NONE',  ( -125.0000000000000000, -27.00999999986638045, -123.9999999997910578 ) ) ;
#2609 = ORIENTED_EDGE ( 'NONE', *, *, #7346, .T. ) ;
#2610 = EDGE_LOOP ( 'NONE', ( #3500, #1827, #5663, #4249 ) ) ;
#2611 = ORIENTED_EDGE ( 'NONE', *, *, #2612, .F. ) ;
#2612 = EDGE_CURVE ( 'NONE', #3216, #5243, #2338, .T. ) ;
#2613 = ORIENTED_EDGE ( 'NONE', *, *, #6267, .F. ) ;
#2614 = CARTESIAN_POINT ( 'NONE',  ( 125.0000000000000000, -12.50999999986659184, -124.9999999997909725 ) ) ;
#2615 = CIRCLE ( 'NONE', #4797, 1.250000000007643886 ) ;
#2616 = DIRECTION ( 'NONE',  ( 0.000000000000000000, 0.000000000000000000, -1.000000000000000000 ) ) ;
#2617 = FACE_OUTER_BOUND ( 'NONE', #3136, .T. ) ;
#2618 = DIRECTION ( 'NONE',  ( 0.000000000000000000, 0.000000000000000000, -1.000000000000000000 ) ) ;
#2619 = CARTESIAN_POINT ( 'NONE',  ( 125.0000000000000000, 22.00319135037984708, 114.0436091504059135 ) ) ;
#2620 = ORIENTED_EDGE ( 'NONE', *, *, #6161, .T. ) ;
#2621 = ORIENTED_EDGE ( 'NONE', *, *, #798, .T. ) ;
#2622 = VERTEX_POINT ( 'NONE', #2994 ) ;
#2623 = CARTESIAN_POINT ( 'NONE',  ( -125.0000000000000000, 19.75999999980918886, 125.0000000001181490 ) ) ;
#2624 = EDGE_LOOP ( 'NONE', ( #4222, #2074, #3814, #6653 ) ) ;
#2625 = ADVANCED_FACE ( 'NONE', ( #4736 ), #7490, .F. ) ;
#2626 = APPLICATION_CONTEXT ( 'automotive_design' ) ;
#2627 = LINE ( 'NONE', #4229, #7047 ) ;
#2628 = DIRECTION ( 'NONE',  ( 0.000000000000000000, 0.000000000000000000, -1.000000000000000000 ) ) ;
#2629 = CARTESIAN_POINT ( 'NONE',  ( 125.0000000000000000, -20.76626570360573609, 0.7180703308238278737 ) ) ;
#2630 = DIRECTION ( 'NONE',  ( 1.000000000000000000, 0.000000000000000000, -0.000000000000000000 ) ) ;
#2631 = VERTEX_POINT ( 'NONE', #4025 ) ;
#2632 = ORIENTED_EDGE ( 'NONE', *, *, #6004, .F. ) ;
#2633 = FACE_OUTER_BOUND ( 'NONE', #5581, .T. ) ;
#2634 = CARTESIAN_POINT ( 'NONE',  ( -125.0000000000000000, -5.259999999866473708, 125.0000000002088001 ) ) ;
#2635 = EDGE_CURVE ( 'NONE', #5748, #6397, #5098, .T. ) ;
#2636 = ORIENTED_EDGE ( 'NONE', *, *, #2857, .F. ) ;
#2637 = LINE ( 'NONE', #7287, #3974 ) ;
#2638 = CARTESIAN_POINT ( 'NONE',  ( 125.0000000000000000, -0.009999999803049450589, -120.0000000001187033 ) ) ;
#2639 = VECTOR ( 'NONE', #5638, 1000.000000000000000 ) ;
#2640 = EDGE_LOOP ( 'NONE', ( #4788, #3693, #4914, #233 ) ) ;
#2641 = LINE ( 'NONE', #6754, #5576 ) ;
#2642 = ADVANCED_FACE ( 'NONE', ( #6460 ), #3447, .F. ) ;
#2643 = FACE_OUTER_BOUND ( 'NONE', #7338, .T. ) ;
#2644 = LINE ( 'NONE', #5523, #7396 ) ;
#2645 = VERTEX_POINT ( 'NONE', #37 ) ;
#2646 = CIRCLE ( 'NONE', #6910, 0.1999999999998530731 ) ;
#2647 = ORIENTED_EDGE ( 'NONE', *, *, #470, .T. ) ;
#2648 = VERTEX_POINT ( 'NONE', #1221 ) ;
#2649 = LINE ( 'NONE', #354, #3886 ) ;
#2650 = LINE ( 'NONE', #7420, #7367 ) ;
#2651 = VECTOR ( 'NONE', #6991, 1000.000000000000000 ) ;
#2653 = FACE_OUTER_BOUND ( 'NONE', #3195, .T. ) ;
#2652 = CIRCLE ( 'NONE', #1645, 0.1999999999999984568 ) ;
#2654 = DIRECTION ( 'NONE',  ( 0.000000000000000000, 0.000000000000000000, -1.000000000000000000 ) ) ;
#2655 = CARTESIAN_POINT ( 'NONE',  ( -125.0000000000000000, -16.81285590981789468, -115.1083004675539314 ) ) ;
#2656 = DIRECTION ( 'NONE',  ( 1.000000000000000000, 0.000000000000000000, 0.000000000000000000 ) ) ;
#2657 = VERTEX_POINT ( 'NONE', #72 ) ;
#2658 = CIRCLE ( 'NONE', #4599, 1.500000000000200728 ) ;
#2659 = ADVANCED_FACE ( 'NONE', ( #2371 ), #573, .F. ) ;
#2660 = ORIENTED_EDGE ( 'NONE', *, *, #2596, .F. ) ;
#2661 = DIRECTION ( 'NONE',  ( -1.000000000000000000, -0.000000000000000000, -0.000000000000000000 ) ) ;
#2662 = VERTEX_POINT ( 'NONE', #5185 ) ;
#2663 = AXIS2_PLACEMENT_3D ( 'NONE', #5125, #6201, #2272 ) ;
#2664 = VECTOR ( 'NONE', #2827, 1000.000000000000000 ) ;
#2665 = DIRECTION ( 'NONE',  ( 0.000000000000000000, 0.000000000000000000, 1.000000000000000000 ) ) ;
#2666 = DIRECTION ( 'NONE',  ( -1.000000000000000000, -0.000000000000000000, -0.000000000000000000 ) ) ;
#2667 = DIRECTION ( 'NONE',  ( 0.000000000000000000, -0.000000000000000000, -1.000000000000000000 ) ) ;
#2668 = DIRECTION ( 'NONE',  ( 0.000000000000000000, 0.000000000000000000, 1.000000000000000000 ) ) ;
#2669 = EDGE_CURVE ( 'NONE', #5612, #3033, #2924, .T. ) ;
#2670 = ORIENTED_EDGE ( 'NONE', *, *, #3806, .F. ) ;
#2671 = VECTOR ( 'NONE', #252, 1000.000000000000000 ) ;
#2672 = ORIENTED_EDGE ( 'NONE', *, *, #3970, .F. ) ;
#2673 = VECTOR ( 'NONE', #367, 1000.000000000000000 ) ;
#2674 = DIRECTION ( 'NONE',  ( -1.000000000000000000, -0.000000000000000000, -0.000000000000000000 ) ) ;
#2675 = EDGE_LOOP ( 'NONE', ( #68, #7361, #5620, #2993 ) ) ;
#2676 = ORIENTED_EDGE ( 'NONE', *, *, #4716, .T. ) ;
#2677 = CARTESIAN_POINT ( 'NONE',  ( 125.0000000000000000, 11.16109210099602755, -115.0000000000193836 ) ) ;
#2678 = CIRCLE ( 'NONE', #2055, 1.250000000000015099 ) ;
#2679 = AXIS2_PLACEMENT_3D ( 'NONE', #4529, #2166, #1048 ) ;
#2680 = VECTOR ( 'NONE', #5130, 1000.000000000000000 ) ;
#2681 = AXIS2_PLACEMENT_3D ( 'NONE', #204, #2550, #804 ) ;
#2682 = CARTESIAN_POINT ( 'NONE',  ( 125.0000000000000000, 16.56109210080339622, 115.3014856328103264 ) ) ;
#2683 = CARTESIAN_POINT ( 'NONE',  ( 125.0000000000000000, 5.260000000002621690, -120.0000000000203784 ) ) ;
#2684 = EDGE_CURVE ( 'NONE', #2495, #5302, #7025, .T. ) ;
#2685 = ORIENTED_EDGE ( 'NONE', *, *, #3847, .F. ) ;
#2686 = CARTESIAN_POINT ( 'NONE',  ( 125.0000000000000000, -16.56109210086011529, 115.3014856328816364 ) ) ;
#2687 = CIRCLE ( 'NONE', #6209, 3.000000000003907541 ) ;
#2688 = DIRECTION ( 'NONE',  ( 0.000000000000000000, 0.000000000000000000, -1.000000000000000000 ) ) ;
#2689 = AXIS2_PLACEMENT_3D ( 'NONE', #2896, #5886, #4073 ) ;
#2690 = PLANE ( 'NONE',  #5426 ) ;
#2691 = EDGE_CURVE ( 'NONE', #2740, #6803, #5, .T. ) ;
#2692 = EDGE_CURVE ( 'NONE', #4691, #6282, #6414, .T. ) ;
#2693 = VERTEX_POINT ( 'NONE', #7137 ) ;
#2694 = ORIENTED_EDGE ( 'NONE', *, *, #5637, .T. ) ;
#2695 = ORIENTED_EDGE ( 'NONE', *, *, #6637, .T. ) ;
#2696 = VERTEX_POINT ( 'NONE', #4876 ) ;
#2697 = CYLINDRICAL_SURFACE ( 'NONE', #163, 0.2000000000064147687 ) ;
#2698 = PLANE ( 'NONE',  #6045 ) ;
#2699 = LINE ( 'NONE', #7152, #2541 ) ;
#2700 = CARTESIAN_POINT ( 'NONE',  ( 125.0000000000000000, -11.16109210079665282, -117.0000000001194849 ) ) ;
#2701 = DIRECTION ( 'NONE',  ( 0.000000000000000000, 0.000000000000000000, 1.000000000000000000 ) ) ;
#2702 = VERTEX_POINT ( 'NONE', #683 ) ;
#2703 = ORIENTED_EDGE ( 'NONE', *, *, #4644, .F. ) ;
#2704 = DIRECTION ( 'NONE',  ( 0.000000000000000000, 0.2588190451063943076, -0.9659258262880302537 ) ) ;
#2705 = ORIENTED_EDGE ( 'NONE', *, *, #4201, .T. ) ;
#2706 = PLANE ( 'NONE',  #3762 ) ;
#2707 = DIRECTION ( 'NONE',  ( -1.000000000000000000, -0.000000000000000000, -0.000000000000000000 ) ) ;
#2708 = CARTESIAN_POINT ( 'NONE',  ( 125.0000000000000000, -24.00999999999702439, 114.0436091504053167 ) ) ;
#2709 = EDGE_LOOP ( 'NONE', ( #3851, #2494, #3630, #4251 ) ) ;
#2710 = ORIENTED_EDGE ( 'NONE', *, *, #5280, .T. ) ;
#2711 = DIRECTION ( 'NONE',  ( 0.000000000000000000, 0.9863939238338114146, -0.1643989872953514064 ) ) ;
#2712 = ORIENTED_EDGE ( 'NONE', *, *, #1946, .T. ) ;
#2713 = CARTESIAN_POINT ( 'NONE',  ( 125.0000000000000000, -20.62279464491106395, 116.1291704748964690 ) ) ;
#2715 = ADVANCED_FACE ( 'NONE', ( #6024 ), #3591, .F. ) ;
#2714 = CARTESIAN_POINT ( 'NONE',  ( -125.0000000000000000, 14.76109210099596325, -115.0000000000060538 ) ) ;
#2716 = ADVANCED_FACE ( 'NONE', ( #4242 ), #758, .F. ) ;
#2717 = DIRECTION ( 'NONE',  ( -1.000000000000000000, -0.000000000000000000, -0.000000000000000000 ) ) ;
#2718 = VERTEX_POINT ( 'NONE', #1364 ) ;
#2719 = CARTESIAN_POINT ( 'NONE',  ( 125.0000000000000000, 21.52022843723594292, 114.6730186729565020 ) ) ;
#2720 = DIRECTION ( 'NONE',  ( 1.000000000000000000, 0.000000000000000000, 0.000000000000000000 ) ) ;
#2721 = ADVANCED_FACE ( 'NONE', ( #4802 ), #828, .F. ) ;
#2722 = CARTESIAN_POINT ( 'NONE',  ( 125.0000000000000000, -0.009999999866441374244, 118.7027587512089042 ) ) ;
#2723 = FACE_OUTER_BOUND ( 'NONE', #2378, .T. ) ;
#2724 = DIRECTION ( 'NONE',  ( 0.000000000000000000, 0.000000000000000000, -1.000000000000000000 ) ) ;
#2725 = ORIENTED_EDGE ( 'NONE', *, *, #5265, .T. ) ;
#2726 = EDGE_LOOP ( 'NONE', ( #5146, #492, #2175, #1968 ) ) ;
#2727 = ORIENTED_EDGE ( 'NONE', *, *, #1863, .T. ) ;
#2728 = LINE ( 'NONE', #2224, #106 ) ;
#2729 = ORIENTED_EDGE ( 'NONE', *, *, #5649, .T. ) ;
#2730 = DIRECTION ( 'NONE',  ( 1.000000000000000000, 0.000000000000000000, 0.000000000000000000 ) ) ;
#2731 = EDGE_CURVE ( 'NONE', #1721, #3376, #4206, .T. ) ;
#2732 = EDGE_CURVE ( 'NONE', #5998, #245, #5336, .T. ) ;
#2733 = DIRECTION ( 'NONE',  ( -0.000000000000000000, 1.000000000000000000, 0.000000000000000000 ) ) ;
#2734 = CARTESIAN_POINT ( 'NONE',  ( 125.0000000000000000, 21.85610742295404663, -115.2603803704387673 ) ) ;
#2735 = DIRECTION ( 'NONE',  ( 0.000000000000000000, -0.000000000000000000, -1.000000000000000000 ) ) ;
#2736 = ORIENTED_EDGE ( 'NONE', *, *, #3757, .T. ) ;
#2737 = VERTEX_POINT ( 'NONE', #787 ) ;
#2738 = CARTESIAN_POINT ( 'NONE',  ( -125.0000000000000000, 20.86626570361147870, -0.8912754115804355504 ) ) ;
#2739 = AXIS2_PLACEMENT_3D ( 'NONE', #1344, #5964, #4254 ) ;
#2740 = VERTEX_POINT ( 'NONE', #6527 ) ;
#2741 = EDGE_CURVE ( 'NONE', #4691, #6343, #3107, .T. ) ;
#2742 = EDGE_CURVE ( 'NONE', #5136, #5613, #7103, .T. ) ;
#2743 = CARTESIAN_POINT ( 'NONE',  ( -125.0000000000000000, 20.07061230870005275, 2.194203832673879973 ) ) ;
#2744 = LINE ( 'NONE', #3383, #2417 ) ;
#2745 = CARTESIAN_POINT ( 'NONE',  ( 125.0000000000000000, 9.259999999809346960, 125.0000000001181490 ) ) ;
#2746 = DIRECTION ( 'NONE',  ( 0.000000000000000000, 0.000000000000000000, -1.000000000000000000 ) ) ;
#2747 = ORIENTED_EDGE ( 'NONE', *, *, #1745, .T. ) ;
#2748 = DIRECTION ( 'NONE',  ( -1.000000000000000000, -0.000000000000000000, -0.000000000000000000 ) ) ;
#2749 = DIRECTION ( 'NONE',  ( -1.000000000000000000, 0.000000000000000000, -0.000000000000000000 ) ) ;
#2750 = ORIENTED_EDGE ( 'NONE', *, *, #6314, .F. ) ;
#2751 = CARTESIAN_POINT ( 'NONE',  ( -125.0000000000000000, -12.50999999986642486, 125.0000000002088001 ) ) ;
#2752 = PLANE ( 'NONE',  #6166 ) ;
#2753 = DIRECTION ( 'NONE',  ( 0.000000000000000000, 0.000000000000000000, 1.000000000000000000 ) ) ;
#2754 = ORIENTED_EDGE ( 'NONE', *, *, #3113, .F. ) ;
#2755 = EDGE_CURVE ( 'NONE', #6525, #4564, #1288, .T. ) ;
#2756 = FACE_OUTER_BOUND ( 'NONE', #1880, .T. ) ;
#2757 = CARTESIAN_POINT ( 'NONE',  ( 125.0000000000000000, 5.260000000002621690, -117.0000000000202647 ) ) ;
#2758 = FACE_OUTER_BOUND ( 'NONE', #5807, .T. ) ;
#2759 = DIRECTION ( 'NONE',  ( -1.000000000000000000, -0.000000000000000000, -0.000000000000000000 ) ) ;
#2760 = DIRECTION ( 'NONE',  ( 0.000000000000000000, -0.8660254037844385966, -0.5000000000000001110 ) ) ;
#2761 = ORIENTED_EDGE ( 'NONE', *, *, #6965, .T. ) ;
#2762 = ORIENTED_EDGE ( 'NONE', *, *, #7520, .F. ) ;
#2763 = VERTEX_POINT ( 'NONE', #184 ) ;
#2764 = FACE_OUTER_BOUND ( 'NONE', #784, .T. ) ;
#2765 = AXIS2_PLACEMENT_3D ( 'NONE', #173, #5863, #1163 ) ;
#2766 = CARTESIAN_POINT ( 'NONE',  ( 125.0000000000000000, -5.259999999866473708, 117.0000000002087859 ) ) ;
#2767 = LINE ( 'NONE', #464, #5939 ) ;
#2768 = CARTESIAN_POINT ( 'NONE',  ( -125.0000000000000000, 21.63829944540634997, 115.1136656743429540 ) ) ;
#2769 = CIRCLE ( 'NONE', #3985, 0.1999999999990481614 ) ;
#2770 = CARTESIAN_POINT ( 'NONE',  ( 125.0000000000000000, 3.210000000002597442, -115.8305745823205655 ) ) ;
#2771 = ORIENTED_EDGE ( 'NONE', *, *, #3179, .F. ) ;
#2772 = ADVANCED_FACE ( 'NONE', ( #6065 ), #3632, .F. ) ;
#2773 = ORIENTED_EDGE ( 'NONE', *, *, #2304, .T. ) ;
#2774 = DIRECTION ( 'NONE',  ( -1.000000000000000000, -0.000000000000000000, -0.000000000000000000 ) ) ;
#2775 = VECTOR ( 'NONE', #2263, 1000.000000000000000 ) ;
#2776 = AXIS2_PLACEMENT_3D ( 'NONE', #4697, #505, #4587 ) ;
#2777 = ORIENTED_EDGE ( 'NONE', *, *, #6933, .T. ) ;
#2778 = LINE ( 'NONE', #5089, #458 ) ;
#2779 = CARTESIAN_POINT ( 'NONE',  ( -125.0000000000000000, -19.75999999986645861, -124.9999999997909725 ) ) ;
#2780 = DIRECTION ( 'NONE',  ( -1.000000000000000000, -0.000000000000000000, -0.000000000000000000 ) ) ;
#2781 = CIRCLE ( 'NONE', #6557, 0.1999999999992285726 ) ;
#2782 = EDGE_CURVE ( 'NONE', #5763, #1117, #1182, .T. ) ;
#2783 = EDGE_CURVE ( 'NONE', #5643, #3623, #151, .T. ) ;
#2784 = VERTEX_POINT ( 'NONE', #2487 ) ;
#2785 = VECTOR ( 'NONE', #4182, 1000.000000000000000 ) ;
#2786 = CARTESIAN_POINT ( 'NONE',  ( 125.0000000000000000, -16.50999999986648348, -124.9999999997909725 ) ) ;
#2787 = CARTESIAN_POINT ( 'NONE',  ( 125.0000000000000000, 3.210000000002597442, -115.8305745823205655 ) ) ;
#2788 = ORIENTED_EDGE ( 'NONE', *, *, #1397, .F. ) ;
#2789 = AXIS2_PLACEMENT_3D ( 'NONE', #3707, #5407, #2523 ) ;
#2790 = DIRECTION ( 'NONE',  ( 0.000000000000000000, 0.000000000000000000, -1.000000000000000000 ) ) ;
#2791 = LINE ( 'NONE', #7447, #7146 ) ;
#2792 = LINE ( 'NONE', #1744, #6096 ) ;
#2793 = VECTOR ( 'NONE', #4072, 1000.000000000000000 ) ;
#2794 = VECTOR ( 'NONE', #5624, 1000.000000000000000 ) ;
#2795 = EDGE_LOOP ( 'NONE', ( #4183, #3277, #79, #283 ) ) ;
#2796 = CARTESIAN_POINT ( 'NONE',  ( -125.0000000000000000, -21.85610742294770859, -115.2603803704363514 ) ) ;
#2797 = VECTOR ( 'NONE', #4803, 1000.000000000000000 ) ;
#2798 = CARTESIAN_POINT ( 'NONE',  ( -125.0000000000000000, -12.96109210085998598, 115.0000000001959108 ) ) ;
#2799 = VECTOR ( 'NONE', #6951, 1000.000000000000000 ) ;
#2800 = VECTOR ( 'NONE', #2396, 1000.000000000000000 ) ;
#2801 = VECTOR ( 'NONE', #4138, 1000.000000000000000 ) ;
#2802 = CARTESIAN_POINT ( 'NONE',  ( 125.0000000000000000, 26.00999999980916755, 125.0000000001181490 ) ) ;
#2803 = EDGE_CURVE ( 'NONE', #280, #5737, #1335, .T. ) ;
#2804 = LINE ( 'NONE', #33, #5556 ) ;
#2805 = ORIENTED_EDGE ( 'NONE', *, *, #225, .F. ) ;
#2806 = VECTOR ( 'NONE', #514, 1000.000000000000000 ) ;
#2807 = VECTOR ( 'NONE', #26, 1000.000000000000000 ) ;
#2808 = VERTEX_POINT ( 'NONE', #1987 ) ;
#2809 = ORIENTED_EDGE ( 'NONE', *, *, #2161, .F. ) ;
#2810 = DIRECTION ( 'NONE',  ( -1.000000000000000000, -0.000000000000000000, -0.000000000000000000 ) ) ;
#2811 = VERTEX_POINT ( 'NONE', #4310 ) ;
#2812 = CARTESIAN_POINT ( 'NONE',  ( -125.0000000000000000, 26.00999999980933453, -123.9999999998817373 ) ) ;
#2813 = VECTOR ( 'NONE', #3915, 1000.000000000000000 ) ;
#2814 = EDGE_CURVE ( 'NONE', #791, #1349, #1394, .T. ) ;
#2815 = FACE_OUTER_BOUND ( 'NONE', #6702, .T. ) ;
#2816 = EDGE_CURVE ( 'NONE', #2693, #7189, #264, .T. ) ;
#2817 = DIRECTION ( 'NONE',  ( -1.000000000000000000, -0.000000000000000000, -0.000000000000000000 ) ) ;
#2818 = LINE ( 'NONE', #5121, #2069 ) ;
#2819 = DIRECTION ( 'NONE',  ( 1.000000000000000000, 0.000000000000000000, 0.000000000000000000 ) ) ;
#2820 = ORIENTED_EDGE ( 'NONE', *, *, #5469, .F. ) ;
#2821 = ORIENTED_EDGE ( 'NONE', *, *, #6624, .T. ) ;
#2822 = VECTOR ( 'NONE', #1985, 1000.000000000000000 ) ;
#2823 = DIRECTION ( 'NONE',  ( -1.000000000000000000, -0.000000000000000000, -0.000000000000000000 ) ) ;
#2824 = ORIENTED_EDGE ( 'NONE', *, *, #6757, .T. ) ;
#2825 = CYLINDRICAL_SURFACE ( 'NONE', #6936, 1.250000000007465806 ) ;
#2826 = EDGE_CURVE ( 'NONE', #3786, #5759, #5026, .T. ) ;
#2827 = DIRECTION ( 'NONE',  ( 0.000000000000000000, -1.000000000000000000, 0.000000000000000000 ) ) ;
#2828 = CARTESIAN_POINT ( 'NONE',  ( 125.0000000000000000, -0.009999999866441374244, 115.2972412492088807 ) ) ;
#2829 = DIRECTION ( 'NONE',  ( 0.000000000000000000, 0.000000000000000000, -1.000000000000000000 ) ) ;
#2830 = VERTEX_POINT ( 'NONE', #7294 ) ;
#2831 = LINE ( 'NONE', #3350, #2402 ) ;
#2832 = CARTESIAN_POINT ( 'NONE',  ( -125.0000000000000000, -20.62279464491106395, 116.1291704748964690 ) ) ;
#2833 = ORIENTED_EDGE ( 'NONE', *, *, #5327, .F. ) ;
#2834 = CARTESIAN_POINT ( 'NONE',  ( -125.0000000000000000, 20.07061230870587920, -1.235176059473059196 ) ) ;
#2835 = CARTESIAN_POINT ( 'NONE',  ( 125.0000000000000000, -20.86626570360927602, -0.8912754115829026880 ) ) ;
#2836 = EDGE_CURVE ( 'NONE', #3764, #353, #3753, .T. ) ;
#2837 = EDGE_CURVE ( 'NONE', #5798, #4657, #5918, .T. ) ;
#2838 = CARTESIAN_POINT ( 'NONE',  ( -125.0000000000000000, 12.96109210099593945, -117.0000000000122782 ) ) ;
#2839 = ORIENTED_EDGE ( 'NONE', *, *, #7001, .F. ) ;
#2840 = CARTESIAN_POINT ( 'NONE',  ( 125.0000000000000000, 22.01000000000425416, -6.300949345616757569E-12 ) ) ;
#2841 = EDGE_CURVE ( 'NONE', #4798, #4923, #5061, .T. ) ;
#2842 = DIRECTION ( 'NONE',  ( 0.000000000000000000, 1.000000000000000000, 0.000000000000000000 ) ) ;
#2843 = DIRECTION ( 'NONE',  ( 1.000000000000000000, 0.000000000000000000, 0.000000000000000000 ) ) ;
#2844 = LINE ( 'NONE', #2877, #5198 ) ;
#2845 = ORIENTED_EDGE ( 'NONE', *, *, #6080, .F. ) ;
#2846 = ORIENTED_EDGE ( 'NONE', *, *, #82, .F. ) ;
#2847 = ORIENTED_EDGE ( 'NONE', *, *, #2160, .T. ) ;
#2848 = DIRECTION ( 'NONE',  ( 0.000000000000000000, -0.000000000000000000, 1.000000000000000000 ) ) ;
#2849 = VERTEX_POINT ( 'NONE', #3904 ) ;
#2850 = CARTESIAN_POINT ( 'NONE',  ( -125.0000000000000000, 21.85610742295421360, 115.2603803704352856 ) ) ;
#2851 = CARTESIAN_POINT ( 'NONE',  ( -125.0000000000000000, -0.009999999866441374244, 115.2972412492088807 ) ) ;
#2852 = LINE ( 'NONE', #9, #1910 ) ;
#2853 = DIRECTION ( 'NONE',  ( -1.000000000000000000, -0.000000000000000000, -0.000000000000000000 ) ) ;
#2854 = ORIENTED_EDGE ( 'NONE', *, *, #5420, .F. ) ;
#2855 = ORIENTED_EDGE ( 'NONE', *, *, #520, .F. ) ;
#2856 = ORIENTED_EDGE ( 'NONE', *, *, #4737, .F. ) ;
#2857 = EDGE_CURVE ( 'NONE', #3646, #1741, #4393, .T. ) ;
#2858 = LINE ( 'NONE', #5382, #2785 ) ;
#2859 = VERTEX_POINT ( 'NONE', #3822 ) ;
#2860 = CARTESIAN_POINT ( 'NONE',  ( 125.0000000000000000, 20.07061230870005275, 2.194203832673879973 ) ) ;
#2861 = DIRECTION ( 'NONE',  ( -1.000000000000000000, -0.000000000000000000, -0.000000000000000000 ) ) ;
#2862 = FACE_OUTER_BOUND ( 'NONE', #6616, .T. ) ;
#2863 = CARTESIAN_POINT ( 'NONE',  ( 125.0000000000000000, -16.81285590981789468, -115.1083004675539314 ) ) ;
#2864 = VERTEX_POINT ( 'NONE', #2798 ) ;
#2865 = VECTOR ( 'NONE', #2108, 1000.000000000000114 ) ;
#2866 = EDGE_CURVE ( 'NONE', #5903, #1479, #797, .T. ) ;
#2867 = DIRECTION ( 'NONE',  ( -1.000000000000000000, -0.000000000000000000, -0.000000000000000000 ) ) ;
#2868 = LINE ( 'NONE', #6977, #1564 ) ;
#2869 = VERTEX_POINT ( 'NONE', #3936 ) ;
#2870 = VERTEX_POINT ( 'NONE', #4458 ) ;
#2871 = LINE ( 'NONE', #1051, #4103 ) ;
#2872 = ORIENTED_EDGE ( 'NONE', *, *, #6302, .F. ) ;
#2873 = EDGE_CURVE ( 'NONE', #967, #5024, #2646, .T. ) ;
#2874 = PLANE ( 'NONE',  #2051 ) ;
#2875 = CARTESIAN_POINT ( 'NONE',  ( 125.0000000000000000, -12.96109210079664997, -117.0000000001194849 ) ) ;
#2876 = FACE_OUTER_BOUND ( 'NONE', #2214, .T. ) ;
#2877 = CARTESIAN_POINT ( 'NONE',  ( 125.0000000000000000, 24.01000000000296453, -4.472135955002962682 ) ) ;
#2878 = ORIENTED_EDGE ( 'NONE', *, *, #7010, .F. ) ;
#2879 = ORIENTED_EDGE ( 'NONE', *, *, #143, .F. ) ;
#2880 = EDGE_CURVE ( 'NONE', #4533, #696, #6254, .T. ) ;
#2881 = ORIENTED_EDGE ( 'NONE', *, *, #315, .F. ) ;
#2882 = CARTESIAN_POINT ( 'NONE',  ( 125.0000000000000000, 26.00999999980916755, 125.0000000001181490 ) ) ;
#2883 = VERTEX_POINT ( 'NONE', #3359 ) ;
#2884 = LINE ( 'NONE', #5188, #2797 ) ;
#2885 = CARTESIAN_POINT ( 'NONE',  ( 125.0000000000000000, 16.76109210080347367, 115.3014856328103264 ) ) ;
#2886 = CARTESIAN_POINT ( 'NONE',  ( 125.0000000000000000, 5.260000000002621690, -117.0000000000202647 ) ) ;
#2887 = LINE ( 'NONE', #2770, #721 ) ;
#2888 = AXIS2_PLACEMENT_3D ( 'NONE', #7508, #2867, #517 ) ;
#2889 = ORIENTED_EDGE ( 'NONE', *, *, #4214, .F. ) ;
#2890 = ORIENTED_EDGE ( 'NONE', *, *, #2569, .T. ) ;
#2891 = ORIENTED_EDGE ( 'NONE', *, *, #7531, .T. ) ;
#2892 = CARTESIAN_POINT ( 'NONE',  ( 125.0000000000000000, 20.62279464485416725, 116.1291704748252016 ) ) ;
#2893 = ORIENTED_EDGE ( 'NONE', *, *, #4762, .T. ) ;
#2894 = CARTESIAN_POINT ( 'NONE',  ( 125.0000000000000000, 22.34333333333446348, -2.981423970002945456 ) ) ;
#2895 = CARTESIAN_POINT ( 'NONE',  ( -125.0000000000000000, -2.990000000190692564, 118.0000000001180496 ) ) ;
#2896 = CARTESIAN_POINT ( 'NONE',  ( 125.0000000000000000, 22.01000000000309598, 116.5008710292995318 ) ) ;
#2897 = AXIS2_PLACEMENT_3D ( 'NONE', #3355, #6250, #3395 ) ;
#2898 = DIRECTION ( 'NONE',  ( -1.000000000000000000, -0.000000000000000000, -0.000000000000000000 ) ) ;
#2899 = ADVANCED_FACE ( 'NONE', ( #7249 ), #2023, .F. ) ;
#2900 = ORIENTED_EDGE ( 'NONE', *, *, #225, .T. ) ;
#2901 = AXIS2_PLACEMENT_3D ( 'NONE', #4161, #710, #2982 ) ;
#2902 = CARTESIAN_POINT ( 'NONE',  ( 125.0000000000000000, 5.259999999809370053, 114.0000000001180496 ) ) ;
#2903 = CARTESIAN_POINT ( 'NONE',  ( 125.0000000000000000, 5.260000000002621690, -114.0000000000203784 ) ) ;
#2904 = CARTESIAN_POINT ( 'NONE',  ( -125.0000000000000000, 9.361092100802974159, 117.0000000001181633 ) ) ;
#2905 = LINE ( 'NONE', #411, #5797 ) ;
#2906 = VECTOR ( 'NONE', #1840, 1000.000000000000000 ) ;
#2907 = LINE ( 'NONE', #2950, #4015 ) ;
#2908 = EDGE_CURVE ( 'NONE', #353, #5472, #868, .T. ) ;
#2909 = VECTOR ( 'NONE', #4001, 1000.000000000000000 ) ;
#2910 = VERTEX_POINT ( 'NONE', #297 ) ;
#2911 = VECTOR ( 'NONE', #3676, 1000.000000000000000 ) ;
#2912 = CARTESIAN_POINT ( 'NONE',  ( 125.0000000000000000, 19.75999999980918886, 120.0846308026180367 ) ) ;
#2913 = VECTOR ( 'NONE', #6967, 1000.000000000000000 ) ;
#2914 = VECTOR ( 'NONE', #1615, 1000.000000000000000 ) ;
#2915 = LINE ( 'NONE', #1282, #4711 ) ;
#2916 = VECTOR ( 'NONE', #7446, 1000.000000000000000 ) ;
#2917 = LINE ( 'NONE', #609, #3874 ) ;
#2918 = EDGE_CURVE ( 'NONE', #847, #957, #2016, .T. ) ;
#2919 = DIRECTION ( 'NONE',  ( 0.000000000000000000, -1.000000000000000000, 0.000000000000000000 ) ) ;
#2920 = VERTEX_POINT ( 'NONE', #2283 ) ;
#2921 = ORIENTED_EDGE ( 'NONE', *, *, #5469, .T. ) ;
#2922 = VECTOR ( 'NONE', #1100, 1000.000000000000000 ) ;
#2923 = VECTOR ( 'NONE', #3842, 1000.000000000000000 ) ;
#2924 = LINE ( 'NONE', #534, #6432 ) ;
#2925 = ORIENTED_EDGE ( 'NONE', *, *, #6830, .T. ) ;
#2926 = CARTESIAN_POINT ( 'NONE',  ( 125.0000000000000000, 9.260000000002598597, -120.0000000000203784 ) ) ;
#2927 = CARTESIAN_POINT ( 'NONE',  ( -125.0000000000000000, 5.260000000002621690, -120.0000000000203784 ) ) ;
#2928 = ADVANCED_FACE ( 'NONE', ( #4047 ), #776, .F. ) ;
#2929 = EDGE_CURVE ( 'NONE', #5613, #3069, #4864, .T. ) ;
#2930 = VECTOR ( 'NONE', #893, 1000.000000000000000 ) ;
#2931 = VECTOR ( 'NONE', #2159, 1000.000000000000000 ) ;
#2932 = CIRCLE ( 'NONE', #5222, 0.2000000000027925551 ) ;
#2933 = DIRECTION ( 'NONE',  ( 1.000000000000000000, 0.000000000000000000, 0.000000000000000000 ) ) ;
#2934 = VERTEX_POINT ( 'NONE', #3549 ) ;
#2935 = VERTEX_POINT ( 'NONE', #2554 ) ;
#2936 = EDGE_LOOP ( 'NONE', ( #4551, #2102, #3766, #2424 ) ) ;
#2937 = PLANE ( 'NONE',  #7422 ) ;
#2938 = CLOSED_SHELL ( 'NONE', ( #7326, #5689, #5795, #6392, #4573, #6503, #5703, #2068, #7188, #6699, #4990, #6244, #1976, #4813, #3966, #6546, #3178, #3583, #1490, #3940, #5826, #6495, #2316, #568, #5245, #6604, #2721, #4996, #5354, #1835, #2216, #6406, #3521, #6220, #1626, #6050, #186, #3186, #1641, #7032, #2625, #4519, #1552, #713, #3704, #2115, #3300, #3825, #5847, #4897, #5816, #5142, #2642, #6526, #3652, #5982, #7069, #5127, #4560, #6199, #4878, #7099, #3071, #1965, #4995, #6904, #4674, #5983, #1706, #7467, #3925, #4804, #14, #316, #3607, #2014, #581, #5952, #2575, #4518, #7395, #2446, #1224, #5399, #2049, #872, #5990, #7340, #2303, #2716, #5093, #5158, #4273, #3470, #2077, #6873, #5281, #1167, #6837, #5656, #2998, #6714, #6614, #3745, #4440, #2928, #838, #1011, #7198, #1903, #1158, #2484, #2151 ) ) ;
#2939 = ORIENTED_EDGE ( 'NONE', *, *, #1859, .F. ) ;
#2940 = CARTESIAN_POINT ( 'NONE',  ( 125.0000000000000000, -24.00999999999702439, 4.472135955000594798 ) ) ;
#2941 = DIRECTION ( 'NONE',  ( 0.000000000000000000, -0.000000000000000000, 1.000000000000000000 ) ) ;
#2942 = CARTESIAN_POINT ( 'NONE',  ( 125.0000000000000000, -5.259999999866473708, 125.0000000002088001 ) ) ;
#2943 = PLANE ( 'NONE',  #4137 ) ;
#2944 = AXIS2_PLACEMENT_3D ( 'NONE', #7153, #3120, #243 ) ;
#2945 = EDGE_LOOP ( 'NONE', ( #1951, #5678, #3352, #4808 ) ) ;
#2946 = CARTESIAN_POINT ( 'NONE',  ( 125.0000000000000000, -5.259999999866640685, -119.9999999997910862 ) ) ;
#2947 = CARTESIAN_POINT ( 'NONE',  ( 125.0000000000000000, 5.259999999809370053, 117.0000000001181633 ) ) ;
#2948 = PLANE ( 'NONE',  #3659 ) ;
#2949 = DIRECTION ( 'NONE',  ( -1.000000000000000000, -0.000000000000000000, -0.000000000000000000 ) ) ;
#2950 = CARTESIAN_POINT ( 'NONE',  ( 125.0000000000000000, -5.259999999866473708, 114.0000000002086722 ) ) ;
#2951 = ORIENTED_EDGE ( 'NONE', *, *, #924, .F. ) ;
#2952 = FACE_OUTER_BOUND ( 'NONE', #3839, .T. ) ;
#2953 = EDGE_CURVE ( 'NONE', #2434, #6278, #5070, .T. ) ;
#2954 = EDGE_CURVE ( 'NONE', #5145, #6968, #4822, .T. ) ;
#2955 = DIRECTION ( 'NONE',  ( -1.000000000000000000, -0.000000000000000000, -0.000000000000000000 ) ) ;
#2956 = PLANE ( 'NONE',  #4950 ) ;
#2957 = DIRECTION ( 'NONE',  ( -1.000000000000000000, -0.000000000000000000, -0.000000000000000000 ) ) ;
#2958 = CARTESIAN_POINT ( 'NONE',  ( -125.0000000000000000, -9.259999999866504794, 120.0000000002086722 ) ) ;
#2959 = EDGE_LOOP ( 'NONE', ( #6478, #3366, #1948, #754 ) ) ;
#2960 = ORIENTED_EDGE ( 'NONE', *, *, #196, .T. ) ;
#2961 = CARTESIAN_POINT ( 'NONE',  ( 125.0000000000000000, -19.75999999986645861, -120.0846308022910591 ) ) ;
#2962 = EDGE_CURVE ( 'NONE', #2187, #3491, #1937, .T. ) ;
#2963 = CARTESIAN_POINT ( 'NONE',  ( 125.0000000000000000, 24.01000000000306400, 4.472135955001192542 ) ) ;
#2964 = CYLINDRICAL_SURFACE ( 'NONE', #3402, 0.2000000000065701444 ) ;
#2965 = DIRECTION ( 'NONE',  ( -1.000000000000000000, -0.000000000000000000, -0.000000000000000000 ) ) ;
#2966 = FACE_OUTER_BOUND ( 'NONE', #4669, .T. ) ;
#2967 = ORIENTED_EDGE ( 'NONE', *, *, #4927, .F. ) ;
#2968 = ORIENTED_EDGE ( 'NONE', *, *, #2020, .T. ) ;
#2969 = VERTEX_POINT ( 'NONE', #4715 ) ;
#2970 = EDGE_CURVE ( 'NONE', #3773, #7076, #6594, .T. ) ;
#2971 = EDGE_CURVE ( 'NONE', #6850, #6745, #7161, .T. ) ;
#2972 = LINE ( 'NONE', #3568, #336 ) ;
#2973 = ORIENTED_EDGE ( 'NONE', *, *, #4755, .T. ) ;
#2974 = CARTESIAN_POINT ( 'NONE',  ( 125.0000000000000000, 0.009999999809365651623, 118.5000000001182201 ) ) ;
#2975 = LINE ( 'NONE', #4671, #5324 ) ;
#2976 = CARTESIAN_POINT ( 'NONE',  ( 125.0000000000000000, 2.010000000002646559, -120.0000000000203784 ) ) ;
#2977 = CARTESIAN_POINT ( 'NONE',  ( 125.0000000000000000, 21.02402215828953302, 0.7683408720461021302 ) ) ;
#2978 = ORIENTED_EDGE ( 'NONE', *, *, #6819, .T. ) ;
#2979 = EDGE_CURVE ( 'NONE', #6377, #6745, #2440, .T. ) ;
#2980 = CARTESIAN_POINT ( 'NONE',  ( 125.0000000000000000, -20.07061230869364010, -2.194203832672704912 ) ) ;
#2981 = DIRECTION ( 'NONE',  ( 0.000000000000000000, -1.000000000000000000, 0.000000000000000000 ) ) ;
#2982 = DIRECTION ( 'NONE',  ( 0.000000000000000000, 0.000000000000000000, 1.000000000000000000 ) ) ;
#2983 = CARTESIAN_POINT ( 'NONE',  ( -125.0000000000000000, 14.76109210080304557, 117.0000000001212754 ) ) ;
#2984 = DIRECTION ( 'NONE',  ( 0.000000000000000000, -1.000000000000000000, 0.000000000000000000 ) ) ;
#2985 = CARTESIAN_POINT ( 'NONE',  ( -125.0000000000000000, 26.00999999980916755, 125.0000000001181490 ) ) ;
#2986 = EDGE_LOOP ( 'NONE', ( #3410, #4835, #4561, #7213 ) ) ;
#2987 = CARTESIAN_POINT ( 'NONE',  ( -125.0000000000000000, -0.009999999866441374244, 115.2972412492088807 ) ) ;
#2988 = CIRCLE ( 'NONE', #1493, 1.000000000000084155 ) ;
#2989 = DIRECTION ( 'NONE',  ( -1.000000000000000000, -0.000000000000000000, -0.000000000000000000 ) ) ;
#2990 = DIRECTION ( 'NONE',  ( 0.000000000000000000, 0.000000000000000000, 1.000000000000000000 ) ) ;
#2991 = EDGE_CURVE ( 'NONE', #664, #3754, #1317, .T. ) ;
#2992 = VERTEX_POINT ( 'NONE', #1206 ) ;
#2993 = ORIENTED_EDGE ( 'NONE', *, *, #5649, .F. ) ;
#2994 = CARTESIAN_POINT ( 'NONE',  ( 125.0000000000000000, -5.259999999866640685, -119.9999999997910862 ) ) ;
#2995 = LINE ( 'NONE', #2963, #1136 ) ;
#2996 = DIRECTION ( 'NONE',  ( 0.000000000000000000, 0.000000000000000000, 1.000000000000000000 ) ) ;
#2997 = DIRECTION ( 'NONE',  ( 1.000000000000000000, 0.000000000000000000, 0.000000000000000000 ) ) ;
#2998 = ADVANCED_FACE ( 'NONE', ( #207 ), #4117, .T. ) ;
#2999 = ORIENTED_EDGE ( 'NONE', *, *, #4755, .F. ) ;
#3000 = ORIENTED_EDGE ( 'NONE', *, *, #1038, .F. ) ;
#3001 = EDGE_LOOP ( 'NONE', ( #3873, #6770, #301, #289 ) ) ;
#3002 = LINE ( 'NONE', #5303, #6559 ) ;
#3003 = ORIENTED_EDGE ( 'NONE', *, *, #5318, .F. ) ;
#3004 = DIRECTION ( 'NONE',  ( 0.000000000000000000, 0.000000000000000000, 1.000000000000000000 ) ) ;
#3005 = VECTOR ( 'NONE', #1864, 1000.000000000000000 ) ;
#3006 = DIRECTION ( 'NONE',  ( 0.000000000000000000, 0.000000000000000000, 1.000000000000000000 ) ) ;
#3007 = LINE ( 'NONE', #7003, #2192 ) ;
#3008 = FACE_OUTER_BOUND ( 'NONE', #2986, .T. ) ;
#3009 = ADVANCED_FACE ( 'NONE', ( #5929 ), #6479, .F. ) ;
#3010 = EDGE_CURVE ( 'NONE', #6589, #2343, #3612, .T. ) ;
#3011 = ORIENTED_EDGE ( 'NONE', *, *, #5345, .T. ) ;
#3012 = DIRECTION ( 'NONE',  ( -1.000000000000000000, -0.000000000000000000, -0.000000000000000000 ) ) ;
#3013 = DIRECTION ( 'NONE',  ( 0.000000000000000000, -0.000000000000000000, -1.000000000000000000 ) ) ;
#3014 = DIRECTION ( 'NONE',  ( 1.000000000000000000, 0.000000000000000000, 0.000000000000000000 ) ) ;
#3015 = LINE ( 'NONE', #1161, #4021 ) ;
#3016 = CIRCLE ( 'NONE', #7267, 1.500000000000323963 ) ;
#3017 = CARTESIAN_POINT ( 'NONE',  ( 125.0000000000000000, -5.259999999866640685, -119.9999999997910862 ) ) ;
#3018 = CARTESIAN_POINT ( 'NONE',  ( 125.0000000000000000, 9.260000000002598597, -120.0000000000203784 ) ) ;
#3019 = FACE_OUTER_BOUND ( 'NONE', #2129, .T. ) ;
#3020 = ADVANCED_FACE ( 'NONE', ( #747 ), #5974, .F. ) ;
#3021 = EDGE_CURVE ( 'NONE', #5864, #7065, #318, .T. ) ;
#3022 = VECTOR ( 'NONE', #6765, 1000.000000000000000 ) ;
#3023 = ORIENTED_EDGE ( 'NONE', *, *, #5742, .F. ) ;
#3024 = FACE_OUTER_BOUND ( 'NONE', #1250, .T. ) ;
#3025 = VECTOR ( 'NONE', #39, 999.9999999999998863 ) ;
#3026 = VECTOR ( 'NONE', #1184, 1000.000000000000000 ) ;
#3027 = CARTESIAN_POINT ( 'NONE',  ( 125.0000000000000000, 22.51000000000263768, -2.972135955002638497 ) ) ;
#3028 = DIRECTION ( 'NONE',  ( 0.000000000000000000, 0.000000000000000000, -1.000000000000000000 ) ) ;
#3029 = LINE ( 'NONE', #147, #364 ) ;
#3030 = CYLINDRICAL_SURFACE ( 'NONE', #6665, 0.1999999999990481614 ) ;
#3031 = AXIS2_PLACEMENT_3D ( 'NONE', #5562, #345, #2688 ) ;
#3032 = ORIENTED_EDGE ( 'NONE', *, *, #4441, .F. ) ;
#3033 = VERTEX_POINT ( 'NONE', #668 ) ;
#3034 = DIRECTION ( 'NONE',  ( 0.000000000000000000, -0.000000000000000000, -1.000000000000000000 ) ) ;
#3035 = VECTOR ( 'NONE', #5927, 1000.000000000000000 ) ;
#3037 = ADVANCED_FACE ( 'NONE', ( #6513 ), #5358, .F. ) ;
#3036 = CARTESIAN_POINT ( 'NONE',  ( -125.0000000000000000, -12.96109210079664997, -117.0000000001194849 ) ) ;
#3038 = DIRECTION ( 'NONE',  ( -1.000000000000000000, 0.000000000000000000, -0.000000000000000000 ) ) ;
#3039 = DIRECTION ( 'NONE',  ( -1.000000000000000000, -0.000000000000000000, -0.000000000000000000 ) ) ;
#3040 = AXIS2_PLACEMENT_3D ( 'NONE', #623, #5274, #6536 ) ;
#3041 = AXIS2_PLACEMENT_3D ( 'NONE', #1016, #3358, #5670 ) ;
#3042 = VERTEX_POINT ( 'NONE', #138 ) ;
#3043 = AXIS2_PLACEMENT_3D ( 'NONE', #5884, #627, #2349 ) ;
#3044 = ORIENTED_EDGE ( 'NONE', *, *, #889, .T. ) ;
#3045 = VERTEX_POINT ( 'NONE', #2474 ) ;
#3046 = LINE ( 'NONE', #3645, #4611 ) ;
#3047 = AXIS2_PLACEMENT_3D ( 'NONE', #3073, #5945, #5368 ) ;
#3048 = EDGE_CURVE ( 'NONE', #1357, #3813, #7124, .T. ) ;
#3049 = ORIENTED_EDGE ( 'NONE', *, *, #4483, .T. ) ;
#3050 = ADVANCED_FACE ( 'NONE', ( #2590 ), #7322, .F. ) ;
#3051 = VECTOR ( 'NONE', #4332, 1000.000000000000000 ) ;
#3052 = CARTESIAN_POINT ( 'NONE',  ( -125.0000000000000000, 9.361092100802974159, 115.0000000001181633 ) ) ;
#3053 = AXIS2_PLACEMENT_3D ( 'NONE', #6918, #1142, #4579 ) ;
#3054 = CARTESIAN_POINT ( 'NONE',  ( 125.0000000000000000, -11.16109210085998882, 115.0000000002078906 ) ) ;
#3055 = DIRECTION ( 'NONE',  ( 0.000000000000000000, 0.000000000000000000, -1.000000000000000000 ) ) ;
#3056 = LINE ( 'NONE', #5968, #4373 ) ;
#3057 = ORIENTED_EDGE ( 'NONE', *, *, #1217, .T. ) ;
#3058 = AXIS2_PLACEMENT_3D ( 'NONE', #278, #6086, #6121 ) ;
#3059 = VECTOR ( 'NONE', #3471, 1000.000000000000000 ) ;
#3060 = DIRECTION ( 'NONE',  ( -1.000000000000000000, -0.000000000000000000, -0.000000000000000000 ) ) ;
#3061 = CARTESIAN_POINT ( 'NONE',  ( 125.0000000000000000, 22.00319135037984708, 114.0436091504059135 ) ) ;
#3062 = EDGE_LOOP ( 'NONE', ( #3236, #1457, #6580, #1845 ) ) ;
#3063 = DIRECTION ( 'NONE',  ( 0.000000000000000000, 0.000000000000000000, -1.000000000000000000 ) ) ;
#3064 = EDGE_CURVE ( 'NONE', #4261, #7281, #886, .T. ) ;
#3065 = CARTESIAN_POINT ( 'NONE',  ( 125.0000000000000000, -26.00999999986646216, -124.9999999997909725 ) ) ;
#3066 = DIRECTION ( 'NONE',  ( -1.000000000000000000, -0.000000000000000000, -0.000000000000000000 ) ) ;
#3067 = CIRCLE ( 'NONE', #4028, 3.000000000007561507 ) ;
#3068 = DIRECTION ( 'NONE',  ( 0.000000000000000000, -1.000000000000000000, 0.000000000000000000 ) ) ;
#3069 = VERTEX_POINT ( 'NONE', #3313 ) ;
#3070 = CARTESIAN_POINT ( 'NONE',  ( 125.0000000000000000, 20.14637033074636818, 2.350932677870090526 ) ) ;
#3071 = ADVANCED_FACE ( 'NONE', ( #5727 ), #2429, .F. ) ;
#3072 = EDGE_CURVE ( 'NONE', #5853, #1316, #3650, .T. ) ;
#3073 = CARTESIAN_POINT ( 'NONE',  ( -125.0000000000000000, 20.57103083586864400, 116.3223556399383085 ) ) ;
#3074 = ORIENTED_EDGE ( 'NONE', *, *, #3214, .T. ) ;
#3075 = DIRECTION ( 'NONE',  ( -0.000000000000000000, 1.000000000000000000, 0.000000000000000000 ) ) ;
#3076 = EDGE_CURVE ( 'NONE', #4398, #5660, #2034, .T. ) ;
#3077 = CARTESIAN_POINT ( 'NONE',  ( 125.0000000000000000, 19.76000000000243872, -125.0000000000202931 ) ) ;
#3078 = DIRECTION ( 'NONE',  ( 0.000000000000000000, 0.000000000000000000, -1.000000000000000000 ) ) ;
#3079 = DIRECTION ( 'NONE',  ( 0.000000000000000000, 1.000000000000000000, 0.000000000000000000 ) ) ;
#3080 = VERTEX_POINT ( 'NONE', #4435 ) ;
#3081 = ORIENTED_EDGE ( 'NONE', *, *, #937, .T. ) ;
#3082 = ORIENTED_EDGE ( 'NONE', *, *, #6663, .F. ) ;
#3083 = LINE ( 'NONE', #2496, #578 ) ;
#3084 = ORIENTED_EDGE ( 'NONE', *, *, #616, .F. ) ;
#3085 = LINE ( 'NONE', #5458, #3953 ) ;
#3086 = CARTESIAN_POINT ( 'NONE',  ( -125.0000000000000000, 14.76109210099596325, -117.0000000000027285 ) ) ;
#3087 = CARTESIAN_POINT ( 'NONE',  ( 125.0000000000000000, -20.07061230869364010, -1.235176059473699128 ) ) ;
#3088 = CARTESIAN_POINT ( 'NONE',  ( -125.0000000000000000, -9.361092100859993437, 117.0000000002087859 ) ) ;
#3089 = ORIENTED_EDGE ( 'NONE', *, *, #3281, .T. ) ;
#3090 = EDGE_CURVE ( 'NONE', #3765, #1177, #5461, .T. ) ;
#3091 = ORIENTED_EDGE ( 'NONE', *, *, #5181, .F. ) ;
#3092 = FACE_OUTER_BOUND ( 'NONE', #5722, .T. ) ;
#3093 = LINE ( 'NONE', #3061, #3871 ) ;
#3094 = ORIENTED_EDGE ( 'NONE', *, *, #2569, .F. ) ;
#3095 = DIRECTION ( 'NONE',  ( 0.000000000000000000, -1.000000000000000000, 0.000000000000000000 ) ) ;
#3096 = CARTESIAN_POINT ( 'NONE',  ( 125.0000000000000000, -0.009999999866441374244, 115.2972412492088807 ) ) ;
#3097 = CARTESIAN_POINT ( 'NONE',  ( -125.0000000000000000, -20.86626570360927602, -0.8912754115829026880 ) ) ;
#3098 = DIRECTION ( 'NONE',  ( 0.000000000000000000, -0.000000000000000000, 1.000000000000000000 ) ) ;
#3099 = EDGE_CURVE ( 'NONE', #6019, #2103, #3869, .T. ) ;
#3100 = ORIENTED_EDGE ( 'NONE', *, *, #340, .F. ) ;
#3101 = LINE ( 'NONE', #5437, #6796 ) ;
#3102 = ORIENTED_EDGE ( 'NONE', *, *, #4272, .F. ) ;
#3103 = EDGE_CURVE ( 'NONE', #1251, #2481, #7024, .T. ) ;
#3104 = ADVANCED_FACE ( 'NONE', ( #4919 ), #6729, .F. ) ;
#3105 = ORIENTED_EDGE ( 'NONE', *, *, #98, .T. ) ;
#3106 = AXIS2_PLACEMENT_3D ( 'NONE', #1144, #38, #3483 ) ;
#3107 = LINE ( 'NONE', #6572, #1796 ) ;
#3108 = UNCERTAINTY_MEASURE_WITH_UNIT (LENGTH_MEASURE( 1.000000000000000082E-05 ), #6645, 'distance_accuracy_value', 'NONE');
#3109 = DIRECTION ( 'NONE',  ( 0.000000000000000000, 0.9659258262884606872, -0.2588190451047883145 ) ) ;
#3110 = LINE ( 'NONE', #4740, #1300 ) ;
#3111 = DIRECTION ( 'NONE',  ( 0.000000000000000000, 0.000000000000000000, -1.000000000000000000 ) ) ;
#3112 = EDGE_CURVE ( 'NONE', #6282, #3901, #5039, .T. ) ;
#3113 = EDGE_CURVE ( 'NONE', #2369, #5016, #3833, .T. ) ;
#3114 = ORIENTED_EDGE ( 'NONE', *, *, #341, .T. ) ;
#3115 = ORIENTED_EDGE ( 'NONE', *, *, #2731, .T. ) ;
#3116 = ORIENTED_EDGE ( 'NONE', *, *, #1366, .F. ) ;
#3117 = VERTEX_POINT ( 'NONE', #1522 ) ;
#3118 = LINE ( 'NONE', #7194, #7240 ) ;
#3119 = LINE ( 'NONE', #3685, #5694 ) ;
#3120 = DIRECTION ( 'NONE',  ( 1.000000000000000000, 0.000000000000000000, 0.000000000000000000 ) ) ;
#3121 = CARTESIAN_POINT ( 'NONE',  ( -125.0000000000000000, 22.34333333333724880, 2.981423970001065182 ) ) ;
#3122 = ORIENTED_EDGE ( 'NONE', *, *, #881, .F. ) ;
#3123 = ORIENTED_EDGE ( 'NONE', *, *, #4777, .F. ) ;
#3124 = DIRECTION ( 'NONE',  ( 0.000000000000000000, 0.000000000000000000, 1.000000000000000000 ) ) ;
#3125 = EDGE_LOOP ( 'NONE', ( #5928, #497, #2685, #388 ) ) ;
#3126 = CARTESIAN_POINT ( 'NONE',  ( -125.0000000000000000, -14.76109210079678391, -117.0000000001221423 ) ) ;
#3127 = DIRECTION ( 'NONE',  ( 0.000000000000000000, 0.000000000000000000, -1.000000000000000000 ) ) ;
#3128 = DIRECTION ( 'NONE',  ( -1.000000000000000000, 0.000000000000000000, -0.000000000000000000 ) ) ;
#3129 = EDGE_LOOP ( 'NONE', ( #7329, #2459, #2072, #920 ) ) ;
#3130 = EDGE_LOOP ( 'NONE', ( #6723, #7344, #5353, #4660 ) ) ;
#3131 = DIRECTION ( 'NONE',  ( -1.000000000000000000, -0.000000000000000000, -0.000000000000000000 ) ) ;
#3132 = ORIENTED_EDGE ( 'NONE', *, *, #2783, .F. ) ;
#3133 = EDGE_CURVE ( 'NONE', #3262, #4024, #3220, .T. ) ;
#3134 = LINE ( 'NONE', #6452, #1658 ) ;
#3135 = DIRECTION ( 'NONE',  ( -1.000000000000000000, -0.000000000000000000, -0.000000000000000000 ) ) ;
#3136 = EDGE_LOOP ( 'NONE', ( #5615, #2632, #5342, #6535 ) ) ;
#3137 = VECTOR ( 'NONE', #4940, 1000.000000000000000 ) ;
#3138 = CARTESIAN_POINT ( 'NONE',  ( -125.0000000000000000, 12.96109210080290985, 117.0000000001201670 ) ) ;
#3139 = ADVANCED_FACE ( 'NONE', ( #274 ), #2698, .F. ) ;
#3140 = CARTESIAN_POINT ( 'NONE',  ( -125.0000000000000000, 19.76000000000243872, -125.0000000000202931 ) ) ;
#3141 = DIRECTION ( 'NONE',  ( -1.000000000000000000, -0.000000000000000000, -0.000000000000000000 ) ) ;
#3142 = VERTEX_POINT ( 'NONE', #3191 ) ;
#3143 = AXIS2_PLACEMENT_3D ( 'NONE', #3769, #4928, #2043 ) ;
#3144 = ORIENTED_EDGE ( 'NONE', *, *, #6213, .F. ) ;
#3145 = ORIENTED_EDGE ( 'NONE', *, *, #5373, .F. ) ;
#3146 = SURFACE_SIDE_STYLE ('',( #4317 ) ) ;
#3147 = VECTOR ( 'NONE', #4772, 1000.000000000000000 ) ;
#3148 = VERTEX_POINT ( 'NONE', #5003 ) ;
#3149 = DIRECTION ( 'NONE',  ( 0.000000000000000000, 0.000000000000000000, -1.000000000000000000 ) ) ;
#3150 = EDGE_CURVE ( 'NONE', #245, #664, #796, .T. ) ;
#3151 = EDGE_CURVE ( 'NONE', #3283, #803, #6118, .T. ) ;
#3152 = CARTESIAN_POINT ( 'NONE',  ( -125.0000000000000000, 9.361092100802974159, 117.0000000001181633 ) ) ;
#3153 = AXIS2_PLACEMENT_3D ( 'NONE', #6891, #969, #6357 ) ;
#3154 = CARTESIAN_POINT ( 'NONE',  ( -125.0000000000000000, -14.76109210086011991, 117.0000000001927987 ) ) ;
#3155 = VECTOR ( 'NONE', #1584, 1000.000000000000000 ) ;
#3156 = VECTOR ( 'NONE', #7115, 1000.000000000000000 ) ;
#3157 = ORIENTED_EDGE ( 'NONE', *, *, #7209, .T. ) ;
#3158 = ORIENTED_EDGE ( 'NONE', *, *, #6603, .F. ) ;
#3159 = CARTESIAN_POINT ( 'NONE',  ( 125.0000000000000000, 22.51000000000263768, -2.972135955002638497 ) ) ;
#3160 = CARTESIAN_POINT ( 'NONE',  ( -125.0000000000000000, -22.00999999986693467, 116.5008710294929273 ) ) ;
#3161 = AXIS2_PLACEMENT_3D ( 'NONE', #3811, #5589, #322 ) ;
#3162 = AXIS2_PLACEMENT_3D ( 'NONE', #2708, #1465, #2630 ) ;
#3163 = ORIENTED_EDGE ( 'NONE', *, *, #1261, .T. ) ;
#3164 = DIRECTION ( 'NONE',  ( -1.000000000000000000, -0.000000000000000000, -0.000000000000000000 ) ) ;
#3165 = FACE_OUTER_BOUND ( 'NONE', #4578, .T. ) ;
#3166 = CARTESIAN_POINT ( 'NONE',  ( 125.0000000000000000, -19.75999999986629163, 125.0000000002088001 ) ) ;
#3167 = DIRECTION ( 'NONE',  ( 0.000000000000000000, 0.000000000000000000, -1.000000000000000000 ) ) ;
#3168 = FACE_OUTER_BOUND ( 'NONE', #3455, .T. ) ;
#3169 = CIRCLE ( 'NONE', #961, 0.1999999999994367395 ) ;
#3170 = VECTOR ( 'NONE', #2587, 1000.000000000000000 ) ;
#3171 = EDGE_LOOP ( 'NONE', ( #4298, #4037, #5082, #4510 ) ) ;
#3172 = LINE ( 'NONE', #4335, #2930 ) ;
#3173 = CIRCLE ( 'NONE', #2571, 1.250000000000070610 ) ;
#3174 = ORIENTED_EDGE ( 'NONE', *, *, #1631, .F. ) ;
#3175 = PLANE ( 'NONE',  #2199 ) ;
#3176 = ORIENTED_EDGE ( 'NONE', *, *, #3563, .F. ) ;
#3177 = VECTOR ( 'NONE', #2753, 1000.000000000000000 ) ;
#3178 = ADVANCED_FACE ( 'NONE', ( #393 ), #7348, .F. ) ;
#3179 = EDGE_CURVE ( 'NONE', #814, #423, #2769, .T. ) ;
#3180 = DIRECTION ( 'NONE',  ( -1.000000000000000000, -0.000000000000000000, -0.000000000000000000 ) ) ;
#3181 = CARTESIAN_POINT ( 'NONE',  ( -125.0000000000000000, 0.009999999809365651623, 120.0000000001180496 ) ) ;
#3182 = CYLINDRICAL_SURFACE ( 'NONE', #4601, 1.250000000000070610 ) ;
#3183 = DIRECTION ( 'NONE',  ( -1.000000000000000000, -0.000000000000000000, -0.000000000000000000 ) ) ;
#3184 = ORIENTED_EDGE ( 'NONE', *, *, #7506, .T. ) ;
#3185 = EDGE_LOOP ( 'NONE', ( #6843, #2577, #1259, #28 ) ) ;
#3186 = ADVANCED_FACE ( 'NONE', ( #4886 ), #2147, .F. ) ;
#3187 = ORIENTED_EDGE ( 'NONE', *, *, #6465, .F. ) ;
#3188 = CARTESIAN_POINT ( 'NONE',  ( 125.0000000000000000, -16.76109210079674838, -115.3014856328114206 ) ) ;
#3189 = ORIENTED_EDGE ( 'NONE', *, *, #2403, .F. ) ;
#3190 = DIRECTION ( 'NONE',  ( 0.000000000000000000, -1.000000000000000000, 0.000000000000000000 ) ) ;
#3191 = CARTESIAN_POINT ( 'NONE',  ( -125.0000000000000000, 11.16109210099602755, -115.0000000000193836 ) ) ;
#3192 = DIRECTION ( 'NONE',  ( -1.000000000000000000, 0.000000000000000000, -0.000000000000000000 ) ) ;
#3193 = LINE ( 'NONE', #2655, #5347 ) ;
#3194 = DIRECTION ( 'NONE',  ( 0.000000000000000000, 0.000000000000000000, -1.000000000000000000 ) ) ;
#3195 = EDGE_LOOP ( 'NONE', ( #5241, #533, #239, #4658 ) ) ;
#3196 = ORIENTED_EDGE ( 'NONE', *, *, #4165, .T. ) ;
#3197 = ADVANCED_FACE ( 'NONE', ( #2653 ), #6618, .F. ) ;
#3198 = ORIENTED_EDGE ( 'NONE', *, *, #7221, .F. ) ;
#3199 = CARTESIAN_POINT ( 'NONE',  ( 125.0000000000000000, 16.56109210080340333, 117.0000000001212754 ) ) ;
#3200 = ORIENTED_EDGE ( 'NONE', *, *, #580, .F. ) ;
#3201 = DIRECTION ( 'NONE',  ( 0.000000000000000000, -0.2588190451048969498, -0.9659258262884315993 ) ) ;
#3202 = DIRECTION ( 'NONE',  ( 0.000000000000000000, 0.000000000000000000, -1.000000000000000000 ) ) ;
#3203 = DIRECTION ( 'NONE',  ( 1.000000000000000000, 0.000000000000000000, -0.000000000000000000 ) ) ;
#3204 = DIRECTION ( 'NONE',  ( 0.000000000000000000, -0.2588190451047393537, 0.9659258262884737878 ) ) ;
#3205 = EDGE_CURVE ( 'NONE', #5879, #455, #3756, .T. ) ;
#3206 = ORIENTED_EDGE ( 'NONE', *, *, #6381, .F. ) ;
#3207 = DIRECTION ( 'NONE',  ( 0.000000000000000000, 8.682410371595642740E-14, -1.000000000000000000 ) ) ;
#3208 = ORIENTED_EDGE ( 'NONE', *, *, #1489, .T. ) ;
#3209 = DIRECTION ( 'NONE',  ( 0.000000000000000000, -1.000000000000000000, 0.000000000000000000 ) ) ;
#3210 = VERTEX_POINT ( 'NONE', #4630 ) ;
#3211 = CARTESIAN_POINT ( 'NONE',  ( -125.0000000000000000, 0.01000000000261697976, -115.2972412490205869 ) ) ;
#3212 = CARTESIAN_POINT ( 'NONE',  ( 125.0000000000000000, 21.02402215828474041, -0.7683408720527536984 ) ) ;
#3213 = DIRECTION ( 'NONE',  ( 0.000000000000000000, -0.9863939238321471903, 0.1643989873053365580 ) ) ;
#3214 = EDGE_CURVE ( 'NONE', #1479, #7434, #6382, .T. ) ;
#3215 = CARTESIAN_POINT ( 'NONE',  ( -125.0000000000000000, 20.76626570361123925, -0.7180703308238047811 ) ) ;
#3216 = VERTEX_POINT ( 'NONE', #1072 ) ;
#3217 = ORIENTED_EDGE ( 'NONE', *, *, #2240, .F. ) ;
#3218 = ORIENTED_EDGE ( 'NONE', *, *, #3360, .T. ) ;
#3219 = DIRECTION ( 'NONE',  ( 0.000000000000000000, 0.000000000000000000, -1.000000000000000000 ) ) ;
#3220 = LINE ( 'NONE', #1484, #6539 ) ;
#3221 = EDGE_CURVE ( 'NONE', #900, #6878, #7493, .T. ) ;
#3222 = CARTESIAN_POINT ( 'NONE',  ( 125.0000000000000000, -22.00999999999659451, -116.5008710293006118 ) ) ;
#3223 = CARTESIAN_POINT ( 'NONE',  ( -125.0000000000000000, 11.16109210099602755, -117.0000000000122782 ) ) ;
#3224 = LINE ( 'NONE', #846, #1201 ) ;
#3225 = VERTEX_POINT ( 'NONE', #6348 ) ;
#3226 = ORIENTED_EDGE ( 'NONE', *, *, #5488, .T. ) ;
#3227 = CARTESIAN_POINT ( 'NONE',  ( 125.0000000000000000, -22.00999999999659451, -116.5008710293006118 ) ) ;
#3228 = VERTEX_POINT ( 'NONE', #6839 ) ;
#3229 = CARTESIAN_POINT ( 'NONE',  ( 125.0000000000000000, 0.01000000000261697976, -114.0000000000203784 ) ) ;
#3230 = DIRECTION ( 'NONE',  ( 0.000000000000000000, -1.000000000000000000, 0.000000000000000000 ) ) ;
#3231 = EDGE_CURVE ( 'NONE', #5969, #7451, #5063, .T. ) ;
#3232 = CARTESIAN_POINT ( 'NONE',  ( 125.0000000000000000, 11.16109210080288605, 117.0000000001201670 ) ) ;
#3233 = VERTEX_POINT ( 'NONE', #2875 ) ;
#3234 = VERTEX_POINT ( 'NONE', #7372 ) ;
#3235 = CARTESIAN_POINT ( 'NONE',  ( 125.0000000000000000, 20.57103083586864400, 116.3223556399383085 ) ) ;
#3236 = ORIENTED_EDGE ( 'NONE', *, *, #2266, .T. ) ;
#3237 = VERTEX_POINT ( 'NONE', #3327 ) ;
#3238 = DIRECTION ( 'NONE',  ( 0.000000000000000000, 0.000000000000000000, -1.000000000000000000 ) ) ;
#3239 = EDGE_CURVE ( 'NONE', #6999, #6512, #1598, .T. ) ;
#3240 = EDGE_CURVE ( 'NONE', #1316, #1914, #3405, .T. ) ;
#3241 = LINE ( 'NONE', #6103, #3787 ) ;
#3242 = AXIS2_PLACEMENT_3D ( 'NONE', #5868, #2955, #65 ) ;
#3243 = ORIENTED_EDGE ( 'NONE', *, *, #4568, .T. ) ;
#3244 = CARTESIAN_POINT ( 'NONE',  ( 125.0000000000000000, -9.361092100796657434, -117.0000000001185896 ) ) ;
#3245 = DIRECTION ( 'NONE',  ( 0.000000000000000000, 0.000000000000000000, -1.000000000000000000 ) ) ;
#3246 = LINE ( 'NONE', #1512, #4349 ) ;
#3247 = DIRECTION ( 'NONE',  ( 0.000000000000000000, 0.000000000000000000, 1.000000000000000000 ) ) ;
#3248 = ORIENTED_EDGE ( 'NONE', *, *, #3252, .T. ) ;
#3249 = VECTOR ( 'NONE', #2507, 1000.000000000000000 ) ;
#3250 = ORIENTED_EDGE ( 'NONE', *, *, #2841, .T. ) ;
#3251 = ORIENTED_EDGE ( 'NONE', *, *, #4777, .T. ) ;
#3252 = EDGE_CURVE ( 'NONE', #2039, #791, #2252, .T. ) ;
#3253 = DIRECTION ( 'NONE',  ( -1.000000000000000000, -0.000000000000000000, -0.000000000000000000 ) ) ;
#3254 = VERTEX_POINT ( 'NONE', #2722 ) ;
#3255 = FACE_OUTER_BOUND ( 'NONE', #7245, .T. ) ;
#3256 = VECTOR ( 'NONE', #1255, 1000.000000000000000 ) ;
#3258 = DIRECTION ( 'NONE',  ( 0.000000000000000000, 0.000000000000000000, 1.000000000000000000 ) ) ;
#3257 = AXIS2_PLACEMENT_3D ( 'NONE', #3417, #5733, #2376 ) ;
#3259 = DIRECTION ( 'NONE',  ( -1.000000000000000000, -0.000000000000000000, -0.000000000000000000 ) ) ;
#3260 = DIRECTION ( 'NONE',  ( 1.000000000000000000, 0.000000000000000000, 0.000000000000000000 ) ) ;
#3261 = CARTESIAN_POINT ( 'NONE',  ( -125.0000000000000000, -23.75999999986646216, -124.9999999997909725 ) ) ;
#3262 = VERTEX_POINT ( 'NONE', #3361 ) ;
#3263 = VECTOR ( 'NONE', #5718, 1000.000000000000000 ) ;
#3264 = ORIENTED_EDGE ( 'NONE', *, *, #6534, .T. ) ;
#3265 = EDGE_CURVE ( 'NONE', #5501, #4199, #4459, .T. ) ;
#3266 = ADVANCED_FACE ( 'NONE', ( #1714 ), #4620, .F. ) ;
#3267 = FACE_OUTER_BOUND ( 'NONE', #5483, .T. ) ;
#3268 = ORIENTED_EDGE ( 'NONE', *, *, #2970, .F. ) ;
#3269 = VECTOR ( 'NONE', #3840, 1000.000000000000000 ) ;
#3270 = VECTOR ( 'NONE', #5919, 1000.000000000000000 ) ;
#3271 = DIRECTION ( 'NONE',  ( 0.000000000000000000, -0.000000000000000000, -1.000000000000000000 ) ) ;
#3272 = DIRECTION ( 'NONE',  ( 0.000000000000000000, 0.000000000000000000, -1.000000000000000000 ) ) ;
#3273 = DIRECTION ( 'NONE',  ( 0.000000000000000000, 1.000000000000000000, 0.000000000000000000 ) ) ;
#3274 = CARTESIAN_POINT ( 'NONE',  ( 125.0000000000000000, -16.56109210086011529, 115.3014856328816364 ) ) ;
#3275 = LINE ( 'NONE', #813, #4734 ) ;
#3276 = VECTOR ( 'NONE', #3253, 1000.000000000000000 ) ;
#3277 = ORIENTED_EDGE ( 'NONE', *, *, #1618, .F. ) ;
#3278 = AXIS2_PLACEMENT_3D ( 'NONE', #3844, #7358, #1537 ) ;
#3279 = ORIENTED_EDGE ( 'NONE', *, *, #3430, .F. ) ;
#3280 = VECTOR ( 'NONE', #2202, 1000.000000000000000 ) ;
#3281 = EDGE_CURVE ( 'NONE', #4628, #137, #1628, .T. ) ;
#3282 = PLANE ( 'NONE',  #3508 ) ;
#3283 = VERTEX_POINT ( 'NONE', #1059 ) ;
#3284 = DIRECTION ( 'NONE',  ( 0.000000000000000000, 0.000000000000000000, 1.000000000000000000 ) ) ;
#3285 = CARTESIAN_POINT ( 'NONE',  ( 125.0000000000000000, -14.76109210086011991, 115.0000000001959108 ) ) ;
#3286 = VECTOR ( 'NONE', #3850, 1000.000000000000000 ) ;
#3287 = AXIS2_PLACEMENT_3D ( 'NONE', #5390, #92, #2471 ) ;
#3288 = DIRECTION ( 'NONE',  ( 0.000000000000000000, 0.000000000000000000, -1.000000000000000000 ) ) ;
#3289 = ORIENTED_EDGE ( 'NONE', *, *, #1473, .F. ) ;
#3290 = EDGE_CURVE ( 'NONE', #1678, #1479, #2218, .T. ) ;
#3291 = EDGE_CURVE ( 'NONE', #3225, #1920, #2136, .T. ) ;
#3292 = CARTESIAN_POINT ( 'NONE',  ( 125.0000000000000000, -22.00999999999659451, -116.5008710293006118 ) ) ;
#3293 = VECTOR ( 'NONE', #4752, 1000.000000000000000 ) ;
#3294 = VECTOR ( 'NONE', #6865, 1000.000000000000000 ) ;
#3295 = LINE ( 'NONE', #298, #2407 ) ;
#3296 = CIRCLE ( 'NONE', #4506, 0.2000000000064146577 ) ;
#3297 = DIRECTION ( 'NONE',  ( -1.000000000000000000, 0.000000000000000000, -0.000000000000000000 ) ) ;
#3298 = EDGE_LOOP ( 'NONE', ( #4056, #4171, #6523, #408 ) ) ;
#3299 = ORIENTED_EDGE ( 'NONE', *, *, #1430, .F. ) ;
#3300 = ADVANCED_FACE ( 'NONE', ( #2758 ), #3937, .T. ) ;
#3301 = EDGE_LOOP ( 'NONE', ( #6124, #6747, #2493, #5440 ) ) ;
#3302 = SURFACE_STYLE_FILL_AREA ( #958 ) ;
#3303 = ORIENTED_EDGE ( 'NONE', *, *, #7488, .T. ) ;
#3304 = LINE ( 'NONE', #5616, #7116 ) ;
#3305 = DIRECTION ( 'NONE',  ( 0.000000000000000000, -0.000000000000000000, -1.000000000000000000 ) ) ;
#3306 = DIRECTION ( 'NONE',  ( 0.000000000000000000, 0.000000000000000000, -1.000000000000000000 ) ) ;
#3307 = DIRECTION ( 'NONE',  ( 0.000000000000000000, 0.000000000000000000, -1.000000000000000000 ) ) ;
#3308 = CARTESIAN_POINT ( 'NONE',  ( 125.0000000000000000, 12.50999999980932209, 125.0000000001181490 ) ) ;
#3309 = ORIENTED_EDGE ( 'NONE', *, *, #6965, .F. ) ;
#3310 = ORIENTED_EDGE ( 'NONE', *, *, #2030, .T. ) ;
#3311 = DIRECTION ( 'NONE',  ( 0.000000000000000000, 0.000000000000000000, 1.000000000000000000 ) ) ;
#3312 = ORIENTED_EDGE ( 'NONE', *, *, #6624, .F. ) ;
#3313 = CARTESIAN_POINT ( 'NONE',  ( -125.0000000000000000, -12.96109210079664997, -115.0000000001168132 ) ) ;
#3314 = CARTESIAN_POINT ( 'NONE',  ( -125.0000000000000000, 21.85610742295404663, -115.2603803704387673 ) ) ;
#3315 = LINE ( 'NONE', #403, #2914 ) ;
#3316 = DIRECTION ( 'NONE',  ( -1.000000000000000000, -0.000000000000000000, -0.000000000000000000 ) ) ;
#3317 = DIRECTION ( 'NONE',  ( 0.000000000000000000, -0.2588190451063943076, 0.9659258262880302537 ) ) ;
#3318 = EDGE_CURVE ( 'NONE', #3349, #3439, #2652, .T. ) ;
#3319 = ORIENTED_EDGE ( 'NONE', *, *, #4260, .T. ) ;
#3320 = DIRECTION ( 'NONE',  ( 0.000000000000000000, 0.000000000000000000, 1.000000000000000000 ) ) ;
#3321 = CARTESIAN_POINT ( 'NONE',  ( 125.0000000000000000, 5.260000000002621690, -120.0000000000203784 ) ) ;
#3322 = DIRECTION ( 'NONE',  ( 0.000000000000000000, 0.8660254037845470654, 0.4999999999998122058 ) ) ;
#3323 = CARTESIAN_POINT ( 'NONE',  ( 125.0000000000000000, 5.260000000002621690, -114.0000000000203784 ) ) ;
#3324 = EDGE_CURVE ( 'NONE', #2920, #2533, #5259, .T. ) ;
#3325 = ORIENTED_EDGE ( 'NONE', *, *, #5244, .T. ) ;
#3326 = DIRECTION ( 'NONE',  ( 0.000000000000000000, 0.000000000000000000, -1.000000000000000000 ) ) ;
#3327 = CARTESIAN_POINT ( 'NONE',  ( -125.0000000000000000, -22.34333333333142235, -2.981423969997499146 ) ) ;
#3328 = CYLINDRICAL_SURFACE ( 'NONE', #2162, 1.500000000000296208 ) ;
#3329 = EDGE_CURVE ( 'NONE', #1402, #2740, #4687, .T. ) ;
#3330 = EDGE_CURVE ( 'NONE', #2870, #3283, #2915, .T. ) ;
#3331 = CARTESIAN_POINT ( 'NONE',  ( 125.0000000000000000, 2.010000000002646559, -120.0000000000203784 ) ) ;
#3332 = ORIENTED_EDGE ( 'NONE', *, *, #3476, .T. ) ;
#3333 = EDGE_LOOP ( 'NONE', ( #6198, #4284, #6763, #183 ) ) ;
#3334 = VERTEX_POINT ( 'NONE', #7016 ) ;
#3335 = ORIENTED_EDGE ( 'NONE', *, *, #3933, .F. ) ;
#3336 = LINE ( 'NONE', #3370, #2865 ) ;
#3337 = EDGE_CURVE ( 'NONE', #6112, #1298, #1246, .T. ) ;
#3338 = EDGE_CURVE ( 'NONE', #1148, #5738, #1293, .T. ) ;
#3339 = DIRECTION ( 'NONE',  ( -1.000000000000000000, 0.000000000000000000, -0.000000000000000000 ) ) ;
#3340 = DIRECTION ( 'NONE',  ( 0.000000000000000000, 0.000000000000000000, 1.000000000000000000 ) ) ;
#3341 = VERTEX_POINT ( 'NONE', #6983 ) ;
#3342 = ORIENTED_EDGE ( 'NONE', *, *, #1946, .F. ) ;
#3343 = DIRECTION ( 'NONE',  ( 0.000000000000000000, 0.000000000000000000, -1.000000000000000000 ) ) ;
#3344 = ORIENTED_EDGE ( 'NONE', *, *, #889, .F. ) ;
#3345 = CARTESIAN_POINT ( 'NONE',  ( -125.0000000000000000, -23.75999999986629518, 120.0846308027086593 ) ) ;
#3346 = CARTESIAN_POINT ( 'NONE',  ( 125.0000000000000000, -0.009999999803049450589, -115.5000000001185327 ) ) ;
#3347 = DIRECTION ( 'NONE',  ( -0.000000000000000000, 1.000000000000000000, 0.000000000000000000 ) ) ;
#3348 = LINE ( 'NONE', #3997, #1432 ) ;
#3349 = VERTEX_POINT ( 'NONE', #4728 ) ;
#3350 = CARTESIAN_POINT ( 'NONE',  ( 125.0000000000000000, -20.86626570360927602, -0.6912754115764879748 ) ) ;
#3351 = CARTESIAN_POINT ( 'NONE',  ( -125.0000000000000000, 16.56109210099609541, -117.0000000000027285 ) ) ;
#3352 = ORIENTED_EDGE ( 'NONE', *, *, #4325, .F. ) ;
#3353 = EDGE_CURVE ( 'NONE', #7005, #328, #7565, .T. ) ;
#3354 = PLANE ( 'NONE',  #7187 ) ;
#3355 = CARTESIAN_POINT ( 'NONE',  ( 125.0000000000000000, -16.76109210086008616, 115.3014856328811817 ) ) ;
#3356 = DIRECTION ( 'NONE',  ( 0.000000000000000000, 0.000000000000000000, -1.000000000000000000 ) ) ;
#3357 = ORIENTED_EDGE ( 'NONE', *, *, #1398, .F. ) ;
#3358 = DIRECTION ( 'NONE',  ( -1.000000000000000000, -0.000000000000000000, -0.000000000000000000 ) ) ;
#3359 = CARTESIAN_POINT ( 'NONE',  ( -125.0000000000000000, -3.209999999866421927, 118.1694254178079149 ) ) ;
#3360 = EDGE_CURVE ( 'NONE', #6354, #1231, #1408, .T. ) ;
#3361 = CARTESIAN_POINT ( 'NONE',  ( 125.0000000000000000, -21.52022843722934553, -114.6730186729575820 ) ) ;
#3362 = DIRECTION ( 'NONE',  ( 0.000000000000000000, -1.000000000000000000, 0.000000000000000000 ) ) ;
#3363 = DIRECTION ( 'NONE',  ( -0.000000000000000000, 1.000000000000000000, 0.000000000000000000 ) ) ;
#3364 = VERTEX_POINT ( 'NONE', #1751 ) ;
#3365 = ORIENTED_EDGE ( 'NONE', *, *, #4134, .T. ) ;
#3366 = ORIENTED_EDGE ( 'NONE', *, *, #4683, .F. ) ;
#3367 = EDGE_CURVE ( 'NONE', #3912, #6133, #1171, .T. ) ;
#3368 = VECTOR ( 'NONE', #1240, 1000.000000000000000 ) ;
#3369 = VERTEX_POINT ( 'NONE', #4089 ) ;
#3370 = CARTESIAN_POINT ( 'NONE',  ( -125.0000000000000000, -21.63829944539978101, -115.1136656743442614 ) ) ;
#3371 = DIRECTION ( 'NONE',  ( -0.000000000000000000, 1.000000000000000000, 0.000000000000000000 ) ) ;
#3372 = DIRECTION ( 'NONE',  ( -0.000000000000000000, 0.2588190451047883145, 0.9659258262884606872 ) ) ;
#3373 = VECTOR ( 'NONE', #6265, 1000.000000000000000 ) ;
#3374 = CARTESIAN_POINT ( 'NONE',  ( 125.0000000000000000, 24.01000000000296453, -4.472135955002962682 ) ) ;
#3375 = ORIENTED_EDGE ( 'NONE', *, *, #6283, .T. ) ;
#3376 = VERTEX_POINT ( 'NONE', #4129 ) ;
#3377 = EDGE_CURVE ( 'NONE', #2369, #124, #2449, .T. ) ;
#3378 = EDGE_CURVE ( 'NONE', #389, #1251, #3477, .T. ) ;
#3379 = DIRECTION ( 'NONE',  ( -1.000000000000000000, -0.000000000000000000, -0.000000000000000000 ) ) ;
#3380 = AXIS2_PLACEMENT_3D ( 'NONE', #2902, #440, #2280 ) ;
#3381 = VERTEX_POINT ( 'NONE', #3027 ) ;
#3382 = FACE_OUTER_BOUND ( 'NONE', #2503, .T. ) ;
#3383 = CARTESIAN_POINT ( 'NONE',  ( 125.0000000000000000, -23.75999999986629518, 125.0000000002088001 ) ) ;
#3384 = DIRECTION ( 'NONE',  ( -0.000000000000000000, 1.000000000000000000, 0.000000000000000000 ) ) ;
#3385 = FACE_OUTER_BOUND ( 'NONE', #2322, .T. ) ;
#3386 = AXIS2_PLACEMENT_3D ( 'NONE', #2100, #2067, #3213 ) ;
#3387 = ORIENTED_EDGE ( 'NONE', *, *, #6992, .T. ) ;
#3388 = EDGE_CURVE ( 'NONE', #4639, #5300, #5224, .T. ) ;
#3389 = PLANE ( 'NONE',  #326 ) ;
#3390 = DIRECTION ( 'NONE',  ( -1.000000000000000000, -0.000000000000000000, -0.000000000000000000 ) ) ;
#3391 = VECTOR ( 'NONE', #7226, 1000.000000000000114 ) ;
#3392 = EDGE_LOOP ( 'NONE', ( #3473, #4432, #2001, #2336 ) ) ;
#3393 = VECTOR ( 'NONE', #1757, 1000.000000000000000 ) ;
#3394 = DIRECTION ( 'NONE',  ( 0.000000000000000000, 0.000000000000000000, -1.000000000000000000 ) ) ;
#3395 = DIRECTION ( 'NONE',  ( 0.000000000000000000, 0.000000000000000000, 1.000000000000000000 ) ) ;
#3396 =( NAMED_UNIT ( * ) PLANE_ANGLE_UNIT ( ) SI_UNIT ( $, .RADIAN. ) );
#3397 = AXIS2_PLACEMENT_3D ( 'NONE', #7314, #844, #1376 ) ;
#3398 = VECTOR ( 'NONE', #3004, 1000.000000000000000 ) ;
#3399 = ORIENTED_EDGE ( 'NONE', *, *, #975, .T. ) ;
#3400 = DIRECTION ( 'NONE',  ( 0.000000000000000000, 0.000000000000000000, -1.000000000000000000 ) ) ;
#3401 = VECTOR ( 'NONE', #2372, 1000.000000000000000 ) ;
#3402 = AXIS2_PLACEMENT_3D ( 'NONE', #4739, #7128, #714 ) ;
#3403 = AXIS2_PLACEMENT_3D ( 'NONE', #6243, #2898, #4559 ) ;
#3404 = VECTOR ( 'NONE', #7404, 1000.000000000000000 ) ;
#3405 = LINE ( 'NONE', #7409, #4338 ) ;
#3406 = CARTESIAN_POINT ( 'NONE',  ( 125.0000000000000000, -2.009999999866387554, 125.0000000002088001 ) ) ;
#3407 = CARTESIAN_POINT ( 'NONE',  ( 125.0000000000000000, -5.259999999803081749, -114.0000000001187033 ) ) ;
#3408 = ORIENTED_EDGE ( 'NONE', *, *, #4675, .T. ) ;
#3409 = VECTOR ( 'NONE', #7464, 1000.000000000000000 ) ;
#3410 = ORIENTED_EDGE ( 'NONE', *, *, #6200, .T. ) ;
#3411 = VERTEX_POINT ( 'NONE', #675 ) ;
#3412 = DIRECTION ( 'NONE',  ( 0.000000000000000000, 0.000000000000000000, 1.000000000000000000 ) ) ;
#3413 = ORIENTED_EDGE ( 'NONE', *, *, #4041, .T. ) ;
#3414 = LINE ( 'NONE', #7460, #5400 ) ;
#3415 = CIRCLE ( 'NONE', #117, 0.1999999999998253175 ) ;
#3416 = CARTESIAN_POINT ( 'NONE',  ( -125.0000000000000000, -9.361092100859993437, 115.0000000002078906 ) ) ;
#3417 = CARTESIAN_POINT ( 'NONE',  ( 125.0000000000000000, -11.16109210079665282, -115.0000000001185896 ) ) ;
#3418 = CARTESIAN_POINT ( 'NONE',  ( 125.0000000000000000, 23.75999999980919242, 120.0846308026180367 ) ) ;
#3419 = ADVANCED_FACE ( 'NONE', ( #5834 ), #30, .F. ) ;
#3420 = VERTEX_POINT ( 'NONE', #2365 ) ;
#3421 = ORIENTED_EDGE ( 'NONE', *, *, #5297, .F. ) ;
#3422 = VERTEX_POINT ( 'NONE', #2405 ) ;
#3423 = CIRCLE ( 'NONE', #3544, 1.250000000000015099 ) ;
#3424 = LINE ( 'NONE', #2892, #1418 ) ;
#3425 = EDGE_LOOP ( 'NONE', ( #6500, #1466, #5423, #4022 ) ) ;
#3426 = PLANE ( 'NONE',  #4965 ) ;
#3427 = DIRECTION ( 'NONE',  ( 0.000000000000000000, -1.000000000000000000, 0.000000000000000000 ) ) ;
#3428 = DIRECTION ( 'NONE',  ( 0.000000000000000000, 1.000000000000000000, 0.000000000000000000 ) ) ;
#3429 = FACE_OUTER_BOUND ( 'NONE', #2610, .T. ) ;
#3430 = EDGE_CURVE ( 'NONE', #3444, #834, #1830, .T. ) ;
#3431 = ORIENTED_EDGE ( 'NONE', *, *, #1054, .F. ) ;
#3432 = CARTESIAN_POINT ( 'NONE',  ( 125.0000000000000000, -16.50999999986648348, -124.9999999997909725 ) ) ;
#3433 = DIRECTION ( 'NONE',  ( 0.000000000000000000, -0.1643989873053395556, 0.9863939238321467462 ) ) ;
#3434 = DIRECTION ( 'NONE',  ( 0.000000000000000000, 0.000000000000000000, -1.000000000000000000 ) ) ;
#3435 = DIRECTION ( 'NONE',  ( 0.000000000000000000, 0.000000000000000000, -1.000000000000000000 ) ) ;
#3436 = FACE_OUTER_BOUND ( 'NONE', #3125, .T. ) ;
#3437 = EDGE_CURVE ( 'NONE', #7487, #3283, #484, .T. ) ;
#3438 = EDGE_CURVE ( 'NONE', #6421, #1427, #2831, .T. ) ;
#3439 = VERTEX_POINT ( 'NONE', #5209 ) ;
#3440 = CARTESIAN_POINT ( 'NONE',  ( 125.0000000000000000, -11.16109210085998882, 115.0000000002078906 ) ) ;
#3441 = CARTESIAN_POINT ( 'NONE',  ( -125.0000000000000000, 23.76000000000244228, -120.0846308025203655 ) ) ;
#3442 = FACE_OUTER_BOUND ( 'NONE', #3951, .T. ) ;
#3443 = LINE ( 'NONE', #4690, #5671 ) ;
#3444 = VERTEX_POINT ( 'NONE', #3432 ) ;
#3445 = ORIENTED_EDGE ( 'NONE', *, *, #4224, .T. ) ;
#3446 = ORIENTED_EDGE ( 'NONE', *, *, #6, .T. ) ;
#3447 = PLANE ( 'NONE',  #6062 ) ;
#3448 = ORIENTED_EDGE ( 'NONE', *, *, #3826, .F. ) ;
#3450 = EDGE_CURVE ( 'NONE', #5737, #620, #2206, .T. ) ;
#3449 = CARTESIAN_POINT ( 'NONE',  ( 125.0000000000000000, 16.56109210080339622, 115.3014856328103264 ) ) ;
#3451 = DIRECTION ( 'NONE',  ( 0.000000000000000000, -0.9863939238338224058, 0.1643989872952847930 ) ) ;
#3452 = DIRECTION ( 'NONE',  ( -1.000000000000000000, -0.000000000000000000, -0.000000000000000000 ) ) ;
#3453 = DIRECTION ( 'NONE',  ( -1.000000000000000000, -0.000000000000000000, -0.000000000000000000 ) ) ;
#3454 = PLANE ( 'NONE',  #4624 ) ;
#3455 = EDGE_LOOP ( 'NONE', ( #4216, #5194, #4732, #4633 ) ) ;
#3456 = EDGE_LOOP ( 'NONE', ( #372, #709, #6299, #906 ) ) ;
#3457 = ORIENTED_EDGE ( 'NONE', *, *, #7436, .F. ) ;
#3458 = DIRECTION ( 'NONE',  ( 0.000000000000000000, -0.9863939238338224058, 0.1643989872952847930 ) ) ;
#3459 = ORIENTED_EDGE ( 'NONE', *, *, #2742, .F. ) ;
#3460 = FACE_OUTER_BOUND ( 'NONE', #6111, .T. ) ;
#3461 = DIRECTION ( 'NONE',  ( 0.000000000000000000, 1.000000000000000000, 0.000000000000000000 ) ) ;
#3462 = CARTESIAN_POINT ( 'NONE',  ( 125.0000000000000000, 14.76109210099596325, -115.0000000000060538 ) ) ;
#3463 = CARTESIAN_POINT ( 'NONE',  ( 125.0000000000000000, 22.01000000000292900, -116.5008710293030134 ) ) ;
#3464 = ORIENTED_EDGE ( 'NONE', *, *, #7224, .T. ) ;
#3465 = AXIS2_PLACEMENT_3D ( 'NONE', #6774, #7260, #273 ) ;
#3466 = VECTOR ( 'NONE', #3561, 1000.000000000000000 ) ;
#3467 = DIRECTION ( 'NONE',  ( 0.000000000000000000, 0.000000000000000000, -1.000000000000000000 ) ) ;
#3468 = CARTESIAN_POINT ( 'NONE',  ( 125.0000000000000000, -22.00999999999867640, 3.000000000000524913 ) ) ;
#3469 = ORIENTED_EDGE ( 'NONE', *, *, #6504, .F. ) ;
#3470 = ADVANCED_FACE ( 'NONE', ( #7476 ), #4489, .F. ) ;
#3471 = DIRECTION ( 'NONE',  ( 0.000000000000000000, 0.000000000000000000, 1.000000000000000000 ) ) ;
#3472 = LINE ( 'NONE', #444, #7515 ) ;
#3473 = ORIENTED_EDGE ( 'NONE', *, *, #3562, .T. ) ;
#3474 = CARTESIAN_POINT ( 'NONE',  ( 125.0000000000000000, -20.86626570360927602, -0.6912754115764879748 ) ) ;
#3475 = ADVANCED_FACE ( 'NONE', ( #1739 ), #2243, .F. ) ;
#3476 = EDGE_CURVE ( 'NONE', #5545, #413, #5199, .T. ) ;
#3477 = LINE ( 'NONE', #5790, #5558 ) ;
#3478 = FACE_OUTER_BOUND ( 'NONE', #5534, .T. ) ;
#3479 = FACE_OUTER_BOUND ( 'NONE', #6704, .T. ) ;
#3480 = EDGE_LOOP ( 'NONE', ( #862, #4959, #3206, #6364 ) ) ;
#3481 = EDGE_LOOP ( 'NONE', ( #3044, #4132, #4106, #6146 ) ) ;
#3482 = CARTESIAN_POINT ( 'NONE',  ( -125.0000000000000000, -22.00999999999659451, -116.5008710293006118 ) ) ;
#3483 = DIRECTION ( 'NONE',  ( 0.000000000000000000, 0.000000000000000000, -1.000000000000000000 ) ) ;
#3484 = DIRECTION ( 'NONE',  ( -1.000000000000000000, -0.000000000000000000, -0.000000000000000000 ) ) ;
#3485 = CARTESIAN_POINT ( 'NONE',  ( 125.0000000000000000, 22.00319135037984708, 114.0436091504059135 ) ) ;
#3486 = ORIENTED_EDGE ( 'NONE', *, *, #5866, .F. ) ;
#3487 = EDGE_LOOP ( 'NONE', ( #3802, #2703, #3678, #1495 ) ) ;
#3488 = EDGE_LOOP ( 'NONE', ( #3074, #742, #3144, #1260 ) ) ;
#3489 = VECTOR ( 'NONE', #2949, 1000.000000000000000 ) ;
#3490 = CARTESIAN_POINT ( 'NONE',  ( 125.0000000000000000, -20.07061230870002433, 1.235176059472875565 ) ) ;
#3491 = VERTEX_POINT ( 'NONE', #1656 ) ;
#3492 = VECTOR ( 'NONE', #1600, 1000.000000000000000 ) ;
#3493 = LINE ( 'NONE', #7000, #95 ) ;
#3494 = CARTESIAN_POINT ( 'NONE',  ( 125.0000000000000000, 11.16109210099602755, -115.0000000000193836 ) ) ;
#3495 = DIRECTION ( 'NONE',  ( 0.000000000000000000, -0.000000000000000000, -1.000000000000000000 ) ) ;
#3496 = DIRECTION ( 'NONE',  ( -0.000000000000000000, 1.000000000000000000, 0.000000000000000000 ) ) ;
#3497 = EDGE_CURVE ( 'NONE', #1530, #11, #4000, .T. ) ;
#3498 = ADVANCED_FACE ( 'NONE', ( #1006 ), #6862, .T. ) ;
#3499 = CIRCLE ( 'NONE', #6175, 0.9999999999999176215 ) ;
#3500 = ORIENTED_EDGE ( 'NONE', *, *, #1198, .T. ) ;
#3501 = VECTOR ( 'NONE', #1511, 1000.000000000000000 ) ;
#3502 = DIRECTION ( 'NONE',  ( 0.000000000000000000, -1.000000000000000000, 0.000000000000000000 ) ) ;
#3503 = PLANE ( 'NONE',  #1200 ) ;
#3504 = DIRECTION ( 'NONE',  ( 0.000000000000000000, 0.8660254037844385966, 0.5000000000000001110 ) ) ;
#3505 = PLANE ( 'NONE',  #6654 ) ;
#3506 = AXIS2_PLACEMENT_3D ( 'NONE', #869, #7410, #5522 ) ;
#3507 = FACE_OUTER_BOUND ( 'NONE', #1491, .T. ) ;
#3508 = AXIS2_PLACEMENT_3D ( 'NONE', #816, #6633, #3207 ) ;
#3509 = ADVANCED_FACE ( 'NONE', ( #3960 ), #7553, .F. ) ;
#3510 = VERTEX_POINT ( 'NONE', #4528 ) ;
#3511 = VECTOR ( 'NONE', #1476, 1000.000000000000000 ) ;
#3512 = DIRECTION ( 'NONE',  ( 1.000000000000000000, 0.000000000000000000, 0.000000000000000000 ) ) ;
#3513 = VECTOR ( 'NONE', #3311, 1000.000000000000000 ) ;
#3514 = AXIS2_PLACEMENT_3D ( 'NONE', #1643, #4436, #2148 ) ;
#3515 = DIRECTION ( 'NONE',  ( 0.000000000000000000, 0.000000000000000000, -1.000000000000000000 ) ) ;
#3516 = VECTOR ( 'NONE', #3068, 1000.000000000000000 ) ;
#3517 = CARTESIAN_POINT ( 'NONE',  ( 125.0000000000000000, 20.62279464504687709, -116.1291704747072089 ) ) ;
#3518 = DIRECTION ( 'NONE',  ( 0.000000000000000000, -0.8660254037833696739, 0.5000000000018514079 ) ) ;
#3519 = FACE_OUTER_BOUND ( 'NONE', #1801, .T. ) ;
#3520 = EDGE_CURVE ( 'NONE', #1741, #5535, #2165, .T. ) ;
#3521 = ADVANCED_FACE ( 'NONE', ( #6279 ), #3389, .F. ) ;
#3522 = VERTEX_POINT ( 'NONE', #1047 ) ;
#3523 = ORIENTED_EDGE ( 'NONE', *, *, #5848, .T. ) ;
#3524 = AXIS2_PLACEMENT_3D ( 'NONE', #5025, #6678, #7371 ) ;
#3525 = VECTOR ( 'NONE', #4366, 1000.000000000000000 ) ;
#3526 = DIRECTION ( 'NONE',  ( 0.000000000000000000, 0.000000000000000000, -1.000000000000000000 ) ) ;
#3527 = DIRECTION ( 'NONE',  ( 0.000000000000000000, -0.000000000000000000, -1.000000000000000000 ) ) ;
#3528 = CARTESIAN_POINT ( 'NONE',  ( -125.0000000000000000, -20.27061230870008757, 1.235176059473097609 ) ) ;
#3529 = AXIS2_PLACEMENT_3D ( 'NONE', #3815, #258, #1503 ) ;
#3530 = VECTOR ( 'NONE', #2111, 1000.000000000000000 ) ;
#3531 = DIRECTION ( 'NONE',  ( 1.000000000000000000, 0.000000000000000000, -0.000000000000000000 ) ) ;
#3532 = EDGE_CURVE ( 'NONE', #5295, #1236, #4594, .T. ) ;
#3533 = VERTEX_POINT ( 'NONE', #6246 ) ;
#3534 = ORIENTED_EDGE ( 'NONE', *, *, #4288, .T. ) ;
#3535 = ORIENTED_EDGE ( 'NONE', *, *, #1309, .T. ) ;
#3536 = LINE ( 'NONE', #6501, #3639 ) ;
#3537 = VECTOR ( 'NONE', #2450, 1000.000000000000000 ) ;
#3538 = VECTOR ( 'NONE', #809, 1000.000000000000000 ) ;
#3539 = EDGE_LOOP ( 'NONE', ( #5511, #3176, #771, #6668 ) ) ;
#3540 = LINE ( 'NONE', #1232, #1315 ) ;
#3541 = CARTESIAN_POINT ( 'NONE',  ( 125.0000000000000000, 5.260000000002621690, -120.0000000000203784 ) ) ;
#3542 = DIRECTION ( 'NONE',  ( 0.000000000000000000, 0.000000000000000000, -1.000000000000000000 ) ) ;
#3543 = CARTESIAN_POINT ( 'NONE',  ( -125.0000000000000000, -2.990000000190692564, 118.0000000001180496 ) ) ;
#3544 = AXIS2_PLACEMENT_3D ( 'NONE', #6752, #7289, #1508 ) ;
#3545 = EDGE_LOOP ( 'NONE', ( #4710, #3289, #5035, #782 ) ) ;
#3546 = LINE ( 'NONE', #2946, #1202 ) ;
#3547 = CARTESIAN_POINT ( 'NONE',  ( -125.0000000000000000, 12.50999999980932209, 120.0846308026180367 ) ) ;
#3548 = ORIENTED_EDGE ( 'NONE', *, *, #3606, .T. ) ;
#3549 = CARTESIAN_POINT ( 'NONE',  ( 125.0000000000000000, -22.00999999999659451, -115.2508710293005265 ) ) ;
#3550 = DIRECTION ( 'NONE',  ( -1.000000000000000000, -0.000000000000000000, -0.000000000000000000 ) ) ;
#3551 = CARTESIAN_POINT ( 'NONE',  ( 125.0000000000000000, 20.62279464504687709, -116.1291704747072089 ) ) ;
#3552 = ADVANCED_FACE ( 'NONE', ( #4077 ), #5780, .F. ) ;
#3553 = CARTESIAN_POINT ( 'NONE',  ( -125.0000000000000000, -16.50999999986648348, -124.9999999997909725 ) ) ;
#3554 = ORIENTED_EDGE ( 'NONE', *, *, #837, .T. ) ;
#3555 = FACE_OUTER_BOUND ( 'NONE', #6372, .T. ) ;
#3556 = EDGE_CURVE ( 'NONE', #4770, #5379, #5819, .T. ) ;
#3557 = DIRECTION ( 'NONE',  ( 0.000000000000000000, 0.000000000000000000, 1.000000000000000000 ) ) ;
#3558 = LINE ( 'NONE', #5792, #570 ) ;
#3559 = ORIENTED_EDGE ( 'NONE', *, *, #415, .F. ) ;
#3560 = VERTEX_POINT ( 'NONE', #5054 ) ;
#3561 = DIRECTION ( 'NONE',  ( 0.000000000000000000, -1.000000000000000000, 0.000000000000000000 ) ) ;
#3562 = EDGE_CURVE ( 'NONE', #5676, #2718, #7510, .T. ) ;
#3563 = EDGE_CURVE ( 'NONE', #7307, #5270, #5803, .T. ) ;
#3564 = CARTESIAN_POINT ( 'NONE',  ( 125.0000000000000000, -21.85610742294770859, -115.2603803704363514 ) ) ;
#3565 = EDGE_LOOP ( 'NONE', ( #6147, #302, #3892, #3919 ) ) ;
#3566 = VERTEX_POINT ( 'NONE', #1724 ) ;
#3567 = ORIENTED_EDGE ( 'NONE', *, *, #6597, .T. ) ;
#3568 = CARTESIAN_POINT ( 'NONE',  ( 125.0000000000000000, 16.51000000000246359, -125.0000000000202931 ) ) ;
#3569 = VERTEX_POINT ( 'NONE', #6885 ) ;
#3570 = EDGE_CURVE ( 'NONE', #4758, #5596, #2852, .T. ) ;
#3571 = EDGE_CURVE ( 'NONE', #5016, #5941, #4143, .T. ) ;
#3572 = LINE ( 'NONE', #6471, #7172 ) ;
#3573 = FACE_OUTER_BOUND ( 'NONE', #3724, .T. ) ;
#3574 = DIRECTION ( 'NONE',  ( 0.000000000000000000, -1.000000000000000000, 0.000000000000000000 ) ) ;
#3575 = CARTESIAN_POINT ( 'NONE',  ( 125.0000000000000000, -19.75999999986629163, 125.0000000002088001 ) ) ;
#3576 = ORIENTED_EDGE ( 'NONE', *, *, #4083, .F. ) ;
#3577 = LINE ( 'NONE', #4789, #4851 ) ;
#3578 = DIRECTION ( 'NONE',  ( 0.000000000000000000, 0.000000000000000000, -1.000000000000000000 ) ) ;
#3579 = CARTESIAN_POINT ( 'NONE',  ( 125.0000000000000000, -0.009999999803049450589, -114.0000000001187033 ) ) ;
#3580 = DIRECTION ( 'NONE',  ( -0.000000000000000000, 1.000000000000000000, 0.000000000000000000 ) ) ;
#3581 = DIRECTION ( 'NONE',  ( 0.000000000000000000, -1.000000000000000000, 0.000000000000000000 ) ) ;
#3582 = ORIENTED_EDGE ( 'NONE', *, *, #5223, .F. ) ;
#3583 = ADVANCED_FACE ( 'NONE', ( #4663 ), #6924, .F. ) ;
#3584 = PLANE ( 'NONE',  #1545 ) ;
#3585 = VECTOR ( 'NONE', #6538, 1000.000000000000000 ) ;
#3586 = CARTESIAN_POINT ( 'NONE',  ( -125.0000000000000000, -22.00999999999867640, 6.218658400725107782E-12 ) ) ;
#3587 = PLANE ( 'NONE',  #325 ) ;
#3588 = VERTEX_POINT ( 'NONE', #1077 ) ;
#3589 = EDGE_CURVE ( 'NONE', #1888, #1177, #3986, .T. ) ;
#3590 = ORIENTED_EDGE ( 'NONE', *, *, #7385, .T. ) ;
#3591 = PLANE ( 'NONE',  #6676 ) ;
#3592 = CARTESIAN_POINT ( 'NONE',  ( 125.0000000000000000, 0.01000000000261697976, -115.2972412490205869 ) ) ;
#3593 = LINE ( 'NONE', #5409, #1919 ) ;
#3594 = FACE_OUTER_BOUND ( 'NONE', #2945, .T. ) ;
#3595 = ORIENTED_EDGE ( 'NONE', *, *, #2256, .F. ) ;
#3596 = ORIENTED_EDGE ( 'NONE', *, *, #4125, .F. ) ;
#3597 = EDGE_CURVE ( 'NONE', #2763, #2167, #1226, .T. ) ;
#3598 = ORIENTED_EDGE ( 'NONE', *, *, #2826, .F. ) ;
#3599 = FACE_OUTER_BOUND ( 'NONE', #6920, .T. ) ;
#3600 = EDGE_LOOP ( 'NONE', ( #1692, #6966, #3910, #6671 ) ) ;
#3601 = LINE ( 'NONE', #2465, #4130 ) ;
#3602 = VECTOR ( 'NONE', #3111, 1000.000000000000000 ) ;
#3603 = CARTESIAN_POINT ( 'NONE',  ( 125.0000000000000000, 20.62279464485416725, 116.1291704748252016 ) ) ;
#3604 = CARTESIAN_POINT ( 'NONE',  ( -125.0000000000000000, 12.96109210080290985, 117.0000000001201670 ) ) ;
#3605 = CARTESIAN_POINT ( 'NONE',  ( -125.0000000000000000, -0.009999999803049450589, -120.0000000001187033 ) ) ;
#3606 = EDGE_CURVE ( 'NONE', #3349, #5738, #6420, .T. ) ;
#3607 = ADVANCED_FACE ( 'NONE', ( #2966 ), #5269, .F. ) ;
#3608 = ORIENTED_EDGE ( 'NONE', *, *, #7449, .T. ) ;
#3609 = DIRECTION ( 'NONE',  ( -1.000000000000000000, -0.000000000000000000, -0.000000000000000000 ) ) ;
#3610 = CARTESIAN_POINT ( 'NONE',  ( -125.0000000000000000, -19.75999999986645861, -120.0846308022910591 ) ) ;
#3611 = ORIENTED_EDGE ( 'NONE', *, *, #5874, .F. ) ;
#3612 = LINE ( 'NONE', #1821, #7403 ) ;
#3613 = DIRECTION ( 'NONE',  ( 0.000000000000000000, -1.000000000000000000, 0.000000000000000000 ) ) ;
#3614 = DIRECTION ( 'NONE',  ( 0.000000000000000000, -0.000000000000000000, 1.000000000000000000 ) ) ;
#3615 = LINE ( 'NONE', #4271, #583 ) ;
#3616 = AXIS2_PLACEMENT_3D ( 'NONE', #1477, #2138, #4462 ) ;
#3617 = VECTOR ( 'NONE', #6009, 1000.000000000000000 ) ;
#3618 = EDGE_CURVE ( 'NONE', #2662, #6589, #908, .T. ) ;
#3619 = ORIENTED_EDGE ( 'NONE', *, *, #2005, .T. ) ;
#3620 = DIRECTION ( 'NONE',  ( 0.000000000000000000, -1.000000000000000000, 0.000000000000000000 ) ) ;
#3621 = VECTOR ( 'NONE', #4662, 1000.000000000000000 ) ;
#3622 = VECTOR ( 'NONE', #2989, 1000.000000000000000 ) ;
#3623 = VERTEX_POINT ( 'NONE', #7028 ) ;
#3624 = DIRECTION ( 'NONE',  ( -1.000000000000000000, -0.000000000000000000, -0.000000000000000000 ) ) ;
#3625 = DIRECTION ( 'NONE',  ( 0.000000000000000000, 0.000000000000000000, -1.000000000000000000 ) ) ;
#3626 = DIRECTION ( 'NONE',  ( 1.000000000000000000, 0.000000000000000000, 0.000000000000000000 ) ) ;
#3627 = DIRECTION ( 'NONE',  ( 1.000000000000000000, 0.000000000000000000, -0.000000000000000000 ) ) ;
#3628 = VECTOR ( 'NONE', #811, 1000.000000000000000 ) ;
#3629 = VECTOR ( 'NONE', #1367, 1000.000000000000000 ) ;
#3630 = ORIENTED_EDGE ( 'NONE', *, *, #470, .F. ) ;
#3631 = ORIENTED_EDGE ( 'NONE', *, *, #2241, .F. ) ;
#3632 = PLANE ( 'NONE',  #4722 ) ;
#3633 = VECTOR ( 'NONE', #633, 1000.000000000000000 ) ;
#3634 = VECTOR ( 'NONE', #5203, 1000.000000000000000 ) ;
#3635 = CARTESIAN_POINT ( 'NONE',  ( -125.0000000000000000, 21.52022843723577239, -114.6730186729599978 ) ) ;
#3636 = CARTESIAN_POINT ( 'NONE',  ( 125.0000000000000000, 0.009999999809365651623, 118.5000000001182201 ) ) ;
#3637 = EDGE_CURVE ( 'NONE', #5969, #4666, #539, .T. ) ;
#3638 = CARTESIAN_POINT ( 'NONE',  ( -125.0000000000000000, 11.16109210080288605, 115.0000000001181633 ) ) ;
#3639 = VECTOR ( 'NONE', #7078, 1000.000000000000000 ) ;
#3640 = VECTOR ( 'NONE', #5605, 1000.000000000000000 ) ;
#3641 = EDGE_LOOP ( 'NONE', ( #3793, #560, #4069, #363 ) ) ;
#3642 = VECTOR ( 'NONE', #1768, 1000.000000000000000 ) ;
#3643 = ORIENTED_EDGE ( 'NONE', *, *, #1551, .F. ) ;
#3644 = ORIENTED_EDGE ( 'NONE', *, *, #1977, .F. ) ;
#3645 = CARTESIAN_POINT ( 'NONE',  ( 125.0000000000000000, -11.16109210085998882, 117.0000000002019078 ) ) ;
#3646 = VERTEX_POINT ( 'NONE', #2886 ) ;
#3647 = PLANE ( 'NONE',  #4554 ) ;
#3648 = VECTOR ( 'NONE', #6165, 1000.000000000000000 ) ;
#3649 = VECTOR ( 'NONE', #4869, 1000.000000000000000 ) ;
#3650 = LINE ( 'NONE', #1375, #922 ) ;
#3651 = AXIS2_PLACEMENT_3D ( 'NONE', #1350, #3691, #5355 ) ;
#3652 = ADVANCED_FACE ( 'NONE', ( #7533 ), #6961, .F. ) ;
#3653 = PLANE ( 'NONE',  #6439 ) ;
#3654 = FACE_OUTER_BOUND ( 'NONE', #1803, .T. ) ;
#3655 = FACE_OUTER_BOUND ( 'NONE', #4700, .T. ) ;
#3656 = ORIENTED_EDGE ( 'NONE', *, *, #1391, .F. ) ;
#3657 = ORIENTED_EDGE ( 'NONE', *, *, #3021, .F. ) ;
#3658 = VECTOR ( 'NONE', #2124, 1000.000000000000000 ) ;
#3659 = AXIS2_PLACEMENT_3D ( 'NONE', #5316, #4195, #3504 ) ;
#3660 = PLANE ( 'NONE',  #3651 ) ;
#3661 = DIRECTION ( 'NONE',  ( -1.000000000000000000, -0.000000000000000000, -0.000000000000000000 ) ) ;
#3662 = ORIENTED_EDGE ( 'NONE', *, *, #2173, .T. ) ;
#3663 = DIRECTION ( 'NONE',  ( -1.000000000000000000, 0.000000000000000000, -0.000000000000000000 ) ) ;
#3664 = LINE ( 'NONE', #1319, #1437 ) ;
#3665 = FACE_OUTER_BOUND ( 'NONE', #6548, .T. ) ;
#3666 = EDGE_CURVE ( 'NONE', #4003, #664, #4775, .T. ) ;
#3667 = ADVANCED_FACE ( 'NONE', ( #6497 ), #5412, .F. ) ;
#3668 = CARTESIAN_POINT ( 'NONE',  ( 125.0000000000000000, -16.81285590981789468, -115.1083004675539314 ) ) ;
#3669 = ORIENTED_EDGE ( 'NONE', *, *, #352, .F. ) ;
#3670 = PLANE ( 'NONE',  #1075 ) ;
#3671 = ORIENTED_EDGE ( 'NONE', *, *, #4762, .F. ) ;
#3672 = ADVANCED_FACE ( 'NONE', ( #7186 ), #1959, .T. ) ;
#3673 = VERTEX_POINT ( 'NONE', #4283 ) ;
#3674 = CARTESIAN_POINT ( 'NONE',  ( -125.0000000000000000, -11.16109210079665282, -117.0000000001194849 ) ) ;
#3675 = LINE ( 'NONE', #4843, #6555 ) ;
#3676 = DIRECTION ( 'NONE',  ( 0.000000000000000000, 1.000000000000000000, 0.000000000000000000 ) ) ;
#3677 = CARTESIAN_POINT ( 'NONE',  ( 125.0000000000000000, 16.56109210080340333, 117.0000000001212754 ) ) ;
#3678 = ORIENTED_EDGE ( 'NONE', *, *, #5004, .F. ) ;
#3679 = ORIENTED_EDGE ( 'NONE', *, *, #3520, .F. ) ;
#3680 = ORIENTED_EDGE ( 'NONE', *, *, #7346, .F. ) ;
#3681 = EDGE_CURVE ( 'NONE', #1311, #4478, #4178, .T. ) ;
#3682 =( LENGTH_UNIT ( ) NAMED_UNIT ( * ) SI_UNIT ( .MILLI., .METRE. ) );
#3683 = ORIENTED_EDGE ( 'NONE', *, *, #7221, .T. ) ;
#3684 = CARTESIAN_POINT ( 'NONE',  ( 125.0000000000000000, 0.01000000000261699884, -118.7027587510203972 ) ) ;
#3685 = CARTESIAN_POINT ( 'NONE',  ( 125.0000000000000000, -12.50999999986659184, -120.0846308022910591 ) ) ;
#3686 = CARTESIAN_POINT ( 'NONE',  ( 125.0000000000000000, 23.75999999980919242, 125.0000000001181490 ) ) ;
#3687 = DIRECTION ( 'NONE',  ( 0.000000000000000000, 0.9659258262884991009, 0.2588190451046448737 ) ) ;
#3688 = ORIENTED_EDGE ( 'NONE', *, *, #13, .T. ) ;
#3689 = ORIENTED_EDGE ( 'NONE', *, *, #3520, .T. ) ;
#3690 = EDGE_CURVE ( 'NONE', #3233, #5613, #4313, .T. ) ;
#3691 = DIRECTION ( 'NONE',  ( -0.000000000000000000, 1.000000000000000000, 0.000000000000000000 ) ) ;
#3692 = DIRECTION ( 'NONE',  ( -1.000000000000000000, -0.000000000000000000, -0.000000000000000000 ) ) ;
#3693 = ORIENTED_EDGE ( 'NONE', *, *, #5257, .F. ) ;
#3694 = DIRECTION ( 'NONE',  ( 0.000000000000000000, 0.000000000000000000, 1.000000000000000000 ) ) ;
#3695 = DIRECTION ( 'NONE',  ( -1.000000000000000000, -0.000000000000000000, -0.000000000000000000 ) ) ;
#3696 = LINE ( 'NONE', #6661, #6907 ) ;
#3697 = LINE ( 'NONE', #2360, #217 ) ;
#3698 = ORIENTED_EDGE ( 'NONE', *, *, #431, .F. ) ;
#3699 = EDGE_CURVE ( 'NONE', #5715, #5123, #2458, .T. ) ;
#3700 = LINE ( 'NONE', #1279, #5333 ) ;
#3701 = ORIENTED_EDGE ( 'NONE', *, *, #1390, .T. ) ;
#3702 = CARTESIAN_POINT ( 'NONE',  ( 125.0000000000000000, 20.76950934113887826, 116.3469784522505108 ) ) ;
#3703 = ORIENTED_EDGE ( 'NONE', *, *, #4794, .F. ) ;
#3704 = ADVANCED_FACE ( 'NONE', ( #3594 ), #4741, .F. ) ;
#3705 = ADVANCED_FACE ( 'NONE', ( #6577 ), #1257, .F. ) ;
#3706 = AXIS2_PLACEMENT_3D ( 'NONE', #2614, #2032, #5999 ) ;
#3707 = CARTESIAN_POINT ( 'NONE',  ( 125.0000000000000000, 21.83148461058317480, 115.0619018650231595 ) ) ;
#3708 = LINE ( 'NONE', #75, #3256 ) ;
#3709 = DIRECTION ( 'NONE',  ( 0.000000000000000000, -1.000000000000000000, 0.000000000000000000 ) ) ;
#3710 = ORIENTED_EDGE ( 'NONE', *, *, #5679, .F. ) ;
#3711 = ORIENTED_EDGE ( 'NONE', *, *, #1137, .T. ) ;
#3712 = ORIENTED_EDGE ( 'NONE', *, *, #1111, .F. ) ;
#3713 = FILL_AREA_STYLE ('',( #6615 ) ) ;
#3714 = ORIENTED_EDGE ( 'NONE', *, *, #1398, .T. ) ;
#3715 = CARTESIAN_POINT ( 'NONE',  ( 125.0000000000000000, 23.76000000000244228, -120.0846308025203655 ) ) ;
#3716 = DIRECTION ( 'NONE',  ( -1.000000000000000000, -0.000000000000000000, -0.000000000000000000 ) ) ;
#3717 = DIRECTION ( 'NONE',  ( 1.000000000000000000, 0.000000000000000000, -0.000000000000000000 ) ) ;
#3718 = FACE_OUTER_BOUND ( 'NONE', #7441, .T. ) ;
#3719 = CARTESIAN_POINT ( 'NONE',  ( -125.0000000000000000, -14.76109210086011991, 117.0000000001927987 ) ) ;
#3720 = ORIENTED_EDGE ( 'NONE', *, *, #2635, .F. ) ;
#3721 = ORIENTED_EDGE ( 'NONE', *, *, #6603, .T. ) ;
#3722 = CARTESIAN_POINT ( 'NONE',  ( -125.0000000000000000, -22.00999999999659451, -117.7508710293006970 ) ) ;
#3723 = DIRECTION ( 'NONE',  ( 1.000000000000000000, 0.000000000000000000, -0.000000000000000000 ) ) ;
#3724 = EDGE_LOOP ( 'NONE', ( #3831, #2250, #2520, #2516 ) ) ;
#3725 = CARTESIAN_POINT ( 'NONE',  ( 125.0000000000000000, 23.75999999999983814, -124.9999999998809841 ) ) ;
#3726 = DIRECTION ( 'NONE',  ( -1.000000000000000000, -0.000000000000000000, -0.000000000000000000 ) ) ;
#3727 = FACE_OUTER_BOUND ( 'NONE', #1106, .T. ) ;
#3728 = ADVANCED_FACE ( 'NONE', ( #2492 ), #761, .T. ) ;
#3729 = DIRECTION ( 'NONE',  ( 0.000000000000000000, 0.000000000000000000, 1.000000000000000000 ) ) ;
#3730 = ADVANCED_FACE ( 'NONE', ( #2574 ), #4209, .F. ) ;
#3731 = EDGE_LOOP ( 'NONE', ( #3081, #6537, #2031, #3959 ) ) ;
#3732 = CARTESIAN_POINT ( 'NONE',  ( 125.0000000000000000, 26.00999999980916755, 124.0000000001180496 ) ) ;
#3733 = AXIS2_PLACEMENT_3D ( 'NONE', #4377, #2593, #6094 ) ;
#3734 = ORIENTED_EDGE ( 'NONE', *, *, #2161, .T. ) ;
#3735 = AXIS2_PLACEMENT_3D ( 'NONE', #381, #985, #2066 ) ;
#3736 = CARTESIAN_POINT ( 'NONE',  ( -125.0000000000000000, 22.01000000000425416, -6.300949345616757569E-12 ) ) ;
#3737 = EDGE_CURVE ( 'NONE', #7076, #3411, #832, .T. ) ;
#3738 = EDGE_LOOP ( 'NONE', ( #802, #2408, #2879, #6135 ) ) ;
#3739 = VECTOR ( 'NONE', #5144, 1000.000000000000000 ) ;
#3740 = CARTESIAN_POINT ( 'NONE',  ( 125.0000000000000000, -22.00999999999867640, 6.218658400725107782E-12 ) ) ;
#3741 = VECTOR ( 'NONE', #2416, 1000.000000000000000 ) ;
#3742 = DIRECTION ( 'NONE',  ( 0.000000000000000000, 1.000000000000000000, 0.000000000000000000 ) ) ;
#3743 = FACE_OUTER_BOUND ( 'NONE', #704, .T. ) ;
#3744 = EDGE_CURVE ( 'NONE', #5641, #328, #1841, .T. ) ;
#3745 = ADVANCED_FACE ( 'NONE', ( #188 ), #2529, .T. ) ;
#3746 = VECTOR ( 'NONE', #5908, 1000.000000000000000 ) ;
#3747 = CARTESIAN_POINT ( 'NONE',  ( 125.0000000000000000, 22.01000000000425416, -6.300949345616757569E-12 ) ) ;
#3748 = ORIENTED_EDGE ( 'NONE', *, *, #4224, .F. ) ;
#3749 = VECTOR ( 'NONE', #136, 1000.000000000000000 ) ;
#3750 = ORIENTED_EDGE ( 'NONE', *, *, #6720, .F. ) ;
#3751 = ORIENTED_EDGE ( 'NONE', *, *, #4214, .T. ) ;
#3752 =( NAMED_UNIT ( * ) PLANE_ANGLE_UNIT ( ) SI_UNIT ( $, .RADIAN. ) );
#3753 = CIRCLE ( 'NONE', #3735, 1.250000000007465806 ) ;
#3754 = VERTEX_POINT ( 'NONE', #3638 ) ;
#3755 = CARTESIAN_POINT ( 'NONE',  ( -125.0000000000000000, 20.27061230869981046, 1.235176059474873966 ) ) ;
#3756 = LINE ( 'NONE', #6083, #4464 ) ;
#3757 = EDGE_CURVE ( 'NONE', #170, #5207, #5955, .T. ) ;
#3758 = EDGE_CURVE ( 'NONE', #2992, #6782, #4806, .T. ) ;
#3759 = CARTESIAN_POINT ( 'NONE',  ( 125.0000000000000000, -16.56109210079689120, -117.0000000001221423 ) ) ;
#3760 = CIRCLE ( 'NONE', #3879, 0.1999999999999088063 ) ;
#3761 = DIRECTION ( 'NONE',  ( -1.000000000000000000, -0.000000000000000000, -0.000000000000000000 ) ) ;
#3762 = AXIS2_PLACEMENT_3D ( 'NONE', #4482, #971, #4444 ) ;
#3763 = DIRECTION ( 'NONE',  ( 0.000000000000000000, 0.000000000000000000, 1.000000000000000000 ) ) ;
#3764 = VERTEX_POINT ( 'NONE', #1514 ) ;
#3765 = VERTEX_POINT ( 'NONE', #5030 ) ;
#3766 = ORIENTED_EDGE ( 'NONE', *, *, #1028, .F. ) ;
#3767 = AXIS2_PLACEMENT_3D ( 'NONE', #6605, #2366, #3625 ) ;
#3768 = CIRCLE ( 'NONE', #7299, 0.1999999999997975619 ) ;
#3769 = CARTESIAN_POINT ( 'NONE',  ( -125.0000000000000000, 22.00319135038008156, -114.5436091504080736 ) ) ;
#3770 = VECTOR ( 'NONE', #263, 1000.000000000000000 ) ;
#3771 = VECTOR ( 'NONE', #2012, 1000.000000000000000 ) ;
#3772 = AXIS2_PLACEMENT_3D ( 'NONE', #665, #3012, #7086 ) ;
#3773 = VERTEX_POINT ( 'NONE', #386 ) ;
#3774 = DIRECTION ( 'NONE',  ( 1.000000000000000000, 0.000000000000000000, 0.000000000000000000 ) ) ;
#3775 = CARTESIAN_POINT ( 'NONE',  ( 125.0000000000000000, -14.76109210079678391, -117.0000000001221423 ) ) ;
#3776 = FACE_OUTER_BOUND ( 'NONE', #3488, .T. ) ;
#3777 = VECTOR ( 'NONE', #5658, 1000.000000000000000 ) ;
#3778 = VECTOR ( 'NONE', #5977, 1000.000000000000000 ) ;
#3779 = ORIENTED_EDGE ( 'NONE', *, *, #5702, .T. ) ;
#3780 = ORIENTED_EDGE ( 'NONE', *, *, #5037, .T. ) ;
#3781 = LINE ( 'NONE', #2092, #3286 ) ;
#3782 = AXIS2_PLACEMENT_3D ( 'NONE', #277, #4888, #1999 ) ;
#3783 = ORIENTED_EDGE ( 'NONE', *, *, #6314, .T. ) ;
#3784 = CARTESIAN_POINT ( 'NONE',  ( 125.0000000000000000, 2.990000000196953334, -118.0000000001187033 ) ) ;
#3785 = CARTESIAN_POINT ( 'NONE',  ( 125.0000000000000000, -23.75999999986629518, 125.0000000002088001 ) ) ;
#3786 = VERTEX_POINT ( 'NONE', #299 ) ;
#3787 = VECTOR ( 'NONE', #864, 1000.000000000000000 ) ;
#3788 = LINE ( 'NONE', #2176, #221 ) ;
#3789 = DIRECTION ( 'NONE',  ( 1.000000000000000000, 0.000000000000000000, 0.000000000000000000 ) ) ;
#3790 = CARTESIAN_POINT ( 'NONE',  ( -125.0000000000000000, 20.07061230870005275, 2.194203832673879973 ) ) ;
#3791 = CARTESIAN_POINT ( 'NONE',  ( 125.0000000000000000, 12.96109210099593945, -117.0000000000122782 ) ) ;
#3792 = EDGE_LOOP ( 'NONE', ( #4530, #447, #6345, #3559 ) ) ;
#3793 = ORIENTED_EDGE ( 'NONE', *, *, #1309, .F. ) ;
#3794 = VERTEX_POINT ( 'NONE', #6225 ) ;
#3795 = EDGE_CURVE ( 'NONE', #2311, #7189, #6781, .T. ) ;
#3796 = ORIENTED_EDGE ( 'NONE', *, *, #1178, .T. ) ;
#3797 = CARTESIAN_POINT ( 'NONE',  ( 125.0000000000000000, -12.50999999986642486, 120.0846308027086593 ) ) ;
#3798 = DIRECTION ( 'NONE',  ( 0.000000000000000000, -1.000000000000000000, 0.000000000000000000 ) ) ;
#3799 = DIRECTION ( 'NONE',  ( 0.000000000000000000, -0.9863939238321353109, -0.1643989873054076123 ) ) ;
#3800 = CYLINDRICAL_SURFACE ( 'NONE', #6457, 0.1999999998450602279 ) ;
#3801 = DIRECTION ( 'NONE',  ( -1.000000000000000000, -0.000000000000000000, -0.000000000000000000 ) ) ;
#3802 = ORIENTED_EDGE ( 'NONE', *, *, #2596, .T. ) ;
#3803 = ORIENTED_EDGE ( 'NONE', *, *, #2422, .T. ) ;
#3804 = ORIENTED_EDGE ( 'NONE', *, *, #4725, .T. ) ;
#3805 = EDGE_CURVE ( 'NONE', #4133, #2570, #2644, .T. ) ;
#3806 = EDGE_CURVE ( 'NONE', #5243, #4486, #1021, .T. ) ;
#3807 = DIRECTION ( 'NONE',  ( -1.000000000000000000, -0.000000000000000000, -0.000000000000000000 ) ) ;
#3808 = ORIENTED_EDGE ( 'NONE', *, *, #6113, .F. ) ;
#3809 = LINE ( 'NONE', #3096, #6825 ) ;
#3810 = CYLINDRICAL_SURFACE ( 'NONE', #7020, 0.1999999999998530731 ) ;
#3811 = CARTESIAN_POINT ( 'NONE',  ( 125.0000000000000000, 22.00319135038040486, 114.5436091504057146 ) ) ;
#3812 = LINE ( 'NONE', #3274, #331 ) ;
#3813 = VERTEX_POINT ( 'NONE', #4912 ) ;
#3814 = ORIENTED_EDGE ( 'NONE', *, *, #3826, .T. ) ;
#3815 = CARTESIAN_POINT ( 'NONE',  ( 125.0000000000000000, 24.01000000000306400, 114.0436091504059135 ) ) ;
#3816 = ORIENTED_EDGE ( 'NONE', *, *, #3438, .F. ) ;
#3817 = CARTESIAN_POINT ( 'NONE',  ( -125.0000000000000000, 5.260000000002621690, -114.0000000000203784 ) ) ;
#3818 = PLANE ( 'NONE',  #4754 ) ;
#3819 = EDGE_CURVE ( 'NONE', #6136, #5218, #6799, .T. ) ;
#3820 = ORIENTED_EDGE ( 'NONE', *, *, #3806, .T. ) ;
#3821 = LINE ( 'NONE', #6141, #3640 ) ;
#3822 = CARTESIAN_POINT ( 'NONE',  ( 125.0000000000000000, 24.01000000000306400, 4.472135955001192542 ) ) ;
#3823 = LINE ( 'NONE', #1562, #6180 ) ;
#3824 = CARTESIAN_POINT ( 'NONE',  ( 125.0000000000000000, -22.00999999999867640, 3.000000000000524913 ) ) ;
#3825 = ADVANCED_FACE ( 'NONE', ( #4427 ), #2690, .F. ) ;
#3826 = EDGE_CURVE ( 'NONE', #1816, #5472, #437, .T. ) ;
#3827 = ORIENTED_EDGE ( 'NONE', *, *, #4311, .T. ) ;
#3828 = VECTOR ( 'NONE', #2262, 1000.000000000000000 ) ;
#3829 = VERTEX_POINT ( 'NONE', #6756 ) ;
#3830 = EDGE_LOOP ( 'NONE', ( #657, #498, #1070, #43 ) ) ;
#3831 = ORIENTED_EDGE ( 'NONE', *, *, #4042, .T. ) ;
#3832 = CARTESIAN_POINT ( 'NONE',  ( 125.0000000000000000, 22.00319135038008156, -114.5436091504080736 ) ) ;
#3833 = LINE ( 'NONE', #6150, #682 ) ;
#3834 = DIRECTION ( 'NONE',  ( -1.000000000000000000, -0.000000000000000000, -0.000000000000000000 ) ) ;
#3835 = DIRECTION ( 'NONE',  ( -1.000000000000000000, -0.000000000000000000, -0.000000000000000000 ) ) ;
#3836 = CARTESIAN_POINT ( 'NONE',  ( 125.0000000000000000, -16.56109210086011529, 115.3014856328816364 ) ) ;
#3837 = EDGE_CURVE ( 'NONE', #542, #3148, #4350, .T. ) ;
#3838 = ORIENTED_EDGE ( 'NONE', *, *, #3556, .T. ) ;
#3839 = EDGE_LOOP ( 'NONE', ( #7379, #1916, #4901, #2270 ) ) ;
#3840 = DIRECTION ( 'NONE',  ( 0.000000000000000000, 1.000000000000000000, 0.000000000000000000 ) ) ;
#3841 = EDGE_LOOP ( 'NONE', ( #501, #3200, #6467, #3917 ) ) ;
#3842 = DIRECTION ( 'NONE',  ( 0.000000000000000000, 0.000000000000000000, -1.000000000000000000 ) ) ;
#3843 = CARTESIAN_POINT ( 'NONE',  ( -125.0000000000000000, 9.260000000002598597, -125.0000000000202931 ) ) ;
#3844 = CARTESIAN_POINT ( 'NONE',  ( 125.0000000000000000, -2.009999999866387554, 125.0000000002088001 ) ) ;
#3845 = DIRECTION ( 'NONE',  ( -1.000000000000000000, -0.000000000000000000, -0.000000000000000000 ) ) ;
#3846 = CARTESIAN_POINT ( 'NONE',  ( -125.0000000000000000, 22.01000000000425416, 1.250000000001164846 ) ) ;
#3847 = EDGE_CURVE ( 'NONE', #3522, #3225, #5675, .T. ) ;
#3848 = EDGE_CURVE ( 'NONE', #6055, #2883, #1563, .T. ) ;
#3849 = ORIENTED_EDGE ( 'NONE', *, *, #6534, .F. ) ;
#3850 = DIRECTION ( 'NONE',  ( 0.000000000000000000, -1.000000000000000000, 0.000000000000000000 ) ) ;
#3851 = ORIENTED_EDGE ( 'NONE', *, *, #1977, .T. ) ;
#3852 = CARTESIAN_POINT ( 'NONE',  ( 125.0000000000000000, 0.01000000000261699884, -120.0000000000203784 ) ) ;
#3853 = DIRECTION ( 'NONE',  ( 0.000000000000000000, 0.000000000000000000, -1.000000000000000000 ) ) ;
#3854 = LINE ( 'NONE', #2096, #1829 ) ;
#3855 = EDGE_CURVE ( 'NONE', #6842, #6426, #3909, .T. ) ;
#3856 = EDGE_LOOP ( 'NONE', ( #5095, #2409, #5996, #5710 ) ) ;
#3857 = DIRECTION ( 'NONE',  ( 0.000000000000000000, 0.000000000000000000, -1.000000000000000000 ) ) ;
#3858 = VECTOR ( 'NONE', #2984, 1000.000000000000000 ) ;
#3859 = CARTESIAN_POINT ( 'NONE',  ( -125.0000000000000000, -5.259999999803081749, -114.0000000001187033 ) ) ;
#3860 = DIRECTION ( 'NONE',  ( 0.000000000000000000, -1.000000000000000000, 0.000000000000000000 ) ) ;
#3861 = ORIENTED_EDGE ( 'NONE', *, *, #3112, .F. ) ;
#3862 = VECTOR ( 'NONE', #5286, 1000.000000000000114 ) ;
#3863 = ORIENTED_EDGE ( 'NONE', *, *, #379, .T. ) ;
#3864 = VERTEX_POINT ( 'NONE', #3331 ) ;
#3865 = PLANE ( 'NONE',  #2681 ) ;
#3866 = ORIENTED_EDGE ( 'NONE', *, *, #3099, .F. ) ;
#3868 = EDGE_CURVE ( 'NONE', #3864, #6136, #4507, .T. ) ;
#3867 = CARTESIAN_POINT ( 'NONE',  ( 125.0000000000000000, 9.361092100996113885, -115.0000000000193836 ) ) ;
#3869 = LINE ( 'NONE', #4961, #5672 ) ;
#3870 = CARTESIAN_POINT ( 'NONE',  ( 125.0000000000000000, -20.62279464491106395, 116.1291704748964690 ) ) ;
#3871 = VECTOR ( 'NONE', #2505, 1000.000000000000000 ) ;
#3872 = DIRECTION ( 'NONE',  ( -1.000000000000000000, -0.000000000000000000, -0.000000000000000000 ) ) ;
#3873 = ORIENTED_EDGE ( 'NONE', *, *, #4213, .T. ) ;
#3874 = VECTOR ( 'NONE', #3938, 1000.000000000000000 ) ;
#3875 = ORIENTED_EDGE ( 'NONE', *, *, #7335, .F. ) ;
#3876 = DIRECTION ( 'NONE',  ( 0.000000000000000000, 0.000000000000000000, 1.000000000000000000 ) ) ;
#3877 = ORIENTED_EDGE ( 'NONE', *, *, #1815, .F. ) ;
#3878 = EDGE_CURVE ( 'NONE', #3673, #5676, #1287, .T. ) ;
#3879 = AXIS2_PLACEMENT_3D ( 'NONE', #4751, #6429, #1811 ) ;
#3880 = VECTOR ( 'NONE', #3581, 1000.000000000000000 ) ;
#3881 = LINE ( 'NONE', #3345, #2543 ) ;
#3882 = CYLINDRICAL_SURFACE ( 'NONE', #3161, 0.4999999999998061551 ) ;
#3883 = LINE ( 'NONE', #4557, #3155 ) ;
#3884 = CARTESIAN_POINT ( 'NONE',  ( -125.0000000000000000, -11.16109210085998882, 117.0000000002019078 ) ) ;
#3885 = CARTESIAN_POINT ( 'NONE',  ( -125.0000000000000000, 20.57103083572583913, -116.3223556398842931 ) ) ;
#3886 = VECTOR ( 'NONE', #4810, 1000.000000000000000 ) ;
#3887 = ORIENTED_EDGE ( 'NONE', *, *, #3597, .F. ) ;
#3888 = VECTOR ( 'NONE', #4194, 1000.000000000000114 ) ;
#3889 = ORIENTED_EDGE ( 'NONE', *, *, #5419, .F. ) ;
#3890 = CIRCLE ( 'NONE', #1935, 1.000000000000084155 ) ;
#3891 = FACE_OUTER_BOUND ( 'NONE', #3487, .T. ) ;
#3892 = ORIENTED_EDGE ( 'NONE', *, *, #1113, .F. ) ;
#3893 = EDGE_CURVE ( 'NONE', #891, #192, #6841, .T. ) ;
#3894 = EDGE_CURVE ( 'NONE', #5059, #2830, #7342, .T. ) ;
#3895 = ORIENTED_EDGE ( 'NONE', *, *, #6632, .T. ) ;
#3896 = CARTESIAN_POINT ( 'NONE',  ( 125.0000000000000000, 12.96109210099593945, -115.0000000000060538 ) ) ;
#3897 = VECTOR ( 'NONE', #3661, 1000.000000000000000 ) ;
#3898 = VECTOR ( 'NONE', #661, 1000.000000000000000 ) ;
#3899 = STYLED_ITEM ( 'NONE', ( #5666 ), #2362 ) ;
#3900 = CARTESIAN_POINT ( 'NONE',  ( -125.0000000000000000, 26.00999999980933453, -124.9999999998816804 ) ) ;
#3901 = VERTEX_POINT ( 'NONE', #2608 ) ;
#3902 = LINE ( 'NONE', #414, #4372 ) ;
#3903 = AXIS2_PLACEMENT_3D ( 'NONE', #1089, #5776, #6895 ) ;
#3904 = CARTESIAN_POINT ( 'NONE',  ( -125.0000000000000000, 22.01000000000309598, 117.7508710292996028 ) ) ;
#3905 = EDGE_CURVE ( 'NONE', #5019, #1386, #1442, .T. ) ;
#3906 = ADVANCED_FACE ( 'NONE', ( #6110 ), #6181, .F. ) ;
#3907 = CARTESIAN_POINT ( 'NONE',  ( -125.0000000000000000, 9.361092100996113885, -115.0000000000193836 ) ) ;
#3908 = VECTOR ( 'NONE', #3574, 1000.000000000000000 ) ;
#3909 = LINE ( 'NONE', #3824, #4585 ) ;
#3910 = ORIENTED_EDGE ( 'NONE', *, *, #5373, .T. ) ;
#3911 = VERTEX_POINT ( 'NONE', #5608 ) ;
#3912 = VERTEX_POINT ( 'NONE', #2958 ) ;
#3913 = DIRECTION ( 'NONE',  ( -1.000000000000000000, -0.000000000000000000, -0.000000000000000000 ) ) ;
#3914 = LINE ( 'NONE', #2191, #4076 ) ;
#3915 = DIRECTION ( 'NONE',  ( 0.000000000000000000, 0.000000000000000000, 1.000000000000000000 ) ) ;
#3916 = DIRECTION ( 'NONE',  ( -0.000000000000000000, 1.000000000000000000, 0.000000000000000000 ) ) ;
#3917 = ORIENTED_EDGE ( 'NONE', *, *, #4979, .T. ) ;
#3918 = ADVANCED_FACE ( 'NONE', ( #6295 ), #1632, .F. ) ;
#3919 = ORIENTED_EDGE ( 'NONE', *, *, #6957, .T. ) ;
#3920 = CARTESIAN_POINT ( 'NONE',  ( 125.0000000000000000, -9.361092100859993437, 117.0000000002087859 ) ) ;
#3921 = VERTEX_POINT ( 'NONE', #6913 ) ;
#3922 = CARTESIAN_POINT ( 'NONE',  ( -125.0000000000000000, 5.260000000002621690, -117.0000000000202647 ) ) ;
#3923 = LINE ( 'NONE', #2779, #3777 ) ;
#3924 = DIRECTION ( 'NONE',  ( -1.000000000000000000, -0.000000000000000000, -0.000000000000000000 ) ) ;
#3925 = ADVANCED_FACE ( 'NONE', ( #3519 ), #7521, .F. ) ;
#3926 = VERTEX_POINT ( 'NONE', #5262 ) ;
#3927 = CARTESIAN_POINT ( 'NONE',  ( 125.0000000000000000, 22.01000000000309598, 116.5008710292995318 ) ) ;
#3928 = CARTESIAN_POINT ( 'NONE',  ( 125.0000000000000000, 11.16109210080288605, 115.0000000001181633 ) ) ;
#3929 = ORIENTED_EDGE ( 'NONE', *, *, #2266, .F. ) ;
#3930 = CARTESIAN_POINT ( 'NONE',  ( 125.0000000000000000, 22.51000000000263768, -4.472135955002962682 ) ) ;
#3931 = DIRECTION ( 'NONE',  ( -1.000000000000000000, 0.000000000000000000, -0.000000000000000000 ) ) ;
#3932 = SURFACE_STYLE_USAGE ( .BOTH. , #4499 ) ;
#3933 = EDGE_CURVE ( 'NONE', #306, #4369, #2334, .T. ) ;
#3934 = ORIENTED_EDGE ( 'NONE', *, *, #1670, .F. ) ;
#3935 = DIRECTION ( 'NONE',  ( 0.000000000000000000, 0.000000000000000000, -1.000000000000000000 ) ) ;
#3936 = CARTESIAN_POINT ( 'NONE',  ( 125.0000000000000000, -20.76950934113235903, -116.3469784522515909 ) ) ;
#3937 = CYLINDRICAL_SURFACE ( 'NONE', #6281, 1.000000000000084155 ) ;
#3938 = DIRECTION ( 'NONE',  ( 0.000000000000000000, 1.000000000000000000, 0.000000000000000000 ) ) ;
#3939 = CARTESIAN_POINT ( 'NONE',  ( 125.0000000000000000, -14.76109210079678391, -117.0000000001221423 ) ) ;
#3940 = ADVANCED_FACE ( 'NONE', ( #2 ), #1675, .F. ) ;
#3941 = EDGE_CURVE ( 'NONE', #7428, #215, #3443, .T. ) ;
#3942 = ORIENTED_EDGE ( 'NONE', *, *, #7423, .T. ) ;
#3943 = VERTEX_POINT ( 'NONE', #2254 ) ;
#3944 = ORIENTED_EDGE ( 'NONE', *, *, #5561, .T. ) ;
#3945 = LINE ( 'NONE', #3159, #2058 ) ;
#3946 = ORIENTED_EDGE ( 'NONE', *, *, #3905, .T. ) ;
#3947 = DIRECTION ( 'NONE',  ( 0.000000000000000000, 0.000000000000000000, -1.000000000000000000 ) ) ;
#3948 = CARTESIAN_POINT ( 'NONE',  ( -125.0000000000000000, 20.62279464504687709, -116.1291704747072089 ) ) ;
#3949 = DIRECTION ( 'NONE',  ( 0.000000000000000000, 0.9863939238321471903, -0.1643989873053365580 ) ) ;
#3950 = ORIENTED_EDGE ( 'NONE', *, *, #5610, .F. ) ;
#3951 = EDGE_LOOP ( 'NONE', ( #3011, #7321, #680, #4315 ) ) ;
#3952 = DIRECTION ( 'NONE',  ( 0.000000000000000000, 0.000000000000000000, -1.000000000000000000 ) ) ;
#3953 = VECTOR ( 'NONE', #4319, 1000.000000000000000 ) ;
#3954 = ORIENTED_EDGE ( 'NONE', *, *, #3737, .F. ) ;
#3955 = DIRECTION ( 'NONE',  ( 0.000000000000000000, -1.000000000000000000, 0.000000000000000000 ) ) ;
#3956 = CARTESIAN_POINT ( 'NONE',  ( -125.0000000000000000, -22.00999999999659451, -115.2508710293005265 ) ) ;
#3957 = PLANE ( 'NONE',  #4380 ) ;
#3958 = DIRECTION ( 'NONE',  ( 0.000000000000000000, -0.9659258262884737878, -0.2588190451047393537 ) ) ;
#3959 = ORIENTED_EDGE ( 'NONE', *, *, #1212, .T. ) ;
#3960 = FACE_OUTER_BOUND ( 'NONE', #4367, .T. ) ;
#3961 = DIRECTION ( 'NONE',  ( -1.000000000000000000, -0.000000000000000000, -0.000000000000000000 ) ) ;
#3962 = ORIENTED_EDGE ( 'NONE', *, *, #5081, .F. ) ;
#3963 = ORIENTED_EDGE ( 'NONE', *, *, #4636, .F. ) ;
#3965 = EDGE_CURVE ( 'NONE', #6589, #3420, #4092, .T. ) ;
#3964 = CARTESIAN_POINT ( 'NONE',  ( 125.0000000000000000, 5.259999999809370053, 117.0000000001181633 ) ) ;
#3966 = ADVANCED_FACE ( 'NONE', ( #3479 ), #496, .F. ) ;
#3967 = DIRECTION ( 'NONE',  ( 0.000000000000000000, -1.000000000000000000, 0.000000000000000000 ) ) ;
#3968 = ORIENTED_EDGE ( 'NONE', *, *, #2954, .T. ) ;
#3969 = CARTESIAN_POINT ( 'NONE',  ( -125.0000000000000000, 20.57103083572583913, -116.3223556398842931 ) ) ;
#3970 = EDGE_CURVE ( 'NONE', #3254, #2870, #6985, .T. ) ;
#3971 = VECTOR ( 'NONE', #3515, 1000.000000000000000 ) ;
#3972 = CARTESIAN_POINT ( 'NONE',  ( 125.0000000000000000, 2.009999999809395366, 125.0000000001181490 ) ) ;
#3973 = CARTESIAN_POINT ( 'NONE',  ( 125.0000000000000000, 9.361092100802974159, 115.0000000001181633 ) ) ;
#3974 = VECTOR ( 'NONE', #2059, 1000.000000000000000 ) ;
#3975 = ORIENTED_EDGE ( 'NONE', *, *, #3497, .F. ) ;
#3976 = ORIENTED_EDGE ( 'NONE', *, *, #7250, .F. ) ;
#3977 = ORIENTED_EDGE ( 'NONE', *, *, #4644, .T. ) ;
#3978 = DIRECTION ( 'NONE',  ( 0.000000000000000000, 1.000000000000000000, 0.000000000000000000 ) ) ;
#3979 = AXIS2_PLACEMENT_3D ( 'NONE', #4975, #7164, #4895 ) ;
#3980 = ORIENTED_EDGE ( 'NONE', *, *, #3221, .F. ) ;
#3981 = DIRECTION ( 'NONE',  ( 1.000000000000000000, 0.000000000000000000, -0.000000000000000000 ) ) ;
#3982 = EDGE_CURVE ( 'NONE', #6029, #5676, #4018, .T. ) ;
#3983 = EDGE_CURVE ( 'NONE', #3148, #4474, #1174, .T. ) ;
#3984 = VECTOR ( 'NONE', #3079, 1000.000000000000000 ) ;
#3985 = AXIS2_PLACEMENT_3D ( 'NONE', #5496, #2582, #6648 ) ;
#3986 = LINE ( 'NONE', #6464, #6549 ) ;
#3987 = LINE ( 'NONE', #4031, #1566 ) ;
#3988 = ORIENTED_EDGE ( 'NONE', *, *, #1815, .T. ) ;
#3989 = ORIENTED_EDGE ( 'NONE', *, *, #4083, .T. ) ;
#3990 = CARTESIAN_POINT ( 'NONE',  ( 125.0000000000000000, -0.009999999866441374244, 115.2972412492088807 ) ) ;
#3991 = VECTOR ( 'NONE', #7461, 1000.000000000000000 ) ;
#3992 = VECTOR ( 'NONE', #5132, 1000.000000000000000 ) ;
#3993 = ORIENTED_EDGE ( 'NONE', *, *, #699, .F. ) ;
#3994 = EDGE_CURVE ( 'NONE', #1417, #2737, #2844, .T. ) ;
#3995 = CARTESIAN_POINT ( 'NONE',  ( -125.0000000000000000, 23.75999999980919242, 120.0846308026180367 ) ) ;
#3996 = DIRECTION ( 'NONE',  ( 0.000000000000000000, 1.000000000000000000, 0.000000000000000000 ) ) ;
#3997 = CARTESIAN_POINT ( 'NONE',  ( 125.0000000000000000, -21.52022843722930645, 114.6730186729573404 ) ) ;
#3998 = EDGE_LOOP ( 'NONE', ( #2599, #2361, #4123, #3976 ) ) ;
#3999 = VECTOR ( 'NONE', #7468, 1000.000000000000000 ) ;
#4000 = LINE ( 'NONE', #6330, #6298 ) ;
#4001 = DIRECTION ( 'NONE',  ( 0.000000000000000000, 1.000000000000000000, 0.000000000000000000 ) ) ;
#4002 = CIRCLE ( 'NONE', #94, 1.250000000000084377 ) ;
#4003 = VERTEX_POINT ( 'NONE', #3973 ) ;
#4004 = DIRECTION ( 'NONE',  ( 0.000000000000000000, 0.000000000000000000, 1.000000000000000000 ) ) ;
#4005 = FACE_OUTER_BOUND ( 'NONE', #2257, .T. ) ;
#4006 = VECTOR ( 'NONE', #839, 1000.000000000000000 ) ;
#4007 =( NAMED_UNIT ( * ) SI_UNIT ( $, .STERADIAN. ) SOLID_ANGLE_UNIT ( ) );
#4008 = CIRCLE ( 'NONE', #465, 1.250000000000084377 ) ;
#4009 = AXIS2_PLACEMENT_3D ( 'NONE', #4300, #6628, #4894 ) ;
#4010 = ORIENTED_EDGE ( 'NONE', *, *, #385, .F. ) ;
#4011 = EDGE_CURVE ( 'NONE', #3033, #4818, #5180, .T. ) ;
#4012 = LINE ( 'NONE', #2912, #2922 ) ;
#4013 = AXIS2_PLACEMENT_3D ( 'NONE', #1981, #4902, #1468 ) ;
#4014 = CIRCLE ( 'NONE', #349, 0.1999999999992285726 ) ;
#4015 = VECTOR ( 'NONE', #2289, 1000.000000000000000 ) ;
#4016 = CARTESIAN_POINT ( 'NONE',  ( -125.0000000000000000, 2.009999999809395366, 120.0000000001180496 ) ) ;
#4017 = LINE ( 'NONE', #5179, #4468 ) ;
#4018 = LINE ( 'NONE', #6341, #197 ) ;
#4019 = ORIENTED_EDGE ( 'NONE', *, *, #1345, .F. ) ;
#4020 = CIRCLE ( 'NONE', #826, 1.250000000000084377 ) ;
#4021 = VECTOR ( 'NONE', #1709, 1000.000000000000000 ) ;
#4022 = ORIENTED_EDGE ( 'NONE', *, *, #1834, .T. ) ;
#4023 = EDGE_CURVE ( 'NONE', #5290, #1340, #3558, .T. ) ;
#4024 = VERTEX_POINT ( 'NONE', #4622 ) ;
#4025 = CARTESIAN_POINT ( 'NONE',  ( 125.0000000000000000, 2.990000000196953334, -118.0000000001187033 ) ) ;
#4026 = ORIENTED_EDGE ( 'NONE', *, *, #5548, .T. ) ;
#4027 = CARTESIAN_POINT ( 'NONE',  ( 125.0000000000000000, -12.50999999986642486, 120.0846308027086593 ) ) ;
#4028 = AXIS2_PLACEMENT_3D ( 'NONE', #6269, #3260, #4549 ) ;
#4029 = CARTESIAN_POINT ( 'NONE',  ( -125.0000000000000000, 16.81285590982428246, 115.1083004675525103 ) ) ;
#4030 = CYLINDRICAL_SURFACE ( 'NONE', #4593, 0.2000000000000751177 ) ;
#4031 = CARTESIAN_POINT ( 'NONE',  ( 125.0000000000000000, 12.96109210080290985, 117.0000000001201670 ) ) ;
#4032 = ORIENTED_EDGE ( 'NONE', *, *, #4627, .T. ) ;
#4033 = EDGE_LOOP ( 'NONE', ( #454, #2348, #5413, #327 ) ) ;
#4034 = EDGE_CURVE ( 'NONE', #12, #4763, #6954, .T. ) ;
#4035 = ORIENTED_EDGE ( 'NONE', *, *, #7280, .T. ) ;
#4036 = DIRECTION ( 'NONE',  ( -1.000000000000000000, -0.000000000000000000, -0.000000000000000000 ) ) ;
#4037 = ORIENTED_EDGE ( 'NONE', *, *, #5922, .T. ) ;
#4038 = DIRECTION ( 'NONE',  ( 0.000000000000000000, 0.1643989873054076123, -0.9863939238321353109 ) ) ;
#4039 = FACE_OUTER_BOUND ( 'NONE', #146, .T. ) ;
#4040 = CARTESIAN_POINT ( 'NONE',  ( 125.0000000000000000, 16.81285591001699231, -115.1083004674338497 ) ) ;
#4041 = EDGE_CURVE ( 'NONE', #124, #5941, #2804, .T. ) ;
#4042 = EDGE_CURVE ( 'NONE', #3901, #7109, #3499, .T. ) ;
#4043 = ORIENTED_EDGE ( 'NONE', *, *, #1993, .T. ) ;
#4044 = CARTESIAN_POINT ( 'NONE',  ( -125.0000000000000000, 20.27061230870280539, 2.194203832680097221 ) ) ;
#4045 = DIRECTION ( 'NONE',  ( 0.000000000000000000, -0.9863939238321467462, -0.1643989873053395556 ) ) ;
#4046 = ORIENTED_EDGE ( 'NONE', *, *, #4291, .F. ) ;
#4047 = FACE_OUTER_BOUND ( 'NONE', #6652, .T. ) ;
#4048 = LINE ( 'NONE', #1129, #5109 ) ;
#4049 = LINE ( 'NONE', #6369, #5789 ) ;
#4050 = CARTESIAN_POINT ( 'NONE',  ( -125.0000000000000000, 22.01000000000425416, -6.300949345616757569E-12 ) ) ;
#4051 = ORIENTED_EDGE ( 'NONE', *, *, #6342, .F. ) ;
#4052 = CARTESIAN_POINT ( 'NONE',  ( -125.0000000000000000, 0.01000000000261699884, -120.0000000000203784 ) ) ;
#4053 = DIRECTION ( 'NONE',  ( 0.000000000000000000, 0.000000000000000000, -1.000000000000000000 ) ) ;
#4054 = DIRECTION ( 'NONE',  ( 1.000000000000000000, 0.000000000000000000, 0.000000000000000000 ) ) ;
#4055 = ORIENTED_EDGE ( 'NONE', *, *, #6313, .F. ) ;
#4056 = ORIENTED_EDGE ( 'NONE', *, *, #1873, .T. ) ;
#4057 = CARTESIAN_POINT ( 'NONE',  ( -125.0000000000000000, 24.01000000000296453, -114.0436091504081304 ) ) ;
#4058 = ORIENTED_EDGE ( 'NONE', *, *, #453, .T. ) ;
#4059 = LINE ( 'NONE', #5799, #1685 ) ;
#4060 = EDGE_CURVE ( 'NONE', #5383, #5512, #7019, .T. ) ;
#4061 = LINE ( 'NONE', #2851, #7278 ) ;
#4062 = ADVANCED_FACE ( 'NONE', ( #5370 ), #3030, .T. ) ;
#4063 = CARTESIAN_POINT ( 'NONE',  ( 125.0000000000000000, -16.50999999986648348, -124.9999999997909725 ) ) ;
#4064 = DIRECTION ( 'NONE',  ( -0.000000000000000000, 0.1643989872953514064, 0.9863939238338114146 ) ) ;
#4065 = ORIENTED_EDGE ( 'NONE', *, *, #180, .T. ) ;
#4066 = ORIENTED_EDGE ( 'NONE', *, *, #5965, .F. ) ;
#4067 = ORIENTED_EDGE ( 'NONE', *, *, #1983, .F. ) ;
#4068 = DIRECTION ( 'NONE',  ( -1.000000000000000000, -0.000000000000000000, -0.000000000000000000 ) ) ;
#4069 = ORIENTED_EDGE ( 'NONE', *, *, #6342, .T. ) ;
#4070 = DIRECTION ( 'NONE',  ( -1.000000000000000000, -0.000000000000000000, -0.000000000000000000 ) ) ;
#4071 = EDGE_CURVE ( 'NONE', #4024, #621, #1542, .T. ) ;
#4072 = DIRECTION ( 'NONE',  ( 0.000000000000000000, 0.000000000000000000, -1.000000000000000000 ) ) ;
#4073 = DIRECTION ( 'NONE',  ( 0.000000000000000000, 0.000000000000000000, 1.000000000000000000 ) ) ;
#4074 = FACE_OUTER_BOUND ( 'NONE', #587, .T. ) ;
#4075 = EDGE_LOOP ( 'NONE', ( #3325, #2589, #1758, #3548 ) ) ;
#4076 = VECTOR ( 'NONE', #307, 1000.000000000000000 ) ;
#4077 = FACE_OUTER_BOUND ( 'NONE', #2726, .T. ) ;
#4078 = DIRECTION ( 'NONE',  ( 0.000000000000000000, 1.000000000000000000, 0.000000000000000000 ) ) ;
#4079 = VERTEX_POINT ( 'NONE', #7100 ) ;
#4080 = CARTESIAN_POINT ( 'NONE',  ( 125.0000000000000000, 0.009999999809365668971, 115.5000000001181064 ) ) ;
#4081 = DIRECTION ( 'NONE',  ( 0.000000000000000000, -1.000000000000000000, 0.000000000000000000 ) ) ;
#4082 = EDGE_CURVE ( 'NONE', #2935, #3786, #643, .T. ) ;
#4083 = EDGE_CURVE ( 'NONE', #5207, #2585, #4730, .T. ) ;
#4084 = DIRECTION ( 'NONE',  ( -1.000000000000000000, 0.000000000000000000, -0.000000000000000000 ) ) ;
#4085 = ORIENTED_EDGE ( 'NONE', *, *, #1345, .T. ) ;
#4086 = DIRECTION ( 'NONE',  ( 0.000000000000000000, 0.000000000000000000, -1.000000000000000000 ) ) ;
#4087 = ADVANCED_FACE ( 'NONE', ( #1249 ), #3587, .F. ) ;
#4088 = ADVANCED_FACE ( 'NONE', ( #1761 ), #4030, .T. ) ;
#4089 = CARTESIAN_POINT ( 'NONE',  ( 125.0000000000000000, 23.75999999980919242, 125.0000000001181490 ) ) ;
#4090 = DIRECTION ( 'NONE',  ( 0.000000000000000000, 0.000000000000000000, -1.000000000000000000 ) ) ;
#4091 = DIRECTION ( 'NONE',  ( 0.000000000000000000, 0.000000000000000000, 1.000000000000000000 ) ) ;
#4092 = LINE ( 'NONE', #4655, #2397 ) ;
#4093 = VERTEX_POINT ( 'NONE', #7530 ) ;
#4094 = EDGE_LOOP ( 'NONE', ( #4576, #5652, #2672, #4991 ) ) ;
#4095 = DIRECTION ( 'NONE',  ( -1.000000000000000000, 0.000000000000000000, -0.000000000000000000 ) ) ;
#4096 = ORIENTED_EDGE ( 'NONE', *, *, #3205, .T. ) ;
#4097 = VECTOR ( 'NONE', #7557, 1000.000000000000114 ) ;
#4098 = CARTESIAN_POINT ( 'NONE',  ( 125.0000000000000000, 9.259999999809346960, 125.0000000001181490 ) ) ;
#4099 = DIRECTION ( 'NONE',  ( 0.000000000000000000, 0.000000000000000000, 1.000000000000000000 ) ) ;
#4100 = ORIENTED_EDGE ( 'NONE', *, *, #5244, .F. ) ;
#4101 = EDGE_LOOP ( 'NONE', ( #4542, #1747, #3309, #1400 ) ) ;
#4102 = ORIENTED_EDGE ( 'NONE', *, *, #2549, .F. ) ;
#4103 = VECTOR ( 'NONE', #3322, 1000.000000000000114 ) ;
#4104 = EDGE_CURVE ( 'NONE', #5984, #7352, #6296, .T. ) ;
#4105 = DIRECTION ( 'NONE',  ( 0.000000000000000000, 0.000000000000000000, 1.000000000000000000 ) ) ;
#4106 = ORIENTED_EDGE ( 'NONE', *, *, #1018, .F. ) ;
#4107 = LINE ( 'NONE', #2860, #7176 ) ;
#4108 = LINE ( 'NONE', #86, #6186 ) ;
#4109 = DIRECTION ( 'NONE',  ( 0.000000000000000000, 0.000000000000000000, 1.000000000000000000 ) ) ;
#4110 = DIRECTION ( 'NONE',  ( 0.000000000000000000, 0.000000000000000000, 1.000000000000000000 ) ) ;
#4111 = ORIENTED_EDGE ( 'NONE', *, *, #2249, .T. ) ;
#4112 = AXIS2_PLACEMENT_3D ( 'NONE', #2109, #2733, #7381 ) ;
#4113 = ADVANCED_FACE ( 'NONE', ( #4140 ), #1183, .F. ) ;
#4114 = CARTESIAN_POINT ( 'NONE',  ( 125.0000000000000000, 22.01000000000309598, 115.2508710292994607 ) ) ;
#4115 = LINE ( 'NONE', #1774, #2184 ) ;
#4116 = ORIENTED_EDGE ( 'NONE', *, *, #3090, .T. ) ;
#4117 = CYLINDRICAL_SURFACE ( 'NONE', #2901, 0.2000000000000582145 ) ;
#4118 = DIRECTION ( 'NONE',  ( 0.000000000000000000, -1.000000000000000000, 0.000000000000000000 ) ) ;
#4119 = DIRECTION ( 'NONE',  ( 0.000000000000000000, -0.000000000000000000, -1.000000000000000000 ) ) ;
#4120 = AXIS2_PLACEMENT_3D ( 'NONE', #187, #2489, #4245 ) ;
#4121 = LINE ( 'NONE', #4825, #5088 ) ;
#4122 = AXIS2_PLACEMENT_3D ( 'NONE', #473, #4036, #7388 ) ;
#4123 = ORIENTED_EDGE ( 'NONE', *, *, #352, .T. ) ;
#4124 = EDGE_CURVE ( 'NONE', #6055, #3254, #2227, .T. ) ;
#4125 = EDGE_CURVE ( 'NONE', #4807, #2740, #6307, .T. ) ;
#4126 = VECTOR ( 'NONE', #1252, 1000.000000000000000 ) ;
#4127 = DIRECTION ( 'NONE',  ( -1.000000000000000000, -0.000000000000000000, -0.000000000000000000 ) ) ;
#4128 = AXIS2_PLACEMENT_3D ( 'NONE', #1346, #242, #3717 ) ;
#4129 = CARTESIAN_POINT ( 'NONE',  ( -125.0000000000000000, 12.96109210080290985, 115.0000000001172680 ) ) ;
#4130 = VECTOR ( 'NONE', #697, 1000.000000000000000 ) ;
#4131 = DIRECTION ( 'NONE',  ( 0.000000000000000000, -0.000000000000000000, -1.000000000000000000 ) ) ;
#4132 = ORIENTED_EDGE ( 'NONE', *, *, #6407, .F. ) ;
#4133 = VERTEX_POINT ( 'NONE', #2927 ) ;
#4134 = EDGE_CURVE ( 'NONE', #1141, #5453, #2305, .T. ) ;
#4135 = EDGE_CURVE ( 'NONE', #957, #3912, #1723, .T. ) ;
#4136 = VECTOR ( 'NONE', #5060, 1000.000000000000000 ) ;
#4137 = AXIS2_PLACEMENT_3D ( 'NONE', #1267, #5249, #20 ) ;
#4138 = DIRECTION ( 'NONE',  ( -1.000000000000000000, -0.000000000000000000, -0.000000000000000000 ) ) ;
#4139 = LINE ( 'NONE', #5764, #4370 ) ;
#4140 = FACE_OUTER_BOUND ( 'NONE', #314, .T. ) ;
#4141 = AXIS2_PLACEMENT_3D ( 'NONE', #2052, #2128, #4417 ) ;
#4142 = VECTOR ( 'NONE', #2701, 1000.000000000000000 ) ;
#4143 = LINE ( 'NONE', #2342, #3026 ) ;
#4144 = AXIS2_PLACEMENT_3D ( 'NONE', #4693, #2260, #2848 ) ;
#4145 = ORIENTED_EDGE ( 'NONE', *, *, #6808, .F. ) ;
#4146 = ORIENTED_EDGE ( 'NONE', *, *, #1028, .T. ) ;
#4147 = ORIENTED_EDGE ( 'NONE', *, *, #4927, .T. ) ;
#4148 = PLANE ( 'NONE',  #3040 ) ;
#4149 = VECTOR ( 'NONE', #6620, 1000.000000000000000 ) ;
#4150 = VERTEX_POINT ( 'NONE', #1145 ) ;
#4151 = DIRECTION ( 'NONE',  ( 0.000000000000000000, 0.000000000000000000, 1.000000000000000000 ) ) ;
#4152 = DIRECTION ( 'NONE',  ( -0.000000000000000000, 1.000000000000000000, 0.000000000000000000 ) ) ;
#4153 = DIRECTION ( 'NONE',  ( 0.000000000000000000, -1.000000000000000000, 0.000000000000000000 ) ) ;
#4154 = CARTESIAN_POINT ( 'NONE',  ( 125.0000000000000000, 0.01000000000261699884, -118.7027587510203972 ) ) ;
#4155 = EDGE_CURVE ( 'NONE', #5059, #5145, #5119, .T. ) ;
#4156 = CIRCLE ( 'NONE', #2448, 1.250000000007465806 ) ;
#4157 = EDGE_LOOP ( 'NONE', ( #6761, #6955, #5435, #3714 ) ) ;
#4158 = DIRECTION ( 'NONE',  ( 0.000000000000000000, 0.000000000000000000, -1.000000000000000000 ) ) ;
#4159 = DIRECTION ( 'NONE',  ( -1.000000000000000000, -0.000000000000000000, -0.000000000000000000 ) ) ;
#4160 = ORIENTED_EDGE ( 'NONE', *, *, #5299, .F. ) ;
#4161 = CARTESIAN_POINT ( 'NONE',  ( 125.0000000000000000, -20.27061230870008757, 1.235176059473097609 ) ) ;
#4162 = CARTESIAN_POINT ( 'NONE',  ( 125.0000000000000000, 5.260000000002621690, -117.0000000000202647 ) ) ;
#4163 = EDGE_CURVE ( 'NONE', #3369, #5879, #2341, .T. ) ;
#4164 = CARTESIAN_POINT ( 'NONE',  ( -125.0000000000000000, 5.259999999809370053, 125.0000000001181490 ) ) ;
#4165 = EDGE_CURVE ( 'NONE', #3754, #295, #5684, .T. ) ;
#4166 = ORIENTED_EDGE ( 'NONE', *, *, #6684, .T. ) ;
#4167 = DIRECTION ( 'NONE',  ( 0.000000000000000000, 0.000000000000000000, 1.000000000000000000 ) ) ;
#4168 = DIRECTION ( 'NONE',  ( 0.000000000000000000, 0.000000000000000000, -1.000000000000000000 ) ) ;
#4169 = EDGE_CURVE ( 'NONE', #6606, #6878, #4061, .T. ) ;
#4170 = CARTESIAN_POINT ( 'NONE',  ( 125.0000000000000000, -9.259999999866671772, -124.9999999997909725 ) ) ;
#4171 = ORIENTED_EDGE ( 'NONE', *, *, #7506, .F. ) ;
#4172 = VERTEX_POINT ( 'NONE', #5151 ) ;
#4173 = DIRECTION ( 'NONE',  ( 0.000000000000000000, 0.000000000000000000, -1.000000000000000000 ) ) ;
#4174 = CARTESIAN_POINT ( 'NONE',  ( 125.0000000000000000, -22.00999999986693467, 116.5008710294929273 ) ) ;
#4175 = DIRECTION ( 'NONE',  ( -1.000000000000000000, -0.000000000000000000, -0.000000000000000000 ) ) ;
#4176 = EDGE_CURVE ( 'NONE', #4848, #2190, #503, .T. ) ;
#4177 = ADVANCED_FACE ( 'NONE', ( #5189 ), #7027, .F. ) ;
#4178 = LINE ( 'NONE', #267, #3602 ) ;
#4179 = ORIENTED_EDGE ( 'NONE', *, *, #6504, .T. ) ;
#4180 = ORIENTED_EDGE ( 'NONE', *, *, #7250, .T. ) ;
#4181 = ORIENTED_EDGE ( 'NONE', *, *, #266, .T. ) ;
#4182 = DIRECTION ( 'NONE',  ( 0.000000000000000000, 1.000000000000000000, 0.000000000000000000 ) ) ;
#4183 = ORIENTED_EDGE ( 'NONE', *, *, #1284, .T. ) ;
#4184 = CARTESIAN_POINT ( 'NONE',  ( -125.0000000000000000, 5.259999999809370053, 125.0000000001181490 ) ) ;
#4185 = ADVANCED_FACE ( 'NONE', ( #2815 ), #6960, .F. ) ;
#4186 = DIRECTION ( 'NONE',  ( -1.000000000000000000, -0.000000000000000000, -0.000000000000000000 ) ) ;
#4187 = LINE ( 'NONE', #2942, #4747 ) ;
#4188 = CARTESIAN_POINT ( 'NONE',  ( -125.0000000000000000, -22.00999999999867640, 1.250000000013862467 ) ) ;
#4189 = VERTEX_POINT ( 'NONE', #1074 ) ;
#4190 = CARTESIAN_POINT ( 'NONE',  ( -125.0000000000000000, 22.01000000000309598, 116.5008710292995318 ) ) ;
#4191 = DIRECTION ( 'NONE',  ( 0.000000000000000000, 0.000000000000000000, 1.000000000000000000 ) ) ;
#4192 = ORIENTED_EDGE ( 'NONE', *, *, #6675, .T. ) ;
#4193 = DIRECTION ( 'NONE',  ( 0.000000000000000000, 1.000000000000000000, 0.000000000000000000 ) ) ;
#4194 = DIRECTION ( 'NONE',  ( 0.000000000000000000, 0.9659258262884737878, 0.2588190451047393537 ) ) ;
#4195 = DIRECTION ( 'NONE',  ( 0.000000000000000000, 0.5000000000000001110, -0.8660254037844385966 ) ) ;
#4196 = CARTESIAN_POINT ( 'NONE',  ( -125.0000000000000000, -20.57103083558994072, 116.3223556400735674 ) ) ;
#4197 = DIRECTION ( 'NONE',  ( 0.000000000000000000, 0.000000000000000000, -1.000000000000000000 ) ) ;
#4198 = FACE_OUTER_BOUND ( 'NONE', #3425, .T. ) ;
#4199 = VERTEX_POINT ( 'NONE', #5846 ) ;
#4200 = LINE ( 'NONE', #6520, #952 ) ;
#4201 = EDGE_CURVE ( 'NONE', #1914, #7481, #5801, .T. ) ;
#4202 = CARTESIAN_POINT ( 'NONE',  ( 125.0000000000000000, 22.00319135038040486, 114.5436091504057146 ) ) ;
#4203 = DIRECTION ( 'NONE',  ( 1.000000000000000000, 0.000000000000000000, 0.000000000000000000 ) ) ;
#4204 = ORIENTED_EDGE ( 'NONE', *, *, #7449, .F. ) ;
#4205 = ORIENTED_EDGE ( 'NONE', *, *, #4584, .T. ) ;
#4206 = LINE ( 'NONE', #3138, #3147 ) ;
#4207 = LINE ( 'NONE', #2714, #6178 ) ;
#4208 = CARTESIAN_POINT ( 'NONE',  ( 125.0000000000000000, 0.01000000000261697976, -114.0000000000203784 ) ) ;
#4209 = PLANE ( 'NONE',  #7023 ) ;
#4210 = ORIENTED_EDGE ( 'NONE', *, *, #4082, .T. ) ;
#4211 = ORIENTED_EDGE ( 'NONE', *, *, #1390, .F. ) ;
#4212 = ORIENTED_EDGE ( 'NONE', *, *, #6638, .T. ) ;
#4213 = EDGE_CURVE ( 'NONE', #4809, #3794, #1291, .T. ) ;
#4214 = EDGE_CURVE ( 'NONE', #4863, #4811, #5448, .T. ) ;
#4215 = LINE ( 'NONE', #2423, #1063 ) ;
#4216 = ORIENTED_EDGE ( 'NONE', *, *, #7084, .T. ) ;
#4217 = LINE ( 'NONE', #766, #3585 ) ;
#4218 = VECTOR ( 'NONE', #1690, 1000.000000000000000 ) ;
#4219 = DIRECTION ( 'NONE',  ( 0.000000000000000000, -1.000000000000000000, 0.000000000000000000 ) ) ;
#4220 = DIRECTION ( 'NONE',  ( 0.000000000000000000, -0.000000000000000000, -1.000000000000000000 ) ) ;
#4221 = DIRECTION ( 'NONE',  ( -1.000000000000000000, 0.000000000000000000, -0.000000000000000000 ) ) ;
#4222 = ORIENTED_EDGE ( 'NONE', *, *, #2836, .F. ) ;
#4223 = ORIENTED_EDGE ( 'NONE', *, *, #1380, .F. ) ;
#4224 = EDGE_CURVE ( 'NONE', #2073, #1349, #4774, .T. ) ;
#4225 = LINE ( 'NONE', #2388, #718 ) ;
#4226 = LINE ( 'NONE', #5820, #7408 ) ;
#4227 = ORIENTED_EDGE ( 'NONE', *, *, #2741, .T. ) ;
#4228 = CARTESIAN_POINT ( 'NONE',  ( -125.0000000000000000, 9.361092100802974159, 115.0000000001181633 ) ) ;
#4229 = CARTESIAN_POINT ( 'NONE',  ( -125.0000000000000000, 12.96109210099593945, -115.0000000000060538 ) ) ;
#4230 = CARTESIAN_POINT ( 'NONE',  ( -125.0000000000000000, 9.259999999809346960, 120.0000000001180496 ) ) ;
#4231 = LINE ( 'NONE', #4164, #1188 ) ;
#4232 = AXIS2_PLACEMENT_3D ( 'NONE', #1475, #2720, #4993 ) ;
#4233 = ORIENTED_EDGE ( 'NONE', *, *, #2548, .F. ) ;
#4234 = DIRECTION ( 'NONE',  ( -1.000000000000000000, -0.000000000000000000, -0.000000000000000000 ) ) ;
#4235 = AXIS2_PLACEMENT_3D ( 'NONE', #3927, #1126, #3467 ) ;
#4236 = ORIENTED_EDGE ( 'NONE', *, *, #4716, .F. ) ;
#4237 = CARTESIAN_POINT ( 'NONE',  ( -125.0000000000000000, -12.50999999986659184, -124.9999999997909725 ) ) ;
#4238 = VECTOR ( 'NONE', #2123, 1000.000000000000000 ) ;
#4239 = ADVANCED_FACE ( 'NONE', ( #2457 ), #7141, .F. ) ;
#4240 = AXIS2_PLACEMENT_3D ( 'NONE', #113, #6567, #4766 ) ;
#4241 = ORIENTED_EDGE ( 'NONE', *, *, #2249, .F. ) ;
#4242 = FACE_OUTER_BOUND ( 'NONE', #4323, .T. ) ;
#4243 = CIRCLE ( 'NONE', #3143, 0.4999999999999449329 ) ;
#4244 = DIRECTION ( 'NONE',  ( -1.000000000000000000, -0.000000000000000000, -0.000000000000000000 ) ) ;
#4245 = DIRECTION ( 'NONE',  ( 0.000000000000000000, 0.000000000000000000, -1.000000000000000000 ) ) ;
#4246 = DIRECTION ( 'NONE',  ( 0.000000000000000000, -0.000000000000000000, -1.000000000000000000 ) ) ;
#4247 = EDGE_CURVE ( 'NONE', #1386, #4397, #2573, .T. ) ;
#4248 = VECTOR ( 'NONE', #1895, 1000.000000000000000 ) ;
#4249 = ORIENTED_EDGE ( 'NONE', *, *, #1767, .T. ) ;
#4250 = VECTOR ( 'NONE', #855, 1000.000000000000000 ) ;
#4251 = ORIENTED_EDGE ( 'NONE', *, *, #2395, .T. ) ;
#4252 = ORIENTED_EDGE ( 'NONE', *, *, #133, .T. ) ;
#4253 = ORIENTED_EDGE ( 'NONE', *, *, #6106, .F. ) ;
#4254 = DIRECTION ( 'NONE',  ( 0.000000000000000000, 0.000000000000000000, 1.000000000000000000 ) ) ;
#4255 = AXIS2_PLACEMENT_3D ( 'NONE', #2352, #166, #4817 ) ;
#4256 = CIRCLE ( 'NONE', #6204, 1.250000000000070610 ) ;
#4257 = DIRECTION ( 'NONE',  ( -1.000000000000000000, -0.000000000000000000, -0.000000000000000000 ) ) ;
#4258 = CARTESIAN_POINT ( 'NONE',  ( 125.0000000000000000, -3.209999999866421927, 118.1694254178079149 ) ) ;
#4259 = CARTESIAN_POINT ( 'NONE',  ( -125.0000000000000000, -21.83148461050831557, 115.2619018652094383 ) ) ;
#4260 = EDGE_CURVE ( 'NONE', #4398, #3228, #731, .T. ) ;
#4261 = VERTEX_POINT ( 'NONE', #4208 ) ;
#4262 = ORIENTED_EDGE ( 'NONE', *, *, #224, .T. ) ;
#4263 = VECTOR ( 'NONE', #5080, 1000.000000000000000 ) ;
#4264 = AXIS2_PLACEMENT_3D ( 'NONE', #3852, #5171, #6168 ) ;
#4265 = CARTESIAN_POINT ( 'NONE',  ( 125.0000000000000000, 22.01000000000425416, 3.000000000001260769 ) ) ;
#4266 = ORIENTED_EDGE ( 'NONE', *, *, #4568, .F. ) ;
#4267 = DIRECTION ( 'NONE',  ( 0.000000000000000000, 0.2588190451056156527, -0.9659258262882389756 ) ) ;
#4268 = LINE ( 'NONE', #887, #5956 ) ;
#4269 = CARTESIAN_POINT ( 'NONE',  ( 125.0000000000000000, 5.259999999809370053, 125.0000000001181490 ) ) ;
#4270 = VECTOR ( 'NONE', #2501, 1000.000000000000000 ) ;
#4271 = CARTESIAN_POINT ( 'NONE',  ( 125.0000000000000000, -22.34333333333142235, -2.981423969997499146 ) ) ;
#4272 = EDGE_CURVE ( 'NONE', #3773, #192, #3708, .T. ) ;
#4273 = ADVANCED_FACE ( 'NONE', ( #153 ), #4877, .T. ) ;
#4274 = ORIENTED_EDGE ( 'NONE', *, *, #1834, .F. ) ;
#4275 = ORIENTED_EDGE ( 'NONE', *, *, #947, .T. ) ;
#4276 = DIRECTION ( 'NONE',  ( 0.000000000000000000, -5.300832056148004468E-13, -1.000000000000000000 ) ) ;
#4277 = VERTEX_POINT ( 'NONE', #1988 ) ;
#4278 = CARTESIAN_POINT ( 'NONE',  ( -125.0000000000000000, -20.27061230869652064, -2.194203832674857413 ) ) ;
#4279 = ORIENTED_EDGE ( 'NONE', *, *, #4870, .T. ) ;
#4280 = DIRECTION ( 'NONE',  ( 0.000000000000000000, 0.8660254037833696739, -0.5000000000018514079 ) ) ;
#4281 = CARTESIAN_POINT ( 'NONE',  ( -125.0000000000000000, -20.62279464491106395, 116.1291704748964690 ) ) ;
#4282 = DIRECTION ( 'NONE',  ( -1.000000000000000000, -0.000000000000000000, -0.000000000000000000 ) ) ;
#4283 = CARTESIAN_POINT ( 'NONE',  ( -125.0000000000000000, 20.07061230870587920, -2.194203832674285426 ) ) ;
#4284 = ORIENTED_EDGE ( 'NONE', *, *, #3637, .F. ) ;
#4285 = ORIENTED_EDGE ( 'NONE', *, *, #5509, .T. ) ;
#4286 = ORIENTED_EDGE ( 'NONE', *, *, #1449, .T. ) ;
#4287 =( NAMED_UNIT ( * ) SI_UNIT ( $, .STERADIAN. ) SOLID_ANGLE_UNIT ( ) );
#4288 = EDGE_CURVE ( 'NONE', #7199, #585, #3593, .T. ) ;
#4289 = ORIENTED_EDGE ( 'NONE', *, *, #2515, .T. ) ;
#4291 = EDGE_CURVE ( 'NONE', #6114, #1149, #1223, .T. ) ;
#4290 = DIRECTION ( 'NONE',  ( -0.000000000000000000, 1.000000000000000000, 0.000000000000000000 ) ) ;
#4292 = CARTESIAN_POINT ( 'NONE',  ( -125.0000000000000000, -0.009999999803049450589, -115.5000000001185327 ) ) ;
#4293 = LINE ( 'NONE', #6085, #482 ) ;
#4294 = ORIENTED_EDGE ( 'NONE', *, *, #6081, .T. ) ;
#4295 = ORIENTED_EDGE ( 'NONE', *, *, #4155, .F. ) ;
#4296 = FACE_OUTER_BOUND ( 'NONE', #1099, .T. ) ;
#4297 = CARTESIAN_POINT ( 'NONE',  ( -125.0000000000000000, 12.51000000000257373, -120.0846308025203655 ) ) ;
#4298 = ORIENTED_EDGE ( 'NONE', *, *, #2782, .F. ) ;
#4299 = EDGE_CURVE ( 'NONE', #5124, #6397, #5338, .T. ) ;
#4300 = CARTESIAN_POINT ( 'NONE',  ( -125.0000000000000000, -21.83148461050831557, 115.0619018653643764 ) ) ;
#4301 = CARTESIAN_POINT ( 'NONE',  ( 125.0000000000000000, 24.01000000000306400, 114.0436091504059135 ) ) ;
#4302 = PLANE ( 'NONE',  #3162 ) ;
#4303 = ORIENTED_EDGE ( 'NONE', *, *, #384, .T. ) ;
#4304 = CARTESIAN_POINT ( 'NONE',  ( -125.0000000000000000, -2.009999999802995596, -120.0000000001187033 ) ) ;
#4305 = EDGE_CURVE ( 'NONE', #5604, #6930, #1790, .T. ) ;
#4306 = EDGE_CURVE ( 'NONE', #3045, #7005, #6306, .T. ) ;
#4307 = VERTEX_POINT ( 'NONE', #6530 ) ;
#4308 = LINE ( 'NONE', #1389, #7445 ) ;
#4309 = ORIENTED_EDGE ( 'NONE', *, *, #4023, .F. ) ;
#4310 = CARTESIAN_POINT ( 'NONE',  ( 125.0000000000000000, -19.75999999986629163, 120.0846308027086593 ) ) ;
#4311 = EDGE_CURVE ( 'NONE', #3921, #5145, #3110, .T. ) ;
#4312 = DIRECTION ( 'NONE',  ( 0.000000000000000000, 0.000000000000000000, 1.000000000000000000 ) ) ;
#4313 = LINE ( 'NONE', #1911, #303 ) ;
#4314 = ORIENTED_EDGE ( 'NONE', *, *, #2394, .T. ) ;
#4315 = ORIENTED_EDGE ( 'NONE', *, *, #4424, .T. ) ;
#4316 = ORIENTED_EDGE ( 'NONE', *, *, #616, .T. ) ;
#4317 = SURFACE_STYLE_FILL_AREA ( #3713 ) ;
#4318 = VERTEX_POINT ( 'NONE', #3140 ) ;
#4319 = DIRECTION ( 'NONE',  ( 0.000000000000000000, 0.000000000000000000, 1.000000000000000000 ) ) ;
#4320 = DIRECTION ( 'NONE',  ( -0.000000000000000000, 1.000000000000000000, 0.000000000000000000 ) ) ;
#4321 = LINE ( 'NONE', #1452, #457 ) ;
#4322 = CARTESIAN_POINT ( 'NONE',  ( 125.0000000000000000, 21.85610742295421360, 115.2603803704352856 ) ) ;
#4323 = EDGE_LOOP ( 'NONE', ( #5691, #7113, #355, #5653 ) ) ;
#4324 = ORIENTED_EDGE ( 'NONE', *, *, #5319, .F. ) ;
#4325 = EDGE_CURVE ( 'NONE', #4748, #4326, #1908, .T. ) ;
#4326 = VERTEX_POINT ( 'NONE', #5953 ) ;
#4327 = FACE_OUTER_BOUND ( 'NONE', #764, .T. ) ;
#4328 = ORIENTED_EDGE ( 'NONE', *, *, #4945, .T. ) ;
#4329 = CARTESIAN_POINT ( 'NONE',  ( 125.0000000000000000, 21.85610742295421360, 115.2603803704352856 ) ) ;
#4330 = CARTESIAN_POINT ( 'NONE',  ( 125.0000000000000000, -22.00999999999867640, -1.250000000001425304 ) ) ;
#4331 = LINE ( 'NONE', #857, #5525 ) ;
#4332 = DIRECTION ( 'NONE',  ( -1.000000000000000000, -0.000000000000000000, -0.000000000000000000 ) ) ;
#4333 = EDGE_CURVE ( 'NONE', #5290, #5301, #4834, .T. ) ;
#4334 = EDGE_LOOP ( 'NONE', ( #3827, #4295, #4973, #4626 ) ) ;
#4335 = CARTESIAN_POINT ( 'NONE',  ( 125.0000000000000000, 16.56109210080340333, 117.0000000001212754 ) ) ;
#4336 = VECTOR ( 'NONE', #5894, 1000.000000000000000 ) ;
#4337 = ORIENTED_EDGE ( 'NONE', *, *, #5272, .T. ) ;
#4338 = VECTOR ( 'NONE', #7518, 1000.000000000000000 ) ;
#4339 = PLANE ( 'NONE',  #6687 ) ;
#4340 = DIRECTION ( 'NONE',  ( 1.000000000000000000, 0.000000000000000000, 0.000000000000000000 ) ) ;
#4341 = EDGE_CURVE ( 'NONE', #4666, #6019, #6574, .T. ) ;
#4342 = EDGE_CURVE ( 'NONE', #7190, #907, #2526, .T. ) ;
#4343 = ORIENTED_EDGE ( 'NONE', *, *, #13, .F. ) ;
#4344 = VECTOR ( 'NONE', #537, 1000.000000000000000 ) ;
#4345 = LINE ( 'NONE', #7293, #3770 ) ;
#4346 = VECTOR ( 'NONE', #5169, 1000.000000000000000 ) ;
#4347 = DIRECTION ( 'NONE',  ( 0.000000000000000000, -1.000000000000000000, 0.000000000000000000 ) ) ;
#4348 = DIRECTION ( 'NONE',  ( 0.000000000000000000, -0.000000000000000000, 1.000000000000000000 ) ) ;
#4349 = VECTOR ( 'NONE', #6179, 1000.000000000000000 ) ;
#4350 = LINE ( 'NONE', #6144, #1905 ) ;
#4351 = EDGE_CURVE ( 'NONE', #4428, #1530, #6609, .T. ) ;
#4352 = ADVANCED_FACE ( 'NONE', ( #1395 ), #3182, .F. ) ;
#4353 = ORIENTED_EDGE ( 'NONE', *, *, #1882, .T. ) ;
#4354 = CIRCLE ( 'NONE', #6925, 1.250000000000084377 ) ;
#4355 = ORIENTED_EDGE ( 'NONE', *, *, #5837, .T. ) ;
#4356 = ORIENTED_EDGE ( 'NONE', *, *, #1113, .T. ) ;
#4357 = AXIS2_PLACEMENT_3D ( 'NONE', #7424, #3306, #6883 ) ;
#4358 = ORIENTED_EDGE ( 'NONE', *, *, #4299, .F. ) ;
#4359 = CARTESIAN_POINT ( 'NONE',  ( 125.0000000000000000, -22.00999999999867640, 6.218658400725107782E-12 ) ) ;
#4360 = DIRECTION ( 'NONE',  ( 0.000000000000000000, 0.000000000000000000, -1.000000000000000000 ) ) ;
#4361 = FACE_OUTER_BOUND ( 'NONE', #3171, .T. ) ;
#4362 = CIRCLE ( 'NONE', #6317, 1.250000000007465806 ) ;
#4363 = LINE ( 'NONE', #2036, #1954 ) ;
#4364 = AXIS2_PLACEMENT_3D ( 'NONE', #7502, #546, #2274 ) ;
#4365 = DIRECTION ( 'NONE',  ( 0.000000000000000000, 0.000000000000000000, 1.000000000000000000 ) ) ;
#4366 = DIRECTION ( 'NONE',  ( -1.000000000000000000, -0.000000000000000000, -0.000000000000000000 ) ) ;
#4367 = EDGE_LOOP ( 'NONE', ( #3303, #5693, #6182, #7174 ) ) ;
#4368 = ORIENTED_EDGE ( 'NONE', *, *, #1103, .T. ) ;
#4369 = VERTEX_POINT ( 'NONE', #3859 ) ;
#4370 = VECTOR ( 'NONE', #536, 1000.000000000000000 ) ;
#4371 = LINE ( 'NONE', #6706, #6673 ) ;
#4372 = VECTOR ( 'NONE', #4947, 1000.000000000000000 ) ;
#4373 = VECTOR ( 'NONE', #6543, 1000.000000000000000 ) ;
#4374 = VERTEX_POINT ( 'NONE', #5607 ) ;
#4375 = DIRECTION ( 'NONE',  ( -0.000000000000000000, 1.000000000000000000, 0.000000000000000000 ) ) ;
#4376 = CARTESIAN_POINT ( 'NONE',  ( -125.0000000000000000, -5.259999999803081749, -117.0000000001185896 ) ) ;
#4377 = CARTESIAN_POINT ( 'NONE',  ( 125.0000000000000000, -0.009999999803049450589, -120.0000000001187033 ) ) ;
#4378 = EDGE_CURVE ( 'NONE', #2187, #6646, #986, .T. ) ;
#4379 = CARTESIAN_POINT ( 'NONE',  ( 125.0000000000000000, -21.83148461057669820, -115.0619018650240122 ) ) ;
#4380 = AXIS2_PLACEMENT_3D ( 'NONE', #2203, #5164, #479 ) ;
#4381 = VECTOR ( 'NONE', #5600, 1000.000000000000000 ) ;
#4382 = ORIENTED_EDGE ( 'NONE', *, *, #2515, .F. ) ;
#4383 = ORIENTED_EDGE ( 'NONE', *, *, #4341, .F. ) ;
#4384 = CARTESIAN_POINT ( 'NONE',  ( -125.0000000000000000, 20.27061230870594954, -1.235176059473059196 ) ) ;
#4385 = VECTOR ( 'NONE', #1266, 1000.000000000000000 ) ;
#4386 = EDGE_LOOP ( 'NONE', ( #2621, #1036, #1852, #3751 ) ) ;
#4387 = EDGE_CURVE ( 'NONE', #1772, #4848, #3823, .T. ) ;
#4388 = ADVANCED_FACE ( 'NONE', ( #2723 ), #6224, .F. ) ;
#4389 = CARTESIAN_POINT ( 'NONE',  ( 125.0000000000000000, -27.00999999986638045, 124.0000000002087148 ) ) ;
#4390 = CARTESIAN_POINT ( 'NONE',  ( 125.0000000000000000, -16.56109210086011529, 117.0000000001927987 ) ) ;
#4391 = ORIENTED_EDGE ( 'NONE', *, *, #983, .F. ) ;
#4392 = DIRECTION ( 'NONE',  ( -1.000000000000000000, -0.000000000000000000, -0.000000000000000000 ) ) ;
#4393 = LINE ( 'NONE', #2757, #439 ) ;
#4394 = ADVANCED_FACE ( 'NONE', ( #3743 ), #2607, .F. ) ;
#4395 = DIRECTION ( 'NONE',  ( -1.000000000000000000, -0.000000000000000000, -0.000000000000000000 ) ) ;
#4396 = CARTESIAN_POINT ( 'NONE',  ( -125.0000000000000000, 20.27061230870874553, -2.194203832683330191 ) ) ;
#4397 = VERTEX_POINT ( 'NONE', #6069 ) ;
#4398 = VERTEX_POINT ( 'NONE', #2182 ) ;
#4399 = EDGE_LOOP ( 'NONE', ( #1718, #4745, #6145, #1610 ) ) ;
#4400 = SURFACE_STYLE_USAGE ( .BOTH. , #3146 ) ;
#4401 = CARTESIAN_POINT ( 'NONE',  ( 125.0000000000000000, -20.86626570360927602, -0.8912754115829026880 ) ) ;
#4402 = ADVANCED_FACE ( 'NONE', ( #1440 ), #6798, .F. ) ;
#4403 = EDGE_CURVE ( 'NONE', #413, #4397, #6755, .T. ) ;
#4404 = DIRECTION ( 'NONE',  ( -1.000000000000000000, -0.000000000000000000, -0.000000000000000000 ) ) ;
#4405 = LINE ( 'NONE', #276, #1555 ) ;
#4406 = LINE ( 'NONE', #3261, #357 ) ;
#4407 = EDGE_LOOP ( 'NONE', ( #4316, #5239, #976, #5331 ) ) ;
#4408 = EDGE_LOOP ( 'NONE', ( #5829, #6466, #1869, #1049 ) ) ;
#4409 = CARTESIAN_POINT ( 'NONE',  ( 125.0000000000000000, 22.01000000000425416, 1.250000000001164846 ) ) ;
#4410 = EDGE_LOOP ( 'NONE', ( #1109, #7121, #6297, #6391 ) ) ;
#4411 = ADVANCED_FACE ( 'NONE', ( #2643 ), #4460, .F. ) ;
#4412 = LINE ( 'NONE', #477, #2923 ) ;
#4413 = CARTESIAN_POINT ( 'NONE',  ( 125.0000000000000000, -12.50999999986642486, 120.0846308027086593 ) ) ;
#4414 = DIRECTION ( 'NONE',  ( -1.000000000000000000, -0.000000000000000000, -0.000000000000000000 ) ) ;
#4415 = LINE ( 'NONE', #6743, #6203 ) ;
#4416 = ORIENTED_EDGE ( 'NONE', *, *, #1883, .T. ) ;
#4417 = DIRECTION ( 'NONE',  ( 0.000000000000000000, 0.000000000000000000, -1.000000000000000000 ) ) ;
#4418 = ORIENTED_EDGE ( 'NONE', *, *, #3338, .F. ) ;
#4419 = ADVANCED_BREP_SHAPE_REPRESENTATION ( 'SC-FT250X54-K502', ( #2528, #2362, #6192 ), #1558 ) ;
#4420 = CARTESIAN_POINT ( 'NONE',  ( 125.0000000000000000, 14.76109210080304557, 115.0000000001172680 ) ) ;
#4421 = CARTESIAN_POINT ( 'NONE',  ( -125.0000000000000000, 20.14637033074636818, 2.350932677870090526 ) ) ;
#4422 = LINE ( 'NONE', #5602, #1447 ) ;
#4423 = ORIENTED_EDGE ( 'NONE', *, *, #5787, .F. ) ;
#4424 = EDGE_CURVE ( 'NONE', #1357, #455, #3295, .T. ) ;
#4425 = DIRECTION ( 'NONE',  ( 0.000000000000000000, 0.000000000000000000, -1.000000000000000000 ) ) ;
#4426 = CARTESIAN_POINT ( 'NONE',  ( 125.0000000000000000, -12.50999999986642486, 125.0000000002088001 ) ) ;
#4427 = FACE_OUTER_BOUND ( 'NONE', #7265, .T. ) ;
#4428 = VERTEX_POINT ( 'NONE', #3907 ) ;
#4429 = AXIS2_PLACEMENT_3D ( 'NONE', #4581, #1110, #576 ) ;
#4430 = EDGE_LOOP ( 'NONE', ( #3944, #1543, #5688, #5275 ) ) ;
#4431 = EDGE_CURVE ( 'NONE', #2381, #3566, #6640, .T. ) ;
#4432 = ORIENTED_EDGE ( 'NONE', *, *, #645, .F. ) ;
#4433 = DIRECTION ( 'NONE',  ( 0.000000000000000000, 0.000000000000000000, -1.000000000000000000 ) ) ;
#4434 = FACE_OUTER_BOUND ( 'NONE', #3731, .T. ) ;
#4435 = CARTESIAN_POINT ( 'NONE',  ( 125.0000000000000000, -22.00999999999867640, -1.250000000001425304 ) ) ;
#4436 = DIRECTION ( 'NONE',  ( 0.000000000000000000, 0.000000000000000000, -1.000000000000000000 ) ) ;
#4437 = DIRECTION ( 'NONE',  ( 0.000000000000000000, 0.000000000000000000, 1.000000000000000000 ) ) ;
#4438 = CARTESIAN_POINT ( 'NONE',  ( -125.0000000000000000, -2.990000000190692564, 116.0000000001180496 ) ) ;
#4439 = VERTEX_POINT ( 'NONE', #6143 ) ;
#4440 = ADVANCED_FACE ( 'NONE', ( #7252 ), #3328, .F. ) ;
#4441 = EDGE_CURVE ( 'NONE', #2343, #1339, #3246, .T. ) ;
#4442 = ORIENTED_EDGE ( 'NONE', *, *, #686, .F. ) ;
#4443 = CARTESIAN_POINT ( 'NONE',  ( -125.0000000000000000, -20.07061230869364010, -1.235176059473699128 ) ) ;
#4444 = DIRECTION ( 'NONE',  ( 0.000000000000000000, 2.315309432430329110E-13, 1.000000000000000000 ) ) ;
#4445 = CARTESIAN_POINT ( 'NONE',  ( 125.0000000000000000, -22.50999999999692491, -4.472135954997691343 ) ) ;
#4446 = CARTESIAN_POINT ( 'NONE',  ( -125.0000000000000000, -5.259999999866473708, 117.0000000002087859 ) ) ;
#4447 = EDGE_CURVE ( 'NONE', #6029, #6379, #7165, .T. ) ;
#4448 = ORIENTED_EDGE ( 'NONE', *, *, #4916, .F. ) ;
#4449 = ORIENTED_EDGE ( 'NONE', *, *, #415, .T. ) ;
#4450 = DIRECTION ( 'NONE',  ( 1.000000000000000000, 0.000000000000000000, 0.000000000000000000 ) ) ;
#4451 = ORIENTED_EDGE ( 'NONE', *, *, #1253, .T. ) ;
#4452 = PLANE ( 'NONE',  #4264 ) ;
#4453 = CARTESIAN_POINT ( 'NONE',  ( 125.0000000000000000, -2.009999999866387554, 120.0000000002086722 ) ) ;
#4454 = DIRECTION ( 'NONE',  ( -1.000000000000000000, 0.000000000000000000, -0.000000000000000000 ) ) ;
#4455 = ORIENTED_EDGE ( 'NONE', *, *, #6586, .T. ) ;
#4456 = VECTOR ( 'NONE', #1894, 1000.000000000000000 ) ;
#4457 = CARTESIAN_POINT ( 'NONE',  ( 125.0000000000000000, 5.259999999809370053, 117.0000000001181633 ) ) ;
#4458 = CARTESIAN_POINT ( 'NONE',  ( 125.0000000000000000, -0.009999999866441374244, 120.0000000002086722 ) ) ;
#4459 = LINE ( 'NONE', #3441, #5306 ) ;
#4460 = PLANE ( 'NONE',  #3506 ) ;
#4461 = EDGE_CURVE ( 'NONE', #4818, #3422, #416, .T. ) ;
#4462 = DIRECTION ( 'NONE',  ( 0.000000000000000000, 0.000000000000000000, -1.000000000000000000 ) ) ;
#4463 = ORIENTED_EDGE ( 'NONE', *, *, #7138, .F. ) ;
#4464 = VECTOR ( 'NONE', #843, 1000.000000000000000 ) ;
#4465 = ORIENTED_EDGE ( 'NONE', *, *, #1137, .F. ) ;
#4466 = EDGE_LOOP ( 'NONE', ( #6274, #69, #1861, #5285 ) ) ;
#4467 = PLANE ( 'NONE',  #651 ) ;
#4468 = VECTOR ( 'NONE', #7453, 999.9999999999998863 ) ;
#4469 = EDGE_CURVE ( 'NONE', #6844, #6426, #2041, .T. ) ;
#4470 = CARTESIAN_POINT ( 'NONE',  ( 125.0000000000000000, 14.76109210099596325, -115.0000000000060538 ) ) ;
#4471 = PLANE ( 'NONE',  #6339 ) ;
#4472 = VECTOR ( 'NONE', #1899, 1000.000000000000000 ) ;
#4473 = CARTESIAN_POINT ( 'NONE',  ( 125.0000000000000000, 26.00999999980916755, 124.0000000001180496 ) ) ;
#4474 = VERTEX_POINT ( 'NONE', #6871 ) ;
#4475 = VECTOR ( 'NONE', #2455, 1000.000000000000000 ) ;
#4476 = ORIENTED_EDGE ( 'NONE', *, *, #4469, .T. ) ;
#4477 = DIRECTION ( 'NONE',  ( -1.000000000000000000, -0.000000000000000000, -0.000000000000000000 ) ) ;
#4478 = VERTEX_POINT ( 'NONE', #6912 ) ;
#4479 = VECTOR ( 'NONE', #4477, 1000.000000000000000 ) ;
#4480 = AXIS2_PLACEMENT_3D ( 'NONE', #6741, #6012, #779 ) ;
#4481 = VECTOR ( 'NONE', #7054, 1000.000000000000000 ) ;
#4482 = CARTESIAN_POINT ( 'NONE',  ( 125.0000000000000000, 20.07061230870005275, 2.194203832673879973 ) ) ;
#4483 = EDGE_CURVE ( 'NONE', #3069, #3921, #529, .T. ) ;
#4484 = LINE ( 'NONE', #6822, #6576 ) ;
#4485 = DIRECTION ( 'NONE',  ( 1.000000000000000000, 0.000000000000000000, 0.000000000000000000 ) ) ;
#4486 = VERTEX_POINT ( 'NONE', #1674 ) ;
#4487 = CIRCLE ( 'NONE', #1431, 0.1999999999998253175 ) ;
#4488 = VECTOR ( 'NONE', #4855, 1000.000000000000000 ) ;
#4489 = PLANE ( 'NONE',  #2267 ) ;
#4490 = CARTESIAN_POINT ( 'NONE',  ( 125.0000000000000000, 5.260000000002621690, -120.0000000000203784 ) ) ;
#4491 = ORIENTED_EDGE ( 'NONE', *, *, #1784, .T. ) ;
#4492 = DIRECTION ( 'NONE',  ( 0.000000000000000000, -1.000000000000000000, 0.000000000000000000 ) ) ;
#4493 = LINE ( 'NONE', #5783, #919 ) ;
#4494 = EDGE_CURVE ( 'NONE', #4831, #4944, #202, .T. ) ;
#4495 = ADVANCED_FACE ( 'NONE', ( #2876 ), #7484, .F. ) ;
#4496 = AXIS2_PLACEMENT_3D ( 'NONE', #5100, #2244, #7443 ) ;
#4497 = VECTOR ( 'NONE', #3194, 1000.000000000000000 ) ;
#4498 = VECTOR ( 'NONE', #135, 1000.000000000000000 ) ;
#4499 = SURFACE_SIDE_STYLE ('',( #523 ) ) ;
#4500 = ORIENTED_EDGE ( 'NONE', *, *, #2005, .F. ) ;
#4501 = CARTESIAN_POINT ( 'NONE',  ( 125.0000000000000000, 22.01000000000292900, -115.2508710293029424 ) ) ;
#4502 = CIRCLE ( 'NONE', #2944, 0.1999999998510137988 ) ;
#4503 = VECTOR ( 'NONE', #3284, 1000.000000000000000 ) ;
#4504 = DIRECTION ( 'NONE',  ( 1.000000000000000000, 0.000000000000000000, 0.000000000000000000 ) ) ;
#4505 = DIRECTION ( 'NONE',  ( 0.000000000000000000, 0.000000000000000000, -1.000000000000000000 ) ) ;
#4506 = AXIS2_PLACEMENT_3D ( 'NONE', #2518, #3626, #4833 ) ;
#4507 = LINE ( 'NONE', #5640, #4826 ) ;
#4508 = ORIENTED_EDGE ( 'NONE', *, *, #2873, .T. ) ;
#4509 = ORIENTED_EDGE ( 'NONE', *, *, #1737, .T. ) ;
#4510 = ORIENTED_EDGE ( 'NONE', *, *, #5438, .F. ) ;
#4511 =( NAMED_UNIT ( * ) SI_UNIT ( $, .STERADIAN. ) SOLID_ANGLE_UNIT ( ) );
#4512 = CARTESIAN_POINT ( 'NONE',  ( 125.0000000000000000, 2.009999999809395366, 120.0000000001180496 ) ) ;
#4513 = DIRECTION ( 'NONE',  ( 0.000000000000000000, 0.000000000000000000, 1.000000000000000000 ) ) ;
#4514 = CARTESIAN_POINT ( 'NONE',  ( -125.0000000000000000, 5.259999999809370053, 117.0000000001181633 ) ) ;
#4515 = DIRECTION ( 'NONE',  ( 0.000000000000000000, -0.000000000000000000, 1.000000000000000000 ) ) ;
#4516 = ORIENTED_EDGE ( 'NONE', *, *, #5482, .F. ) ;
#4517 = VERTEX_POINT ( 'NONE', #3517 ) ;
#4518 = ADVANCED_FACE ( 'NONE', ( #3478 ), #4572, .F. ) ;
#4519 = ADVANCED_FACE ( 'NONE', ( #1752 ), #2956, .F. ) ;
#4520 = FACE_OUTER_BOUND ( 'NONE', #3600, .T. ) ;
#4521 = VERTEX_POINT ( 'NONE', #2802 ) ;
#4522 = DIRECTION ( 'NONE',  ( 1.000000000000000000, 0.000000000000000000, 0.000000000000000000 ) ) ;
#4523 = LINE ( 'NONE', #6856, #4606 ) ;
#4524 = CARTESIAN_POINT ( 'NONE',  ( 125.0000000000000000, -24.00999999999702439, 114.0436091504053167 ) ) ;
#4525 = CARTESIAN_POINT ( 'NONE',  ( 125.0000000000000000, -5.259999999803081749, -117.0000000001185896 ) ) ;
#4526 = EDGE_LOOP ( 'NONE', ( #3187, #2418, #7354, #5810, #2771, #7210, #206, #1528, #4145, #622, #1443, #6875, #1806, #6724, #1700, #2670, #775, #4465, #3448, #3595, #1444, #21, #4019, #6098, #1199, #824, #2809, #4756, #7491, #1889, #882, #2297, #4651, #5271, #4266, #612, #765, #7414, #1034, #5157, #2153, #5680, #1509, #6744, #3457, #6783, #5183, #4635, #1683, #5195, #4539, #1388, #348, #1415, #6154, #4423, #7211, #751, #1128, #4778, #7306, #5518, #499, #2225, #6122, #5973, #1635, #3431, #3950, #373, #6600, #5842, #63, #5479, #6877, #4982, #4253, #7364, #5415, #2855, #5273, #6033, #251, #1219, #3703, #5113, #1659, #3198, #5414, #219, #2820, #6413, #2042, #7220, #6157, #6088, #1534, #6219, #3975, #6552, #3084, #4967, #6759, #4010, #734, #3486, #2258, #126, #4051, #6917, #2846 ) ) ;
#4527 = EDGE_CURVE ( 'NONE', #2460, #3533, #2917, .T. ) ;
#4528 = CARTESIAN_POINT ( 'NONE',  ( 125.0000000000000000, 12.96109210080290985, 115.0000000001172680 ) ) ;
#4529 = CARTESIAN_POINT ( 'NONE',  ( 125.0000000000000000, 0.009999999809365668971, 115.5000000001181064 ) ) ;
#4530 = ORIENTED_EDGE ( 'NONE', *, *, #4333, .F. ) ;
#4531 = DIRECTION ( 'NONE',  ( 1.000000000000000000, 0.000000000000000000, -0.000000000000000000 ) ) ;
#4532 = CARTESIAN_POINT ( 'NONE',  ( -125.0000000000000000, -9.259999999866671772, -119.9999999997910862 ) ) ;
#4533 = VERTEX_POINT ( 'NONE', #3406 ) ;
#4534 = EDGE_CURVE ( 'NONE', #2883, #7487, #4017, .T. ) ;
#4535 = DIRECTION ( 'NONE',  ( 0.000000000000000000, 0.000000000000000000, -1.000000000000000000 ) ) ;
#4536 = DIRECTION ( 'NONE',  ( -1.000000000000000000, -0.000000000000000000, -0.000000000000000000 ) ) ;
#4537 = DIRECTION ( 'NONE',  ( 0.000000000000000000, 0.000000000000000000, 1.000000000000000000 ) ) ;
#4538 = CARTESIAN_POINT ( 'NONE',  ( 125.0000000000000000, -16.56109210086011529, 115.3014856328816364 ) ) ;
#4539 = ORIENTED_EDGE ( 'NONE', *, *, #2021, .F. ) ;
#4540 = VERTEX_POINT ( 'NONE', #449 ) ;
#4541 = EDGE_CURVE ( 'NONE', #6782, #3921, #1020, .T. ) ;
#4542 = ORIENTED_EDGE ( 'NONE', *, *, #899, .T. ) ;
#4543 = CARTESIAN_POINT ( 'NONE',  ( 125.0000000000000000, 21.52022843723577239, -114.6730186729599978 ) ) ;
#4544 = PRODUCT_CONTEXT ( 'NONE', #5735, 'mechanical' ) ;
#4545 = ORIENTED_EDGE ( 'NONE', *, *, #5193, .T. ) ;
#4546 = DIRECTION ( 'NONE',  ( 0.000000000000000000, -1.000000000000000000, 0.000000000000000000 ) ) ;
#4547 = CARTESIAN_POINT ( 'NONE',  ( -125.0000000000000000, -5.259999999866473708, 120.0000000002086722 ) ) ;
#4548 = LINE ( 'NONE', #642, #6927 ) ;
#4549 = DIRECTION ( 'NONE',  ( 0.000000000000000000, 0.000000000000000000, -1.000000000000000000 ) ) ;
#4550 = CARTESIAN_POINT ( 'NONE',  ( 125.0000000000000000, 11.16109210080288605, 117.0000000001201670 ) ) ;
#4551 = ORIENTED_EDGE ( 'NONE', *, *, #4776, .T. ) ;
#4552 = ORIENTED_EDGE ( 'NONE', *, *, #4645, .T. ) ;
#4553 = CARTESIAN_POINT ( 'NONE',  ( 125.0000000000000000, -22.00319135037373286, -114.5436091504065814 ) ) ;
#4554 = AXIS2_PLACEMENT_3D ( 'NONE', #1996, #4290, #6034 ) ;
#4555 = EDGE_LOOP ( 'NONE', ( #3387, #7489, #4204, #1371 ) ) ;
#4556 = CARTESIAN_POINT ( 'NONE',  ( 125.0000000000000000, -22.00999999999867640, 6.218658400725107782E-12 ) ) ;
#4557 = CARTESIAN_POINT ( 'NONE',  ( -125.0000000000000000, -12.96109210085998598, 117.0000000002019078 ) ) ;
#4558 = CARTESIAN_POINT ( 'NONE',  ( 125.0000000000000000, -12.50999999986642486, 125.0000000002088001 ) ) ;
#4559 = DIRECTION ( 'NONE',  ( 0.000000000000000000, 0.000000000000000000, 1.000000000000000000 ) ) ;
#4560 = ADVANCED_FACE ( 'NONE', ( #6294 ), #1, .F. ) ;
#4561 = ORIENTED_EDGE ( 'NONE', *, *, #7423, .F. ) ;
#4562 = DIRECTION ( 'NONE',  ( 0.000000000000000000, -0.000000000000000000, 1.000000000000000000 ) ) ;
#4563 = DIRECTION ( 'NONE',  ( 0.000000000000000000, 1.000000000000000000, 0.000000000000000000 ) ) ;
#4564 = VERTEX_POINT ( 'NONE', #5835 ) ;
#4565 = LINE ( 'NONE', #1623, #5593 ) ;
#4566 = CARTESIAN_POINT ( 'NONE',  ( 125.0000000000000000, -2.990000000190692564, 116.0000000001180496 ) ) ;
#4567 = DIRECTION ( 'NONE',  ( 0.000000000000000000, -1.000000000000000000, 0.000000000000000000 ) ) ;
#4568 = EDGE_CURVE ( 'NONE', #5424, #7200, #2781, .T. ) ;
#4569 = EDGE_LOOP ( 'NONE', ( #6986, #1638, #6975, #1352 ) ) ;
#4570 = CARTESIAN_POINT ( 'NONE',  ( 125.0000000000000000, 9.361092100802974159, 117.0000000001181633 ) ) ;
#4571 = VECTOR ( 'NONE', #7217, 1000.000000000000000 ) ;
#4572 = PLANE ( 'NONE',  #7285 ) ;
#4573 = ADVANCED_FACE ( 'NONE', ( #5110 ), #6840, .F. ) ;
#4574 = DIRECTION ( 'NONE',  ( 1.000000000000000000, 0.000000000000000000, -0.000000000000000000 ) ) ;
#4575 = VECTOR ( 'NONE', #7336, 1000.000000000000000 ) ;
#4576 = ORIENTED_EDGE ( 'NONE', *, *, #3437, .T. ) ;
#4577 = VERTEX_POINT ( 'NONE', #5674 ) ;
#4578 = EDGE_LOOP ( 'NONE', ( #806, #3980, #4702, #2071 ) ) ;
#4579 = DIRECTION ( 'NONE',  ( 0.000000000000000000, -0.000000000000000000, -1.000000000000000000 ) ) ;
#4580 = EDGE_LOOP ( 'NONE', ( #4343, #6415, #2511, #107 ) ) ;
#4581 = CARTESIAN_POINT ( 'NONE',  ( -125.0000000000000000, -22.00999999986693467, 116.5008710294929273 ) ) ;
#4582 = CARTESIAN_POINT ( 'NONE',  ( 125.0000000000000000, 23.75999999980919242, 125.0000000001181490 ) ) ;
#4583 = EDGE_CURVE ( 'NONE', #6897, #7123, #2294, .T. ) ;
#4584 = EDGE_CURVE ( 'NONE', #2645, #2864, #5143, .T. ) ;
#4585 = VECTOR ( 'NONE', #987, 1000.000000000000000 ) ;
#4586 = VECTOR ( 'NONE', #308, 1000.000000000000000 ) ;
#4587 = DIRECTION ( 'NONE',  ( 0.000000000000000000, 0.000000000000000000, -1.000000000000000000 ) ) ;
#4588 = LINE ( 'NONE', #3485, #5954 ) ;
#4589 = ORIENTED_EDGE ( 'NONE', *, *, #2255, .F. ) ;
#4590 = VERTEX_POINT ( 'NONE', #6340 ) ;
#4591 = ORIENTED_EDGE ( 'NONE', *, *, #5975, .F. ) ;
#4592 = DIRECTION ( 'NONE',  ( -1.000000000000000000, -0.000000000000000000, -0.000000000000000000 ) ) ;
#4593 = AXIS2_PLACEMENT_3D ( 'NONE', #2885, #2965, #5237 ) ;
#4594 = CIRCLE ( 'NONE', #4235, 1.250000000000070610 ) ;
#4595 = VERTEX_POINT ( 'NONE', #1102 ) ;
#4596 = PLANE ( 'NONE',  #949 ) ;
#4597 = LINE ( 'NONE', #6360, #2292 ) ;
#4598 = DIRECTION ( 'NONE',  ( -1.000000000000000000, -0.000000000000000000, -0.000000000000000000 ) ) ;
#4599 = AXIS2_PLACEMENT_3D ( 'NONE', #1470, #6529, #5408 ) ;
#4600 = DIRECTION ( 'NONE',  ( 0.000000000000000000, -1.000000000000000000, 0.000000000000000000 ) ) ;
#4601 = AXIS2_PLACEMENT_3D ( 'NONE', #6683, #6109, #265 ) ;
#4602 = ORIENTED_EDGE ( 'NONE', *, *, #1579, .F. ) ;
#4603 = VECTOR ( 'NONE', #3379, 1000.000000000000000 ) ;
#4604 = CARTESIAN_POINT ( 'NONE',  ( 125.0000000000000000, 16.56109210099609541, -115.3014856326920068 ) ) ;
#4605 = DIRECTION ( 'NONE',  ( 0.000000000000000000, 0.000000000000000000, -1.000000000000000000 ) ) ;
#4606 = VECTOR ( 'NONE', #6970, 1000.000000000000000 ) ;
#4607 = ORIENTED_EDGE ( 'NONE', *, *, #5779, .F. ) ;
#4608 = ADVANCED_FACE ( 'NONE', ( #3442 ), #4621, .F. ) ;
#4609 = LINE ( 'NONE', #7511, #3059 ) ;
#4610 = LINE ( 'NONE', #4649, #5668 ) ;
#4611 = VECTOR ( 'NONE', #5808, 1000.000000000000000 ) ;
#4612 = CARTESIAN_POINT ( 'NONE',  ( 125.0000000000000000, 12.96109210099593945, -117.0000000000122782 ) ) ;
#4613 = VECTOR ( 'NONE', #3273, 1000.000000000000000 ) ;
#4614 = AXIS2_PLACEMENT_3D ( 'NONE', #4556, #4522, #1650 ) ;
#4615 = ORIENTED_EDGE ( 'NONE', *, *, #195, .T. ) ;
#4616 = PLANE ( 'NONE',  #2426 ) ;
#4617 = EDGE_CURVE ( 'NONE', #3237, #7549, #7529, .T. ) ;
#4618 = CIRCLE ( 'NONE', #6569, 0.2000000000000722866 ) ;
#4619 = AXIS2_PLACEMENT_3D ( 'NONE', #858, #3204, #3958 ) ;
#4620 = PLANE ( 'NONE',  #7272 ) ;
#4621 = PLANE ( 'NONE',  #6670 ) ;
#4622 = CARTESIAN_POINT ( 'NONE',  ( -125.0000000000000000, -21.52022843722934553, -114.6730186729575820 ) ) ;
#4623 = ORIENTED_EDGE ( 'NONE', *, *, #5166, .T. ) ;
#4624 = AXIS2_PLACEMENT_3D ( 'NONE', #1527, #5619, #2735 ) ;
#4625 = AXIS2_PLACEMENT_3D ( 'NONE', #6368, #3613, #5287 ) ;
#4626 = ORIENTED_EDGE ( 'NONE', *, *, #4541, .T. ) ;
#4627 = EDGE_CURVE ( 'NONE', #4763, #4807, #7097, .T. ) ;
#4628 = VERTEX_POINT ( 'NONE', #181 ) ;
#4629 = DIRECTION ( 'NONE',  ( 0.000000000000000000, 0.000000000000000000, -1.000000000000000000 ) ) ;
#4630 = CARTESIAN_POINT ( 'NONE',  ( 125.0000000000000000, -16.56109210079689475, -115.3014856328114206 ) ) ;
#4631 = CARTESIAN_POINT ( 'NONE',  ( 125.0000000000000000, -2.009999999802995596, -120.0000000001187033 ) ) ;
#4632 = FACE_OUTER_BOUND ( 'NONE', #2296, .T. ) ;
#4633 = ORIENTED_EDGE ( 'NONE', *, *, #1360, .T. ) ;
#4634 = EDGE_LOOP ( 'NONE', ( #1116, #4067, #2890, #7413 ) ) ;
#4635 = ORIENTED_EDGE ( 'NONE', *, *, #4165, .F. ) ;
#4636 = EDGE_CURVE ( 'NONE', #3926, #3829, #3134, .T. ) ;
#4637 = EDGE_CURVE ( 'NONE', #4676, #6041, #7134, .T. ) ;
#4638 = CARTESIAN_POINT ( 'NONE',  ( 125.0000000000000000, 27.00999999980928123, -123.9999999998817373 ) ) ;
#4639 = VERTEX_POINT ( 'NONE', #5869 ) ;
#4640 = PLANE ( 'NONE',  #3043 ) ;
#4641 = DIRECTION ( 'NONE',  ( 1.000000000000000000, 0.000000000000000000, 0.000000000000000000 ) ) ;
#4642 = DIRECTION ( 'NONE',  ( 0.000000000000000000, -0.000000000000000000, -1.000000000000000000 ) ) ;
#4643 = ORIENTED_EDGE ( 'NONE', *, *, #4201, .F. ) ;
#4644 = EDGE_CURVE ( 'NONE', #892, #6623, #1865, .T. ) ;
#4645 = EDGE_CURVE ( 'NONE', #7478, #2849, #7052, .T. ) ;
#4646 = CARTESIAN_POINT ( 'NONE',  ( 125.0000000000000000, 5.260000000002621690, -114.0000000000203784 ) ) ;
#4647 = DIRECTION ( 'NONE',  ( 0.000000000000000000, 0.000000000000000000, 1.000000000000000000 ) ) ;
#4648 = CARTESIAN_POINT ( 'NONE',  ( 125.0000000000000000, -9.361092100796657434, -115.0000000001185896 ) ) ;
#4649 = CARTESIAN_POINT ( 'NONE',  ( 125.0000000000000000, -12.50999999986659184, -120.0846308022910591 ) ) ;
#4650 = DIRECTION ( 'NONE',  ( 0.000000000000000000, -1.000000000000000000, 0.000000000000000000 ) ) ;
#4651 = ORIENTED_EDGE ( 'NONE', *, *, #2020, .F. ) ;
#4652 = DIRECTION ( 'NONE',  ( -1.000000000000000000, -0.000000000000000000, -0.000000000000000000 ) ) ;
#4653 = DIRECTION ( 'NONE',  ( 0.000000000000000000, 0.000000000000000000, -1.000000000000000000 ) ) ;
#4654 = DIRECTION ( 'NONE',  ( 0.000000000000000000, -0.000000000000000000, -1.000000000000000000 ) ) ;
#4655 = CARTESIAN_POINT ( 'NONE',  ( 125.0000000000000000, -20.17061230869321875, -1.061970978717108327 ) ) ;
#4656 = EDGE_CURVE ( 'NONE', #7434, #7478, #5700, .T. ) ;
#4657 = VERTEX_POINT ( 'NONE', #3702 ) ;
#4658 = ORIENTED_EDGE ( 'NONE', *, *, #654, .T. ) ;
#4659 = CARTESIAN_POINT ( 'NONE',  ( 125.0000000000000000, 0.01000000000261699884, -118.7027587510203972 ) ) ;
#4660 = ORIENTED_EDGE ( 'NONE', *, *, #1746, .T. ) ;
#4661 = DIRECTION ( 'NONE',  ( -1.000000000000000000, -0.000000000000000000, -0.000000000000000000 ) ) ;
#4662 = DIRECTION ( 'NONE',  ( -1.000000000000000000, -0.000000000000000000, -0.000000000000000000 ) ) ;
#4663 = FACE_OUTER_BOUND ( 'NONE', #4386, .T. ) ;
#4664 = ADVANCED_FACE ( 'NONE', ( #6020 ), #4688, .T. ) ;
#4665 = ORIENTED_EDGE ( 'NONE', *, *, #3378, .T. ) ;
#4666 = VERTEX_POINT ( 'NONE', #6790 ) ;
#4667 = ORIENTED_EDGE ( 'NONE', *, *, #4946, .T. ) ;
#4668 = CARTESIAN_POINT ( 'NONE',  ( -125.0000000000000000, -0.009999999866441374244, 118.7027587512089042 ) ) ;
#4669 = EDGE_LOOP ( 'NONE', ( #4491, #792, #6148, #3365 ) ) ;
#4670 = DIRECTION ( 'NONE',  ( 0.000000000000000000, -0.2588190451060132791, -0.9659258262881323942 ) ) ;
#4671 = CARTESIAN_POINT ( 'NONE',  ( 125.0000000000000000, -21.63829944539978101, -115.1136656743442614 ) ) ;
#4672 = CARTESIAN_POINT ( 'NONE',  ( 125.0000000000000000, -20.14637033074346562, -2.350932677867641374 ) ) ;
#4673 = CARTESIAN_POINT ( 'NONE',  ( 125.0000000000000000, -11.16109210079665282, -115.0000000001185896 ) ) ;
#4674 = ADVANCED_FACE ( 'NONE', ( #4943 ), #4339, .F. ) ;
#4675 = EDGE_CURVE ( 'NONE', #3444, #5969, #260, .T. ) ;
#4676 = VERTEX_POINT ( 'NONE', #6672 ) ;
#4677 = AXIS2_PLACEMENT_3D ( 'NONE', #1497, #6159, #3272 ) ;
#4678 = CARTESIAN_POINT ( 'NONE',  ( 125.0000000000000000, -16.81285590988112943, 115.1083004676235646 ) ) ;
#4679 = CARTESIAN_POINT ( 'NONE',  ( 125.0000000000000000, 0.01000000000261699884, -120.0000000000203784 ) ) ;
#4680 = CARTESIAN_POINT ( 'NONE',  ( 125.0000000000000000, 9.259999999809346960, 125.0000000001181490 ) ) ;
#4681 = LINE ( 'NONE', #3551, #4336 ) ;
#4682 = CARTESIAN_POINT ( 'NONE',  ( 125.0000000000000000, -12.50999999986642486, 125.0000000002088001 ) ) ;
#4683 = EDGE_CURVE ( 'NONE', #2434, #3943, #6102, .T. ) ;
#4684 = EDGE_CURVE ( 'NONE', #7387, #5704, #2637, .T. ) ;
#4685 = VERTEX_POINT ( 'NONE', #5553 ) ;
#4686 = CARTESIAN_POINT ( 'NONE',  ( 125.0000000000000000, -22.00999999999867640, 6.218658400725107782E-12 ) ) ;
#4687 = LINE ( 'NONE', #641, #3622 ) ;
#4688 = CYLINDRICAL_SURFACE ( 'NONE', #1073, 0.2000000000028675784 ) ;
#4689 = CARTESIAN_POINT ( 'NONE',  ( -125.0000000000000000, -20.07061230869364010, -2.194203832672704912 ) ) ;
#4690 = CARTESIAN_POINT ( 'NONE',  ( 125.0000000000000000, 2.990000000196953334, -116.0000000001187033 ) ) ;
#4691 = VERTEX_POINT ( 'NONE', #4389 ) ;
#4692 = ORIENTED_EDGE ( 'NONE', *, *, #256, .F. ) ;
#4693 = CARTESIAN_POINT ( 'NONE',  ( 125.0000000000000000, -14.76109210079678391, -115.0000000001168132 ) ) ;
#4695 = EDGE_CURVE ( 'NONE', #5451, #5903, #335, .T. ) ;
#4694 = LINE ( 'NONE', #4027, #102 ) ;
#4696 = DIRECTION ( 'NONE',  ( 0.000000000000000000, -1.000000000000000000, 0.000000000000000000 ) ) ;
#4697 = CARTESIAN_POINT ( 'NONE',  ( 125.0000000000000000, -20.27061230869355057, -1.235176059473699128 ) ) ;
#4698 = ORIENTED_EDGE ( 'NONE', *, *, #5922, .F. ) ;
#4699 = ORIENTED_EDGE ( 'NONE', *, *, #7564, .T. ) ;
#4700 = EDGE_LOOP ( 'NONE', ( #994, #4160, #4449, #351 ) ) ;
#4701 = DIRECTION ( 'NONE',  ( 0.000000000000000000, -0.000000000000000000, -1.000000000000000000 ) ) ;
#4702 = ORIENTED_EDGE ( 'NONE', *, *, #7334, .F. ) ;
#4703 = EDGE_CURVE ( 'NONE', #834, #4666, #1507, .T. ) ;
#4704 = VECTOR ( 'NONE', #3247, 1000.000000000000000 ) ;
#4705 = DIRECTION ( 'NONE',  ( 0.000000000000000000, 0.9863939238321353109, 0.1643989873054076123 ) ) ;
#4706 = AXIS2_PLACEMENT_3D ( 'NONE', #902, #4504, #2177 ) ;
#4707 = CARTESIAN_POINT ( 'NONE',  ( -125.0000000000000000, 23.75999999980919242, 125.0000000001181490 ) ) ;
#4708 = CARTESIAN_POINT ( 'NONE',  ( 125.0000000000000000, 3.210000000002597442, -118.1694254176205021 ) ) ;
#4709 = CARTESIAN_POINT ( 'NONE',  ( 125.0000000000000000, 16.56109210099609541, -117.0000000000027285 ) ) ;
#4710 = ORIENTED_EDGE ( 'NONE', *, *, #4306, .T. ) ;
#4711 = VECTOR ( 'NONE', #608, 1000.000000000000000 ) ;
#4712 = DIRECTION ( 'NONE',  ( -1.000000000000000000, -0.000000000000000000, -0.000000000000000000 ) ) ;
#4713 = LINE ( 'NONE', #1204, #3897 ) ;
#4714 = ORIENTED_EDGE ( 'NONE', *, *, #1767, .F. ) ;
#4715 = CARTESIAN_POINT ( 'NONE',  ( 125.0000000000000000, 21.02402215828953302, 0.7683408720461021302 ) ) ;
#4716 = EDGE_CURVE ( 'NONE', #2343, #6421, #1280, .T. ) ;
#4717 = CARTESIAN_POINT ( 'NONE',  ( 125.0000000000000000, 2.009999999809395366, 125.0000000001181490 ) ) ;
#4718 = VECTOR ( 'NONE', #1290, 1000.000000000000000 ) ;
#4719 = FACE_OUTER_BOUND ( 'NONE', #2564, .T. ) ;
#4720 = AXIS2_PLACEMENT_3D ( 'NONE', #5471, #250, #2704 ) ;
#4721 = ORIENTED_EDGE ( 'NONE', *, *, #2140, .T. ) ;
#4722 = AXIS2_PLACEMENT_3D ( 'NONE', #729, #3075, #5374 ) ;
#4723 = DIRECTION ( 'NONE',  ( -1.000000000000000000, -0.000000000000000000, -0.000000000000000000 ) ) ;
#4724 = EDGE_CURVE ( 'NONE', #3228, #4998, #6947, .T. ) ;
#4725 = EDGE_CURVE ( 'NONE', #6745, #6518, #4049, .T. ) ;
#4726 = AXIS2_PLACEMENT_3D ( 'NONE', #1446, #4958, #305 ) ;
#4727 = AXIS2_PLACEMENT_3D ( 'NONE', #6587, #1998, #1410 ) ;
#4728 = CARTESIAN_POINT ( 'NONE',  ( 125.0000000000000000, -21.02402215827926923, 0.7683408720528981384 ) ) ;
#4729 = AXIS2_PLACEMENT_3D ( 'NONE', #5289, #6517, #1276 ) ;
#4730 = LINE ( 'NONE', #4170, #76 ) ;
#4731 = ORIENTED_EDGE ( 'NONE', *, *, #3450, .F. ) ;
#4732 = ORIENTED_EDGE ( 'NONE', *, *, #2841, .F. ) ;
#4733 = VECTOR ( 'NONE', #867, 1000.000000000000000 ) ;
#4734 = VECTOR ( 'NONE', #2595, 1000.000000000000000 ) ;
#4735 = VECTOR ( 'NONE', #5470, 1000.000000000000000 ) ;
#4736 = FACE_OUTER_BOUND ( 'NONE', #6197, .T. ) ;
#4737 = EDGE_CURVE ( 'NONE', #3216, #6389, #1624, .T. ) ;
#4738 = CARTESIAN_POINT ( 'NONE',  ( 125.0000000000000000, -5.259999999803081749, -114.0000000001187033 ) ) ;
#4739 = CARTESIAN_POINT ( 'NONE',  ( 125.0000000000000000, 20.86626570361499589, 0.8912754115828480650 ) ) ;
#4740 = CARTESIAN_POINT ( 'NONE',  ( -125.0000000000000000, -14.76109210079678391, -115.0000000001168132 ) ) ;
#4741 = PLANE ( 'NONE',  #5177 ) ;
#4742 = AXIS2_PLACEMENT_3D ( 'NONE', #253, #6660, #7205 ) ;
#4743 = VERTEX_POINT ( 'NONE', #1130 ) ;
#4744 = EDGE_LOOP ( 'NONE', ( #7343, #860, #5818, #1392 ) ) ;
#4745 = ORIENTED_EDGE ( 'NONE', *, *, #7093, .F. ) ;
#4746 = DIRECTION ( 'NONE',  ( 0.000000000000000000, 1.000000000000000000, 0.000000000000000000 ) ) ;
#4747 = VECTOR ( 'NONE', #1770, 1000.000000000000000 ) ;
#4748 = VERTEX_POINT ( 'NONE', #5102 ) ;
#4749 = LINE ( 'NONE', #1701, #5217 ) ;
#4750 = CARTESIAN_POINT ( 'NONE',  ( 125.0000000000000000, -2.009999999802995596, -124.9999999997909725 ) ) ;
#4751 = CARTESIAN_POINT ( 'NONE',  ( -125.0000000000000000, -20.27061230869355057, -1.235176059473699128 ) ) ;
#4752 = DIRECTION ( 'NONE',  ( 0.000000000000000000, 0.000000000000000000, -1.000000000000000000 ) ) ;
#4753 = CARTESIAN_POINT ( 'NONE',  ( -125.0000000000000000, -22.00999999986693467, 116.5008710294929273 ) ) ;
#4754 = AXIS2_PLACEMENT_3D ( 'NONE', #898, #2060, #2132 ) ;
#4755 = EDGE_CURVE ( 'NONE', #7451, #170, #4610, .T. ) ;
#4756 = ORIENTED_EDGE ( 'NONE', *, *, #2030, .F. ) ;
#4757 = DIRECTION ( 'NONE',  ( 0.000000000000000000, -1.000000000000000000, 0.000000000000000000 ) ) ;
#4758 = VERTEX_POINT ( 'NONE', #1550 ) ;
#4759 = CARTESIAN_POINT ( 'NONE',  ( 125.0000000000000000, 9.260000000002598597, -125.0000000000202931 ) ) ;
#4760 = DIRECTION ( 'NONE',  ( 0.000000000000000000, 0.000000000000000000, 1.000000000000000000 ) ) ;
#4761 = LINE ( 'NONE', #4230, #3858 ) ;
#4762 = EDGE_CURVE ( 'NONE', #1772, #6803, #3472, .T. ) ;
#4763 = VERTEX_POINT ( 'NONE', #4532 ) ;
#4764 = DIRECTION ( 'NONE',  ( 0.000000000000000000, 0.000000000000000000, 1.000000000000000000 ) ) ;
#4765 = DIRECTION ( 'NONE',  ( -1.000000000000000000, -0.000000000000000000, -0.000000000000000000 ) ) ;
#4766 = DIRECTION ( 'NONE',  ( 0.000000000000000000, 0.000000000000000000, -1.000000000000000000 ) ) ;
#4767 = LINE ( 'NONE', #7135, #230 ) ;
#4768 = EDGE_CURVE ( 'NONE', #5232, #2631, #4493, .T. ) ;
#4769 = EDGE_CURVE ( 'NONE', #4831, #4809, #2905, .T. ) ;
#4770 = VERTEX_POINT ( 'NONE', #3896 ) ;
#4771 = VERTEX_POINT ( 'NONE', #6866 ) ;
#4772 = DIRECTION ( 'NONE',  ( 0.000000000000000000, 0.000000000000000000, -1.000000000000000000 ) ) ;
#4773 = DIRECTION ( 'NONE',  ( 0.000000000000000000, 0.2588190451056156527, -0.9659258262882389756 ) ) ;
#4774 = LINE ( 'NONE', #3636, #2287 ) ;
#4775 = LINE ( 'NONE', #6026, #7279 ) ;
#4776 = EDGE_CURVE ( 'NONE', #6518, #7384, #1592, .T. ) ;
#4777 = EDGE_CURVE ( 'NONE', #6852, #4809, #2871, .T. ) ;
#4778 = ORIENTED_EDGE ( 'NONE', *, *, #1092, .F. ) ;
#4779 = ORIENTED_EDGE ( 'NONE', *, *, #6757, .F. ) ;
#4780 = EDGE_LOOP ( 'NONE', ( #6311, #532, #7560, #5963 ) ) ;
#4781 = CARTESIAN_POINT ( 'NONE',  ( -125.0000000000000000, 0.01000000000261699884, -118.7027587510203972 ) ) ;
#4782 = ORIENTED_EDGE ( 'NONE', *, *, #1449, .F. ) ;
#4783 = CYLINDRICAL_SURFACE ( 'NONE', #2739, 1.250000000000070610 ) ;
#4784 = CARTESIAN_POINT ( 'NONE',  ( -125.0000000000000000, 16.56109210080340333, 117.0000000001212754 ) ) ;
#4785 = CARTESIAN_POINT ( 'NONE',  ( 125.0000000000000000, 20.27061230870874553, -2.194203832683330191 ) ) ;
#4786 = FACE_OUTER_BOUND ( 'NONE', #3062, .T. ) ;
#4787 = CARTESIAN_POINT ( 'NONE',  ( 125.0000000000000000, -22.00999999999867640, 6.218658400725107782E-12 ) ) ;
#4788 = ORIENTED_EDGE ( 'NONE', *, *, #149, .T. ) ;
#4789 = CARTESIAN_POINT ( 'NONE',  ( 125.0000000000000000, 5.260000000002621690, -125.0000000000202931 ) ) ;
#4790 = EDGE_LOOP ( 'NONE', ( #2145, #1843, #5010, #5505 ) ) ;
#4791 = DIRECTION ( 'NONE',  ( 0.000000000000000000, 0.000000000000000000, -1.000000000000000000 ) ) ;
#4792 = CARTESIAN_POINT ( 'NONE',  ( 125.0000000000000000, 9.361092100802974159, 115.0000000001181633 ) ) ;
#4793 = LINE ( 'NONE', #6979, #6777 ) ;
#4794 = EDGE_CURVE ( 'NONE', #5072, #6814, #7402, .T. ) ;
#4795 = CARTESIAN_POINT ( 'NONE',  ( 125.0000000000000000, -5.259999999803081749, -114.0000000001187033 ) ) ;
#4796 = CARTESIAN_POINT ( 'NONE',  ( -125.0000000000000000, 0.009999999809365651623, 120.0000000001180496 ) ) ;
#4797 = AXIS2_PLACEMENT_3D ( 'NONE', #6629, #285, #7275 ) ;
#4798 = VERTEX_POINT ( 'NONE', #7512 ) ;
#4799 = CARTESIAN_POINT ( 'NONE',  ( -125.0000000000000000, 11.16109210099602755, -117.0000000000122782 ) ) ;
#4800 = DIRECTION ( 'NONE',  ( 0.000000000000000000, 0.000000000000000000, 1.000000000000000000 ) ) ;
#4801 = VERTEX_POINT ( 'NONE', #1662 ) ;
#4802 = FACE_OUTER_BOUND ( 'NONE', #7136, .T. ) ;
#4803 = DIRECTION ( 'NONE',  ( 0.000000000000000000, 0.000000000000000000, 1.000000000000000000 ) ) ;
#4804 = ADVANCED_FACE ( 'NONE', ( #4005 ), #2752, .F. ) ;
#4805 = CARTESIAN_POINT ( 'NONE',  ( 125.0000000000000000, -14.76109210086011991, 115.0000000001959108 ) ) ;
#4806 = LINE ( 'NONE', #5449, #6909 ) ;
#4807 = VERTEX_POINT ( 'NONE', #6285 ) ;
#4808 = ORIENTED_EDGE ( 'NONE', *, *, #4904, .T. ) ;
#4809 = VERTEX_POINT ( 'NONE', #6334 ) ;
#4810 = DIRECTION ( 'NONE',  ( -1.000000000000000000, -0.000000000000000000, -0.000000000000000000 ) ) ;
#4811 = VERTEX_POINT ( 'NONE', #1098 ) ;
#4812 = FACE_OUTER_BOUND ( 'NONE', #4780, .T. ) ;
#4813 = ADVANCED_FACE ( 'NONE', ( #5665 ), #489, .T. ) ;
#4814 = EDGE_CURVE ( 'NONE', #621, #3569, #2791, .T. ) ;
#4815 = CARTESIAN_POINT ( 'NONE',  ( -125.0000000000000000, 16.56109210080339622, 115.3014856328103264 ) ) ;
#4816 = CARTESIAN_POINT ( 'NONE',  ( 125.0000000000000000, -19.75999999986629163, 120.0846308027086593 ) ) ;
#4817 = DIRECTION ( 'NONE',  ( 0.000000000000000000, 0.000000000000000000, 1.000000000000000000 ) ) ;
#4818 = VERTEX_POINT ( 'NONE', #5137 ) ;
#4819 = ORIENTED_EDGE ( 'NONE', *, *, #1360, .F. ) ;
#4820 = FACE_OUTER_BOUND ( 'NONE', #7075, .T. ) ;
#4821 = ORIENTED_EDGE ( 'NONE', *, *, #2480, .F. ) ;
#4822 = LINE ( 'NONE', #3126, #564 ) ;
#4823 = CARTESIAN_POINT ( 'NONE',  ( 125.0000000000000000, -9.361092100796657434, -115.0000000001185896 ) ) ;
#4824 = PLANE ( 'NONE',  #3979 ) ;
#4825 = CARTESIAN_POINT ( 'NONE',  ( 125.0000000000000000, -20.62279464484761249, -116.1291704748261822 ) ) ;
#4826 = VECTOR ( 'NONE', #4997, 1000.000000000000000 ) ;
#4827 = VECTOR ( 'NONE', #634, 1000.000000000000000 ) ;
#4828 = ORIENTED_EDGE ( 'NONE', *, *, #3819, .T. ) ;
#4829 = ORIENTED_EDGE ( 'NONE', *, *, #6407, .T. ) ;
#4830 = CARTESIAN_POINT ( 'NONE',  ( 125.0000000000000000, -19.75999999986645861, -124.9999999997909725 ) ) ;
#4831 = VERTEX_POINT ( 'NONE', #7480 ) ;
#4832 = CIRCLE ( 'NONE', #5686, 0.2000000000065701444 ) ;
#4833 = DIRECTION ( 'NONE',  ( 0.000000000000000000, 0.000000000000000000, -1.000000000000000000 ) ) ;
#4834 = CIRCLE ( 'NONE', #4120, 0.1999999998450602279 ) ;
#4835 = ORIENTED_EDGE ( 'NONE', *, *, #3239, .F. ) ;
#4836 = EDGE_CURVE ( 'NONE', #4172, #4676, #2247, .T. ) ;
#4837 = EDGE_CURVE ( 'NONE', #57, #7199, #4761, .T. ) ;
#4838 = CARTESIAN_POINT ( 'NONE',  ( 125.0000000000000000, 20.17061230869948574, 1.061970978718296266 ) ) ;
#4839 = VECTOR ( 'NONE', #6771, 1000.000000000000000 ) ;
#4840 = UNCERTAINTY_MEASURE_WITH_UNIT (LENGTH_MEASURE( 1.000000000000000082E-05 ), #6006, 'distance_accuracy_value', 'NONE');
#4841 = VECTOR ( 'NONE', #2583, 1000.000000000000000 ) ;
#4842 = AXIS2_PLACEMENT_3D ( 'NONE', #7092, #6443, #7129 ) ;
#4843 = CARTESIAN_POINT ( 'NONE',  ( -125.0000000000000000, 19.75999999980918886, 125.0000000001181490 ) ) ;
#4844 = CARTESIAN_POINT ( 'NONE',  ( 125.0000000000000000, 22.01000000000425416, 1.250000000001164846 ) ) ;
#4845 = ORIENTED_EDGE ( 'NONE', *, *, #3438, .T. ) ;
#4846 = VECTOR ( 'NONE', #6474, 1000.000000000000000 ) ;
#4847 = ORIENTED_EDGE ( 'NONE', *, *, #4424, .F. ) ;
#4848 = VERTEX_POINT ( 'NONE', #5396 ) ;
#4849 = EDGE_LOOP ( 'NONE', ( #1008, #3032, #332, #691 ) ) ;
#4850 = CARTESIAN_POINT ( 'NONE',  ( 125.0000000000000000, -23.75999999986646216, -120.0846308022910591 ) ) ;
#4851 = VECTOR ( 'NONE', #4191, 1000.000000000000000 ) ;
#4852 = AXIS2_PLACEMENT_3D ( 'NONE', #3463, #5626, #405 ) ;
#4853 = AXIS2_PLACEMENT_3D ( 'NONE', #705, #2356, #4158 ) ;
#4854 = CARTESIAN_POINT ( 'NONE',  ( 125.0000000000000000, 20.14637033074931338, -2.350932677871043541 ) ) ;
#4855 = DIRECTION ( 'NONE',  ( -1.000000000000000000, -0.000000000000000000, -0.000000000000000000 ) ) ;
#4856 = ORIENTED_EDGE ( 'NONE', *, *, #686, .T. ) ;
#4857 = EDGE_CURVE ( 'NONE', #918, #4743, #1274, .T. ) ;
#4858 = EDGE_CURVE ( 'NONE', #1339, #1427, #2144, .T. ) ;
#4859 = ORIENTED_EDGE ( 'NONE', *, *, #235, .T. ) ;
#4860 = AXIS2_PLACEMENT_3D ( 'NONE', #1155, #4641, #3542 ) ;
#4861 = PLANE ( 'NONE',  #1944 ) ;
#4862 = CARTESIAN_POINT ( 'NONE',  ( 125.0000000000000000, 21.63829944540639971, -115.1136656743480131 ) ) ;
#4863 = VERTEX_POINT ( 'NONE', #1777 ) ;
#4864 = LINE ( 'NONE', #5892, #5191 ) ;
#4865 = CARTESIAN_POINT ( 'NONE',  ( -125.0000000000000000, -5.259999999866473708, 114.0000000002086722 ) ) ;
#4866 = FACE_OUTER_BOUND ( 'NONE', #1258, .T. ) ;
#4867 = DIRECTION ( 'NONE',  ( 0.000000000000000000, -0.000000000000000000, -1.000000000000000000 ) ) ;
#4868 = VECTOR ( 'NONE', #2957, 1000.000000000000000 ) ;
#4869 = DIRECTION ( 'NONE',  ( 0.000000000000000000, -0.9863939238321348668, 0.1643989873054105544 ) ) ;
#4870 = EDGE_CURVE ( 'NONE', #5912, #5136, #6515, .T. ) ;
#4871 = ORIENTED_EDGE ( 'NONE', *, *, #5257, .T. ) ;
#4872 = VERTEX_POINT ( 'NONE', #1858 ) ;
#4873 = CARTESIAN_POINT ( 'NONE',  ( -125.0000000000000000, 21.52022843723577239, -114.6730186729599978 ) ) ;
#4874 = ORIENTED_EDGE ( 'NONE', *, *, #3666, .T. ) ;
#4875 = ORIENTED_EDGE ( 'NONE', *, *, #395, .F. ) ;
#4876 = CARTESIAN_POINT ( 'NONE',  ( 125.0000000000000000, 27.00999999980928123, 124.0000000001180496 ) ) ;
#4877 = CYLINDRICAL_SURFACE ( 'NONE', #695, 0.2000000000028784308 ) ;
#4878 = ADVANCED_FACE ( 'NONE', ( #100 ), #5932, .F. ) ;
#4879 = DIRECTION ( 'NONE',  ( 0.000000000000000000, -1.000000000000000000, 0.000000000000000000 ) ) ;
#4880 = ORIENTED_EDGE ( 'NONE', *, *, #5037, .F. ) ;
#4881 = EDGE_LOOP ( 'NONE', ( #5571, #999, #5494, #2712 ) ) ;
#4882 = ORIENTED_EDGE ( 'NONE', *, *, #2837, .F. ) ;
#4883 = FACE_OUTER_BOUND ( 'NONE', #3539, .T. ) ;
#4884 = ORIENTED_EDGE ( 'NONE', *, *, #7394, .F. ) ;
#4885 = PLANE ( 'NONE',  #1749 ) ;
#4886 = FACE_OUTER_BOUND ( 'NONE', #6184, .T. ) ;
#4887 = CARTESIAN_POINT ( 'NONE',  ( 125.0000000000000000, -21.63829944539978101, -115.1136656743442614 ) ) ;
#4888 = DIRECTION ( 'NONE',  ( 0.000000000000000000, 0.000000000000000000, -1.000000000000000000 ) ) ;
#4889 = DIRECTION ( 'NONE',  ( -1.000000000000000000, -0.000000000000000000, -0.000000000000000000 ) ) ;
#4890 = ORIENTED_EDGE ( 'NONE', *, *, #4447, .T. ) ;
#4891 = ORIENTED_EDGE ( 'NONE', *, *, #6758, .T. ) ;
#4892 = CARTESIAN_POINT ( 'NONE',  ( 125.0000000000000000, -24.00999999999712387, -114.0436091504067946 ) ) ;
#4893 = ORIENTED_EDGE ( 'NONE', *, *, #5779, .T. ) ;
#4894 = DIRECTION ( 'NONE',  ( 0.000000000000000000, 0.000000000000000000, -1.000000000000000000 ) ) ;
#4895 = DIRECTION ( 'NONE',  ( 0.000000000000000000, 0.9863939238338224058, -0.1643989872952847930 ) ) ;
#4896 = EDGE_CURVE ( 'NONE', #3364, #6818, #2519, .T. ) ;
#4897 = ADVANCED_FACE ( 'NONE', ( #1208 ), #712, .F. ) ;
#4898 = LINE ( 'NONE', #1498, #3628 ) ;
#4899 = PLANE ( 'NONE',  #7056 ) ;
#4900 = EDGE_LOOP ( 'NONE', ( #7397, #2259, #5086, #2268 ) ) ;
#4901 = ORIENTED_EDGE ( 'NONE', *, *, #6257, .F. ) ;
#4902 = DIRECTION ( 'NONE',  ( 1.000000000000000000, 0.000000000000000000, 0.000000000000000000 ) ) ;
#4903 = ORIENTED_EDGE ( 'NONE', *, *, #3994, .F. ) ;
#4904 = EDGE_CURVE ( 'NONE', #4748, #6008, #2509, .T. ) ;
#4905 = EDGE_CURVE ( 'NONE', #6677, #509, #4793, .T. ) ;
#4906 = DIRECTION ( 'NONE',  ( 0.000000000000000000, 0.000000000000000000, 1.000000000000000000 ) ) ;
#4907 = CARTESIAN_POINT ( 'NONE',  ( -125.0000000000000000, -20.57103083558994072, 116.3223556400735674 ) ) ;
#4908 = ORIENTED_EDGE ( 'NONE', *, *, #2873, .F. ) ;
#4909 = DIRECTION ( 'NONE',  ( 0.000000000000000000, 0.000000000000000000, 1.000000000000000000 ) ) ;
#4910 = AXIS2_PLACEMENT_3D ( 'NONE', #1483, #5075, #2146 ) ;
#4911 = DIRECTION ( 'NONE',  ( -1.000000000000000000, -0.000000000000000000, -0.000000000000000000 ) ) ;
#4912 = CARTESIAN_POINT ( 'NONE',  ( 125.0000000000000000, 19.75999999980918886, 120.0846308026180367 ) ) ;
#4913 = ORIENTED_EDGE ( 'NONE', *, *, #7147, .T. ) ;
#4914 = ORIENTED_EDGE ( 'NONE', *, *, #4082, .F. ) ;
#4915 = ORIENTED_EDGE ( 'NONE', *, *, #53, .T. ) ;
#4916 = EDGE_CURVE ( 'NONE', #3623, #5453, #5360, .T. ) ;
#4917 = ORIENTED_EDGE ( 'NONE', *, *, #6838, .T. ) ;
#4918 = CARTESIAN_POINT ( 'NONE',  ( -125.0000000000000000, -11.16109210079665282, -117.0000000001194849 ) ) ;
#4919 = FACE_OUTER_BOUND ( 'NONE', #2483, .T. ) ;
#4920 = DIRECTION ( 'NONE',  ( 0.000000000000000000, -0.9659258262881499357, 0.2588190451059483865 ) ) ;
#4921 = LINE ( 'NONE', #6731, #7192 ) ;
#4922 = LINE ( 'NONE', #7264, #2562 ) ;
#4923 = VERTEX_POINT ( 'NONE', #5317 ) ;
#4924 = VERTEX_POINT ( 'NONE', #1320 ) ;
#4925 = ORIENTED_EDGE ( 'NONE', *, *, #6353, .T. ) ;
#4926 = ADVANCED_FACE ( 'NONE', ( #3665 ), #3505, .F. ) ;
#4927 = EDGE_CURVE ( 'NONE', #1022, #585, #599, .T. ) ;
#4928 = DIRECTION ( 'NONE',  ( 1.000000000000000000, 0.000000000000000000, 0.000000000000000000 ) ) ;
#4929 = ORIENTED_EDGE ( 'NONE', *, *, #7043, .T. ) ;
#4930 = VECTOR ( 'NONE', #3624, 1000.000000000000000 ) ;
#4931 = DIRECTION ( 'NONE',  ( 0.000000000000000000, 0.9659258262884315993, -0.2588190451048969498 ) ) ;
#4932 = DIRECTION ( 'NONE',  ( -1.000000000000000000, -0.000000000000000000, -0.000000000000000000 ) ) ;
#4933 = CARTESIAN_POINT ( 'NONE',  ( -125.0000000000000000, 5.259999999809370053, 114.0000000001180496 ) ) ;
#4934 = DIRECTION ( 'NONE',  ( -1.000000000000000000, -0.000000000000000000, -0.000000000000000000 ) ) ;
#4935 = ORIENTED_EDGE ( 'NONE', *, *, #1217, .F. ) ;
#4936 = ORIENTED_EDGE ( 'NONE', *, *, #4768, .F. ) ;
#4937 = EDGE_CURVE ( 'NONE', #5436, #6140, #140, .T. ) ;
#4938 = PLANE ( 'NONE',  #5441 ) ;
#4939 = VECTOR ( 'NONE', #2666, 1000.000000000000000 ) ;
#4940 = DIRECTION ( 'NONE',  ( 0.000000000000000000, 0.000000000000000000, -1.000000000000000000 ) ) ;
#4941 = EDGE_LOOP ( 'NONE', ( #541, #6092, #5761, #2546 ) ) ;
#4942 = VECTOR ( 'NONE', #6797, 1000.000000000000000 ) ;
#4943 = FACE_OUTER_BOUND ( 'NONE', #2709, .T. ) ;
#4944 = VERTEX_POINT ( 'NONE', #27 ) ;
#4945 = EDGE_CURVE ( 'NONE', #1349, #1189, #2476, .T. ) ;
#4946 = EDGE_CURVE ( 'NONE', #3646, #11, #2442, .T. ) ;
#4947 = DIRECTION ( 'NONE',  ( 0.000000000000000000, -1.000000000000000000, 0.000000000000000000 ) ) ;
#4948 = VECTOR ( 'NONE', #5028, 1000.000000000000000 ) ;
#4949 = DIRECTION ( 'NONE',  ( -1.000000000000000000, -0.000000000000000000, -0.000000000000000000 ) ) ;
#4950 = AXIS2_PLACEMENT_3D ( 'NONE', #566, #6409, #5260 ) ;
#4951 = DIRECTION ( 'NONE',  ( 0.000000000000000000, 1.000000000000000000, 0.000000000000000000 ) ) ;
#4952 = ORIENTED_EDGE ( 'NONE', *, *, #4011, .T. ) ;
#4953 = VECTOR ( 'NONE', #3458, 1000.000000000000227 ) ;
#4954 = EDGE_LOOP ( 'NONE', ( #7120, #1220, #5008, #911 ) ) ;
#4955 = EDGE_CURVE ( 'NONE', #4517, #1015, #4681, .T. ) ;
#4956 = ORIENTED_EDGE ( 'NONE', *, *, #275, .T. ) ;
#4957 = VECTOR ( 'NONE', #1030, 1000.000000000000000 ) ;
#4958 = DIRECTION ( 'NONE',  ( -1.000000000000000000, -0.000000000000000000, -0.000000000000000000 ) ) ;
#4959 = ORIENTED_EDGE ( 'NONE', *, *, #1012, .F. ) ;
#4960 = DIRECTION ( 'NONE',  ( 0.000000000000000000, 0.000000000000000000, -1.000000000000000000 ) ) ;
#4961 = CARTESIAN_POINT ( 'NONE',  ( -125.0000000000000000, -12.50999999986659184, -120.0846308022910591 ) ) ;
#4962 = CYLINDRICAL_SURFACE ( 'NONE', #4727, 1.250000000007465806 ) ;
#4963 = CIRCLE ( 'NONE', #6689, 0.1999999999997975619 ) ;
#4964 = PLANE ( 'NONE',  #606 ) ;
#4965 = AXIS2_PLACEMENT_3D ( 'NONE', #5854, #5305, #512 ) ;
#4966 = LINE ( 'NONE', #5499, #5339 ) ;
#4967 = ORIENTED_EDGE ( 'NONE', *, *, #6524, .F. ) ;
#4968 = ORIENTED_EDGE ( 'NONE', *, *, #1380, .T. ) ;
#4969 = LINE ( 'NONE', #6007, #6309 ) ;
#4970 = CIRCLE ( 'NONE', #4496, 0.1999999999999640954 ) ;
#4971 = VECTOR ( 'NONE', #1124, 1000.000000000000000 ) ;
#4972 = COLOUR_RGB ( '',0.8980392156862745390, 0.9176470588235293713, 0.9294117647058823817 ) ;
#4973 = ORIENTED_EDGE ( 'NONE', *, *, #5609, .F. ) ;
#4974 = CARTESIAN_POINT ( 'NONE',  ( 125.0000000000000000, -16.50999999986631650, 120.0846308027086593 ) ) ;
#4975 = CARTESIAN_POINT ( 'NONE',  ( 125.0000000000000000, -0.009999999866441374244, 115.2972412492088807 ) ) ;
#4976 = CARTESIAN_POINT ( 'NONE',  ( 125.0000000000000000, 24.01000000000306400, 114.0436091504059135 ) ) ;
#4977 = DIRECTION ( 'NONE',  ( -1.000000000000000000, -0.000000000000000000, -0.000000000000000000 ) ) ;
#4978 = CARTESIAN_POINT ( 'NONE',  ( 125.0000000000000000, 9.361092100996113885, -115.0000000000193836 ) ) ;
#4979 = EDGE_CURVE ( 'NONE', #2718, #5984, #3016, .T. ) ;
#4980 = VECTOR ( 'NONE', #3340, 1000.000000000000000 ) ;
#4981 = AXIS2_PLACEMENT_3D ( 'NONE', #4823, #6010, #6708 ) ;
#4982 = ORIENTED_EDGE ( 'NONE', *, *, #5307, .F. ) ;
#4983 = ORIENTED_EDGE ( 'NONE', *, *, #2803, .F. ) ;
#4984 = FACE_OUTER_BOUND ( 'NONE', #1953, .T. ) ;
#4985 = ORIENTED_EDGE ( 'NONE', *, *, #7093, .T. ) ;
#4986 = VECTOR ( 'NONE', #5278, 1000.000000000000000 ) ;
#4987 = ORIENTED_EDGE ( 'NONE', *, *, #3894, .F. ) ;
#4988 = CARTESIAN_POINT ( 'NONE',  ( 125.0000000000000000, -22.00999999999659451, -117.7508710293006970 ) ) ;
#4989 = LINE ( 'NONE', #6635, #5475 ) ;
#4990 = ADVANCED_FACE ( 'NONE', ( #6481 ), #3810, .T. ) ;
#4991 = ORIENTED_EDGE ( 'NONE', *, *, #7394, .T. ) ;
#4992 = LINE ( 'NONE', #6064, #4136 ) ;
#4993 = DIRECTION ( 'NONE',  ( 0.000000000000000000, 0.000000000000000000, -1.000000000000000000 ) ) ;
#4994 = CARTESIAN_POINT ( 'NONE',  ( 125.0000000000000000, 12.96109210099593945, -115.0000000000060538 ) ) ;
#4995 = ADVANCED_FACE ( 'NONE', ( #4866 ), #254, .F. ) ;
#4996 = ADVANCED_FACE ( 'NONE', ( #3165 ), #4824, .F. ) ;
#4997 = DIRECTION ( 'NONE',  ( 0.000000000000000000, 0.000000000000000000, -1.000000000000000000 ) ) ;
#4998 = VERTEX_POINT ( 'NONE', #7236 ) ;
#4999 = ORIENTED_EDGE ( 'NONE', *, *, #6130, .F. ) ;
#5000 = ORIENTED_EDGE ( 'NONE', *, *, #3330, .T. ) ;
#5001 = VERTEX_POINT ( 'NONE', #6128 ) ;
#5002 = DIRECTION ( 'NONE',  ( 1.000000000000000000, 0.000000000000000000, 0.000000000000000000 ) ) ;
#5003 = CARTESIAN_POINT ( 'NONE',  ( 125.0000000000000000, -16.50999999986631650, 125.0000000002088001 ) ) ;
#5004 = EDGE_CURVE ( 'NONE', #4944, #892, #1975, .T. ) ;
#5005 = DIRECTION ( 'NONE',  ( 0.000000000000000000, -1.000000000000000000, 0.000000000000000000 ) ) ;
#5006 = CARTESIAN_POINT ( 'NONE',  ( -125.0000000000000000, 2.009999999809395366, 120.0000000001180496 ) ) ;
#5007 = ORIENTED_EDGE ( 'NONE', *, *, #5455, .F. ) ;
#5008 = ORIENTED_EDGE ( 'NONE', *, *, #6973, .F. ) ;
#5009 = CARTESIAN_POINT ( 'NONE',  ( -125.0000000000000000, 5.259999999809370053, 120.0000000001180496 ) ) ;
#5010 = ORIENTED_EDGE ( 'NONE', *, *, #551, .F. ) ;
#5011 = CARTESIAN_POINT ( 'NONE',  ( 125.0000000000000000, -23.75999999986629518, 125.0000000002088001 ) ) ;
#5012 = CYLINDRICAL_SURFACE ( 'NONE', #2364, 1.500000000000200728 ) ;
#5013 = CARTESIAN_POINT ( 'NONE',  ( -125.0000000000000000, -22.00999999986693467, 117.7508710294929415 ) ) ;
#5014 = LINE ( 'NONE', #7359, #5592 ) ;
#5015 = LINE ( 'NONE', #2048, #467 ) ;
#5016 = VERTEX_POINT ( 'NONE', #210 ) ;
#5017 = ORIENTED_EDGE ( 'NONE', *, *, #2684, .T. ) ;
#5018 = CYLINDRICAL_SURFACE ( 'NONE', #716, 1.250000000000084377 ) ;
#5019 = VERTEX_POINT ( 'NONE', #5541 ) ;
#5020 = ADVANCED_FACE ( 'NONE', ( #1939 ), #856, .F. ) ;
#5021 = LINE ( 'NONE', #2094, #2916 ) ;
#5022 = DIRECTION ( 'NONE',  ( 1.000000000000000000, 0.000000000000000000, 0.000000000000000000 ) ) ;
#5023 = LINE ( 'NONE', #3323, #2822 ) ;
#5024 = VERTEX_POINT ( 'NONE', #2087 ) ;
#5025 = CARTESIAN_POINT ( 'NONE',  ( 125.0000000000000000, 16.51000000000246359, -120.0846308025203655 ) ) ;
#5026 = LINE ( 'NONE', #7407, #2168 ) ;
#5027 = EDGE_CURVE ( 'NONE', #3080, #2481, #5474, .T. ) ;
#5028 = DIRECTION ( 'NONE',  ( -1.000000000000000000, -0.000000000000000000, -0.000000000000000000 ) ) ;
#5029 = DIRECTION ( 'NONE',  ( -0.000000000000000000, 1.000000000000000000, 0.000000000000000000 ) ) ;
#5030 = CARTESIAN_POINT ( 'NONE',  ( 125.0000000000000000, -16.56109210086011529, 117.0000000001927987 ) ) ;
#5031 = ORIENTED_EDGE ( 'NONE', *, *, #62, .F. ) ;
#5032 = VECTOR ( 'NONE', #1374, 1000.000000000000000 ) ;
#5033 = AXIS2_PLACEMENT_3D ( 'NONE', #3832, #5038, #6233 ) ;
#5034 = ORIENTED_EDGE ( 'NONE', *, *, #3894, .T. ) ;
#5035 = ORIENTED_EDGE ( 'NONE', *, *, #3360, .F. ) ;
#5036 = LINE ( 'NONE', #5116, #2563 ) ;
#5037 = EDGE_CURVE ( 'NONE', #5436, #5715, #3696, .T. ) ;
#5038 = DIRECTION ( 'NONE',  ( 1.000000000000000000, 0.000000000000000000, 0.000000000000000000 ) ) ;
#5039 = LINE ( 'NONE', #7261, #3022 ) ;
#5040 = FACE_OUTER_BOUND ( 'NONE', #4157, .T. ) ;
#5041 = FACE_OUTER_BOUND ( 'NONE', #4954, .T. ) ;
#5042 = LINE ( 'NONE', #4438, #5832 ) ;
#5043 = ORIENTED_EDGE ( 'NONE', *, *, #3231, .T. ) ;
#5044 = ORIENTED_EDGE ( 'NONE', *, *, #3221, .T. ) ;
#5045 = EDGE_CURVE ( 'NONE', #5417, #4369, #1420, .T. ) ;
#5046 = EDGE_CURVE ( 'NONE', #5161, #542, #6596, .T. ) ;
#5047 = LINE ( 'NONE', #3920, #6428 ) ;
#5048 = ORIENTED_EDGE ( 'NONE', *, *, #4333, .T. ) ;
#5049 = PLANE ( 'NONE',  #5447 ) ;
#5050 = LINE ( 'NONE', #2318, #1426 ) ;
#5051 = CARTESIAN_POINT ( 'NONE',  ( 125.0000000000000000, -9.361092100859993437, 115.0000000002078906 ) ) ;
#5052 = LINE ( 'NONE', #7393, #2931 ) ;
#5053 = ORIENTED_EDGE ( 'NONE', *, *, #2953, .T. ) ;
#5054 = CARTESIAN_POINT ( 'NONE',  ( 125.0000000000000000, -21.52022843722930645, 114.6730186729573404 ) ) ;
#5055 = LINE ( 'NONE', #7554, #1913 ) ;
#5056 = DIRECTION ( 'NONE',  ( -1.000000000000000000, -0.000000000000000000, -0.000000000000000000 ) ) ;
#5057 = CARTESIAN_POINT ( 'NONE',  ( 125.0000000000000000, 20.76626570361123925, -0.7180703308238047811 ) ) ;
#5058 = DIRECTION ( 'NONE',  ( -1.000000000000000000, 0.000000000000000000, -0.000000000000000000 ) ) ;
#5059 = VERTEX_POINT ( 'NONE', #3775 ) ;
#5060 = DIRECTION ( 'NONE',  ( -1.000000000000000000, -0.000000000000000000, -0.000000000000000000 ) ) ;
#5061 = LINE ( 'NONE', #6142, #3501 ) ;
#5062 = VECTOR ( 'NONE', #2183, 1000.000000000000000 ) ;
#5063 = LINE ( 'NONE', #1019, #1170 ) ;
#5064 = DIRECTION ( 'NONE',  ( 0.000000000000000000, 0.000000000000000000, 1.000000000000000000 ) ) ;
#5065 = DIRECTION ( 'NONE',  ( 0.000000000000000000, 1.000000000000000000, 0.000000000000000000 ) ) ;
#5066 = EDGE_CURVE ( 'NONE', #5641, #2859, #5507, .T. ) ;
#5067 = EDGE_CURVE ( 'NONE', #2808, #4307, #6740, .T. ) ;
#5068 = VECTOR ( 'NONE', #5330, 1000.000000000000000 ) ;
#5069 = ORIENTED_EDGE ( 'NONE', *, *, #2669, .T. ) ;
#5070 = CIRCLE ( 'NONE', #5552, 0.1999999999999640954 ) ;
#5071 = ORIENTED_EDGE ( 'NONE', *, *, #6106, .T. ) ;
#5072 = VERTEX_POINT ( 'NONE', #3843 ) ;
#5073 = SURFACE_STYLE_USAGE ( .BOTH. , #1636 ) ;
#5074 = ORIENTED_EDGE ( 'NONE', *, *, #34, .F. ) ;
#5075 = DIRECTION ( 'NONE',  ( 1.000000000000000000, 0.000000000000000000, 0.000000000000000000 ) ) ;
#5076 = VECTOR ( 'NONE', #4282, 1000.000000000000000 ) ;
#5077 = LINE ( 'NONE', #4470, #5087 ) ;
#5078 = DIRECTION ( 'NONE',  ( -1.000000000000000000, -0.000000000000000000, -0.000000000000000000 ) ) ;
#5079 = VECTOR ( 'NONE', #5654, 1000.000000000000000 ) ;
#5080 = DIRECTION ( 'NONE',  ( -1.000000000000000000, -0.000000000000000000, -0.000000000000000000 ) ) ;
#5081 = EDGE_CURVE ( 'NONE', #5621, #3349, #2615, .T. ) ;
#5082 = ORIENTED_EDGE ( 'NONE', *, *, #5633, .T. ) ;
#5083 = VECTOR ( 'NONE', #5988, 1000.000000000000000 ) ;
#5084 = ORIENTED_EDGE ( 'NONE', *, *, #6113, .T. ) ;
#5085 = LINE ( 'NONE', #7540, #5079 ) ;
#5086 = ORIENTED_EDGE ( 'NONE', *, *, #6637, .F. ) ;
#5087 = VECTOR ( 'NONE', #3452, 1000.000000000000000 ) ;
#5088 = VECTOR ( 'NONE', #1211, 1000.000000000000000 ) ;
#5089 = CARTESIAN_POINT ( 'NONE',  ( 125.0000000000000000, 20.17061230869948574, 1.061970978718296266 ) ) ;
#5090 = LINE ( 'NONE', #1703, #7432 ) ;
#5091 = CARTESIAN_POINT ( 'NONE',  ( -125.0000000000000000, -5.259999999866473708, 117.0000000002087859 ) ) ;
#5092 = EDGE_CURVE ( 'NONE', #6422, #7307, #6876, .T. ) ;
#5093 = ADVANCED_FACE ( 'NONE', ( #2121 ), #5012, .F. ) ;
#5094 = VECTOR ( 'NONE', #726, 1000.000000000000000 ) ;
#5095 = ORIENTED_EDGE ( 'NONE', *, *, #2469, .F. ) ;
#5096 = CIRCLE ( 'NONE', #1559, 1.250000000000084377 ) ;
#5097 = CIRCLE ( 'NONE', #105, 1.500000000000296652 ) ;
#5098 = CIRCLE ( 'NONE', #5707, 1.250000000000084377 ) ;
#5099 = DIRECTION ( 'NONE',  ( 0.000000000000000000, -0.000000000000000000, 1.000000000000000000 ) ) ;
#5100 = CARTESIAN_POINT ( 'NONE',  ( -125.0000000000000000, -16.76109210086008616, 115.3014856328811817 ) ) ;
#5101 = CARTESIAN_POINT ( 'NONE',  ( -125.0000000000000000, 9.259999999809346960, 120.0000000001180496 ) ) ;
#5102 = CARTESIAN_POINT ( 'NONE',  ( 125.0000000000000000, -23.75999999986629518, 120.0846308027086593 ) ) ;
#5103 = VECTOR ( 'NONE', #5129, 1000.000000000000000 ) ;
#5104 = VECTOR ( 'NONE', #614, 1000.000000000000000 ) ;
#5105 = EDGE_CURVE ( 'NONE', #389, #3080, #40, .T. ) ;
#5106 = ORIENTED_EDGE ( 'NONE', *, *, #7107, .T. ) ;
#5107 = CARTESIAN_POINT ( 'NONE',  ( 125.0000000000000000, 21.83148461058317480, 115.0619018650231595 ) ) ;
#5108 = AXIS2_PLACEMENT_3D ( 'NONE', #7349, #2110, #4437 ) ;
#5109 = VECTOR ( 'NONE', #99, 1000.000000000000000 ) ;
#5110 = FACE_OUTER_BOUND ( 'NONE', #7389, .T. ) ;
#5111 = VECTOR ( 'NONE', #5634, 1000.000000000000000 ) ;
#5112 = DIRECTION ( 'NONE',  ( -1.000000000000000000, -0.000000000000000000, -0.000000000000000000 ) ) ;
#5113 = ORIENTED_EDGE ( 'NONE', *, *, #5962, .F. ) ;
#5114 = ORIENTED_EDGE ( 'NONE', *, *, #798, .F. ) ;
#5115 = ORIENTED_EDGE ( 'NONE', *, *, #7475, .T. ) ;
#5116 = CARTESIAN_POINT ( 'NONE',  ( -125.0000000000000000, 27.00999999980928123, -123.9999999998817373 ) ) ;
#5117 = EDGE_LOOP ( 'NONE', ( #7497, #6734, #6631, #3662 ) ) ;
#5118 = CARTESIAN_POINT ( 'NONE',  ( -125.0000000000000000, 20.76626570361123925, -0.7180703308238047811 ) ) ;
#5119 = LINE ( 'NONE', #6463, #2775 ) ;
#5120 = CARTESIAN_POINT ( 'NONE',  ( 125.0000000000000000, 23.75999999999983814, -124.9999999998809841 ) ) ;
#5121 = CARTESIAN_POINT ( 'NONE',  ( 125.0000000000000000, -0.009999999803049450589, -115.5000000001185327 ) ) ;
#5122 = LINE ( 'NONE', #1575, #4980 ) ;
#5123 = VERTEX_POINT ( 'NONE', #2581 ) ;
#5124 = VERTEX_POINT ( 'NONE', #7223 ) ;
#5125 = CARTESIAN_POINT ( 'NONE',  ( 125.0000000000000000, -26.00999999986646216, -123.9999999997910578 ) ) ;
#5126 = ORIENTED_EDGE ( 'NONE', *, *, #3983, .T. ) ;
#5127 = ADVANCED_FACE ( 'NONE', ( #6647 ), #5418, .F. ) ;
#5128 = CARTESIAN_POINT ( 'NONE',  ( -125.0000000000000000, 0.009999999809365668971, 115.5000000001181064 ) ) ;
#5129 = DIRECTION ( 'NONE',  ( 0.000000000000000000, 0.000000000000000000, -1.000000000000000000 ) ) ;
#5130 = DIRECTION ( 'NONE',  ( 0.000000000000000000, 0.000000000000000000, -1.000000000000000000 ) ) ;
#5131 = ORIENTED_EDGE ( 'NONE', *, *, #4034, .F. ) ;
#5132 = DIRECTION ( 'NONE',  ( -1.000000000000000000, -0.000000000000000000, -0.000000000000000000 ) ) ;
#5133 = DIRECTION ( 'NONE',  ( -1.000000000000000000, 0.000000000000000000, -0.000000000000000000 ) ) ;
#5134 = ORIENTED_EDGE ( 'NONE', *, *, #5004, .T. ) ;
#5135 = EDGE_CURVE ( 'NONE', #328, #2657, #4217, .T. ) ;
#5136 = VERTEX_POINT ( 'NONE', #4918 ) ;
#5137 = CARTESIAN_POINT ( 'NONE',  ( 125.0000000000000000, -5.259999999866473708, 114.0000000002086722 ) ) ;
#5138 = CARTESIAN_POINT ( 'NONE',  ( 125.0000000000000000, -20.76626570359968227, -0.7180703308241480620 ) ) ;
#5139 = ORIENTED_EDGE ( 'NONE', *, *, #5193, .F. ) ;
#5140 = LINE ( 'NONE', #4570, #6565 ) ;
#5141 = ADVANCED_FACE ( 'NONE', ( #1302 ), #3647, .F. ) ;
#5142 = ADVANCED_FACE ( 'NONE', ( #4812 ), #4885, .F. ) ;
#5143 = LINE ( 'NONE', #1060, #3263 ) ;
#5144 = DIRECTION ( 'NONE',  ( 0.000000000000000000, 0.000000000000000000, -1.000000000000000000 ) ) ;
#5145 = VERTEX_POINT ( 'NONE', #6617 ) ;
#5146 = ORIENTED_EDGE ( 'NONE', *, *, #5962, .T. ) ;
#5147 = ORIENTED_EDGE ( 'NONE', *, *, #2918, .F. ) ;
#5148 = PLANE ( 'NONE',  #6328 ) ;
#5149 = EDGE_LOOP ( 'NONE', ( #3413, #5623, #2754, #5240 ) ) ;
#5150 = CARTESIAN_POINT ( 'NONE',  ( -125.0000000000000000, 21.02402215828474041, -0.7683408720527536984 ) ) ;
#5151 = CARTESIAN_POINT ( 'NONE',  ( 125.0000000000000000, -2.990000000190692564, 116.0000000001180496 ) ) ;
#5152 = LINE ( 'NONE', #538, #701 ) ;
#5153 = DIRECTION ( 'NONE',  ( -1.000000000000000000, -0.000000000000000000, -0.000000000000000000 ) ) ;
#5154 = AXIS2_PLACEMENT_3D ( 'NONE', #1222, #7528, #3527 ) ;
#5155 = CARTESIAN_POINT ( 'NONE',  ( 125.0000000000000000, 14.76109210080304557, 115.0000000001172680 ) ) ;
#5156 = ORIENTED_EDGE ( 'NONE', *, *, #4431, .T. ) ;
#5157 = ORIENTED_EDGE ( 'NONE', *, *, #3214, .F. ) ;
#5158 = ADVANCED_FACE ( 'NONE', ( #2464 ), #1921, .T. ) ;
#5159 = VERTEX_POINT ( 'NONE', #3715 ) ;
#5160 = CARTESIAN_POINT ( 'NONE',  ( 125.0000000000000000, 24.01000000000296453, -114.0436091504081304 ) ) ;
#5161 = VERTEX_POINT ( 'NONE', #3797 ) ;
#5162 = CARTESIAN_POINT ( 'NONE',  ( -125.0000000000000000, 20.76626570360521740, 0.7180703308240182769 ) ) ;
#5163 = DIRECTION ( 'NONE',  ( -1.000000000000000000, -0.000000000000000000, -0.000000000000000000 ) ) ;
#5164 = DIRECTION ( 'NONE',  ( -0.000000000000000000, 1.000000000000000000, 0.000000000000000000 ) ) ;
#5165 = DIRECTION ( 'NONE',  ( 1.000000000000000000, 0.000000000000000000, 0.000000000000000000 ) ) ;
#5166 = EDGE_CURVE ( 'NONE', #4439, #3117, #2498, .T. ) ;
#5167 = EDGE_CURVE ( 'NONE', #4397, #6659, #162, .T. ) ;
#5168 = ORIENTED_EDGE ( 'NONE', *, *, #3893, .T. ) ;
#5169 = DIRECTION ( 'NONE',  ( -1.000000000000000000, -0.000000000000000000, -0.000000000000000000 ) ) ;
#5170 = DIRECTION ( 'NONE',  ( 0.000000000000000000, 0.000000000000000000, 1.000000000000000000 ) ) ;
#5171 = DIRECTION ( 'NONE',  ( 0.000000000000000000, 0.000000000000000000, 1.000000000000000000 ) ) ;
#5172 = DIRECTION ( 'NONE',  ( 0.000000000000000000, 1.000000000000000000, 0.000000000000000000 ) ) ;
#5173 = DIRECTION ( 'NONE',  ( -1.000000000000000000, -0.000000000000000000, -0.000000000000000000 ) ) ;
#5174 = EDGE_CURVE ( 'NONE', #1417, #7352, #3118, .T. ) ;
#5175 = EDGE_LOOP ( 'NONE', ( #2504, #1613, #3375, #3226 ) ) ;
#5176 = DIRECTION ( 'NONE',  ( -1.000000000000000000, 0.000000000000000000, -0.000000000000000000 ) ) ;
#5177 = AXIS2_PLACEMENT_3D ( 'NONE', #6610, #5487, #4246 ) ;
#5178 = CARTESIAN_POINT ( 'NONE',  ( 125.0000000000000000, 0.01000000000261699884, -120.0000000000203784 ) ) ;
#5179 = CARTESIAN_POINT ( 'NONE',  ( -125.0000000000000000, -3.209999999866421927, 118.1694254178079149 ) ) ;
#5180 = LINE ( 'NONE', #2295, #3739 ) ;
#5181 = EDGE_CURVE ( 'NONE', #3341, #6404, #5528, .T. ) ;
#5182 = ADVANCED_FACE ( 'NONE', ( #7114 ), #4783, .F. ) ;
#5183 = ORIENTED_EDGE ( 'NONE', *, *, #7084, .F. ) ;
#5184 = ORIENTED_EDGE ( 'NONE', *, *, #5372, .T. ) ;
#5185 = CARTESIAN_POINT ( 'NONE',  ( 125.0000000000000000, -20.07061230869364010, -1.235176059473699128 ) ) ;
#5186 = VECTOR ( 'NONE', #981, 1000.000000000000227 ) ;
#5187 = EDGE_LOOP ( 'NONE', ( #3619, #2309, #1348, #5851 ) ) ;
#5188 = CARTESIAN_POINT ( 'NONE',  ( 125.0000000000000000, -12.96109210079664997, -117.0000000001194849 ) ) ;
#5189 = FACE_OUTER_BOUND ( 'NONE', #835, .T. ) ;
#5190 = VECTOR ( 'NONE', #4951, 1000.000000000000000 ) ;
#5191 = VECTOR ( 'NONE', #3694, 1000.000000000000000 ) ;
#5192 = CYLINDRICAL_SURFACE ( 'NONE', #5228, 1.000000000000111910 ) ;
#5193 = EDGE_CURVE ( 'NONE', #2205, #4691, #2988, .T. ) ;
#5194 = ORIENTED_EDGE ( 'NONE', *, *, #550, .F. ) ;
#5195 = ORIENTED_EDGE ( 'NONE', *, *, #3150, .F. ) ;
#5196 = EDGE_LOOP ( 'NONE', ( #4055, #7486, #966, #3567 ) ) ;
#5197 = CARTESIAN_POINT ( 'NONE',  ( -125.0000000000000000, -9.259999999866671772, -124.9999999997909725 ) ) ;
#5198 = VECTOR ( 'NONE', #6872, 1000.000000000000000 ) ;
#5199 = CIRCLE ( 'NONE', #2033, 0.2000000000027925551 ) ;
#5200 = ORIENTED_EDGE ( 'NONE', *, *, #3021, .T. ) ;
#5201 = CARTESIAN_POINT ( 'NONE',  ( -125.0000000000000000, 11.16109210099602755, -115.0000000000193836 ) ) ;
#5202 = CIRCLE ( 'NONE', #347, 0.1999999999990481614 ) ;
#5203 = DIRECTION ( 'NONE',  ( 0.000000000000000000, 0.000000000000000000, -1.000000000000000000 ) ) ;
#5204 = DIRECTION ( 'NONE',  ( -1.000000000000000000, -0.000000000000000000, -0.000000000000000000 ) ) ;
#5205 = VECTOR ( 'NONE', #896, 1000.000000000000000 ) ;
#5206 = CARTESIAN_POINT ( 'NONE',  ( -125.0000000000000000, -5.259999999866473708, 120.0000000002086722 ) ) ;
#5207 = VERTEX_POINT ( 'NONE', #6079 ) ;
#5208 = CIRCLE ( 'NONE', #941, 1.500000000000200728 ) ;
#5209 = CARTESIAN_POINT ( 'NONE',  ( 125.0000000000000000, -20.76626570360573609, 0.7180703308238278737 ) ) ;
#5210 = CYLINDRICAL_SURFACE ( 'NONE', #2306, 0.1999999999999983458 ) ;
#5211 = AXIS2_PLACEMENT_3D ( 'NONE', #4785, #18, #5308 ) ;
#5212 = LINE ( 'NONE', #7556, #5714 ) ;
#5213 = DIRECTION ( 'NONE',  ( -1.000000000000000000, -0.000000000000000000, -0.000000000000000000 ) ) ;
#5214 = EDGE_CURVE ( 'NONE', #2567, #7384, #738, .T. ) ;
#5215 = PRESENTATION_LAYER_ASSIGNMENT (  '', '', ( #1193 ) ) ;
#5216 = DIRECTION ( 'NONE',  ( 0.000000000000000000, 0.000000000000000000, -1.000000000000000000 ) ) ;
#5217 = VECTOR ( 'NONE', #4670, 1000.000000000000114 ) ;
#5218 = VERTEX_POINT ( 'NONE', #240 ) ;
#5219 = CARTESIAN_POINT ( 'NONE',  ( -125.0000000000000000, 0.01000000000261697976, -114.0000000000203784 ) ) ;
#5220 = CIRCLE ( 'NONE', #4141, 1.250000000000070610 ) ;
#5221 = CIRCLE ( 'NONE', #1943, 1.250000000000015099 ) ;
#5222 = AXIS2_PLACEMENT_3D ( 'NONE', #2105, #459, #4433 ) ;
#5223 = EDGE_CURVE ( 'NONE', #572, #3042, #3085, .T. ) ;
#5224 = LINE ( 'NONE', #6408, #3971 ) ;
#5225 = CARTESIAN_POINT ( 'NONE',  ( -125.0000000000000000, -12.96109210079664997, -115.0000000001168132 ) ) ;
#5226 = DIRECTION ( 'NONE',  ( 0.000000000000000000, -1.000000000000000000, 0.000000000000000000 ) ) ;
#5227 = ORIENTED_EDGE ( 'NONE', *, *, #2814, .T. ) ;
#5228 = AXIS2_PLACEMENT_3D ( 'NONE', #4473, #3872, #540 ) ;
#5229 = AXIS2_PLACEMENT_3D ( 'NONE', #443, #5711, #3434 ) ;
#5230 = ORIENTED_EDGE ( 'NONE', *, *, #1883, .F. ) ;
#5231 = CARTESIAN_POINT ( 'NONE',  ( -125.0000000000000000, -5.259999999866640685, -124.9999999997909725 ) ) ;
#5232 = VERTEX_POINT ( 'NONE', #5384 ) ;
#5233 = DIRECTION ( 'NONE',  ( -1.000000000000000000, -0.000000000000000000, -0.000000000000000000 ) ) ;
#5234 = EDGE_CURVE ( 'NONE', #696, #847, #842, .T. ) ;
#5235 = ADVANCED_FACE ( 'NONE', ( #5495 ), #4467, .F. ) ;
#5236 = CIRCLE ( 'NONE', #1091, 1.250000000000070610 ) ;
#5237 = DIRECTION ( 'NONE',  ( 0.000000000000000000, 0.000000000000000000, 1.000000000000000000 ) ) ;
#5238 = CARTESIAN_POINT ( 'NONE',  ( 125.0000000000000000, 27.00999999980928123, -123.9999999998817373 ) ) ;
#5239 = ORIENTED_EDGE ( 'NONE', *, *, #6291, .F. ) ;
#5240 = ORIENTED_EDGE ( 'NONE', *, *, #3377, .T. ) ;
#5241 = ORIENTED_EDGE ( 'NONE', *, *, #1054, .T. ) ;
#5242 = CARTESIAN_POINT ( 'NONE',  ( 125.0000000000000000, 12.51000000000257373, -120.0846308025203655 ) ) ;
#5243 = VERTEX_POINT ( 'NONE', #5118 ) ;
#5244 = EDGE_CURVE ( 'NONE', #5738, #6852, #6993, .T. ) ;
#5245 = ADVANCED_FACE ( 'NONE', ( #3255 ), #5572, .F. ) ;
#5246 = LINE ( 'NONE', #1732, #6682 ) ;
#5247 = DIRECTION ( 'NONE',  ( 0.000000000000000000, -0.000000000000000000, -1.000000000000000000 ) ) ;
#5248 = LINE ( 'NONE', #19, #6215 ) ;
#5249 = DIRECTION ( 'NONE',  ( -0.000000000000000000, 1.000000000000000000, 0.000000000000000000 ) ) ;
#5250 = ORIENTED_EDGE ( 'NONE', *, *, #7301, .F. ) ;
#5251 = DIRECTION ( 'NONE',  ( -1.000000000000000000, -0.000000000000000000, -0.000000000000000000 ) ) ;
#5252 = CARTESIAN_POINT ( 'NONE',  ( -125.0000000000000000, -19.75999999986629163, 120.0846308027086593 ) ) ;
#5253 = CARTESIAN_POINT ( 'NONE',  ( 125.0000000000000000, -12.96109210085998598, 115.0000000001959108 ) ) ;
#5254 = CARTESIAN_POINT ( 'NONE',  ( -125.0000000000000000, 0.009999999809365651623, 118.5000000001182201 ) ) ;
#5255 = CARTESIAN_POINT ( 'NONE',  ( -125.0000000000000000, -14.76109210086011991, 115.0000000001959108 ) ) ;
#5256 = ORIENTED_EDGE ( 'NONE', *, *, #6213, .T. ) ;
#5257 = EDGE_CURVE ( 'NONE', #3786, #4079, #3414, .T. ) ;
#5258 = CARTESIAN_POINT ( 'NONE',  ( -125.0000000000000000, -23.75999999986646216, -124.9999999997909725 ) ) ;
#5259 = LINE ( 'NONE', #6487, #3005 ) ;
#5260 = DIRECTION ( 'NONE',  ( -1.000000000000000000, 0.000000000000000000, -0.000000000000000000 ) ) ;
#5261 = CARTESIAN_POINT ( 'NONE',  ( 125.0000000000000000, -2.009999999802995596, -120.0000000001187033 ) ) ;
#5262 = CARTESIAN_POINT ( 'NONE',  ( 125.0000000000000000, 9.260000000002598597, -125.0000000000202931 ) ) ;
#5263 = VERTEX_POINT ( 'NONE', #6807 ) ;
#5264 = ORIENTED_EDGE ( 'NONE', *, *, #6859, .F. ) ;
#5265 = EDGE_CURVE ( 'NONE', #6426, #1298, #2117, .T. ) ;
#5266 = FACE_OUTER_BOUND ( 'NONE', #6611, .T. ) ;
#5267 = CARTESIAN_POINT ( 'NONE',  ( 125.0000000000000000, -20.57103083586230596, -116.3223556399391896 ) ) ;
#5268 = CARTESIAN_POINT ( 'NONE',  ( 125.0000000000000000, 9.361092100802974159, 115.0000000001181633 ) ) ;
#5269 = PLANE ( 'NONE',  #3257 ) ;
#5270 = VERTEX_POINT ( 'NONE', #392 ) ;
#5271 = ORIENTED_EDGE ( 'NONE', *, *, #5633, .F. ) ;
#5272 = EDGE_CURVE ( 'NONE', #4577, #5537, #2650, .T. ) ;
#5273 = ORIENTED_EDGE ( 'NONE', *, *, #5561, .F. ) ;
#5274 = DIRECTION ( 'NONE',  ( 0.000000000000000000, 0.000000000000000000, -1.000000000000000000 ) ) ;
#5275 = ORIENTED_EDGE ( 'NONE', *, *, #7355, .T. ) ;
#5276 = DIRECTION ( 'NONE',  ( -1.000000000000000000, -0.000000000000000000, -0.000000000000000000 ) ) ;
#5277 = LINE ( 'NONE', #700, #7536 ) ;
#5278 = DIRECTION ( 'NONE',  ( -1.000000000000000000, -0.000000000000000000, -0.000000000000000000 ) ) ;
#5279 = DIRECTION ( 'NONE',  ( 1.000000000000000000, 0.000000000000000000, 0.000000000000000000 ) ) ;
#5280 = EDGE_CURVE ( 'NONE', #5218, #1469, #3914, .T. ) ;
#5281 = ADVANCED_FACE ( 'NONE', ( #6846 ), #2697, .T. ) ;
#5282 = ORIENTED_EDGE ( 'NONE', *, *, #2255, .T. ) ;
#5283 = VECTOR ( 'NONE', #4932, 1000.000000000000000 ) ;
#5284 = LINE ( 'NONE', #7045, #7162 ) ;
#5285 = ORIENTED_EDGE ( 'NONE', *, *, #6663, .T. ) ;
#5286 = DIRECTION ( 'NONE',  ( 0.000000000000000000, 0.9863939238338114146, -0.1643989872953514064 ) ) ;
#5287 = DIRECTION ( 'NONE',  ( 0.000000000000000000, -0.000000000000000000, -1.000000000000000000 ) ) ;
#5288 = CARTESIAN_POINT ( 'NONE',  ( -125.0000000000000000, -9.361092100796657434, -115.0000000001185896 ) ) ;
#5289 = CARTESIAN_POINT ( 'NONE',  ( 125.0000000000000000, 20.27061230869981046, 1.235176059474873966 ) ) ;
#5290 = VERTEX_POINT ( 'NONE', #6764 ) ;
#5291 = CARTESIAN_POINT ( 'NONE',  ( 125.0000000000000000, 11.16109210080288605, 115.0000000001181633 ) ) ;
#5292 = CARTESIAN_POINT ( 'NONE',  ( -125.0000000000000000, -9.259999999866504794, 120.0000000002086722 ) ) ;
#5293 = DIRECTION ( 'NONE',  ( -1.000000000000000000, -0.000000000000000000, -0.000000000000000000 ) ) ;
#5294 = ORIENTED_EDGE ( 'NONE', *, *, #5867, .F. ) ;
#5295 = VERTEX_POINT ( 'NONE', #1607 ) ;
#5296 = CYLINDRICAL_SURFACE ( 'NONE', #6385, 0.1999999998510137988 ) ;
#5297 = EDGE_CURVE ( 'NONE', #4439, #2187, #7368, .T. ) ;
#5298 = DIRECTION ( 'NONE',  ( 0.000000000000000000, 0.000000000000000000, -1.000000000000000000 ) ) ;
#5299 = EDGE_CURVE ( 'NONE', #5301, #918, #2486, .T. ) ;
#5300 = VERTEX_POINT ( 'NONE', #6264 ) ;
#5301 = VERTEX_POINT ( 'NONE', #995 ) ;
#5302 = VERTEX_POINT ( 'NONE', #5647 ) ;
#5303 = CARTESIAN_POINT ( 'NONE',  ( 125.0000000000000000, -0.009999999866441374244, 118.7027587512089042 ) ) ;
#5304 = ORIENTED_EDGE ( 'NONE', *, *, #2962, .F. ) ;
#5305 = DIRECTION ( 'NONE',  ( 0.000000000000000000, 0.000000000000000000, 1.000000000000000000 ) ) ;
#5306 = VECTOR ( 'NONE', #1101, 1000.000000000000000 ) ;
#5307 = EDGE_CURVE ( 'NONE', #2141, #5270, #5766, .T. ) ;
#5308 = DIRECTION ( 'NONE',  ( 0.000000000000000000, 0.000000000000000000, -1.000000000000000000 ) ) ;
#5309 = LINE ( 'NONE', #2976, #4986 ) ;
#5310 = PLANE ( 'NONE',  #6942 ) ;
#5311 = ORIENTED_EDGE ( 'NONE', *, *, #6257, .T. ) ;
#5312 = CARTESIAN_POINT ( 'NONE',  ( 125.0000000000000000, 2.990000000196953334, -118.0000000001187033 ) ) ;
#5313 = LINE ( 'NONE', #2947, #3749 ) ;
#5314 = ORIENTED_EDGE ( 'NONE', *, *, #4311, .F. ) ;
#5315 = CARTESIAN_POINT ( 'NONE',  ( 125.0000000000000000, 16.50999999980921373, 120.0846308026180367 ) ) ;
#5316 = CARTESIAN_POINT ( 'NONE',  ( 125.0000000000000000, 20.76626570361123925, -0.7180703308238047811 ) ) ;
#5317 = CARTESIAN_POINT ( 'NONE',  ( 125.0000000000000000, 12.96109210080290985, 117.0000000001201670 ) ) ;
#5318 = EDGE_CURVE ( 'NONE', #6232, #3364, #7345, .T. ) ;
#5319 = EDGE_CURVE ( 'NONE', #1134, #4024, #3336, .T. ) ;
#5320 = AXIS2_PLACEMENT_3D ( 'NONE', #5876, #650, #760 ) ;
#5321 = CARTESIAN_POINT ( 'NONE',  ( -125.0000000000000000, 16.76109210099593128, -115.3014856326913389 ) ) ;
#5322 = CIRCLE ( 'NONE', #2663, 0.9999999999999176215 ) ;
#5323 = ORIENTED_EDGE ( 'NONE', *, *, #3737, .T. ) ;
#5324 = VECTOR ( 'NONE', #7118, 1000.000000000000114 ) ;
#5325 = DIRECTION ( 'NONE',  ( 0.000000000000000000, 0.000000000000000000, 1.000000000000000000 ) ) ;
#5326 = ADVANCED_FACE ( 'NONE', ( #4434 ), #5683, .F. ) ;
#5327 = EDGE_CURVE ( 'NONE', #894, #959, #1521, .T. ) ;
#5328 = CARTESIAN_POINT ( 'NONE',  ( -125.0000000000000000, 22.00319135037984708, 114.0436091504059135 ) ) ;
#5329 = CIRCLE ( 'NONE', #5578, 1.500000000000323963 ) ;
#5330 = DIRECTION ( 'NONE',  ( 0.000000000000000000, 1.000000000000000000, 0.000000000000000000 ) ) ;
#5331 = ORIENTED_EDGE ( 'NONE', *, *, #5538, .T. ) ;
#5332 = ORIENTED_EDGE ( 'NONE', *, *, #3388, .T. ) ;
#5333 = VECTOR ( 'NONE', #3620, 1000.000000000000000 ) ;
#5334 = AXIS2_PLACEMENT_3D ( 'NONE', #1771, #5921, #630 ) ;
#5335 = AXIS2_PLACEMENT_3D ( 'NONE', #7418, #6625, #390 ) ;
#5336 = LINE ( 'NONE', #6639, #4475 ) ;
#5337 = DIRECTION ( 'NONE',  ( 0.000000000000000000, 1.000000000000000000, 0.000000000000000000 ) ) ;
#5338 = LINE ( 'NONE', #3564, #5076 ) ;
#5339 = VECTOR ( 'NONE', #4889, 1000.000000000000000 ) ;
#5340 = DIRECTION ( 'NONE',  ( 0.000000000000000000, 0.000000000000000000, 1.000000000000000000 ) ) ;
#5341 = VECTOR ( 'NONE', #7008, 1000.000000000000000 ) ;
#5342 = ORIENTED_EDGE ( 'NONE', *, *, #3231, .F. ) ;
#5343 = ORIENTED_EDGE ( 'NONE', *, *, #5265, .F. ) ;
#5344 = VERTEX_POINT ( 'NONE', #960 ) ;
#5345 = EDGE_CURVE ( 'NONE', #455, #6897, #3304, .T. ) ;
#5346 = DIRECTION ( 'NONE',  ( -1.000000000000000000, -0.000000000000000000, -0.000000000000000000 ) ) ;
#5347 = VECTOR ( 'NONE', #800, 1000.000000000000114 ) ;
#5348 = ORIENTED_EDGE ( 'NONE', *, *, #1295, .T. ) ;
#5349 = FACE_OUTER_BOUND ( 'NONE', #2795, .T. ) ;
#5350 = DIRECTION ( 'NONE',  ( 0.000000000000000000, 1.000000000000000000, 0.000000000000000000 ) ) ;
#5351 = CYLINDRICAL_SURFACE ( 'NONE', #2689, 1.250000000000070610 ) ;
#5352 = CARTESIAN_POINT ( 'NONE',  ( 125.0000000000000000, 12.51000000000257373, -125.0000000000202931 ) ) ;
#5353 = ORIENTED_EDGE ( 'NONE', *, *, #6575, .F. ) ;
#5354 = ADVANCED_FACE ( 'NONE', ( #649 ), #5875, .F. ) ;
#5355 = DIRECTION ( 'NONE',  ( 0.000000000000000000, -0.000000000000000000, 1.000000000000000000 ) ) ;
#5356 = LINE ( 'NONE', #5252, #7168 ) ;
#5357 = ORIENTED_EDGE ( 'NONE', *, *, #2971, .F. ) ;
#5358 = PLANE ( 'NONE',  #6054 ) ;
#5359 = DIRECTION ( 'NONE',  ( -1.000000000000000000, -0.000000000000000000, -0.000000000000000000 ) ) ;
#5360 = LINE ( 'NONE', #5288, #7392 ) ;
#5361 = CARTESIAN_POINT ( 'NONE',  ( 125.0000000000000000, 2.010000000002646559, -125.0000000000202931 ) ) ;
#5362 = DIRECTION ( 'NONE',  ( -1.000000000000000000, -0.000000000000000000, -0.000000000000000000 ) ) ;
#5363 = CARTESIAN_POINT ( 'NONE',  ( 125.0000000000000000, -0.009999999803049450589, -120.0000000001187033 ) ) ;
#5364 = ORIENTED_EDGE ( 'NONE', *, *, #1029, .T. ) ;
#5365 = EDGE_CURVE ( 'NONE', #3510, #3376, #7492, .T. ) ;
#5366 = CARTESIAN_POINT ( 'NONE',  ( 125.0000000000000000, -16.56109210086011529, 117.0000000001927987 ) ) ;
#5367 = ORIENTED_EDGE ( 'NONE', *, *, #5889, .F. ) ;
#5368 = DIRECTION ( 'NONE',  ( 0.000000000000000000, 0.000000000000000000, -1.000000000000000000 ) ) ;
#5369 = CYLINDRICAL_SURFACE ( 'NONE', #6824, 0.1999999999999088063 ) ;
#5370 = FACE_OUTER_BOUND ( 'NONE', #6271, .T. ) ;
#5371 = ORIENTED_EDGE ( 'NONE', *, *, #4896, .F. ) ;
#5372 = EDGE_CURVE ( 'NONE', #5302, #2381, #2302, .T. ) ;
#5373 = EDGE_CURVE ( 'NONE', #4743, #5682, #528, .T. ) ;
#5374 = DIRECTION ( 'NONE',  ( 0.000000000000000000, -0.000000000000000000, 1.000000000000000000 ) ) ;
#5375 = PRODUCT_DEFINITION_CONTEXT ( 'detailed design', #2626, 'design' ) ;
#5376 = CYLINDRICAL_SURFACE ( 'NONE', #2425, 0.1999999999998982869 ) ;
#5377 = DIRECTION ( 'NONE',  ( -1.000000000000000000, -0.000000000000000000, -0.000000000000000000 ) ) ;
#5378 = DIRECTION ( 'NONE',  ( -1.000000000000000000, -0.000000000000000000, -0.000000000000000000 ) ) ;
#5379 = VERTEX_POINT ( 'NONE', #2340 ) ;
#5380 = ORIENTED_EDGE ( 'NONE', *, *, #7209, .F. ) ;
#5381 = ORIENTED_EDGE ( 'NONE', *, *, #3133, .T. ) ;
#5382 = CARTESIAN_POINT ( 'NONE',  ( -125.0000000000000000, -26.00999999986646216, -124.9999999997909725 ) ) ;
#5383 = VERTEX_POINT ( 'NONE', #6989 ) ;
#5384 = CARTESIAN_POINT ( 'NONE',  ( 125.0000000000000000, -0.009999999803049450589, -118.5000000001186464 ) ) ;
#5385 = CYLINDRICAL_SURFACE ( 'NONE', #7046, 0.2000000000000722866 ) ;
#5386 = DIRECTION ( 'NONE',  ( -1.000000000000000000, -0.000000000000000000, -0.000000000000000000 ) ) ;
#5387 = CYLINDRICAL_SURFACE ( 'NONE', #4255, 1.250000000000015099 ) ;
#5388 = ORIENTED_EDGE ( 'NONE', *, *, #6859, .T. ) ;
#5389 = ORIENTED_EDGE ( 'NONE', *, *, #42, .T. ) ;
#5390 = CARTESIAN_POINT ( 'NONE',  ( 125.0000000000000000, 3.210000000002597442, -115.8305745823205655 ) ) ;
#5391 = DIRECTION ( 'NONE',  ( 0.000000000000000000, 0.000000000000000000, -1.000000000000000000 ) ) ;
#5392 = VERTEX_POINT ( 'NONE', #6921 ) ;
#5393 = DIRECTION ( 'NONE',  ( 1.000000000000000000, 0.000000000000000000, -0.000000000000000000 ) ) ;
#5394 = PLANE ( 'NONE',  #3278 ) ;
#5395 = CARTESIAN_POINT ( 'NONE',  ( -125.0000000000000000, 14.76109210080304557, 117.0000000001212754 ) ) ;
#5396 = CARTESIAN_POINT ( 'NONE',  ( 125.0000000000000000, -2.009999999802995596, -120.0000000001187033 ) ) ;
#5397 = EDGE_CURVE ( 'NONE', #2859, #2657, #2995, .T. ) ;
#5398 = CARTESIAN_POINT ( 'NONE',  ( -125.0000000000000000, 21.63829944540639971, -115.1136656743480131 ) ) ;
#5399 = ADVANCED_FACE ( 'NONE', ( #73 ), #5296, .T. ) ;
#5400 = VECTOR ( 'NONE', #2075, 1000.000000000000000 ) ;
#5401 = ORIENTED_EDGE ( 'NONE', *, *, #4684, .T. ) ;
#5402 = ORIENTED_EDGE ( 'NONE', *, *, #2021, .T. ) ;
#5403 = CARTESIAN_POINT ( 'NONE',  ( 125.0000000000000000, 20.62279464504687709, -116.1291704747072089 ) ) ;
#5404 = EDGE_LOOP ( 'NONE', ( #3248, #1677, #6089, #2580 ) ) ;
#5405 = EDGE_CURVE ( 'NONE', #6842, #6112, #2118, .T. ) ;
#5406 = ORIENTED_EDGE ( 'NONE', *, *, #7015, .F. ) ;
#5407 = DIRECTION ( 'NONE',  ( 1.000000000000000000, 0.000000000000000000, 0.000000000000000000 ) ) ;
#5408 = DIRECTION ( 'NONE',  ( 0.000000000000000000, 0.000000000000000000, -1.000000000000000000 ) ) ;
#5409 = CARTESIAN_POINT ( 'NONE',  ( -125.0000000000000000, 5.259999999809370053, 120.0000000001180496 ) ) ;
#5410 = EDGE_CURVE ( 'NONE', #3522, #4685, #7026, .T. ) ;
#5411 = EDGE_CURVE ( 'NONE', #6023, #3926, #6416, .T. ) ;
#5412 = PLANE ( 'NONE',  #688 ) ;
#5413 = ORIENTED_EDGE ( 'NONE', *, *, #6123, .F. ) ;
#5414 = ORIENTED_EDGE ( 'NONE', *, *, #5489, .F. ) ;
#5415 = ORIENTED_EDGE ( 'NONE', *, *, #851, .F. ) ;
#5416 = PRESENTATION_STYLE_ASSIGNMENT (( #4400 ) ) ;
#5417 = VERTEX_POINT ( 'NONE', #4738 ) ;
#5418 = PLANE ( 'NONE',  #3706 ) ;
#5419 = EDGE_CURVE ( 'NONE', #2693, #4517, #3768, .T. ) ;
#5420 = EDGE_CURVE ( 'NONE', #5161, #4577, #4694, .T. ) ;
#5421 = PLANE ( 'NONE',  #4128 ) ;
#5422 = LINE ( 'NONE', #3836, #4488 ) ;
#5423 = ORIENTED_EDGE ( 'NONE', *, *, #6353, .F. ) ;
#5424 = VERTEX_POINT ( 'NONE', #2850 ) ;
#5425 = DIRECTION ( 'NONE',  ( -0.000000000000000000, 1.000000000000000000, 0.000000000000000000 ) ) ;
#5426 = AXIS2_PLACEMENT_3D ( 'NONE', #7298, #3363, #5564 ) ;
#5427 = ORIENTED_EDGE ( 'NONE', *, *, #3848, .T. ) ;
#5428 = CARTESIAN_POINT ( 'NONE',  ( 125.0000000000000000, 3.210000000002597442, -115.8305745823205655 ) ) ;
#5429 = DIRECTION ( 'NONE',  ( 0.000000000000000000, 0.000000000000000000, -1.000000000000000000 ) ) ;
#5430 = CARTESIAN_POINT ( 'NONE',  ( 125.0000000000000000, -22.50999999999692491, -2.972135954997490614 ) ) ;
#5431 = FACE_OUTER_BOUND ( 'NONE', #6544, .T. ) ;
#5432 = CARTESIAN_POINT ( 'NONE',  ( 125.0000000000000000, -20.07061230870008828, 2.194203832673879973 ) ) ;
#5433 = AXIS2_PLACEMENT_3D ( 'NONE', #5870, #7064, #115 ) ;
#5434 = AXIS2_PLACEMENT_3D ( 'NONE', #854, #4375, #5587 ) ;
#5435 = ORIENTED_EDGE ( 'NONE', *, *, #6758, .F. ) ;
#5436 = VERTEX_POINT ( 'NONE', #6959 ) ;
#5437 = CARTESIAN_POINT ( 'NONE',  ( 125.0000000000000000, 27.00999999980928123, 124.0000000001180496 ) ) ;
#5438 = EDGE_CURVE ( 'NONE', #1117, #7058, #4059, .T. ) ;
#5439 = AXIS2_PLACEMENT_3D ( 'NONE', #950, #2137, #6721 ) ;
#5440 = ORIENTED_EDGE ( 'NONE', *, *, #5468, .T. ) ;
#5441 = AXIS2_PLACEMENT_3D ( 'NONE', #7283, #4605, #5133 ) ;
#5442 = DIRECTION ( 'NONE',  ( -1.000000000000000000, -0.000000000000000000, -0.000000000000000000 ) ) ;
#5443 = VECTOR ( 'NONE', #4173, 1000.000000000000000 ) ;
#5444 = ORIENTED_EDGE ( 'NONE', *, *, #5729, .T. ) ;
#5445 = CARTESIAN_POINT ( 'NONE',  ( 125.0000000000000000, -27.00999999986638045, 124.0000000002087148 ) ) ;
#5446 = VECTOR ( 'NONE', #4159, 1000.000000000000000 ) ;
#5447 = AXIS2_PLACEMENT_3D ( 'NONE', #6158, #925, #6893 ) ;
#5448 = LINE ( 'NONE', #4805, #5809 ) ;
#5449 = CARTESIAN_POINT ( 'NONE',  ( 125.0000000000000000, -12.96109210079664997, -115.0000000001168132 ) ) ;
#5450 = AXIS2_PLACEMENT_3D ( 'NONE', #3740, #6290, #448 ) ;
#5451 = VERTEX_POINT ( 'NONE', #3449 ) ;
#5452 = AXIS2_PLACEMENT_3D ( 'NONE', #6710, #4934, #2668 ) ;
#5453 = VERTEX_POINT ( 'NONE', #1181 ) ;
#5454 = ORIENTED_EDGE ( 'NONE', *, *, #4724, .T. ) ;
#5455 = EDGE_CURVE ( 'NONE', #2870, #5555, #5844, .T. ) ;
#5456 = EDGE_CURVE ( 'NONE', #1622, #6232, #2678, .T. ) ;
#5457 = ORIENTED_EDGE ( 'NONE', *, *, #5027, .T. ) ;
#5458 = CARTESIAN_POINT ( 'NONE',  ( 125.0000000000000000, -24.00999999999702439, 4.472135955000594798 ) ) ;
#5459 = VECTOR ( 'NONE', #6511, 1000.000000000000000 ) ;
#5460 = CIRCLE ( 'NONE', #6082, 0.1999999999994367395 ) ;
#5461 = LINE ( 'NONE', #877, #1533 ) ;
#5462 = AXIS2_PLACEMENT_3D ( 'NONE', #7006, #5859, #2438 ) ;
#5463 = CARTESIAN_POINT ( 'NONE',  ( 125.0000000000000000, 0.009999999809365668971, 114.0000000001180496 ) ) ;
#5464 = LINE ( 'NONE', #3087, #1578 ) ;
#5465 = CARTESIAN_POINT ( 'NONE',  ( 125.0000000000000000, 0.009999999809365668971, 114.0000000001180496 ) ) ;
#5466 = ORIENTED_EDGE ( 'NONE', *, *, #1018, .T. ) ;
#5467 = ORIENTED_EDGE ( 'NONE', *, *, #7117, .T. ) ;
#5468 = EDGE_CURVE ( 'NONE', #1878, #1134, #4139, .T. ) ;
#5469 = EDGE_CURVE ( 'NONE', #6512, #4093, #6461, .T. ) ;
#5470 = DIRECTION ( 'NONE',  ( -1.000000000000000000, -0.000000000000000000, -0.000000000000000000 ) ) ;
#5471 = CARTESIAN_POINT ( 'NONE',  ( 125.0000000000000000, -21.52022843722930645, 114.6730186729573404 ) ) ;
#5472 = VERTEX_POINT ( 'NONE', #5150 ) ;
#5473 = CYLINDRICAL_SURFACE ( 'NONE', #475, 1.250000000000070610 ) ;
#5474 = LINE ( 'NONE', #4330, #4939 ) ;
#5475 = VECTOR ( 'NONE', #261, 1000.000000000000000 ) ;
#5476 = CARTESIAN_POINT ( 'NONE',  ( -125.0000000000000000, -0.009999999803049450589, -118.5000000001186464 ) ) ;
#5477 = EDGE_LOOP ( 'NONE', ( #1296, #5294, #2451, #1285 ) ) ;
#5478 = CARTESIAN_POINT ( 'NONE',  ( 125.0000000000000000, 0.01000000000261697976, -115.2972412490205869 ) ) ;
#5479 = ORIENTED_EDGE ( 'NONE', *, *, #4305, .F. ) ;
#5480 = DIRECTION ( 'NONE',  ( 0.000000000000000000, -0.000000000000000000, -1.000000000000000000 ) ) ;
#5481 = LINE ( 'NONE', #4390, #5111 ) ;
#5482 = EDGE_CURVE ( 'NONE', #3233, #2992, #2884, .T. ) ;
#5483 = EDGE_LOOP ( 'NONE', ( #841, #3671, #631, #1898 ) ) ;
#5484 = CARTESIAN_POINT ( 'NONE',  ( -125.0000000000000000, -27.00999999986638045, 124.0000000002087148 ) ) ;
#5485 = DIRECTION ( 'NONE',  ( -0.000000000000000000, 1.000000000000000000, 0.000000000000000000 ) ) ;
#5486 = DIRECTION ( 'NONE',  ( 0.000000000000000000, -0.000000000000000000, 1.000000000000000000 ) ) ;
#5487 = DIRECTION ( 'NONE',  ( 0.000000000000000000, -1.000000000000000000, 0.000000000000000000 ) ) ;
#5488 = EDGE_CURVE ( 'NONE', #1520, #4307, #6324, .T. ) ;
#5489 = EDGE_CURVE ( 'NONE', #3334, #1469, #1957, .T. ) ;
#5490 = VERTEX_POINT ( 'NONE', #5907 ) ;
#5491 = ORIENTED_EDGE ( 'NONE', *, *, #1366, .T. ) ;
#5492 = ORIENTED_EDGE ( 'NONE', *, *, #7243, .F. ) ;
#5493 = CARTESIAN_POINT ( 'NONE',  ( 0.000000000000000000, 0.000000000000000000, 0.000000000000000000 ) ) ;
#5494 = ORIENTED_EDGE ( 'NONE', *, *, #7475, .F. ) ;
#5495 = FACE_OUTER_BOUND ( 'NONE', #5404, .T. ) ;
#5496 = CARTESIAN_POINT ( 'NONE',  ( -125.0000000000000000, 21.83148461058267742, -115.0619018650268686 ) ) ;
#5497 = PLANE ( 'NONE',  #5821 ) ;
#5498 = DIRECTION ( 'NONE',  ( 0.000000000000000000, -0.1643989873256521406, 0.9863939238287613431 ) ) ;
#5499 = CARTESIAN_POINT ( 'NONE',  ( 125.0000000000000000, -0.009999999803049450589, -120.0000000001187033 ) ) ;
#5500 = ADVANCED_FACE ( 'NONE', ( #5550 ), #5376, .T. ) ;
#5501 = VERTEX_POINT ( 'NONE', #334 ) ;
#5502 = ORIENTED_EDGE ( 'NONE', *, *, #4683, .T. ) ;
#5503 = VERTEX_POINT ( 'NONE', #4988 ) ;
#5504 = LINE ( 'NONE', #4862, #6436 ) ;
#5505 = ORIENTED_EDGE ( 'NONE', *, *, #6482, .T. ) ;
#5506 = LINE ( 'NONE', #4376, #7062 ) ;
#5507 = LINE ( 'NONE', #4301, #5642 ) ;
#5508 = FACE_OUTER_BOUND ( 'NONE', #1064, .T. ) ;
#5509 = EDGE_CURVE ( 'NONE', #4863, #2645, #6788, .T. ) ;
#5510 = EDGE_CURVE ( 'NONE', #604, #2808, #2658, .T. ) ;
#5511 = ORIENTED_EDGE ( 'NONE', *, *, #5307, .T. ) ;
#5512 = VERTEX_POINT ( 'NONE', #377 ) ;
#5513 = DIRECTION ( 'NONE',  ( -1.000000000000000000, -0.000000000000000000, -0.000000000000000000 ) ) ;
#5514 = EDGE_LOOP ( 'NONE', ( #1902, #885, #5785, #6826 ) ) ;
#5515 = DIRECTION ( 'NONE',  ( -1.000000000000000000, -0.000000000000000000, -0.000000000000000000 ) ) ;
#5516 = FACE_OUTER_BOUND ( 'NONE', #1646, .T. ) ;
#5517 = EDGE_CURVE ( 'NONE', #6818, #3943, #121, .T. ) ;
#5518 = ORIENTED_EDGE ( 'NONE', *, *, #4288, .F. ) ;
#5519 = CARTESIAN_POINT ( 'NONE',  ( 125.0000000000000000, -22.00999999999659451, -117.7508710293006970 ) ) ;
#5520 = VECTOR ( 'NONE', #6585, 1000.000000000000000 ) ;
#5521 = DIRECTION ( 'NONE',  ( -1.000000000000000000, -0.000000000000000000, -0.000000000000000000 ) ) ;
#5522 = DIRECTION ( 'NONE',  ( 1.000000000000000000, 0.000000000000000000, -0.000000000000000000 ) ) ;
#5523 = CARTESIAN_POINT ( 'NONE',  ( -125.0000000000000000, 5.260000000002621690, -120.0000000000203784 ) ) ;
#5524 = ORIENTED_EDGE ( 'NONE', *, *, #7244, .F. ) ;
#5525 = VECTOR ( 'NONE', #3845, 1000.000000000000000 ) ;
#5526 = VERTEX_POINT ( 'NONE', #5601 ) ;
#5527 = ORIENTED_EDGE ( 'NONE', *, *, #551, .T. ) ;
#5529 = EDGE_CURVE ( 'NONE', #5383, #6525, #7140, .T. ) ;
#5528 = LINE ( 'NONE', #1881, #1256 ) ;
#5530 = DIRECTION ( 'NONE',  ( -1.000000000000000000, 0.000000000000000000, -0.000000000000000000 ) ) ;
#5531 = DIRECTION ( 'NONE',  ( 0.000000000000000000, 0.000000000000000000, -1.000000000000000000 ) ) ;
#5532 = PLANE ( 'NONE',  #3782 ) ;
#5533 = PLANE ( 'NONE',  #222 ) ;
#5534 = EDGE_LOOP ( 'NONE', ( #3968, #483, #4987, #5655 ) ) ;
#5535 = VERTEX_POINT ( 'NONE', #3817 ) ;
#5536 = CARTESIAN_POINT ( 'NONE',  ( -125.0000000000000000, 11.16109210080288605, 117.0000000001201670 ) ) ;
#5537 = VERTEX_POINT ( 'NONE', #2456 ) ;
#5538 = EDGE_CURVE ( 'NONE', #5911, #3142, #759, .T. ) ;
#5539 = VECTOR ( 'NONE', #1216, 1000.000000000000000 ) ;
#5540 = CARTESIAN_POINT ( 'NONE',  ( 125.0000000000000000, -21.02402215828363552, -0.7683408720460617181 ) ) ;
#5541 = CARTESIAN_POINT ( 'NONE',  ( 125.0000000000000000, 20.07061230870005275, 2.194203832673879973 ) ) ;
#5542 = FACE_OUTER_BOUND ( 'NONE', #3545, .T. ) ;
#5543 = CARTESIAN_POINT ( 'NONE',  ( 125.0000000000000000, -20.62279464491106395, 116.1291704748964690 ) ) ;
#5544 = CARTESIAN_POINT ( 'NONE',  ( -125.0000000000000000, 19.76000000000243872, -120.0846308025203655 ) ) ;
#5545 = VERTEX_POINT ( 'NONE', #4421 ) ;
#5546 = LINE ( 'NONE', #861, #208 ) ;
#5547 = ORIENTED_EDGE ( 'NONE', *, *, #5867, .T. ) ;
#5548 = EDGE_CURVE ( 'NONE', #2235, #5379, #4207, .T. ) ;
#5549 = ORIENTED_EDGE ( 'NONE', *, *, #3855, .T. ) ;
#5550 = FACE_OUTER_BOUND ( 'NONE', #6030, .T. ) ;
#5551 = AXIS2_PLACEMENT_3D ( 'NONE', #951, #870, #3297 ) ;
#5552 = AXIS2_PLACEMENT_3D ( 'NONE', #1892, #7088, #3578 ) ;
#5553 = CARTESIAN_POINT ( 'NONE',  ( -125.0000000000000000, 12.96109210099593945, -117.0000000000122782 ) ) ;
#5554 = CARTESIAN_POINT ( 'NONE',  ( 125.0000000000000000, 5.259999999809370053, 125.0000000001181490 ) ) ;
#5555 = VERTEX_POINT ( 'NONE', #4453 ) ;
#5556 = VECTOR ( 'NONE', #7454, 1000.000000000000000 ) ;
#5557 = DIRECTION ( 'NONE',  ( 1.000000000000000000, 0.000000000000000000, -0.000000000000000000 ) ) ;
#5558 = VECTOR ( 'NONE', #565, 1000.000000000000000 ) ;
#5559 = DIRECTION ( 'NONE',  ( -1.000000000000000000, -0.000000000000000000, -0.000000000000000000 ) ) ;
#5560 = EDGE_CURVE ( 'NONE', #6646, #814, #6137, .T. ) ;
#5561 = EDGE_CURVE ( 'NONE', #5300, #4318, #1336, .T. ) ;
#5562 = CARTESIAN_POINT ( 'NONE',  ( -125.0000000000000000, -22.00999999999867640, 6.218658400725107782E-12 ) ) ;
#5563 = VECTOR ( 'NONE', #830, 1000.000000000000000 ) ;
#5564 = DIRECTION ( 'NONE',  ( 0.000000000000000000, -0.000000000000000000, 1.000000000000000000 ) ) ;
#5565 = ORIENTED_EDGE ( 'NONE', *, *, #4527, .T. ) ;
#5566 = AXIS2_PLACEMENT_3D ( 'NONE', #736, #2347, #1151 ) ;
#5567 = ORIENTED_EDGE ( 'NONE', *, *, #3151, .T. ) ;
#5568 = EDGE_LOOP ( 'NONE', ( #7405, #4211, #4241, #3689 ) ) ;
#5569 = AXIS2_PLACEMENT_3D ( 'NONE', #2384, #4219, #5247 ) ;
#5570 = DIRECTION ( 'NONE',  ( -1.000000000000000000, -0.000000000000000000, -0.000000000000000000 ) ) ;
#5571 = ORIENTED_EDGE ( 'NONE', *, *, #1603, .T. ) ;
#5572 = PLANE ( 'NONE',  #6750 ) ;
#5573 = DIRECTION ( 'NONE',  ( -1.000000000000000000, -0.000000000000000000, -0.000000000000000000 ) ) ;
#5574 = PRODUCT_DEFINITION_FORMATION_WITH_SPECIFIED_SOURCE ( '任何', '', #1780, .NOT_KNOWN. ) ;
#5575 = CARTESIAN_POINT ( 'NONE',  ( 125.0000000000000000, 9.260000000002598597, -120.0000000000203784 ) ) ;
#5576 = VECTOR ( 'NONE', #945, 1000.000000000000000 ) ;
#5577 = DIRECTION ( 'NONE',  ( 0.000000000000000000, 0.000000000000000000, 1.000000000000000000 ) ) ;
#5578 = AXIS2_PLACEMENT_3D ( 'NONE', #85, #5276, #7080 ) ;
#5579 = CARTESIAN_POINT ( 'NONE',  ( -125.0000000000000000, -20.76626570359968227, -0.7180703308241480620 ) ) ;
#5580 = EDGE_LOOP ( 'NONE', ( #2301, #1936, #6387, #772 ) ) ;
#5581 = EDGE_LOOP ( 'NONE', ( #1604, #7538, #4875, #4289 ) ) ;
#5582 = LINE ( 'NONE', #6626, #4839 ) ;
#5583 = CIRCLE ( 'NONE', #6202, 1.000000000000111910 ) ;
#5584 = AXIS2_PLACEMENT_3D ( 'NONE', #7548, #5165, #1735 ) ;
#5585 = VECTOR ( 'NONE', #3967, 1000.000000000000000 ) ;
#5586 = ORIENTED_EDGE ( 'NONE', *, *, #2953, .F. ) ;
#5587 = DIRECTION ( 'NONE',  ( 0.000000000000000000, -0.000000000000000000, 1.000000000000000000 ) ) ;
#5588 = CARTESIAN_POINT ( 'NONE',  ( 125.0000000000000000, -20.62279464491106395, 116.1291704748964690 ) ) ;
#5589 = DIRECTION ( 'NONE',  ( -1.000000000000000000, -0.000000000000000000, -0.000000000000000000 ) ) ;
#5590 = DIRECTION ( 'NONE',  ( 0.000000000000000000, -0.4999999999998122058, 0.8660254037845470654 ) ) ;
#5591 = CARTESIAN_POINT ( 'NONE',  ( -125.0000000000000000, -20.76950934113235903, -116.3469784522515909 ) ) ;
#5592 = VECTOR ( 'NONE', #3316, 1000.000000000000000 ) ;
#5593 = VECTOR ( 'NONE', #5749, 1000.000000000000000 ) ;
#5594 = EDGE_CURVE ( 'NONE', #1340, #7331, #1667, .T. ) ;
#5595 = ORIENTED_EDGE ( 'NONE', *, *, #600, .F. ) ;
#5596 = VERTEX_POINT ( 'NONE', #185 ) ;
#5597 = DIRECTION ( 'NONE',  ( -1.000000000000000000, -0.000000000000000000, -0.000000000000000000 ) ) ;
#5598 = ORIENTED_EDGE ( 'NONE', *, *, #1523, .T. ) ;
#5599 = AXIS2_PLACEMENT_3D ( 'NONE', #5261, #6235, #916 ) ;
#5600 = DIRECTION ( 'NONE',  ( -1.000000000000000000, -0.000000000000000000, -0.000000000000000000 ) ) ;
#5601 = CARTESIAN_POINT ( 'NONE',  ( -125.0000000000000000, 22.01000000000425416, 3.000000000001260769 ) ) ;
#5602 = CARTESIAN_POINT ( 'NONE',  ( 125.0000000000000000, -0.009999999803049450589, -118.5000000001186464 ) ) ;
#5603 = EDGE_CURVE ( 'NONE', #7281, #6377, #7366, .T. ) ;
#5604 = VERTEX_POINT ( 'NONE', #2488 ) ;
#5605 = DIRECTION ( 'NONE',  ( 0.000000000000000000, -1.000000000000000000, 0.000000000000000000 ) ) ;
#5606 = CARTESIAN_POINT ( 'NONE',  ( -125.0000000000000000, -24.00999999999702439, 4.472135955000594798 ) ) ;
#5607 = CARTESIAN_POINT ( 'NONE',  ( 125.0000000000000000, -20.14637033074608752, 2.350932677869905341 ) ) ;
#5608 = CARTESIAN_POINT ( 'NONE',  ( -125.0000000000000000, 2.990000000196953334, -116.0000000001187033 ) ) ;
#5609 = EDGE_CURVE ( 'NONE', #6782, #5059, #2095, .T. ) ;
#5610 = EDGE_CURVE ( 'NONE', #7123, #5001, #3675, .T. ) ;
#5611 = EDGE_LOOP ( 'NONE', ( #2002, #2878, #1980, #2013 ) ) ;
#5612 = VERTEX_POINT ( 'NONE', #684 ) ;
#5613 = VERTEX_POINT ( 'NONE', #3036 ) ;
#5614 = PRESENTATION_STYLE_ASSIGNMENT (( #5073 ) ) ;
#5615 = ORIENTED_EDGE ( 'NONE', *, *, #4341, .T. ) ;
#5616 = CARTESIAN_POINT ( 'NONE',  ( -125.0000000000000000, 23.75999999980919242, 120.0846308026180367 ) ) ;
#5617 = DIRECTION ( 'NONE',  ( 0.000000000000000000, -1.000000000000000000, 0.000000000000000000 ) ) ;
#5618 = PLANE ( 'NONE',  #5717 ) ;
#5619 = DIRECTION ( 'NONE',  ( 0.000000000000000000, -1.000000000000000000, 0.000000000000000000 ) ) ;
#5620 = ORIENTED_EDGE ( 'NONE', *, *, #6267, .T. ) ;
#5621 = VERTEX_POINT ( 'NONE', #7104 ) ;
#5622 = CARTESIAN_POINT ( 'NONE',  ( -125.0000000000000000, 5.260000000002621690, -125.0000000000202931 ) ) ;
#5623 = ORIENTED_EDGE ( 'NONE', *, *, #3571, .F. ) ;
#5624 = DIRECTION ( 'NONE',  ( -1.000000000000000000, -0.000000000000000000, -0.000000000000000000 ) ) ;
#5625 = LINE ( 'NONE', #1041, #111 ) ;
#5626 = DIRECTION ( 'NONE',  ( -1.000000000000000000, -0.000000000000000000, -0.000000000000000000 ) ) ;
#5627 = ORIENTED_EDGE ( 'NONE', *, *, #5299, .T. ) ;
#5628 = CARTESIAN_POINT ( 'NONE',  ( 125.0000000000000000, -9.361092100796657434, -117.0000000001185896 ) ) ;
#5629 = ORIENTED_EDGE ( 'NONE', *, *, #6768, .F. ) ;
#5630 = DIRECTION ( 'NONE',  ( 0.000000000000000000, 0.000000000000000000, 1.000000000000000000 ) ) ;
#5632 = EDGE_CURVE ( 'NONE', #3533, #6995, #7183, .T. ) ;
#5631 = CARTESIAN_POINT ( 'NONE',  ( -125.0000000000000000, 9.260000000002598597, -125.0000000000202931 ) ) ;
#5633 = EDGE_CURVE ( 'NONE', #7200, #7058, #1917, .T. ) ;
#5634 = DIRECTION ( 'NONE',  ( 0.000000000000000000, 1.000000000000000000, 0.000000000000000000 ) ) ;
#5635 = ORIENTED_EDGE ( 'NONE', *, *, #491, .T. ) ;
#5636 = CARTESIAN_POINT ( 'NONE',  ( 125.0000000000000000, 20.17061230870606181, -1.061970978716023417 ) ) ;
#5637 = EDGE_CURVE ( 'NONE', #2495, #3912, #4898, .T. ) ;
#5638 = DIRECTION ( 'NONE',  ( -1.000000000000000000, -0.000000000000000000, -0.000000000000000000 ) ) ;
#5639 = CARTESIAN_POINT ( 'NONE',  ( 125.0000000000000000, -22.50999999999672596, 4.472135955000594798 ) ) ;
#5640 = CARTESIAN_POINT ( 'NONE',  ( 125.0000000000000000, 2.010000000002646559, -120.0000000000203784 ) ) ;
#5641 = VERTEX_POINT ( 'NONE', #4976 ) ;
#5642 = VECTOR ( 'NONE', #3202, 1000.000000000000000 ) ;
#5643 = VERTEX_POINT ( 'NONE', #7327 ) ;
#5644 = ORIENTED_EDGE ( 'NONE', *, *, #4135, .T. ) ;
#5645 =( NAMED_UNIT ( * ) PLANE_ANGLE_UNIT ( ) SI_UNIT ( $, .RADIAN. ) );
#5646 = ORIENTED_EDGE ( 'NONE', *, *, #5965, .T. ) ;
#5647 = CARTESIAN_POINT ( 'NONE',  ( 125.0000000000000000, -9.259999999866504794, 125.0000000002088001 ) ) ;
#5648 = EDGE_CURVE ( 'NONE', #6278, #3765, #3812, .T. ) ;
#5649 = EDGE_CURVE ( 'NONE', #2934, #5748, #4331, .T. ) ;
#5650 = DIRECTION ( 'NONE',  ( 0.000000000000000000, 0.000000000000000000, -1.000000000000000000 ) ) ;
#5651 = LINE ( 'NONE', #6310, #1572 ) ;
#5652 = ORIENTED_EDGE ( 'NONE', *, *, #3330, .F. ) ;
#5653 = ORIENTED_EDGE ( 'NONE', *, *, #1012, .T. ) ;
#5654 = DIRECTION ( 'NONE',  ( 0.000000000000000000, 0.000000000000000000, 1.000000000000000000 ) ) ;
#5655 = ORIENTED_EDGE ( 'NONE', *, *, #4155, .T. ) ;
#5656 = ADVANCED_FACE ( 'NONE', ( #6662 ), #6095, .F. ) ;
#5657 = DIRECTION ( 'NONE',  ( 0.000000000000000000, 0.000000000000000000, 1.000000000000000000 ) ) ;
#5658 = DIRECTION ( 'NONE',  ( 0.000000000000000000, 1.000000000000000000, 0.000000000000000000 ) ) ;
#5659 = CARTESIAN_POINT ( 'NONE',  ( 125.0000000000000000, 20.86626570361147870, -0.8912754115804355504 ) ) ;
#5660 = VERTEX_POINT ( 'NONE', #4933 ) ;
#5661 = CARTESIAN_POINT ( 'NONE',  ( 125.0000000000000000, 12.96109210099593945, -115.0000000000060538 ) ) ;
#5662 = CARTESIAN_POINT ( 'NONE',  ( -125.0000000000000000, 24.01000000000296453, -4.472135955002962682 ) ) ;
#5663 = ORIENTED_EDGE ( 'NONE', *, *, #625, .F. ) ;
#5664 = DIRECTION ( 'NONE',  ( 0.000000000000000000, 0.000000000000000000, -1.000000000000000000 ) ) ;
#5665 = FACE_OUTER_BOUND ( 'NONE', #6484, .T. ) ;
#5666 = PRESENTATION_STYLE_ASSIGNMENT (( #3932 ) ) ;
#5667 = ORIENTED_EDGE ( 'NONE', *, *, #3970, .T. ) ;
#5668 = VECTOR ( 'NONE', #6903, 1000.000000000000000 ) ;
#5669 = ADVANCED_FACE ( 'NONE', ( #1462 ), #927, .F. ) ;
#5670 = DIRECTION ( 'NONE',  ( 0.000000000000000000, 0.000000000000000000, 1.000000000000000000 ) ) ;
#5671 = VECTOR ( 'NONE', #5758, 1000.000000000000000 ) ;
#5672 = VECTOR ( 'NONE', #914, 1000.000000000000000 ) ;
#5673 = CARTESIAN_POINT ( 'NONE',  ( 125.0000000000000000, 3.210000000002597442, -118.1694254176205021 ) ) ;
#5674 = CARTESIAN_POINT ( 'NONE',  ( -125.0000000000000000, -12.50999999986642486, 120.0846308027086593 ) ) ;
#5675 = LINE ( 'NONE', #3791, #3492 ) ;
#5676 = VERTEX_POINT ( 'NONE', #6129 ) ;
#5677 = AXIS2_PLACEMENT_3D ( 'NONE', #3586, #4765, #1786 ) ;
#5678 = ORIENTED_EDGE ( 'NONE', *, *, #409, .F. ) ;
#5679 = EDGE_CURVE ( 'NONE', #486, #6818, #6775, .T. ) ;
#5680 = ORIENTED_EDGE ( 'NONE', *, *, #663, .F. ) ;
#5681 = PLANE ( 'NONE',  #1326 ) ;
#5682 = VERTEX_POINT ( 'NONE', #5013 ) ;
#5683 = PLANE ( 'NONE',  #6751 ) ;
#5684 = LINE ( 'NONE', #6349, #1407 ) ;
#5685 = DIRECTION ( 'NONE',  ( 1.000000000000000000, 0.000000000000000000, 0.000000000000000000 ) ) ;
#5686 = AXIS2_PLACEMENT_3D ( 'NONE', #1270, #1819, #5391 ) ;
#5687 = DIRECTION ( 'NONE',  ( -1.000000000000000000, -0.000000000000000000, -0.000000000000000000 ) ) ;
#5688 = ORIENTED_EDGE ( 'NONE', *, *, #4527, .F. ) ;
#5689 = ADVANCED_FACE ( 'NONE', ( #3727 ), #1539, .F. ) ;
#5690 = ADVANCED_FACE ( 'NONE', ( #5431 ), #2558, .F. ) ;
#5691 = ORIENTED_EDGE ( 'NONE', *, *, #7335, .T. ) ;
#5692 = CYLINDRICAL_SURFACE ( 'NONE', #4122, 1.250000000000015099 ) ;
#5693 = ORIENTED_EDGE ( 'NONE', *, *, #4724, .F. ) ;
#5694 = VECTOR ( 'NONE', #3834, 1000.000000000000000 ) ;
#5695 = AXIS2_PLACEMENT_3D ( 'NONE', #7036, #1809, #4151 ) ;
#5696 = DIRECTION ( 'NONE',  ( -1.000000000000000000, -0.000000000000000000, -0.000000000000000000 ) ) ;
#5697 = DIRECTION ( 'NONE',  ( -1.000000000000000000, -0.000000000000000000, -0.000000000000000000 ) ) ;
#5698 = DIRECTION ( 'NONE',  ( 1.000000000000000000, 0.000000000000000000, 0.000000000000000000 ) ) ;
#5699 = DIRECTION ( 'NONE',  ( 1.000000000000000000, 0.000000000000000000, 0.000000000000000000 ) ) ;
#5700 = CIRCLE ( 'NONE', #3047, 0.1999999998511803323 ) ;
#5701 = VECTOR ( 'NONE', #5337, 1000.000000000000000 ) ;
#5702 = EDGE_CURVE ( 'NONE', #4474, #2811, #2594, .T. ) ;
#5703 = ADVANCED_FACE ( 'NONE', ( #7237 ), #547, .T. ) ;
#5704 = VERTEX_POINT ( 'NONE', #1040 ) ;
#5705 = AXIS2_PLACEMENT_3D ( 'NONE', #5321, #101, #4197 ) ;
#5706 = VECTOR ( 'NONE', #549, 1000.000000000000114 ) ;
#5707 = AXIS2_PLACEMENT_3D ( 'NONE', #3482, #1108, #2300 ) ;
#5708 = CARTESIAN_POINT ( 'NONE',  ( 125.0000000000000000, 20.76626570360521740, 0.7180703308240182769 ) ) ;
#5709 = DIRECTION ( 'NONE',  ( 0.000000000000000000, -0.4999999999999998890, -0.8660254037844387076 ) ) ;
#5710 = ORIENTED_EDGE ( 'NONE', *, *, #2816, .F. ) ;
#5711 = DIRECTION ( 'NONE',  ( 1.000000000000000000, 0.000000000000000000, 0.000000000000000000 ) ) ;
#5712 = DIRECTION ( 'NONE',  ( 1.000000000000000000, 0.000000000000000000, 0.000000000000000000 ) ) ;
#5713 = CIRCLE ( 'NONE', #6697, 3.000000000007561507 ) ;
#5714 = VECTOR ( 'NONE', #6978, 1000.000000000000000 ) ;
#5715 = VERTEX_POINT ( 'NONE', #6320 ) ;
#5716 = LINE ( 'NONE', #6405, #2799 ) ;
#5717 = AXIS2_PLACEMENT_3D ( 'NONE', #5836, #4091, #610 ) ;
#5718 = DIRECTION ( 'NONE',  ( -1.000000000000000000, -0.000000000000000000, -0.000000000000000000 ) ) ;
#5719 = EDGE_CURVE ( 'NONE', #2830, #6968, #3315, .T. ) ;
#5720 = AXIS2_PLACEMENT_3D ( 'NONE', #3736, #4340, #1471 ) ;
#5721 = DIRECTION ( 'NONE',  ( -1.000000000000000000, -0.000000000000000000, -0.000000000000000000 ) ) ;
#5722 = EDGE_LOOP ( 'NONE', ( #3804, #5031, #3116, #234 ) ) ;
#5723 = ORIENTED_EDGE ( 'NONE', *, *, #5752, .T. ) ;
#5724 = ORIENTED_EDGE ( 'NONE', *, *, #989, .F. ) ;
#5725 = LINE ( 'NONE', #1793, #2801 ) ;
#5726 = ORIENTED_EDGE ( 'NONE', *, *, #3570, .T. ) ;
#5727 = FACE_OUTER_BOUND ( 'NONE', #2473, .T. ) ;
#5728 = DIRECTION ( 'NONE',  ( 0.000000000000000000, 1.000000000000000000, 0.000000000000000000 ) ) ;
#5729 = EDGE_CURVE ( 'NONE', #215, #179, #1088, .T. ) ;
#5730 = DIRECTION ( 'NONE',  ( 0.000000000000000000, 0.000000000000000000, -1.000000000000000000 ) ) ;
#5731 = EDGE_CURVE ( 'NONE', #542, #5537, #434, .T. ) ;
#5732 = CARTESIAN_POINT ( 'NONE',  ( 125.0000000000000000, -3.209999999866421927, 118.1694254178079149 ) ) ;
#5733 = DIRECTION ( 'NONE',  ( -0.000000000000000000, 1.000000000000000000, 0.000000000000000000 ) ) ;
#5734 = CARTESIAN_POINT ( 'NONE',  ( -125.0000000000000000, -20.86626570360927602, -0.6912754115764879748 ) ) ;
#5735 = APPLICATION_CONTEXT ( 'automotive_design' ) ;
#5736 = ORIENTED_EDGE ( 'NONE', *, *, #550, .T. ) ;
#5737 = VERTEX_POINT ( 'NONE', #6821 ) ;
#5738 = VERTEX_POINT ( 'NONE', #513 ) ;
#5739 = LINE ( 'NONE', #5197, #3513 ) ;
#5740 = ORIENTED_EDGE ( 'NONE', *, *, #6736, .T. ) ;
#5741 = DIRECTION ( 'NONE',  ( -1.000000000000000000, -0.000000000000000000, -0.000000000000000000 ) ) ;
#5742 = EDGE_CURVE ( 'NONE', #5621, #1148, #4523, .T. ) ;
#5743 = CARTESIAN_POINT ( 'NONE',  ( 125.0000000000000000, 20.07061230870587920, -2.194203832674285426 ) ) ;
#5744 = CARTESIAN_POINT ( 'NONE',  ( 125.0000000000000000, -24.00999999999712387, -114.0436091504067946 ) ) ;
#5745 = ORIENTED_EDGE ( 'NONE', *, *, #7243, .T. ) ;
#5746 = DIRECTION ( 'NONE',  ( 0.000000000000000000, -1.000000000000000000, 0.000000000000000000 ) ) ;
#5747 = CARTESIAN_POINT ( 'NONE',  ( 125.0000000000000000, -20.17061230869321875, -1.061970978717108327 ) ) ;
#5748 = VERTEX_POINT ( 'NONE', #3956 ) ;
#5749 = DIRECTION ( 'NONE',  ( 0.000000000000000000, -0.9659258262884315993, 0.2588190451048969498 ) ) ;
#5750 = DIRECTION ( 'NONE',  ( 0.000000000000000000, 0.000000000000000000, -1.000000000000000000 ) ) ;
#5751 = EDGE_CURVE ( 'NONE', #4326, #2205, #2744, .T. ) ;
#5752 = EDGE_CURVE ( 'NONE', #190, #7109, #5050, .T. ) ;
#5753 = DIRECTION ( 'NONE',  ( 0.000000000000000000, 0.000000000000000000, -1.000000000000000000 ) ) ;
#5754 = ORIENTED_EDGE ( 'NONE', *, *, #2991, .T. ) ;
#5755 = DIRECTION ( 'NONE',  ( 1.000000000000000000, 0.000000000000000000, 0.000000000000000000 ) ) ;
#5756 = EDGE_CURVE ( 'NONE', #4595, #6312, #1702, .T. ) ;
#5757 = DIRECTION ( 'NONE',  ( -0.000000000000000000, 1.000000000000000000, 0.000000000000000000 ) ) ;
#5758 = DIRECTION ( 'NONE',  ( 0.000000000000000000, -0.9863939238321348668, 0.1643989873054105544 ) ) ;
#5759 = VERTEX_POINT ( 'NONE', #7471 ) ;
#5760 = EDGE_LOOP ( 'NONE', ( #5402, #874, #2839, #5454 ) ) ;
#5761 = ORIENTED_EDGE ( 'NONE', *, *, #5881, .F. ) ;
#5762 = DIRECTION ( 'NONE',  ( -0.000000000000000000, 1.000000000000000000, 0.000000000000000000 ) ) ;
#5763 = VERTEX_POINT ( 'NONE', #2237 ) ;
#5764 = CARTESIAN_POINT ( 'NONE',  ( 125.0000000000000000, -21.63829944539978101, -115.1136656743442614 ) ) ;
#5765 = DIRECTION ( 'NONE',  ( -1.000000000000000000, -0.000000000000000000, -0.000000000000000000 ) ) ;
#5766 = CIRCLE ( 'NONE', #6138, 0.9999999999999453770 ) ;
#5767 = DIRECTION ( 'NONE',  ( 0.000000000000000000, 0.000000000000000000, 1.000000000000000000 ) ) ;
#5768 = ORIENTED_EDGE ( 'NONE', *, *, #4541, .F. ) ;
#5769 = ORIENTED_EDGE ( 'NONE', *, *, #3437, .F. ) ;
#5770 = ORIENTED_EDGE ( 'NONE', *, *, #6888, .T. ) ;
#5771 = EDGE_CURVE ( 'NONE', #6929, #6996, #3883, .T. ) ;
#5772 = LINE ( 'NONE', #5622, #698 ) ;
#5773 = ORIENTED_EDGE ( 'NONE', *, *, #6830, .F. ) ;
#5774 = LINE ( 'NONE', #2894, #6566 ) ;
#5775 = LINE ( 'NONE', #2895, #3634 ) ;
#5776 = DIRECTION ( 'NONE',  ( 0.000000000000000000, -1.000000000000000000, 0.000000000000000000 ) ) ;
#5777 = CARTESIAN_POINT ( 'NONE',  ( 125.0000000000000000, 5.259999999809370053, 125.0000000001181490 ) ) ;
#5778 = ORIENTED_EDGE ( 'NONE', *, *, #3757, .F. ) ;
#5779 = EDGE_CURVE ( 'NONE', #1565, #5612, #7503, .T. ) ;
#5780 = PLANE ( 'NONE',  #930 ) ;
#5781 = FACE_OUTER_BOUND ( 'NONE', #5568, .T. ) ;
#5782 = LINE ( 'NONE', #555, #2807 ) ;
#5783 = CARTESIAN_POINT ( 'NONE',  ( 125.0000000000000000, -0.009999999803049450589, -118.5000000001186464 ) ) ;
#5784 = CARTESIAN_POINT ( 'NONE',  ( 125.0000000000000000, -9.361092100859993437, 115.0000000002078906 ) ) ;
#5785 = ORIENTED_EDGE ( 'NONE', *, *, #1489, .F. ) ;
#5786 = EDGE_CURVE ( 'NONE', #6995, #5159, #4597, .T. ) ;
#5787 = EDGE_CURVE ( 'NONE', #1189, #5872, #5775, .T. ) ;
#5788 = DIRECTION ( 'NONE',  ( 0.000000000000000000, 0.000000000000000000, -1.000000000000000000 ) ) ;
#5789 = VECTOR ( 'NONE', #3435, 1000.000000000000000 ) ;
#5790 = CARTESIAN_POINT ( 'NONE',  ( 125.0000000000000000, -21.02402215828363552, -0.7683408720460617181 ) ) ;
#5791 = DIRECTION ( 'NONE',  ( 1.000000000000000000, 0.000000000000000000, 0.000000000000000000 ) ) ;
#5792 = CARTESIAN_POINT ( 'NONE',  ( 125.0000000000000000, -21.83148461050831557, 115.2619018652094383 ) ) ;
#5793 = ORIENTED_EDGE ( 'NONE', *, *, #1603, .F. ) ;
#5794 = ORIENTED_EDGE ( 'NONE', *, *, #4637, .F. ) ;
#5795 = ADVANCED_FACE ( 'NONE', ( #7081 ), #1154, .T. ) ;
#5796 = DIRECTION ( 'NONE',  ( 0.000000000000000000, -0.000000000000000000, 1.000000000000000000 ) ) ;
#5797 = VECTOR ( 'NONE', #6833, 1000.000000000000000 ) ;
#5798 = VERTEX_POINT ( 'NONE', #3603 ) ;
#5799 = CARTESIAN_POINT ( 'NONE',  ( 125.0000000000000000, 21.63829944540634997, 115.1136656743429540 ) ) ;
#5800 = FACE_OUTER_BOUND ( 'NONE', #4744, .T. ) ;
#5801 = LINE ( 'NONE', #3416, #687 ) ;
#5802 = AXIS2_PLACEMENT_3D ( 'NONE', #4759, #58, #2391 ) ;
#5803 = LINE ( 'NONE', #5238, #3741 ) ;
#5804 = CARTESIAN_POINT ( 'NONE',  ( -125.0000000000000000, 16.81285590982428246, 115.1083004675525103 ) ) ;
#5805 = ORIENTED_EDGE ( 'NONE', *, *, #4124, .T. ) ;
#5806 = ORIENTED_EDGE ( 'NONE', *, *, #789, .T. ) ;
#5807 = EDGE_LOOP ( 'NONE', ( #191, #7303, #5139, #4985 ) ) ;
#5808 = DIRECTION ( 'NONE',  ( 0.000000000000000000, 0.000000000000000000, -1.000000000000000000 ) ) ;
#5809 = VECTOR ( 'NONE', #7073, 1000.000000000000000 ) ;
#5810 = ORIENTED_EDGE ( 'NONE', *, *, #6597, .F. ) ;
#5811 = DIRECTION ( 'NONE',  ( -1.000000000000000000, -0.000000000000000000, -0.000000000000000000 ) ) ;
#5812 = VECTOR ( 'NONE', #145, 1000.000000000000000 ) ;
#5813 = CYLINDRICAL_SURFACE ( 'NONE', #6562, 0.9999999999999176215 ) ;
#5814 = CARTESIAN_POINT ( 'NONE',  ( -125.0000000000000000, -11.16109210079665282, -115.0000000001185896 ) ) ;
#5815 = CARTESIAN_POINT ( 'NONE',  ( -125.0000000000000000, -16.56109210086011529, 117.0000000001927987 ) ) ;
#5816 = ADVANCED_FACE ( 'NONE', ( #739 ), #1849, .F. ) ;
#5817 = VECTOR ( 'NONE', #4537, 1000.000000000000000 ) ;
#5818 = ORIENTED_EDGE ( 'NONE', *, *, #1745, .F. ) ;
#5819 = LINE ( 'NONE', #5661, #2288 ) ;
#5820 = CARTESIAN_POINT ( 'NONE',  ( -125.0000000000000000, 9.259999999809346960, 125.0000000001181490 ) ) ;
#5821 = AXIS2_PLACEMENT_3D ( 'NONE', #1485, #6649, #6119 ) ;
#5822 = VECTOR ( 'NONE', #6483, 1000.000000000000000 ) ;
#5823 = LINE ( 'NONE', #4648, #2436 ) ;
#5824 = DIRECTION ( 'NONE',  ( 0.000000000000000000, -1.000000000000000000, 0.000000000000000000 ) ) ;
#5825 = LINE ( 'NONE', #2838, #5585 ) ;
#5826 = ADVANCED_FACE ( 'NONE', ( #7038 ), #3653, .F. ) ;
#5827 = VECTOR ( 'NONE', #2134, 1000.000000000000000 ) ;
#5828 = VECTOR ( 'NONE', #6208, 1000.000000000000000 ) ;
#5829 = ORIENTED_EDGE ( 'NONE', *, *, #4403, .T. ) ;
#5830 = DIRECTION ( 'NONE',  ( -1.000000000000000000, -0.000000000000000000, -0.000000000000000000 ) ) ;
#5831 = AXIS2_PLACEMENT_3D ( 'NONE', #5747, #5709, #6280 ) ;
#5832 = VECTOR ( 'NONE', #3949, 1000.000000000000114 ) ;
#5833 = MECHANICAL_DESIGN_GEOMETRIC_PRESENTATION_REPRESENTATION (  '', ( #827 ), #6692 ) ;
#5834 = FACE_OUTER_BOUND ( 'NONE', #3841, .T. ) ;
#5835 = CARTESIAN_POINT ( 'NONE',  ( -125.0000000000000000, -19.75999999986645861, -120.0846308022910591 ) ) ;
#5836 = CARTESIAN_POINT ( 'NONE',  ( 125.0000000000000000, 22.00319135037984708, 114.0436091504059135 ) ) ;
#5837 = EDGE_CURVE ( 'NONE', #521, #6613, #1733, .T. ) ;
#5838 = DIRECTION ( 'NONE',  ( 0.000000000000000000, -0.000000000000000000, 1.000000000000000000 ) ) ;
#5839 = ORIENTED_EDGE ( 'NONE', *, *, #2345, .F. ) ;
#5840 = VECTOR ( 'NONE', #3763, 1000.000000000000000 ) ;
#5841 = AXIS2_PLACEMENT_3D ( 'NONE', #3930, #5056, #2790 ) ;
#5842 = ORIENTED_EDGE ( 'NONE', *, *, #3205, .F. ) ;
#5843 = CARTESIAN_POINT ( 'NONE',  ( -125.0000000000000000, -20.07061230870002433, 1.235176059472875565 ) ) ;
#5844 = LINE ( 'NONE', #1839, #5947 ) ;
#5845 = AXIS2_PLACEMENT_3D ( 'NONE', #3870, #3372, #1173 ) ;
#5846 = CARTESIAN_POINT ( 'NONE',  ( -125.0000000000000000, 23.75999999999983814, -124.9999999998809841 ) ) ;
#5847 = ADVANCED_FACE ( 'NONE', ( #3573 ), #5813, .T. ) ;
#5848 = EDGE_CURVE ( 'NONE', #1878, #3262, #2975, .T. ) ;
#5849 = ORIENTED_EDGE ( 'NONE', *, *, #256, .T. ) ;
#5850 = ORIENTED_EDGE ( 'NONE', *, *, #2979, .T. ) ;
#5851 = ORIENTED_EDGE ( 'NONE', *, *, #3597, .T. ) ;
#5852 = DIRECTION ( 'NONE',  ( -1.000000000000000000, -0.000000000000000000, -0.000000000000000000 ) ) ;
#5853 = VERTEX_POINT ( 'NONE', #3054 ) ;
#5854 = CARTESIAN_POINT ( 'NONE',  ( 125.0000000000000000, -9.361092100859993437, 117.0000000002087859 ) ) ;
#5855 = FACE_OUTER_BOUND ( 'NONE', #2624, .T. ) ;
#5856 = CARTESIAN_POINT ( 'NONE',  ( 125.0000000000000000, -16.50999999986631650, 125.0000000002088001 ) ) ;
#5857 = CARTESIAN_POINT ( 'NONE',  ( -125.0000000000000000, -22.00319135037375418, 114.5436091504054019 ) ) ;
#5858 = VERTEX_POINT ( 'NONE', #1885 ) ;
#5859 = DIRECTION ( 'NONE',  ( -1.000000000000000000, -0.000000000000000000, -0.000000000000000000 ) ) ;
#5860 = DIRECTION ( 'NONE',  ( -1.000000000000000000, -0.000000000000000000, -0.000000000000000000 ) ) ;
#5861 = DIRECTION ( 'NONE',  ( 0.000000000000000000, -1.000000000000000000, 0.000000000000000000 ) ) ;
#5862 = DIRECTION ( 'NONE',  ( -1.000000000000000000, -0.000000000000000000, -0.000000000000000000 ) ) ;
#5863 = DIRECTION ( 'NONE',  ( 0.000000000000000000, 0.000000000000000000, 1.000000000000000000 ) ) ;
#5864 = VERTEX_POINT ( 'NONE', #6472 ) ;
#5865 = CARTESIAN_POINT ( 'NONE',  ( 125.0000000000000000, -19.75999999986645861, -124.9999999997909725 ) ) ;
#5866 = EDGE_CURVE ( 'NONE', #7110, #2235, #6394, .T. ) ;
#5867 = EDGE_CURVE ( 'NONE', #1472, #891, #659, .T. ) ;
#5868 = CARTESIAN_POINT ( 'NONE',  ( 125.0000000000000000, 22.51000000000263768, -4.472135955002962682 ) ) ;
#5869 = CARTESIAN_POINT ( 'NONE',  ( -125.0000000000000000, 16.51000000000246359, -120.0846308025203655 ) ) ;
#5870 = CARTESIAN_POINT ( 'NONE',  ( -125.0000000000000000, -22.00319135037373286, -114.5436091504065814 ) ) ;
#5871 = ORIENTED_EDGE ( 'NONE', *, *, #5181, .T. ) ;
#5872 = VERTEX_POINT ( 'NONE', #2500 ) ;
#5873 = CARTESIAN_POINT ( 'NONE',  ( 125.0000000000000000, 16.56109210080340333, 117.0000000001212754 ) ) ;
#5874 = EDGE_CURVE ( 'NONE', #2103, #2585, #5277, .T. ) ;
#5875 = PLANE ( 'NONE',  #5154 ) ;
#5876 = CARTESIAN_POINT ( 'NONE',  ( -125.0000000000000000, 26.00999999980916755, 124.0000000001180496 ) ) ;
#5877 = ORIENTED_EDGE ( 'NONE', *, *, #5046, .T. ) ;
#5878 = ORIENTED_EDGE ( 'NONE', *, *, #1342, .T. ) ;
#5879 = VERTEX_POINT ( 'NONE', #4707 ) ;
#5880 = ADVANCED_FACE ( 'NONE', ( #6541 ), #5385, .T. ) ;
#5881 = EDGE_CURVE ( 'NONE', #4478, #6029, #943, .T. ) ;
#5882 = FACE_OUTER_BOUND ( 'NONE', #1105, .T. ) ;
#5883 = ORIENTED_EDGE ( 'NONE', *, *, #851, .T. ) ;
#5884 = CARTESIAN_POINT ( 'NONE',  ( 125.0000000000000000, -12.96109210079664997, -117.0000000001194849 ) ) ;
#5885 = CARTESIAN_POINT ( 'NONE',  ( 125.0000000000000000, 20.27061230870594954, -1.235176059473059196 ) ) ;
#5886 = DIRECTION ( 'NONE',  ( -1.000000000000000000, -0.000000000000000000, -0.000000000000000000 ) ) ;
#5887 = VERTEX_POINT ( 'NONE', #2466 ) ;
#5888 = VECTOR ( 'NONE', #6011, 1000.000000000000000 ) ;
#5889 = EDGE_CURVE ( 'NONE', #3225, #5911, #4108, .T. ) ;
#5890 = CARTESIAN_POINT ( 'NONE',  ( 125.0000000000000000, -14.76109210086011991, 117.0000000001927987 ) ) ;
#5891 = CARTESIAN_POINT ( 'NONE',  ( -125.0000000000000000, -12.96109210085998598, 117.0000000002019078 ) ) ;
#5892 = CARTESIAN_POINT ( 'NONE',  ( -125.0000000000000000, -12.96109210079664997, -117.0000000001194849 ) ) ;
#5893 = FACE_OUTER_BOUND ( 'NONE', #83, .T. ) ;
#5894 = DIRECTION ( 'NONE',  ( 0.000000000000000000, -0.9659258262884315993, 0.2588190451048969498 ) ) ;
#5895 = LINE ( 'NONE', #3018, #104 ) ;
#5896 = PLANE ( 'NONE',  #4842 ) ;
#5897 = ORIENTED_EDGE ( 'NONE', *, *, #785, .F. ) ;
#5898 = DIRECTION ( 'NONE',  ( 1.000000000000000000, 0.000000000000000000, 0.000000000000000000 ) ) ;
#5899 = DIRECTION ( 'NONE',  ( 0.000000000000000000, 1.000000000000000000, 0.000000000000000000 ) ) ;
#5900 = CARTESIAN_POINT ( 'NONE',  ( 125.0000000000000000, -20.27061230869355057, -1.235176059473699128 ) ) ;
#5901 = CARTESIAN_POINT ( 'NONE',  ( 125.0000000000000000, 16.51000000000246359, -125.0000000000202931 ) ) ;
#5902 = EDGE_CURVE ( 'NONE', #7155, #3420, #3760, .T. ) ;
#5903 = VERTEX_POINT ( 'NONE', #4815 ) ;
#5904 = ORIENTED_EDGE ( 'NONE', *, *, #2782, .T. ) ;
#5905 = DIRECTION ( 'NONE',  ( 0.000000000000000000, -1.000000000000000000, 0.000000000000000000 ) ) ;
#5906 = AXIS2_PLACEMENT_3D ( 'NONE', #4063, #3709, #1989 ) ;
#5907 = CARTESIAN_POINT ( 'NONE',  ( 125.0000000000000000, -16.76109210079674838, -115.1014856328115741 ) ) ;
#5908 = DIRECTION ( 'NONE',  ( 0.000000000000000000, 0.000000000000000000, -1.000000000000000000 ) ) ;
#5909 = DIRECTION ( 'NONE',  ( 1.000000000000000000, 0.000000000000000000, -0.000000000000000000 ) ) ;
#5910 = ORIENTED_EDGE ( 'NONE', *, *, #224, .F. ) ;
#5911 = VERTEX_POINT ( 'NONE', #3494 ) ;
#5912 = VERTEX_POINT ( 'NONE', #2350 ) ;
#5913 = VECTOR ( 'NONE', #7324, 1000.000000000000000 ) ;
#5914 = CARTESIAN_POINT ( 'NONE',  ( 125.0000000000000000, -19.75999999986645861, -124.9999999997909725 ) ) ;
#5915 = ORIENTED_EDGE ( 'NONE', *, *, #4494, .T. ) ;
#5916 = VECTOR ( 'NONE', #2760, 1000.000000000000114 ) ;
#5917 = DIRECTION ( 'NONE',  ( -1.000000000000000000, -0.000000000000000000, -0.000000000000000000 ) ) ;
#5918 = CIRCLE ( 'NONE', #4232, 0.1999999998511803323 ) ;
#5919 = DIRECTION ( 'NONE',  ( 0.000000000000000000, 0.000000000000000000, 1.000000000000000000 ) ) ;
#5920 = DIRECTION ( 'NONE',  ( 0.000000000000000000, 1.000000000000000000, 0.000000000000000000 ) ) ;
#5921 = DIRECTION ( 'NONE',  ( 1.000000000000000000, 0.000000000000000000, 0.000000000000000000 ) ) ;
#5922 = EDGE_CURVE ( 'NONE', #5763, #7200, #7002, .T. ) ;
#5923 = AXIS2_PLACEMENT_3D ( 'NONE', #3528, #7216, #229 ) ;
#5924 = VERTEX_POINT ( 'NONE', #3541 ) ;
#5925 = VECTOR ( 'NONE', #1620, 1000.000000000000000 ) ;
#5926 = DIRECTION ( 'NONE',  ( 0.000000000000000000, 0.000000000000000000, 1.000000000000000000 ) ) ;
#5927 = DIRECTION ( 'NONE',  ( 0.000000000000000000, 0.000000000000000000, -1.000000000000000000 ) ) ;
#5928 = ORIENTED_EDGE ( 'NONE', *, *, #2337, .T. ) ;
#5929 = FACE_OUTER_BOUND ( 'NONE', #5149, .T. ) ;
#5930 = DIRECTION ( 'NONE',  ( 0.000000000000000000, 0.000000000000000000, -1.000000000000000000 ) ) ;
#5931 = AXIS2_PLACEMENT_3D ( 'NONE', #7206, #323, #1423 ) ;
#5932 = PLANE ( 'NONE',  #1529 ) ;
#5933 = VECTOR ( 'NONE', #1629, 1000.000000000000000 ) ;
#5934 = DIRECTION ( 'NONE',  ( 0.000000000000000000, -1.000000000000000000, 0.000000000000000000 ) ) ;
#5935 = ADVANCED_FACE ( 'NONE', ( #5855 ), #4962, .F. ) ;
#5936 = EDGE_CURVE ( 'NONE', #2830, #3210, #1966, .T. ) ;
#5937 = CIRCLE ( 'NONE', #5566, 0.2000000000000722866 ) ;
#5938 = ORIENTED_EDGE ( 'NONE', *, *, #6027, .T. ) ;
#5939 = VECTOR ( 'NONE', #2817, 1000.000000000000000 ) ;
#5940 = DIRECTION ( 'NONE',  ( -1.000000000000000000, -0.000000000000000000, -0.000000000000000000 ) ) ;
#5941 = VERTEX_POINT ( 'NONE', #768 ) ;
#5942 = VECTOR ( 'NONE', #1328, 1000.000000000000000 ) ;
#5943 = DIRECTION ( 'NONE',  ( 0.000000000000000000, 0.000000000000000000, 1.000000000000000000 ) ) ;
#5944 = CIRCLE ( 'NONE', #2419, 0.1999999999998530731 ) ;
#5945 = DIRECTION ( 'NONE',  ( 1.000000000000000000, 0.000000000000000000, 0.000000000000000000 ) ) ;
#5946 = ORIENTED_EDGE ( 'NONE', *, *, #5881, .T. ) ;
#5947 = VECTOR ( 'NONE', #615, 1000.000000000000000 ) ;
#5948 = CIRCLE ( 'NONE', #1688, 1.250000000007643886 ) ;
#5949 = VECTOR ( 'NONE', #2780, 1000.000000000000000 ) ;
#5950 =( GEOMETRIC_REPRESENTATION_CONTEXT ( 3 ) GLOBAL_UNCERTAINTY_ASSIGNED_CONTEXT ( ( #5989 ) ) GLOBAL_UNIT_ASSIGNED_CONTEXT ( ( #2248, #3396, #4007 ) ) REPRESENTATION_CONTEXT ( 'NONE', 'WORKASPACE' ) );
#5952 = ADVANCED_FACE ( 'NONE', ( #6084 ), #6730, .F. ) ;
#5951 = DIRECTION ( 'NONE',  ( 0.000000000000000000, 0.000000000000000000, -1.000000000000000000 ) ) ;
#5953 = CARTESIAN_POINT ( 'NONE',  ( 125.0000000000000000, -23.75999999986629518, 125.0000000002088001 ) ) ;
#5954 = VECTOR ( 'NONE', #1725, 1000.000000000000000 ) ;
#5955 = LINE ( 'NONE', #732, #3984 ) ;
#5956 = VECTOR ( 'NONE', #5359, 1000.000000000000000 ) ;
#5957 = EDGE_LOOP ( 'NONE', ( #366, #5897, #2999, #6963 ) ) ;
#5958 = ORIENTED_EDGE ( 'NONE', *, *, #3329, .F. ) ;
#5959 = ORIENTED_EDGE ( 'NONE', *, *, #1460, .F. ) ;
#5960 = CARTESIAN_POINT ( 'NONE',  ( -125.0000000000000000, -9.361092100859993437, 117.0000000002087859 ) ) ;
#5961 = VECTOR ( 'NONE', #131, 1000.000000000000000 ) ;
#5962 = EDGE_CURVE ( 'NONE', #2570, #5072, #4405, .T. ) ;
#5963 = ORIENTED_EDGE ( 'NONE', *, *, #5529, .T. ) ;
#5965 = EDGE_CURVE ( 'NONE', #2073, #4150, #4321, .T. ) ;
#5964 = DIRECTION ( 'NONE',  ( -1.000000000000000000, -0.000000000000000000, -0.000000000000000000 ) ) ;
#5966 = CARTESIAN_POINT ( 'NONE',  ( -125.0000000000000000, 0.009999999809365668971, 115.5000000001181064 ) ) ;
#5967 = LINE ( 'NONE', #4672, #5961 ) ;
#5968 = CARTESIAN_POINT ( 'NONE',  ( 125.0000000000000000, -9.361092100859993437, 115.0000000002078906 ) ) ;
#5969 = VERTEX_POINT ( 'NONE', #6619 ) ;
#5970 = EDGE_LOOP ( 'NONE', ( #1602, #3954, #3268, #375 ) ) ;
#5971 = FACE_OUTER_BOUND ( 'NONE', #2097, .T. ) ;
#5972 = DIRECTION ( 'NONE',  ( 0.000000000000000000, -1.000000000000000000, 0.000000000000000000 ) ) ;
#5973 = ORIENTED_EDGE ( 'NONE', *, *, #7011, .F. ) ;
#5974 = PLANE ( 'NONE',  #5802 ) ;
#5975 = EDGE_CURVE ( 'NONE', #5887, #5263, #7416, .T. ) ;
#5976 = LINE ( 'NONE', #808, #2671 ) ;
#5977 = DIRECTION ( 'NONE',  ( 0.000000000000000000, 1.000000000000000000, 0.000000000000000000 ) ) ;
#5978 = DIRECTION ( 'NONE',  ( -1.000000000000000000, -0.000000000000000000, -0.000000000000000000 ) ) ;
#5979 = DIRECTION ( 'NONE',  ( 0.000000000000000000, 1.000000000000000000, 0.000000000000000000 ) ) ;
#5980 = ORIENTED_EDGE ( 'NONE', *, *, #6486, .F. ) ;
#5981 = DIRECTION ( 'NONE',  ( 1.000000000000000000, 0.000000000000000000, -0.000000000000000000 ) ) ;
#5982 = ADVANCED_FACE ( 'NONE', ( #2617 ), #5421, .F. ) ;
#5983 = ADVANCED_FACE ( 'NONE', ( #6000 ), #5497, .F. ) ;
#5984 = VERTEX_POINT ( 'NONE', #7195 ) ;
#5985 = CARTESIAN_POINT ( 'NONE',  ( 125.0000000000000000, 0.009999999809365668971, 115.5000000001181064 ) ) ;
#5986 = CARTESIAN_POINT ( 'NONE',  ( 125.0000000000000000, -26.00999999986646216, -124.9999999997909725 ) ) ;
#5987 = VERTEX_POINT ( 'NONE', #4292 ) ;
#5988 = DIRECTION ( 'NONE',  ( 0.000000000000000000, 0.000000000000000000, -1.000000000000000000 ) ) ;
#5989 = UNCERTAINTY_MEASURE_WITH_UNIT (LENGTH_MEASURE( 1.000000000000000082E-05 ), #2248, 'distance_accuracy_value', 'NONE');
#5990 = ADVANCED_FACE ( 'NONE', ( #6036 ), #6700, .F. ) ;
#5991 = DIRECTION ( 'NONE',  ( -1.000000000000000000, -0.000000000000000000, -0.000000000000000000 ) ) ;
#5992 = CARTESIAN_POINT ( 'NONE',  ( 125.0000000000000000, 20.07061230869987156, 1.235176059474873966 ) ) ;
#5993 = DIRECTION ( 'NONE',  ( 0.000000000000000000, 5.300832056148004468E-13, 1.000000000000000000 ) ) ;
#5994 = ORIENTED_EDGE ( 'NONE', *, *, #1631, .T. ) ;
#5995 = ORIENTED_EDGE ( 'NONE', *, *, #1695, .F. ) ;
#5996 = ORIENTED_EDGE ( 'NONE', *, *, #3795, .T. ) ;
#5997 = CARTESIAN_POINT ( 'NONE',  ( 125.0000000000000000, 21.85610742295404663, -115.2603803704387673 ) ) ;
#5998 = VERTEX_POINT ( 'NONE', #799 ) ;
#5999 = DIRECTION ( 'NONE',  ( 1.000000000000000000, 0.000000000000000000, -0.000000000000000000 ) ) ;
#6000 = FACE_OUTER_BOUND ( 'NONE', #6667, .T. ) ;
#6001 = DIRECTION ( 'NONE',  ( -1.000000000000000000, -0.000000000000000000, -0.000000000000000000 ) ) ;
#6002 = CARTESIAN_POINT ( 'NONE',  ( 125.0000000000000000, -20.57103083586230596, -116.3223556399391896 ) ) ;
#6003 = ORIENTED_EDGE ( 'NONE', *, *, #5468, .F. ) ;
#6004 = EDGE_CURVE ( 'NONE', #7451, #6019, #3119, .T. ) ;
#6005 = ORIENTED_EDGE ( 'NONE', *, *, #5742, .T. ) ;
#6006 =( LENGTH_UNIT ( ) NAMED_UNIT ( * ) SI_UNIT ( .MILLI., .METRE. ) );
#6007 = CARTESIAN_POINT ( 'NONE',  ( 125.0000000000000000, 2.009999999809395366, 120.0000000001180496 ) ) ;
#6008 = VERTEX_POINT ( 'NONE', #2035 ) ;
#6009 = DIRECTION ( 'NONE',  ( 0.000000000000000000, 1.000000000000000000, 0.000000000000000000 ) ) ;
#6010 = DIRECTION ( 'NONE',  ( 0.000000000000000000, 0.000000000000000000, -1.000000000000000000 ) ) ;
#6011 = DIRECTION ( 'NONE',  ( 0.000000000000000000, -1.000000000000000000, 0.000000000000000000 ) ) ;
#6012 = DIRECTION ( 'NONE',  ( -1.000000000000000000, -0.000000000000000000, -0.000000000000000000 ) ) ;
#6013 = CARTESIAN_POINT ( 'NONE',  ( 125.0000000000000000, -11.16109210079665282, -117.0000000001194849 ) ) ;
#6014 = VECTOR ( 'NONE', #2557, 1000.000000000000000 ) ;
#6015 = ADVANCED_FACE ( 'NONE', ( #4361 ), #6151, .T. ) ;
#6016 = EDGE_LOOP ( 'NONE', ( #419, #6642, #3734, #3849 ) ) ;
#6017 = ORIENTED_EDGE ( 'NONE', *, *, #394, .F. ) ;
#6018 = CARTESIAN_POINT ( 'NONE',  ( 125.0000000000000000, 22.01000000000425416, -6.300949345616757569E-12 ) ) ;
#6019 = VERTEX_POINT ( 'NONE', #360 ) ;
#6020 = FACE_OUTER_BOUND ( 'NONE', #4941, .T. ) ;
#6021 = EDGE_CURVE ( 'NONE', #5503, #2934, #4002, .T. ) ;
#6022 = PRODUCT_RELATED_PRODUCT_CATEGORY ( 'part', '', ( #1780 ) ) ;
#6023 = VERTEX_POINT ( 'NONE', #5575 ) ;
#6024 = FACE_OUTER_BOUND ( 'NONE', #923, .T. ) ;
#6025 = DIRECTION ( 'NONE',  ( 0.000000000000000000, 0.000000000000000000, -1.000000000000000000 ) ) ;
#6026 = CARTESIAN_POINT ( 'NONE',  ( 125.0000000000000000, 9.361092100802974159, 115.0000000001181633 ) ) ;
#6027 = EDGE_CURVE ( 'NONE', #3439, #4831, #199, .T. ) ;
#6028 = EDGE_CURVE ( 'NONE', #6343, #3901, #2699, .T. ) ;
#6029 = VERTEX_POINT ( 'NONE', #4854 ) ;
#6030 = EDGE_LOOP ( 'NONE', ( #7171, #3469, #6892, #3711 ) ) ;
#6031 = VERTEX_POINT ( 'NONE', #3154 ) ;
#6032 =( NAMED_UNIT ( * ) PLANE_ANGLE_UNIT ( ) SI_UNIT ( $, .RADIAN. ) );
#6033 = ORIENTED_EDGE ( 'NONE', *, *, #3388, .F. ) ;
#6034 = DIRECTION ( 'NONE',  ( 0.000000000000000000, -0.000000000000000000, 1.000000000000000000 ) ) ;
#6035 = CARTESIAN_POINT ( 'NONE',  ( 125.0000000000000000, 11.16109210080288605, 115.0000000001181633 ) ) ;
#6036 = FACE_OUTER_BOUND ( 'NONE', #3301, .T. ) ;
#6037 = CARTESIAN_POINT ( 'NONE',  ( -125.0000000000000000, -16.56109210086011529, 115.3014856328816364 ) ) ;
#6038 = DIRECTION ( 'NONE',  ( 0.000000000000000000, 0.8660254037833696739, -0.5000000000018514079 ) ) ;
#6039 = ORIENTED_EDGE ( 'NONE', *, *, #6329, .T. ) ;
#6040 = VECTOR ( 'NONE', #5172, 1000.000000000000000 ) ;
#6041 = VERTEX_POINT ( 'NONE', #5463 ) ;
#6042 = DIRECTION ( 'NONE',  ( 0.000000000000000000, 0.000000000000000000, -1.000000000000000000 ) ) ;
#6043 = CARTESIAN_POINT ( 'NONE',  ( 125.0000000000000000, -26.00999999986629518, 125.0000000002088001 ) ) ;
#6044 = VECTOR ( 'NONE', #2919, 1000.000000000000000 ) ;
#6045 = AXIS2_PLACEMENT_3D ( 'NONE', #6035, #358, #3305 ) ;
#6046 = EDGE_LOOP ( 'NONE', ( #4026, #460, #6717, #655 ) ) ;
#6047 = PLANE ( 'NONE',  #1067 ) ;
#6048 = DIRECTION ( 'NONE',  ( -1.000000000000000000, -0.000000000000000000, -0.000000000000000000 ) ) ;
#6049 = DIRECTION ( 'NONE',  ( 0.000000000000000000, 0.000000000000000000, 1.000000000000000000 ) ) ;
#6050 = ADVANCED_FACE ( 'NONE', ( #1525 ), #425, .F. ) ;
#6051 = CARTESIAN_POINT ( 'NONE',  ( 125.0000000000000000, 19.76000000000243872, -125.0000000000202931 ) ) ;
#6052 = LINE ( 'NONE', #369, #7061 ) ;
#6053 = CARTESIAN_POINT ( 'NONE',  ( 125.0000000000000000, -22.00999999986693467, 115.2508710294929131 ) ) ;
#6054 = AXIS2_PLACEMENT_3D ( 'NONE', #97, #1272, #5393 ) ;
#6055 = VERTEX_POINT ( 'NONE', #5732 ) ;
#6056 = CARTESIAN_POINT ( 'NONE',  ( -125.0000000000000000, -22.00999999999867640, 6.218658400725107782E-12 ) ) ;
#6057 = VECTOR ( 'NONE', #1138, 1000.000000000000000 ) ;
#6058 = ORIENTED_EDGE ( 'NONE', *, *, #559, .T. ) ;
#6059 = ADVANCED_FACE ( 'NONE', ( #5040 ), #6268, .F. ) ;
#6060 = CIRCLE ( 'NONE', #6801, 1.250000000000015099 ) ;
#6061 = PLANE ( 'NONE',  #6462 ) ;
#6062 = AXIS2_PLACEMENT_3D ( 'NONE', #2961, #5762, #5796 ) ;
#6063 = ORIENTED_EDGE ( 'NONE', *, *, #7448, .F. ) ;
#6064 = CARTESIAN_POINT ( 'NONE',  ( 125.0000000000000000, -24.00999999999712387, -4.472135954997691343 ) ) ;
#6065 = FACE_OUTER_BOUND ( 'NONE', #6470, .T. ) ;
#6066 = AXIS2_PLACEMENT_3D ( 'NONE', #2079, #1923, #3192 ) ;
#6067 = AXIS2_PLACEMENT_3D ( 'NONE', #7235, #3774, #139 ) ;
#6068 = ADVANCED_FACE ( 'NONE', ( #6923 ), #1687, .F. ) ;
#6069 = CARTESIAN_POINT ( 'NONE',  ( -125.0000000000000000, 20.07061230869987156, 1.235176059474873966 ) ) ;
#6070 = DIRECTION ( 'NONE',  ( 0.000000000000000000, -0.000000000000000000, -1.000000000000000000 ) ) ;
#6071 = VECTOR ( 'NONE', #5728, 1000.000000000000000 ) ;
#6072 = CIRCLE ( 'NONE', #1934, 0.1999999999998981759 ) ;
#6073 = ORIENTED_EDGE ( 'NONE', *, *, #7107, .F. ) ;
#6074 = CIRCLE ( 'NONE', #2427, 0.1999999999998981759 ) ;
#6075 = AXIS2_PLACEMENT_3D ( 'NONE', #6980, #1133, #5753 ) ;
#6076 = EDGE_LOOP ( 'NONE', ( #2609, #3091, #1045, #5723 ) ) ;
#6077 = ORIENTED_EDGE ( 'NONE', *, *, #1915, .F. ) ;
#6078 = EDGE_LOOP ( 'NONE', ( #5227, #3748, #733, #1187 ) ) ;
#6079 = CARTESIAN_POINT ( 'NONE',  ( 125.0000000000000000, -9.259999999866671772, -124.9999999997909725 ) ) ;
#6080 = EDGE_CURVE ( 'NONE', #1547, #2235, #5077, .T. ) ;
#6081 = EDGE_CURVE ( 'NONE', #269, #6422, #2228, .T. ) ;
#6082 = AXIS2_PLACEMENT_3D ( 'NONE', #812, #2011, #3167 ) ;
#6083 = CARTESIAN_POINT ( 'NONE',  ( -125.0000000000000000, 23.75999999980919242, 125.0000000001181490 ) ) ;
#6084 = FACE_OUTER_BOUND ( 'NONE', #1143, .T. ) ;
#6085 = CARTESIAN_POINT ( 'NONE',  ( 125.0000000000000000, 5.259999999809370053, 120.0000000001180496 ) ) ;
#6086 = DIRECTION ( 'NONE',  ( 1.000000000000000000, 0.000000000000000000, 0.000000000000000000 ) ) ;
#6087 = ORIENTED_EDGE ( 'NONE', *, *, #4071, .F. ) ;
#6088 = ORIENTED_EDGE ( 'NONE', *, *, #6400, .F. ) ;
#6089 = ORIENTED_EDGE ( 'NONE', *, *, #3699, .F. ) ;
#6090 = CIRCLE ( 'NONE', #6583, 0.2000000000028784308 ) ;
#6091 = FACE_OUTER_BOUND ( 'NONE', #5957, .T. ) ;
#6092 = ORIENTED_EDGE ( 'NONE', *, *, #3982, .F. ) ;
#6093 = LINE ( 'NONE', #4792, #4250 ) ;
#6094 = DIRECTION ( 'NONE',  ( 0.000000000000000000, -0.000000000000000000, -1.000000000000000000 ) ) ;
#6095 = PLANE ( 'NONE',  #6886 ) ;
#6096 = VECTOR ( 'NONE', #6403, 1000.000000000000000 ) ;
#6097 = PLANE ( 'NONE',  #4619 ) ;
#6098 = ORIENTED_EDGE ( 'NONE', *, *, #5167, .F. ) ;
#6099 = ORIENTED_EDGE ( 'NONE', *, *, #3090, .F. ) ;
#6100 = DIRECTION ( 'NONE',  ( 0.000000000000000000, 0.000000000000000000, 1.000000000000000000 ) ) ;
#6101 = ORIENTED_EDGE ( 'NONE', *, *, #1111, .T. ) ;
#6102 = LINE ( 'NONE', #863, #6323 ) ;
#6103 = CARTESIAN_POINT ( 'NONE',  ( 125.0000000000000000, -19.75999999986645861, -120.0846308022910591 ) ) ;
#6104 = ORIENTED_EDGE ( 'NONE', *, *, #4305, .T. ) ;
#6105 = EDGE_CURVE ( 'NONE', #442, #6114, #5152, .T. ) ;
#6106 = EDGE_CURVE ( 'NONE', #4199, #2141, #6847, .T. ) ;
#6107 = CARTESIAN_POINT ( 'NONE',  ( 125.0000000000000000, 5.259999999809370053, 120.0000000001180496 ) ) ;
#6108 = DIRECTION ( 'NONE',  ( 0.000000000000000000, -0.000000000000000000, -1.000000000000000000 ) ) ;
#6109 = DIRECTION ( 'NONE',  ( -1.000000000000000000, -0.000000000000000000, -0.000000000000000000 ) ) ;
#6110 = FACE_OUTER_BOUND ( 'NONE', #6046, .T. ) ;
#6111 = EDGE_LOOP ( 'NONE', ( #4328, #5595, #4066, #3445 ) ) ;
#6112 = VERTEX_POINT ( 'NONE', #6234 ) ;
#6113 = EDGE_CURVE ( 'NONE', #6916, #3754, #2767, .T. ) ;
#6114 = VERTEX_POINT ( 'NONE', #7462 ) ;
#6115 = DIRECTION ( 'NONE',  ( 1.000000000000000000, 0.000000000000000000, 0.000000000000000000 ) ) ;
#6116 = ORIENTED_EDGE ( 'NONE', *, *, #4387, .F. ) ;
#6117 = CARTESIAN_POINT ( 'NONE',  ( 125.0000000000000000, 22.00319135037952734, -114.0436091504081304 ) ) ;
#6118 = LINE ( 'NONE', #241, #6789 ) ;
#6119 = DIRECTION ( 'NONE',  ( 0.000000000000000000, 0.9863939238321348668, -0.1643989873054105544 ) ) ;
#6120 = CARTESIAN_POINT ( 'NONE',  ( -125.0000000000000000, -9.361092100796657434, -117.0000000001185896 ) ) ;
#6121 = DIRECTION ( 'NONE',  ( 0.000000000000000000, 0.000000000000000000, -1.000000000000000000 ) ) ;
#6122 = ORIENTED_EDGE ( 'NONE', *, *, #780, .F. ) ;
#6123 = EDGE_CURVE ( 'NONE', #5555, #4533, #4548, .T. ) ;
#6124 = ORIENTED_EDGE ( 'NONE', *, *, #5319, .T. ) ;
#6125 = DIRECTION ( 'NONE',  ( -1.000000000000000000, -0.000000000000000000, -0.000000000000000000 ) ) ;
#6126 = ORIENTED_EDGE ( 'NONE', *, *, #2093, .F. ) ;
#6127 = FACE_OUTER_BOUND ( 'NONE', #3738, .T. ) ;
#6128 = CARTESIAN_POINT ( 'NONE',  ( -125.0000000000000000, 16.50999999980921373, 125.0000000001181490 ) ) ;
#6129 = CARTESIAN_POINT ( 'NONE',  ( -125.0000000000000000, 20.14637033074931338, -2.350932677871043541 ) ) ;
#6130 = EDGE_CURVE ( 'NONE', #2190, #5232, #311, .T. ) ;
#6131 = ADVANCED_FACE ( 'NONE', ( #5800 ), #2964, .T. ) ;
#6132 = EDGE_LOOP ( 'NONE', ( #1403, #7474, #1844, #6956 ) ) ;
#6133 = VERTEX_POINT ( 'NONE', #1241 ) ;
#6134 = DIRECTION ( 'NONE',  ( 0.000000000000000000, 0.000000000000000000, -1.000000000000000000 ) ) ;
#6135 = ORIENTED_EDGE ( 'NONE', *, *, #2783, .T. ) ;
#6136 = VERTEX_POINT ( 'NONE', #5361 ) ;
#6137 = LINE ( 'NONE', #3635, #2040 ) ;
#6138 = AXIS2_PLACEMENT_3D ( 'NONE', #2812, #5002, #1639 ) ;
#6139 = FACE_OUTER_BOUND ( 'NONE', #1876, .T. ) ;
#6140 = VERTEX_POINT ( 'NONE', #141 ) ;
#6141 = CARTESIAN_POINT ( 'NONE',  ( 125.0000000000000000, -19.75999999986629163, 120.0846308027086593 ) ) ;
#6142 = CARTESIAN_POINT ( 'NONE',  ( 125.0000000000000000, 11.16109210080288605, 117.0000000001201670 ) ) ;
#6143 = CARTESIAN_POINT ( 'NONE',  ( 125.0000000000000000, 22.00319135037952734, -114.0436091504081304 ) ) ;
#6144 = CARTESIAN_POINT ( 'NONE',  ( 125.0000000000000000, -16.50999999986631650, 120.0846308027086593 ) ) ;
#6145 = ORIENTED_EDGE ( 'NONE', *, *, #5751, .F. ) ;
#6146 = ORIENTED_EDGE ( 'NONE', *, *, #7532, .T. ) ;
#6147 = ORIENTED_EDGE ( 'NONE', *, *, #2437, .T. ) ;
#6148 = ORIENTED_EDGE ( 'NONE', *, *, #1682, .F. ) ;
#6149 = CARTESIAN_POINT ( 'NONE',  ( 125.0000000000000000, -22.00999999986693467, 116.5008710294929273 ) ) ;
#6150 = CARTESIAN_POINT ( 'NONE',  ( 125.0000000000000000, 16.50999999980921373, 120.0846308026180367 ) ) ;
#6151 = CYLINDRICAL_SURFACE ( 'NONE', #6681, 0.1999999999992285726 ) ;
#6152 = CYLINDRICAL_SURFACE ( 'NONE', #5108, 1.250000000000084377 ) ;
#6153 = DIRECTION ( 'NONE',  ( 0.000000000000000000, 0.000000000000000000, -1.000000000000000000 ) ) ;
#6154 = ORIENTED_EDGE ( 'NONE', *, *, #1421, .F. ) ;
#6155 = ORIENTED_EDGE ( 'NONE', *, *, #3150, .T. ) ;
#6156 = CARTESIAN_POINT ( 'NONE',  ( -125.0000000000000000, -0.009999999866441374244, 114.0000000002086722 ) ) ;
#6157 = ORIENTED_EDGE ( 'NONE', *, *, #2979, .F. ) ;
#6158 = CARTESIAN_POINT ( 'NONE',  ( 125.0000000000000000, 23.75999999999983814, -124.9999999998809841 ) ) ;
#6159 = DIRECTION ( 'NONE',  ( 1.000000000000000000, 0.000000000000000000, 0.000000000000000000 ) ) ;
#6160 = CARTESIAN_POINT ( 'NONE',  ( 125.0000000000000000, 0.01000000000261699884, -120.0000000000203784 ) ) ;
#6161 = EDGE_CURVE ( 'NONE', #5417, #4758, #2477, .T. ) ;
#6162 = DIRECTION ( 'NONE',  ( 1.000000000000000000, 0.000000000000000000, 0.000000000000000000 ) ) ;
#6163 = LINE ( 'NONE', #1541, #3051 ) ;
#6164 = ORIENTED_EDGE ( 'NONE', *, *, #725, .T. ) ;
#6165 = DIRECTION ( 'NONE',  ( -1.000000000000000000, -0.000000000000000000, -0.000000000000000000 ) ) ;
#6166 = AXIS2_PLACEMENT_3D ( 'NONE', #2170, #522, #3931 ) ;
#6167 = ORIENTED_EDGE ( 'NONE', *, *, #5411, .T. ) ;
#6168 = DIRECTION ( 'NONE',  ( 1.000000000000000000, 0.000000000000000000, -0.000000000000000000 ) ) ;
#6169 = DIRECTION ( 'NONE',  ( -1.000000000000000000, -0.000000000000000000, -0.000000000000000000 ) ) ;
#6170 = EDGE_CURVE ( 'NONE', #6023, #2570, #5895, .T. ) ;
#6171 = EDGE_CURVE ( 'NONE', #2910, #2533, #7295, .T. ) ;
#6172 = VECTOR ( 'NONE', #1535, 1000.000000000000000 ) ;
#6173 = CARTESIAN_POINT ( 'NONE',  ( 125.0000000000000000, -26.00999999986629518, 125.0000000002088001 ) ) ;
#6174 = ORIENTED_EDGE ( 'NONE', *, *, #865, .T. ) ;
#6175 = AXIS2_PLACEMENT_3D ( 'NONE', #1716, #4054, #2368 ) ;
#6176 = CARTESIAN_POINT ( 'NONE',  ( 125.0000000000000000, 5.259999999809370053, 120.0000000001180496 ) ) ;
#6177 = VECTOR ( 'NONE', #5170, 1000.000000000000000 ) ;
#6178 = VECTOR ( 'NONE', #6608, 1000.000000000000000 ) ;
#6179 = DIRECTION ( 'NONE',  ( -1.000000000000000000, -0.000000000000000000, -0.000000000000000000 ) ) ;
#6180 = VECTOR ( 'NONE', #5064, 1000.000000000000000 ) ;
#6181 = PLANE ( 'NONE',  #5551 ) ;
#6182 = ORIENTED_EDGE ( 'NONE', *, *, #4260, .F. ) ;
#6183 = VECTOR ( 'NONE', #5852, 1000.000000000000000 ) ;
#6184 = EDGE_LOOP ( 'NONE', ( #7370, #7415, #6590, #2891 ) ) ;
#6185 = EDGE_LOOP ( 'NONE', ( #5567, #7527, #5007, #5000 ) ) ;
#6186 = VECTOR ( 'NONE', #164, 1000.000000000000000 ) ;
#6187 = VECTOR ( 'NONE', #3550, 1000.000000000000000 ) ;
#6188 = CARTESIAN_POINT ( 'NONE',  ( 125.0000000000000000, -20.57103083558994072, 116.3223556400735674 ) ) ;
#6189 = ORIENTED_EDGE ( 'NONE', *, *, #7268, .T. ) ;
#6190 = DIRECTION ( 'NONE',  ( 0.000000000000000000, 0.000000000000000000, -1.000000000000000000 ) ) ;
#6191 = CARTESIAN_POINT ( 'NONE',  ( -125.0000000000000000, -22.00999999999867640, 6.218658400725107782E-12 ) ) ;
#6192 = AXIS2_PLACEMENT_3D ( 'NONE', #5493, #271, #7258 ) ;
#6193 = VECTOR ( 'NONE', #3131, 1000.000000000000000 ) ;
#6194 = CARTESIAN_POINT ( 'NONE',  ( 125.0000000000000000, 16.76109210099593128, -115.3014856326913389 ) ) ;
#6195 = AXIS2_PLACEMENT_3D ( 'NONE', #1884, #6505, #3098 ) ;
#6196 = LINE ( 'NONE', #506, #1329 ) ;
#6197 = EDGE_LOOP ( 'NONE', ( #2420, #508, #3, #6240 ) ) ;
#6198 = ORIENTED_EDGE ( 'NONE', *, *, #4703, .T. ) ;
#6199 = ADVANCED_FACE ( 'NONE', ( #6516 ), #6047, .F. ) ;
#6200 = EDGE_CURVE ( 'NONE', #7384, #6512, #5976, .T. ) ;
#6201 = DIRECTION ( 'NONE',  ( 1.000000000000000000, 0.000000000000000000, 0.000000000000000000 ) ) ;
#6202 = AXIS2_PLACEMENT_3D ( 'NONE', #3732, #7330, #6713 ) ;
#6203 = VECTOR ( 'NONE', #1500, 1000.000000000000000 ) ;
#6204 = AXIS2_PLACEMENT_3D ( 'NONE', #4190, #3609, #744 ) ;
#6205 = ORIENTED_EDGE ( 'NONE', *, *, #5105, .T. ) ;
#6206 = DIRECTION ( 'NONE',  ( 0.000000000000000000, 0.000000000000000000, 1.000000000000000000 ) ) ;
#6207 = LINE ( 'NONE', #7504, #474 ) ;
#6208 = DIRECTION ( 'NONE',  ( 0.000000000000000000, 1.000000000000000000, 0.000000000000000000 ) ) ;
#6209 = AXIS2_PLACEMENT_3D ( 'NONE', #6962, #2933, #7535 ) ;
#6210 = VECTOR ( 'NONE', #4760, 1000.000000000000000 ) ;
#6211 = ORIENTED_EDGE ( 'NONE', *, *, #3265, .T. ) ;
#6212 = ORIENTED_EDGE ( 'NONE', *, *, #4011, .F. ) ;
#6213 = EDGE_CURVE ( 'NONE', #1678, #5798, #2591, .T. ) ;
#6214 = LINE ( 'NONE', #6746, #6448 ) ;
#6215 = VECTOR ( 'NONE', #4109, 1000.000000000000000 ) ;
#6216 = DIRECTION ( 'NONE',  ( -1.000000000000000000, -0.000000000000000000, -0.000000000000000000 ) ) ;
#6217 = CARTESIAN_POINT ( 'NONE',  ( -125.0000000000000000, 3.210000000002597442, -118.1694254176205021 ) ) ;
#6218 = CARTESIAN_POINT ( 'NONE',  ( -125.0000000000000000, 2.990000000196953334, -118.0000000001187033 ) ) ;
#6219 = ORIENTED_EDGE ( 'NONE', *, *, #491, .F. ) ;
#6220 = ADVANCED_FACE ( 'NONE', ( #1973 ), #5394, .F. ) ;
#6221 = EDGE_CURVE ( 'NONE', #6999, #3864, #2122, .T. ) ;
#6222 = DIRECTION ( 'NONE',  ( 1.000000000000000000, 0.000000000000000000, 0.000000000000000000 ) ) ;
#6223 = CARTESIAN_POINT ( 'NONE',  ( 125.0000000000000000, 11.16109210099602755, -117.0000000000122782 ) ) ;
#6224 = PLANE ( 'NONE',  #1175 ) ;
#6225 = CARTESIAN_POINT ( 'NONE',  ( -125.0000000000000000, -20.07061230870002433, 1.235176059472875565 ) ) ;
#6226 = ORIENTED_EDGE ( 'NONE', *, *, #1323, .F. ) ;
#6227 = ORIENTED_EDGE ( 'NONE', *, *, #6735, .F. ) ;
#6228 = ORIENTED_EDGE ( 'NONE', *, *, #1269, .F. ) ;
#6229 = ADVANCED_FACE ( 'NONE', ( #5542 ), #3882, .T. ) ;
#6230 = ORIENTED_EDGE ( 'NONE', *, *, #3941, .T. ) ;
#6231 = FILL_AREA_STYLE_COLOUR ( '', #595 ) ;
#6232 = VERTEX_POINT ( 'NONE', #7325 ) ;
#6233 = DIRECTION ( 'NONE',  ( 0.000000000000000000, 0.000000000000000000, -1.000000000000000000 ) ) ;
#6234 = CARTESIAN_POINT ( 'NONE',  ( 125.0000000000000000, -22.34333333332877558, 2.981423970000580237 ) ) ;
#6235 = DIRECTION ( 'NONE',  ( 0.000000000000000000, 0.000000000000000000, 1.000000000000000000 ) ) ;
#6236 = DIRECTION ( 'NONE',  ( 0.000000000000000000, 0.000000000000000000, -1.000000000000000000 ) ) ;
#6237 = ORIENTED_EDGE ( 'NONE', *, *, #3571, .T. ) ;
#6238 = ORIENTED_EDGE ( 'NONE', *, *, #5538, .F. ) ;
#6239 = CARTESIAN_POINT ( 'NONE',  ( -125.0000000000000000, -21.85610742281800256, 115.2603803706287664 ) ) ;
#6240 = ORIENTED_EDGE ( 'NONE', *, *, #5731, .T. ) ;
#6241 = LINE ( 'NONE', #1614, #6805 ) ;
#6242 = DIRECTION ( 'NONE',  ( -1.000000000000000000, -0.000000000000000000, -0.000000000000000000 ) ) ;
#6243 = CARTESIAN_POINT ( 'NONE',  ( 125.0000000000000000, -22.00319135037375418, 114.5436091504054019 ) ) ;
#6244 = ADVANCED_FACE ( 'NONE', ( #1292 ), #1797, .T. ) ;
#6245 = ORIENTED_EDGE ( 'NONE', *, *, #5135, .T. ) ;
#6246 = CARTESIAN_POINT ( 'NONE',  ( 125.0000000000000000, 19.76000000000243872, -125.0000000000202931 ) ) ;
#6247 = CARTESIAN_POINT ( 'NONE',  ( -125.0000000000000000, -2.009999999802995596, -124.9999999997909725 ) ) ;
#6248 = VERTEX_POINT ( 'NONE', #6107 ) ;
#6249 = CARTESIAN_POINT ( 'NONE',  ( 125.0000000000000000, -0.009999999866441374244, 114.0000000002086722 ) ) ;
#6250 = DIRECTION ( 'NONE',  ( -1.000000000000000000, -0.000000000000000000, -0.000000000000000000 ) ) ;
#6251 = LINE ( 'NONE', #7559, #3404 ) ;
#6252 = ORIENTED_EDGE ( 'NONE', *, *, #5045, .T. ) ;
#6253 = CARTESIAN_POINT ( 'NONE',  ( 125.0000000000000000, -0.009999999866441374244, 120.0000000002086722 ) ) ;
#6254 = LINE ( 'NONE', #1017, #6293 ) ;
#6255 = DIRECTION ( 'NONE',  ( 0.000000000000000000, 0.000000000000000000, -1.000000000000000000 ) ) ;
#6256 = EDGE_CURVE ( 'NONE', #959, #1530, #2641, .T. ) ;
#6257 = EDGE_CURVE ( 'NONE', #5853, #1565, #4345, .T. ) ;
#6258 = DIRECTION ( 'NONE',  ( -1.000000000000000000, -0.000000000000000000, -0.000000000000000000 ) ) ;
#6259 = ORIENTED_EDGE ( 'NONE', *, *, #6519, .T. ) ;
#6260 = AXIS2_PLACEMENT_3D ( 'NONE', #3755, #194, #3219 ) ;
#6261 = ORIENTED_EDGE ( 'NONE', *, *, #5902, .F. ) ;
#6262 = ORIENTED_EDGE ( 'NONE', *, *, #662, .F. ) ;
#6263 = ORIENTED_EDGE ( 'NONE', *, *, #4124, .F. ) ;
#6264 = CARTESIAN_POINT ( 'NONE',  ( -125.0000000000000000, 16.51000000000246359, -125.0000000000202931 ) ) ;
#6265 = DIRECTION ( 'NONE',  ( -1.000000000000000000, -0.000000000000000000, -0.000000000000000000 ) ) ;
#6266 = ADVANCED_FACE ( 'NONE', ( #7406 ), #296, .F. ) ;
#6267 = EDGE_CURVE ( 'NONE', #2530, #5748, #5096, .T. ) ;
#6268 = PLANE ( 'NONE',  #3514 ) ;
#6269 = CARTESIAN_POINT ( 'NONE',  ( -125.0000000000000000, 22.01000000000425416, -6.300949345616757569E-12 ) ) ;
#6270 = DIRECTION ( 'NONE',  ( -1.000000000000000000, -0.000000000000000000, -0.000000000000000000 ) ) ;
#6271 = EDGE_LOOP ( 'NONE', ( #953, #2762, #2576, #5106 ) ) ;
#6272 = ORIENTED_EDGE ( 'NONE', *, *, #6768, .T. ) ;
#6273 = LINE ( 'NONE', #2154, #1794 ) ;
#6274 = ORIENTED_EDGE ( 'NONE', *, *, #4905, .T. ) ;
#6275 = LINE ( 'NONE', #6319, #1802 ) ;
#6276 = DIRECTION ( 'NONE',  ( 0.000000000000000000, -0.000000000000000000, 1.000000000000000000 ) ) ;
#6277 = DIRECTION ( 'NONE',  ( 0.000000000000000000, 0.000000000000000000, -1.000000000000000000 ) ) ;
#6278 = VERTEX_POINT ( 'NONE', #2686 ) ;
#6279 = FACE_OUTER_BOUND ( 'NONE', #4033, .T. ) ;
#6280 = DIRECTION ( 'NONE',  ( 0.000000000000000000, 0.8660254037844387076, -0.4999999999999998890 ) ) ;
#6281 = AXIS2_PLACEMENT_3D ( 'NONE', #2181, #4536, #3557 ) ;
#6282 = VERTEX_POINT ( 'NONE', #2098 ) ;
#6283 = EDGE_CURVE ( 'NONE', #604, #1520, #4992, .T. ) ;
#6284 = ORIENTED_EDGE ( 'NONE', *, *, #2755, .F. ) ;
#6285 = CARTESIAN_POINT ( 'NONE',  ( -125.0000000000000000, -5.259999999866640685, -119.9999999997910862 ) ) ;
#6286 = DIRECTION ( 'NONE',  ( 0.000000000000000000, 0.000000000000000000, 1.000000000000000000 ) ) ;
#6287 = PRODUCT_DEFINITION_SHAPE ( 'NONE', 'NONE',  #7386 ) ;
#6288 = EDGE_LOOP ( 'NONE', ( #1268, #4884, #6263, #5427 ) ) ;
#6289 = AXIS2_PLACEMENT_3D ( 'NONE', #3097, #7090, #7009 ) ;
#6290 = DIRECTION ( 'NONE',  ( -1.000000000000000000, -0.000000000000000000, -0.000000000000000000 ) ) ;
#6291 = EDGE_CURVE ( 'NONE', #894, #4428, #3788, .T. ) ;
#6292 = EDGE_CURVE ( 'NONE', #5596, #5643, #7248, .T. ) ;
#6293 = VECTOR ( 'NONE', #5559, 1000.000000000000000 ) ;
#6294 = FACE_OUTER_BOUND ( 'NONE', #1192, .T. ) ;
#6295 = FACE_OUTER_BOUND ( 'NONE', #4790, .T. ) ;
#6296 = CIRCLE ( 'NONE', #1909, 1.500000000000323963 ) ;
#6297 = ORIENTED_EDGE ( 'NONE', *, *, #2304, .F. ) ;
#6298 = VECTOR ( 'NONE', #5746, 1000.000000000000000 ) ;
#6299 = ORIENTED_EDGE ( 'NONE', *, *, #195, .F. ) ;
#6300 = EDGE_LOOP ( 'NONE', ( #4589, #1912, #5994, #4552 ) ) ;
#6301 = CARTESIAN_POINT ( 'NONE',  ( -125.0000000000000000, -9.259999999866671772, -124.9999999997909725 ) ) ;
#6302 = EDGE_CURVE ( 'NONE', #5503, #2530, #7339, .T. ) ;
#6303 = VECTOR ( 'NONE', #3238, 1000.000000000000000 ) ;
#6304 = EDGE_LOOP ( 'NONE', ( #2968, #144, #7094, #6579 ) ) ;
#6305 = DIRECTION ( 'NONE',  ( -1.000000000000000000, -0.000000000000000000, -0.000000000000000000 ) ) ;
#6306 = CIRCLE ( 'NONE', #81, 0.4999999999998061551 ) ;
#6307 = LINE ( 'NONE', #8, #3991 ) ;
#6308 = CARTESIAN_POINT ( 'NONE',  ( 125.0000000000000000, -20.07061230869364010, -2.194203832672704912 ) ) ;
#6309 = VECTOR ( 'NONE', #6125, 1000.000000000000000 ) ;
#6310 = CARTESIAN_POINT ( 'NONE',  ( 125.0000000000000000, 20.17061230870606181, -1.061970978716023417 ) ) ;
#6311 = ORIENTED_EDGE ( 'NONE', *, *, #2755, .T. ) ;
#6312 = VERTEX_POINT ( 'NONE', #2063 ) ;
#6313 = EDGE_CURVE ( 'NONE', #5887, #2339, #342, .T. ) ;
#6314 = EDGE_CURVE ( 'NONE', #2934, #5124, #4008, .T. ) ;
#6315 = LINE ( 'NONE', #3990, #4953 ) ;
#6316 = ORIENTED_EDGE ( 'NONE', *, *, #2383, .F. ) ;
#6317 = AXIS2_PLACEMENT_3D ( 'NONE', #6018, #64, #1214 ) ;
#6318 = VECTOR ( 'NONE', #2510, 1000.000000000000000 ) ;
#6319 = CARTESIAN_POINT ( 'NONE',  ( -125.0000000000000000, 19.76000000000243872, -125.0000000000202931 ) ) ;
#6320 = CARTESIAN_POINT ( 'NONE',  ( 125.0000000000000000, 2.009999999809395366, 120.0000000001180496 ) ) ;
#6321 = DIRECTION ( 'NONE',  ( 0.000000000000000000, 0.000000000000000000, -1.000000000000000000 ) ) ;
#6322 = CARTESIAN_POINT ( 'NONE',  ( 125.0000000000000000, 3.210000000002597442, -118.1694254176205021 ) ) ;
#6323 = VECTOR ( 'NONE', #5515, 1000.000000000000000 ) ;
#6324 = CIRCLE ( 'NONE', #7053, 1.500000000000200728 ) ;
#6325 = ORIENTED_EDGE ( 'NONE', *, *, #7059, .F. ) ;
#6326 = VECTOR ( 'NONE', #1096, 1000.000000000000000 ) ;
#6327 = CIRCLE ( 'NONE', #5584, 0.2000000000000751177 ) ;
#6328 = AXIS2_PLACEMENT_3D ( 'NONE', #2882, #6988, #4095 ) ;
#6329 = EDGE_CURVE ( 'NONE', #6248, #1022, #380, .T. ) ;
#6330 = CARTESIAN_POINT ( 'NONE',  ( -125.0000000000000000, 9.361092100996113885, -117.0000000000202647 ) ) ;
#6331 = CARTESIAN_POINT ( 'NONE',  ( 125.0000000000000000, -20.86626570360591870, 0.8912754115806276189 ) ) ;
#6332 = ORIENTED_EDGE ( 'NONE', *, *, #7251, .T. ) ;
#6333 = DIRECTION ( 'NONE',  ( 1.000000000000000000, 0.000000000000000000, 0.000000000000000000 ) ) ;
#6334 = CARTESIAN_POINT ( 'NONE',  ( -125.0000000000000000, -20.17061230870020694, 1.061970978716072489 ) ) ;
#6335 = AXIS2_PLACEMENT_3D ( 'NONE', #6002, #2656, #200 ) ;
#6336 = AXIS2_PLACEMENT_3D ( 'NONE', #1591, #6216, #3394 ) ;
#6337 = ORIENTED_EDGE ( 'NONE', *, *, #3318, .T. ) ;
#6338 = CARTESIAN_POINT ( 'NONE',  ( 125.0000000000000000, 20.57103083572583913, -116.3223556398842931 ) ) ;
#6339 = AXIS2_PLACEMENT_3D ( 'NONE', #2700, #3307, #3339 ) ;
#6340 = CARTESIAN_POINT ( 'NONE',  ( 125.0000000000000000, 9.259999999809346960, 120.0000000001180496 ) ) ;
#6341 = CARTESIAN_POINT ( 'NONE',  ( 125.0000000000000000, 20.14637033074931338, -2.350932677871043541 ) ) ;
#6342 = EDGE_CURVE ( 'NONE', #2533, #7266, #4487, .T. ) ;
#6343 = VERTEX_POINT ( 'NONE', #5484 ) ;
#6344 = ORIENTED_EDGE ( 'NONE', *, *, #3113, .T. ) ;
#6345 = ORIENTED_EDGE ( 'NONE', *, *, #5594, .T. ) ;
#6346 = CARTESIAN_POINT ( 'NONE',  ( 125.0000000000000000, 20.76626570361123925, -0.7180703308238047811 ) ) ;
#6347 = DIRECTION ( 'NONE',  ( -1.000000000000000000, -0.000000000000000000, -0.000000000000000000 ) ) ;
#6348 = CARTESIAN_POINT ( 'NONE',  ( 125.0000000000000000, 11.16109210099602755, -117.0000000000122782 ) ) ;
#6349 = CARTESIAN_POINT ( 'NONE',  ( -125.0000000000000000, 11.16109210080288605, 115.0000000001181633 ) ) ;
#6350 = DIRECTION ( 'NONE',  ( 0.000000000000000000, 1.000000000000000000, -3.083952846442101134E-13 ) ) ;
#6351 = CARTESIAN_POINT ( 'NONE',  ( 125.0000000000000000, -21.02402215827926923, 0.7683408720528981384 ) ) ;
#6352 = CYLINDRICAL_SURFACE ( 'NONE', #6817, 1.250000000000070610 ) ;
#6353 = EDGE_CURVE ( 'NONE', #2811, #4748, #3821, .T. ) ;
#6354 = VERTEX_POINT ( 'NONE', #2719 ) ;
#6355 = EDGE_LOOP ( 'NONE', ( #1405, #4274, #1278, #6101 ) ) ;
#6356 = ORIENTED_EDGE ( 'NONE', *, *, #6256, .F. ) ;
#6357 = DIRECTION ( 'NONE',  ( 0.000000000000000000, 0.000000000000000000, 1.000000000000000000 ) ) ;
#6358 = ORIENTED_EDGE ( 'NONE', *, *, #5167, .T. ) ;
#6359 = CARTESIAN_POINT ( 'NONE',  ( 125.0000000000000000, -2.990000000190692564, 118.0000000001180496 ) ) ;
#6360 = CARTESIAN_POINT ( 'NONE',  ( 125.0000000000000000, 19.76000000000243872, -120.0846308025203655 ) ) ;
#6361 = PLANE ( 'NONE',  #1436 ) ;
#6362 = LINE ( 'NONE', #6322, #1689 ) ;
#6363 = ADVANCED_FACE ( 'NONE', ( #1474 ), #6718, .F. ) ;
#6364 = ORIENTED_EDGE ( 'NONE', *, *, #2099, .T. ) ;
#6365 = DIRECTION ( 'NONE',  ( 0.000000000000000000, -0.000000000000000000, -1.000000000000000000 ) ) ;
#6366 = LINE ( 'NONE', #3351, #6326 ) ;
#6367 = ORIENTED_EDGE ( 'NONE', *, *, #292, .F. ) ;
#6368 = CARTESIAN_POINT ( 'NONE',  ( 125.0000000000000000, -9.259999999866504794, 120.0000000002086722 ) ) ;
#6369 = CARTESIAN_POINT ( 'NONE',  ( -125.0000000000000000, 3.210000000002597442, -115.8305745823205655 ) ) ;
#6370 = CARTESIAN_POINT ( 'NONE',  ( 125.0000000000000000, 22.01000000000309598, 117.7508710292996028 ) ) ;
#6371 = EDGE_CURVE ( 'NONE', #2273, #5295, #343, .T. ) ;
#6372 = EDGE_LOOP ( 'NONE', ( #4917, #118, #7131, #4116 ) ) ;
#6373 = DIRECTION ( 'NONE',  ( 0.000000000000000000, 0.000000000000000000, 1.000000000000000000 ) ) ;
#6374 = CARTESIAN_POINT ( 'NONE',  ( 125.0000000000000000, -20.27061230870008757, 1.235176059473097609 ) ) ;
#6375 = CARTESIAN_POINT ( 'NONE',  ( 125.0000000000000000, -0.009999999866441374244, 118.7027587512089042 ) ) ;
#6376 = EDGE_LOOP ( 'NONE', ( #5071, #1176, #1576, #7273 ) ) ;
#6377 = VERTEX_POINT ( 'NONE', #3211 ) ;
#6378 = LINE ( 'NONE', #5843, #5104 ) ;
#6379 = VERTEX_POINT ( 'NONE', #6795 ) ;
#6381 = EDGE_CURVE ( 'NONE', #4189, #7203, #3902, .T. ) ;
#6380 = DIRECTION ( 'NONE',  ( 1.000000000000000000, 0.000000000000000000, 0.000000000000000000 ) ) ;
#6382 = LINE ( 'NONE', #4029, #2398 ) ;
#6383 = CARTESIAN_POINT ( 'NONE',  ( 125.0000000000000000, 22.01000000000292900, -116.5008710293030134 ) ) ;
#6384 = AXIS2_PLACEMENT_3D ( 'NONE', #7310, #2730, #1571 ) ;
#6385 = AXIS2_PLACEMENT_3D ( 'NONE', #5267, #4661, #1759 ) ;
#6386 = CARTESIAN_POINT ( 'NONE',  ( 125.0000000000000000, 0.01000000000261697976, -115.2972412490205869 ) ) ;
#6387 = ORIENTED_EDGE ( 'NONE', *, *, #1736, .F. ) ;
#6388 = EDGE_LOOP ( 'NONE', ( #4355, #1990, #5794, #7269 ) ) ;
#6389 = VERTEX_POINT ( 'NONE', #5636 ) ;
#6390 = CARTESIAN_POINT ( 'NONE',  ( 125.0000000000000000, -12.50999999986659184, -120.0846308022910591 ) ) ;
#6391 = ORIENTED_EDGE ( 'NONE', *, *, #5397, .T. ) ;
#6392 = ADVANCED_FACE ( 'NONE', ( #2756 ), #2605, .T. ) ;
#6393 = CYLINDRICAL_SURFACE ( 'NONE', #5695, 0.1999999999998253175 ) ;
#6394 = LINE ( 'NONE', #3086, #3270 ) ;
#6395 = CARTESIAN_POINT ( 'NONE',  ( 125.0000000000000000, -5.259999999866473708, 120.0000000002086722 ) ) ;
#6396 = FACE_OUTER_BOUND ( 'NONE', #1756, .T. ) ;
#6397 = VERTEX_POINT ( 'NONE', #2796 ) ;
#6398 = CARTESIAN_POINT ( 'NONE',  ( 125.0000000000000000, 9.260000000002598597, -120.0000000000203784 ) ) ;
#6399 = PLANE ( 'NONE',  #5831 ) ;
#6400 = EDGE_CURVE ( 'NONE', #6459, #6377, #2215, .T. ) ;
#6401 = LINE ( 'NONE', #711, #6187 ) ;
#6402 = DIRECTION ( 'NONE',  ( 1.000000000000000000, 0.000000000000000000, 0.000000000000000000 ) ) ;
#6403 = DIRECTION ( 'NONE',  ( 0.000000000000000000, 0.000000000000000000, 1.000000000000000000 ) ) ;
#6404 = VERTEX_POINT ( 'NONE', #5258 ) ;
#6405 = CARTESIAN_POINT ( 'NONE',  ( 125.0000000000000000, -21.63829944540002259, 115.1136656743442472 ) ) ;
#6406 = ADVANCED_FACE ( 'NONE', ( #1135 ), #4616, .F. ) ;
#6407 = EDGE_CURVE ( 'NONE', #3588, #7144, #5716, .T. ) ;
#6408 = CARTESIAN_POINT ( 'NONE',  ( -125.0000000000000000, 16.51000000000246359, -120.0846308025203655 ) ) ;
#6409 = DIRECTION ( 'NONE',  ( 0.000000000000000000, 0.000000000000000000, -1.000000000000000000 ) ) ;
#6410 = PLANE ( 'NONE',  #5845 ) ;
#6411 = DIRECTION ( 'NONE',  ( -1.000000000000000000, -0.000000000000000000, -0.000000000000000000 ) ) ;
#6412 = ORIENTED_EDGE ( 'NONE', *, *, #385, .T. ) ;
#6413 = ORIENTED_EDGE ( 'NONE', *, *, #6200, .F. ) ;
#6414 = LINE ( 'NONE', #5445, #5083 ) ;
#6415 = ORIENTED_EDGE ( 'NONE', *, *, #2535, .T. ) ;
#6416 = LINE ( 'NONE', #2926, #3401 ) ;
#6417 = DIRECTION ( 'NONE',  ( 0.000000000000000000, 0.000000000000000000, 1.000000000000000000 ) ) ;
#6418 = VECTOR ( 'NONE', #66, 1000.000000000000000 ) ;
#6419 = AXIS2_PLACEMENT_3D ( 'NONE', #6679, #4347, #6108 ) ;
#6420 = LINE ( 'NONE', #6351, #7523 ) ;
#6421 = VERTEX_POINT ( 'NONE', #3474 ) ;
#6422 = VERTEX_POINT ( 'NONE', #493 ) ;
#6423 = ORIENTED_EDGE ( 'NONE', *, *, #5936, .T. ) ;
#6424 = CARTESIAN_POINT ( 'NONE',  ( 125.0000000000000000, -16.56109210079689120, -117.0000000001221423 ) ) ;
#6425 = AXIS2_PLACEMENT_3D ( 'NONE', #31, #3362, #4654 ) ;
#6426 = VERTEX_POINT ( 'NONE', #7516 ) ;
#6427 = DIRECTION ( 'NONE',  ( 0.000000000000000000, 0.000000000000000000, -1.000000000000000000 ) ) ;
#6428 = VECTOR ( 'NONE', #6853, 1000.000000000000000 ) ;
#6429 = DIRECTION ( 'NONE',  ( 1.000000000000000000, 0.000000000000000000, 0.000000000000000000 ) ) ;
#6430 = CARTESIAN_POINT ( 'NONE',  ( 125.0000000000000000, 5.260000000002621690, -114.0000000000203784 ) ) ;
#6431 = DIRECTION ( 'NONE',  ( 0.000000000000000000, 0.000000000000000000, 1.000000000000000000 ) ) ;
#6432 = VECTOR ( 'NONE', #3978, 1000.000000000000000 ) ;
#6433 = ADVANCED_FACE ( 'NONE', ( #562 ), #29, .T. ) ;
#6434 = ADVANCED_FACE ( 'NONE', ( #7483 ), #2251, .T. ) ;
#6435 = ORIENTED_EDGE ( 'NONE', *, *, #1342, .F. ) ;
#6436 = VECTOR ( 'NONE', #3807, 1000.000000000000000 ) ;
#6437 = LINE ( 'NONE', #4114, #7552 ) ;
#6438 = LINE ( 'NONE', #745, #5459 ) ;
#6439 = AXIS2_PLACEMENT_3D ( 'NONE', #49, #4152, #2941 ) ;
#6440 = CARTESIAN_POINT ( 'NONE',  ( 125.0000000000000000, -24.00999999999702439, 4.472135955000594798 ) ) ;
#6441 = LINE ( 'NONE', #2441, #1210 ) ;
#6442 = DIRECTION ( 'NONE',  ( -1.000000000000000000, -0.000000000000000000, -0.000000000000000000 ) ) ;
#6443 = DIRECTION ( 'NONE',  ( 0.000000000000000000, 0.000000000000000000, -1.000000000000000000 ) ) ;
#6444 = AXIS2_PLACEMENT_3D ( 'NONE', #4787, #1851, #6431 ) ;
#6445 = EDGE_CURVE ( 'NONE', #5998, #4003, #5140, .T. ) ;
#6446 = ORIENTED_EDGE ( 'NONE', *, *, #580, .T. ) ;
#6447 = LINE ( 'NONE', #4799, #7055 ) ;
#6448 = VECTOR ( 'NONE', #2674, 1000.000000000000000 ) ;
#6449 = AXIS2_PLACEMENT_3D ( 'NONE', #6386, #4064, #1146 ) ;
#6450 = CIRCLE ( 'NONE', #2430, 1.250000000000070610 ) ;
#6451 = CARTESIAN_POINT ( 'NONE',  ( 125.0000000000000000, -20.86626570360591870, 0.8912754115806276189 ) ) ;
#6452 = CARTESIAN_POINT ( 'NONE',  ( 125.0000000000000000, 9.260000000002598597, -125.0000000000202931 ) ) ;
#6453 = CARTESIAN_POINT ( 'NONE',  ( -125.0000000000000000, -0.009999999803049450589, -114.0000000001187033 ) ) ;
#6454 = EDGE_CURVE ( 'NONE', #5263, #2311, #6908, .T. ) ;
#6455 = ADVANCED_FACE ( 'NONE', ( #6982 ), #1748, .T. ) ;
#6456 = ORIENTED_EDGE ( 'NONE', *, *, #6560, .F. ) ;
#6457 = AXIS2_PLACEMENT_3D ( 'NONE', #6650, #3761, #7315 ) ;
#6458 = AXIS2_PLACEMENT_3D ( 'NONE', #3321, #5630, #4531 ) ;
#6459 = VERTEX_POINT ( 'NONE', #6870 ) ;
#6460 = FACE_OUTER_BOUND ( 'NONE', #4555, .T. ) ;
#6461 = LINE ( 'NONE', #1254, #6071 ) ;
#6462 = AXIS2_PLACEMENT_3D ( 'NONE', #4907, #6716, #823 ) ;
#6463 = CARTESIAN_POINT ( 'NONE',  ( 125.0000000000000000, -14.76109210079678391, -117.0000000001221423 ) ) ;
#6464 = CARTESIAN_POINT ( 'NONE',  ( -125.0000000000000000, -16.56109210086011529, 115.3014856328816364 ) ) ;
#6465 = EDGE_CURVE ( 'NONE', #7189, #2029, #4963, .T. ) ;
#6466 = ORIENTED_EDGE ( 'NONE', *, *, #4247, .F. ) ;
#6467 = ORIENTED_EDGE ( 'NONE', *, *, #645, .T. ) ;
#6468 = EDGE_LOOP ( 'NONE', ( #1327, #150, #3963, #4035 ) ) ;
#6469 = DIRECTION ( 'NONE',  ( 0.000000000000000000, 0.000000000000000000, -1.000000000000000000 ) ) ;
#6470 = EDGE_LOOP ( 'NONE', ( #7400, #6655, #2201, #3701 ) ) ;
#6471 = CARTESIAN_POINT ( 'NONE',  ( 125.0000000000000000, 16.50999999980921373, 125.0000000001181490 ) ) ;
#6472 = CARTESIAN_POINT ( 'NONE',  ( 125.0000000000000000, 22.34333333333724880, 2.981423970001065182 ) ) ;
#6473 = PLANE ( 'NONE',  #7562 ) ;
#6474 = DIRECTION ( 'NONE',  ( 0.000000000000000000, 1.000000000000000000, 0.000000000000000000 ) ) ;
#6475 = ORIENTED_EDGE ( 'NONE', *, *, #1538, .T. ) ;
#6476 = DIRECTION ( 'NONE',  ( 0.000000000000000000, 0.000000000000000000, -1.000000000000000000 ) ) ;
#6477 = LINE ( 'NONE', #1313, #2291 ) ;
#6478 = ORIENTED_EDGE ( 'NONE', *, *, #5517, .T. ) ;
#6479 = PLANE ( 'NONE',  #1785 ) ;
#6480 = FACE_OUTER_BOUND ( 'NONE', #6304, .T. ) ;
#6481 = FACE_OUTER_BOUND ( 'NONE', #3998, .T. ) ;
#6482 = EDGE_CURVE ( 'NONE', #3813, #6897, #4012, .T. ) ;
#6483 = DIRECTION ( 'NONE',  ( 0.000000000000000000, 0.000000000000000000, 1.000000000000000000 ) ) ;
#6484 = EDGE_LOOP ( 'NONE', ( #7021, #7042, #5586, #5502 ) ) ;
#6485 = DIRECTION ( 'NONE',  ( 1.000000000000000000, 0.000000000000000000, -0.000000000000000000 ) ) ;
#6486 = EDGE_CURVE ( 'NONE', #3588, #5290, #7175, .T. ) ;
#6487 = CARTESIAN_POINT ( 'NONE',  ( 125.0000000000000000, 16.76109210099593128, -115.1014856326915208 ) ) ;
#6488 = DIRECTION ( 'NONE',  ( 0.000000000000000000, 1.000000000000000000, 0.000000000000000000 ) ) ;
#6489 = CARTESIAN_POINT ( 'NONE',  ( 125.0000000000000000, -22.50999999999692491, -4.472135954997691343 ) ) ;
#6490 = DIRECTION ( 'NONE',  ( -1.000000000000000000, -0.000000000000000000, -0.000000000000000000 ) ) ;
#6491 = ORIENTED_EDGE ( 'NONE', *, *, #4469, .F. ) ;
#6492 = ORIENTED_EDGE ( 'NONE', *, *, #7448, .T. ) ;
#6493 = CARTESIAN_POINT ( 'NONE',  ( -125.0000000000000000, -23.75999999986646216, -120.0846308022910591 ) ) ;
#6494 = DIRECTION ( 'NONE',  ( -1.000000000000000000, -0.000000000000000000, -0.000000000000000000 ) ) ;
#6495 = ADVANCED_FACE ( 'NONE', ( #2952 ), #2874, .F. ) ;
#6496 = CARTESIAN_POINT ( 'NONE',  ( 125.0000000000000000, 5.259999999809370053, 114.0000000001180496 ) ) ;
#6497 = FACE_OUTER_BOUND ( 'NONE', #1947, .T. ) ;
#6498 = ORIENTED_EDGE ( 'NONE', *, *, #4483, .F. ) ;
#6499 = ORIENTED_EDGE ( 'NONE', *, *, #2742, .T. ) ;
#6500 = ORIENTED_EDGE ( 'NONE', *, *, #7015, .T. ) ;
#6501 = CARTESIAN_POINT ( 'NONE',  ( 125.0000000000000000, -19.75999999986645861, -120.0846308022910591 ) ) ;
#6502 = ORIENTED_EDGE ( 'NONE', *, *, #4858, .T. ) ;
#6503 = ADVANCED_FACE ( 'NONE', ( #2290 ), #1056, .F. ) ;
#6504 = EDGE_CURVE ( 'NONE', #353, #644, #6072, .T. ) ;
#6505 = DIRECTION ( 'NONE',  ( -0.000000000000000000, 1.000000000000000000, 0.000000000000000000 ) ) ;
#6506 = DIRECTION ( 'NONE',  ( 0.000000000000000000, 0.000000000000000000, 1.000000000000000000 ) ) ;
#6507 = LINE ( 'NONE', #1196, #4385 ) ;
#6508 = LINE ( 'NONE', #2977, #7181 ) ;
#6509 = ORIENTED_EDGE ( 'NONE', *, *, #7355, .F. ) ;
#6510 = DIRECTION ( 'NONE',  ( 0.000000000000000000, 0.000000000000000000, 1.000000000000000000 ) ) ;
#6511 = DIRECTION ( 'NONE',  ( -1.000000000000000000, -0.000000000000000000, -0.000000000000000000 ) ) ;
#6512 = VERTEX_POINT ( 'NONE', #4052 ) ;
#6513 = FACE_OUTER_BOUND ( 'NONE', #5970, .T. ) ;
#6514 = CARTESIAN_POINT ( 'NONE',  ( -125.0000000000000000, 16.50999999980921373, 120.0846308026180367 ) ) ;
#6515 = LINE ( 'NONE', #1743, #561 ) ;
#6516 = FACE_OUTER_BOUND ( 'NONE', #6915, .T. ) ;
#6517 = DIRECTION ( 'NONE',  ( -1.000000000000000000, -0.000000000000000000, -0.000000000000000000 ) ) ;
#6518 = VERTEX_POINT ( 'NONE', #2331 ) ;
#6519 = EDGE_CURVE ( 'NONE', #4517, #2029, #720, .T. ) ;
#6520 = CARTESIAN_POINT ( 'NONE',  ( 125.0000000000000000, 23.76000000000244228, -120.0846308025203655 ) ) ;
#6521 = CARTESIAN_POINT ( 'NONE',  ( 125.0000000000000000, 16.50999999980921373, 120.0846308026180367 ) ) ;
#6522 = FACE_OUTER_BOUND ( 'NONE', #7218, .T. ) ;
#6523 = ORIENTED_EDGE ( 'NONE', *, *, #1245, .F. ) ;
#6524 = EDGE_CURVE ( 'NONE', #1920, #3142, #6447, .T. ) ;
#6525 = VERTEX_POINT ( 'NONE', #2400 ) ;
#6526 = ADVANCED_FACE ( 'NONE', ( #6602 ), #3670, .F. ) ;
#6527 = CARTESIAN_POINT ( 'NONE',  ( -125.0000000000000000, -5.259999999866640685, -124.9999999997909725 ) ) ;
#6528 = VECTOR ( 'NONE', #1095, 1000.000000000000000 ) ;
#6529 = DIRECTION ( 'NONE',  ( -1.000000000000000000, -0.000000000000000000, -0.000000000000000000 ) ) ;
#6530 = CARTESIAN_POINT ( 'NONE',  ( -125.0000000000000000, -22.50999999999692491, -2.972135954997490614 ) ) ;
#6531 = DIRECTION ( 'NONE',  ( 0.000000000000000000, 0.000000000000000000, 1.000000000000000000 ) ) ;
#6532 = ORIENTED_EDGE ( 'NONE', *, *, #3606, .F. ) ;
#6533 = ORIENTED_EDGE ( 'NONE', *, *, #2354, .T. ) ;
#6534 = EDGE_CURVE ( 'NONE', #4277, #5545, #7060, .T. ) ;
#6535 = ORIENTED_EDGE ( 'NONE', *, *, #3637, .T. ) ;
#6536 = DIRECTION ( 'NONE',  ( -1.000000000000000000, 0.000000000000000000, -0.000000000000000000 ) ) ;
#6537 = ORIENTED_EDGE ( 'NONE', *, *, #3076, .F. ) ;
#6538 = DIRECTION ( 'NONE',  ( 0.000000000000000000, 0.000000000000000000, -1.000000000000000000 ) ) ;
#6540 = DIRECTION ( 'NONE',  ( 0.000000000000000000, -1.000000000000000000, 0.000000000000000000 ) ) ;
#6539 = VECTOR ( 'NONE', #5573, 1000.000000000000000 ) ;
#6541 = FACE_OUTER_BOUND ( 'NONE', #7191, .T. ) ;
#6542 = CARTESIAN_POINT ( 'NONE',  ( 125.0000000000000000, -2.009999999802995596, -124.9999999997909725 ) ) ;
#6543 = DIRECTION ( 'NONE',  ( -1.000000000000000000, -0.000000000000000000, -0.000000000000000000 ) ) ;
#6544 = EDGE_LOOP ( 'NONE', ( #2445, #167, #6769, #1960 ) ) ;
#6545 = EDGE_CURVE ( 'NONE', #2969, #7190, #4362, .T. ) ;
#6546 = ADVANCED_FACE ( 'NONE', ( #3555 ), #3584, .F. ) ;
#6547 = AXIS2_PLACEMENT_3D ( 'NONE', #1874, #6025, #3038 ) ;
#6548 = EDGE_LOOP ( 'NONE', ( #5635, #3679, #2636, #4667 ) ) ;
#6549 = VECTOR ( 'NONE', #619, 1000.000000000000000 ) ;
#6550 = PLANE ( 'NONE',  #3287 ) ;
#6551 = CARTESIAN_POINT ( 'NONE',  ( -125.0000000000000000, 21.63829944540634997, 115.1136656743429540 ) ) ;
#6552 = ORIENTED_EDGE ( 'NONE', *, *, #4351, .F. ) ;
#6553 = CARTESIAN_POINT ( 'NONE',  ( 125.0000000000000000, 21.52022843723577239, -114.6730186729599978 ) ) ;
#6554 = LINE ( 'NONE', #5395, #3538 ) ;
#6555 = VECTOR ( 'NONE', #6749, 1000.000000000000000 ) ;
#6556 = DIRECTION ( 'NONE',  ( 0.000000000000000000, 0.000000000000000000, -1.000000000000000000 ) ) ;
#6557 = AXIS2_PLACEMENT_3D ( 'NONE', #1715, #2843, #4505 ) ;
#6558 = CARTESIAN_POINT ( 'NONE',  ( 125.0000000000000000, 20.27061230870280539, 2.194203832680097221 ) ) ;
#6559 = VECTOR ( 'NONE', #127, 1000.000000000000000 ) ;
#6560 = EDGE_CURVE ( 'NONE', #7387, #3444, #7095, .T. ) ;
#6561 = ORIENTED_EDGE ( 'NONE', *, *, #6868, .F. ) ;
#6562 = AXIS2_PLACEMENT_3D ( 'NONE', #628, #2431, #6506 ) ;
#6563 = CARTESIAN_POINT ( 'NONE',  ( 125.0000000000000000, -5.259999999866473708, 114.0000000002086722 ) ) ;
#6564 = ORIENTED_EDGE ( 'NONE', *, *, #4636, .T. ) ;
#6565 = VECTOR ( 'NONE', #4535, 1000.000000000000000 ) ;
#6566 = VECTOR ( 'NONE', #4070, 1000.000000000000000 ) ;
#6567 = DIRECTION ( 'NONE',  ( 1.000000000000000000, 0.000000000000000000, 0.000000000000000000 ) ) ;
#6568 = ORIENTED_EDGE ( 'NONE', *, *, #1695, .T. ) ;
#6569 = AXIS2_PLACEMENT_3D ( 'NONE', #4384, #4450, #6784 ) ;
#6570 = AXIS2_PLACEMENT_3D ( 'NONE', #1090, #4600, #4642 ) ;
#6571 = MECHANICAL_DESIGN_GEOMETRIC_PRESENTATION_REPRESENTATION (  '', ( #3899 ), #5950 ) ;
#6572 = CARTESIAN_POINT ( 'NONE',  ( 125.0000000000000000, -27.00999999986638045, 124.0000000002087148 ) ) ;
#6573 = CARTESIAN_POINT ( 'NONE',  ( -125.0000000000000000, -21.83148461050831557, 115.0619018653643764 ) ) ;
#6574 = LINE ( 'NONE', #1337, #2911 ) ;
#6575 = EDGE_CURVE ( 'NONE', #2027, #5858, #2447, .T. ) ;
#6576 = VECTOR ( 'NONE', #6242, 1000.000000000000000 ) ;
#6577 = FACE_OUTER_BOUND ( 'NONE', #5477, .T. ) ;
#6578 = VECTOR ( 'NONE', #3164, 1000.000000000000000 ) ;
#6579 = ORIENTED_EDGE ( 'NONE', *, *, #5438, .T. ) ;
#6580 = ORIENTED_EDGE ( 'NONE', *, *, #5729, .F. ) ;
#6581 = ORIENTED_EDGE ( 'NONE', *, *, #5648, .F. ) ;
#6582 = CARTESIAN_POINT ( 'NONE',  ( -125.0000000000000000, -20.14637033074346562, -2.350932677867641374 ) ) ;
#6583 = AXIS2_PLACEMENT_3D ( 'NONE', #4278, #4203, #1283 ) ;
#6584 = ORIENTED_EDGE ( 'NONE', *, *, #3868, .T. ) ;
#6585 = DIRECTION ( 'NONE',  ( -1.000000000000000000, -0.000000000000000000, -0.000000000000000000 ) ) ;
#6586 = EDGE_CURVE ( 'NONE', #3491, #1972, #5202, .T. ) ;
#6587 = CARTESIAN_POINT ( 'NONE',  ( 125.0000000000000000, 22.01000000000425416, -6.300949345616757569E-12 ) ) ;
#6588 = FACE_OUTER_BOUND ( 'NONE', #7111, .T. ) ;
#6589 = VERTEX_POINT ( 'NONE', #2482 ) ;
#6590 = ORIENTED_EDGE ( 'NONE', *, *, #5372, .F. ) ;
#6591 = FACE_OUTER_BOUND ( 'NONE', #1804, .T. ) ;
#6592 = LINE ( 'NONE', #3547, #3633 ) ;
#6593 = ORIENTED_EDGE ( 'NONE', *, *, #2534, .T. ) ;
#6594 = LINE ( 'NONE', #1856, #2028 ) ;
#6595 = DIRECTION ( 'NONE',  ( 1.000000000000000000, 0.000000000000000000, 0.000000000000000000 ) ) ;
#6596 = LINE ( 'NONE', #4413, #5888 ) ;
#6597 = EDGE_CURVE ( 'NONE', #423, #2339, #2531, .T. ) ;
#6598 = EDGE_CURVE ( 'NONE', #2696, #5604, #3101, .T. ) ;
#6599 = CARTESIAN_POINT ( 'NONE',  ( -125.0000000000000000, 12.50999999980932209, 125.0000000001181490 ) ) ;
#6600 = ORIENTED_EDGE ( 'NONE', *, *, #5345, .F. ) ;
#6601 = ORIENTED_EDGE ( 'NONE', *, *, #5234, .F. ) ;
#6602 = FACE_OUTER_BOUND ( 'NONE', #1384, .T. ) ;
#6603 = EDGE_CURVE ( 'NONE', #3080, #5621, #5948, .T. ) ;
#6604 = ADVANCED_FACE ( 'NONE', ( #1828 ), #7173, .F. ) ;
#6605 = CARTESIAN_POINT ( 'NONE',  ( -125.0000000000000000, 22.01000000000309598, 116.5008710292995318 ) ) ;
#6606 = VERTEX_POINT ( 'NONE', #2987 ) ;
#6607 = CARTESIAN_POINT ( 'NONE',  ( 125.0000000000000000, 24.01000000000296453, -4.472135955002962682 ) ) ;
#6608 = DIRECTION ( 'NONE',  ( 0.000000000000000000, -1.000000000000000000, 0.000000000000000000 ) ) ;
#6609 = LINE ( 'NONE', #7184, #5563 ) ;
#6610 = CARTESIAN_POINT ( 'NONE',  ( 125.0000000000000000, -23.75999999986629518, 120.0846308027086593 ) ) ;
#6611 = EDGE_LOOP ( 'NONE', ( #3554, #6829, #4442, #2233 ) ) ;
#6612 = ORIENTED_EDGE ( 'NONE', *, *, #394, .T. ) ;
#6613 = VERTEX_POINT ( 'NONE', #218 ) ;
#6614 = ADVANCED_FACE ( 'NONE', ( #3024 ), #2513, .T. ) ;
#6615 = FILL_AREA_STYLE_COLOUR ( '', #2178 ) ;
#6616 = EDGE_LOOP ( 'NONE', ( #3534, #2967, #535, #4353 ) ) ;
#6617 = CARTESIAN_POINT ( 'NONE',  ( -125.0000000000000000, -14.76109210079678391, -117.0000000001221423 ) ) ;
#6618 = PLANE ( 'NONE',  #71 ) ;
#6619 = CARTESIAN_POINT ( 'NONE',  ( 125.0000000000000000, -16.50999999986648348, -120.0846308022910591 ) ) ;
#6620 = DIRECTION ( 'NONE',  ( -1.000000000000000000, -0.000000000000000000, -0.000000000000000000 ) ) ;
#6621 = CARTESIAN_POINT ( 'NONE',  ( -125.0000000000000000, -21.02402215828363552, -0.7683408720460617181 ) ) ;
#6622 = ORIENTED_EDGE ( 'NONE', *, *, #2106, .T. ) ;
#6623 = VERTEX_POINT ( 'NONE', #1782 ) ;
#6624 = EDGE_CURVE ( 'NONE', #6916, #4798, #1359, .T. ) ;
#6625 = DIRECTION ( 'NONE',  ( -1.000000000000000000, -0.000000000000000000, -0.000000000000000000 ) ) ;
#6626 = CARTESIAN_POINT ( 'NONE',  ( 125.0000000000000000, 0.009999999809365651623, 120.0000000001180496 ) ) ;
#6627 = ORIENTED_EDGE ( 'NONE', *, *, #4768, .T. ) ;
#6628 = DIRECTION ( 'NONE',  ( 1.000000000000000000, 0.000000000000000000, 0.000000000000000000 ) ) ;
#6629 = CARTESIAN_POINT ( 'NONE',  ( 125.0000000000000000, -22.00999999999867640, 6.218658400725107782E-12 ) ) ;
#6630 = DIRECTION ( 'NONE',  ( 0.000000000000000000, -0.2588190451063943076, 0.9659258262880302537 ) ) ;
#6631 = ORIENTED_EDGE ( 'NONE', *, *, #6888, .F. ) ;
#6632 = EDGE_CURVE ( 'NONE', #5159, #269, #4200, .T. ) ;
#6633 = DIRECTION ( 'NONE',  ( 0.000000000000000000, -1.000000000000000000, -8.682410371595642740E-14 ) ) ;
#6634 = ORIENTED_EDGE ( 'NONE', *, *, #266, .F. ) ;
#6635 = CARTESIAN_POINT ( 'NONE',  ( 125.0000000000000000, 16.50999999980921373, 125.0000000001181490 ) ) ;
#6636 = EDGE_LOOP ( 'NONE', ( #3683, #128, #1729, #2710 ) ) ;
#6637 = EDGE_CURVE ( 'NONE', #959, #3646, #3700, .T. ) ;
#6638 = EDGE_CURVE ( 'NONE', #4657, #2273, #5220, .T. ) ;
#6639 = CARTESIAN_POINT ( 'NONE',  ( 125.0000000000000000, 9.361092100802974159, 117.0000000001181633 ) ) ;
#6640 = LINE ( 'NONE', #4426, #1548 ) ;
#6641 = CARTESIAN_POINT ( 'NONE',  ( 125.0000000000000000, 27.00999999980928123, -123.9999999998817373 ) ) ;
#6642 = ORIENTED_EDGE ( 'NONE', *, *, #2403, .T. ) ;
#6643 = ORIENTED_EDGE ( 'NONE', *, *, #5174, .T. ) ;
#6644 = ORIENTED_EDGE ( 'NONE', *, *, #2929, .T. ) ;
#6645 =( LENGTH_UNIT ( ) NAMED_UNIT ( * ) SI_UNIT ( .MILLI., .METRE. ) );
#6646 = VERTEX_POINT ( 'NONE', #4873 ) ;
#6647 = FACE_OUTER_BOUND ( 'NONE', #1281, .T. ) ;
#6648 = DIRECTION ( 'NONE',  ( 0.000000000000000000, 0.000000000000000000, -1.000000000000000000 ) ) ;
#6649 = DIRECTION ( 'NONE',  ( 0.000000000000000000, -0.1643989873054105544, -0.9863939238321348668 ) ) ;
#6650 = CARTESIAN_POINT ( 'NONE',  ( 125.0000000000000000, -21.83148461050831557, 115.0619018653643764 ) ) ;
#6651 = LINE ( 'NONE', #917, #1950 ) ;
#6652 = EDGE_LOOP ( 'NONE', ( #3089, #4233, #3582, #1066 ) ) ;
#6653 = ORIENTED_EDGE ( 'NONE', *, *, #2908, .F. ) ;
#6654 = AXIS2_PLACEMENT_3D ( 'NONE', #636, #5824, #4119 ) ;
#6655 = ORIENTED_EDGE ( 'NONE', *, *, #5603, .F. ) ;
#6656 = CYLINDRICAL_SURFACE ( 'NONE', #3153, 0.4999999999999449329 ) ;
#6657 = AXIS2_PLACEMENT_3D ( 'NONE', #4538, #1104, #530 ) ;
#6658 = AXIS2_PLACEMENT_3D ( 'NONE', #4750, #6540, #1303 ) ;
#6659 = VERTEX_POINT ( 'NONE', #7212 ) ;
#6660 = DIRECTION ( 'NONE',  ( 1.000000000000000000, 0.000000000000000000, 0.000000000000000000 ) ) ;
#6661 = CARTESIAN_POINT ( 'NONE',  ( 125.0000000000000000, 2.009999999809395366, 125.0000000001181490 ) ) ;
#6662 = FACE_OUTER_BOUND ( 'NONE', #1891, .T. ) ;
#6663 = EDGE_CURVE ( 'NONE', #4848, #6677, #1387, .T. ) ;
#6664 = DIRECTION ( 'NONE',  ( 1.000000000000000000, 0.000000000000000000, -0.000000000000000000 ) ) ;
#6665 = AXIS2_PLACEMENT_3D ( 'NONE', #2406, #5293, #677 ) ;
#6666 = AXIS2_PLACEMENT_3D ( 'NONE', #4604, #2323, #4562 ) ;
#6667 = EDGE_LOOP ( 'NONE', ( #4, #203, #6906, #2156 ) ) ;
#6668 = ORIENTED_EDGE ( 'NONE', *, *, #1501, .T. ) ;
#6669 = CYLINDRICAL_SURFACE ( 'NONE', #1324, 0.1999999998511803323 ) ;
#6670 = AXIS2_PLACEMENT_3D ( 'NONE', #6953, #4053, #1831 ) ;
#6671 = ORIENTED_EDGE ( 'NONE', *, *, #1993, .F. ) ;
#6672 = CARTESIAN_POINT ( 'NONE',  ( 125.0000000000000000, 0.009999999809365668971, 115.5000000001181064 ) ) ;
#6673 = VECTOR ( 'NONE', #1458, 1000.000000000000000 ) ;
#6674 = CARTESIAN_POINT ( 'NONE',  ( 125.0000000000000000, 19.75999999980918886, 125.0000000001181490 ) ) ;
#6675 = EDGE_CURVE ( 'NONE', #7281, #6850, #1428, .T. ) ;
#6676 = AXIS2_PLACEMENT_3D ( 'NONE', #6607, #5485, #7182 ) ;
#6677 = VERTEX_POINT ( 'NONE', #4304 ) ;
#6678 = DIRECTION ( 'NONE',  ( -0.000000000000000000, 1.000000000000000000, 0.000000000000000000 ) ) ;
#6679 = CARTESIAN_POINT ( 'NONE',  ( 125.0000000000000000, 5.260000000002621690, -125.0000000000202931 ) ) ;
#6680 = VECTOR ( 'NONE', #4105, 1000.000000000000000 ) ;
#6681 = AXIS2_PLACEMENT_3D ( 'NONE', #915, #4257, #878 ) ;
#6682 = VECTOR ( 'NONE', #5741, 1000.000000000000000 ) ;
#6683 = CARTESIAN_POINT ( 'NONE',  ( 125.0000000000000000, 22.01000000000309598, 116.5008710292995318 ) ) ;
#6684 = EDGE_CURVE ( 'NONE', #4486, #96, #4618, .T. ) ;
#6685 = ADVANCED_FACE ( 'NONE', ( #978 ), #7363, .F. ) ;
#6686 = DIRECTION ( 'NONE',  ( 0.000000000000000000, 0.000000000000000000, 1.000000000000000000 ) ) ;
#6687 = AXIS2_PLACEMENT_3D ( 'NONE', #3784, #897, #5480 ) ;
#6688 = VECTOR ( 'NONE', #7, 1000.000000000000000 ) ;
#6689 = AXIS2_PLACEMENT_3D ( 'NONE', #3969, #6836, #3935 ) ;
#6690 = ORIENTED_EDGE ( 'NONE', *, *, #789, .F. ) ;
#6691 = VECTOR ( 'NONE', #6277, 1000.000000000000000 ) ;
#6692 =( GEOMETRIC_REPRESENTATION_CONTEXT ( 3 ) GLOBAL_UNCERTAINTY_ASSIGNED_CONTEXT ( ( #4840 ) ) GLOBAL_UNIT_ASSIGNED_CONTEXT ( ( #6006, #5645, #4511 ) ) REPRESENTATION_CONTEXT ( 'NONE', 'WORKASPACE' ) );
#6693 = EDGE_LOOP ( 'NONE', ( #4096, #4847, #6077, #7029 ) ) ;
#6694 = ORIENTED_EDGE ( 'NONE', *, *, #7234, .F. ) ;
#6695 = LINE ( 'NONE', #5997, #1931 ) ;
#6696 = DIRECTION ( 'NONE',  ( -1.000000000000000000, -0.000000000000000000, -0.000000000000000000 ) ) ;
#6697 = AXIS2_PLACEMENT_3D ( 'NONE', #404, #2238, #973 ) ;
#6698 = CARTESIAN_POINT ( 'NONE',  ( 125.0000000000000000, -9.259999999866504794, 125.0000000002088001 ) ) ;
#6699 = ADVANCED_FACE ( 'NONE', ( #4984 ), #5018, .F. ) ;
#6700 = PLANE ( 'NONE',  #87 ) ;
#6701 = LINE ( 'NONE', #1454, #4142 ) ;
#6702 = EDGE_LOOP ( 'NONE', ( #7465, #4591, #1205, #157 ) ) ;
#6703 = ORIENTED_EDGE ( 'NONE', *, *, #989, .T. ) ;
#6704 = EDGE_LOOP ( 'NONE', ( #1310, #6099, #6581, #7466 ) ) ;
#6705 = AXIS2_PLACEMENT_3D ( 'NONE', #4258, #5498, #7227 ) ;
#6706 = CARTESIAN_POINT ( 'NONE',  ( -125.0000000000000000, 2.010000000002646559, -120.0000000000203784 ) ) ;
#6707 = ORIENTED_EDGE ( 'NONE', *, *, #4441, .T. ) ;
#6708 = DIRECTION ( 'NONE',  ( -1.000000000000000000, 0.000000000000000000, -0.000000000000000000 ) ) ;
#6709 = VECTOR ( 'NONE', #378, 1000.000000000000000 ) ;
#6710 = CARTESIAN_POINT ( 'NONE',  ( 125.0000000000000000, 22.51000000000288281, 4.472135955001192542 ) ) ;
#6711 = ORIENTED_EDGE ( 'NONE', *, *, #6851, .F. ) ;
#6712 = ORIENTED_EDGE ( 'NONE', *, *, #1132, .T. ) ;
#6713 = DIRECTION ( 'NONE',  ( 0.000000000000000000, 0.000000000000000000, -1.000000000000000000 ) ) ;
#6714 = ADVANCED_FACE ( 'NONE', ( #3891 ), #3282, .F. ) ;
#6715 = ORIENTED_EDGE ( 'NONE', *, *, #6598, .T. ) ;
#6716 = DIRECTION ( 'NONE',  ( 1.000000000000000000, 0.000000000000000000, 0.000000000000000000 ) ) ;
#6717 = ORIENTED_EDGE ( 'NONE', *, *, #6874, .F. ) ;
#6718 = PLANE ( 'NONE',  #3524 ) ;
#6719 = DIRECTION ( 'NONE',  ( 0.000000000000000000, -1.000000000000000000, 0.000000000000000000 ) ) ;
#6720 = EDGE_CURVE ( 'NONE', #2696, #4521, #5583, .T. ) ;
#6721 = DIRECTION ( 'NONE',  ( 0.000000000000000000, 0.000000000000000000, -1.000000000000000000 ) ) ;
#6722 = ORIENTED_EDGE ( 'NONE', *, *, #1682, .T. ) ;
#6723 = ORIENTED_EDGE ( 'NONE', *, *, #2918, .T. ) ;
#6724 = ORIENTED_EDGE ( 'NONE', *, *, #1284, .F. ) ;
#6725 = EDGE_CURVE ( 'NONE', #3533, #4318, #6214, .T. ) ;
#6726 = APPLICATION_PROTOCOL_DEFINITION ( 'draft international standard', 'automotive_design', 1998, #5735 ) ;
#6727 = ORIENTED_EDGE ( 'NONE', *, *, #4656, .T. ) ;
#6728 = DIRECTION ( 'NONE',  ( 0.000000000000000000, 0.000000000000000000, 1.000000000000000000 ) ) ;
#6729 = CYLINDRICAL_SURFACE ( 'NONE', #2279, 1.250000000007465806 ) ;
#6730 = PLANE ( 'NONE',  #6066 ) ;
#6731 = CARTESIAN_POINT ( 'NONE',  ( 125.0000000000000000, 0.009999999809365651623, 120.0000000001180496 ) ) ;
#6732 = CARTESIAN_POINT ( 'NONE',  ( -125.0000000000000000, -11.16109210085998882, 115.0000000002078906 ) ) ;
#6733 = EDGE_LOOP ( 'NONE', ( #7524, #3712, #1582, #333 ) ) ;
#6734 = ORIENTED_EDGE ( 'NONE', *, *, #6170, .F. ) ;
#6735 = EDGE_CURVE ( 'NONE', #5596, #1877, #330, .T. ) ;
#6736 = EDGE_CURVE ( 'NONE', #6623, #6844, #1180, .T. ) ;
#6737 = FACE_OUTER_BOUND ( 'NONE', #3481, .T. ) ;
#6738 = ORIENTED_EDGE ( 'NONE', *, *, #4905, .F. ) ;
#6739 = FACE_OUTER_BOUND ( 'NONE', #1728, .T. ) ;
#6740 = LINE ( 'NONE', #5430, #6014 ) ;
#6741 = CARTESIAN_POINT ( 'NONE',  ( 125.0000000000000000, -22.00999999986693467, 116.5008710294929273 ) ) ;
#6742 = DIRECTION ( 'NONE',  ( 0.000000000000000000, -1.000000000000000000, 0.000000000000000000 ) ) ;
#6743 = CARTESIAN_POINT ( 'NONE',  ( -125.0000000000000000, 24.01000000000296453, -114.0436091504081304 ) ) ;
#6744 = ORIENTED_EDGE ( 'NONE', *, *, #3893, .F. ) ;
#6745 = VERTEX_POINT ( 'NONE', #7242 ) ;
#6746 = CARTESIAN_POINT ( 'NONE',  ( 125.0000000000000000, 19.76000000000243872, -125.0000000000202931 ) ) ;
#6747 = ORIENTED_EDGE ( 'NONE', *, *, #3133, .F. ) ;
#6748 = DIRECTION ( 'NONE',  ( -1.000000000000000000, -0.000000000000000000, -0.000000000000000000 ) ) ;
#6749 = DIRECTION ( 'NONE',  ( 0.000000000000000000, -1.000000000000000000, 0.000000000000000000 ) ) ;
#6750 = AXIS2_PLACEMENT_3D ( 'NONE', #2766, #6881, #1071 ) ;
#6751 = AXIS2_PLACEMENT_3D ( 'NONE', #424, #461, #3981 ) ;
#6752 = CARTESIAN_POINT ( 'NONE',  ( 125.0000000000000000, -22.00999999986693467, 116.5008710294929273 ) ) ;
#6753 = ORIENTED_EDGE ( 'NONE', *, *, #4461, .T. ) ;
#6754 = CARTESIAN_POINT ( 'NONE',  ( 125.0000000000000000, 9.361092100996113885, -117.0000000000202647 ) ) ;
#6755 = LINE ( 'NONE', #3790, #7034 ) ;
#6756 = CARTESIAN_POINT ( 'NONE',  ( 125.0000000000000000, 12.51000000000257373, -125.0000000000202931 ) ) ;
#6757 = EDGE_CURVE ( 'NONE', #2481, #1148, #226, .T. ) ;
#6758 = EDGE_CURVE ( 'NONE', #2126, #1459, #3781, .T. ) ;
#6759 = ORIENTED_EDGE ( 'NONE', *, *, #2337, .F. ) ;
#6760 = ORIENTED_EDGE ( 'NONE', *, *, #5066, .F. ) ;
#6761 = ORIENTED_EDGE ( 'NONE', *, *, #780, .T. ) ;
#6762 = DIRECTION ( 'NONE',  ( 0.000000000000000000, 0.000000000000000000, -1.000000000000000000 ) ) ;
#6763 = ORIENTED_EDGE ( 'NONE', *, *, #4675, .F. ) ;
#6764 = CARTESIAN_POINT ( 'NONE',  ( 125.0000000000000000, -21.83148461050831557, 115.2619018652094383 ) ) ;
#6765 = DIRECTION ( 'NONE',  ( -1.000000000000000000, -0.000000000000000000, -0.000000000000000000 ) ) ;
#6766 = LINE ( 'NONE', #5986, #2566 ) ;
#6767 = LINE ( 'NONE', #3308, #2186 ) ;
#6768 = EDGE_CURVE ( 'NONE', #7076, #5451, #3172, .T. ) ;
#6769 = ORIENTED_EDGE ( 'NONE', *, *, #5632, .F. ) ;
#6770 = ORIENTED_EDGE ( 'NONE', *, *, #7411, .F. ) ;
#6771 = DIRECTION ( 'NONE',  ( -1.000000000000000000, -0.000000000000000000, -0.000000000000000000 ) ) ;
#6772 = ORIENTED_EDGE ( 'NONE', *, *, #829, .F. ) ;
#6773 = FACE_OUTER_BOUND ( 'NONE', #4408, .T. ) ;
#6774 = CARTESIAN_POINT ( 'NONE',  ( 125.0000000000000000, -22.00999999999867640, 6.218658400725107782E-12 ) ) ;
#6775 = LINE ( 'NONE', #5543, #7130 ) ;
#6776 = DIRECTION ( 'NONE',  ( 0.000000000000000000, -1.000000000000000000, 0.000000000000000000 ) ) ;
#6777 = VECTOR ( 'NONE', #749, 1000.000000000000000 ) ;
#6778 = LINE ( 'NONE', #5544, #5828 ) ;
#6779 = ADVANCED_FACE ( 'NONE', ( #933 ), #6669, .T. ) ;
#6780 = EDGE_CURVE ( 'NONE', #5555, #803, #5546, .T. ) ;
#6781 = CIRCLE ( 'NONE', #563, 1.250000000000070610 ) ;
#6782 = VERTEX_POINT ( 'NONE', #290 ) ;
#6783 = ORIENTED_EDGE ( 'NONE', *, *, #2731, .F. ) ;
#6784 = DIRECTION ( 'NONE',  ( 0.000000000000000000, 0.000000000000000000, -1.000000000000000000 ) ) ;
#6785 = AXIS2_PLACEMENT_3D ( 'NONE', #4196, #6402, #6556 ) ;
#6786 = ORIENTED_EDGE ( 'NONE', *, *, #6291, .T. ) ;
#6787 = DIRECTION ( 'NONE',  ( 0.000000000000000000, 0.9659258262884606872, -0.2588190451047883145 ) ) ;
#6788 = LINE ( 'NONE', #3285, #5701 ) ;
#6789 = VECTOR ( 'NONE', #5617, 1000.000000000000000 ) ;
#6790 = CARTESIAN_POINT ( 'NONE',  ( -125.0000000000000000, -16.50999999986648348, -120.0846308022910591 ) ) ;
#6791 = PLANE ( 'NONE',  #238 ) ;
#6792 = ADVANCED_FACE ( 'NONE', ( #2633 ), #4938, .F. ) ;
#6793 = ORIENTED_EDGE ( 'NONE', *, *, #3240, .F. ) ;
#6794 = AXIS2_PLACEMENT_3D ( 'NONE', #7341, #7373, #5486 ) ;
#6795 = CARTESIAN_POINT ( 'NONE',  ( 125.0000000000000000, 22.34333333333446348, -2.981423970002945456 ) ) ;
#6796 = VECTOR ( 'NONE', #4127, 1000.000000000000000 ) ;
#6797 = DIRECTION ( 'NONE',  ( 0.000000000000000000, 0.000000000000000000, 1.000000000000000000 ) ) ;
#6798 = PLANE ( 'NONE',  #3386 ) ;
#6799 = LINE ( 'NONE', #2101, #5190 ) ;
#6800 = ORIENTED_EDGE ( 'NONE', *, *, #6675, .F. ) ;
#6801 = AXIS2_PLACEMENT_3D ( 'NONE', #3160, #3692, #774 ) ;
#6802 = ORIENTED_EDGE ( 'NONE', *, *, #2093, .T. ) ;
#6803 = VERTEX_POINT ( 'NONE', #6247 ) ;
#6804 = VECTOR ( 'NONE', #255, 1000.000000000000000 ) ;
#6805 = VECTOR ( 'NONE', #3955, 1000.000000000000000 ) ;
#6806 = CYLINDRICAL_SURFACE ( 'NONE', #5335, 0.1999999999997975619 ) ;
#6808 = EDGE_CURVE ( 'NONE', #7352, #2598, #7477, .T. ) ;
#6807 = CARTESIAN_POINT ( 'NONE',  ( 125.0000000000000000, 22.01000000000292900, -117.7508710293030845 ) ) ;
#6809 = DIRECTION ( 'NONE',  ( 0.000000000000000000, 0.9659258262884737878, 0.2588190451047393537 ) ) ;
#6810 = VECTOR ( 'NONE', #1510, 1000.000000000000000 ) ;
#6811 = LINE ( 'NONE', #426, #7439 ) ;
#6812 = LINE ( 'NONE', #4550, #3409 ) ;
#6813 = ORIENTED_EDGE ( 'NONE', *, *, #4737, .T. ) ;
#6814 = VERTEX_POINT ( 'NONE', #518 ) ;
#6815 = CARTESIAN_POINT ( 'NONE',  ( 125.0000000000000000, 21.52022843723594292, 114.6730186729565020 ) ) ;
#6816 = VECTOR ( 'NONE', #4563, 1000.000000000000000 ) ;
#6817 = AXIS2_PLACEMENT_3D ( 'NONE', #2265, #965, #5767 ) ;
#6818 = VERTEX_POINT ( 'NONE', #2832 ) ;
#6819 = EDGE_CURVE ( 'NONE', #4079, #7110, #6366, .T. ) ;
#6820 = LINE ( 'NONE', #3922, #2673 ) ;
#6821 = CARTESIAN_POINT ( 'NONE',  ( 125.0000000000000000, 20.76626570360521740, 0.7180703308240182769 ) ) ;
#6822 = CARTESIAN_POINT ( 'NONE',  ( 125.0000000000000000, 16.51000000000246359, -120.0846308025203655 ) ) ;
#6823 = LINE ( 'NONE', #436, #5949 ) ;
#6824 = AXIS2_PLACEMENT_3D ( 'NONE', #5900, #5442, #4800 ) ;
#6825 = VECTOR ( 'NONE', #6048, 1000.000000000000000 ) ;
#6826 = ORIENTED_EDGE ( 'NONE', *, *, #699, .T. ) ;
#6827 = DIRECTION ( 'NONE',  ( 1.000000000000000000, 0.000000000000000000, 0.000000000000000000 ) ) ;
#6828 = CARTESIAN_POINT ( 'NONE',  ( -125.0000000000000000, 19.75999999980918886, 120.0846308026180367 ) ) ;
#6829 = ORIENTED_EDGE ( 'NONE', *, *, #4163, .F. ) ;
#6830 = EDGE_CURVE ( 'NONE', #4374, #6844, #5055, .T. ) ;
#6831 = VECTOR ( 'NONE', #5577, 1000.000000000000000 ) ;
#6832 = CARTESIAN_POINT ( 'NONE',  ( 125.0000000000000000, -9.361092100796657434, -117.0000000001185896 ) ) ;
#6833 = DIRECTION ( 'NONE',  ( -1.000000000000000000, -0.000000000000000000, -0.000000000000000000 ) ) ;
#6834 = DIRECTION ( 'NONE',  ( 0.000000000000000000, 0.000000000000000000, -1.000000000000000000 ) ) ;
#6835 = ORIENTED_EDGE ( 'NONE', *, *, #2209, .T. ) ;
#6836 = DIRECTION ( 'NONE',  ( 1.000000000000000000, 0.000000000000000000, 0.000000000000000000 ) ) ;
#6837 = ADVANCED_FACE ( 'NONE', ( #2324 ), #5210, .T. ) ;
#6838 = EDGE_CURVE ( 'NONE', #1177, #6031, #2868, .T. ) ;
#6839 = CARTESIAN_POINT ( 'NONE',  ( 125.0000000000000000, 5.259999999809370053, 117.0000000001181633 ) ) ;
#6840 = CYLINDRICAL_SURFACE ( 'NONE', #577, 1.250000000007643886 ) ;
#6841 = LINE ( 'NONE', #904, #4704 ) ;
#6842 = VERTEX_POINT ( 'NONE', #3468 ) ;
#6843 = ORIENTED_EDGE ( 'NONE', *, *, #2866, .T. ) ;
#6844 = VERTEX_POINT ( 'NONE', #441 ) ;
#6845 = CARTESIAN_POINT ( 'NONE',  ( -125.0000000000000000, -22.00999999999867640, -1.250000000001425304 ) ) ;
#6846 = FACE_OUTER_BOUND ( 'NONE', #1481, .T. ) ;
#6847 = LINE ( 'NONE', #1573, #4957 ) ;
#6848 = LINE ( 'NONE', #2768, #7319 ) ;
#6849 = FACE_OUTER_BOUND ( 'NONE', #420, .T. ) ;
#6850 = VERTEX_POINT ( 'NONE', #2787 ) ;
#6851 = EDGE_CURVE ( 'NONE', #3943, #1888, #4970, .T. ) ;
#6852 = VERTEX_POINT ( 'NONE', #1621 ) ;
#6853 = DIRECTION ( 'NONE',  ( -1.000000000000000000, -0.000000000000000000, -0.000000000000000000 ) ) ;
#6854 = ORIENTED_EDGE ( 'NONE', *, *, #42, .F. ) ;
#6855 = CARTESIAN_POINT ( 'NONE',  ( -125.0000000000000000, -0.009999999803049450589, -120.0000000001187033 ) ) ;
#6856 = CARTESIAN_POINT ( 'NONE',  ( 125.0000000000000000, -22.00999999999867640, 1.250000000013862467 ) ) ;
#6857 = LINE ( 'NONE', #3884, #5103 ) ;
#6858 = DIRECTION ( 'NONE',  ( -1.000000000000000000, -0.000000000000000000, -0.000000000000000000 ) ) ;
#6859 = EDGE_CURVE ( 'NONE', #137, #391, #2207, .T. ) ;
#6860 = ADVANCED_FACE ( 'NONE', ( #554 ), #1127, .F. ) ;
#6861 = ORIENTED_EDGE ( 'NONE', *, *, #3666, .F. ) ;
#6862 = CYLINDRICAL_SURFACE ( 'NONE', #2888, 2.999999999996596500 ) ;
#6863 = CARTESIAN_POINT ( 'NONE',  ( -125.0000000000000000, -16.56109210079689120, -117.0000000001221423 ) ) ;
#6864 = ORIENTED_EDGE ( 'NONE', *, *, #2803, .T. ) ;
#6865 = DIRECTION ( 'NONE',  ( -1.000000000000000000, -0.000000000000000000, -0.000000000000000000 ) ) ;
#6866 = CARTESIAN_POINT ( 'NONE',  ( 125.0000000000000000, -22.00319135037342022, 114.0436091504053167 ) ) ;
#6867 = CARTESIAN_POINT ( 'NONE',  ( 125.0000000000000000, -24.00999999999712387, -114.0436091504067946 ) ) ;
#6868 = EDGE_CURVE ( 'NONE', #6968, #967, #7399, .T. ) ;
#6869 = ORIENTED_EDGE ( 'NONE', *, *, #6292, .T. ) ;
#6870 = CARTESIAN_POINT ( 'NONE',  ( -125.0000000000000000, 0.01000000000261697976, -114.0000000000203784 ) ) ;
#6871 = CARTESIAN_POINT ( 'NONE',  ( 125.0000000000000000, -19.75999999986629163, 125.0000000002088001 ) ) ;
#6872 = DIRECTION ( 'NONE',  ( 0.000000000000000000, 0.000000000000000000, -1.000000000000000000 ) ) ;
#6873 = ADVANCED_FACE ( 'NONE', ( #7509 ), #6399, .F. ) ;
#6874 = EDGE_CURVE ( 'NONE', #1547, #4770, #485, .T. ) ;
#6875 = ORIENTED_EDGE ( 'NONE', *, *, #3562, .F. ) ;
#6876 = CIRCLE ( 'NONE', #4677, 0.9999999999999453770 ) ;
#6877 = ORIENTED_EDGE ( 'NONE', *, *, #2524, .F. ) ;
#6878 = VERTEX_POINT ( 'NONE', #1740 ) ;
#6879 = FACE_OUTER_BOUND ( 'NONE', #399, .T. ) ;
#6880 = ORIENTED_EDGE ( 'NONE', *, *, #2857, .T. ) ;
#6881 = DIRECTION ( 'NONE',  ( -0.000000000000000000, 1.000000000000000000, 0.000000000000000000 ) ) ;
#6882 = DIRECTION ( 'NONE',  ( 0.000000000000000000, -0.000000000000000000, 1.000000000000000000 ) ) ;
#6883 = DIRECTION ( 'NONE',  ( -1.000000000000000000, 0.000000000000000000, -0.000000000000000000 ) ) ;
#6884 = FACE_OUTER_BOUND ( 'NONE', #4466, .T. ) ;
#6885 = CARTESIAN_POINT ( 'NONE',  ( -125.0000000000000000, -24.00999999999712387, -114.0436091504067946 ) ) ;
#6886 = AXIS2_PLACEMENT_3D ( 'NONE', #2629, #5590, #2088 ) ;
#6887 = CARTESIAN_POINT ( 'NONE',  ( 125.0000000000000000, 9.361092100802974159, 117.0000000001181633 ) ) ;
#6888 = EDGE_CURVE ( 'NONE', #5924, #6023, #1657, .T. ) ;
#6889 = ORIENTED_EDGE ( 'NONE', *, *, #1513, .T. ) ;
#6890 = ORIENTED_EDGE ( 'NONE', *, *, #1928, .F. ) ;
#6891 = CARTESIAN_POINT ( 'NONE',  ( 125.0000000000000000, 22.00319135038008156, -114.5436091504080736 ) ) ;
#6892 = ORIENTED_EDGE ( 'NONE', *, *, #2908, .T. ) ;
#6893 = DIRECTION ( 'NONE',  ( 0.000000000000000000, -1.000000000000000000, 3.083952846442101134E-13 ) ) ;
#6894 = CARTESIAN_POINT ( 'NONE',  ( 125.0000000000000000, -9.361092100859993437, 115.0000000002078906 ) ) ;
#6895 = DIRECTION ( 'NONE',  ( 0.000000000000000000, -0.000000000000000000, -1.000000000000000000 ) ) ;
#6896 = CARTESIAN_POINT ( 'NONE',  ( 125.0000000000000000, 9.361092100996113885, -117.0000000000202647 ) ) ;
#6897 = VERTEX_POINT ( 'NONE', #6828 ) ;
#6898 = DIRECTION ( 'NONE',  ( 0.000000000000000000, 0.000000000000000000, -1.000000000000000000 ) ) ;
#6899 = CARTESIAN_POINT ( 'NONE',  ( 125.0000000000000000, 14.76109210099596325, -115.0000000000060538 ) ) ;
#6900 = AXIS2_PLACEMENT_3D ( 'NONE', #6994, #4099, #3531 ) ;
#6901 = ORIENTED_EDGE ( 'NONE', *, *, #5529, .F. ) ;
#6902 = ORIENTED_EDGE ( 'NONE', *, *, #7377, .T. ) ;
#6903 = DIRECTION ( 'NONE',  ( 0.000000000000000000, 0.000000000000000000, -1.000000000000000000 ) ) ;
#6904 = ADVANCED_FACE ( 'NONE', ( #1160 ), #1589, .F. ) ;
#6905 = LINE ( 'NONE', #6867, #2307 ) ;
#6906 = ORIENTED_EDGE ( 'NONE', *, *, #3941, .F. ) ;
#6907 = VECTOR ( 'NONE', #2628, 1000.000000000000000 ) ;
#6908 = LINE ( 'NONE', #1669, #707 ) ;
#6909 = VECTOR ( 'NONE', #231, 1000.000000000000000 ) ;
#6910 = AXIS2_PLACEMENT_3D ( 'NONE', #1438, #3789, #3245 ) ;
#6911 = ADVANCED_FACE ( 'NONE', ( #5781 ), #3503, .F. ) ;
#6912 = CARTESIAN_POINT ( 'NONE',  ( 125.0000000000000000, 20.07061230870587920, -2.194203832674285426 ) ) ;
#6913 = CARTESIAN_POINT ( 'NONE',  ( -125.0000000000000000, -14.76109210079678391, -115.0000000001168132 ) ) ;
#6914 = VECTOR ( 'NONE', #611, 1000.000000000000000 ) ;
#6915 = EDGE_LOOP ( 'NONE', ( #4032, #7507, #6126, #1413 ) ) ;
#6916 = VERTEX_POINT ( 'NONE', #3928 ) ;
#6917 = ORIENTED_EDGE ( 'NONE', *, *, #6171, .F. ) ;
#6918 = CARTESIAN_POINT ( 'NONE',  ( 125.0000000000000000, -16.50999999986631650, 120.0846308027086593 ) ) ;
#6919 = VECTOR ( 'NONE', #4244, 1000.000000000000000 ) ;
#6920 = EDGE_LOOP ( 'NONE', ( #36, #3100, #1762, #848 ) ) ;
#6921 = CARTESIAN_POINT ( 'NONE',  ( 125.0000000000000000, 19.75999999980918886, 125.0000000001181490 ) ) ;
#6922 = EDGE_CURVE ( 'NONE', #7428, #3911, #4713, .T. ) ;
#6923 = FACE_OUTER_BOUND ( 'NONE', #4580, .T. ) ;
#6924 = PLANE ( 'NONE',  #6900 ) ;
#6925 = AXIS2_PLACEMENT_3D ( 'NONE', #2084, #2661, #7270 ) ;
#6926 = DIRECTION ( 'NONE',  ( 0.000000000000000000, 0.000000000000000000, -1.000000000000000000 ) ) ;
#6927 = VECTOR ( 'NONE', #2990, 1000.000000000000000 ) ;
#6928 = ORIENTED_EDGE ( 'NONE', *, *, #1915, .T. ) ;
#6929 = VERTEX_POINT ( 'NONE', #5891 ) ;
#6930 = VERTEX_POINT ( 'NONE', #25 ) ;
#6931 = CARTESIAN_POINT ( 'NONE',  ( 125.0000000000000000, 0.01000000000261697976, -115.2972412490205869 ) ) ;
#6932 = ORIENTED_EDGE ( 'NONE', *, *, #1579, .T. ) ;
#6933 = EDGE_CURVE ( 'NONE', #5218, #5924, #3577, .T. ) ;
#6934 = EDGE_CURVE ( 'NONE', #572, #4628, #6438, .T. ) ;
#6935 = VECTOR ( 'NONE', #3400, 1000.000000000000000 ) ;
#6936 = AXIS2_PLACEMENT_3D ( 'NONE', #320, #5696, #2665 ) ;
#6937 = CARTESIAN_POINT ( 'NONE',  ( -125.0000000000000000, -26.00999999986629518, 124.0000000002087148 ) ) ;
#6938 = FACE_OUTER_BOUND ( 'NONE', #3130, .T. ) ;
#6939 = CARTESIAN_POINT ( 'NONE',  ( -125.0000000000000000, 22.01000000000309598, 115.2508710292994607 ) ) ;
#6940 = ORIENTED_EDGE ( 'NONE', *, *, #4299, .T. ) ;
#6941 = VECTOR ( 'NONE', #2281, 1000.000000000000000 ) ;
#6942 = AXIS2_PLACEMENT_3D ( 'NONE', #4154, #3496, #89 ) ;
#6943 = VECTOR ( 'NONE', #6510, 1000.000000000000000 ) ;
#6944 = CARTESIAN_POINT ( 'NONE',  ( 125.0000000000000000, -2.009999999866387554, 120.0000000002086722 ) ) ;
#6945 = CARTESIAN_POINT ( 'NONE',  ( -125.0000000000000000, -24.00999999999702439, 114.0436091504053167 ) ) ;
#6946 = CARTESIAN_POINT ( 'NONE',  ( 125.0000000000000000, -0.009999999803049450589, -115.5000000001185327 ) ) ;
#6947 = LINE ( 'NONE', #3964, #2271 ) ;
#6948 = AXIS2_PLACEMENT_3D ( 'NONE', #435, #5698, #6321 ) ;
#6949 = CIRCLE ( 'NONE', #4009, 0.1999999998450602279 ) ;
#6950 = EDGE_LOOP ( 'NONE', ( #5878, #2889, #6063, #7256 ) ) ;
#6951 = DIRECTION ( 'NONE',  ( -1.000000000000000000, -0.000000000000000000, -0.000000000000000000 ) ) ;
#6952 = DIRECTION ( 'NONE',  ( 0.000000000000000000, 0.1643989873253191569, -0.9863939238288168543 ) ) ;
#6953 = CARTESIAN_POINT ( 'NONE',  ( 125.0000000000000000, 23.75999999980919242, 120.0846308026180367 ) ) ;
#6954 = LINE ( 'NONE', #7485, #1169 ) ;
#6955 = ORIENTED_EDGE ( 'NONE', *, *, #120, .F. ) ;
#6956 = ORIENTED_EDGE ( 'NONE', *, *, #1904, .T. ) ;
#6957 = EDGE_CURVE ( 'NONE', #3829, #6814, #4115, .T. ) ;
#6958 = ORIENTED_EDGE ( 'NONE', *, *, #2826, .T. ) ;
#6959 = CARTESIAN_POINT ( 'NONE',  ( 125.0000000000000000, 2.009999999809395366, 125.0000000001181490 ) ) ;
#6960 = CYLINDRICAL_SURFACE ( 'NONE', #1663, 1.250000000000070610 ) ;
#6961 = PLANE ( 'NONE',  #5906 ) ;
#6962 = CARTESIAN_POINT ( 'NONE',  ( 125.0000000000000000, -22.00999999999867640, 6.218658400725107782E-12 ) ) ;
#6963 = ORIENTED_EDGE ( 'NONE', *, *, #6004, .T. ) ;
#6964 = ORIENTED_EDGE ( 'NONE', *, *, #1760, .T. ) ;
#6965 = EDGE_CURVE ( 'NONE', #2737, #4439, #5284, .T. ) ;
#6966 = ORIENTED_EDGE ( 'NONE', *, *, #4857, .T. ) ;
#6967 = DIRECTION ( 'NONE',  ( 0.000000000000000000, 0.000000000000000000, -1.000000000000000000 ) ) ;
#6968 = VERTEX_POINT ( 'NONE', #2357 ) ;
#6969 = LINE ( 'NONE', #5201, #7544 ) ;
#6970 = DIRECTION ( 'NONE',  ( -1.000000000000000000, -0.000000000000000000, -0.000000000000000000 ) ) ;
#6971 = LINE ( 'NONE', #660, #2321 ) ;
#6972 = LINE ( 'NONE', #1586, #4971 ) ;
#6973 = EDGE_CURVE ( 'NONE', #1231, #5641, #3093, .T. ) ;
#6974 = EDGE_CURVE ( 'NONE', #2702, #4872, #7122, .T. ) ;
#6975 = ORIENTED_EDGE ( 'NONE', *, *, #4836, .F. ) ;
#6976 = CARTESIAN_POINT ( 'NONE',  ( 125.0000000000000000, -20.07061230869364010, -2.194203832672704912 ) ) ;
#6977 = CARTESIAN_POINT ( 'NONE',  ( -125.0000000000000000, -16.56109210086011529, 117.0000000001927987 ) ) ;
#6978 = DIRECTION ( 'NONE',  ( 0.000000000000000000, 1.000000000000000000, 0.000000000000000000 ) ) ;
#6979 = CARTESIAN_POINT ( 'NONE',  ( -125.0000000000000000, -2.009999999802995596, -120.0000000001187033 ) ) ;
#6980 = CARTESIAN_POINT ( 'NONE',  ( 125.0000000000000000, 22.51000000000288281, 4.472135955001192542 ) ) ;
#6981 = ORIENTED_EDGE ( 'NONE', *, *, #6465, .T. ) ;
#6982 = FACE_OUTER_BOUND ( 'NONE', #1140, .T. ) ;
#6983 = CARTESIAN_POINT ( 'NONE',  ( 125.0000000000000000, -23.75999999986646216, -124.9999999997909725 ) ) ;
#6984 = CARTESIAN_POINT ( 'NONE',  ( 125.0000000000000000, -22.00999999999867640, 6.218658400725107782E-12 ) ) ;
#6985 = LINE ( 'NONE', #6375, #70 ) ;
#6986 = ORIENTED_EDGE ( 'NONE', *, *, #1421, .T. ) ;
#6987 = ORIENTED_EDGE ( 'NONE', *, *, #4387, .T. ) ;
#6988 = DIRECTION ( 'NONE',  ( 0.000000000000000000, 0.000000000000000000, -1.000000000000000000 ) ) ;
#6989 = CARTESIAN_POINT ( 'NONE',  ( 125.0000000000000000, -23.75999999986646216, -120.0846308022910591 ) ) ;
#6990 = EDGE_CURVE ( 'NONE', #620, #1606, #4832, .T. ) ;
#6991 = DIRECTION ( 'NONE',  ( -1.000000000000000000, -0.000000000000000000, -0.000000000000000000 ) ) ;
#6992 = EDGE_CURVE ( 'NONE', #4564, #5704, #1237, .T. ) ;
#6993 = CIRCLE ( 'NONE', #4910, 0.1999999999999984568 ) ;
#6994 = CARTESIAN_POINT ( 'NONE',  ( 125.0000000000000000, -14.76109210086011991, 115.0000000001959108 ) ) ;
#6995 = VERTEX_POINT ( 'NONE', #169 ) ;
#6996 = VERTEX_POINT ( 'NONE', #2472 ) ;
#6997 = ORIENTED_EDGE ( 'NONE', *, *, #5560, .T. ) ;
#6998 = DIRECTION ( 'NONE',  ( 0.000000000000000000, 0.000000000000000000, 1.000000000000000000 ) ) ;
#6999 = VERTEX_POINT ( 'NONE', #4679 ) ;
#7000 = CARTESIAN_POINT ( 'NONE',  ( 125.0000000000000000, 19.75999999980918886, 125.0000000001181490 ) ) ;
#7001 = EDGE_CURVE ( 'NONE', #3228, #5998, #5313, .T. ) ;
#7002 = LINE ( 'NONE', #1769, #216 ) ;
#7003 = CARTESIAN_POINT ( 'NONE',  ( 125.0000000000000000, -5.259999999866473708, 120.0000000002086722 ) ) ;
#7004 = CARTESIAN_POINT ( 'NONE',  ( -125.0000000000000000, -21.63829944539978101, -115.1136656743442614 ) ) ;
#7005 = VERTEX_POINT ( 'NONE', #93 ) ;
#7006 = CARTESIAN_POINT ( 'NONE',  ( 125.0000000000000000, -16.76109210079674838, -115.3014856328114206 ) ) ;
#7007 = DIRECTION ( 'NONE',  ( -1.000000000000000000, 0.000000000000000000, -0.000000000000000000 ) ) ;
#7008 = DIRECTION ( 'NONE',  ( -1.000000000000000000, -0.000000000000000000, -0.000000000000000000 ) ) ;
#7009 = DIRECTION ( 'NONE',  ( 0.000000000000000000, 0.000000000000000000, -1.000000000000000000 ) ) ;
#7010 = EDGE_CURVE ( 'NONE', #3033, #1633, #706, .T. ) ;
#7011 = EDGE_CURVE ( 'NONE', #5941, #4540, #6592, .T. ) ;
#7012 = CARTESIAN_POINT ( 'NONE',  ( 125.0000000000000000, -22.34333333333142235, -2.981423969997499146 ) ) ;
#7013 = ORIENTED_EDGE ( 'NONE', *, *, #2480, .T. ) ;
#7014 = DIRECTION ( 'NONE',  ( 0.000000000000000000, 0.000000000000000000, -1.000000000000000000 ) ) ;
#7015 = EDGE_CURVE ( 'NONE', #1149, #6008, #5356, .T. ) ;
#7016 = CARTESIAN_POINT ( 'NONE',  ( -125.0000000000000000, 2.010000000002646559, -125.0000000000202931 ) ) ;
#7017 = CARTESIAN_POINT ( 'NONE',  ( 125.0000000000000000, 20.27061230870874553, -2.194203832683330191 ) ) ;
#7018 = CARTESIAN_POINT ( 'NONE',  ( 125.0000000000000000, 20.17061230869948574, 1.061970978718296266 ) ) ;
#7019 = LINE ( 'NONE', #1789, #5068 ) ;
#7020 = AXIS2_PLACEMENT_3D ( 'NONE', #2009, #3726, #6049 ) ;
#7021 = ORIENTED_EDGE ( 'NONE', *, *, #6851, .T. ) ;
#7022 = ORIENTED_EDGE ( 'NONE', *, *, #3337, .T. ) ;
#7023 = AXIS2_PLACEMENT_3D ( 'NONE', #6641, #4879, #6070 ) ;
#7024 = CIRCLE ( 'NONE', #1779, 1.250000000007643886 ) ;
#7025 = LINE ( 'NONE', #1069, #90 ) ;
#7026 = LINE ( 'NONE', #502, #6688 ) ;
#7027 = PLANE ( 'NONE',  #2401 ) ;
#7028 = CARTESIAN_POINT ( 'NONE',  ( -125.0000000000000000, -9.361092100796657434, -115.0000000001185896 ) ) ;
#7029 = ORIENTED_EDGE ( 'NONE', *, *, #4163, .T. ) ;
#7030 = ORIENTED_EDGE ( 'NONE', *, *, #6808, .T. ) ;
#7031 = EDGE_LOOP ( 'NONE', ( #6245, #1516, #6760, #1086 ) ) ;
#7032 = ADVANCED_FACE ( 'NONE', ( #4820 ), #56, .F. ) ;
#7033 = CARTESIAN_POINT ( 'NONE',  ( -125.0000000000000000, 20.76950934113887826, 116.3469784522505108 ) ) ;
#7034 = VECTOR ( 'NONE', #7297, 1000.000000000000000 ) ;
#7035 = EDGE_LOOP ( 'NONE', ( #6174, #7145, #4936, #1634 ) ) ;
#7036 = CARTESIAN_POINT ( 'NONE',  ( 125.0000000000000000, 16.76109210099593128, -115.3014856326913389 ) ) ;
#7037 = AXIS2_PLACEMENT_3D ( 'NONE', #4553, #510, #3876 ) ;
#7038 = FACE_OUTER_BOUND ( 'NONE', #4881, .T. ) ;
#7039 = PLANE ( 'NONE',  #2443 ) ;
#7040 = DIRECTION ( 'NONE',  ( 0.000000000000000000, 0.000000000000000000, -1.000000000000000000 ) ) ;
#7041 = VECTOR ( 'NONE', #3742, 1000.000000000000000 ) ;
#7042 = ORIENTED_EDGE ( 'NONE', *, *, #1225, .F. ) ;
#7043 = EDGE_CURVE ( 'NONE', #1991, #57, #4226, .T. ) ;
#7044 = CARTESIAN_POINT ( 'NONE',  ( 125.0000000000000000, 22.01000000000292900, -116.5008710293030134 ) ) ;
#7045 = CARTESIAN_POINT ( 'NONE',  ( 125.0000000000000000, 24.01000000000296453, -114.0436091504081304 ) ) ;
#7046 = AXIS2_PLACEMENT_3D ( 'NONE', #5885, #130, #3006 ) ;
#7047 = VECTOR ( 'NONE', #5429, 1000.000000000000000 ) ;
#7048 = ORIENTED_EDGE ( 'NONE', *, *, #453, .F. ) ;
#7049 = DIRECTION ( 'NONE',  ( 0.000000000000000000, -0.8660254037844387076, 0.4999999999999998890 ) ) ;
#7050 = LINE ( 'NONE', #1822, #833 ) ;
#7051 = DIRECTION ( 'NONE',  ( -1.000000000000000000, -0.000000000000000000, -0.000000000000000000 ) ) ;
#7052 = CIRCLE ( 'NONE', #3767, 1.250000000000070610 ) ;
#7053 = AXIS2_PLACEMENT_3D ( 'NONE', #940, #5991, #5951 ) ;
#7054 = DIRECTION ( 'NONE',  ( 0.000000000000000000, -1.000000000000000000, 0.000000000000000000 ) ) ;
#7055 = VECTOR ( 'NONE', #4167, 1000.000000000000000 ) ;
#7056 = AXIS2_PLACEMENT_3D ( 'NONE', #3232, #7239, #6664 ) ;
#7057 = PRESENTATION_LAYER_ASSIGNMENT (  '', '', ( #3899 ) ) ;
#7058 = VERTEX_POINT ( 'NONE', #6551 ) ;
#7059 = EDGE_CURVE ( 'NONE', #3420, #1339, #6477, .T. ) ;
#7060 = LINE ( 'NONE', #3070, #6193 ) ;
#7061 = VECTOR ( 'NONE', #4977, 1000.000000000000000 ) ;
#7062 = VECTOR ( 'NONE', #7163, 1000.000000000000000 ) ;
#7063 = CARTESIAN_POINT ( 'NONE',  ( -125.0000000000000000, -9.259999999866671772, -119.9999999997910862 ) ) ;
#7064 = DIRECTION ( 'NONE',  ( 1.000000000000000000, 0.000000000000000000, 0.000000000000000000 ) ) ;
#7065 = VERTEX_POINT ( 'NONE', #4265 ) ;
#7066 = AXIS2_PLACEMENT_3D ( 'NONE', #6489, #3135, #676 ) ;
#7067 = ORIENTED_EDGE ( 'NONE', *, *, #785, .T. ) ;
#7068 = ADVANCED_FACE ( 'NONE', ( #1351 ), #597, .F. ) ;
#7069 = ADVANCED_FACE ( 'NONE', ( #6091 ), #282, .F. ) ;
#7070 = DIRECTION ( 'NONE',  ( -0.000000000000000000, 1.000000000000000000, 0.000000000000000000 ) ) ;
#7071 = CARTESIAN_POINT ( 'NONE',  ( 125.0000000000000000, -9.259999999866504794, 125.0000000002088001 ) ) ;
#7072 = AXIS2_PLACEMENT_3D ( 'NONE', #4612, #5216, #1711 ) ;
#7073 = DIRECTION ( 'NONE',  ( -1.000000000000000000, -0.000000000000000000, -0.000000000000000000 ) ) ;
#7074 = DIRECTION ( 'NONE',  ( 0.000000000000000000, 0.000000000000000000, 1.000000000000000000 ) ) ;
#7075 = EDGE_LOOP ( 'NONE', ( #4337, #853, #1969, #401 ) ) ;
#7076 = VERTEX_POINT ( 'NONE', #3199 ) ;
#7077 = ORIENTED_EDGE ( 'NONE', *, *, #2061, .T. ) ;
#7078 = DIRECTION ( 'NONE',  ( 0.000000000000000000, 0.000000000000000000, -1.000000000000000000 ) ) ;
#7079 = ORIENTED_EDGE ( 'NONE', *, *, #625, .T. ) ;
#7080 = DIRECTION ( 'NONE',  ( 0.000000000000000000, 0.000000000000000000, -1.000000000000000000 ) ) ;
#7081 = FACE_OUTER_BOUND ( 'NONE', #3792, .T. ) ;
#7082 = CARTESIAN_POINT ( 'NONE',  ( 125.0000000000000000, -0.009999999803049450589, -115.5000000001185327 ) ) ;
#7083 = CARTESIAN_POINT ( 'NONE',  ( 125.0000000000000000, -0.009999999866441374244, 114.0000000002086722 ) ) ;
#7084 = EDGE_CURVE ( 'NONE', #295, #1721, #852, .T. ) ;
#7085 = EDGE_LOOP ( 'NONE', ( #1094, #6772, #7444, #4180 ) ) ;
#7086 = DIRECTION ( 'NONE',  ( 0.000000000000000000, 0.000000000000000000, -1.000000000000000000 ) ) ;
#7087 = CARTESIAN_POINT ( 'NONE',  ( 125.0000000000000000, -12.96109210085998598, 117.0000000002019078 ) ) ;
#7088 = DIRECTION ( 'NONE',  ( 1.000000000000000000, 0.000000000000000000, 0.000000000000000000 ) ) ;
#7089 = LINE ( 'NONE', #3579, #723 ) ;
#7090 = DIRECTION ( 'NONE',  ( 1.000000000000000000, 0.000000000000000000, 0.000000000000000000 ) ) ;
#7091 = EDGE_CURVE ( 'NONE', #3234, #4639, #2116, .T. ) ;
#7092 = CARTESIAN_POINT ( 'NONE',  ( 125.0000000000000000, -19.75999999986629163, 120.0846308027086593 ) ) ;
#7093 = EDGE_CURVE ( 'NONE', #2205, #6312, #921, .T. ) ;
#7094 = ORIENTED_EDGE ( 'NONE', *, *, #617, .F. ) ;
#7095 = LINE ( 'NONE', #5865, #4472 ) ;
#7096 = DIRECTION ( 'NONE',  ( 1.000000000000000000, 0.000000000000000000, 0.000000000000000000 ) ) ;
#7097 = LINE ( 'NONE', #7063, #938 ) ;
#7098 = CARTESIAN_POINT ( 'NONE',  ( 125.0000000000000000, -9.259999999866671772, -119.9999999997910862 ) ) ;
#7099 = ADVANCED_FACE ( 'NONE', ( #3267 ), #7353, .F. ) ;
#7100 = CARTESIAN_POINT ( 'NONE',  ( -125.0000000000000000, 16.56109210099609541, -117.0000000000027285 ) ) ;
#7101 = ORIENTED_EDGE ( 'NONE', *, *, #6445, .F. ) ;
#7102 = ORIENTED_EDGE ( 'NONE', *, *, #5297, .T. ) ;
#7103 = LINE ( 'NONE', #3674, #450 ) ;
#7104 = CARTESIAN_POINT ( 'NONE',  ( 125.0000000000000000, -22.00999999999867640, 1.250000000013862467 ) ) ;
#7105 = DIRECTION ( 'NONE',  ( -1.000000000000000000, -0.000000000000000000, -0.000000000000000000 ) ) ;
#7106 = EDGE_CURVE ( 'NONE', #3117, #6646, #4243, .T. ) ;
#7107 = EDGE_CURVE ( 'NONE', #3491, #814, #5504, .T. ) ;
#7108 = DIRECTION ( 'NONE',  ( -1.000000000000000000, -0.000000000000000000, -0.000000000000000000 ) ) ;
#7109 = VERTEX_POINT ( 'NONE', #805 ) ;
#7110 = VERTEX_POINT ( 'NONE', #7202 ) ;
#7111 = EDGE_LOOP ( 'NONE', ( #4309, #5980, #4829, #3114 ) ) ;
#7112 = CARTESIAN_POINT ( 'NONE',  ( 125.0000000000000000, 0.01000000000261699884, -118.7027587510203972 ) ) ;
#7113 = ORIENTED_EDGE ( 'NONE', *, *, #6283, .F. ) ;
#7114 = FACE_OUTER_BOUND ( 'NONE', #5196, .T. ) ;
#7115 = DIRECTION ( 'NONE',  ( 0.000000000000000000, 0.000000000000000000, -1.000000000000000000 ) ) ;
#7116 = VECTOR ( 'NONE', #7380, 1000.000000000000000 ) ;
#7117 = EDGE_CURVE ( 'NONE', #5682, #3364, #6060, .T. ) ;
#7118 = DIRECTION ( 'NONE',  ( 0.000000000000000000, 0.2588190451059483865, 0.9659258262881499357 ) ) ;
#7119 = DIRECTION ( 'NONE',  ( 1.000000000000000000, 0.000000000000000000, 0.000000000000000000 ) ) ;
#7120 = ORIENTED_EDGE ( 'NONE', *, *, #3353, .T. ) ;
#7121 = ORIENTED_EDGE ( 'NONE', *, *, #7385, .F. ) ;
#7122 = LINE ( 'NONE', #7087, #574 ) ;
#7123 = VERTEX_POINT ( 'NONE', #2623 ) ;
#7124 = LINE ( 'NONE', #171, #3249 ) ;
#7125 = CARTESIAN_POINT ( 'NONE',  ( 125.0000000000000000, -9.259999999866671772, -119.9999999997910862 ) ) ;
#7126 = CARTESIAN_POINT ( 'NONE',  ( 125.0000000000000000, 11.16109210099602755, -115.0000000000193836 ) ) ;
#7127 = CARTESIAN_POINT ( 'NONE',  ( 125.0000000000000000, 5.259999999809370053, 125.0000000001181490 ) ) ;
#7128 = DIRECTION ( 'NONE',  ( -1.000000000000000000, -0.000000000000000000, -0.000000000000000000 ) ) ;
#7129 = DIRECTION ( 'NONE',  ( -1.000000000000000000, 0.000000000000000000, -0.000000000000000000 ) ) ;
#7130 = VECTOR ( 'NONE', #4414, 1000.000000000000000 ) ;
#7131 = ORIENTED_EDGE ( 'NONE', *, *, #2140, .F. ) ;
#7132 = DIRECTION ( 'NONE',  ( 0.000000000000000000, 0.000000000000000000, 1.000000000000000000 ) ) ;
#7133 = VERTEX_POINT ( 'NONE', #6156 ) ;
#7134 = LINE ( 'NONE', #5985, #819 ) ;
#7135 = CARTESIAN_POINT ( 'NONE',  ( 125.0000000000000000, -22.00319135037298324, -114.0436091504067946 ) ) ;
#7136 = EDGE_LOOP ( 'NONE', ( #4262, #6367, #1544, #1986 ) ) ;
#7137 = CARTESIAN_POINT ( 'NONE',  ( 125.0000000000000000, 20.76950934113871128, -116.3469784522539925 ) ) ;
#7138 = EDGE_CURVE ( 'NONE', #2869, #5503, #4354, .T. ) ;
#7139 = AXIS2_PLACEMENT_3D ( 'NONE', #7442, #2997, #2264 ) ;
#7140 = LINE ( 'NONE', #2131, #7284 ) ;
#7141 = PLANE ( 'NONE',  #6547 ) ;
#7142 = DIRECTION ( 'NONE',  ( -1.000000000000000000, -0.000000000000000000, -0.000000000000000000 ) ) ;
#7143 = ORIENTED_EDGE ( 'NONE', *, *, #4627, .F. ) ;
#7144 = VERTEX_POINT ( 'NONE', #1492 ) ;
#7145 = ORIENTED_EDGE ( 'NONE', *, *, #2395, .F. ) ;
#7146 = VECTOR ( 'NONE', #2212, 1000.000000000000000 ) ;
#7147 = EDGE_CURVE ( 'NONE', #4093, #3334, #4371, .T. ) ;
#7148 = CYLINDRICAL_SURFACE ( 'NONE', #4726, 0.9999999999999453770 ) ;
#7149 = ORIENTED_EDGE ( 'NONE', *, *, #5045, .F. ) ;
#7150 = DIRECTION ( 'NONE',  ( -1.000000000000000000, -0.000000000000000000, -0.000000000000000000 ) ) ;
#7151 = AXIS2_PLACEMENT_3D ( 'NONE', #6440, #3095, #1353 ) ;
#7152 = CARTESIAN_POINT ( 'NONE',  ( -125.0000000000000000, -27.00999999986638045, 124.0000000002087148 ) ) ;
#7153 = CARTESIAN_POINT ( 'NONE',  ( -125.0000000000000000, -20.57103083586230596, -116.3223556399391896 ) ) ;
#7154 = DIRECTION ( 'NONE',  ( 0.000000000000000000, 0.000000000000000000, -1.000000000000000000 ) ) ;
#7155 = VERTEX_POINT ( 'NONE', #4443 ) ;
#7156 = EDGE_LOOP ( 'NONE', ( #3643, #4845, #319, #2198 ) ) ;
#7157 = EDGE_CURVE ( 'NONE', #5123, #791, #5582, .T. ) ;
#7158 = CARTESIAN_POINT ( 'NONE',  ( 125.0000000000000000, 16.50999999980921373, 120.0846308026180367 ) ) ;
#7159 = DIRECTION ( 'NONE',  ( 0.000000000000000000, 0.000000000000000000, -1.000000000000000000 ) ) ;
#7160 = ORIENTED_EDGE ( 'NONE', *, *, #1983, .T. ) ;
#7161 = LINE ( 'NONE', #5428, #4827 ) ;
#7162 = VECTOR ( 'NONE', #5972, 1000.000000000000000 ) ;
#7163 = DIRECTION ( 'NONE',  ( 0.000000000000000000, -1.000000000000000000, 0.000000000000000000 ) ) ;
#7164 = DIRECTION ( 'NONE',  ( 0.000000000000000000, -0.1643989872952848208, -0.9863939238338225168 ) ) ;
#7165 = CIRCLE ( 'NONE', #5439, 2.999999999996596500 ) ;
#7166 = CARTESIAN_POINT ( 'NONE',  ( -125.0000000000000000, 9.361092100996113885, -117.0000000000202647 ) ) ;
#7167 = DIRECTION ( 'NONE',  ( 0.000000000000000000, 0.000000000000000000, 1.000000000000000000 ) ) ;
#7168 = VECTOR ( 'NONE', #2981, 1000.000000000000000 ) ;
#7169 = ORIENTED_EDGE ( 'NONE', *, *, #5092, .T. ) ;
#7170 = VECTOR ( 'NONE', #1651, 1000.000000000000000 ) ;
#7171 = ORIENTED_EDGE ( 'NONE', *, *, #1322, .F. ) ;
#7172 = VECTOR ( 'NONE', #5917, 1000.000000000000000 ) ;
#7173 = PLANE ( 'NONE',  #1942 ) ;
#7174 = ORIENTED_EDGE ( 'NONE', *, *, #3076, .T. ) ;
#7175 = CIRCLE ( 'NONE', #7543, 0.1999999998450602279 ) ;
#7176 = VECTOR ( 'NONE', #658, 1000.000000000000000 ) ;
#7177 = FACE_OUTER_BOUND ( 'NONE', #4399, .T. ) ;
#7178 = EDGE_CURVE ( 'NONE', #5715, #2039, #4969, .T. ) ;
#7179 = ORIENTED_EDGE ( 'NONE', *, *, #3690, .F. ) ;
#7180 = VECTOR ( 'NONE', #4764, 1000.000000000000000 ) ;
#7181 = VECTOR ( 'NONE', #132, 1000.000000000000000 ) ;
#7182 = DIRECTION ( 'NONE',  ( 0.000000000000000000, -0.000000000000000000, 1.000000000000000000 ) ) ;
#7183 = LINE ( 'NONE', #3077, #4238 ) ;
#7184 = CARTESIAN_POINT ( 'NONE',  ( -125.0000000000000000, 9.361092100996113885, -115.0000000000193836 ) ) ;
#7185 = VECTOR ( 'NONE', #3996, 1000.000000000000000 ) ;
#7186 = FACE_OUTER_BOUND ( 'NONE', #2261, .T. ) ;
#7187 = AXIS2_PLACEMENT_3D ( 'NONE', #6832, #4492, #1050 ) ;
#7188 = ADVANCED_FACE ( 'NONE', ( #2006 ), #884, .F. ) ;
#7189 = VERTEX_POINT ( 'NONE', #1383 ) ;
#7190 = VERTEX_POINT ( 'NONE', #4409 ) ;
#7191 = EDGE_LOOP ( 'NONE', ( #4166, #4391, #248, #859 ) ) ;
#7192 = VECTOR ( 'NONE', #165, 1000.000000000000000 ) ;
#7193 = ORIENTED_EDGE ( 'NONE', *, *, #3239, .T. ) ;
#7194 = CARTESIAN_POINT ( 'NONE',  ( 125.0000000000000000, 24.01000000000296453, -4.472135955002962682 ) ) ;
#7195 = CARTESIAN_POINT ( 'NONE',  ( -125.0000000000000000, 22.51000000000263768, -2.972135955002638497 ) ) ;
#7196 = CARTESIAN_POINT ( 'NONE',  ( 125.0000000000000000, 12.96109210099593945, -115.0000000000060538 ) ) ;
#7197 = CARTESIAN_POINT ( 'NONE',  ( 125.0000000000000000, 20.07061230870587920, -1.235176059473059196 ) ) ;
#7198 = ADVANCED_FACE ( 'NONE', ( #6737 ), #365, .F. ) ;
#7199 = VERTEX_POINT ( 'NONE', #5009 ) ;
#7200 = VERTEX_POINT ( 'NONE', #1971 ) ;
#7201 = DIRECTION ( 'NONE',  ( -0.000000000000000000, 0.9659258262882389756, 0.2588190451056156527 ) ) ;
#7202 = CARTESIAN_POINT ( 'NONE',  ( -125.0000000000000000, 14.76109210099596325, -117.0000000000027285 ) ) ;
#7203 = VERTEX_POINT ( 'NONE', #4892 ) ;
#7204 = CARTESIAN_POINT ( 'NONE',  ( -125.0000000000000000, 0.01000000000261697976, -115.2972412490205869 ) ) ;
#7205 = DIRECTION ( 'NONE',  ( 0.000000000000000000, 0.000000000000000000, -1.000000000000000000 ) ) ;
#7206 = CARTESIAN_POINT ( 'NONE',  ( -125.0000000000000000, 21.83148461058317480, 115.0619018650231595 ) ) ;
#7207 = CARTESIAN_POINT ( 'NONE',  ( 125.0000000000000000, -3.209999999866421927, 115.8305745825086319 ) ) ;
#7208 = ADVANCED_FACE ( 'NONE', ( #4327 ), #6656, .T. ) ;
#7209 = EDGE_CURVE ( 'NONE', #2585, #4763, #5739, .T. ) ;
#7210 = ORIENTED_EDGE ( 'NONE', *, *, #5560, .F. ) ;
#7211 = ORIENTED_EDGE ( 'NONE', *, *, #4945, .F. ) ;
#7212 = CARTESIAN_POINT ( 'NONE',  ( -125.0000000000000000, 20.17061230869948574, 1.061970978718296266 ) ) ;
#7213 = ORIENTED_EDGE ( 'NONE', *, *, #5214, .T. ) ;
#7214 = ORIENTED_EDGE ( 'NONE', *, *, #7514, .T. ) ;
#7215 = CARTESIAN_POINT ( 'NONE',  ( 125.0000000000000000, -9.361092100796657434, -115.0000000001185896 ) ) ;
#7216 = DIRECTION ( 'NONE',  ( 1.000000000000000000, 0.000000000000000000, 0.000000000000000000 ) ) ;
#7217 = DIRECTION ( 'NONE',  ( 0.000000000000000000, -1.000000000000000000, 0.000000000000000000 ) ) ;
#7218 = EDGE_LOOP ( 'NONE', ( #5492, #873, #7247, #3993 ) ) ;
#7219 = ORIENTED_EDGE ( 'NONE', *, *, #5405, .T. ) ;
#7220 = ORIENTED_EDGE ( 'NONE', *, *, #4725, .F. ) ;
#7221 = EDGE_CURVE ( 'NONE', #1469, #4133, #5772, .T. ) ;
#7222 = ORIENTED_EDGE ( 'NONE', *, *, #1736, .T. ) ;
#7224 = EDGE_CURVE ( 'NONE', #5798, #7434, #3424, .T. ) ;
#7223 = CARTESIAN_POINT ( 'NONE',  ( 125.0000000000000000, -21.85610742294770859, -115.2603803704363514 ) ) ;
#7225 = DIRECTION ( 'NONE',  ( 0.000000000000000000, 0.000000000000000000, -1.000000000000000000 ) ) ;
#7226 = DIRECTION ( 'NONE',  ( 0.000000000000000000, 0.8660254037845470654, 0.4999999999998122058 ) ) ;
#7227 = DIRECTION ( 'NONE',  ( 0.000000000000000000, -0.9863939238287613431, -0.1643989873256521406 ) ) ;
#7228 = CARTESIAN_POINT ( 'NONE',  ( -125.0000000000000000, -22.34333333332877558, 2.981423970000580237 ) ) ;
#7229 = ORIENTED_EDGE ( 'NONE', *, *, #341, .F. ) ;
#7230 = ORIENTED_EDGE ( 'NONE', *, *, #654, .F. ) ;
#7231 = LINE ( 'NONE', #2410, #7433 ) ;
#7232 = DIRECTION ( 'NONE',  ( -1.000000000000000000, -0.000000000000000000, -0.000000000000000000 ) ) ;
#7233 = ORIENTED_EDGE ( 'NONE', *, *, #3367, .T. ) ;
#7234 = EDGE_CURVE ( 'NONE', #5612, #7481, #5047, .T. ) ;
#7235 = CARTESIAN_POINT ( 'NONE',  ( -125.0000000000000000, -16.76109210079674838, -115.3014856328114206 ) ) ;
#7236 = CARTESIAN_POINT ( 'NONE',  ( -125.0000000000000000, 5.259999999809370053, 117.0000000001181633 ) ) ;
#7237 = FACE_OUTER_BOUND ( 'NONE', #7156, .T. ) ;
#7238 = CARTESIAN_POINT ( 'NONE',  ( 125.0000000000000000, 12.96109210080290985, 115.0000000001172680 ) ) ;
#7239 = DIRECTION ( 'NONE',  ( 0.000000000000000000, 0.000000000000000000, 1.000000000000000000 ) ) ;
#7240 = VECTOR ( 'NONE', #2538, 1000.000000000000000 ) ;
#7241 = ORIENTED_EDGE ( 'NONE', *, *, #5874, .T. ) ;
#7242 = CARTESIAN_POINT ( 'NONE',  ( -125.0000000000000000, 3.210000000002597442, -115.8305745823205655 ) ) ;
#7243 = EDGE_CURVE ( 'NONE', #2808, #818, #5208, .T. ) ;
#7244 = EDGE_CURVE ( 'NONE', #803, #696, #5085, .T. ) ;
#7245 = EDGE_LOOP ( 'NONE', ( #7498, #2310, #6212, #1412 ) ) ;
#7246 = LINE ( 'NONE', #5554, #840 ) ;
#7247 = ORIENTED_EDGE ( 'NONE', *, *, #2383, .T. ) ;
#7248 = LINE ( 'NONE', #3244, #5827 ) ;
#7249 = FACE_OUTER_BOUND ( 'NONE', #6636, .T. ) ;
#7250 = EDGE_CURVE ( 'NONE', #719, #849, #1648, .T. ) ;
#7251 = EDGE_CURVE ( 'NONE', #1606, #907, #7288, .T. ) ;
#7252 = FACE_OUTER_BOUND ( 'NONE', #2083, .T. ) ;
#7253 = CARTESIAN_POINT ( 'NONE',  ( 125.0000000000000000, 20.07061230870005275, 2.194203832673879973 ) ) ;
#7254 = ORIENTED_EDGE ( 'NONE', *, *, #3281, .F. ) ;
#7255 = VERTEX_POINT ( 'NONE', #2200 ) ;
#7256 = ORIENTED_EDGE ( 'NONE', *, *, #569, .T. ) ;
#7257 = AXIS2_PLACEMENT_3D ( 'NONE', #1396, #7142, #790 ) ;
#7258 = DIRECTION ( 'NONE',  ( 1.000000000000000000, 0.000000000000000000, 0.000000000000000000 ) ) ;
#7259 = ORIENTED_EDGE ( 'NONE', *, *, #1630, .F. ) ;
#7260 = DIRECTION ( 'NONE',  ( -1.000000000000000000, -0.000000000000000000, -0.000000000000000000 ) ) ;
#7261 = CARTESIAN_POINT ( 'NONE',  ( 125.0000000000000000, -27.00999999986638045, -123.9999999997910578 ) ) ;
#7262 = DIRECTION ( 'NONE',  ( 0.000000000000000000, -0.2588190451059483865, -0.9659258262881499357 ) ) ;
#7263 = DIRECTION ( 'NONE',  ( -1.000000000000000000, -0.000000000000000000, -0.000000000000000000 ) ) ;
#7264 = CARTESIAN_POINT ( 'NONE',  ( -125.0000000000000000, 20.17061230869948574, 1.061970978718296266 ) ) ;
#7265 = EDGE_LOOP ( 'NONE', ( #7318, #3861, #524, #4227 ) ) ;
#7266 = VERTEX_POINT ( 'NONE', #432 ) ;
#7267 = AXIS2_PLACEMENT_3D ( 'NONE', #60, #7051, #1823 ) ;
#7268 = EDGE_CURVE ( 'NONE', #2784, #5243, #2045, .T. ) ;
#7269 = ORIENTED_EDGE ( 'NONE', *, *, #247, .T. ) ;
#7270 = DIRECTION ( 'NONE',  ( 0.000000000000000000, 0.000000000000000000, -1.000000000000000000 ) ) ;
#7271 = VECTOR ( 'NONE', #1368, 1000.000000000000000 ) ;
#7272 = AXIS2_PLACEMENT_3D ( 'NONE', #5673, #6952, #1561 ) ;
#7273 = ORIENTED_EDGE ( 'NONE', *, *, #881, .T. ) ;
#7274 = CARTESIAN_POINT ( 'NONE',  ( -125.0000000000000000, -0.009999999803049450589, -114.0000000001187033 ) ) ;
#7275 = DIRECTION ( 'NONE',  ( 0.000000000000000000, 0.000000000000000000, -1.000000000000000000 ) ) ;
#7276 = DIRECTION ( 'NONE',  ( 0.000000000000000000, 0.000000000000000000, 1.000000000000000000 ) ) ;
#7277 = CYLINDRICAL_SURFACE ( 'NONE', #2057, 0.1999999999994367395 ) ;
#7278 = VECTOR ( 'NONE', #3451, 1000.000000000000227 ) ;
#7279 = VECTOR ( 'NONE', #5378, 1000.000000000000000 ) ;
#7280 = EDGE_CURVE ( 'NONE', #3926, #5072, #6273, .T. ) ;
#7281 = VERTEX_POINT ( 'NONE', #6931 ) ;
#7282 = ORIENTED_EDGE ( 'NONE', *, *, #639, .F. ) ;
#7283 = CARTESIAN_POINT ( 'NONE',  ( 125.0000000000000000, 9.259999999809346960, 120.0000000001180496 ) ) ;
#7284 = VECTOR ( 'NONE', #152, 1000.000000000000000 ) ;
#7285 = AXIS2_PLACEMENT_3D ( 'NONE', #2333, #4090, #495 ) ;
#7286 = ORIENTED_EDGE ( 'NONE', *, *, #757, .T. ) ;
#7287 = CARTESIAN_POINT ( 'NONE',  ( 125.0000000000000000, -19.75999999986645861, -124.9999999997909725 ) ) ;
#7288 = CIRCLE ( 'NONE', #1304, 1.250000000007465806 ) ;
#7289 = DIRECTION ( 'NONE',  ( -1.000000000000000000, -0.000000000000000000, -0.000000000000000000 ) ) ;
#7290 = VECTOR ( 'NONE', #591, 1000.000000000000000 ) ;
#7291 = EDGE_CURVE ( 'NONE', #6354, #3045, #1035, .T. ) ;
#7292 = ORIENTED_EDGE ( 'NONE', *, *, #110, .F. ) ;
#7293 = CARTESIAN_POINT ( 'NONE',  ( 125.0000000000000000, -11.16109210085998882, 115.0000000002078906 ) ) ;
#7294 = CARTESIAN_POINT ( 'NONE',  ( 125.0000000000000000, -16.56109210079689120, -117.0000000001221423 ) ) ;
#7295 = CIRCLE ( 'NONE', #5705, 0.1999999999998253175 ) ;
#7296 = CIRCLE ( 'NONE', #6067, 0.1999999999998530731 ) ;
#7297 = DIRECTION ( 'NONE',  ( 0.000000000000000000, -2.315309432430329110E-13, -1.000000000000000000 ) ) ;
#7298 = CARTESIAN_POINT ( 'NONE',  ( 125.0000000000000000, -27.00999999986638045, 124.0000000002087148 ) ) ;
#7299 = AXIS2_PLACEMENT_3D ( 'NONE', #1684, #6380, #4629 ) ;
#7300 = EDGE_CURVE ( 'NONE', #6282, #190, #5322, .T. ) ;
#7301 = EDGE_CURVE ( 'NONE', #2737, #2598, #1581, .T. ) ;
#7302 = VECTOR ( 'NONE', #2711, 1000.000000000000114 ) ;
#7303 = ORIENTED_EDGE ( 'NONE', *, *, #2741, .F. ) ;
#7304 = VECTOR ( 'NONE', #2239, 1000.000000000000000 ) ;
#7305 = AXIS2_PLACEMENT_3D ( 'NONE', #5784, #4567, #558 ) ;
#7306 = ORIENTED_EDGE ( 'NONE', *, *, #725, .F. ) ;
#7307 = VERTEX_POINT ( 'NONE', #4638 ) ;
#7308 = LINE ( 'NONE', #1918, #4006 ) ;
#7309 = ORIENTED_EDGE ( 'NONE', *, *, #1065, .F. ) ;
#7310 = CARTESIAN_POINT ( 'NONE',  ( -125.0000000000000000, -22.00999999999867640, 6.218658400725107782E-12 ) ) ;
#7311 = AXIS2_PLACEMENT_3D ( 'NONE', #6887, #3916, #4515 ) ;
#7312 = CARTESIAN_POINT ( 'NONE',  ( 125.0000000000000000, 5.259999999809370053, 114.0000000001180496 ) ) ;
#7313 = CLOSED_SHELL ( 'NONE', ( #286, #4185, #6068, #3672, #5935, #3104, #3728, #6015, #4352, #1775, #7347, #2499, #329, #647, #3475, #1093, #422, #3906, #4388, #2286, #1450, #1717, #4394, #4239, #4926, #6911, #2772, #1480, #2404, #3266, #1131, #23, #1179, #5669, #2899, #84, #3552, #3020, #7068, #7482, #6363, #4087, #5690, #4411, #3667, #452, #7563, #3730, #1361, #2597, #5141, #4608, #3918, #2232, #3197, #3009, #988, #6059, #4177, #6792, #1595, #5020, #4495, #5235, #3050, #626, #2478, #4402, #6860, #5326, #3509, #6266, #1354, #4113, #3139, #850, #2375, #3705, #1726, #3037, #2659, #4088, #936, #6779, #1439, #6455, #148, #6229, #1945, #6685, #890, #6433, #752, #430, #724, #1929, #6131, #527, #5500, #174, #5880, #672, #4664, #3498, #3419, #2715, #1826, #7208, #2490, #4062, #5182, #6434, #871 ) ) ;
#7314 = CARTESIAN_POINT ( 'NONE',  ( 125.0000000000000000, 22.01000000000292900, -116.5008710293030134 ) ) ;
#7315 = DIRECTION ( 'NONE',  ( 0.000000000000000000, 0.000000000000000000, 1.000000000000000000 ) ) ;
#7316 = CARTESIAN_POINT ( 'NONE',  ( -125.0000000000000000, -22.00999999999659451, -116.5008710293006118 ) ) ;
#7317 = ORIENTED_EDGE ( 'NONE', *, *, #2612, .T. ) ;
#7318 = ORIENTED_EDGE ( 'NONE', *, *, #6028, .T. ) ;
#7319 = VECTOR ( 'NONE', #7425, 1000.000000000000114 ) ;
#7320 = DIRECTION ( 'NONE',  ( -1.000000000000000000, -0.000000000000000000, -0.000000000000000000 ) ) ;
#7321 = ORIENTED_EDGE ( 'NONE', *, *, #6482, .F. ) ;
#7322 = PLANE ( 'NONE',  #5434 ) ;
#7323 = LINE ( 'NONE', #5011, #2794 ) ;
#7324 = DIRECTION ( 'NONE',  ( 0.000000000000000000, -8.682410371595642740E-14, 1.000000000000000000 ) ) ;
#7325 = CARTESIAN_POINT ( 'NONE',  ( 125.0000000000000000, -20.76950934100277379, 116.3469784524439348 ) ) ;
#7326 = ADVANCED_FACE ( 'NONE', ( #4520 ), #5692, .F. ) ;
#7327 = CARTESIAN_POINT ( 'NONE',  ( 125.0000000000000000, -9.361092100796657434, -115.0000000001185896 ) ) ;
#7328 = LINE ( 'NONE', #5476, #3771 ) ;
#7329 = ORIENTED_EDGE ( 'NONE', *, *, #5234, .T. ) ;
#7330 = DIRECTION ( 'NONE',  ( 1.000000000000000000, 0.000000000000000000, 0.000000000000000000 ) ) ;
#7331 = VERTEX_POINT ( 'NONE', #6239 ) ;
#7332 = ORIENTED_EDGE ( 'NONE', *, *, #5786, .T. ) ;
#7334 = EDGE_CURVE ( 'NONE', #1594, #900, #6315, .T. ) ;
#7333 = CARTESIAN_POINT ( 'NONE',  ( -125.0000000000000000, 16.51000000000246359, -125.0000000000202931 ) ) ;
#7335 = EDGE_CURVE ( 'NONE', #3569, #1520, #1118, .T. ) ;
#7336 = DIRECTION ( 'NONE',  ( -1.000000000000000000, -0.000000000000000000, -0.000000000000000000 ) ) ;
#7337 = CARTESIAN_POINT ( 'NONE',  ( -125.0000000000000000, 14.76109210099596325, -115.0000000000060538 ) ) ;
#7338 = EDGE_LOOP ( 'NONE', ( #5883, #2163, #2269, #519 ) ) ;
#7339 = LINE ( 'NONE', #5519, #6810 ) ;
#7340 = ADVANCED_FACE ( 'NONE', ( #544 ), #2234, .T. ) ;
#7341 = CARTESIAN_POINT ( 'NONE',  ( 125.0000000000000000, 9.361092100996113885, -115.0000000000193836 ) ) ;
#7342 = LINE ( 'NONE', #3939, #1524 ) ;
#7343 = ORIENTED_EDGE ( 'NONE', *, *, #6990, .T. ) ;
#7344 = ORIENTED_EDGE ( 'NONE', *, *, #1783, .F. ) ;
#7345 = LINE ( 'NONE', #2226, #1494 ) ;
#7346 = EDGE_CURVE ( 'NONE', #7109, #6404, #2858, .T. ) ;
#7347 = ADVANCED_FACE ( 'NONE', ( #2462 ), #1262, .T. ) ;
#7348 = PLANE ( 'NONE',  #4112 ) ;
#7349 = CARTESIAN_POINT ( 'NONE',  ( 125.0000000000000000, -22.00999999999659451, -116.5008710293006118 ) ) ;
#7350 = CARTESIAN_POINT ( 'NONE',  ( -125.0000000000000000, -2.009999999802995596, -124.9999999997909725 ) ) ;
#7351 = ORIENTED_EDGE ( 'NONE', *, *, #7011, .T. ) ;
#7352 = VERTEX_POINT ( 'NONE', #1299 ) ;
#7353 = PLANE ( 'NONE',  #1057 ) ;
#7354 = ORIENTED_EDGE ( 'NONE', *, *, #1984, .F. ) ;
#7355 = EDGE_CURVE ( 'NONE', #2460, #5300, #2972, .T. ) ;
#7356 = CARTESIAN_POINT ( 'NONE',  ( 125.0000000000000000, 9.259999999809346960, 120.0000000001180496 ) ) ;
#7357 = DIRECTION ( 'NONE',  ( 0.000000000000000000, 0.000000000000000000, 1.000000000000000000 ) ) ;
#7358 = DIRECTION ( 'NONE',  ( 0.000000000000000000, 0.000000000000000000, -1.000000000000000000 ) ) ;
#7359 = CARTESIAN_POINT ( 'NONE',  ( 125.0000000000000000, -0.009999999866441374244, 114.0000000002086722 ) ) ;
#7360 = CYLINDRICAL_SURFACE ( 'NONE', #5452, 1.500000000000181632 ) ;
#7361 = ORIENTED_EDGE ( 'NONE', *, *, #6302, .T. ) ;
#7362 = ORIENTED_EDGE ( 'NONE', *, *, #340, .T. ) ;
#7363 = PLANE ( 'NONE',  #3529 ) ;
#7364 = ORIENTED_EDGE ( 'NONE', *, *, #3265, .F. ) ;
#7365 = CARTESIAN_POINT ( 'NONE',  ( 125.0000000000000000, -20.27061230869652064, -2.194203832674857413 ) ) ;
#7366 = LINE ( 'NONE', #3592, #934 ) ;
#7367 = VECTOR ( 'NONE', #4546, 1000.000000000000000 ) ;
#7368 = CIRCLE ( 'NONE', #5033, 0.4999999999999449329 ) ;
#7369 = CARTESIAN_POINT ( 'NONE',  ( 125.0000000000000000, 21.52022843723577239, -114.6730186729599978 ) ) ;
#7370 = ORIENTED_EDGE ( 'NONE', *, *, #526, .T. ) ;
#7371 = DIRECTION ( 'NONE',  ( 0.000000000000000000, -0.000000000000000000, 1.000000000000000000 ) ) ;
#7372 = CARTESIAN_POINT ( 'NONE',  ( -125.0000000000000000, 12.51000000000257373, -120.0846308025203655 ) ) ;
#7373 = DIRECTION ( 'NONE',  ( -0.000000000000000000, 1.000000000000000000, 0.000000000000000000 ) ) ;
#7374 = CARTESIAN_POINT ( 'NONE',  ( -125.0000000000000000, 22.01000000000292900, -116.5008710293030134 ) ) ;
#7375 = ORIENTED_EDGE ( 'NONE', *, *, #2345, .T. ) ;
#7376 = ORIENTED_EDGE ( 'NONE', *, *, #120, .T. ) ;
#7377 = EDGE_CURVE ( 'NONE', #6389, #1311, #5937, .T. ) ;
#7378 = EDGE_LOOP ( 'NONE', ( #4913, #5230, #2017, #3988 ) ) ;
#7379 = ORIENTED_EDGE ( 'NONE', *, *, #3240, .T. ) ;
#7380 = DIRECTION ( 'NONE',  ( 0.000000000000000000, -1.000000000000000000, 0.000000000000000000 ) ) ;
#7381 = DIRECTION ( 'NONE',  ( 0.000000000000000000, -0.000000000000000000, 1.000000000000000000 ) ) ;
#7382 = DIRECTION ( 'NONE',  ( -0.000000000000000000, 0.5000000000018515189, 0.8660254037833697849 ) ) ;
#7383 = FACE_OUTER_BOUND ( 'NONE', #6300, .T. ) ;
#7384 = VERTEX_POINT ( 'NONE', #4781 ) ;
#7385 = EDGE_CURVE ( 'NONE', #5864, #1330, #3083, .T. ) ;
#7386 = PRODUCT_DEFINITION ( '未知', '', #5574, #5375 ) ;
#7387 = VERTEX_POINT ( 'NONE', #5914 ) ;
#7388 = DIRECTION ( 'NONE',  ( 0.000000000000000000, 0.000000000000000000, 1.000000000000000000 ) ) ;
#7389 = EDGE_LOOP ( 'NONE', ( #3158, #5457, #2824, #3023 ) ) ;
#7390 = DIRECTION ( 'NONE',  ( -1.000000000000000000, -0.000000000000000000, -0.000000000000000000 ) ) ;
#7391 = LINE ( 'NONE', #2745, #2313 ) ;
#7392 = VECTOR ( 'NONE', #4081, 1000.000000000000000 ) ;
#7393 = CARTESIAN_POINT ( 'NONE',  ( -125.0000000000000000, 16.50999999980921373, 125.0000000001181490 ) ) ;
#7394 = EDGE_CURVE ( 'NONE', #3254, #7487, #3002, .T. ) ;
#7395 = ADVANCED_FACE ( 'NONE', ( #3599 ), #2380, .F. ) ;
#7396 = VECTOR ( 'NONE', #5065, 1000.000000000000000 ) ;
#7397 = ORIENTED_EDGE ( 'NONE', *, *, #3497, .T. ) ;
#7398 = DIRECTION ( 'NONE',  ( -1.000000000000000000, -0.000000000000000000, -0.000000000000000000 ) ) ;
#7399 = LINE ( 'NONE', #6863, #6177 ) ;
#7400 = ORIENTED_EDGE ( 'NONE', *, *, #6400, .T. ) ;
#7401 = CARTESIAN_POINT ( 'NONE',  ( -125.0000000000000000, 22.51000000000288281, 4.472135955001192542 ) ) ;
#7402 = LINE ( 'NONE', #5631, #6040 ) ;
#7403 = VECTOR ( 'NONE', #7049, 1000.000000000000114 ) ;
#7404 = DIRECTION ( 'NONE',  ( 0.000000000000000000, 0.000000000000000000, 1.000000000000000000 ) ) ;
#7405 = ORIENTED_EDGE ( 'NONE', *, *, #2330, .T. ) ;
#7406 = FACE_OUTER_BOUND ( 'NONE', #5760, .T. ) ;
#7407 = CARTESIAN_POINT ( 'NONE',  ( 125.0000000000000000, 16.56109210099609541, -117.0000000000027285 ) ) ;
#7408 = VECTOR ( 'NONE', #7159, 1000.000000000000000 ) ;
#7409 = CARTESIAN_POINT ( 'NONE',  ( -125.0000000000000000, -11.16109210085998882, 115.0000000002078906 ) ) ;
#7410 = DIRECTION ( 'NONE',  ( 0.000000000000000000, 0.000000000000000000, 1.000000000000000000 ) ) ;
#7411 = EDGE_CURVE ( 'NONE', #4944, #3794, #46, .T. ) ;
#7412 = VECTOR ( 'NONE', #2572, 1000.000000000000000 ) ;
#7413 = ORIENTED_EDGE ( 'NONE', *, *, #6171, .T. ) ;
#7414 = ORIENTED_EDGE ( 'NONE', *, *, #4645, .F. ) ;
#7415 = ORIENTED_EDGE ( 'NONE', *, *, #4431, .F. ) ;
#7416 = CIRCLE ( 'NONE', #3397, 1.250000000000070610 ) ;
#7417 = AXIS2_PLACEMENT_3D ( 'NONE', #6558, #142, #7167 ) ;
#7418 = CARTESIAN_POINT ( 'NONE',  ( 125.0000000000000000, 20.57103083572583913, -116.3223556398842931 ) ) ;
#7419 = ORIENTED_EDGE ( 'NONE', *, *, #1295, .F. ) ;
#7420 = CARTESIAN_POINT ( 'NONE',  ( -125.0000000000000000, -12.50999999986642486, 120.0846308027086593 ) ) ;
#7421 = CARTESIAN_POINT ( 'NONE',  ( 125.0000000000000000, -3.209999999866421927, 115.8305745825086319 ) ) ;
#7422 = AXIS2_PLACEMENT_3D ( 'NONE', #5242, #15, #1805 ) ;
#7423 = EDGE_CURVE ( 'NONE', #2567, #6999, #1846, .T. ) ;
#7424 = CARTESIAN_POINT ( 'NONE',  ( 125.0000000000000000, -5.259999999866473708, 120.0000000002086722 ) ) ;
#7425 = DIRECTION ( 'NONE',  ( 0.000000000000000000, -0.2588190451060132791, -0.9659258262881323942 ) ) ;
#7426 = CIRCLE ( 'NONE', #4852, 1.250000000000070610 ) ;
#7427 = CARTESIAN_POINT ( 'NONE',  ( 125.0000000000000000, 22.01000000000425416, -1.250000000013766766 ) ) ;
#7428 = VERTEX_POINT ( 'NONE', #1879 ) ;
#7429 = ORIENTED_EDGE ( 'NONE', *, *, #6973, .T. ) ;
#7430 = DIRECTION ( 'NONE',  ( -1.000000000000000000, -0.000000000000000000, -0.000000000000000000 ) ) ;
#7431 = AXIS2_PLACEMENT_3D ( 'NONE', #674, #4234, #1862 ) ;
#7432 = VECTOR ( 'NONE', #3428, 1000.000000000000000 ) ;
#7433 = VECTOR ( 'NONE', #3526, 1000.000000000000000 ) ;
#7434 = VERTEX_POINT ( 'NONE', #1730 ) ;
#7435 = LINE ( 'NONE', #7356, #708 ) ;
#7436 = EDGE_CURVE ( 'NONE', #3376, #891, #1191, .T. ) ;
#7437 = PLANE ( 'NONE',  #3903 ) ;
#7438 = LINE ( 'NONE', #2204, #6691 ) ;
#7439 = VECTOR ( 'NONE', #5078, 1000.000000000000000 ) ;
#7440 = VECTOR ( 'NONE', #2326, 1000.000000000000000 ) ;
#7441 = EDGE_LOOP ( 'NONE', ( #4085, #4731, #4983, #4058 ) ) ;
#7442 = CARTESIAN_POINT ( 'NONE',  ( -125.0000000000000000, 22.01000000000425416, -6.300949345616757569E-12 ) ) ;
#7443 = DIRECTION ( 'NONE',  ( 0.000000000000000000, 0.000000000000000000, -1.000000000000000000 ) ) ;
#7444 = ORIENTED_EDGE ( 'NONE', *, *, #1037, .F. ) ;
#7445 = VECTOR ( 'NONE', #2018, 1000.000000000000000 ) ;
#7446 = DIRECTION ( 'NONE',  ( -1.000000000000000000, -0.000000000000000000, -0.000000000000000000 ) ) ;
#7447 = CARTESIAN_POINT ( 'NONE',  ( -125.0000000000000000, -22.00319135037298324, -114.0436091504067946 ) ) ;
#7448 = EDGE_CURVE ( 'NONE', #2377, #4863, #4215, .T. ) ;
#7449 = EDGE_CURVE ( 'NONE', #5512, #7387, #3536, .T. ) ;
#7450 = PLANE ( 'NONE',  #7072 ) ;
#7451 = VERTEX_POINT ( 'NONE', #6390 ) ;
#7452 = DIRECTION ( 'NONE',  ( 1.000000000000000000, 0.000000000000000000, 0.000000000000000000 ) ) ;
#7453 = DIRECTION ( 'NONE',  ( 0.000000000000000000, 0.9863939238287613431, 0.1643989873256521406 ) ) ;
#7454 = DIRECTION ( 'NONE',  ( 0.000000000000000000, -1.000000000000000000, 0.000000000000000000 ) ) ;
#7455 = EDGE_LOOP ( 'NONE', ( #6644, #4782, #4516, #883 ) ) ;
#7456 = ORIENTED_EDGE ( 'NONE', *, *, #4351, .T. ) ;
#7457 = EDGE_LOOP ( 'NONE', ( #7499, #5958, #158, #3803 ) ) ;
#7458 = DIRECTION ( 'NONE',  ( 0.000000000000000000, 0.000000000000000000, 1.000000000000000000 ) ) ;
#7459 = ORIENTED_EDGE ( 'NONE', *, *, #5751, .T. ) ;
#7460 = CARTESIAN_POINT ( 'NONE',  ( 125.0000000000000000, 16.56109210099609541, -117.0000000000027285 ) ) ;
#7461 = DIRECTION ( 'NONE',  ( 0.000000000000000000, 0.000000000000000000, -1.000000000000000000 ) ) ;
#7462 = CARTESIAN_POINT ( 'NONE',  ( -125.0000000000000000, -19.75999999986629163, 125.0000000002088001 ) ) ;
#7463 = LINE ( 'NONE', #4689, #6831 ) ;
#7464 = DIRECTION ( 'NONE',  ( -1.000000000000000000, -0.000000000000000000, -0.000000000000000000 ) ) ;
#7465 = ORIENTED_EDGE ( 'NONE', *, *, #6454, .F. ) ;
#7466 = ORIENTED_EDGE ( 'NONE', *, *, #1225, .T. ) ;
#7467 = ADVANCED_FACE ( 'NONE', ( #5882 ), #4148, .F. ) ;
#7468 = DIRECTION ( 'NONE',  ( 0.000000000000000000, 0.000000000000000000, 1.000000000000000000 ) ) ;
#7469 = ORIENTED_EDGE ( 'NONE', *, *, #3064, .T. ) ;
#7470 = CARTESIAN_POINT ( 'NONE',  ( -125.0000000000000000, -16.50999999986631650, 125.0000000002088001 ) ) ;
#7471 = CARTESIAN_POINT ( 'NONE',  ( 125.0000000000000000, 14.76109210099596325, -117.0000000000027285 ) ) ;
#7472 = DIRECTION ( 'NONE',  ( 0.000000000000000000, -0.000000000000000000, 1.000000000000000000 ) ) ;
#7473 = PLANE ( 'NONE',  #2180 ) ;
#7474 = ORIENTED_EDGE ( 'NONE', *, *, #3965, .F. ) ;
#7475 = EDGE_CURVE ( 'NONE', #4872, #5853, #3046, .T. ) ;
#7476 = FACE_OUTER_BOUND ( 'NONE', #5187, .T. ) ;
#7477 = LINE ( 'NONE', #5662, #2056 ) ;
#7478 = VERTEX_POINT ( 'NONE', #7033 ) ;
#7479 = CARTESIAN_POINT ( 'NONE',  ( -125.0000000000000000, 5.260000000002621690, -117.0000000000202647 ) ) ;
#7480 = CARTESIAN_POINT ( 'NONE',  ( 125.0000000000000000, -20.17061230870020694, 1.061970978716072489 ) ) ;
#7481 = VERTEX_POINT ( 'NONE', #5960 ) ;
#7482 = ADVANCED_FACE ( 'NONE', ( #586 ), #2937, .F. ) ;
#7483 = FACE_OUTER_BOUND ( 'NONE', #979, .T. ) ;
#7484 = PLANE ( 'NONE',  #1668 ) ;
#7485 = CARTESIAN_POINT ( 'NONE',  ( 125.0000000000000000, -9.259999999866671772, -119.9999999997910862 ) ) ;
#7486 = ORIENTED_EDGE ( 'NONE', *, *, #1029, .F. ) ;
#7487 = VERTEX_POINT ( 'NONE', #4668 ) ;
#7488 = EDGE_CURVE ( 'NONE', #5660, #4998, #1230, .T. ) ;
#7489 = ORIENTED_EDGE ( 'NONE', *, *, #4684, .F. ) ;
#7490 = PLANE ( 'NONE',  #3053 ) ;
#7491 = ORIENTED_EDGE ( 'NONE', *, *, #22, .F. ) ;
#7492 = LINE ( 'NONE', #1722, #3828 ) ;
#7493 = LINE ( 'NONE', #7421, #3373 ) ;
#7494 = DIRECTION ( 'NONE',  ( 1.000000000000000000, 0.000000000000000000, -0.000000000000000000 ) ) ;
#7495 = AXIS2_PLACEMENT_3D ( 'NONE', #1978, #7276, #3203 ) ;
#7496 = CARTESIAN_POINT ( 'NONE',  ( 125.0000000000000000, 20.07061230869987156, 1.235176059474873966 ) ) ;
#7497 = ORIENTED_EDGE ( 'NONE', *, *, #3805, .T. ) ;
#7498 = ORIENTED_EDGE ( 'NONE', *, *, #1081, .T. ) ;
#7499 = ORIENTED_EDGE ( 'NONE', *, *, #4125, .T. ) ;
#7500 = DIRECTION ( 'NONE',  ( -1.000000000000000000, -0.000000000000000000, -0.000000000000000000 ) ) ;
#7501 = ORIENTED_EDGE ( 'NONE', *, *, #2970, .T. ) ;
#7502 = CARTESIAN_POINT ( 'NONE',  ( 125.0000000000000000, -22.00319135037375418, 114.5436091504054019 ) ) ;
#7503 = LINE ( 'NONE', #6894, #2046 ) ;
#7504 = CARTESIAN_POINT ( 'NONE',  ( 125.0000000000000000, 20.76950934113887826, 116.3469784522505108 ) ) ;
#7505 = CARTESIAN_POINT ( 'NONE',  ( -125.0000000000000000, -16.56109210079689475, -115.3014856328114206 ) ) ;
#7506 = EDGE_CURVE ( 'NONE', #2869, #905, #1372, .T. ) ;
#7507 = ORIENTED_EDGE ( 'NONE', *, *, #2422, .F. ) ;
#7508 = CARTESIAN_POINT ( 'NONE',  ( 125.0000000000000000, 22.01000000000425416, -6.300949345616757569E-12 ) ) ;
#7509 = FACE_OUTER_BOUND ( 'NONE', #4849, .T. ) ;
#7510 = CIRCLE ( 'NONE', #7139, 2.999999999996596500 ) ;
#7511 = CARTESIAN_POINT ( 'NONE',  ( 125.0000000000000000, 12.50999999980932209, 120.0846308026180367 ) ) ;
#7512 = CARTESIAN_POINT ( 'NONE',  ( 125.0000000000000000, 11.16109210080288605, 117.0000000001201670 ) ) ;
#7513 = PLANE ( 'NONE',  #7305 ) ;
#7514 = EDGE_CURVE ( 'NONE', #5490, #719, #220, .T. ) ;
#7515 = VECTOR ( 'NONE', #1010, 1000.000000000000000 ) ;
#7516 = CARTESIAN_POINT ( 'NONE',  ( -125.0000000000000000, -22.00999999999867640, 3.000000000000524913 ) ) ;
#7517 = AXIS2_PLACEMENT_3D ( 'NONE', #1238, #3014, #4791 ) ;
#7518 = DIRECTION ( 'NONE',  ( 0.000000000000000000, 1.000000000000000000, 0.000000000000000000 ) ) ;
#7519 = DIRECTION ( 'NONE',  ( 0.000000000000000000, 0.000000000000000000, 1.000000000000000000 ) ) ;
#7520 = EDGE_CURVE ( 'NONE', #1972, #423, #6695, .T. ) ;
#7521 = PLANE ( 'NONE',  #1778 ) ;
#7522 = ORIENTED_EDGE ( 'NONE', *, *, #3758, .T. ) ;
#7523 = VECTOR ( 'NONE', #3453, 1000.000000000000000 ) ;
#7524 = ORIENTED_EDGE ( 'NONE', *, *, #6105, .T. ) ;
#7525 = DIRECTION ( 'NONE',  ( 0.000000000000000000, -0.000000000000000000, 1.000000000000000000 ) ) ;
#7526 = VECTOR ( 'NONE', #3109, 1000.000000000000114 ) ;
#7527 = ORIENTED_EDGE ( 'NONE', *, *, #6780, .F. ) ;
#7528 = DIRECTION ( 'NONE',  ( 0.000000000000000000, -1.000000000000000000, 0.000000000000000000 ) ) ;
#7529 = CIRCLE ( 'NONE', #4240, 3.000000000003907541 ) ;
#7530 = CARTESIAN_POINT ( 'NONE',  ( -125.0000000000000000, 2.010000000002646559, -120.0000000000203784 ) ) ;
#7531 = EDGE_CURVE ( 'NONE', #5302, #6133, #2649, .T. ) ;
#7532 = EDGE_CURVE ( 'NONE', #3560, #1868, #909, .T. ) ;
#7533 = FACE_OUTER_BOUND ( 'NONE', #3333, .T. ) ;
#7534 = AXIS2_PLACEMENT_3D ( 'NONE', #2389, #4757, #3013 ) ;
#7535 = DIRECTION ( 'NONE',  ( 0.000000000000000000, 0.000000000000000000, -1.000000000000000000 ) ) ;
#7536 = VECTOR ( 'NONE', #5350, 1000.000000000000000 ) ;
#7537 = ORIENTED_EDGE ( 'NONE', *, *, #975, .F. ) ;
#7538 = ORIENTED_EDGE ( 'NONE', *, *, #1882, .F. ) ;
#7539 = ORIENTED_EDGE ( 'NONE', *, *, #4325, .T. ) ;
#7540 = CARTESIAN_POINT ( 'NONE',  ( -125.0000000000000000, -2.009999999866387554, 120.0000000002086722 ) ) ;
#7541 = ORIENTED_EDGE ( 'NONE', *, *, #4814, .F. ) ;
#7542 = VECTOR ( 'NONE', #4746, 1000.000000000000000 ) ;
#7543 = AXIS2_PLACEMENT_3D ( 'NONE', #1627, #7452, #605 ) ;
#7544 = VECTOR ( 'NONE', #48, 1000.000000000000000 ) ;
#7545 = FACE_OUTER_BOUND ( 'NONE', #4634, .T. ) ;
#7546 = CARTESIAN_POINT ( 'NONE',  ( 125.0000000000000000, -16.50999999986631650, 120.0846308027086593 ) ) ;
#7547 = CARTESIAN_POINT ( 'NONE',  ( 125.0000000000000000, -11.16109210079665282, -115.0000000001185896 ) ) ;
#7548 = CARTESIAN_POINT ( 'NONE',  ( 125.0000000000000000, 16.76109210080347367, 115.3014856328103264 ) ) ;
#7549 = VERTEX_POINT ( 'NONE', #6582 ) ;
#7550 = AXIS2_PLACEMENT_3D ( 'NONE', #1708, #3433, #4045 ) ;
#7551 = VECTOR ( 'NONE', #4110, 1000.000000000000000 ) ;
#7552 = VECTOR ( 'NONE', #632, 1000.000000000000000 ) ;
#7553 = PLANE ( 'NONE',  #3380 ) ;
#7554 = CARTESIAN_POINT ( 'NONE',  ( 125.0000000000000000, -20.14637033074608752, 2.350932677869905341 ) ) ;
#7555 = ORIENTED_EDGE ( 'NONE', *, *, #2635, .T. ) ;
#7556 = CARTESIAN_POINT ( 'NONE',  ( 125.0000000000000000, -5.259999999866640685, -124.9999999997909725 ) ) ;
#7557 = DIRECTION ( 'NONE',  ( 0.000000000000000000, -0.8660254037844385966, -0.5000000000000001110 ) ) ;
#7558 = CIRCLE ( 'NONE', #4860, 0.4999999999997922773 ) ;
#7559 = CARTESIAN_POINT ( 'NONE',  ( -125.0000000000000000, -12.96109210085998598, 115.0000000001959108 ) ) ;
#7560 = ORIENTED_EDGE ( 'NONE', *, *, #4060, .F. ) ;
#7561 = DIRECTION ( 'NONE',  ( 0.000000000000000000, 0.000000000000000000, 1.000000000000000000 ) ) ;
#7562 = AXIS2_PLACEMENT_3D ( 'NONE', #1886, #1850, #1307 ) ;
#7563 = ADVANCED_FACE ( 'NONE', ( #4883 ), #7148, .T. ) ;
#7564 = EDGE_CURVE ( 'NONE', #3341, #5383, #7308, .T. ) ;
#7565 = LINE ( 'NONE', #5328, #1052 ) ;
ENDSEC;
END-ISO-10303-21;
