ISO-10303-21;
HEADER;
FILE_DESCRIPTION (( 'STEP AP214' ),
    '1' );
FILE_NAME ('SC-FT120x65-K120.STEP',
    '2026-07-05T01:42:32',
    ( '' ),
    ( '' ),
    'SwSTEP 2.0',
    'SolidWorks 2022',
    '' );
FILE_SCHEMA (( 'AUTOMOTIVE_DESIGN' ));
ENDSEC;

DATA;
#1 = MECHANICAL_DESIGN_GEOMETRIC_PRESENTATION_REPRESENTATION (  '', ( #5955 ), #7777 ) ;
#2 = ORIENTED_EDGE ( 'NONE', *, *, #876, .T. ) ;
#3 = DIRECTION ( 'NONE',  ( 1.000000000000000000, 0.000000000000000000, 0.000000000000000000 ) ) ;
#4 = ORIENTED_EDGE ( 'NONE', *, *, #6618, .T. ) ;
#5 = DIRECTION ( 'NONE',  ( 0.000000000000000000, 0.000000000000000000, -1.000000000000000000 ) ) ;
#6 = ORIENTED_EDGE ( 'NONE', *, *, #6726, .F. ) ;
#7 =( GEOMETRIC_REPRESENTATION_CONTEXT ( 3 ) GLOBAL_UNCERTAINTY_ASSIGNED_CONTEXT ( ( #5581 ) ) GLOBAL_UNIT_ASSIGNED_CONTEXT ( ( #4071, #6407, #4761 ) ) REPRESENTATION_CONTEXT ( 'NONE', 'WORKASPACE' ) );
#8 = EDGE_CURVE ( 'NONE', #3122, #3318, #3716, .T. ) ;
#9 = DIRECTION ( 'NONE',  ( 0.000000000000000000, 0.000000000000000000, 1.000000000000000000 ) ) ;
#10 = ORIENTED_EDGE ( 'NONE', *, *, #2715, .F. ) ;
#11 =( LENGTH_UNIT ( ) NAMED_UNIT ( * ) SI_UNIT ( .MILLI., .METRE. ) );
#12 = LINE ( 'NONE', #6000, #1294 ) ;
#13 =( NAMED_UNIT ( * ) PLANE_ANGLE_UNIT ( ) SI_UNIT ( $, .RADIAN. ) );
#14 = EDGE_CURVE ( 'NONE', #6599, #2567, #293, .T. ) ;
#15 = UNCERTAINTY_MEASURE_WITH_UNIT (LENGTH_MEASURE( 1.000000000000000082E-05 ), #5073, 'distance_accuracy_value', 'NONE');
#16 =( LENGTH_UNIT ( ) NAMED_UNIT ( * ) SI_UNIT ( .MILLI., .METRE. ) );
#17 = DIRECTION ( 'NONE',  ( -1.000000000000000000, -0.000000000000000000, -0.000000000000000000 ) ) ;
#18 = CARTESIAN_POINT ( 'NONE',  ( 75.00000000000000000, -23.19999999298656945, 42.50000001348644219 ) ) ;
#19 = DIRECTION ( 'NONE',  ( -1.000000000000000000, -0.000000000000000000, -0.000000000000000000 ) ) ;
#20 = LINE ( 'NONE', #4249, #2111 ) ;
#21 = ADVANCED_FACE ( 'NONE', ( #3232 ), #851, .F. ) ;
#22 = CIRCLE ( 'NONE', #6488, 1.250000000000028866 ) ;
#23 = ORIENTED_EDGE ( 'NONE', *, *, #7811, .F. ) ;
#24 = EDGE_CURVE ( 'NONE', #6723, #3188, #1310, .T. ) ;
#25 = CARTESIAN_POINT ( 'NONE',  ( 75.00000000000000000, -30.10000119205603042, -59.99999880441464484 ) ) ;
#26 = ORIENTED_EDGE ( 'NONE', *, *, #3388, .T. ) ;
#27 = CARTESIAN_POINT ( 'NONE',  ( 75.00000000000000000, -21.40000031433978478, -42.50000021015917184 ) ) ;
#28 = PRESENTATION_LAYER_ASSIGNMENT (  '', '', ( #4323 ) ) ;
#29 = AXIS2_PLACEMENT_3D ( 'NONE', #6956, #231, #308 ) ;
#30 = CARTESIAN_POINT ( 'NONE',  ( 75.00000000000000000, -11.79999985836419718, -40.30000022208010080 ) ) ;
#31 = ORIENTED_EDGE ( 'NONE', *, *, #7899, .T. ) ;
#32 = VECTOR ( 'NONE', #355, 1000.000000000000000 ) ;
#33 =( NAMED_UNIT ( * ) SI_UNIT ( $, .STERADIAN. ) SOLID_ANGLE_UNIT ( ) );
#34 = PRESENTATION_STYLE_ASSIGNMENT (( #5477 ) ) ;
#35 = FILL_AREA_STYLE ('',( #4821 ) ) ;
#36 = ORIENTED_EDGE ( 'NONE', *, *, #2958, .F. ) ;
#37 = SURFACE_STYLE_FILL_AREA ( #6555 ) ;
#38 = UNCERTAINTY_MEASURE_WITH_UNIT (LENGTH_MEASURE( 1.000000000000000082E-05 ), #4565, 'distance_accuracy_value', 'NONE');
#39 =( NAMED_UNIT ( * ) PLANE_ANGLE_UNIT ( ) SI_UNIT ( $, .RADIAN. ) );
#40 =( LENGTH_UNIT ( ) NAMED_UNIT ( * ) SI_UNIT ( .MILLI., .METRE. ) );
#41 = EDGE_CURVE ( 'NONE', #7126, #4853, #4512, .T. ) ;
#42 = ORIENTED_EDGE ( 'NONE', *, *, #4415, .T. ) ;
#43 = CARTESIAN_POINT ( 'NONE',  ( -75.00000000000000000, 19.19999765432204342, -42.50000030364437009 ) ) ;
#44 = ORIENTED_EDGE ( 'NONE', *, *, #2894, .F. ) ;
#45 = DIRECTION ( 'NONE',  ( 0.000000000000000000, 0.000000000000000000, -1.000000000000000000 ) ) ;
#46 = STYLED_ITEM ( 'NONE', ( #728 ), #3741 ) ;
#47 = ORIENTED_EDGE ( 'NONE', *, *, #7129, .F. ) ;
#48 = CARTESIAN_POINT ( 'NONE',  ( -75.00000000000000000, 17.19999732649655400, -42.50000030364437009 ) ) ;
#49 = SURFACE_SIDE_STYLE ('',( #7268 ) ) ;
#50 = ORIENTED_EDGE ( 'NONE', *, *, #4947, .F. ) ;
#51 = PLANE ( 'NONE',  #5314 ) ;
#52 = DIRECTION ( 'NONE',  ( 0.000000000000000000, 1.000000000000000000, 0.000000000000000000 ) ) ;
#53 = EDGE_CURVE ( 'NONE', #7498, #7662, #2720, .T. ) ;
#54 = VECTOR ( 'NONE', #6005, 1000.000000000000000 ) ;
#55 = AXIS2_PLACEMENT_3D ( 'NONE', #684, #6193, #3787 ) ;
#56 = CARTESIAN_POINT ( 'NONE',  ( 75.00000000000000000, -11.80000096952504585, -43.65000113127182146 ) ) ;
#57 = SURFACE_SIDE_STYLE ('',( #1257 ) ) ;
#58 = PRESENTATION_LAYER_ASSIGNMENT (  '', '', ( #5889 ) ) ;
#59 =( NAMED_UNIT ( * ) SI_UNIT ( $, .STERADIAN. ) SOLID_ANGLE_UNIT ( ) );
#60 = FILL_AREA_STYLE ('',( #6096 ) ) ;
#61 =( LENGTH_UNIT ( ) NAMED_UNIT ( * ) SI_UNIT ( .MILLI., .METRE. ) );
#62 =( GEOMETRIC_REPRESENTATION_CONTEXT ( 3 ) GLOBAL_UNCERTAINTY_ASSIGNED_CONTEXT ( ( #5309 ) ) GLOBAL_UNIT_ASSIGNED_CONTEXT ( ( #855, #923, #3832 ) ) REPRESENTATION_CONTEXT ( 'NONE', 'WORKASPACE' ) );
#63 = EDGE_CURVE ( 'NONE', #6549, #4470, #2796, .T. ) ;
#64 = PRESENTATION_LAYER_ASSIGNMENT (  '', '', ( #7699 ) ) ;
#65 = ORIENTED_EDGE ( 'NONE', *, *, #4306, .T. ) ;
#66 = EDGE_CURVE ( 'NONE', #2415, #6046, #5146, .T. ) ;
#67 = PRESENTATION_STYLE_ASSIGNMENT (( #1936 ) ) ;
#68 = ORIENTED_EDGE ( 'NONE', *, *, #2034, .F. ) ;
#69 =( NAMED_UNIT ( * ) SI_UNIT ( $, .STERADIAN. ) SOLID_ANGLE_UNIT ( ) );
#70 = UNCERTAINTY_MEASURE_WITH_UNIT (LENGTH_MEASURE( 1.000000000000000082E-05 ), #2162, 'distance_accuracy_value', 'NONE');
#71 = LINE ( 'NONE', #30, #4907 ) ;
#72 =( GEOMETRIC_REPRESENTATION_CONTEXT ( 3 ) GLOBAL_UNCERTAINTY_ASSIGNED_CONTEXT ( ( #2445 ) ) GLOBAL_UNIT_ASSIGNED_CONTEXT ( ( #2502, #4318, #4555 ) ) REPRESENTATION_CONTEXT ( 'NONE', 'WORKASPACE' ) );
#73 = ORIENTED_EDGE ( 'NONE', *, *, #3665, .T. ) ;
#74 =( NAMED_UNIT ( * ) PLANE_ANGLE_UNIT ( ) SI_UNIT ( $, .RADIAN. ) );
#75 = DIRECTION ( 'NONE',  ( -1.000000000000000000, -0.000000000000000000, -0.000000000000000000 ) ) ;
#76 =( GEOMETRIC_REPRESENTATION_CONTEXT ( 3 ) GLOBAL_UNCERTAINTY_ASSIGNED_CONTEXT ( ( #4074 ) ) GLOBAL_UNIT_ASSIGNED_CONTEXT ( ( #3875, #2106, #7475 ) ) REPRESENTATION_CONTEXT ( 'NONE', 'WORKASPACE' ) );
#77 = DIRECTION ( 'NONE',  ( -0.000000000000000000, 1.000000000000000000, -0.000000000000000000 ) ) ;
#78 = LINE ( 'NONE', #5605, #7449 ) ;
#79 = VERTEX_POINT ( 'NONE', #1034 ) ;
#80 = DIRECTION ( 'NONE',  ( -1.000000000000000000, -0.000000000000000000, -0.000000000000000000 ) ) ;
#81 = ORIENTED_EDGE ( 'NONE', *, *, #3322, .T. ) ;
#82 = SURFACE_STYLE_USAGE ( .BOTH. , #5532 ) ;
#83 = EDGE_LOOP ( 'NONE', ( #549, #5081, #4914, #1696 ) ) ;
#84 = PRESENTATION_STYLE_ASSIGNMENT (( #6238 ) ) ;
#85 = VECTOR ( 'NONE', #7582, 1000.000000000000000 ) ;
#86 = ORIENTED_EDGE ( 'NONE', *, *, #5396, .F. ) ;
#87 = ADVANCED_FACE ( 'NONE', ( #7734 ), #279, .F. ) ;
#88 = CARTESIAN_POINT ( 'NONE',  ( 75.00000000000000000, 23.19999969756799274, 40.30000032623447481 ) ) ;
#89 = SURFACE_STYLE_USAGE ( .BOTH. , #49 ) ;
#90 = ORIENTED_EDGE ( 'NONE', *, *, #944, .F. ) ;
#91 = COLOUR_RGB ( '',0.8980392156862745390, 0.9176470588235293713, 0.9294117647058823817 ) ;
#92 = LINE ( 'NONE', #6204, #3644 ) ;
#93 = SURFACE_STYLE_FILL_AREA ( #3048 ) ;
#94 =( LENGTH_UNIT ( ) NAMED_UNIT ( * ) SI_UNIT ( .MILLI., .METRE. ) );
#95 = SURFACE_SIDE_STYLE ('',( #4359 ) ) ;
#96 = UNCERTAINTY_MEASURE_WITH_UNIT (LENGTH_MEASURE( 1.000000000000000082E-05 ), #764, 'distance_accuracy_value', 'NONE');
#97 = AXIS2_PLACEMENT_3D ( 'NONE', #3328, #4568, #1561 ) ;
#98 = COLOUR_RGB ( '',0.8980392156862745390, 0.9176470588235293713, 0.9294117647058823817 ) ;
#99 = EDGE_CURVE ( 'NONE', #5793, #7677, #7004, .T. ) ;
#100 = DIRECTION ( 'NONE',  ( -1.000000000000000000, -0.000000000000000000, -0.000000000000000000 ) ) ;
#101 = CARTESIAN_POINT ( 'NONE',  ( -75.00000000000000000, -11.80000183164951366, -40.30000030276743672 ) ) ;
#102 = CIRCLE ( 'NONE', #5293, 1.299999999999995604 ) ;
#103 = DIRECTION ( 'NONE',  ( 1.000000000000000000, 0.000000000000000000, 0.000000000000000000 ) ) ;
#104 = SURFACE_STYLE_USAGE ( .BOTH. , #4372 ) ;
#105 = ORIENTED_EDGE ( 'NONE', *, *, #4121, .T. ) ;
#106 = STYLED_ITEM ( 'NONE', ( #5872 ), #4602 ) ;
#107 = SURFACE_SIDE_STYLE ('',( #6218 ) ) ;
#108 = FACE_OUTER_BOUND ( 'NONE', #2275, .T. ) ;
#109 = STYLED_ITEM ( 'NONE', ( #7753 ), #1212 ) ;
#110 = ORIENTED_EDGE ( 'NONE', *, *, #5782, .T. ) ;
#111 = EDGE_CURVE ( 'NONE', #658, #573, #5831, .T. ) ;
#112 = CARTESIAN_POINT ( 'NONE',  ( 75.00000000000000000, 25.39999954644943614, 39.80058001831539372 ) ) ;
#113 = ADVANCED_FACE ( 'NONE', ( #6429 ), #5107, .F. ) ;
#114 = VERTEX_POINT ( 'NONE', #7170 ) ;
#115 = MECHANICAL_DESIGN_GEOMETRIC_PRESENTATION_REPRESENTATION (  '', ( #2390 ), #6845 ) ;
#116 = SURFACE_SIDE_STYLE ('',( #1350 ) ) ;
#117 = DIRECTION ( 'NONE',  ( 0.000000000000000000, -0.9659258585884068493, 0.2588189245597183330 ) ) ;
#118 = PRESENTATION_STYLE_ASSIGNMENT (( #5478 ) ) ;
#119 = ORIENTED_EDGE ( 'NONE', *, *, #237, .T. ) ;
#120 = PRESENTATION_STYLE_ASSIGNMENT (( #6716 ) ) ;
#121 = PRESENTATION_STYLE_ASSIGNMENT (( #6079 ) ) ;
#122 = MECHANICAL_DESIGN_GEOMETRIC_PRESENTATION_REPRESENTATION (  '', ( #4151 ), #889 ) ;
#123 = AXIS2_PLACEMENT_3D ( 'NONE', #3768, #819, #4321 ) ;
#124 = SHAPE_REPRESENTATION ( 'SC-FT120x65-1-K120', ( #4572 ), #7282 ) ;
#125 = ORIENTED_EDGE ( 'NONE', *, *, #4542, .T. ) ;
#126 = FILL_AREA_STYLE ('',( #6840 ) ) ;
#127 = ORIENTED_EDGE ( 'NONE', *, *, #7104, .F. ) ;
#128 = ORIENTED_EDGE ( 'NONE', *, *, #1371, .F. ) ;
#129 = CARTESIAN_POINT ( 'NONE',  ( -75.00000000000000000, -25.59999986047113296, -39.77378413240914057 ) ) ;
#130 = DIRECTION ( 'NONE',  ( -1.000000000000000000, -0.000000000000000000, -0.000000000000000000 ) ) ;
#131 = VERTEX_POINT ( 'NONE', #7779 ) ;
#132 = CARTESIAN_POINT ( 'NONE',  ( 75.00000000000000000, -30.20000114037598493, -35.50000159583875359 ) ) ;
#133 =( GEOMETRIC_REPRESENTATION_CONTEXT ( 3 ) GLOBAL_UNCERTAINTY_ASSIGNED_CONTEXT ( ( #3650 ) ) GLOBAL_UNIT_ASSIGNED_CONTEXT ( ( #5711, #305, #3183 ) ) REPRESENTATION_CONTEXT ( 'NONE', 'WORKASPACE' ) );
#134 = SURFACE_STYLE_USAGE ( .BOTH. , #1368 ) ;
#135 = CYLINDRICAL_SURFACE ( 'NONE', #1374, 1.299999325380794879 ) ;
#136 = CARTESIAN_POINT ( 'NONE',  ( -75.00000000000000000, -23.19999999298656945, 40.30000002540748483 ) ) ;
#137 = AXIS2_PLACEMENT_3D ( 'NONE', #218, #180, #3217 ) ;
#138 =( NAMED_UNIT ( * ) PLANE_ANGLE_UNIT ( ) SI_UNIT ( $, .RADIAN. ) );
#139 = LINE ( 'NONE', #7474, #5759 ) ;
#140 = DIRECTION ( 'NONE',  ( 0.000000000000000000, 2.762530494791967647E-07, -0.9999999999999618083 ) ) ;
#141 = DIRECTION ( 'NONE',  ( 0.000000000000000000, 0.000000000000000000, -1.000000000000000000 ) ) ;
#142 = DIRECTION ( 'NONE',  ( -1.000000000000000000, -0.000000000000000000, -0.000000000000000000 ) ) ;
#143 = ADVANCED_FACE ( 'NONE', ( #1697 ), #1820, .F. ) ;
#144 = PRESENTATION_STYLE_ASSIGNMENT (( #183 ) ) ;
#145 = VERTEX_POINT ( 'NONE', #6508 ) ;
#146 = LINE ( 'NONE', #3738, #4610 ) ;
#147 = ORIENTED_EDGE ( 'NONE', *, *, #4467, .F. ) ;
#148 = DIRECTION ( 'NONE',  ( 0.000000000000000000, 1.000000000000000000, 0.000000000000000000 ) ) ;
#149 = DIRECTION ( 'NONE',  ( -1.000000000000000000, -0.000000000000000000, -0.000000000000000000 ) ) ;
#150 = LINE ( 'NONE', #2560, #4527 ) ;
#151 = COLOUR_RGB ( '',0.8980392156862745390, 0.9176470588235293713, 0.9294117647058823817 ) ;
#152 = ORIENTED_EDGE ( 'NONE', *, *, #3872, .F. ) ;
#153 = ADVANCED_FACE ( 'NONE', ( #5986 ), #4096, .T. ) ;
#154 = PLANE ( 'NONE',  #3323 ) ;
#155 = CARTESIAN_POINT ( 'NONE',  ( 75.00000000000000000, 25.39999829805240239, -42.50000030364437009 ) ) ;
#156 = STYLED_ITEM ( 'NONE', ( #121 ), #2703 ) ;
#157 = VERTEX_POINT ( 'NONE', #3068 ) ;
#158 = EDGE_CURVE ( 'NONE', #756, #5275, #6711, .T. ) ;
#159 =( GEOMETRIC_REPRESENTATION_CONTEXT ( 3 ) GLOBAL_UNCERTAINTY_ASSIGNED_CONTEXT ( ( #5966 ) ) GLOBAL_UNIT_ASSIGNED_CONTEXT ( ( #2164, #2249, #7610 ) ) REPRESENTATION_CONTEXT ( 'NONE', 'WORKASPACE' ) );
#160 = CARTESIAN_POINT ( 'NONE',  ( 75.00000000000000000, -19.20000032626060360, -42.50000021015917184 ) ) ;
#161 = CIRCLE ( 'NONE', #6249, 1.250000000000001110 ) ;
#162 = ORIENTED_EDGE ( 'NONE', *, *, #2947, .F. ) ;
#163 = LINE ( 'NONE', #6758, #7305 ) ;
#164 = ORIENTED_EDGE ( 'NONE', *, *, #5915, .T. ) ;
#165 = DIRECTION ( 'NONE',  ( 0.000000000000000000, -0.9659258585884068493, 0.2588189245597183330 ) ) ;
#166 = ORIENTED_EDGE ( 'NONE', *, *, #5072, .F. ) ;
#167 = DIRECTION ( 'NONE',  ( -1.000000000000000000, -0.000000000000000000, -0.000000000000000000 ) ) ;
#168 = EDGE_CURVE ( 'NONE', #4221, #6022, #1865, .T. ) ;
#169 =( NAMED_UNIT ( * ) SI_UNIT ( $, .STERADIAN. ) SOLID_ANGLE_UNIT ( ) );
#170 = CARTESIAN_POINT ( 'NONE',  ( 75.00000000000000000, -11.80000044405465864, 43.49999860278330743 ) ) ;
#171 = CARTESIAN_POINT ( 'NONE',  ( 75.00000000000000000, -11.80000073208399947, 40.30000002540748483 ) ) ;
#172 = CARTESIAN_POINT ( 'NONE',  ( 75.00000000000000000, 17.19999871409140724, 42.50000031431354586 ) ) ;
#173 = LINE ( 'NONE', #776, #4771 ) ;
#174 = EDGE_CURVE ( 'NONE', #4116, #425, #4968, .T. ) ;
#175 = CYLINDRICAL_SURFACE ( 'NONE', #6722, 1.300000000000016476 ) ;
#176 = AXIS2_PLACEMENT_3D ( 'NONE', #3120, #1874, #656 ) ;
#177 = LINE ( 'NONE', #5008, #5381 ) ;
#178 = LINE ( 'NONE', #824, #2120 ) ;
#179 = VECTOR ( 'NONE', #4845, 1000.000000000000000 ) ;
#180 = DIRECTION ( 'NONE',  ( 0.000000000000000000, 0.000000000000000000, -1.000000000000000000 ) ) ;
#181 = SURFACE_STYLE_USAGE ( .BOTH. , #1964 ) ;
#182 =( GEOMETRIC_REPRESENTATION_CONTEXT ( 3 ) GLOBAL_UNCERTAINTY_ASSIGNED_CONTEXT ( ( #4666 ) ) GLOBAL_UNIT_ASSIGNED_CONTEXT ( ( #4054, #4095, #1193 ) ) REPRESENTATION_CONTEXT ( 'NONE', 'WORKASPACE' ) );
#183 = SURFACE_STYLE_USAGE ( .BOTH. , #4494 ) ;
#184 = ORIENTED_EDGE ( 'NONE', *, *, #5072, .T. ) ;
#185 = STYLED_ITEM ( 'NONE', ( #6894 ), #4297 ) ;
#186 = CARTESIAN_POINT ( 'NONE',  ( 75.00000000000000000, 30.49999982145801170, 31.49999997960329523 ) ) ;
#187 = EDGE_CURVE ( 'NONE', #4088, #1831, #2929, .T. ) ;
#188 = STYLED_ITEM ( 'NONE', ( #6021 ), #6224 ) ;
#189 = MECHANICAL_DESIGN_GEOMETRIC_PRESENTATION_REPRESENTATION (  '', ( #836 ), #62 ) ;
#190 = EDGE_LOOP ( 'NONE', ( #2945, #710, #3849, #2420 ) ) ;
#191 =( NAMED_UNIT ( * ) SI_UNIT ( $, .STERADIAN. ) SOLID_ANGLE_UNIT ( ) );
#192 = CARTESIAN_POINT ( 'NONE',  ( 75.00000000000000000, 26.84259087599305715, -39.92647562413363005 ) ) ;
#193 = FILL_AREA_STYLE ('',( #5785 ) ) ;
#194 = ORIENTED_EDGE ( 'NONE', *, *, #4415, .F. ) ;
#195 = LINE ( 'NONE', #4946, #6011 ) ;
#196 = EDGE_CURVE ( 'NONE', #731, #1401, #2801, .T. ) ;
#197 = SURFACE_STYLE_USAGE ( .BOTH. , #3748 ) ;
#198 = DIRECTION ( 'NONE',  ( -1.000000000000000000, -0.000000000000000000, -0.000000000000000000 ) ) ;
#199 = VECTOR ( 'NONE', #1415, 1000.000000000000000 ) ;
#200 = ORIENTED_EDGE ( 'NONE', *, *, #5818, .T. ) ;
#201 = PRESENTATION_LAYER_ASSIGNMENT (  '', '', ( #7590 ) ) ;
#202 = ORIENTED_EDGE ( 'NONE', *, *, #3881, .F. ) ;
#203 = ORIENTED_EDGE ( 'NONE', *, *, #3704, .T. ) ;
#204 =( LENGTH_UNIT ( ) NAMED_UNIT ( * ) SI_UNIT ( .MILLI., .METRE. ) );
#205 = LINE ( 'NONE', #1437, #7576 ) ;
#206 = FACE_OUTER_BOUND ( 'NONE', #5454, .T. ) ;
#207 = COLOUR_RGB ( '',0.8980392156862745390, 0.9176470588235293713, 0.9294117647058823817 ) ;
#208 = CARTESIAN_POINT ( 'NONE',  ( 75.00000000000000000, -19.20000032626060360, -40.30000022208010080 ) ) ;
#209 =( NAMED_UNIT ( * ) PLANE_ANGLE_UNIT ( ) SI_UNIT ( $, .RADIAN. ) );
#210 = ADVANCED_FACE ( 'NONE', ( #3983 ), #1595, .F. ) ;
#211 = FILL_AREA_STYLE_COLOUR ( '', #5543 ) ;
#212 = EDGE_CURVE ( 'NONE', #1767, #7387, #2854, .T. ) ;
#213 = FILL_AREA_STYLE_COLOUR ( '', #6270 ) ;
#214 = CARTESIAN_POINT ( 'NONE',  ( -75.00000000000000000, -27.40000030889110860, -35.50000159583875359 ) ) ;
#215 =( NAMED_UNIT ( * ) SI_UNIT ( $, .STERADIAN. ) SOLID_ANGLE_UNIT ( ) );
#216 = LINE ( 'NONE', #5080, #7465 ) ;
#217 = CARTESIAN_POINT ( 'NONE',  ( 75.00000000000000000, 27.38059778897923735, -37.75176323953223800 ) ) ;
#218 = CARTESIAN_POINT ( 'NONE',  ( 75.00000000000000000, 30.49999982145801170, 31.49999997960329523 ) ) ;
#219 = CARTESIAN_POINT ( 'NONE',  ( 75.00000000000000000, -11.80000183164951366, -41.65000080344623257 ) ) ;
#220 = AXIS2_PLACEMENT_3D ( 'NONE', #4409, #1483, #3874 ) ;
#221 = SURFACE_STYLE_FILL_AREA ( #6815 ) ;
#222 = ORIENTED_EDGE ( 'NONE', *, *, #2268, .T. ) ;
#223 = FILL_AREA_STYLE_COLOUR ( '', #2364 ) ;
#224 = DIRECTION ( 'NONE',  ( 0.000000000000000000, 0.000000000000000000, 1.000000000000000000 ) ) ;
#225 = DIRECTION ( 'NONE',  ( -0.000000000000000000, -0.000000000000000000, -1.000000000000000000 ) ) ;
#226 = VECTOR ( 'NONE', #1626, 1000.000000000000000 ) ;
#227 = VECTOR ( 'NONE', #2520, 1000.000000000000000 ) ;
#228 = VERTEX_POINT ( 'NONE', #4598 ) ;
#229 = DIRECTION ( 'NONE',  ( -1.000000000000000000, -0.000000000000000000, -0.000000000000000000 ) ) ;
#230 = AXIS2_PLACEMENT_3D ( 'NONE', #5011, #1333, #3173 ) ;
#231 = DIRECTION ( 'NONE',  ( -1.000000000000000000, -0.000000000000000000, -0.000000000000000000 ) ) ;
#232 = EDGE_LOOP ( 'NONE', ( #7417, #7130, #3677, #3193 ) ) ;
#233 =( LENGTH_UNIT ( ) NAMED_UNIT ( * ) SI_UNIT ( .MILLI., .METRE. ) );
#234 = PLANE ( 'NONE',  #2429 ) ;
#235 = STYLED_ITEM ( 'NONE', ( #6335 ), #838 ) ;
#236 = CIRCLE ( 'NONE', #1504, 1.250000000000126121 ) ;
#237 = EDGE_CURVE ( 'NONE', #4156, #5271, #5356, .T. ) ;
#238 = VERTEX_POINT ( 'NONE', #3442 ) ;
#239 = FILL_AREA_STYLE ('',( #3080 ) ) ;
#240 = SURFACE_SIDE_STYLE ('',( #2640 ) ) ;
#241 = ORIENTED_EDGE ( 'NONE', *, *, #3091, .F. ) ;
#242 = DIRECTION ( 'NONE',  ( 0.000000000000000000, -0.8660254037844389297, 0.4999999999999995559 ) ) ;
#243 = CARTESIAN_POINT ( 'NONE',  ( 75.00000000000000000, -30.10000102222012330, 47.00000028057884549 ) ) ;
#244 = CARTESIAN_POINT ( 'NONE',  ( -75.00000000000000000, 27.72647435247628422, -39.04259214765039587 ) ) ;
#245 = CARTESIAN_POINT ( 'NONE',  ( -75.00000000000000000, -30.20000114037598493, 37.50000105656793892 ) ) ;
#246 =( NAMED_UNIT ( * ) PLANE_ANGLE_UNIT ( ) SI_UNIT ( $, .RADIAN. ) );
#247 = FILL_AREA_STYLE_COLOUR ( '', #3113 ) ;
#248 = LINE ( 'NONE', #741, #6849 ) ;
#249 = COLOUR_RGB ( '',0.8980392156862745390, 0.9176470588235293713, 0.9294117647058823817 ) ;
#250 = ADVANCED_FACE ( 'NONE', ( #7704 ), #2269, .F. ) ;
#251 = CARTESIAN_POINT ( 'NONE',  ( 75.00000000000000000, 26.84259227669438985, 39.92647664387850170 ) ) ;
#252 =( LENGTH_UNIT ( ) NAMED_UNIT ( * ) SI_UNIT ( .MILLI., .METRE. ) );
#253 =( NAMED_UNIT ( * ) PLANE_ANGLE_UNIT ( ) SI_UNIT ( $, .RADIAN. ) );
#254 = LINE ( 'NONE', #4970, #2218 ) ;
#255 = CARTESIAN_POINT ( 'NONE',  ( 75.00000000000000000, -25.39999910734569966, -42.50000021015917184 ) ) ;
#256 = CARTESIAN_POINT ( 'NONE',  ( 75.00000000000000000, -11.80000044405465864, 41.79999962798319757 ) ) ;
#257 = DIRECTION ( 'NONE',  ( -1.000000000000000000, -0.000000000000000000, -0.000000000000000000 ) ) ;
#258 = EDGE_CURVE ( 'NONE', #7855, #692, #530, .T. ) ;
#259 = MECHANICAL_DESIGN_GEOMETRIC_PRESENTATION_REPRESENTATION (  '', ( #7131 ), #3278 ) ;
#260 = FILL_AREA_STYLE_COLOUR ( '', #494 ) ;
#261 = ORIENTED_EDGE ( 'NONE', *, *, #529, .T. ) ;
#262 =( LENGTH_UNIT ( ) NAMED_UNIT ( * ) SI_UNIT ( .MILLI., .METRE. ) );
#263 = SURFACE_STYLE_USAGE ( .BOTH. , #7598 ) ;
#264 = LINE ( 'NONE', #1493, #880 ) ;
#265 = EDGE_CURVE ( 'NONE', #7106, #793, #6126, .T. ) ;
#266 = MECHANICAL_DESIGN_GEOMETRIC_PRESENTATION_REPRESENTATION (  '', ( #6740 ), #2151 ) ;
#267 = UNCERTAINTY_MEASURE_WITH_UNIT (LENGTH_MEASURE( 1.000000000000000082E-05 ), #1011, 'distance_accuracy_value', 'NONE');
#268 = ORIENTED_EDGE ( 'NONE', *, *, #1135, .F. ) ;
#269 = VECTOR ( 'NONE', #1546, 1000.000000000000000 ) ;
#270 = SURFACE_STYLE_USAGE ( .BOTH. , #4688 ) ;
#271 = DIRECTION ( 'NONE',  ( 0.000000000000000000, 0.000000000000000000, -1.000000000000000000 ) ) ;
#272 = FACE_OUTER_BOUND ( 'NONE', #3890, .T. ) ;
#273 = ORIENTED_EDGE ( 'NONE', *, *, #1417, .F. ) ;
#274 = AXIS2_PLACEMENT_3D ( 'NONE', #5641, #7420, #6233 ) ;
#275 = DIRECTION ( 'NONE',  ( 0.000000000000000000, -0.000000000000000000, 1.000000000000000000 ) ) ;
#276 = CYLINDRICAL_SURFACE ( 'NONE', #6754, 1.299999325380794879 ) ;
#277 = ORIENTED_EDGE ( 'NONE', *, *, #4955, .T. ) ;
#278 = VECTOR ( 'NONE', #1547, 1000.000000000000000 ) ;
#279 = PLANE ( 'NONE',  #6761 ) ;
#280 = LINE ( 'NONE', #5832, #5303 ) ;
#281 = ORIENTED_EDGE ( 'NONE', *, *, #5561, .T. ) ;
#282 = CARTESIAN_POINT ( 'NONE',  ( 75.00000000000000000, -8.800001402694260122, -42.64999993665134070 ) ) ;
#283 = CARTESIAN_POINT ( 'NONE',  ( 75.00000000000000000, 25.39999815885541068, -39.80057931472826738 ) ) ;
#284 = CARTESIAN_POINT ( 'NONE',  ( 75.00000000000000000, -26.94259426488459752, 39.92647634305149751 ) ) ;
#285 = DIRECTION ( 'NONE',  ( -1.000000000000000000, -0.000000000000000000, -0.000000000000000000 ) ) ;
#286 = ADVANCED_FACE ( 'NONE', ( #1288 ), #7430, .F. ) ;
#287 = CARTESIAN_POINT ( 'NONE',  ( -75.00000000000000000, -28.09999986047136389, -44.99999782597348741 ) ) ;
#288 = FILL_AREA_STYLE ('',( #247 ) ) ;
#289 = MECHANICAL_DESIGN_GEOMETRIC_PRESENTATION_REPRESENTATION (  '', ( #5355 ), #6889 ) ;
#290 = AXIS2_PLACEMENT_3D ( 'NONE', #450, #7184, #6604 ) ;
#291 = VERTEX_POINT ( 'NONE', #1321 ) ;
#292 = DIRECTION ( 'NONE',  ( -1.000000000000000000, -0.000000000000000000, -0.000000000000000000 ) ) ;
#293 = CIRCLE ( 'NONE', #2438, 0.1999999999989857113 ) ;
#294 = CARTESIAN_POINT ( 'NONE',  ( 75.00000000000000000, -13.96933834789928675, 43.64999999254939667 ) ) ;
#295 = CARTESIAN_POINT ( 'NONE',  ( 75.00000000000000000, -30.20000114037598493, -37.49999819837400139 ) ) ;
#296 = ORIENTED_EDGE ( 'NONE', *, *, #664, .F. ) ;
#297 =( LENGTH_UNIT ( ) NAMED_UNIT ( * ) SI_UNIT ( .MILLI., .METRE. ) );
#298 = EDGE_CURVE ( 'NONE', #5847, #4156, #2421, .T. ) ;
#299 =( NAMED_UNIT ( * ) PLANE_ANGLE_UNIT ( ) SI_UNIT ( $, .RADIAN. ) );
#300 = DIRECTION ( 'NONE',  ( -1.000000000000000000, -0.000000000000000000, -0.000000000000000000 ) ) ;
#301 =( LENGTH_UNIT ( ) NAMED_UNIT ( * ) SI_UNIT ( .MILLI., .METRE. ) );
#302 = EDGE_LOOP ( 'NONE', ( #3827, #1659, #1495, #1318 ) ) ;
#303 = SURFACE_STYLE_USAGE ( .BOTH. , #5814 ) ;
#304 = CARTESIAN_POINT ( 'NONE',  ( -75.00000000000000000, 17.19999871409140724, 40.30000032623447481 ) ) ;
#305 =( NAMED_UNIT ( * ) PLANE_ANGLE_UNIT ( ) SI_UNIT ( $, .RADIAN. ) );
#306 = EDGE_CURVE ( 'NONE', #6202, #3579, #4796, .T. ) ;
#307 = ORIENTED_EDGE ( 'NONE', *, *, #7736, .F. ) ;
#308 = DIRECTION ( 'NONE',  ( 0.000000000000000000, 0.000000000000000000, -1.000000000000000000 ) ) ;
#309 = CARTESIAN_POINT ( 'NONE',  ( 75.00000000000000000, -8.800001402694260122, -41.35000061127054494 ) ) ;
#310 = ORIENTED_EDGE ( 'NONE', *, *, #3424, .T. ) ;
#311 = COLOUR_RGB ( '',0.8980392156862745390, 0.9176470588235293713, 0.9294117647058823817 ) ;
#312 = VECTOR ( 'NONE', #615, 1000.000000000000000 ) ;
#313 = ORIENTED_EDGE ( 'NONE', *, *, #2375, .T. ) ;
#314 =( LENGTH_UNIT ( ) NAMED_UNIT ( * ) SI_UNIT ( .MILLI., .METRE. ) );
#315 =( NAMED_UNIT ( * ) PLANE_ANGLE_UNIT ( ) SI_UNIT ( $, .RADIAN. ) );
#316 = MECHANICAL_DESIGN_GEOMETRIC_PRESENTATION_REPRESENTATION (  '', ( #1840 ), #839 ) ;
#317 = LINE ( 'NONE', #5191, #6961 ) ;
#318 = ORIENTED_EDGE ( 'NONE', *, *, #5742, .T. ) ;
#319 = MECHANICAL_DESIGN_GEOMETRIC_PRESENTATION_REPRESENTATION (  '', ( #2705 ), #1842 ) ;
#320 = CARTESIAN_POINT ( 'NONE',  ( -75.00000000000000000, 21.39999902999591441, 42.50000031431354586 ) ) ;
#321 = SURFACE_SIDE_STYLE ('',( #7463 ) ) ;
#322 = DIRECTION ( 'NONE',  ( -1.000000000000000000, -0.000000000000000000, -0.000000000000000000 ) ) ;
#323 =( NAMED_UNIT ( * ) PLANE_ANGLE_UNIT ( ) SI_UNIT ( $, .RADIAN. ) );
#324 = SURFACE_STYLE_FILL_AREA ( #7053 ) ;
#325 = CYLINDRICAL_SURFACE ( 'NONE', #2168, 1.250000000000028866 ) ;
#326 =( NAMED_UNIT ( * ) SI_UNIT ( $, .STERADIAN. ) SOLID_ANGLE_UNIT ( ) );
#327 = VECTOR ( 'NONE', #5135, 1000.000000000000000 ) ;
#328 = VECTOR ( 'NONE', #4749, 1000.000000000000000 ) ;
#329 = ORIENTED_EDGE ( 'NONE', *, *, #3527, .F. ) ;
#330 = EDGE_CURVE ( 'NONE', #4859, #5192, #4835, .T. ) ;
#331 = MECHANICAL_DESIGN_GEOMETRIC_PRESENTATION_REPRESENTATION (  '', ( #4107 ), #594 ) ;
#332 = ORIENTED_EDGE ( 'NONE', *, *, #4608, .T. ) ;
#333 = FILL_AREA_STYLE ('',( #2730 ) ) ;
#334 = DIRECTION ( 'NONE',  ( 0.000000000000000000, -0.2588189245597183330, -0.9659258585884068493 ) ) ;
#335 = VERTEX_POINT ( 'NONE', #1791 ) ;
#336 =( NAMED_UNIT ( * ) SI_UNIT ( $, .STERADIAN. ) SOLID_ANGLE_UNIT ( ) );
#337 = CARTESIAN_POINT ( 'NONE',  ( -75.00000000000000000, -28.10000056706941507, 44.99999999254948335 ) ) ;
#338 = ORIENTED_EDGE ( 'NONE', *, *, #6366, .F. ) ;
#339 = EDGE_CURVE ( 'NONE', #2783, #7290, #580, .T. ) ;
#340 = LINE ( 'NONE', #2697, #327 ) ;
#341 = DIRECTION ( 'NONE',  ( 0.000000000000000000, 0.000000000000000000, 1.000000000000000000 ) ) ;
#342 = VECTOR ( 'NONE', #5736, 1000.000000000000000 ) ;
#343 = UNCERTAINTY_MEASURE_WITH_UNIT (LENGTH_MEASURE( 1.000000000000000082E-05 ), #7812, 'distance_accuracy_value', 'NONE');
#344 = ORIENTED_EDGE ( 'NONE', *, *, #7684, .T. ) ;
#345 = COLOUR_RGB ( '',0.8980392156862745390, 0.9176470588235293713, 0.9294117647058823817 ) ;
#346 =( LENGTH_UNIT ( ) NAMED_UNIT ( * ) SI_UNIT ( .MILLI., .METRE. ) );
#347 = MECHANICAL_DESIGN_GEOMETRIC_PRESENTATION_REPRESENTATION (  '', ( #1872 ), #3751 ) ;
#348 = LINE ( 'NONE', #4133, #7843 ) ;
#349 = ORIENTED_EDGE ( 'NONE', *, *, #5044, .F. ) ;
#350 = DIRECTION ( 'NONE',  ( 1.000000000000000000, 0.000000000000000000, 0.000000000000000000 ) ) ;
#351 = EDGE_CURVE ( 'NONE', #6075, #4075, #7060, .T. ) ;
#352 = STYLED_ITEM ( 'NONE', ( #5161 ), #4370 ) ;
#353 = ORIENTED_EDGE ( 'NONE', *, *, #3512, .T. ) ;
#354 = FACE_OUTER_BOUND ( 'NONE', #3228, .T. ) ;
#355 = DIRECTION ( 'NONE',  ( 0.000000000000000000, 1.000000000000000000, 0.000000000000000000 ) ) ;
#356 = CARTESIAN_POINT ( 'NONE',  ( 75.00000000000000000, -30.20000114037598493, 33.50000040091684639 ) ) ;
#357 = VERTEX_POINT ( 'NONE', #4232 ) ;
#358 = CARTESIAN_POINT ( 'NONE',  ( 75.00000000000000000, -31.89999982714642002, -4.849999706493690610 ) ) ;
#359 = FILL_AREA_STYLE ('',( #3541 ) ) ;
#360 = FILL_AREA_STYLE_COLOUR ( '', #468 ) ;
#361 = VECTOR ( 'NONE', #2108, 1000.000000000000000 ) ;
#362 = LINE ( 'NONE', #208, #1634 ) ;
#363 = EDGE_CURVE ( 'NONE', #1981, #6168, #3597, .T. ) ;
#364 = DIRECTION ( 'NONE',  ( -0.000000000000000000, 4.211906186843044119E-07, 0.9999999999999112932 ) ) ;
#365 =( NAMED_UNIT ( * ) SI_UNIT ( $, .STERADIAN. ) SOLID_ANGLE_UNIT ( ) );
#366 = ORIENTED_EDGE ( 'NONE', *, *, #6451, .F. ) ;
#367 = PRESENTATION_STYLE_ASSIGNMENT (( #6976 ) ) ;
#368 = EDGE_CURVE ( 'NONE', #4075, #6168, #4313, .T. ) ;
#369 = SURFACE_STYLE_USAGE ( .BOTH. , #2267 ) ;
#370 = PRESENTATION_LAYER_ASSIGNMENT (  '', '', ( #4535 ) ) ;
#371 = CARTESIAN_POINT ( 'NONE',  ( 75.00000000000000000, 30.49999982145801170, 35.50000063525438776 ) ) ;
#372 = VERTEX_POINT ( 'NONE', #2461 ) ;
#373 = FILL_AREA_STYLE ('',( #2618 ) ) ;
#374 = SURFACE_STYLE_USAGE ( .BOTH. , #4718 ) ;
#375 = DIRECTION ( 'NONE',  ( -1.000000000000000000, -0.000000000000000000, -0.000000000000000000 ) ) ;
#376 = DIRECTION ( 'NONE',  ( 0.000000000000000000, 0.000000000000000000, 1.000000000000000000 ) ) ;
#377 = UNCERTAINTY_MEASURE_WITH_UNIT (LENGTH_MEASURE( 1.000000000000000082E-05 ), #3194, 'distance_accuracy_value', 'NONE');
#378 = VERTEX_POINT ( 'NONE', #6044 ) ;
#379 = CARTESIAN_POINT ( 'NONE',  ( 75.00000000000000000, -23.19999911926677072, -42.50000021015917184 ) ) ;
#380 = DIRECTION ( 'NONE',  ( 0.000000000000000000, 1.000000000000000000, 0.000000000000000000 ) ) ;
#381 = CARTESIAN_POINT ( 'NONE',  ( -75.00000000000000000, 27.49999955383842476, 40.00000133456496343 ) ) ;
#382 = SURFACE_STYLE_FILL_AREA ( #2280 ) ;
#383 = EDGE_CURVE ( 'NONE', #2599, #2679, #1363, .T. ) ;
#384 = PRESENTATION_LAYER_ASSIGNMENT (  '', '', ( #5955 ) ) ;
#385 = ORIENTED_EDGE ( 'NONE', *, *, #4957, .T. ) ;
#386 = STYLED_ITEM ( 'NONE', ( #3771 ), #7339 ) ;
#387 = CARTESIAN_POINT ( 'NONE',  ( 75.00000000000000000, -5.500001823453763983, -40.30000030276743672 ) ) ;
#388 = PRESENTATION_STYLE_ASSIGNMENT (( #3462 ) ) ;
#389 = ORIENTED_EDGE ( 'NONE', *, *, #7368, .F. ) ;
#390 =( LENGTH_UNIT ( ) NAMED_UNIT ( * ) SI_UNIT ( .MILLI., .METRE. ) );
#391 = PRESENTATION_LAYER_ASSIGNMENT (  '', '', ( #3537 ) ) ;
#392 = EDGE_CURVE ( 'NONE', #2815, #2288, #2385, .T. ) ;
#393 = ORIENTED_EDGE ( 'NONE', *, *, #4596, .T. ) ;
#394 = PLANE ( 'NONE',  #2452 ) ;
#395 =( NAMED_UNIT ( * ) SI_UNIT ( $, .STERADIAN. ) SOLID_ANGLE_UNIT ( ) );
#396 = CARTESIAN_POINT ( 'NONE',  ( -75.00000000000000000, -32.49999880790716134, 44.84999910346232355 ) ) ;
#397 =( NAMED_UNIT ( * ) PLANE_ANGLE_UNIT ( ) SI_UNIT ( $, .RADIAN. ) );
#398 = ORIENTED_EDGE ( 'NONE', *, *, #2487, .T. ) ;
#399 = DIRECTION ( 'NONE',  ( 0.000000000000000000, 0.000000000000000000, -1.000000000000000000 ) ) ;
#400 = DIRECTION ( 'NONE',  ( 0.000000000000000000, -0.000000000000000000, -1.000000000000000000 ) ) ;
#401 = DIRECTION ( 'NONE',  ( -1.000000000000000000, 0.000000000000000000, -0.000000000000000000 ) ) ;
#402 = PRESENTATION_STYLE_ASSIGNMENT (( #5913 ) ) ;
#403 = PLANE ( 'NONE',  #1665 ) ;
#404 = FILL_AREA_STYLE ('',( #6931 ) ) ;
#405 = DIRECTION ( 'NONE',  ( -1.000000000000000000, 0.000000000000000000, -0.000000000000000000 ) ) ;
#406 = AXIS2_PLACEMENT_3D ( 'NONE', #4710, #4748, #4149 ) ;
#407 = ORIENTED_EDGE ( 'NONE', *, *, #3817, .F. ) ;
#408 = SURFACE_SIDE_STYLE ('',( #5761 ) ) ;
#409 = EDGE_CURVE ( 'NONE', #2102, #4904, #442, .T. ) ;
#410 = PRESENTATION_STYLE_ASSIGNMENT (( #369 ) ) ;
#411 = CARTESIAN_POINT ( 'NONE',  ( 75.00000000000000000, -27.82647692781274174, 39.04259270968809403 ) ) ;
#412 = FILL_AREA_STYLE_COLOUR ( '', #6800 ) ;
#413 = ORIENTED_EDGE ( 'NONE', *, *, #496, .F. ) ;
#414 = STYLED_ITEM ( 'NONE', ( #7902 ), #2784 ) ;
#415 = FILL_AREA_STYLE_COLOUR ( '', #4661 ) ;
#416 = STYLED_ITEM ( 'NONE', ( #1024 ), #4941 ) ;
#417 = LINE ( 'NONE', #5542, #2614 ) ;
#418 = SURFACE_SIDE_STYLE ('',( #5852 ) ) ;
#419 =( GEOMETRIC_REPRESENTATION_CONTEXT ( 3 ) GLOBAL_UNCERTAINTY_ASSIGNED_CONTEXT ( ( #3456 ) ) GLOBAL_UNIT_ASSIGNED_CONTEXT ( ( #7819, #2289, #1072 ) ) REPRESENTATION_CONTEXT ( 'NONE', 'WORKASPACE' ) );
#420 = COLOUR_RGB ( '',0.8980392156862745390, 0.9176470588235293713, 0.9294117647058823817 ) ;
#421 = ORIENTED_EDGE ( 'NONE', *, *, #3857, .T. ) ;
#422 = SURFACE_STYLE_USAGE ( .BOTH. , #5379 ) ;
#423 = DIRECTION ( 'NONE',  ( -1.000000000000000000, -0.000000000000000000, -0.000000000000000000 ) ) ;
#424 = DIRECTION ( 'NONE',  ( -1.000000000000000000, -0.000000000000000000, -0.000000000000000000 ) ) ;
#425 = VERTEX_POINT ( 'NONE', #3681 ) ;
#426 = AXIS2_PLACEMENT_3D ( 'NONE', #1537, #3826, #3304 ) ;
#427 = DIRECTION ( 'NONE',  ( 0.000000000000000000, -0.000000000000000000, 1.000000000000000000 ) ) ;
#428 = ORIENTED_EDGE ( 'NONE', *, *, #4361, .F. ) ;
#429 = PRESENTATION_LAYER_ASSIGNMENT (  '', '', ( #3948 ) ) ;
#430 = LINE ( 'NONE', #472, #6484 ) ;
#431 =( GEOMETRIC_REPRESENTATION_CONTEXT ( 3 ) GLOBAL_UNCERTAINTY_ASSIGNED_CONTEXT ( ( #7085 ) ) GLOBAL_UNIT_ASSIGNED_CONTEXT ( ( #2952, #1113, #2878 ) ) REPRESENTATION_CONTEXT ( 'NONE', 'WORKASPACE' ) );
#432 = ORIENTED_EDGE ( 'NONE', *, *, #5447, .T. ) ;
#433 = CARTESIAN_POINT ( 'NONE',  ( 75.00000000000000000, -27.40000030889110860, 29.49999974526575386 ) ) ;
#434 =( NAMED_UNIT ( * ) PLANE_ANGLE_UNIT ( ) SI_UNIT ( $, .RADIAN. ) );
#435 = ADVANCED_FACE ( 'NONE', ( #2497 ), #4917, .F. ) ;
#436 = PRESENTATION_LAYER_ASSIGNMENT (  '', '', ( #185 ) ) ;
#437 = DIRECTION ( 'NONE',  ( 0.000000000000000000, 0.2588191309993074229, 0.9659258032730895227 ) ) ;
#438 = SURFACE_STYLE_FILL_AREA ( #2840 ) ;
#439 = ORIENTED_EDGE ( 'NONE', *, *, #1647, .F. ) ;
#440 = CARTESIAN_POINT ( 'NONE',  ( 75.00000000000000000, -21.40000031433978478, -42.50000021015917184 ) ) ;
#441 = SURFACE_SIDE_STYLE ('',( #4630 ) ) ;
#442 = CIRCLE ( 'NONE', #3219, 1.299999999999995604 ) ;
#443 = DIRECTION ( 'NONE',  ( 1.000000000000000000, 0.000000000000000000, 0.000000000000000000 ) ) ;
#444 =( NAMED_UNIT ( * ) PLANE_ANGLE_UNIT ( ) SI_UNIT ( $, .RADIAN. ) );
#445 = PRESENTATION_LAYER_ASSIGNMENT (  '', '', ( #1840 ) ) ;
#446 = ORIENTED_EDGE ( 'NONE', *, *, #4714, .T. ) ;
#447 = CARTESIAN_POINT ( 'NONE',  ( -75.00000000000000000, -14.80000073419111217, 42.64999999254941798 ) ) ;
#448 = MECHANICAL_DESIGN_GEOMETRIC_PRESENTATION_REPRESENTATION (  '', ( #5772 ), #5260 ) ;
#449 = ORIENTED_EDGE ( 'NONE', *, *, #1514, .F. ) ;
#450 = CARTESIAN_POINT ( 'NONE',  ( 75.00000000000000000, 32.49999986189348533, 40.00000133456496343 ) ) ;
#451 = PLANE ( 'NONE',  #1593 ) ;
#452 = ORIENTED_EDGE ( 'NONE', *, *, #4502, .T. ) ;
#453 = COLOUR_RGB ( '',0.8980392156862745390, 0.9176470588235293713, 0.9294117647058823817 ) ;
#454 = DIRECTION ( 'NONE',  ( 0.000000000000000000, 1.000000000000000000, 0.000000000000000000 ) ) ;
#455 = CARTESIAN_POINT ( 'NONE',  ( 75.00000000000000000, 25.39999968564725563, 42.50000031431354586 ) ) ;
#456 = ADVANCED_FACE ( 'NONE', ( #4397 ), #1403, .F. ) ;
#457 = AXIS2_PLACEMENT_3D ( 'NONE', #371, #2769, #5885 ) ;
#458 = UNCERTAINTY_MEASURE_WITH_UNIT (LENGTH_MEASURE( 1.000000000000000082E-05 ), #6778, 'distance_accuracy_value', 'NONE');
#459 = ORIENTED_EDGE ( 'NONE', *, *, #543, .T. ) ;
#460 = LINE ( 'NONE', #6872, #698 ) ;
#461 = VECTOR ( 'NONE', #4010, 1000.000000000000000 ) ;
#462 = DIRECTION ( 'NONE',  ( -0.000000000000000000, -0.000000000000000000, -1.000000000000000000 ) ) ;
#463 = CARTESIAN_POINT ( 'NONE',  ( 75.00000000000000000, 28.19999814060689047, 29.49999965177774897 ) ) ;
#464 = SURFACE_STYLE_USAGE ( .BOTH. , #7119 ) ;
#465 = PRESENTATION_LAYER_ASSIGNMENT (  '', '', ( #1600 ) ) ;
#466 = UNCERTAINTY_MEASURE_WITH_UNIT (LENGTH_MEASURE( 1.000000000000000082E-05 ), #2225, 'distance_accuracy_value', 'NONE');
#467 = ORIENTED_EDGE ( 'NONE', *, *, #2127, .T. ) ;
#468 = COLOUR_RGB ( '',0.8980392156862745390, 0.9176470588235293713, 0.9294117647058823817 ) ;
#469 = LINE ( 'NONE', #2871, #3437 ) ;
#470 = LINE ( 'NONE', #1025, #2586 ) ;
#471 = VERTEX_POINT ( 'NONE', #6314 ) ;
#472 = CARTESIAN_POINT ( 'NONE',  ( 75.00000000000000000, 30.49999982145801170, 31.49999997960329523 ) ) ;
#473 = DIRECTION ( 'NONE',  ( -1.000000000000000000, -0.000000000000000000, -0.000000000000000000 ) ) ;
#474 = PRESENTATION_LAYER_ASSIGNMENT (  '', '', ( #3863 ) ) ;
#475 = UNCERTAINTY_MEASURE_WITH_UNIT (LENGTH_MEASURE( 1.000000000000000082E-05 ), #4347, 'distance_accuracy_value', 'NONE');
#476 = VERTEX_POINT ( 'NONE', #6241 ) ;
#477 =( GEOMETRIC_REPRESENTATION_CONTEXT ( 3 ) GLOBAL_UNCERTAINTY_ASSIGNED_CONTEXT ( ( #642 ) ) GLOBAL_UNIT_ASSIGNED_CONTEXT ( ( #5656, #253, #215 ) ) REPRESENTATION_CONTEXT ( 'NONE', 'WORKASPACE' ) );
#478 = CARTESIAN_POINT ( 'NONE',  ( 75.00000000000000000, -9.630663776694397882, -41.65000080344623257 ) ) ;
#479 = ORIENTED_EDGE ( 'NONE', *, *, #2984, .T. ) ;
#480 = FACE_OUTER_BOUND ( 'NONE', #4303, .T. ) ;
#481 =( GEOMETRIC_REPRESENTATION_CONTEXT ( 3 ) GLOBAL_UNCERTAINTY_ASSIGNED_CONTEXT ( ( #7603 ) ) GLOBAL_UNIT_ASSIGNED_CONTEXT ( ( #3160, #1286, #6167 ) ) REPRESENTATION_CONTEXT ( 'NONE', 'WORKASPACE' ) );
#482 = DIRECTION ( 'NONE',  ( 0.000000000000000000, 1.000000000000000000, 0.000000000000000000 ) ) ;
#483 = PLANE ( 'NONE',  #6986 ) ;
#484 = SURFACE_SIDE_STYLE ('',( #324 ) ) ;
#485 = CARTESIAN_POINT ( 'NONE',  ( -75.00000000000000000, 19.19999904191690021, 40.30000032623447481 ) ) ;
#486 = FACE_OUTER_BOUND ( 'NONE', #5125, .T. ) ;
#487 = EDGE_CURVE ( 'NONE', #2233, #4686, #205, .T. ) ;
#488 = ORIENTED_EDGE ( 'NONE', *, *, #4207, .F. ) ;
#489 = VECTOR ( 'NONE', #1035, 1000.000000000000000 ) ;
#490 = ORIENTED_EDGE ( 'NONE', *, *, #3857, .F. ) ;
#491 = PRESENTATION_STYLE_ASSIGNMENT (( #7751 ) ) ;
#492 = ORIENTED_EDGE ( 'NONE', *, *, #6717, .T. ) ;
#493 = SURFACE_STYLE_FILL_AREA ( #2346 ) ;
#494 = COLOUR_RGB ( '',0.8980392156862745390, 0.9176470588235293713, 0.9294117647058823817 ) ;
#495 = VECTOR ( 'NONE', #4570, 999.9999999999998863 ) ;
#496 = EDGE_CURVE ( 'NONE', #4945, #2988, #5689, .T. ) ;
#497 =( NAMED_UNIT ( * ) PLANE_ANGLE_UNIT ( ) SI_UNIT ( $, .RADIAN. ) );
#498 = VERTEX_POINT ( 'NONE', #5069 ) ;
#499 = FILL_AREA_STYLE ('',( #1682 ) ) ;
#500 = EDGE_CURVE ( 'NONE', #4814, #7534, #7542, .T. ) ;
#501 = DIRECTION ( 'NONE',  ( -0.000000000000000000, -0.9999999999996538325, 8.320811165621135585E-07 ) ) ;
#502 = DIRECTION ( 'NONE',  ( 1.000000000000000000, 0.000000000000000000, 0.000000000000000000 ) ) ;
#503 = PRESENTATION_STYLE_ASSIGNMENT (( #5933 ) ) ;
#504 = CARTESIAN_POINT ( 'NONE',  ( 75.00000000000000000, -30.20000114037598493, -31.49999907754262551 ) ) ;
#505 = STYLED_ITEM ( 'NONE', ( #3596 ), #1500 ) ;
#506 = AXIS2_PLACEMENT_3D ( 'NONE', #4154, #1242, #1087 ) ;
#507 = ORIENTED_EDGE ( 'NONE', *, *, #63, .F. ) ;
#508 = EDGE_CURVE ( 'NONE', #3550, #7218, #6781, .T. ) ;
#509 = EDGE_CURVE ( 'NONE', #2995, #425, #5724, .T. ) ;
#510 = CARTESIAN_POINT ( 'NONE',  ( -75.00000000000000000, 27.50000061741992496, -44.99999790990878523 ) ) ;
#511 = EDGE_LOOP ( 'NONE', ( #7776, #1857, #978, #6230 ) ) ;
#512 =( NAMED_UNIT ( * ) SI_UNIT ( $, .STERADIAN. ) SOLID_ANGLE_UNIT ( ) );
#513 = CARTESIAN_POINT ( 'NONE',  ( -75.00000000000000000, 21.39999902999591441, 40.30000032623447481 ) ) ;
#514 = EDGE_CURVE ( 'NONE', #4951, #6225, #5112, .T. ) ;
#515 = ORIENTED_EDGE ( 'NONE', *, *, #5782, .F. ) ;
#516 = COLOUR_RGB ( '',0.8980392156862745390, 0.9176470588235293713, 0.9294117647058823817 ) ;
#517 = CARTESIAN_POINT ( 'NONE',  ( 75.00000000000000000, 17.19999732649655400, -42.50000030364437009 ) ) ;
#518 = VERTEX_POINT ( 'NONE', #7286 ) ;
#519 = FILL_AREA_STYLE ('',( #3507 ) ) ;
#520 = DIRECTION ( 'NONE',  ( 0.000000000000000000, 0.000000000000000000, -1.000000000000000000 ) ) ;
#521 = DIRECTION ( 'NONE',  ( 0.000000000000000000, 0.2588190451025495498, -0.9659258262890606517 ) ) ;
#522 = CARTESIAN_POINT ( 'NONE',  ( 75.00000000000000000, -1.689490045283340569, -42.50000030364437009 ) ) ;
#523 = SURFACE_SIDE_STYLE ('',( #4677 ) ) ;
#524 = ORIENTED_EDGE ( 'NONE', *, *, #3775, .T. ) ;
#525 = LINE ( 'NONE', #2926, #1442 ) ;
#526 = AXIS2_PLACEMENT_3D ( 'NONE', #4675, #443, #1082 ) ;
#527 = DIRECTION ( 'NONE',  ( 0.000000000000000000, 1.000000000000000000, 0.000000000000000000 ) ) ;
#528 = VERTEX_POINT ( 'NONE', #4214 ) ;
#529 = EDGE_CURVE ( 'NONE', #7540, #2783, #3975, .T. ) ;
#530 = LINE ( 'NONE', #5370, #1180 ) ;
#531 =( NAMED_UNIT ( * ) PLANE_ANGLE_UNIT ( ) SI_UNIT ( $, .RADIAN. ) );
#532 = ORIENTED_EDGE ( 'NONE', *, *, #6254, .F. ) ;
#533 = CYLINDRICAL_SURFACE ( 'NONE', #7757, 1.250000000000056621 ) ;
#534 = SURFACE_STYLE_USAGE ( .BOTH. , #7666 ) ;
#535 = LINE ( 'NONE', #4684, #6439 ) ;
#536 = AXIS2_PLACEMENT_3D ( 'NONE', #3154, #845, #275 ) ;
#537 = SURFACE_SIDE_STYLE ('',( #2897 ) ) ;
#538 = UNCERTAINTY_MEASURE_WITH_UNIT (LENGTH_MEASURE( 1.000000000000000082E-05 ), #7888, 'distance_accuracy_value', 'NONE');
#539 = DIRECTION ( 'NONE',  ( 0.000000000000000000, 0.000000000000000000, 1.000000000000000000 ) ) ;
#540 = VECTOR ( 'NONE', #1632, 1000.000000000000000 ) ;
#541 = CARTESIAN_POINT ( 'NONE',  ( 75.00000000000000000, 30.49999982145801170, -29.50000070585011969 ) ) ;
#542 = MECHANICAL_DESIGN_GEOMETRIC_PRESENTATION_REPRESENTATION (  '', ( #4137 ), #4964 ) ;
#543 = EDGE_CURVE ( 'NONE', #5177, #4100, #640, .T. ) ;
#544 = CARTESIAN_POINT ( 'NONE',  ( 75.00000000000000000, -30.20000114037598493, 35.50000072874227897 ) ) ;
#545 = DIRECTION ( 'NONE',  ( -1.000000000000000000, -0.000000000000000000, -0.000000000000000000 ) ) ;
#546 = LINE ( 'NONE', #5896, #3784 ) ;
#547 = SURFACE_SIDE_STYLE ('',( #2785 ) ) ;
#548 = VECTOR ( 'NONE', #7406, 1000.000000000000000 ) ;
#549 = ORIENTED_EDGE ( 'NONE', *, *, #6396, .T. ) ;
#550 = AXIS2_PLACEMENT_3D ( 'NONE', #4018, #4548, #6467 ) ;
#551 =( NAMED_UNIT ( * ) SI_UNIT ( $, .STERADIAN. ) SOLID_ANGLE_UNIT ( ) );
#552 = ORIENTED_EDGE ( 'NONE', *, *, #3584, .T. ) ;
#553 = SURFACE_STYLE_FILL_AREA ( #359 ) ;
#554 = SHAPE_REPRESENTATION_RELATIONSHIP ( 'NONE' , 'NONE' ,  #633, #4609 ) ;
#555 = LINE ( 'NONE', #2363, #872 ) ;
#556 = EDGE_CURVE ( 'NONE', #4904, #1982, #4352, .T. ) ;
#557 = ORIENTED_EDGE ( 'NONE', *, *, #2516, .F. ) ;
#558 = FILL_AREA_STYLE_COLOUR ( '', #699 ) ;
#559 =( LENGTH_UNIT ( ) NAMED_UNIT ( * ) SI_UNIT ( .MILLI., .METRE. ) );
#560 = CARTESIAN_POINT ( 'NONE',  ( 75.00000000000000000, -32.49999880790716134, -44.84999939450040785 ) ) ;
#561 = ORIENTED_EDGE ( 'NONE', *, *, #6321, .F. ) ;
#562 = SURFACE_STYLE_FILL_AREA ( #5323 ) ;
#563 = FILL_AREA_STYLE_COLOUR ( '', #6215 ) ;
#564 = FILL_AREA_STYLE ('',( #7866 ) ) ;
#565 = AXIS2_PLACEMENT_3D ( 'NONE', #5188, #7651, #2167 ) ;
#566 = DIRECTION ( 'NONE',  ( 0.000000000000000000, 7.898993670306403374E-07, -0.9999999999996880273 ) ) ;
#567 = CARTESIAN_POINT ( 'NONE',  ( 75.00000000000000000, -5.500000435858909853, 40.30000031343661249 ) ) ;
#568 = LINE ( 'NONE', #7787, #328 ) ;
#569 = ORIENTED_EDGE ( 'NONE', *, *, #1514, .T. ) ;
#570 = DIRECTION ( 'NONE',  ( 0.000000000000000000, 0.2588190451025495498, -0.9659258262890606517 ) ) ;
#571 = MECHANICAL_DESIGN_GEOMETRIC_PRESENTATION_REPRESENTATION (  '', ( #6002 ), #6776 ) ;
#572 = DIRECTION ( 'NONE',  ( 0.000000000000000000, 0.000000000000000000, -1.000000000000000000 ) ) ;
#573 = VERTEX_POINT ( 'NONE', #6667 ) ;
#574 = FILL_AREA_STYLE_COLOUR ( '', #1548 ) ;
#575 = VERTEX_POINT ( 'NONE', #4627 ) ;
#576 = CARTESIAN_POINT ( 'NONE',  ( -75.00000000000000000, 21.39999902999591441, 40.30000032623447481 ) ) ;
#577 = CARTESIAN_POINT ( 'NONE',  ( 75.00000000000000000, 23.19999969756799274, 42.50000031431354586 ) ) ;
#578 = SURFACE_STYLE_USAGE ( .BOTH. , #5292 ) ;
#579 = VECTOR ( 'NONE', #4220, 1000.000000000000000 ) ;
#580 = CIRCLE ( 'NONE', #1575, 0.2000009045382139528 ) ;
#581 = DIRECTION ( 'NONE',  ( 0.000000000000000000, 0.2588187849316263556, -0.9659258960016117168 ) ) ;
#582 = LINE ( 'NONE', #3613, #6907 ) ;
#583 = VECTOR ( 'NONE', #6459, 1000.000000000000000 ) ;
#584 = SURFACE_STYLE_FILL_AREA ( #1604 ) ;
#585 = LINE ( 'NONE', #4327, #6171 ) ;
#586 = DIRECTION ( 'NONE',  ( -1.000000000000000000, -0.000000000000000000, -0.000000000000000000 ) ) ;
#587 = PLANE ( 'NONE',  #5468 ) ;
#588 = MECHANICAL_DESIGN_GEOMETRIC_PRESENTATION_REPRESENTATION (  '', ( #4873 ), #6933 ) ;
#589 = EDGE_CURVE ( 'NONE', #7018, #2907, #5979, .T. ) ;
#590 = MECHANICAL_DESIGN_GEOMETRIC_PRESENTATION_REPRESENTATION (  '', ( #1718 ), #3731 ) ;
#591 = SURFACE_STYLE_USAGE ( .BOTH. , #6015 ) ;
#592 = ORIENTED_EDGE ( 'NONE', *, *, #6540, .T. ) ;
#593 = DIRECTION ( 'NONE',  ( -1.000000000000000000, -0.000000000000000000, -0.000000000000000000 ) ) ;
#594 =( GEOMETRIC_REPRESENTATION_CONTEXT ( 3 ) GLOBAL_UNCERTAINTY_ASSIGNED_CONTEXT ( ( #538 ) ) GLOBAL_UNIT_ASSIGNED_CONTEXT ( ( #7888, #6138, #704 ) ) REPRESENTATION_CONTEXT ( 'NONE', 'WORKASPACE' ) );
#595 = ORIENTED_EDGE ( 'NONE', *, *, #2760, .F. ) ;
#596 = COLOUR_RGB ( '',0.8980392156862745390, 0.9176470588235293713, 0.9294117647058823817 ) ;
#597 = CARTESIAN_POINT ( 'NONE',  ( -75.00000000000000000, -30.20000114037598493, 31.50000007309129657 ) ) ;
#598 = STYLED_ITEM ( 'NONE', ( #4435 ), #6735 ) ;
#599 = ORIENTED_EDGE ( 'NONE', *, *, #3535, .F. ) ;
#600 = LINE ( 'NONE', #1033, #5634 ) ;
#601 = PRESENTATION_STYLE_ASSIGNMENT (( #2409 ) ) ;
#602 = ORIENTED_EDGE ( 'NONE', *, *, #3132, .F. ) ;
#603 = DIRECTION ( 'NONE',  ( 0.000000000000000000, 0.2588190451025882965, 0.9659258262890502156 ) ) ;
#604 = SURFACE_STYLE_USAGE ( .BOTH. , #6035 ) ;
#605 = UNCERTAINTY_MEASURE_WITH_UNIT (LENGTH_MEASURE( 1.000000000000000082E-05 ), #3619, 'distance_accuracy_value', 'NONE');
#606 = DIRECTION ( 'NONE',  ( -0.000000000000000000, -0.000000000000000000, -1.000000000000000000 ) ) ;
#607 = CARTESIAN_POINT ( 'NONE',  ( -75.00000000000000000, 30.49999982145801170, -35.50000168932675848 ) ) ;
#608 = PRESENTATION_LAYER_ASSIGNMENT (  '', '', ( #5425 ) ) ;
#609 = ORIENTED_EDGE ( 'NONE', *, *, #1915, .F. ) ;
#610 = DIRECTION ( 'NONE',  ( 0.000000000000000000, 0.000000000000000000, -1.000000000000000000 ) ) ;
#611 = VECTOR ( 'NONE', #6884, 1000.000000000000000 ) ;
#612 = CARTESIAN_POINT ( 'NONE',  ( 75.00000000000000000, 19.19999765432204342, -42.50000030364437009 ) ) ;
#614 = ORIENTED_EDGE ( 'NONE', *, *, #651, .T. ) ;
#613 = EDGE_CURVE ( 'NONE', #657, #5218, #7248, .T. ) ;
#615 = DIRECTION ( 'NONE',  ( 0.000000000000000000, 1.000000000000000000, 0.000000000000000000 ) ) ;
#616 = STYLED_ITEM ( 'NONE', ( #5458 ), #2075 ) ;
#617 =( LENGTH_UNIT ( ) NAMED_UNIT ( * ) SI_UNIT ( .MILLI., .METRE. ) );
#618 = ORIENTED_EDGE ( 'NONE', *, *, #5414, .T. ) ;
#619 = PLANE ( 'NONE',  #5174 ) ;
#620 = CARTESIAN_POINT ( 'NONE',  ( 75.00000000000000000, -27.67378590221913370, 37.69999999254930856 ) ) ;
#621 = CARTESIAN_POINT ( 'NONE',  ( 75.00000000000000000, -23.19999999298656945, 40.30000002540748483 ) ) ;
#622 = COLOUR_RGB ( '',0.8980392156862745390, 0.9176470588235293713, 0.9294117647058823817 ) ;
#623 = COLOUR_RGB ( '',0.8980392156862745390, 0.9176470588235293713, 0.9294117647058823817 ) ;
#624 = COLOUR_RGB ( '',0.8980392156862745390, 0.9176470588235293713, 0.9294117647058823817 ) ;
#625 = CARTESIAN_POINT ( 'NONE',  ( -75.00000000000000000, 28.19999814060689047, 35.50000063525438776 ) ) ;
#626 =( NAMED_UNIT ( * ) SI_UNIT ( $, .STERADIAN. ) SOLID_ANGLE_UNIT ( ) );
#627 = UNCERTAINTY_MEASURE_WITH_UNIT (LENGTH_MEASURE( 1.000000000000000082E-05 ), #5448, 'distance_accuracy_value', 'NONE');
#628 = DIRECTION ( 'NONE',  ( -1.000000000000000000, -0.000000000000000000, -0.000000000000000000 ) ) ;
#629 = AXIS2_PLACEMENT_3D ( 'NONE', #4529, #376, #1523 ) ;
#630 =( NAMED_UNIT ( * ) PLANE_ANGLE_UNIT ( ) SI_UNIT ( $, .RADIAN. ) );
#631 = DIRECTION ( 'NONE',  ( -0.000000000000000000, -1.000000000000000000, -0.000000000000000000 ) ) ;
#632 = SURFACE_SIDE_STYLE ('',( #1412 ) ) ;
#633 = SHAPE_REPRESENTATION ( 'SC-FT120x65-2-K120', ( #4572 ), #6367 ) ;
#634 = DIRECTION ( 'NONE',  ( -1.000000000000000000, -0.000000000000000000, -0.000000000000000000 ) ) ;
#635 = EDGE_LOOP ( 'NONE', ( #1934, #4638, #7488, #3070 ) ) ;
#636 = CARTESIAN_POINT ( 'NONE',  ( -75.00000000000000000, 28.19999814060689047, -33.49999949885628325 ) ) ;
#637 = COLOUR_RGB ( '',0.8980392156862745390, 0.9176470588235293713, 0.9294117647058823817 ) ;
#638 = DIRECTION ( 'NONE',  ( 0.000000000000000000, 0.000000000000000000, -1.000000000000000000 ) ) ;
#639 = ORIENTED_EDGE ( 'NONE', *, *, #4750, .T. ) ;
#640 = LINE ( 'NONE', #2214, #7325 ) ;
#641 = EDGE_CURVE ( 'NONE', #4751, #2738, #5387, .T. ) ;
#642 = UNCERTAINTY_MEASURE_WITH_UNIT (LENGTH_MEASURE( 1.000000000000000082E-05 ), #5656, 'distance_accuracy_value', 'NONE');
#643 = CARTESIAN_POINT ( 'NONE',  ( 75.00000000000000000, -11.79999985836419718, -40.30000022208010080 ) ) ;
#644 = ORIENTED_EDGE ( 'NONE', *, *, #3244, .F. ) ;
#645 = DIRECTION ( 'NONE',  ( 0.000000000000000000, -0.000000000000000000, -1.000000000000000000 ) ) ;
#646 = SURFACE_STYLE_USAGE ( .BOTH. , #2879 ) ;
#647 = DIRECTION ( 'NONE',  ( 0.000000000000000000, 0.000000000000000000, 1.000000000000000000 ) ) ;
#648 = CARTESIAN_POINT ( 'NONE',  ( 75.00000000000000000, -27.48060072301904455, 37.75176374953557001 ) ) ;
#649 = ORIENTED_EDGE ( 'NONE', *, *, #5096, .T. ) ;
#650 = DIRECTION ( 'NONE',  ( 0.000000000000000000, -0.000000000000000000, 1.000000000000000000 ) ) ;
#651 = EDGE_CURVE ( 'NONE', #3314, #2304, #6584, .T. ) ;
#652 = LINE ( 'NONE', #4789, #5076 ) ;
#653 = PLANE ( 'NONE',  #7536 ) ;
#654 = VECTOR ( 'NONE', #4849, 1000.000000000000000 ) ;
#655 = VERTEX_POINT ( 'NONE', #1772 ) ;
#656 = DIRECTION ( 'NONE',  ( -1.000000000000000000, 0.000000000000000000, -0.000000000000000000 ) ) ;
#657 = VERTEX_POINT ( 'NONE', #4257 ) ;
#658 = VERTEX_POINT ( 'NONE', #1583 ) ;
#659 = DIRECTION ( 'NONE',  ( 0.000000000000000000, 0.000000000000000000, -1.000000000000000000 ) ) ;
#660 =( NAMED_UNIT ( * ) SI_UNIT ( $, .STERADIAN. ) SOLID_ANGLE_UNIT ( ) );
#661 = ORIENTED_EDGE ( 'NONE', *, *, #7464, .F. ) ;
#662 = CARTESIAN_POINT ( 'NONE',  ( 75.00000000000000000, -28.15000165596212867, 41.49999974556131122 ) ) ;
#663 = UNCERTAINTY_MEASURE_WITH_UNIT (LENGTH_MEASURE( 1.000000000000000082E-05 ), #1893, 'distance_accuracy_value', 'NONE');
#664 = EDGE_CURVE ( 'NONE', #2202, #4221, #2959, .T. ) ;
#665 = CIRCLE ( 'NONE', #5068, 1.250000000000001110 ) ;
#666 = SURFACE_STYLE_USAGE ( .BOTH. , #1131 ) ;
#667 = CARTESIAN_POINT ( 'NONE',  ( 75.00000000000000000, -27.40000030889110860, -29.50000061236211479 ) ) ;
#668 = LINE ( 'NONE', #5462, #4594 ) ;
#669 = CARTESIAN_POINT ( 'NONE',  ( 75.00000000000000000, -27.67378598645725418, 37.49999999254981020 ) ) ;
#670 = DIRECTION ( 'NONE',  ( -1.000000000000000000, 0.000000000000000000, -0.000000000000000000 ) ) ;
#671 = CARTESIAN_POINT ( 'NONE',  ( 75.00000000000000000, -8.800001402694260122, -42.64999993665134070 ) ) ;
#672 = LINE ( 'NONE', #1182, #2620 ) ;
#673 = ORIENTED_EDGE ( 'NONE', *, *, #1905, .T. ) ;
#674 = PLANE ( 'NONE',  #2181 ) ;
#675 = ORIENTED_EDGE ( 'NONE', *, *, #1491, .T. ) ;
#676 = STYLED_ITEM ( 'NONE', ( #1067 ), #2919 ) ;
#677 =( NAMED_UNIT ( * ) SI_UNIT ( $, .STERADIAN. ) SOLID_ANGLE_UNIT ( ) );
#678 = EDGE_CURVE ( 'NONE', #575, #7723, #6625, .T. ) ;
#679 = ORIENTED_EDGE ( 'NONE', *, *, #5915, .F. ) ;
#680 = CARTESIAN_POINT ( 'NONE',  ( 75.00000000000000000, 32.49999986189348533, 40.00000133456496343 ) ) ;
#681 = CARTESIAN_POINT ( 'NONE',  ( 75.00000000000000000, 28.19999814060689047, 35.50000063525438776 ) ) ;
#682 = CARTESIAN_POINT ( 'NONE',  ( -75.00000000000000000, 26.84259227669438985, 39.92647664387850170 ) ) ;
#683 = VERTEX_POINT ( 'NONE', #7856 ) ;
#684 = CARTESIAN_POINT ( 'NONE',  ( 75.00000000000000000, 21.39999902999591441, 40.30000032623447481 ) ) ;
#685 = DIRECTION ( 'NONE',  ( 0.000000000000000000, 0.000000000000000000, 1.000000000000000000 ) ) ;
#686 = DIRECTION ( 'NONE',  ( 0.000000000000000000, 0.000000000000000000, -1.000000000000000000 ) ) ;
#687 = ADVANCED_FACE ( 'NONE', ( #2946 ), #2403, .F. ) ;
#688 = ORIENTED_EDGE ( 'NONE', *, *, #6030, .F. ) ;
#689 = FACE_OUTER_BOUND ( 'NONE', #2532, .T. ) ;
#690 = SURFACE_STYLE_FILL_AREA ( #770 ) ;
#691 = AXIS2_PLACEMENT_3D ( 'NONE', #447, #4111, #4831 ) ;
#692 = VERTEX_POINT ( 'NONE', #4860 ) ;
#693 = DIRECTION ( 'NONE',  ( -1.000000000000000000, -0.000000000000000000, -0.000000000000000000 ) ) ;
#694 = VERTEX_POINT ( 'NONE', #3352 ) ;
#695 = DIRECTION ( 'NONE',  ( 1.000000000000000000, 0.000000000000000000, 0.000000000000000000 ) ) ;
#696 = FILL_AREA_STYLE_COLOUR ( '', #7649 ) ;
#697 = SURFACE_STYLE_USAGE ( .BOTH. , #5541 ) ;
#698 = VECTOR ( 'NONE', #229, 1000.000000000000000 ) ;
#699 = COLOUR_RGB ( '',0.8980392156862745390, 0.9176470588235293713, 0.9294117647058823817 ) ;
#700 = EDGE_CURVE ( 'NONE', #5223, #6355, #5800, .T. ) ;
#701 = CARTESIAN_POINT ( 'NONE',  ( -75.00000000000000000, -32.49999880790716134, 59.99999851337634027 ) ) ;
#702 = CARTESIAN_POINT ( 'NONE',  ( -75.00000000000000000, -30.20000114037598493, 35.50000072874227897 ) ) ;
#703 =( GEOMETRIC_REPRESENTATION_CONTEXT ( 3 ) GLOBAL_UNCERTAINTY_ASSIGNED_CONTEXT ( ( #2704 ) ) GLOBAL_UNIT_ASSIGNED_CONTEXT ( ( #3170, #3130, #1927 ) ) REPRESENTATION_CONTEXT ( 'NONE', 'WORKASPACE' ) );
#704 =( NAMED_UNIT ( * ) SI_UNIT ( $, .STERADIAN. ) SOLID_ANGLE_UNIT ( ) );
#705 = MECHANICAL_DESIGN_GEOMETRIC_PRESENTATION_REPRESENTATION (  '', ( #3587 ), #6916 ) ;
#706 = CARTESIAN_POINT ( 'NONE',  ( -75.00000000000000000, 19.19999765432204342, -40.30000031556529905 ) ) ;
#707 = ADVANCED_FACE ( 'NONE', ( #1345 ), #4417, .T. ) ;
#708 = AXIS2_PLACEMENT_3D ( 'NONE', #3757, #1837, #659 ) ;
#709 = DIRECTION ( 'NONE',  ( -1.000000000000000000, 0.000000000000000000, -0.000000000000000000 ) ) ;
#710 = ORIENTED_EDGE ( 'NONE', *, *, #6540, .F. ) ;
#711 = PRESENTATION_LAYER_ASSIGNMENT (  '', '', ( #1088 ) ) ;
#712 = SURFACE_SIDE_STYLE ('',( #1855 ) ) ;
#713 = SURFACE_SIDE_STYLE ('',( #7284 ) ) ;
#714 = ORIENTED_EDGE ( 'NONE', *, *, #5792, .T. ) ;
#715 =( LENGTH_UNIT ( ) NAMED_UNIT ( * ) SI_UNIT ( .MILLI., .METRE. ) );
#716 = FILL_AREA_STYLE_COLOUR ( '', #6967 ) ;
#717 = ORIENTED_EDGE ( 'NONE', *, *, #3076, .T. ) ;
#718 = DIRECTION ( 'NONE',  ( 0.000000000000000000, -0.2588191309993074785, -0.9659258032730895227 ) ) ;
#719 = VECTOR ( 'NONE', #2032, 1000.000000000000000 ) ;
#720 = VECTOR ( 'NONE', #6461, 1000.000000000000000 ) ;
#721 = FACE_OUTER_BOUND ( 'NONE', #1452, .T. ) ;
#722 = ORIENTED_EDGE ( 'NONE', *, *, #883, .F. ) ;
#723 = FILL_AREA_STYLE ('',( #4304 ) ) ;
#724 = FILL_AREA_STYLE_COLOUR ( '', #7277 ) ;
#725 =( LENGTH_UNIT ( ) NAMED_UNIT ( * ) SI_UNIT ( .MILLI., .METRE. ) );
#726 =( GEOMETRIC_REPRESENTATION_CONTEXT ( 3 ) GLOBAL_UNCERTAINTY_ASSIGNED_CONTEXT ( ( #6693 ) ) GLOBAL_UNIT_ASSIGNED_CONTEXT ( ( #3273, #4314, #7503 ) ) REPRESENTATION_CONTEXT ( 'NONE', 'WORKASPACE' ) );
#727 = EDGE_LOOP ( 'NONE', ( #5060, #4952, #479, #7597 ) ) ;
#728 = PRESENTATION_STYLE_ASSIGNMENT (( #3676 ) ) ;
#729 = VERTEX_POINT ( 'NONE', #186 ) ;
#730 = LINE ( 'NONE', #2021, #5159 ) ;
#731 = VERTEX_POINT ( 'NONE', #7374 ) ;
#732 =( NAMED_UNIT ( * ) SI_UNIT ( $, .STERADIAN. ) SOLID_ANGLE_UNIT ( ) );
#733 = ORIENTED_EDGE ( 'NONE', *, *, #2958, .T. ) ;
#734 = VECTOR ( 'NONE', #7096, 1000.000000000000000 ) ;
#735 = DIRECTION ( 'NONE',  ( 0.000000000000000000, 0.000000000000000000, 1.000000000000000000 ) ) ;
#736 = ADVANCED_FACE ( 'NONE', ( #6866 ), #5597, .F. ) ;
#737 = DIRECTION ( 'NONE',  ( -1.000000000000000000, -0.000000000000000000, -0.000000000000000000 ) ) ;
#738 = DIRECTION ( 'NONE',  ( 0.000000000000000000, 0.000000000000000000, 1.000000000000000000 ) ) ;
#739 = UNCERTAINTY_MEASURE_WITH_UNIT (LENGTH_MEASURE( 1.000000000000000082E-05 ), #1487, 'distance_accuracy_value', 'NONE');
#740 = VECTOR ( 'NONE', #2862, 1000.000000000000000 ) ;
#741 = CARTESIAN_POINT ( 'NONE',  ( 75.00000000000000000, -11.80000044405465864, 41.79999962798319757 ) ) ;
#742 = PLANE ( 'NONE',  #1453 ) ;
#743 = CIRCLE ( 'NONE', #2491, 4.999999244473515958 ) ;
#744 = CARTESIAN_POINT ( 'NONE',  ( 75.00000000000000000, -25.39999910734569966, -42.50000021015917184 ) ) ;
#745 = LINE ( 'NONE', #669, #1999 ) ;
#746 = EDGE_CURVE ( 'NONE', #2049, #7183, #4978, .T. ) ;
#747 =( NAMED_UNIT ( * ) SI_UNIT ( $, .STERADIAN. ) SOLID_ANGLE_UNIT ( ) );
#748 = VERTEX_POINT ( 'NONE', #2555 ) ;
#749 = DIRECTION ( 'NONE',  ( 0.000000000000000000, -0.9999999999999475975, 3.236463088384847609E-07 ) ) ;
#750 = DIRECTION ( 'NONE',  ( 1.000000000000000000, 0.000000000000000000, 0.000000000000000000 ) ) ;
#751 = ORIENTED_EDGE ( 'NONE', *, *, #2516, .T. ) ;
#752 =( NAMED_UNIT ( * ) PLANE_ANGLE_UNIT ( ) SI_UNIT ( $, .RADIAN. ) );
#753 = PRESENTATION_STYLE_ASSIGNMENT (( #3065 ) ) ;
#754 = EDGE_CURVE ( 'NONE', #793, #1316, #3182, .T. ) ;
#755 = EDGE_CURVE ( 'NONE', #771, #1590, #7483, .T. ) ;
#756 = VERTEX_POINT ( 'NONE', #3222 ) ;
#757 = PRESENTATION_LAYER_ASSIGNMENT (  '', '', ( #5816 ) ) ;
#758 = PRESENTATION_LAYER_ASSIGNMENT (  '', '', ( #766 ) ) ;
#759 = SURFACE_SIDE_STYLE ('',( #3069 ) ) ;
#760 = LINE ( 'NONE', #6112, #2954 ) ;
#761 = VERTEX_POINT ( 'NONE', #5667 ) ;
#762 = DIRECTION ( 'NONE',  ( -1.000000000000000000, -0.000000000000000000, -0.000000000000000000 ) ) ;
#763 = EDGE_CURVE ( 'NONE', #5271, #3188, #2627, .T. ) ;
#764 =( LENGTH_UNIT ( ) NAMED_UNIT ( * ) SI_UNIT ( .MILLI., .METRE. ) );
#765 = SURFACE_STYLE_FILL_AREA ( #6196 ) ;
#766 = STYLED_ITEM ( 'NONE', ( #367 ), #3496 ) ;
#767 = ORIENTED_EDGE ( 'NONE', *, *, #6036, .F. ) ;
#768 = DIRECTION ( 'NONE',  ( 0.000000000000000000, 0.000000000000000000, -1.000000000000000000 ) ) ;
#769 = EDGE_LOOP ( 'NONE', ( #4, #1920, #2406, #4936 ) ) ;
#770 = FILL_AREA_STYLE ('',( #4275 ) ) ;
#771 = VERTEX_POINT ( 'NONE', #6105 ) ;
#772 =( NAMED_UNIT ( * ) SI_UNIT ( $, .STERADIAN. ) SOLID_ANGLE_UNIT ( ) );
#773 = ORIENTED_EDGE ( 'NONE', *, *, #5384, .F. ) ;
#774 = FILL_AREA_STYLE ('',( #3646 ) ) ;
#775 = CARTESIAN_POINT ( 'NONE',  ( -75.00000000000000000, 28.19999814060689047, 31.49999997960329523 ) ) ;
#776 = CARTESIAN_POINT ( 'NONE',  ( -75.00000000000000000, -19.20000119998040589, 40.30000002540748483 ) ) ;
#777 =( LENGTH_UNIT ( ) NAMED_UNIT ( * ) SI_UNIT ( .MILLI., .METRE. ) );
#778 = ADVANCED_FACE ( 'NONE', ( #7600 ), #2115, .F. ) ;
#779 = PRESENTATION_LAYER_ASSIGNMENT (  '', '', ( #4169 ) ) ;
#780 = FILL_AREA_STYLE ('',( #2652 ) ) ;
#781 = FILL_AREA_STYLE_COLOUR ( '', #1958 ) ;
#782 = DIRECTION ( 'NONE',  ( -1.000000000000000000, -0.000000000000000000, -0.000000000000000000 ) ) ;
#783 = CIRCLE ( 'NONE', #3915, 1.250000000000028866 ) ;
#784 = DIRECTION ( 'NONE',  ( 0.000000000000000000, -0.000000000000000000, 1.000000000000000000 ) ) ;
#785 = ORIENTED_EDGE ( 'NONE', *, *, #7080, .F. ) ;
#786 = EDGE_CURVE ( 'NONE', #6168, #6878, #2238, .T. ) ;
#787 = AXIS2_PLACEMENT_3D ( 'NONE', #6037, #6594, #1870 ) ;
#788 =( NAMED_UNIT ( * ) PLANE_ANGLE_UNIT ( ) SI_UNIT ( $, .RADIAN. ) );
#789 =( NAMED_UNIT ( * ) SI_UNIT ( $, .STERADIAN. ) SOLID_ANGLE_UNIT ( ) );
#790 = DIRECTION ( 'NONE',  ( 0.000000000000000000, -1.000000000000000000, 0.000000000000000000 ) ) ;
#791 = PRODUCT_DEFINITION_FORMATION_WITH_SPECIFIED_SOURCE ( 'хн', '', #1049, .NOT_KNOWN. ) ;
#792 = PRODUCT_DEFINITION_SHAPE ( 'NONE', 'NONE',  #7904 ) ;
#793 = VERTEX_POINT ( 'NONE', #5172 ) ;
#794 =( NAMED_UNIT ( * ) PLANE_ANGLE_UNIT ( ) SI_UNIT ( $, .RADIAN. ) );
#795 = EDGE_CURVE ( 'NONE', #7810, #2661, #7076, .T. ) ;
#796 = DIRECTION ( 'NONE',  ( -0.000000000000000000, -0.000000000000000000, -1.000000000000000000 ) ) ;
#797 = CARTESIAN_POINT ( 'NONE',  ( 75.00000000000000000, -28.14999991479055197, -40.24999913430374221 ) ) ;
#798 = PRESENTATION_LAYER_ASSIGNMENT (  '', '', ( #5856 ) ) ;
#799 = ORIENTED_EDGE ( 'NONE', *, *, #4502, .F. ) ;
#800 = MECHANICAL_DESIGN_GEOMETRIC_PRESENTATION_REPRESENTATION (  '', ( #6756 ), #4452 ) ;
#801 = FACE_OUTER_BOUND ( 'NONE', #2534, .T. ) ;
#802 = EDGE_CURVE ( 'NONE', #3973, #7534, #264, .T. ) ;
#803 = FACE_OUTER_BOUND ( 'NONE', #3428, .T. ) ;
#804 = DIRECTION ( 'NONE',  ( -1.000000000000000000, -0.000000000000000000, -0.000000000000000000 ) ) ;
#805 = STYLED_ITEM ( 'NONE', ( #4820 ), #113 ) ;
#806 =( GEOMETRIC_REPRESENTATION_CONTEXT ( 3 ) GLOBAL_UNCERTAINTY_ASSIGNED_CONTEXT ( ( #1104 ) ) GLOBAL_UNIT_ASSIGNED_CONTEXT ( ( #1047, #5244, #3563 ) ) REPRESENTATION_CONTEXT ( 'NONE', 'WORKASPACE' ) );
#807 = STYLED_ITEM ( 'NONE', ( #6664 ), #5004 ) ;
#808 = VERTEX_POINT ( 'NONE', #4499 ) ;
#809 = CARTESIAN_POINT ( 'NONE',  ( 75.00000000000000000, -11.80000073208403322, 45.00000135459106332 ) ) ;
#810 = CARTESIAN_POINT ( 'NONE',  ( -75.00000000000000000, -25.59999998106502161, 39.77378458613114987 ) ) ;
#811 = DIRECTION ( 'NONE',  ( 1.000000000000000000, 0.000000000000000000, 0.000000000000000000 ) ) ;
#812 = ORIENTED_EDGE ( 'NONE', *, *, #6629, .T. ) ;
#813 = FILL_AREA_STYLE ('',( #1983 ) ) ;
#814 = SURFACE_SIDE_STYLE ('',( #2538 ) ) ;
#815 = PRESENTATION_STYLE_ASSIGNMENT (( #857 ) ) ;
#816 = CARTESIAN_POINT ( 'NONE',  ( 75.00000000000000000, -30.20000114037598493, 37.50000105656793892 ) ) ;
#817 = SURFACE_SIDE_STYLE ('',( #1369 ) ) ;
#818 = CARTESIAN_POINT ( 'NONE',  ( 75.00000000000000000, -21.40000031433978478, -42.50000021015917184 ) ) ;
#819 = DIRECTION ( 'NONE',  ( -1.000000000000000000, -0.000000000000000000, -0.000000000000000000 ) ) ;
#820 =( GEOMETRIC_REPRESENTATION_CONTEXT ( 3 ) GLOBAL_UNCERTAINTY_ASSIGNED_CONTEXT ( ( #2207 ) ) GLOBAL_UNIT_ASSIGNED_CONTEXT ( ( #1948, #2568, #4390 ) ) REPRESENTATION_CONTEXT ( 'NONE', 'WORKASPACE' ) );
#821 = SURFACE_STYLE_FILL_AREA ( #780 ) ;
#822 = CARTESIAN_POINT ( 'NONE',  ( 75.00000000000000000, 23.19999830997313595, -42.50000030364437009 ) ) ;
#823 = CARTESIAN_POINT ( 'NONE',  ( 75.00000000000000000, -19.20000119998040589, 42.50000001348644219 ) ) ;
#824 = CARTESIAN_POINT ( 'NONE',  ( 75.00000000000000000, 30.49999982145801170, -35.50000168932675848 ) ) ;
#825 =( GEOMETRIC_REPRESENTATION_CONTEXT ( 3 ) GLOBAL_UNCERTAINTY_ASSIGNED_CONTEXT ( ( #4015 ) ) GLOBAL_UNIT_ASSIGNED_CONTEXT ( ( #6227, #794, #33 ) ) REPRESENTATION_CONTEXT ( 'NONE', 'WORKASPACE' ) );
#826 = LINE ( 'NONE', #5012, #7266 ) ;
#827 = PLANE ( 'NONE',  #1248 ) ;
#828 = CIRCLE ( 'NONE', #6652, 0.2000009045375894523 ) ;
#829 = AXIS2_PLACEMENT_3D ( 'NONE', #4300, #7380, #718 ) ;
#830 =( NAMED_UNIT ( * ) PLANE_ANGLE_UNIT ( ) SI_UNIT ( $, .RADIAN. ) );
#831 = ORIENTED_EDGE ( 'NONE', *, *, #3951, .F. ) ;
#832 = PRESENTATION_LAYER_ASSIGNMENT (  '', '', ( #2695 ) ) ;
#833 =( NAMED_UNIT ( * ) SI_UNIT ( $, .STERADIAN. ) SOLID_ANGLE_UNIT ( ) );
#834 = CARTESIAN_POINT ( 'NONE',  ( -75.00000000000000000, -30.10000102221976803, 59.99999851337634027 ) ) ;
#835 = DIRECTION ( 'NONE',  ( 0.000000000000000000, -1.000000000000000000, 0.000000000000000000 ) ) ;
#836 = STYLED_ITEM ( 'NONE', ( #4434 ), #435 ) ;
#837 = CARTESIAN_POINT ( 'NONE',  ( 75.00000000000000000, -32.49999880790716134, 44.84999910346232355 ) ) ;
#838 = ADVANCED_FACE ( 'NONE', ( #2777 ), #3920, .F. ) ;
#839 =( GEOMETRIC_REPRESENTATION_CONTEXT ( 3 ) GLOBAL_UNCERTAINTY_ASSIGNED_CONTEXT ( ( #7151 ) ) GLOBAL_UNIT_ASSIGNED_CONTEXT ( ( #7853, #1690, #2830 ) ) REPRESENTATION_CONTEXT ( 'NONE', 'WORKASPACE' ) );
#840 = ORIENTED_EDGE ( 'NONE', *, *, #7129, .T. ) ;
#841 = DIRECTION ( 'NONE',  ( -0.000000000000000000, -0.000000000000000000, 1.000000000000000000 ) ) ;
#842 = SURFACE_STYLE_USAGE ( .BOTH. , #7569 ) ;
#843 = STYLED_ITEM ( 'NONE', ( #6334 ), #6317 ) ;
#844 = ORIENTED_EDGE ( 'NONE', *, *, #63, .T. ) ;
#845 = DIRECTION ( 'NONE',  ( -0.000000000000000000, 1.000000000000000000, 0.000000000000000000 ) ) ;
#846 =( LENGTH_UNIT ( ) NAMED_UNIT ( * ) SI_UNIT ( .MILLI., .METRE. ) );
#847 = EDGE_CURVE ( 'NONE', #7769, #1204, #947, .T. ) ;
#848 = ORIENTED_EDGE ( 'NONE', *, *, #3004, .F. ) ;
#849 = MECHANICAL_DESIGN_GEOMETRIC_PRESENTATION_REPRESENTATION (  '', ( #5553 ), #2847 ) ;
#850 = SURFACE_SIDE_STYLE ('',( #6274 ) ) ;
#851 = CYLINDRICAL_SURFACE ( 'NONE', #4331, 1.299999999999995604 ) ;
#852 = EDGE_CURVE ( 'NONE', #5275, #5495, #7756, .T. ) ;
#853 = EDGE_LOOP ( 'NONE', ( #4693, #644, #4974, #2968 ) ) ;
#854 = FILL_AREA_STYLE_COLOUR ( '', #345 ) ;
#855 =( LENGTH_UNIT ( ) NAMED_UNIT ( * ) SI_UNIT ( .MILLI., .METRE. ) );
#856 = CIRCLE ( 'NONE', #7354, 1.250000000000028866 ) ;
#857 = SURFACE_STYLE_USAGE ( .BOTH. , #2024 ) ;
#858 = CIRCLE ( 'NONE', #2853, 1.299999325380794879 ) ;
#859 = PRESENTATION_STYLE_ASSIGNMENT (( #134 ) ) ;
#860 = LINE ( 'NONE', #818, #4875 ) ;
#861 = VECTOR ( 'NONE', #2725, 1000.000000000000000 ) ;
#862 = EDGE_CURVE ( 'NONE', #1462, #3063, #1606, .T. ) ;
#863 = DIRECTION ( 'NONE',  ( 0.000000000000000000, 0.000000000000000000, -1.000000000000000000 ) ) ;
#864 =( NAMED_UNIT ( * ) PLANE_ANGLE_UNIT ( ) SI_UNIT ( $, .RADIAN. ) );
#865 = PRESENTATION_STYLE_ASSIGNMENT (( #6368 ) ) ;
#866 = DIRECTION ( 'NONE',  ( 1.000000000000000000, 0.000000000000000000, 0.000000000000000000 ) ) ;
#867 = ORIENTED_EDGE ( 'NONE', *, *, #876, .F. ) ;
#868 = DIRECTION ( 'NONE',  ( -0.000000000000000000, -1.000000000000000000, -0.000000000000000000 ) ) ;
#869 = AXIS2_PLACEMENT_3D ( 'NONE', #5490, #6601, #572 ) ;
#870 = CARTESIAN_POINT ( 'NONE',  ( 75.00000000000000000, -11.80000183164951366, -40.30000030276743672 ) ) ;
#871 = VECTOR ( 'NONE', #2858, 1000.000000000000000 ) ;
#872 = VECTOR ( 'NONE', #473, 1000.000000000000000 ) ;
#873 = ORIENTED_EDGE ( 'NONE', *, *, #4842, .F. ) ;
#874 =( LENGTH_UNIT ( ) NAMED_UNIT ( * ) SI_UNIT ( .MILLI., .METRE. ) );
#875 = VECTOR ( 'NONE', #141, 1000.000000000000000 ) ;
#876 = EDGE_CURVE ( 'NONE', #1357, #2094, #2939, .T. ) ;
#877 = CARTESIAN_POINT ( 'NONE',  ( 75.00000000000000000, -27.48059963949862450, -37.75176316322300352 ) ) ;
#878 = ORIENTED_EDGE ( 'NONE', *, *, #5352, .T. ) ;
#879 = LINE ( 'NONE', #2126, #6118 ) ;
#880 = VECTOR ( 'NONE', #424, 1000.000000000000000 ) ;
#881 = STYLED_ITEM ( 'NONE', ( #7226 ), #1271 ) ;
#882 = ORIENTED_EDGE ( 'NONE', *, *, #4354, .T. ) ;
#883 = EDGE_CURVE ( 'NONE', #1623, #2047, #1631, .T. ) ;
#884 = CYLINDRICAL_SURFACE ( 'NONE', #2746, 1.250000000000028866 ) ;
#885 = ORIENTED_EDGE ( 'NONE', *, *, #5404, .T. ) ;
#886 = SURFACE_STYLE_FILL_AREA ( #4475 ) ;
#887 = DIRECTION ( 'NONE',  ( -1.000000000000000000, -0.000000000000000000, -0.000000000000000000 ) ) ;
#888 = FILL_AREA_STYLE ('',( #3164 ) ) ;
#889 =( GEOMETRIC_REPRESENTATION_CONTEXT ( 3 ) GLOBAL_UNCERTAINTY_ASSIGNED_CONTEXT ( ( #4459 ) ) GLOBAL_UNIT_ASSIGNED_CONTEXT ( ( #6513, #5992, #5325 ) ) REPRESENTATION_CONTEXT ( 'NONE', 'WORKASPACE' ) );
#890 = SURFACE_STYLE_FILL_AREA ( #4436 ) ;
#891 = VECTOR ( 'NONE', #6051, 1000.000000000000114 ) ;
#892 = CARTESIAN_POINT ( 'NONE',  ( 75.00000000000000000, 28.04999815885442516, -40.24999943051175677 ) ) ;
#893 = LINE ( 'NONE', #1515, #6934 ) ;
#894 = ORIENTED_EDGE ( 'NONE', *, *, #4801, .F. ) ;
#895 = LINE ( 'NONE', #3439, #4017 ) ;
#896 = CARTESIAN_POINT ( 'NONE',  ( 75.00000000000000000, 28.19999814060689047, 33.50000030742884150 ) ) ;
#897 = FILL_AREA_STYLE ('',( #6981 ) ) ;
#898 = EDGE_CURVE ( 'NONE', #6075, #1981, #7889, .T. ) ;
#899 = SURFACE_STYLE_USAGE ( .BOTH. , #6251 ) ;
#900 = ORIENTED_EDGE ( 'NONE', *, *, #1356, .T. ) ;
#901 = SURFACE_STYLE_FILL_AREA ( #6858 ) ;
#902 = CARTESIAN_POINT ( 'NONE',  ( 75.00000000000000000, 28.19999814060689047, -33.49999949885628325 ) ) ;
#903 = ADVANCED_FACE ( 'NONE', ( #4768 ), #3615, .F. ) ;
#904 = VECTOR ( 'NONE', #149, 1000.000000000000000 ) ;
#905 = DIRECTION ( 'NONE',  ( 0.000000000000000000, 0.000000000000000000, 1.000000000000000000 ) ) ;
#906 = ORIENTED_EDGE ( 'NONE', *, *, #763, .F. ) ;
#907 =( NAMED_UNIT ( * ) PLANE_ANGLE_UNIT ( ) SI_UNIT ( $, .RADIAN. ) );
#908 = SURFACE_STYLE_USAGE ( .BOTH. , #3289 ) ;
#909 =( GEOMETRIC_REPRESENTATION_CONTEXT ( 3 ) GLOBAL_UNCERTAINTY_ASSIGNED_CONTEXT ( ( #7360 ) ) GLOBAL_UNIT_ASSIGNED_CONTEXT ( ( #3483, #1679, #5204 ) ) REPRESENTATION_CONTEXT ( 'NONE', 'WORKASPACE' ) );
#910 = SURFACE_SIDE_STYLE ('',( #5631 ) ) ;
#911 = UNCERTAINTY_MEASURE_WITH_UNIT (LENGTH_MEASURE( 1.000000000000000082E-05 ), #6636, 'distance_accuracy_value', 'NONE');
#912 = VERTEX_POINT ( 'NONE', #1762 ) ;
#913 = CIRCLE ( 'NONE', #526, 1.300000000000016476 ) ;
#914 = FACE_OUTER_BOUND ( 'NONE', #7451, .T. ) ;
#915 = ORIENTED_EDGE ( 'NONE', *, *, #1672, .F. ) ;
#916 = FILL_AREA_STYLE_COLOUR ( '', #6370 ) ;
#917 = EDGE_CURVE ( 'NONE', #5495, #2415, #6055, .T. ) ;
#918 = VERTEX_POINT ( 'NONE', #5465 ) ;
#919 = COLOUR_RGB ( '',0.8980392156862745390, 0.9176470588235293713, 0.9294117647058823817 ) ;
#920 = DIRECTION ( 'NONE',  ( -0.000000000000000000, -0.000000000000000000, -1.000000000000000000 ) ) ;
#921 =( NAMED_UNIT ( * ) PLANE_ANGLE_UNIT ( ) SI_UNIT ( $, .RADIAN. ) );
#922 = VERTEX_POINT ( 'NONE', #1177 ) ;
#923 =( NAMED_UNIT ( * ) PLANE_ANGLE_UNIT ( ) SI_UNIT ( $, .RADIAN. ) );
#924 = FACE_OUTER_BOUND ( 'NONE', #6881, .T. ) ;
#925 = SURFACE_STYLE_FILL_AREA ( #7504 ) ;
#926 = LINE ( 'NONE', #6397, #5723 ) ;
#927 =( LENGTH_UNIT ( ) NAMED_UNIT ( * ) SI_UNIT ( .MILLI., .METRE. ) );
#928 = AXIS2_PLACEMENT_3D ( 'NONE', #7223, #5846, #7792 ) ;
#929 = MECHANICAL_DESIGN_GEOMETRIC_PRESENTATION_REPRESENTATION (  '', ( #807 ), #4840 ) ;
#930 = EDGE_CURVE ( 'NONE', #2365, #6715, #4651, .T. ) ;
#931 = VERTEX_POINT ( 'NONE', #6579 ) ;
#932 = DIRECTION ( 'NONE',  ( -1.000000000000000000, -0.000000000000000000, -0.000000000000000000 ) ) ;
#933 = FILL_AREA_STYLE ('',( #6359 ) ) ;
#934 = ORIENTED_EDGE ( 'NONE', *, *, #2529, .T. ) ;
#935 =( NAMED_UNIT ( * ) SI_UNIT ( $, .STERADIAN. ) SOLID_ANGLE_UNIT ( ) );
#936 = PLANE ( 'NONE',  #457 ) ;
#937 = EDGE_LOOP ( 'NONE', ( #7737, #3358, #7864, #2835, #5031, #2161, #7173, #2803, #6671, #2770, #1979, #7352, #4016, #507, #5148, #5601, #2282, #6164, #867, #1628, #3148, #2711, #6794, #4794, #7225, #4295, #3126, #4621, #6635, #3340, #5119, #3111, #1612, #3935, #4231, #6839, #3320, #4039, #5418, #307, #5066, #7500, #5566, #1127, #6431, #147, #7492, #3642, #3858, #4153, #1054, #3409, #5870, #515, #4583, #2676, #1681, #23, #7162, #1793, #557, #6192, #4218, #1707, #5246, #2807, #6539, #5990, #3152, #4057, #50, #6066, #1046, #2602, #2112, #1142, #10, #2747, #7141, #6299, #5349 ) ) ;
#938 = CARTESIAN_POINT ( 'NONE',  ( 75.00000000000000000, -27.48060072301881362, 37.75176374953563396 ) ) ;
#939 = CARTESIAN_POINT ( 'NONE',  ( 75.00000000000000000, 17.19999871409140724, 42.50000031431354586 ) ) ;
#940 = EDGE_CURVE ( 'NONE', #657, #3994, #6535, .T. ) ;
#941 = PRESENTATION_STYLE_ASSIGNMENT (( #2737 ) ) ;
#942 = ORIENTED_EDGE ( 'NONE', *, *, #3045, .F. ) ;
#943 = CONTEXT_DEPENDENT_SHAPE_REPRESENTATION ( #6816, #792 ) ;
#944 = EDGE_CURVE ( 'NONE', #3463, #3754, #2864, .T. ) ;
#945 = SURFACE_STYLE_USAGE ( .BOTH. , #6375 ) ;
#946 = VECTOR ( 'NONE', #6428, 1000.000000000000000 ) ;
#947 = LINE ( 'NONE', #2743, #5812 ) ;
#948 = CARTESIAN_POINT ( 'NONE',  ( 75.00000000000000000, -21.40000031433978478, -40.30000022208010080 ) ) ;
#949 =( GEOMETRIC_REPRESENTATION_CONTEXT ( 3 ) GLOBAL_UNCERTAINTY_ASSIGNED_CONTEXT ( ( #3889 ) ) GLOBAL_UNIT_ASSIGNED_CONTEXT ( ( #7364, #138, #6178 ) ) REPRESENTATION_CONTEXT ( 'NONE', 'WORKASPACE' ) );
#950 = VECTOR ( 'NONE', #1002, 1000.000000000000000 ) ;
#951 = ORIENTED_EDGE ( 'NONE', *, *, #7409, .T. ) ;
#952 = ADVANCED_FACE ( 'NONE', ( #2903 ), #1102, .F. ) ;
#953 = DIRECTION ( 'NONE',  ( 0.000000000000000000, 0.000000000000000000, 1.000000000000000000 ) ) ;
#954 = DIRECTION ( 'NONE',  ( 0.000000000000000000, -0.000000000000000000, 1.000000000000000000 ) ) ;
#955 = EDGE_LOOP ( 'NONE', ( #3815, #2014, #6083, #2964 ) ) ;
#956 = CARTESIAN_POINT ( 'NONE',  ( -75.00000000000000000, 28.19999814060689047, 33.50000030742884150 ) ) ;
#957 =( GEOMETRIC_REPRESENTATION_CONTEXT ( 3 ) GLOBAL_UNCERTAINTY_ASSIGNED_CONTEXT ( ( #3371 ) ) GLOBAL_UNIT_ASSIGNED_CONTEXT ( ( #2526, #6713, #4944 ) ) REPRESENTATION_CONTEXT ( 'NONE', 'WORKASPACE' ) );
#958 =( NAMED_UNIT ( * ) SI_UNIT ( $, .STERADIAN. ) SOLID_ANGLE_UNIT ( ) );
#959 = VECTOR ( 'NONE', #2794, 1000.000000000000000 ) ;
#960 = ORIENTED_EDGE ( 'NONE', *, *, #3714, .T. ) ;
#961 = CARTESIAN_POINT ( 'NONE',  ( -75.00000000000000000, 23.19999830997313595, -40.30000031556529905 ) ) ;
#962 = CARTESIAN_POINT ( 'NONE',  ( 75.00000000000000000, -32.49999880790716134, -59.99999880441464484 ) ) ;
#963 = MECHANICAL_DESIGN_GEOMETRIC_PRESENTATION_REPRESENTATION (  '', ( #7699 ), #4488 ) ;
#964 = SURFACE_STYLE_USAGE ( .BOTH. , #3431 ) ;
#965 = VERTEX_POINT ( 'NONE', #4366 ) ;
#966 = FILL_AREA_STYLE ('',( #1582 ) ) ;
#967 = LINE ( 'NONE', #7621, #3856 ) ;
#968 = CARTESIAN_POINT ( 'NONE',  ( 75.00000000000000000, 21.39999764240106117, -42.50000030364437009 ) ) ;
#969 = DIRECTION ( 'NONE',  ( 0.000000000000000000, 0.000000000000000000, 1.000000000000000000 ) ) ;
#970 = PRESENTATION_LAYER_ASSIGNMENT (  '', '', ( #843 ) ) ;
#971 = ORIENTED_EDGE ( 'NONE', *, *, #1236, .F. ) ;
#972 = LINE ( 'NONE', #1553, #5516 ) ;
#973 = MECHANICAL_DESIGN_GEOMETRIC_PRESENTATION_REPRESENTATION (  '', ( #2350 ), #7854 ) ;
#974 = EDGE_CURVE ( 'NONE', #5559, #2094, #745, .T. ) ;
#975 = ORIENTED_EDGE ( 'NONE', *, *, #4608, .F. ) ;
#976 = SURFACE_STYLE_FILL_AREA ( #373 ) ;
#977 =( LENGTH_UNIT ( ) NAMED_UNIT ( * ) SI_UNIT ( .MILLI., .METRE. ) );
#978 = ORIENTED_EDGE ( 'NONE', *, *, #5414, .F. ) ;
#979 = SHAPE_DEFINITION_REPRESENTATION ( #1678, #3028 ) ;
#980 = CARTESIAN_POINT ( 'NONE',  ( 75.00000000000000000, -19.20000032626060360, -42.50000021015917184 ) ) ;
#981 = CARTESIAN_POINT ( 'NONE',  ( -75.00000000000000000, 25.39999829805240239, -42.50000030364437009 ) ) ;
#982 = EDGE_CURVE ( 'NONE', #6620, #912, #178, .T. ) ;
#983 = PRESENTATION_LAYER_ASSIGNMENT (  '', '', ( #3362 ) ) ;
#984 = EDGE_CURVE ( 'NONE', #4956, #1713, #6831, .T. ) ;
#985 = UNCERTAINTY_MEASURE_WITH_UNIT (LENGTH_MEASURE( 1.000000000000000082E-05 ), #5546, 'distance_accuracy_value', 'NONE');
#986 = ORIENTED_EDGE ( 'NONE', *, *, #5153, .T. ) ;
#987 = VECTOR ( 'NONE', #1760, 1000.000000000000000 ) ;
#988 = VECTOR ( 'NONE', #2424, 1000.000000000000000 ) ;
#989 = SURFACE_STYLE_USAGE ( .BOTH. , #5899 ) ;
#990 = ORIENTED_EDGE ( 'NONE', *, *, #6280, .F. ) ;
#991 = LINE ( 'NONE', #1218, #461 ) ;
#992 = SHAPE_REPRESENTATION_RELATIONSHIP ( 'NONE' , 'NONE' ,  #124, #2437 ) ;
#993 = PRESENTATION_STYLE_ASSIGNMENT (( #6305 ) ) ;
#994 = AXIS2_PLACEMENT_3D ( 'NONE', #356, #3349, #4549 ) ;
#995 = AXIS2_PLACEMENT_3D ( 'NONE', #5394, #4619, #5317 ) ;
#996 = COLOUR_RGB ( '',0.8980392156862745390, 0.9176470588235293713, 0.9294117647058823817 ) ;
#997 = ORIENTED_EDGE ( 'NONE', *, *, #6019, .F. ) ;
#998 = DIRECTION ( 'NONE',  ( -1.000000000000000000, -0.000000000000000000, -0.000000000000000000 ) ) ;
#999 = DIRECTION ( 'NONE',  ( 0.000000000000000000, 0.000000000000000000, 1.000000000000000000 ) ) ;
#1000 = CARTESIAN_POINT ( 'NONE',  ( 75.00000000000000000, 28.04999815885442516, -40.24999943051175677 ) ) ;
#1001 = AXIS2_PLACEMENT_3D ( 'NONE', #6900, #6862, #2073 ) ;
#1002 = DIRECTION ( 'NONE',  ( 0.000000000000000000, 0.000000000000000000, 1.000000000000000000 ) ) ;
#1003 = VERTEX_POINT ( 'NONE', #5622 ) ;
#1004 = PRESENTATION_STYLE_ASSIGNMENT (( #6432 ) ) ;
#1005 = CARTESIAN_POINT ( 'NONE',  ( -75.00000000000000000, -14.80000073419111217, 42.64999999254941798 ) ) ;
#1006 = MECHANICAL_DESIGN_GEOMETRIC_PRESENTATION_REPRESENTATION (  '', ( #5696 ), #7496 ) ;
#1007 = FACE_OUTER_BOUND ( 'NONE', #937, .T. ) ;
#1008 = PRESENTATION_STYLE_ASSIGNMENT (( #7013 ) ) ;
#1009 = ORIENTED_EDGE ( 'NONE', *, *, #7754, .F. ) ;
#1010 =( NAMED_UNIT ( * ) SI_UNIT ( $, .STERADIAN. ) SOLID_ANGLE_UNIT ( ) );
#1011 =( LENGTH_UNIT ( ) NAMED_UNIT ( * ) SI_UNIT ( .MILLI., .METRE. ) );
#1012 =( GEOMETRIC_REPRESENTATION_CONTEXT ( 3 ) GLOBAL_UNCERTAINTY_ASSIGNED_CONTEXT ( ( #7645 ) ) GLOBAL_UNIT_ASSIGNED_CONTEXT ( ( #2059, #3865, #6972 ) ) REPRESENTATION_CONTEXT ( 'NONE', 'WORKASPACE' ) );
#1013 = SURFACE_STYLE_USAGE ( .BOTH. , #5334 ) ;
#1014 = ORIENTED_EDGE ( 'NONE', *, *, #3527, .T. ) ;
#1015 = PLANE ( 'NONE',  #3369 ) ;
#1016 = PRESENTATION_LAYER_ASSIGNMENT (  '', '', ( #7253 ) ) ;
#1017 = FILL_AREA_STYLE ('',( #6449 ) ) ;
#1018 = UNCERTAINTY_MEASURE_WITH_UNIT (LENGTH_MEASURE( 1.000000000000000082E-05 ), #5858, 'distance_accuracy_value', 'NONE');
#1019 = ORIENTED_EDGE ( 'NONE', *, *, #974, .T. ) ;
#1020 = DIRECTION ( 'NONE',  ( 0.000000000000000000, 0.000000000000000000, -1.000000000000000000 ) ) ;
#1021 = LINE ( 'NONE', #2901, #1109 ) ;
#1022 = ADVANCED_FACE ( 'NONE', ( #3733 ), #5659, .F. ) ;
#1023 = ORIENTED_EDGE ( 'NONE', *, *, #2812, .T. ) ;
#1024 = PRESENTATION_STYLE_ASSIGNMENT (( #6458 ) ) ;
#1025 = CARTESIAN_POINT ( 'NONE',  ( 75.00000000000000000, -31.89999982714642002, -44.84999939450040785 ) ) ;
#1026 = ORIENTED_EDGE ( 'NONE', *, *, #330, .F. ) ;
#1027 = UNCERTAINTY_MEASURE_WITH_UNIT (LENGTH_MEASURE( 1.000000000000000082E-05 ), #4479, 'distance_accuracy_value', 'NONE');
#1028 = LINE ( 'NONE', #2832, #5686 ) ;
#1029 =( GEOMETRIC_REPRESENTATION_CONTEXT ( 3 ) GLOBAL_UNCERTAINTY_ASSIGNED_CONTEXT ( ( #15 ) ) GLOBAL_UNIT_ASSIGNED_CONTEXT ( ( #5073, #209, #5727 ) ) REPRESENTATION_CONTEXT ( 'NONE', 'WORKASPACE' ) );
#1030 = UNCERTAINTY_MEASURE_WITH_UNIT (LENGTH_MEASURE( 1.000000000000000082E-05 ), #5021, 'distance_accuracy_value', 'NONE');
#1031 = ORIENTED_EDGE ( 'NONE', *, *, #5561, .F. ) ;
#1032 = EDGE_CURVE ( 'NONE', #1940, #5090, #2433, .T. ) ;
#1033 = CARTESIAN_POINT ( 'NONE',  ( -75.00000000000000000, -32.49999880790716134, -4.849999706493690610 ) ) ;
#1034 = CARTESIAN_POINT ( 'NONE',  ( 75.00000000000000000, -1.689490045283340569, -42.50000030364437009 ) ) ;
#1035 = DIRECTION ( 'NONE',  ( -1.000000000000000000, -0.000000000000000000, -0.000000000000000000 ) ) ;
#1036 = CARTESIAN_POINT ( 'NONE',  ( 75.00000000000000000, -30.10000119205603042, -59.99999880441464484 ) ) ;
#1037 = EDGE_LOOP ( 'NONE', ( #2083, #1234, #329, #4658 ) ) ;
#1038 = EDGE_CURVE ( 'NONE', #2047, #4234, #4328, .T. ) ;
#1039 = CARTESIAN_POINT ( 'NONE',  ( 75.00000000000000000, 25.59999815885450758, -39.80057930441510905 ) ) ;
#1040 = SURFACE_STYLE_USAGE ( .BOTH. , #441 ) ;
#1041 = PRESENTATION_STYLE_ASSIGNMENT (( #7094 ) ) ;
#1042 = CARTESIAN_POINT ( 'NONE',  ( 75.00000000000000000, 30.49999982145801170, 33.50000030742884150 ) ) ;
#1043 = AXIS2_PLACEMENT_3D ( 'NONE', #3509, #1084, #7742 ) ;
#1044 = ORIENTED_EDGE ( 'NONE', *, *, #3240, .F. ) ;
#1045 = FILL_AREA_STYLE ('',( #6325 ) ) ;
#1046 = ORIENTED_EDGE ( 'NONE', *, *, #1191, .F. ) ;
#1047 =( LENGTH_UNIT ( ) NAMED_UNIT ( * ) SI_UNIT ( .MILLI., .METRE. ) );
#1048 = ORIENTED_EDGE ( 'NONE', *, *, #3673, .F. ) ;
#1049 = PRODUCT ( 'SC-FT120x65-2-K120', 'SC-FT120x65-2-K120', '', ( #2153 ) ) ;
#1050 =( NAMED_UNIT ( * ) SI_UNIT ( $, .STERADIAN. ) SOLID_ANGLE_UNIT ( ) );
#1051 = DIRECTION ( 'NONE',  ( 0.000000000000000000, 0.000000000000000000, -1.000000000000000000 ) ) ;
#1052 = UNCERTAINTY_MEASURE_WITH_UNIT (LENGTH_MEASURE( 1.000000000000000082E-05 ), #2322, 'distance_accuracy_value', 'NONE');
#1053 = VECTOR ( 'NONE', #1474, 1000.000000000000000 ) ;
#1054 = ORIENTED_EDGE ( 'NONE', *, *, #2686, .F. ) ;
#1055 = DIRECTION ( 'NONE',  ( 0.000000000000000000, 0.000000000000000000, 1.000000000000000000 ) ) ;
#1056 = CARTESIAN_POINT ( 'NONE',  ( -75.00000000000000000, -9.630663357924003520, -43.64999941771341696 ) ) ;
#1057 = LINE ( 'NONE', #3452, #1589 ) ;
#1058 = DIRECTION ( 'NONE',  ( -1.000000000000000000, -0.000000000000000000, -0.000000000000000000 ) ) ;
#1059 = DIRECTION ( 'NONE',  ( -1.000000000000000000, -0.000000000000000000, -0.000000000000000000 ) ) ;
#1060 = VERTEX_POINT ( 'NONE', #5588 ) ;
#1061 =( GEOMETRIC_REPRESENTATION_CONTEXT ( 3 ) GLOBAL_UNCERTAINTY_ASSIGNED_CONTEXT ( ( #475 ) ) GLOBAL_UNIT_ASSIGNED_CONTEXT ( ( #4347, #3079, #2603 ) ) REPRESENTATION_CONTEXT ( 'NONE', 'WORKASPACE' ) );
#1062 = LINE ( 'NONE', #2358, #1174 ) ;
#1063 = SURFACE_STYLE_FILL_AREA ( #5266 ) ;
#1064 = ORIENTED_EDGE ( 'NONE', *, *, #7619, .T. ) ;
#1065 = EDGE_CURVE ( 'NONE', #5880, #6382, #6139, .T. ) ;
#1066 = STYLED_ITEM ( 'NONE', ( #6266 ), #4059 ) ;
#1067 = PRESENTATION_STYLE_ASSIGNMENT (( #6585 ) ) ;
#1068 = AXIS2_PLACEMENT_3D ( 'NONE', #4146, #6076, #650 ) ;
#1069 = MECHANICAL_DESIGN_GEOMETRIC_PRESENTATION_REPRESENTATION (  '', ( #7316 ), #182 ) ;
#1070 = ORIENTED_EDGE ( 'NONE', *, *, #7646, .F. ) ;
#1071 = CARTESIAN_POINT ( 'NONE',  ( 75.00000000000000000, -28.14999991479055197, -40.24999913430374221 ) ) ;
#1072 =( NAMED_UNIT ( * ) SI_UNIT ( $, .STERADIAN. ) SOLID_ANGLE_UNIT ( ) );
#1073 = AXIS2_PLACEMENT_3D ( 'NONE', #6402, #5286, #2851 ) ;
#1074 = CARTESIAN_POINT ( 'NONE',  ( 75.00000000000000000, -25.59999986047113296, -39.77378413240914057 ) ) ;
#1075 = DIRECTION ( 'NONE',  ( 0.000000000000000000, 0.000000000000000000, -1.000000000000000000 ) ) ;
#1076 = AXIS2_PLACEMENT_3D ( 'NONE', #2953, #6590, #7208 ) ;
#1077 = ORIENTED_EDGE ( 'NONE', *, *, #3817, .T. ) ;
#1078 = DIRECTION ( 'NONE',  ( -1.000000000000000000, -0.000000000000000000, -0.000000000000000000 ) ) ;
#1079 = CARTESIAN_POINT ( 'NONE',  ( 75.00000000000000000, -21.40000031433978478, -42.50000021015917184 ) ) ;
#1080 = FILL_AREA_STYLE ('',( #2957 ) ) ;
#1081 =( GEOMETRIC_REPRESENTATION_CONTEXT ( 3 ) GLOBAL_UNCERTAINTY_ASSIGNED_CONTEXT ( ( #2824 ) ) GLOBAL_UNIT_ASSIGNED_CONTEXT ( ( #5535, #7267, #6088 ) ) REPRESENTATION_CONTEXT ( 'NONE', 'WORKASPACE' ) );
#1082 = DIRECTION ( 'NONE',  ( 0.000000000000000000, 0.000000000000000000, -1.000000000000000000 ) ) ;
#1083 = EDGE_CURVE ( 'NONE', #378, #238, #2547, .T. ) ;
#1084 = DIRECTION ( 'NONE',  ( -1.000000000000000000, -0.000000000000000000, -0.000000000000000000 ) ) ;
#1085 = EDGE_CURVE ( 'NONE', #2152, #145, #6252, .T. ) ;
#1086 = ORIENTED_EDGE ( 'NONE', *, *, #982, .T. ) ;
#1087 = DIRECTION ( 'NONE',  ( 1.000000000000000000, 0.000000000000000000, -0.000000000000000000 ) ) ;
#1088 = STYLED_ITEM ( 'NONE', ( #2154 ), #778 ) ;
#1089 =( NAMED_UNIT ( * ) SI_UNIT ( $, .STERADIAN. ) SOLID_ANGLE_UNIT ( ) );
#1090 =( LENGTH_UNIT ( ) NAMED_UNIT ( * ) SI_UNIT ( .MILLI., .METRE. ) );
#1091 = VERTEX_POINT ( 'NONE', #706 ) ;
#1092 = FILL_AREA_STYLE_COLOUR ( '', #3501 ) ;
#1093 = CARTESIAN_POINT ( 'NONE',  ( 75.00000000000000000, -23.19999911926677072, -40.30000022208010080 ) ) ;
#1094 = EDGE_CURVE ( 'NONE', #7058, #7244, #4971, .T. ) ;
#1095 = MECHANICAL_DESIGN_GEOMETRIC_PRESENTATION_REPRESENTATION (  '', ( #6038 ), #2088 ) ;
#1096 = UNCERTAINTY_MEASURE_WITH_UNIT (LENGTH_MEASURE( 1.000000000000000082E-05 ), #5513, 'distance_accuracy_value', 'NONE');
#1097 = ORIENTED_EDGE ( 'NONE', *, *, #5836, .T. ) ;
#1098 = FACE_OUTER_BOUND ( 'NONE', #2641, .T. ) ;
#1099 = AXIS2_PLACEMENT_3D ( 'NONE', #4401, #5651, #3167 ) ;
#1100 =( NAMED_UNIT ( * ) PLANE_ANGLE_UNIT ( ) SI_UNIT ( $, .RADIAN. ) );
#1101 = DIRECTION ( 'NONE',  ( 0.000000000000000000, -1.000000000000000000, 0.000000000000000000 ) ) ;
#1102 = PLANE ( 'NONE',  #230 ) ;
#1103 = EDGE_CURVE ( 'NONE', #5016, #1204, #4848, .T. ) ;
#1104 = UNCERTAINTY_MEASURE_WITH_UNIT (LENGTH_MEASURE( 1.000000000000000082E-05 ), #1047, 'distance_accuracy_value', 'NONE');
#1105 = ORIENTED_EDGE ( 'NONE', *, *, #6684, .T. ) ;
#1106 = PRESENTATION_LAYER_ASSIGNMENT (  '', '', ( #4889 ) ) ;
#1107 = LINE ( 'NONE', #4008, #583 ) ;
#1108 = EDGE_LOOP ( 'NONE', ( #6605, #1663, #6033, #1570 ) ) ;
#1109 = VECTOR ( 'NONE', #5344, 1000.000000000000000 ) ;
#1110 = EDGE_CURVE ( 'NONE', #573, #5255, #6364, .T. ) ;
#1111 = ORIENTED_EDGE ( 'NONE', *, *, #500, .F. ) ;
#1112 = MECHANICAL_DESIGN_GEOMETRIC_PRESENTATION_REPRESENTATION (  '', ( #6302 ), #7224 ) ;
#1113 =( NAMED_UNIT ( * ) PLANE_ANGLE_UNIT ( ) SI_UNIT ( $, .RADIAN. ) );
#1114 = CARTESIAN_POINT ( 'NONE',  ( -75.00000000000000000, -25.39999986047122249, -39.77378407715853115 ) ) ;
#1115 = DIRECTION ( 'NONE',  ( 1.000000000000000000, 0.000000000000000000, 0.000000000000000000 ) ) ;
#1116 = ORIENTED_EDGE ( 'NONE', *, *, #41, .F. ) ;
#1117 = CARTESIAN_POINT ( 'NONE',  ( 75.00000000000000000, -30.20000114037598493, 29.49999974526575386 ) ) ;
#1118 = SURFACE_STYLE_FILL_AREA ( #1080 ) ;
#1119 = LINE ( 'NONE', #4027, #1538 ) ;
#1120 = SURFACE_STYLE_USAGE ( .BOTH. , #5328 ) ;
#1121 = ADVANCED_FACE ( 'NONE', ( #5165 ), #3877, .F. ) ;
#1122 = ORIENTED_EDGE ( 'NONE', *, *, #1552, .T. ) ;
#1123 = STYLED_ITEM ( 'NONE', ( #5399 ), #4673 ) ;
#1124 = VECTOR ( 'NONE', #1387, 1000.000000000000000 ) ;
#1125 = CARTESIAN_POINT ( 'NONE',  ( 75.00000000000000000, 28.19999814060689047, 35.50000063525438776 ) ) ;
#1126 = ADVANCED_FACE ( 'NONE', ( #3840 ), #2733, .F. ) ;
#1127 = ORIENTED_EDGE ( 'NONE', *, *, #363, .F. ) ;
#1128 = ORIENTED_EDGE ( 'NONE', *, *, #3956, .T. ) ;
#1129 = DIRECTION ( 'NONE',  ( 0.000000000000000000, -0.9999999999999991118, 4.431215784823772632E-08 ) ) ;
#1130 =( NAMED_UNIT ( * ) PLANE_ANGLE_UNIT ( ) SI_UNIT ( $, .RADIAN. ) );
#1131 = SURFACE_SIDE_STYLE ('',( #6573 ) ) ;
#1132 = DIRECTION ( 'NONE',  ( 0.000000000000000000, 4.431215784823773293E-08, 0.9999999999999991118 ) ) ;
#1133 = LINE ( 'NONE', #6009, #4387 ) ;
#1134 = CARTESIAN_POINT ( 'NONE',  ( -75.00000000000000000, 28.19999814060689047, -33.49999949885628325 ) ) ;
#1135 = EDGE_CURVE ( 'NONE', #5956, #4088, #5701, .T. ) ;
#1136 = PLANE ( 'NONE',  #7517 ) ;
#1137 = DIRECTION ( 'NONE',  ( 0.000000000000000000, -0.000000000000000000, -1.000000000000000000 ) ) ;
#1138 = COLOUR_RGB ( '',0.8980392156862745390, 0.9176470588235293713, 0.9294117647058823817 ) ;
#1139 = CIRCLE ( 'NONE', #7766, 1.250000000000056621 ) ;
#1140 = SURFACE_STYLE_FILL_AREA ( #3061 ) ;
#1141 = EDGE_LOOP ( 'NONE', ( #3783, #4519, #4507, #7680 ) ) ;
#1142 = ORIENTED_EDGE ( 'NONE', *, *, #5704, .F. ) ;
#1143 = CARTESIAN_POINT ( 'NONE',  ( -75.00000000000000000, 25.59999954644940345, 39.80058000800222828 ) ) ;
#1144 = STYLED_ITEM ( 'NONE', ( #3455 ), #7169 ) ;
#1145 = DIRECTION ( 'NONE',  ( 0.000000000000000000, 0.000000000000000000, -1.000000000000000000 ) ) ;
#1146 = ORIENTED_EDGE ( 'NONE', *, *, #2660, .T. ) ;
#1147 = DIRECTION ( 'NONE',  ( 0.000000000000000000, -1.000000000000000000, 0.000000000000000000 ) ) ;
#1148 = FILL_AREA_STYLE_COLOUR ( '', #3692 ) ;
#1149 = PRESENTATION_STYLE_ASSIGNMENT (( #2912 ) ) ;
#1150 = DIRECTION ( 'NONE',  ( 0.000000000000000000, 0.000000000000000000, 1.000000000000000000 ) ) ;
#1151 = ORIENTED_EDGE ( 'NONE', *, *, #4885, .F. ) ;
#1152 =( NAMED_UNIT ( * ) SI_UNIT ( $, .STERADIAN. ) SOLID_ANGLE_UNIT ( ) );
#1153 = DIRECTION ( 'NONE',  ( 0.000000000000000000, 0.000000000000000000, -1.000000000000000000 ) ) ;
#1154 = AXIS2_PLACEMENT_3D ( 'NONE', #4922, #7396, #6765 ) ;
#1155 = DIRECTION ( 'NONE',  ( -1.000000000000000000, -0.000000000000000000, -0.000000000000000000 ) ) ;
#1156 = DIRECTION ( 'NONE',  ( -1.000000000000000000, -0.000000000000000000, -0.000000000000000000 ) ) ;
#1157 = LINE ( 'NONE', #1588, #5009 ) ;
#1158 = ORIENTED_EDGE ( 'NONE', *, *, #1692, .F. ) ;
#1159 = DIRECTION ( 'NONE',  ( 0.000000000000000000, -1.000000000000000000, 0.000000000000000000 ) ) ;
#1160 = ORIENTED_EDGE ( 'NONE', *, *, #3522, .T. ) ;
#1161 = DIRECTION ( 'NONE',  ( -1.000000000000000000, -0.000000000000000000, -0.000000000000000000 ) ) ;
#1162 = DIRECTION ( 'NONE',  ( 0.000000000000000000, 0.000000000000000000, 1.000000000000000000 ) ) ;
#1163 = ORIENTED_EDGE ( 'NONE', *, *, #917, .T. ) ;
#1164 = FACE_OUTER_BOUND ( 'NONE', #3225, .T. ) ;
#1165 = EDGE_CURVE ( 'NONE', #1670, #2463, #3321, .T. ) ;
#1166 = DIRECTION ( 'NONE',  ( -1.000000000000000000, -0.000000000000000000, -0.000000000000000000 ) ) ;
#1167 = CARTESIAN_POINT ( 'NONE',  ( 75.00000000000000000, -11.80000044405465864, 41.79999962798319757 ) ) ;
#1168 = PRESENTATION_LAYER_ASSIGNMENT (  '', '', ( #2548 ) ) ;
#1169 = FILL_AREA_STYLE_COLOUR ( '', #7897 ) ;
#1170 = LINE ( 'NONE', #667, #1693 ) ;
#1171 = UNCERTAINTY_MEASURE_WITH_UNIT (LENGTH_MEASURE( 1.000000000000000082E-05 ), #94, 'distance_accuracy_value', 'NONE');
#1172 = MECHANICAL_DESIGN_GEOMETRIC_PRESENTATION_REPRESENTATION (  '', ( #156 ), #3423 ) ;
#1173 = PRESENTATION_STYLE_ASSIGNMENT (( #6611 ) ) ;
#1174 = VECTOR ( 'NONE', #4660, 1000.000000000000000 ) ;
#1175 = FILL_AREA_STYLE_COLOUR ( '', #7729 ) ;
#1176 = CARTESIAN_POINT ( 'NONE',  ( 75.00000000000000000, 21.39999902999591441, 42.50000031431354586 ) ) ;
#1177 = CARTESIAN_POINT ( 'NONE',  ( -75.00000000000000000, 23.19999969756799274, 40.30000032623447481 ) ) ;
#1178 = DIRECTION ( 'NONE',  ( 0.000000000000000000, -0.000000000000000000, 1.000000000000000000 ) ) ;
#1179 = LINE ( 'NONE', #3576, #7850 ) ;
#1180 = VECTOR ( 'NONE', #2344, 1000.000000000000114 ) ;
#1181 = AXIS2_PLACEMENT_3D ( 'NONE', #4375, #6744, #749 ) ;
#1182 = CARTESIAN_POINT ( 'NONE',  ( 75.00000000000000000, 23.19999969756799274, 42.50000031431354586 ) ) ;
#1183 = EDGE_CURVE ( 'NONE', #7837, #6257, #7556, .T. ) ;
#1184 = EDGE_LOOP ( 'NONE', ( #7745, #5764, #6, #1221 ) ) ;
#1185 = DIRECTION ( 'NONE',  ( -1.000000000000000000, -0.000000000000000000, -0.000000000000000000 ) ) ;
#1186 = EDGE_LOOP ( 'NONE', ( #3234, #6796, #4052, #1505 ) ) ;
#1187 =( NAMED_UNIT ( * ) PLANE_ANGLE_UNIT ( ) SI_UNIT ( $, .RADIAN. ) );
#1188 = DIRECTION ( 'NONE',  ( 1.000000000000000000, 0.000000000000000000, 0.000000000000000000 ) ) ;
#1189 =( NAMED_UNIT ( * ) SI_UNIT ( $, .STERADIAN. ) SOLID_ANGLE_UNIT ( ) );
#1190 = VECTOR ( 'NONE', #2889, 1000.000000000000000 ) ;
#1191 = EDGE_CURVE ( 'NONE', #6727, #2402, #4489, .T. ) ;
#1192 = EDGE_LOOP ( 'NONE', ( #6764, #6525, #6347, #6731 ) ) ;
#1193 =( NAMED_UNIT ( * ) SI_UNIT ( $, .STERADIAN. ) SOLID_ANGLE_UNIT ( ) );
#1194 = SURFACE_STYLE_FILL_AREA ( #1232 ) ;
#1195 = FACE_OUTER_BOUND ( 'NONE', #5797, .T. ) ;
#1196 = ORIENTED_EDGE ( 'NONE', *, *, #6049, .T. ) ;
#1197 = SURFACE_SIDE_STYLE ('',( #562 ) ) ;
#1198 = STYLED_ITEM ( 'NONE', ( #2977 ), #4170 ) ;
#1199 = PRESENTATION_LAYER_ASSIGNMENT (  '', '', ( #2819 ) ) ;
#1200 = SURFACE_STYLE_USAGE ( .BOTH. , #4788 ) ;
#1201 = CIRCLE ( 'NONE', #1449, 1.250000000000001110 ) ;
#1202 = ORIENTED_EDGE ( 'NONE', *, *, #5175, .T. ) ;
#1203 = PRESENTATION_STYLE_ASSIGNMENT (( #2965 ) ) ;
#1204 = VERTEX_POINT ( 'NONE', #7019 ) ;
#1205 = ORIENTED_EDGE ( 'NONE', *, *, #6343, .T. ) ;
#1206 = CARTESIAN_POINT ( 'NONE',  ( -75.00000000000000000, -13.96933834789933648, 41.64999999254939667 ) ) ;
#1207 = CARTESIAN_POINT ( 'NONE',  ( 75.00000000000000000, 27.72647574007116944, 39.04259301051518349 ) ) ;
#1208 = MECHANICAL_DESIGN_GEOMETRIC_PRESENTATION_REPRESENTATION (  '', ( #188 ), #2079 ) ;
#1209 = UNCERTAINTY_MEASURE_WITH_UNIT (LENGTH_MEASURE( 1.000000000000000082E-05 ), #1468, 'distance_accuracy_value', 'NONE');
#1210 = VECTOR ( 'NONE', #6433, 1000.000000000000000 ) ;
#1211 = PLANE ( 'NONE',  #4795 ) ;
#1212 = ADVANCED_FACE ( 'NONE', ( #1164 ), #1715, .F. ) ;
#1213 = DIRECTION ( 'NONE',  ( 0.000000000000000000, 0.000000000000000000, 1.000000000000000000 ) ) ;
#1214 = VECTOR ( 'NONE', #5708, 1000.000000000000000 ) ;
#1215 = SURFACE_SIDE_STYLE ('',( #6657 ) ) ;
#1216 = FILL_AREA_STYLE_COLOUR ( '', #3220 ) ;
#1217 = CARTESIAN_POINT ( 'NONE',  ( 75.00000000000000000, -27.40000030889110860, 31.50000007309129657 ) ) ;
#1218 = CARTESIAN_POINT ( 'NONE',  ( -75.00000000000000000, 28.19999814060689047, 29.49999965177774897 ) ) ;
#1219 = PRESENTATION_LAYER_ASSIGNMENT (  '', '', ( #4873 ) ) ;
#1220 = SURFACE_SIDE_STYLE ('',( #4890 ) ) ;
#1221 = ORIENTED_EDGE ( 'NONE', *, *, #1692, .T. ) ;
#1222 = EDGE_CURVE ( 'NONE', #2914, #922, #2893, .T. ) ;
#1223 = LINE ( 'NONE', #1384, #548 ) ;
#1224 = DIRECTION ( 'NONE',  ( 0.000000000000000000, 0.000000000000000000, 1.000000000000000000 ) ) ;
#1225 = ORIENTED_EDGE ( 'NONE', *, *, #6917, .F. ) ;
#1226 = CARTESIAN_POINT ( 'NONE',  ( 75.00000000000000000, -32.49999880790716134, -4.849999706493690610 ) ) ;
#1227 = PRESENTATION_LAYER_ASSIGNMENT (  '', '', ( #7078 ) ) ;
#1228 = VECTOR ( 'NONE', #1919, 1000.000000000000000 ) ;
#1229 = EDGE_CURVE ( 'NONE', #2593, #1320, #4070, .T. ) ;
#1230 = ORIENTED_EDGE ( 'NONE', *, *, #6304, .T. ) ;
#1231 = DIRECTION ( 'NONE',  ( -0.000000000000000000, 1.000000000000000000, 0.000000000000000000 ) ) ;
#1232 = FILL_AREA_STYLE ('',( #6633 ) ) ;
#1233 = DIRECTION ( 'NONE',  ( -1.000000000000000000, -0.000000000000000000, -0.000000000000000000 ) ) ;
#1234 = ORIENTED_EDGE ( 'NONE', *, *, #5252, .F. ) ;
#1235 = UNCERTAINTY_MEASURE_WITH_UNIT (LENGTH_MEASURE( 1.000000000000000082E-05 ), #3652, 'distance_accuracy_value', 'NONE');
#1236 = EDGE_CURVE ( 'NONE', #238, #931, #1752, .T. ) ;
#1237 = DIRECTION ( 'NONE',  ( 1.000000000000000000, 0.000000000000000000, 0.000000000000000000 ) ) ;
#1238 = CARTESIAN_POINT ( 'NONE',  ( 75.00000000000000000, 30.49999982145801170, 29.49999965177774897 ) ) ;
#1239 = PRESENTATION_LAYER_ASSIGNMENT (  '', '', ( #5918 ) ) ;
#1240 = VECTOR ( 'NONE', #6856, 1000.000000000000000 ) ;
#1241 = VERTEX_POINT ( 'NONE', #1206 ) ;
#1242 = DIRECTION ( 'NONE',  ( 0.000000000000000000, 0.000000000000000000, 1.000000000000000000 ) ) ;
#1243 = ORIENTED_EDGE ( 'NONE', *, *, #4121, .F. ) ;
#1244 = VECTOR ( 'NONE', #7836, 1000.000000000000000 ) ;
#1245 = CARTESIAN_POINT ( 'NONE',  ( 75.00000000000000000, -14.80000044616175359, 42.65000028057852433 ) ) ;
#1246 = ORIENTED_EDGE ( 'NONE', *, *, #4403, .T. ) ;
#1247 = DIRECTION ( 'NONE',  ( 0.000000000000000000, 1.000000000000000000, 0.000000000000000000 ) ) ;
#1248 = AXIS2_PLACEMENT_3D ( 'NONE', #2229, #3410, #4036 ) ;
#1249 = ORIENTED_EDGE ( 'NONE', *, *, #1103, .T. ) ;
#1250 =( NAMED_UNIT ( * ) PLANE_ANGLE_UNIT ( ) SI_UNIT ( $, .RADIAN. ) );
#1251 = FILL_AREA_STYLE ('',( #696 ) ) ;
#1252 = FILL_AREA_STYLE ('',( #211 ) ) ;
#1253 = CARTESIAN_POINT ( 'NONE',  ( 75.00000000000000000, -8.800001402694260122, -42.64999993665134070 ) ) ;
#1254 = ADVANCED_FACE ( 'NONE', ( #5291 ), #533, .F. ) ;
#1255 = AXIS2_PLACEMENT_3D ( 'NONE', #7428, #811, #6882 ) ;
#1256 =( GEOMETRIC_REPRESENTATION_CONTEXT ( 3 ) GLOBAL_UNCERTAINTY_ASSIGNED_CONTEXT ( ( #4357 ) ) GLOBAL_UNIT_ASSIGNED_CONTEXT ( ( #3804, #5503, #7401 ) ) REPRESENTATION_CONTEXT ( 'NONE', 'WORKASPACE' ) );
#1257 = SURFACE_STYLE_FILL_AREA ( #6696 ) ;
#1258 = COLOUR_RGB ( '',0.8980392156862745390, 0.9176470588235293713, 0.9294117647058823817 ) ;
#1259 = SURFACE_STYLE_FILL_AREA ( #3694 ) ;
#1260 = CYLINDRICAL_SURFACE ( 'NONE', #6957, 1.299999325380794879 ) ;
#1261 = MECHANICAL_DESIGN_GEOMETRIC_PRESENTATION_REPRESENTATION (  '', ( #235 ), #6448 ) ;
#1262 = COLOUR_RGB ( '',0.8980392156862745390, 0.9176470588235293713, 0.9294117647058823817 ) ;
#1263 = FACE_OUTER_BOUND ( 'NONE', #4425, .T. ) ;
#1264 = ORIENTED_EDGE ( 'NONE', *, *, #5765, .T. ) ;
#1265 = STYLED_ITEM ( 'NONE', ( #2145 ), #1516 ) ;
#1266 = CARTESIAN_POINT ( 'NONE',  ( 75.00000000000000000, -32.49999880790716134, -4.849999706493690610 ) ) ;
#1267 = ORIENTED_EDGE ( 'NONE', *, *, #1065, .T. ) ;
#1268 = CARTESIAN_POINT ( 'NONE',  ( -75.00000000000000000, -27.40000030889110860, 33.50000040091684639 ) ) ;
#1269 = MECHANICAL_DESIGN_GEOMETRIC_PRESENTATION_REPRESENTATION (  '', ( #4157 ), #7034 ) ;
#1270 = UNCERTAINTY_MEASURE_WITH_UNIT (LENGTH_MEASURE( 1.000000000000000082E-05 ), #4711, 'distance_accuracy_value', 'NONE');
#1271 = ADVANCED_FACE ( 'NONE', ( #4683 ), #7840, .F. ) ;
#1272 = ORIENTED_EDGE ( 'NONE', *, *, #6572, .T. ) ;
#1273 = FACE_OUTER_BOUND ( 'NONE', #6278, .T. ) ;
#1274 = CARTESIAN_POINT ( 'NONE',  ( -75.00000000000000000, 25.65176337868377132, 39.60739484896458862 ) ) ;
#1275 = FILL_AREA_STYLE_COLOUR ( '', #2050 ) ;
#1276 = DIRECTION ( 'NONE',  ( 0.000000000000000000, -1.000000000000000000, 0.000000000000000000 ) ) ;
#1277 = EDGE_LOOP ( 'NONE', ( #6373, #6404, #6910, #2606 ) ) ;
#1278 = CARTESIAN_POINT ( 'NONE',  ( 75.00000000000000000, 21.39999902999591441, 40.30000032623447481 ) ) ;
#1279 = FACE_OUTER_BOUND ( 'NONE', #3103, .T. ) ;
#1280 = AXIS2_PLACEMENT_3D ( 'NONE', #504, #2866, #1607 ) ;
#1281 = EDGE_CURVE ( 'NONE', #2718, #4985, #5616, .T. ) ;
#1282 = ORIENTED_EDGE ( 'NONE', *, *, #6366, .T. ) ;
#1283 = LINE ( 'NONE', #5572, #2192 ) ;
#1284 = VERTEX_POINT ( 'NONE', #1367 ) ;
#1285 = EDGE_CURVE ( 'NONE', #7387, #7301, #3683, .T. ) ;
#1286 =( NAMED_UNIT ( * ) PLANE_ANGLE_UNIT ( ) SI_UNIT ( $, .RADIAN. ) );
#1287 = ORIENTED_EDGE ( 'NONE', *, *, #4947, .T. ) ;
#1288 = FACE_OUTER_BOUND ( 'NONE', #4573, .T. ) ;
#1289 = CARTESIAN_POINT ( 'NONE',  ( -75.00000000000000000, -32.49999880790716134, -44.84999939450040785 ) ) ;
#1290 = VERTEX_POINT ( 'NONE', #2541 ) ;
#1291 = FACE_OUTER_BOUND ( 'NONE', #769, .T. ) ;
#1292 = LINE ( 'NONE', #2576, #4643 ) ;
#1293 = UNCERTAINTY_MEASURE_WITH_UNIT (LENGTH_MEASURE( 1.000000000000000082E-05 ), #6446, 'distance_accuracy_value', 'NONE');
#1294 = VECTOR ( 'NONE', #1166, 1000.000000000000000 ) ;
#1295 = CARTESIAN_POINT ( 'NONE',  ( 75.00000000000000000, -11.79999985836419718, -41.79999953662668588 ) ) ;
#1296 = DIRECTION ( 'NONE',  ( -0.000000000000000000, 1.000000000000000000, 0.000000000000000000 ) ) ;
#1297 = LINE ( 'NONE', #7400, #6673 ) ;
#1298 = CARTESIAN_POINT ( 'NONE',  ( 75.00000000000000000, -28.15000165596212867, 38.99999974556119753 ) ) ;
#1299 = PLANE ( 'NONE',  #7524 ) ;
#1300 = EDGE_CURVE ( 'NONE', #2907, #7264, #6071, .T. ) ;
#1301 = VECTOR ( 'NONE', #7829, 1000.000000000000000 ) ;
#1302 = SURFACE_STYLE_FILL_AREA ( #6099 ) ;
#1303 = ORIENTED_EDGE ( 'NONE', *, *, #4714, .F. ) ;
#1304 =( NAMED_UNIT ( * ) SI_UNIT ( $, .STERADIAN. ) SOLID_ANGLE_UNIT ( ) );
#1305 = CYLINDRICAL_SURFACE ( 'NONE', #5398, 2.000000755526601282 ) ;
#1306 = ORIENTED_EDGE ( 'NONE', *, *, #1222, .T. ) ;
#1307 = SURFACE_STYLE_USAGE ( .BOTH. , #4937 ) ;
#1308 =( GEOMETRIC_REPRESENTATION_CONTEXT ( 3 ) GLOBAL_UNCERTAINTY_ASSIGNED_CONTEXT ( ( #7032 ) ) GLOBAL_UNIT_ASSIGNED_CONTEXT ( ( #7164, #5898, #4047 ) ) REPRESENTATION_CONTEXT ( 'NONE', 'WORKASPACE' ) );
#1309 = VERTEX_POINT ( 'NONE', #6091 ) ;
#1310 = CIRCLE ( 'NONE', #550, 2.000000755526601282 ) ;
#1311 = EDGE_CURVE ( 'NONE', #4487, #1904, #3257, .T. ) ;
#1312 = FACE_OUTER_BOUND ( 'NONE', #4084, .T. ) ;
#1313 = LINE ( 'NONE', #4984, #4993 ) ;
#1314 = VERTEX_POINT ( 'NONE', #7466 ) ;
#1315 = LINE ( 'NONE', #6231, #6147 ) ;
#1316 = VERTEX_POINT ( 'NONE', #2500 ) ;
#1317 = SURFACE_STYLE_FILL_AREA ( #2457 ) ;
#1318 = ORIENTED_EDGE ( 'NONE', *, *, #795, .T. ) ;
#1319 = VECTOR ( 'NONE', #1980, 1000.000000000000114 ) ;
#1320 = VERTEX_POINT ( 'NONE', #1985 ) ;
#1321 = CARTESIAN_POINT ( 'NONE',  ( -75.00000000000000000, 21.39999764240106117, -40.30000031556529905 ) ) ;
#1322 = EDGE_CURVE ( 'NONE', #3985, #4814, #92, .T. ) ;
#1323 =( NAMED_UNIT ( * ) PLANE_ANGLE_UNIT ( ) SI_UNIT ( $, .RADIAN. ) );
#1324 = ORIENTED_EDGE ( 'NONE', *, *, #2865, .F. ) ;
#1325 =( NAMED_UNIT ( * ) PLANE_ANGLE_UNIT ( ) SI_UNIT ( $, .RADIAN. ) );
#1326 = SURFACE_SIDE_STYLE ('',( #3686 ) ) ;
#1327 = ADVANCED_FACE ( 'NONE', ( #4839 ), #51, .F. ) ;
#1328 = AXIS2_PLACEMENT_3D ( 'NONE', #18, #1296, #3693 ) ;
#1329 =( NAMED_UNIT ( * ) PLANE_ANGLE_UNIT ( ) SI_UNIT ( $, .RADIAN. ) );
#1330 =( LENGTH_UNIT ( ) NAMED_UNIT ( * ) SI_UNIT ( .MILLI., .METRE. ) );
#1331 = CARTESIAN_POINT ( 'NONE',  ( -75.00000000000000000, 30.49999982145801170, 33.50000030742884150 ) ) ;
#1332 = MECHANICAL_DESIGN_GEOMETRIC_PRESENTATION_REPRESENTATION (  '', ( #2695 ), #7188 ) ;
#1333 = DIRECTION ( 'NONE',  ( -0.000000000000000000, 1.000000000000000000, 0.000000000000000000 ) ) ;
#1334 =( NAMED_UNIT ( * ) SI_UNIT ( $, .STERADIAN. ) SOLID_ANGLE_UNIT ( ) );
#1335 = EDGE_CURVE ( 'NONE', #291, #5901, #3127, .T. ) ;
#1336 = VECTOR ( 'NONE', #2643, 1000.000000000000000 ) ;
#1337 = ADVANCED_FACE ( 'NONE', ( #1954 ), #619, .F. ) ;
#1338 = CARTESIAN_POINT ( 'NONE',  ( 75.00000000000000000, -19.20000032626060360, -40.30000022208010080 ) ) ;
#1339 = MECHANICAL_DESIGN_GEOMETRIC_PRESENTATION_REPRESENTATION (  '', ( #5003 ), #3726 ) ;
#1340 = ORIENTED_EDGE ( 'NONE', *, *, #4750, .F. ) ;
#1341 = AXIS2_PLACEMENT_3D ( 'NONE', #4895, #3701, #3143 ) ;
#1342 = EDGE_CURVE ( 'NONE', #7677, #518, #7659, .T. ) ;
#1343 = CARTESIAN_POINT ( 'NONE',  ( -75.00000000000000000, 30.49999982145801170, -31.49999917103074054 ) ) ;
#1344 = EDGE_LOOP ( 'NONE', ( #5730, #1349, #166, #5687 ) ) ;
#1345 = FACE_OUTER_BOUND ( 'NONE', #5999, .T. ) ;
#1346 = DIRECTION ( 'NONE',  ( 1.000000000000000000, 0.000000000000000000, 0.000000000000000000 ) ) ;
#1347 =( GEOMETRIC_REPRESENTATION_CONTEXT ( 3 ) GLOBAL_UNCERTAINTY_ASSIGNED_CONTEXT ( ( #4645 ) ) GLOBAL_UNIT_ASSIGNED_CONTEXT ( ( #6820, #6219, #2313 ) ) REPRESENTATION_CONTEXT ( 'NONE', 'WORKASPACE' ) );
#1348 = AXIS2_PLACEMENT_3D ( 'NONE', #7626, #969, #5238 ) ;
#1349 = ORIENTED_EDGE ( 'NONE', *, *, #5609, .F. ) ;
#1350 = SURFACE_STYLE_FILL_AREA ( #3112 ) ;
#1351 = AXIS2_PLACEMENT_3D ( 'NONE', #3936, #6969, #7136 ) ;
#1352 = LINE ( 'NONE', #4902, #5216 ) ;
#1353 = DIRECTION ( 'NONE',  ( 0.000000000000000000, 1.000000000000000000, 0.000000000000000000 ) ) ;
#1354 = ORIENTED_EDGE ( 'NONE', *, *, #1494, .F. ) ;
#1355 = SURFACE_SIDE_STYLE ('',( #4905 ) ) ;
#1356 = EDGE_CURVE ( 'NONE', #6022, #2288, #236, .T. ) ;
#1357 = VERTEX_POINT ( 'NONE', #245 ) ;
#1358 = CARTESIAN_POINT ( 'NONE',  ( 75.00000000000000000, -27.40000030889110860, 29.49999974526575386 ) ) ;
#1359 = ORIENTED_EDGE ( 'NONE', *, *, #3941, .F. ) ;
#1360 = CARTESIAN_POINT ( 'NONE',  ( -75.00000000000000000, -9.630663776694397882, -41.65000080344623257 ) ) ;
#1361 = ORIENTED_EDGE ( 'NONE', *, *, #6911, .T. ) ;
#1362 = DIRECTION ( 'NONE',  ( 1.000000000000000000, 0.000000000000000000, -0.000000000000000000 ) ) ;
#1363 = LINE ( 'NONE', #7876, #312 ) ;
#1364 = CYLINDRICAL_SURFACE ( 'NONE', #2480, 0.1999999999990967336 ) ;
#1365 = ORIENTED_EDGE ( 'NONE', *, *, #5818, .F. ) ;
#1366 = UNCERTAINTY_MEASURE_WITH_UNIT (LENGTH_MEASURE( 1.000000000000000082E-05 ), #7446, 'distance_accuracy_value', 'NONE');
#1367 = CARTESIAN_POINT ( 'NONE',  ( -75.00000000000000000, 23.19999830997313595, -42.50000030364437009 ) ) ;
#1368 = SURFACE_SIDE_STYLE ('',( #5114 ) ) ;
#1369 = SURFACE_STYLE_FILL_AREA ( #3049 ) ;
#1370 = LINE ( 'NONE', #6048, #988 ) ;
#1371 = EDGE_CURVE ( 'NONE', #655, #6225, #7544, .T. ) ;
#1372 = MECHANICAL_DESIGN_GEOMETRIC_PRESENTATION_REPRESENTATION (  '', ( #3863 ), #4892 ) ;
#1373 = DIRECTION ( 'NONE',  ( 0.000000000000000000, 0.000000000000000000, -1.000000000000000000 ) ) ;
#1374 = AXIS2_PLACEMENT_3D ( 'NONE', #1253, #6093, #4924 ) ;
#1375 = DIRECTION ( 'NONE',  ( 0.000000000000000000, 0.000000000000000000, 1.000000000000000000 ) ) ;
#1376 = SURFACE_SIDE_STYLE ('',( #6897 ) ) ;
#1377 = DIRECTION ( 'NONE',  ( 0.000000000000000000, 0.000000000000000000, -1.000000000000000000 ) ) ;
#1378 = SURFACE_STYLE_USAGE ( .BOTH. , #3805 ) ;
#1379 = MECHANICAL_DESIGN_GEOMETRIC_PRESENTATION_REPRESENTATION (  '', ( #7229 ), #2113 ) ;
#1380 = VECTOR ( 'NONE', #3655, 1000.000000000000000 ) ;
#1381 = ORIENTED_EDGE ( 'NONE', *, *, #4152, .T. ) ;
#1382 = PRESENTATION_LAYER_ASSIGNMENT (  '', '', ( #676 ) ) ;
#1383 = ADVANCED_FACE ( 'NONE', ( #5152 ), #1405, .F. ) ;
#1384 = CARTESIAN_POINT ( 'NONE',  ( -75.00000000000000000, -11.80000044405465864, 40.30000031343661249 ) ) ;
#1385 = SURFACE_SIDE_STYLE ('',( #6821 ) ) ;
#1386 = CARTESIAN_POINT ( 'NONE',  ( 75.00000000000000000, -11.80000096952504585, -44.99999790990878523 ) ) ;
#1387 = DIRECTION ( 'NONE',  ( -1.000000000000000000, -0.000000000000000000, -0.000000000000000000 ) ) ;
#1388 = ORIENTED_EDGE ( 'NONE', *, *, #2361, .F. ) ;
#1389 =( GEOMETRIC_REPRESENTATION_CONTEXT ( 3 ) GLOBAL_UNCERTAINTY_ASSIGNED_CONTEXT ( ( #6423 ) ) GLOBAL_UNIT_ASSIGNED_CONTEXT ( ( #4316, #1250, #5000 ) ) REPRESENTATION_CONTEXT ( 'NONE', 'WORKASPACE' ) );
#1390 = PRESENTATION_STYLE_ASSIGNMENT (( #6830 ) ) ;
#1391 = STYLED_ITEM ( 'NONE', ( #2142 ), #3533 ) ;
#1392 = DIRECTION ( 'NONE',  ( 0.000000000000000000, 0.000000000000000000, -1.000000000000000000 ) ) ;
#1393 = ORIENTED_EDGE ( 'NONE', *, *, #5604, .T. ) ;
#1394 = CARTESIAN_POINT ( 'NONE',  ( 75.00000000000000000, -19.20000032626060360, -42.50000021015917184 ) ) ;
#1395 = FILL_AREA_STYLE_COLOUR ( '', #3050 ) ;
#1396 = MECHANICAL_DESIGN_GEOMETRIC_PRESENTATION_REPRESENTATION (  '', ( #3658 ), #5817 ) ;
#1397 = ORIENTED_EDGE ( 'NONE', *, *, #2579, .T. ) ;
#1398 = PLANE ( 'NONE',  #176 ) ;
#1399 = ORIENTED_EDGE ( 'NONE', *, *, #3091, .T. ) ;
#1400 = SURFACE_SIDE_STYLE ('',( #6842 ) ) ;
#1401 = VERTEX_POINT ( 'NONE', #6351 ) ;
#1402 = CARTESIAN_POINT ( 'NONE',  ( -75.00000000000000000, -11.80000044405465864, 40.30000031343661249 ) ) ;
#1403 = PLANE ( 'NONE',  #7189 ) ;
#1404 = LINE ( 'NONE', #4478, #7472 ) ;
#1405 = PLANE ( 'NONE',  #2010 ) ;
#1406 = PRESENTATION_LAYER_ASSIGNMENT (  '', '', ( #6098 ) ) ;
#1407 = DIRECTION ( 'NONE',  ( 0.000000000000000000, 0.000000000000000000, -1.000000000000000000 ) ) ;
#1408 = PRESENTATION_STYLE_ASSIGNMENT (( #6855 ) ) ;
#1409 = EDGE_CURVE ( 'NONE', #5290, #6308, #362, .T. ) ;
#1410 =( NAMED_UNIT ( * ) PLANE_ANGLE_UNIT ( ) SI_UNIT ( $, .RADIAN. ) );
#1411 =( LENGTH_UNIT ( ) NAMED_UNIT ( * ) SI_UNIT ( .MILLI., .METRE. ) );
#1412 = SURFACE_STYLE_FILL_AREA ( #6859 ) ;
#1413 = AXIS2_PLACEMENT_3D ( 'NONE', #2610, #6973, #3903 ) ;
#1414 = ORIENTED_EDGE ( 'NONE', *, *, #5332, .F. ) ;
#1415 = DIRECTION ( 'NONE',  ( -1.000000000000000000, -0.000000000000000000, -0.000000000000000000 ) ) ;
#1416 = SURFACE_STYLE_USAGE ( .BOTH. , #1385 ) ;
#1417 = EDGE_CURVE ( 'NONE', #6474, #2292, #3310, .T. ) ;
#1418 = CARTESIAN_POINT ( 'NONE',  ( 75.00000000000000000, -32.49999880790716134, 59.99999851337634027 ) ) ;
#1419 = VECTOR ( 'NONE', #5728, 1000.000000000000000 ) ;
#1420 = EDGE_CURVE ( 'NONE', #1904, #3660, #2645, .T. ) ;
#1421 = ORIENTED_EDGE ( 'NONE', *, *, #2700, .F. ) ;
#1422 = EDGE_CURVE ( 'NONE', #2567, #7875, #3400, .T. ) ;
#1423 = CARTESIAN_POINT ( 'NONE',  ( -75.00000000000000000, -30.10000119205603042, -59.99999880441464484 ) ) ;
#1424 =( GEOMETRIC_REPRESENTATION_CONTEXT ( 3 ) GLOBAL_UNCERTAINTY_ASSIGNED_CONTEXT ( ( #7234 ) ) GLOBAL_UNIT_ASSIGNED_CONTEXT ( ( #5026, #4136, #5942 ) ) REPRESENTATION_CONTEXT ( 'NONE', 'WORKASPACE' ) );
#1425 = ORIENTED_EDGE ( 'NONE', *, *, #898, .T. ) ;
#1426 = MECHANICAL_DESIGN_GEOMETRIC_PRESENTATION_REPRESENTATION (  '', ( #416 ), #1308 ) ;
#1427 = DIRECTION ( 'NONE',  ( 1.000000000000000000, 0.000000000000000000, -0.000000000000000000 ) ) ;
#1428 = LINE ( 'NONE', #1945, #5851 ) ;
#1429 = ADVANCED_FACE ( 'NONE', ( #5838 ), #7695, .F. ) ;
#1430 = VECTOR ( 'NONE', #6237, 1000.000000000000000 ) ;
#1431 = ORIENTED_EDGE ( 'NONE', *, *, #5190, .F. ) ;
#1432 = DIRECTION ( 'NONE',  ( -1.000000000000000000, -0.000000000000000000, -0.000000000000000000 ) ) ;
#1433 = EDGE_LOOP ( 'NONE', ( #6914, #4379, #561, #1602 ) ) ;
#1434 = FACE_OUTER_BOUND ( 'NONE', #6963, .T. ) ;
#1435 = ORIENTED_EDGE ( 'NONE', *, *, #2171, .T. ) ;
#1436 = LINE ( 'NONE', #6511, #2976 ) ;
#1437 = CARTESIAN_POINT ( 'NONE',  ( -75.00000000000000000, -11.79999985836419718, -41.79999953662668588 ) ) ;
#1438 =( NAMED_UNIT ( * ) SI_UNIT ( $, .STERADIAN. ) SOLID_ANGLE_UNIT ( ) );
#1439 =( NAMED_UNIT ( * ) SI_UNIT ( $, .STERADIAN. ) SOLID_ANGLE_UNIT ( ) );
#1440 = CARTESIAN_POINT ( 'NONE',  ( 75.00000000000000000, 28.19999814060689047, -29.50000070585011969 ) ) ;
#1441 = DIRECTION ( 'NONE',  ( -1.000000000000000000, -0.000000000000000000, -0.000000000000000000 ) ) ;
#1442 = VECTOR ( 'NONE', #4308, 1000.000000000000000 ) ;
#1443 = SURFACE_SIDE_STYLE ('',( #7399 ) ) ;
#1444 = PRESENTATION_STYLE_ASSIGNMENT (( #7554 ) ) ;
#1445 = CARTESIAN_POINT ( 'NONE',  ( 75.00000000000000000, 30.49999982145801170, -33.49999949885628325 ) ) ;
#1446 = COLOUR_RGB ( '',0.8980392156862745390, 0.9176470588235293713, 0.9294117647058823817 ) ;
#1447 = CARTESIAN_POINT ( 'NONE',  ( 75.00000000000000000, -27.40000030889110860, -35.50000159583875359 ) ) ;
#1448 = LINE ( 'NONE', #7557, #7606 ) ;
#1449 = AXIS2_PLACEMENT_3D ( 'NONE', #1071, #4780, #5272 ) ;
#1450 = ADVANCED_FACE ( 'NONE', ( #7740 ), #483, .F. ) ;
#1451 = CARTESIAN_POINT ( 'NONE',  ( -75.00000000000000000, -28.09999986047136389, -44.99999782597348741 ) ) ;
#1452 = EDGE_LOOP ( 'NONE', ( #6817, #7063, #7713, #649 ) ) ;
#1453 = AXIS2_PLACEMENT_3D ( 'NONE', #7511, #5006, #4967 ) ;
#1454 = CARTESIAN_POINT ( 'NONE',  ( 75.00000000000000000, 21.39999902999591441, 42.50000031431354586 ) ) ;
#1455 = CARTESIAN_POINT ( 'NONE',  ( -75.00000000000000000, 30.49999982145801170, 31.49999997960329523 ) ) ;
#1456 =( LENGTH_UNIT ( ) NAMED_UNIT ( * ) SI_UNIT ( .MILLI., .METRE. ) );
#1457 = PRESENTATION_LAYER_ASSIGNMENT (  '', '', ( #7450 ) ) ;
#1458 = UNCERTAINTY_MEASURE_WITH_UNIT (LENGTH_MEASURE( 1.000000000000000082E-05 ), #4024, 'distance_accuracy_value', 'NONE');
#1459 = EDGE_CURVE ( 'NONE', #6530, #131, #2884, .T. ) ;
#1460 = UNCERTAINTY_MEASURE_WITH_UNIT (LENGTH_MEASURE( 1.000000000000000082E-05 ), #204, 'distance_accuracy_value', 'NONE');
#1461 = COLOUR_RGB ( '',0.8980392156862745390, 0.9176470588235293713, 0.9294117647058823817 ) ;
#1462 = VERTEX_POINT ( 'NONE', #7175 ) ;
#1463 = DIRECTION ( 'NONE',  ( 0.000000000000000000, 0.000000000000000000, -1.000000000000000000 ) ) ;
#1464 =( NAMED_UNIT ( * ) PLANE_ANGLE_UNIT ( ) SI_UNIT ( $, .RADIAN. ) );
#1465 =( NAMED_UNIT ( * ) SI_UNIT ( $, .STERADIAN. ) SOLID_ANGLE_UNIT ( ) );
#1466 = ORIENTED_EDGE ( 'NONE', *, *, #4105, .T. ) ;
#1467 = COLOUR_RGB ( '',0.8980392156862745390, 0.9176470588235293713, 0.9294117647058823817 ) ;
#1468 =( LENGTH_UNIT ( ) NAMED_UNIT ( * ) SI_UNIT ( .MILLI., .METRE. ) );
#1469 = FACE_OUTER_BOUND ( 'NONE', #5786, .T. ) ;
#1470 = COLOUR_RGB ( '',0.8980392156862745390, 0.9176470588235293713, 0.9294117647058823817 ) ;
#1471 = ORIENTED_EDGE ( 'NONE', *, *, #4388, .T. ) ;
#1472 =( GEOMETRIC_REPRESENTATION_CONTEXT ( 3 ) GLOBAL_UNCERTAINTY_ASSIGNED_CONTEXT ( ( #6656 ) ) GLOBAL_UNIT_ASSIGNED_CONTEXT ( ( #7506, #4961, #6850 ) ) REPRESENTATION_CONTEXT ( 'NONE', 'WORKASPACE' ) );
#1473 = DIRECTION ( 'NONE',  ( 0.000000000000000000, 0.000000000000000000, -1.000000000000000000 ) ) ;
#1474 = DIRECTION ( 'NONE',  ( -0.000000000000000000, -0.000000000000000000, -1.000000000000000000 ) ) ;
#1475 =( NAMED_UNIT ( * ) PLANE_ANGLE_UNIT ( ) SI_UNIT ( $, .RADIAN. ) );
#1476 = ORIENTED_EDGE ( 'NONE', *, *, #4339, .F. ) ;
#1477 = DIRECTION ( 'NONE',  ( 0.000000000000000000, 0.000000000000000000, 1.000000000000000000 ) ) ;
#1478 = EDGE_CURVE ( 'NONE', #7290, #6786, #1702, .T. ) ;
#1479 = CARTESIAN_POINT ( 'NONE',  ( -75.00000000000000000, 27.57378382795079474, 37.50000096307993402 ) ) ;
#1480 = COLOUR_RGB ( '',0.8980392156862745390, 0.9176470588235293713, 0.9294117647058823817 ) ;
#1481 = DIRECTION ( 'NONE',  ( 0.000000000000000000, -1.000000000000000000, 0.000000000000000000 ) ) ;
#1482 = EDGE_LOOP ( 'NONE', ( #751, #5834, #4188, #1908 ) ) ;
#1483 = DIRECTION ( 'NONE',  ( -1.000000000000000000, -0.000000000000000000, -0.000000000000000000 ) ) ;
#1484 = CARTESIAN_POINT ( 'NONE',  ( -75.00000000000000000, 30.49999982145801170, -33.49999949885628325 ) ) ;
#1485 = ORIENTED_EDGE ( 'NONE', *, *, #1065, .F. ) ;
#1486 = CARTESIAN_POINT ( 'NONE',  ( -75.00000000000000000, -32.49999880790716134, 44.84999910346232355 ) ) ;
#1487 =( LENGTH_UNIT ( ) NAMED_UNIT ( * ) SI_UNIT ( .MILLI., .METRE. ) );
#1488 = LINE ( 'NONE', #4491, #2990 ) ;
#1489 = AXIS2_PLACEMENT_3D ( 'NONE', #3204, #1803, #6240 ) ;
#1490 = ORIENTED_EDGE ( 'NONE', *, *, #6183, .T. ) ;
#1491 = EDGE_CURVE ( 'NONE', #5847, #4712, #1585, .T. ) ;
#1492 = CARTESIAN_POINT ( 'NONE',  ( -75.00000000000000000, 28.04999815885442516, -38.99999943051172835 ) ) ;
#1493 = CARTESIAN_POINT ( 'NONE',  ( 75.00000000000000000, 30.49999982145801170, 37.50000096307993402 ) ) ;
#1494 = EDGE_CURVE ( 'NONE', #729, #2447, #7825, .T. ) ;
#1495 = ORIENTED_EDGE ( 'NONE', *, *, #3031, .F. ) ;
#1496 = VECTOR ( 'NONE', #6288, 1000.000000000000114 ) ;
#1497 = PRESENTATION_STYLE_ASSIGNMENT (( #842 ) ) ;
#1498 =( LENGTH_UNIT ( ) NAMED_UNIT ( * ) SI_UNIT ( .MILLI., .METRE. ) );
#1499 = ORIENTED_EDGE ( 'NONE', *, *, #6472, .F. ) ;
#1500 = ADVANCED_FACE ( 'NONE', ( #7212 ), #3553, .F. ) ;
#1501 = MECHANICAL_DESIGN_GEOMETRIC_PRESENTATION_REPRESENTATION (  '', ( #3376 ), #2257 ) ;
#1502 = FILL_AREA_STYLE ('',( #5183 ) ) ;
#1503 = PRESENTATION_STYLE_ASSIGNMENT (( #7648 ) ) ;
#1504 = AXIS2_PLACEMENT_3D ( 'NONE', #1545, #2176, #4586 ) ;
#1505 = ORIENTED_EDGE ( 'NONE', *, *, #4842, .T. ) ;
#1506 = CARTESIAN_POINT ( 'NONE',  ( 75.00000000000000000, 27.50000061741992496, -44.99999790990878523 ) ) ;
#1507 =( LENGTH_UNIT ( ) NAMED_UNIT ( * ) SI_UNIT ( .MILLI., .METRE. ) );
#1508 = CARTESIAN_POINT ( 'NONE',  ( 75.00000000000000000, 19.19999765432204342, -40.30000031556529905 ) ) ;
#1509 = EDGE_LOOP ( 'NONE', ( #4743, #5534, #6783, #1646 ) ) ;
#1510 = CARTESIAN_POINT ( 'NONE',  ( -75.00000000000000000, -11.80000096952504585, -44.99999790990878523 ) ) ;
#1511 = DIRECTION ( 'NONE',  ( -1.000000000000000000, -0.000000000000000000, -0.000000000000000000 ) ) ;
#1512 =( GEOMETRIC_REPRESENTATION_CONTEXT ( 3 ) GLOBAL_UNCERTAINTY_ASSIGNED_CONTEXT ( ( #3187 ) ) GLOBAL_UNIT_ASSIGNED_CONTEXT ( ( #4183, #5445, #3280 ) ) REPRESENTATION_CONTEXT ( 'NONE', 'WORKASPACE' ) );
#1513 =( NAMED_UNIT ( * ) PLANE_ANGLE_UNIT ( ) SI_UNIT ( $, .RADIAN. ) );
#1514 = EDGE_CURVE ( 'NONE', #3994, #5675, #3213, .T. ) ;
#1515 = CARTESIAN_POINT ( 'NONE',  ( -75.00000000000000000, 19.19999765432204342, -42.50000030364437009 ) ) ;
#1516 = ADVANCED_FACE ( 'NONE', ( #7631 ), #2067, .F. ) ;
#1517 = ORIENTED_EDGE ( 'NONE', *, *, #5245, .F. ) ;
#1518 = DIRECTION ( 'NONE',  ( 0.000000000000000000, 0.000000000000000000, -1.000000000000000000 ) ) ;
#1519 = PRESENTATION_STYLE_ASSIGNMENT (( #2653 ) ) ;
#1520 = ORIENTED_EDGE ( 'NONE', *, *, #6127, .F. ) ;
#1521 = DIRECTION ( 'NONE',  ( 0.000000000000000000, -0.2588190451025495498, 0.9659258262890605407 ) ) ;
#1522 = FACE_OUTER_BOUND ( 'NONE', #3392, .T. ) ;
#1523 = DIRECTION ( 'NONE',  ( 1.000000000000000000, 0.000000000000000000, -0.000000000000000000 ) ) ;
#1524 = ORIENTED_EDGE ( 'NONE', *, *, #5283, .T. ) ;
#1525 =( NAMED_UNIT ( * ) PLANE_ANGLE_UNIT ( ) SI_UNIT ( $, .RADIAN. ) );
#1526 = FILL_AREA_STYLE ('',( #3778 ) ) ;
#1527 = AXIS2_PLACEMENT_3D ( 'NONE', #5623, #6289, #2584 ) ;
#1528 = UNCERTAINTY_MEASURE_WITH_UNIT (LENGTH_MEASURE( 1.000000000000000082E-05 ), #2055, 'distance_accuracy_value', 'NONE');
#1529 = ORIENTED_EDGE ( 'NONE', *, *, #1755, .F. ) ;
#1530 = LINE ( 'NONE', #7528, #6365 ) ;
#1531 =( NAMED_UNIT ( * ) PLANE_ANGLE_UNIT ( ) SI_UNIT ( $, .RADIAN. ) );
#1532 = ORIENTED_EDGE ( 'NONE', *, *, #7767, .F. ) ;
#1533 =( GEOMETRIC_REPRESENTATION_CONTEXT ( 3 ) GLOBAL_UNCERTAINTY_ASSIGNED_CONTEXT ( ( #1923 ) ) GLOBAL_UNIT_ASSIGNED_CONTEXT ( ( #7867, #3074, #5528 ) ) REPRESENTATION_CONTEXT ( 'NONE', 'WORKASPACE' ) );
#1534 = CARTESIAN_POINT ( 'NONE',  ( 75.00000000000000000, 27.49999955383842476, 45.00000164262010571 ) ) ;
#1535 = ADVANCED_FACE ( 'NONE', ( #7589 ), #3361, .F. ) ;
#1536 = ORIENTED_EDGE ( 'NONE', *, *, #4782, .T. ) ;
#1537 = CARTESIAN_POINT ( 'NONE',  ( 75.00000000000000000, -32.49999880790716134, 44.84999910346232355 ) ) ;
#1538 = VECTOR ( 'NONE', #2264, 1000.000000000000000 ) ;
#1539 = DIRECTION ( 'NONE',  ( 0.000000000000000000, -1.000000000000000000, 0.000000000000000000 ) ) ;
#1540 = VECTOR ( 'NONE', #117, 999.9999999999998863 ) ;
#1541 = LINE ( 'NONE', #1579, #5433 ) ;
#1542 = EDGE_LOOP ( 'NONE', ( #393, #971, #7817, #4009 ) ) ;
#1543 = DIRECTION ( 'NONE',  ( 0.000000000000000000, 0.000000000000000000, -1.000000000000000000 ) ) ;
#1544 = CARTESIAN_POINT ( 'NONE',  ( 75.00000000000000000, 25.39999829805240239, -42.50000030364437009 ) ) ;
#1545 = CARTESIAN_POINT ( 'NONE',  ( -75.00000000000000000, 28.04999960585698915, 40.25000027745841180 ) ) ;
#1546 = DIRECTION ( 'NONE',  ( 0.000000000000000000, 0.9659257951883677418, 0.2588191611718874685 ) ) ;
#1547 = DIRECTION ( 'NONE',  ( 0.000000000000000000, 0.000000000000000000, -1.000000000000000000 ) ) ;
#1548 = COLOUR_RGB ( '',0.8980392156862745390, 0.9176470588235293713, 0.9294117647058823817 ) ;
#1549 = MECHANICAL_DESIGN_GEOMETRIC_PRESENTATION_REPRESENTATION (  '', ( #6896 ), #5357 ) ;
#1550 = ORIENTED_EDGE ( 'NONE', *, *, #5632, .F. ) ;
#1551 = VECTOR ( 'NONE', #3971, 1000.000000000000000 ) ;
#1552 = EDGE_CURVE ( 'NONE', #5901, #3680, #5766, .T. ) ;
#1553 = CARTESIAN_POINT ( 'NONE',  ( 75.00000000000000000, -30.10000102221976803, 47.00000028057884549 ) ) ;
#1554 = SURFACE_SIDE_STYLE ('',( #7017 ) ) ;
#1555 = VERTEX_POINT ( 'NONE', #3803 ) ;
#1556 = FILL_AREA_STYLE ('',( #3445 ) ) ;
#1557 = CARTESIAN_POINT ( 'NONE',  ( 75.00000000000000000, 30.49999982145801170, -29.50000070585011969 ) ) ;
#1558 = VECTOR ( 'NONE', #5488, 1000.000000000000000 ) ;
#1559 = FILL_AREA_STYLE_COLOUR ( '', #249 ) ;
#1560 = ORIENTED_EDGE ( 'NONE', *, *, #6860, .T. ) ;
#1561 = DIRECTION ( 'NONE',  ( 1.000000000000000000, 0.000000000000000000, -0.000000000000000000 ) ) ;
#1562 = FACE_OUTER_BOUND ( 'NONE', #5916, .T. ) ;
#1563 = FILL_AREA_STYLE ('',( #5259 ) ) ;
#1564 = EDGE_CURVE ( 'NONE', #694, #4951, #6250, .T. ) ;
#1565 = MECHANICAL_DESIGN_GEOMETRIC_PRESENTATION_REPRESENTATION (  '', ( #3325 ), #6519 ) ;
#1566 = ORIENTED_EDGE ( 'NONE', *, *, #4657, .T. ) ;
#1567 = EDGE_CURVE ( 'NONE', #5874, #1982, #2550, .T. ) ;
#1568 = LINE ( 'NONE', #3384, #3557 ) ;
#1569 = LINE ( 'NONE', #3539, #3599 ) ;
#1570 = ORIENTED_EDGE ( 'NONE', *, *, #4444, .T. ) ;
#1571 = UNCERTAINTY_MEASURE_WITH_UNIT (LENGTH_MEASURE( 1.000000000000000082E-05 ), #11, 'distance_accuracy_value', 'NONE');
#1572 = SURFACE_SIDE_STYLE ('',( #1763 ) ) ;
#1573 = VECTOR ( 'NONE', #1699, 1000.000000000000000 ) ;
#1574 =( NAMED_UNIT ( * ) SI_UNIT ( $, .STERADIAN. ) SOLID_ANGLE_UNIT ( ) );
#1575 = AXIS2_PLACEMENT_3D ( 'NONE', #3124, #4189, #6797 ) ;
#1576 = ORIENTED_EDGE ( 'NONE', *, *, #5799, .F. ) ;
#1577 = DIRECTION ( 'NONE',  ( 0.000000000000000000, 0.000000000000000000, -1.000000000000000000 ) ) ;
#1578 = SURFACE_SIDE_STYLE ('',( #1625 ) ) ;
#1579 = CARTESIAN_POINT ( 'NONE',  ( 75.00000000000000000, -32.49999880790716134, -44.84999939450040785 ) ) ;
#1580 = SURFACE_STYLE_USAGE ( .BOTH. , #2581 ) ;
#1581 = ORIENTED_EDGE ( 'NONE', *, *, #982, .F. ) ;
#1582 = FILL_AREA_STYLE_COLOUR ( '', #596 ) ;
#1583 = CARTESIAN_POINT ( 'NONE',  ( 75.00000000000000000, 30.49999982145801170, -31.49999917103074054 ) ) ;
#1584 = CARTESIAN_POINT ( 'NONE',  ( -75.00000000000000000, 28.04999815885442516, -40.24999943051175677 ) ) ;
#1585 = LINE ( 'NONE', #2918, #3261 ) ;
#1586 = EDGE_CURVE ( 'NONE', #4049, #1834, #3657, .T. ) ;
#1587 = CARTESIAN_POINT ( 'NONE',  ( -75.00000000000000000, -27.67378567386954202, -37.49999819837400139 ) ) ;
#1588 = CARTESIAN_POINT ( 'NONE',  ( 75.00000000000000000, -28.14999991479055197, -41.49999913430374221 ) ) ;
#1589 = VECTOR ( 'NONE', #5895, 1000.000000000000114 ) ;
#1590 = VERTEX_POINT ( 'NONE', #4850 ) ;
#1591 =( NAMED_UNIT ( * ) PLANE_ANGLE_UNIT ( ) SI_UNIT ( $, .RADIAN. ) );
#1592 = DIRECTION ( 'NONE',  ( 0.000000000000000000, 0.000000000000000000, 1.000000000000000000 ) ) ;
#1593 = AXIS2_PLACEMENT_3D ( 'NONE', #7632, #334, #2855 ) ;
#1594 = MECHANICAL_DESIGN_GEOMETRIC_PRESENTATION_REPRESENTATION (  '', ( #3612 ), #7467 ) ;
#1595 = PLANE ( 'NONE',  #290 ) ;
#1596 = ORIENTED_EDGE ( 'NONE', *, *, #3821, .F. ) ;
#1597 = DIRECTION ( 'NONE',  ( -1.000000000000000000, -0.000000000000000000, -0.000000000000000000 ) ) ;
#1598 = EDGE_CURVE ( 'NONE', #6170, #3660, #743, .T. ) ;
#1599 = CARTESIAN_POINT ( 'NONE',  ( 75.00000000000000000, 28.19999814060689047, -33.49999949885628325 ) ) ;
#1600 = STYLED_ITEM ( 'NONE', ( #5875 ), #6829 ) ;
#1601 =( NAMED_UNIT ( * ) PLANE_ANGLE_UNIT ( ) SI_UNIT ( $, .RADIAN. ) );
#1602 = ORIENTED_EDGE ( 'NONE', *, *, #1420, .T. ) ;
#1603 = CARTESIAN_POINT ( 'NONE',  ( 75.00000000000000000, 19.19999904191690021, 42.50000031431354586 ) ) ;
#1604 = FILL_AREA_STYLE ('',( #3490 ) ) ;
#1605 = LINE ( 'NONE', #2863, #2970 ) ;
#1606 = LINE ( 'NONE', #5306, #4659 ) ;
#1607 = DIRECTION ( 'NONE',  ( 1.000000000000000000, 0.000000000000000000, -0.000000000000000000 ) ) ;
#1608 = EDGE_CURVE ( 'NONE', #7218, #4495, #7732, .T. ) ;
#1609 = VECTOR ( 'NONE', #6214, 1000.000000000000000 ) ;
#1610 = UNCERTAINTY_MEASURE_WITH_UNIT (LENGTH_MEASURE( 1.000000000000000082E-05 ), #262, 'distance_accuracy_value', 'NONE');
#1611 = EDGE_CURVE ( 'NONE', #5102, #7793, #4330, .T. ) ;
#1612 = ORIENTED_EDGE ( 'NONE', *, *, #6684, .F. ) ;
#1613 = PRESENTATION_LAYER_ASSIGNMENT (  '', '', ( #6057 ) ) ;
#1614 = FILL_AREA_STYLE ('',( #3295 ) ) ;
#1615 = STYLED_ITEM ( 'NONE', ( #6447 ), #1959 ) ;
#1616 = CYLINDRICAL_SURFACE ( 'NONE', #3960, 0.2000009045382139528 ) ;
#1617 = ORIENTED_EDGE ( 'NONE', *, *, #5245, .T. ) ;
#1618 = LINE ( 'NONE', #5903, #2418 ) ;
#1619 = CARTESIAN_POINT ( 'NONE',  ( 75.00000000000000000, -13.96933834789933648, 41.64999999254939667 ) ) ;
#1620 = AXIS2_PLACEMENT_3D ( 'NONE', #6795, #7460, #6277 ) ;
#1621 = STYLED_ITEM ( 'NONE', ( #7280 ), #3123 ) ;
#1622 = MECHANICAL_DESIGN_GEOMETRIC_PRESENTATION_REPRESENTATION (  '', ( #7882 ), #1256 ) ;
#1623 = VERTEX_POINT ( 'NONE', #4972 ) ;
#1624 = DIRECTION ( 'NONE',  ( 0.000000000000000000, -0.000000000000000000, -1.000000000000000000 ) ) ;
#1625 = SURFACE_STYLE_FILL_AREA ( #2255 ) ;
#1626 = DIRECTION ( 'NONE',  ( 0.000000000000000000, 1.000000000000000000, 0.000000000000000000 ) ) ;
#1627 = AXIS2_PLACEMENT_3D ( 'NONE', #1338, #5592, #784 ) ;
#1628 = ORIENTED_EDGE ( 'NONE', *, *, #5683, .F. ) ;
#1629 = SURFACE_STYLE_FILL_AREA ( #7050 ) ;
#1630 = DIRECTION ( 'NONE',  ( 0.000000000000000000, 0.000000000000000000, -1.000000000000000000 ) ) ;
#1631 = CIRCLE ( 'NONE', #4276, 1.250000000000126121 ) ;
#1632 = DIRECTION ( 'NONE',  ( 0.000000000000000000, -1.000000000000000000, 0.000000000000000000 ) ) ;
#1633 = CARTESIAN_POINT ( 'NONE',  ( 75.00000000000000000, -11.80000044405465864, 45.00000164262019098 ) ) ;
#1634 = VECTOR ( 'NONE', #285, 1000.000000000000000 ) ;
#1635 = ORIENTED_EDGE ( 'NONE', *, *, #4753, .F. ) ;
#1636 = DIRECTION ( 'NONE',  ( 1.000000000000000000, 0.000000000000000000, -0.000000000000000000 ) ) ;
#1637 = MECHANICAL_DESIGN_GEOMETRIC_PRESENTATION_REPRESENTATION (  '', ( #1265 ), #477 ) ;
#1638 = VECTOR ( 'NONE', #2063, 1000.000000000000000 ) ;
#1639 = SURFACE_STYLE_USAGE ( .BOTH. , #2806 ) ;
#1640 = ORIENTED_EDGE ( 'NONE', *, *, #3641, .F. ) ;
#1641 = CARTESIAN_POINT ( 'NONE',  ( 75.00000000000000000, -28.15000165596212867, 40.24999974556125437 ) ) ;
#1642 = SURFACE_STYLE_FILL_AREA ( #4640 ) ;
#1643 = LINE ( 'NONE', #1717, #7877 ) ;
#1644 = PRESENTATION_STYLE_ASSIGNMENT (( #7710 ) ) ;
#1645 = UNCERTAINTY_MEASURE_WITH_UNIT (LENGTH_MEASURE( 1.000000000000000082E-05 ), #3526, 'distance_accuracy_value', 'NONE');
#1646 = ORIENTED_EDGE ( 'NONE', *, *, #7231, .T. ) ;
#1647 = EDGE_CURVE ( 'NONE', #3463, #5177, #20, .T. ) ;
#1648 = LINE ( 'NONE', #6452, #4129 ) ;
#1649 = CARTESIAN_POINT ( 'NONE',  ( -75.00000000000000000, 17.19999871409140724, 40.30000032623447481 ) ) ;
#1650 = DIRECTION ( 'NONE',  ( 0.000000000000000000, 1.000000000000000000, 0.000000000000000000 ) ) ;
#1651 = VECTOR ( 'NONE', #6336, 1000.000000000000000 ) ;
#1652 = ORIENTED_EDGE ( 'NONE', *, *, #2326, .T. ) ;
#1653 = VECTOR ( 'NONE', #5052, 1000.000000000000000 ) ;
#1654 = ADVANCED_FACE ( 'NONE', ( #6773 ), #1260, .F. ) ;
#1655 = CARTESIAN_POINT ( 'NONE',  ( 75.00000000000000000, 27.57378382795413074, -37.69999919639995056 ) ) ;
#1656 = ORIENTED_EDGE ( 'NONE', *, *, #1085, .F. ) ;
#1657 = VECTOR ( 'NONE', #4588, 1000.000000000000000 ) ;
#1658 = UNCERTAINTY_MEASURE_WITH_UNIT (LENGTH_MEASURE( 1.000000000000000082E-05 ), #2562, 'distance_accuracy_value', 'NONE');
#1659 = ORIENTED_EDGE ( 'NONE', *, *, #4955, .F. ) ;
#1660 = SURFACE_STYLE_FILL_AREA ( #1777 ) ;
#1661 = SURFACE_SIDE_STYLE ('',( #3548 ) ) ;
#1662 = CYLINDRICAL_SURFACE ( 'NONE', #7322, 1.299999999999995604 ) ;
#1663 = ORIENTED_EDGE ( 'NONE', *, *, #2414, .F. ) ;
#1664 = DIRECTION ( 'NONE',  ( -1.000000000000000000, -0.000000000000000000, -0.000000000000000000 ) ) ;
#1665 = AXIS2_PLACEMENT_3D ( 'NONE', #2374, #4270, #4148 ) ;
#1666 = ADVANCED_FACE ( 'NONE', ( #4413 ), #7440, .T. ) ;
#1667 =( LENGTH_UNIT ( ) NAMED_UNIT ( * ) SI_UNIT ( .MILLI., .METRE. ) );
#1668 =( NAMED_UNIT ( * ) SI_UNIT ( $, .STERADIAN. ) SOLID_ANGLE_UNIT ( ) );
#1669 = AXIS2_PLACEMENT_3D ( 'NONE', #172, #4438, #5155 ) ;
#1670 = VERTEX_POINT ( 'NONE', #2071 ) ;
#1671 = DIRECTION ( 'NONE',  ( -1.000000000000000000, -0.000000000000000000, -0.000000000000000000 ) ) ;
#1672 = EDGE_CURVE ( 'NONE', #6982, #2783, #2036, .T. ) ;
#1673 = DIRECTION ( 'NONE',  ( 0.000000000000000000, 0.9999999999999211742, 3.970625141956370795E-07 ) ) ;
#1674 = CYLINDRICAL_SURFACE ( 'NONE', #2098, 0.1999999999989857113 ) ;
#1675 = ORIENTED_EDGE ( 'NONE', *, *, #944, .T. ) ;
#1676 = VECTOR ( 'NONE', #75, 1000.000000000000000 ) ;
#1677 = AXIS2_PLACEMENT_3D ( 'NONE', #4865, #5523, #2525 ) ;
#1678 = PRODUCT_DEFINITION_SHAPE ( 'NONE', 'NONE',  #7403 ) ;
#1679 =( NAMED_UNIT ( * ) PLANE_ANGLE_UNIT ( ) SI_UNIT ( $, .RADIAN. ) );
#1680 =( LENGTH_UNIT ( ) NAMED_UNIT ( * ) SI_UNIT ( .MILLI., .METRE. ) );
#1681 = ORIENTED_EDGE ( 'NONE', *, *, #2315, .F. ) ;
#1682 = FILL_AREA_STYLE_COLOUR ( '', #2070 ) ;
#1683 = LINE ( 'NONE', #544, #740 ) ;
#1684 = CARTESIAN_POINT ( 'NONE',  ( 75.00000000000000000, 28.19999814060689047, -31.49999917103074054 ) ) ;
#1685 = SURFACE_SIDE_STYLE ('',( #7156 ) ) ;
#1686 = LINE ( 'NONE', #4692, #4803 ) ;
#1687 = EDGE_CURVE ( 'NONE', #114, #6841, #4601, .T. ) ;
#1688 = ORIENTED_EDGE ( 'NONE', *, *, #6766, .F. ) ;
#1689 = STYLED_ITEM ( 'NONE', ( #6345 ), #3848 ) ;
#1690 =( NAMED_UNIT ( * ) PLANE_ANGLE_UNIT ( ) SI_UNIT ( $, .RADIAN. ) );
#1691 = ORIENTED_EDGE ( 'NONE', *, *, #3761, .F. ) ;
#1692 = EDGE_CURVE ( 'NONE', #6630, #5181, #1488, .T. ) ;
#1693 = VECTOR ( 'NONE', #3690, 1000.000000000000000 ) ;
#1694 =( NAMED_UNIT ( * ) PLANE_ANGLE_UNIT ( ) SI_UNIT ( $, .RADIAN. ) );
#1695 = AXIS2_PLACEMENT_3D ( 'NONE', #1801, #4766, #3056 ) ;
#1696 = ORIENTED_EDGE ( 'NONE', *, *, #6036, .T. ) ;
#1697 = FACE_OUTER_BOUND ( 'NONE', #7090, .T. ) ;
#1698 = AXIS2_PLACEMENT_3D ( 'NONE', #6210, #2613, #863 ) ;
#1699 = DIRECTION ( 'NONE',  ( -0.000000000000000000, -0.000000000000000000, 1.000000000000000000 ) ) ;
#1700 = ORIENTED_EDGE ( 'NONE', *, *, #6059, .T. ) ;
#1701 =( NAMED_UNIT ( * ) PLANE_ANGLE_UNIT ( ) SI_UNIT ( $, .RADIAN. ) );
#1702 = LINE ( 'NONE', #4103, #4665 ) ;
#1703 = VECTOR ( 'NONE', #1879, 1000.000000000000000 ) ;
#1704 = LINE ( 'NONE', #7178, #7800 ) ;
#1705 = LINE ( 'NONE', #7743, #734 ) ;
#1706 = PRESENTATION_LAYER_ASSIGNMENT (  '', '', ( #5003 ) ) ;
#1707 = ORIENTED_EDGE ( 'NONE', *, *, #2745, .F. ) ;
#1708 = LINE ( 'NONE', #4228, #7121 ) ;
#1709 = EDGE_CURVE ( 'NONE', #3063, #7781, #7667, .T. ) ;
#1710 = ORIENTED_EDGE ( 'NONE', *, *, #4957, .F. ) ;
#1711 = DIRECTION ( 'NONE',  ( 0.000000000000000000, 2.459447065762542639E-07, -0.9999999999999698019 ) ) ;
#1712 = PRESENTATION_STYLE_ASSIGNMENT (( #5371 ) ) ;
#1713 = VERTEX_POINT ( 'NONE', #5128 ) ;
#1714 = VECTOR ( 'NONE', #3329, 1000.000000000000000 ) ;
#1715 = PLANE ( 'NONE',  #7242 ) ;
#1716 = CYLINDRICAL_SURFACE ( 'NONE', #7643, 0.1999999999990967336 ) ;
#1717 = CARTESIAN_POINT ( 'NONE',  ( 75.00000000000000000, -30.20000114037598493, 33.50000040091684639 ) ) ;
#1718 = STYLED_ITEM ( 'NONE', ( #6319 ), #2185 ) ;
#1719 = PRESENTATION_STYLE_ASSIGNMENT (( #6695 ) ) ;
#1720 = VECTOR ( 'NONE', #5010, 1000.000000000000000 ) ;
#1721 = UNCERTAINTY_MEASURE_WITH_UNIT (LENGTH_MEASURE( 1.000000000000000082E-05 ), #6913, 'distance_accuracy_value', 'NONE');
#1722 = SURFACE_STYLE_FILL_AREA ( #4721 ) ;
#1723 = VECTOR ( 'NONE', #738, 1000.000000000000000 ) ;
#1724 = DIRECTION ( 'NONE',  ( 0.000000000000000000, 0.000000000000000000, -1.000000000000000000 ) ) ;
#1725 =( NAMED_UNIT ( * ) SI_UNIT ( $, .STERADIAN. ) SOLID_ANGLE_UNIT ( ) );
#1726 = CARTESIAN_POINT ( 'NONE',  ( -75.00000000000000000, -11.80000044405465864, 45.00000164262019098 ) ) ;
#1727 = FILL_AREA_STYLE_COLOUR ( '', #2768 ) ;
#1728 = PRESENTATION_LAYER_ASSIGNMENT (  '', '', ( #5140 ) ) ;
#1729 = ORIENTED_EDGE ( 'NONE', *, *, #7201, .F. ) ;
#1730 = PRODUCT_RELATED_PRODUCT_CATEGORY ( 'part', '', ( #5217 ) ) ;
#1731 = SURFACE_STYLE_FILL_AREA ( #5315 ) ;
#1732 = ORIENTED_EDGE ( 'NONE', *, *, #5029, .F. ) ;
#1733 = FILL_AREA_STYLE_COLOUR ( '', #5482 ) ;
#1734 = EDGE_LOOP ( 'NONE', ( #1566, #3843, #3142, #200 ) ) ;
#1735 = PRESENTATION_STYLE_ASSIGNMENT (( #5985 ) ) ;
#1736 =( NAMED_UNIT ( * ) PLANE_ANGLE_UNIT ( ) SI_UNIT ( $, .RADIAN. ) );
#1737 = EDGE_CURVE ( 'NONE', #4495, #4904, #6984, .T. ) ;
#1738 = CARTESIAN_POINT ( 'NONE',  ( -75.00000000000000000, -11.79999985836419718, -41.79999953662668588 ) ) ;
#1739 = DIRECTION ( 'NONE',  ( 0.000000000000000000, 1.000000000000000000, 0.000000000000000000 ) ) ;
#1740 = VERTEX_POINT ( 'NONE', #2773 ) ;
#1741 = AXIS2_PLACEMENT_3D ( 'NONE', #5958, #4155, #45 ) ;
#1742 = DIRECTION ( 'NONE',  ( 0.000000000000000000, 0.000000000000000000, 1.000000000000000000 ) ) ;
#1743 = LINE ( 'NONE', #4676, #5980 ) ;
#1744 = SURFACE_STYLE_FILL_AREA ( #2337 ) ;
#1745 = ORIENTED_EDGE ( 'NONE', *, *, #1420, .F. ) ;
#1746 = AXIS2_PLACEMENT_3D ( 'NONE', #1074, #4783, #647 ) ;
#1747 = AXIS2_PLACEMENT_3D ( 'NONE', #643, #4898, #7375 ) ;
#1748 = CARTESIAN_POINT ( 'NONE',  ( 75.00000000000000000, -32.49999880790716134, 44.84999910346232355 ) ) ;
#1749 = ORIENTED_EDGE ( 'NONE', *, *, #6176, .T. ) ;
#1750 = SURFACE_SIDE_STYLE ('',( #6523 ) ) ;
#1751 = EDGE_LOOP ( 'NONE', ( #6689, #1421, #6923, #4663 ) ) ;
#1752 = LINE ( 'NONE', #7707, #2377 ) ;
#1753 =( NAMED_UNIT ( * ) PLANE_ANGLE_UNIT ( ) SI_UNIT ( $, .RADIAN. ) );
#1754 = CARTESIAN_POINT ( 'NONE',  ( 75.00000000000000000, -25.39999998106550194, 42.50000001348644219 ) ) ;
#1755 = EDGE_CURVE ( 'NONE', #6779, #498, #6942, .T. ) ;
#1756 = AXIS2_PLACEMENT_3D ( 'NONE', #3760, #3013, #6847 ) ;
#1757 = CARTESIAN_POINT ( 'NONE',  ( -75.00000000000000000, -19.20000032626060360, -42.50000021015917184 ) ) ;
#1758 = LINE ( 'NONE', #3054, #54 ) ;
#1759 = DIRECTION ( 'NONE',  ( -1.000000000000000000, -0.000000000000000000, -0.000000000000000000 ) ) ;
#1760 = DIRECTION ( 'NONE',  ( 0.000000000000000000, 0.000000000000000000, 1.000000000000000000 ) ) ;
#1761 = DIRECTION ( 'NONE',  ( 0.000000000000000000, -1.000000000000000000, 0.000000000000000000 ) ) ;
#1762 = CARTESIAN_POINT ( 'NONE',  ( 75.00000000000000000, 30.49999982145801170, -37.49999829186200628 ) ) ;
#1763 = SURFACE_STYLE_FILL_AREA ( #2751 ) ;
#1764 = EDGE_CURVE ( 'NONE', #5675, #3910, #3879, .T. ) ;
#1765 = AXIS2_PLACEMENT_3D ( 'NONE', #7150, #6609, #581 ) ;
#1766 =( NAMED_UNIT ( * ) PLANE_ANGLE_UNIT ( ) SI_UNIT ( $, .RADIAN. ) );
#1767 = VERTEX_POINT ( 'NONE', #7023 ) ;
#1768 = EDGE_CURVE ( 'NONE', #1873, #808, #1448, .T. ) ;
#1769 = CARTESIAN_POINT ( 'NONE',  ( 75.00000000000000000, -30.10000102222012330, 47.00000028057884549 ) ) ;
#1770 = FILL_AREA_STYLE ('',( #5558 ) ) ;
#1771 = ORIENTED_EDGE ( 'NONE', *, *, #4707, .T. ) ;
#1772 = CARTESIAN_POINT ( 'NONE',  ( 75.00000000000000000, -19.20000119998040589, 40.30000002540748483 ) ) ;
#1773 = SURFACE_STYLE_USAGE ( .BOTH. , #5393 ) ;
#1774 = SURFACE_SIDE_STYLE ('',( #7251 ) ) ;
#1775 = EDGE_LOOP ( 'NONE', ( #5854, #4616, #1340, #6426 ) ) ;
#1776 =( GEOMETRIC_REPRESENTATION_CONTEXT ( 3 ) GLOBAL_UNCERTAINTY_ASSIGNED_CONTEXT ( ( #1293 ) ) GLOBAL_UNIT_ASSIGNED_CONTEXT ( ( #6446, #2228, #1050 ) ) REPRESENTATION_CONTEXT ( 'NONE', 'WORKASPACE' ) );
#1777 = FILL_AREA_STYLE ('',( #6588 ) ) ;
#1778 = ORIENTED_EDGE ( 'NONE', *, *, #1356, .F. ) ;
#1779 = FACE_OUTER_BOUND ( 'NONE', #7027, .T. ) ;
#1780 =( LENGTH_UNIT ( ) NAMED_UNIT ( * ) SI_UNIT ( .MILLI., .METRE. ) );
#1781 =( GEOMETRIC_REPRESENTATION_CONTEXT ( 3 ) GLOBAL_UNCERTAINTY_ASSIGNED_CONTEXT ( ( #6767 ) ) GLOBAL_UNIT_ASSIGNED_CONTEXT ( ( #2100, #1513, #1438 ) ) REPRESENTATION_CONTEXT ( 'NONE', 'WORKASPACE' ) );
#1782 = FACE_OUTER_BOUND ( 'NONE', #1184, .T. ) ;
#1783 = CARTESIAN_POINT ( 'NONE',  ( 75.00000000000000000, 30.49999982145801170, -29.50000070585011969 ) ) ;
#1784 = EDGE_CURVE ( 'NONE', #7389, #6202, #5205, .T. ) ;
#1785 = APPLICATION_CONTEXT ( 'automotive_design' ) ;
#1786 = ORIENTED_EDGE ( 'NONE', *, *, #53, .T. ) ;
#1787 = CARTESIAN_POINT ( 'NONE',  ( 75.00000000000000000, -13.96933834789933648, 41.64999999254939667 ) ) ;
#1788 = MECHANICAL_DESIGN_GEOMETRIC_PRESENTATION_REPRESENTATION (  '', ( #2040 ), #1533 ) ;
#1789 =( LENGTH_UNIT ( ) NAMED_UNIT ( * ) SI_UNIT ( .MILLI., .METRE. ) );
#1790 = EDGE_LOOP ( 'NONE', ( #5610, #2573, #7654, #2345 ) ) ;
#1791 = CARTESIAN_POINT ( 'NONE',  ( -75.00000000000000000, -31.89999982714642002, -44.84999939450040785 ) ) ;
#1792 = PRESENTATION_STYLE_ASSIGNMENT (( #89 ) ) ;
#1793 = ORIENTED_EDGE ( 'NONE', *, *, #4089, .F. ) ;
#1794 = SURFACE_STYLE_FILL_AREA ( #1251 ) ;
#1795 = LINE ( 'NONE', #662, #7485 ) ;
#1796 = EDGE_CURVE ( 'NONE', #3985, #3973, #5703, .T. ) ;
#1797 = CARTESIAN_POINT ( 'NONE',  ( -75.00000000000000000, -9.783615639116595375, -43.49999933702638089 ) ) ;
#1798 = CARTESIAN_POINT ( 'NONE',  ( 75.00000000000000000, -27.40000030889110860, -29.50000061236211479 ) ) ;
#1799 = UNCERTAINTY_MEASURE_WITH_UNIT (LENGTH_MEASURE( 1.000000000000000082E-05 ), #4770, 'distance_accuracy_value', 'NONE');
#1800 = VECTOR ( 'NONE', #804, 1000.000000000000000 ) ;
#1801 = CARTESIAN_POINT ( 'NONE',  ( 75.00000000000000000, -27.40000030889110860, 33.50000040091684639 ) ) ;
#1802 = VECTOR ( 'NONE', #77, 1000.000000000000000 ) ;
#1803 = DIRECTION ( 'NONE',  ( 0.000000000000000000, 0.000000000000000000, -1.000000000000000000 ) ) ;
#1804 = FILL_AREA_STYLE_COLOUR ( '', #2383 ) ;
#1805 = CARTESIAN_POINT ( 'NONE',  ( 75.00000000000000000, -8.799999860471286794, -43.94999933702638373 ) ) ;
#1806 = MECHANICAL_DESIGN_GEOMETRIC_PRESENTATION_REPRESENTATION (  '', ( #805 ), #419 ) ;
#1807 = STYLED_ITEM ( 'NONE', ( #6589 ), #153 ) ;
#1808 = PRESENTATION_LAYER_ASSIGNMENT (  '', '', ( #807 ) ) ;
#1809 = DIRECTION ( 'NONE',  ( 0.000000000000000000, 0.000000000000000000, 1.000000000000000000 ) ) ;
#1810 = ORIENTED_EDGE ( 'NONE', *, *, #3571, .F. ) ;
#1811 = EDGE_CURVE ( 'NONE', #5255, #5440, #6330, .T. ) ;
#1812 = DIRECTION ( 'NONE',  ( 0.000000000000000000, -8.320811165621135585E-07, -0.9999999999996538325 ) ) ;
#1813 = FILL_AREA_STYLE ('',( #4858 ) ) ;
#1814 = ORIENTED_EDGE ( 'NONE', *, *, #508, .T. ) ;
#1815 = PRESENTATION_STYLE_ASSIGNMENT (( #6023 ) ) ;
#1816 = LINE ( 'NONE', #6825, #1124 ) ;
#1817 = MECHANICAL_DESIGN_GEOMETRIC_PRESENTATION_REPRESENTATION (  '', ( #46 ), #1061 ) ;
#1818 = ORIENTED_EDGE ( 'NONE', *, *, #2707, .F. ) ;
#1819 =( LENGTH_UNIT ( ) NAMED_UNIT ( * ) SI_UNIT ( .MILLI., .METRE. ) );
#1820 = PLANE ( 'NONE',  #5864 ) ;
#1821 = DIRECTION ( 'NONE',  ( -1.000000000000000000, 0.000000000000000000, -0.000000000000000000 ) ) ;
#1822 = ORIENTED_EDGE ( 'NONE', *, *, #5604, .F. ) ;
#1823 = MECHANICAL_DESIGN_GEOMETRIC_PRESENTATION_REPRESENTATION (  '', ( #4723 ), #949 ) ;
#1824 = CARTESIAN_POINT ( 'NONE',  ( 75.00000000000000000, 30.49999982145801170, -37.49999829186200628 ) ) ;
#1825 = VECTOR ( 'NONE', #1375, 1000.000000000000000 ) ;
#1826 = COLOUR_RGB ( '',0.8980392156862745390, 0.9176470588235293713, 0.9294117647058823817 ) ;
#1827 = CARTESIAN_POINT ( 'NONE',  ( 75.00000000000000000, 30.49999982145801170, 35.50000063525438776 ) ) ;
#1828 = CARTESIAN_POINT ( 'NONE',  ( 75.00000000000000000, -11.80000073208403322, 45.00000135459106332 ) ) ;
#1829 = ORIENTED_EDGE ( 'NONE', *, *, #2723, .T. ) ;
#1830 = CARTESIAN_POINT ( 'NONE',  ( 75.00000000000000000, -28.14999991479055197, -40.24999913430374221 ) ) ;
#1831 = VERTEX_POINT ( 'NONE', #2658 ) ;
#1832 = VECTOR ( 'NONE', #2913, 1000.000000000000000 ) ;
#1833 = CARTESIAN_POINT ( 'NONE',  ( -75.00000000000000000, -25.39999998106550194, 42.50000001348644219 ) ) ;
#1834 = VERTEX_POINT ( 'NONE', #337 ) ;
#1835 = STYLED_ITEM ( 'NONE', ( #5493 ), #286 ) ;
#1836 = PRODUCT_DEFINITION ( 'н╢', '', #791, #5811 ) ;
#1837 = DIRECTION ( 'NONE',  ( 1.000000000000000000, 0.000000000000000000, 0.000000000000000000 ) ) ;
#1838 = ORIENTED_EDGE ( 'NONE', *, *, #1311, .T. ) ;
#1839 = CARTESIAN_POINT ( 'NONE',  ( -75.00000000000000000, -27.67378598645725418, 37.49999999254981020 ) ) ;
#1840 = STYLED_ITEM ( 'NONE', ( #4614 ), #6148 ) ;
#1841 = UNCERTAINTY_MEASURE_WITH_UNIT (LENGTH_MEASURE( 1.000000000000000082E-05 ), #2293, 'distance_accuracy_value', 'NONE');
#1842 =( GEOMETRIC_REPRESENTATION_CONTEXT ( 3 ) GLOBAL_UNCERTAINTY_ASSIGNED_CONTEXT ( ( #1366 ) ) GLOBAL_UNIT_ASSIGNED_CONTEXT ( ( #7446, #752, #69 ) ) REPRESENTATION_CONTEXT ( 'NONE', 'WORKASPACE' ) );
#1843 = DIRECTION ( 'NONE',  ( -1.000000000000000000, -0.000000000000000000, -0.000000000000000000 ) ) ;
#1844 = CARTESIAN_POINT ( 'NONE',  ( -75.00000000000000000, -27.48060072301881362, 37.75176374953563396 ) ) ;
#1845 = VECTOR ( 'NONE', #5258, 1000.000000000000000 ) ;
#1846 = EDGE_CURVE ( 'NONE', #5255, #6464, #7066, .T. ) ;
#1847 = AXIS2_PLACEMENT_3D ( 'NONE', #2062, #1481, #7507 ) ;
#1848 = PLANE ( 'NONE',  #1852 ) ;
#1849 = CARTESIAN_POINT ( 'NONE',  ( 75.00000000000000000, -31.89999982714642002, 4.849999997531995177 ) ) ;
#1850 = CARTESIAN_POINT ( 'NONE',  ( -75.00000000000000000, -14.80000044616175359, 41.35000028057852717 ) ) ;
#1851 = CARTESIAN_POINT ( 'NONE',  ( -75.00000000000000000, 27.50000061741992496, -39.99999866543531368 ) ) ;
#1852 = AXIS2_PLACEMENT_3D ( 'NONE', #3732, #6659, #4247 ) ;
#1853 = FILL_AREA_STYLE_COLOUR ( '', #623 ) ;
#1854 = ORIENTED_EDGE ( 'NONE', *, *, #1895, .F. ) ;
#1855 = SURFACE_STYLE_FILL_AREA ( #4975 ) ;
#1856 = SURFACE_SIDE_STYLE ('',( #4294 ) ) ;
#1857 = ORIENTED_EDGE ( 'NONE', *, *, #1103, .F. ) ;
#1858 = DIRECTION ( 'NONE',  ( -1.000000000000000000, -0.000000000000000000, -0.000000000000000000 ) ) ;
#1859 = MECHANICAL_DESIGN_GEOMETRIC_PRESENTATION_REPRESENTATION (  '', ( #3345 ), #1973 ) ;
#1860 = PLANE ( 'NONE',  #1747 ) ;
#1861 = ADVANCED_FACE ( 'NONE', ( #1522 ), #827, .F. ) ;
#1862 = VECTOR ( 'NONE', #3742, 1000.000000000000000 ) ;
#1863 = ORIENTED_EDGE ( 'NONE', *, *, #6848, .T. ) ;
#1864 = CARTESIAN_POINT ( 'NONE',  ( 75.00000000000000000, 30.49999982145801170, 37.50000096307993402 ) ) ;
#1865 = LINE ( 'NONE', #1274, #6631 ) ;
#1866 =( NAMED_UNIT ( * ) PLANE_ANGLE_UNIT ( ) SI_UNIT ( $, .RADIAN. ) );
#1867 = ORIENTED_EDGE ( 'NONE', *, *, #3775, .F. ) ;
#1868 = LINE ( 'NONE', #1117, #3711 ) ;
#1869 = UNCERTAINTY_MEASURE_WITH_UNIT (LENGTH_MEASURE( 1.000000000000000082E-05 ), #6944, 'distance_accuracy_value', 'NONE');
#1870 = DIRECTION ( 'NONE',  ( 0.000000000000000000, 0.000000000000000000, -1.000000000000000000 ) ) ;
#1871 = CARTESIAN_POINT ( 'NONE',  ( 75.00000000000000000, -23.19999911926677072, -40.30000022208010080 ) ) ;
#1872 = STYLED_ITEM ( 'NONE', ( #5624 ), #1654 ) ;
#1873 = VERTEX_POINT ( 'NONE', #6001 ) ;
#1874 = DIRECTION ( 'NONE',  ( 0.000000000000000000, 0.000000000000000000, -1.000000000000000000 ) ) ;
#1875 = EDGE_LOOP ( 'NONE', ( #3621, #7879, #1225, #1435 ) ) ;
#1876 = VECTOR ( 'NONE', #3561, 1000.000000000000000 ) ;
#1877 = CARTESIAN_POINT ( 'NONE',  ( 75.00000000000000000, -14.80000073419111217, 43.94999999254941514 ) ) ;
#1878 = VERTEX_POINT ( 'NONE', #6483 ) ;
#1879 = DIRECTION ( 'NONE',  ( 0.000000000000000000, -1.000000000000000000, 0.000000000000000000 ) ) ;
#1880 = MECHANICAL_DESIGN_GEOMETRIC_PRESENTATION_REPRESENTATION (  '', ( #616 ), #7366 ) ;
#1881 = CYLINDRICAL_SURFACE ( 'NONE', #4376, 4.999999244473515958 ) ;
#1882 = VERTEX_POINT ( 'NONE', #6571 ) ;
#1883 = CARTESIAN_POINT ( 'NONE',  ( 75.00000000000000000, -11.80000073208403322, 45.00000135459106332 ) ) ;
#1884 =( NAMED_UNIT ( * ) SI_UNIT ( $, .STERADIAN. ) SOLID_ANGLE_UNIT ( ) );
#1885 = LINE ( 'NONE', #6132, #5902 ) ;
#1886 =( NAMED_UNIT ( * ) SI_UNIT ( $, .STERADIAN. ) SOLID_ANGLE_UNIT ( ) );
#1887 =( GEOMETRIC_REPRESENTATION_CONTEXT ( 3 ) GLOBAL_UNCERTAINTY_ASSIGNED_CONTEXT ( ( #2080 ) ) GLOBAL_UNIT_ASSIGNED_CONTEXT ( ( #4582, #921, #2211 ) ) REPRESENTATION_CONTEXT ( 'NONE', 'WORKASPACE' ) );
#1888 =( GEOMETRIC_REPRESENTATION_CONTEXT ( 3 ) GLOBAL_UNCERTAINTY_ASSIGNED_CONTEXT ( ( #4162 ) ) GLOBAL_UNIT_ASSIGNED_CONTEXT ( ( #3667, #6068, #677 ) ) REPRESENTATION_CONTEXT ( 'NONE', 'WORKASPACE' ) );
#1889 = PRESENTATION_LAYER_ASSIGNMENT (  '', '', ( #5436 ) ) ;
#1890 = SURFACE_STYLE_USAGE ( .BOTH. , #6209 ) ;
#1891 = CARTESIAN_POINT ( 'NONE',  ( 75.00000000000000000, -21.40000118805958707, 40.30000002540748483 ) ) ;
#1892 = DIRECTION ( 'NONE',  ( -1.000000000000000000, -0.000000000000000000, -0.000000000000000000 ) ) ;
#1893 =( LENGTH_UNIT ( ) NAMED_UNIT ( * ) SI_UNIT ( .MILLI., .METRE. ) );
#1894 = PRESENTATION_LAYER_ASSIGNMENT (  '', '', ( #2390 ) ) ;
#1895 = EDGE_CURVE ( 'NONE', #4541, #7875, #4800, .T. ) ;
#1896 =( LENGTH_UNIT ( ) NAMED_UNIT ( * ) SI_UNIT ( .MILLI., .METRE. ) );
#1897 = ORIENTED_EDGE ( 'NONE', *, *, #3665, .F. ) ;
#1898 = DIRECTION ( 'NONE',  ( -0.000000000000000000, -0.000000000000000000, -1.000000000000000000 ) ) ;
#1899 = ORIENTED_EDGE ( 'NONE', *, *, #2487, .F. ) ;
#1900 = FILL_AREA_STYLE ('',( #5515 ) ) ;
#1901 = VECTOR ( 'NONE', #3907, 1000.000000000000000 ) ;
#1902 = UNCERTAINTY_MEASURE_WITH_UNIT (LENGTH_MEASURE( 1.000000000000000082E-05 ), #6360, 'distance_accuracy_value', 'NONE');
#1903 = LINE ( 'NONE', #112, #227 ) ;
#1904 = VERTEX_POINT ( 'NONE', #4641 ) ;
#1905 = EDGE_CURVE ( 'NONE', #4853, #7265, #7109, .T. ) ;
#1906 = DIRECTION ( 'NONE',  ( 0.000000000000000000, -0.9999999999999160671, 4.094455713416068306E-07 ) ) ;
#1907 = LINE ( 'NONE', #155, #3954 ) ;
#1908 = ORIENTED_EDGE ( 'NONE', *, *, #763, .T. ) ;
#1909 =( NAMED_UNIT ( * ) SI_UNIT ( $, .STERADIAN. ) SOLID_ANGLE_UNIT ( ) );
#1910 = CARTESIAN_POINT ( 'NONE',  ( 75.00000000000000000, -31.89999982714642002, -4.849999706493690610 ) ) ;
#1911 = ORIENTED_EDGE ( 'NONE', *, *, #1229, .T. ) ;
#1912 = LINE ( 'NONE', #1358, #1558 ) ;
#1913 = ORIENTED_EDGE ( 'NONE', *, *, #1709, .T. ) ;
#1914 = LINE ( 'NONE', #4350, #4900 ) ;
#1916 = ORIENTED_EDGE ( 'NONE', *, *, #3641, .T. ) ;
#1915 = EDGE_CURVE ( 'NONE', #145, #7781, #1643, .T. ) ;
#1917 = COLOUR_RGB ( '',0.8980392156862745390, 0.9176470588235293713, 0.9294117647058823817 ) ;
#1918 = DIRECTION ( 'NONE',  ( 0.000000000000000000, 4.431215784823773293E-08, 0.9999999999999991118 ) ) ;
#1919 = DIRECTION ( 'NONE',  ( -1.000000000000000000, -0.000000000000000000, -0.000000000000000000 ) ) ;
#1920 = ORIENTED_EDGE ( 'NONE', *, *, #1846, .F. ) ;
#1921 = SURFACE_STYLE_FILL_AREA ( #774 ) ;
#1922 = CARTESIAN_POINT ( 'NONE',  ( 75.00000000000000000, -27.40000030889110860, -33.49999940536817178 ) ) ;
#1923 = UNCERTAINTY_MEASURE_WITH_UNIT (LENGTH_MEASURE( 1.000000000000000082E-05 ), #7867, 'distance_accuracy_value', 'NONE');
#1924 = EDGE_CURVE ( 'NONE', #1940, #7079, #6307, .T. ) ;
#1925 = PRESENTATION_LAYER_ASSIGNMENT (  '', '', ( #6476 ) ) ;
#1926 = CARTESIAN_POINT ( 'NONE',  ( 75.00000000000000000, -21.40000031433978478, -40.30000022208010080 ) ) ;
#1927 =( NAMED_UNIT ( * ) SI_UNIT ( $, .STERADIAN. ) SOLID_ANGLE_UNIT ( ) );
#1928 =( NAMED_UNIT ( * ) PLANE_ANGLE_UNIT ( ) SI_UNIT ( $, .RADIAN. ) );
#1929 = SURFACE_STYLE_USAGE ( .BOTH. , #4165 ) ;
#1930 = FILL_AREA_STYLE_COLOUR ( '', #3379 ) ;
#1931 = LINE ( 'NONE', #4809, #654 ) ;
#1932 = CARTESIAN_POINT ( 'NONE',  ( 75.00000000000000000, -28.10000056706941507, 44.99999999254948335 ) ) ;
#1933 = VECTOR ( 'NONE', #3114, 1000.000000000000000 ) ;
#1934 = ORIENTED_EDGE ( 'NONE', *, *, #7080, .T. ) ;
#1935 = PRESENTATION_STYLE_ASSIGNMENT (( #2588 ) ) ;
#1936 = SURFACE_STYLE_USAGE ( .BOTH. , #1856 ) ;
#1937 = EDGE_LOOP ( 'NONE', ( #6340, #1691, #1499, #3276 ) ) ;
#1938 = EDGE_CURVE ( 'NONE', #5181, #4635, #7147, .T. ) ;
#1939 = VECTOR ( 'NONE', #6919, 1000.000000000000000 ) ;
#1940 = VERTEX_POINT ( 'NONE', #4159 ) ;
#1941 = DIRECTION ( 'NONE',  ( 0.000000000000000000, 5.156579219945399784E-08, -0.9999999999999986677 ) ) ;
#1942 = CARTESIAN_POINT ( 'NONE',  ( 75.00000000000000000, -31.89999982714642002, -44.84999939450040785 ) ) ;
#1943 = EDGE_LOOP ( 'NONE', ( #4837, #2623, #1729, #5647 ) ) ;
#1944 = EDGE_CURVE ( 'NONE', #922, #1873, #535, .T. ) ;
#1945 = CARTESIAN_POINT ( 'NONE',  ( -75.00000000000000000, 32.49999986189348533, 40.00000133456496343 ) ) ;
#1946 = SURFACE_STYLE_FILL_AREA ( #3075 ) ;
#1947 = VERTEX_POINT ( 'NONE', #3567 ) ;
#1948 =( LENGTH_UNIT ( ) NAMED_UNIT ( * ) SI_UNIT ( .MILLI., .METRE. ) );
#1949 = ORIENTED_EDGE ( 'NONE', *, *, #1409, .F. ) ;
#1950 = COLOUR_RGB ( '',0.8980392156862745390, 0.9176470588235293713, 0.9294117647058823817 ) ;
#1951 = ORIENTED_EDGE ( 'NONE', *, *, #1764, .F. ) ;
#1952 = CARTESIAN_POINT ( 'NONE',  ( 75.00000000000000000, -30.10000119205603042, -59.99999880441464484 ) ) ;
#1953 = ORIENTED_EDGE ( 'NONE', *, *, #2662, .F. ) ;
#1954 = FACE_OUTER_BOUND ( 'NONE', #5202, .T. ) ;
#1955 = DIRECTION ( 'NONE',  ( 0.000000000000000000, -1.000000000000000000, 0.000000000000000000 ) ) ;
#1956 = PRESENTATION_STYLE_ASSIGNMENT (( #5497 ) ) ;
#1957 = DIRECTION ( 'NONE',  ( -1.000000000000000000, -0.000000000000000000, -0.000000000000000000 ) ) ;
#1958 = COLOUR_RGB ( '',0.8980392156862745390, 0.9176470588235293713, 0.9294117647058823817 ) ;
#1959 = ADVANCED_FACE ( 'NONE', ( #7795 ), #1015, .F. ) ;
#1960 = DIRECTION ( 'NONE',  ( -0.000000000000000000, -1.000000000000000000, -0.000000000000000000 ) ) ;
#1961 = DIRECTION ( 'NONE',  ( 0.000000000000000000, 1.000000000000000000, 0.000000000000000000 ) ) ;
#1962 = VECTOR ( 'NONE', #3707, 1000.000000000000000 ) ;
#1963 = SURFACE_SIDE_STYLE ('',( #901 ) ) ;
#1964 = SURFACE_SIDE_STYLE ('',( #4368 ) ) ;
#1965 = VECTOR ( 'NONE', #1858, 1000.000000000000000 ) ;
#1966 = PRESENTATION_STYLE_ASSIGNMENT (( #104 ) ) ;
#1967 = EDGE_LOOP ( 'NONE', ( #5456, #2633, #1818, #1393 ) ) ;
#1968 = DIRECTION ( 'NONE',  ( 0.000000000000000000, 0.000000000000000000, -1.000000000000000000 ) ) ;
#1969 = PRESENTATION_LAYER_ASSIGNMENT (  '', '', ( #4741 ) ) ;
#1970 = ORIENTED_EDGE ( 'NONE', *, *, #1300, .F. ) ;
#1971 = FILL_AREA_STYLE_COLOUR ( '', #1446 ) ;
#1972 = STYLED_ITEM ( 'NONE', ( #4445 ), #6567 ) ;
#1973 =( GEOMETRIC_REPRESENTATION_CONTEXT ( 3 ) GLOBAL_UNCERTAINTY_ASSIGNED_CONTEXT ( ( #911 ) ) GLOBAL_UNIT_ASSIGNED_CONTEXT ( ( #6636, #4705, #1152 ) ) REPRESENTATION_CONTEXT ( 'NONE', 'WORKASPACE' ) );
#1974 = CARTESIAN_POINT ( 'NONE',  ( 75.00000000000000000, -25.65176366949164688, -39.58059896715140979 ) ) ;
#1975 = ORIENTED_EDGE ( 'NONE', *, *, #5742, .F. ) ;
#1976 = CARTESIAN_POINT ( 'NONE',  ( 75.00000000000000000, 28.04999815885442516, -40.24999943051175677 ) ) ;
#1977 = VECTOR ( 'NONE', #7092, 1000.000000000000000 ) ;
#1978 = EDGE_CURVE ( 'NONE', #4030, #1320, #7228, .T. ) ;
#1979 = ORIENTED_EDGE ( 'NONE', *, *, #1422, .F. ) ;
#1980 = DIRECTION ( 'NONE',  ( 0.000000000000000000, -0.9999999999999964473, -8.356083377518722156E-08 ) ) ;
#1981 = VERTEX_POINT ( 'NONE', #7841 ) ;
#1982 = VERTEX_POINT ( 'NONE', #2348 ) ;
#1983 = FILL_AREA_STYLE_COLOUR ( '', #4731 ) ;
#1984 = DIRECTION ( 'NONE',  ( 0.000000000000000000, -0.000000000000000000, 1.000000000000000000 ) ) ;
#1985 = CARTESIAN_POINT ( 'NONE',  ( -75.00000000000000000, 19.19999904191690021, 42.50000031431354586 ) ) ;
#1986 = PLANE ( 'NONE',  #7526 ) ;
#1987 = LINE ( 'NONE', #4283, #2090 ) ;
#1988 = FILL_AREA_STYLE ('',( #3208 ) ) ;
#1989 = PRESENTATION_LAYER_ASSIGNMENT (  '', '', ( #1872 ) ) ;
#1990 = DIRECTION ( 'NONE',  ( -1.000000000000000000, -0.000000000000000000, -0.000000000000000000 ) ) ;
#1991 = EDGE_CURVE ( 'NONE', #476, #2567, #7709, .T. ) ;
#1992 = FACE_OUTER_BOUND ( 'NONE', #2881, .T. ) ;
#1993 = COLOUR_RGB ( '',0.8980392156862745390, 0.9176470588235293713, 0.9294117647058823817 ) ;
#1994 = FACE_OUTER_BOUND ( 'NONE', #5938, .T. ) ;
#1995 = FILL_AREA_STYLE ('',( #1930 ) ) ;
#1996 = LINE ( 'NONE', #7515, #7138 ) ;
#1997 = STYLED_ITEM ( 'NONE', ( #84 ), #4533 ) ;
#1998 = AXIS2_PLACEMENT_3D ( 'NONE', #3624, #4939, #7410 ) ;
#1999 = VECTOR ( 'NONE', #1892, 1000.000000000000000 ) ;
#2000 = SURFACE_STYLE_FILL_AREA ( #6181 ) ;
#2001 = EDGE_LOOP ( 'NONE', ( #452, #490, #894, #7165 ) ) ;
#2002 = MECHANICAL_DESIGN_GEOMETRIC_PRESENTATION_REPRESENTATION (  '', ( #5310 ), #4003 ) ;
#2003 = DIRECTION ( 'NONE',  ( -1.000000000000000000, 0.000000000000000000, -0.000000000000000000 ) ) ;
#2004 = CARTESIAN_POINT ( 'NONE',  ( 75.00000000000000000, -28.09999986047136389, -46.99999858150008691 ) ) ;
#2005 = AXIS2_PLACEMENT_3D ( 'NONE', #3255, #6992, #6949 ) ;
#2006 = CARTESIAN_POINT ( 'NONE',  ( 75.00000000000000000, 25.39999829805240239, -42.50000030364437009 ) ) ;
#2007 = EDGE_CURVE ( 'NONE', #1314, #7389, #4762, .T. ) ;
#2008 = DIRECTION ( 'NONE',  ( -1.000000000000000000, -0.000000000000000000, -0.000000000000000000 ) ) ;
#2009 = EDGE_LOOP ( 'NONE', ( #1490, #997, #3488, #7037 ) ) ;
#2010 = AXIS2_PLACEMENT_3D ( 'NONE', #6282, #5726, #3797 ) ;
#2011 = LINE ( 'NONE', #3569, #3580 ) ;
#2012 = MECHANICAL_DESIGN_GEOMETRIC_PRESENTATION_REPRESENTATION (  '', ( #5945 ), #4791 ) ;
#2013 = SURFACE_STYLE_FILL_AREA ( #2598 ) ;
#2014 = ORIENTED_EDGE ( 'NONE', *, *, #1586, .F. ) ;
#2015 = DIRECTION ( 'NONE',  ( -1.000000000000000000, -0.000000000000000000, -0.000000000000000000 ) ) ;
#2016 = LINE ( 'NONE', #5677, #3297 ) ;
#2017 = MECHANICAL_DESIGN_GEOMETRIC_PRESENTATION_REPRESENTATION (  '', ( #7253 ), #6087 ) ;
#2018 = ORIENTED_EDGE ( 'NONE', *, *, #7005, .F. ) ;
#2019 = FACE_OUTER_BOUND ( 'NONE', #3790, .T. ) ;
#2020 = ORIENTED_EDGE ( 'NONE', *, *, #6254, .T. ) ;
#2021 = CARTESIAN_POINT ( 'NONE',  ( 75.00000000000000000, 30.49999982145801170, -37.49999829186200628 ) ) ;
#2022 = VERTEX_POINT ( 'NONE', #7881 ) ;
#2023 =( NAMED_UNIT ( * ) PLANE_ANGLE_UNIT ( ) SI_UNIT ( $, .RADIAN. ) );
#2024 = SURFACE_SIDE_STYLE ('',( #925 ) ) ;
#2025 = EDGE_CURVE ( 'NONE', #2049, #3318, #417, .T. ) ;
#2026 = DIRECTION ( 'NONE',  ( 0.000000000000000000, 1.000000000000000000, 0.000000000000000000 ) ) ;
#2027 = SURFACE_SIDE_STYLE ('',( #5694 ) ) ;
#2028 = CYLINDRICAL_SURFACE ( 'NONE', #123, 1.300000000000016476 ) ;
#2029 = PRESENTATION_LAYER_ASSIGNMENT (  '', '', ( #386 ) ) ;
#2030 = LINE ( 'NONE', #7473, #3585 ) ;
#2031 =( NAMED_UNIT ( * ) SI_UNIT ( $, .STERADIAN. ) SOLID_ANGLE_UNIT ( ) );
#2032 = DIRECTION ( 'NONE',  ( 0.000000000000000000, 0.000000000000000000, 1.000000000000000000 ) ) ;
#2033 =( NAMED_UNIT ( * ) PLANE_ANGLE_UNIT ( ) SI_UNIT ( $, .RADIAN. ) );
#2034 = EDGE_CURVE ( 'NONE', #7079, #6549, #1795, .T. ) ;
#2035 = PLANE ( 'NONE',  #137 ) ;
#2036 = LINE ( 'NONE', #4562, #342 ) ;
#2037 = PRESENTATION_LAYER_ASSIGNMENT (  '', '', ( #7405 ) ) ;
#2038 = CARTESIAN_POINT ( 'NONE',  ( -75.00000000000000000, -31.89999982714642002, -44.84999939450040785 ) ) ;
#2039 = ORIENTED_EDGE ( 'NONE', *, *, #3951, .T. ) ;
#2040 = STYLED_ITEM ( 'NONE', ( #5407 ), #7827 ) ;
#2041 =( NAMED_UNIT ( * ) SI_UNIT ( $, .STERADIAN. ) SOLID_ANGLE_UNIT ( ) );
#2042 = CARTESIAN_POINT ( 'NONE',  ( 75.00000000000000000, -28.09999986047136389, -44.99999782597348741 ) ) ;
#2043 = CARTESIAN_POINT ( 'NONE',  ( 75.00000000000000000, -28.14999991479055197, -41.49999913430374221 ) ) ;
#2044 = PRESENTATION_LAYER_ASSIGNMENT (  '', '', ( #156 ) ) ;
#2045 = PRODUCT_DEFINITION_FORMATION_WITH_SPECIFIED_SOURCE ( 'хн', '', #5735, .NOT_KNOWN. ) ;
#2046 = EDGE_CURVE ( 'NONE', #2343, #4221, #7435, .T. ) ;
#2047 = VERTEX_POINT ( 'NONE', #1207 ) ;
#2048 = CYLINDRICAL_SURFACE ( 'NONE', #2924, 1.250000000000056621 ) ;
#2049 = VERTEX_POINT ( 'NONE', #621 ) ;
#2050 = COLOUR_RGB ( '',0.8980392156862745390, 0.9176470588235293713, 0.9294117647058823817 ) ;
#2051 = FILL_AREA_STYLE ('',( #2636 ) ) ;
#2052 = VERTEX_POINT ( 'NONE', #6208 ) ;
#2053 = DIRECTION ( 'NONE',  ( 0.000000000000000000, -0.9999999999999698019, -2.459447065762542110E-07 ) ) ;
#2054 = SURFACE_STYLE_USAGE ( .BOTH. , #7537 ) ;
#2055 =( LENGTH_UNIT ( ) NAMED_UNIT ( * ) SI_UNIT ( .MILLI., .METRE. ) );
#2056 = ORIENTED_EDGE ( 'NONE', *, *, #187, .F. ) ;
#2057 = DIRECTION ( 'NONE',  ( 0.000000000000000000, 1.000000000000000000, 0.000000000000000000 ) ) ;
#2058 = PLANE ( 'NONE',  #3107 ) ;
#2059 =( LENGTH_UNIT ( ) NAMED_UNIT ( * ) SI_UNIT ( .MILLI., .METRE. ) );
#2060 = FACE_OUTER_BOUND ( 'NONE', #3606, .T. ) ;
#2061 = CARTESIAN_POINT ( 'NONE',  ( 75.00000000000000000, 17.19999871409140724, 42.50000031431354586 ) ) ;
#2062 = CARTESIAN_POINT ( 'NONE',  ( 75.00000000000000000, -27.40000030889110860, -35.50000159583875359 ) ) ;
#2063 = DIRECTION ( 'NONE',  ( 0.000000000000000000, 0.000000000000000000, 1.000000000000000000 ) ) ;
#2064 = MECHANICAL_DESIGN_GEOMETRIC_PRESENTATION_REPRESENTATION (  '', ( #4206 ), #820 ) ;
#2065 = EDGE_CURVE ( 'NONE', #378, #6440, #3725, .T. ) ;
#2066 = LINE ( 'NONE', #701, #6915 ) ;
#2067 = CYLINDRICAL_SURFACE ( 'NONE', #2736, 1.250000000000001110 ) ;
#2068 = EDGE_LOOP ( 'NONE', ( #6199, #4004, #6027, #3397 ) ) ;
#2069 = DIRECTION ( 'NONE',  ( 0.000000000000000000, 0.000000000000000000, 1.000000000000000000 ) ) ;
#2070 = COLOUR_RGB ( '',0.8980392156862745390, 0.9176470588235293713, 0.9294117647058823817 ) ;
#2071 = CARTESIAN_POINT ( 'NONE',  ( 75.00000000000000000, -25.39999910734569966, -42.50000021015917184 ) ) ;
#2072 = COLOUR_RGB ( '',0.8980392156862745390, 0.9176470588235293713, 0.9294117647058823817 ) ;
#2073 = DIRECTION ( 'NONE',  ( 0.000000000000000000, -0.000000000000000000, 1.000000000000000000 ) ) ;
#2074 = EDGE_LOOP ( 'NONE', ( #4612, #4395, #5719, #1019 ) ) ;
#2075 = ADVANCED_FACE ( 'NONE', ( #6692 ), #135, .F. ) ;
#2076 = VECTOR ( 'NONE', #6477, 1000.000000000000000 ) ;
#2077 = CARTESIAN_POINT ( 'NONE',  ( 75.00000000000000000, -30.10000102221976803, 59.99999851337634027 ) ) ;
#2078 = FILL_AREA_STYLE ('',( #563 ) ) ;
#2079 =( GEOMETRIC_REPRESENTATION_CONTEXT ( 3 ) GLOBAL_UNCERTAINTY_ASSIGNED_CONTEXT ( ( #1096 ) ) GLOBAL_UNIT_ASSIGNED_CONTEXT ( ( #5513, #4255, #6704 ) ) REPRESENTATION_CONTEXT ( 'NONE', 'WORKASPACE' ) );
#2080 = UNCERTAINTY_MEASURE_WITH_UNIT (LENGTH_MEASURE( 1.000000000000000082E-05 ), #4582, 'distance_accuracy_value', 'NONE');
#2081 = VECTOR ( 'NONE', #3664, 1000.000000000000000 ) ;
#2082 = ORIENTED_EDGE ( 'NONE', *, *, #6962, .F. ) ;
#2083 = ORIENTED_EDGE ( 'NONE', *, *, #6030, .T. ) ;
#2084 = CIRCLE ( 'NONE', #6538, 0.1999999999990967336 ) ;
#2085 = EDGE_CURVE ( 'NONE', #3739, #4114, #1370, .T. ) ;
#2086 = DIRECTION ( 'NONE',  ( -1.000000000000000000, -0.000000000000000000, -0.000000000000000000 ) ) ;
#2087 = DIRECTION ( 'NONE',  ( 0.000000000000000000, 0.000000000000000000, 1.000000000000000000 ) ) ;
#2088 =( GEOMETRIC_REPRESENTATION_CONTEXT ( 3 ) GLOBAL_UNCERTAINTY_ASSIGNED_CONTEXT ( ( #5853 ) ) GLOBAL_UNIT_ASSIGNED_CONTEXT ( ( #1090, #3481, #6361 ) ) REPRESENTATION_CONTEXT ( 'NONE', 'WORKASPACE' ) );
#2089 = ORIENTED_EDGE ( 'NONE', *, *, #3544, .F. ) ;
#2090 = VECTOR ( 'NONE', #6733, 1000.000000000000000 ) ;
#2091 = DIRECTION ( 'NONE',  ( 1.000000000000000000, 0.000000000000000000, 0.000000000000000000 ) ) ;
#2092 = SURFACE_STYLE_FILL_AREA ( #2790 ) ;
#2093 = LINE ( 'NONE', #7653, #3878 ) ;
#2094 = VERTEX_POINT ( 'NONE', #1839 ) ;
#2095 = CARTESIAN_POINT ( 'NONE',  ( -75.00000000000000000, -9.783615639116595375, -43.49999933702638089 ) ) ;
#2096 = CARTESIAN_POINT ( 'NONE',  ( -75.00000000000000000, -19.20000119998040589, 42.50000001348644219 ) ) ;
#2097 = LINE ( 'NONE', #5234, #3617 ) ;
#2098 = AXIS2_PLACEMENT_3D ( 'NONE', #2498, #2930, #9 ) ;
#2099 = DIRECTION ( 'NONE',  ( 0.000000000000000000, 0.000000000000000000, -1.000000000000000000 ) ) ;
#2100 =( LENGTH_UNIT ( ) NAMED_UNIT ( * ) SI_UNIT ( .MILLI., .METRE. ) );
#2101 = CARTESIAN_POINT ( 'NONE',  ( 75.00000000000000000, -30.20000114037598493, -37.49999819837400139 ) ) ;
#2102 = VERTEX_POINT ( 'NONE', #5619 ) ;
#2103 = DIRECTION ( 'NONE',  ( 0.000000000000000000, 0.000000000000000000, 1.000000000000000000 ) ) ;
#2104 = DIRECTION ( 'NONE',  ( 0.000000000000000000, -0.000000000000000000, 1.000000000000000000 ) ) ;
#2105 = SURFACE_STYLE_USAGE ( .BOTH. , #5048 ) ;
#2106 =( NAMED_UNIT ( * ) PLANE_ANGLE_UNIT ( ) SI_UNIT ( $, .RADIAN. ) );
#2107 = VERTEX_POINT ( 'NONE', #3764 ) ;
#2108 = DIRECTION ( 'NONE',  ( -1.000000000000000000, -0.000000000000000000, -0.000000000000000000 ) ) ;
#2109 = CARTESIAN_POINT ( 'NONE',  ( 75.00000000000000000, 27.57378382795079474, 37.50000096307993402 ) ) ;
#2110 =( GEOMETRIC_REPRESENTATION_CONTEXT ( 3 ) GLOBAL_UNCERTAINTY_ASSIGNED_CONTEXT ( ( #5745 ) ) GLOBAL_UNIT_ASSIGNED_CONTEXT ( ( #6333, #1525, #833 ) ) REPRESENTATION_CONTEXT ( 'NONE', 'WORKASPACE' ) );
#2111 = VECTOR ( 'NONE', #3136, 1000.000000000000000 ) ;
#2112 = ORIENTED_EDGE ( 'NONE', *, *, #7409, .F. ) ;
#2113 =( GEOMETRIC_REPRESENTATION_CONTEXT ( 3 ) GLOBAL_UNCERTAINTY_ASSIGNED_CONTEXT ( ( #5095 ) ) GLOBAL_UNIT_ASSIGNED_CONTEXT ( ( #5685, #3082, #4311 ) ) REPRESENTATION_CONTEXT ( 'NONE', 'WORKASPACE' ) );
#2114 = DIRECTION ( 'NONE',  ( 0.000000000000000000, 1.000000000000000000, 0.000000000000000000 ) ) ;
#2115 = PLANE ( 'NONE',  #2005 ) ;
#2116 =( NAMED_UNIT ( * ) PLANE_ANGLE_UNIT ( ) SI_UNIT ( $, .RADIAN. ) );
#2117 = EDGE_CURVE ( 'NONE', #6225, #4274, #173, .T. ) ;
#2118 = MECHANICAL_DESIGN_GEOMETRIC_PRESENTATION_REPRESENTATION (  '', ( #5567 ), #4267 ) ;
#2119 = EDGE_LOOP ( 'NONE', ( #2727, #4158, #2860, #3010 ) ) ;
#2120 = VECTOR ( 'NONE', #7476, 1000.000000000000000 ) ;
#2121 = CARTESIAN_POINT ( 'NONE',  ( 75.00000000000000000, -28.15000165596212867, 40.24999974556125437 ) ) ;
#2122 = SURFACE_STYLE_USAGE ( .BOTH. , #4506 ) ;
#2123 = ORIENTED_EDGE ( 'NONE', *, *, #5973, .F. ) ;
#2124 = FILL_AREA_STYLE_COLOUR ( '', #2475 ) ;
#2125 =( NAMED_UNIT ( * ) SI_UNIT ( $, .STERADIAN. ) SOLID_ANGLE_UNIT ( ) );
#2126 = CARTESIAN_POINT ( 'NONE',  ( -75.00000000000000000, -11.80000183164951366, -41.65000080344623257 ) ) ;
#2127 = EDGE_CURVE ( 'NONE', #658, #1882, #1292, .T. ) ;
#2128 = VECTOR ( 'NONE', #5757, 1000.000000000000000 ) ;
#2129 = ORIENTED_EDGE ( 'NONE', *, *, #2143, .T. ) ;
#2130 = CARTESIAN_POINT ( 'NONE',  ( -75.00000000000000000, -27.40000030889110860, -29.50000061236211479 ) ) ;
#2131 = PRESENTATION_STYLE_ASSIGNMENT (( #5720 ) ) ;
#2132 = ADVANCED_FACE ( 'NONE', ( #5002 ), #6734, .F. ) ;
#2133 = ORIENTED_EDGE ( 'NONE', *, *, #3045, .T. ) ;
#2134 = PLANE ( 'NONE',  #1351 ) ;
#2135 = CARTESIAN_POINT ( 'NONE',  ( 75.00000000000000000, -8.800001402694260122, -43.94999926203213647 ) ) ;
#2136 = STYLED_ITEM ( 'NONE', ( #4147 ), #1450 ) ;
#2137 = DIRECTION ( 'NONE',  ( -1.000000000000000000, -0.000000000000000000, -0.000000000000000000 ) ) ;
#2138 = STYLED_ITEM ( 'NONE', ( #7397 ), #3418 ) ;
#2139 = LINE ( 'NONE', #4553, #2909 ) ;
#2140 = CARTESIAN_POINT ( 'NONE',  ( 75.00000000000000000, 30.49999982145801170, 37.50000096307993402 ) ) ;
#2141 = ORIENTED_EDGE ( 'NONE', *, *, #339, .F. ) ;
#2142 = PRESENTATION_STYLE_ASSIGNMENT (( #6400 ) ) ;
#2143 = EDGE_CURVE ( 'NONE', #5106, #4110, #5042, .T. ) ;
#2144 = EDGE_CURVE ( 'NONE', #3680, #1091, #893, .T. ) ;
#2145 = PRESENTATION_STYLE_ASSIGNMENT (( #2105 ) ) ;
#2146 = PRESENTATION_STYLE_ASSIGNMENT (( #4599 ) ) ;
#2147 = VERTEX_POINT ( 'NONE', #7547 ) ;
#2148 = PLANE ( 'NONE',  #2531 ) ;
#2149 =( NAMED_UNIT ( * ) SI_UNIT ( $, .STERADIAN. ) SOLID_ANGLE_UNIT ( ) );
#2150 = ADVANCED_FACE ( 'NONE', ( #6932 ), #6354, .F. ) ;
#2151 =( GEOMETRIC_REPRESENTATION_CONTEXT ( 3 ) GLOBAL_UNCERTAINTY_ASSIGNED_CONTEXT ( ( #663 ) ) GLOBAL_UNIT_ASSIGNED_CONTEXT ( ( #1893, #6772, #1334 ) ) REPRESENTATION_CONTEXT ( 'NONE', 'WORKASPACE' ) );
#2152 = VERTEX_POINT ( 'NONE', #5156 ) ;
#2153 = PRODUCT_CONTEXT ( 'NONE', #7814, 'mechanical' ) ;
#2154 = PRESENTATION_STYLE_ASSIGNMENT (( #908 ) ) ;
#2155 = LINE ( 'NONE', #4500, #2523 ) ;
#2156 = UNCERTAINTY_MEASURE_WITH_UNIT (LENGTH_MEASURE( 1.000000000000000082E-05 ), #7845, 'distance_accuracy_value', 'NONE');
#2157 = ORIENTED_EDGE ( 'NONE', *, *, #2414, .T. ) ;
#2158 = PRESENTATION_LAYER_ASSIGNMENT (  '', '', ( #2040 ) ) ;
#2159 = DIRECTION ( 'NONE',  ( 1.000000000000000000, 0.000000000000000000, 0.000000000000000000 ) ) ;
#2160 = CARTESIAN_POINT ( 'NONE',  ( -75.00000000000000000, 28.19999814060689047, 31.49999997960329523 ) ) ;
#2161 = ORIENTED_EDGE ( 'NONE', *, *, #6143, .F. ) ;
#2162 =( LENGTH_UNIT ( ) NAMED_UNIT ( * ) SI_UNIT ( .MILLI., .METRE. ) );
#2163 = STYLED_ITEM ( 'NONE', ( #6025 ), #4609 ) ;
#2164 =( LENGTH_UNIT ( ) NAMED_UNIT ( * ) SI_UNIT ( .MILLI., .METRE. ) );
#2165 = LINE ( 'NONE', #4508, #1939 ) ;
#2166 = ORIENTED_EDGE ( 'NONE', *, *, #6911, .F. ) ;
#2167 = DIRECTION ( 'NONE',  ( 0.000000000000000000, 0.000000000000000000, -1.000000000000000000 ) ) ;
#2168 = AXIS2_PLACEMENT_3D ( 'NONE', #892, #7661, #6318 ) ;
#2169 =( LENGTH_UNIT ( ) NAMED_UNIT ( * ) SI_UNIT ( .MILLI., .METRE. ) );
#2170 = COLOUR_RGB ( '',0.8980392156862745390, 0.9176470588235293713, 0.9294117647058823817 ) ;
#2171 = EDGE_CURVE ( 'NONE', #6828, #2999, #860, .T. ) ;
#2172 = ORIENTED_EDGE ( 'NONE', *, *, #8, .T. ) ;
#2173 = FILL_AREA_STYLE_COLOUR ( '', #6802 ) ;
#2174 = DIRECTION ( 'NONE',  ( 0.000000000000000000, 0.000000000000000000, -1.000000000000000000 ) ) ;
#2175 = DIRECTION ( 'NONE',  ( 0.000000000000000000, 0.000000000000000000, 1.000000000000000000 ) ) ;
#2176 = DIRECTION ( 'NONE',  ( -1.000000000000000000, -0.000000000000000000, -0.000000000000000000 ) ) ;
#2177 = DIRECTION ( 'NONE',  ( 0.000000000000000000, 1.000000000000000000, 0.000000000000000000 ) ) ;
#2178 = DIRECTION ( 'NONE',  ( 0.000000000000000000, 0.000000000000000000, 1.000000000000000000 ) ) ;
#2179 = CARTESIAN_POINT ( 'NONE',  ( -75.00000000000000000, 25.39999954644943614, 39.80058001831539372 ) ) ;
#2180 = AXIS2_PLACEMENT_3D ( 'NONE', #7341, #6109, #3670 ) ;
#2181 = AXIS2_PLACEMENT_3D ( 'NONE', #3699, #5512, #2554 ) ;
#2182 = ORIENTED_EDGE ( 'NONE', *, *, #3391, .F. ) ;
#2183 = LINE ( 'NONE', #2766, #5585 ) ;
#2184 = CARTESIAN_POINT ( 'NONE',  ( 75.00000000000000000, 28.19999814060689047, -29.50000070585011969 ) ) ;
#2185 = ADVANCED_FACE ( 'NONE', ( #3867 ), #7584, .F. ) ;
#2186 = FACE_OUTER_BOUND ( 'NONE', #4799, .T. ) ;
#2187 = ORIENTED_EDGE ( 'NONE', *, *, #6782, .T. ) ;
#2188 = APPLICATION_CONTEXT ( 'automotive_design' ) ;
#2189 = DIRECTION ( 'NONE',  ( 0.000000000000000000, 0.000000000000000000, 1.000000000000000000 ) ) ;
#2190 = DIRECTION ( 'NONE',  ( -0.000000000000000000, -0.000000000000000000, -1.000000000000000000 ) ) ;
#2191 = EDGE_CURVE ( 'NONE', #6450, #3550, #5841, .T. ) ;
#2192 = VECTOR ( 'NONE', #1432, 1000.000000000000000 ) ;
#2193 = LINE ( 'NONE', #3916, #3779 ) ;
#2194 = UNCERTAINTY_MEASURE_WITH_UNIT (LENGTH_MEASURE( 1.000000000000000082E-05 ), #1330, 'distance_accuracy_value', 'NONE');
#2195 = VERTEX_POINT ( 'NONE', #4028 ) ;
#2196 = LINE ( 'NONE', #4724, #7482 ) ;
#2197 = FILL_AREA_STYLE ('',( #3491 ) ) ;
#2198 = STYLED_ITEM ( 'NONE', ( #2997 ), #3963 ) ;
#2199 = PRESENTATION_STYLE_ASSIGNMENT (( #2779 ) ) ;
#2200 = AXIS2_PLACEMENT_3D ( 'NONE', #896, #5763, #1636 ) ;
#2201 = STYLED_ITEM ( 'NONE', ( #118 ), #5963 ) ;
#2202 = VERTEX_POINT ( 'NONE', #2179 ) ;
#2203 = VERTEX_POINT ( 'NONE', #7830 ) ;
#2204 = DIRECTION ( 'NONE',  ( 0.000000000000000000, -5.156581957376829825E-08, -0.9999999999999986677 ) ) ;
#2205 = CARTESIAN_POINT ( 'NONE',  ( 75.00000000000000000, 23.19999969756799274, 40.30000032623447481 ) ) ;
#2206 = AXIS2_PLACEMENT_3D ( 'NONE', #5473, #2989, #7657 ) ;
#2207 = UNCERTAINTY_MEASURE_WITH_UNIT (LENGTH_MEASURE( 1.000000000000000082E-05 ), #1948, 'distance_accuracy_value', 'NONE');
#2208 = ORIENTED_EDGE ( 'NONE', *, *, #5594, .F. ) ;
#2209 = FILL_AREA_STYLE ('',( #5229 ) ) ;
#2210 = VECTOR ( 'NONE', #6665, 1000.000000000000000 ) ;
#2211 =( NAMED_UNIT ( * ) SI_UNIT ( $, .STERADIAN. ) SOLID_ANGLE_UNIT ( ) );
#2212 = EDGE_LOOP ( 'NONE', ( #6303, #4391, #3119, #68 ) ) ;
#2213 = DIRECTION ( 'NONE',  ( 0.000000000000000000, 0.000000000000000000, 1.000000000000000000 ) ) ;
#2214 = CARTESIAN_POINT ( 'NONE',  ( -75.00000000000000000, -30.20000114037598493, -31.49999907754262551 ) ) ;
#2215 = CARTESIAN_POINT ( 'NONE',  ( -75.00000000000000000, -25.39999998106550194, 39.77378458613114987 ) ) ;
#2216 = SURFACE_STYLE_FILL_AREA ( #2797 ) ;
#2217 = LINE ( 'NONE', #4633, #540 ) ;
#2218 = VECTOR ( 'NONE', #1961, 1000.000000000000000 ) ;
#2219 = EDGE_CURVE ( 'NONE', #7135, #7358, #1157, .T. ) ;
#2220 =( GEOMETRIC_REPRESENTATION_CONTEXT ( 3 ) GLOBAL_UNCERTAINTY_ASSIGNED_CONTEXT ( ( #1171 ) ) GLOBAL_UNIT_ASSIGNED_CONTEXT ( ( #94, #5618, #3724 ) ) REPRESENTATION_CONTEXT ( 'NONE', 'WORKASPACE' ) );
#2221 = ORIENTED_EDGE ( 'NONE', *, *, #196, .F. ) ;
#2222 = PLANE ( 'NONE',  #506 ) ;
#2223 =( GEOMETRIC_REPRESENTATION_CONTEXT ( 3 ) GLOBAL_UNCERTAINTY_ASSIGNED_CONTEXT ( ( #5208 ) ) GLOBAL_UNIT_ASSIGNED_CONTEXT ( ( #1411, #6213, #3770 ) ) REPRESENTATION_CONTEXT ( 'NONE', 'WORKASPACE' ) );
#2224 = MECHANICAL_DESIGN_GEOMETRIC_PRESENTATION_REPRESENTATION (  '', ( #7078 ), #7350 ) ;
#2225 =( LENGTH_UNIT ( ) NAMED_UNIT ( * ) SI_UNIT ( .MILLI., .METRE. ) );
#2226 = SURFACE_STYLE_FILL_AREA ( #5767 ) ;
#2227 = ORIENTED_EDGE ( 'NONE', *, *, #3132, .T. ) ;
#2228 =( NAMED_UNIT ( * ) PLANE_ANGLE_UNIT ( ) SI_UNIT ( $, .RADIAN. ) );
#2229 = CARTESIAN_POINT ( 'NONE',  ( -75.00000000000000000, -8.800001402694260122, -42.64999993665134070 ) ) ;
#2230 = STYLED_ITEM ( 'NONE', ( #3864 ), #6808 ) ;
#2231 = EDGE_CURVE ( 'NONE', #2152, #3063, #1705, .T. ) ;
#2232 = DIRECTION ( 'NONE',  ( 1.000000000000000000, 0.000000000000000000, -0.000000000000000000 ) ) ;
#2233 = VERTEX_POINT ( 'NONE', #5282 ) ;
#2234 =( NAMED_UNIT ( * ) SI_UNIT ( $, .STERADIAN. ) SOLID_ANGLE_UNIT ( ) );
#2235 = APPLICATION_PROTOCOL_DEFINITION ( 'draft international standard', 'automotive_design', 1998, #1785 ) ;
#2236 = EDGE_CURVE ( 'NONE', #2787, #1309, #568, .T. ) ;
#2237 = DIRECTION ( 'NONE',  ( -1.000000000000000000, -0.000000000000000000, -0.000000000000000000 ) ) ;
#2238 = LINE ( 'NONE', #5709, #495 ) ;
#2239 =( NAMED_UNIT ( * ) PLANE_ANGLE_UNIT ( ) SI_UNIT ( $, .RADIAN. ) );
#2240 = VECTOR ( 'NONE', #6490, 1000.000000000000000 ) ;
#2241 = VECTOR ( 'NONE', #5809, 1000.000000000000000 ) ;
#2242 = ORIENTED_EDGE ( 'NONE', *, *, #258, .F. ) ;
#2243 = MECHANICAL_DESIGN_GEOMETRIC_PRESENTATION_REPRESENTATION (  '', ( #5678 ), #3870 ) ;
#2244 = ADVANCED_FACE ( 'NONE', ( #2265 ), #3436, .F. ) ;
#2245 = PRESENTATION_STYLE_ASSIGNMENT (( #5265 ) ) ;
#2246 = MECHANICAL_DESIGN_GEOMETRIC_PRESENTATION_REPRESENTATION (  '', ( #1615 ), #6060 ) ;
#2247 = LINE ( 'NONE', #5389, #3464 ) ;
#2248 = ORIENTED_EDGE ( 'NONE', *, *, #7563, .F. ) ;
#2249 =( NAMED_UNIT ( * ) PLANE_ANGLE_UNIT ( ) SI_UNIT ( $, .RADIAN. ) );
#2250 = DIRECTION ( 'NONE',  ( 1.000000000000000000, 0.000000000000000000, 0.000000000000000000 ) ) ;
#2251 = MECHANICAL_DESIGN_GEOMETRIC_PRESENTATION_REPRESENTATION (  '', ( #1123 ), #6310 ) ;
#2252 = VECTOR ( 'NONE', #3099, 1000.000000000000000 ) ;
#2253 = EDGE_LOOP ( 'NONE', ( #7480, #3600, #4209, #2841 ) ) ;
#2254 = SURFACE_STYLE_FILL_AREA ( #6028 ) ;
#2255 = FILL_AREA_STYLE ('',( #7652 ) ) ;
#2256 = DIRECTION ( 'NONE',  ( -0.000000000000000000, 0.9999999999999986677, 5.156579219945399784E-08 ) ) ;
#2257 =( GEOMETRIC_REPRESENTATION_CONTEXT ( 3 ) GLOBAL_UNCERTAINTY_ASSIGNED_CONTEXT ( ( #2412 ) ) GLOBAL_UNIT_ASSIGNED_CONTEXT ( ( #1896, #4291, #4933 ) ) REPRESENTATION_CONTEXT ( 'NONE', 'WORKASPACE' ) );
#2258 = LINE ( 'NONE', #478, #2328 ) ;
#2259 = ORIENTED_EDGE ( 'NONE', *, *, #5199, .T. ) ;
#2260 = SURFACE_STYLE_FILL_AREA ( #966 ) ;
#2261 = CARTESIAN_POINT ( 'NONE',  ( -75.00000000000000000, -26.94259257760980475, -39.92647553064846022 ) ) ;
#2262 = VECTOR ( 'NONE', #7805, 1000.000000000000000 ) ;
#2263 = LINE ( 'NONE', #2844, #2659 ) ;
#2264 = DIRECTION ( 'NONE',  ( -1.000000000000000000, -0.000000000000000000, -0.000000000000000000 ) ) ;
#2265 = FACE_OUTER_BOUND ( 'NONE', #4915, .T. ) ;
#2266 = EDGE_LOOP ( 'NONE', ( #7638, #6154, #1617, #2668 ) ) ;
#2267 = SURFACE_SIDE_STYLE ('',( #6979 ) ) ;
#2268 = EDGE_CURVE ( 'NONE', #2679, #6554, #6473, .T. ) ;
#2269 = PLANE ( 'NONE',  #2672 ) ;
#2270 = VERTEX_POINT ( 'NONE', #7216 ) ;
#2271 = FILL_AREA_STYLE ('',( #6570 ) ) ;
#2272 = PRESENTATION_STYLE_ASSIGNMENT (( #374 ) ) ;
#2273 = FACE_OUTER_BOUND ( 'NONE', #4335, .T. ) ;
#2274 = UNCERTAINTY_MEASURE_WITH_UNIT (LENGTH_MEASURE( 1.000000000000000082E-05 ), #7664, 'distance_accuracy_value', 'NONE');
#2275 = EDGE_LOOP ( 'NONE', ( #5813, #4991, #4414, #6166 ) ) ;
#2276 = EDGE_CURVE ( 'NONE', #4171, #4116, #2084, .T. ) ;
#2277 = CARTESIAN_POINT ( 'NONE',  ( -75.00000000000000000, -27.40000030889110860, -31.49999907754262551 ) ) ;
#2278 = CARTESIAN_POINT ( 'NONE',  ( 75.00000000000000000, 23.19999830997313595, -40.30000031556529905 ) ) ;
#2279 = FILL_AREA_STYLE ('',( #7763 ) ) ;
#2280 = FILL_AREA_STYLE ('',( #7764 ) ) ;
#2281 = MECHANICAL_DESIGN_GEOMETRIC_PRESENTATION_REPRESENTATION (  '', ( #1144 ), #4160 ) ;
#2282 = ORIENTED_EDGE ( 'NONE', *, *, #4152, .F. ) ;
#2283 = AXIS2_PLACEMENT_3D ( 'NONE', #2949, #7858, #7250 ) ;
#2284 = PRESENTATION_LAYER_ASSIGNMENT (  '', '', ( #6740 ) ) ;
#2285 = CARTESIAN_POINT ( 'NONE',  ( -75.00000000000000000, -8.800001402694260122, -41.35000061127054494 ) ) ;
#2286 = ORIENTED_EDGE ( 'NONE', *, *, #4827, .T. ) ;
#2287 = ADVANCED_FACE ( 'NONE', ( #486 ), #2887, .T. ) ;
#2288 = VERTEX_POINT ( 'NONE', #5182 ) ;
#2289 =( NAMED_UNIT ( * ) PLANE_ANGLE_UNIT ( ) SI_UNIT ( $, .RADIAN. ) );
#2290 =( NAMED_UNIT ( * ) PLANE_ANGLE_UNIT ( ) SI_UNIT ( $, .RADIAN. ) );
#2291 = CARTESIAN_POINT ( 'NONE',  ( 75.00000000000000000, -13.96933834789928675, 43.64999999254939667 ) ) ;
#2292 = VERTEX_POINT ( 'NONE', #7083 ) ;
#2293 =( LENGTH_UNIT ( ) NAMED_UNIT ( * ) SI_UNIT ( .MILLI., .METRE. ) );
#2294 = DIRECTION ( 'NONE',  ( 0.000000000000000000, 0.000000000000000000, 1.000000000000000000 ) ) ;
#2295 = SURFACE_STYLE_USAGE ( .BOTH. , #484 ) ;
#2296 = DIRECTION ( 'NONE',  ( 0.000000000000000000, 0.9999999999999964473, 8.356083377518722156E-08 ) ) ;
#2297 = MECHANICAL_DESIGN_GEOMETRIC_PRESENTATION_REPRESENTATION (  '', ( #5856 ), #4446 ) ;
#2298 = ORIENTED_EDGE ( 'NONE', *, *, #6978, .F. ) ;
#2299 = CARTESIAN_POINT ( 'NONE',  ( -75.00000000000000000, 30.49999982145801170, -33.49999949885628325 ) ) ;
#2300 = CARTESIAN_POINT ( 'NONE',  ( 75.00000000000000000, 21.39999764240106117, -42.50000030364437009 ) ) ;
#2301 = EDGE_LOOP ( 'NONE', ( #3034, #7152, #1048, #344 ) ) ;
#2302 = CARTESIAN_POINT ( 'NONE',  ( 75.00000000000000000, -11.80000073208399947, 41.65000052608650094 ) ) ;
#2303 = CARTESIAN_POINT ( 'NONE',  ( -75.00000000000000000, 30.49999982145801170, 29.49999965177774897 ) ) ;
#2304 = VERTEX_POINT ( 'NONE', #956 ) ;
#2305 = AXIS2_PLACEMENT_3D ( 'NONE', #5790, #198, #5063 ) ;
#2306 = AXIS2_PLACEMENT_3D ( 'NONE', #4263, #4864, #7105 ) ;
#2307 = CARTESIAN_POINT ( 'NONE',  ( 75.00000000000000000, -1.689490045283340569, -42.50000030364437009 ) ) ;
#2308 = AXIS2_PLACEMENT_3D ( 'NONE', #7283, #7124, #427 ) ;
#2309 = FACE_OUTER_BOUND ( 'NONE', #5322, .T. ) ;
#2310 = CARTESIAN_POINT ( 'NONE',  ( -75.00000000000000000, -9.630663357924003520, -43.64999941771341696 ) ) ;
#2311 = EDGE_CURVE ( 'NONE', #4736, #2599, #6424, .T. ) ;
#2312 = CARTESIAN_POINT ( 'NONE',  ( 75.00000000000000000, -28.10000073419110578, 47.00000028057884549 ) ) ;
#2313 =( NAMED_UNIT ( * ) SI_UNIT ( $, .STERADIAN. ) SOLID_ANGLE_UNIT ( ) );
#2314 = CARTESIAN_POINT ( 'NONE',  ( 75.00000000000000000, -21.40000118805958707, 40.30000002540748483 ) ) ;
#2315 = EDGE_CURVE ( 'NONE', #4333, #471, #6793, .T. ) ;
#2316 = FILL_AREA_STYLE_COLOUR ( '', #6835 ) ;
#2317 = ORIENTED_EDGE ( 'NONE', *, *, #99, .F. ) ;
#2318 = VECTOR ( 'NONE', #2340, 1000.000000000000000 ) ;
#2319 =( NAMED_UNIT ( * ) PLANE_ANGLE_UNIT ( ) SI_UNIT ( $, .RADIAN. ) );
#2320 = ORIENTED_EDGE ( 'NONE', *, *, #6261, .F. ) ;
#2321 = AXIS2_PLACEMENT_3D ( 'NONE', #5893, #4462, #1463 ) ;
#2322 =( LENGTH_UNIT ( ) NAMED_UNIT ( * ) SI_UNIT ( .MILLI., .METRE. ) );
#2323 = CARTESIAN_POINT ( 'NONE',  ( 75.00000000000000000, -11.79999985836419718, -40.30000022208010080 ) ) ;
#2324 = VECTOR ( 'NONE', #2352, 1000.000000000000000 ) ;
#2325 = ORIENTED_EDGE ( 'NONE', *, *, #392, .T. ) ;
#2326 = EDGE_CURVE ( 'NONE', #7301, #3307, #1179, .T. ) ;
#2327 = FILL_AREA_STYLE ('',( #7821 ) ) ;
#2328 = VECTOR ( 'NONE', #7172, 1000.000000000000000 ) ;
#2329 = ORIENTED_EDGE ( 'NONE', *, *, #6768, .T. ) ;
#2330 = SURFACE_STYLE_USAGE ( .BOTH. , #3473 ) ;
#2331 = EDGE_CURVE ( 'NONE', #808, #2202, #4810, .T. ) ;
#2332 = FACE_OUTER_BOUND ( 'NONE', #3663, .T. ) ;
#2333 = DIRECTION ( 'NONE',  ( -1.000000000000000000, -0.000000000000000000, -0.000000000000000000 ) ) ;
#2334 = VECTOR ( 'NONE', #2057, 1000.000000000000000 ) ;
#2335 = FACE_OUTER_BOUND ( 'NONE', #3900, .T. ) ;
#2336 = LINE ( 'NONE', #5953, #7287 ) ;
#2337 = FILL_AREA_STYLE ('',( #2800 ) ) ;
#2338 = APPLICATION_CONTEXT ( 'automotive_design' ) ;
#2339 = ORIENTED_EDGE ( 'NONE', *, *, #3872, .T. ) ;
#2340 = DIRECTION ( 'NONE',  ( -1.000000000000000000, -0.000000000000000000, -0.000000000000000000 ) ) ;
#2341 = CARTESIAN_POINT ( 'NONE',  ( 75.00000000000000000, -32.49999880790716134, -4.849999706493690610 ) ) ;
#2343 = VERTEX_POINT ( 'NONE', #6014 ) ;
#2342 = ADVANCED_FACE ( 'NONE', ( #3387 ), #6058, .F. ) ;
#2344 = DIRECTION ( 'NONE',  ( -0.000000000000000000, -0.9999999999996538325, 8.320811165621135585E-07 ) ) ;
#2345 = ORIENTED_EDGE ( 'NONE', *, *, #1567, .F. ) ;
#2346 = FILL_AREA_STYLE ('',( #1092 ) ) ;
#2347 = FILL_AREA_STYLE_COLOUR ( '', #4172 ) ;
#2348 = CARTESIAN_POINT ( 'NONE',  ( -75.00000000000000000, -13.96933834789928675, 43.64999999254939667 ) ) ;
#2349 = AXIS2_PLACEMENT_3D ( 'NONE', #7261, #7869, #5409 ) ;
#2350 = STYLED_ITEM ( 'NONE', ( #6524 ), #6644 ) ;
#2351 = COLOUR_RGB ( '',0.8980392156862745390, 0.9176470588235293713, 0.9294117647058823817 ) ;
#2352 = DIRECTION ( 'NONE',  ( 0.000000000000000000, 0.000000000000000000, 1.000000000000000000 ) ) ;
#2353 = LINE ( 'NONE', #4767, #5557 ) ;
#2354 = PRESENTATION_STYLE_ASSIGNMENT (( #1929 ) ) ;
#2355 = DIRECTION ( 'NONE',  ( 0.000000000000000000, 0.000000000000000000, -1.000000000000000000 ) ) ;
#2356 = MECHANICAL_DESIGN_GEOMETRIC_PRESENTATION_REPRESENTATION (  '', ( #598 ), #2852 ) ;
#2357 = ORIENTED_EDGE ( 'NONE', *, *, #351, .T. ) ;
#2358 = CARTESIAN_POINT ( 'NONE',  ( 75.00000000000000000, 28.19999814060689047, 31.49999997960329523 ) ) ;
#2359 =( NAMED_UNIT ( * ) SI_UNIT ( $, .STERADIAN. ) SOLID_ANGLE_UNIT ( ) );
#2360 = ORIENTED_EDGE ( 'NONE', *, *, #7873, .T. ) ;
#2361 = EDGE_CURVE ( 'NONE', #5218, #6647, #991, .T. ) ;
#2362 = SURFACE_STYLE_FILL_AREA ( #4735 ) ;
#2363 = CARTESIAN_POINT ( 'NONE',  ( 75.00000000000000000, -27.67378567386954202, -37.49999819837389481 ) ) ;
#2364 = COLOUR_RGB ( '',0.8980392156862745390, 0.9176470588235293713, 0.9294117647058823817 ) ;
#2365 = VERTEX_POINT ( 'NONE', #6999 ) ;
#2366 = AXIS2_PLACEMENT_3D ( 'NONE', #4118, #2810, #1051 ) ;
#2367 = DIRECTION ( 'NONE',  ( 0.000000000000000000, -0.000000000000000000, -1.000000000000000000 ) ) ;
#2368 = PLANE ( 'NONE',  #2875 ) ;
#2369 = LINE ( 'NONE', #6509, #3717 ) ;
#2370 = ORIENTED_EDGE ( 'NONE', *, *, #6985, .F. ) ;
#2371 = AXIS2_PLACEMENT_3D ( 'NONE', #7588, #2805, #2104 ) ;
#2372 =( NAMED_UNIT ( * ) PLANE_ANGLE_UNIT ( ) SI_UNIT ( $, .RADIAN. ) );
#2373 = CARTESIAN_POINT ( 'NONE',  ( 75.00000000000000000, 23.19999830997313595, -42.50000030364437009 ) ) ;
#2374 = CARTESIAN_POINT ( 'NONE',  ( -75.00000000000000000, -14.80000073419111217, 42.64999999254941798 ) ) ;
#2375 = EDGE_CURVE ( 'NONE', #6265, #2718, #5971, .T. ) ;
#2376 = DIRECTION ( 'NONE',  ( 0.000000000000000000, 0.000000000000000000, -1.000000000000000000 ) ) ;
#2377 = VECTOR ( 'NONE', #4193, 1000.000000000000000 ) ;
#2378 = ADVANCED_FACE ( 'NONE', ( #2983 ), #2575, .T. ) ;
#2379 = EDGE_LOOP ( 'NONE', ( #6870, #5613, #2325, #2286 ) ) ;
#2380 = VECTOR ( 'NONE', #4980, 1000.000000000000000 ) ;
#2381 =( LENGTH_UNIT ( ) NAMED_UNIT ( * ) SI_UNIT ( .MILLI., .METRE. ) );
#2382 = CARTESIAN_POINT ( 'NONE',  ( -75.00000000000000000, 28.19999814060689047, -35.50000168932675848 ) ) ;
#2383 = COLOUR_RGB ( '',0.8980392156862745390, 0.9176470588235293713, 0.9294117647058823817 ) ;
#2384 = ORIENTED_EDGE ( 'NONE', *, *, #1846, .T. ) ;
#2385 = LINE ( 'NONE', #3604, #4217 ) ;
#2386 = ORIENTED_EDGE ( 'NONE', *, *, #7239, .F. ) ;
#2387 =( LENGTH_UNIT ( ) NAMED_UNIT ( * ) SI_UNIT ( .MILLI., .METRE. ) );
#2388 = UNCERTAINTY_MEASURE_WITH_UNIT (LENGTH_MEASURE( 1.000000000000000082E-05 ), #5136, 'distance_accuracy_value', 'NONE');
#2389 = EDGE_CURVE ( 'NONE', #2683, #6982, #1885, .T. ) ;
#2390 = STYLED_ITEM ( 'NONE', ( #815 ), #1337 ) ;
#2391 = FILL_AREA_STYLE ('',( #3053 ) ) ;
#2392 = VECTOR ( 'NONE', #7436, 1000.000000000000000 ) ;
#2393 = CARTESIAN_POINT ( 'NONE',  ( 75.00000000000000000, -30.10000061599796695, -46.99999849287573284 ) ) ;
#2394 = PLANE ( 'NONE',  #1695 ) ;
#2395 = CARTESIAN_POINT ( 'NONE',  ( 75.00000000000000000, -19.20000119998040589, 40.30000002540748483 ) ) ;
#2396 = FACE_OUTER_BOUND ( 'NONE', #511, .T. ) ;
#2397 = CARTESIAN_POINT ( 'NONE',  ( -75.00000000000000000, -30.20000114037598493, 37.50000105656793892 ) ) ;
#2398 = STYLED_ITEM ( 'NONE', ( #1644 ), #3267 ) ;
#2399 = CARTESIAN_POINT ( 'NONE',  ( 75.00000000000000000, 27.49999955383842476, 40.00000133456496343 ) ) ;
#2400 = ORIENTED_EDGE ( 'NONE', *, *, #984, .T. ) ;
#2401 = CARTESIAN_POINT ( 'NONE',  ( -75.00000000000000000, -11.80000073208403322, 45.00000135459106332 ) ) ;
#2402 = VERTEX_POINT ( 'NONE', #4923 ) ;
#2403 = PLANE ( 'NONE',  #3842 ) ;
#2404 = PRESENTATION_LAYER_ASSIGNMENT (  '', '', ( #6598 ) ) ;
#2405 = DIRECTION ( 'NONE',  ( 0.000000000000000000, -1.000000000000000000, 0.000000000000000000 ) ) ;
#2406 = ORIENTED_EDGE ( 'NONE', *, *, #1110, .F. ) ;
#2407 = STYLED_ITEM ( 'NONE', ( #2272 ), #7427 ) ;
#2408 = CARTESIAN_POINT ( 'NONE',  ( -75.00000000000000000, -27.67378590221913370, 37.69999999254930856 ) ) ;
#2409 = SURFACE_STYLE_USAGE ( .BOTH. , #4781 ) ;
#2410 = CARTESIAN_POINT ( 'NONE',  ( 75.00000000000000000, 25.39999815885462198, -39.80057931472826738 ) ) ;
#2411 = ORIENTED_EDGE ( 'NONE', *, *, #1598, .F. ) ;
#2412 = UNCERTAINTY_MEASURE_WITH_UNIT (LENGTH_MEASURE( 1.000000000000000082E-05 ), #1896, 'distance_accuracy_value', 'NONE');
#2413 =( GEOMETRIC_REPRESENTATION_CONTEXT ( 3 ) GLOBAL_UNCERTAINTY_ASSIGNED_CONTEXT ( ( #5422 ) ) GLOBAL_UNIT_ASSIGNED_CONTEXT ( ( #7312, #3566, #1884 ) ) REPRESENTATION_CONTEXT ( 'NONE', 'WORKASPACE' ) );
#2414 = EDGE_CURVE ( 'NONE', #6620, #2683, #1987, .T. ) ;
#2415 = VERTEX_POINT ( 'NONE', #6173 ) ;
#2416 = LINE ( 'NONE', #4187, #2318 ) ;
#2417 = ORIENTED_EDGE ( 'NONE', *, *, #2219, .F. ) ;
#2418 = VECTOR ( 'NONE', #2086, 1000.000000000000000 ) ;
#2419 = DIRECTION ( 'NONE',  ( 0.000000000000000000, -0.000000000000000000, -1.000000000000000000 ) ) ;
#2420 = ORIENTED_EDGE ( 'NONE', *, *, #368, .T. ) ;
#2421 = LINE ( 'NONE', #1952, #3084 ) ;
#2422 = ORIENTED_EDGE ( 'NONE', *, *, #298, .F. ) ;
#2423 = DIRECTION ( 'NONE',  ( -1.000000000000000000, -0.000000000000000000, -0.000000000000000000 ) ) ;
#2424 = DIRECTION ( 'NONE',  ( 0.000000000000000000, 0.8660254037844389297, 0.4999999999999996114 ) ) ;
#2425 = FACE_OUTER_BOUND ( 'NONE', #6757, .T. ) ;
#2426 = ADVANCED_FACE ( 'NONE', ( #1291 ), #3798, .F. ) ;
#2427 = DIRECTION ( 'NONE',  ( 0.000000000000000000, -1.000000000000000000, 0.000000000000000000 ) ) ;
#2428 = UNCERTAINTY_MEASURE_WITH_UNIT (LENGTH_MEASURE( 1.000000000000000082E-05 ), #846, 'distance_accuracy_value', 'NONE');
#2429 = AXIS2_PLACEMENT_3D ( 'NONE', #2323, #3389, #7128 ) ;
#2430 = SURFACE_SIDE_STYLE ('',( #7274 ) ) ;
#2431 = STYLED_ITEM ( 'NONE', ( #34 ), #4802 ) ;
#2432 = CARTESIAN_POINT ( 'NONE',  ( 75.00000000000000000, -25.39999998106550194, 39.77378458613114987 ) ) ;
#2433 = LINE ( 'NONE', #1298, #4653 ) ;
#2434 = EDGE_CURVE ( 'NONE', #7106, #5783, #6691, .T. ) ;
#2435 = FACE_OUTER_BOUND ( 'NONE', #7839, .T. ) ;
#2436 = DIRECTION ( 'NONE',  ( -1.000000000000000000, -0.000000000000000000, -0.000000000000000000 ) ) ;
#2437 = ADVANCED_BREP_SHAPE_REPRESENTATION ( '', ( #6186, #4572 ), #7282 ) ;
#2438 = AXIS2_PLACEMENT_3D ( 'NONE', #810, #3121, #6275 ) ;
#2439 = FILL_AREA_STYLE_COLOUR ( '', #3766 ) ;
#2440 = VERTEX_POINT ( 'NONE', #6092 ) ;
#2441 = FILL_AREA_STYLE_COLOUR ( '', #5224 ) ;
#2442 = LINE ( 'NONE', #1266, #6276 ) ;
#2443 = ORIENTED_EDGE ( 'NONE', *, *, #7508, .F. ) ;
#2444 = DIRECTION ( 'NONE',  ( 0.000000000000000000, -1.000000000000000000, 0.000000000000000000 ) ) ;
#2445 = UNCERTAINTY_MEASURE_WITH_UNIT (LENGTH_MEASURE( 1.000000000000000082E-05 ), #2502, 'distance_accuracy_value', 'NONE');
#2446 = CIRCLE ( 'NONE', #5629, 1.250000000000001110 ) ;
#2447 = VERTEX_POINT ( 'NONE', #3685 ) ;
#2448 = FILL_AREA_STYLE_COLOUR ( '', #1826 ) ;
#2449 = LINE ( 'NONE', #6675, #1962 ) ;
#2450 = ORIENTED_EDGE ( 'NONE', *, *, #3688, .T. ) ;
#2451 =( LENGTH_UNIT ( ) NAMED_UNIT ( * ) SI_UNIT ( .MILLI., .METRE. ) );
#2452 = AXIS2_PLACEMENT_3D ( 'NONE', #433, #1147, #1624 ) ;
#2453 = CARTESIAN_POINT ( 'NONE',  ( -75.00000000000000000, -30.20000114037598493, 33.50000040091684639 ) ) ;
#2454 = DIRECTION ( 'NONE',  ( -0.000000000000000000, 1.000000000000000000, -0.000000000000000000 ) ) ;
#2455 = ORIENTED_EDGE ( 'NONE', *, *, #7115, .T. ) ;
#2456 = VECTOR ( 'NONE', #7550, 1000.000000000000000 ) ;
#2457 = FILL_AREA_STYLE ('',( #7425 ) ) ;
#2458 = ORIENTED_EDGE ( 'NONE', *, *, #3729, .F. ) ;
#2459 = DIRECTION ( 'NONE',  ( 0.000000000000000000, -2.762530494791967647E-07, 0.9999999999999618083 ) ) ;
#2460 = ORIENTED_EDGE ( 'NONE', *, *, #6597, .F. ) ;
#2461 = CARTESIAN_POINT ( 'NONE',  ( 75.00000000000000000, -26.94259257760980475, -39.92647553064846022 ) ) ;
#2462 = CARTESIAN_POINT ( 'NONE',  ( -75.00000000000000000, -27.40000030889110860, -33.49999940536817178 ) ) ;
#2463 = VERTEX_POINT ( 'NONE', #3763 ) ;
#2464 = ADVANCED_FACE ( 'NONE', ( #3207 ), #6207, .F. ) ;
#2465 = UNCERTAINTY_MEASURE_WITH_UNIT (LENGTH_MEASURE( 1.000000000000000082E-05 ), #4367, 'distance_accuracy_value', 'NONE');
#2466 = AXIS2_PLACEMENT_3D ( 'NONE', #3812, #5019, #224 ) ;
#2467 = CARTESIAN_POINT ( 'NONE',  ( -75.00000000000000000, -31.89999982714642002, -4.849999706493690610 ) ) ;
#2468 = AXIS2_PLACEMENT_3D ( 'NONE', #4569, #2237, #4126 ) ;
#2469 =( NAMED_UNIT ( * ) SI_UNIT ( $, .STERADIAN. ) SOLID_ANGLE_UNIT ( ) );
#2470 = VECTOR ( 'NONE', #2846, 1000.000000000000114 ) ;
#2471 =( NAMED_UNIT ( * ) SI_UNIT ( $, .STERADIAN. ) SOLID_ANGLE_UNIT ( ) );
#2472 = PRESENTATION_STYLE_ASSIGNMENT (( #3021 ) ) ;
#2473 = ADVANCED_FACE ( 'NONE', ( #4480 ), #7546, .F. ) ;
#2474 = PRESENTATION_LAYER_ASSIGNMENT (  '', '', ( #6038 ) ) ;
#2475 = COLOUR_RGB ( '',0.8980392156862745390, 0.9176470588235293713, 0.9294117647058823817 ) ;
#2476 = FACE_OUTER_BOUND ( 'NONE', #1542, .T. ) ;
#2477 = VERTEX_POINT ( 'NONE', #2101 ) ;
#2478 = FACE_OUTER_BOUND ( 'NONE', #3854, .T. ) ;
#2479 = CARTESIAN_POINT ( 'NONE',  ( -75.00000000000000000, -19.20000119998040589, 40.30000002540748483 ) ) ;
#2480 = AXIS2_PLACEMENT_3D ( 'NONE', #1039, #322, #2175 ) ;
#2481 = EDGE_LOOP ( 'NONE', ( #7577, #2460, #5606, #4065 ) ) ;
#2482 = FACE_OUTER_BOUND ( 'NONE', #7373, .T. ) ;
#2483 = AXIS2_PLACEMENT_3D ( 'NONE', #6222, #6823, #7447 ) ;
#2484 = EDGE_CURVE ( 'NONE', #3973, #7810, #3241, .T. ) ;
#2485 = ORIENTED_EDGE ( 'NONE', *, *, #5500, .F. ) ;
#2486 = ORIENTED_EDGE ( 'NONE', *, *, #3810, .T. ) ;
#2487 = EDGE_CURVE ( 'NONE', #7340, #3629, #3904, .T. ) ;
#2488 = CARTESIAN_POINT ( 'NONE',  ( -75.00000000000000000, -14.80000044616175359, 42.65000028057852433 ) ) ;
#2489 =( NAMED_UNIT ( * ) SI_UNIT ( $, .STERADIAN. ) SOLID_ANGLE_UNIT ( ) );
#2490 = MECHANICAL_DESIGN_GEOMETRIC_PRESENTATION_REPRESENTATION (  '', ( #5918 ), #2110 ) ;
#2491 = AXIS2_PLACEMENT_3D ( 'NONE', #1851, #103, #3772 ) ;
#2492 = ORIENTED_EDGE ( 'NONE', *, *, #500, .T. ) ;
#2493 = ORIENTED_EDGE ( 'NONE', *, *, #351, .F. ) ;
#2494 = PRESENTATION_LAYER_ASSIGNMENT (  '', '', ( #3631 ) ) ;
#2495 = PRESENTATION_STYLE_ASSIGNMENT (( #3679 ) ) ;
#2496 = ORIENTED_EDGE ( 'NONE', *, *, #339, .T. ) ;
#2497 = FACE_OUTER_BOUND ( 'NONE', #83, .T. ) ;
#2498 = CARTESIAN_POINT ( 'NONE',  ( 75.00000000000000000, -25.59999998106502161, 39.77378458613114987 ) ) ;
#2499 = EDGE_LOOP ( 'NONE', ( #6217, #1745, #4510, #421 ) ) ;
#2500 = CARTESIAN_POINT ( 'NONE',  ( -75.00000000000000000, -27.40000030889110860, 35.50000072874227897 ) ) ;
#2501 =( LENGTH_UNIT ( ) NAMED_UNIT ( * ) SI_UNIT ( .MILLI., .METRE. ) );
#2502 =( LENGTH_UNIT ( ) NAMED_UNIT ( * ) SI_UNIT ( .MILLI., .METRE. ) );
#2503 = COLOUR_RGB ( '',0.8980392156862745390, 0.9176470588235293713, 0.9294117647058823817 ) ;
#2504 = PRESENTATION_LAYER_ASSIGNMENT (  '', '', ( #5304 ) ) ;
#2505 = VECTOR ( 'NONE', #2069, 1000.000000000000000 ) ;
#2506 = DIRECTION ( 'NONE',  ( -0.000000000000000000, -0.9999999999999951150, -9.898923744487916068E-08 ) ) ;
#2507 = ADVANCED_FACE ( 'NONE', ( #3356 ), #325, .F. ) ;
#2508 = CARTESIAN_POINT ( 'NONE',  ( 75.00000000000000000, 23.19999830997313595, -40.30000031556529905 ) ) ;
#2509 = DIRECTION ( 'NONE',  ( 0.000000000000000000, 1.000000000000000000, 0.000000000000000000 ) ) ;
#2510 = STYLED_ITEM ( 'NONE', ( #1966 ), #3189 ) ;
#2511 = CARTESIAN_POINT ( 'NONE',  ( -75.00000000000000000, -28.15000165596212867, 41.49999974556131122 ) ) ;
#2512 = SURFACE_STYLE_USAGE ( .BOTH. , #6698 ) ;
#2513 = DIRECTION ( 'NONE',  ( 0.000000000000000000, 0.9999999999999951150, 9.898923744487916068E-08 ) ) ;
#2514 = STYLED_ITEM ( 'NONE', ( #3238 ), #1383 ) ;
#2515 = ORIENTED_EDGE ( 'NONE', *, *, #1191, .T. ) ;
#2516 = EDGE_CURVE ( 'NONE', #3188, #5035, #4589, .T. ) ;
#2517 = SURFACE_STYLE_USAGE ( .BOTH. , #713 ) ;
#2518 = VERTEX_POINT ( 'NONE', #7698 ) ;
#2519 =( NAMED_UNIT ( * ) PLANE_ANGLE_UNIT ( ) SI_UNIT ( $, .RADIAN. ) );
#2520 = DIRECTION ( 'NONE',  ( -1.000000000000000000, -0.000000000000000000, -0.000000000000000000 ) ) ;
#2521 = ORIENTED_EDGE ( 'NONE', *, *, #5729, .F. ) ;
#2522 = SURFACE_STYLE_USAGE ( .BOTH. , #116 ) ;
#2523 = VECTOR ( 'NONE', #3813, 1000.000000000000000 ) ;
#2524 = ADVANCED_FACE ( 'NONE', ( #6887 ), #3402, .F. ) ;
#2525 = DIRECTION ( 'NONE',  ( 0.000000000000000000, -0.8660254037844388186, -0.4999999999999995559 ) ) ;
#2526 =( LENGTH_UNIT ( ) NAMED_UNIT ( * ) SI_UNIT ( .MILLI., .METRE. ) );
#2527 = ORIENTED_EDGE ( 'NONE', *, *, #7857, .F. ) ;
#2528 =( NAMED_UNIT ( * ) SI_UNIT ( $, .STERADIAN. ) SOLID_ANGLE_UNIT ( ) );
#2529 = EDGE_CURVE ( 'NONE', #79, #4474, #6515, .T. ) ;
#2530 = CARTESIAN_POINT ( 'NONE',  ( -75.00000000000000000, -30.20000114037598493, -37.49999819837400139 ) ) ;
#2531 = AXIS2_PLACEMENT_3D ( 'NONE', #3988, #1129, #2809 ) ;
#2532 = EDGE_LOOP ( 'NONE', ( #4338, #5525, #1953, #6478 ) ) ;
#2533 = PRESENTATION_STYLE_ASSIGNMENT (( #82 ) ) ;
#2534 = EDGE_LOOP ( 'NONE', ( #1306, #36, #5663, #4671 ) ) ;
#2535 = ORIENTED_EDGE ( 'NONE', *, *, #2935, .T. ) ;
#2536 = VECTOR ( 'NONE', #2189, 1000.000000000000000 ) ;
#2537 = SURFACE_STYLE_FILL_AREA ( #6762 ) ;
#2538 = SURFACE_STYLE_FILL_AREA ( #7543 ) ;
#2539 = VERTEX_POINT ( 'NONE', #2845 ) ;
#2540 = UNCERTAINTY_MEASURE_WITH_UNIT (LENGTH_MEASURE( 1.000000000000000082E-05 ), #5615, 'distance_accuracy_value', 'NONE');
#2541 = CARTESIAN_POINT ( 'NONE',  ( 75.00000000000000000, -11.79999985836419718, -41.79999953662668588 ) ) ;
#2542 = LINE ( 'NONE', #4960, #4305 ) ;
#2543 = UNCERTAINTY_MEASURE_WITH_UNIT (LENGTH_MEASURE( 1.000000000000000082E-05 ), #1780, 'distance_accuracy_value', 'NONE');
#2544 = LINE ( 'NONE', #6806, #2756 ) ;
#2545 = CARTESIAN_POINT ( 'NONE',  ( 75.00000000000000000, 17.19999732649655400, -42.50000030364437009 ) ) ;
#2546 = DIRECTION ( 'NONE',  ( 0.000000000000000000, 0.000000000000000000, 1.000000000000000000 ) ) ;
#2547 = LINE ( 'NONE', #1849, #1380 ) ;
#2548 = STYLED_ITEM ( 'NONE', ( #3823 ), #7870 ) ;
#2549 = PRESENTATION_STYLE_ASSIGNMENT (( #4329 ) ) ;
#2550 = LINE ( 'NONE', #7324, #5922 ) ;
#2551 = COLOUR_RGB ( '',0.8980392156862745390, 0.9176470588235293713, 0.9294117647058823817 ) ;
#2552 = AXIS2_PLACEMENT_3D ( 'NONE', #7490, #4340, #1392 ) ;
#2553 = ORIENTED_EDGE ( 'NONE', *, *, #2634, .T. ) ;
#2554 = DIRECTION ( 'NONE',  ( 0.000000000000000000, -0.9659258377214382518, 0.2588190024363314912 ) ) ;
#2555 = CARTESIAN_POINT ( 'NONE',  ( -75.00000000000000000, 21.39999902999591441, 42.50000031431354586 ) ) ;
#2556 = FACE_OUTER_BOUND ( 'NONE', #2266, .T. ) ;
#2557 = STYLED_ITEM ( 'NONE', ( #6479 ), #210 ) ;
#2558 =( GEOMETRIC_REPRESENTATION_CONTEXT ( 3 ) GLOBAL_UNCERTAINTY_ASSIGNED_CONTEXT ( ( #343 ) ) GLOBAL_UNIT_ASSIGNED_CONTEXT ( ( #7812, #5939, #551 ) ) REPRESENTATION_CONTEXT ( 'NONE', 'WORKASPACE' ) );
#2559 = EDGE_CURVE ( 'NONE', #6878, #7358, #3292, .T. ) ;
#2560 = CARTESIAN_POINT ( 'NONE',  ( 75.00000000000000000, 30.49999982145801170, 35.50000063525438776 ) ) ;
#2561 = EDGE_LOOP ( 'NONE', ( #6510, #3883, #2706, #3708 ) ) ;
#2562 =( LENGTH_UNIT ( ) NAMED_UNIT ( * ) SI_UNIT ( .MILLI., .METRE. ) );
#2563 = CARTESIAN_POINT ( 'NONE',  ( -75.00000000000000000, -11.80000044405465864, 43.49999860278330743 ) ) ;
#2564 = ORIENTED_EDGE ( 'NONE', *, *, #883, .T. ) ;
#2565 = LINE ( 'NONE', #4909, #1800 ) ;
#2566 = CIRCLE ( 'NONE', #5105, 1.299999999999995604 ) ;
#2567 = VERTEX_POINT ( 'NONE', #2921 ) ;
#2568 =( NAMED_UNIT ( * ) PLANE_ANGLE_UNIT ( ) SI_UNIT ( $, .RADIAN. ) );
#2569 = ORIENTED_EDGE ( 'NONE', *, *, #1032, .F. ) ;
#2570 = EDGE_CURVE ( 'NONE', #3927, #2518, #1119, .T. ) ;
#2571 = DIRECTION ( 'NONE',  ( -0.000000000000000000, 1.000000000000000000, -0.000000000000000000 ) ) ;
#2572 = AXIS2_PLACEMENT_3D ( 'NONE', #2408, #4669, #5871 ) ;
#2573 = ORIENTED_EDGE ( 'NONE', *, *, #1737, .T. ) ;
#2574 = FILL_AREA_STYLE ('',( #5617 ) ) ;
#2575 = PLANE ( 'NONE',  #6545 ) ;
#2576 = CARTESIAN_POINT ( 'NONE',  ( 75.00000000000000000, 30.49999982145801170, -31.49999917103074054 ) ) ;
#2577 = PRESENTATION_LAYER_ASSIGNMENT (  '', '', ( #6264 ) ) ;
#2578 = STYLED_ITEM ( 'NONE', ( #1173 ), #5642 ) ;
#2579 = EDGE_CURVE ( 'NONE', #5994, #2593, #7215, .T. ) ;
#2580 = LINE ( 'NONE', #251, #2456 ) ;
#2581 = SURFACE_SIDE_STYLE ('',( #2615 ) ) ;
#2582 = CARTESIAN_POINT ( 'NONE',  ( 75.00000000000000000, -30.20000114037598493, -29.50000061236211479 ) ) ;
#2583 = CARTESIAN_POINT ( 'NONE',  ( -75.00000000000000000, -8.800001402694260122, -42.64999993665134070 ) ) ;
#2584 = DIRECTION ( 'NONE',  ( 0.000000000000000000, -0.000000000000000000, -1.000000000000000000 ) ) ;
#2585 =( LENGTH_UNIT ( ) NAMED_UNIT ( * ) SI_UNIT ( .MILLI., .METRE. ) );
#2586 = VECTOR ( 'NONE', #7772, 1000.000000000000000 ) ;
#2587 = ORIENTED_EDGE ( 'NONE', *, *, #2007, .T. ) ;
#2588 = SURFACE_STYLE_USAGE ( .BOTH. , #107 ) ;
#2589 = LINE ( 'NONE', #1455, #1214 ) ;
#2590 = FILL_AREA_STYLE_COLOUR ( '', #6279 ) ;
#2591 = DIRECTION ( 'NONE',  ( 0.000000000000000000, 0.000000000000000000, 1.000000000000000000 ) ) ;
#2592 = STYLED_ITEM ( 'NONE', ( #5464 ), #6494 ) ;
#2593 = VERTEX_POINT ( 'NONE', #485 ) ;
#2594 = FILL_AREA_STYLE ('',( #1971 ) ) ;
#2595 = VECTOR ( 'NONE', #7692, 1000.000000000000000 ) ;
#2596 = EDGE_CURVE ( 'NONE', #6647, #3910, #1743, .T. ) ;
#2597 = LINE ( 'NONE', #6785, #6245 ) ;
#2598 = FILL_AREA_STYLE ('',( #5747 ) ) ;
#2599 = VERTEX_POINT ( 'NONE', #5327 ) ;
#2600 = CARTESIAN_POINT ( 'NONE',  ( 75.00000000000000000, -11.80000096952504585, -44.99999790990878523 ) ) ;
#2601 = FILL_AREA_STYLE_COLOUR ( '', #7148 ) ;
#2602 = ORIENTED_EDGE ( 'NONE', *, *, #4243, .F. ) ;
#2603 =( NAMED_UNIT ( * ) SI_UNIT ( $, .STERADIAN. ) SOLID_ANGLE_UNIT ( ) );
#2604 = ORIENTED_EDGE ( 'NONE', *, *, #4916, .T. ) ;
#2605 = EDGE_CURVE ( 'NONE', #498, #476, #7154, .T. ) ;
#2606 = ORIENTED_EDGE ( 'NONE', *, *, #6612, .T. ) ;
#2607 = LINE ( 'NONE', #3162, #5661 ) ;
#2608 = DIRECTION ( 'NONE',  ( 0.000000000000000000, 0.000000000000000000, -1.000000000000000000 ) ) ;
#2609 = FILL_AREA_STYLE_COLOUR ( '', #1262 ) ;
#2610 = CARTESIAN_POINT ( 'NONE',  ( 75.00000000000000000, 21.39999764240106117, -40.30000031556529905 ) ) ;
#2611 = FILL_AREA_STYLE_COLOUR ( '', #6937 ) ;
#2612 = SURFACE_STYLE_FILL_AREA ( #4362 ) ;
#2613 = DIRECTION ( 'NONE',  ( -1.000000000000000000, -0.000000000000000000, -0.000000000000000000 ) ) ;
#2614 = VECTOR ( 'NONE', #4962, 1000.000000000000000 ) ;
#2615 = SURFACE_STYLE_FILL_AREA ( #6430 ) ;
#2616 = CARTESIAN_POINT ( 'NONE',  ( 75.00000000000000000, 28.04999960585698915, 40.25000027745841180 ) ) ;
#2617 = DIRECTION ( 'NONE',  ( -1.000000000000000000, -0.000000000000000000, -0.000000000000000000 ) ) ;
#2618 = FILL_AREA_STYLE_COLOUR ( '', #4528 ) ;
#2619 = DIRECTION ( 'NONE',  ( -1.000000000000000000, -0.000000000000000000, -0.000000000000000000 ) ) ;
#2620 = VECTOR ( 'NONE', #634, 1000.000000000000000 ) ;
#2621 = EDGE_CURVE ( 'NONE', #692, #4576, #2336, .T. ) ;
#2622 = AXIS2_PLACEMENT_3D ( 'NONE', #2583, #4930, #1377 ) ;
#2623 = ORIENTED_EDGE ( 'NONE', *, *, #5318, .F. ) ;
#2624 = VECTOR ( 'NONE', #4451, 1000.000000000000000 ) ;
#2625 = DIRECTION ( 'NONE',  ( 0.000000000000000000, -0.000000000000000000, 1.000000000000000000 ) ) ;
#2626 = COLOUR_RGB ( '',0.8980392156862745390, 0.9176470588235293713, 0.9294117647058823817 ) ;
#2627 = LINE ( 'NONE', #2042, #2081 ) ;
#2628 = VECTOR ( 'NONE', #6047, 1000.000000000000227 ) ;
#2629 = ORIENTED_EDGE ( 'NONE', *, *, #5219, .F. ) ;
#2630 =( GEOMETRIC_REPRESENTATION_CONTEXT ( 3 ) GLOBAL_UNCERTAINTY_ASSIGNED_CONTEXT ( ( #5227 ) ) GLOBAL_UNIT_ASSIGNED_CONTEXT ( ( #3359, #1591, #1010 ) ) REPRESENTATION_CONTEXT ( 'NONE', 'WORKASPACE' ) );
#2631 =( NAMED_UNIT ( * ) PLANE_ANGLE_UNIT ( ) SI_UNIT ( $, .RADIAN. ) );
#2632 = SURFACE_SIDE_STYLE ('',( #3263 ) ) ;
#2633 = ORIENTED_EDGE ( 'NONE', *, *, #2171, .F. ) ;
#2634 = EDGE_CURVE ( 'NONE', #238, #575, #1704, .T. ) ;
#2635 = SURFACE_SIDE_STYLE ('',( #5607 ) ) ;
#2636 = FILL_AREA_STYLE_COLOUR ( '', #5484 ) ;
#2637 = VECTOR ( 'NONE', #1843, 1000.000000000000000 ) ;
#2638 = VERTEX_POINT ( 'NONE', #5364 ) ;
#2639 = VERTEX_POINT ( 'NONE', #4106 ) ;
#2640 = SURFACE_STYLE_FILL_AREA ( #3515 ) ;
#2641 = EDGE_LOOP ( 'NONE', ( #1911, #3419, #5169, #1397 ) ) ;
#2642 = PLANE ( 'NONE',  #1489 ) ;
#2643 = DIRECTION ( 'NONE',  ( -1.000000000000000000, -0.000000000000000000, -0.000000000000000000 ) ) ;
#2644 = DIRECTION ( 'NONE',  ( 1.000000000000000000, 0.000000000000000000, 0.000000000000000000 ) ) ;
#2645 = LINE ( 'NONE', #7623, #6454 ) ;
#2646 = VECTOR ( 'NONE', #19, 1000.000000000000000 ) ;
#2647 = DIRECTION ( 'NONE',  ( 0.000000000000000000, -1.000000000000000000, 0.000000000000000000 ) ) ;
#2648 = DIRECTION ( 'NONE',  ( 0.000000000000000000, 0.000000000000000000, -1.000000000000000000 ) ) ;
#2649 = EDGE_CURVE ( 'NONE', #6312, #7244, #6595, .T. ) ;
#2650 = CARTESIAN_POINT ( 'NONE',  ( -75.00000000000000000, -30.20000114037598493, -29.50000061236211479 ) ) ;
#2651 = MECHANICAL_DESIGN_GEOMETRIC_PRESENTATION_REPRESENTATION (  '', ( #386 ), #6996 ) ;
#2652 = FILL_AREA_STYLE_COLOUR ( '', #4083 ) ;
#2653 = SURFACE_STYLE_USAGE ( .BOTH. , #4485 ) ;
#2654 = LINE ( 'NONE', #295, #1720 ) ;
#2655 = ORIENTED_EDGE ( 'NONE', *, *, #1915, .T. ) ;
#2656 = DIRECTION ( 'NONE',  ( 0.000000000000000000, -1.000000000000000000, 0.000000000000000000 ) ) ;
#2657 =( NAMED_UNIT ( * ) SI_UNIT ( $, .STERADIAN. ) SOLID_ANGLE_UNIT ( ) );
#2658 = CARTESIAN_POINT ( 'NONE',  ( -75.00000000000000000, -27.82647692781274174, 39.04259270968809403 ) ) ;
#2659 = VECTOR ( 'NONE', #7697, 1000.000000000000000 ) ;
#2660 = EDGE_CURVE ( 'NONE', #3579, #5360, #3555, .T. ) ;
#2661 = VERTEX_POINT ( 'NONE', #7260 ) ;
#2662 = EDGE_CURVE ( 'NONE', #5675, #5106, #5408, .T. ) ;
#2663 = PRESENTATION_LAYER_ASSIGNMENT (  '', '', ( #4440 ) ) ;
#2664 = FILL_AREA_STYLE ('',( #223 ) ) ;
#2665 = DIRECTION ( 'NONE',  ( -0.000000000000000000, -0.000000000000000000, 1.000000000000000000 ) ) ;
#2666 = SURFACE_STYLE_USAGE ( .BOTH. , #6905 ) ;
#2667 = PRESENTATION_LAYER_ASSIGNMENT (  '', '', ( #4185 ) ) ;
#2668 = ORIENTED_EDGE ( 'NONE', *, *, #7452, .T. ) ;
#2669 = CARTESIAN_POINT ( 'NONE',  ( 75.00000000000000000, -32.49999880790716134, 59.99999851337634027 ) ) ;
#2670 = SURFACE_STYLE_FILL_AREA ( #4006 ) ;
#2671 = PLANE ( 'NONE',  #6405 ) ;
#2672 = AXIS2_PLACEMENT_3D ( 'NONE', #2302, #1711, #4115 ) ;
#2673 = VERTEX_POINT ( 'NONE', #6639 ) ;
#2674 =( GEOMETRIC_REPRESENTATION_CONTEXT ( 3 ) GLOBAL_UNCERTAINTY_ASSIGNED_CONTEXT ( ( #5819 ) ) GLOBAL_UNIT_ASSIGNED_CONTEXT ( ( #346, #1464, #2749 ) ) REPRESENTATION_CONTEXT ( 'NONE', 'WORKASPACE' ) );
#2675 = DIRECTION ( 'NONE',  ( -1.000000000000000000, -0.000000000000000000, -0.000000000000000000 ) ) ;
#2676 = ORIENTED_EDGE ( 'NONE', *, *, #4403, .F. ) ;
#2677 = CARTESIAN_POINT ( 'NONE',  ( 75.00000000000000000, 23.19999969756799274, 40.30000032623447481 ) ) ;
#2678 = CARTESIAN_POINT ( 'NONE',  ( -75.00000000000000000, -30.20000114037598493, -35.50000159583875359 ) ) ;
#2679 = VERTEX_POINT ( 'NONE', #3598 ) ;
#2680 = DIRECTION ( 'NONE',  ( 0.000000000000000000, 0.000000000000000000, -1.000000000000000000 ) ) ;
#2681 = DIRECTION ( 'NONE',  ( -1.000000000000000000, -0.000000000000000000, -0.000000000000000000 ) ) ;
#2682 = SURFACE_STYLE_USAGE ( .BOTH. , #814 ) ;
#2683 = VERTEX_POINT ( 'NONE', #607 ) ;
#2684 = FACE_OUTER_BOUND ( 'NONE', #1751, .T. ) ;
#2685 = MECHANICAL_DESIGN_GEOMETRIC_PRESENTATION_REPRESENTATION (  '', ( #1689 ), #3316 ) ;
#2686 = EDGE_CURVE ( 'NONE', #3299, #2999, #2217, .T. ) ;
#2687 = CARTESIAN_POINT ( 'NONE',  ( 75.00000000000000000, -28.14999991479055197, -40.24999913430374221 ) ) ;
#2688 = DIRECTION ( 'NONE',  ( -1.000000000000000000, -0.000000000000000000, -0.000000000000000000 ) ) ;
#2689 = ORIENTED_EDGE ( 'NONE', *, *, #5396, .T. ) ;
#2690 =( NAMED_UNIT ( * ) SI_UNIT ( $, .STERADIAN. ) SOLID_ANGLE_UNIT ( ) );
#2691 = MECHANICAL_DESIGN_GEOMETRIC_PRESENTATION_REPRESENTATION (  '', ( #1198 ), #3710 ) ;
#2692 =( GEOMETRIC_REPRESENTATION_CONTEXT ( 3 ) GLOBAL_UNCERTAINTY_ASSIGNED_CONTEXT ( ( #3448 ) ) GLOBAL_UNIT_ASSIGNED_CONTEXT ( ( #3672, #5526, #2528 ) ) REPRESENTATION_CONTEXT ( 'NONE', 'WORKASPACE' ) );
#2693 =( NAMED_UNIT ( * ) SI_UNIT ( $, .STERADIAN. ) SOLID_ANGLE_UNIT ( ) );
#2694 = ORIENTED_EDGE ( 'NONE', *, *, #4208, .F. ) ;
#2695 = STYLED_ITEM ( 'NONE', ( #2792 ), #5934 ) ;
#2696 = CARTESIAN_POINT ( 'NONE',  ( 75.00000000000000000, -28.14999991479055197, -38.99999913430374221 ) ) ;
#2697 = CARTESIAN_POINT ( 'NONE',  ( -75.00000000000000000, 30.49999982145801170, 37.50000096307993402 ) ) ;
#2698 =( NAMED_UNIT ( * ) SI_UNIT ( $, .STERADIAN. ) SOLID_ANGLE_UNIT ( ) );
#2699 =( GEOMETRIC_REPRESENTATION_CONTEXT ( 3 ) GLOBAL_UNCERTAINTY_ASSIGNED_CONTEXT ( ( #2540 ) ) GLOBAL_UNIT_ASSIGNED_CONTEXT ( ( #5615, #7010, #169 ) ) REPRESENTATION_CONTEXT ( 'NONE', 'WORKASPACE' ) );
#2700 = EDGE_CURVE ( 'NONE', #3994, #6647, #6162, .T. ) ;
#2701 = SURFACE_STYLE_FILL_AREA ( #7601 ) ;
#2702 = COLOUR_RGB ( '',0.8980392156862745390, 0.9176470588235293713, 0.9294117647058823817 ) ;
#2703 = ADVANCED_FACE ( 'NONE', ( #5570 ), #653, .F. ) ;
#2704 = UNCERTAINTY_MEASURE_WITH_UNIT (LENGTH_MEASURE( 1.000000000000000082E-05 ), #3170, 'distance_accuracy_value', 'NONE');
#2705 = STYLED_ITEM ( 'NONE', ( #5058 ), #707 ) ;
#2706 = ORIENTED_EDGE ( 'NONE', *, *, #212, .F. ) ;
#2707 = EDGE_CURVE ( 'NONE', #3737, #6828, #7421, .T. ) ;
#2708 = DIRECTION ( 'NONE',  ( -1.000000000000000000, -0.000000000000000000, -0.000000000000000000 ) ) ;
#2709 =( LENGTH_UNIT ( ) NAMED_UNIT ( * ) SI_UNIT ( .MILLI., .METRE. ) );
#2710 = COLOUR_RGB ( '',0.8980392156862745390, 0.9176470588235293713, 0.9294117647058823817 ) ;
#2711 = ORIENTED_EDGE ( 'NONE', *, *, #754, .F. ) ;
#2712 = VECTOR ( 'NONE', #5788, 1000.000000000000000 ) ;
#2713 = CARTESIAN_POINT ( 'NONE',  ( 75.00000000000000000, -8.800001402694260122, -42.64999993665134070 ) ) ;
#2714 = EDGE_CURVE ( 'NONE', #1740, #7015, #2565, .T. ) ;
#2715 = EDGE_CURVE ( 'NONE', #4985, #1834, #3789, .T. ) ;
#2716 = VECTOR ( 'NONE', #4522, 1000.000000000000000 ) ;
#2717 = AXIS2_PLACEMENT_3D ( 'NONE', #6413, #5664, #4416 ) ;
#2718 = VERTEX_POINT ( 'NONE', #1828 ) ;
#2719 =( NAMED_UNIT ( * ) PLANE_ANGLE_UNIT ( ) SI_UNIT ( $, .RADIAN. ) );
#2720 = LINE ( 'NONE', #6965, #32 ) ;
#2721 = ORIENTED_EDGE ( 'NONE', *, *, #5486, .F. ) ;
#2722 = CARTESIAN_POINT ( 'NONE',  ( -75.00000000000000000, 27.49999955383842476, 45.00000164262010571 ) ) ;
#2723 = EDGE_CURVE ( 'NONE', #357, #378, #7456, .T. ) ;
#2724 = SURFACE_STYLE_USAGE ( .BOTH. , #6349 ) ;
#2725 = DIRECTION ( 'NONE',  ( 0.000000000000000000, 1.000000000000000000, 0.000000000000000000 ) ) ;
#2726 =( NAMED_UNIT ( * ) PLANE_ANGLE_UNIT ( ) SI_UNIT ( $, .RADIAN. ) );
#2727 = ORIENTED_EDGE ( 'NONE', *, *, #3060, .T. ) ;
#2728 = FILL_AREA_STYLE ('',( #4593 ) ) ;
#2729 = SURFACE_STYLE_FILL_AREA ( #933 ) ;
#2730 = FILL_AREA_STYLE_COLOUR ( '', #4538 ) ;
#2731 = FACE_OUTER_BOUND ( 'NONE', #1277, .T. ) ;
#2732 = ORIENTED_EDGE ( 'NONE', *, *, #7811, .T. ) ;
#2733 = PLANE ( 'NONE',  #6580 ) ;
#2734 = AXIS2_PLACEMENT_3D ( 'NONE', #2395, #1477, #1362 ) ;
#2735 = PRODUCT_RELATED_PRODUCT_CATEGORY ( 'part', '', ( #1049 ) ) ;
#2736 = AXIS2_PLACEMENT_3D ( 'NONE', #2687, #5123, #7663 ) ;
#2737 = SURFACE_STYLE_USAGE ( .BOTH. , #5207 ) ;
#2738 = VERTEX_POINT ( 'NONE', #4386 ) ;
#2739 = PRODUCT_CONTEXT ( 'NONE', #6714, 'mechanical' ) ;
#2740 = FACE_OUTER_BOUND ( 'NONE', #6703, .T. ) ;
#2741 = MECHANICAL_DESIGN_GEOMETRIC_PRESENTATION_REPRESENTATION (  '', ( #1997 ), #481 ) ;
#2742 = DIRECTION ( 'NONE',  ( 1.000000000000000000, 0.000000000000000000, -0.000000000000000000 ) ) ;
#2743 = CARTESIAN_POINT ( 'NONE',  ( -75.00000000000000000, -21.40000118805958707, 40.30000002540748483 ) ) ;
#2744 =( NAMED_UNIT ( * ) SI_UNIT ( $, .STERADIAN. ) SOLID_ANGLE_UNIT ( ) );
#2745 = EDGE_CURVE ( 'NONE', #518, #4712, #3634, .T. ) ;
#2746 = AXIS2_PLACEMENT_3D ( 'NONE', #1000, #5231, #7689 ) ;
#2747 = ORIENTED_EDGE ( 'NONE', *, *, #3076, .F. ) ;
#2748 =( GEOMETRIC_REPRESENTATION_CONTEXT ( 3 ) GLOBAL_UNCERTAINTY_ASSIGNED_CONTEXT ( ( #3380 ) ) GLOBAL_UNIT_ASSIGNED_CONTEXT ( ( #4760, #7187, #7880 ) ) REPRESENTATION_CONTEXT ( 'NONE', 'WORKASPACE' ) );
#2749 =( NAMED_UNIT ( * ) SI_UNIT ( $, .STERADIAN. ) SOLID_ANGLE_UNIT ( ) );
#2750 = ORIENTED_EDGE ( 'NONE', *, *, #2144, .F. ) ;
#2751 = FILL_AREA_STYLE ('',( #3929 ) ) ;
#2752 = DIRECTION ( 'NONE',  ( -1.000000000000000000, -0.000000000000000000, -0.000000000000000000 ) ) ;
#2753 = DIRECTION ( 'NONE',  ( -1.000000000000000000, -0.000000000000000000, -0.000000000000000000 ) ) ;
#2754 = MECHANICAL_DESIGN_GEOMETRIC_PRESENTATION_REPRESENTATION (  '', ( #4535 ), #3511 ) ;
#2755 = EDGE_LOOP ( 'NONE', ( #4600, #4229, #7281, #4351 ) ) ;
#2756 = VECTOR ( 'NONE', #1990, 1000.000000000000000 ) ;
#2757 = DIRECTION ( 'NONE',  ( 0.000000000000000000, -1.000000000000000000, 0.000000000000000000 ) ) ;
#2758 = ORIENTED_EDGE ( 'NONE', *, *, #509, .T. ) ;
#2759 = DIRECTION ( 'NONE',  ( 0.000000000000000000, 0.000000000000000000, -1.000000000000000000 ) ) ;
#2760 = EDGE_CURVE ( 'NONE', #5223, #965, #22, .T. ) ;
#2761 = CARTESIAN_POINT ( 'NONE',  ( 75.00000000000000000, 28.04999815885442516, -38.99999943051172835 ) ) ;
#2762 = SURFACE_SIDE_STYLE ('',( #5756 ) ) ;
#2763 = CARTESIAN_POINT ( 'NONE',  ( 75.00000000000000000, 26.84259087599305715, -39.92647562413363005 ) ) ;
#2764 = DIRECTION ( 'NONE',  ( 0.000000000000000000, -0.000000000000000000, 1.000000000000000000 ) ) ;
#2765 = ORIENTED_EDGE ( 'NONE', *, *, #3571, .T. ) ;
#2766 = CARTESIAN_POINT ( 'NONE',  ( 75.00000000000000000, -27.48060072301904455, 37.75176374953557001 ) ) ;
#2767 =( NAMED_UNIT ( * ) PLANE_ANGLE_UNIT ( ) SI_UNIT ( $, .RADIAN. ) );
#2768 = COLOUR_RGB ( '',0.8980392156862745390, 0.9176470588235293713, 0.9294117647058823817 ) ;
#2769 = DIRECTION ( 'NONE',  ( 0.000000000000000000, 0.000000000000000000, -1.000000000000000000 ) ) ;
#2770 = ORIENTED_EDGE ( 'NONE', *, *, #4419, .F. ) ;
#2771 = SURFACE_STYLE_FILL_AREA ( #7514 ) ;
#2772 = CARTESIAN_POINT ( 'NONE',  ( 75.00000000000000000, 25.59999815885450758, -39.80057930441510905 ) ) ;
#2773 = CARTESIAN_POINT ( 'NONE',  ( 75.00000000000000000, -27.40000030889110860, -35.50000159583875359 ) ) ;
#2774 = PLANE ( 'NONE',  #1765 ) ;
#2775 = ORIENTED_EDGE ( 'NONE', *, *, #3618, .T. ) ;
#2776 = CARTESIAN_POINT ( 'NONE',  ( 75.00000000000000000, -11.80000073208399947, 41.65000052608650094 ) ) ;
#2777 = FACE_OUTER_BOUND ( 'NONE', #7519, .T. ) ;
#2778 = MECHANICAL_DESIGN_GEOMETRIC_PRESENTATION_REPRESENTATION (  '', ( #7405 ), #1029 ) ;
#2779 = SURFACE_STYLE_USAGE ( .BOTH. , #7157 ) ;
#2780 = UNCERTAINTY_MEASURE_WITH_UNIT (LENGTH_MEASURE( 1.000000000000000082E-05 ), #7887, 'distance_accuracy_value', 'NONE');
#2781 = ORIENTED_EDGE ( 'NONE', *, *, #265, .T. ) ;
#2782 = PRESENTATION_LAYER_ASSIGNMENT (  '', '', ( #7796 ) ) ;
#2783 = VERTEX_POINT ( 'NONE', #6720 ) ;
#2784 = ADVANCED_FACE ( 'NONE', ( #1279 ), #6837, .F. ) ;
#2785 = SURFACE_STYLE_FILL_AREA ( #4168 ) ;
#2786 =( NAMED_UNIT ( * ) PLANE_ANGLE_UNIT ( ) SI_UNIT ( $, .RADIAN. ) );
#2787 = VERTEX_POINT ( 'NONE', #5104 ) ;
#2788 = LINE ( 'NONE', #1506, #4337 ) ;
#2789 = VECTOR ( 'NONE', #4990, 1000.000000000000000 ) ;
#2790 = FILL_AREA_STYLE ('',( #5273 ) ) ;
#2791 = FILL_AREA_STYLE ('',( #3934 ) ) ;
#2792 = PRESENTATION_STYLE_ASSIGNMENT (( #7863 ) ) ;
#2793 = ORIENTED_EDGE ( 'NONE', *, *, #392, .F. ) ;
#2794 = DIRECTION ( 'NONE',  ( -1.000000000000000000, -0.000000000000000000, -0.000000000000000000 ) ) ;
#2795 = CARTESIAN_POINT ( 'NONE',  ( 75.00000000000000000, 28.19999814060689047, 31.49999997960329523 ) ) ;
#2796 = CIRCLE ( 'NONE', #6247, 1.250000000000056621 ) ;
#2797 = FILL_AREA_STYLE ('',( #7741 ) ) ;
#2798 = EDGE_CURVE ( 'NONE', #6841, #4545, #879, .T. ) ;
#2799 = SURFACE_STYLE_USAGE ( .BOTH. , #5802 ) ;
#2800 = FILL_AREA_STYLE_COLOUR ( '', #3097 ) ;
#2801 = CIRCLE ( 'NONE', #7670, 0.1999999999990967336 ) ;
#2802 = EDGE_CURVE ( 'NONE', #3629, #6382, #3265, .T. ) ;
#2803 = ORIENTED_EDGE ( 'NONE', *, *, #7700, .F. ) ;
#2804 = LINE ( 'NONE', #4520, #1901 ) ;
#2805 = DIRECTION ( 'NONE',  ( -0.000000000000000000, 1.000000000000000000, 0.000000000000000000 ) ) ;
#2806 = SURFACE_SIDE_STYLE ('',( #4068 ) ) ;
#2807 = ORIENTED_EDGE ( 'NONE', *, *, #3223, .F. ) ;
#2808 = SURFACE_STYLE_FILL_AREA ( #6606 ) ;
#2809 = DIRECTION ( 'NONE',  ( 0.000000000000000000, -4.431215784823772632E-08, -0.9999999999999991118 ) ) ;
#2810 = DIRECTION ( 'NONE',  ( -1.000000000000000000, -0.000000000000000000, -0.000000000000000000 ) ) ;
#2811 = AXIS2_PLACEMENT_3D ( 'NONE', #7302, #3514, #6682 ) ;
#2812 = EDGE_CURVE ( 'NONE', #4088, #1940, #5738, .T. ) ;
#2813 = DIRECTION ( 'NONE',  ( 0.000000000000000000, 0.000000000000000000, -1.000000000000000000 ) ) ;
#2814 = UNCERTAINTY_MEASURE_WITH_UNIT (LENGTH_MEASURE( 1.000000000000000082E-05 ), #7357, 'distance_accuracy_value', 'NONE');
#2815 = VERTEX_POINT ( 'NONE', #5184 ) ;
#2816 = PRESENTATION_STYLE_ASSIGNMENT (( #270 ) ) ;
#2817 =( NAMED_UNIT ( * ) PLANE_ANGLE_UNIT ( ) SI_UNIT ( $, .RADIAN. ) );
#2818 = CARTESIAN_POINT ( 'NONE',  ( -75.00000000000000000, 28.19999814060689047, -31.49999917103074054 ) ) ;
#2819 = STYLED_ITEM ( 'NONE', ( #7319 ), #5672 ) ;
#2820 = COLOUR_RGB ( '',0.8980392156862745390, 0.9176470588235293713, 0.9294117647058823817 ) ;
#2821 =( NAMED_UNIT ( * ) PLANE_ANGLE_UNIT ( ) SI_UNIT ( $, .RADIAN. ) );
#2822 = LINE ( 'NONE', #2904, #3027 ) ;
#2823 = UNCERTAINTY_MEASURE_WITH_UNIT (LENGTH_MEASURE( 1.000000000000000082E-05 ), #297, 'distance_accuracy_value', 'NONE');
#2824 = UNCERTAINTY_MEASURE_WITH_UNIT (LENGTH_MEASURE( 1.000000000000000082E-05 ), #5535, 'distance_accuracy_value', 'NONE');
#2825 = MECHANICAL_DESIGN_GEOMETRIC_PRESENTATION_REPRESENTATION (  '', ( #3457 ), #703 ) ;
#2826 = VECTOR ( 'NONE', #1739, 1000.000000000000000 ) ;
#2827 = ORIENTED_EDGE ( 'NONE', *, *, #3335, .T. ) ;
#2828 = PRESENTATION_LAYER_ASSIGNMENT (  '', '', ( #836 ) ) ;
#2829 = FILL_AREA_STYLE ('',( #6541 ) ) ;
#2830 =( NAMED_UNIT ( * ) SI_UNIT ( $, .STERADIAN. ) SOLID_ANGLE_UNIT ( ) );
#2831 = EDGE_LOOP ( 'NONE', ( #2172, #4920, #1520, #2455 ) ) ;
#2832 = CARTESIAN_POINT ( 'NONE',  ( -75.00000000000000000, -30.20000114037598493, 29.49999974526575386 ) ) ;
#2833 = UNCERTAINTY_MEASURE_WITH_UNIT (LENGTH_MEASURE( 1.000000000000000082E-05 ), #314, 'distance_accuracy_value', 'NONE');
#2834 = ADVANCED_FACE ( 'NONE', ( #1469 ), #276, .F. ) ;
#2835 = ORIENTED_EDGE ( 'NONE', *, *, #2117, .F. ) ;
#2836 = DIRECTION ( 'NONE',  ( -0.000000000000000000, 0.9999999999999475975, -3.236463088384847080E-07 ) ) ;
#2837 = CARTESIAN_POINT ( 'NONE',  ( 75.00000000000000000, -30.10000102221976803, 47.00000028057884549 ) ) ;
#2838 = LINE ( 'NONE', #1508, #5684 ) ;
#2839 = MECHANICAL_DESIGN_GEOMETRIC_PRESENTATION_REPRESENTATION (  '', ( #6411 ), #4123 ) ;
#2840 = FILL_AREA_STYLE ('',( #5909 ) ) ;
#2841 = ORIENTED_EDGE ( 'NONE', *, *, #6869, .T. ) ;
#2842 =( NAMED_UNIT ( * ) PLANE_ANGLE_UNIT ( ) SI_UNIT ( $, .RADIAN. ) );
#2843 =( NAMED_UNIT ( * ) SI_UNIT ( $, .STERADIAN. ) SOLID_ANGLE_UNIT ( ) );
#2844 = CARTESIAN_POINT ( 'NONE',  ( -75.00000000000000000, 30.49999982145801170, 33.50000030742884150 ) ) ;
#2845 = CARTESIAN_POINT ( 'NONE',  ( 75.00000000000000000, -27.40000030889110860, 31.50000007309129657 ) ) ;
#2846 = DIRECTION ( 'NONE',  ( 0.000000000000000000, -0.9999999999999698019, -2.459447065762542110E-07 ) ) ;
#2847 =( GEOMETRIC_REPRESENTATION_CONTEXT ( 3 ) GLOBAL_UNCERTAINTY_ASSIGNED_CONTEXT ( ( #70 ) ) GLOBAL_UNIT_ASSIGNED_CONTEXT ( ( #2162, #4617, #5225 ) ) REPRESENTATION_CONTEXT ( 'NONE', 'WORKASPACE' ) );
#2848 = EDGE_CURVE ( 'NONE', #4474, #6312, #2016, .T. ) ;
#2849 = ORIENTED_EDGE ( 'NONE', *, *, #1342, .F. ) ;
#2850 =( NAMED_UNIT ( * ) SI_UNIT ( $, .STERADIAN. ) SOLID_ANGLE_UNIT ( ) );
#2851 = DIRECTION ( 'NONE',  ( 0.000000000000000000, 0.000000000000000000, -1.000000000000000000 ) ) ;
#2852 =( GEOMETRIC_REPRESENTATION_CONTEXT ( 3 ) GLOBAL_UNCERTAINTY_ASSIGNED_CONTEXT ( ( #4285 ) ) GLOBAL_UNIT_ASSIGNED_CONTEXT ( ( #3721, #1323, #732 ) ) REPRESENTATION_CONTEXT ( 'NONE', 'WORKASPACE' ) );
#2853 = AXIS2_PLACEMENT_3D ( 'NONE', #282, #7008, #2680 ) ;
#2854 = LINE ( 'NONE', #5287, #4324 ) ;
#2855 = DIRECTION ( 'NONE',  ( 0.000000000000000000, 0.9659258585884068493, -0.2588189245597183330 ) ) ;
#2856 = ORIENTED_EDGE ( 'NONE', *, *, #4109, .T. ) ;
#2857 = DIRECTION ( 'NONE',  ( 0.000000000000000000, 0.000000000000000000, 1.000000000000000000 ) ) ;
#2858 = DIRECTION ( 'NONE',  ( -1.000000000000000000, -0.000000000000000000, -0.000000000000000000 ) ) ;
#2859 = PRESENTATION_LAYER_ASSIGNMENT (  '', '', ( #3485 ) ) ;
#2860 = ORIENTED_EDGE ( 'NONE', *, *, #3982, .F. ) ;
#2861 = FILL_AREA_STYLE_COLOUR ( '', #7443 ) ;
#2862 = DIRECTION ( 'NONE',  ( 0.000000000000000000, 0.000000000000000000, 1.000000000000000000 ) ) ;
#2863 = CARTESIAN_POINT ( 'NONE',  ( 75.00000000000000000, -1.689488657688485995, 42.50000031431354586 ) ) ;
#2864 = LINE ( 'NONE', #2981, #6708 ) ;
#2865 = EDGE_CURVE ( 'NONE', #7672, #2738, #5144, .T. ) ;
#2866 = DIRECTION ( 'NONE',  ( 0.000000000000000000, 0.000000000000000000, 1.000000000000000000 ) ) ;
#2867 = VECTOR ( 'NONE', #7502, 1000.000000000000000 ) ;
#2868 = PRESENTATION_LAYER_ASSIGNMENT (  '', '', ( #6302 ) ) ;
#2869 = ORIENTED_EDGE ( 'NONE', *, *, #2662, .T. ) ;
#2870 = COLOUR_RGB ( '',0.8980392156862745390, 0.9176470588235293713, 0.9294117647058823817 ) ;
#2871 = CARTESIAN_POINT ( 'NONE',  ( 75.00000000000000000, 28.19999814060689047, 35.50000063525438776 ) ) ;
#2872 = COLOUR_RGB ( '',0.8980392156862745390, 0.9176470588235293713, 0.9294117647058823817 ) ;
#2873 = ORIENTED_EDGE ( 'NONE', *, *, #4773, .F. ) ;
#2874 = SURFACE_STYLE_FILL_AREA ( #5827 ) ;
#2875 = AXIS2_PLACEMENT_3D ( 'NONE', #2410, #2256, #6552 ) ;
#2876 = MECHANICAL_DESIGN_GEOMETRIC_PRESENTATION_REPRESENTATION (  '', ( #6442 ), #7100 ) ;
#2877 = ORIENTED_EDGE ( 'NONE', *, *, #2231, .F. ) ;
#2878 =( NAMED_UNIT ( * ) SI_UNIT ( $, .STERADIAN. ) SOLID_ANGLE_UNIT ( ) );
#2879 = SURFACE_SIDE_STYLE ('',( #6073 ) ) ;
#2880 =( NAMED_UNIT ( * ) SI_UNIT ( $, .STERADIAN. ) SOLID_ANGLE_UNIT ( ) );
#2881 = EDGE_LOOP ( 'NONE', ( #5680, #5555, #7461, #6705 ) ) ;
#2882 = PLANE ( 'NONE',  #6263 ) ;
#2883 = VECTOR ( 'NONE', #5429, 1000.000000000000114 ) ;
#2884 = LINE ( 'NONE', #7784, #4926 ) ;
#2885 = EDGE_CURVE ( 'NONE', #7781, #793, #2165, .T. ) ;
#2886 = SURFACE_SIDE_STYLE ('',( #3834 ) ) ;
#2887 = CYLINDRICAL_SURFACE ( 'NONE', #2349, 0.1999994679908884132 ) ;
#2888 = ORIENTED_EDGE ( 'NONE', *, *, #6551, .T. ) ;
#2889 = DIRECTION ( 'NONE',  ( -0.000000000000000000, -1.000000000000000000, -0.000000000000000000 ) ) ;
#2890 = LINE ( 'NONE', #5919, #7486 ) ;
#2891 =( NAMED_UNIT ( * ) SI_UNIT ( $, .STERADIAN. ) SOLID_ANGLE_UNIT ( ) );
#2892 = EDGE_LOOP ( 'NONE', ( #614, #202, #3825, #277 ) ) ;
#2893 = LINE ( 'NONE', #576, #4778 ) ;
#2894 = EDGE_CURVE ( 'NONE', #2304, #6554, #6960, .T. ) ;
#2895 = PRESENTATION_STYLE_ASSIGNMENT (( #534 ) ) ;
#2896 = DIRECTION ( 'NONE',  ( 0.000000000000000000, 0.9999999999999986677, -5.156581957376829163E-08 ) ) ;
#2897 = SURFACE_STYLE_FILL_AREA ( #2391 ) ;
#2898 = UNCERTAINTY_MEASURE_WITH_UNIT (LENGTH_MEASURE( 1.000000000000000082E-05 ), #2937, 'distance_accuracy_value', 'NONE');
#2899 = ORIENTED_EDGE ( 'NONE', *, *, #1755, .T. ) ;
#2900 = SURFACE_STYLE_USAGE ( .BOTH. , #4764 ) ;
#2901 = CARTESIAN_POINT ( 'NONE',  ( 75.00000000000000000, 30.49999982145801170, 33.50000030742884150 ) ) ;
#2902 = CARTESIAN_POINT ( 'NONE',  ( -75.00000000000000000, -32.49999880790716134, -4.849999706493690610 ) ) ;
#2903 = FACE_OUTER_BOUND ( 'NONE', #4901, .T. ) ;
#2904 = CARTESIAN_POINT ( 'NONE',  ( -75.00000000000000000, 30.49999982145801170, -29.50000070585011969 ) ) ;
#2905 =( GEOMETRIC_REPRESENTATION_CONTEXT ( 3 ) GLOBAL_UNCERTAINTY_ASSIGNED_CONTEXT ( ( #4197 ) ) GLOBAL_UNIT_ASSIGNED_CONTEXT ( ( #6536, #4001, #5935 ) ) REPRESENTATION_CONTEXT ( 'NONE', 'WORKASPACE' ) );
#2906 = ADVANCED_FACE ( 'NONE', ( #7040 ), #234, .F. ) ;
#2907 = VERTEX_POINT ( 'NONE', #6463 ) ;
#2908 = ORIENTED_EDGE ( 'NONE', *, *, #1038, .F. ) ;
#2909 = VECTOR ( 'NONE', #7012, 1000.000000000000000 ) ;
#2910 = EDGE_LOOP ( 'NONE', ( #3372, #6469, #6090, #7199 ) ) ;
#2911 =( NAMED_UNIT ( * ) SI_UNIT ( $, .STERADIAN. ) SOLID_ANGLE_UNIT ( ) );
#2912 = SURFACE_STYLE_USAGE ( .BOTH. , #7820 ) ;
#2913 = DIRECTION ( 'NONE',  ( 0.000000000000000000, -1.000000000000000000, 0.000000000000000000 ) ) ;
#2914 = VERTEX_POINT ( 'NONE', #513 ) ;
#2915 = DIRECTION ( 'NONE',  ( 1.000000000000000000, 0.000000000000000000, -0.000000000000000000 ) ) ;
#2916 = CIRCLE ( 'NONE', #7656, 1.299999999999995604 ) ;
#2917 = LINE ( 'NONE', #7257, #6948 ) ;
#2918 = CARTESIAN_POINT ( 'NONE',  ( 75.00000000000000000, -30.10000119205603042, -59.99999880441464484 ) ) ;
#2919 = ADVANCED_FACE ( 'NONE', ( #5351 ), #4699, .F. ) ;
#2920 = PLANE ( 'NONE',  #3042 ) ;
#2921 = CARTESIAN_POINT ( 'NONE',  ( -75.00000000000000000, -25.39999998106603485, 39.77378458613114987 ) ) ;
#2922 = SURFACE_STYLE_USAGE ( .BOTH. , #523 ) ;
#2923 =( GEOMETRIC_REPRESENTATION_CONTEXT ( 3 ) GLOBAL_UNCERTAINTY_ASSIGNED_CONTEXT ( ( #6006 ) ) GLOBAL_UNIT_ASSIGNED_CONTEXT ( ( #5115, #7625, #1439 ) ) REPRESENTATION_CONTEXT ( 'NONE', 'WORKASPACE' ) );
#2924 = AXIS2_PLACEMENT_3D ( 'NONE', #2121, #4540, #953 ) ;
#2925 = ORIENTED_EDGE ( 'NONE', *, *, #6608, .F. ) ;
#2926 = CARTESIAN_POINT ( 'NONE',  ( 75.00000000000000000, 28.19999814060689047, -31.49999917103074054 ) ) ;
#2927 = LINE ( 'NONE', #5412, #4259 ) ;
#2928 = ORIENTED_EDGE ( 'NONE', *, *, #7508, .T. ) ;
#2929 = LINE ( 'NONE', #411, #3184 ) ;
#2930 = DIRECTION ( 'NONE',  ( -1.000000000000000000, -0.000000000000000000, -0.000000000000000000 ) ) ;
#2931 = ORIENTED_EDGE ( 'NONE', *, *, #678, .F. ) ;
#2932 = DIRECTION ( 'NONE',  ( -1.000000000000000000, -0.000000000000000000, -0.000000000000000000 ) ) ;
#2933 = VECTOR ( 'NONE', #6946, 1000.000000000000000 ) ;
#2934 = COLOUR_RGB ( '',0.8980392156862745390, 0.9176470588235293713, 0.9294117647058823817 ) ;
#2935 = EDGE_CURVE ( 'NONE', #3441, #2639, #5269, .T. ) ;
#2936 = DIRECTION ( 'NONE',  ( 0.000000000000000000, -0.2588190451025882965, -0.9659258262890502156 ) ) ;
#2937 =( LENGTH_UNIT ( ) NAMED_UNIT ( * ) SI_UNIT ( .MILLI., .METRE. ) );
#2938 = CYLINDRICAL_SURFACE ( 'NONE', #7342, 1.250000000000001110 ) ;
#2939 = LINE ( 'NONE', #2397, #2883 ) ;
#2940 = PRESENTATION_STYLE_ASSIGNMENT (( #5431 ) ) ;
#2941 = ORIENTED_EDGE ( 'NONE', *, *, #4207, .T. ) ;
#2942 = VECTOR ( 'NONE', #2757, 1000.000000000000000 ) ;
#2943 = EDGE_CURVE ( 'NONE', #3043, #6686, #1028, .T. ) ;
#2944 = DIRECTION ( 'NONE',  ( 0.000000000000000000, 1.000000000000000000, 0.000000000000000000 ) ) ;
#2945 = ORIENTED_EDGE ( 'NONE', *, *, #786, .T. ) ;
#2946 = FACE_OUTER_BOUND ( 'NONE', #1875, .T. ) ;
#2947 = EDGE_CURVE ( 'NONE', #3629, #5994, #7816, .T. ) ;
#2948 =( GEOMETRIC_REPRESENTATION_CONTEXT ( 3 ) GLOBAL_UNCERTAINTY_ASSIGNED_CONTEXT ( ( #6505 ) ) GLOBAL_UNIT_ASSIGNED_CONTEXT ( ( #1819, #4262, #191 ) ) REPRESENTATION_CONTEXT ( 'NONE', 'WORKASPACE' ) );
#2949 = CARTESIAN_POINT ( 'NONE',  ( 0.000000000000000000, 0.000000000000000000, 0.000000000000000000 ) ) ;
#2950 = AXIS2_PLACEMENT_3D ( 'NONE', #5949, #6034, #603 ) ;
#2951 = ORIENTED_EDGE ( 'NONE', *, *, #6416, .F. ) ;
#2952 =( LENGTH_UNIT ( ) NAMED_UNIT ( * ) SI_UNIT ( .MILLI., .METRE. ) );
#2953 = CARTESIAN_POINT ( 'NONE',  ( 75.00000000000000000, -8.800001402694260122, -42.64999993665134070 ) ) ;
#2954 = VECTOR ( 'NONE', #1233, 1000.000000000000000 ) ;
#2955 = ORIENTED_EDGE ( 'NONE', *, *, #1183, .T. ) ;
#2956 = SURFACE_STYLE_FILL_AREA ( #7783 ) ;
#2957 = FILL_AREA_STYLE_COLOUR ( '', #7629 ) ;
#2958 = EDGE_CURVE ( 'NONE', #3776, #922, #7681, .T. ) ;
#2959 = CIRCLE ( 'NONE', #7702, 0.1999999999999640954 ) ;
#2960 = EDGE_CURVE ( 'NONE', #2638, #2147, #555, .T. ) ;
#2961 = FILL_AREA_STYLE ('',( #7213 ) ) ;
#2962 = DIRECTION ( 'NONE',  ( 0.000000000000000000, 0.8660254037844389297, 0.4999999999999996114 ) ) ;
#2963 = COLOUR_RGB ( '',0.8980392156862745390, 0.9176470588235293713, 0.9294117647058823817 ) ;
#2964 = ORIENTED_EDGE ( 'NONE', *, *, #1281, .T. ) ;
#2965 = SURFACE_STYLE_USAGE ( .BOTH. , #5285 ) ;
#2966 = EDGE_CURVE ( 'NONE', #5559, #5956, #3632, .T. ) ;
#2967 = DIRECTION ( 'NONE',  ( 1.000000000000000000, 0.000000000000000000, 0.000000000000000000 ) ) ;
#2968 = ORIENTED_EDGE ( 'NONE', *, *, #6221, .T. ) ;
#2969 = ORIENTED_EDGE ( 'NONE', *, *, #4166, .T. ) ;
#2970 = VECTOR ( 'NONE', #423, 1000.000000000000000 ) ;
#2971 = SURFACE_STYLE_USAGE ( .BOTH. , #6482 ) ;
#2972 = SURFACE_STYLE_USAGE ( .BOTH. , #7227 ) ;
#2973 = SURFACE_STYLE_FILL_AREA ( #5249 ) ;
#2974 = PRESENTATION_STYLE_ASSIGNMENT (( #666 ) ) ;
#2975 = PRESENTATION_LAYER_ASSIGNMENT (  '', '', ( #2350 ) ) ;
#2976 = VECTOR ( 'NONE', #3271, 1000.000000000000000 ) ;
#2977 = PRESENTATION_STYLE_ASSIGNMENT (( #2900 ) ) ;
#2978 = UNCERTAINTY_MEASURE_WITH_UNIT (LENGTH_MEASURE( 1.000000000000000082E-05 ), #390, 'distance_accuracy_value', 'NONE');
#2979 = DIRECTION ( 'NONE',  ( -0.000000000000000000, -0.000000000000000000, -1.000000000000000000 ) ) ;
#2980 = FACE_OUTER_BOUND ( 'NONE', #7685, .T. ) ;
#2981 = CARTESIAN_POINT ( 'NONE',  ( 75.00000000000000000, -30.20000114037598493, -31.49999907754262551 ) ) ;
#2982 = SURFACE_STYLE_FILL_AREA ( #60 ) ;
#2983 = FACE_OUTER_BOUND ( 'NONE', #5682, .T. ) ;
#2984 = EDGE_CURVE ( 'NONE', #3550, #1241, #7084, .T. ) ;
#2985 = SURFACE_STYLE_USAGE ( .BOTH. , #4130 ) ;
#2986 = ORIENTED_EDGE ( 'NONE', *, *, #3673, .T. ) ;
#2987 = SURFACE_SIDE_STYLE ('',( #7245 ) ) ;
#2988 = VERTEX_POINT ( 'NONE', #6547 ) ;
#2989 = DIRECTION ( 'NONE',  ( -1.000000000000000000, -0.000000000000000000, -0.000000000000000000 ) ) ;
#2990 = VECTOR ( 'NONE', #257, 1000.000000000000000 ) ;
#2991 = ADVANCED_FACE ( 'NONE', ( #4175 ), #4664, .T. ) ;
#2992 = DIRECTION ( 'NONE',  ( 0.000000000000000000, 0.000000000000000000, 1.000000000000000000 ) ) ;
#2993 = CARTESIAN_POINT ( 'NONE',  ( -75.00000000000000000, -11.80000073208403322, 45.00000135459106332 ) ) ;
#2994 =( GEOMETRIC_REPRESENTATION_CONTEXT ( 3 ) GLOBAL_UNCERTAINTY_ASSIGNED_CONTEXT ( ( #1610 ) ) GLOBAL_UNIT_ASSIGNED_CONTEXT ( ( #262, #4454, #2041 ) ) REPRESENTATION_CONTEXT ( 'NONE', 'WORKASPACE' ) );
#2995 = VERTEX_POINT ( 'NONE', #7448 ) ;
#2996 = VECTOR ( 'NONE', #5421, 1000.000000000000114 ) ;
#2997 = PRESENTATION_STYLE_ASSIGNMENT (( #4178 ) ) ;
#2998 = SURFACE_STYLE_FILL_AREA ( #35 ) ;
#2999 = VERTEX_POINT ( 'NONE', #5517 ) ;
#3000 = MECHANICAL_DESIGN_GEOMETRIC_PRESENTATION_REPRESENTATION (  '', ( #352 ), #3495 ) ;
#3001 = DIRECTION ( 'NONE',  ( 0.000000000000000000, 0.000000000000000000, -1.000000000000000000 ) ) ;
#3002 = CARTESIAN_POINT ( 'NONE',  ( 75.00000000000000000, -11.80000183164951366, -40.30000030276743672 ) ) ;
#3003 = MECHANICAL_DESIGN_GEOMETRIC_PRESENTATION_REPRESENTATION (  '', ( #5436 ), #3767 ) ;
#3004 = EDGE_CURVE ( 'NONE', #4995, #5290, #71, .T. ) ;
#3005 = ORIENTED_EDGE ( 'NONE', *, *, #6143, .T. ) ;
#3006 = PRESENTATION_LAYER_ASSIGNMENT (  '', '', ( #3376 ) ) ;
#3007 = CARTESIAN_POINT ( 'NONE',  ( 75.00000000000000000, -14.80000073419111217, 41.34999999254942082 ) ) ;
#3008 = ADVANCED_FACE ( 'NONE', ( #2482 ), #1860, .F. ) ;
#3009 = LINE ( 'NONE', #1833, #1244 ) ;
#3010 = ORIENTED_EDGE ( 'NONE', *, *, #1978, .T. ) ;
#3011 = SURFACE_SIDE_STYLE ('',( #2537 ) ) ;
#3012 = ORIENTED_EDGE ( 'NONE', *, *, #2085, .F. ) ;
#3013 = DIRECTION ( 'NONE',  ( 1.000000000000000000, 0.000000000000000000, 0.000000000000000000 ) ) ;
#3014 = CARTESIAN_POINT ( 'NONE',  ( 75.00000000000000000, -31.89999982714642002, 4.849999997531995177 ) ) ;
#3015 = UNCERTAINTY_MEASURE_WITH_UNIT (LENGTH_MEASURE( 1.000000000000000082E-05 ), #4011, 'distance_accuracy_value', 'NONE');
#3016 =( GEOMETRIC_REPRESENTATION_CONTEXT ( 3 ) GLOBAL_UNCERTAINTY_ASSIGNED_CONTEXT ( ( #1571 ) ) GLOBAL_UNIT_ASSIGNED_CONTEXT ( ( #11, #1325, #6801 ) ) REPRESENTATION_CONTEXT ( 'NONE', 'WORKASPACE' ) );
#3017 = VECTOR ( 'NONE', #292, 1000.000000000000000 ) ;
#3018 = SURFACE_STYLE_USAGE ( .BOTH. , #6054 ) ;
#3019 =( NAMED_UNIT ( * ) SI_UNIT ( $, .STERADIAN. ) SOLID_ANGLE_UNIT ( ) );
#3020 = SURFACE_STYLE_USAGE ( .BOTH. , #6056 ) ;
#3021 = SURFACE_STYLE_USAGE ( .BOTH. , #632 ) ;
#3022 = AXIS2_PLACEMENT_3D ( 'NONE', #7112, #905, #2232 ) ;
#3023 =( LENGTH_UNIT ( ) NAMED_UNIT ( * ) SI_UNIT ( .MILLI., .METRE. ) );
#3024 = VERTEX_POINT ( 'NONE', #4298 ) ;
#3025 = PLANE ( 'NONE',  #3215 ) ;
#3026 = ORIENTED_EDGE ( 'NONE', *, *, #1083, .T. ) ;
#3027 = VECTOR ( 'NONE', #5261, 1000.000000000000000 ) ;
#3028 = SHAPE_REPRESENTATION ( 'SC-FT120x65-K120', ( #3923, #7538, #7021 ), #5982 ) ;
#3029 = ORIENTED_EDGE ( 'NONE', *, *, #3941, .T. ) ;
#3030 =( NAMED_UNIT ( * ) PLANE_ANGLE_UNIT ( ) SI_UNIT ( $, .RADIAN. ) );
#3031 = EDGE_CURVE ( 'NONE', #7810, #4736, #150, .T. ) ;
#3032 = PLANE ( 'NONE',  #6890 ) ;
#3033 = DIRECTION ( 'NONE',  ( 0.000000000000000000, -0.000000000000000000, 1.000000000000000000 ) ) ;
#3034 = ORIENTED_EDGE ( 'NONE', *, *, #6451, .T. ) ;
#3035 = UNCERTAINTY_MEASURE_WITH_UNIT (LENGTH_MEASURE( 1.000000000000000082E-05 ), #2585, 'distance_accuracy_value', 'NONE');
#3036 = COLOUR_RGB ( '',0.8980392156862745390, 0.9176470588235293713, 0.9294117647058823817 ) ;
#3037 = SURFACE_STYLE_FILL_AREA ( #2961 ) ;
#3038 = CARTESIAN_POINT ( 'NONE',  ( -75.00000000000000000, -30.10000119205603042, -59.99999880441464484 ) ) ;
#3039 = ORIENTED_EDGE ( 'NONE', *, *, #6848, .F. ) ;
#3040 = DIRECTION ( 'NONE',  ( 0.000000000000000000, 0.000000000000000000, -1.000000000000000000 ) ) ;
#3041 = ORIENTED_EDGE ( 'NONE', *, *, #6462, .T. ) ;
#3042 = AXIS2_PLACEMENT_3D ( 'NONE', #4747, #566, #5363 ) ;
#3043 = VERTEX_POINT ( 'NONE', #6152 ) ;
#3044 = FILL_AREA_STYLE_COLOUR ( '', #3958 ) ;
#3045 = EDGE_CURVE ( 'NONE', #1555, #2202, #1903, .T. ) ;
#3046 = ORIENTED_EDGE ( 'NONE', *, *, #2046, .F. ) ;
#3047 = DIRECTION ( 'NONE',  ( 1.000000000000000000, 0.000000000000000000, -0.000000000000000000 ) ) ;
#3048 = FILL_AREA_STYLE ('',( #2347 ) ) ;
#3049 = FILL_AREA_STYLE ('',( #2611 ) ) ;
#3050 = COLOUR_RGB ( '',0.8980392156862745390, 0.9176470588235293713, 0.9294117647058823817 ) ;
#3051 = EDGE_CURVE ( 'NONE', #4474, #7058, #4336, .T. ) ;
#3052 =( GEOMETRIC_REPRESENTATION_CONTEXT ( 3 ) GLOBAL_UNCERTAINTY_ASSIGNED_CONTEXT ( ( #1052 ) ) GLOBAL_UNIT_ASSIGNED_CONTEXT ( ( #2322, #4135, #3542 ) ) REPRESENTATION_CONTEXT ( 'NONE', 'WORKASPACE' ) );
#3053 = FILL_AREA_STYLE_COLOUR ( '', #7123 ) ;
#3054 = CARTESIAN_POINT ( 'NONE',  ( 75.00000000000000000, -30.20000114037598493, -33.49999940536817178 ) ) ;
#3055 = PRESENTATION_LAYER_ASSIGNMENT (  '', '', ( #414 ) ) ;
#3056 = DIRECTION ( 'NONE',  ( 0.000000000000000000, -0.000000000000000000, -1.000000000000000000 ) ) ;
#3057 = VECTOR ( 'NONE', #5022, 1000.000000000000000 ) ;
#3058 = DIRECTION ( 'NONE',  ( -0.000000000000000000, 1.000000000000000000, 0.000000000000000000 ) ) ;
#3059 = DIRECTION ( 'NONE',  ( -1.000000000000000000, -0.000000000000000000, -0.000000000000000000 ) ) ;
#3060 = EDGE_CURVE ( 'NONE', #1320, #748, #4378, .T. ) ;
#3061 = FILL_AREA_STYLE ('',( #1853 ) ) ;
#3062 = ORIENTED_EDGE ( 'NONE', *, *, #2389, .F. ) ;
#3063 = VERTEX_POINT ( 'NONE', #597 ) ;
#3064 = UNCERTAINTY_MEASURE_WITH_UNIT (LENGTH_MEASURE( 1.000000000000000082E-05 ), #5467, 'distance_accuracy_value', 'NONE');
#3065 = SURFACE_STYLE_USAGE ( .BOTH. , #1774 ) ;
#3066 = VECTOR ( 'NONE', #5751, 1000.000000000000000 ) ;
#3067 = ORIENTED_EDGE ( 'NONE', *, *, #4579, .T. ) ;
#3068 = CARTESIAN_POINT ( 'NONE',  ( 75.00000000000000000, -30.20000114037598493, -35.50000159583875359 ) ) ;
#3069 = SURFACE_STYLE_FILL_AREA ( #3191 ) ;
#3070 = ORIENTED_EDGE ( 'NONE', *, *, #4631, .T. ) ;
#3071 = CARTESIAN_POINT ( 'NONE',  ( 75.00000000000000000, 17.19999871409140724, 40.30000032623447481 ) ) ;
#3072 = MECHANICAL_DESIGN_GEOMETRIC_PRESENTATION_REPRESENTATION (  '', ( #1066 ), #5108 ) ;
#3073 = COLOUR_RGB ( '',0.8980392156862745390, 0.9176470588235293713, 0.9294117647058823817 ) ;
#3074 =( NAMED_UNIT ( * ) PLANE_ANGLE_UNIT ( ) SI_UNIT ( $, .RADIAN. ) );
#3075 = FILL_AREA_STYLE ('',( #1395 ) ) ;
#3076 = EDGE_CURVE ( 'NONE', #7896, #4985, #4817, .T. ) ;
#3077 = ORIENTED_EDGE ( 'NONE', *, *, #4564, .T. ) ;
#3078 = VECTOR ( 'NONE', #1518, 1000.000000000000000 ) ;
#3079 =( NAMED_UNIT ( * ) PLANE_ANGLE_UNIT ( ) SI_UNIT ( $, .RADIAN. ) );
#3080 = FILL_AREA_STYLE_COLOUR ( '', #2934 ) ;
#3081 = AXIS2_PLACEMENT_3D ( 'NONE', #3131, #5586, #4180 ) ;
#3082 =( NAMED_UNIT ( * ) PLANE_ANGLE_UNIT ( ) SI_UNIT ( $, .RADIAN. ) );
#3083 = ORIENTED_EDGE ( 'NONE', *, *, #2966, .T. ) ;
#3084 = VECTOR ( 'NONE', #1918, 999.9999999999998863 ) ;
#3085 = LINE ( 'NONE', #5536, #3851 ) ;
#3086 = ORIENTED_EDGE ( 'NONE', *, *, #2812, .F. ) ;
#3087 = DIRECTION ( 'NONE',  ( 0.000000000000000000, 0.000000000000000000, -1.000000000000000000 ) ) ;
#3088 = PLANE ( 'NONE',  #1154 ) ;
#3089 = PRESENTATION_STYLE_ASSIGNMENT (( #697 ) ) ;
#3090 = MECHANICAL_DESIGN_GEOMETRIC_PRESENTATION_REPRESENTATION (  '', ( #4866 ), #4360 ) ;
#3091 = EDGE_CURVE ( 'NONE', #965, #4751, #1816, .T. ) ;
#3092 = UNCERTAINTY_MEASURE_WITH_UNIT (LENGTH_MEASURE( 1.000000000000000082E-05 ), #6116, 'distance_accuracy_value', 'NONE');
#3093 = VECTOR ( 'NONE', #148, 1000.000000000000000 ) ;
#3094 = DIRECTION ( 'NONE',  ( 0.000000000000000000, 0.9999999999999211742, 3.970625141956370795E-07 ) ) ;
#3095 = MECHANICAL_DESIGN_GEOMETRIC_PRESENTATION_REPRESENTATION (  '', ( #4226 ), #3339 ) ;
#3096 = PLANE ( 'NONE',  #1328 ) ;
#3097 = COLOUR_RGB ( '',0.8980392156862745390, 0.9176470588235293713, 0.9294117647058823817 ) ;
#3098 = DIRECTION ( 'NONE',  ( 0.000000000000000000, -0.000000000000000000, -1.000000000000000000 ) ) ;
#3099 = DIRECTION ( 'NONE',  ( 0.000000000000000000, -1.000000000000000000, 0.000000000000000000 ) ) ;
#3100 = CARTESIAN_POINT ( 'NONE',  ( 75.00000000000000000, -9.783615639116595375, -43.49999933702638089 ) ) ;
#3101 =( NAMED_UNIT ( * ) PLANE_ANGLE_UNIT ( ) SI_UNIT ( $, .RADIAN. ) );
#3102 = DIRECTION ( 'NONE',  ( 0.000000000000000000, 0.000000000000000000, -1.000000000000000000 ) ) ;
#3103 = EDGE_LOOP ( 'NONE', ( #7383, #488, #6561, #7604 ) ) ;
#3104 = EDGE_CURVE ( 'NONE', #5158, #3927, #3781, .T. ) ;
#3105 = LINE ( 'NONE', #7371, #7294 ) ;
#3106 =( NAMED_UNIT ( * ) SI_UNIT ( $, .STERADIAN. ) SOLID_ANGLE_UNIT ( ) );
#3107 = AXIS2_PLACEMENT_3D ( 'NONE', #3237, #3125, #1984 ) ;
#3108 = ORIENTED_EDGE ( 'NONE', *, *, #6822, .T. ) ;
#3109 = PRESENTATION_STYLE_ASSIGNMENT (( #7337 ) ) ;
#3110 = AXIS2_PLACEMENT_3D ( 'NONE', #4787, #1968, #5405 ) ;
#3111 = ORIENTED_EDGE ( 'NONE', *, *, #7798, .F. ) ;
#3112 = FILL_AREA_STYLE ('',( #2448 ) ) ;
#3113 = COLOUR_RGB ( '',0.8980392156862745390, 0.9176470588235293713, 0.9294117647058823817 ) ;
#3114 = DIRECTION ( 'NONE',  ( 0.000000000000000000, -1.000000000000000000, 0.000000000000000000 ) ) ;
#3115 = CARTESIAN_POINT ( 'NONE',  ( 75.00000000000000000, -23.19999911926677072, -42.50000021015917184 ) ) ;
#3116 = ORIENTED_EDGE ( 'NONE', *, *, #664, .T. ) ;
#3117 = PRESENTATION_STYLE_ASSIGNMENT (( #7574 ) ) ;
#3118 =( NAMED_UNIT ( * ) PLANE_ANGLE_UNIT ( ) SI_UNIT ( $, .RADIAN. ) );
#3119 = ORIENTED_EDGE ( 'NONE', *, *, #4734, .T. ) ;
#3120 = CARTESIAN_POINT ( 'NONE',  ( 75.00000000000000000, 30.49999982145801170, -29.50000070585011969 ) ) ;
#3121 = DIRECTION ( 'NONE',  ( 1.000000000000000000, 0.000000000000000000, 0.000000000000000000 ) ) ;
#3122 = VERTEX_POINT ( 'NONE', #6223 ) ;
#3123 = ADVANCED_FACE ( 'NONE', ( #3342 ), #7243, .T. ) ;
#3124 = CARTESIAN_POINT ( 'NONE',  ( -75.00000000000000000, 27.57378382795413074, -37.69999919639995056 ) ) ;
#3125 = DIRECTION ( 'NONE',  ( 0.000000000000000000, 1.000000000000000000, 0.000000000000000000 ) ) ;
#3126 = ORIENTED_EDGE ( 'NONE', *, *, #2943, .F. ) ;
#3127 = LINE ( 'NONE', #7434, #3390 ) ;
#3128 = PLANE ( 'NONE',  #1413 ) ;
#3129 = VECTOR ( 'NONE', #2656, 1000.000000000000000 ) ;
#3130 =( NAMED_UNIT ( * ) PLANE_ANGLE_UNIT ( ) SI_UNIT ( $, .RADIAN. ) );
#3131 = CARTESIAN_POINT ( 'NONE',  ( 75.00000000000000000, -32.49999880790716134, -59.99999880441464484 ) ) ;
#3132 = EDGE_CURVE ( 'NONE', #7498, #1873, #672, .T. ) ;
#3133 = DIRECTION ( 'NONE',  ( 0.000000000000000000, -0.9999999999999619194, -2.762530494791968176E-07 ) ) ;
#3134 = DIRECTION ( 'NONE',  ( 1.000000000000000000, 0.000000000000000000, -0.000000000000000000 ) ) ;
#3135 = FILL_AREA_STYLE ('',( #4204 ) ) ;
#3136 = DIRECTION ( 'NONE',  ( -1.000000000000000000, -0.000000000000000000, -0.000000000000000000 ) ) ;
#3137 = VECTOR ( 'NONE', #1742, 1000.000000000000000 ) ;
#3138 = VERTEX_POINT ( 'NONE', #4813 ) ;
#3139 =( NAMED_UNIT ( * ) PLANE_ANGLE_UNIT ( ) SI_UNIT ( $, .RADIAN. ) );
#3140 = VECTOR ( 'NONE', #5806, 1000.000000000000000 ) ;
#3141 = FACE_OUTER_BOUND ( 'NONE', #3594, .T. ) ;
#3142 = ORIENTED_EDGE ( 'NONE', *, *, #6629, .F. ) ;
#3143 = DIRECTION ( 'NONE',  ( 0.000000000000000000, 0.000000000000000000, 1.000000000000000000 ) ) ;
#3144 = CIRCLE ( 'NONE', #5705, 1.250000000000126121 ) ;
#3145 = LINE ( 'NONE', #5599, #904 ) ;
#3146 = SURFACE_STYLE_FILL_AREA ( #3702 ) ;
#3147 = ADVANCED_FACE ( 'NONE', ( #1263 ), #3578, .F. ) ;
#3148 = ORIENTED_EDGE ( 'NONE', *, *, #4140, .F. ) ;
#3149 = CARTESIAN_POINT ( 'NONE',  ( 75.00000000000000000, -30.20000114037598493, 35.50000072874227897 ) ) ;
#3150 =( NAMED_UNIT ( * ) SI_UNIT ( $, .STERADIAN. ) SOLID_ANGLE_UNIT ( ) );
#3151 =( NAMED_UNIT ( * ) PLANE_ANGLE_UNIT ( ) SI_UNIT ( $, .RADIAN. ) );
#3152 = ORIENTED_EDGE ( 'NONE', *, *, #3956, .F. ) ;
#3153 = LINE ( 'NONE', #1394, #3950 ) ;
#3154 = CARTESIAN_POINT ( 'NONE',  ( 75.00000000000000000, -19.20000119998040589, 42.50000001348644219 ) ) ;
#3155 = SURFACE_SIDE_STYLE ('',( #765 ) ) ;
#3156 = ADVANCED_FACE ( 'NONE', ( #2476 ), #5972, .F. ) ;
#3157 = ORIENTED_EDGE ( 'NONE', *, *, #7217, .F. ) ;
#3158 = CARTESIAN_POINT ( 'NONE',  ( -75.00000000000000000, -5.500000435858909853, 40.30000031343661249 ) ) ;
#3159 = ORIENTED_EDGE ( 'NONE', *, *, #3821, .T. ) ;
#3160 =( LENGTH_UNIT ( ) NAMED_UNIT ( * ) SI_UNIT ( .MILLI., .METRE. ) );
#3161 = ORIENTED_EDGE ( 'NONE', *, *, #930, .T. ) ;
#3162 = CARTESIAN_POINT ( 'NONE',  ( 75.00000000000000000, -30.10000061599796695, -46.99999849287573284 ) ) ;
#3163 = CARTESIAN_POINT ( 'NONE',  ( 75.00000000000000000, -11.80000044405465864, 40.30000031343661249 ) ) ;
#3164 = FILL_AREA_STYLE_COLOUR ( '', #5545 ) ;
#3165 = ORIENTED_EDGE ( 'NONE', *, *, #5877, .T. ) ;
#3166 = CARTESIAN_POINT ( 'NONE',  ( 75.00000000000000000, -23.19999911926677072, -42.50000021015917184 ) ) ;
#3167 = DIRECTION ( 'NONE',  ( -1.000000000000000000, 0.000000000000000000, -0.000000000000000000 ) ) ;
#3168 = VECTOR ( 'NONE', #3401, 1000.000000000000000 ) ;
#3169 = LINE ( 'NONE', #1295, #3517 ) ;
#3170 =( LENGTH_UNIT ( ) NAMED_UNIT ( * ) SI_UNIT ( .MILLI., .METRE. ) );
#3171 = CARTESIAN_POINT ( 'NONE',  ( 75.00000000000000000, -30.20000114037598493, -37.49999819837400139 ) ) ;
#3172 = LINE ( 'NONE', #5732, #6414 ) ;
#3173 = DIRECTION ( 'NONE',  ( 0.000000000000000000, -0.000000000000000000, 1.000000000000000000 ) ) ;
#3174 = PRESENTATION_LAYER_ASSIGNMENT (  '', '', ( #2163 ) ) ;
#3175 = DIRECTION ( 'NONE',  ( 0.000000000000000000, 0.000000000000000000, -1.000000000000000000 ) ) ;
#3176 = EDGE_CURVE ( 'NONE', #2673, #5055, #5695, .T. ) ;
#3177 = VECTOR ( 'NONE', #80, 1000.000000000000000 ) ;
#3178 = PLANE ( 'NONE',  #1627 ) ;
#3179 = EDGE_LOOP ( 'NONE', ( #5395, #2248, #6643, #2604 ) ) ;
#3180 = FILL_AREA_STYLE_COLOUR ( '', #3928 ) ;
#3181 =( LENGTH_UNIT ( ) NAMED_UNIT ( * ) SI_UNIT ( .MILLI., .METRE. ) );
#3182 = LINE ( 'NONE', #1268, #6927 ) ;
#3183 =( NAMED_UNIT ( * ) SI_UNIT ( $, .STERADIAN. ) SOLID_ANGLE_UNIT ( ) );
#3184 = VECTOR ( 'NONE', #1161, 1000.000000000000000 ) ;
#3185 = AXIS2_PLACEMENT_3D ( 'NONE', #6020, #1812, #7331 ) ;
#3186 = CARTESIAN_POINT ( 'NONE',  ( 75.00000000000000000, -27.40000030889110860, -33.49999940536817178 ) ) ;
#3187 = UNCERTAINTY_MEASURE_WITH_UNIT (LENGTH_MEASURE( 1.000000000000000082E-05 ), #4183, 'distance_accuracy_value', 'NONE');
#3188 = VERTEX_POINT ( 'NONE', #1451 ) ;
#3189 = ADVANCED_FACE ( 'NONE', ( #6144 ), #3178, .F. ) ;
#3190 = LINE ( 'NONE', #5564, #5243 ) ;
#3191 = FILL_AREA_STYLE ('',( #1275 ) ) ;
#3192 = FACE_OUTER_BOUND ( 'NONE', #5142, .T. ) ;
#3193 = ORIENTED_EDGE ( 'NONE', *, *, #2025, .T. ) ;
#3194 =( LENGTH_UNIT ( ) NAMED_UNIT ( * ) SI_UNIT ( .MILLI., .METRE. ) );
#3195 = CYLINDRICAL_SURFACE ( 'NONE', #6875, 1.250000000000056621 ) ;
#3196 = SURFACE_STYLE_USAGE ( .BOTH. , #6789 ) ;
#3197 = AXIS2_PLACEMENT_3D ( 'NONE', #1125, #7789, #6518 ) ;
#3198 = EDGE_LOOP ( 'NONE', ( #7204, #3638, #3039, #3965 ) ) ;
#3199 = LINE ( 'NONE', #809, #1319 ) ;
#3200 = ORIENTED_EDGE ( 'NONE', *, *, #6753, .F. ) ;
#3201 = COLOUR_RGB ( '',0.8980392156862745390, 0.9176470588235293713, 0.9294117647058823817 ) ;
#3202 = SURFACE_STYLE_USAGE ( .BOTH. , #1400 ) ;
#3203 = ORIENTED_EDGE ( 'NONE', *, *, #5645, .F. ) ;
#3204 = CARTESIAN_POINT ( 'NONE',  ( 75.00000000000000000, 17.19999732649655400, -42.50000030364437009 ) ) ;
#3205 = ADVANCED_FACE ( 'NONE', ( #5625 ), #5015, .F. ) ;
#3206 = DIRECTION ( 'NONE',  ( -1.000000000000000000, -0.000000000000000000, -0.000000000000000000 ) ) ;
#3207 = FACE_OUTER_BOUND ( 'NONE', #7831, .T. ) ;
#3208 = FILL_AREA_STYLE_COLOUR ( '', #3966 ) ;
#3209 = VECTOR ( 'NONE', #1673, 1000.000000000000114 ) ;
#3210 =( GEOMETRIC_REPRESENTATION_CONTEXT ( 3 ) GLOBAL_UNCERTAINTY_ASSIGNED_CONTEXT ( ( #2194 ) ) GLOBAL_UNIT_ASSIGNED_CONTEXT ( ( #1330, #1928, #5079 ) ) REPRESENTATION_CONTEXT ( 'NONE', 'WORKASPACE' ) );
#3211 = PRESENTATION_STYLE_ASSIGNMENT (( #6809 ) ) ;
#3212 = FACE_OUTER_BOUND ( 'NONE', #1775, .T. ) ;
#3213 = LINE ( 'NONE', #7553, #3140 ) ;
#3214 = DIRECTION ( 'NONE',  ( -1.000000000000000000, -0.000000000000000000, -0.000000000000000000 ) ) ;
#3215 = AXIS2_PLACEMENT_3D ( 'NONE', #25, #7893, #750 ) ;
#3216 = CARTESIAN_POINT ( 'NONE',  ( 75.00000000000000000, -30.20000114037598493, 31.50000007309129657 ) ) ;
#3217 = DIRECTION ( 'NONE',  ( -1.000000000000000000, 0.000000000000000000, -0.000000000000000000 ) ) ;
#3218 = FILL_AREA_STYLE_COLOUR ( '', #98 ) ;
#3219 = AXIS2_PLACEMENT_3D ( 'NONE', #7356, #4278, #6729 ) ;
#3220 = COLOUR_RGB ( '',0.8980392156862745390, 0.9176470588235293713, 0.9294117647058823817 ) ;
#3221 = EDGE_LOOP ( 'NONE', ( #7049, #1732, #7333, #3480 ) ) ;
#3222 = CARTESIAN_POINT ( 'NONE',  ( 75.00000000000000000, 32.49999986189348533, 40.00000133456496343 ) ) ;
#3223 = EDGE_CURVE ( 'NONE', #335, #6709, #5054, .T. ) ;
#3224 = CARTESIAN_POINT ( 'NONE',  ( -75.00000000000000000, -5.500001823453763983, -40.30000030276743672 ) ) ;
#3225 = EDGE_LOOP ( 'NONE', ( #4420, #5948, #6086, #3346 ) ) ;
#3226 =( GEOMETRIC_REPRESENTATION_CONTEXT ( 3 ) GLOBAL_UNCERTAINTY_ASSIGNED_CONTEXT ( ( #6050 ) ) GLOBAL_UNIT_ASSIGNED_CONTEXT ( ( #5195, #5277, #7052 ) ) REPRESENTATION_CONTEXT ( 'NONE', 'WORKASPACE' ) );
#3227 = SURFACE_SIDE_STYLE ('',( #3819 ) ) ;
#3228 = EDGE_LOOP ( 'NONE', ( #353, #4715, #4832, #1196 ) ) ;
#3229 = ADVANCED_FACE ( 'NONE', ( #6292 ), #3250, .F. ) ;
#3230 =( NAMED_UNIT ( * ) SI_UNIT ( $, .STERADIAN. ) SOLID_ANGLE_UNIT ( ) );
#3231 = ORIENTED_EDGE ( 'NONE', *, *, #6234, .F. ) ;
#3232 = FACE_OUTER_BOUND ( 'NONE', #727, .T. ) ;
#3233 = SURFACE_SIDE_STYLE ('',( #690 ) ) ;
#3234 = ORIENTED_EDGE ( 'NONE', *, *, #2144, .T. ) ;
#3235 = SURFACE_STYLE_FILL_AREA ( #7462 ) ;
#3236 = DIRECTION ( 'NONE',  ( -1.000000000000000000, 0.000000000000000000, -0.000000000000000000 ) ) ;
#3237 = CARTESIAN_POINT ( 'NONE',  ( 75.00000000000000000, -11.80000044405465864, 40.30000031343661249 ) ) ;
#3238 = PRESENTATION_STYLE_ASSIGNMENT (( #5692 ) ) ;
#3239 = FACE_OUTER_BOUND ( 'NONE', #1943, .T. ) ;
#3240 = EDGE_CURVE ( 'NONE', #7378, #2815, #6456, .T. ) ;
#3241 = LINE ( 'NONE', #2140, #278 ) ;
#3242 = SURFACE_SIDE_STYLE ('',( #6888 ) ) ;
#3243 = VECTOR ( 'NONE', #4526, 1000.000000000000000 ) ;
#3244 = EDGE_CURVE ( 'NONE', #6742, #2914, #2193, .T. ) ;
#3245 = SURFACE_STYLE_FILL_AREA ( #5127 ) ;
#3246 = PRESENTATION_LAYER_ASSIGNMENT (  '', '', ( #1123 ) ) ;
#3247 = DIRECTION ( 'NONE',  ( 0.000000000000000000, 1.000000000000000000, 0.000000000000000000 ) ) ;
#3248 =( GEOMETRIC_REPRESENTATION_CONTEXT ( 3 ) GLOBAL_UNCERTAINTY_ASSIGNED_CONTEXT ( ( #2978 ) ) GLOBAL_UNIT_ASSIGNED_CONTEXT ( ( #390, #1694, #5226 ) ) REPRESENTATION_CONTEXT ( 'NONE', 'WORKASPACE' ) );
#3249 = MECHANICAL_DESIGN_GEOMETRIC_PRESENTATION_REPRESENTATION (  '', ( #4399 ), #4910 ) ;
#3250 = PLANE ( 'NONE',  #629 ) ;
#3251 = ORIENTED_EDGE ( 'NONE', *, *, #3714, .F. ) ;
#3252 = CARTESIAN_POINT ( 'NONE',  ( -75.00000000000000000, -11.79999985836419718, -40.30000022208010080 ) ) ;
#3253 = FILL_AREA_STYLE_COLOUR ( '', #2710 ) ;
#3254 = VECTOR ( 'NONE', #631, 1000.000000000000000 ) ;
#3255 = CARTESIAN_POINT ( 'NONE',  ( 75.00000000000000000, -21.40000031433978478, -40.30000022208010080 ) ) ;
#3256 = CARTESIAN_POINT ( 'NONE',  ( 75.00000000000000000, -23.19999999298656945, 42.50000001348644219 ) ) ;
#3257 = CIRCLE ( 'NONE', #5940, 4.999999244473515958 ) ;
#3258 = ADVANCED_FACE ( 'NONE', ( #2273 ), #3952, .F. ) ;
#3259 = UNCERTAINTY_MEASURE_WITH_UNIT (LENGTH_MEASURE( 1.000000000000000082E-05 ), #6348, 'distance_accuracy_value', 'NONE');
#3260 = ORIENTED_EDGE ( 'NONE', *, *, #6110, .F. ) ;
#3261 = VECTOR ( 'NONE', #5362, 1000.000000000000000 ) ;
#3262 =( NAMED_UNIT ( * ) SI_UNIT ( $, .STERADIAN. ) SOLID_ANGLE_UNIT ( ) );
#3263 = SURFACE_STYLE_FILL_AREA ( #193 ) ;
#3264 = ORIENTED_EDGE ( 'NONE', *, *, #3004, .T. ) ;
#3265 = LINE ( 'NONE', #3855, #7548 ) ;
#3266 = PRESENTATION_LAYER_ASSIGNMENT (  '', '', ( #2398 ) ) ;
#3267 = ADVANCED_FACE ( 'NONE', ( #5254 ), #2774, .F. ) ;
#3268 = ORIENTED_EDGE ( 'NONE', *, *, #3630, .T. ) ;
#3269 = LINE ( 'NONE', #6964, #946 ) ;
#3270 = ORIENTED_EDGE ( 'NONE', *, *, #2326, .F. ) ;
#3271 = DIRECTION ( 'NONE',  ( -1.000000000000000000, -0.000000000000000000, -0.000000000000000000 ) ) ;
#3272 = DIRECTION ( 'NONE',  ( 0.000000000000000000, 0.000000000000000000, -1.000000000000000000 ) ) ;
#3273 =( LENGTH_UNIT ( ) NAMED_UNIT ( * ) SI_UNIT ( .MILLI., .METRE. ) );
#3274 = VECTOR ( 'NONE', #225, 1000.000000000000000 ) ;
#3275 = SURFACE_SIDE_STYLE ('',( #6886 ) ) ;
#3276 = ORIENTED_EDGE ( 'NONE', *, *, #1165, .T. ) ;
#3277 = LINE ( 'NONE', #2650, #1638 ) ;
#3278 =( GEOMETRIC_REPRESENTATION_CONTEXT ( 3 ) GLOBAL_UNCERTAINTY_ASSIGNED_CONTEXT ( ( #5498 ) ) GLOBAL_UNIT_ASSIGNED_CONTEXT ( ( #6013, #5589, #2471 ) ) REPRESENTATION_CONTEXT ( 'NONE', 'WORKASPACE' ) );
#3279 = ADVANCED_FACE ( 'NONE', ( #2425 ), #1211, .F. ) ;
#3280 =( NAMED_UNIT ( * ) SI_UNIT ( $, .STERADIAN. ) SOLID_ANGLE_UNIT ( ) );
#3281 = ORIENTED_EDGE ( 'NONE', *, *, #6358, .F. ) ;
#3282 = SURFACE_SIDE_STYLE ('',( #2771 ) ) ;
#3283 =( NAMED_UNIT ( * ) SI_UNIT ( $, .STERADIAN. ) SOLID_ANGLE_UNIT ( ) );
#3284 = CARTESIAN_POINT ( 'NONE',  ( 75.00000000000000000, -11.80000044405465864, 40.30000031343661249 ) ) ;
#3285 = AXIS2_PLACEMENT_3D ( 'NONE', #620, #6131, #3647 ) ;
#3286 = ORIENTED_EDGE ( 'NONE', *, *, #2389, .T. ) ;
#3287 = VECTOR ( 'NONE', #6558, 1000.000000000000000 ) ;
#3288 = DIRECTION ( 'NONE',  ( 0.000000000000000000, 1.000000000000000000, 0.000000000000000000 ) ) ;
#3289 = SURFACE_SIDE_STYLE ('',( #3378 ) ) ;
#3290 = EDGE_CURVE ( 'NONE', #4272, #4635, #5424, .T. ) ;
#3291 = CARTESIAN_POINT ( 'NONE',  ( 75.00000000000000000, 25.59999954644940345, 39.80058000800222828 ) ) ;
#3292 = CIRCLE ( 'NONE', #1043, 1.250000000000001110 ) ;
#3293 = VERTEX_POINT ( 'NONE', #2467 ) ;
#3294 = ADVANCED_FACE ( 'NONE', ( #4240 ), #7273, .T. ) ;
#3295 = FILL_AREA_STYLE_COLOUR ( '', #3300 ) ;
#3296 = DIRECTION ( 'NONE',  ( -1.000000000000000000, -0.000000000000000000, -0.000000000000000000 ) ) ;
#3297 = VECTOR ( 'NONE', #3930, 1000.000000000000000 ) ;
#3298 = COLOUR_RGB ( '',0.8980392156862745390, 0.9176470588235293713, 0.9294117647058823817 ) ;
#3299 = VERTEX_POINT ( 'NONE', #1757 ) ;
#3300 = COLOUR_RGB ( '',0.8980392156862745390, 0.9176470588235293713, 0.9294117647058823817 ) ;
#3301 = SURFACE_SIDE_STYLE ('',( #5716 ) ) ;
#3302 = MECHANICAL_DESIGN_GEOMETRIC_PRESENTATION_REPRESENTATION (  '', ( #6893 ), #3435 ) ;
#3303 = ORIENTED_EDGE ( 'NONE', *, *, #4045, .T. ) ;
#3304 = DIRECTION ( 'NONE',  ( 1.000000000000000000, 0.000000000000000000, -0.000000000000000000 ) ) ;
#3305 = CARTESIAN_POINT ( 'NONE',  ( -75.00000000000000000, -11.80000044405465864, 43.49999860278330743 ) ) ;
#3306 =( NAMED_UNIT ( * ) SI_UNIT ( $, .STERADIAN. ) SOLID_ANGLE_UNIT ( ) );
#3307 = VERTEX_POINT ( 'NONE', #1797 ) ;
#3308 = LINE ( 'NONE', #5149, #7721 ) ;
#3309 = FILL_AREA_STYLE_COLOUR ( '', #6018 ) ;
#3310 = LINE ( 'NONE', #6395, #2128 ) ;
#3311 = EDGE_CURVE ( 'NONE', #7558, #5559, #4198, .T. ) ;
#3312 = DIRECTION ( 'NONE',  ( 0.000000000000000000, 0.000000000000000000, -1.000000000000000000 ) ) ;
#3313 = PRESENTATION_STYLE_ASSIGNMENT (( #2799 ) ) ;
#3314 = VERTEX_POINT ( 'NONE', #625 ) ;
#3315 = FILL_AREA_STYLE_COLOUR ( '', #3774 ) ;
#3316 =( GEOMETRIC_REPRESENTATION_CONTEXT ( 3 ) GLOBAL_UNCERTAINTY_ASSIGNED_CONTEXT ( ( #2833 ) ) GLOBAL_UNIT_ASSIGNED_CONTEXT ( ( #314, #2719, #7613 ) ) REPRESENTATION_CONTEXT ( 'NONE', 'WORKASPACE' ) );
#3317 = SURFACE_SIDE_STYLE ('',( #2729 ) ) ;
#3318 = VERTEX_POINT ( 'NONE', #136 ) ;
#3319 = SURFACE_STYLE_FILL_AREA ( #897 ) ;
#3320 = ORIENTED_EDGE ( 'NONE', *, *, #7575, .F. ) ;
#3321 = LINE ( 'NONE', #255, #5936 ) ;
#3322 = EDGE_CURVE ( 'NONE', #7723, #3293, #2544, .T. ) ;
#3323 = AXIS2_PLACEMENT_3D ( 'NONE', #3450, #4421, #3413 ) ;
#3324 = LINE ( 'NONE', #1447, #5718 ) ;
#3325 = STYLED_ITEM ( 'NONE', ( #4986 ), #5569 ) ;
#3326 = ORIENTED_EDGE ( 'NONE', *, *, #3176, .F. ) ;
#3327 = PRESENTATION_LAYER_ASSIGNMENT (  '', '', ( #3587 ) ) ;
#3328 = CARTESIAN_POINT ( 'NONE',  ( 75.00000000000000000, 27.57378382795079474, 37.50000096307993402 ) ) ;
#3329 = DIRECTION ( 'NONE',  ( -1.000000000000000000, -0.000000000000000000, -0.000000000000000000 ) ) ;
#3330 = CARTESIAN_POINT ( 'NONE',  ( 75.00000000000000000, 28.04999960585698915, 40.25000027745841180 ) ) ;
#3331 = VECTOR ( 'NONE', #7091, 1000.000000000000000 ) ;
#3332 = FACE_OUTER_BOUND ( 'NONE', #3705, .T. ) ;
#3333 = UNCERTAINTY_MEASURE_WITH_UNIT (LENGTH_MEASURE( 1.000000000000000082E-05 ), #5673, 'distance_accuracy_value', 'NONE');
#3334 = PRESENTATION_LAYER_ASSIGNMENT (  '', '', ( #5772 ) ) ;
#3335 = EDGE_CURVE ( 'NONE', #7389, #2203, #248, .T. ) ;
#3336 = ORIENTED_EDGE ( 'NONE', *, *, #4306, .F. ) ;
#3337 = CARTESIAN_POINT ( 'NONE',  ( -75.00000000000000000, 17.19999732649655400, -42.50000030364437009 ) ) ;
#3338 = DIRECTION ( 'NONE',  ( -1.000000000000000000, -0.000000000000000000, -0.000000000000000000 ) ) ;
#3339 =( GEOMETRIC_REPRESENTATION_CONTEXT ( 3 ) GLOBAL_UNCERTAINTY_ASSIGNED_CONTEXT ( ( #458 ) ) GLOBAL_UNIT_ASSIGNED_CONTEXT ( ( #6778, #4893, #3106 ) ) REPRESENTATION_CONTEXT ( 'NONE', 'WORKASPACE' ) );
#3340 = ORIENTED_EDGE ( 'NONE', *, *, #5294, .F. ) ;
#3341 = AXIS2_PLACEMENT_3D ( 'NONE', #5825, #350, #6617 ) ;
#3342 = FACE_OUTER_BOUND ( 'NONE', #3438, .T. ) ;
#3343 = DIRECTION ( 'NONE',  ( -1.000000000000000000, -0.000000000000000000, -0.000000000000000000 ) ) ;
#3344 = STYLED_ITEM ( 'NONE', ( #4681 ), #6658 ) ;
#3345 = STYLED_ITEM ( 'NONE', ( #7782 ), #5552 ) ;
#3346 = ORIENTED_EDGE ( 'NONE', *, *, #7214, .T. ) ;
#3347 = DIRECTION ( 'NONE',  ( 0.000000000000000000, -0.000000000000000000, -1.000000000000000000 ) ) ;
#3348 = CARTESIAN_POINT ( 'NONE',  ( 75.00000000000000000, 30.49999982145801170, -31.49999917103074054 ) ) ;
#3349 = DIRECTION ( 'NONE',  ( 0.000000000000000000, 0.000000000000000000, 1.000000000000000000 ) ) ;
#3350 = ORIENTED_EDGE ( 'NONE', *, *, #7464, .T. ) ;
#3351 = CARTESIAN_POINT ( 'NONE',  ( 75.00000000000000000, -32.49999880790716134, 44.84999910346232355 ) ) ;
#3352 = CARTESIAN_POINT ( 'NONE',  ( 75.00000000000000000, -19.20000119998040589, 42.50000001348644219 ) ) ;
#3353 = LINE ( 'NONE', #7739, #4241 ) ;
#3354 = DIRECTION ( 'NONE',  ( -1.000000000000000000, -0.000000000000000000, -0.000000000000000000 ) ) ;
#3355 = CARTESIAN_POINT ( 'NONE',  ( -75.00000000000000000, -19.20000032626060360, -40.30000022208010080 ) ) ;
#3356 = FACE_OUTER_BOUND ( 'NONE', #6410, .T. ) ;
#3357 =( NAMED_UNIT ( * ) PLANE_ANGLE_UNIT ( ) SI_UNIT ( $, .RADIAN. ) );
#3358 = ORIENTED_EDGE ( 'NONE', *, *, #3782, .F. ) ;
#3359 =( LENGTH_UNIT ( ) NAMED_UNIT ( * ) SI_UNIT ( .MILLI., .METRE. ) );
#3360 =( LENGTH_UNIT ( ) NAMED_UNIT ( * ) SI_UNIT ( .MILLI., .METRE. ) );
#3361 = CYLINDRICAL_SURFACE ( 'NONE', #220, 1.250000000000126121 ) ;
#3362 = STYLED_ITEM ( 'NONE', ( #6290 ), #1861 ) ;
#3363 = FILL_AREA_STYLE ('',( #412 ) ) ;
#3364 = ORIENTED_EDGE ( 'NONE', *, *, #5252, .T. ) ;
#3365 =( LENGTH_UNIT ( ) NAMED_UNIT ( * ) SI_UNIT ( .MILLI., .METRE. ) );
#3366 = FILL_AREA_STYLE_COLOUR ( '', #1917 ) ;
#3367 = DIRECTION ( 'NONE',  ( 0.000000000000000000, 0.000000000000000000, 1.000000000000000000 ) ) ;
#3368 = PRESENTATION_LAYER_ASSIGNMENT (  '', '', ( #7605 ) ) ;
#3369 = AXIS2_PLACEMENT_3D ( 'NONE', #455, #2896, #3521 ) ;
#3370 =( NAMED_UNIT ( * ) PLANE_ANGLE_UNIT ( ) SI_UNIT ( $, .RADIAN. ) );
#3371 = UNCERTAINTY_MEASURE_WITH_UNIT (LENGTH_MEASURE( 1.000000000000000082E-05 ), #2526, 'distance_accuracy_value', 'NONE');
#3372 = ORIENTED_EDGE ( 'NONE', *, *, #6358, .T. ) ;
#3373 = EDGE_CURVE ( 'NONE', #7126, #7860, #4966, .T. ) ;
#3374 = CARTESIAN_POINT ( 'NONE',  ( 75.00000000000000000, -11.80000044405465864, 45.00000164262019098 ) ) ;
#3375 = COLOUR_RGB ( '',0.8980392156862745390, 0.9176470588235293713, 0.9294117647058823817 ) ;
#3376 = STYLED_ITEM ( 'NONE', ( #6741 ), #3156 ) ;
#3377 = LINE ( 'NONE', #5932, #7457 ) ;
#3378 = SURFACE_STYLE_FILL_AREA ( #3886 ) ;
#3379 = COLOUR_RGB ( '',0.8980392156862745390, 0.9176470588235293713, 0.9294117647058823817 ) ;
#3380 = UNCERTAINTY_MEASURE_WITH_UNIT (LENGTH_MEASURE( 1.000000000000000082E-05 ), #4760, 'distance_accuracy_value', 'NONE');
#3381 = AXIS2_PLACEMENT_3D ( 'NONE', #6702, #3659, #5508 ) ;
#3382 = ORIENTED_EDGE ( 'NONE', *, *, #174, .F. ) ;
#3383 = ADVANCED_FACE ( 'NONE', ( #6891 ), #2028, .T. ) ;
#3384 = CARTESIAN_POINT ( 'NONE',  ( 75.00000000000000000, -11.80000044405465864, 40.30000031343661249 ) ) ;
#3385 = FILL_AREA_STYLE_COLOUR ( '', #5769 ) ;
#3386 = EDGE_LOOP ( 'NONE', ( #7426, #5962, #5920, #2781 ) ) ;
#3387 = FACE_OUTER_BOUND ( 'NONE', #3516, .T. ) ;
#3388 = EDGE_CURVE ( 'NONE', #5411, #1290, #3169, .T. ) ;
#3389 = DIRECTION ( 'NONE',  ( 0.000000000000000000, 0.000000000000000000, -1.000000000000000000 ) ) ;
#3390 = VECTOR ( 'NONE', #5579, 1000.000000000000000 ) ;
#3391 = EDGE_CURVE ( 'NONE', #5923, #3138, #3144, .T. ) ;
#3392 = EDGE_LOOP ( 'NONE', ( #1026, #5489, #785, #2750, #4792, #6100, #1867, #532, #4863, #5491, #3382, #4682, #3506, #4940, #6901, #5520, #6683, #2141, #915, #3062, #7822, #6745, #5348, #7306, #366, #7501, #3519, #7630, #1388, #7355, #990, #5828, #44, #5267, #2370, #3281, #1111, #3200, #4603, #2182, #5824, #1778, #6197, #296, #5865, #6499, #5432, #5608, #2721, #4468, #3433, #338, #1485, #688, #3012, #1414, #349, #831, #3251, #1970, #6565, #3562, #3589, #4550, #5944, #2527, #2411, #799, #6939, #6422, #5329, #5571, #4772, #4141, #1550, #4281, #4523 ) ) ;
#3393 =( GEOMETRIC_REPRESENTATION_CONTEXT ( 3 ) GLOBAL_UNCERTAINTY_ASSIGNED_CONTEXT ( ( #3674 ) ) GLOBAL_UNIT_ASSIGNED_CONTEXT ( ( #4287, #3801, #6246 ) ) REPRESENTATION_CONTEXT ( 'NONE', 'WORKASPACE' ) );
#3394 = DIRECTION ( 'NONE',  ( -1.000000000000000000, -0.000000000000000000, -0.000000000000000000 ) ) ;
#3395 = CARTESIAN_POINT ( 'NONE',  ( -75.00000000000000000, -28.15000165596212867, 40.24999974556125437 ) ) ;
#3396 = DIRECTION ( 'NONE',  ( -1.000000000000000000, -0.000000000000000000, -0.000000000000000000 ) ) ;
#3397 = ORIENTED_EDGE ( 'NONE', *, *, #5973, .T. ) ;
#3398 = DIRECTION ( 'NONE',  ( 1.000000000000000000, 0.000000000000000000, 0.000000000000000000 ) ) ;
#3399 = CARTESIAN_POINT ( 'NONE',  ( 75.00000000000000000, -27.40000030889110860, 31.50000007309129657 ) ) ;
#3400 = LINE ( 'NONE', #2215, #3137 ) ;
#3401 = DIRECTION ( 'NONE',  ( 0.000000000000000000, -1.000000000000000000, 0.000000000000000000 ) ) ;
#3402 = PLANE ( 'NONE',  #5082 ) ;
#3403 =( NAMED_UNIT ( * ) PLANE_ANGLE_UNIT ( ) SI_UNIT ( $, .RADIAN. ) );
#3404 = ORIENTED_EDGE ( 'NONE', *, *, #3335, .F. ) ;
#3405 = PLANE ( 'NONE',  #6205 ) ;
#3406 = MECHANICAL_DESIGN_GEOMETRIC_PRESENTATION_REPRESENTATION (  '', ( #6598 ), #2905 ) ;
#3407 = DIRECTION ( 'NONE',  ( -0.000000000000000000, -0.000000000000000000, 1.000000000000000000 ) ) ;
#3408 = SURFACE_SIDE_STYLE ('',( #2226 ) ) ;
#3409 = ORIENTED_EDGE ( 'NONE', *, *, #7602, .F. ) ;
#3410 = DIRECTION ( 'NONE',  ( 1.000000000000000000, 0.000000000000000000, 0.000000000000000000 ) ) ;
#3411 =( GEOMETRIC_REPRESENTATION_CONTEXT ( 3 ) GLOBAL_UNCERTAINTY_ASSIGNED_CONTEXT ( ( #2465 ) ) GLOBAL_UNIT_ASSIGNED_CONTEXT ( ( #4367, #299, #3283 ) ) REPRESENTATION_CONTEXT ( 'NONE', 'WORKASPACE' ) );
#3412 = ORIENTED_EDGE ( 'NONE', *, *, #4932, .T. ) ;
#3413 = DIRECTION ( 'NONE',  ( 0.000000000000000000, -0.000000000000000000, 1.000000000000000000 ) ) ;
#3414 = CARTESIAN_POINT ( 'NONE',  ( -75.00000000000000000, -1.689490045283340569, -42.50000030364437009 ) ) ;
#3415 = CYLINDRICAL_SURFACE ( 'NONE', #2468, 0.1999999999999640954 ) ;
#3416 = MECHANICAL_DESIGN_GEOMETRIC_PRESENTATION_REPRESENTATION (  '', ( #5843 ), #6743 ) ;
#3417 =( LENGTH_UNIT ( ) NAMED_UNIT ( * ) SI_UNIT ( .MILLI., .METRE. ) );
#3418 = ADVANCED_FACE ( 'NONE', ( #5621 ), #175, .T. ) ;
#3419 = ORIENTED_EDGE ( 'NONE', *, *, #1978, .F. ) ;
#3420 =( GEOMETRIC_REPRESENTATION_CONTEXT ( 3 ) GLOBAL_UNCERTAINTY_ASSIGNED_CONTEXT ( ( #7271 ) ) GLOBAL_UNIT_ASSIGNED_CONTEXT ( ( #233, #4949, #3230 ) ) REPRESENTATION_CONTEXT ( 'NONE', 'WORKASPACE' ) );
#3421 = DIRECTION ( 'NONE',  ( 0.000000000000000000, 0.000000000000000000, -1.000000000000000000 ) ) ;
#3422 = ORIENTED_EDGE ( 'NONE', *, *, #5594, .T. ) ;
#3423 =( GEOMETRIC_REPRESENTATION_CONTEXT ( 3 ) GLOBAL_UNCERTAINTY_ASSIGNED_CONTEXT ( ( #7885 ) ) GLOBAL_UNIT_ASSIGNED_CONTEXT ( ( #40, #7300, #2489 ) ) REPRESENTATION_CONTEXT ( 'NONE', 'WORKASPACE' ) );
#3424 = EDGE_CURVE ( 'NONE', #425, #5062, #5697, .T. ) ;
#3425 = PRESENTATION_LAYER_ASSIGNMENT (  '', '', ( #5611 ) ) ;
#3426 = CARTESIAN_POINT ( 'NONE',  ( 0.000000000000000000, 0.000000000000000000, 0.000000000000000000 ) ) ;
#3427 = DIRECTION ( 'NONE',  ( 0.000000000000000000, 1.000000000000000000, 0.000000000000000000 ) ) ;
#3428 = EDGE_LOOP ( 'NONE', ( #2569, #3086, #7297, #3682 ) ) ;
#3429 = VECTOR ( 'NONE', #2753, 1000.000000000000000 ) ;
#3430 = AXIS2_PLACEMENT_3D ( 'NONE', #387, #4613, #3964 ) ;
#3431 = SURFACE_SIDE_STYLE ('',( #5147 ) ) ;
#3432 = LINE ( 'NONE', #4784, #2826 ) ;
#3433 = ORIENTED_EDGE ( 'NONE', *, *, #1229, .F. ) ;
#3434 = FILL_AREA_STYLE ('',( #3976 ) ) ;
#3435 =( GEOMETRIC_REPRESENTATION_CONTEXT ( 3 ) GLOBAL_UNCERTAINTY_ASSIGNED_CONTEXT ( ( #7722 ) ) GLOBAL_UNIT_ASSIGNED_CONTEXT ( ( #2169, #315, #395 ) ) REPRESENTATION_CONTEXT ( 'NONE', 'WORKASPACE' ) );
#3436 = PLANE ( 'NONE',  #7072 ) ;
#3437 = VECTOR ( 'NONE', #593, 1000.000000000000000 ) ;
#3438 = EDGE_LOOP ( 'NONE', ( #3924, #1532, #1151, #5635 ) ) ;
#3439 = CARTESIAN_POINT ( 'NONE',  ( -75.00000000000000000, -11.80000073208399947, 41.65000052608650094 ) ) ;
#3440 = EDGE_CURVE ( 'NONE', #5956, #1003, #2183, .T. ) ;
#3441 = VERTEX_POINT ( 'NONE', #4558 ) ;
#3442 = CARTESIAN_POINT ( 'NONE',  ( 75.00000000000000000, -32.49999880790716134, 4.849999997531995177 ) ) ;
#3443 = ORIENTED_EDGE ( 'NONE', *, *, #6977, .T. ) ;
#3444 = DIRECTION ( 'NONE',  ( 0.000000000000000000, 0.8660254037844389297, -0.4999999999999996114 ) ) ;
#3445 = FILL_AREA_STYLE_COLOUR ( '', #5338 ) ;
#3446 = DIRECTION ( 'NONE',  ( -1.000000000000000000, -0.000000000000000000, -0.000000000000000000 ) ) ;
#3447 = VECTOR ( 'NONE', #610, 1000.000000000000000 ) ;
#3448 = UNCERTAINTY_MEASURE_WITH_UNIT (LENGTH_MEASURE( 1.000000000000000082E-05 ), #3672, 'distance_accuracy_value', 'NONE');
#3449 = ORIENTED_EDGE ( 'NONE', *, *, #5729, .T. ) ;
#3450 = CARTESIAN_POINT ( 'NONE',  ( 75.00000000000000000, 30.49999982145801170, 33.50000030742884150 ) ) ;
#3451 = VECTOR ( 'NONE', #2936, 1000.000000000000000 ) ;
#3452 = CARTESIAN_POINT ( 'NONE',  ( 75.00000000000000000, -25.39999910734569966, -42.50000021015917184 ) ) ;
#3453 = PRESENTATION_LAYER_ASSIGNMENT (  '', '', ( #2198 ) ) ;
#3454 = PRESENTATION_STYLE_ASSIGNMENT (( #4043 ) ) ;
#3455 = PRESENTATION_STYLE_ASSIGNMENT (( #464 ) ) ;
#3456 = UNCERTAINTY_MEASURE_WITH_UNIT (LENGTH_MEASURE( 1.000000000000000082E-05 ), #7819, 'distance_accuracy_value', 'NONE');
#3457 = STYLED_ITEM ( 'NONE', ( #3211 ), #4252 ) ;
#3458 =( GEOMETRIC_REPRESENTATION_CONTEXT ( 3 ) GLOBAL_UNCERTAINTY_ASSIGNED_CONTEXT ( ( #7797 ) ) GLOBAL_UNIT_ASSIGNED_CONTEXT ( ( #252, #7551, #2031 ) ) REPRESENTATION_CONTEXT ( 'NONE', 'WORKASPACE' ) );
#3459 = EDGE_LOOP ( 'NONE', ( #6760, #6061, #1640, #3668 ) ) ;
#3460 = AXIS2_PLACEMENT_3D ( 'NONE', #129, #6645, #3643 ) ;
#3461 = LINE ( 'NONE', #6623, #4577 ) ;
#3462 = SURFACE_STYLE_USAGE ( .BOTH. , #5823 ) ;
#3463 = VERTEX_POINT ( 'NONE', #5077 ) ;
#3464 = VECTOR ( 'NONE', #2944, 1000.000000000000000 ) ;
#3465 = UNCERTAINTY_MEASURE_WITH_UNIT (LENGTH_MEASURE( 1.000000000000000082E-05 ), #874, 'distance_accuracy_value', 'NONE');
#3466 = ORIENTED_EDGE ( 'NONE', *, *, #7602, .T. ) ;
#3467 = PRESENTATION_LAYER_ASSIGNMENT (  '', '', ( #2592 ) ) ;
#3468 = EDGE_CURVE ( 'NONE', #1831, #5090, #1139, .T. ) ;
#3469 = FILL_AREA_STYLE_COLOUR ( '', #3499 ) ;
#3470 = AXIS2_PLACEMENT_3D ( 'NONE', #3905, #4402, #2764 ) ;
#3471 = CARTESIAN_POINT ( 'NONE',  ( -75.00000000000000000, 21.39999764240106117, -42.50000030364437009 ) ) ;
#3472 = ORIENTED_EDGE ( 'NONE', *, *, #6134, .F. ) ;
#3473 = SURFACE_SIDE_STYLE ('',( #37 ) ) ;
#3474 = SURFACE_STYLE_FILL_AREA ( #3434 ) ;
#3475 = FILL_AREA_STYLE_COLOUR ( '', #4815 ) ;
#3476 = PRESENTATION_STYLE_ASSIGNMENT (( #7095 ) ) ;
#3477 = MECHANICAL_DESIGN_GEOMETRIC_PRESENTATION_REPRESENTATION (  '', ( #4883 ), #5657 ) ;
#3478 = ORIENTED_EDGE ( 'NONE', *, *, #2007, .F. ) ;
#3479 = FILL_AREA_STYLE ('',( #6522 ) ) ;
#3480 = ORIENTED_EDGE ( 'NONE', *, *, #2236, .T. ) ;
#3481 =( NAMED_UNIT ( * ) PLANE_ANGLE_UNIT ( ) SI_UNIT ( $, .RADIAN. ) );
#3482 = ORIENTED_EDGE ( 'NONE', *, *, #5438, .T. ) ;
#3483 =( LENGTH_UNIT ( ) NAMED_UNIT ( * ) SI_UNIT ( .MILLI., .METRE. ) );
#3484 = EDGE_CURVE ( 'NONE', #1590, #1284, #5120, .T. ) ;
#3485 = STYLED_ITEM ( 'NONE', ( #7824 ), #6995 ) ;
#3486 = DIRECTION ( 'NONE',  ( 0.000000000000000000, -0.000000000000000000, -1.000000000000000000 ) ) ;
#3487 = VECTOR ( 'NONE', #2204, 1000.000000000000000 ) ;
#3488 = ORIENTED_EDGE ( 'NONE', *, *, #4105, .F. ) ;
#3489 = CARTESIAN_POINT ( 'NONE',  ( -75.00000000000000000, -11.79999985836419718, -43.49999851142679574 ) ) ;
#3490 = FILL_AREA_STYLE_COLOUR ( '', #6694 ) ;
#3491 = FILL_AREA_STYLE_COLOUR ( '', #453 ) ;
#3492 = MECHANICAL_DESIGN_GEOMETRIC_PRESENTATION_REPRESENTATION (  '', ( #6057 ), #2994 ) ;
#3493 = VECTOR ( 'NONE', #5086, 1000.000000000000000 ) ;
#3494 = ORIENTED_EDGE ( 'NONE', *, *, #6782, .F. ) ;
#3495 =( GEOMETRIC_REPRESENTATION_CONTEXT ( 3 ) GLOBAL_UNCERTAINTY_ASSIGNED_CONTEXT ( ( #267 ) ) GLOBAL_UNIT_ASSIGNED_CONTEXT ( ( #1011, #7703, #1089 ) ) REPRESENTATION_CONTEXT ( 'NONE', 'WORKASPACE' ) );
#3496 = ADVANCED_FACE ( 'NONE', ( #2684 ), #3405, .F. ) ;
#3497 = CARTESIAN_POINT ( 'NONE',  ( 75.00000000000000000, -11.80000044405465864, 40.30000031343661249 ) ) ;
#3498 = ORIENTED_EDGE ( 'NONE', *, *, #6472, .T. ) ;
#3499 = COLOUR_RGB ( '',0.8980392156862745390, 0.9176470588235293713, 0.9294117647058823817 ) ;
#3500 = MECHANICAL_DESIGN_GEOMETRIC_PRESENTATION_REPRESENTATION (  '', ( #5304 ), #1888 ) ;
#3501 = COLOUR_RGB ( '',0.8980392156862745390, 0.9176470588235293713, 0.9294117647058823817 ) ;
#3502 = ORIENTED_EDGE ( 'NONE', *, *, #974, .F. ) ;
#3503 = SURFACE_SIDE_STYLE ('',( #5441 ) ) ;
#3504 = CYLINDRICAL_SURFACE ( 'NONE', #1746, 0.1999999999999224620 ) ;
#3505 = DIRECTION ( 'NONE',  ( 0.000000000000000000, 0.000000000000000000, -1.000000000000000000 ) ) ;
#3506 = ORIENTED_EDGE ( 'NONE', *, *, #4542, .F. ) ;
#3507 = FILL_AREA_STYLE_COLOUR ( '', #7041 ) ;
#3508 = CARTESIAN_POINT ( 'NONE',  ( -75.00000000000000000, 30.49999982145801170, -37.49999829186200628 ) ) ;
#3509 = CARTESIAN_POINT ( 'NONE',  ( -75.00000000000000000, -28.14999991479055197, -40.24999913430374221 ) ) ;
#3510 = PRESENTATION_STYLE_ASSIGNMENT (( #1120 ) ) ;
#3511 =( GEOMETRIC_REPRESENTATION_CONTEXT ( 3 ) GLOBAL_UNCERTAINTY_ASSIGNED_CONTEXT ( ( #5214 ) ) GLOBAL_UNIT_ASSIGNED_CONTEXT ( ( #2387, #5373, #5848 ) ) REPRESENTATION_CONTEXT ( 'NONE', 'WORKASPACE' ) );
#3512 = EDGE_CURVE ( 'NONE', #4274, #6017, #895, .T. ) ;
#3513 = ORIENTED_EDGE ( 'NONE', *, *, #5653, .F. ) ;
#3514 = DIRECTION ( 'NONE',  ( 1.000000000000000000, 0.000000000000000000, 0.000000000000000000 ) ) ;
#3515 = FILL_AREA_STYLE ('',( #7182 ) ) ;
#3516 = EDGE_LOOP ( 'NONE', ( #1913, #609, #1656, #7706 ) ) ;
#3517 = VECTOR ( 'NONE', #2506, 1000.000000000000114 ) ;
#3518 = LINE ( 'NONE', #6128, #6177 ) ;
#3519 = ORIENTED_EDGE ( 'NONE', *, *, #7161, .F. ) ;
#3520 = FILL_AREA_STYLE_COLOUR ( '', #5598 ) ;
#3521 = DIRECTION ( 'NONE',  ( 0.000000000000000000, 5.156581957376829163E-08, 0.9999999999999986677 ) ) ;
#3522 = EDGE_CURVE ( 'NONE', #6344, #3043, #3277, .T. ) ;
#3523 = UNCERTAINTY_MEASURE_WITH_UNIT (LENGTH_MEASURE( 1.000000000000000082E-05 ), #3181, 'distance_accuracy_value', 'NONE');
#3524 =( GEOMETRIC_REPRESENTATION_CONTEXT ( 3 ) GLOBAL_UNCERTAINTY_ASSIGNED_CONTEXT ( ( #1841 ) ) GLOBAL_UNIT_ASSIGNED_CONTEXT ( ( #2293, #5950, #7211 ) ) REPRESENTATION_CONTEXT ( 'NONE', 'WORKASPACE' ) );
#3525 = CARTESIAN_POINT ( 'NONE',  ( -75.00000000000000000, 27.72647574007116944, 39.04259301051518349 ) ) ;
#3526 =( LENGTH_UNIT ( ) NAMED_UNIT ( * ) SI_UNIT ( .MILLI., .METRE. ) );
#3527 = EDGE_CURVE ( 'NONE', #5360, #7340, #2804, .T. ) ;
#3528 = CARTESIAN_POINT ( 'NONE',  ( 75.00000000000000000, 17.19999871409140724, 42.50000031431354586 ) ) ;
#3529 =( NAMED_UNIT ( * ) PLANE_ANGLE_UNIT ( ) SI_UNIT ( $, .RADIAN. ) );
#3530 = LINE ( 'NONE', #7240, #6338 ) ;
#3531 = DIRECTION ( 'NONE',  ( 0.000000000000000000, -1.000000000000000000, 0.000000000000000000 ) ) ;
#3532 = PRESENTATION_LAYER_ASSIGNMENT (  '', '', ( #4038 ) ) ;
#3533 = ADVANCED_FACE ( 'NONE', ( #6357 ), #2222, .F. ) ;
#3534 = VERTEX_POINT ( 'NONE', #1748 ) ;
#3535 = EDGE_CURVE ( 'NONE', #4580, #2440, #1708, .T. ) ;
#3536 = ADVANCED_FACE ( 'NONE', ( #5367 ), #7142, .F. ) ;
#3537 = STYLED_ITEM ( 'NONE', ( #4317 ), #7497 ) ;
#3538 = FILL_AREA_STYLE ('',( #5388 ) ) ;
#3539 = CARTESIAN_POINT ( 'NONE',  ( 75.00000000000000000, 21.39999764240106117, -40.30000031556529905 ) ) ;
#3540 = VERTEX_POINT ( 'NONE', #2299 ) ;
#3541 = FILL_AREA_STYLE_COLOUR ( '', #5253 ) ;
#3542 =( NAMED_UNIT ( * ) SI_UNIT ( $, .STERADIAN. ) SOLID_ANGLE_UNIT ( ) );
#3543 = DIRECTION ( 'NONE',  ( -1.000000000000000000, -0.000000000000000000, -0.000000000000000000 ) ) ;
#3544 = EDGE_CURVE ( 'NONE', #6322, #6293, #3560, .T. ) ;
#3545 = ORIENTED_EDGE ( 'NONE', *, *, #4122, .T. ) ;
#3546 = SURFACE_STYLE_USAGE ( .BOTH. , #3503 ) ;
#3547 =( LENGTH_UNIT ( ) NAMED_UNIT ( * ) SI_UNIT ( .MILLI., .METRE. ) );
#3548 = SURFACE_STYLE_FILL_AREA ( #7134 ) ;
#3549 = SURFACE_STYLE_USAGE ( .BOTH. , #4144 ) ;
#3550 = VERTEX_POINT ( 'NONE', #1787 ) ;
#3551 =( GEOMETRIC_REPRESENTATION_CONTEXT ( 3 ) GLOBAL_UNCERTAINTY_ASSIGNED_CONTEXT ( ( #96 ) ) GLOBAL_UNIT_ASSIGNED_CONTEXT ( ( #764, #4385, #5676 ) ) REPRESENTATION_CONTEXT ( 'NONE', 'WORKASPACE' ) );
#3552 = CARTESIAN_POINT ( 'NONE',  ( 75.00000000000000000, -8.800001402694260122, -43.94999926203213647 ) ) ;
#3553 = CYLINDRICAL_SURFACE ( 'NONE', #3891, 1.250000000000126121 ) ;
#3554 = CARTESIAN_POINT ( 'NONE',  ( -75.00000000000000000, -21.40000118805958707, 40.30000002540748483 ) ) ;
#3555 = LINE ( 'NONE', #567, #6363 ) ;
#3556 = DIRECTION ( 'NONE',  ( -1.000000000000000000, -0.000000000000000000, -0.000000000000000000 ) ) ;
#3557 = VECTOR ( 'NONE', #5822, 1000.000000000000000 ) ;
#3558 = ORIENTED_EDGE ( 'NONE', *, *, #7363, .T. ) ;
#3559 = PRODUCT_DEFINITION_FORMATION_WITH_SPECIFIED_SOURCE ( 'хн', '', #5217, .NOT_KNOWN. ) ;
#3560 = LINE ( 'NONE', #5995, #5235 ) ;
#3561 = DIRECTION ( 'NONE',  ( -1.000000000000000000, -0.000000000000000000, -0.000000000000000000 ) ) ;
#3562 = ORIENTED_EDGE ( 'NONE', *, *, #5199, .F. ) ;
#3563 =( NAMED_UNIT ( * ) SI_UNIT ( $, .STERADIAN. ) SOLID_ANGLE_UNIT ( ) );
#3564 = CARTESIAN_POINT ( 'NONE',  ( -75.00000000000000000, 17.19999732649655400, -40.30000031556529905 ) ) ;
#3565 = ORIENTED_EDGE ( 'NONE', *, *, #3388, .F. ) ;
#3566 =( NAMED_UNIT ( * ) PLANE_ANGLE_UNIT ( ) SI_UNIT ( $, .RADIAN. ) );
#3567 = CARTESIAN_POINT ( 'NONE',  ( 75.00000000000000000, -27.82647625647446077, -39.04259181176930582 ) ) ;
#3568 = FILL_AREA_STYLE ('',( #1169 ) ) ;
#3569 = CARTESIAN_POINT ( 'NONE',  ( 75.00000000000000000, -27.40000030889110860, 29.49999974526575386 ) ) ;
#3570 = FILL_AREA_STYLE ('',( #4163 ) ) ;
#3571 = EDGE_CURVE ( 'NONE', #1947, #6530, #2416, .T. ) ;
#3572 = PRESENTATION_STYLE_ASSIGNMENT (( #422 ) ) ;
#3573 =( LENGTH_UNIT ( ) NAMED_UNIT ( * ) SI_UNIT ( .MILLI., .METRE. ) );
#3574 = CARTESIAN_POINT ( 'NONE',  ( 75.00000000000000000, 17.19999732649655400, -40.30000031556529905 ) ) ;
#3575 = PRESENTATION_STYLE_ASSIGNMENT (( #3020 ) ) ;
#3576 = CARTESIAN_POINT ( 'NONE',  ( 75.00000000000000000, -9.783615639116595375, -43.49999933702638089 ) ) ;
#3577 = CIRCLE ( 'NONE', #2811, 0.1999994679908884132 ) ;
#3578 = PLANE ( 'NONE',  #3381 ) ;
#3579 = VERTEX_POINT ( 'NONE', #6641 ) ;
#3580 = VECTOR ( 'NONE', #1213, 1000.000000000000000 ) ;
#3581 = PLANE ( 'NONE',  #3185 ) ;
#3582 = ORIENTED_EDGE ( 'NONE', *, *, #5500, .T. ) ;
#3583 =( NAMED_UNIT ( * ) SI_UNIT ( $, .STERADIAN. ) SOLID_ANGLE_UNIT ( ) );
#3584 = EDGE_CURVE ( 'NONE', #6945, #528, #3601, .T. ) ;
#3585 = VECTOR ( 'NONE', #3094, 1000.000000000000114 ) ;
#3586 = CARTESIAN_POINT ( 'NONE',  ( -75.00000000000000000, 19.19999904191690021, 42.50000031431354586 ) ) ;
#3587 = STYLED_ITEM ( 'NONE', ( #7089 ), #5866 ) ;
#3588 = EDGE_CURVE ( 'NONE', #7218, #2102, #4713, .T. ) ;
#3589 = ORIENTED_EDGE ( 'NONE', *, *, #66, .F. ) ;
#3590 = CARTESIAN_POINT ( 'NONE',  ( -75.00000000000000000, 30.49999982145801170, -29.50000070585011969 ) ) ;
#3591 = SURFACE_STYLE_USAGE ( .BOTH. , #7780 ) ;
#3592 = PLANE ( 'NONE',  #6780 ) ;
#3593 = AXIS2_PLACEMENT_3D ( 'NONE', #6211, #2509, #5833 ) ;
#3594 = EDGE_LOOP ( 'NONE', ( #6863, #906, #3820, #2689 ) ) ;
#3595 = CARTESIAN_POINT ( 'NONE',  ( 75.00000000000000000, -9.630663776694397882, -41.65000080344623257 ) ) ;
#3596 = PRESENTATION_STYLE_ASSIGNMENT (( #1200 ) ) ;
#3597 = CIRCLE ( 'NONE', #3460, 0.1999999999999224620 ) ;
#3598 = CARTESIAN_POINT ( 'NONE',  ( 75.00000000000000000, 30.49999982145801170, 33.50000030742884150 ) ) ;
#3599 = VECTOR ( 'NONE', #4087, 1000.000000000000000 ) ;
#3600 = ORIENTED_EDGE ( 'NONE', *, *, #613, .F. ) ;
#3601 = LINE ( 'NONE', #3637, #3447 ) ;
#3602 = FACE_OUTER_BOUND ( 'NONE', #1186, .T. ) ;
#3603 = EDGE_LOOP ( 'NONE', ( #6775, #7209, #5807, #5820 ) ) ;
#3604 = CARTESIAN_POINT ( 'NONE',  ( 75.00000000000000000, 28.04999960585698915, 41.50000027745853970 ) ) ;
#3605 = CARTESIAN_POINT ( 'NONE',  ( 75.00000000000000000, -14.80000073419111217, 42.64999999254941798 ) ) ;
#3606 = EDGE_LOOP ( 'NONE', ( #2955, #1365, #2521, #4775 ) ) ;
#3607 = VECTOR ( 'NONE', #7075, 1000.000000000000000 ) ;
#3608 = CARTESIAN_POINT ( 'NONE',  ( 75.00000000000000000, -9.783615639116595375, -43.49999933702638089 ) ) ;
#3609 = SURFACE_STYLE_USAGE ( .BOTH. , #95 ) ;
#3610 = STYLED_ITEM ( 'NONE', ( #3510 ), #2287 ) ;
#3611 = COLOUR_RGB ( '',0.8980392156862745390, 0.9176470588235293713, 0.9294117647058823817 ) ;
#3612 = STYLED_ITEM ( 'NONE', ( #4058 ), #5423 ) ;
#3613 = CARTESIAN_POINT ( 'NONE',  ( -75.00000000000000000, -30.10000119205603042, -59.99999880441464484 ) ) ;
#3614 = UNCERTAINTY_MEASURE_WITH_UNIT (LENGTH_MEASURE( 1.000000000000000082E-05 ), #5693, 'distance_accuracy_value', 'NONE');
#3615 = PLANE ( 'NONE',  #5043 ) ;
#3616 = CARTESIAN_POINT ( 'NONE',  ( 75.00000000000000000, 28.19999814060689047, 35.50000063525438776 ) ) ;
#3617 = VECTOR ( 'NONE', #3938, 1000.000000000000000 ) ;
#3618 = EDGE_CURVE ( 'NONE', #131, #2147, #7176, .T. ) ;
#3619 =( LENGTH_UNIT ( ) NAMED_UNIT ( * ) SI_UNIT ( .MILLI., .METRE. ) );
#3620 = ORIENTED_EDGE ( 'NONE', *, *, #1672, .T. ) ;
#3621 = ORIENTED_EDGE ( 'NONE', *, *, #5717, .T. ) ;
#3622 = DIRECTION ( 'NONE',  ( 0.000000000000000000, 1.000000000000000000, 0.000000000000000000 ) ) ;
#3623 = UNCERTAINTY_MEASURE_WITH_UNIT (LENGTH_MEASURE( 1.000000000000000082E-05 ), #61, 'distance_accuracy_value', 'NONE');
#3624 = CARTESIAN_POINT ( 'NONE',  ( 75.00000000000000000, -27.67378567386954202, -37.69999910291148382 ) ) ;
#3625 = ORIENTED_EDGE ( 'NONE', *, *, #7563, .T. ) ;
#3626 = EDGE_CURVE ( 'NONE', #1241, #2102, #6259, .T. ) ;
#3627 = DIRECTION ( 'NONE',  ( 0.000000000000000000, -0.000000000000000000, 1.000000000000000000 ) ) ;
#3628 = LINE ( 'NONE', #1974, #5524 ) ;
#3629 = VERTEX_POINT ( 'NONE', #4752 ) ;
#3630 = EDGE_CURVE ( 'NONE', #4234, #3985, #3577, .T. ) ;
#3631 = STYLED_ITEM ( 'NONE', ( #5646 ), #4556 ) ;
#3632 = CIRCLE ( 'NONE', #5810, 0.1999999999997559286 ) ;
#3633 = DIRECTION ( 'NONE',  ( 1.000000000000000000, 0.000000000000000000, 0.000000000000000000 ) ) ;
#3634 = LINE ( 'NONE', #3038, #4822 ) ;
#3635 = PRESENTATION_LAYER_ASSIGNMENT (  '', '', ( #4399 ) ) ;
#3636 = ORIENTED_EDGE ( 'NONE', *, *, #2798, .T. ) ;
#3637 = CARTESIAN_POINT ( 'NONE',  ( -75.00000000000000000, 28.19999814060689047, -29.50000070585011969 ) ) ;
#3638 = ORIENTED_EDGE ( 'NONE', *, *, #6049, .F. ) ;
#3639 = CARTESIAN_POINT ( 'NONE',  ( -75.00000000000000000, -21.40000031433978478, -40.30000022208010080 ) ) ;
#3640 = AXIS2_PLACEMENT_3D ( 'NONE', #3330, #6376, #341 ) ;
#3642 = ORIENTED_EDGE ( 'NONE', *, *, #2935, .F. ) ;
#3641 = EDGE_CURVE ( 'NONE', #6322, #5353, #5917, .T. ) ;
#3643 = DIRECTION ( 'NONE',  ( 0.000000000000000000, 0.000000000000000000, -1.000000000000000000 ) ) ;
#3644 = VECTOR ( 'NONE', #4921, 1000.000000000000000 ) ;
#3645 = ORIENTED_EDGE ( 'NONE', *, *, #5787, .T. ) ;
#3646 = FILL_AREA_STYLE_COLOUR ( '', #4280 ) ;
#3647 = DIRECTION ( 'NONE',  ( 0.000000000000000000, 0.000000000000000000, 1.000000000000000000 ) ) ;
#3648 = SURFACE_STYLE_FILL_AREA ( #1252 ) ;
#3649 = SURFACE_STYLE_USAGE ( .BOTH. , #1326 ) ;
#3650 = UNCERTAINTY_MEASURE_WITH_UNIT (LENGTH_MEASURE( 1.000000000000000082E-05 ), #5711, 'distance_accuracy_value', 'NONE');
#3651 = PRESENTATION_LAYER_ASSIGNMENT (  '', '', ( #2136 ) ) ;
#3652 =( LENGTH_UNIT ( ) NAMED_UNIT ( * ) SI_UNIT ( .MILLI., .METRE. ) );
#3653 = COLOUR_RGB ( '',0.8980392156862745390, 0.9176470588235293713, 0.9294117647058823817 ) ;
#3654 = PRESENTATION_STYLE_ASSIGNMENT (( #5460 ) ) ;
#3655 = DIRECTION ( 'NONE',  ( 0.000000000000000000, -1.000000000000000000, 0.000000000000000000 ) ) ;
#3656 = FACE_OUTER_BOUND ( 'NONE', #1141, .T. ) ;
#3657 = LINE ( 'NONE', #1932, #1609 ) ;
#3658 = STYLED_ITEM ( 'NONE', ( #1719 ), #3294 ) ;
#3659 = DIRECTION ( 'NONE',  ( 0.000000000000000000, 0.000000000000000000, 1.000000000000000000 ) ) ;
#3660 = VERTEX_POINT ( 'NONE', #5330 ) ;
#3661 = CARTESIAN_POINT ( 'NONE',  ( 75.00000000000000000, -21.40000118805958707, 42.50000001348644219 ) ) ;
#3662 = DIRECTION ( 'NONE',  ( -1.000000000000000000, -0.000000000000000000, -0.000000000000000000 ) ) ;
#3663 = EDGE_LOOP ( 'NONE', ( #3620, #6583, #4566, #3108 ) ) ;
#3664 = DIRECTION ( 'NONE',  ( -1.000000000000000000, -0.000000000000000000, -0.000000000000000000 ) ) ;
#3665 = EDGE_CURVE ( 'NONE', #7135, #5102, #2446, .T. ) ;
#3666 = VECTOR ( 'NONE', #6868, 1000.000000000000000 ) ;
#3667 =( LENGTH_UNIT ( ) NAMED_UNIT ( * ) SI_UNIT ( .MILLI., .METRE. ) );
#3668 = ORIENTED_EDGE ( 'NONE', *, *, #3544, .T. ) ;
#3669 = VECTOR ( 'NONE', #4167, 1000.000000000000000 ) ;
#3670 = DIRECTION ( 'NONE',  ( 0.000000000000000000, 0.000000000000000000, 1.000000000000000000 ) ) ;
#3671 = ORIENTED_EDGE ( 'NONE', *, *, #4639, .F. ) ;
#3672 =( LENGTH_UNIT ( ) NAMED_UNIT ( * ) SI_UNIT ( .MILLI., .METRE. ) );
#3673 = EDGE_CURVE ( 'NONE', #4110, #658, #525, .T. ) ;
#3674 = UNCERTAINTY_MEASURE_WITH_UNIT (LENGTH_MEASURE( 1.000000000000000082E-05 ), #4287, 'distance_accuracy_value', 'NONE');
#3675 = ORIENTED_EDGE ( 'NONE', *, *, #2191, .T. ) ;
#3676 = SURFACE_STYLE_USAGE ( .BOTH. , #6236 ) ;
#3677 = ORIENTED_EDGE ( 'NONE', *, *, #746, .F. ) ;
#3678 =( GEOMETRIC_REPRESENTATION_CONTEXT ( 3 ) GLOBAL_UNCERTAINTY_ASSIGNED_CONTEXT ( ( #3092 ) ) GLOBAL_UNIT_ASSIGNED_CONTEXT ( ( #6116, #39, #7385 ) ) REPRESENTATION_CONTEXT ( 'NONE', 'WORKASPACE' ) );
#3679 = SURFACE_STYLE_USAGE ( .BOTH. , #240 ) ;
#3680 = VERTEX_POINT ( 'NONE', #43 ) ;
#3681 = CARTESIAN_POINT ( 'NONE',  ( -75.00000000000000000, 25.39999815885541068, -39.80057931472826738 ) ) ;
#3682 = ORIENTED_EDGE ( 'NONE', *, *, #3468, .T. ) ;
#3683 = LINE ( 'NONE', #3608, #2628 ) ;
#3684 = CYLINDRICAL_SURFACE ( 'NONE', #3285, 0.1999999999997559286 ) ;
#3685 = CARTESIAN_POINT ( 'NONE',  ( -75.00000000000000000, 30.49999982145801170, 31.49999997960329523 ) ) ;
#3686 = SURFACE_STYLE_FILL_AREA ( #6650 ) ;
#3687 = COLOUR_RGB ( '',0.8980392156862745390, 0.9176470588235293713, 0.9294117647058823817 ) ;
#3688 = EDGE_CURVE ( 'NONE', #2718, #4049, #3199, .T. ) ;
#3689 = CARTESIAN_POINT ( 'NONE',  ( -75.00000000000000000, 28.04999960585698915, 40.25000027745841180 ) ) ;
#3690 = DIRECTION ( 'NONE',  ( 0.000000000000000000, -1.000000000000000000, 0.000000000000000000 ) ) ;
#3691 = PRESENTATION_LAYER_ASSIGNMENT (  '', '', ( #5355 ) ) ;
#3692 = COLOUR_RGB ( '',0.8980392156862745390, 0.9176470588235293713, 0.9294117647058823817 ) ;
#3693 = DIRECTION ( 'NONE',  ( 0.000000000000000000, -0.000000000000000000, 1.000000000000000000 ) ) ;
#3694 = FILL_AREA_STYLE ('',( #7846 ) ) ;
#3695 = DIRECTION ( 'NONE',  ( -1.000000000000000000, -0.000000000000000000, -0.000000000000000000 ) ) ;
#3696 = CARTESIAN_POINT ( 'NONE',  ( 75.00000000000000000, -11.79999985836419718, -41.79999953662668588 ) ) ;
#3697 = COLOUR_RGB ( '',0.8980392156862745390, 0.9176470588235293713, 0.9294117647058823817 ) ;
#3698 = ORIENTED_EDGE ( 'NONE', *, *, #7174, .F. ) ;
#3699 = CARTESIAN_POINT ( 'NONE',  ( 75.00000000000000000, -26.94259426488460107, 39.92647634305149751 ) ) ;
#3700 = VERTEX_POINT ( 'NONE', #6879 ) ;
#3701 = DIRECTION ( 'NONE',  ( -1.000000000000000000, -0.000000000000000000, -0.000000000000000000 ) ) ;
#3702 = FILL_AREA_STYLE ('',( #716 ) ) ;
#3703 = PRESENTATION_LAYER_ASSIGNMENT (  '', '', ( #46 ) ) ;
#3704 = EDGE_CURVE ( 'NONE', #2815, #1623, #5376, .T. ) ;
#3705 = EDGE_LOOP ( 'NONE', ( #459, #407, #90, #6445 ) ) ;
#3706 = DIRECTION ( 'NONE',  ( 0.000000000000000000, 0.000000000000000000, -1.000000000000000000 ) ) ;
#3707 = DIRECTION ( 'NONE',  ( 0.000000000000000000, 1.000000000000000000, 0.000000000000000000 ) ) ;
#3708 = ORIENTED_EDGE ( 'NONE', *, *, #7056, .T. ) ;
#3709 = DIRECTION ( 'NONE',  ( -1.000000000000000000, -0.000000000000000000, -0.000000000000000000 ) ) ;
#3710 =( GEOMETRIC_REPRESENTATION_CONTEXT ( 3 ) GLOBAL_UNCERTAINTY_ASSIGNED_CONTEXT ( ( #5869 ) ) GLOBAL_UNIT_ASSIGNED_CONTEXT ( ( #4124, #5377, #626 ) ) REPRESENTATION_CONTEXT ( 'NONE', 'WORKASPACE' ) );
#3711 = VECTOR ( 'NONE', #1078, 1000.000000000000000 ) ;
#3712 = PLANE ( 'NONE',  #274 ) ;
#3713 = CARTESIAN_POINT ( 'NONE',  ( 75.00000000000000000, -31.89999982714642002, 44.84999910346232355 ) ) ;
#3714 = EDGE_CURVE ( 'NONE', #7264, #3700, #4981, .T. ) ;
#3715 = ORIENTED_EDGE ( 'NONE', *, *, #3311, .F. ) ;
#3716 = LINE ( 'NONE', #5573, #1430 ) ;
#3717 = VECTOR ( 'NONE', #1075, 1000.000000000000000 ) ;
#3718 = EDGE_LOOP ( 'NONE', ( #4307, #6874, #5897, #7891 ) ) ;
#3719 = VECTOR ( 'NONE', #6687, 1000.000000000000000 ) ;
#3720 = SURFACE_STYLE_USAGE ( .BOTH. , #3011 ) ;
#3721 =( LENGTH_UNIT ( ) NAMED_UNIT ( * ) SI_UNIT ( .MILLI., .METRE. ) );
#3722 = EDGE_LOOP ( 'NONE', ( #7303, #2951, #6883, #3625 ) ) ;
#3723 = FACE_OUTER_BOUND ( 'NONE', #2074, .T. ) ;
#3724 =( NAMED_UNIT ( * ) SI_UNIT ( $, .STERADIAN. ) SOLID_ANGLE_UNIT ( ) );
#3725 = LINE ( 'NONE', #3014, #7097 ) ;
#3726 =( GEOMETRIC_REPRESENTATION_CONTEXT ( 3 ) GLOBAL_UNCERTAINTY_ASSIGNED_CONTEXT ( ( #1721 ) ) GLOBAL_UNIT_ASSIGNED_CONTEXT ( ( #6913, #4662, #2359 ) ) REPRESENTATION_CONTEXT ( 'NONE', 'WORKASPACE' ) );
#3727 = UNCERTAINTY_MEASURE_WITH_UNIT (LENGTH_MEASURE( 1.000000000000000082E-05 ), #1667, 'distance_accuracy_value', 'NONE');
#3728 = FILL_AREA_STYLE_COLOUR ( '', #6987 ) ;
#3729 = EDGE_CURVE ( 'NONE', #918, #6686, #1912, .T. ) ;
#3730 = VECTOR ( 'NONE', #2665, 1000.000000000000000 ) ;
#3731 =( GEOMETRIC_REPRESENTATION_CONTEXT ( 3 ) GLOBAL_UNCERTAINTY_ASSIGNED_CONTEXT ( ( #4258 ) ) GLOBAL_UNIT_ASSIGNED_CONTEXT ( ( #927, #3357, #326 ) ) REPRESENTATION_CONTEXT ( 'NONE', 'WORKASPACE' ) );
#3732 = CARTESIAN_POINT ( 'NONE',  ( 75.00000000000000000, -23.19999999298656945, 40.30000002540748483 ) ) ;
#3733 = FACE_OUTER_BOUND ( 'NONE', #1108, .T. ) ;
#3734 = EDGE_CURVE ( 'NONE', #5994, #4030, #163, .T. ) ;
#3735 = PRESENTATION_LAYER_ASSIGNMENT (  '', '', ( #4235 ) ) ;
#3736 = FILL_AREA_STYLE_COLOUR ( '', #1258 ) ;
#3737 = VERTEX_POINT ( 'NONE', #6123 ) ;
#3738 = CARTESIAN_POINT ( 'NONE',  ( 75.00000000000000000, 21.39999902999591441, 42.50000031431354586 ) ) ;
#3739 = VERTEX_POINT ( 'NONE', #3158 ) ;
#3740 = SURFACE_STYLE_FILL_AREA ( #1900 ) ;
#3741 = ADVANCED_FACE ( 'NONE', ( #689 ), #1398, .F. ) ;
#3742 = DIRECTION ( 'NONE',  ( 0.000000000000000000, -1.000000000000000000, 0.000000000000000000 ) ) ;
#3743 =( NAMED_UNIT ( * ) PLANE_ANGLE_UNIT ( ) SI_UNIT ( $, .RADIAN. ) );
#3744 = ORIENTED_EDGE ( 'NONE', *, *, #4797, .T. ) ;
#3745 = DIRECTION ( 'NONE',  ( 0.000000000000000000, 0.000000000000000000, 1.000000000000000000 ) ) ;
#3746 = VECTOR ( 'NONE', #5167, 1000.000000000000000 ) ;
#3747 = ORIENTED_EDGE ( 'NONE', *, *, #6822, .F. ) ;
#3748 = SURFACE_SIDE_STYLE ('',( #6788 ) ) ;
#3749 = FILL_AREA_STYLE_COLOUR ( '', #2551 ) ;
#3750 = COLOUR_RGB ( '',0.8980392156862745390, 0.9176470588235293713, 0.9294117647058823817 ) ;
#3751 =( GEOMETRIC_REPRESENTATION_CONTEXT ( 3 ) GLOBAL_UNCERTAINTY_ASSIGNED_CONTEXT ( ( #3623 ) ) GLOBAL_UNIT_ASSIGNED_CONTEXT ( ( #61, #7478, #6700 ) ) REPRESENTATION_CONTEXT ( 'NONE', 'WORKASPACE' ) );
#3752 = ORIENTED_EDGE ( 'NONE', *, *, #2034, .T. ) ;
#3753 = CARTESIAN_POINT ( 'NONE',  ( 75.00000000000000000, 28.04999960585698915, 40.25000027745841180 ) ) ;
#3754 = VERTEX_POINT ( 'NONE', #7499 ) ;
#3755 = FACE_OUTER_BOUND ( 'NONE', #5139, .T. ) ;
#3756 = ORIENTED_EDGE ( 'NONE', *, *, #6962, .T. ) ;
#3757 = CARTESIAN_POINT ( 'NONE',  ( 75.00000000000000000, -25.59999986047113296, -39.77378413240914057 ) ) ;
#3758 = DIRECTION ( 'NONE',  ( 0.000000000000000000, 0.000000000000000000, -1.000000000000000000 ) ) ;
#3759 = ORIENTED_EDGE ( 'NONE', *, *, #7660, .T. ) ;
#3760 = CARTESIAN_POINT ( 'NONE',  ( -75.00000000000000000, -14.80000044616175359, 42.65000028057852433 ) ) ;
#3761 = EDGE_CURVE ( 'NONE', #1060, #4696, #1283, .T. ) ;
#3762 = DIRECTION ( 'NONE',  ( -1.000000000000000000, -0.000000000000000000, -0.000000000000000000 ) ) ;
#3763 = CARTESIAN_POINT ( 'NONE',  ( -75.00000000000000000, -25.39999910734569966, -42.50000021015917184 ) ) ;
#3764 = CARTESIAN_POINT ( 'NONE',  ( -75.00000000000000000, -11.79999985836419718, -43.49999851142679574 ) ) ;
#3765 = PRESENTATION_LAYER_ASSIGNMENT (  '', '', ( #106 ) ) ;
#3766 = COLOUR_RGB ( '',0.8980392156862745390, 0.9176470588235293713, 0.9294117647058823817 ) ;
#3767 =( GEOMETRIC_REPRESENTATION_CONTEXT ( 3 ) GLOBAL_UNCERTAINTY_ASSIGNED_CONTEXT ( ( #7433 ) ) GLOBAL_UNIT_ASSIGNED_CONTEXT ( ( #4727, #3529, #59 ) ) REPRESENTATION_CONTEXT ( 'NONE', 'WORKASPACE' ) );
#3768 = CARTESIAN_POINT ( 'NONE',  ( 75.00000000000000000, -8.799999860471286794, -42.64999933702636525 ) ) ;
#3769 = DIRECTION ( 'NONE',  ( 0.000000000000000000, 0.000000000000000000, 1.000000000000000000 ) ) ;
#3770 =( NAMED_UNIT ( * ) SI_UNIT ( $, .STERADIAN. ) SOLID_ANGLE_UNIT ( ) );
#3771 = PRESENTATION_STYLE_ASSIGNMENT (( #1378 ) ) ;
#3772 = DIRECTION ( 'NONE',  ( 0.000000000000000000, 0.000000000000000000, -1.000000000000000000 ) ) ;
#3773 = ADVANCED_FACE ( 'NONE', ( #2019 ), #6724, .F. ) ;
#3774 = COLOUR_RGB ( '',0.8980392156862745390, 0.9176470588235293713, 0.9294117647058823817 ) ;
#3775 = EDGE_CURVE ( 'NONE', #5298, #291, #5681, .T. ) ;
#3776 = VERTEX_POINT ( 'NONE', #2677 ) ;
#3777 = CARTESIAN_POINT ( 'NONE',  ( 75.00000000000000000, -8.799999860471286794, -41.34999933702634678 ) ) ;
#3778 = FILL_AREA_STYLE_COLOUR ( '', #4615 ) ;
#3779 = VECTOR ( 'NONE', #5130, 1000.000000000000000 ) ;
#3780 = DIRECTION ( 'NONE',  ( 0.000000000000000000, 1.000000000000000000, 0.000000000000000000 ) ) ;
#3781 = LINE ( 'NONE', #3186, #3998 ) ;
#3782 = EDGE_CURVE ( 'NONE', #6017, #1241, #4511, .T. ) ;
#3783 = ORIENTED_EDGE ( 'NONE', *, *, #3860, .T. ) ;
#3784 = VECTOR ( 'NONE', #2355, 1000.000000000000000 ) ;
#3785 = CARTESIAN_POINT ( 'NONE',  ( 75.00000000000000000, 30.49999982145801170, -33.49999949885628325 ) ) ;
#3786 = ORIENTED_EDGE ( 'NONE', *, *, #368, .F. ) ;
#3787 = DIRECTION ( 'NONE',  ( 1.000000000000000000, 0.000000000000000000, -0.000000000000000000 ) ) ;
#3788 = CARTESIAN_POINT ( 'NONE',  ( -75.00000000000000000, -21.40000031433978478, -40.30000022208010080 ) ) ;
#3789 = LINE ( 'NONE', #4225, #6244 ) ;
#3790 = EDGE_LOOP ( 'NONE', ( #3067, #3671, #2166, #3582 ) ) ;
#3791 = DIRECTION ( 'NONE',  ( 1.000000000000000000, 0.000000000000000000, 0.000000000000000000 ) ) ;
#3792 = ORIENTED_EDGE ( 'NONE', *, *, #174, .T. ) ;
#3793 = ORIENTED_EDGE ( 'NONE', *, *, #6110, .T. ) ;
#3794 =( NAMED_UNIT ( * ) SI_UNIT ( $, .STERADIAN. ) SOLID_ANGLE_UNIT ( ) );
#3795 = CARTESIAN_POINT ( 'NONE',  ( 75.00000000000000000, -27.67378567386954202, -37.49999819837400139 ) ) ;
#3796 = UNCERTAINTY_MEASURE_WITH_UNIT (LENGTH_MEASURE( 1.000000000000000082E-05 ), #4203, 'distance_accuracy_value', 'NONE');
#3797 = DIRECTION ( 'NONE',  ( 0.000000000000000000, -0.000000000000000000, 1.000000000000000000 ) ) ;
#3798 = PLANE ( 'NONE',  #1099 ) ;
#3799 =( REPRESENTATION_RELATIONSHIP ('NONE','NONE', #3028, #124 ) REPRESENTATION_RELATIONSHIP_WITH_TRANSFORMATION ( #7760 )SHAPE_REPRESENTATION_RELATIONSHIP( ) );
#3800 =( GEOMETRIC_REPRESENTATION_CONTEXT ( 3 ) GLOBAL_UNCERTAINTY_ASSIGNED_CONTEXT ( ( #1209 ) ) GLOBAL_UNIT_ASSIGNED_CONTEXT ( ( #1468, #2786, #958 ) ) REPRESENTATION_CONTEXT ( 'NONE', 'WORKASPACE' ) );
#3801 =( NAMED_UNIT ( * ) PLANE_ANGLE_UNIT ( ) SI_UNIT ( $, .RADIAN. ) );
#3802 = CARTESIAN_POINT ( 'NONE',  ( 75.00000000000000000, 27.38059917657406217, 37.75176410239702562 ) ) ;
#3803 = CARTESIAN_POINT ( 'NONE',  ( 75.00000000000000000, 25.39999954644943614, 39.80058001831539372 ) ) ;
#3804 =( LENGTH_UNIT ( ) NAMED_UNIT ( * ) SI_UNIT ( .MILLI., .METRE. ) );
#3805 = SURFACE_SIDE_STYLE ('',( #3245 ) ) ;
#3806 = FILL_AREA_STYLE_COLOUR ( '', #5674 ) ;
#3807 = CARTESIAN_POINT ( 'NONE',  ( 75.00000000000000000, -8.799999860471286794, -42.64999933702636525 ) ) ;
#3808 = CIRCLE ( 'NONE', #6497, 5.000000308055141396 ) ;
#3809 = ORIENTED_EDGE ( 'NONE', *, *, #3311, .T. ) ;
#3810 = EDGE_CURVE ( 'NONE', #761, #1314, #7560, .T. ) ;
#3811 = FACE_OUTER_BOUND ( 'NONE', #1967, .T. ) ;
#3812 = CARTESIAN_POINT ( 'NONE',  ( 75.00000000000000000, -14.80000073419111217, 42.64999999254941798 ) ) ;
#3813 = DIRECTION ( 'NONE',  ( 0.000000000000000000, 1.000000000000000000, 0.000000000000000000 ) ) ;
#3814 = PRESENTATION_LAYER_ASSIGNMENT (  '', '', ( #6896 ) ) ;
#3815 = ORIENTED_EDGE ( 'NONE', *, *, #2715, .T. ) ;
#3816 = SURFACE_STYLE_FILL_AREA ( #5299 ) ;
#3817 = EDGE_CURVE ( 'NONE', #3754, #4100, #4622, .T. ) ;
#3818 = CARTESIAN_POINT ( 'NONE',  ( 75.00000000000000000, 25.39999815885462198, -39.80057931472826738 ) ) ;
#3819 = SURFACE_STYLE_FILL_AREA ( #5637 ) ;
#3820 = ORIENTED_EDGE ( 'NONE', *, *, #237, .F. ) ;
#3821 = EDGE_CURVE ( 'NONE', #7018, #761, #2566, .T. ) ;
#3822 = EDGE_CURVE ( 'NONE', #7592, #2365, #3269, .T. ) ;
#3823 = PRESENTATION_STYLE_ASSIGNMENT (( #6876 ) ) ;
#3824 = DIRECTION ( 'NONE',  ( 0.000000000000000000, 1.000000000000000000, 0.000000000000000000 ) ) ;
#3825 = ORIENTED_EDGE ( 'NONE', *, *, #2311, .F. ) ;
#3826 = DIRECTION ( 'NONE',  ( 0.000000000000000000, 0.000000000000000000, 1.000000000000000000 ) ) ;
#3827 = ORIENTED_EDGE ( 'NONE', *, *, #6985, .T. ) ;
#3828 = MECHANICAL_DESIGN_GEOMETRIC_PRESENTATION_REPRESENTATION (  '', ( #4343 ), #825 ) ;
#3829 = VECTOR ( 'NONE', #3769, 1000.000000000000000 ) ;
#3830 = ORIENTED_EDGE ( 'NONE', *, *, #862, .T. ) ;
#3831 = LINE ( 'NONE', #3862, #7220 ) ;
#3832 =( NAMED_UNIT ( * ) SI_UNIT ( $, .STERADIAN. ) SOLID_ANGLE_UNIT ( ) );
#3833 = CARTESIAN_POINT ( 'NONE',  ( 75.00000000000000000, 27.57378382795413074, -37.49999829186200628 ) ) ;
#3834 = SURFACE_STYLE_FILL_AREA ( #5237 ) ;
#3835 = STYLED_ITEM ( 'NONE', ( #7047 ), #5778 ) ;
#3836 = SURFACE_STYLE_USAGE ( .BOTH. , #6136 ) ;
#3837 = AXIS2_PLACEMENT_3D ( 'NONE', #1005, #4174, #1630 ) ;
#3838 = PLANE ( 'NONE',  #3081 ) ;
#3839 = DIRECTION ( 'NONE',  ( -1.000000000000000000, -0.000000000000000000, -0.000000000000000000 ) ) ;
#3840 = FACE_OUTER_BOUND ( 'NONE', #6662, .T. ) ;
#3841 = DIRECTION ( 'NONE',  ( 0.000000000000000000, 1.000000000000000000, 0.000000000000000000 ) ) ;
#3842 = AXIS2_PLACEMENT_3D ( 'NONE', #27, #2444, #400 ) ;
#3843 = ORIENTED_EDGE ( 'NONE', *, *, #2714, .F. ) ;
#3844 = MECHANICAL_DESIGN_GEOMETRIC_PRESENTATION_REPRESENTATION (  '', ( #4741 ), #72 ) ;
#3845 = DIRECTION ( 'NONE',  ( 0.000000000000000000, 0.000000000000000000, -1.000000000000000000 ) ) ;
#3846 = CARTESIAN_POINT ( 'NONE',  ( -75.00000000000000000, -19.20000032626060360, -40.30000022208010080 ) ) ;
#3847 = COLOUR_RGB ( '',0.8980392156862745390, 0.9176470588235293713, 0.9294117647058823817 ) ;
#3848 = ADVANCED_FACE ( 'NONE', ( #354 ), #7686, .F. ) ;
#3849 = ORIENTED_EDGE ( 'NONE', *, *, #6059, .F. ) ;
#3850 = PLANE ( 'NONE',  #6391 ) ;
#3851 = VECTOR ( 'NONE', #5998, 1000.000000000000114 ) ;
#3852 = PRESENTATION_LAYER_ASSIGNMENT (  '', '', ( #3345 ) ) ;
#3853 = SURFACE_STYLE_USAGE ( .BOTH. , #6912 ) ;
#3854 = EDGE_LOOP ( 'NONE', ( #2039, #3404, #3478, #31 ) ) ;
#3855 = CARTESIAN_POINT ( 'NONE',  ( 75.00000000000000000, 17.19999871409140724, 40.30000032623447481 ) ) ;
#3856 = VECTOR ( 'NONE', #4060, 1000.000000000000000 ) ;
#3857 = EDGE_CURVE ( 'NONE', #4487, #6170, #2788, .T. ) ;
#3858 = ORIENTED_EDGE ( 'NONE', *, *, #4388, .F. ) ;
#3859 = LINE ( 'NONE', #2130, #2942 ) ;
#3860 = EDGE_CURVE ( 'NONE', #228, #6344, #3859, .T. ) ;
#3861 = ORIENTED_EDGE ( 'NONE', *, *, #4965, .F. ) ;
#3862 = CARTESIAN_POINT ( 'NONE',  ( -75.00000000000000000, -1.689490045283340569, -42.50000030364437009 ) ) ;
#3863 = STYLED_ITEM ( 'NONE', ( #5614 ), #5343 ) ;
#3864 = PRESENTATION_STYLE_ASSIGNMENT (( #2682 ) ) ;
#3865 =( NAMED_UNIT ( * ) PLANE_ANGLE_UNIT ( ) SI_UNIT ( $, .RADIAN. ) );
#3866 = CARTESIAN_POINT ( 'NONE',  ( 75.00000000000000000, -30.20000114037598493, -37.49999819837400139 ) ) ;
#3867 = FACE_OUTER_BOUND ( 'NONE', #5910, .T. ) ;
#3868 = VECTOR ( 'NONE', #2190, 1000.000000000000000 ) ;
#3869 = EDGE_LOOP ( 'NONE', ( #2535, #5030, #6834, #5941 ) ) ;
#3870 =( GEOMETRIC_REPRESENTATION_CONTEXT ( 3 ) GLOBAL_UNCERTAINTY_ASSIGNED_CONTEXT ( ( #4460 ) ) GLOBAL_UNIT_ASSIGNED_CONTEXT ( ( #1789, #6642, #7791 ) ) REPRESENTATION_CONTEXT ( 'NONE', 'WORKASPACE' ) );
#3871 = DIRECTION ( 'NONE',  ( -1.000000000000000000, -0.000000000000000000, -0.000000000000000000 ) ) ;
#3872 = EDGE_CURVE ( 'NONE', #4049, #4945, #3944, .T. ) ;
#3873 = FILL_AREA_STYLE ('',( #213 ) ) ;
#3874 = DIRECTION ( 'NONE',  ( 0.000000000000000000, 0.000000000000000000, 1.000000000000000000 ) ) ;
#3875 =( LENGTH_UNIT ( ) NAMED_UNIT ( * ) SI_UNIT ( .MILLI., .METRE. ) );
#3876 = ORIENTED_EDGE ( 'NONE', *, *, #4728, .F. ) ;
#3877 = PLANE ( 'NONE',  #6065 ) ;
#3878 = VECTOR ( 'NONE', #437, 1000.000000000000227 ) ;
#3879 = LINE ( 'NONE', #1557, #7479 ) ;
#3880 = COLOUR_RGB ( '',0.8980392156862745390, 0.9176470588235293713, 0.9294117647058823817 ) ;
#3881 = EDGE_CURVE ( 'NONE', #2599, #2304, #6309, .T. ) ;
#3882 =( NAMED_UNIT ( * ) PLANE_ANGLE_UNIT ( ) SI_UNIT ( $, .RADIAN. ) );
#3883 = ORIENTED_EDGE ( 'NONE', *, *, #6304, .F. ) ;
#3884 = PRESENTATION_LAYER_ASSIGNMENT (  '', '', ( #6320 ) ) ;
#3885 = LINE ( 'NONE', #304, #7336 ) ;
#3886 = FILL_AREA_STYLE ('',( #5859 ) ) ;
#3887 = LINE ( 'NONE', #1418, #1651 ) ;
#3888 = VECTOR ( 'NONE', #3354, 1000.000000000000000 ) ;
#3889 = UNCERTAINTY_MEASURE_WITH_UNIT (LENGTH_MEASURE( 1.000000000000000082E-05 ), #7364, 'distance_accuracy_value', 'NONE');
#3890 = EDGE_LOOP ( 'NONE', ( #5984, #1951, #449, #7894 ) ) ;
#3891 = AXIS2_PLACEMENT_3D ( 'NONE', #2616, #3839, #4521 ) ;
#3892 = ADVANCED_FACE ( 'NONE', ( #5830 ), #394, .F. ) ;
#3893 = DIRECTION ( 'NONE',  ( -0.000000000000000000, 1.000000000000000000, 0.000000000000000000 ) ) ;
#3894 = ORIENTED_EDGE ( 'NONE', *, *, #6503, .T. ) ;
#3895 = PRESENTATION_STYLE_ASSIGNMENT (( #7647 ) ) ;
#3896 = ORIENTED_EDGE ( 'NONE', *, *, #7115, .F. ) ;
#3897 = CARTESIAN_POINT ( 'NONE',  ( 75.00000000000000000, -27.40000030889110860, -31.49999907754262551 ) ) ;
#3898 = ADVANCED_FACE ( 'NONE', ( #7778 ), #5907, .F. ) ;
#3899 = FACE_OUTER_BOUND ( 'NONE', #2755, .T. ) ;
#3900 = EDGE_LOOP ( 'NONE', ( #4537, #128, #4033, #7043 ) ) ;
#3901 =( NAMED_UNIT ( * ) PLANE_ANGLE_UNIT ( ) SI_UNIT ( $, .RADIAN. ) );
#3902 = FILL_AREA_STYLE ('',( #360 ) ) ;
#3903 = DIRECTION ( 'NONE',  ( 0.000000000000000000, -0.000000000000000000, 1.000000000000000000 ) ) ;
#3904 = LINE ( 'NONE', #2061, #1419 ) ;
#3905 = CARTESIAN_POINT ( 'NONE',  ( 75.00000000000000000, 30.49999982145801170, 37.50000096307993402 ) ) ;
#3906 = ORIENTED_EDGE ( 'NONE', *, *, #4361, .T. ) ;
#3907 = DIRECTION ( 'NONE',  ( 0.000000000000000000, 1.000000000000000000, 0.000000000000000000 ) ) ;
#3908 = MECHANICAL_DESIGN_GEOMETRIC_PRESENTATION_REPRESENTATION (  '', ( #4038 ), #3411 ) ;
#3909 = PLANE ( 'NONE',  #6826 ) ;
#3910 = VERTEX_POINT ( 'NONE', #3590 ) ;
#3911 = DIRECTION ( 'NONE',  ( 0.000000000000000000, -0.000000000000000000, 1.000000000000000000 ) ) ;
#3912 = CARTESIAN_POINT ( 'NONE',  ( 75.00000000000000000, -11.79999985836419718, -40.30000022208010080 ) ) ;
#3913 = FILL_AREA_STYLE ('',( #3218 ) ) ;
#3914 = EDGE_CURVE ( 'NONE', #2094, #1003, #4855, .T. ) ;
#3915 = AXIS2_PLACEMENT_3D ( 'NONE', #4881, #737, #6690 ) ;
#3916 = CARTESIAN_POINT ( 'NONE',  ( 75.00000000000000000, 21.39999902999591441, 40.30000032623447481 ) ) ;
#3917 = ORIENTED_EDGE ( 'NONE', *, *, #2434, .T. ) ;
#3918 = LINE ( 'NONE', #379, #2933 ) ;
#3919 = SURFACE_STYLE_FILL_AREA ( #1526 ) ;
#3920 = CYLINDRICAL_SURFACE ( 'NONE', #3640, 1.250000000000126121 ) ;
#3921 = DIRECTION ( 'NONE',  ( 1.000000000000000000, 0.000000000000000000, 0.000000000000000000 ) ) ;
#3922 = PRESENTATION_LAYER_ASSIGNMENT (  '', '', ( #7279 ) ) ;
#3923 = AXIS2_PLACEMENT_3D ( 'NONE', #6489, #1055, #5342 ) ;
#3924 = ORIENTED_EDGE ( 'NONE', *, *, #852, .T. ) ;
#3925 = DIRECTION ( 'NONE',  ( 0.000000000000000000, 0.000000000000000000, 1.000000000000000000 ) ) ;
#3926 = STYLED_ITEM ( 'NONE', ( #491 ), #250 ) ;
#3927 = VERTEX_POINT ( 'NONE', #7254 ) ;
#3928 = COLOUR_RGB ( '',0.8980392156862745390, 0.9176470588235293713, 0.9294117647058823817 ) ;
#3929 = FILL_AREA_STYLE_COLOUR ( '', #91 ) ;
#3930 = DIRECTION ( 'NONE',  ( 0.000000000000000000, -1.000000000000000000, 0.000000000000000000 ) ) ;
#3931 = ORIENTED_EDGE ( 'NONE', *, *, #6261, .T. ) ;
#3932 = SURFACE_STYLE_USAGE ( .BOTH. , #850 ) ;
#3933 =( NAMED_UNIT ( * ) SI_UNIT ( $, .STERADIAN. ) SOLID_ANGLE_UNIT ( ) );
#3934 = FILL_AREA_STYLE_COLOUR ( '', #4906 ) ;
#3935 = ORIENTED_EDGE ( 'NONE', *, *, #5737, .F. ) ;
#3936 = CARTESIAN_POINT ( 'NONE',  ( 75.00000000000000000, -31.89999982714642002, -44.84999939450040785 ) ) ;
#3937 = FILL_AREA_STYLE ('',( #3309 ) ) ;
#3938 = DIRECTION ( 'NONE',  ( 0.000000000000000000, 1.000000000000000000, 0.000000000000000000 ) ) ;
#3939 =( NAMED_UNIT ( * ) SI_UNIT ( $, .STERADIAN. ) SOLID_ANGLE_UNIT ( ) );
#3940 = SURFACE_SIDE_STYLE ('',( #4554 ) ) ;
#3941 = EDGE_CURVE ( 'NONE', #5102, #1947, #1201, .T. ) ;
#3942 = ORIENTED_EDGE ( 'NONE', *, *, #7201, .T. ) ;
#3943 =( NAMED_UNIT ( * ) PLANE_ANGLE_UNIT ( ) SI_UNIT ( $, .RADIAN. ) );
#3944 = CIRCLE ( 'NONE', #565, 2.000000288029012196 ) ;
#3945 = CARTESIAN_POINT ( 'NONE',  ( 75.00000000000000000, -19.20000032626060360, -40.30000022208010080 ) ) ;
#3946 = EDGE_LOOP ( 'NONE', ( #1128, #3231, #7404, #5842 ) ) ;
#3947 = FILL_AREA_STYLE_COLOUR ( '', #624 ) ;
#3948 = STYLED_ITEM ( 'NONE', ( #2816 ), #4013 ) ;
#3949 =( LENGTH_UNIT ( ) NAMED_UNIT ( * ) SI_UNIT ( .MILLI., .METRE. ) );
#3950 = VECTOR ( 'NONE', #5024, 1000.000000000000000 ) ;
#3951 = EDGE_CURVE ( 'NONE', #3700, #2203, #6466, .T. ) ;
#3952 = PLANE ( 'NONE',  #3022 ) ;
#3953 = EDGE_LOOP ( 'NONE', ( #552, #5487, #7329, #882 ) ) ;
#3954 = VECTOR ( 'NONE', #4302, 1000.000000000000000 ) ;
#3955 = SHAPE_DEFINITION_REPRESENTATION ( #5796, #124 ) ;
#3956 = EDGE_CURVE ( 'NONE', #931, #4704, #600, .T. ) ;
#3957 = DIRECTION ( 'NONE',  ( 0.000000000000000000, 0.000000000000000000, 1.000000000000000000 ) ) ;
#3958 = COLOUR_RGB ( '',0.8980392156862745390, 0.9176470588235293713, 0.9294117647058823817 ) ;
#3959 = CARTESIAN_POINT ( 'NONE',  ( 75.00000000000000000, 28.04999815885442516, -40.24999943051175677 ) ) ;
#3960 = AXIS2_PLACEMENT_3D ( 'NONE', #1655, #6501, #6421 ) ;
#3961 = UNCERTAINTY_MEASURE_WITH_UNIT (LENGTH_MEASURE( 1.000000000000000082E-05 ), #7900, 'distance_accuracy_value', 'NONE');
#3962 = EDGE_LOOP ( 'NONE', ( #5098, #942, #1688, #878 ) ) ;
#3963 = ADVANCED_FACE ( 'NONE', ( #7733 ), #7861, .F. ) ;
#3964 = DIRECTION ( 'NONE',  ( -1.000000000000000000, 0.000000000000000000, -0.000000000000000000 ) ) ;
#3965 = ORIENTED_EDGE ( 'NONE', *, *, #1371, .T. ) ;
#3966 = COLOUR_RGB ( '',0.8980392156862745390, 0.9176470588235293713, 0.9294117647058823817 ) ;
#3967 = SURFACE_STYLE_USAGE ( .BOTH. , #1572 ) ;
#3968 = PRESENTATION_LAYER_ASSIGNMENT (  '', '', ( #3612 ) ) ;
#3969 = ORIENTED_EDGE ( 'NONE', *, *, #2802, .T. ) ;
#3970 = CARTESIAN_POINT ( 'NONE',  ( 75.00000000000000000, 28.19999814060689047, 33.50000030742884150 ) ) ;
#3971 = DIRECTION ( 'NONE',  ( 0.000000000000000000, 0.000000000000000000, -1.000000000000000000 ) ) ;
#3972 = PLANE ( 'NONE',  #3593 ) ;
#3973 = VERTEX_POINT ( 'NONE', #1864 ) ;
#3974 = SURFACE_SIDE_STYLE ('',( #1629 ) ) ;
#3975 = LINE ( 'NONE', #7334, #1965 ) ;
#3976 = FILL_AREA_STYLE_COLOUR ( '', #6419 ) ;
#3977 = MECHANICAL_DESIGN_GEOMETRIC_PRESENTATION_REPRESENTATION (  '', ( #5140 ), #5270 ) ;
#3978 = PLANE ( 'NONE',  #5346 ) ;
#3979 = DIRECTION ( 'NONE',  ( -1.000000000000000000, -0.000000000000000000, -0.000000000000000000 ) ) ;
#3980 = ORIENTED_EDGE ( 'NONE', *, *, #111, .T. ) ;
#3981 = LINE ( 'NONE', #3945, #3078 ) ;
#3982 = EDGE_CURVE ( 'NONE', #4030, #6544, #3190, .T. ) ;
#3983 = FACE_OUTER_BOUND ( 'NONE', #1433, .T. ) ;
#3984 = FILL_AREA_STYLE_COLOUR ( '', #4501 ) ;
#3985 = VERTEX_POINT ( 'NONE', #4942 ) ;
#3986 = SURFACE_STYLE_USAGE ( .BOTH. , #3282 ) ;
#3987 = PRODUCT_DEFINITION_SHAPE ( 'NONE', 'NONE',  #1836 ) ;
#3988 = CARTESIAN_POINT ( 'NONE',  ( 75.00000000000000000, -30.10000119205603042, -59.99999880441464484 ) ) ;
#3989 = DIRECTION ( 'NONE',  ( 0.000000000000000000, 0.000000000000000000, 1.000000000000000000 ) ) ;
#3990 = VECTOR ( 'NONE', #628, 1000.000000000000000 ) ;
#3991 = VECTOR ( 'NONE', #6174, 1000.000000000000000 ) ;
#3992 =( NAMED_UNIT ( * ) SI_UNIT ( $, .STERADIAN. ) SOLID_ANGLE_UNIT ( ) );
#3993 = UNCERTAINTY_MEASURE_WITH_UNIT (LENGTH_MEASURE( 1.000000000000000082E-05 ), #2451, 'distance_accuracy_value', 'NONE');
#3994 = VERTEX_POINT ( 'NONE', #6072 ) ;
#3995 = APPLICATION_PROTOCOL_DEFINITION ( 'draft international standard', 'automotive_design', 1998, #2188 ) ;
#3996 = ADVANCED_FACE ( 'NONE', ( #6784 ), #5636, .F. ) ;
#3997 = CARTESIAN_POINT ( 'NONE',  ( -75.00000000000000000, 28.19999814060689047, 29.49999965177774897 ) ) ;
#3998 = VECTOR ( 'NONE', #790, 1000.000000000000000 ) ;
#3999 = DIRECTION ( 'NONE',  ( 0.000000000000000000, 0.9659258377214382518, -0.2588190024363314912 ) ) ;
#4000 = ADVANCED_FACE ( 'NONE', ( #1273 ), #154, .F. ) ;
#4001 =( NAMED_UNIT ( * ) PLANE_ANGLE_UNIT ( ) SI_UNIT ( $, .RADIAN. ) );
#4002 = PRESENTATION_LAYER_ASSIGNMENT (  '', '', ( #6443 ) ) ;
#4003 =( GEOMETRIC_REPRESENTATION_CONTEXT ( 3 ) GLOBAL_UNCERTAINTY_ASSIGNED_CONTEXT ( ( #7299 ) ) GLOBAL_UNIT_ASSIGNED_CONTEXT ( ( #977, #3370, #2693 ) ) REPRESENTATION_CONTEXT ( 'NONE', 'WORKASPACE' ) );
#4004 = ORIENTED_EDGE ( 'NONE', *, *, #4564, .F. ) ;
#4005 = VECTOR ( 'NONE', #6012, 1000.000000000000000 ) ;
#4006 = FILL_AREA_STYLE ('',( #7679 ) ) ;
#4007 = PRESENTATION_LAYER_ASSIGNMENT (  '', '', ( #881 ) ) ;
#4008 = CARTESIAN_POINT ( 'NONE',  ( -75.00000000000000000, -27.40000030889110860, 29.49999974526575386 ) ) ;
#4009 = ORIENTED_EDGE ( 'NONE', *, *, #2065, .T. ) ;
#4010 = DIRECTION ( 'NONE',  ( 0.000000000000000000, 1.000000000000000000, 0.000000000000000000 ) ) ;
#4011 =( LENGTH_UNIT ( ) NAMED_UNIT ( * ) SI_UNIT ( .MILLI., .METRE. ) );
#4012 = SURFACE_SIDE_STYLE ('',( #2874 ) ) ;
#4013 = ADVANCED_FACE ( 'NONE', ( #6301 ), #3850, .F. ) ;
#4014 = VECTOR ( 'NONE', #3206, 1000.000000000000000 ) ;
#4015 = UNCERTAINTY_MEASURE_WITH_UNIT (LENGTH_MEASURE( 1.000000000000000082E-05 ), #6227, 'distance_accuracy_value', 'NONE');
#4016 = ORIENTED_EDGE ( 'NONE', *, *, #6417, .F. ) ;
#4017 = VECTOR ( 'NONE', #6475, 1000.000000000000000 ) ;
#4018 = CARTESIAN_POINT ( 'NONE',  ( -75.00000000000000000, -28.09999986047136389, -46.99999858150008691 ) ) ;
#4019 = CARTESIAN_POINT ( 'NONE',  ( 75.00000000000000000, -21.40000118805958707, 40.30000002540748483 ) ) ;
#4020 = CARTESIAN_POINT ( 'NONE',  ( 75.00000000000000000, -14.80000044616175359, 42.65000028057852433 ) ) ;
#4021 = ORIENTED_EDGE ( 'NONE', *, *, #1038, .T. ) ;
#4022 = CARTESIAN_POINT ( 'NONE',  ( -75.00000000000000000, 28.19999814060689047, 35.50000063525438776 ) ) ;
#4023 = LINE ( 'NONE', #7137, #861 ) ;
#4024 =( LENGTH_UNIT ( ) NAMED_UNIT ( * ) SI_UNIT ( .MILLI., .METRE. ) );
#4025 = STYLED_ITEM ( 'NONE', ( #941 ), #3258 ) ;
#4026 = CARTESIAN_POINT ( 'NONE',  ( 75.00000000000000000, 25.65176337868377132, 39.60739484896458862 ) ) ;
#4027 = CARTESIAN_POINT ( 'NONE',  ( 75.00000000000000000, -30.20000114037598493, -33.49999940536817178 ) ) ;
#4028 = CARTESIAN_POINT ( 'NONE',  ( 75.00000000000000000, -27.40000030889110860, -29.50000061236211479 ) ) ;
#4029 = ORIENTED_EDGE ( 'NONE', *, *, #4899, .T. ) ;
#4030 = VERTEX_POINT ( 'NONE', #1603 ) ;
#4031 = CARTESIAN_POINT ( 'NONE',  ( 75.00000000000000000, 25.59999815885450758, -39.80057930441510905 ) ) ;
#4032 =( NAMED_UNIT ( * ) SI_UNIT ( $, .STERADIAN. ) SOLID_ANGLE_UNIT ( ) );
#4033 = ORIENTED_EDGE ( 'NONE', *, *, #5787, .F. ) ;
#4034 = SURFACE_STYLE_USAGE ( .BOTH. , #7794 ) ;
#4035 = SURFACE_STYLE_USAGE ( .BOTH. , #5964 ) ;
#4036 = DIRECTION ( 'NONE',  ( 0.000000000000000000, 0.000000000000000000, -1.000000000000000000 ) ) ;
#4037 = UNCERTAINTY_MEASURE_WITH_UNIT (LENGTH_MEASURE( 1.000000000000000082E-05 ), #4618, 'distance_accuracy_value', 'NONE');
#4038 = STYLED_ITEM ( 'NONE', ( #865 ), #7328 ) ;
#4039 = ORIENTED_EDGE ( 'NONE', *, *, #3618, .F. ) ;
#4040 = DIRECTION ( 'NONE',  ( 0.000000000000000000, -1.000000000000000000, 0.000000000000000000 ) ) ;
#4041 = CARTESIAN_POINT ( 'NONE',  ( 75.00000000000000000, -28.09999986047136389, -44.99999782597348741 ) ) ;
#4042 = DIRECTION ( 'NONE',  ( -0.000000000000000000, -0.000000000000000000, -1.000000000000000000 ) ) ;
#4043 = SURFACE_STYLE_USAGE ( .BOTH. , #5382 ) ;
#4044 = CARTESIAN_POINT ( 'NONE',  ( 75.00000000000000000, -1.689490045283340569, -42.50000030364437009 ) ) ;
#4045 = EDGE_CURVE ( 'NONE', #4495, #5874, #6517, .T. ) ;
#4046 = EDGE_LOOP ( 'NONE', ( #6418, #1949, #848, #5959 ) ) ;
#4047 =( NAMED_UNIT ( * ) SI_UNIT ( $, .STERADIAN. ) SOLID_ANGLE_UNIT ( ) );
#4048 = CARTESIAN_POINT ( 'NONE',  ( -75.00000000000000000, -25.65176366949164688, -39.58059896715140979 ) ) ;
#4049 = VERTEX_POINT ( 'NONE', #5855 ) ;
#4050 = COLOUR_RGB ( '',0.8980392156862745390, 0.9176470588235293713, 0.9294117647058823817 ) ;
#4051 = DIRECTION ( 'NONE',  ( 0.000000000000000000, 0.000000000000000000, 1.000000000000000000 ) ) ;
#4052 = ORIENTED_EDGE ( 'NONE', *, *, #4797, .F. ) ;
#4053 = EDGE_CURVE ( 'NONE', #2047, #3138, #460, .T. ) ;
#4054 =( LENGTH_UNIT ( ) NAMED_UNIT ( * ) SI_UNIT ( .MILLI., .METRE. ) );
#4055 = VECTOR ( 'NONE', #1941, 1000.000000000000000 ) ;
#4056 = DIRECTION ( 'NONE',  ( -1.000000000000000000, -0.000000000000000000, -0.000000000000000000 ) ) ;
#4057 = ORIENTED_EDGE ( 'NONE', *, *, #4596, .F. ) ;
#4058 = PRESENTATION_STYLE_ASSIGNMENT (( #7618 ) ) ;
#4059 = ADVANCED_FACE ( 'NONE', ( #1098 ), #7114, .F. ) ;
#4060 = DIRECTION ( 'NONE',  ( 0.000000000000000000, 1.000000000000000000, 0.000000000000000000 ) ) ;
#4061 =( GEOMETRIC_REPRESENTATION_CONTEXT ( 3 ) GLOBAL_UNCERTAINTY_ASSIGNED_CONTEXT ( ( #6495 ) ) GLOBAL_UNIT_ASSIGNED_CONTEXT ( ( #1507, #434, #3933 ) ) REPRESENTATION_CONTEXT ( 'NONE', 'WORKASPACE' ) );
#4062 = DIRECTION ( 'NONE',  ( 0.000000000000000000, 0.000000000000000000, -1.000000000000000000 ) ) ;
#4063 = DIRECTION ( 'NONE',  ( 0.000000000000000000, 8.356083377518723479E-08, -0.9999999999999965583 ) ) ;
#4064 = DIRECTION ( 'NONE',  ( 0.000000000000000000, 0.000000000000000000, -1.000000000000000000 ) ) ;
#4065 = ORIENTED_EDGE ( 'NONE', *, *, #2960, .T. ) ;
#4066 = DIRECTION ( 'NONE',  ( 0.000000000000000000, 0.000000000000000000, -1.000000000000000000 ) ) ;
#4067 = DIRECTION ( 'NONE',  ( -1.000000000000000000, -0.000000000000000000, -0.000000000000000000 ) ) ;
#4068 = SURFACE_STYLE_FILL_AREA ( #4680 ) ;
#4069 = ORIENTED_EDGE ( 'NONE', *, *, #5318, .T. ) ;
#4070 = LINE ( 'NONE', #5336, #5805 ) ;
#4071 =( LENGTH_UNIT ( ) NAMED_UNIT ( * ) SI_UNIT ( .MILLI., .METRE. ) );
#4072 = FILL_AREA_STYLE_COLOUR ( '', #1993 ) ;
#4073 = AXIS2_PLACEMENT_3D ( 'NONE', #4469, #2091, #1473 ) ;
#4074 = UNCERTAINTY_MEASURE_WITH_UNIT (LENGTH_MEASURE( 1.000000000000000082E-05 ), #3875, 'distance_accuracy_value', 'NONE');
#4075 = VERTEX_POINT ( 'NONE', #7759 ) ;
#4076 = PRODUCT_CONTEXT ( 'NONE', #6256, 'mechanical' ) ;
#4077 = AXIS2_PLACEMENT_3D ( 'NONE', #3149, #5603, #645 ) ;
#4078 = CARTESIAN_POINT ( 'NONE',  ( -75.00000000000000000, 23.19999830997313595, -40.30000031556529905 ) ) ;
#4079 = PRESENTATION_LAYER_ASSIGNMENT (  '', '', ( #2578 ) ) ;
#4080 = AXIS2_PLACEMENT_3D ( 'NONE', #5354, #7818, #7132 ) ;
#4081 = DIRECTION ( 'NONE',  ( 0.000000000000000000, -1.000000000000000000, 0.000000000000000000 ) ) ;
#4082 = UNCERTAINTY_MEASURE_WITH_UNIT (LENGTH_MEASURE( 1.000000000000000082E-05 ), #3547, 'distance_accuracy_value', 'NONE');
#4083 = COLOUR_RGB ( '',0.8980392156862745390, 0.9176470588235293713, 0.9294117647058823817 ) ;
#4084 = EDGE_LOOP ( 'NONE', ( #7098, #3270, #5706, #1230 ) ) ;
#4085 = AXIS2_PLACEMENT_3D ( 'NONE', #88, #7392, #7307 ) ;
#4086 = DIRECTION ( 'NONE',  ( 0.000000000000000000, 0.000000000000000000, -1.000000000000000000 ) ) ;
#4087 = DIRECTION ( 'NONE',  ( -1.000000000000000000, -0.000000000000000000, -0.000000000000000000 ) ) ;
#4088 = VERTEX_POINT ( 'NONE', #7153 ) ;
#4089 = EDGE_CURVE ( 'NONE', #5035, #2107, #6531, .T. ) ;
#4090 = PRESENTATION_LAYER_ASSIGNMENT (  '', '', ( #4866 ) ) ;
#4091 = DIRECTION ( 'NONE',  ( 1.000000000000000000, 0.000000000000000000, 0.000000000000000000 ) ) ;
#4092 = CARTESIAN_POINT ( 'NONE',  ( -75.00000000000000000, -23.19999911926677072, -40.30000022208010080 ) ) ;
#4093 = VECTOR ( 'NONE', #7051, 1000.000000000000000 ) ;
#4094 = ORIENTED_EDGE ( 'NONE', *, *, #7276, .T. ) ;
#4095 =( NAMED_UNIT ( * ) PLANE_ANGLE_UNIT ( ) SI_UNIT ( $, .RADIAN. ) );
#4096 = CYLINDRICAL_SURFACE ( 'NONE', #2180, 1.300000000000016476 ) ;
#4097 = PRESENTATION_LAYER_ASSIGNMENT (  '', '', ( #4226 ) ) ;
#4098 = PRESENTATION_LAYER_ASSIGNMENT (  '', '', ( #3610 ) ) ;
#4099 = CARTESIAN_POINT ( 'NONE',  ( -75.00000000000000000, -25.59999986047113296, -39.77378413240914057 ) ) ;
#4100 = VERTEX_POINT ( 'NONE', #5928 ) ;
#4101 = PLANE ( 'NONE',  #1068 ) ;
#4102 =( NAMED_UNIT ( * ) SI_UNIT ( $, .STERADIAN. ) SOLID_ANGLE_UNIT ( ) );
#4103 = CARTESIAN_POINT ( 'NONE',  ( -75.00000000000000000, 27.38059778897923735, -37.75176323953223800 ) ) ;
#4104 = CARTESIAN_POINT ( 'NONE',  ( 75.00000000000000000, 25.39999968564725563, 42.50000031431354586 ) ) ;
#4105 = EDGE_CURVE ( 'NONE', #918, #2539, #2011, .T. ) ;
#4106 = CARTESIAN_POINT ( 'NONE',  ( -75.00000000000000000, -23.19999911926677072, -42.50000021015917184 ) ) ;
#4107 = STYLED_ITEM ( 'NONE', ( #2354 ), #6521 ) ;
#4108 = MECHANICAL_DESIGN_GEOMETRIC_PRESENTATION_REPRESENTATION (  '', ( #7590 ), #2220 ) ;
#4109 = EDGE_CURVE ( 'NONE', #2195, #4373, #1170, .T. ) ;
#4110 = VERTEX_POINT ( 'NONE', #5341 ) ;
#4111 = DIRECTION ( 'NONE',  ( -1.000000000000000000, -0.000000000000000000, -0.000000000000000000 ) ) ;
#4112 = CARTESIAN_POINT ( 'NONE',  ( 75.00000000000000000, -5.500001823453763983, -40.30000030276743672 ) ) ;
#4113 = CIRCLE ( 'NONE', #7724, 0.1999994679908884132 ) ;
#4114 = VERTEX_POINT ( 'NONE', #6094 ) ;
#4115 = DIRECTION ( 'NONE',  ( 0.000000000000000000, 0.9999999999999698019, 2.459447065762542639E-07 ) ) ;
#4116 = VERTEX_POINT ( 'NONE', #6610 ) ;
#4117 = FACE_OUTER_BOUND ( 'NONE', #6998, .T. ) ;
#4118 = CARTESIAN_POINT ( 'NONE',  ( 75.00000000000000000, -28.15000165596212867, 40.24999974556125437 ) ) ;
#4119 = UNCERTAINTY_MEASURE_WITH_UNIT (LENGTH_MEASURE( 1.000000000000000082E-05 ), #6546, 'distance_accuracy_value', 'NONE');
#4120 = VECTOR ( 'NONE', #6512, 1000.000000000000000 ) ;
#4121 = EDGE_CURVE ( 'NONE', #3927, #3463, #1758, .T. ) ;
#4122 = EDGE_CURVE ( 'NONE', #4712, #6723, #582, .T. ) ;
#4123 =( GEOMETRIC_REPRESENTATION_CONTEXT ( 3 ) GLOBAL_UNCERTAINTY_ASSIGNED_CONTEXT ( ( #7335 ) ) GLOBAL_UNIT_ASSIGNED_CONTEXT ( ( #6851, #5116, #4481 ) ) REPRESENTATION_CONTEXT ( 'NONE', 'WORKASPACE' ) );
#4124 =( LENGTH_UNIT ( ) NAMED_UNIT ( * ) SI_UNIT ( .MILLI., .METRE. ) );
#4125 = CARTESIAN_POINT ( 'NONE',  ( -75.00000000000000000, -30.20000114037598493, -31.49999907754262551 ) ) ;
#4126 = DIRECTION ( 'NONE',  ( 0.000000000000000000, 0.000000000000000000, 1.000000000000000000 ) ) ;
#4127 = CARTESIAN_POINT ( 'NONE',  ( 75.00000000000000000, -25.59999986047113296, -39.57378413240921589 ) ) ;
#4128 = EDGE_CURVE ( 'NONE', #2195, #228, #6736, .T. ) ;
#4129 = VECTOR ( 'NONE', #5257, 1000.000000000000000 ) ;
#4130 = SURFACE_SIDE_STYLE ('',( #1140 ) ) ;
#4131 = ORIENTED_EDGE ( 'NONE', *, *, #7127, .T. ) ;
#4132 = COLOUR_RGB ( '',0.8980392156862745390, 0.9176470588235293713, 0.9294117647058823817 ) ;
#4133 = CARTESIAN_POINT ( 'NONE',  ( 75.00000000000000000, -23.19999999298656945, 42.50000001348644219 ) ) ;
#4134 = ORIENTED_EDGE ( 'NONE', *, *, #1895, .T. ) ;
#4135 =( NAMED_UNIT ( * ) PLANE_ANGLE_UNIT ( ) SI_UNIT ( $, .RADIAN. ) );
#4136 =( NAMED_UNIT ( * ) PLANE_ANGLE_UNIT ( ) SI_UNIT ( $, .RADIAN. ) );
#4137 = STYLED_ITEM ( 'NONE', ( #5443 ), #4698 ) ;
#4138 = AXIS2_PLACEMENT_3D ( 'NONE', #2399, #7851, #1809 ) ;
#4139 = MECHANICAL_DESIGN_GEOMETRIC_PRESENTATION_REPRESENTATION (  '', ( #109 ), #2748 ) ;
#4140 = EDGE_CURVE ( 'NONE', #1316, #1309, #7884, .T. ) ;
#4141 = ORIENTED_EDGE ( 'NONE', *, *, #2798, .F. ) ;
#4142 = DIRECTION ( 'NONE',  ( -0.000000000000000000, -0.000000000000000000, -1.000000000000000000 ) ) ;
#4143 = CARTESIAN_POINT ( 'NONE',  ( 75.00000000000000000, -31.89999982714642002, -4.849999706493690610 ) ) ;
#4144 = SURFACE_SIDE_STYLE ('',( #438 ) ) ;
#4145 = ORIENTED_EDGE ( 'NONE', *, *, #2848, .T. ) ;
#4146 = CARTESIAN_POINT ( 'NONE',  ( 75.00000000000000000, 30.49999982145801170, -31.49999917103074054 ) ) ;
#4147 = PRESENTATION_STYLE_ASSIGNMENT (( #1040 ) ) ;
#4148 = DIRECTION ( 'NONE',  ( 0.000000000000000000, 0.000000000000000000, -1.000000000000000000 ) ) ;
#4149 = DIRECTION ( 'NONE',  ( 0.000000000000000000, 0.000000000000000000, -1.000000000000000000 ) ) ;
#4150 =( LENGTH_UNIT ( ) NAMED_UNIT ( * ) SI_UNIT ( .MILLI., .METRE. ) );
#4151 = STYLED_ITEM ( 'NONE', ( #402 ), #1429 ) ;
#4152 = EDGE_CURVE ( 'NONE', #1003, #1831, #7318, .T. ) ;
#4153 = ORIENTED_EDGE ( 'NONE', *, *, #5717, .F. ) ;
#4154 = CARTESIAN_POINT ( 'NONE',  ( 75.00000000000000000, -25.39999998106550194, 42.50000001348644219 ) ) ;
#4155 = DIRECTION ( 'NONE',  ( 1.000000000000000000, 0.000000000000000000, 0.000000000000000000 ) ) ;
#4156 = VERTEX_POINT ( 'NONE', #2393 ) ;
#4157 = STYLED_ITEM ( 'NONE', ( #1203 ), #3536 ) ;
#4158 = ORIENTED_EDGE ( 'NONE', *, *, #6221, .F. ) ;
#4159 = CARTESIAN_POINT ( 'NONE',  ( 75.00000000000000000, -28.15000165596212867, 38.99999974556119753 ) ) ;
#4160 =( GEOMETRIC_REPRESENTATION_CONTEXT ( 3 ) GLOBAL_UNCERTAINTY_ASSIGNED_CONTEXT ( ( #4925 ) ) GLOBAL_UNIT_ASSIGNED_CONTEXT ( ( #3417, #2239, #4652 ) ) REPRESENTATION_CONTEXT ( 'NONE', 'WORKASPACE' ) );
#4161 = FILL_AREA_STYLE_COLOUR ( '', #6146 ) ;
#4162 = UNCERTAINTY_MEASURE_WITH_UNIT (LENGTH_MEASURE( 1.000000000000000082E-05 ), #3667, 'distance_accuracy_value', 'NONE');
#4163 = FILL_AREA_STYLE_COLOUR ( '', #3073 ) ;
#4164 = CARTESIAN_POINT ( 'NONE',  ( -75.00000000000000000, 32.49999986189348533, 40.00000133456496343 ) ) ;
#4165 = SURFACE_SIDE_STYLE ('',( #1259 ) ) ;
#4166 = EDGE_CURVE ( 'NONE', #3138, #1878, #7190, .T. ) ;
#4167 = DIRECTION ( 'NONE',  ( 0.000000000000000000, -1.000000000000000000, 0.000000000000000000 ) ) ;
#4168 = FILL_AREA_STYLE ('',( #2124 ) ) ;
#4169 = STYLED_ITEM ( 'NONE', ( #5887 ), #7437 ) ;
#4170 = ADVANCED_FACE ( 'NONE', ( #4244 ), #5501, .F. ) ;
#4171 = VERTEX_POINT ( 'NONE', #7842 ) ;
#4172 = COLOUR_RGB ( '',0.8980392156862745390, 0.9176470588235293713, 0.9294117647058823817 ) ;
#4173 = ORIENTED_EDGE ( 'NONE', *, *, #1494, .T. ) ;
#4174 = DIRECTION ( 'NONE',  ( -1.000000000000000000, -0.000000000000000000, -0.000000000000000000 ) ) ;
#4175 = FACE_OUTER_BOUND ( 'NONE', #4730, .T. ) ;
#4176 = CIRCLE ( 'NONE', #787, 1.250000000000001110 ) ;
#4177 = EDGE_LOOP ( 'NONE', ( #3005, #4251, #4625, #1249 ) ) ;
#4178 = SURFACE_STYLE_USAGE ( .BOTH. , #6507 ) ;
#4179 = PLANE ( 'NONE',  #1677 ) ;
#4180 = DIRECTION ( 'NONE',  ( 0.000000000000000000, -0.000000000000000000, 1.000000000000000000 ) ) ;
#4181 = EDGE_LOOP ( 'NONE', ( #717, #5746, #7612, #885 ) ) ;
#4182 = FILL_AREA_STYLE_COLOUR ( '', #2351 ) ;
#4183 =( LENGTH_UNIT ( ) NAMED_UNIT ( * ) SI_UNIT ( .MILLI., .METRE. ) );
#4184 = DIRECTION ( 'NONE',  ( 0.000000000000000000, -1.000000000000000000, 0.000000000000000000 ) ) ;
#4185 = STYLED_ITEM ( 'NONE', ( #1008 ), #2473 ) ;
#4186 = EDGE_LOOP ( 'NONE', ( #7455, #4431, #1529, #4342 ) ) ;
#4187 = CARTESIAN_POINT ( 'NONE',  ( 75.00000000000000000, -27.82647625647446077, -39.04259181176930582 ) ) ;
#4188 = ORIENTED_EDGE ( 'NONE', *, *, #6503, .F. ) ;
#4189 = DIRECTION ( 'NONE',  ( 1.000000000000000000, 0.000000000000000000, 0.000000000000000000 ) ) ;
#4190 = DIRECTION ( 'NONE',  ( 0.000000000000000000, 0.000000000000000000, 1.000000000000000000 ) ) ;
#4191 = EDGE_LOOP ( 'NONE', ( #3466, #1822, #428, #5239 ) ) ;
#4192 = AXIS2_PLACEMENT_3D ( 'NONE', #4738, #4701, #2367 ) ;
#4193 = DIRECTION ( 'NONE',  ( -1.000000000000000000, -0.000000000000000000, -0.000000000000000000 ) ) ;
#4194 = ADVANCED_FACE ( 'NONE', ( #6655 ), #6052, .F. ) ;
#4195 = PRESENTATION_STYLE_ASSIGNMENT (( #5374 ) ) ;
#4196 = FILL_AREA_STYLE_COLOUR ( '', #1467 ) ;
#4197 = UNCERTAINTY_MEASURE_WITH_UNIT (LENGTH_MEASURE( 1.000000000000000082E-05 ), #6536, 'distance_accuracy_value', 'NONE');
#4198 = LINE ( 'NONE', #6654, #891 ) ;
#4199 = CARTESIAN_POINT ( 'NONE',  ( -75.00000000000000000, -27.40000030889110860, 35.50000072874227897 ) ) ;
#4200 = CARTESIAN_POINT ( 'NONE',  ( 75.00000000000000000, -27.67378567386954202, -37.69999910291148382 ) ) ;
#4201 = SURFACE_STYLE_USAGE ( .BOTH. , #5688 ) ;
#4202 = DIRECTION ( 'NONE',  ( 0.000000000000000000, 1.000000000000000000, 0.000000000000000000 ) ) ;
#4203 =( LENGTH_UNIT ( ) NAMED_UNIT ( * ) SI_UNIT ( .MILLI., .METRE. ) );
#4204 = FILL_AREA_STYLE_COLOUR ( '', #5591 ) ;
#4205 = CARTESIAN_POINT ( 'NONE',  ( -75.00000000000000000, 25.39999968564725563, 42.50000031431354586 ) ) ;
#4206 = STYLED_ITEM ( 'NONE', ( #2533 ), #3773 ) ;
#4207 = EDGE_CURVE ( 'NONE', #7378, #6022, #2580, .T. ) ;
#4208 = EDGE_CURVE ( 'NONE', #965, #7672, #6527, .T. ) ;
#4209 = ORIENTED_EDGE ( 'NONE', *, *, #4932, .F. ) ;
#4210 = MECHANICAL_DESIGN_GEOMETRIC_PRESENTATION_REPRESENTATION (  '', ( #2578 ), #7834 ) ;
#4211 = SURFACE_STYLE_USAGE ( .BOTH. , #712 ) ;
#4212 = DIRECTION ( 'NONE',  ( -1.000000000000000000, -0.000000000000000000, -0.000000000000000000 ) ) ;
#4213 = VERTEX_POINT ( 'NONE', #2545 ) ;
#4214 = CARTESIAN_POINT ( 'NONE',  ( -75.00000000000000000, 28.19999814060689047, -31.49999917103074054 ) ) ;
#4215 = STYLED_ITEM ( 'NONE', ( #410 ), #4369 ) ;
#4216 = VECTOR ( 'NONE', #7512, 1000.000000000000000 ) ;
#4217 = VECTOR ( 'NONE', #4878, 1000.000000000000000 ) ;
#4218 = ORIENTED_EDGE ( 'NONE', *, *, #4122, .F. ) ;
#4219 = FILL_AREA_STYLE ('',( #3469 ) ) ;
#4220 = DIRECTION ( 'NONE',  ( -1.000000000000000000, -0.000000000000000000, -0.000000000000000000 ) ) ;
#4221 = VERTEX_POINT ( 'NONE', #4363 ) ;
#4222 = VECTOR ( 'NONE', #2681, 1000.000000000000000 ) ;
#4223 = UNCERTAINTY_MEASURE_WITH_UNIT (LENGTH_MEASURE( 1.000000000000000082E-05 ), #16, 'distance_accuracy_value', 'NONE');
#4224 = CARTESIAN_POINT ( 'NONE',  ( -75.00000000000000000, -30.20000114037598493, -33.49999940536817178 ) ) ;
#4225 = CARTESIAN_POINT ( 'NONE',  ( -75.00000000000000000, -11.80000073208403322, 45.00000135459106332 ) ) ;
#4226 = STYLED_ITEM ( 'NONE', ( #67 ), #6272 ) ;
#4227 = ORIENTED_EDGE ( 'NONE', *, *, #3104, .T. ) ;
#4228 = CARTESIAN_POINT ( 'NONE',  ( 75.00000000000000000, 27.38059778897923735, -37.75176323953223800 ) ) ;
#4229 = ORIENTED_EDGE ( 'NONE', *, *, #4899, .F. ) ;
#4230 = SURFACE_STYLE_USAGE ( .BOTH. , #5996 ) ;
#4231 = ORIENTED_EDGE ( 'NONE', *, *, #4657, .F. ) ;
#4232 = CARTESIAN_POINT ( 'NONE',  ( 75.00000000000000000, -31.89999982714642002, 44.84999910346232355 ) ) ;
#4233 = CARTESIAN_POINT ( 'NONE',  ( -75.00000000000000000, -27.40000030889110860, 29.49999974526575386 ) ) ;
#4234 = VERTEX_POINT ( 'NONE', #3802 ) ;
#4235 = STYLED_ITEM ( 'NONE', ( #1444 ), #6622 ) ;
#4236 = SURFACE_STYLE_USAGE ( .BOTH. , #7310 ) ;
#4237 = CARTESIAN_POINT ( 'NONE',  ( -75.00000000000000000, -27.40000030889110860, -33.49999940536817178 ) ) ;
#4238 = FILL_AREA_STYLE ('',( #6805 ) ) ;
#4239 = STYLED_ITEM ( 'NONE', ( #1956 ), #2426 ) ;
#4240 = FACE_OUTER_BOUND ( 'NONE', #7252, .T. ) ;
#4241 = VECTOR ( 'NONE', #482, 1000.000000000000000 ) ;
#4242 = AXIS2_PLACEMENT_3D ( 'NONE', #4626, #1664, #399 ) ;
#4243 = EDGE_CURVE ( 'NONE', #6293, #6727, #2066, .T. ) ;
#4244 = FACE_OUTER_BOUND ( 'NONE', #6460, .T. ) ;
#4245 = DIRECTION ( 'NONE',  ( 0.000000000000000000, 0.000000000000000000, -1.000000000000000000 ) ) ;
#4246 = SURFACE_STYLE_USAGE ( .BOTH. , #7321 ) ;
#4247 = DIRECTION ( 'NONE',  ( 1.000000000000000000, 0.000000000000000000, -0.000000000000000000 ) ) ;
#4248 = SURFACE_SIDE_STYLE ('',( #2982 ) ) ;
#4249 = CARTESIAN_POINT ( 'NONE',  ( 75.00000000000000000, -30.20000114037598493, -31.49999907754262551 ) ) ;
#4250 = AXIS2_PLACEMENT_3D ( 'NONE', #6556, #1346, #520 ) ;
#4251 = ORIENTED_EDGE ( 'NONE', *, *, #1564, .F. ) ;
#4252 = ADVANCED_FACE ( 'NONE', ( #5045 ), #742, .F. ) ;
#4253 = CARTESIAN_POINT ( 'NONE',  ( -75.00000000000000000, 25.39999829805240239, -42.50000030364437009 ) ) ;
#4254 = PRESENTATION_LAYER_ASSIGNMENT (  '', '', ( #4516 ) ) ;
#4255 =( NAMED_UNIT ( * ) PLANE_ANGLE_UNIT ( ) SI_UNIT ( $, .RADIAN. ) );
#4256 = EDGE_LOOP ( 'NONE', ( #5164, #4260, #5906, #2384 ) ) ;
#4257 = CARTESIAN_POINT ( 'NONE',  ( 75.00000000000000000, 28.19999814060689047, 29.49999965177774897 ) ) ;
#4258 = UNCERTAINTY_MEASURE_WITH_UNIT (LENGTH_MEASURE( 1.000000000000000082E-05 ), #927, 'distance_accuracy_value', 'NONE');
#4259 = VECTOR ( 'NONE', #2459, 1000.000000000000114 ) ;
#4260 = ORIENTED_EDGE ( 'NONE', *, *, #4444, .F. ) ;
#4261 = VECTOR ( 'NONE', #6607, 1000.000000000000000 ) ;
#4262 =( NAMED_UNIT ( * ) PLANE_ANGLE_UNIT ( ) SI_UNIT ( $, .RADIAN. ) );
#4263 = CARTESIAN_POINT ( 'NONE',  ( -75.00000000000000000, 25.59999815885450758, -39.80057930441510905 ) ) ;
#4264 = DIRECTION ( 'NONE',  ( -0.000000000000000000, 1.000000000000000000, -0.000000000000000000 ) ) ;
#4265 = CARTESIAN_POINT ( 'NONE',  ( -75.00000000000000000, -23.19999911926677072, -42.50000021015917184 ) ) ;
#4266 = EDGE_LOOP ( 'NONE', ( #4982, #2458, #2443, #281 ) ) ;
#4267 =( GEOMETRIC_REPRESENTATION_CONTEXT ( 3 ) GLOBAL_UNCERTAINTY_ASSIGNED_CONTEXT ( ( #4536 ) ) GLOBAL_UNIT_ASSIGNED_CONTEXT ( ( #559, #5946, #7207 ) ) REPRESENTATION_CONTEXT ( 'NONE', 'WORKASPACE' ) );
#4268 = VECTOR ( 'NONE', #3543, 1000.000000000000000 ) ;
#4269 = EDGE_CURVE ( 'NONE', #1982, #7896, #2030, .T. ) ;
#4270 = DIRECTION ( 'NONE',  ( 1.000000000000000000, 0.000000000000000000, 0.000000000000000000 ) ) ;
#4271 = DIRECTION ( 'NONE',  ( -1.000000000000000000, -0.000000000000000000, -0.000000000000000000 ) ) ;
#4272 = VERTEX_POINT ( 'NONE', #5698 ) ;
#4273 = MECHANICAL_DESIGN_GEOMETRIC_PRESENTATION_REPRESENTATION (  '', ( #6320 ), #5439 ) ;
#4274 = VERTEX_POINT ( 'NONE', #4927 ) ;
#4275 = FILL_AREA_STYLE_COLOUR ( '', #622 ) ;
#4276 = AXIS2_PLACEMENT_3D ( 'NONE', #7275, #586, #6492 ) ;
#4277 = ORIENTED_EDGE ( 'NONE', *, *, #7384, .F. ) ;
#4278 = DIRECTION ( 'NONE',  ( -1.000000000000000000, -0.000000000000000000, -0.000000000000000000 ) ) ;
#4279 = FILL_AREA_STYLE_COLOUR ( '', #6943 ) ;
#4280 = COLOUR_RGB ( '',0.8980392156862745390, 0.9176470588235293713, 0.9294117647058823817 ) ;
#4281 = ORIENTED_EDGE ( 'NONE', *, *, #1094, .F. ) ;
#4282 = DIRECTION ( 'NONE',  ( 0.000000000000000000, 0.000000000000000000, -1.000000000000000000 ) ) ;
#4283 = CARTESIAN_POINT ( 'NONE',  ( 75.00000000000000000, 30.49999982145801170, -35.50000168932675848 ) ) ;
#4284 = DIRECTION ( 'NONE',  ( -1.000000000000000000, -0.000000000000000000, -0.000000000000000000 ) ) ;
#4285 = UNCERTAINTY_MEASURE_WITH_UNIT (LENGTH_MEASURE( 1.000000000000000082E-05 ), #3721, 'distance_accuracy_value', 'NONE');
#4286 = PRESENTATION_LAYER_ASSIGNMENT (  '', '', ( #505 ) ) ;
#4287 =( LENGTH_UNIT ( ) NAMED_UNIT ( * ) SI_UNIT ( .MILLI., .METRE. ) );
#4288 = MECHANICAL_DESIGN_GEOMETRIC_PRESENTATION_REPRESENTATION (  '', ( #2138 ), #3393 ) ;
#4289 = CARTESIAN_POINT ( 'NONE',  ( -75.00000000000000000, -27.82647625647446077, -39.04259181176930582 ) ) ;
#4290 = PRODUCT_RELATED_PRODUCT_CATEGORY ( 'part', '', ( #5735 ) ) ;
#4291 =( NAMED_UNIT ( * ) PLANE_ANGLE_UNIT ( ) SI_UNIT ( $, .RADIAN. ) );
#4292 = ORIENTED_EDGE ( 'NONE', *, *, #6280, .T. ) ;
#4293 = FACE_OUTER_BOUND ( 'NONE', #4186, .T. ) ;
#4294 = SURFACE_STYLE_FILL_AREA ( #1770 ) ;
#4295 = ORIENTED_EDGE ( 'NONE', *, *, #6183, .F. ) ;
#4296 = MECHANICAL_DESIGN_GEOMETRIC_PRESENTATION_REPRESENTATION (  '', ( #5333 ), #133 ) ;
#4297 = ADVANCED_FACE ( 'NONE', ( #1992 ), #4407, .F. ) ;
#4298 = CARTESIAN_POINT ( 'NONE',  ( -75.00000000000000000, -31.89999982714642002, 44.84999910346232355 ) ) ;
#4299 = EDGE_LOOP ( 'NONE', ( #2386, #1070, #1652, #2732 ) ) ;
#4300 = CARTESIAN_POINT ( 'NONE',  ( 75.00000000000000000, -27.82647625647446077, -39.04259181176930582 ) ) ;
#4301 = CARTESIAN_POINT ( 'NONE',  ( -75.00000000000000000, -32.49999880790716134, -4.849999706493690610 ) ) ;
#4302 = DIRECTION ( 'NONE',  ( -1.000000000000000000, -0.000000000000000000, -0.000000000000000000 ) ) ;
#4303 = EDGE_LOOP ( 'NONE', ( #1282, #7408, #162, #3969 ) ) ;
#4304 = FILL_AREA_STYLE_COLOUR ( '', #7565 ) ;
#4305 = VECTOR ( 'NONE', #3762, 1000.000000000000000 ) ;
#4306 = EDGE_CURVE ( 'NONE', #6994, #6104, #4861, .T. ) ;
#4307 = ORIENTED_EDGE ( 'NONE', *, *, #1608, .F. ) ;
#4308 = DIRECTION ( 'NONE',  ( 0.000000000000000000, 1.000000000000000000, 0.000000000000000000 ) ) ;
#4309 = ORIENTED_EDGE ( 'NONE', *, *, #5190, .T. ) ;
#4310 = EDGE_CURVE ( 'NONE', #5874, #6265, #5122, .T. ) ;
#4311 =( NAMED_UNIT ( * ) SI_UNIT ( $, .STERADIAN. ) SOLID_ANGLE_UNIT ( ) );
#4312 = EDGE_LOOP ( 'NONE', ( #2793, #1044, #2941, #900 ) ) ;
#4313 = LINE ( 'NONE', #4353, #3719 ) ;
#4314 =( NAMED_UNIT ( * ) PLANE_ANGLE_UNIT ( ) SI_UNIT ( $, .RADIAN. ) );
#4315 = EDGE_LOOP ( 'NONE', ( #2020, #194, #1975, #6516 ) ) ;
#4316 =( LENGTH_UNIT ( ) NAMED_UNIT ( * ) SI_UNIT ( .MILLI., .METRE. ) );
#4317 = PRESENTATION_STYLE_ASSIGNMENT (( #2972 ) ) ;
#4318 =( NAMED_UNIT ( * ) PLANE_ANGLE_UNIT ( ) SI_UNIT ( $, .RADIAN. ) );
#4319 = AXIS2_PLACEMENT_3D ( 'NONE', #6284, #2178, #6974 ) ;
#4320 = STYLED_ITEM ( 'NONE', ( #6384 ), #4856 ) ;
#4321 = DIRECTION ( 'NONE',  ( 0.000000000000000000, 0.000000000000000000, 1.000000000000000000 ) ) ;
#4322 = SURFACE_SIDE_STYLE ('',( #5078 ) ) ;
#4323 = STYLED_ITEM ( 'NONE', ( #993 ), #2906 ) ;
#4324 = VECTOR ( 'NONE', #3407, 1000.000000000000000 ) ;
#4325 = LINE ( 'NONE', #4928, #4216 ) ;
#4326 = MECHANICAL_DESIGN_GEOMETRIC_PRESENTATION_REPRESENTATION (  '', ( #2431 ), #6121 ) ;
#4327 = CARTESIAN_POINT ( 'NONE',  ( 75.00000000000000000, 17.19999732649655400, -42.50000030364437009 ) ) ;
#4328 = LINE ( 'NONE', #6771, #5691 ) ;
#4329 = SURFACE_STYLE_USAGE ( .BOTH. , #4248 ) ;
#4330 = LINE ( 'NONE', #5013, #5560 ) ;
#4331 = AXIS2_PLACEMENT_3D ( 'NONE', #7687, #7578, #999 ) ;
#4332 =( NAMED_UNIT ( * ) PLANE_ANGLE_UNIT ( ) SI_UNIT ( $, .RADIAN. ) );
#4333 = VERTEX_POINT ( 'NONE', #7061 ) ;
#4334 = CARTESIAN_POINT ( 'NONE',  ( 75.00000000000000000, 21.39999764240106117, -42.50000030364437009 ) ) ;
#4335 = EDGE_LOOP ( 'NONE', ( #5862, #5753, #2931, #5733 ) ) ;
#4336 = LINE ( 'NONE', #6187, #2380 ) ;
#4337 = VECTOR ( 'NONE', #6922, 1000.000000000000000 ) ;
#4338 = ORIENTED_EDGE ( 'NONE', *, *, #7161, .T. ) ;
#4339 = EDGE_CURVE ( 'NONE', #4945, #6322, #972, .T. ) ;
#4340 = DIRECTION ( 'NONE',  ( -1.000000000000000000, -0.000000000000000000, -0.000000000000000000 ) ) ;
#4341 = LINE ( 'NONE', #4265, #6398 ) ;
#4342 = ORIENTED_EDGE ( 'NONE', *, *, #6608, .T. ) ;
#4343 = STYLED_ITEM ( 'NONE', ( #1390 ), #4000 ) ;
#4344 = MECHANICAL_DESIGN_GEOMETRIC_PRESENTATION_REPRESENTATION (  '', ( #2819 ), #4726 ) ;
#4345 = DIRECTION ( 'NONE',  ( -0.000000000000000000, -0.000000000000000000, 1.000000000000000000 ) ) ;
#4346 = EDGE_LOOP ( 'NONE', ( #4911, #4678, #1246, #2629 ) ) ;
#4347 =( LENGTH_UNIT ( ) NAMED_UNIT ( * ) SI_UNIT ( .MILLI., .METRE. ) );
#4348 = EDGE_LOOP ( 'NONE', ( #4530, #6201, #1303, #492 ) ) ;
#4349 = MECHANICAL_DESIGN_GEOMETRIC_PRESENTATION_REPRESENTATION (  '', ( #2201 ), #957 ) ;
#4350 = CARTESIAN_POINT ( 'NONE',  ( -75.00000000000000000, 26.84259087599305715, -39.92647562413363005 ) ) ;
#4351 = ORIENTED_EDGE ( 'NONE', *, *, #5905, .T. ) ;
#4352 = CIRCLE ( 'NONE', #3837, 1.299999999999995604 ) ;
#4353 = CARTESIAN_POINT ( 'NONE',  ( 75.00000000000000000, -25.65176366949164688, -39.58059896715140979 ) ) ;
#4354 = EDGE_CURVE ( 'NONE', #5106, #6945, #5883, .T. ) ;
#4355 = LINE ( 'NONE', #5725, #7349 ) ;
#4356 = ORIENTED_EDGE ( 'NONE', *, *, #4339, .T. ) ;
#4357 = UNCERTAINTY_MEASURE_WITH_UNIT (LENGTH_MEASURE( 1.000000000000000082E-05 ), #3804, 'distance_accuracy_value', 'NONE');
#4358 = LINE ( 'NONE', #775, #6226 ) ;
#4359 = SURFACE_STYLE_FILL_AREA ( #4238 ) ;
#4360 =( GEOMETRIC_REPRESENTATION_CONTEXT ( 3 ) GLOBAL_UNCERTAINTY_ASSIGNED_CONTEXT ( ( #4720 ) ) GLOBAL_UNIT_ASSIGNED_CONTEXT ( ( #2709, #7529, #1465 ) ) REPRESENTATION_CONTEXT ( 'NONE', 'WORKASPACE' ) );
#4361 = EDGE_CURVE ( 'NONE', #5290, #3737, #3981, .T. ) ;
#4362 = FILL_AREA_STYLE ('',( #3728 ) ) ;
#4363 = CARTESIAN_POINT ( 'NONE',  ( -75.00000000000000000, 25.65176337868377132, 39.60739484896458862 ) ) ;
#4364 = PRESENTATION_LAYER_ASSIGNMENT (  '', '', ( #5553 ) ) ;
#4365 = CARTESIAN_POINT ( 'NONE',  ( 75.00000000000000000, -9.630663357924003520, -43.64999941771341696 ) ) ;
#4366 = CARTESIAN_POINT ( 'NONE',  ( 75.00000000000000000, 28.04999815885442516, -41.49999943051178519 ) ) ;
#4367 =( LENGTH_UNIT ( ) NAMED_UNIT ( * ) SI_UNIT ( .MILLI., .METRE. ) );
#4368 = SURFACE_STYLE_FILL_AREA ( #5590 ) ;
#4369 = ADVANCED_FACE ( 'NONE', ( #7748 ), #5804, .F. ) ;
#4370 = ADVANCED_FACE ( 'NONE', ( #7102 ), #3909, .F. ) ;
#4371 = PRESENTATION_LAYER_ASSIGNMENT (  '', '', ( #3344 ) ) ;
#4372 = SURFACE_SIDE_STYLE ('',( #221 ) ) ;
#4373 = VERTEX_POINT ( 'NONE', #4754 ) ;
#4374 = EDGE_CURVE ( 'NONE', #2440, #5223, #7611, .T. ) ;
#4375 = CARTESIAN_POINT ( 'NONE',  ( 75.00000000000000000, -11.80000044405465864, 41.79999962798319757 ) ) ;
#4376 = AXIS2_PLACEMENT_3D ( 'NONE', #6089, #6730, #1162 ) ;
#4377 = PRESENTATION_STYLE_ASSIGNMENT (( #4745 ) ) ;
#4378 = LINE ( 'NONE', #3586, #4394 ) ;
#4379 = ORIENTED_EDGE ( 'NONE', *, *, #158, .F. ) ;
#4380 = SURFACE_STYLE_FILL_AREA ( #2594 ) ;
#4381 = CARTESIAN_POINT ( 'NONE',  ( 75.00000000000000000, -9.783615639116595375, -43.49999933702638089 ) ) ;
#4382 = PLANE ( 'NONE',  #5385 ) ;
#4383 = VERTEX_POINT ( 'NONE', #2300 ) ;
#4384 = PLANE ( 'NONE',  #55 ) ;
#4385 =( NAMED_UNIT ( * ) PLANE_ANGLE_UNIT ( ) SI_UNIT ( $, .RADIAN. ) );
#4386 = CARTESIAN_POINT ( 'NONE',  ( -75.00000000000000000, 26.84259087599305715, -39.92647562413363005 ) ) ;
#4387 = VECTOR ( 'NONE', #4690, 1000.000000000000000 ) ;
#4388 = EDGE_CURVE ( 'NONE', #7860, #3441, #4793, .T. ) ;
#4389 = EDGE_LOOP ( 'NONE', ( #5402, #5472, #6681, #2400 ) ) ;
#4390 =( NAMED_UNIT ( * ) SI_UNIT ( $, .STERADIAN. ) SOLID_ANGLE_UNIT ( ) );
#4391 = ORIENTED_EDGE ( 'NONE', *, *, #1032, .T. ) ;
#4392 = AXIS2_PLACEMENT_3D ( 'NONE', #612, #5453, #2419 ) ;
#4393 = FILL_AREA_STYLE ('',( #5612 ) ) ;
#4394 = VECTOR ( 'NONE', #6026, 1000.000000000000000 ) ;
#4395 = ORIENTED_EDGE ( 'NONE', *, *, #3440, .F. ) ;
#4396 = CARTESIAN_POINT ( 'NONE',  ( 75.00000000000000000, 21.39999764240106117, -42.50000030364437009 ) ) ;
#4397 = FACE_OUTER_BOUND ( 'NONE', #2481, .T. ) ;
#4398 = DIRECTION ( 'NONE',  ( -1.000000000000000000, -0.000000000000000000, -0.000000000000000000 ) ) ;
#4399 = STYLED_ITEM ( 'NONE', ( #5050 ), #1126 ) ;
#4400 = DIRECTION ( 'NONE',  ( 1.000000000000000000, 0.000000000000000000, -0.000000000000000000 ) ) ;
#4401 = CARTESIAN_POINT ( 'NONE',  ( 75.00000000000000000, 30.49999982145801170, -33.49999949885628325 ) ) ;
#4402 = DIRECTION ( 'NONE',  ( -0.000000000000000000, 1.000000000000000000, 0.000000000000000000 ) ) ;
#4403 = EDGE_CURVE ( 'NONE', #471, #2233, #6306, .T. ) ;
#4404 = AXIS2_PLACEMENT_3D ( 'NONE', #3807, #866, #3102 ) ;
#4405 = PRESENTATION_LAYER_ASSIGNMENT (  '', '', ( #5696 ) ) ;
#4406 =( NAMED_UNIT ( * ) PLANE_ANGLE_UNIT ( ) SI_UNIT ( $, .RADIAN. ) );
#4407 = PLANE ( 'NONE',  #2200 ) ;
#4408 = FILL_AREA_STYLE ('',( #6895 ) ) ;
#4409 = CARTESIAN_POINT ( 'NONE',  ( 75.00000000000000000, 28.04999960585698915, 40.25000027745841180 ) ) ;
#4410 = FILL_AREA_STYLE_COLOUR ( '', #207 ) ;
#4411 = CARTESIAN_POINT ( 'NONE',  ( 75.00000000000000000, 28.19999814060689047, -35.50000168932675848 ) ) ;
#4412 = DIRECTION ( 'NONE',  ( -1.000000000000000000, -0.000000000000000000, -0.000000000000000000 ) ) ;
#4413 = FACE_OUTER_BOUND ( 'NONE', #4482, .T. ) ;
#4414 = ORIENTED_EDGE ( 'NONE', *, *, #4782, .F. ) ;
#4415 = EDGE_CURVE ( 'NONE', #6474, #5298, #2890, .T. ) ;
#4416 = DIRECTION ( 'NONE',  ( 0.000000000000000000, 0.000000000000000000, -1.000000000000000000 ) ) ;
#4417 = CYLINDRICAL_SURFACE ( 'NONE', #1341, 1.299999999999995604 ) ;
#4418 = CARTESIAN_POINT ( 'NONE',  ( 75.00000000000000000, -28.15000165596212867, 41.49999974556131122 ) ) ;
#4419 = EDGE_CURVE ( 'NONE', #7875, #3122, #3009, .T. ) ;
#4420 = ORIENTED_EDGE ( 'NONE', *, *, #5313, .T. ) ;
#4421 = DIRECTION ( 'NONE',  ( -0.000000000000000000, 1.000000000000000000, 0.000000000000000000 ) ) ;
#4422 = VECTOR ( 'NONE', #6493, 1000.000000000000000 ) ;
#4423 = LINE ( 'NONE', #7453, #5089 ) ;
#4424 = PRESENTATION_STYLE_ASSIGNMENT (( #7491 ) ) ;
#4425 = EDGE_LOOP ( 'NONE', ( #6968, #4779, #5023, #2227 ) ) ;
#4426 = LINE ( 'NONE', #5967, #5510 ) ;
#4427 = SURFACE_SIDE_STYLE ('',( #7493 ) ) ;
#4428 = MECHANICAL_DESIGN_GEOMETRIC_PRESENTATION_REPRESENTATION (  '', ( #2407 ), #1776 ) ;
#4429 = EDGE_LOOP ( 'NONE', ( #6182, #2208, #6235, #5132 ) ) ;
#4430 = SURFACE_STYLE_FILL_AREA ( #126 ) ;
#4431 = ORIENTED_EDGE ( 'NONE', *, *, #6612, .F. ) ;
#4432 = PLANE ( 'NONE',  #1255 ) ;
#4433 = ORIENTED_EDGE ( 'NONE', *, *, #6726, .T. ) ;
#4434 = PRESENTATION_STYLE_ASSIGNMENT (( #2724 ) ) ;
#4435 = PRESENTATION_STYLE_ASSIGNMENT (( #6281 ) ) ;
#4436 = FILL_AREA_STYLE ('',( #2609 ) ) ;
#4437 = CARTESIAN_POINT ( 'NONE',  ( -75.00000000000000000, 30.49999982145801170, 37.50000096307993402 ) ) ;
#4438 = DIRECTION ( 'NONE',  ( -0.000000000000000000, 1.000000000000000000, 0.000000000000000000 ) ) ;
#4439 = SURFACE_STYLE_USAGE ( .BOTH. , #2027 ) ;
#4440 = STYLED_ITEM ( 'NONE', ( #3117 ), #7835 ) ;
#4441 = CARTESIAN_POINT ( 'NONE',  ( 75.00000000000000000, -8.799999860471286794, -42.64999933702636525 ) ) ;
#4442 = SURFACE_STYLE_USAGE ( .BOTH. , #4322 ) ;
#4443 = DIRECTION ( 'NONE',  ( -0.000000000000000000, -0.000000000000000000, 1.000000000000000000 ) ) ;
#4444 = EDGE_CURVE ( 'NONE', #5440, #4461, #6085, .T. ) ;
#4445 = PRESENTATION_STYLE_ASSIGNMENT (( #899 ) ) ;
#4446 =( GEOMETRIC_REPRESENTATION_CONTEXT ( 3 ) GLOBAL_UNCERTAINTY_ASSIGNED_CONTEXT ( ( #3614 ) ) GLOBAL_UNIT_ASSIGNED_CONTEXT ( ( #5693, #246, #365 ) ) REPRESENTATION_CONTEXT ( 'NONE', 'WORKASPACE' ) );
#4447 = PRESENTATION_STYLE_ASSIGNMENT (( #3986 ) ) ;
#4448 = CARTESIAN_POINT ( 'NONE',  ( 75.00000000000000000, -11.79999985836419718, -43.49999851142679574 ) ) ;
#4449 = SURFACE_STYLE_USAGE ( .BOTH. , #6369 ) ;
#4450 = MECHANICAL_DESIGN_GEOMETRIC_PRESENTATION_REPRESENTATION (  '', ( #4323 ), #1424 ) ;
#4451 = DIRECTION ( 'NONE',  ( 0.000000000000000000, -1.000000000000000000, 0.000000000000000000 ) ) ;
#4452 =( GEOMETRIC_REPRESENTATION_CONTEXT ( 3 ) GLOBAL_UNCERTAINTY_ASSIGNED_CONTEXT ( ( #3333 ) ) GLOBAL_UNIT_ASSIGNED_CONTEXT ( ( #5673, #2631, #4505 ) ) REPRESENTATION_CONTEXT ( 'NONE', 'WORKASPACE' ) );
#4453 = ORIENTED_EDGE ( 'NONE', *, *, #3373, .T. ) ;
#4454 =( NAMED_UNIT ( * ) PLANE_ANGLE_UNIT ( ) SI_UNIT ( $, .RADIAN. ) );
#4455 = FILL_AREA_STYLE ('',( #3253 ) ) ;
#4456 = PRESENTATION_LAYER_ASSIGNMENT (  '', '', ( #4708 ) ) ;
#4457 = EDGE_CURVE ( 'NONE', #692, #7018, #102, .T. ) ;
#4458 = PLANE ( 'NONE',  #1280 ) ;
#4459 = UNCERTAINTY_MEASURE_WITH_UNIT (LENGTH_MEASURE( 1.000000000000000082E-05 ), #6513, 'distance_accuracy_value', 'NONE');
#4460 = UNCERTAINTY_MEASURE_WITH_UNIT (LENGTH_MEASURE( 1.000000000000000082E-05 ), #1789, 'distance_accuracy_value', 'NONE');
#4461 = VERTEX_POINT ( 'NONE', #2382 ) ;
#4462 = DIRECTION ( 'NONE',  ( -1.000000000000000000, -0.000000000000000000, -0.000000000000000000 ) ) ;
#4463 = CARTESIAN_POINT ( 'NONE',  ( 75.00000000000000000, -25.59999986047113296, -39.57378413240921589 ) ) ;
#4464 = ORIENTED_EDGE ( 'NONE', *, *, #7815, .T. ) ;
#4465 = PRESENTATION_STYLE_ASSIGNMENT (( #197 ) ) ;
#4466 = COLOUR_RGB ( '',0.8980392156862745390, 0.9176470588235293713, 0.9294117647058823817 ) ;
#4467 = EDGE_CURVE ( 'NONE', #2463, #4696, #2927, .T. ) ;
#4468 = ORIENTED_EDGE ( 'NONE', *, *, #3060, .F. ) ;
#4469 = CARTESIAN_POINT ( 'NONE',  ( 75.00000000000000000, -14.80000044616175359, 42.65000028057852433 ) ) ;
#4470 = VERTEX_POINT ( 'NONE', #6564 ) ;
#4471 = PRESENTATION_LAYER_ASSIGNMENT (  '', '', ( #1198 ) ) ;
#4472 = CARTESIAN_POINT ( 'NONE',  ( -75.00000000000000000, -11.80000096952504585, -43.65000113127182146 ) ) ;
#4473 = VECTOR ( 'NONE', #3394, 1000.000000000000000 ) ;
#4474 = VERTEX_POINT ( 'NONE', #4112 ) ;
#4475 = FILL_AREA_STYLE ('',( #1175 ) ) ;
#4476 = ADVANCED_FACE ( 'NONE', ( #3602 ), #7221, .F. ) ;
#4477 = CARTESIAN_POINT ( 'NONE',  ( 75.00000000000000000, -14.80000073419111217, 42.64999999254941798 ) ) ;
#4478 = CARTESIAN_POINT ( 'NONE',  ( 75.00000000000000000, -11.80000044405465864, 45.00000164262019098 ) ) ;
#4479 =( LENGTH_UNIT ( ) NAMED_UNIT ( * ) SI_UNIT ( .MILLI., .METRE. ) );
#4480 = FACE_OUTER_BOUND ( 'NONE', #1482, .T. ) ;
#4481 =( NAMED_UNIT ( * ) SI_UNIT ( $, .STERADIAN. ) SOLID_ANGLE_UNIT ( ) );
#4482 = EDGE_LOOP ( 'NONE', ( #2493, #1425, #6587, #3786 ) ) ;
#4483 =( NAMED_UNIT ( * ) SI_UNIT ( $, .STERADIAN. ) SOLID_ANGLE_UNIT ( ) );
#4484 = SURFACE_SIDE_STYLE ('',( #821 ) ) ;
#4485 = SURFACE_SIDE_STYLE ('',( #3319 ) ) ;
#4486 = CARTESIAN_POINT ( 'NONE',  ( -75.00000000000000000, -25.65176378155188885, 39.58059941858834918 ) ) ;
#4487 = VERTEX_POINT ( 'NONE', #4833 ) ;
#4488 =( GEOMETRIC_REPRESENTATION_CONTEXT ( 3 ) GLOBAL_UNCERTAINTY_ASSIGNED_CONTEXT ( ( #7712 ) ) GLOBAL_UNIT_ASSIGNED_CONTEXT ( ( #4695, #2319, #5977 ) ) REPRESENTATION_CONTEXT ( 'NONE', 'WORKASPACE' ) );
#4489 = LINE ( 'NONE', #1486, #6971 ) ;
#4490 = CARTESIAN_POINT ( 'NONE',  ( -75.00000000000000000, -28.14999991479055197, -41.49999913430374221 ) ) ;
#4491 = CARTESIAN_POINT ( 'NONE',  ( 75.00000000000000000, -9.630663357924003520, -43.64999941771341696 ) ) ;
#4492 = COLOUR_RGB ( '',0.8980392156862745390, 0.9176470588235293713, 0.9294117647058823817 ) ;
#4493 = ADVANCED_FACE ( 'NONE', ( #7304 ), #6685, .F. ) ;
#4494 = SURFACE_SIDE_STYLE ('',( #2000 ) ) ;
#4495 = VERTEX_POINT ( 'NONE', #1877 ) ;
#4496 = STYLED_ITEM ( 'NONE', ( #7055 ), #2244 ) ;
#4497 = DIRECTION ( 'NONE',  ( 0.000000000000000000, -1.000000000000000000, 0.000000000000000000 ) ) ;
#4498 = CARTESIAN_POINT ( 'NONE',  ( -75.00000000000000000, -30.20000114037598493, -29.50000061236211479 ) ) ;
#4499 = CARTESIAN_POINT ( 'NONE',  ( -75.00000000000000000, 25.39999968564725563, 42.50000031431354586 ) ) ;
#4500 = CARTESIAN_POINT ( 'NONE',  ( -75.00000000000000000, 28.19999814060689047, -35.50000168932675848 ) ) ;
#4501 = COLOUR_RGB ( '',0.8980392156862745390, 0.9176470588235293713, 0.9294117647058823817 ) ;
#4502 = EDGE_CURVE ( 'NONE', #5480, #6170, #7390, .T. ) ;
#4503 = EDGE_LOOP ( 'NONE', ( #3861, #3336, #1097, #3482 ) ) ;
#4504 = MECHANICAL_DESIGN_GEOMETRIC_PRESENTATION_REPRESENTATION (  '', ( #7595 ), #5666 ) ;
#4505 =( NAMED_UNIT ( * ) SI_UNIT ( $, .STERADIAN. ) SOLID_ANGLE_UNIT ( ) );
#4506 = SURFACE_SIDE_STYLE ('',( #2013 ) ) ;
#4507 = ORIENTED_EDGE ( 'NONE', *, *, #4109, .F. ) ;
#4508 = CARTESIAN_POINT ( 'NONE',  ( -75.00000000000000000, -30.20000114037598493, 33.50000040091684639 ) ) ;
#4509 =( GEOMETRIC_REPRESENTATION_CONTEXT ( 3 ) GLOBAL_UNCERTAINTY_ASSIGNED_CONTEXT ( ( #2543 ) ) GLOBAL_UNIT_ASSIGNED_CONTEXT ( ( #1780, #2372, #4102 ) ) REPRESENTATION_CONTEXT ( 'NONE', 'WORKASPACE' ) );
#4510 = ORIENTED_EDGE ( 'NONE', *, *, #1311, .F. ) ;
#4511 = LINE ( 'NONE', #4547, #4851 ) ;
#4512 = LINE ( 'NONE', #5189, #7163 ) ;
#4513 = DIRECTION ( 'NONE',  ( 0.000000000000000000, 1.000000000000000000, 0.000000000000000000 ) ) ;
#4514 = ORIENTED_EDGE ( 'NONE', *, *, #6791, .T. ) ;
#4515 = EDGE_CURVE ( 'NONE', #912, #7540, #730, .T. ) ;
#4516 = STYLED_ITEM ( 'NONE', ( #5427 ), #5301 ) ;
#4517 = CARTESIAN_POINT ( 'NONE',  ( -75.00000000000000000, 28.19999814060689047, -29.50000070585011969 ) ) ;
#4518 = CARTESIAN_POINT ( 'NONE',  ( 75.00000000000000000, -32.49999880790716134, -59.99999880441464484 ) ) ;
#4519 = ORIENTED_EDGE ( 'NONE', *, *, #5584, .F. ) ;
#4520 = CARTESIAN_POINT ( 'NONE',  ( 75.00000000000000000, -1.689488657688485995, 42.50000031431354586 ) ) ;
#4521 = DIRECTION ( 'NONE',  ( 0.000000000000000000, 0.000000000000000000, 1.000000000000000000 ) ) ;
#4522 = DIRECTION ( 'NONE',  ( 0.000000000000000000, -1.000000000000000000, 0.000000000000000000 ) ) ;
#4523 = ORIENTED_EDGE ( 'NONE', *, *, #5313, .F. ) ;
#4524 = LINE ( 'NONE', #3912, #1653 ) ;
#4525 = MECHANICAL_DESIGN_GEOMETRIC_PRESENTATION_REPRESENTATION (  '', ( #106 ), #1887 ) ;
#4526 = DIRECTION ( 'NONE',  ( 0.000000000000000000, 0.9659258377214382518, -0.2588190024363314912 ) ) ;
#4527 = VECTOR ( 'NONE', #2405, 1000.000000000000000 ) ;
#4528 = COLOUR_RGB ( '',0.8980392156862745390, 0.9176470588235293713, 0.9294117647058823817 ) ;
#4529 = CARTESIAN_POINT ( 'NONE',  ( 75.00000000000000000, 19.19999904191690021, 42.50000031431354586 ) ) ;
#4530 = ORIENTED_EDGE ( 'NONE', *, *, #4140, .T. ) ;
#4531 = SURFACE_SIDE_STYLE ('',( #6864 ) ) ;
#4532 = FACE_OUTER_BOUND ( 'NONE', #2301, .T. ) ;
#4533 = ADVANCED_FACE ( 'NONE', ( #1434 ), #4432, .T. ) ;
#4534 = PRESENTATION_STYLE_ASSIGNMENT (( #5173 ) ) ;
#4535 = STYLED_ITEM ( 'NONE', ( #5419 ), #1254 ) ;
#4536 = UNCERTAINTY_MEASURE_WITH_UNIT (LENGTH_MEASURE( 1.000000000000000082E-05 ), #559, 'distance_accuracy_value', 'NONE');
#4537 = ORIENTED_EDGE ( 'NONE', *, *, #514, .T. ) ;
#4538 = COLOUR_RGB ( '',0.8980392156862745390, 0.9176470588235293713, 0.9294117647058823817 ) ;
#4539 = PRESENTATION_LAYER_ASSIGNMENT (  '', '', ( #5945 ) ) ;
#4540 = DIRECTION ( 'NONE',  ( -1.000000000000000000, -0.000000000000000000, -0.000000000000000000 ) ) ;
#4541 = VERTEX_POINT ( 'NONE', #5033 ) ;
#4542 = EDGE_CURVE ( 'NONE', #2738, #4171, #1914, .T. ) ;
#4543 = CARTESIAN_POINT ( 'NONE',  ( 75.00000000000000000, -30.20000114037598493, 31.50000007309129657 ) ) ;
#4544 = DIRECTION ( 'NONE',  ( 0.000000000000000000, 1.000000000000000000, 0.000000000000000000 ) ) ;
#4545 = VERTEX_POINT ( 'NONE', #1360 ) ;
#4546 = VECTOR ( 'NONE', #6950, 1000.000000000000000 ) ;
#4547 = CARTESIAN_POINT ( 'NONE',  ( -75.00000000000000000, -11.80000073208399947, 41.65000052608650094 ) ) ;
#4548 = DIRECTION ( 'NONE',  ( -1.000000000000000000, -0.000000000000000000, -0.000000000000000000 ) ) ;
#4549 = DIRECTION ( 'NONE',  ( 1.000000000000000000, 0.000000000000000000, -0.000000000000000000 ) ) ;
#4550 = ORIENTED_EDGE ( 'NONE', *, *, #917, .F. ) ;
#4551 = LINE ( 'NONE', #2095, #5014 ) ;
#4552 = CARTESIAN_POINT ( 'NONE',  ( 75.00000000000000000, -19.20000119998040589, 40.30000002540748483 ) ) ;
#4553 = CARTESIAN_POINT ( 'NONE',  ( 75.00000000000000000, 28.19999814060689047, -31.49999917103074054 ) ) ;
#4554 = SURFACE_STYLE_FILL_AREA ( #5074 ) ;
#4555 =( NAMED_UNIT ( * ) SI_UNIT ( $, .STERADIAN. ) SOLID_ANGLE_UNIT ( ) );
#4556 = ADVANCED_FACE ( 'NONE', ( #3755 ), #4994, .F. ) ;
#4557 = EDGE_LOOP ( 'NONE', ( #2515, #2485, #47, #4131 ) ) ;
#4558 = CARTESIAN_POINT ( 'NONE',  ( -75.00000000000000000, -23.19999911926677072, -40.30000022208010080 ) ) ;
#4559 =( GEOMETRIC_REPRESENTATION_CONTEXT ( 3 ) GLOBAL_UNCERTAINTY_ASSIGNED_CONTEXT ( ( #6135 ) ) GLOBAL_UNIT_ASSIGNED_CONTEXT ( ( #2501, #1753, #5457 ) ) REPRESENTATION_CONTEXT ( 'NONE', 'WORKASPACE' ) );
#4560 = EDGE_LOOP ( 'NONE', ( #4292, #5574, #5372, #4173 ) ) ;
#4561 = DIRECTION ( 'NONE',  ( -0.000000000000000000, -0.000000000000000000, -1.000000000000000000 ) ) ;
#4562 = CARTESIAN_POINT ( 'NONE',  ( -75.00000000000000000, 30.49999982145801170, -37.49999829186200628 ) ) ;
#4563 = MECHANICAL_DESIGN_GEOMETRIC_PRESENTATION_REPRESENTATION (  '', ( #7796 ), #3551 ) ;
#4564 = EDGE_CURVE ( 'NONE', #5793, #6709, #1541, .T. ) ;
#4565 =( LENGTH_UNIT ( ) NAMED_UNIT ( * ) SI_UNIT ( .MILLI., .METRE. ) );
#4566 = ORIENTED_EDGE ( 'NONE', *, *, #4515, .F. ) ;
#4567 = APPLICATION_PROTOCOL_DEFINITION ( 'draft international standard', 'automotive_design', 1998, #6714 ) ;
#4568 = DIRECTION ( 'NONE',  ( 0.000000000000000000, 0.000000000000000000, 1.000000000000000000 ) ) ;
#4569 = CARTESIAN_POINT ( 'NONE',  ( 75.00000000000000000, 25.59999954644940345, 39.80058000800222828 ) ) ;
#4570 = DIRECTION ( 'NONE',  ( 0.000000000000000000, -0.9659258262890606517, -0.2588190451025495498 ) ) ;
#4571 = CARTESIAN_POINT ( 'NONE',  ( 75.00000000000000000, -27.40000030889110860, 33.50000040091684639 ) ) ;
#4572 = AXIS2_PLACEMENT_3D ( 'NONE', #3426, #4051, #6959 ) ;
#4573 = EDGE_LOOP ( 'NONE', ( #4667, #602, #6392, #733 ) ) ;
#4574 = DIRECTION ( 'NONE',  ( 0.000000000000000000, 0.000000000000000000, -1.000000000000000000 ) ) ;
#4575 = PRESENTATION_LAYER_ASSIGNMENT (  '', '', ( #2557 ) ) ;
#4576 = VERTEX_POINT ( 'NONE', #7539 ) ;
#4577 = VECTOR ( 'NONE', #4086, 1000.000000000000000 ) ;
#4578 = CARTESIAN_POINT ( 'NONE',  ( -75.00000000000000000, 28.19999814060689047, 33.50000030742884150 ) ) ;
#4579 = EDGE_CURVE ( 'NONE', #2402, #3024, #7006, .T. ) ;
#4580 = VERTEX_POINT ( 'NONE', #5109 ) ;
#4581 = DIRECTION ( 'NONE',  ( -1.000000000000000000, -0.000000000000000000, -0.000000000000000000 ) ) ;
#4582 =( LENGTH_UNIT ( ) NAMED_UNIT ( * ) SI_UNIT ( .MILLI., .METRE. ) );
#4583 = ORIENTED_EDGE ( 'NONE', *, *, #487, .F. ) ;
#4584 = CARTESIAN_POINT ( 'NONE',  ( 75.00000000000000000, -9.783615639116595375, -41.79999933702634962 ) ) ;
#4585 = DIRECTION ( 'NONE',  ( 0.000000000000000000, 0.000000000000000000, -1.000000000000000000 ) ) ;
#4586 = DIRECTION ( 'NONE',  ( 0.000000000000000000, 0.000000000000000000, -1.000000000000000000 ) ) ;
#4587 = AXIS2_PLACEMENT_3D ( 'NONE', #5452, #3, #4066 ) ;
#4588 = DIRECTION ( 'NONE',  ( 0.000000000000000000, -1.000000000000000000, 0.000000000000000000 ) ) ;
#4589 = LINE ( 'NONE', #287, #5350 ) ;
#4590 =( NAMED_UNIT ( * ) SI_UNIT ( $, .STERADIAN. ) SOLID_ANGLE_UNIT ( ) );
#4591 = ORIENTED_EDGE ( 'NONE', *, *, #1285, .T. ) ;
#4592 = VECTOR ( 'NONE', #7799, 1000.000000000000114 ) ;
#4593 = FILL_AREA_STYLE_COLOUR ( '', #6081 ) ;
#4594 = VECTOR ( 'NONE', #7886, 1000.000000000000000 ) ;
#4595 = MECHANICAL_DESIGN_GEOMETRIC_PRESENTATION_REPRESENTATION (  '', ( #6520 ), #431 ) ;
#4596 = EDGE_CURVE ( 'NONE', #6440, #931, #317, .T. ) ;
#4597 = SURFACE_STYLE_USAGE ( .BOTH. , #3317 ) ;
#4598 = CARTESIAN_POINT ( 'NONE',  ( -75.00000000000000000, -27.40000030889110860, -29.50000061236211479 ) ) ;
#4599 = SURFACE_STYLE_USAGE ( .BOTH. , #1554 ) ;
#4600 = ORIENTED_EDGE ( 'NONE', *, *, #898, .F. ) ;
#4601 = LINE ( 'NONE', #219, #7365 ) ;
#4602 = ADVANCED_FACE ( 'NONE', ( #5721 ), #884, .F. ) ;
#4603 = ORIENTED_EDGE ( 'NONE', *, *, #4166, .F. ) ;
#4604 = PRESENTATION_LAYER_ASSIGNMENT (  '', '', ( #188 ) ) ;
#4605 = CARTESIAN_POINT ( 'NONE',  ( 75.00000000000000000, 28.04999815885442516, -38.99999943051172835 ) ) ;
#4606 = CARTESIAN_POINT ( 'NONE',  ( 75.00000000000000000, -11.79999985836419718, -40.30000022208010080 ) ) ;
#4607 = STYLED_ITEM ( 'NONE', ( #7620 ), #456 ) ;
#4608 = EDGE_CURVE ( 'NONE', #1947, #7813, #2093, .T. ) ;
#4609 = ADVANCED_BREP_SHAPE_REPRESENTATION ( '', ( #6119, #4572 ), #6367 ) ;
#4610 = VECTOR ( 'NONE', #4212, 1000.000000000000000 ) ;
#4611 = UNCERTAINTY_MEASURE_WITH_UNIT (LENGTH_MEASURE( 1.000000000000000082E-05 ), #7295, 'distance_accuracy_value', 'NONE');
#4612 = ORIENTED_EDGE ( 'NONE', *, *, #3914, .T. ) ;
#4613 = DIRECTION ( 'NONE',  ( 0.000000000000000000, 0.000000000000000000, -1.000000000000000000 ) ) ;
#4614 = PRESENTATION_STYLE_ASSIGNMENT (( #989 ) ) ;
#4615 = COLOUR_RGB ( '',0.8980392156862745390, 0.9176470588235293713, 0.9294117647058823817 ) ;
#4616 = ORIENTED_EDGE ( 'NONE', *, *, #1687, .F. ) ;
#4617 =( NAMED_UNIT ( * ) PLANE_ANGLE_UNIT ( ) SI_UNIT ( $, .RADIAN. ) );
#4618 =( LENGTH_UNIT ( ) NAMED_UNIT ( * ) SI_UNIT ( .MILLI., .METRE. ) );
#4619 = DIRECTION ( 'NONE',  ( 0.000000000000000000, 1.000000000000000000, 0.000000000000000000 ) ) ;
#4620 = VECTOR ( 'NONE', #1543, 1000.000000000000000 ) ;
#4621 = ORIENTED_EDGE ( 'NONE', *, *, #3522, .F. ) ;
#4622 = LINE ( 'NONE', #3897, #5749 ) ;
#4623 = DIRECTION ( 'NONE',  ( -1.000000000000000000, -0.000000000000000000, -0.000000000000000000 ) ) ;
#4624 = CARTESIAN_POINT ( 'NONE',  ( 75.00000000000000000, -30.20000114037598493, -35.50000159583875359 ) ) ;
#4625 = ORIENTED_EDGE ( 'NONE', *, *, #6812, .F. ) ;
#4626 = CARTESIAN_POINT ( 'NONE',  ( -75.00000000000000000, -8.800001402694260122, -42.64999993665134070 ) ) ;
#4627 = CARTESIAN_POINT ( 'NONE',  ( 75.00000000000000000, -32.49999880790716134, -4.849999706493690610 ) ) ;
#4628 = DIRECTION ( 'NONE',  ( -1.000000000000000000, -0.000000000000000000, -0.000000000000000000 ) ) ;
#4629 = PRESENTATION_LAYER_ASSIGNMENT (  '', '', ( #598 ) ) ;
#4630 = SURFACE_STYLE_FILL_AREA ( #564 ) ;
#4631 = EDGE_CURVE ( 'NONE', #7592, #1091, #2838, .T. ) ;
#4632 = SURFACE_SIDE_STYLE ('',( #2216 ) ) ;
#4633 = CARTESIAN_POINT ( 'NONE',  ( -75.00000000000000000, -19.20000032626060360, -42.50000021015917184 ) ) ;
#4634 = CARTESIAN_POINT ( 'NONE',  ( 75.00000000000000000, -11.80000073208399947, 41.65000052608650094 ) ) ;
#4635 = VERTEX_POINT ( 'NONE', #4472 ) ;
#4636 =( GEOMETRIC_REPRESENTATION_CONTEXT ( 3 ) GLOBAL_UNCERTAINTY_ASSIGNED_CONTEXT ( ( #2156 ) ) GLOBAL_UNIT_ASSIGNED_CONTEXT ( ( #7845, #1100, #6576 ) ) REPRESENTATION_CONTEXT ( 'NONE', 'WORKASPACE' ) );
#4637 =( GEOMETRIC_REPRESENTATION_CONTEXT ( 3 ) GLOBAL_UNCERTAINTY_ASSIGNED_CONTEXT ( ( #1902 ) ) GLOBAL_UNIT_ASSIGNED_CONTEXT ( ( #6360, #1410, #935 ) ) REPRESENTATION_CONTEXT ( 'NONE', 'WORKASPACE' ) );
#4638 = ORIENTED_EDGE ( 'NONE', *, *, #930, .F. ) ;
#4639 = EDGE_CURVE ( 'NONE', #357, #3024, #280, .T. ) ;
#4640 = FILL_AREA_STYLE ('',( #3520 ) ) ;
#4641 = CARTESIAN_POINT ( 'NONE',  ( 75.00000000000000000, 32.49999986189344270, -39.99999866543531368 ) ) ;
#4642 = VECTOR ( 'NONE', #2571, 1000.000000000000000 ) ;
#4643 = VECTOR ( 'NONE', #4284, 1000.000000000000000 ) ;
#4644 = SURFACE_SIDE_STYLE ('',( #6408 ) ) ;
#4645 = UNCERTAINTY_MEASURE_WITH_UNIT (LENGTH_MEASURE( 1.000000000000000082E-05 ), #6820, 'distance_accuracy_value', 'NONE');
#4646 = ORIENTED_EDGE ( 'NONE', *, *, #2559, .T. ) ;
#4647 = APPLICATION_PROTOCOL_DEFINITION ( 'draft international standard', 'automotive_design', 1998, #7814 ) ;
#4648 = DIRECTION ( 'NONE',  ( 0.000000000000000000, -3.970625141956370266E-07, 0.9999999999999211742 ) ) ;
#4649 =( GEOMETRIC_REPRESENTATION_CONTEXT ( 3 ) GLOBAL_UNCERTAINTY_ASSIGNED_CONTEXT ( ( #7676 ) ) GLOBAL_UNIT_ASSIGNED_CONTEXT ( ( #3360, #2767, #5201 ) ) REPRESENTATION_CONTEXT ( 'NONE', 'WORKASPACE' ) );
#4650 = CARTESIAN_POINT ( 'NONE',  ( -75.00000000000000000, -32.49999880790716134, -59.99999880441464484 ) ) ;
#4651 = LINE ( 'NONE', #3574, #4005 ) ;
#4652 =( NAMED_UNIT ( * ) SI_UNIT ( $, .STERADIAN. ) SOLID_ANGLE_UNIT ( ) );
#4653 = VECTOR ( 'NONE', #3695, 1000.000000000000000 ) ;
#4654 = UNCERTAINTY_MEASURE_WITH_UNIT (LENGTH_MEASURE( 1.000000000000000082E-05 ), #3365, 'distance_accuracy_value', 'NONE');
#4655 = EDGE_CURVE ( 'NONE', #7183, #7769, #7088, .T. ) ;
#4656 =( GEOMETRIC_REPRESENTATION_CONTEXT ( 3 ) GLOBAL_UNCERTAINTY_ASSIGNED_CONTEXT ( ( #1869 ) ) GLOBAL_UNIT_ASSIGNED_CONTEXT ( ( #6944, #4332, #747 ) ) REPRESENTATION_CONTEXT ( 'NONE', 'WORKASPACE' ) );
#4657 = EDGE_CURVE ( 'NONE', #6257, #7015, #6925, .T. ) ;
#4658 = ORIENTED_EDGE ( 'NONE', *, *, #6416, .T. ) ;
#4659 = VECTOR ( 'NONE', #6614, 1000.000000000000000 ) ;
#4660 = DIRECTION ( 'NONE',  ( 0.000000000000000000, 0.000000000000000000, -1.000000000000000000 ) ) ;
#4661 = COLOUR_RGB ( '',0.8980392156862745390, 0.9176470588235293713, 0.9294117647058823817 ) ;
#4662 =( NAMED_UNIT ( * ) PLANE_ANGLE_UNIT ( ) SI_UNIT ( $, .RADIAN. ) );
#4663 = ORIENTED_EDGE ( 'NONE', *, *, #613, .T. ) ;
#4664 = CYLINDRICAL_SURFACE ( 'NONE', #1998, 0.2000009045375894523 ) ;
#4665 = VECTOR ( 'NONE', #521, 999.9999999999998863 ) ;
#4666 = UNCERTAINTY_MEASURE_WITH_UNIT (LENGTH_MEASURE( 1.000000000000000082E-05 ), #4054, 'distance_accuracy_value', 'NONE');
#4667 = ORIENTED_EDGE ( 'NONE', *, *, #1944, .T. ) ;
#4668 = PRESENTATION_LAYER_ASSIGNMENT (  '', '', ( #4157 ) ) ;
#4669 = DIRECTION ( 'NONE',  ( 1.000000000000000000, 0.000000000000000000, 0.000000000000000000 ) ) ;
#4670 =( NAMED_UNIT ( * ) SI_UNIT ( $, .STERADIAN. ) SOLID_ANGLE_UNIT ( ) );
#4671 = ORIENTED_EDGE ( 'NONE', *, *, #3244, .T. ) ;
#4672 = LINE ( 'NONE', #2135, #85 ) ;
#4673 = ADVANCED_FACE ( 'NONE', ( #3899 ), #3504, .T. ) ;
#4674 = MECHANICAL_DESIGN_GEOMETRIC_PRESENTATION_REPRESENTATION (  '', ( #2398 ), #7770 ) ;
#4675 = CARTESIAN_POINT ( 'NONE',  ( 75.00000000000000000, -8.799999860471286794, -42.64999933702636525 ) ) ;
#4676 = CARTESIAN_POINT ( 'NONE',  ( -75.00000000000000000, 30.49999982145801170, 29.49999965177774897 ) ) ;
#4677 = SURFACE_STYLE_FILL_AREA ( #5954 ) ;
#4678 = ORIENTED_EDGE ( 'NONE', *, *, #6746, .T. ) ;
#4679 = AXIS2_PLACEMENT_3D ( 'NONE', #3959, #7562, #2591 ) ;
#4680 = FILL_AREA_STYLE ('',( #6566 ) ) ;
#4681 = PRESENTATION_STYLE_ASSIGNMENT (( #1013 ) ) ;
#4682 = ORIENTED_EDGE ( 'NONE', *, *, #2276, .F. ) ;
#4683 = FACE_OUTER_BOUND ( 'NONE', #1734, .T. ) ;
#4684 = CARTESIAN_POINT ( 'NONE',  ( -75.00000000000000000, 23.19999969756799274, 40.30000032623447481 ) ) ;
#4685 = MECHANICAL_DESIGN_GEOMETRIC_PRESENTATION_REPRESENTATION (  '', ( #6098 ), #909 ) ;
#4686 = VERTEX_POINT ( 'NONE', #1738 ) ;
#4687 = ADVANCED_FACE ( 'NONE', ( #5274 ), #2368, .F. ) ;
#4688 = SURFACE_SIDE_STYLE ('',( #7071 ) ) ;
#4689 =( NAMED_UNIT ( * ) SI_UNIT ( $, .STERADIAN. ) SOLID_ANGLE_UNIT ( ) );
#4690 = DIRECTION ( 'NONE',  ( -1.000000000000000000, -0.000000000000000000, -0.000000000000000000 ) ) ;
#4691 = FILL_AREA_STYLE ('',( #1804 ) ) ;
#4692 = CARTESIAN_POINT ( 'NONE',  ( 75.00000000000000000, 21.39999764240106117, -40.30000031556529905 ) ) ;
#4693 = ORIENTED_EDGE ( 'NONE', *, *, #5486, .T. ) ;
#4694 = CARTESIAN_POINT ( 'NONE',  ( 75.00000000000000000, -8.800001402694260122, -41.35000061127054494 ) ) ;
#4695 =( LENGTH_UNIT ( ) NAMED_UNIT ( * ) SI_UNIT ( .MILLI., .METRE. ) );
#4696 = VERTEX_POINT ( 'NONE', #1114 ) ;
#4697 = VECTOR ( 'NONE', #7868, 1000.000000000000114 ) ;
#4698 = ADVANCED_FACE ( 'NONE', ( #7255 ), #4179, .F. ) ;
#4699 = PLANE ( 'NONE',  #995 ) ;
#4700 = ORIENTED_EDGE ( 'NONE', *, *, #1322, .F. ) ;
#4701 = DIRECTION ( 'NONE',  ( 0.000000000000000000, -1.000000000000000000, 0.000000000000000000 ) ) ;
#4702 = STYLED_ITEM ( 'NONE', ( #601 ), #143 ) ;
#4703 = LINE ( 'NONE', #7735, #1573 ) ;
#4704 = VERTEX_POINT ( 'NONE', #4301 ) ;
#4705 =( NAMED_UNIT ( * ) PLANE_ANGLE_UNIT ( ) SI_UNIT ( $, .RADIAN. ) );
#4706 = DIRECTION ( 'NONE',  ( 0.000000000000000000, 0.2588191309993074229, 0.9659258032730895227 ) ) ;
#4707 = EDGE_CURVE ( 'NONE', #7672, #731, #6832, .T. ) ;
#4708 = STYLED_ITEM ( 'NONE', ( #2131 ), #87 ) ;
#4709 = LINE ( 'NONE', #3355, #7790 ) ;
#4710 = CARTESIAN_POINT ( 'NONE',  ( 75.00000000000000000, -25.59999998106502161, 39.77378458613114987 ) ) ;
#4711 =( LENGTH_UNIT ( ) NAMED_UNIT ( * ) SI_UNIT ( .MILLI., .METRE. ) );
#4712 = VERTEX_POINT ( 'NONE', #1423 ) ;
#4713 = LINE ( 'NONE', #3007, #6774 ) ;
#4714 = EDGE_CURVE ( 'NONE', #5783, #2787, #4943, .T. ) ;
#4715 = ORIENTED_EDGE ( 'NONE', *, *, #7231, .F. ) ;
#4716 = ORIENTED_EDGE ( 'NONE', *, *, #2707, .T. ) ;
#4717 = SURFACE_STYLE_FILL_AREA ( #2271 ) ;
#4718 = SURFACE_SIDE_STYLE ('',( #7635 ) ) ;
#4719 =( NAMED_UNIT ( * ) SI_UNIT ( $, .STERADIAN. ) SOLID_ANGLE_UNIT ( ) );
#4720 = UNCERTAINTY_MEASURE_WITH_UNIT (LENGTH_MEASURE( 1.000000000000000082E-05 ), #2709, 'distance_accuracy_value', 'NONE');
#4721 = FILL_AREA_STYLE ('',( #4161 ) ) ;
#4722 = FACE_OUTER_BOUND ( 'NONE', #2831, .T. ) ;
#4723 = STYLED_ITEM ( 'NONE', ( #3654 ), #4194 ) ;
#4724 = CARTESIAN_POINT ( 'NONE',  ( -75.00000000000000000, -13.81638466751647343, 43.50000028057854706 ) ) ;
#4725 = PRESENTATION_STYLE_ASSIGNMENT (( #5171 ) ) ;
#4726 =( GEOMETRIC_REPRESENTATION_CONTEXT ( 3 ) GLOBAL_UNCERTAINTY_ASSIGNED_CONTEXT ( ( #1645 ) ) GLOBAL_UNIT_ASSIGNED_CONTEXT ( ( #3526, #5502, #2469 ) ) REPRESENTATION_CONTEXT ( 'NONE', 'WORKASPACE' ) );
#4727 =( LENGTH_UNIT ( ) NAMED_UNIT ( * ) SI_UNIT ( .MILLI., .METRE. ) );
#4728 = EDGE_CURVE ( 'NONE', #573, #3540, #7414, .T. ) ;
#4729 = COLOUR_RGB ( '',0.8980392156862745390, 0.9176470588235293713, 0.9294117647058823817 ) ;
#4730 = EDGE_LOOP ( 'NONE', ( #2775, #5264, #3203, #3793 ) ) ;
#4731 = COLOUR_RGB ( '',0.8980392156862745390, 0.9176470588235293713, 0.9294117647058823817 ) ;
#4732 = ORIENTED_EDGE ( 'NONE', *, *, #1611, .T. ) ;
#4733 = STYLED_ITEM ( 'NONE', ( #7036 ), #6084 ) ;
#4734 = EDGE_CURVE ( 'NONE', #5090, #6549, #5981, .T. ) ;
#4735 = FILL_AREA_STYLE ('',( #1733 ) ) ;
#4736 = VERTEX_POINT ( 'NONE', #681 ) ;
#4737 = CARTESIAN_POINT ( 'NONE',  ( -75.00000000000000000, -11.80000044405465864, 41.79999962798319757 ) ) ;
#4738 = CARTESIAN_POINT ( 'NONE',  ( 75.00000000000000000, -11.80000073208403322, 45.00000135459106332 ) ) ;
#4739 = PRESENTATION_LAYER_ASSIGNMENT (  '', '', ( #5131 ) ) ;
#4740 = SURFACE_STYLE_USAGE ( .BOTH. , #1661 ) ;
#4741 = STYLED_ITEM ( 'NONE', ( #6133 ), #2132 ) ;
#4742 = SURFACE_STYLE_FILL_AREA ( #2327 ) ;
#4743 = ORIENTED_EDGE ( 'NONE', *, *, #3782, .T. ) ;
#4744 = CARTESIAN_POINT ( 'NONE',  ( 75.00000000000000000, -11.80000044405465864, 40.30000031343661249 ) ) ;
#4745 = SURFACE_STYLE_USAGE ( .BOTH. , #2762 ) ;
#4746 =( NAMED_UNIT ( * ) PLANE_ANGLE_UNIT ( ) SI_UNIT ( $, .RADIAN. ) );
#4747 = CARTESIAN_POINT ( 'NONE',  ( 75.00000000000000000, -9.630663357924003520, -43.64999941771341696 ) ) ;
#4748 = DIRECTION ( 'NONE',  ( 1.000000000000000000, 0.000000000000000000, 0.000000000000000000 ) ) ;
#4749 = DIRECTION ( 'NONE',  ( -1.000000000000000000, -0.000000000000000000, -0.000000000000000000 ) ) ;
#4750 = EDGE_CURVE ( 'NONE', #6312, #114, #2597, .T. ) ;
#4751 = VERTEX_POINT ( 'NONE', #6267 ) ;
#4752 = CARTESIAN_POINT ( 'NONE',  ( 75.00000000000000000, 17.19999871409140724, 40.30000032623447481 ) ) ;
#4753 = EDGE_CURVE ( 'NONE', #2995, #771, #4983, .T. ) ;
#4754 = CARTESIAN_POINT ( 'NONE',  ( 75.00000000000000000, -30.20000114037598493, -29.50000061236211479 ) ) ;
#4755 = COLOUR_RGB ( '',0.8980392156862745390, 0.9176470588235293713, 0.9294117647058823817 ) ;
#4756 = ORIENTED_EDGE ( 'NONE', *, *, #2621, .T. ) ;
#4757 = DIRECTION ( 'NONE',  ( 0.000000000000000000, 0.000000000000000000, -1.000000000000000000 ) ) ;
#4758 = FACE_OUTER_BOUND ( 'NONE', #3718, .T. ) ;
#4759 = ORIENTED_EDGE ( 'NONE', *, *, #4801, .T. ) ;
#4760 =( LENGTH_UNIT ( ) NAMED_UNIT ( * ) SI_UNIT ( .MILLI., .METRE. ) );
#4761 =( NAMED_UNIT ( * ) SI_UNIT ( $, .STERADIAN. ) SOLID_ANGLE_UNIT ( ) );
#4762 = LINE ( 'NONE', #1167, #2996 ) ;
#4763 = DIRECTION ( 'NONE',  ( -1.000000000000000000, -0.000000000000000000, -0.000000000000000000 ) ) ;
#4764 = SURFACE_SIDE_STYLE ('',( #1722 ) ) ;
#4765 = AXIS2_PLACEMENT_3D ( 'NONE', #5053, #6253, #3367 ) ;
#4766 = DIRECTION ( 'NONE',  ( 0.000000000000000000, -1.000000000000000000, 0.000000000000000000 ) ) ;
#4767 = CARTESIAN_POINT ( 'NONE',  ( 75.00000000000000000, -9.783615639116595375, -41.79999933702634962 ) ) ;
#4768 = FACE_OUTER_BOUND ( 'NONE', #5284, .T. ) ;
#4769 = VECTOR ( 'NONE', #5968, 1000.000000000000000 ) ;
#4770 =( LENGTH_UNIT ( ) NAMED_UNIT ( * ) SI_UNIT ( .MILLI., .METRE. ) );
#4771 = VECTOR ( 'NONE', #52, 1000.000000000000000 ) ;
#4772 = ORIENTED_EDGE ( 'NONE', *, *, #5438, .F. ) ;
#4773 = EDGE_CURVE ( 'NONE', #7079, #6779, #6627, .T. ) ;
#4774 = PRESENTATION_LAYER_ASSIGNMENT (  '', '', ( #5678 ) ) ;
#4775 = ORIENTED_EDGE ( 'NONE', *, *, #6597, .T. ) ;
#4776 = FILL_AREA_STYLE_COLOUR ( '', #3880 ) ;
#4777 =( GEOMETRIC_REPRESENTATION_CONTEXT ( 3 ) GLOBAL_UNCERTAINTY_ASSIGNED_CONTEXT ( ( #5446 ) ) GLOBAL_UNIT_ASSIGNED_CONTEXT ( ( #3023, #1766, #7890 ) ) REPRESENTATION_CONTEXT ( 'NONE', 'WORKASPACE' ) );
#4778 = VECTOR ( 'NONE', #454, 1000.000000000000000 ) ;
#4779 = ORIENTED_EDGE ( 'NONE', *, *, #5352, .F. ) ;
#4780 = DIRECTION ( 'NONE',  ( -1.000000000000000000, -0.000000000000000000, -0.000000000000000000 ) ) ;
#4781 = SURFACE_SIDE_STYLE ('',( #7206 ) ) ;
#4782 = EDGE_CURVE ( 'NONE', #7677, #5847, #1352, .T. ) ;
#4783 = DIRECTION ( 'NONE',  ( -1.000000000000000000, -0.000000000000000000, -0.000000000000000000 ) ) ;
#4784 = CARTESIAN_POINT ( 'NONE',  ( 75.00000000000000000, -11.80000183164951366, -41.65000080344623257 ) ) ;
#4785 = ORIENTED_EDGE ( 'NONE', *, *, #7767, .T. ) ;
#4786 = SURFACE_STYLE_USAGE ( .BOTH. , #1197 ) ;
#4787 = CARTESIAN_POINT ( 'NONE',  ( 75.00000000000000000, -27.40000030889110860, 35.50000072874227897 ) ) ;
#4788 = SURFACE_SIDE_STYLE ('',( #6638 ) ) ;
#4789 = CARTESIAN_POINT ( 'NONE',  ( 75.00000000000000000, 27.49999955383842476, 45.00000164262010571 ) ) ;
#4790 = DIRECTION ( 'NONE',  ( -1.000000000000000000, -0.000000000000000000, -0.000000000000000000 ) ) ;
#4791 =( GEOMETRIC_REPRESENTATION_CONTEXT ( 3 ) GLOBAL_UNCERTAINTY_ASSIGNED_CONTEXT ( ( #6718 ) ) GLOBAL_UNIT_ASSIGNED_CONTEXT ( ( #777, #4406, #5544 ) ) REPRESENTATION_CONTEXT ( 'NONE', 'WORKASPACE' ) );
#4792 = ORIENTED_EDGE ( 'NONE', *, *, #1552, .F. ) ;
#4793 = LINE ( 'NONE', #3639, #6062 ) ;
#4794 = ORIENTED_EDGE ( 'NONE', *, *, #1709, .F. ) ;
#4795 = AXIS2_PLACEMENT_3D ( 'NONE', #4844, #7317, #3486 ) ;
#4796 = LINE ( 'NONE', #3163, #6920 ) ;
#4797 = EDGE_CURVE ( 'NONE', #2270, #7592, #4423, .T. ) ;
#4798 = FILL_AREA_STYLE ('',( #6688 ) ) ;
#4799 = EDGE_LOOP ( 'NONE', ( #125, #3157, #6043, #6676 ) ) ;
#4800 = LINE ( 'NONE', #1754, #871 ) ;
#4801 = EDGE_CURVE ( 'NONE', #6989, #4487, #6111, .T. ) ;
#4802 = ADVANCED_FACE ( 'NONE', ( #1312 ), #3032, .F. ) ;
#4803 = VECTOR ( 'NONE', #7719, 1000.000000000000000 ) ;
#4804 = UNCERTAINTY_MEASURE_WITH_UNIT (LENGTH_MEASURE( 1.000000000000000082E-05 ), #6747, 'distance_accuracy_value', 'NONE');
#4805 = FILL_AREA_STYLE_COLOUR ( '', #7181 ) ;
#4806 = FACE_OUTER_BOUND ( 'NONE', #6935, .T. ) ;
#4807 = FACE_OUTER_BOUND ( 'NONE', #232, .T. ) ;
#4808 = SURFACE_STYLE_FILL_AREA ( #4691 ) ;
#4809 = CARTESIAN_POINT ( 'NONE',  ( 75.00000000000000000, -11.80000073208399947, 41.65000052608650094 ) ) ;
#4810 = LINE ( 'NONE', #4205, #3487 ) ;
#4811 = ADVANCED_FACE ( 'NONE', ( #5565 ), #6339, .F. ) ;
#4812 = COLOUR_RGB ( '',0.8980392156862745390, 0.9176470588235293713, 0.9294117647058823817 ) ;
#4813 = CARTESIAN_POINT ( 'NONE',  ( -75.00000000000000000, 27.72647574007116944, 39.04259301051518349 ) ) ;
#4814 = VERTEX_POINT ( 'NONE', #7081 ) ;
#4815 = COLOUR_RGB ( '',0.8980392156862745390, 0.9176470588235293713, 0.9294117647058823817 ) ;
#4816 = ORIENTED_EDGE ( 'NONE', *, *, #802, .F. ) ;
#4817 = LINE ( 'NONE', #2993, #7370 ) ;
#4818 = COLOUR_RGB ( '',0.8980392156862745390, 0.9176470588235293713, 0.9294117647058823817 ) ;
#4819 = ORIENTED_EDGE ( 'NONE', *, *, #2219, .T. ) ;
#4820 = PRESENTATION_STYLE_ASSIGNMENT (( #7862 ) ) ;
#4821 = FILL_AREA_STYLE_COLOUR ( '', #4729 ) ;
#4822 = VECTOR ( 'NONE', #2454, 1000.000000000000000 ) ;
#4823 = ORIENTED_EDGE ( 'NONE', *, *, #212, .T. ) ;
#4824 = CARTESIAN_POINT ( 'NONE',  ( -75.00000000000000000, 30.49999982145801170, 35.50000063525438776 ) ) ;
#4825 = LINE ( 'NONE', #6719, #6232 ) ;
#4826 =( NAMED_UNIT ( * ) SI_UNIT ( $, .STERADIAN. ) SOLID_ANGLE_UNIT ( ) );
#4827 = EDGE_CURVE ( 'NONE', #2288, #5923, #7808, .T. ) ;
#4828 = VECTOR ( 'NONE', #4544, 1000.000000000000000 ) ;
#4829 = PRESENTATION_LAYER_ASSIGNMENT (  '', '', ( #416 ) ) ;
#4830 = ORIENTED_EDGE ( 'NONE', *, *, #306, .T. ) ;
#4831 = DIRECTION ( 'NONE',  ( 0.000000000000000000, 0.000000000000000000, -1.000000000000000000 ) ) ;
#4832 = ORIENTED_EDGE ( 'NONE', *, *, #5792, .F. ) ;
#4833 = CARTESIAN_POINT ( 'NONE',  ( 75.00000000000000000, 27.50000061741992496, -44.99999790990878523 ) ) ;
#4834 = EDGE_LOOP ( 'NONE', ( #5451, #1854, #773, #5563 ) ) ;
#4835 = LINE ( 'NONE', #48, #1703 ) ;
#4836 = CYLINDRICAL_SURFACE ( 'NONE', #6291, 1.299999999999995604 ) ;
#4837 = ORIENTED_EDGE ( 'NONE', *, *, #1335, .T. ) ;
#4838 =( GEOMETRIC_REPRESENTATION_CONTEXT ( 3 ) GLOBAL_UNCERTAINTY_ASSIGNED_CONTEXT ( ( #5860 ) ) GLOBAL_UNIT_ASSIGNED_CONTEXT ( ( #5442, #1736, #7292 ) ) REPRESENTATION_CONTEXT ( 'NONE', 'WORKASPACE' ) );
#4839 = FACE_OUTER_BOUND ( 'NONE', #4177, .T. ) ;
#4840 =( GEOMETRIC_REPRESENTATION_CONTEXT ( 3 ) GLOBAL_UNCERTAINTY_ASSIGNED_CONTEXT ( ( #5176 ) ) GLOBAL_UNIT_ASSIGNED_CONTEXT ( ( #5471, #788, #1304 ) ) REPRESENTATION_CONTEXT ( 'NONE', 'WORKASPACE' ) );
#4841 = DIRECTION ( 'NONE',  ( -1.000000000000000000, -0.000000000000000000, -0.000000000000000000 ) ) ;
#4842 = EDGE_CURVE ( 'NONE', #2270, #3680, #1530, .T. ) ;
#4843 = UNCERTAINTY_MEASURE_WITH_UNIT (LENGTH_MEASURE( 1.000000000000000082E-05 ), #617, 'distance_accuracy_value', 'NONE');
#4844 = CARTESIAN_POINT ( 'NONE',  ( 75.00000000000000000, -27.40000030889110860, -31.49999907754262551 ) ) ;
#4845 = DIRECTION ( 'NONE',  ( -1.000000000000000000, -0.000000000000000000, -0.000000000000000000 ) ) ;
#4846 = SURFACE_STYLE_USAGE ( .BOTH. , #2430 ) ;
#4847 = CARTESIAN_POINT ( 'NONE',  ( 75.00000000000000000, -1.689488657688485995, 42.50000031431354586 ) ) ;
#4848 = LINE ( 'NONE', #5808, #361 ) ;
#4849 = DIRECTION ( 'NONE',  ( -1.000000000000000000, -0.000000000000000000, -0.000000000000000000 ) ) ;
#4850 = CARTESIAN_POINT ( 'NONE',  ( 75.00000000000000000, 23.19999830997313595, -42.50000030364437009 ) ) ;
#4851 = VECTOR ( 'NONE', #2053, 1000.000000000000114 ) ;
#4852 = PRESENTATION_STYLE_ASSIGNMENT (( #591 ) ) ;
#4853 = VERTEX_POINT ( 'NONE', #5141 ) ;
#4854 = PRESENTATION_LAYER_ASSIGNMENT (  '', '', ( #1066 ) ) ;
#4855 = CIRCLE ( 'NONE', #2572, 0.1999999999997559286 ) ;
#4856 = ADVANCED_FACE ( 'NONE', ( #914 ), #2048, .F. ) ;
#4857 = DIRECTION ( 'NONE',  ( -1.000000000000000000, -0.000000000000000000, -0.000000000000000000 ) ) ;
#4858 = FILL_AREA_STYLE_COLOUR ( '', #5256 ) ;
#4859 = VERTEX_POINT ( 'NONE', #3337 ) ;
#4860 = CARTESIAN_POINT ( 'NONE',  ( 75.00000000000000000, -13.81638466751647343, 43.50000028057854706 ) ) ;
#4861 = CIRCLE ( 'NONE', #1073, 1.299999325380794879 ) ;
#4862 = PRESENTATION_LAYER_ASSIGNMENT (  '', '', ( #4607 ) ) ;
#4863 = ORIENTED_EDGE ( 'NONE', *, *, #6396, .F. ) ;
#4864 = DIRECTION ( 'NONE',  ( 1.000000000000000000, 0.000000000000000000, 0.000000000000000000 ) ) ;
#4865 = CARTESIAN_POINT ( 'NONE',  ( 75.00000000000000000, -5.500000435858909853, 40.30000031343661249 ) ) ;
#4866 = STYLED_ITEM ( 'NONE', ( #5101 ), #6067 ) ;
#4867 = ORIENTED_EDGE ( 'NONE', *, *, #6551, .F. ) ;
#4868 = FILL_AREA_STYLE_COLOUR ( '', #2072 ) ;
#4869 = PRESENTATION_LAYER_ASSIGNMENT (  '', '', ( #2705 ) ) ;
#4870 = UNCERTAINTY_MEASURE_WITH_UNIT (LENGTH_MEASURE( 1.000000000000000082E-05 ), #301, 'distance_accuracy_value', 'NONE');
#4871 = CARTESIAN_POINT ( 'NONE',  ( 75.00000000000000000, -27.48059963949862450, -37.75176316322300352 ) ) ;
#4872 = DIRECTION ( 'NONE',  ( 0.000000000000000000, -0.000000000000000000, 1.000000000000000000 ) ) ;
#4873 = STYLED_ITEM ( 'NONE', ( #4725 ), #6378 ) ;
#4874 = ORIENTED_EDGE ( 'NONE', *, *, #6977, .F. ) ;
#4875 = VECTOR ( 'NONE', #7470, 1000.000000000000000 ) ;
#4876 = EDGE_LOOP ( 'NONE', ( #4992, #1517, #599, #3350 ) ) ;
#4877 = ORIENTED_EDGE ( 'NONE', *, *, #3822, .T. ) ;
#4878 = DIRECTION ( 'NONE',  ( -1.000000000000000000, -0.000000000000000000, -0.000000000000000000 ) ) ;
#4879 = FACE_OUTER_BOUND ( 'NONE', #2499, .T. ) ;
#4880 = ORIENTED_EDGE ( 'NONE', *, *, #111, .F. ) ;
#4881 = CARTESIAN_POINT ( 'NONE',  ( -75.00000000000000000, 28.04999815885442516, -40.24999943051175677 ) ) ;
#4882 = DIRECTION ( 'NONE',  ( 1.000000000000000000, 0.000000000000000000, 0.000000000000000000 ) ) ;
#4883 = STYLED_ITEM ( 'NONE', ( #2940 ), #2378 ) ;
#4884 = VECTOR ( 'NONE', #6798, 1000.000000000000000 ) ;
#4885 = EDGE_CURVE ( 'NONE', #756, #7901, #3808, .T. ) ;
#4886 =( NAMED_UNIT ( * ) SI_UNIT ( $, .STERADIAN. ) SOLID_ANGLE_UNIT ( ) );
#4887 = PRESENTATION_STYLE_ASSIGNMENT (( #2512 ) ) ;
#4888 = CARTESIAN_POINT ( 'NONE',  ( -75.00000000000000000, 27.38059778897949670, -37.75176323953216695 ) ) ;
#4889 = STYLED_ITEM ( 'NONE', ( #4377 ), #6952 ) ;
#4890 = SURFACE_STYLE_FILL_AREA ( #6661 ) ;
#4891 = ORIENTED_EDGE ( 'NONE', *, *, #4916, .F. ) ;
#4892 =( GEOMETRIC_REPRESENTATION_CONTEXT ( 3 ) GLOBAL_UNCERTAINTY_ASSIGNED_CONTEXT ( ( #1460 ) ) GLOBAL_UNIT_ASSIGNED_CONTEXT ( ( #204, #2023, #772 ) ) REPRESENTATION_CONTEXT ( 'NONE', 'WORKASPACE' ) );
#4893 =( NAMED_UNIT ( * ) PLANE_ANGLE_UNIT ( ) SI_UNIT ( $, .RADIAN. ) );
#4894 = ORIENTED_EDGE ( 'NONE', *, *, #2065, .F. ) ;
#4895 = CARTESIAN_POINT ( 'NONE',  ( 75.00000000000000000, -14.80000044616175359, 42.65000028057852433 ) ) ;
#4896 = UNCERTAINTY_MEASURE_WITH_UNIT (LENGTH_MEASURE( 1.000000000000000082E-05 ), #3949, 'distance_accuracy_value', 'NONE');
#4897 = VECTOR ( 'NONE', #3247, 1000.000000000000000 ) ;
#4898 = DIRECTION ( 'NONE',  ( 0.000000000000000000, -1.000000000000000000, 0.000000000000000000 ) ) ;
#4899 = EDGE_CURVE ( 'NONE', #1060, #6075, #5620, .T. ) ;
#4900 = VECTOR ( 'NONE', #165, 999.9999999999998863 ) ;
#4901 = EDGE_LOOP ( 'NONE', ( #1287, #4894, #7758, #7222 ) ) ;
#4902 = CARTESIAN_POINT ( 'NONE',  ( 75.00000000000000000, -30.10000119205603042, -59.99999880441464484 ) ) ;
#4903 = DIRECTION ( 'NONE',  ( 0.000000000000000000, 1.000000000000000000, 0.000000000000000000 ) ) ;
#4904 = VERTEX_POINT ( 'NONE', #7035 ) ;
#4905 = SURFACE_STYLE_FILL_AREA ( #723 ) ;
#4906 = COLOUR_RGB ( '',0.8980392156862745390, 0.9176470588235293713, 0.9294117647058823817 ) ;
#4907 = VECTOR ( 'NONE', #5475, 1000.000000000000000 ) ;
#4908 = CARTESIAN_POINT ( 'NONE',  ( -75.00000000000000000, -8.799999860471286794, -42.64999933702636525 ) ) ;
#4909 = CARTESIAN_POINT ( 'NONE',  ( 75.00000000000000000, -27.40000030889110860, -35.50000159583875359 ) ) ;
#4910 =( GEOMETRIC_REPRESENTATION_CONTEXT ( 3 ) GLOBAL_UNCERTAINTY_ASSIGNED_CONTEXT ( ( #2823 ) ) GLOBAL_UNIT_ASSIGNED_CONTEXT ( ( #297, #864, #2690 ) ) REPRESENTATION_CONTEXT ( 'NONE', 'WORKASPACE' ) );
#4911 = ORIENTED_EDGE ( 'NONE', *, *, #6462, .F. ) ;
#4912 = AXIS2_PLACEMENT_3D ( 'NONE', #7441, #6255, #709 ) ;
#4913 = CARTESIAN_POINT ( 'NONE',  ( -75.00000000000000000, -14.80000044616175359, 42.65000028057852433 ) ) ;
#4914 = ORIENTED_EDGE ( 'NONE', *, *, #755, .F. ) ;
#4915 = EDGE_LOOP ( 'NONE', ( #1163, #6125, #6185, #4785 ) ) ;
#4916 = EDGE_CURVE ( 'NONE', #6202, #6082, #1568, .T. ) ;
#4917 = PLANE ( 'NONE',  #5519 ) ;
#4918 = DIRECTION ( 'NONE',  ( 0.000000000000000000, -1.000000000000000000, 0.000000000000000000 ) ) ;
#4919 = AXIS2_PLACEMENT_3D ( 'NONE', #132, #5538, #3047 ) ;
#4920 = ORIENTED_EDGE ( 'NONE', *, *, #2025, .F. ) ;
#4921 = DIRECTION ( 'NONE',  ( -1.000000000000000000, -0.000000000000000000, -0.000000000000000000 ) ) ;
#4922 = CARTESIAN_POINT ( 'NONE',  ( 75.00000000000000000, 27.50000061741992496, -44.99999790990878523 ) ) ;
#4923 = CARTESIAN_POINT ( 'NONE',  ( -75.00000000000000000, -32.49999880790716134, 44.84999910346232355 ) ) ;
#4924 = DIRECTION ( 'NONE',  ( 0.000000000000000000, 0.000000000000000000, 1.000000000000000000 ) ) ;
#4925 = UNCERTAINTY_MEASURE_WITH_UNIT (LENGTH_MEASURE( 1.000000000000000082E-05 ), #3417, 'distance_accuracy_value', 'NONE');
#4926 = VECTOR ( 'NONE', #4706, 1000.000000000000227 ) ;
#4927 = CARTESIAN_POINT ( 'NONE',  ( -75.00000000000000000, -11.80000073208399947, 40.30000002540748483 ) ) ;
#4928 = CARTESIAN_POINT ( 'NONE',  ( 75.00000000000000000, -19.20000119998040589, 42.50000001348644219 ) ) ;
#4929 = CARTESIAN_POINT ( 'NONE',  ( 75.00000000000000000, -31.89999982714642002, -44.84999939450040785 ) ) ;
#4930 = DIRECTION ( 'NONE',  ( -1.000000000000000000, -0.000000000000000000, -0.000000000000000000 ) ) ;
#4931 = FILL_AREA_STYLE_COLOUR ( '', #6568 ) ;
#4932 = EDGE_CURVE ( 'NONE', #2052, #657, #1062, .T. ) ;
#4933 =( NAMED_UNIT ( * ) SI_UNIT ( $, .STERADIAN. ) SOLID_ANGLE_UNIT ( ) );
#4934 = ORIENTED_EDGE ( 'NONE', *, *, #7174, .T. ) ;
#4935 = LINE ( 'NONE', #5017, #6372 ) ;
#4936 = ORIENTED_EDGE ( 'NONE', *, *, #4728, .T. ) ;
#4937 = SURFACE_SIDE_STYLE ('',( #3740 ) ) ;
#4938 = PRESENTATION_LAYER_ASSIGNMENT (  '', '', ( #7131 ) ) ;
#4939 = DIRECTION ( 'NONE',  ( -1.000000000000000000, -0.000000000000000000, -0.000000000000000000 ) ) ;
#4940 = ORIENTED_EDGE ( 'NONE', *, *, #641, .F. ) ;
#4941 = ADVANCED_FACE ( 'NONE', ( #6500 ), #7197, .F. ) ;
#4942 = CARTESIAN_POINT ( 'NONE',  ( 75.00000000000000000, 27.57378382795079474, 37.50000096307966402 ) ) ;
#4943 = LINE ( 'NONE', #6228, #1933 ) ;
#4944 =( NAMED_UNIT ( * ) SI_UNIT ( $, .STERADIAN. ) SOLID_ANGLE_UNIT ( ) );
#4945 = VERTEX_POINT ( 'NONE', #1769 ) ;
#4946 = CARTESIAN_POINT ( 'NONE',  ( 75.00000000000000000, -27.40000030889110860, -33.49999940536817178 ) ) ;
#4947 = EDGE_CURVE ( 'NONE', #3024, #6440, #3461, .T. ) ;
#4948 = MECHANICAL_DESIGN_GEOMETRIC_PRESENTATION_REPRESENTATION (  '', ( #6476 ), #2413 ) ;
#4949 =( NAMED_UNIT ( * ) PLANE_ANGLE_UNIT ( ) SI_UNIT ( $, .RADIAN. ) );
#4950 = DIRECTION ( 'NONE',  ( -0.000000000000000000, 1.000000000000000000, 0.000000000000000000 ) ) ;
#4951 = VERTEX_POINT ( 'NONE', #7771 ) ;
#4952 = ORIENTED_EDGE ( 'NONE', *, *, #508, .F. ) ;
#4953 = MECHANICAL_DESIGN_GEOMETRIC_PRESENTATION_REPRESENTATION (  '', ( #4440 ), #3420 ) ;
#4954 = DIRECTION ( 'NONE',  ( 0.000000000000000000, -1.000000000000000000, 0.000000000000000000 ) ) ;
#4956 = VERTEX_POINT ( 'NONE', #2285 ) ;
#4955 = EDGE_CURVE ( 'NONE', #4736, #3314, #469, .T. ) ;
#4957 = EDGE_CURVE ( 'NONE', #372, #7135, #161, .T. ) ;
#4958 = DIRECTION ( 'NONE',  ( -1.000000000000000000, -0.000000000000000000, -0.000000000000000000 ) ) ;
#4959 = ORIENTED_EDGE ( 'NONE', *, *, #1459, .T. ) ;
#4960 = CARTESIAN_POINT ( 'NONE',  ( 75.00000000000000000, -5.500000435858909853, 40.30000031343661249 ) ) ;
#4961 =( NAMED_UNIT ( * ) PLANE_ANGLE_UNIT ( ) SI_UNIT ( $, .RADIAN. ) );
#4962 = DIRECTION ( 'NONE',  ( -1.000000000000000000, -0.000000000000000000, -0.000000000000000000 ) ) ;
#4963 = MECHANICAL_DESIGN_GEOMETRIC_PRESENTATION_REPRESENTATION (  '', ( #4185 ), #2923 ) ;
#4964 =( GEOMETRIC_REPRESENTATION_CONTEXT ( 3 ) GLOBAL_UNCERTAINTY_ASSIGNED_CONTEXT ( ( #3961 ) ) GLOBAL_UNIT_ASSIGNED_CONTEXT ( ( #7900, #2290, #4670 ) ) REPRESENTATION_CONTEXT ( 'NONE', 'WORKASPACE' ) );
#4965 = EDGE_CURVE ( 'NONE', #6104, #4956, #7892, .T. ) ;
#4966 = LINE ( 'NONE', #1926, #2392 ) ;
#4967 = DIRECTION ( 'NONE',  ( -1.000000000000000000, 0.000000000000000000, -0.000000000000000000 ) ) ;
#4968 = CIRCLE ( 'NONE', #2306, 0.1999999999990967336 ) ;
#4969 = VECTOR ( 'NONE', #6184, 1000.000000000000000 ) ;
#4970 = CARTESIAN_POINT ( 'NONE',  ( 75.00000000000000000, -30.20000114037598493, -35.50000159583875359 ) ) ;
#4971 = LINE ( 'NONE', #7438, #2252 ) ;
#4972 = CARTESIAN_POINT ( 'NONE',  ( 75.00000000000000000, 28.04999960585698915, 39.00000027745828390 ) ) ;
#4973 = VECTOR ( 'NONE', #920, 1000.000000000000000 ) ;
#4974 = ORIENTED_EDGE ( 'NONE', *, *, #5175, .F. ) ;
#4975 = FILL_AREA_STYLE ('',( #2441 ) ) ;
#4976 = LINE ( 'NONE', #5092, #199 ) ;
#4977 = AXIS2_PLACEMENT_3D ( 'NONE', #4913, #3791, #3040 ) ;
#4978 = LINE ( 'NONE', #6220, #3093 ) ;
#4979 = CARTESIAN_POINT ( 'NONE',  ( 75.00000000000000000, -14.80000044616175359, 43.95000028057852148 ) ) ;
#4980 = DIRECTION ( 'NONE',  ( -1.000000000000000000, -0.000000000000000000, -0.000000000000000000 ) ) ;
#4981 = CIRCLE ( 'NONE', #4977, 1.299999999999995604 ) ;
#4982 = ORIENTED_EDGE ( 'NONE', *, *, #2943, .T. ) ;
#4983 = LINE ( 'NONE', #3818, #4055 ) ;
#4984 = CARTESIAN_POINT ( 'NONE',  ( 75.00000000000000000, -11.80000073208399947, 40.30000002540748483 ) ) ;
#4985 = VERTEX_POINT ( 'NONE', #2401 ) ;
#4986 = PRESENTATION_STYLE_ASSIGNMENT (( #6752 ) ) ;
#4987 = ADVANCED_FACE ( 'NONE', ( #7725 ), #3581, .F. ) ;
#4988 = MECHANICAL_DESIGN_GEOMETRIC_PRESENTATION_REPRESENTATION (  '', ( #6264 ), #2948 ) ;
#4989 = STYLED_ITEM ( 'NONE', ( #120 ), #5562 ) ;
#4990 = DIRECTION ( 'NONE',  ( 0.000000000000000000, 0.000000000000000000, -1.000000000000000000 ) ) ;
#4991 = ORIENTED_EDGE ( 'NONE', *, *, #1491, .F. ) ;
#4992 = ORIENTED_EDGE ( 'NONE', *, *, #1478, .T. ) ;
#4993 = VECTOR ( 'NONE', #7454, 1000.000000000000000 ) ;
#4994 = PLANE ( 'NONE',  #994 ) ;
#4995 = VERTEX_POINT ( 'NONE', #7481 ) ;
#4996 = VECTOR ( 'NONE', #4958, 1000.000000000000000 ) ;
#4997 = LINE ( 'NONE', #1402, #7361 ) ;
#4998 = SURFACE_SIDE_STYLE ('',( #6844 ) ) ;
#4999 = UNCERTAINTY_MEASURE_WITH_UNIT (LENGTH_MEASURE( 1.000000000000000082E-05 ), #715, 'distance_accuracy_value', 'NONE');
#5000 =( NAMED_UNIT ( * ) SI_UNIT ( $, .STERADIAN. ) SOLID_ANGLE_UNIT ( ) );
#5001 = CARTESIAN_POINT ( 'NONE',  ( 75.00000000000000000, -14.80000073419111217, 42.64999999254941798 ) ) ;
#5002 = FACE_OUTER_BOUND ( 'NONE', #2910, .T. ) ;
#5003 = STYLED_ITEM ( 'NONE', ( #4424 ), #6119 ) ;
#5004 = ADVANCED_FACE ( 'NONE', ( #2478 ), #6064, .F. ) ;
#5005 = PRESENTATION_STYLE_ASSIGNMENT (( #1890 ) ) ;
#5006 = DIRECTION ( 'NONE',  ( 0.000000000000000000, 0.000000000000000000, -1.000000000000000000 ) ) ;
#5007 = CIRCLE ( 'NONE', #6537, 1.300000000000016476 ) ;
#5008 = CARTESIAN_POINT ( 'NONE',  ( 75.00000000000000000, 23.19999969756799274, 40.30000032623447481 ) ) ;
#5009 = VECTOR ( 'NONE', #3979, 1000.000000000000000 ) ;
#5010 = DIRECTION ( 'NONE',  ( -1.000000000000000000, -0.000000000000000000, -0.000000000000000000 ) ) ;
#5011 = CARTESIAN_POINT ( 'NONE',  ( 75.00000000000000000, -31.89999982714642002, 44.84999910346232355 ) ) ;
#5012 = CARTESIAN_POINT ( 'NONE',  ( 75.00000000000000000, 28.04999960585698915, 39.00000027745828390 ) ) ;
#5013 = CARTESIAN_POINT ( 'NONE',  ( 75.00000000000000000, -28.14999991479055197, -38.99999913430374221 ) ) ;
#5014 = VECTOR ( 'NONE', #5111, 1000.000000000000227 ) ;
#5015 = PLANE ( 'NONE',  #1001 ) ;
#5016 = VERTEX_POINT ( 'NONE', #3661 ) ;
#5017 = CARTESIAN_POINT ( 'NONE',  ( 75.00000000000000000, -30.20000114037598493, 37.50000105656793892 ) ) ;
#5018 = PRESENTATION_LAYER_ASSIGNMENT (  '', '', ( #2230 ) ) ;
#5019 = DIRECTION ( 'NONE',  ( -1.000000000000000000, -0.000000000000000000, -0.000000000000000000 ) ) ;
#5020 = ORIENTED_EDGE ( 'NONE', *, *, #5219, .T. ) ;
#5021 =( LENGTH_UNIT ( ) NAMED_UNIT ( * ) SI_UNIT ( .MILLI., .METRE. ) );
#5022 = DIRECTION ( 'NONE',  ( -1.000000000000000000, -0.000000000000000000, -0.000000000000000000 ) ) ;
#5023 = ORIENTED_EDGE ( 'NONE', *, *, #53, .F. ) ;
#5024 = DIRECTION ( 'NONE',  ( -1.000000000000000000, -0.000000000000000000, -0.000000000000000000 ) ) ;
#5025 = PLANE ( 'NONE',  #536 ) ;
#5026 =( LENGTH_UNIT ( ) NAMED_UNIT ( * ) SI_UNIT ( .MILLI., .METRE. ) );
#5027 = CIRCLE ( 'NONE', #2717, 1.299999325380794879 ) ;
#5028 = VECTOR ( 'NONE', #5375, 1000.000000000000000 ) ;
#5029 = EDGE_CURVE ( 'NONE', #7558, #1357, #4935, .T. ) ;
#5030 = ORIENTED_EDGE ( 'NONE', *, *, #5096, .F. ) ;
#5031 = ORIENTED_EDGE ( 'NONE', *, *, #514, .F. ) ;
#5032 = MECHANICAL_DESIGN_GEOMETRIC_PRESENTATION_REPRESENTATION (  '', ( #3631 ), #7099 ) ;
#5033 = CARTESIAN_POINT ( 'NONE',  ( 75.00000000000000000, -25.39999998106550194, 42.50000001348644219 ) ) ;
#5034 =( GEOMETRIC_REPRESENTATION_CONTEXT ( 3 ) GLOBAL_UNCERTAINTY_ASSIGNED_CONTEXT ( ( #605 ) ) GLOBAL_UNIT_ASSIGNED_CONTEXT ( ( #3619, #7809, #6619 ) ) REPRESENTATION_CONTEXT ( 'NONE', 'WORKASPACE' ) );
#5035 = VERTEX_POINT ( 'NONE', #6818 ) ;
#5036 = DIRECTION ( 'NONE',  ( 0.000000000000000000, 1.000000000000000000, 0.000000000000000000 ) ) ;
#5037 = DIRECTION ( 'NONE',  ( -0.000000000000000000, -0.9999999999999951150, -9.898923744487916068E-08 ) ) ;
#5038 = FILL_AREA_STYLE_COLOUR ( '', #1480 ) ;
#5039 =( GEOMETRIC_REPRESENTATION_CONTEXT ( 3 ) GLOBAL_UNCERTAINTY_ASSIGNED_CONTEXT ( ( #4654 ) ) GLOBAL_UNIT_ASSIGNED_CONTEXT ( ( #3365, #2033, #336 ) ) REPRESENTATION_CONTEXT ( 'NONE', 'WORKASPACE' ) );
#5040 = SURFACE_SIDE_STYLE ('',( #890 ) ) ;
#5041 = CARTESIAN_POINT ( 'NONE',  ( -75.00000000000000000, -28.14999991479055197, -40.24999913430374221 ) ) ;
#5042 = LINE ( 'NONE', #1440, #6560 ) ;
#5043 = AXIS2_PLACEMENT_3D ( 'NONE', #7118, #4081, #7238 ) ;
#5044 = EDGE_CURVE ( 'NONE', #2203, #6082, #1223, .T. ) ;
#5045 = FACE_OUTER_BOUND ( 'NONE', #635, .T. ) ;
#5046 = MECHANICAL_DESIGN_GEOMETRIC_PRESENTATION_REPRESENTATION (  '', ( #2514 ), #1012 ) ;
#5047 = LINE ( 'NONE', #3171, #950 ) ;
#5048 = SURFACE_SIDE_STYLE ('',( #5162 ) ) ;
#5049 = LINE ( 'NONE', #1484, #2716 ) ;
#5050 = PRESENTATION_STYLE_ASSIGNMENT (( #6940 ) ) ;
#5051 = EDGE_CURVE ( 'NONE', #6464, #4461, #6102, .T. ) ;
#5052 = DIRECTION ( 'NONE',  ( -1.000000000000000000, -0.000000000000000000, -0.000000000000000000 ) ) ;
#5053 = CARTESIAN_POINT ( 'NONE',  ( 75.00000000000000000, -25.59999986047113296, -39.77378413240914057 ) ) ;
#5054 = LINE ( 'NONE', #2038, #2624 ) ;
#5055 = VERTEX_POINT ( 'NONE', #3777 ) ;
#5056 = CARTESIAN_POINT ( 'NONE',  ( 75.00000000000000000, -27.40000030889110860, -33.49999940536817178 ) ) ;
#5057 = LINE ( 'NONE', #5743, #1714 ) ;
#5058 = PRESENTATION_STYLE_ASSIGNMENT (( #1307 ) ) ;
#5059 = LINE ( 'NONE', #5094, #4546 ) ;
#5060 = ORIENTED_EDGE ( 'NONE', *, *, #3588, .F. ) ;
#5061 = AXIS2_PLACEMENT_3D ( 'NONE', #1824, #1153, #6593 ) ;
#5062 = VERTEX_POINT ( 'NONE', #4253 ) ;
#5063 = DIRECTION ( 'NONE',  ( 0.000000000000000000, 0.000000000000000000, -1.000000000000000000 ) ) ;
#5064 = ORIENTED_EDGE ( 'NONE', *, *, #99, .T. ) ;
#5065 = SURFACE_STYLE_FILL_AREA ( #239 ) ;
#5066 = ORIENTED_EDGE ( 'NONE', *, *, #7561, .F. ) ;
#5067 = LINE ( 'NONE', #5648, #3990 ) ;
#5068 = AXIS2_PLACEMENT_3D ( 'NONE', #5041, #6352, #5580 ) ;
#5069 = CARTESIAN_POINT ( 'NONE',  ( 75.00000000000000000, -25.65176378155188885, 39.58059941858834918 ) ) ;
#5070 = CARTESIAN_POINT ( 'NONE',  ( -75.00000000000000000, -32.49999880790716134, 59.99999851337634027 ) ) ;
#5071 =( NAMED_UNIT ( * ) SI_UNIT ( $, .STERADIAN. ) SOLID_ANGLE_UNIT ( ) );
#5072 = EDGE_CURVE ( 'NONE', #4272, #6989, #3105, .T. ) ;
#5073 =( LENGTH_UNIT ( ) NAMED_UNIT ( * ) SI_UNIT ( .MILLI., .METRE. ) );
#5074 = FILL_AREA_STYLE ('',( #6437 ) ) ;
#5075 = DIRECTION ( 'NONE',  ( 0.000000000000000000, 0.000000000000000000, 1.000000000000000000 ) ) ;
#5076 = VECTOR ( 'NONE', #1155, 1000.000000000000000 ) ;
#5077 = CARTESIAN_POINT ( 'NONE',  ( 75.00000000000000000, -30.20000114037598493, -31.49999907754262551 ) ) ;
#5078 = SURFACE_STYLE_FILL_AREA ( #3873 ) ;
#5079 =( NAMED_UNIT ( * ) SI_UNIT ( $, .STERADIAN. ) SOLID_ANGLE_UNIT ( ) );
#5080 = CARTESIAN_POINT ( 'NONE',  ( 75.00000000000000000, -25.65176378155188885, 39.58059941858834918 ) ) ;
#5081 = ORIENTED_EDGE ( 'NONE', *, *, #3484, .F. ) ;
#5082 = AXIS2_PLACEMENT_3D ( 'NONE', #5281, #4063, #2296 ) ;
#5083 = DIRECTION ( 'NONE',  ( -0.000000000000000000, 0.9659258262890606517, 0.2588190451025496053 ) ) ;
#5084 = ADVANCED_FACE ( 'NONE', ( #4293 ), #674, .F. ) ;
#5085 = LINE ( 'NONE', #7065, #2536 ) ;
#5086 = DIRECTION ( 'NONE',  ( -1.000000000000000000, -0.000000000000000000, -0.000000000000000000 ) ) ;
#5087 = MECHANICAL_DESIGN_GEOMETRIC_PRESENTATION_REPRESENTATION (  '', ( #414 ), #5861 ) ;
#5088 = MECHANICAL_DESIGN_GEOMETRIC_PRESENTATION_REPRESENTATION (  '', ( #3926 ), #6120 ) ;
#5089 = VECTOR ( 'NONE', #3745, 1000.000000000000000 ) ;
#5090 = VERTEX_POINT ( 'NONE', #5091 ) ;
#5091 = CARTESIAN_POINT ( 'NONE',  ( -75.00000000000000000, -28.15000165596212867, 38.99999974556119753 ) ) ;
#5092 = CARTESIAN_POINT ( 'NONE',  ( 75.00000000000000000, -11.79999985836419718, -41.79999953662668588 ) ) ;
#5093 =( NAMED_UNIT ( * ) PLANE_ANGLE_UNIT ( ) SI_UNIT ( $, .RADIAN. ) );
#5094 = CARTESIAN_POINT ( 'NONE',  ( -75.00000000000000000, 19.19999765432204342, -40.30000031556529905 ) ) ;
#5095 = UNCERTAINTY_MEASURE_WITH_UNIT (LENGTH_MEASURE( 1.000000000000000082E-05 ), #5685, 'distance_accuracy_value', 'NONE');
#5096 = EDGE_CURVE ( 'NONE', #7265, #2639, #3918, .T. ) ;
#5097 = ADVANCED_FACE ( 'NONE', ( #3811 ), #5211, .F. ) ;
#5098 = ORIENTED_EDGE ( 'NONE', *, *, #2331, .T. ) ;
#5099 = DIRECTION ( 'NONE',  ( -1.000000000000000000, 0.000000000000000000, -0.000000000000000000 ) ) ;
#5100 = DIRECTION ( 'NONE',  ( 1.000000000000000000, 0.000000000000000000, 0.000000000000000000 ) ) ;
#5101 = PRESENTATION_STYLE_ASSIGNMENT (( #6873 ) ) ;
#5102 = VERTEX_POINT ( 'NONE', #2696 ) ;
#5103 = FILL_AREA_STYLE ('',( #724 ) ) ;
#5104 = CARTESIAN_POINT ( 'NONE',  ( 75.00000000000000000, -30.20000114037598493, 35.50000072874227897 ) ) ;
#5105 = AXIS2_PLACEMENT_3D ( 'NONE', #7044, #5795, #1577 ) ;
#5106 = VERTEX_POINT ( 'NONE', #6294 ) ;
#5107 = PLANE ( 'NONE',  #4192 ) ;
#5108 =( GEOMETRIC_REPRESENTATION_CONTEXT ( 3 ) GLOBAL_UNCERTAINTY_ASSIGNED_CONTEXT ( ( #1030 ) ) GLOBAL_UNIT_ASSIGNED_CONTEXT ( ( #5021, #7715, #2234 ) ) REPRESENTATION_CONTEXT ( 'NONE', 'WORKASPACE' ) );
#5109 = CARTESIAN_POINT ( 'NONE',  ( 75.00000000000000000, 27.38059778897949670, -37.75176323953216695 ) ) ;
#5110 = ORIENTED_EDGE ( 'NONE', *, *, #589, .T. ) ;
#5111 = DIRECTION ( 'NONE',  ( -0.000000000000000000, 0.9999999999999160671, -4.094455713416068835E-07 ) ) ;
#5112 = LINE ( 'NONE', #2096, #3331 ) ;
#5113 = CARTESIAN_POINT ( 'NONE',  ( 75.00000000000000000, 30.49999982145801170, -37.49999829186200628 ) ) ;
#5114 = SURFACE_STYLE_FILL_AREA ( #6316 ) ;
#5115 =( LENGTH_UNIT ( ) NAMED_UNIT ( * ) SI_UNIT ( .MILLI., .METRE. ) );
#5116 =( NAMED_UNIT ( * ) PLANE_ANGLE_UNIT ( ) SI_UNIT ( $, .RADIAN. ) );
#5117 = AXIS2_PLACEMENT_3D ( 'NONE', #2508, #1407, #6854 ) ;
#5118 = COLOUR_RGB ( '',0.8980392156862745390, 0.9176470588235293713, 0.9294117647058823817 ) ;
#5119 = ORIENTED_EDGE ( 'NONE', *, *, #543, .F. ) ;
#5120 = LINE ( 'NONE', #6936, #3017 ) ;
#5121 = EDGE_CURVE ( 'NONE', #7901, #7459, #5775, .T. ) ;
#5122 = LINE ( 'NONE', #294, #3209 ) ;
#5123 = DIRECTION ( 'NONE',  ( -1.000000000000000000, -0.000000000000000000, -0.000000000000000000 ) ) ;
#5124 = PLANE ( 'NONE',  #5780 ) ;
#5125 = EDGE_LOOP ( 'NONE', ( #7391, #4700, #5741, #6328 ) ) ;
#5126 = AXIS2_PLACEMENT_3D ( 'NONE', #797, #3296, #3925 ) ;
#5127 = FILL_AREA_STYLE ('',( #6813 ) ) ;
#5128 = CARTESIAN_POINT ( 'NONE',  ( -75.00000000000000000, -8.800001402694260122, -43.94999926203213647 ) ) ;
#5129 = MECHANICAL_DESIGN_GEOMETRIC_PRESENTATION_REPRESENTATION (  '', ( #1088 ), #6069 ) ;
#5130 = DIRECTION ( 'NONE',  ( -1.000000000000000000, -0.000000000000000000, -0.000000000000000000 ) ) ;
#5131 = STYLED_ITEM ( 'NONE', ( #7445 ), #6377 ) ;
#5132 = ORIENTED_EDGE ( 'NONE', *, *, #2714, .T. ) ;
#5133 = EDGE_CURVE ( 'NONE', #2022, #6308, #6374, .T. ) ;
#5134 = FILL_AREA_STYLE ('',( #7639 ) ) ;
#5135 = DIRECTION ( 'NONE',  ( 0.000000000000000000, 0.000000000000000000, -1.000000000000000000 ) ) ;
#5136 =( LENGTH_UNIT ( ) NAMED_UNIT ( * ) SI_UNIT ( .MILLI., .METRE. ) );
#5137 = AXIS2_PLACEMENT_3D ( 'NONE', #1891, #1761, #3098 ) ;
#5138 = MECHANICAL_DESIGN_GEOMETRIC_PRESENTATION_REPRESENTATION (  '', ( #4239 ), #1472 ) ;
#5139 = EDGE_LOOP ( 'NONE', ( #5514, #6751, #2298, #2655 ) ) ;
#5140 = STYLED_ITEM ( 'NONE', ( #1792 ), #6710 ) ;
#5141 = CARTESIAN_POINT ( 'NONE',  ( 75.00000000000000000, -23.19999911926677072, -40.30000022208010080 ) ) ;
#5142 = EDGE_LOOP ( 'NONE', ( #1897, #4819, #6640, #6502 ) ) ;
#5143 = ADVANCED_FACE ( 'NONE', ( #2740 ), #7521, .F. ) ;
#5144 = LINE ( 'NONE', #7532, #3429 ) ;
#5145 = ORIENTED_EDGE ( 'NONE', *, *, #3982, .T. ) ;
#5146 = LINE ( 'NONE', #3305, #1053 ) ;
#5147 = SURFACE_STYLE_FILL_AREA ( #2791 ) ;
#5148 = ORIENTED_EDGE ( 'NONE', *, *, #4734, .F. ) ;
#5149 = CARTESIAN_POINT ( 'NONE',  ( 75.00000000000000000, -21.40000118805958707, 40.30000002540748483 ) ) ;
#5150 = SURFACE_STYLE_USAGE ( .BOTH. , #321 ) ;
#5151 = MECHANICAL_DESIGN_GEOMETRIC_PRESENTATION_REPRESENTATION (  '', ( #4516 ), #5430 ) ;
#5152 = FACE_OUTER_BOUND ( 'NONE', #7691, .T. ) ;
#5153 = EDGE_CURVE ( 'NONE', #1713, #5181, #5027, .T. ) ;
#5154 = DIRECTION ( 'NONE',  ( 0.000000000000000000, -0.9999999999999111822, 4.211906186843043590E-07 ) ) ;
#5155 = DIRECTION ( 'NONE',  ( 0.000000000000000000, -0.000000000000000000, 1.000000000000000000 ) ) ;
#5156 = CARTESIAN_POINT ( 'NONE',  ( 75.00000000000000000, -30.20000114037598493, 31.50000007309129657 ) ) ;
#5157 =( GEOMETRIC_REPRESENTATION_CONTEXT ( 3 ) GLOBAL_UNCERTAINTY_ASSIGNED_CONTEXT ( ( #4896 ) ) GLOBAL_UNIT_ASSIGNED_CONTEXT ( ( #3949, #5771, #2149 ) ) REPRESENTATION_CONTEXT ( 'NONE', 'WORKASPACE' ) );
#5158 = VERTEX_POINT ( 'NONE', #5056 ) ;
#5159 = VECTOR ( 'NONE', #4954, 1000.000000000000000 ) ;
#5160 = SURFACE_STYLE_FILL_AREA ( #2728 ) ;
#5161 = PRESENTATION_STYLE_ASSIGNMENT (( #4597 ) ) ;
#5162 = SURFACE_STYLE_FILL_AREA ( #333 ) ;
#5163 = FILL_AREA_STYLE ('',( #5289 ) ) ;
#5164 = ORIENTED_EDGE ( 'NONE', *, *, #5051, .T. ) ;
#5165 = FACE_OUTER_BOUND ( 'NONE', #4876, .T. ) ;
#5166 = FILL_AREA_STYLE_COLOUR ( '', #7785 ) ;
#5167 = DIRECTION ( 'NONE',  ( 0.000000000000000000, 0.000000000000000000, -1.000000000000000000 ) ) ;
#5168 = MECHANICAL_DESIGN_GEOMETRIC_PRESENTATION_REPRESENTATION (  '', ( #676 ), #3248 ) ;
#5169 = ORIENTED_EDGE ( 'NONE', *, *, #3734, .F. ) ;
#5170 = SURFACE_STYLE_USAGE ( .BOTH. , #4531 ) ;
#5171 = SURFACE_STYLE_USAGE ( .BOTH. , #7762 ) ;
#5172 = CARTESIAN_POINT ( 'NONE',  ( -75.00000000000000000, -27.40000030889110860, 33.50000040091684639 ) ) ;
#5173 = SURFACE_STYLE_USAGE ( .BOTH. , #910 ) ;
#5174 = AXIS2_PLACEMENT_3D ( 'NONE', #968, #2099, #6315 ) ;
#5175 = EDGE_CURVE ( 'NONE', #6544, #6742, #6903, .T. ) ;
#5176 = UNCERTAINTY_MEASURE_WITH_UNIT (LENGTH_MEASURE( 1.000000000000000082E-05 ), #5471, 'distance_accuracy_value', 'NONE');
#5177 = VERTEX_POINT ( 'NONE', #4125 ) ;
#5178 = PRESENTATION_LAYER_ASSIGNMENT (  '', '', ( #2138 ) ) ;
#5179 = CARTESIAN_POINT ( 'NONE',  ( 75.00000000000000000, -25.59999986047113296, -39.77378413240914057 ) ) ;
#5180 = FILL_AREA_STYLE_COLOUR ( '', #7327 ) ;
#5181 = VERTEX_POINT ( 'NONE', #1056 ) ;
#5182 = CARTESIAN_POINT ( 'NONE',  ( -75.00000000000000000, 28.04999960585698915, 41.50000027745853970 ) ) ;
#5183 = FILL_AREA_STYLE_COLOUR ( '', #4050 ) ;
#5184 = CARTESIAN_POINT ( 'NONE',  ( 75.00000000000000000, 28.04999960585698915, 41.50000027745853970 ) ) ;
#5185 = ADVANCED_FACE ( 'NONE', ( #7074 ), #5857, .F. ) ;
#5186 = ORIENTED_EDGE ( 'NONE', *, *, #700, .T. ) ;
#5187 = MECHANICAL_DESIGN_GEOMETRIC_PRESENTATION_REPRESENTATION (  '', ( #3485 ), #3524 ) ;
#5188 = CARTESIAN_POINT ( 'NONE',  ( 75.00000000000000000, -28.10000073419110578, 47.00000028057884549 ) ) ;
#5189 = CARTESIAN_POINT ( 'NONE',  ( 75.00000000000000000, -21.40000031433978478, -40.30000022208010080 ) ) ;
#5190 = EDGE_CURVE ( 'NONE', #1401, #4116, #1133, .T. ) ;
#5191 = CARTESIAN_POINT ( 'NONE',  ( -75.00000000000000000, -31.89999982714642002, 4.849999997531995177 ) ) ;
#5192 = VERTEX_POINT ( 'NONE', #3414 ) ;
#5193 = FACE_OUTER_BOUND ( 'NONE', #3179, .T. ) ;
#5194 = CARTESIAN_POINT ( 'NONE',  ( 75.00000000000000000, 28.19999814060689047, 29.49999965177774897 ) ) ;
#5195 =( LENGTH_UNIT ( ) NAMED_UNIT ( * ) SI_UNIT ( .MILLI., .METRE. ) );
#5196 = MECHANICAL_DESIGN_GEOMETRIC_PRESENTATION_REPRESENTATION (  '', ( #4169 ), #7 ) ;
#5197 = CARTESIAN_POINT ( 'NONE',  ( -75.00000000000000000, -23.19999999298656945, 40.30000002540748483 ) ) ;
#5198 = ORIENTED_EDGE ( 'NONE', *, *, #3240, .T. ) ;
#5199 = EDGE_CURVE ( 'NONE', #6046, #4576, #2196, .T. ) ;
#5200 = MECHANICAL_DESIGN_GEOMETRIC_PRESENTATION_REPRESENTATION (  '', ( #5470 ), #1781 ) ;
#5201 =( NAMED_UNIT ( * ) SI_UNIT ( $, .STERADIAN. ) SOLID_ANGLE_UNIT ( ) );
#5202 = EDGE_LOOP ( 'NONE', ( #1122, #873, #2320, #4069 ) ) ;
#5203 = SURFACE_SIDE_STYLE ('',( #976 ) ) ;
#5204 =( NAMED_UNIT ( * ) SI_UNIT ( $, .STERADIAN. ) SOLID_ANGLE_UNIT ( ) );
#5205 = LINE ( 'NONE', #3284, #3868 ) ;
#5206 = AXIS2_PLACEMENT_3D ( 'NONE', #4908, #3633, #5210 ) ;
#5207 = SURFACE_SIDE_STYLE ('',( #5739 ) ) ;
#5208 = UNCERTAINTY_MEASURE_WITH_UNIT (LENGTH_MEASURE( 1.000000000000000082E-05 ), #1411, 'distance_accuracy_value', 'NONE');
#5209 = ORIENTED_EDGE ( 'NONE', *, *, #7214, .F. ) ;
#5210 = DIRECTION ( 'NONE',  ( 0.000000000000000000, 0.000000000000000000, -1.000000000000000000 ) ) ;
#5211 = PLANE ( 'NONE',  #6300 ) ;
#5212 = LINE ( 'NONE', #4650, #7585 ) ;
#5213 = DIRECTION ( 'NONE',  ( 1.000000000000000000, 0.000000000000000000, 0.000000000000000000 ) ) ;
#5214 = UNCERTAINTY_MEASURE_WITH_UNIT (LENGTH_MEASURE( 1.000000000000000082E-05 ), #2387, 'distance_accuracy_value', 'NONE');
#5215 = VECTOR ( 'NONE', #6117, 1000.000000000000000 ) ;
#5216 = VECTOR ( 'NONE', #4264, 1000.000000000000000 ) ;
#5217 = PRODUCT ( 'SC-FT120x65-K120', 'SC-FT120x65-K120', '', ( #4076 ) ) ;
#5218 = VERTEX_POINT ( 'NONE', #3997 ) ;
#5219 = EDGE_CURVE ( 'NONE', #5411, #2233, #2353, .T. ) ;
#5220 = PRESENTATION_LAYER_ASSIGNMENT (  '', '', ( #805 ) ) ;
#5221 = DIRECTION ( 'NONE',  ( 0.000000000000000000, 0.000000000000000000, -1.000000000000000000 ) ) ;
#5222 = MECHANICAL_DESIGN_GEOMETRIC_PRESENTATION_REPRESENTATION (  '', ( #4702 ), #4838 ) ;
#5223 = VERTEX_POINT ( 'NONE', #4605 ) ;
#5224 = COLOUR_RGB ( '',0.8980392156862745390, 0.9176470588235293713, 0.9294117647058823817 ) ;
#5225 =( NAMED_UNIT ( * ) SI_UNIT ( $, .STERADIAN. ) SOLID_ANGLE_UNIT ( ) );
#5226 =( NAMED_UNIT ( * ) SI_UNIT ( $, .STERADIAN. ) SOLID_ANGLE_UNIT ( ) );
#5227 = UNCERTAINTY_MEASURE_WITH_UNIT (LENGTH_MEASURE( 1.000000000000000082E-05 ), #3359, 'distance_accuracy_value', 'NONE');
#5228 = ORIENTED_EDGE ( 'NONE', *, *, #3104, .F. ) ;
#5229 = FILL_AREA_STYLE_COLOUR ( '', #2820 ) ;
#5230 = EDGE_CURVE ( 'NONE', #4635, #5480, #7192, .T. ) ;
#5231 = DIRECTION ( 'NONE',  ( -1.000000000000000000, -0.000000000000000000, -0.000000000000000000 ) ) ;
#5232 = ORIENTED_EDGE ( 'NONE', *, *, #4053, .F. ) ;
#5233 = DIRECTION ( 'NONE',  ( 0.000000000000000000, 1.000000000000000000, 0.000000000000000000 ) ) ;
#5234 = CARTESIAN_POINT ( 'NONE',  ( 75.00000000000000000, -21.40000118805958707, 42.50000001348644219 ) ) ;
#5235 = VECTOR ( 'NONE', #7180, 1000.000000000000000 ) ;
#5236 = LINE ( 'NONE', #1587, #1657 ) ;
#5237 = FILL_AREA_STYLE ('',( #5840 ) ) ;
#5238 = DIRECTION ( 'NONE',  ( 1.000000000000000000, 0.000000000000000000, -0.000000000000000000 ) ) ;
#5239 = ORIENTED_EDGE ( 'NONE', *, *, #1409, .T. ) ;
#5240 = VECTOR ( 'NONE', #2427, 1000.000000000000000 ) ;
#5241 = CARTESIAN_POINT ( 'NONE',  ( 75.00000000000000000, 28.19999814060689047, 29.49999965177774897 ) ) ;
#5242 = CIRCLE ( 'NONE', #7315, 2.000000288029012196 ) ;
#5243 = VECTOR ( 'NONE', #6750, 1000.000000000000000 ) ;
#5244 =( NAMED_UNIT ( * ) PLANE_ANGLE_UNIT ( ) SI_UNIT ( $, .RADIAN. ) );
#5245 = EDGE_CURVE ( 'NONE', #2440, #6786, #1648, .T. ) ;
#5246 = ORIENTED_EDGE ( 'NONE', *, *, #6457, .F. ) ;
#5247 = COLOUR_RGB ( '',0.8980392156862745390, 0.9176470588235293713, 0.9294117647058823817 ) ;
#5248 = FACE_OUTER_BOUND ( 'NONE', #7394, .T. ) ;
#5249 = FILL_AREA_STYLE ('',( #4072 ) ) ;
#5250 = PRESENTATION_LAYER_ASSIGNMENT (  '', '', ( #2201 ) ) ;
#5251 = EDGE_CURVE ( 'NONE', #2679, #729, #1021, .T. ) ;
#5252 = EDGE_CURVE ( 'NONE', #7340, #5880, #7716, .T. ) ;
#5253 = COLOUR_RGB ( '',0.8980392156862745390, 0.9176470588235293713, 0.9294117647058823817 ) ;
#5254 = FACE_OUTER_BOUND ( 'NONE', #7852, .T. ) ;
#5255 = VERTEX_POINT ( 'NONE', #7236 ) ;
#5256 = COLOUR_RGB ( '',0.8980392156862745390, 0.9176470588235293713, 0.9294117647058823817 ) ;
#5257 = DIRECTION ( 'NONE',  ( -1.000000000000000000, -0.000000000000000000, -0.000000000000000000 ) ) ;
#5258 = DIRECTION ( 'NONE',  ( 0.000000000000000000, 1.000000000000000000, 0.000000000000000000 ) ) ;
#5259 = FILL_AREA_STYLE_COLOUR ( '', #2626 ) ;
#5260 =( GEOMETRIC_REPRESENTATION_CONTEXT ( 3 ) GLOBAL_UNCERTAINTY_ASSIGNED_CONTEXT ( ( #4999 ) ) GLOBAL_UNIT_ASSIGNED_CONTEXT ( ( #715, #2519, #789 ) ) REPRESENTATION_CONTEXT ( 'NONE', 'WORKASPACE' ) );
#5261 = DIRECTION ( 'NONE',  ( 0.000000000000000000, -1.000000000000000000, 0.000000000000000000 ) ) ;
#5262 = AXIS2_PLACEMENT_3D ( 'NONE', #1684, #7155, #2742 ) ;
#5263 = MECHANICAL_DESIGN_GEOMETRIC_PRESENTATION_REPRESENTATION (  '', ( #4496 ), #5400 ) ;
#5264 = ORIENTED_EDGE ( 'NONE', *, *, #2960, .F. ) ;
#5265 = SURFACE_STYLE_USAGE ( .BOTH. , #6582 ) ;
#5266 = FILL_AREA_STYLE ('',( #3385 ) ) ;
#5267 = ORIENTED_EDGE ( 'NONE', *, *, #651, .F. ) ;
#5268 = SURFACE_STYLE_FILL_AREA ( #1502 ) ;
#5269 = LINE ( 'NONE', #4092, #7746 ) ;
#5270 =( GEOMETRIC_REPRESENTATION_CONTEXT ( 3 ) GLOBAL_UNCERTAINTY_ASSIGNED_CONTEXT ( ( #4843 ) ) GLOBAL_UNIT_ASSIGNED_CONTEXT ( ( #617, #7308, #660 ) ) REPRESENTATION_CONTEXT ( 'NONE', 'WORKASPACE' ) );
#5271 = VERTEX_POINT ( 'NONE', #4041 ) ;
#5272 = DIRECTION ( 'NONE',  ( 0.000000000000000000, 0.000000000000000000, -1.000000000000000000 ) ) ;
#5273 = FILL_AREA_STYLE_COLOUR ( '', #5993 ) ;
#5274 = FACE_OUTER_BOUND ( 'NONE', #7788, .T. ) ;
#5275 = VERTEX_POINT ( 'NONE', #4164 ) ;
#5276 =( NAMED_UNIT ( * ) SI_UNIT ( $, .STERADIAN. ) SOLID_ANGLE_UNIT ( ) );
#5277 =( NAMED_UNIT ( * ) PLANE_ANGLE_UNIT ( ) SI_UNIT ( $, .RADIAN. ) );
#5278 = COLOUR_RGB ( '',0.8980392156862745390, 0.9176470588235293713, 0.9294117647058823817 ) ;
#5279 = DIRECTION ( 'NONE',  ( 1.000000000000000000, 0.000000000000000000, -0.000000000000000000 ) ) ;
#5280 = LINE ( 'NONE', #5197, #6615 ) ;
#5281 = CARTESIAN_POINT ( 'NONE',  ( 75.00000000000000000, -11.80000073208403322, 45.00000135459106332 ) ) ;
#5282 = CARTESIAN_POINT ( 'NONE',  ( -75.00000000000000000, -9.783615639116595375, -41.79999933702634962 ) ) ;
#5283 = EDGE_CURVE ( 'NONE', #2787, #7558, #1683, .T. ) ;
#5284 = EDGE_LOOP ( 'NONE', ( #6362, #439, #1243, #7256 ) ) ;
#5285 = SURFACE_SIDE_STYLE ('',( #6600 ) ) ;
#5286 = DIRECTION ( 'NONE',  ( -1.000000000000000000, -0.000000000000000000, -0.000000000000000000 ) ) ;
#5287 = CARTESIAN_POINT ( 'NONE',  ( 75.00000000000000000, -11.79999985836419718, -43.49999851142679574 ) ) ;
#5288 = VECTOR ( 'NONE', #142, 1000.000000000000000 ) ;
#5289 = FILL_AREA_STYLE_COLOUR ( '', #1470 ) ;
#5290 = VERTEX_POINT ( 'NONE', #5302 ) ;
#5291 = FACE_OUTER_BOUND ( 'NONE', #2212, .T. ) ;
#5292 = SURFACE_SIDE_STYLE ('',( #2973 ) ) ;
#5293 = AXIS2_PLACEMENT_3D ( 'NONE', #1245, #2967, #5 ) ;
#5294 = EDGE_CURVE ( 'NONE', #4100, #228, #7761, .T. ) ;
#5295 = PRESENTATION_LAYER_ASSIGNMENT (  '', '', ( #1615 ) ) ;
#5296 = PRESENTATION_STYLE_ASSIGNMENT (( #7025 ) ) ;
#5297 = UNCERTAINTY_MEASURE_WITH_UNIT (LENGTH_MEASURE( 1.000000000000000082E-05 ), #3573, 'distance_accuracy_value', 'NONE');
#5298 = VERTEX_POINT ( 'NONE', #4078 ) ;
#5299 = FILL_AREA_STYLE ('',( #2861 ) ) ;
#5300 = APPLICATION_PROTOCOL_DEFINITION ( 'draft international standard', 'automotive_design', 1998, #6256 ) ;
#5301 = ADVANCED_FACE ( 'NONE', ( #6533 ), #6613, .F. ) ;
#5302 = CARTESIAN_POINT ( 'NONE',  ( 75.00000000000000000, -19.20000032626060360, -40.30000022208010080 ) ) ;
#5303 = VECTOR ( 'NONE', #4623, 1000.000000000000000 ) ;
#5304 = STYLED_ITEM ( 'NONE', ( #753 ), #2991 ) ;
#5305 = CARTESIAN_POINT ( 'NONE',  ( -75.00000000000000000, -31.89999982714642002, 4.849999997531995177 ) ) ;
#5306 = CARTESIAN_POINT ( 'NONE',  ( -75.00000000000000000, -27.40000030889110860, 31.50000007309129657 ) ) ;
#5307 = PLANE ( 'NONE',  #7398 ) ;
#5308 = MECHANICAL_DESIGN_GEOMETRIC_PRESENTATION_REPRESENTATION (  '', ( #6443 ), #5039 ) ;
#5309 = UNCERTAINTY_MEASURE_WITH_UNIT (LENGTH_MEASURE( 1.000000000000000082E-05 ), #855, 'distance_accuracy_value', 'NONE');
#5310 = STYLED_ITEM ( 'NONE', ( #5296 ), #3229 ) ;
#5311 = ORIENTED_EDGE ( 'NONE', *, *, #7714, .T. ) ;
#5312 = VECTOR ( 'NONE', #7030, 1000.000000000000000 ) ;
#5313 = EDGE_CURVE ( 'NONE', #5192, #7058, #3831, .T. ) ;
#5314 = AXIS2_PLACEMENT_3D ( 'NONE', #5496, #735, #4400 ) ;
#5315 = FILL_AREA_STYLE ('',( #6542 ) ) ;
#5316 = ORIENTED_EDGE ( 'NONE', *, *, #2947, .T. ) ;
#5317 = DIRECTION ( 'NONE',  ( 0.000000000000000000, -0.000000000000000000, 1.000000000000000000 ) ) ;
#5318 = EDGE_CURVE ( 'NONE', #4383, #5901, #6313, .T. ) ;
#5319 = ORIENTED_EDGE ( 'NONE', *, *, #7596, .T. ) ;
#5320 = MECHANICAL_DESIGN_GEOMETRIC_PRESENTATION_REPRESENTATION (  '', ( #766 ), #7637 ) ;
#5321 = CARTESIAN_POINT ( 'NONE',  ( -75.00000000000000000, 17.19999871409140724, 42.50000031431354586 ) ) ;
#5322 = EDGE_LOOP ( 'NONE', ( #4874, #4309, #3792, #7033 ) ) ;
#5323 = FILL_AREA_STYLE ('',( #4182 ) ) ;
#5324 = CYLINDRICAL_SURFACE ( 'NONE', #4679, 1.250000000000028866 ) ;
#5325 =( NAMED_UNIT ( * ) SI_UNIT ( $, .STERADIAN. ) SOLID_ANGLE_UNIT ( ) );
#5326 = CARTESIAN_POINT ( 'NONE',  ( 75.00000000000000000, -30.20000114037598493, 37.50000105656793892 ) ) ;
#5327 = CARTESIAN_POINT ( 'NONE',  ( 75.00000000000000000, 28.19999814060689047, 33.50000030742884150 ) ) ;
#5328 = SURFACE_SIDE_STYLE ('',( #1744 ) ) ;
#5329 = ORIENTED_EDGE ( 'NONE', *, *, #5153, .F. ) ;
#5330 = CARTESIAN_POINT ( 'NONE',  ( -75.00000000000000000, 32.49999986189344270, -39.99999866543531368 ) ) ;
#5331 = CARTESIAN_POINT ( 'NONE',  ( 75.00000000000000000, 28.19999814060689047, -35.50000168932675848 ) ) ;
#5332 = EDGE_CURVE ( 'NONE', #6082, #3739, #4997, .T. ) ;
#5333 = STYLED_ITEM ( 'NONE', ( #4534 ), #7024 ) ;
#5334 = SURFACE_SIDE_STYLE ('',( #7062 ) ) ;
#5335 = ORIENTED_EDGE ( 'NONE', *, *, #2311, .T. ) ;
#5336 = CARTESIAN_POINT ( 'NONE',  ( -75.00000000000000000, 19.19999904191690021, 40.30000032623447481 ) ) ;
#5337 = SURFACE_STYLE_FILL_AREA ( #7108 ) ;
#5338 = COLOUR_RGB ( '',0.8980392156862745390, 0.9176470588235293713, 0.9294117647058823817 ) ;
#5339 =( NAMED_UNIT ( * ) PLANE_ANGLE_UNIT ( ) SI_UNIT ( $, .RADIAN. ) );
#5340 = ORIENTED_EDGE ( 'NONE', *, *, #6766, .T. ) ;
#5341 = CARTESIAN_POINT ( 'NONE',  ( 75.00000000000000000, 28.19999814060689047, -31.49999917103074054 ) ) ;
#5342 = DIRECTION ( 'NONE',  ( 1.000000000000000000, 0.000000000000000000, 0.000000000000000000 ) ) ;
#5343 = ADVANCED_FACE ( 'NONE', ( #4806 ), #2642, .F. ) ;
#5344 = DIRECTION ( 'NONE',  ( 0.000000000000000000, 0.000000000000000000, -1.000000000000000000 ) ) ;
#5345 = CARTESIAN_POINT ( 'NONE',  ( 75.00000000000000000, -8.799999860471286794, -42.64999933702636525 ) ) ;
#5346 = AXIS2_PLACEMENT_3D ( 'NONE', #5326, #364, #5154 ) ;
#5347 = DIRECTION ( 'NONE',  ( 1.000000000000000000, 0.000000000000000000, -0.000000000000000000 ) ) ;
#5348 = ORIENTED_EDGE ( 'NONE', *, *, #6618, .F. ) ;
#5349 = ORIENTED_EDGE ( 'NONE', *, *, #409, .F. ) ;
#5350 = VECTOR ( 'NONE', #7054, 1000.000000000000000 ) ;
#5351 = FACE_OUTER_BOUND ( 'NONE', #4557, .T. ) ;
#5352 = EDGE_CURVE ( 'NONE', #7662, #808, #5067, .T. ) ;
#5353 = VERTEX_POINT ( 'NONE', #5463 ) ;
#5354 = CARTESIAN_POINT ( 'NONE',  ( 75.00000000000000000, -30.20000114037598493, -29.50000061236211479 ) ) ;
#5355 = STYLED_ITEM ( 'NONE', ( #1503 ), #2834 ) ;
#5356 = CIRCLE ( 'NONE', #928, 2.000000755526601282 ) ;
#5357 =( GEOMETRIC_REPRESENTATION_CONTEXT ( 3 ) GLOBAL_UNCERTAINTY_ASSIGNED_CONTEXT ( ( #6298 ) ) GLOBAL_UNIT_ASSIGNED_CONTEXT ( ( #6777, #3139, #5627 ) ) REPRESENTATION_CONTEXT ( 'NONE', 'WORKASPACE' ) );
#5358 =( NAMED_UNIT ( * ) PLANE_ANGLE_UNIT ( ) SI_UNIT ( $, .RADIAN. ) );
#5359 = CARTESIAN_POINT ( 'NONE',  ( -75.00000000000000000, 28.04999960585698915, 39.00000027745828390 ) ) ;
#5360 = VERTEX_POINT ( 'NONE', #4847 ) ;
#5361 = LINE ( 'NONE', #4824, #1862 ) ;
#5362 = DIRECTION ( 'NONE',  ( -1.000000000000000000, -0.000000000000000000, -0.000000000000000000 ) ) ;
#5363 = DIRECTION ( 'NONE',  ( 0.000000000000000000, 0.9999999999996879163, 7.898993670306402315E-07 ) ) ;
#5364 = CARTESIAN_POINT ( 'NONE',  ( 75.00000000000000000, -27.67378567386954202, -37.49999819837389481 ) ) ;
#5365 = DIRECTION ( 'NONE',  ( 0.000000000000000000, 0.000000000000000000, -1.000000000000000000 ) ) ;
#5366 = ORIENTED_EDGE ( 'NONE', *, *, #3440, .T. ) ;
#5367 = FACE_OUTER_BOUND ( 'NONE', #2892, .T. ) ;
#5368 = SURFACE_STYLE_FILL_AREA ( #3479 ) ;
#5369 = ORIENTED_EDGE ( 'NONE', *, *, #6212, .T. ) ;
#5370 = CARTESIAN_POINT ( 'NONE',  ( 75.00000000000000000, -13.81638466751647343, 43.50000028057854706 ) ) ;
#5371 = SURFACE_STYLE_USAGE ( .BOTH. , #6646 ) ;
#5372 = ORIENTED_EDGE ( 'NONE', *, *, #7873, .F. ) ;
#5373 =( NAMED_UNIT ( * ) PLANE_ANGLE_UNIT ( ) SI_UNIT ( $, .RADIAN. ) );
#5374 = SURFACE_STYLE_USAGE ( .BOTH. , #6172 ) ;
#5375 = DIRECTION ( 'NONE',  ( -1.000000000000000000, -0.000000000000000000, -0.000000000000000000 ) ) ;
#5376 = CIRCLE ( 'NONE', #5876, 1.250000000000126121 ) ;
#5377 =( NAMED_UNIT ( * ) PLANE_ANGLE_UNIT ( ) SI_UNIT ( $, .RADIAN. ) );
#5378 = CARTESIAN_POINT ( 'NONE',  ( -75.00000000000000000, -21.40000031433978478, -42.50000021015917184 ) ) ;
#5379 = SURFACE_SIDE_STYLE ('',( #584 ) ) ;
#5380 = FILL_AREA_STYLE ('',( #5428 ) ) ;
#5381 = VECTOR ( 'NONE', #2546, 1000.000000000000000 ) ;
#5382 = SURFACE_SIDE_STYLE ('',( #4808 ) ) ;
#5383 = FILL_AREA_STYLE ('',( #1727 ) ) ;
#5384 = EDGE_CURVE ( 'NONE', #476, #4541, #7541, .T. ) ;
#5385 = AXIS2_PLACEMENT_3D ( 'NONE', #3115, #6191, #1821 ) ;
#5386 = ORIENTED_EDGE ( 'NONE', *, *, #6406, .F. ) ;
#5387 = CIRCLE ( 'NONE', #2206, 1.250000000000028866 ) ;
#5388 = FILL_AREA_STYLE_COLOUR ( '', #2170 ) ;
#5389 = CARTESIAN_POINT ( 'NONE',  ( -75.00000000000000000, -21.40000118805958707, 42.50000001348644219 ) ) ;
#5390 = ORIENTED_EDGE ( 'NONE', *, *, #6892, .T. ) ;
#5391 = CARTESIAN_POINT ( 'NONE',  ( 75.00000000000000000, -14.80000044616175359, 43.95000028057852148 ) ) ;
#5392 = COLOUR_RGB ( '',0.8980392156862745390, 0.9176470588235293713, 0.9294117647058823817 ) ;
#5393 = SURFACE_SIDE_STYLE ('',( #2362 ) ) ;
#5394 = CARTESIAN_POINT ( 'NONE',  ( 75.00000000000000000, -32.49999880790716134, 44.84999910346232355 ) ) ;
#5395 = ORIENTED_EDGE ( 'NONE', *, *, #5332, .T. ) ;
#5396 = EDGE_CURVE ( 'NONE', #4156, #6723, #2607, .T. ) ;
#5397 = SURFACE_SIDE_STYLE ('',( #2092 ) ) ;
#5398 = AXIS2_PLACEMENT_3D ( 'NONE', #2004, #6947, #6865 ) ;
#5399 = PRESENTATION_STYLE_ASSIGNMENT (( #4740 ) ) ;
#5400 =( GEOMETRIC_REPRESENTATION_CONTEXT ( 3 ) GLOBAL_UNCERTAINTY_ASSIGNED_CONTEXT ( ( #6106 ) ) GLOBAL_UNIT_ASSIGNED_CONTEXT ( ( #4150, #3403, #1668 ) ) REPRESENTATION_CONTEXT ( 'NONE', 'WORKASPACE' ) );
#5401 = SURFACE_SIDE_STYLE ('',( #4742 ) ) ;
#5402 = ORIENTED_EDGE ( 'NONE', *, *, #6892, .F. ) ;
#5403 =( NAMED_UNIT ( * ) SI_UNIT ( $, .STERADIAN. ) SOLID_ANGLE_UNIT ( ) );
#5404 = EDGE_CURVE ( 'NONE', #6265, #7896, #1436, .T. ) ;
#5405 = DIRECTION ( 'NONE',  ( -1.000000000000000000, 0.000000000000000000, -0.000000000000000000 ) ) ;
#5406 = SURFACE_SIDE_STYLE ('',( #1118 ) ) ;
#5407 = PRESENTATION_STYLE_ASSIGNMENT (( #7348 ) ) ;
#5408 = LINE ( 'NONE', #1783, #5479 ) ;
#5409 = DIRECTION ( 'NONE',  ( 0.000000000000000000, 0.000000000000000000, 1.000000000000000000 ) ) ;
#5410 = MECHANICAL_DESIGN_GEOMETRIC_PRESENTATION_REPRESENTATION (  '', ( #3344 ), #7711 ) ;
#5411 = VERTEX_POINT ( 'NONE', #4584 ) ;
#5412 = CARTESIAN_POINT ( 'NONE',  ( -75.00000000000000000, -25.39999910734569966, -42.50000021015917184 ) ) ;
#5413 = MECHANICAL_DESIGN_GEOMETRIC_PRESENTATION_REPRESENTATION (  '', ( #2230 ), #726 ) ;
#5415 = ORIENTED_EDGE ( 'NONE', *, *, #5294, .T. ) ;
#5414 = EDGE_CURVE ( 'NONE', #7183, #5016, #3308, .T. ) ;
#5416 = FILL_AREA_STYLE ('',( #574 ) ) ;
#5417 = CARTESIAN_POINT ( 'NONE',  ( -75.00000000000000000, -30.10000061599796695, -46.99999849287573284 ) ) ;
#5418 = ORIENTED_EDGE ( 'NONE', *, *, #1459, .F. ) ;
#5419 = PRESENTATION_STYLE_ASSIGNMENT (( #2971 ) ) ;
#5420 = LINE ( 'NONE', #7468, #7143 ) ;
#5421 = DIRECTION ( 'NONE',  ( -0.000000000000000000, 0.9999999999999475975, -3.236463088384847080E-07 ) ) ;
#5422 = UNCERTAINTY_MEASURE_WITH_UNIT (LENGTH_MEASURE( 1.000000000000000082E-05 ), #7312, 'distance_accuracy_value', 'NONE');
#5423 = ADVANCED_FACE ( 'NONE', ( #7581 ), #2134, .F. ) ;
#5424 = LINE ( 'NONE', #56, #2637 ) ;
#5425 = STYLED_ITEM ( 'NONE', ( #1519 ), #1535 ) ;
#5426 = FACE_OUTER_BOUND ( 'NONE', #3386, .T. ) ;
#5427 = PRESENTATION_STYLE_ASSIGNMENT (( #4246 ) ) ;
#5428 = FILL_AREA_STYLE_COLOUR ( '', #3847 ) ;
#5429 = DIRECTION ( 'NONE',  ( 0.000000000000000000, 0.9999999999999111822, -4.211906186843044119E-07 ) ) ;
#5430 =( GEOMETRIC_REPRESENTATION_CONTEXT ( 3 ) GLOBAL_UNCERTAINTY_ASSIGNED_CONTEXT ( ( #2780 ) ) GLOBAL_UNIT_ASSIGNED_CONTEXT ( ( #7887, #6928, #3794 ) ) REPRESENTATION_CONTEXT ( 'NONE', 'WORKASPACE' ) );
#5431 = SURFACE_STYLE_USAGE ( .BOTH. , #547 ) ;
#5432 = ORIENTED_EDGE ( 'NONE', *, *, #1944, .F. ) ;
#5433 = VECTOR ( 'NONE', #6311, 1000.000000000000000 ) ;
#5434 = VECTOR ( 'NONE', #7728, 1000.000000000000000 ) ;
#5435 = DIRECTION ( 'NONE',  ( -1.000000000000000000, -0.000000000000000000, -0.000000000000000000 ) ) ;
#5436 = STYLED_ITEM ( 'NONE', ( #503 ), #952 ) ;
#5437 = ORIENTED_EDGE ( 'NONE', *, *, #2760, .T. ) ;
#5438 = EDGE_CURVE ( 'NONE', #4545, #4956, #6039, .T. ) ;
#5439 =( GEOMETRIC_REPRESENTATION_CONTEXT ( 3 ) GLOBAL_UNCERTAINTY_ASSIGNED_CONTEXT ( ( #3035 ) ) GLOBAL_UNIT_ASSIGNED_CONTEXT ( ( #2585, #830, #5662 ) ) REPRESENTATION_CONTEXT ( 'NONE', 'WORKASPACE' ) );
#5440 = VERTEX_POINT ( 'NONE', #5835 ) ;
#5441 = SURFACE_STYLE_FILL_AREA ( #2209 ) ;
#5442 =( LENGTH_UNIT ( ) NAMED_UNIT ( * ) SI_UNIT ( .MILLI., .METRE. ) );
#5443 = PRESENTATION_STYLE_ASSIGNMENT (( #3591 ) ) ;
#5444 = ORIENTED_EDGE ( 'NONE', *, *, #4128, .F. ) ;
#5445 =( NAMED_UNIT ( * ) PLANE_ANGLE_UNIT ( ) SI_UNIT ( $, .RADIAN. ) );
#5446 = UNCERTAINTY_MEASURE_WITH_UNIT (LENGTH_MEASURE( 1.000000000000000082E-05 ), #3023, 'distance_accuracy_value', 'NONE');
#5447 = EDGE_CURVE ( 'NONE', #6104, #7002, #858, .T. ) ;
#5448 =( LENGTH_UNIT ( ) NAMED_UNIT ( * ) SI_UNIT ( .MILLI., .METRE. ) );
#5449 = COLOUR_RGB ( '',0.8980392156862745390, 0.9176470588235293713, 0.9294117647058823817 ) ;
#5450 = AXIS2_PLACEMENT_3D ( 'NONE', #6003, #4763, #7232 ) ;
#5451 = ORIENTED_EDGE ( 'NONE', *, *, #1422, .T. ) ;
#5452 = CARTESIAN_POINT ( 'NONE',  ( -75.00000000000000000, -27.67378567386954202, -37.69999910291148382 ) ) ;
#5453 = DIRECTION ( 'NONE',  ( 0.000000000000000000, -1.000000000000000000, 0.000000000000000000 ) ) ;
#5454 = EDGE_LOOP ( 'NONE', ( #1431, #2221, #7196, #5533 ) ) ;
#5455 = COLOUR_RGB ( '',0.8980392156862745390, 0.9176470588235293713, 0.9294117647058823817 ) ;
#5456 = ORIENTED_EDGE ( 'NONE', *, *, #2686, .T. ) ;
#5457 =( NAMED_UNIT ( * ) SI_UNIT ( $, .STERADIAN. ) SOLID_ANGLE_UNIT ( ) );
#5458 = PRESENTATION_STYLE_ASSIGNMENT (( #3609 ) ) ;
#5459 = EDGE_CURVE ( 'NONE', #2107, #3307, #4551, .T. ) ;
#5460 = SURFACE_STYLE_USAGE ( .BOTH. , #57 ) ;
#5461 = UNCERTAINTY_MEASURE_WITH_UNIT (LENGTH_MEASURE( 1.000000000000000082E-05 ), #725, 'distance_accuracy_value', 'NONE');
#5462 = CARTESIAN_POINT ( 'NONE',  ( 75.00000000000000000, -23.19999911926677072, -40.30000022208010080 ) ) ;
#5463 = CARTESIAN_POINT ( 'NONE',  ( 75.00000000000000000, -32.49999880790716134, 59.99999851337634027 ) ) ;
#5464 = PRESENTATION_STYLE_ASSIGNMENT (( #3018 ) ) ;
#5465 = CARTESIAN_POINT ( 'NONE',  ( 75.00000000000000000, -27.40000030889110860, 29.49999974526575386 ) ) ;
#5466 = CARTESIAN_POINT ( 'NONE',  ( 75.00000000000000000, -27.40000030889110860, -29.50000061236211479 ) ) ;
#5467 =( LENGTH_UNIT ( ) NAMED_UNIT ( * ) SI_UNIT ( .MILLI., .METRE. ) );
#5468 = AXIS2_PLACEMENT_3D ( 'NONE', #5466, #5505, #670 ) ;
#5469 = ORIENTED_EDGE ( 'NONE', *, *, #7276, .F. ) ;
#5470 = STYLED_ITEM ( 'NONE', ( #6206 ), #7520 ) ;
#5471 =( LENGTH_UNIT ( ) NAMED_UNIT ( * ) SI_UNIT ( .MILLI., .METRE. ) );
#5472 = ORIENTED_EDGE ( 'NONE', *, *, #5447, .F. ) ;
#5473 = CARTESIAN_POINT ( 'NONE',  ( -75.00000000000000000, 28.04999815885442516, -40.24999943051175677 ) ) ;
#5474 = UNCERTAINTY_MEASURE_WITH_UNIT (LENGTH_MEASURE( 1.000000000000000082E-05 ), #7359, 'distance_accuracy_value', 'NONE');
#5475 = DIRECTION ( 'NONE',  ( 0.000000000000000000, -1.000000000000000000, 0.000000000000000000 ) ) ;
#5476 = ORIENTED_EDGE ( 'NONE', *, *, #383, .T. ) ;
#5477 = SURFACE_STYLE_USAGE ( .BOTH. , #759 ) ;
#5478 = SURFACE_STYLE_USAGE ( .BOTH. , #7345 ) ;
#5479 = VECTOR ( 'NONE', #4184, 1000.000000000000000 ) ;
#5480 = VERTEX_POINT ( 'NONE', #1510 ) ;
#5481 = PLANE ( 'NONE',  #2950 ) ;
#5482 = COLOUR_RGB ( '',0.8980392156862745390, 0.9176470588235293713, 0.9294117647058823817 ) ;
#5483 = SURFACE_SIDE_STYLE ('',( #3037 ) ) ;
#5484 = COLOUR_RGB ( '',0.8980392156862745390, 0.9176470588235293713, 0.9294117647058823817 ) ;
#5485 = PRESENTATION_LAYER_ASSIGNMENT (  '', '', ( #2431 ) ) ;
#5486 = EDGE_CURVE ( 'NONE', #748, #2914, #5754, .T. ) ;
#5487 = ORIENTED_EDGE ( 'NONE', *, *, #7684, .F. ) ;
#5488 = DIRECTION ( 'NONE',  ( -1.000000000000000000, -0.000000000000000000, -0.000000000000000000 ) ) ;
#5489 = ORIENTED_EDGE ( 'NONE', *, *, #7660, .F. ) ;
#5490 = CARTESIAN_POINT ( 'NONE',  ( 75.00000000000000000, 28.04999815885442516, -40.24999943051175677 ) ) ;
#5491 = ORIENTED_EDGE ( 'NONE', *, *, #3424, .F. ) ;
#5492 = PRESENTATION_LAYER_ASSIGNMENT (  '', '', ( #6893 ) ) ;
#5493 = PRESENTATION_STYLE_ASSIGNMENT (( #3720 ) ) ;
#5494 = SURFACE_STYLE_FILL_AREA ( #7878 ) ;
#5495 = VERTEX_POINT ( 'NONE', #2722 ) ;
#5496 = CARTESIAN_POINT ( 'NONE',  ( 75.00000000000000000, -21.40000118805958707, 42.50000001348644219 ) ) ;
#5497 = SURFACE_STYLE_USAGE ( .BOTH. , #817 ) ;
#5498 = UNCERTAINTY_MEASURE_WITH_UNIT (LENGTH_MEASURE( 1.000000000000000082E-05 ), #6013, 'distance_accuracy_value', 'NONE');
#5499 =( NAMED_UNIT ( * ) SI_UNIT ( $, .STERADIAN. ) SOLID_ANGLE_UNIT ( ) );
#5500 = EDGE_CURVE ( 'NONE', #3534, #2402, #6393, .T. ) ;
#5501 = CYLINDRICAL_SURFACE ( 'NONE', #6651, 2.000000288029012196 ) ;
#5502 =( NAMED_UNIT ( * ) PLANE_ANGLE_UNIT ( ) SI_UNIT ( $, .RADIAN. ) );
#5503 =( NAMED_UNIT ( * ) PLANE_ANGLE_UNIT ( ) SI_UNIT ( $, .RADIAN. ) );
#5504 = EDGE_CURVE ( 'NONE', #7723, #6481, #5798, .T. ) ;
#5505 = DIRECTION ( 'NONE',  ( 0.000000000000000000, 0.000000000000000000, -1.000000000000000000 ) ) ;
#5506 = DIRECTION ( 'NONE',  ( 0.000000000000000000, 0.000000000000000000, 1.000000000000000000 ) ) ;
#5507 = COLOUR_RGB ( '',0.8980392156862745390, 0.9176470588235293713, 0.9294117647058823817 ) ;
#5508 = DIRECTION ( 'NONE',  ( 1.000000000000000000, 0.000000000000000000, -0.000000000000000000 ) ) ;
#5509 = ORIENTED_EDGE ( 'NONE', *, *, #641, .T. ) ;
#5510 = VECTOR ( 'NONE', #2979, 1000.000000000000000 ) ;
#5511 = COLOUR_RGB ( '',0.8980392156862745390, 0.9176470588235293713, 0.9294117647058823817 ) ;
#5512 = DIRECTION ( 'NONE',  ( -0.000000000000000000, 0.2588190024363314912, 0.9659258377214382518 ) ) ;
#5513 =( LENGTH_UNIT ( ) NAMED_UNIT ( * ) SI_UNIT ( .MILLI., .METRE. ) );
#5514 = ORIENTED_EDGE ( 'NONE', *, *, #2885, .T. ) ;
#5515 = FILL_AREA_STYLE_COLOUR ( '', #1461 ) ;
#5516 = VECTOR ( 'NONE', #1592, 1000.000000000000000 ) ;
#5517 = CARTESIAN_POINT ( 'NONE',  ( -75.00000000000000000, -21.40000031433978478, -42.50000021015917184 ) ) ;
#5518 = VECTOR ( 'NONE', #6468, 1000.000000000000000 ) ;
#5519 = AXIS2_PLACEMENT_3D ( 'NONE', #1544, #2608, #6929 ) ;
#5520 = ORIENTED_EDGE ( 'NONE', *, *, #7452, .F. ) ;
#5521 = SURFACE_SIDE_STYLE ('',( #4380 ) ) ;
#5522 = DIRECTION ( 'NONE',  ( 0.000000000000000000, 0.9659257951883677418, 0.2588191611718874685 ) ) ;
#5523 = DIRECTION ( 'NONE',  ( 0.000000000000000000, -0.4999999999999996114, 0.8660254037844389297 ) ) ;
#5524 = VECTOR ( 'NONE', #6268, 999.9999999999998863 ) ;
#5525 = ORIENTED_EDGE ( 'NONE', *, *, #4354, .F. ) ;
#5526 =( NAMED_UNIT ( * ) PLANE_ANGLE_UNIT ( ) SI_UNIT ( $, .RADIAN. ) );
#5527 = VECTOR ( 'NONE', #835, 1000.000000000000000 ) ;
#5528 =( NAMED_UNIT ( * ) SI_UNIT ( $, .STERADIAN. ) SOLID_ANGLE_UNIT ( ) );
#5529 =( GEOMETRIC_REPRESENTATION_CONTEXT ( 3 ) GLOBAL_UNCERTAINTY_ASSIGNED_CONTEXT ( ( #5297 ) ) GLOBAL_UNIT_ASSIGNED_CONTEXT ( ( #3573, #630, #4886 ) ) REPRESENTATION_CONTEXT ( 'NONE', 'WORKASPACE' ) );
#5530 = ORIENTED_EDGE ( 'NONE', *, *, #5879, .T. ) ;
#5531 = VECTOR ( 'NONE', #3556, 1000.000000000000000 ) ;
#5532 = SURFACE_SIDE_STYLE ('',( #4430 ) ) ;
#5533 = ORIENTED_EDGE ( 'NONE', *, *, #2276, .T. ) ;
#5534 = ORIENTED_EDGE ( 'NONE', *, *, #2984, .F. ) ;
#5535 =( LENGTH_UNIT ( ) NAMED_UNIT ( * ) SI_UNIT ( .MILLI., .METRE. ) );
#5536 = CARTESIAN_POINT ( 'NONE',  ( 75.00000000000000000, -9.630663357924003520, -43.64999941771341696 ) ) ;
#5537 = EDGE_LOOP ( 'NONE', ( #4959, #3260, #975, #2765 ) ) ;
#5538 = DIRECTION ( 'NONE',  ( 0.000000000000000000, 0.000000000000000000, 1.000000000000000000 ) ) ;
#5539 = ADVANCED_FACE ( 'NONE', ( #5193 ), #7655, .F. ) ;
#5540 = DIRECTION ( 'NONE',  ( -1.000000000000000000, 0.000000000000000000, -0.000000000000000000 ) ) ;
#5541 = SURFACE_SIDE_STYLE ('',( #3648 ) ) ;
#5542 = CARTESIAN_POINT ( 'NONE',  ( 75.00000000000000000, -23.19999999298656945, 40.30000002540748483 ) ) ;
#5543 = COLOUR_RGB ( '',0.8980392156862745390, 0.9176470588235293713, 0.9294117647058823817 ) ;
#5544 =( NAMED_UNIT ( * ) SI_UNIT ( $, .STERADIAN. ) SOLID_ANGLE_UNIT ( ) );
#5545 = COLOUR_RGB ( '',0.8980392156862745390, 0.9176470588235293713, 0.9294117647058823817 ) ;
#5546 =( LENGTH_UNIT ( ) NAMED_UNIT ( * ) SI_UNIT ( .MILLI., .METRE. ) );
#5547 = DIRECTION ( 'NONE',  ( 0.000000000000000000, 0.000000000000000000, 1.000000000000000000 ) ) ;
#5548 = LINE ( 'NONE', #6010, #7198 ) ;
#5549 = CARTESIAN_POINT ( 'NONE',  ( 75.00000000000000000, -23.19999911926677072, -42.50000021015917184 ) ) ;
#5550 =( NAMED_UNIT ( * ) SI_UNIT ( $, .STERADIAN. ) SOLID_ANGLE_UNIT ( ) );
#5551 = MECHANICAL_DESIGN_GEOMETRIC_PRESENTATION_REPRESENTATION (  '', ( #4889 ), #4509 ) ;
#5552 = ADVANCED_FACE ( 'NONE', ( #1779 ), #5481, .F. ) ;
#5553 = STYLED_ITEM ( 'NONE', ( #6660 ), #2342 ) ;
#5554 = ADVANCED_FACE ( 'NONE', ( #7823 ), #4101, .F. ) ;
#5555 = ORIENTED_EDGE ( 'NONE', *, *, #2268, .F. ) ;
#5556 = FILL_AREA_STYLE ('',( #3180 ) ) ;
#5557 = VECTOR ( 'NONE', #7116, 1000.000000000000000 ) ;
#5558 = FILL_AREA_STYLE_COLOUR ( '', #7849 ) ;
#5559 = VERTEX_POINT ( 'NONE', #7347 ) ;
#5560 = VECTOR ( 'NONE', #6141, 1000.000000000000000 ) ;
#5561 = EDGE_CURVE ( 'NONE', #7429, #3043, #1868, .T. ) ;
#5562 = ADVANCED_FACE ( 'NONE', ( #480 ), #2882, .F. ) ;
#5563 = ORIENTED_EDGE ( 'NONE', *, *, #1991, .T. ) ;
#5564 = CARTESIAN_POINT ( 'NONE',  ( 75.00000000000000000, 19.19999904191690021, 42.50000031431354586 ) ) ;
#5565 = FACE_OUTER_BOUND ( 'NONE', #3603, .T. ) ;
#5566 = ORIENTED_EDGE ( 'NONE', *, *, #786, .F. ) ;
#5567 = STYLED_ITEM ( 'NONE', ( #1149 ), #4687 ) ;
#5568 = MECHANICAL_DESIGN_GEOMETRIC_PRESENTATION_REPRESENTATION (  '', ( #1621 ), #5034 ) ;
#5569 = ADVANCED_FACE ( 'NONE', ( #801 ), #4384, .F. ) ;
#5570 = FACE_OUTER_BOUND ( 'NONE', #3869, .T. ) ;
#5571 = ORIENTED_EDGE ( 'NONE', *, *, #984, .F. ) ;
#5572 = CARTESIAN_POINT ( 'NONE',  ( 75.00000000000000000, -25.39999986047122249, -39.77378407715853115 ) ) ;
#5573 = CARTESIAN_POINT ( 'NONE',  ( -75.00000000000000000, -23.19999999298656945, 42.50000001348644219 ) ) ;
#5574 = ORIENTED_EDGE ( 'NONE', *, *, #6869, .F. ) ;
#5575 = CARTESIAN_POINT ( 'NONE',  ( 75.00000000000000000, -27.40000030889110860, 33.50000040091684639 ) ) ;
#5576 = LINE ( 'NONE', #170, #6807 ) ;
#5577 = EDGE_LOOP ( 'NONE', ( #951, #2089, #1476, #7752 ) ) ;
#5578 = UNCERTAINTY_MEASURE_WITH_UNIT (LENGTH_MEASURE( 1.000000000000000082E-05 ), #7693, 'distance_accuracy_value', 'NONE');
#5579 = DIRECTION ( 'NONE',  ( 0.000000000000000000, 0.000000000000000000, -1.000000000000000000 ) ) ;
#5580 = DIRECTION ( 'NONE',  ( 0.000000000000000000, 0.000000000000000000, -1.000000000000000000 ) ) ;
#5581 = UNCERTAINTY_MEASURE_WITH_UNIT (LENGTH_MEASURE( 1.000000000000000082E-05 ), #4071, 'distance_accuracy_value', 'NONE');
#5582 =( GEOMETRIC_REPRESENTATION_CONTEXT ( 3 ) GLOBAL_UNCERTAINTY_ASSIGNED_CONTEXT ( ( #1458 ) ) GLOBAL_UNIT_ASSIGNED_CONTEXT ( ( #4024, #4746, #2843 ) ) REPRESENTATION_CONTEXT ( 'NONE', 'WORKASPACE' ) );
#5583 = DIRECTION ( 'NONE',  ( -1.000000000000000000, -0.000000000000000000, -0.000000000000000000 ) ) ;
#5584 = EDGE_CURVE ( 'NONE', #4373, #6344, #1315, .T. ) ;
#5585 = VECTOR ( 'NONE', #932, 1000.000000000000000 ) ;
#5586 = DIRECTION ( 'NONE',  ( 0.000000000000000000, 1.000000000000000000, 0.000000000000000000 ) ) ;
#5587 = FACE_OUTER_BOUND ( 'NONE', #1937, .T. ) ;
#5588 = CARTESIAN_POINT ( 'NONE',  ( 75.00000000000000000, -25.39999986047122249, -39.77378407715853115 ) ) ;
#5589 =( NAMED_UNIT ( * ) PLANE_ANGLE_UNIT ( ) SI_UNIT ( $, .RADIAN. ) );
#5590 = FILL_AREA_STYLE ('',( #3806 ) ) ;
#5591 = COLOUR_RGB ( '',0.8980392156862745390, 0.9176470588235293713, 0.9294117647058823817 ) ;
#5592 = DIRECTION ( 'NONE',  ( -0.000000000000000000, 1.000000000000000000, 0.000000000000000000 ) ) ;
#5593 = ORIENTED_EDGE ( 'NONE', *, *, #7104, .T. ) ;
#5594 = EDGE_CURVE ( 'NONE', #5158, #7442, #195, .T. ) ;
#5595 = CARTESIAN_POINT ( 'NONE',  ( -75.00000000000000000, -30.20000114037598493, -35.50000159583875359 ) ) ;
#5596 = ORIENTED_EDGE ( 'NONE', *, *, #6978, .T. ) ;
#5597 = CYLINDRICAL_SURFACE ( 'NONE', #2466, 1.299999999999995604 ) ;
#5598 = COLOUR_RGB ( '',0.8980392156862745390, 0.9176470588235293713, 0.9294117647058823817 ) ;
#5599 = CARTESIAN_POINT ( 'NONE',  ( 75.00000000000000000, 27.38059917657406217, 37.75176410239702562 ) ) ;
#5600 = SURFACE_SIDE_STYLE ('',( #3146 ) ) ;
#5601 = ORIENTED_EDGE ( 'NONE', *, *, #3468, .F. ) ;
#5602 = PRESENTATION_LAYER_ASSIGNMENT (  '', '', ( #5470 ) ) ;
#5603 = DIRECTION ( 'NONE',  ( 0.000000000000000000, -1.000000000000000000, 0.000000000000000000 ) ) ;
#5604 = EDGE_CURVE ( 'NONE', #3737, #3299, #3153, .T. ) ;
#5605 = CARTESIAN_POINT ( 'NONE',  ( -75.00000000000000000, -1.689488657688485995, 42.50000031431354586 ) ) ;
#5606 = ORIENTED_EDGE ( 'NONE', *, *, #7714, .F. ) ;
#5607 = SURFACE_STYLE_FILL_AREA ( #5103 ) ;
#5608 = ORIENTED_EDGE ( 'NONE', *, *, #1222, .F. ) ;
#5609 = EDGE_CURVE ( 'NONE', #6989, #5480, #5639, .T. ) ;
#5610 = ORIENTED_EDGE ( 'NONE', *, *, #4045, .F. ) ;
#5611 = STYLED_ITEM ( 'NONE', ( #3895 ), #2437 ) ;
#5612 = FILL_AREA_STYLE_COLOUR ( '', #5925 ) ;
#5613 = ORIENTED_EDGE ( 'NONE', *, *, #3704, .F. ) ;
#5614 = PRESENTATION_STYLE_ASSIGNMENT (( #4201 ) ) ;
#5615 =( LENGTH_UNIT ( ) NAMED_UNIT ( * ) SI_UNIT ( .MILLI., .METRE. ) );
#5616 = LINE ( 'NONE', #1883, #7111 ) ;
#5617 = FILL_AREA_STYLE_COLOUR ( '', #3036 ) ;
#5618 =( NAMED_UNIT ( * ) PLANE_ANGLE_UNIT ( ) SI_UNIT ( $, .RADIAN. ) );
#5619 = CARTESIAN_POINT ( 'NONE',  ( -75.00000000000000000, -14.80000073419111217, 41.34999999254942082 ) ) ;
#5620 = CIRCLE ( 'NONE', #7160, 0.1999999999999224620 ) ;
#5621 = FACE_OUTER_BOUND ( 'NONE', #4346, .T. ) ;
#5622 = CARTESIAN_POINT ( 'NONE',  ( -75.00000000000000000, -27.48060072301904455, 37.75176374953557001 ) ) ;
#5623 = CARTESIAN_POINT ( 'NONE',  ( 75.00000000000000000, -25.39999998106550194, 39.77378458613114987 ) ) ;
#5624 = PRESENTATION_STYLE_ASSIGNMENT (( #181 ) ) ;
#5625 = FACE_OUTER_BOUND ( 'NONE', #853, .T. ) ;
#5626 = ORIENTED_EDGE ( 'NONE', *, *, #3391, .T. ) ;
#5627 =( NAMED_UNIT ( * ) SI_UNIT ( $, .STERADIAN. ) SOLID_ANGLE_UNIT ( ) );
#5628 = PLANE ( 'NONE',  #5773 ) ;
#5629 = AXIS2_PLACEMENT_3D ( 'NONE', #1830, #6562, #5957 ) ;
#5630 = DIRECTION ( 'NONE',  ( 0.000000000000000000, 0.000000000000000000, 1.000000000000000000 ) ) ;
#5631 = SURFACE_STYLE_FILL_AREA ( #2078 ) ;
#5632 = EDGE_CURVE ( 'NONE', #7244, #6841, #4426, .T. ) ;
#5633 = PRESENTATION_LAYER_ASSIGNMENT (  '', '', ( #4989 ) ) ;
#5634 = VECTOR ( 'NONE', #4142, 1000.000000000000000 ) ;
#5635 = ORIENTED_EDGE ( 'NONE', *, *, #158, .T. ) ;
#5636 = PLANE ( 'NONE',  #4077 ) ;
#5637 = FILL_AREA_STYLE ('',( #5180 ) ) ;
#5638 = ORIENTED_EDGE ( 'NONE', *, *, #6812, .T. ) ;
#5639 = LINE ( 'NONE', #2600, #7444 ) ;
#5640 =( GEOMETRIC_REPRESENTATION_CONTEXT ( 3 ) GLOBAL_UNCERTAINTY_ASSIGNED_CONTEXT ( ( #985 ) ) GLOBAL_UNIT_ASSIGNED_CONTEXT ( ( #5546, #1329, #5844 ) ) REPRESENTATION_CONTEXT ( 'NONE', 'WORKASPACE' ) );
#5641 = CARTESIAN_POINT ( 'NONE',  ( 75.00000000000000000, -11.79999985836419718, -43.49999851142679574 ) ) ;
#5642 = ADVANCED_FACE ( 'NONE', ( #5426 ), #2394, .F. ) ;
#5643 = ORIENTED_EDGE ( 'NONE', *, *, #5384, .T. ) ;
#5644 = ORIENTED_EDGE ( 'NONE', *, *, #6343, .F. ) ;
#5645 = EDGE_CURVE ( 'NONE', #7813, #2638, #828, .T. ) ;
#5646 = PRESENTATION_STYLE_ASSIGNMENT (( #3202 ) ) ;
#5647 = ORIENTED_EDGE ( 'NONE', *, *, #6134, .T. ) ;
#5648 = CARTESIAN_POINT ( 'NONE',  ( 75.00000000000000000, 25.39999968564725563, 42.50000031431354586 ) ) ;
#5649 = DIRECTION ( 'NONE',  ( 0.000000000000000000, 0.000000000000000000, -1.000000000000000000 ) ) ;
#5650 = DIRECTION ( 'NONE',  ( 0.000000000000000000, 0.000000000000000000, -1.000000000000000000 ) ) ;
#5651 = DIRECTION ( 'NONE',  ( 0.000000000000000000, 0.000000000000000000, -1.000000000000000000 ) ) ;
#5652 = SURFACE_STYLE_USAGE ( .BOTH. , #3242 ) ;
#5653 = EDGE_CURVE ( 'NONE', #4853, #3441, #668, .T. ) ;
#5654 = MECHANICAL_DESIGN_GEOMETRIC_PRESENTATION_REPRESENTATION (  '', ( #843 ), #6029 ) ;
#5655 = LINE ( 'NONE', #822, #3829 ) ;
#5656 =( LENGTH_UNIT ( ) NAMED_UNIT ( * ) SI_UNIT ( .MILLI., .METRE. ) );
#5657 =( GEOMETRIC_REPRESENTATION_CONTEXT ( 3 ) GLOBAL_UNCERTAINTY_ASSIGNED_CONTEXT ( ( #1799 ) ) GLOBAL_UNIT_ASSIGNED_CONTEXT ( ( #4770, #6387, #7609 ) ) REPRESENTATION_CONTEXT ( 'NONE', 'WORKASPACE' ) );
#5658 = SURFACE_STYLE_FILL_AREA ( #5380 ) ;
#5659 = PLANE ( 'NONE',  #7372 ) ;
#5660 = SURFACE_STYLE_FILL_AREA ( #3913 ) ;
#5661 = VECTOR ( 'NONE', #167, 1000.000000000000000 ) ;
#5662 =( NAMED_UNIT ( * ) SI_UNIT ( $, .STERADIAN. ) SOLID_ANGLE_UNIT ( ) );
#5663 = ORIENTED_EDGE ( 'NONE', *, *, #7815, .F. ) ;
#5664 = DIRECTION ( 'NONE',  ( -1.000000000000000000, -0.000000000000000000, -0.000000000000000000 ) ) ;
#5665 = CARTESIAN_POINT ( 'NONE',  ( 75.00000000000000000, -11.80000096952504585, -44.99999790990878523 ) ) ;
#5666 =( GEOMETRIC_REPRESENTATION_CONTEXT ( 3 ) GLOBAL_UNCERTAINTY_ASSIGNED_CONTEXT ( ( #2814 ) ) GLOBAL_UNIT_ASSIGNED_CONTEXT ( ( #7357, #531, #5961 ) ) REPRESENTATION_CONTEXT ( 'NONE', 'WORKASPACE' ) );
#5667 = CARTESIAN_POINT ( 'NONE',  ( 75.00000000000000000, -14.80000044616175359, 41.35000028057852717 ) ) ;
#5668 = LINE ( 'NONE', #837, #3274 ) ;
#5669 = ORIENTED_EDGE ( 'NONE', *, *, #4457, .T. ) ;
#5670 = VECTOR ( 'NONE', #462, 1000.000000000000000 ) ;
#5671 =( NAMED_UNIT ( * ) PLANE_ANGLE_UNIT ( ) SI_UNIT ( $, .RADIAN. ) );
#5672 = ADVANCED_FACE ( 'NONE', ( #4722 ), #3096, .F. ) ;
#5673 =( LENGTH_UNIT ( ) NAMED_UNIT ( * ) SI_UNIT ( .MILLI., .METRE. ) );
#5674 = COLOUR_RGB ( '',0.8980392156862745390, 0.9176470588235293713, 0.9294117647058823817 ) ;
#5675 = VERTEX_POINT ( 'NONE', #541 ) ;
#5676 =( NAMED_UNIT ( * ) SI_UNIT ( $, .STERADIAN. ) SOLID_ANGLE_UNIT ( ) );
#5677 = CARTESIAN_POINT ( 'NONE',  ( 75.00000000000000000, -5.500001823453763983, -40.30000030276743672 ) ) ;
#5678 = STYLED_ITEM ( 'NONE', ( #7874 ), #4476 ) ;
#5679 = VECTOR ( 'NONE', #5888, 1000.000000000000114 ) ;
#5680 = ORIENTED_EDGE ( 'NONE', *, *, #2894, .T. ) ;
#5681 = LINE ( 'NONE', #961, #3066 ) ;
#5682 = EDGE_LOOP ( 'NONE', ( #1814, #6145, #3303, #7642, #313, #2450, #2339, #4356, #1916, #840, #1361, #1829, #3026, #2553, #7070, #6843, #1749, #5064, #1536, #7665, #119, #3894, #4823, #4591, #7872, #7701, #3041, #26, #7458, #3264, #3906, #4716, #7412, #7644, #673, #7367, #3498, #4029, #2357, #1700, #385, #73, #3029, #332, #6624, #5311, #3449, #812, #7580, #4227, #105, #1675, #2187, #2856, #1272, #2928, #1466, #4094, #7555, #5596, #3917, #446, #1524, #3809, #3083, #7627, #1023, #6108, #7617, #2899, #6958, #5643, #6602, #5774, #5748, #618, #5638, #3645, #1863, #714, #3675 ) ) ;
#5683 = EDGE_CURVE ( 'NONE', #1309, #1357, #6137, .T. ) ;
#5684 = VECTOR ( 'NONE', #3396, 1000.000000000000000 ) ;
#5685 =( LENGTH_UNIT ( ) NAMED_UNIT ( * ) SI_UNIT ( .MILLI., .METRE. ) );
#5686 = VECTOR ( 'NONE', #5904, 1000.000000000000000 ) ;
#5687 = ORIENTED_EDGE ( 'NONE', *, *, #3290, .T. ) ;
#5688 = SURFACE_SIDE_STYLE ('',( #3235 ) ) ;
#5689 = LINE ( 'NONE', #243, #1336 ) ;
#5690 = LINE ( 'NONE', #6885, #1228 ) ;
#5691 = VECTOR ( 'NONE', #7323, 1000.000000000000000 ) ;
#5692 = SURFACE_STYLE_USAGE ( .BOTH. , #5040 ) ;
#5693 =( LENGTH_UNIT ( ) NAMED_UNIT ( * ) SI_UNIT ( .MILLI., .METRE. ) );
#5694 = SURFACE_STYLE_FILL_AREA ( #1988 ) ;
#5695 = CIRCLE ( 'NONE', #4404, 1.300000000000016476 ) ;
#5696 = STYLED_ITEM ( 'NONE', ( #3454 ), #903 ) ;
#5697 = LINE ( 'NONE', #7362, #7895 ) ;
#5698 = CARTESIAN_POINT ( 'NONE',  ( 75.00000000000000000, -11.80000096952504585, -43.65000113127182146 ) ) ;
#5699 = MECHANICAL_DESIGN_GEOMETRIC_PRESENTATION_REPRESENTATION (  '', ( #881 ), #3016 ) ;
#5700 = CARTESIAN_POINT ( 'NONE',  ( 75.00000000000000000, -27.40000030889110860, 35.50000072874227897 ) ) ;
#5701 = LINE ( 'NONE', #938, #1496 ) ;
#5702 = DIRECTION ( 'NONE',  ( -1.000000000000000000, -0.000000000000000000, -0.000000000000000000 ) ) ;
#5703 = LINE ( 'NONE', #2109, #4897 ) ;
#5704 = EDGE_CURVE ( 'NONE', #1834, #2988, #5242, .T. ) ;
#5705 = AXIS2_PLACEMENT_3D ( 'NONE', #3689, #7509, #1373 ) ;
#5706 = ORIENTED_EDGE ( 'NONE', *, *, #1285, .F. ) ;
#5707 = SURFACE_STYLE_FILL_AREA ( #2664 ) ;
#5708 = DIRECTION ( 'NONE',  ( 0.000000000000000000, -1.000000000000000000, 0.000000000000000000 ) ) ;
#5709 = CARTESIAN_POINT ( 'NONE',  ( -75.00000000000000000, -25.65176366949164688, -39.58059896715140979 ) ) ;
#5710 = PRESENTATION_LAYER_ASSIGNMENT (  '', '', ( #3658 ) ) ;
#5711 =( LENGTH_UNIT ( ) NAMED_UNIT ( * ) SI_UNIT ( .MILLI., .METRE. ) );
#5712 = ORIENTED_EDGE ( 'NONE', *, *, #5799, .T. ) ;
#5713 = PRESENTATION_LAYER_ASSIGNMENT (  '', '', ( #5333 ) ) ;
#5714 = EDGE_LOOP ( 'NONE', ( #2259, #6386, #2242, #2329 ) ) ;
#5715 = FILL_AREA_STYLE ('',( #6195 ) ) ;
#5716 = SURFACE_STYLE_FILL_AREA ( #6271 ) ;
#5717 = EDGE_CURVE ( 'NONE', #2999, #7860, #6575, .T. ) ;
#5718 = VECTOR ( 'NONE', #6941, 1000.000000000000000 ) ;
#5719 = ORIENTED_EDGE ( 'NONE', *, *, #2966, .F. ) ;
#5720 = SURFACE_STYLE_USAGE ( .BOTH. , #1578 ) ;
#5721 = FACE_OUTER_BOUND ( 'NONE', #6792, .T. ) ;
#5722 = ORIENTED_EDGE ( 'NONE', *, *, #5836, .F. ) ;
#5723 = VECTOR ( 'NONE', #3312, 1000.000000000000000 ) ;
#5724 = LINE ( 'NONE', #283, #4222 ) ;
#5725 = CARTESIAN_POINT ( 'NONE',  ( 75.00000000000000000, 25.39999968564725563, 42.50000031431354586 ) ) ;
#5726 = DIRECTION ( 'NONE',  ( -0.000000000000000000, 1.000000000000000000, 0.000000000000000000 ) ) ;
#5727 =( NAMED_UNIT ( * ) SI_UNIT ( $, .STERADIAN. ) SOLID_ANGLE_UNIT ( ) );
#5728 = DIRECTION ( 'NONE',  ( 0.000000000000000000, 0.000000000000000000, -1.000000000000000000 ) ) ;
#5729 = EDGE_CURVE ( 'NONE', #2477, #157, #5047, .T. ) ;
#5730 = ORIENTED_EDGE ( 'NONE', *, *, #5230, .T. ) ;
#5731 = CARTESIAN_POINT ( 'NONE',  ( -75.00000000000000000, -28.15000165596212867, 40.24999974556125437 ) ) ;
#5732 = CARTESIAN_POINT ( 'NONE',  ( 75.00000000000000000, -26.94259426488459752, 39.92647634305149751 ) ) ;
#5733 = ORIENTED_EDGE ( 'NONE', *, *, #6234, .T. ) ;
#5734 =( GEOMETRIC_REPRESENTATION_CONTEXT ( 3 ) GLOBAL_UNCERTAINTY_ASSIGNED_CONTEXT ( ( #627 ) ) GLOBAL_UNIT_ASSIGNED_CONTEXT ( ( #5448, #444, #7140 ) ) REPRESENTATION_CONTEXT ( 'NONE', 'WORKASPACE' ) );
#5735 = PRODUCT ( 'SC-FT120x65-1-K120', 'SC-FT120x65-1-K120', '', ( #2739 ) ) ;
#5736 = DIRECTION ( 'NONE',  ( 0.000000000000000000, -1.000000000000000000, 0.000000000000000000 ) ) ;
#5737 = EDGE_CURVE ( 'NONE', #7015, #7442, #6810, .T. ) ;
#5738 = CIRCLE ( 'NONE', #2305, 1.250000000000056621 ) ;
#5739 = SURFACE_STYLE_FILL_AREA ( #6371 ) ;
#5740 = AXIS2_PLACEMENT_3D ( 'NONE', #7343, #6156, #3706 ) ;
#5741 = ORIENTED_EDGE ( 'NONE', *, *, #3630, .F. ) ;
#5742 = EDGE_CURVE ( 'NONE', #1590, #6474, #5655, .T. ) ;
#5743 = CARTESIAN_POINT ( 'NONE',  ( 75.00000000000000000, -11.79999985836419718, -43.49999851142679574 ) ) ;
#5744 = MECHANICAL_DESIGN_GEOMETRIC_PRESENTATION_REPRESENTATION (  '', ( #4708 ), #4061 ) ;
#5745 = UNCERTAINTY_MEASURE_WITH_UNIT (LENGTH_MEASURE( 1.000000000000000082E-05 ), #6333, 'distance_accuracy_value', 'NONE');
#5746 = ORIENTED_EDGE ( 'NONE', *, *, #1281, .F. ) ;
#5747 = FILL_AREA_STYLE_COLOUR ( '', #2963 ) ;
#5748 = ORIENTED_EDGE ( 'NONE', *, *, #746, .T. ) ;
#5749 = VECTOR ( 'NONE', #998, 1000.000000000000000 ) ;
#5750 = ORIENTED_EDGE ( 'NONE', *, *, #6321, .T. ) ;
#5751 = DIRECTION ( 'NONE',  ( 0.000000000000000000, -1.000000000000000000, 0.000000000000000000 ) ) ;
#5752 = VECTOR ( 'NONE', #5547, 1000.000000000000000 ) ;
#5753 = ORIENTED_EDGE ( 'NONE', *, *, #3322, .F. ) ;
#5754 = LINE ( 'NONE', #320, #4620 ) ;
#5755 = SURFACE_STYLE_FILL_AREA ( #3937 ) ;
#5756 = SURFACE_STYLE_FILL_AREA ( #3902 ) ;
#5757 = DIRECTION ( 'NONE',  ( 0.000000000000000000, -1.000000000000000000, 0.000000000000000000 ) ) ;
#5758 = LINE ( 'NONE', #4026, #269 ) ;
#5759 = VECTOR ( 'NONE', #4443, 1000.000000000000000 ) ;
#5760 = ORIENTED_EDGE ( 'NONE', *, *, #6768, .F. ) ;
#5761 = SURFACE_STYLE_FILL_AREA ( #7059 ) ;
#5762 = MECHANICAL_DESIGN_GEOMETRIC_PRESENTATION_REPRESENTATION (  '', ( #4607 ), #2699 ) ;
#5763 = DIRECTION ( 'NONE',  ( 0.000000000000000000, 0.000000000000000000, 1.000000000000000000 ) ) ;
#5764 = ORIENTED_EDGE ( 'NONE', *, *, #3290, .F. ) ;
#5765 = EDGE_CURVE ( 'NONE', #3776, #7498, #177, .T. ) ;
#5766 = LINE ( 'NONE', #6326, #1240 ) ;
#5767 = FILL_AREA_STYLE ('',( #3984 ) ) ;
#5768 = ORIENTED_EDGE ( 'NONE', *, *, #940, .T. ) ;
#5769 = COLOUR_RGB ( '',0.8980392156862745390, 0.9176470588235293713, 0.9294117647058823817 ) ;
#5770 = CARTESIAN_POINT ( 'NONE',  ( -75.00000000000000000, -30.20000114037598493, -37.49999819837400139 ) ) ;
#5771 =( NAMED_UNIT ( * ) PLANE_ANGLE_UNIT ( ) SI_UNIT ( $, .RADIAN. ) );
#5772 = STYLED_ITEM ( 'NONE', ( #7523 ), #736 ) ;
#5773 = AXIS2_PLACEMENT_3D ( 'NONE', #5665, #3288, #2625 ) ;
#5774 = ORIENTED_EDGE ( 'NONE', *, *, #6127, .T. ) ;
#5775 = LINE ( 'NONE', #3374, #6819 ) ;
#5776 = FACE_OUTER_BOUND ( 'NONE', #1344, .T. ) ;
#5777 =( LENGTH_UNIT ( ) NAMED_UNIT ( * ) SI_UNIT ( .MILLI., .METRE. ) );
#5778 = ADVANCED_FACE ( 'NONE', ( #3212 ), #3972, .F. ) ;
#5779 = SURFACE_SIDE_STYLE ('',( #2701 ) ) ;
#5780 = AXIS2_PLACEMENT_3D ( 'NONE', #744, #3133, #140 ) ;
#5781 = AXIS2_PLACEMENT_3D ( 'NONE', #4744, #7865, #2915 ) ;
#5782 = EDGE_CURVE ( 'NONE', #4686, #2022, #139, .T. ) ;
#5783 = VERTEX_POINT ( 'NONE', #5700 ) ;
#5784 = CARTESIAN_POINT ( 'NONE',  ( 75.00000000000000000, 27.49999955383842476, 40.00000133456496343 ) ) ;
#5785 = FILL_AREA_STYLE_COLOUR ( '', #2702 ) ;
#5786 = EDGE_LOOP ( 'NONE', ( #7247, #5390, #986, #1158 ) ) ;
#5787 = EDGE_CURVE ( 'NONE', #694, #655, #4325, .T. ) ;
#5788 = DIRECTION ( 'NONE',  ( 0.000000000000000000, 0.000000000000000000, -1.000000000000000000 ) ) ;
#5789 =( NAMED_UNIT ( * ) PLANE_ANGLE_UNIT ( ) SI_UNIT ( $, .RADIAN. ) );
#5790 = CARTESIAN_POINT ( 'NONE',  ( 75.00000000000000000, -28.15000165596212867, 40.24999974556125437 ) ) ;
#5791 = ADVANCED_FACE ( 'NONE', ( #1994 ), #3838, .F. ) ;
#5792 = EDGE_CURVE ( 'NONE', #7571, #6450, #4703, .T. ) ;
#5793 = VERTEX_POINT ( 'NONE', #560 ) ;
#5794 = MECHANICAL_DESIGN_GEOMETRIC_PRESENTATION_REPRESENTATION (  '', ( #5425 ), #4637 ) ;
#5795 = DIRECTION ( 'NONE',  ( 1.000000000000000000, 0.000000000000000000, 0.000000000000000000 ) ) ;
#5796 = PRODUCT_DEFINITION_SHAPE ( 'NONE', 'NONE',  #5952 ) ;
#5797 = EDGE_LOOP ( 'NONE', ( #7144, #5760, #1009, #4514 ) ) ;
#5798 = LINE ( 'NONE', #358, #6415 ) ;
#5799 = EDGE_CURVE ( 'NONE', #114, #6994, #3432, .T. ) ;
#5800 = LINE ( 'NONE', #2761, #4093 ) ;
#5801 = LINE ( 'NONE', #1079, #4120 ) ;
#5802 = SURFACE_SIDE_STYLE ('',( #6353 ) ) ;
#5803 = ORIENTED_EDGE ( 'NONE', *, *, #1110, .T. ) ;
#5804 = PLANE ( 'NONE',  #2371 ) ;
#5805 = VECTOR ( 'NONE', #6648, 1000.000000000000000 ) ;
#5806 = DIRECTION ( 'NONE',  ( 0.000000000000000000, 0.000000000000000000, -1.000000000000000000 ) ) ;
#5807 = ORIENTED_EDGE ( 'NONE', *, *, #2848, .F. ) ;
#5808 = CARTESIAN_POINT ( 'NONE',  ( 75.00000000000000000, -21.40000118805958707, 42.50000001348644219 ) ) ;
#5809 = DIRECTION ( 'NONE',  ( 0.000000000000000000, 0.000000000000000000, 1.000000000000000000 ) ) ;
#5810 = AXIS2_PLACEMENT_3D ( 'NONE', #7167, #2250, #5868 ) ;
#5811 = PRODUCT_DEFINITION_CONTEXT ( 'detailed design', #1785, 'design' ) ;
#5812 = VECTOR ( 'NONE', #3957, 1000.000000000000000 ) ;
#5813 = ORIENTED_EDGE ( 'NONE', *, *, #2745, .T. ) ;
#5814 = SURFACE_SIDE_STYLE ('',( #5707 ) ) ;
#5815 = FACE_OUTER_BOUND ( 'NONE', #4256, .T. ) ;
#5816 = STYLED_ITEM ( 'NONE', ( #7395 ), #1327 ) ;
#5817 =( GEOMETRIC_REPRESENTATION_CONTEXT ( 3 ) GLOBAL_UNCERTAINTY_ASSIGNED_CONTEXT ( ( #1235 ) ) GLOBAL_UNIT_ASSIGNED_CONTEXT ( ( #3652, #5339, #5499 ) ) REPRESENTATION_CONTEXT ( 'NONE', 'WORKASPACE' ) );
#5818 = EDGE_CURVE ( 'NONE', #157, #6257, #6634, .T. ) ;
#5819 = UNCERTAINTY_MEASURE_WITH_UNIT (LENGTH_MEASURE( 1.000000000000000082E-05 ), #346, 'distance_accuracy_value', 'NONE');
#5820 = ORIENTED_EDGE ( 'NONE', *, *, #3051, .T. ) ;
#5821 =( GEOMETRIC_REPRESENTATION_CONTEXT ( 3 ) GLOBAL_UNCERTAINTY_ASSIGNED_CONTEXT ( ( #38 ) ) GLOBAL_UNIT_ASSIGNED_CONTEXT ( ( #4565, #1601, #3992 ) ) REPRESENTATION_CONTEXT ( 'NONE', 'WORKASPACE' ) );
#5822 = DIRECTION ( 'NONE',  ( -1.000000000000000000, -0.000000000000000000, -0.000000000000000000 ) ) ;
#5823 = SURFACE_SIDE_STYLE ('',( #1063 ) ) ;
#5824 = ORIENTED_EDGE ( 'NONE', *, *, #4827, .F. ) ;
#5825 = CARTESIAN_POINT ( 'NONE',  ( -75.00000000000000000, -8.799999860471286794, -42.64999933702636525 ) ) ;
#5826 = SURFACE_SIDE_STYLE ('',( #5268 ) ) ;
#5827 = FILL_AREA_STYLE ('',( #7202 ) ) ;
#5828 = ORIENTED_EDGE ( 'NONE', *, *, #7596, .F. ) ;
#5829 = COLOUR_RGB ( '',0.8980392156862745390, 0.9176470588235293713, 0.9294117647058823817 ) ;
#5830 = FACE_OUTER_BOUND ( 'NONE', #2009, .T. ) ;
#5831 = LINE ( 'NONE', #3348, #1551 ) ;
#5832 = CARTESIAN_POINT ( 'NONE',  ( 75.00000000000000000, -31.89999982714642002, 44.84999910346232355 ) ) ;
#5833 = DIRECTION ( 'NONE',  ( 0.000000000000000000, -0.000000000000000000, 1.000000000000000000 ) ) ;
#5834 = ORIENTED_EDGE ( 'NONE', *, *, #7056, .F. ) ;
#5835 = CARTESIAN_POINT ( 'NONE',  ( 75.00000000000000000, 28.19999814060689047, -35.50000168932675848 ) ) ;
#5836 = EDGE_CURVE ( 'NONE', #6994, #4545, #2258, .T. ) ;
#5837 = DIRECTION ( 'NONE',  ( 0.000000000000000000, 0.000000000000000000, -1.000000000000000000 ) ) ;
#5838 = FACE_OUTER_BOUND ( 'NONE', #1037, .T. ) ;
#5839 = LINE ( 'NONE', #6436, #3168 ) ;
#5840 = FILL_AREA_STYLE_COLOUR ( '', #919 ) ;
#5841 = LINE ( 'NONE', #4634, #2470 ) ;
#5842 = ORIENTED_EDGE ( 'NONE', *, *, #1236, .T. ) ;
#5843 = STYLED_ITEM ( 'NONE', ( #6514 ), #7669 ) ;
#5844 =( NAMED_UNIT ( * ) SI_UNIT ( $, .STERADIAN. ) SOLID_ANGLE_UNIT ( ) );
#5845 = ORIENTED_EDGE ( 'NONE', *, *, #3734, .T. ) ;
#5846 = DIRECTION ( 'NONE',  ( -1.000000000000000000, -0.000000000000000000, -0.000000000000000000 ) ) ;
#5847 = VERTEX_POINT ( 'NONE', #1036 ) ;
#5848 =( NAMED_UNIT ( * ) SI_UNIT ( $, .STERADIAN. ) SOLID_ANGLE_UNIT ( ) );
#5849 = DIRECTION ( 'NONE',  ( 0.000000000000000000, 0.000000000000000000, 1.000000000000000000 ) ) ;
#5850 = CARTESIAN_POINT ( 'NONE',  ( 75.00000000000000000, -25.39999998106603485, 39.77378458613114987 ) ) ;
#5851 = VECTOR ( 'NONE', #4345, 1000.000000000000000 ) ;
#5852 = SURFACE_STYLE_FILL_AREA ( #1017 ) ;
#5853 = UNCERTAINTY_MEASURE_WITH_UNIT (LENGTH_MEASURE( 1.000000000000000082E-05 ), #1090, 'distance_accuracy_value', 'NONE');
#5854 = ORIENTED_EDGE ( 'NONE', *, *, #5632, .T. ) ;
#5855 = CARTESIAN_POINT ( 'NONE',  ( 75.00000000000000000, -28.10000056706941507, 44.99999999254948335 ) ) ;
#5856 = STYLED_ITEM ( 'NONE', ( #3313 ), #2507 ) ;
#5857 = PLANE ( 'NONE',  #6563 ) ;
#5858 =( LENGTH_UNIT ( ) NAMED_UNIT ( * ) SI_UNIT ( .MILLI., .METRE. ) );
#5859 = FILL_AREA_STYLE_COLOUR ( '', #4492 ) ;
#5860 = UNCERTAINTY_MEASURE_WITH_UNIT (LENGTH_MEASURE( 1.000000000000000082E-05 ), #5442, 'distance_accuracy_value', 'NONE');
#5861 =( GEOMETRIC_REPRESENTATION_CONTEXT ( 3 ) GLOBAL_UNCERTAINTY_ASSIGNED_CONTEXT ( ( #5461 ) ) GLOBAL_UNIT_ASSIGNED_CONTEXT ( ( #725, #3118, #4826 ) ) REPRESENTATION_CONTEXT ( 'NONE', 'WORKASPACE' ) );
#5862 = ORIENTED_EDGE ( 'NONE', *, *, #6383, .T. ) ;
#5863 = SURFACE_STYLE_FILL_AREA ( #2829 ) ;
#5864 = AXIS2_PLACEMENT_3D ( 'NONE', #4143, #1231, #3627 ) ;
#5865 = ORIENTED_EDGE ( 'NONE', *, *, #2331, .F. ) ;
#5866 = ADVANCED_FACE ( 'NONE', ( #5873 ), #1662, .T. ) ;
#5867 = CARTESIAN_POINT ( 'NONE',  ( -75.00000000000000000, -11.80000073208403322, 43.65000085391204721 ) ) ;
#5868 = DIRECTION ( 'NONE',  ( 0.000000000000000000, 0.000000000000000000, -1.000000000000000000 ) ) ;
#5869 = UNCERTAINTY_MEASURE_WITH_UNIT (LENGTH_MEASURE( 1.000000000000000082E-05 ), #4124, 'distance_accuracy_value', 'NONE');
#5870 = ORIENTED_EDGE ( 'NONE', *, *, #5133, .F. ) ;
#5871 = DIRECTION ( 'NONE',  ( 0.000000000000000000, 0.000000000000000000, -1.000000000000000000 ) ) ;
#5872 = PRESENTATION_STYLE_ASSIGNMENT (( #964 ) ) ;
#5873 = FACE_OUTER_BOUND ( 'NONE', #7122, .T. ) ;
#5874 = VERTEX_POINT ( 'NONE', #2291 ) ;
#5875 = PRESENTATION_STYLE_ASSIGNMENT (( #6394 ) ) ;
#5876 = AXIS2_PLACEMENT_3D ( 'NONE', #3753, #7388, #768 ) ;
#5877 = EDGE_CURVE ( 'NONE', #7002, #6630, #6528, .T. ) ;
#5878 = DIRECTION ( 'NONE',  ( 1.000000000000000000, 0.000000000000000000, 0.000000000000000000 ) ) ;
#5879 = EDGE_CURVE ( 'NONE', #3293, #335, #2369, .T. ) ;
#5880 = VERTEX_POINT ( 'NONE', #5321 ) ;
#5881 = DIRECTION ( 'NONE',  ( 0.000000000000000000, 0.000000000000000000, -1.000000000000000000 ) ) ;
#5882 = PRESENTATION_LAYER_ASSIGNMENT (  '', '', ( #6002 ) ) ;
#5883 = LINE ( 'NONE', #2184, #2076 ) ;
#5884 = ORIENTED_EDGE ( 'NONE', *, *, #4419, .T. ) ;
#5885 = DIRECTION ( 'NONE',  ( -1.000000000000000000, 0.000000000000000000, -0.000000000000000000 ) ) ;
#5886 = ORIENTED_EDGE ( 'NONE', *, *, #5704, .T. ) ;
#5887 = PRESENTATION_STYLE_ASSIGNMENT (( #4035 ) ) ;
#5888 = DIRECTION ( 'NONE',  ( 0.000000000000000000, -0.9999999999996879163, -7.898993670306402315E-07 ) ) ;
#5889 = STYLED_ITEM ( 'NONE', ( #1408 ), #5791 ) ;
#5890 = PRESENTATION_LAYER_ASSIGNMENT (  '', '', ( #1835 ) ) ;
#5891 = FILL_AREA_STYLE ('',( #260 ) ) ;
#5892 = ORIENTED_EDGE ( 'NONE', *, *, #1811, .T. ) ;
#5893 = CARTESIAN_POINT ( 'NONE',  ( 75.00000000000000000, -14.80000073419111217, 42.64999999254941798 ) ) ;
#5894 = ITEM_DEFINED_TRANSFORMATION ( 'NONE', 'NONE', #7021,  #4572 ) ;
#5895 = DIRECTION ( 'NONE',  ( 0.000000000000000000, -2.762530494791967647E-07, 0.9999999999999618083 ) ) ;
#5896 = CARTESIAN_POINT ( 'NONE',  ( 75.00000000000000000, 17.19999732649655400, -40.30000031556529905 ) ) ;
#5897 = ORIENTED_EDGE ( 'NONE', *, *, #409, .T. ) ;
#5898 =( NAMED_UNIT ( * ) PLANE_ANGLE_UNIT ( ) SI_UNIT ( $, .RADIAN. ) );
#5899 = SURFACE_SIDE_STYLE ('',( #1731 ) ) ;
#5900 = MECHANICAL_DESIGN_GEOMETRIC_PRESENTATION_REPRESENTATION (  '', ( #1972 ), #2223 ) ;
#5901 = VERTEX_POINT ( 'NONE', #3471 ) ;
#5902 = VECTOR ( 'NONE', #6804, 1000.000000000000000 ) ;
#5903 = CARTESIAN_POINT ( 'NONE',  ( 75.00000000000000000, -13.81638466751647343, 41.80000028057850869 ) ) ;
#5904 = DIRECTION ( 'NONE',  ( 0.000000000000000000, 1.000000000000000000, 0.000000000000000000 ) ) ;
#5905 = EDGE_CURVE ( 'NONE', #4696, #1981, #7573, .T. ) ;
#5906 = ORIENTED_EDGE ( 'NONE', *, *, #1811, .F. ) ;
#5907 = PLANE ( 'NONE',  #4080 ) ;
#5908 = SURFACE_STYLE_FILL_AREA ( #4219 ) ;
#5909 = FILL_AREA_STYLE_COLOUR ( '', #7690 ) ;
#5910 = EDGE_LOOP ( 'NONE', ( #3636, #5722, #1576, #7608 ) ) ;
#5911 = FACE_OUTER_BOUND ( 'NONE', #4348, .T. ) ;
#5912 = VECTOR ( 'NONE', #4628, 1000.000000000000000 ) ;
#5913 = SURFACE_STYLE_USAGE ( .BOTH. , #5406 ) ;
#5914 = CARTESIAN_POINT ( 'NONE',  ( -75.00000000000000000, 25.59999815885450758, -39.80057930441510905 ) ) ;
#5915 = EDGE_CURVE ( 'NONE', #4213, #79, #5947, .T. ) ;
#5916 = EDGE_LOOP ( 'NONE', ( #3116, #3046, #127, #2133 ) ) ;
#5917 = LINE ( 'NONE', #7219, #1190 ) ;
#5918 = STYLED_ITEM ( 'NONE', ( #7028 ), #5143 ) ;
#5919 = CARTESIAN_POINT ( 'NONE',  ( 75.00000000000000000, 23.19999830997313595, -40.30000031556529905 ) ) ;
#5920 = ORIENTED_EDGE ( 'NONE', *, *, #2434, .F. ) ;
#5921 =( NAMED_UNIT ( * ) PLANE_ANGLE_UNIT ( ) SI_UNIT ( $, .RADIAN. ) );
#5922 = VECTOR ( 'NONE', #782, 1000.000000000000000 ) ;
#5923 = VERTEX_POINT ( 'NONE', #5359 ) ;
#5924 =( NAMED_UNIT ( * ) SI_UNIT ( $, .STERADIAN. ) SOLID_ANGLE_UNIT ( ) );
#5925 = COLOUR_RGB ( '',0.8980392156862745390, 0.9176470588235293713, 0.9294117647058823817 ) ;
#5926 = UNCERTAINTY_MEASURE_WITH_UNIT (LENGTH_MEASURE( 1.000000000000000082E-05 ), #6032, 'distance_accuracy_value', 'NONE');
#5927 = ORIENTED_EDGE ( 'NONE', *, *, #589, .F. ) ;
#5928 = CARTESIAN_POINT ( 'NONE',  ( -75.00000000000000000, -27.40000030889110860, -31.49999907754262551 ) ) ;
#5929 = CARTESIAN_POINT ( 'NONE',  ( 75.00000000000000000, -13.96933834789928675, 43.64999999254939667 ) ) ;
#5930 = VECTOR ( 'NONE', #4513, 1000.000000000000000 ) ;
#5931 = VECTOR ( 'NONE', #3427, 1000.000000000000000 ) ;
#5932 = CARTESIAN_POINT ( 'NONE',  ( -75.00000000000000000, -26.94259426488460107, 39.92647634305149751 ) ) ;
#5933 = SURFACE_STYLE_USAGE ( .BOTH. , #1685 ) ;
#5934 = ADVANCED_FACE ( 'NONE', ( #1195 ), #3592, .F. ) ;
#5935 =( NAMED_UNIT ( * ) SI_UNIT ( $, .STERADIAN. ) SOLID_ANGLE_UNIT ( ) );
#5936 = VECTOR ( 'NONE', #1597, 1000.000000000000000 ) ;
#5937 = PRESENTATION_LAYER_ASSIGNMENT (  '', '', ( #5310 ) ) ;
#5938 = EDGE_LOOP ( 'NONE', ( #7007, #2849, #2317, #3077 ) ) ;
#5939 =( NAMED_UNIT ( * ) PLANE_ANGLE_UNIT ( ) SI_UNIT ( $, .RADIAN. ) );
#5940 = AXIS2_PLACEMENT_3D ( 'NONE', #6130, #695, #3087 ) ;
#5941 = ORIENTED_EDGE ( 'NONE', *, *, #5653, .T. ) ;
#5942 =( NAMED_UNIT ( * ) SI_UNIT ( $, .STERADIAN. ) SOLID_ANGLE_UNIT ( ) );
#5943 = PRESENTATION_LAYER_ASSIGNMENT (  '', '', ( #4151 ) ) ;
#5944 = ORIENTED_EDGE ( 'NONE', *, *, #852, .F. ) ;
#5945 = STYLED_ITEM ( 'NONE', ( #5005 ), #3383 ) ;
#5946 =( NAMED_UNIT ( * ) PLANE_ANGLE_UNIT ( ) SI_UNIT ( $, .RADIAN. ) );
#5947 = LINE ( 'NONE', #517, #1832 ) ;
#5948 = ORIENTED_EDGE ( 'NONE', *, *, #3051, .F. ) ;
#5949 = CARTESIAN_POINT ( 'NONE',  ( 75.00000000000000000, 27.72647574007116944, 39.04259301051518349 ) ) ;
#5950 =( NAMED_UNIT ( * ) PLANE_ANGLE_UNIT ( ) SI_UNIT ( $, .RADIAN. ) );
#5951 = DIRECTION ( 'NONE',  ( 0.000000000000000000, -0.000000000000000000, -1.000000000000000000 ) ) ;
#5952 = PRODUCT_DEFINITION ( 'н╢', '', #2045, #7110 ) ;
#5953 = CARTESIAN_POINT ( 'NONE',  ( 75.00000000000000000, -13.81638466751647343, 43.50000028057854706 ) ) ;
#5954 = FILL_AREA_STYLE ('',( #6438 ) ) ;
#5955 = STYLED_ITEM ( 'NONE', ( #6906 ), #7149 ) ;
#5956 = VERTEX_POINT ( 'NONE', #648 ) ;
#5957 = DIRECTION ( 'NONE',  ( 0.000000000000000000, 0.000000000000000000, -1.000000000000000000 ) ) ;
#5958 = CARTESIAN_POINT ( 'NONE',  ( -75.00000000000000000, -8.799999860471286794, -42.64999933702636525 ) ) ;
#5959 = ORIENTED_EDGE ( 'NONE', *, *, #7368, .T. ) ;
#5960 = DIRECTION ( 'NONE',  ( 1.000000000000000000, 0.000000000000000000, 0.000000000000000000 ) ) ;
#5961 =( NAMED_UNIT ( * ) SI_UNIT ( $, .STERADIAN. ) SOLID_ANGLE_UNIT ( ) );
#5962 = ORIENTED_EDGE ( 'NONE', *, *, #6717, .F. ) ;
#5963 = ADVANCED_FACE ( 'NONE', ( #721 ), #4382, .F. ) ;
#5964 = SURFACE_SIDE_STYLE ('',( #1642 ) ) ;
#5965 = CARTESIAN_POINT ( 'NONE',  ( 75.00000000000000000, 19.19999904191690021, 42.50000031431354586 ) ) ;
#5966 = UNCERTAINTY_MEASURE_WITH_UNIT (LENGTH_MEASURE( 1.000000000000000082E-05 ), #2164, 'distance_accuracy_value', 'NONE');
#5967 = CARTESIAN_POINT ( 'NONE',  ( -75.00000000000000000, -11.80000183164951366, -41.65000080344623257 ) ) ;
#5968 = DIRECTION ( 'NONE',  ( -1.000000000000000000, -0.000000000000000000, -0.000000000000000000 ) ) ;
#5969 = AXIS2_PLACEMENT_3D ( 'NONE', #1922, #4282, #5540 ) ;
#5970 = CARTESIAN_POINT ( 'NONE',  ( 75.00000000000000000, -14.80000073419111217, 41.34999999254942082 ) ) ;
#5971 = LINE ( 'NONE', #7278, #720 ) ;
#5972 = PLANE ( 'NONE',  #4912 ) ;
#5973 = EDGE_CURVE ( 'NONE', #6481, #335, #7415, .T. ) ;
#5974 = ORIENTED_EDGE ( 'NONE', *, *, #7899, .F. ) ;
#5975 = VECTOR ( 'NONE', #685, 1000.000000000000000 ) ;
#5976 = CARTESIAN_POINT ( 'NONE',  ( 75.00000000000000000, -28.14999991479055197, -40.24999913430374221 ) ) ;
#5977 =( NAMED_UNIT ( * ) SI_UNIT ( $, .STERADIAN. ) SOLID_ANGLE_UNIT ( ) );
#5978 = ORIENTED_EDGE ( 'NONE', *, *, #196, .T. ) ;
#5979 = LINE ( 'NONE', #5391, #959 ) ;
#5980 = VECTOR ( 'NONE', #2376, 1000.000000000000000 ) ;
#5981 = CIRCLE ( 'NONE', #5740, 1.250000000000056621 ) ;
#5982 =( GEOMETRIC_REPRESENTATION_CONTEXT ( 3 ) GLOBAL_UNCERTAINTY_ASSIGNED_CONTEXT ( ( #4119 ) ) GLOBAL_UNIT_ASSIGNED_CONTEXT ( ( #6546, #2817, #4689 ) ) REPRESENTATION_CONTEXT ( 'NONE', 'WORKASPACE' ) );
#5983 = EDGE_CURVE ( 'NONE', #5440, #6620, #2449, .T. ) ;
#5984 = ORIENTED_EDGE ( 'NONE', *, *, #2596, .T. ) ;
#5985 = SURFACE_STYLE_USAGE ( .BOTH. , #7205 ) ;
#5986 = FACE_OUTER_BOUND ( 'NONE', #4299, .T. ) ;
#5987 = COLOUR_RGB ( '',0.8980392156862745390, 0.9176470588235293713, 0.9294117647058823817 ) ;
#5988 = VECTOR ( 'NONE', #1185, 1000.000000000000000 ) ;
#5989 = FILL_AREA_STYLE_COLOUR ( '', #2503 ) ;
#5990 = ORIENTED_EDGE ( 'NONE', *, *, #6383, .F. ) ;
#5991 = CARTESIAN_POINT ( 'NONE',  ( -75.00000000000000000, -27.40000030889110860, -35.50000159583875359 ) ) ;
#5992 =( NAMED_UNIT ( * ) PLANE_ANGLE_UNIT ( ) SI_UNIT ( $, .RADIAN. ) );
#5993 = COLOUR_RGB ( '',0.8980392156862745390, 0.9176470588235293713, 0.9294117647058823817 ) ;
#5994 = VERTEX_POINT ( 'NONE', #7382 ) ;
#5995 = CARTESIAN_POINT ( 'NONE',  ( 75.00000000000000000, -30.10000102221976803, 59.99999851337634027 ) ) ;
#5996 = SURFACE_SIDE_STYLE ('',( #5368 ) ) ;
#5997 = EDGE_LOOP ( 'NONE', ( #1471, #3513, #1116, #4453 ) ) ;
#5998 = DIRECTION ( 'NONE',  ( 0.000000000000000000, -0.9999999999996879163, -7.898993670306402315E-07 ) ) ;
#5999 = EDGE_LOOP ( 'NONE', ( #7432, #7186, #960, #5974 ) ) ;
#6000 = CARTESIAN_POINT ( 'NONE',  ( 75.00000000000000000, 27.38059778897949670, -37.75176323953216695 ) ) ;
#6001 = CARTESIAN_POINT ( 'NONE',  ( -75.00000000000000000, 23.19999969756799274, 42.50000031431354586 ) ) ;
#6002 = STYLED_ITEM ( 'NONE', ( #7210 ), #5554 ) ;
#6003 = CARTESIAN_POINT ( 'NONE',  ( 75.00000000000000000, -14.80000044616175359, 42.65000028057852433 ) ) ;
#6004 = EDGE_CURVE ( 'NONE', #2639, #2463, #4341, .T. ) ;
#6005 = DIRECTION ( 'NONE',  ( 0.000000000000000000, 0.000000000000000000, 1.000000000000000000 ) ) ;
#6006 = UNCERTAINTY_MEASURE_WITH_UNIT (LENGTH_MEASURE( 1.000000000000000082E-05 ), #5115, 'distance_accuracy_value', 'NONE');
#6007 = FILL_AREA_STYLE ('',( #4805 ) ) ;
#6008 = AXIS2_PLACEMENT_3D ( 'NONE', #7489, #4040, #6487 ) ;
#6009 = CARTESIAN_POINT ( 'NONE',  ( 75.00000000000000000, 25.59999815885450758, -39.60057930441600860 ) ) ;
#6010 = CARTESIAN_POINT ( 'NONE',  ( 75.00000000000000000, -26.94259257760980475, -39.92647553064846022 ) ) ;
#6011 = VECTOR ( 'NONE', #762, 1000.000000000000000 ) ;
#6012 = DIRECTION ( 'NONE',  ( -1.000000000000000000, -0.000000000000000000, -0.000000000000000000 ) ) ;
#6013 =( LENGTH_UNIT ( ) NAMED_UNIT ( * ) SI_UNIT ( .MILLI., .METRE. ) );
#6014 = CARTESIAN_POINT ( 'NONE',  ( 75.00000000000000000, 25.65176337868377132, 39.60739484896458862 ) ) ;
#6015 = SURFACE_SIDE_STYLE ('',( #1302 ) ) ;
#6016 = MECHANICAL_DESIGN_GEOMETRIC_PRESENTATION_REPRESENTATION (  '', ( #5889 ), #3210 ) ;
#6017 = VERTEX_POINT ( 'NONE', #6833 ) ;
#6018 = COLOUR_RGB ( '',0.8980392156862745390, 0.9176470588235293713, 0.9294117647058823817 ) ;
#6019 = EDGE_CURVE ( 'NONE', #2539, #1462, #760, .T. ) ;
#6020 = CARTESIAN_POINT ( 'NONE',  ( 75.00000000000000000, -13.81638466751647343, 43.50000028057854706 ) ) ;
#6021 = PRESENTATION_STYLE_ASSIGNMENT (( #2517 ) ) ;
#6022 = VERTEX_POINT ( 'NONE', #682 ) ;
#6023 = SURFACE_STYLE_USAGE ( .BOTH. , #6706 ) ;
#6024 = VECTOR ( 'NONE', #638, 1000.000000000000000 ) ;
#6025 = PRESENTATION_STYLE_ASSIGNMENT (( #1773 ) ) ;
#6026 = DIRECTION ( 'NONE',  ( 0.000000000000000000, 1.000000000000000000, 0.000000000000000000 ) ) ;
#6027 = ORIENTED_EDGE ( 'NONE', *, *, #6176, .F. ) ;
#6028 = FILL_AREA_STYLE ('',( #558 ) ) ;
#6029 =( GEOMETRIC_REPRESENTATION_CONTEXT ( 3 ) GLOBAL_UNCERTAINTY_ASSIGNED_CONTEXT ( ( #3523 ) ) GLOBAL_UNIT_ASSIGNED_CONTEXT ( ( #3181, #907, #6904 ) ) REPRESENTATION_CONTEXT ( 'NONE', 'WORKASPACE' ) );
#6030 = EDGE_CURVE ( 'NONE', #4114, #5880, #78, .T. ) ;
#6031 = COLOUR_RGB ( '',0.8980392156862745390, 0.9176470588235293713, 0.9294117647058823817 ) ;
#6032 =( LENGTH_UNIT ( ) NAMED_UNIT ( * ) SI_UNIT ( .MILLI., .METRE. ) );
#6033 = ORIENTED_EDGE ( 'NONE', *, *, #5983, .F. ) ;
#6034 = DIRECTION ( 'NONE',  ( 0.000000000000000000, 0.9659258262890502156, -0.2588190451025882965 ) ) ;
#6035 = SURFACE_SIDE_STYLE ('',( #2956 ) ) ;
#6036 = EDGE_CURVE ( 'NONE', #771, #5062, #1907, .T. ) ;
#6037 = CARTESIAN_POINT ( 'NONE',  ( -75.00000000000000000, -28.14999991479055197, -40.24999913430374221 ) ) ;
#6038 = STYLED_ITEM ( 'NONE', ( #2146 ), #6670 ) ;
#6039 = CIRCLE ( 'NONE', #4242, 1.299999325380794879 ) ;
#6040 = ORIENTED_EDGE ( 'NONE', *, *, #5251, .F. ) ;
#6041 = FILL_AREA_STYLE ('',( #7833 ) ) ;
#6042 = MECHANICAL_DESIGN_GEOMETRIC_PRESENTATION_REPRESENTATION (  '', ( #1600 ), #3226 ) ;
#6043 = ORIENTED_EDGE ( 'NONE', *, *, #4707, .F. ) ;
#6044 = CARTESIAN_POINT ( 'NONE',  ( 75.00000000000000000, -31.89999982714642002, 4.849999997531995177 ) ) ;
#6045 = DIRECTION ( 'NONE',  ( -1.000000000000000000, -0.000000000000000000, -0.000000000000000000 ) ) ;
#6046 = VERTEX_POINT ( 'NONE', #2563 ) ;
#6047 = DIRECTION ( 'NONE',  ( -0.000000000000000000, 0.9999999999999160671, -4.094455713416068835E-07 ) ) ;
#6048 = CARTESIAN_POINT ( 'NONE',  ( -75.00000000000000000, -5.500000435858909853, 40.30000031343661249 ) ) ;
#6049 = EDGE_CURVE ( 'NONE', #7571, #4274, #1313, .T. ) ;
#6050 = UNCERTAINTY_MEASURE_WITH_UNIT (LENGTH_MEASURE( 1.000000000000000082E-05 ), #5195, 'distance_accuracy_value', 'NONE');
#6051 = DIRECTION ( 'NONE',  ( 0.000000000000000000, 0.9999999999999111822, -4.211906186843044119E-07 ) ) ;
#6052 = PLANE ( 'NONE',  #5117 ) ;
#6053 =( NAMED_UNIT ( * ) SI_UNIT ( $, .STERADIAN. ) SOLID_ANGLE_UNIT ( ) );
#6054 = SURFACE_SIDE_STYLE ('',( #6770 ) ) ;
#6055 = LINE ( 'NONE', #1726, #3254 ) ;
#6056 = SURFACE_SIDE_STYLE ('',( #6616 ) ) ;
#6057 = STYLED_ITEM ( 'NONE', ( #7559 ), #5097 ) ;
#6058 = PLANE ( 'NONE',  #6175 ) ;
#6059 = EDGE_CURVE ( 'NONE', #4075, #372, #3628, .T. ) ;
#6060 =( GEOMETRIC_REPRESENTATION_CONTEXT ( 3 ) GLOBAL_UNCERTAINTY_ASSIGNED_CONTEXT ( ( #6668 ) ) GLOBAL_UNIT_ASSIGNED_CONTEXT ( ( #1680, #1130, #5924 ) ) REPRESENTATION_CONTEXT ( 'NONE', 'WORKASPACE' ) );
#6061 = ORIENTED_EDGE ( 'NONE', *, *, #7127, .F. ) ;
#6062 = VECTOR ( 'NONE', #1159, 1000.000000000000000 ) ;
#6063 = PRESENTATION_LAYER_ASSIGNMENT (  '', '', ( #1621 ) ) ;
#6064 = PLANE ( 'NONE',  #1181 ) ;
#6065 = AXIS2_PLACEMENT_3D ( 'NONE', #217, #5083, #1521 ) ;
#6066 = ORIENTED_EDGE ( 'NONE', *, *, #4579, .F. ) ;
#6067 = ADVANCED_FACE ( 'NONE', ( #272 ), #2671, .F. ) ;
#6068 =( NAMED_UNIT ( * ) PLANE_ANGLE_UNIT ( ) SI_UNIT ( $, .RADIAN. ) );
#6069 =( GEOMETRIC_REPRESENTATION_CONTEXT ( 3 ) GLOBAL_UNCERTAINTY_ASSIGNED_CONTEXT ( ( #6846 ) ) GLOBAL_UNIT_ASSIGNED_CONTEXT ( ( #5777, #2821, #7640 ) ) REPRESENTATION_CONTEXT ( 'NONE', 'WORKASPACE' ) );
#6070 = VERTEX_POINT ( 'NONE', #2160 ) ;
#6071 = CIRCLE ( 'NONE', #1756, 1.299999999999995604 ) ;
#6072 = CARTESIAN_POINT ( 'NONE',  ( 75.00000000000000000, 30.49999982145801170, 29.49999965177774897 ) ) ;
#6073 = SURFACE_STYLE_FILL_AREA ( #7133 ) ;
#6074 =( NAMED_UNIT ( * ) SI_UNIT ( $, .STERADIAN. ) SOLID_ANGLE_UNIT ( ) );
#6075 = VERTEX_POINT ( 'NONE', #4463 ) ;
#6076 = DIRECTION ( 'NONE',  ( -0.000000000000000000, 1.000000000000000000, 0.000000000000000000 ) ) ;
#6077 = UNCERTAINTY_MEASURE_WITH_UNIT (LENGTH_MEASURE( 1.000000000000000082E-05 ), #7549, 'distance_accuracy_value', 'NONE');
#6078 = LINE ( 'NONE', #1278, #3287 ) ;
#6079 = SURFACE_STYLE_USAGE ( .BOTH. , #3155 ) ;
#6080 = AXIS2_PLACEMENT_3D ( 'NONE', #6557, #2294, #5279 ) ;
#6081 = COLOUR_RGB ( '',0.8980392156862745390, 0.9176470588235293713, 0.9294117647058823817 ) ;
#6082 = VERTEX_POINT ( 'NONE', #7607 ) ;
#6083 = ORIENTED_EDGE ( 'NONE', *, *, #3688, .F. ) ;
#6084 = ADVANCED_FACE ( 'NONE', ( #3192 ), #6997, .F. ) ;
#6085 = LINE ( 'NONE', #5331, #1876 ) ;
#6086 = ORIENTED_EDGE ( 'NONE', *, *, #2529, .F. ) ;
#6087 =( GEOMETRIC_REPRESENTATION_CONTEXT ( 3 ) GLOBAL_UNCERTAINTY_ASSIGNED_CONTEXT ( ( #4223 ) ) GLOBAL_UNIT_ASSIGNED_CONTEXT ( ( #16, #497, #7883 ) ) REPRESENTATION_CONTEXT ( 'NONE', 'WORKASPACE' ) );
#6088 =( NAMED_UNIT ( * ) SI_UNIT ( $, .STERADIAN. ) SOLID_ANGLE_UNIT ( ) );
#6089 = CARTESIAN_POINT ( 'NONE',  ( 75.00000000000000000, 27.50000061741992496, -39.99999866543531368 ) ) ;
#6090 = ORIENTED_EDGE ( 'NONE', *, *, #2484, .F. ) ;
#6091 = CARTESIAN_POINT ( 'NONE',  ( -75.00000000000000000, -30.20000114037598493, 35.50000072874227897 ) ) ;
#6092 = CARTESIAN_POINT ( 'NONE',  ( 75.00000000000000000, 27.72647435247628422, -39.04259214765039587 ) ) ;
#6093 = DIRECTION ( 'NONE',  ( -1.000000000000000000, -0.000000000000000000, -0.000000000000000000 ) ) ;
#6094 = CARTESIAN_POINT ( 'NONE',  ( -75.00000000000000000, -1.689488657688485995, 42.50000031431354586 ) ) ;
#6095 = DIRECTION ( 'NONE',  ( 0.000000000000000000, 0.000000000000000000, 1.000000000000000000 ) ) ;
#6096 = FILL_AREA_STYLE_COLOUR ( '', #4812 ) ;
#6097 = CARTESIAN_POINT ( 'NONE',  ( 75.00000000000000000, -14.80000073419111217, 42.64999999254941798 ) ) ;
#6098 = STYLED_ITEM ( 'NONE', ( #2895 ), #7422 ) ;
#6099 = FILL_AREA_STYLE ('',( #2439 ) ) ;
#6100 = ORIENTED_EDGE ( 'NONE', *, *, #1335, .F. ) ;
#6101 = COLOUR_RGB ( '',0.8980392156862745390, 0.9176470588235293713, 0.9294117647058823817 ) ;
#6102 = LINE ( 'NONE', #636, #4969 ) ;
#6103 = LINE ( 'NONE', #7332, #6163 ) ;
#6104 = VERTEX_POINT ( 'NONE', #309 ) ;
#6105 = CARTESIAN_POINT ( 'NONE',  ( 75.00000000000000000, 25.39999829805240239, -42.50000030364437009 ) ) ;
#6106 = UNCERTAINTY_MEASURE_WITH_UNIT (LENGTH_MEASURE( 1.000000000000000082E-05 ), #4150, 'distance_accuracy_value', 'NONE');
#6107 = COLOUR_RGB ( '',0.8980392156862745390, 0.9176470588235293713, 0.9294117647058823817 ) ;
#6108 = ORIENTED_EDGE ( 'NONE', *, *, #1924, .T. ) ;
#6109 = DIRECTION ( 'NONE',  ( -1.000000000000000000, -0.000000000000000000, -0.000000000000000000 ) ) ;
#6110 = EDGE_CURVE ( 'NONE', #7813, #131, #6385, .T. ) ;
#6111 = LINE ( 'NONE', #6190, #1802 ) ;
#6112 = CARTESIAN_POINT ( 'NONE',  ( 75.00000000000000000, -27.40000030889110860, 31.50000007309129657 ) ) ;
#6113 = ORIENTED_EDGE ( 'NONE', *, *, #6902, .F. ) ;
#6114 =( NAMED_UNIT ( * ) PLANE_ANGLE_UNIT ( ) SI_UNIT ( $, .RADIAN. ) );
#6115 = FILL_AREA_STYLE ('',( #7258 ) ) ;
#6116 =( LENGTH_UNIT ( ) NAMED_UNIT ( * ) SI_UNIT ( .MILLI., .METRE. ) );
#6117 = DIRECTION ( 'NONE',  ( 0.000000000000000000, -1.000000000000000000, 0.000000000000000000 ) ) ;
#6118 = VECTOR ( 'NONE', #3824, 1000.000000000000000 ) ;
#6119 = MANIFOLD_SOLID_BREP ( 'м╧л╗-ю', #7291 ) ;
#6120 =( GEOMETRIC_REPRESENTATION_CONTEXT ( 3 ) GLOBAL_UNCERTAINTY_ASSIGNED_CONTEXT ( ( #466 ) ) GLOBAL_UNIT_ASSIGNED_CONTEXT ( ( #2225, #5921, #2891 ) ) REPRESENTATION_CONTEXT ( 'NONE', 'WORKASPACE' ) );
#6121 =( GEOMETRIC_REPRESENTATION_CONTEXT ( 3 ) GLOBAL_UNCERTAINTY_ASSIGNED_CONTEXT ( ( #6381 ) ) GLOBAL_UNIT_ASSIGNED_CONTEXT ( ( #6712, #1866, #3150 ) ) REPRESENTATION_CONTEXT ( 'NONE', 'WORKASPACE' ) );
#6122 = ORIENTED_EDGE ( 'NONE', *, *, #5584, .T. ) ;
#6123 = CARTESIAN_POINT ( 'NONE',  ( 75.00000000000000000, -19.20000032626060360, -42.50000021015917184 ) ) ;
#6124 = PRESENTATION_STYLE_ASSIGNMENT (( #2054 ) ) ;
#6125 = ORIENTED_EDGE ( 'NONE', *, *, #6791, .F. ) ;
#6126 = LINE ( 'NONE', #5575, #4996 ) ;
#6127 = EDGE_CURVE ( 'NONE', #683, #2049, #348, .T. ) ;
#6128 = CARTESIAN_POINT ( 'NONE',  ( 75.00000000000000000, -27.40000030889110860, 35.50000072874227897 ) ) ;
#6129 = EDGE_LOOP ( 'NONE', ( #5369, #3876, #4880, #467 ) ) ;
#6130 = CARTESIAN_POINT ( 'NONE',  ( 75.00000000000000000, 27.50000061741992496, -39.99999866543531368 ) ) ;
#6131 = DIRECTION ( 'NONE',  ( -1.000000000000000000, -0.000000000000000000, -0.000000000000000000 ) ) ;
#6132 = CARTESIAN_POINT ( 'NONE',  ( -75.00000000000000000, 30.49999982145801170, -35.50000168932675848 ) ) ;
#6133 = PRESENTATION_STYLE_ASSIGNMENT (( #3649 ) ) ;
#6134 = EDGE_CURVE ( 'NONE', #2292, #291, #1569, .T. ) ;
#6135 = UNCERTAINTY_MEASURE_WITH_UNIT (LENGTH_MEASURE( 1.000000000000000082E-05 ), #2501, 'distance_accuracy_value', 'NONE');
#6136 = SURFACE_SIDE_STYLE ('',( #6852 ) ) ;
#6137 = LINE ( 'NONE', #702, #5752 ) ;
#6138 =( NAMED_UNIT ( * ) PLANE_ANGLE_UNIT ( ) SI_UNIT ( $, .RADIAN. ) );
#6139 = LINE ( 'NONE', #6180, #875 ) ;
#6140 = DIRECTION ( 'NONE',  ( 0.000000000000000000, 9.898923744487916068E-08, -0.9999999999999951150 ) ) ;
#6141 = DIRECTION ( 'NONE',  ( -1.000000000000000000, -0.000000000000000000, -0.000000000000000000 ) ) ;
#6142 = PRESENTATION_LAYER_ASSIGNMENT (  '', '', ( #1689 ) ) ;
#6143 = EDGE_CURVE ( 'NONE', #1204, #4951, #2247, .T. ) ;
#6144 = FACE_OUTER_BOUND ( 'NONE', #4191, .T. ) ;
#6145 = ORIENTED_EDGE ( 'NONE', *, *, #1608, .T. ) ;
#6146 = COLOUR_RGB ( '',0.8980392156862745390, 0.9176470588235293713, 0.9294117647058823817 ) ;
#6147 = VECTOR ( 'NONE', #3709, 1000.000000000000000 ) ;
#6148 = ADVANCED_FACE ( 'NONE', ( #7125 ), #1616, .T. ) ;
#6149 = LINE ( 'NONE', #1343, #6024 ) ;
#6150 = EDGE_LOOP ( 'NONE', ( #1160, #1031, #6975, #6122 ) ) ;
#6151 = FILL_AREA_STYLE ('',( #2590 ) ) ;
#6152 = CARTESIAN_POINT ( 'NONE',  ( -75.00000000000000000, -30.20000114037598493, 29.49999974526575386 ) ) ;
#6153 = AXIS2_PLACEMENT_3D ( 'NONE', #4099, #1115, #3505 ) ;
#6154 = ORIENTED_EDGE ( 'NONE', *, *, #4374, .F. ) ;
#6155 =( NAMED_UNIT ( * ) SI_UNIT ( $, .STERADIAN. ) SOLID_ANGLE_UNIT ( ) );
#6156 = DIRECTION ( 'NONE',  ( -1.000000000000000000, -0.000000000000000000, -0.000000000000000000 ) ) ;
#6157 = VECTOR ( 'NONE', #3338, 1000.000000000000000 ) ;
#6158 = ORIENTED_EDGE ( 'NONE', *, *, #2484, .T. ) ;
#6159 = SURFACE_SIDE_STYLE ('',( #6592 ) ) ;
#6160 = MECHANICAL_DESIGN_GEOMETRIC_PRESENTATION_REPRESENTATION (  '', ( #7450 ), #7330 ) ;
#6161 = FACE_OUTER_BOUND ( 'NONE', #2561, .T. ) ;
#6162 = LINE ( 'NONE', #1238, #3177 ) ;
#6163 = VECTOR ( 'NONE', #1224, 1000.000000000000000 ) ;
#6164 = ORIENTED_EDGE ( 'NONE', *, *, #3914, .F. ) ;
#6165 = MECHANICAL_DESIGN_GEOMETRIC_PRESENTATION_REPRESENTATION (  '', ( #3610 ), #6951 ) ;
#6166 = ORIENTED_EDGE ( 'NONE', *, *, #1342, .T. ) ;
#6167 =( NAMED_UNIT ( * ) SI_UNIT ( $, .STERADIAN. ) SOLID_ANGLE_UNIT ( ) );
#6168 = VERTEX_POINT ( 'NONE', #4048 ) ;
#6169 = FACE_OUTER_BOUND ( 'NONE', #7168, .T. ) ;
#6170 = VERTEX_POINT ( 'NONE', #510 ) ;
#6171 = VECTOR ( 'NONE', #545, 1000.000000000000000 ) ;
#6172 = SURFACE_SIDE_STYLE ('',( #1794 ) ) ;
#6173 = CARTESIAN_POINT ( 'NONE',  ( -75.00000000000000000, -11.80000044405465864, 45.00000164262019098 ) ) ;
#6174 = DIRECTION ( 'NONE',  ( -1.000000000000000000, -0.000000000000000000, -0.000000000000000000 ) ) ;
#6175 = AXIS2_PLACEMENT_3D ( 'NONE', #4543, #3531, #1137 ) ;
#6176 = EDGE_CURVE ( 'NONE', #6481, #5793, #470, .T. ) ;
#6177 = VECTOR ( 'NONE', #693, 1000.000000000000000 ) ;
#6178 =( NAMED_UNIT ( * ) SI_UNIT ( $, .STERADIAN. ) SOLID_ANGLE_UNIT ( ) );
#6179 = DIRECTION ( 'NONE',  ( 0.000000000000000000, 0.000000000000000000, 1.000000000000000000 ) ) ;
#6180 = CARTESIAN_POINT ( 'NONE',  ( -75.00000000000000000, 17.19999871409140724, 42.50000031431354586 ) ) ;
#6181 = FILL_AREA_STYLE ('',( #3736 ) ) ;
#6182 = ORIENTED_EDGE ( 'NONE', *, *, #5737, .T. ) ;
#6183 = EDGE_CURVE ( 'NONE', #6686, #1462, #1107, .T. ) ;
#6184 = DIRECTION ( 'NONE',  ( 0.000000000000000000, 0.000000000000000000, -1.000000000000000000 ) ) ;
#6185 = ORIENTED_EDGE ( 'NONE', *, *, #5121, .F. ) ;
#6186 = MANIFOLD_SOLID_BREP ( 'м╧л╗-ю', #6379 ) ;
#6187 = CARTESIAN_POINT ( 'NONE',  ( 75.00000000000000000, -5.500001823453763983, -40.30000030276743672 ) ) ;
#6188 = PRESENTATION_LAYER_ASSIGNMENT (  '', '', ( #1997 ) ) ;
#6189 = ORIENTED_EDGE ( 'NONE', *, *, #5044, .T. ) ;
#6190 = CARTESIAN_POINT ( 'NONE',  ( 75.00000000000000000, 27.50000061741992496, -44.99999790990878523 ) ) ;
#6191 = DIRECTION ( 'NONE',  ( 0.000000000000000000, 0.000000000000000000, -1.000000000000000000 ) ) ;
#6192 = ORIENTED_EDGE ( 'NONE', *, *, #24, .F. ) ;
#6193 = DIRECTION ( 'NONE',  ( 0.000000000000000000, 0.000000000000000000, 1.000000000000000000 ) ) ;
#6194 = PRESENTATION_LAYER_ASSIGNMENT (  '', '', ( #7616 ) ) ;
#6195 = FILL_AREA_STYLE_COLOUR ( '', #4818 ) ;
#6196 = FILL_AREA_STYLE ('',( #3749 ) ) ;
#6197 = ORIENTED_EDGE ( 'NONE', *, *, #168, .F. ) ;
#6198 = DIRECTION ( 'NONE',  ( 0.000000000000000000, 0.000000000000000000, 1.000000000000000000 ) ) ;
#6199 = ORIENTED_EDGE ( 'NONE', *, *, #3223, .T. ) ;
#6200 = CARTESIAN_POINT ( 'NONE',  ( -75.00000000000000000, 27.50000061741992496, -44.99999790990878523 ) ) ;
#6201 = ORIENTED_EDGE ( 'NONE', *, *, #2236, .F. ) ;
#6202 = VERTEX_POINT ( 'NONE', #3497 ) ;
#6203 = UNCERTAINTY_MEASURE_WITH_UNIT (LENGTH_MEASURE( 1.000000000000000082E-05 ), #1456, 'distance_accuracy_value', 'NONE');
#6204 = CARTESIAN_POINT ( 'NONE',  ( 75.00000000000000000, 27.57378382795079474, 37.50000096307966402 ) ) ;
#6205 = AXIS2_PLACEMENT_3D ( 'NONE', #5241, #2103, #6324 ) ;
#6206 = PRESENTATION_STYLE_ASSIGNMENT (( #7545 ) ) ;
#6207 = PLANE ( 'NONE',  #1669 ) ;
#6208 = CARTESIAN_POINT ( 'NONE',  ( 75.00000000000000000, 28.19999814060689047, 31.49999997960329523 ) ) ;
#6209 = SURFACE_SIDE_STYLE ('',( #2612 ) ) ;
#6210 = CARTESIAN_POINT ( 'NONE',  ( 75.00000000000000000, 28.04999815885442516, -40.24999943051175677 ) ) ;
#6211 = CARTESIAN_POINT ( 'NONE',  ( 75.00000000000000000, -11.80000183164951366, -41.65000080344623257 ) ) ;
#6212 = EDGE_CURVE ( 'NONE', #1882, #3540, #6149, .T. ) ;
#6213 =( NAMED_UNIT ( * ) PLANE_ANGLE_UNIT ( ) SI_UNIT ( $, .RADIAN. ) );
#6214 = DIRECTION ( 'NONE',  ( -1.000000000000000000, -0.000000000000000000, -0.000000000000000000 ) ) ;
#6215 = COLOUR_RGB ( '',0.8980392156862745390, 0.9176470588235293713, 0.9294117647058823817 ) ;
#6216 = FILL_AREA_STYLE_COLOUR ( '', #6707 ) ;
#6217 = ORIENTED_EDGE ( 'NONE', *, *, #1598, .T. ) ;
#6218 = SURFACE_STYLE_FILL_AREA ( #5556 ) ;
#6219 =( NAMED_UNIT ( * ) PLANE_ANGLE_UNIT ( ) SI_UNIT ( $, .RADIAN. ) );
#6220 = CARTESIAN_POINT ( 'NONE',  ( 75.00000000000000000, -23.19999999298656945, 40.30000002540748483 ) ) ;
#6221 = EDGE_CURVE ( 'NONE', #6544, #748, #146, .T. ) ;
#6222 = CARTESIAN_POINT ( 'NONE',  ( 75.00000000000000000, 27.57378382795413074, -37.69999919639995056 ) ) ;
#6223 = CARTESIAN_POINT ( 'NONE',  ( -75.00000000000000000, -23.19999999298656945, 42.50000001348644219 ) ) ;
#6224 = ADVANCED_FACE ( 'NONE', ( #108 ), #3025, .F. ) ;
#6225 = VERTEX_POINT ( 'NONE', #2479 ) ;
#6226 = VECTOR ( 'NONE', #5650, 1000.000000000000000 ) ;
#6227 =( LENGTH_UNIT ( ) NAMED_UNIT ( * ) SI_UNIT ( .MILLI., .METRE. ) );
#6228 = CARTESIAN_POINT ( 'NONE',  ( 75.00000000000000000, -27.40000030889110860, 35.50000072874227897 ) ) ;
#6229 =( NAMED_UNIT ( * ) SI_UNIT ( $, .STERADIAN. ) SOLID_ANGLE_UNIT ( ) );
#6230 = ORIENTED_EDGE ( 'NONE', *, *, #4655, .T. ) ;
#6231 = CARTESIAN_POINT ( 'NONE',  ( 75.00000000000000000, -30.20000114037598493, -29.50000061236211479 ) ) ;
#6232 = VECTOR ( 'NONE', #606, 1000.000000000000000 ) ;
#6233 = DIRECTION ( 'NONE',  ( 0.000000000000000000, -0.000000000000000000, -1.000000000000000000 ) ) ;
#6234 = EDGE_CURVE ( 'NONE', #575, #4704, #2442, .T. ) ;
#6235 = ORIENTED_EDGE ( 'NONE', *, *, #7326, .F. ) ;
#6236 = SURFACE_SIDE_STYLE ('',( #1317 ) ) ;
#6237 = DIRECTION ( 'NONE',  ( 0.000000000000000000, 0.000000000000000000, -1.000000000000000000 ) ) ;
#6238 = SURFACE_STYLE_USAGE ( .BOTH. , #3233 ) ;
#6239 = ORIENTED_EDGE ( 'NONE', *, *, #4515, .T. ) ;
#6240 = DIRECTION ( 'NONE',  ( -1.000000000000000000, 0.000000000000000000, -0.000000000000000000 ) ) ;
#6241 = CARTESIAN_POINT ( 'NONE',  ( 75.00000000000000000, -25.39999998106603485, 39.77378458613114987 ) ) ;
#6242 = LINE ( 'NONE', #6763, #4884 ) ;
#6243 = CARTESIAN_POINT ( 'NONE',  ( 75.00000000000000000, -27.40000030889110860, 33.50000040091684639 ) ) ;
#6244 = VECTOR ( 'NONE', #6679, 1000.000000000000114 ) ;
#6245 = VECTOR ( 'NONE', #796, 1000.000000000000000 ) ;
#6246 =( NAMED_UNIT ( * ) SI_UNIT ( $, .STERADIAN. ) SOLID_ANGLE_UNIT ( ) );
#6247 = AXIS2_PLACEMENT_3D ( 'NONE', #3395, #4581, #7614 ) ;
#6248 = PRESENTATION_LAYER_ASSIGNMENT (  '', '', ( #1807 ) ) ;
#6249 = AXIS2_PLACEMENT_3D ( 'NONE', #5976, #5435, #3421 ) ;
#6250 = LINE ( 'NONE', #823, #5288 ) ;
#6251 = SURFACE_SIDE_STYLE ('',( #5658 ) ) ;
#6252 = LINE ( 'NONE', #3216, #7103 ) ;
#6253 = DIRECTION ( 'NONE',  ( -1.000000000000000000, -0.000000000000000000, -0.000000000000000000 ) ) ;
#6254 = EDGE_CURVE ( 'NONE', #1284, #5298, #6103, .T. ) ;
#6255 = DIRECTION ( 'NONE',  ( 0.000000000000000000, 0.000000000000000000, -1.000000000000000000 ) ) ;
#6256 = APPLICATION_CONTEXT ( 'automotive_design' ) ;
#6257 = VERTEX_POINT ( 'NONE', #5595 ) ;
#6258 = CARTESIAN_POINT ( 'NONE',  ( 75.00000000000000000, 32.49999986189348533, 40.00000133456496343 ) ) ;
#6259 = CIRCLE ( 'NONE', #691, 1.299999999999995604 ) ;
#6260 = LINE ( 'NONE', #3256, #3666 ) ;
#6261 = EDGE_CURVE ( 'NONE', #4383, #2270, #7407, .T. ) ;
#6262 = PRESENTATION_LAYER_ASSIGNMENT (  '', '', ( #4723 ) ) ;
#6263 = AXIS2_PLACEMENT_3D ( 'NONE', #3071, #6787, #1427 ) ;
#6264 = STYLED_ITEM ( 'NONE', ( #7413 ), #3996 ) ;
#6265 = VERTEX_POINT ( 'NONE', #7246 ) ;
#6266 = PRESENTATION_STYLE_ASSIGNMENT (( #7527 ) ) ;
#6267 = CARTESIAN_POINT ( 'NONE',  ( -75.00000000000000000, 28.04999815885442516, -41.49999943051178519 ) ) ;
#6268 = DIRECTION ( 'NONE',  ( 0.000000000000000000, -0.9659258262890606517, -0.2588190451025495498 ) ) ;
#6269 = ORIENTED_EDGE ( 'NONE', *, *, #1784, .T. ) ;
#6270 = COLOUR_RGB ( '',0.8980392156862745390, 0.9176470588235293713, 0.9294117647058823817 ) ;
#6271 = FILL_AREA_STYLE ('',( #916 ) ) ;
#6272 = ADVANCED_FACE ( 'NONE', ( #3141 ), #1305, .F. ) ;
#6273 = ORIENTED_EDGE ( 'NONE', *, *, #4753, .T. ) ;
#6274 = SURFACE_STYLE_FILL_AREA ( #6390 ) ;
#6275 = DIRECTION ( 'NONE',  ( 0.000000000000000000, 0.000000000000000000, -1.000000000000000000 ) ) ;
#6276 = VECTOR ( 'NONE', #3662, 1000.000000000000000 ) ;
#6277 = DIRECTION ( 'NONE',  ( 0.000000000000000000, 0.9659258262890605407, 0.2588190451025495498 ) ) ;
#6278 = EDGE_LOOP ( 'NONE', ( #5319, #1354, #6040, #222 ) ) ;
#6279 = COLOUR_RGB ( '',0.8980392156862745390, 0.9176470588235293713, 0.9294117647058823817 ) ;
#6280 = EDGE_CURVE ( 'NONE', #2447, #6070, #2589, .T. ) ;
#6281 = SURFACE_STYLE_USAGE ( .BOTH. , #4998 ) ;
#6282 = CARTESIAN_POINT ( 'NONE',  ( 75.00000000000000000, 17.19999732649655400, -40.30000031556529905 ) ) ;
#6283 = DIRECTION ( 'NONE',  ( 0.000000000000000000, -0.000000000000000000, -1.000000000000000000 ) ) ;
#6284 = CARTESIAN_POINT ( 'NONE',  ( 75.00000000000000000, -28.09999986047136389, -44.99999782597348741 ) ) ;
#6285 = PRESENTATION_LAYER_ASSIGNMENT (  '', '', ( #4496 ) ) ;
#6286 = DIRECTION ( 'NONE',  ( 0.000000000000000000, 0.000000000000000000, 1.000000000000000000 ) ) ;
#6287 = PRESENTATION_LAYER_ASSIGNMENT (  '', '', ( #1972 ) ) ;
#6288 = DIRECTION ( 'NONE',  ( 0.000000000000000000, -0.2588187849316263556, 0.9659258960016117168 ) ) ;
#6289 = DIRECTION ( 'NONE',  ( 0.000000000000000000, -1.000000000000000000, 0.000000000000000000 ) ) ;
#6290 = PRESENTATION_STYLE_ASSIGNMENT (( #4449 ) ) ;
#6291 = AXIS2_PLACEMENT_3D ( 'NONE', #3605, #6045, #4190 ) ;
#6292 = FACE_OUTER_BOUND ( 'NONE', #2119, .T. ) ;
#6293 = VERTEX_POINT ( 'NONE', #834 ) ;
#6294 = CARTESIAN_POINT ( 'NONE',  ( 75.00000000000000000, 28.19999814060689047, -29.50000070585011969 ) ) ;
#6295 = LINE ( 'NONE', #6258, #3730 ) ;
#6296 = CIRCLE ( 'NONE', #2483, 0.2000009045382139528 ) ;
#6297 = FILL_AREA_STYLE_COLOUR ( '', #516 ) ;
#6298 = UNCERTAINTY_MEASURE_WITH_UNIT (LENGTH_MEASURE( 1.000000000000000082E-05 ), #6777, 'distance_accuracy_value', 'NONE');
#6299 = ORIENTED_EDGE ( 'NONE', *, *, #556, .F. ) ;
#6300 = AXIS2_PLACEMENT_3D ( 'NONE', #980, #3845, #2003 ) ;
#6301 = FACE_OUTER_BOUND ( 'NONE', #3459, .T. ) ;
#6302 = STYLED_ITEM ( 'NONE', ( #2472 ), #1666 ) ;
#6303 = ORIENTED_EDGE ( 'NONE', *, *, #1924, .F. ) ;
#6304 = EDGE_CURVE ( 'NONE', #7387, #2107, #5057, .T. ) ;
#6305 = SURFACE_STYLE_USAGE ( .BOTH. , #6388 ) ;
#6306 = CIRCLE ( 'NONE', #1741, 1.300000000000016476 ) ;
#6307 = CIRCLE ( 'NONE', #2366, 1.250000000000056621 ) ;
#6308 = VERTEX_POINT ( 'NONE', #3846 ) ;
#6309 = LINE ( 'NONE', #3970, #4473 ) ;
#6310 =( GEOMETRIC_REPRESENTATION_CONTEXT ( 3 ) GLOBAL_UNCERTAINTY_ASSIGNED_CONTEXT ( ( #4611 ) ) GLOBAL_UNIT_ASSIGNED_CONTEXT ( ( #7295, #5358, #7171 ) ) REPRESENTATION_CONTEXT ( 'NONE', 'WORKASPACE' ) );
#6311 = DIRECTION ( 'NONE',  ( -1.000000000000000000, -0.000000000000000000, -0.000000000000000000 ) ) ;
#6312 = VERTEX_POINT ( 'NONE', #870 ) ;
#6313 = LINE ( 'NONE', #4396, #2867 ) ;
#6314 = CARTESIAN_POINT ( 'NONE',  ( -75.00000000000000000, -8.799999860471286794, -41.34999933702634678 ) ) ;
#6315 = DIRECTION ( 'NONE',  ( -1.000000000000000000, 0.000000000000000000, -0.000000000000000000 ) ) ;
#6316 = FILL_AREA_STYLE ('',( #7505 ) ) ;
#6317 = ADVANCED_FACE ( 'NONE', ( #5776 ), #5628, .F. ) ;
#6318 = DIRECTION ( 'NONE',  ( 0.000000000000000000, 0.000000000000000000, 1.000000000000000000 ) ) ;
#6319 = PRESENTATION_STYLE_ASSIGNMENT (( #4439 ) ) ;
#6320 = STYLED_ITEM ( 'NONE', ( #144 ), #3205 ) ;
#6321 = EDGE_CURVE ( 'NONE', #1904, #756, #6295, .T. ) ;
#6322 = VERTEX_POINT ( 'NONE', #2077 ) ;
#6323 = AXIS2_PLACEMENT_3D ( 'NONE', #381, #5213, #7674 ) ;
#6324 = DIRECTION ( 'NONE',  ( 1.000000000000000000, 0.000000000000000000, -0.000000000000000000 ) ) ;
#6325 = FILL_AREA_STYLE_COLOUR ( '', #5247 ) ;
#6326 = CARTESIAN_POINT ( 'NONE',  ( -75.00000000000000000, 21.39999764240106117, -42.50000030364437009 ) ) ;
#6327 = CARTESIAN_POINT ( 'NONE',  ( 75.00000000000000000, 30.49999982145801170, -35.50000168932675848 ) ) ;
#6328 = ORIENTED_EDGE ( 'NONE', *, *, #7005, .T. ) ;
#6329 = FACE_OUTER_BOUND ( 'NONE', #4560, .T. ) ;
#6330 = LINE ( 'NONE', #902, #3746 ) ;
#6331 = PRESENTATION_LAYER_ASSIGNMENT (  '', '', ( #1391 ) ) ;
#6332 = ORIENTED_EDGE ( 'NONE', *, *, #7736, .T. ) ;
#6333 =( LENGTH_UNIT ( ) NAMED_UNIT ( * ) SI_UNIT ( .MILLI., .METRE. ) );
#6334 = PRESENTATION_STYLE_ASSIGNMENT (( #263 ) ) ;
#6335 = PRESENTATION_STYLE_ASSIGNMENT (( #2666 ) ) ;
#6336 = DIRECTION ( 'NONE',  ( -1.000000000000000000, -0.000000000000000000, -0.000000000000000000 ) ) ;
#6337 = ORIENTED_EDGE ( 'NONE', *, *, #6746, .F. ) ;
#6338 = VECTOR ( 'NONE', #1059, 1000.000000000000000 ) ;
#6339 = PLANE ( 'NONE',  #3430 ) ;
#6340 = ORIENTED_EDGE ( 'NONE', *, *, #4467, .T. ) ;
#6341 = CARTESIAN_POINT ( 'NONE',  ( -75.00000000000000000, -25.39999998106550194, 42.50000001348644219 ) ) ;
#6342 = DIRECTION ( 'NONE',  ( 0.000000000000000000, -0.9659257951883677418, -0.2588191611718874130 ) ) ;
#6343 = EDGE_CURVE ( 'NONE', #1290, #4686, #4976, .T. ) ;
#6344 = VERTEX_POINT ( 'NONE', #4498 ) ;
#6345 = PRESENTATION_STYLE_ASSIGNMENT (( #3932 ) ) ;
#6346 = DIRECTION ( 'NONE',  ( 0.000000000000000000, -1.000000000000000000, 0.000000000000000000 ) ) ;
#6347 = ORIENTED_EDGE ( 'NONE', *, *, #4310, .F. ) ;
#6348 =( LENGTH_UNIT ( ) NAMED_UNIT ( * ) SI_UNIT ( .MILLI., .METRE. ) );
#6349 = SURFACE_SIDE_STYLE ('',( #5755 ) ) ;
#6350 = CARTESIAN_POINT ( 'NONE',  ( -75.00000000000000000, -11.80000183164951366, -41.65000080344623257 ) ) ;
#6351 = CARTESIAN_POINT ( 'NONE',  ( 75.00000000000000000, 25.59999815885450758, -39.60057930441600860 ) ) ;
#6352 = DIRECTION ( 'NONE',  ( -1.000000000000000000, -0.000000000000000000, -0.000000000000000000 ) ) ;
#6353 = SURFACE_STYLE_FILL_AREA ( #404 ) ;
#6354 = PLANE ( 'NONE',  #1847 ) ;
#6355 = VERTEX_POINT ( 'NONE', #1492 ) ;
#6356 = PRESENTATION_LAYER_ASSIGNMENT (  '', '', ( #7016 ) ) ;
#6357 = FACE_OUTER_BOUND ( 'NONE', #7633, .T. ) ;
#6358 = EDGE_CURVE ( 'NONE', #7534, #2661, #340, .T. ) ;
#6359 = FILL_AREA_STYLE_COLOUR ( '', #2870 ) ;
#6360 =( LENGTH_UNIT ( ) NAMED_UNIT ( * ) SI_UNIT ( .MILLI., .METRE. ) );
#6361 =( NAMED_UNIT ( * ) SI_UNIT ( $, .STERADIAN. ) SOLID_ANGLE_UNIT ( ) );
#6362 = ORIENTED_EDGE ( 'NONE', *, *, #7798, .T. ) ;
#6363 = VECTOR ( 'NONE', #2962, 1000.000000000000000 ) ;
#6364 = LINE ( 'NONE', #1445, #3129 ) ;
#6365 = VECTOR ( 'NONE', #2708, 1000.000000000000000 ) ;
#6366 = EDGE_CURVE ( 'NONE', #6382, #2593, #3885, .T. ) ;
#6367 =( GEOMETRIC_REPRESENTATION_CONTEXT ( 3 ) GLOBAL_UNCERTAINTY_ASSIGNED_CONTEXT ( ( #4037 ) ) GLOBAL_UNIT_ASSIGNED_CONTEXT ( ( #4618, #6504, #512 ) ) REPRESENTATION_CONTEXT ( 'NONE', 'WORKASPACE' ) );
#6368 = SURFACE_STYLE_USAGE ( .BOTH. , #1963 ) ;
#6369 = SURFACE_SIDE_STYLE ('',( #5660 ) ) ;
#6370 = COLOUR_RGB ( '',0.8980392156862745390, 0.9176470588235293713, 0.9294117647058823817 ) ;
#6371 = FILL_AREA_STYLE ('',( #1559 ) ) ;
#6372 = VECTOR ( 'NONE', #4857, 1000.000000000000000 ) ;
#6373 = ORIENTED_EDGE ( 'NONE', *, *, #14, .T. ) ;
#6374 = LINE ( 'NONE', #3252, #6955 ) ;
#6375 = SURFACE_SIDE_STYLE ('',( #3919 ) ) ;
#6376 = DIRECTION ( 'NONE',  ( -1.000000000000000000, -0.000000000000000000, -0.000000000000000000 ) ) ;
#6377 = ADVANCED_FACE ( 'NONE', ( #4532 ), #6991, .F. ) ;
#6378 = ADVANCED_FACE ( 'NONE', ( #1562 ), #3415, .T. ) ;
#6379 = CLOSED_SHELL ( 'NONE', ( #1254, #4856, #6084, #1516, #1666, #3383, #3418, #6701, #736, #21, #5185, #113, #2524, #4170, #87, #4013, #2919, #3773, #952, #3156, #4370, #3258, #143, #5423, #5791, #6224, #7422, #6272, #2473, #7835, #4802, #153, #7311, #3008, #2906, #3189, #5097, #687, #778, #2703, #5963, #6622, #4673, #4493, #6567, #3963, #2991, #456, #7520, #1271, #2150, #7437, #903, #7149, #3279, #7263, #3898, #7169, #3892, #6829, #2342, #4556, #5642, #6952, #3996, #7669, #7495, #3267, #7870, #5084, #6670, #7339, #3533, #5672, #6494, #6521, #1327, #7828, #5301, #3848, #250, #2378, #7718 ) ) ;
#6380 = DIRECTION ( 'NONE',  ( 0.000000000000000000, 0.000000000000000000, -1.000000000000000000 ) ) ;
#6381 = UNCERTAINTY_MEASURE_WITH_UNIT (LENGTH_MEASURE( 1.000000000000000082E-05 ), #6712, 'distance_accuracy_value', 'NONE');
#6382 = VERTEX_POINT ( 'NONE', #1649 ) ;
#6383 = EDGE_CURVE ( 'NONE', #4704, #3293, #6491, .T. ) ;
#6384 = PRESENTATION_STYLE_ASSIGNMENT (( #3853 ) ) ;
#6385 = LINE ( 'NONE', #877, #6157 ) ;
#6386 = ORIENTED_EDGE ( 'NONE', *, *, #2621, .F. ) ;
#6387 =( NAMED_UNIT ( * ) PLANE_ANGLE_UNIT ( ) SI_UNIT ( $, .RADIAN. ) );
#6388 = SURFACE_SIDE_STYLE ('',( #7001 ) ) ;
#6389 = ORIENTED_EDGE ( 'NONE', *, *, #4374, .T. ) ;
#6390 = FILL_AREA_STYLE ('',( #7003 ) ) ;
#6391 = AXIS2_PLACEMENT_3D ( 'NONE', #2669, #1020, #5099 ) ;
#6392 = ORIENTED_EDGE ( 'NONE', *, *, #5765, .F. ) ;
#6393 = LINE ( 'NONE', #3351, #2595 ) ;
#6394 = SURFACE_STYLE_USAGE ( .BOTH. , #7694 ) ;
#6395 = CARTESIAN_POINT ( 'NONE',  ( 75.00000000000000000, 23.19999830997313595, -40.30000031556529905 ) ) ;
#6396 = EDGE_CURVE ( 'NONE', #5062, #1284, #6534, .T. ) ;
#6397 = CARTESIAN_POINT ( 'NONE',  ( -75.00000000000000000, 17.19999732649655400, -40.30000031556529905 ) ) ;
#6398 = VECTOR ( 'NONE', #1276, 1000.000000000000000 ) ;
#6399 = ORIENTED_EDGE ( 'NONE', *, *, #2315, .T. ) ;
#6400 = SURFACE_STYLE_USAGE ( .BOTH. , #7628 ) ;
#6401 = AXIS2_PLACEMENT_3D ( 'NONE', #4477, #887, #3272 ) ;
#6402 = CARTESIAN_POINT ( 'NONE',  ( 75.00000000000000000, -8.800001402694260122, -42.64999993665134070 ) ) ;
#6403 =( NAMED_UNIT ( * ) PLANE_ANGLE_UNIT ( ) SI_UNIT ( $, .RADIAN. ) );
#6404 = ORIENTED_EDGE ( 'NONE', *, *, #1991, .F. ) ;
#6405 = AXIS2_PLACEMENT_3D ( 'NONE', #7570, #3893, #954 ) ;
#6406 = EDGE_CURVE ( 'NONE', #1290, #4995, #7117, .T. ) ;
#6407 =( NAMED_UNIT ( * ) PLANE_ANGLE_UNIT ( ) SI_UNIT ( $, .RADIAN. ) );
#6408 = SURFACE_STYLE_FILL_AREA ( #5891 ) ;
#6409 = MECHANICAL_DESIGN_GEOMETRIC_PRESENTATION_REPRESENTATION (  '', ( #5131 ), #1347 ) ;
#6410 = EDGE_LOOP ( 'NONE', ( #241, #595, #5186, #1560 ) ) ;
#6411 = STYLED_ITEM ( 'NONE', ( #7014 ), #2150 ) ;
#6412 = CONTEXT_DEPENDENT_SHAPE_REPRESENTATION ( #3799, #6498 ) ;
#6413 = CARTESIAN_POINT ( 'NONE',  ( -75.00000000000000000, -8.800001402694260122, -42.64999993665134070 ) ) ;
#6414 = VECTOR ( 'NONE', #3214, 1000.000000000000000 ) ;
#6415 = VECTOR ( 'NONE', #2759, 1000.000000000000000 ) ;
#6416 = EDGE_CURVE ( 'NONE', #5360, #4114, #1605, .T. ) ;
#6417 = EDGE_CURVE ( 'NONE', #4470, #6599, #3377, .T. ) ;
#6418 = ORIENTED_EDGE ( 'NONE', *, *, #5133, .T. ) ;
#6419 = COLOUR_RGB ( '',0.8980392156862745390, 0.9176470588235293713, 0.9294117647058823817 ) ;
#6420 = SURFACE_STYLE_FILL_AREA ( #1614 ) ;
#6421 = DIRECTION ( 'NONE',  ( 0.000000000000000000, 0.000000000000000000, 1.000000000000000000 ) ) ;
#6422 = ORIENTED_EDGE ( 'NONE', *, *, #1938, .F. ) ;
#6423 = UNCERTAINTY_MEASURE_WITH_UNIT (LENGTH_MEASURE( 1.000000000000000082E-05 ), #4316, 'distance_accuracy_value', 'NONE');
#6424 = LINE ( 'NONE', #3616, #2712 ) ;
#6425 = CARTESIAN_POINT ( 'NONE',  ( 75.00000000000000000, 25.65176337868377132, 39.60739484896458862 ) ) ;
#6426 = ORIENTED_EDGE ( 'NONE', *, *, #2649, .T. ) ;
#6427 = COLOUR_RGB ( '',0.8980392156862745390, 0.9176470588235293713, 0.9294117647058823817 ) ;
#6428 = DIRECTION ( 'NONE',  ( 0.000000000000000000, -1.000000000000000000, 0.000000000000000000 ) ) ;
#6429 = FACE_OUTER_BOUND ( 'NONE', #4181, .T. ) ;
#6430 = FILL_AREA_STYLE ('',( #781 ) ) ;
#6431 = ORIENTED_EDGE ( 'NONE', *, *, #5905, .F. ) ;
#6432 = SURFACE_STYLE_USAGE ( .BOTH. , #3974 ) ;
#6433 = DIRECTION ( 'NONE',  ( -1.000000000000000000, -0.000000000000000000, -0.000000000000000000 ) ) ;
#6434 = DIRECTION ( 'NONE',  ( 0.000000000000000000, 0.000000000000000000, -1.000000000000000000 ) ) ;
#6435 = CARTESIAN_POINT ( 'NONE',  ( 75.00000000000000000, 30.49999982145801170, 31.49999997960329523 ) ) ;
#6436 = CARTESIAN_POINT ( 'NONE',  ( 75.00000000000000000, -27.67378567386954202, -37.49999819837400139 ) ) ;
#6437 = FILL_AREA_STYLE_COLOUR ( '', #3687 ) ;
#6438 = FILL_AREA_STYLE_COLOUR ( '', #6031 ) ;
#6439 = VECTOR ( 'NONE', #3989, 1000.000000000000000 ) ;
#6440 = VERTEX_POINT ( 'NONE', #5305 ) ;
#6441 = PRESENTATION_LAYER_ASSIGNMENT (  '', '', ( #352 ) ) ;
#6442 = STYLED_ITEM ( 'NONE', ( #3109 ), #3008 ) ;
#6443 = STYLED_ITEM ( 'NONE', ( #4447 ), #1121 ) ;
#6444 = SURFACE_STYLE_USAGE ( .BOTH. , #3408 ) ;
#6445 = ORIENTED_EDGE ( 'NONE', *, *, #1647, .T. ) ;
#6446 =( LENGTH_UNIT ( ) NAMED_UNIT ( * ) SI_UNIT ( .MILLI., .METRE. ) );
#6447 = PRESENTATION_STYLE_ASSIGNMENT (( #578 ) ) ;
#6448 =( GEOMETRIC_REPRESENTATION_CONTEXT ( 3 ) GLOBAL_UNCERTAINTY_ASSIGNED_CONTEXT ( ( #6203 ) ) GLOBAL_UNIT_ASSIGNED_CONTEXT ( ( #1456, #5093, #2698 ) ) REPRESENTATION_CONTEXT ( 'NONE', 'WORKASPACE' ) );
#6449 = FILL_AREA_STYLE_COLOUR ( '', #5455 ) ;
#6450 = VERTEX_POINT ( 'NONE', #2776 ) ;
#6451 = EDGE_CURVE ( 'NONE', #528, #1882, #7029, .T. ) ;
#6452 = CARTESIAN_POINT ( 'NONE',  ( 75.00000000000000000, 27.72647435247628422, -39.04259214765039587 ) ) ;
#6453 = CARTESIAN_POINT ( 'NONE',  ( 75.00000000000000000, 30.49999982145801170, 35.50000063525438776 ) ) ;
#6454 = VECTOR ( 'NONE', #2137, 1000.000000000000000 ) ;
#6455 = ORIENTED_EDGE ( 'NONE', *, *, #5504, .F. ) ;
#6456 = CIRCLE ( 'NONE', #7510, 1.250000000000126121 ) ;
#6457 = EDGE_CURVE ( 'NONE', #6709, #518, #5212, .T. ) ;
#6458 = SURFACE_STYLE_USAGE ( .BOTH. , #2987 ) ;
#6459 = DIRECTION ( 'NONE',  ( 0.000000000000000000, 0.000000000000000000, 1.000000000000000000 ) ) ;
#6460 = EDGE_LOOP ( 'NONE', ( #5886, #413, #152, #7773 ) ) ;
#6461 = DIRECTION ( 'NONE',  ( -0.000000000000000000, -0.000000000000000000, 1.000000000000000000 ) ) ;
#6462 = EDGE_CURVE ( 'NONE', #5055, #5411, #5007, .T. ) ;
#6463 = CARTESIAN_POINT ( 'NONE',  ( -75.00000000000000000, -14.80000044616175359, 43.95000028057852148 ) ) ;
#6464 = VERTEX_POINT ( 'NONE', #1134 ) ;
#6465 = CIRCLE ( 'NONE', #6993, 0.1999999999999640954 ) ;
#6466 = LINE ( 'NONE', #4737, #6909 ) ;
#6467 = DIRECTION ( 'NONE',  ( 0.000000000000000000, 0.000000000000000000, -1.000000000000000000 ) ) ;
#6468 = DIRECTION ( 'NONE',  ( -1.000000000000000000, -0.000000000000000000, -0.000000000000000000 ) ) ;
#6469 = ORIENTED_EDGE ( 'NONE', *, *, #795, .F. ) ;
#6470 =( LENGTH_UNIT ( ) NAMED_UNIT ( * ) SI_UNIT ( .MILLI., .METRE. ) );
#6471 = LINE ( 'NONE', #2795, #5912 ) ;
#6472 = EDGE_CURVE ( 'NONE', #1670, #1060, #1057, .T. ) ;
#6473 = LINE ( 'NONE', #1042, #5531 ) ;
#6474 = VERTEX_POINT ( 'NONE', #2278 ) ;
#6475 = DIRECTION ( 'NONE',  ( -0.000000000000000000, -0.000000000000000000, 1.000000000000000000 ) ) ;
#6476 = STYLED_ITEM ( 'NONE', ( #4195 ), #7495 ) ;
#6477 = DIRECTION ( 'NONE',  ( -1.000000000000000000, -0.000000000000000000, -0.000000000000000000 ) ) ;
#6478 = ORIENTED_EDGE ( 'NONE', *, *, #1764, .T. ) ;
#6479 = PRESENTATION_STYLE_ASSIGNMENT (( #1639 ) ) ;
#6480 =( NAMED_UNIT ( * ) SI_UNIT ( $, .STERADIAN. ) SOLID_ANGLE_UNIT ( ) );
#6481 = VERTEX_POINT ( 'NONE', #4929 ) ;
#6482 = SURFACE_SIDE_STYLE ('',( #4717 ) ) ;
#6483 = CARTESIAN_POINT ( 'NONE',  ( -75.00000000000000000, 27.38059917657406217, 37.75176410239702562 ) ) ;
#6484 = VECTOR ( 'NONE', #7039, 1000.000000000000000 ) ;
#6485 = UNCERTAINTY_MEASURE_WITH_UNIT (LENGTH_MEASURE( 1.000000000000000082E-05 ), #1498, 'distance_accuracy_value', 'NONE');
#6486 = ORIENTED_EDGE ( 'NONE', *, *, #1796, .T. ) ;
#6487 = DIRECTION ( 'NONE',  ( 0.000000000000000000, -0.000000000000000000, -1.000000000000000000 ) ) ;
#6488 = AXIS2_PLACEMENT_3D ( 'NONE', #1976, #4271, #686 ) ;
#6489 = CARTESIAN_POINT ( 'NONE',  ( 0.000000000000000000, 0.000000000000000000, 0.000000000000000000 ) ) ;
#6490 = DIRECTION ( 'NONE',  ( 0.000000000000000000, 0.000000000000000000, -1.000000000000000000 ) ) ;
#6491 = LINE ( 'NONE', #2902, #6669 ) ;
#6492 = DIRECTION ( 'NONE',  ( 0.000000000000000000, 0.000000000000000000, -1.000000000000000000 ) ) ;
#6493 = DIRECTION ( 'NONE',  ( -1.000000000000000000, -0.000000000000000000, -0.000000000000000000 ) ) ;
#6494 = ADVANCED_FACE ( 'NONE', ( #4807 ), #1848, .F. ) ;
#6495 = UNCERTAINTY_MEASURE_WITH_UNIT (LENGTH_MEASURE( 1.000000000000000082E-05 ), #1507, 'distance_accuracy_value', 'NONE');
#6496 = COLOUR_RGB ( '',0.8980392156862745390, 0.9176470588235293713, 0.9294117647058823817 ) ;
#6497 = AXIS2_PLACEMENT_3D ( 'NONE', #5784, #5100, #271 ) ;
#6498 = PRODUCT_DEFINITION_SHAPE ( 'NONE', 'NONE',  #7903 ) ;
#6499 = ORIENTED_EDGE ( 'NONE', *, *, #1768, .F. ) ;
#6500 = FACE_OUTER_BOUND ( 'NONE', #2253, .T. ) ;
#6501 = DIRECTION ( 'NONE',  ( -1.000000000000000000, -0.000000000000000000, -0.000000000000000000 ) ) ;
#6502 = ORIENTED_EDGE ( 'NONE', *, *, #1611, .F. ) ;
#6503 = EDGE_CURVE ( 'NONE', #5271, #1767, #1297, .T. ) ;
#6504 =( NAMED_UNIT ( * ) PLANE_ANGLE_UNIT ( ) SI_UNIT ( $, .RADIAN. ) );
#6505 = UNCERTAINTY_MEASURE_WITH_UNIT (LENGTH_MEASURE( 1.000000000000000082E-05 ), #1819, 'distance_accuracy_value', 'NONE');
#6506 = ORIENTED_EDGE ( 'NONE', *, *, #487, .T. ) ;
#6507 = SURFACE_SIDE_STYLE ('',( #1660 ) ) ;
#6508 = CARTESIAN_POINT ( 'NONE',  ( 75.00000000000000000, -30.20000114037598493, 33.50000040091684639 ) ) ;
#6509 = CARTESIAN_POINT ( 'NONE',  ( -75.00000000000000000, -31.89999982714642002, -4.849999706493690610 ) ) ;
#6510 = ORIENTED_EDGE ( 'NONE', *, *, #4089, .T. ) ;
#6511 = CARTESIAN_POINT ( 'NONE',  ( 75.00000000000000000, -11.80000073208403322, 43.65000085391204721 ) ) ;
#6512 = DIRECTION ( 'NONE',  ( 0.000000000000000000, 0.000000000000000000, 1.000000000000000000 ) ) ;
#6513 =( LENGTH_UNIT ( ) NAMED_UNIT ( * ) SI_UNIT ( .MILLI., .METRE. ) );
#6514 = PRESENTATION_STYLE_ASSIGNMENT (( #2295 ) ) ;
#6515 = LINE ( 'NONE', #522, #4697 ) ;
#6516 = ORIENTED_EDGE ( 'NONE', *, *, #3484, .T. ) ;
#6517 = CIRCLE ( 'NONE', #2321, 1.299999999999995604 ) ;
#6518 = DIRECTION ( 'NONE',  ( 0.000000000000000000, -0.000000000000000000, 1.000000000000000000 ) ) ;
#6519 =( GEOMETRIC_REPRESENTATION_CONTEXT ( 3 ) GLOBAL_UNCERTAINTY_ASSIGNED_CONTEXT ( ( #377 ) ) GLOBAL_UNIT_ASSIGNED_CONTEXT ( ( #3194, #6114, #1909 ) ) REPRESENTATION_CONTEXT ( 'NONE', 'WORKASPACE' ) );
#6520 = STYLED_ITEM ( 'NONE', ( #1735 ), #3898 ) ;
#6521 = ADVANCED_FACE ( 'NONE', ( #2396 ), #7237, .F. ) ;
#6522 = FILL_AREA_STYLE_COLOUR ( '', #3375 ) ;
#6523 = SURFACE_STYLE_FILL_AREA ( #5416 ) ;
#6524 = PRESENTATION_STYLE_ASSIGNMENT (( #6444 ) ) ;
#6525 = ORIENTED_EDGE ( 'NONE', *, *, #5404, .F. ) ;
#6526 = SURFACE_STYLE_USAGE ( .BOTH. , #7145 ) ;
#6527 = CIRCLE ( 'NONE', #1698, 1.250000000000028866 ) ;
#6528 = CIRCLE ( 'NONE', #1076, 1.299999325380794879 ) ;
#6529 = MECHANICAL_DESIGN_GEOMETRIC_PRESENTATION_REPRESENTATION (  '', ( #1835 ), #1081 ) ;
#6530 = VERTEX_POINT ( 'NONE', #4289 ) ;
#6531 = LINE ( 'NONE', #3489, #7564 ) ;
#6532 =( GEOMETRIC_REPRESENTATION_CONTEXT ( 3 ) GLOBAL_UNCERTAINTY_ASSIGNED_CONTEXT ( ( #6485 ) ) GLOBAL_UNIT_ASSIGNED_CONTEXT ( ( #1498, #1531, #6229 ) ) REPRESENTATION_CONTEXT ( 'NONE', 'WORKASPACE' ) );
#6533 = FACE_OUTER_BOUND ( 'NONE', #3198, .T. ) ;
#6534 = LINE ( 'NONE', #981, #6790 ) ;
#6535 = LINE ( 'NONE', #463, #2262 ) ;
#6536 =( LENGTH_UNIT ( ) NAMED_UNIT ( * ) SI_UNIT ( .MILLI., .METRE. ) );
#6537 = AXIS2_PLACEMENT_3D ( 'NONE', #5345, #502, #7804 ) ;
#6538 = AXIS2_PLACEMENT_3D ( 'NONE', #5914, #5878, #4064 ) ;
#6539 = ORIENTED_EDGE ( 'NONE', *, *, #5879, .F. ) ;
#6540 = EDGE_CURVE ( 'NONE', #372, #6878, #5548, .T. ) ;
#6541 = FILL_AREA_STYLE_COLOUR ( '', #420 ) ;
#6542 = FILL_AREA_STYLE_COLOUR ( '', #5392 ) ;
#6543 = PRESENTATION_LAYER_ASSIGNMENT (  '', '', ( #4107 ) ) ;
#6544 = VERTEX_POINT ( 'NONE', #1176 ) ;
#6545 = AXIS2_PLACEMENT_3D ( 'NONE', #5001, #4882, #7469 ) ;
#6546 =( LENGTH_UNIT ( ) NAMED_UNIT ( * ) SI_UNIT ( .MILLI., .METRE. ) );
#6547 = CARTESIAN_POINT ( 'NONE',  ( -75.00000000000000000, -30.10000102222012330, 47.00000028057884549 ) ) ;
#6548 = PRESENTATION_LAYER_ASSIGNMENT (  '', '', ( #7595 ) ) ;
#6549 = VERTEX_POINT ( 'NONE', #2511 ) ;
#6550 = FILL_AREA_STYLE_COLOUR ( '', #5987 ) ;
#6551 = EDGE_CURVE ( 'NONE', #4213, #4859, #585, .T. ) ;
#6552 = DIRECTION ( 'NONE',  ( 0.000000000000000000, -5.156579219945399784E-08, 0.9999999999999986677 ) ) ;
#6553 =( LENGTH_UNIT ( ) NAMED_UNIT ( * ) SI_UNIT ( .MILLI., .METRE. ) );
#6554 = VERTEX_POINT ( 'NONE', #1331 ) ;
#6555 = FILL_AREA_STYLE ('',( #4868 ) ) ;
#6556 = CARTESIAN_POINT ( 'NONE',  ( 75.00000000000000000, 25.59999815885450758, -39.80057930441510905 ) ) ;
#6557 = CARTESIAN_POINT ( 'NONE',  ( 75.00000000000000000, -1.689488657688485995, 42.50000031431354586 ) ) ;
#6558 = DIRECTION ( 'NONE',  ( 0.000000000000000000, 1.000000000000000000, 0.000000000000000000 ) ) ;
#6559 = DIRECTION ( 'NONE',  ( -0.000000000000000000, -0.000000000000000000, -1.000000000000000000 ) ) ;
#6560 = VECTOR ( 'NONE', #2648, 1000.000000000000000 ) ;
#6561 = ORIENTED_EDGE ( 'NONE', *, *, #7619, .F. ) ;
#6562 = DIRECTION ( 'NONE',  ( -1.000000000000000000, -0.000000000000000000, -0.000000000000000000 ) ) ;
#6563 = AXIS2_PLACEMENT_3D ( 'NONE', #5929, #4648, #7673 ) ;
#6564 = CARTESIAN_POINT ( 'NONE',  ( -75.00000000000000000, -26.94259426488459752, 39.92647634305149751 ) ) ;
#6565 = ORIENTED_EDGE ( 'NONE', *, *, #7768, .F. ) ;
#6566 = FILL_AREA_STYLE_COLOUR ( '', #3298 ) ;
#6567 = ADVANCED_FACE ( 'NONE', ( #2980 ), #2938, .F. ) ;
#6568 = COLOUR_RGB ( '',0.8980392156862745390, 0.9176470588235293713, 0.9294117647058823817 ) ;
#6569 = ORIENTED_EDGE ( 'NONE', *, *, #1417, .T. ) ;
#6570 = FILL_AREA_STYLE_COLOUR ( '', #637 ) ;
#6571 = CARTESIAN_POINT ( 'NONE',  ( -75.00000000000000000, 30.49999982145801170, -31.49999917103074054 ) ) ;
#6572 = EDGE_CURVE ( 'NONE', #4373, #7429, #7591, .T. ) ;
#6573 = SURFACE_STYLE_FILL_AREA ( #3568 ) ;
#6574 = UNCERTAINTY_MEASURE_WITH_UNIT (LENGTH_MEASURE( 1.000000000000000082E-05 ), #6553, 'distance_accuracy_value', 'NONE');
#6575 = LINE ( 'NONE', #5378, #2324 ) ;
#6576 =( NAMED_UNIT ( * ) SI_UNIT ( $, .STERADIAN. ) SOLID_ANGLE_UNIT ( ) );
#6577 = PRESENTATION_LAYER_ASSIGNMENT (  '', '', ( #5567 ) ) ;
#6578 = SURFACE_STYLE_FILL_AREA ( #2197 ) ;
#6579 = CARTESIAN_POINT ( 'NONE',  ( -75.00000000000000000, -32.49999880790716134, 4.849999997531995177 ) ) ;
#6580 = AXIS2_PLACEMENT_3D ( 'NONE', #7634, #7064, #3911 ) ;
#6581 = ORIENTED_EDGE ( 'NONE', *, *, #4208, .T. ) ;
#6582 = SURFACE_SIDE_STYLE ('',( #5863 ) ) ;
#6583 = ORIENTED_EDGE ( 'NONE', *, *, #529, .F. ) ;
#6584 = LINE ( 'NONE', #4022, #6663 ) ;
#6585 = SURFACE_STYLE_USAGE ( .BOTH. , #4012 ) ;
#6586 = MECHANICAL_DESIGN_GEOMETRIC_PRESENTATION_REPRESENTATION (  '', ( #505 ), #1512 ) ;
#6587 = ORIENTED_EDGE ( 'NONE', *, *, #363, .T. ) ;
#6588 = FILL_AREA_STYLE_COLOUR ( '', #5511 ) ;
#6589 = PRESENTATION_STYLE_ASSIGNMENT (( #646 ) ) ;
#6590 = DIRECTION ( 'NONE',  ( -1.000000000000000000, -0.000000000000000000, -0.000000000000000000 ) ) ;
#6591 = ORIENTED_EDGE ( 'NONE', *, *, #5983, .T. ) ;
#6592 = SURFACE_STYLE_FILL_AREA ( #519 ) ;
#6593 = DIRECTION ( 'NONE',  ( -1.000000000000000000, 0.000000000000000000, -0.000000000000000000 ) ) ;
#6594 = DIRECTION ( 'NONE',  ( -1.000000000000000000, -0.000000000000000000, -0.000000000000000000 ) ) ;
#6595 = LINE ( 'NONE', #3002, #6880 ) ;
#6596 =( NAMED_UNIT ( * ) PLANE_ANGLE_UNIT ( ) SI_UNIT ( $, .RADIAN. ) );
#6597 = EDGE_CURVE ( 'NONE', #2477, #7837, #2654, .T. ) ;
#6598 = STYLED_ITEM ( 'NONE', ( #2199 ), #7230 ) ;
#6599 = VERTEX_POINT ( 'NONE', #4486 ) ;
#6600 = SURFACE_STYLE_FILL_AREA ( #6041 ) ;
#6601 = DIRECTION ( 'NONE',  ( -1.000000000000000000, -0.000000000000000000, -0.000000000000000000 ) ) ;
#6602 = ORIENTED_EDGE ( 'NONE', *, *, #6902, .T. ) ;
#6603 = COLOUR_RGB ( '',0.8980392156862745390, 0.9176470588235293713, 0.9294117647058823817 ) ;
#6604 = DIRECTION ( 'NONE',  ( 0.000000000000000000, -0.000000000000000000, -1.000000000000000000 ) ) ;
#6605 = ORIENTED_EDGE ( 'NONE', *, *, #7073, .T. ) ;
#6606 = FILL_AREA_STYLE ('',( #415 ) ) ;
#6607 = DIRECTION ( 'NONE',  ( -1.000000000000000000, -0.000000000000000000, -0.000000000000000000 ) ) ;
#6608 = EDGE_CURVE ( 'NONE', #6779, #4470, #3172, .T. ) ;
#6609 = DIRECTION ( 'NONE',  ( 0.000000000000000000, -0.9659258960016118278, -0.2588187849316264111 ) ) ;
#6610 = CARTESIAN_POINT ( 'NONE',  ( -75.00000000000000000, 25.59999815885450758, -39.60057930441600860 ) ) ;
#6611 = SURFACE_STYLE_USAGE ( .BOTH. , #1215 ) ;
#6612 = EDGE_CURVE ( 'NONE', #498, #6599, #216, .T. ) ;
#6613 = PLANE ( 'NONE',  #2734 ) ;
#6614 = DIRECTION ( 'NONE',  ( 0.000000000000000000, -1.000000000000000000, 0.000000000000000000 ) ) ;
#6615 = VECTOR ( 'NONE', #2177, 1000.000000000000000 ) ;
#6616 = SURFACE_STYLE_FILL_AREA ( #3135 ) ;
#6617 = DIRECTION ( 'NONE',  ( 0.000000000000000000, 0.000000000000000000, -1.000000000000000000 ) ) ;
#6618 = EDGE_CURVE ( 'NONE', #3540, #6464, #5049, .T. ) ;
#6619 =( NAMED_UNIT ( * ) SI_UNIT ( $, .STERADIAN. ) SOLID_ANGLE_UNIT ( ) );
#6620 = VERTEX_POINT ( 'NONE', #6327 ) ;
#6621 = MECHANICAL_DESIGN_GEOMETRIC_PRESENTATION_REPRESENTATION (  '', ( #5611 ), #159 ) ;
#6622 = ADVANCED_FACE ( 'NONE', ( #5587 ), #5124, .F. ) ;
#6623 = CARTESIAN_POINT ( 'NONE',  ( -75.00000000000000000, -31.89999982714642002, 44.84999910346232355 ) ) ;
#6624 = ORIENTED_EDGE ( 'NONE', *, *, #5645, .T. ) ;
#6625 = LINE ( 'NONE', #1226, #7696 ) ;
#6626 = MECHANICAL_DESIGN_GEOMETRIC_PRESENTATION_REPRESENTATION (  '', ( #7279 ), #5734 ) ;
#6627 = CIRCLE ( 'NONE', #2552, 1.250000000000056621 ) ;
#6628 = CARTESIAN_POINT ( 'NONE',  ( 0.000000000000000000, 0.000000000000000000, 0.000000000000000000 ) ) ;
#6629 = EDGE_CURVE ( 'NONE', #157, #1740, #254, .T. ) ;
#6630 = VERTEX_POINT ( 'NONE', #4365 ) ;
#6631 = VECTOR ( 'NONE', #5522, 1000.000000000000000 ) ;
#6632 = MECHANICAL_DESIGN_GEOMETRIC_PRESENTATION_REPRESENTATION (  '', ( #7671 ), #2558 ) ;
#6633 = FILL_AREA_STYLE_COLOUR ( '', #7615 ) ;
#6634 = LINE ( 'NONE', #4624, #5518 ) ;
#6635 = ORIENTED_EDGE ( 'NONE', *, *, #3860, .F. ) ;
#6636 =( LENGTH_UNIT ( ) NAMED_UNIT ( * ) SI_UNIT ( .MILLI., .METRE. ) );
#6637 = FILL_AREA_STYLE_COLOUR ( '', #5278 ) ;
#6638 = SURFACE_STYLE_FILL_AREA ( #6115 ) ;
#6639 = CARTESIAN_POINT ( 'NONE',  ( 75.00000000000000000, -8.799999860471286794, -43.94999933702638373 ) ) ;
#6640 = ORIENTED_EDGE ( 'NONE', *, *, #7561, .T. ) ;
#6641 = CARTESIAN_POINT ( 'NONE',  ( 75.00000000000000000, -5.500000435858909853, 40.30000031343661249 ) ) ;
#6642 =( NAMED_UNIT ( * ) PLANE_ANGLE_UNIT ( ) SI_UNIT ( $, .RADIAN. ) );
#6643 = ORIENTED_EDGE ( 'NONE', *, *, #306, .F. ) ;
#6644 = ADVANCED_FACE ( 'NONE', ( #6811 ), #936, .F. ) ;
#6645 = DIRECTION ( 'NONE',  ( 1.000000000000000000, 0.000000000000000000, 0.000000000000000000 ) ) ;
#6646 = SURFACE_SIDE_STYLE ('',( #5494 ) ) ;
#6647 = VERTEX_POINT ( 'NONE', #2303 ) ;
#6648 = DIRECTION ( 'NONE',  ( 0.000000000000000000, 0.000000000000000000, 1.000000000000000000 ) ) ;
#6649 = FACE_OUTER_BOUND ( 'NONE', #2001, .T. ) ;
#6650 = FILL_AREA_STYLE ('',( #4196 ) ) ;
#6651 = AXIS2_PLACEMENT_3D ( 'NONE', #2312, #17, #539 ) ;
#6652 = AXIS2_PLACEMENT_3D ( 'NONE', #4200, #7235, #4245 ) ;
#6653 = MECHANICAL_DESIGN_GEOMETRIC_PRESENTATION_REPRESENTATION (  '', ( #2198 ), #7683 ) ;
#6654 = CARTESIAN_POINT ( 'NONE',  ( 75.00000000000000000, -30.20000114037598493, 37.50000105656793892 ) ) ;
#6655 = FACE_OUTER_BOUND ( 'NONE', #6921, .T. ) ;
#6656 = UNCERTAINTY_MEASURE_WITH_UNIT (LENGTH_MEASURE( 1.000000000000000082E-05 ), #7506, 'distance_accuracy_value', 'NONE');
#6657 = SURFACE_STYLE_FILL_AREA ( #3570 ) ;
#6658 = ADVANCED_FACE ( 'NONE', ( #2186 ), #451, .F. ) ;
#6659 = DIRECTION ( 'NONE',  ( 0.000000000000000000, 0.000000000000000000, 1.000000000000000000 ) ) ;
#6660 = PRESENTATION_STYLE_ASSIGNMENT (( #3967 ) ) ;
#6661 = FILL_AREA_STYLE ('',( #2316 ) ) ;
#6662 = EDGE_LOOP ( 'NONE', ( #3286, #3747, #1581, #2157 ) ) ;
#6663 = VECTOR ( 'NONE', #2174, 1000.000000000000000 ) ;
#6664 = PRESENTATION_STYLE_ASSIGNMENT (( #4211 ) ) ;
#6665 = DIRECTION ( 'NONE',  ( 0.000000000000000000, -1.000000000000000000, 0.000000000000000000 ) ) ;
#6666 = ORIENTED_EDGE ( 'NONE', *, *, #5029, .T. ) ;
#6667 = CARTESIAN_POINT ( 'NONE',  ( 75.00000000000000000, 30.49999982145801170, -33.49999949885628325 ) ) ;
#6668 = UNCERTAINTY_MEASURE_WITH_UNIT (LENGTH_MEASURE( 1.000000000000000082E-05 ), #1680, 'distance_accuracy_value', 'NONE');
#6669 = VECTOR ( 'NONE', #380, 1000.000000000000000 ) ;
#6670 = ADVANCED_FACE ( 'NONE', ( #2731 ), #1674, .T. ) ;
#6671 = ORIENTED_EDGE ( 'NONE', *, *, #8, .F. ) ;
#6672 = FILL_AREA_STYLE ('',( #1148 ) ) ;
#6673 = VECTOR ( 'NONE', #4202, 1000.000000000000000 ) ;
#6674 = PRESENTATION_LAYER_ASSIGNMENT (  '', '', ( #4883 ) ) ;
#6675 = CARTESIAN_POINT ( 'NONE',  ( 75.00000000000000000, 28.19999814060689047, -35.50000168932675848 ) ) ;
#6676 = ORIENTED_EDGE ( 'NONE', *, *, #2865, .T. ) ;
#6677 =( NAMED_UNIT ( * ) SI_UNIT ( $, .STERADIAN. ) SOLID_ANGLE_UNIT ( ) );
#6678 = CARTESIAN_POINT ( 'NONE',  ( -75.00000000000000000, -28.14999991479055197, -38.99999913430374221 ) ) ;
#6679 = DIRECTION ( 'NONE',  ( 0.000000000000000000, -0.9999999999999964473, -8.356083377518722156E-08 ) ) ;
#6680 = MECHANICAL_DESIGN_GEOMETRIC_PRESENTATION_REPRESENTATION (  '', ( #4235 ), #76 ) ;
#6681 = ORIENTED_EDGE ( 'NONE', *, *, #4965, .T. ) ;
#6682 = DIRECTION ( 'NONE',  ( 0.000000000000000000, 0.000000000000000000, -1.000000000000000000 ) ) ;
#6683 = ORIENTED_EDGE ( 'NONE', *, *, #1478, .F. ) ;
#6684 = EDGE_CURVE ( 'NONE', #7442, #2518, #7838, .T. ) ;
#6685 = PLANE ( 'NONE',  #1620 ) ;
#6686 = VERTEX_POINT ( 'NONE', #4233 ) ;
#6687 = DIRECTION ( 'NONE',  ( -1.000000000000000000, -0.000000000000000000, -0.000000000000000000 ) ) ;
#6688 = FILL_AREA_STYLE_COLOUR ( '', #4755 ) ;
#6689 = ORIENTED_EDGE ( 'NONE', *, *, #2361, .T. ) ;
#6690 = DIRECTION ( 'NONE',  ( 0.000000000000000000, 0.000000000000000000, -1.000000000000000000 ) ) ;
#6691 = LINE ( 'NONE', #6243, #1723 ) ;
#6692 = FACE_OUTER_BOUND ( 'NONE', #4503, .T. ) ;
#6693 = UNCERTAINTY_MEASURE_WITH_UNIT (LENGTH_MEASURE( 1.000000000000000082E-05 ), #3273, 'distance_accuracy_value', 'NONE');
#6694 = COLOUR_RGB ( '',0.8980392156862745390, 0.9176470588235293713, 0.9294117647058823817 ) ;
#6695 = SURFACE_STYLE_USAGE ( .BOTH. , #537 ) ;
#6696 = FILL_AREA_STYLE ('',( #7233 ) ) ;
#6697 = AXIS2_PLACEMENT_3D ( 'NONE', #6097, #2436, #3175 ) ;
#6698 = SURFACE_SIDE_STYLE ('',( #6857 ) ) ;
#6699 = PRESENTATION_LAYER_ASSIGNMENT (  '', '', ( #7229 ) ) ;
#6700 =( NAMED_UNIT ( * ) SI_UNIT ( $, .STERADIAN. ) SOLID_ANGLE_UNIT ( ) );
#6701 = ADVANCED_FACE ( 'NONE', ( #4758 ), #4836, .F. ) ;
#6702 = CARTESIAN_POINT ( 'NONE',  ( 75.00000000000000000, 23.19999969756799274, 42.50000031431354586 ) ) ;
#6703 = EDGE_LOOP ( 'NONE', ( #2492, #4816, #7309, #6926 ) ) ;
#6704 =( NAMED_UNIT ( * ) SI_UNIT ( $, .STERADIAN. ) SOLID_ANGLE_UNIT ( ) );
#6705 = ORIENTED_EDGE ( 'NONE', *, *, #3881, .T. ) ;
#6706 = SURFACE_SIDE_STYLE ('',( #553 ) ) ;
#6707 = COLOUR_RGB ( '',0.8980392156862745390, 0.9176470588235293713, 0.9294117647058823817 ) ;
#6708 = VECTOR ( 'NONE', #1650, 1000.000000000000000 ) ;
#6709 = VERTEX_POINT ( 'NONE', #1289 ) ;
#6710 = ADVANCED_FACE ( 'NONE', ( #4879 ), #1881, .T. ) ;
#6711 = LINE ( 'NONE', #680, #1676 ) ;
#6712 =( LENGTH_UNIT ( ) NAMED_UNIT ( * ) SI_UNIT ( .MILLI., .METRE. ) );
#6713 =( NAMED_UNIT ( * ) PLANE_ANGLE_UNIT ( ) SI_UNIT ( $, .RADIAN. ) );
#6714 = APPLICATION_CONTEXT ( 'automotive_design' ) ;
#6715 = VERTEX_POINT ( 'NONE', #3564 ) ;
#6716 = SURFACE_STYLE_USAGE ( .BOTH. , #6159 ) ;
#6717 = EDGE_CURVE ( 'NONE', #5783, #1316, #3518, .T. ) ;
#6718 = UNCERTAINTY_MEASURE_WITH_UNIT (LENGTH_MEASURE( 1.000000000000000082E-05 ), #777, 'distance_accuracy_value', 'NONE');
#6719 = CARTESIAN_POINT ( 'NONE',  ( 75.00000000000000000, -11.80000044405465864, 43.49999860278330743 ) ) ;
#6720 = CARTESIAN_POINT ( 'NONE',  ( -75.00000000000000000, 27.57378382795413074, -37.49999829186200628 ) ) ;
#6721 = MECHANICAL_DESIGN_GEOMETRIC_PRESENTATION_REPRESENTATION (  '', ( #2136 ), #5582 ) ;
#6722 = AXIS2_PLACEMENT_3D ( 'NONE', #4441, #1441, #6286 ) ;
#6723 = VERTEX_POINT ( 'NONE', #5417 ) ;
#6724 = PLANE ( 'NONE',  #426 ) ;
#6725 = EDGE_LOOP ( 'NONE', ( #3326, #7269, #6399, #6337 ) ) ;
#6727 = VERTEX_POINT ( 'NONE', #5070 ) ;
#6726 = EDGE_CURVE ( 'NONE', #6630, #4272, #3085, .T. ) ;
#6728 = MECHANICAL_DESIGN_GEOMETRIC_PRESENTATION_REPRESENTATION (  '', ( #4025 ), #5821 ) ;
#6729 = DIRECTION ( 'NONE',  ( 0.000000000000000000, 0.000000000000000000, -1.000000000000000000 ) ) ;
#6730 = DIRECTION ( 'NONE',  ( -1.000000000000000000, -0.000000000000000000, -0.000000000000000000 ) ) ;
#6731 = ORIENTED_EDGE ( 'NONE', *, *, #1567, .T. ) ;
#6732 = CARTESIAN_POINT ( 'NONE',  ( 75.00000000000000000, -11.80000044405465864, 45.00000164262019098 ) ) ;
#6733 = DIRECTION ( 'NONE',  ( -1.000000000000000000, -0.000000000000000000, -0.000000000000000000 ) ) ;
#6734 = PLANE ( 'NONE',  #3470 ) ;
#6735 = ADVANCED_FACE ( 'NONE', ( #6169 ), #2058, .F. ) ;
#6736 = LINE ( 'NONE', #1798, #179 ) ;
#6737 = FILL_AREA_STYLE ('',( #1216 ) ) ;
#6738 = DIRECTION ( 'NONE',  ( 0.000000000000000000, 0.000000000000000000, 1.000000000000000000 ) ) ;
#6739 = LINE ( 'NONE', #1805, #2646 ) ;
#6740 = STYLED_ITEM ( 'NONE', ( #2549 ), #7311 ) ;
#6741 = PRESENTATION_STYLE_ASSIGNMENT (( #7195 ) ) ;
#6742 = VERTEX_POINT ( 'NONE', #7393 ) ;
#6743 =( GEOMETRIC_REPRESENTATION_CONTEXT ( 3 ) GLOBAL_UNCERTAINTY_ASSIGNED_CONTEXT ( ( #3727 ) ) GLOBAL_UNIT_ASSIGNED_CONTEXT ( ( #1667, #2726, #3939 ) ) REPRESENTATION_CONTEXT ( 'NONE', 'WORKASPACE' ) );
#6744 = DIRECTION ( 'NONE',  ( -0.000000000000000000, 3.236463088384848138E-07, 0.9999999999999477085 ) ) ;
#6745 = ORIENTED_EDGE ( 'NONE', *, *, #5051, .F. ) ;
#6746 = EDGE_CURVE ( 'NONE', #5055, #471, #5690, .T. ) ;
#6747 =( LENGTH_UNIT ( ) NAMED_UNIT ( * ) SI_UNIT ( .MILLI., .METRE. ) );
#6748 = MECHANICAL_DESIGN_GEOMETRIC_PRESENTATION_REPRESENTATION (  '', ( #7016 ), #3678 ) ;
#6749 = ORIENTED_EDGE ( 'NONE', *, *, #2802, .F. ) ;
#6750 = DIRECTION ( 'NONE',  ( 0.000000000000000000, 1.000000000000000000, 0.000000000000000000 ) ) ;
#6751 = ORIENTED_EDGE ( 'NONE', *, *, #265, .F. ) ;
#6752 = SURFACE_STYLE_USAGE ( .BOTH. , #1355 ) ;
#6753 = EDGE_CURVE ( 'NONE', #1878, #4814, #4113, .T. ) ;
#6754 = AXIS2_PLACEMENT_3D ( 'NONE', #2713, #2675, #2087 ) ;
#6755 =( GEOMETRIC_REPRESENTATION_CONTEXT ( 3 ) GLOBAL_UNCERTAINTY_ASSIGNED_CONTEXT ( ( #4082 ) ) GLOBAL_UNIT_ASSIGNED_CONTEXT ( ( #3547, #3030, #2911 ) ) REPRESENTATION_CONTEXT ( 'NONE', 'WORKASPACE' ) );
#6756 = STYLED_ITEM ( 'NONE', ( #1497 ), #4811 ) ;
#6757 = EDGE_LOOP ( 'NONE', ( #5415, #5444, #3494, #1077 ) ) ;
#6758 = CARTESIAN_POINT ( 'NONE',  ( 75.00000000000000000, 19.19999904191690021, 40.30000032623447481 ) ) ;
#6759 = EDGE_LOOP ( 'NONE', ( #2, #3502, #3715, #6666 ) ) ;
#6760 = ORIENTED_EDGE ( 'NONE', *, *, #4243, .T. ) ;
#6761 = AXIS2_PLACEMENT_3D ( 'NONE', #2837, #6346, #7045 ) ;
#6762 = FILL_AREA_STYLE ('',( #3044 ) ) ;
#6763 = CARTESIAN_POINT ( 'NONE',  ( 75.00000000000000000, -27.40000030889110860, -31.49999907754262551 ) ) ;
#6764 = ORIENTED_EDGE ( 'NONE', *, *, #4269, .T. ) ;
#6765 = DIRECTION ( 'NONE',  ( 1.000000000000000000, 0.000000000000000000, 0.000000000000000000 ) ) ;
#6766 = EDGE_CURVE ( 'NONE', #7662, #1555, #4355, .T. ) ;
#6767 = UNCERTAINTY_MEASURE_WITH_UNIT (LENGTH_MEASURE( 1.000000000000000082E-05 ), #2100, 'distance_accuracy_value', 'NONE');
#6768 = EDGE_CURVE ( 'NONE', #7855, #6046, #5576, .T. ) ;
#6769 = FILL_AREA_STYLE_COLOUR ( '', #7249 ) ;
#6770 = SURFACE_STYLE_FILL_AREA ( #6737 ) ;
#6771 = CARTESIAN_POINT ( 'NONE',  ( 75.00000000000000000, 27.72647574007116944, 39.04259301051518349 ) ) ;
#6772 =( NAMED_UNIT ( * ) PLANE_ANGLE_UNIT ( ) SI_UNIT ( $, .RADIAN. ) );
#6773 = FACE_OUTER_BOUND ( 'NONE', #4389, .T. ) ;
#6774 = VECTOR ( 'NONE', #1671, 1000.000000000000000 ) ;
#6775 = ORIENTED_EDGE ( 'NONE', *, *, #1094, .T. ) ;
#6776 =( GEOMETRIC_REPRESENTATION_CONTEXT ( 3 ) GLOBAL_UNCERTAINTY_ASSIGNED_CONTEXT ( ( #3993 ) ) GLOBAL_UNIT_ASSIGNED_CONTEXT ( ( #2451, #1701, #6677 ) ) REPRESENTATION_CONTEXT ( 'NONE', 'WORKASPACE' ) );
#6777 =( LENGTH_UNIT ( ) NAMED_UNIT ( * ) SI_UNIT ( .MILLI., .METRE. ) );
#6778 =( LENGTH_UNIT ( ) NAMED_UNIT ( * ) SI_UNIT ( .MILLI., .METRE. ) );
#6779 = VERTEX_POINT ( 'NONE', #284 ) ;
#6780 = AXIS2_PLACEMENT_3D ( 'NONE', #7296, #4903, #3033 ) ;
#6781 = CIRCLE ( 'NONE', #6401, 1.299999999999995604 ) ;
#6782 = EDGE_CURVE ( 'NONE', #3754, #2195, #6242, .T. ) ;
#6783 = ORIENTED_EDGE ( 'NONE', *, *, #2191, .F. ) ;
#6784 = FACE_OUTER_BOUND ( 'NONE', #3221, .T. ) ;
#6785 = CARTESIAN_POINT ( 'NONE',  ( 75.00000000000000000, -11.80000183164951366, -41.65000080344623257 ) ) ;
#6786 = VERTEX_POINT ( 'NONE', #244 ) ;
#6787 = DIRECTION ( 'NONE',  ( 0.000000000000000000, 0.000000000000000000, 1.000000000000000000 ) ) ;
#6788 = SURFACE_STYLE_FILL_AREA ( #5715 ) ;
#6789 = SURFACE_SIDE_STYLE ('',( #1946 ) ) ;
#6790 = VECTOR ( 'NONE', #1101, 1000.000000000000000 ) ;
#6791 = EDGE_CURVE ( 'NONE', #7459, #2415, #1404, .T. ) ;
#6792 = EDGE_LOOP ( 'NONE', ( #2694, #1399, #5509, #1324 ) ) ;
#6793 = CIRCLE ( 'NONE', #3341, 1.300000000000016476 ) ;
#6794 = ORIENTED_EDGE ( 'NONE', *, *, #2885, .F. ) ;
#6795 = CARTESIAN_POINT ( 'NONE',  ( 75.00000000000000000, -25.65176366949164688, -39.58059896715140979 ) ) ;
#6796 = ORIENTED_EDGE ( 'NONE', *, *, #4631, .F. ) ;
#6797 = DIRECTION ( 'NONE',  ( 0.000000000000000000, 0.000000000000000000, -1.000000000000000000 ) ) ;
#6798 = DIRECTION ( 'NONE',  ( 0.000000000000000000, 0.000000000000000000, 1.000000000000000000 ) ) ;
#6799 = ORIENTED_EDGE ( 'NONE', *, *, #1300, .T. ) ;
#6800 = COLOUR_RGB ( '',0.8980392156862745390, 0.9176470588235293713, 0.9294117647058823817 ) ;
#6801 =( NAMED_UNIT ( * ) SI_UNIT ( $, .STERADIAN. ) SOLID_ANGLE_UNIT ( ) );
#6802 = COLOUR_RGB ( '',0.8980392156862745390, 0.9176470588235293713, 0.9294117647058823817 ) ;
#6803 = LINE ( 'NONE', #3166, #7272 ) ;
#6804 = DIRECTION ( 'NONE',  ( 0.000000000000000000, 0.000000000000000000, -1.000000000000000000 ) ) ;
#6805 = FILL_AREA_STYLE_COLOUR ( '', #2872 ) ;
#6806 = CARTESIAN_POINT ( 'NONE',  ( 75.00000000000000000, -31.89999982714642002, -4.849999706493690610 ) ) ;
#6807 = VECTOR ( 'NONE', #4398, 1000.000000000000000 ) ;
#6808 = ADVANCED_FACE ( 'NONE', ( #206 ), #1364, .T. ) ;
#6809 = SURFACE_STYLE_USAGE ( .BOTH. , #4484 ) ;
#6810 = LINE ( 'NONE', #214, #1825 ) ;
#6811 = FACE_OUTER_BOUND ( 'NONE', #302, .T. ) ;
#6812 = EDGE_CURVE ( 'NONE', #5016, #694, #2097, .T. ) ;
#6813 = FILL_AREA_STYLE_COLOUR ( '', #6603 ) ;
#6814 = VECTOR ( 'NONE', #300, 1000.000000000000000 ) ;
#6815 = FILL_AREA_STYLE ('',( #6216 ) ) ;
#6816 =( REPRESENTATION_RELATIONSHIP ('NONE','NONE', #3028, #633 ) REPRESENTATION_RELATIONSHIP_WITH_TRANSFORMATION ( #5894 )SHAPE_REPRESENTATION_RELATIONSHIP( ) );
#6817 = ORIENTED_EDGE ( 'NONE', *, *, #6004, .T. ) ;
#6818 = CARTESIAN_POINT ( 'NONE',  ( -75.00000000000000000, -11.79999985836419718, -44.99999782597348741 ) ) ;
#6819 = VECTOR ( 'NONE', #868, 1000.000000000000000 ) ;
#6820 =( LENGTH_UNIT ( ) NAMED_UNIT ( * ) SI_UNIT ( .MILLI., .METRE. ) );
#6821 = SURFACE_STYLE_FILL_AREA ( #6151 ) ;
#6822 = EDGE_CURVE ( 'NONE', #912, #6982, #7011, .T. ) ;
#6823 = DIRECTION ( 'NONE',  ( 1.000000000000000000, 0.000000000000000000, 0.000000000000000000 ) ) ;
#6824 = VECTOR ( 'NONE', #7270, 1000.000000000000000 ) ;
#6825 = CARTESIAN_POINT ( 'NONE',  ( 75.00000000000000000, 28.04999815885442516, -41.49999943051178519 ) ) ;
#6826 = AXIS2_PLACEMENT_3D ( 'NONE', #2341, #527, #7353 ) ;
#6827 = MECHANICAL_DESIGN_GEOMETRIC_PRESENTATION_REPRESENTATION (  '', ( #7616 ), #4777 ) ;
#6828 = VERTEX_POINT ( 'NONE', #440 ) ;
#6829 = ADVANCED_FACE ( 'NONE', ( #924 ), #7658, .F. ) ;
#6830 = SURFACE_STYLE_USAGE ( .BOTH. , #5521 ) ;
#6831 = CIRCLE ( 'NONE', #2622, 1.299999325380794879 ) ;
#6832 = LINE ( 'NONE', #192, #1540 ) ;
#6833 = CARTESIAN_POINT ( 'NONE',  ( -75.00000000000000000, -11.80000073208399947, 41.65000052608650094 ) ) ;
#6834 = ORIENTED_EDGE ( 'NONE', *, *, #1905, .F. ) ;
#6835 = COLOUR_RGB ( '',0.8980392156862745390, 0.9176470588235293713, 0.9294117647058823817 ) ;
#6836 = CARTESIAN_POINT ( 'NONE',  ( 75.00000000000000000, -11.80000044405465864, 43.49999860278330743 ) ) ;
#6837 = PLANE ( 'NONE',  #7158 ) ;
#6838 = PRESENTATION_LAYER_ASSIGNMENT (  '', '', ( #235 ) ) ;
#6839 = ORIENTED_EDGE ( 'NONE', *, *, #1183, .F. ) ;
#6840 = FILL_AREA_STYLE_COLOUR ( '', #5507 ) ;
#6841 = VERTEX_POINT ( 'NONE', #6350 ) ;
#6842 = SURFACE_STYLE_FILL_AREA ( #4393 ) ;
#6843 = ORIENTED_EDGE ( 'NONE', *, *, #5504, .T. ) ;
#6844 = SURFACE_STYLE_FILL_AREA ( #888 ) ;
#6845 =( GEOMETRIC_REPRESENTATION_CONTEXT ( 3 ) GLOBAL_UNCERTAINTY_ASSIGNED_CONTEXT ( ( #1027 ) ) GLOBAL_UNIT_ASSIGNED_CONTEXT ( ( #4479, #323, #5071 ) ) REPRESENTATION_CONTEXT ( 'NONE', 'WORKASPACE' ) );
#6846 = UNCERTAINTY_MEASURE_WITH_UNIT (LENGTH_MEASURE( 1.000000000000000082E-05 ), #5777, 'distance_accuracy_value', 'NONE');
#6847 = DIRECTION ( 'NONE',  ( 0.000000000000000000, 0.000000000000000000, -1.000000000000000000 ) ) ;
#6848 = EDGE_CURVE ( 'NONE', #655, #7571, #3353, .T. ) ;
#6849 = VECTOR ( 'NONE', #5583, 1000.000000000000000 ) ;
#6850 =( NAMED_UNIT ( * ) SI_UNIT ( $, .STERADIAN. ) SOLID_ANGLE_UNIT ( ) );
#6851 =( LENGTH_UNIT ( ) NAMED_UNIT ( * ) SI_UNIT ( .MILLI., .METRE. ) );
#6852 = SURFACE_STYLE_FILL_AREA ( #7471 ) ;
#6853 = PRESENTATION_LAYER_ASSIGNMENT (  '', '', ( #4025 ) ) ;
#6854 = DIRECTION ( 'NONE',  ( -1.000000000000000000, 0.000000000000000000, -0.000000000000000000 ) ) ;
#6855 = SURFACE_STYLE_USAGE ( .BOTH. , #1443 ) ;
#6856 = DIRECTION ( 'NONE',  ( 0.000000000000000000, -1.000000000000000000, 0.000000000000000000 ) ) ;
#6857 = SURFACE_STYLE_FILL_AREA ( #1995 ) ;
#6858 = FILL_AREA_STYLE ('',( #5166 ) ) ;
#6859 = FILL_AREA_STYLE ('',( #4931 ) ) ;
#6860 = EDGE_CURVE ( 'NONE', #6355, #4751, #856, .T. ) ;
#6861 = PRESENTATION_LAYER_ASSIGNMENT (  '', '', ( #1144 ) ) ;
#6862 = DIRECTION ( 'NONE',  ( -0.000000000000000000, 1.000000000000000000, 0.000000000000000000 ) ) ;
#6863 = ORIENTED_EDGE ( 'NONE', *, *, #24, .T. ) ;
#6864 = SURFACE_STYLE_FILL_AREA ( #5134 ) ;
#6865 = DIRECTION ( 'NONE',  ( 0.000000000000000000, 0.000000000000000000, 1.000000000000000000 ) ) ;
#6866 = FACE_OUTER_BOUND ( 'NONE', #1790, .T. ) ;
#6867 = PRESENTATION_LAYER_ASSIGNMENT (  '', '', ( #2407 ) ) ;
#6868 = DIRECTION ( 'NONE',  ( -1.000000000000000000, -0.000000000000000000, -0.000000000000000000 ) ) ;
#6869 = EDGE_CURVE ( 'NONE', #2052, #6070, #6471, .T. ) ;
#6870 = ORIENTED_EDGE ( 'NONE', *, *, #7363, .F. ) ;
#6871 = PRESENTATION_LAYER_ASSIGNMENT (  '', '', ( #5843 ) ) ;
#6872 = CARTESIAN_POINT ( 'NONE',  ( 75.00000000000000000, 27.72647574007116944, 39.04259301051518349 ) ) ;
#6873 = SURFACE_STYLE_USAGE ( .BOTH. , #2632 ) ;
#6874 = ORIENTED_EDGE ( 'NONE', *, *, #3588, .T. ) ;
#6875 = AXIS2_PLACEMENT_3D ( 'NONE', #7000, #2752, #7727 ) ;
#6876 = SURFACE_STYLE_USAGE ( .BOTH. , #4427 ) ;
#6877 =( NAMED_UNIT ( * ) PLANE_ANGLE_UNIT ( ) SI_UNIT ( $, .RADIAN. ) );
#6878 = VERTEX_POINT ( 'NONE', #2261 ) ;
#6879 = CARTESIAN_POINT ( 'NONE',  ( -75.00000000000000000, -13.81638466751647343, 41.80000028057850869 ) ) ;
#6880 = VECTOR ( 'NONE', #1156, 1000.000000000000000 ) ;
#6881 = EDGE_LOOP ( 'NONE', ( #3830, #2877, #5469, #7731 ) ) ;
#6882 = DIRECTION ( 'NONE',  ( 0.000000000000000000, 0.000000000000000000, -1.000000000000000000 ) ) ;
#6883 = ORIENTED_EDGE ( 'NONE', *, *, #2660, .F. ) ;
#6884 = DIRECTION ( 'NONE',  ( 0.000000000000000000, 0.000000000000000000, 1.000000000000000000 ) ) ;
#6885 = CARTESIAN_POINT ( 'NONE',  ( 75.00000000000000000, -8.799999860471286794, -41.34999933702634678 ) ) ;
#6886 = SURFACE_STYLE_FILL_AREA ( #2574 ) ;
#6887 = FACE_OUTER_BOUND ( 'NONE', #955, .T. ) ;
#6888 = SURFACE_STYLE_FILL_AREA ( #288 ) ;
#6889 =( GEOMETRIC_REPRESENTATION_CONTEXT ( 3 ) GLOBAL_UNCERTAINTY_ASSIGNED_CONTEXT ( ( #2428 ) ) GLOBAL_UNIT_ASSIGNED_CONTEXT ( ( #846, #6877, #1574 ) ) REPRESENTATION_CONTEXT ( 'NONE', 'WORKASPACE' ) );
#6890 = AXIS2_PLACEMENT_3D ( 'NONE', #4381, #7381, #1906 ) ;
#6891 = FACE_OUTER_BOUND ( 'NONE', #6725, .T. ) ;
#6892 = EDGE_CURVE ( 'NONE', #7002, #1713, #4672, .T. ) ;
#6893 = STYLED_ITEM ( 'NONE', ( #6124 ), #21 ) ;
#6894 = PRESENTATION_STYLE_ASSIGNMENT (( #4442 ) ) ;
#6895 = FILL_AREA_STYLE_COLOUR ( '', #5118 ) ;
#6896 = STYLED_ITEM ( 'NONE', ( #1935 ), #5084 ) ;
#6897 = SURFACE_STYLE_FILL_AREA ( #7513 ) ;
#6898 =( NAMED_UNIT ( * ) PLANE_ANGLE_UNIT ( ) SI_UNIT ( $, .RADIAN. ) );
#6899 = CARTESIAN_POINT ( 'NONE',  ( -75.00000000000000000, -30.20000114037598493, 31.50000007309129657 ) ) ;
#6900 = CARTESIAN_POINT ( 'NONE',  ( 75.00000000000000000, 21.39999902999591441, 42.50000031431354586 ) ) ;
#6901 = ORIENTED_EDGE ( 'NONE', *, *, #6860, .F. ) ;
#6902 = EDGE_CURVE ( 'NONE', #4541, #683, #4023, .T. ) ;
#6903 = LINE ( 'NONE', #1454, #2240 ) ;
#6904 =( NAMED_UNIT ( * ) SI_UNIT ( $, .STERADIAN. ) SOLID_ANGLE_UNIT ( ) );
#6905 = SURFACE_SIDE_STYLE ('',( #7717 ) ) ;
#6906 = PRESENTATION_STYLE_ASSIGNMENT (( #7031 ) ) ;
#6907 = VECTOR ( 'NONE', #1132, 999.9999999999998863 ) ;
#6908 = MECHANICAL_DESIGN_GEOMETRIC_PRESENTATION_REPRESENTATION (  '', ( #4989 ), #2692 ) ;
#6909 = VECTOR ( 'NONE', #2836, 1000.000000000000114 ) ;
#6910 = ORIENTED_EDGE ( 'NONE', *, *, #2605, .F. ) ;
#6911 = EDGE_CURVE ( 'NONE', #3534, #357, #967, .T. ) ;
#6912 = SURFACE_SIDE_STYLE ('',( #6420 ) ) ;
#6913 =( LENGTH_UNIT ( ) NAMED_UNIT ( * ) SI_UNIT ( .MILLI., .METRE. ) );
#6914 = ORIENTED_EDGE ( 'NONE', *, *, #7857, .T. ) ;
#6915 = VECTOR ( 'NONE', #1960, 1000.000000000000000 ) ;
#6916 =( GEOMETRIC_REPRESENTATION_CONTEXT ( 3 ) GLOBAL_UNCERTAINTY_ASSIGNED_CONTEXT ( ( #6574 ) ) GLOBAL_UNIT_ASSIGNED_CONTEXT ( ( #6553, #397, #2880 ) ) REPRESENTATION_CONTEXT ( 'NONE', 'WORKASPACE' ) );
#6917 = EDGE_CURVE ( 'NONE', #6828, #7126, #5801, .T. ) ;
#6918 = FILL_AREA_STYLE ('',( #2601 ) ) ;
#6919 = DIRECTION ( 'NONE',  ( 0.000000000000000000, 1.000000000000000000, 0.000000000000000000 ) ) ;
#6920 = VECTOR ( 'NONE', #1247, 1000.000000000000000 ) ;
#6921 = EDGE_LOOP ( 'NONE', ( #524, #3472, #273, #42 ) ) ;
#6922 = DIRECTION ( 'NONE',  ( -1.000000000000000000, -0.000000000000000000, -0.000000000000000000 ) ) ;
#6923 = ORIENTED_EDGE ( 'NONE', *, *, #940, .F. ) ;
#6924 = PRESENTATION_LAYER_ASSIGNMENT (  '', '', ( #4733 ) ) ;
#6925 = LINE ( 'NONE', #2678, #5930 ) ;
#6926 = ORIENTED_EDGE ( 'NONE', *, *, #1322, .T. ) ;
#6927 = VECTOR ( 'NONE', #5630, 1000.000000000000000 ) ;
#6928 =( NAMED_UNIT ( * ) PLANE_ANGLE_UNIT ( ) SI_UNIT ( $, .RADIAN. ) );
#6929 = DIRECTION ( 'NONE',  ( -1.000000000000000000, 0.000000000000000000, -0.000000000000000000 ) ) ;
#6930 = CARTESIAN_POINT ( 'NONE',  ( -75.00000000000000000, 27.57378382795079474, 37.70000043107054921 ) ) ;
#6931 = FILL_AREA_STYLE_COLOUR ( '', #7416 ) ;
#6932 = FACE_OUTER_BOUND ( 'NONE', #4429, .T. ) ;
#6933 =( GEOMETRIC_REPRESENTATION_CONTEXT ( 3 ) GLOBAL_UNCERTAINTY_ASSIGNED_CONTEXT ( ( #1018 ) ) GLOBAL_UNIT_ASSIGNED_CONTEXT ( ( #5858, #7193, #1725 ) ) REPRESENTATION_CONTEXT ( 'NONE', 'WORKASPACE' ) );
#6934 = VECTOR ( 'NONE', #5075, 1000.000000000000000 ) ;
#6935 = EDGE_LOOP ( 'NONE', ( #7285, #5209, #679, #2888 ) ) ;
#6936 = CARTESIAN_POINT ( 'NONE',  ( 75.00000000000000000, 23.19999830997313595, -42.50000030364437009 ) ) ;
#6937 = COLOUR_RGB ( '',0.8980392156862745390, 0.9176470588235293713, 0.9294117647058823817 ) ;
#6938 = CARTESIAN_POINT ( 'NONE',  ( 75.00000000000000000, -28.14999991479055197, -40.24999913430374221 ) ) ;
#6939 = ORIENTED_EDGE ( 'NONE', *, *, #5230, .F. ) ;
#6940 = SURFACE_STYLE_USAGE ( .BOTH. , #5203 ) ;
#6941 = DIRECTION ( 'NONE',  ( 0.000000000000000000, 0.000000000000000000, 1.000000000000000000 ) ) ;
#6942 = LINE ( 'NONE', #7594, #3243 ) ;
#6943 = COLOUR_RGB ( '',0.8980392156862745390, 0.9176470588235293713, 0.9294117647058823817 ) ;
#6944 =( LENGTH_UNIT ( ) NAMED_UNIT ( * ) SI_UNIT ( .MILLI., .METRE. ) );
#6945 = VERTEX_POINT ( 'NONE', #4517 ) ;
#6946 = DIRECTION ( 'NONE',  ( -1.000000000000000000, -0.000000000000000000, -0.000000000000000000 ) ) ;
#6947 = DIRECTION ( 'NONE',  ( -1.000000000000000000, -0.000000000000000000, -0.000000000000000000 ) ) ;
#6948 = VECTOR ( 'NONE', #3780, 1000.000000000000000 ) ;
#6949 = DIRECTION ( 'NONE',  ( -1.000000000000000000, 0.000000000000000000, -0.000000000000000000 ) ) ;
#6950 = DIRECTION ( 'NONE',  ( 0.000000000000000000, -1.000000000000000000, 0.000000000000000000 ) ) ;
#6951 =( GEOMETRIC_REPRESENTATION_CONTEXT ( 3 ) GLOBAL_UNCERTAINTY_ASSIGNED_CONTEXT ( ( #1270 ) ) GLOBAL_UNIT_ASSIGNED_CONTEXT ( ( #4711, #6596, #4590 ) ) REPRESENTATION_CONTEXT ( 'NONE', 'WORKASPACE' ) );
#6952 = ADVANCED_FACE ( 'NONE', ( #5911 ), #6970, .F. ) ;
#6953 = UNCERTAINTY_MEASURE_WITH_UNIT (LENGTH_MEASURE( 1.000000000000000082E-05 ), #6470, 'distance_accuracy_value', 'NONE');
#6954 = ORIENTED_EDGE ( 'NONE', *, *, #4053, .T. ) ;
#6955 = VECTOR ( 'NONE', #4497, 1000.000000000000000 ) ;
#6956 = CARTESIAN_POINT ( 'NONE',  ( -75.00000000000000000, 28.04999960585698915, 40.25000027745841180 ) ) ;
#6957 = AXIS2_PLACEMENT_3D ( 'NONE', #671, #3059, #5506 ) ;
#6958 = ORIENTED_EDGE ( 'NONE', *, *, #2605, .T. ) ;
#6959 = DIRECTION ( 'NONE',  ( 1.000000000000000000, 0.000000000000000000, 0.000000000000000000 ) ) ;
#6960 = LINE ( 'NONE', #4578, #4828 ) ;
#6961 = VECTOR ( 'NONE', #6966, 1000.000000000000000 ) ;
#6962 = EDGE_CURVE ( 'NONE', #7540, #4580, #6296, .T. ) ;
#6963 = EDGE_LOOP ( 'NONE', ( #164, #934, #4145, #639, #5712, #65, #432, #3165, #4433, #184, #4759, #1838, #5750, #7113, #7567, #7525, #7424, #5669, #3159, #2486, #2587, #6269, #4830, #1146, #1014, #398, #5316, #5845, #5145, #1202, #4464, #1264, #1786, #5340, #5593, #1064, #5198, #203, #2564, #4021, #3268, #6486, #6158, #7179, #5335, #5476, #7750, #2360, #3412, #5768, #569, #2869, #2129, #2986, #3980, #5803, #5892, #6591, #1086, #6239, #3756, #7351, #6389, #5437, #6581, #1771, #5978, #3443, #6273, #7650, #318, #6569, #3942, #3931, #3744, #4877, #4934 ) ) ;
#6964 = CARTESIAN_POINT ( 'NONE',  ( 75.00000000000000000, 19.19999765432204342, -40.30000031556529905 ) ) ;
#6965 = CARTESIAN_POINT ( 'NONE',  ( 75.00000000000000000, 23.19999969756799274, 42.50000031431354586 ) ) ;
#6966 = DIRECTION ( 'NONE',  ( 0.000000000000000000, -1.000000000000000000, 0.000000000000000000 ) ) ;
#6967 = COLOUR_RGB ( '',0.8980392156862745390, 0.9176470588235293713, 0.9294117647058823817 ) ;
#6968 = ORIENTED_EDGE ( 'NONE', *, *, #1768, .T. ) ;
#6969 = DIRECTION ( 'NONE',  ( 0.000000000000000000, 0.000000000000000000, -1.000000000000000000 ) ) ;
#6970 = PLANE ( 'NONE',  #3110 ) ;
#6971 = VECTOR ( 'NONE', #4561, 1000.000000000000000 ) ;
#6972 =( NAMED_UNIT ( * ) SI_UNIT ( $, .STERADIAN. ) SOLID_ANGLE_UNIT ( ) );
#6973 = DIRECTION ( 'NONE',  ( -0.000000000000000000, 1.000000000000000000, 0.000000000000000000 ) ) ;
#6974 = DIRECTION ( 'NONE',  ( 1.000000000000000000, 0.000000000000000000, -0.000000000000000000 ) ) ;
#6975 = ORIENTED_EDGE ( 'NONE', *, *, #6572, .F. ) ;
#6976 = SURFACE_STYLE_USAGE ( .BOTH. , #408 ) ;
#6977 = EDGE_CURVE ( 'NONE', #1401, #2995, #7599, .T. ) ;
#6978 = EDGE_CURVE ( 'NONE', #145, #7106, #2917, .T. ) ;
#6979 = SURFACE_STYLE_FILL_AREA ( #1045 ) ;
#6980 = PRESENTATION_LAYER_ASSIGNMENT (  '', '', ( #2514 ) ) ;
#6981 = FILL_AREA_STYLE_COLOUR ( '', #6427 ) ;
#6982 = VERTEX_POINT ( 'NONE', #3508 ) ;
#6983 = CARTESIAN_POINT ( 'NONE',  ( 75.00000000000000000, 26.84259227669438985, 39.92647664387850170 ) ) ;
#6984 = LINE ( 'NONE', #7516, #6814 ) ;
#6985 = EDGE_CURVE ( 'NONE', #2661, #3314, #5361, .T. ) ;
#6986 = AXIS2_PLACEMENT_3D ( 'NONE', #2373, #7093, #5951 ) ;
#6987 = COLOUR_RGB ( '',0.8980392156862745390, 0.9176470588235293713, 0.9294117647058823817 ) ;
#6988 = DIRECTION ( 'NONE',  ( -1.000000000000000000, -0.000000000000000000, -0.000000000000000000 ) ) ;
#6989 = VERTEX_POINT ( 'NONE', #1386 ) ;
#6990 = APPLICATION_PROTOCOL_DEFINITION ( 'draft international standard', 'automotive_design', 1998, #2338 ) ;
#6991 = PLANE ( 'NONE',  #5262 ) ;
#6992 = DIRECTION ( 'NONE',  ( 0.000000000000000000, 0.000000000000000000, -1.000000000000000000 ) ) ;
#6993 = AXIS2_PLACEMENT_3D ( 'NONE', #3291, #3921, #6380 ) ;
#6994 = VERTEX_POINT ( 'NONE', #3595 ) ;
#6995 = ADVANCED_FACE ( 'NONE', ( #2332 ), #7298, .F. ) ;
#6996 =( GEOMETRIC_REPRESENTATION_CONTEXT ( 3 ) GLOBAL_UNCERTAINTY_ASSIGNED_CONTEXT ( ( #739 ) ) GLOBAL_UNIT_ASSIGNED_CONTEXT ( ( #1487, #6898, #2657 ) ) REPRESENTATION_CONTEXT ( 'NONE', 'WORKASPACE' ) );
#6997 = CYLINDRICAL_SURFACE ( 'NONE', #5126, 1.250000000000001110 ) ;
#6998 = EDGE_LOOP ( 'NONE', ( #3545, #86, #2422, #675 ) ) ;
#6999 = CARTESIAN_POINT ( 'NONE',  ( 75.00000000000000000, 17.19999732649655400, -40.30000031556529905 ) ) ;
#7000 = CARTESIAN_POINT ( 'NONE',  ( 75.00000000000000000, -28.15000165596212867, 40.24999974556125437 ) ) ;
#7001 = SURFACE_STYLE_FILL_AREA ( #2051 ) ;
#7002 = VERTEX_POINT ( 'NONE', #3552 ) ;
#7003 = FILL_AREA_STYLE_COLOUR ( '', #1950 ) ;
#7004 = LINE ( 'NONE', #962, #4973 ) ;
#7005 = EDGE_CURVE ( 'NONE', #4234, #1878, #3145, .T. ) ;
#7006 = LINE ( 'NONE', #396, #226 ) ;
#7007 = ORIENTED_EDGE ( 'NONE', *, *, #6457, .T. ) ;
#7008 = DIRECTION ( 'NONE',  ( -1.000000000000000000, -0.000000000000000000, -0.000000000000000000 ) ) ;
#7009 = MECHANICAL_DESIGN_GEOMETRIC_PRESENTATION_REPRESENTATION (  '', ( #3537 ), #4559 ) ;
#7010 =( NAMED_UNIT ( * ) PLANE_ANGLE_UNIT ( ) SI_UNIT ( $, .RADIAN. ) );
#7011 = LINE ( 'NONE', #5113, #1977 ) ;
#7012 = DIRECTION ( 'NONE',  ( -1.000000000000000000, -0.000000000000000000, -0.000000000000000000 ) ) ;
#7013 = SURFACE_STYLE_USAGE ( .BOTH. , #3940 ) ;
#7014 = PRESENTATION_STYLE_ASSIGNMENT (( #5652 ) ) ;
#7015 = VERTEX_POINT ( 'NONE', #5991 ) ;
#7016 = STYLED_ITEM ( 'NONE', ( #1041 ), #7718 ) ;
#7017 = SURFACE_STYLE_FILL_AREA ( #5163 ) ;
#7018 = VERTEX_POINT ( 'NONE', #4979 ) ;
#7019 = CARTESIAN_POINT ( 'NONE',  ( -75.00000000000000000, -21.40000118805958707, 42.50000001348644219 ) ) ;
#7020 = MECHANICAL_DESIGN_GEOMETRIC_PRESENTATION_REPRESENTATION (  '', ( #4320 ), #2674 ) ;
#7021 = AXIS2_PLACEMENT_3D ( 'NONE', #6628, #2992, #1188 ) ;
#7022 = DIRECTION ( 'NONE',  ( -1.000000000000000000, -0.000000000000000000, -0.000000000000000000 ) ) ;
#7023 = CARTESIAN_POINT ( 'NONE',  ( 75.00000000000000000, -11.79999985836419718, -44.99999782597348741 ) ) ;
#7024 = ADVANCED_FACE ( 'NONE', ( #2556 ), #5324, .F. ) ;
#7025 = SURFACE_STYLE_USAGE ( .BOTH. , #4644 ) ;
#7026 = PRESENTATION_LAYER_ASSIGNMENT (  '', '', ( #4702 ) ) ;
#7027 = EDGE_LOOP ( 'NONE', ( #2969, #2018, #2908, #6954 ) ) ;
#7028 = PRESENTATION_STYLE_ASSIGNMENT (( #5170 ) ) ;
#7029 = LINE ( 'NONE', #2818, #1845 ) ;
#7030 = DIRECTION ( 'NONE',  ( -1.000000000000000000, -0.000000000000000000, -0.000000000000000000 ) ) ;
#7031 = SURFACE_STYLE_USAGE ( .BOTH. , #5779 ) ;
#7032 = UNCERTAINTY_MEASURE_WITH_UNIT (LENGTH_MEASURE( 1.000000000000000082E-05 ), #7164, 'distance_accuracy_value', 'NONE');
#7033 = ORIENTED_EDGE ( 'NONE', *, *, #509, .F. ) ;
#7034 =( GEOMETRIC_REPRESENTATION_CONTEXT ( 3 ) GLOBAL_UNCERTAINTY_ASSIGNED_CONTEXT ( ( #7730 ) ) GLOBAL_UNIT_ASSIGNED_CONTEXT ( ( #2381, #7747, #2850 ) ) REPRESENTATION_CONTEXT ( 'NONE', 'WORKASPACE' ) );
#7035 = CARTESIAN_POINT ( 'NONE',  ( -75.00000000000000000, -14.80000073419111217, 43.94999999254941514 ) ) ;
#7036 = PRESENTATION_STYLE_ASSIGNMENT (( #2122 ) ) ;
#7037 = ORIENTED_EDGE ( 'NONE', *, *, #3729, .T. ) ;
#7038 = MECHANICAL_DESIGN_GEOMETRIC_PRESENTATION_REPRESENTATION (  '', ( #3948 ), #7832 ) ;
#7039 = DIRECTION ( 'NONE',  ( 0.000000000000000000, -1.000000000000000000, 0.000000000000000000 ) ) ;
#7040 = FACE_OUTER_BOUND ( 'NONE', #4046, .T. ) ;
#7041 = COLOUR_RGB ( '',0.8980392156862745390, 0.9176470588235293713, 0.9294117647058823817 ) ;
#7042 = PRESENTATION_LAYER_ASSIGNMENT (  '', '', ( #7316 ) ) ;
#7043 = ORIENTED_EDGE ( 'NONE', *, *, #1564, .T. ) ;
#7044 = CARTESIAN_POINT ( 'NONE',  ( 75.00000000000000000, -14.80000044616175359, 42.65000028057852433 ) ) ;
#7045 = DIRECTION ( 'NONE',  ( 0.000000000000000000, -0.000000000000000000, -1.000000000000000000 ) ) ;
#7046 = PRESENTATION_LAYER_ASSIGNMENT (  '', '', ( #3457 ) ) ;
#7047 = PRESENTATION_STYLE_ASSIGNMENT (( #1580 ) ) ;
#7048 = MECHANICAL_DESIGN_GEOMETRIC_PRESENTATION_REPRESENTATION (  '', ( #3835 ), #3458 ) ;
#7049 = ORIENTED_EDGE ( 'NONE', *, *, #5683, .T. ) ;
#7050 = FILL_AREA_STYLE ('',( #2173 ) ) ;
#7051 = DIRECTION ( 'NONE',  ( -1.000000000000000000, -0.000000000000000000, -0.000000000000000000 ) ) ;
#7052 =( NAMED_UNIT ( * ) SI_UNIT ( $, .STERADIAN. ) SOLID_ANGLE_UNIT ( ) );
#7053 = FILL_AREA_STYLE ('',( #3475 ) ) ;
#7054 = DIRECTION ( 'NONE',  ( 0.000000000000000000, 1.000000000000000000, 0.000000000000000000 ) ) ;
#7055 = PRESENTATION_STYLE_ASSIGNMENT (( #2922 ) ) ;
#7056 = EDGE_CURVE ( 'NONE', #1767, #5035, #7641, .T. ) ;
#7057 = PRESENTATION_LAYER_ASSIGNMENT (  '', '', ( #3835 ) ) ;
#7058 = VERTEX_POINT ( 'NONE', #3224 ) ;
#7059 = FILL_AREA_STYLE ('',( #3315 ) ) ;
#7060 = CIRCLE ( 'NONE', #708, 0.1999999999999224620 ) ;
#7061 = CARTESIAN_POINT ( 'NONE',  ( -75.00000000000000000, -8.799999860471286794, -43.94999933702638373 ) ) ;
#7062 = SURFACE_STYLE_FILL_AREA ( #3363 ) ;
#7063 = ORIENTED_EDGE ( 'NONE', *, *, #1165, .F. ) ;
#7064 = DIRECTION ( 'NONE',  ( -0.000000000000000000, 1.000000000000000000, 0.000000000000000000 ) ) ;
#7065 = CARTESIAN_POINT ( 'NONE',  ( -75.00000000000000000, -30.10000102221976803, 47.00000028057884549 ) ) ;
#7066 = LINE ( 'NONE', #1599, #3493 ) ;
#7067 = CARTESIAN_POINT ( 'NONE',  ( 75.00000000000000000, 28.04999960585698915, 40.25000027745841180 ) ) ;
#7068 = MECHANICAL_DESIGN_GEOMETRIC_PRESENTATION_REPRESENTATION (  '', ( #2592 ), #5529 ) ;
#7069 = UNCERTAINTY_MEASURE_WITH_UNIT (LENGTH_MEASURE( 1.000000000000000082E-05 ), #7185, 'distance_accuracy_value', 'NONE');
#7070 = ORIENTED_EDGE ( 'NONE', *, *, #678, .T. ) ;
#7071 = SURFACE_STYLE_FILL_AREA ( #499 ) ;
#7072 = AXIS2_PLACEMENT_3D ( 'NONE', #1633, #5365, #405 ) ;
#7073 = EDGE_CURVE ( 'NONE', #4461, #2683, #2155, .T. ) ;
#7074 = FACE_OUTER_BOUND ( 'NONE', #1192, .T. ) ;
#7075 = DIRECTION ( 'NONE',  ( -0.000000000000000000, -0.000000000000000000, 1.000000000000000000 ) ) ;
#7076 = LINE ( 'NONE', #6453, #5312 ) ;
#7077 = DIRECTION ( 'NONE',  ( 0.000000000000000000, 0.000000000000000000, 1.000000000000000000 ) ) ;
#7078 = STYLED_ITEM ( 'NONE', ( #1004 ), #5539 ) ;
#7079 = VERTEX_POINT ( 'NONE', #4418 ) ;
#7080 = EDGE_CURVE ( 'NONE', #1091, #6715, #5059, .T. ) ;
#7081 = CARTESIAN_POINT ( 'NONE',  ( -75.00000000000000000, 27.57378382795079474, 37.50000096307966402 ) ) ;
#7082 = ORIENTED_EDGE ( 'NONE', *, *, #7768, .T. ) ;
#7083 = CARTESIAN_POINT ( 'NONE',  ( 75.00000000000000000, 21.39999764240106117, -40.30000031556529905 ) ) ;
#7084 = LINE ( 'NONE', #1619, #5434 ) ;
#7085 = UNCERTAINTY_MEASURE_WITH_UNIT (LENGTH_MEASURE( 1.000000000000000082E-05 ), #2952, 'distance_accuracy_value', 'NONE');
#7086 = ORIENTED_EDGE ( 'NONE', *, *, #4457, .F. ) ;
#7087 = CARTESIAN_POINT ( 'NONE',  ( 75.00000000000000000, -11.80000073208399947, 41.65000052608650094 ) ) ;
#7088 = LINE ( 'NONE', #4019, #489 ) ;
#7089 = PRESENTATION_STYLE_ASSIGNMENT (( #3549 ) ) ;
#7090 = EDGE_LOOP ( 'NONE', ( #5530, #2123, #6455, #81 ) ) ;
#7091 = DIRECTION ( 'NONE',  ( 0.000000000000000000, 0.000000000000000000, -1.000000000000000000 ) ) ;
#7092 = DIRECTION ( 'NONE',  ( -1.000000000000000000, -0.000000000000000000, -0.000000000000000000 ) ) ;
#7093 = DIRECTION ( 'NONE',  ( 0.000000000000000000, -1.000000000000000000, 0.000000000000000000 ) ) ;
#7094 = SURFACE_STYLE_USAGE ( .BOTH. , #4632 ) ;
#7095 = SURFACE_STYLE_USAGE ( .BOTH. , #2886 ) ;
#7096 = DIRECTION ( 'NONE',  ( -1.000000000000000000, -0.000000000000000000, -0.000000000000000000 ) ) ;
#7097 = VECTOR ( 'NONE', #1957, 1000.000000000000000 ) ;
#7098 = ORIENTED_EDGE ( 'NONE', *, *, #5459, .T. ) ;
#7099 =( GEOMETRIC_REPRESENTATION_CONTEXT ( 3 ) GLOBAL_UNCERTAINTY_ASSIGNED_CONTEXT ( ( #1528 ) ) GLOBAL_UNIT_ASSIGNED_CONTEXT ( ( #2055, #1475, #3306 ) ) REPRESENTATION_CONTEXT ( 'NONE', 'WORKASPACE' ) );
#7100 =( GEOMETRIC_REPRESENTATION_CONTEXT ( 3 ) GLOBAL_UNCERTAINTY_ASSIGNED_CONTEXT ( ( #4804 ) ) GLOBAL_UNIT_ASSIGNED_CONTEXT ( ( #6747, #3743, #1189 ) ) REPRESENTATION_CONTEXT ( 'NONE', 'WORKASPACE' ) );
#7101 = DIRECTION ( 'NONE',  ( 0.000000000000000000, 5.156579219945399784E-08, -0.9999999999999986677 ) ) ;
#7102 = FACE_OUTER_BOUND ( 'NONE', #3946, .T. ) ;
#7103 = VECTOR ( 'NONE', #6095, 1000.000000000000000 ) ;
#7104 = EDGE_CURVE ( 'NONE', #1555, #2343, #6465, .T. ) ;
#7105 = DIRECTION ( 'NONE',  ( 0.000000000000000000, 0.000000000000000000, -1.000000000000000000 ) ) ;
#7106 = VERTEX_POINT ( 'NONE', #4571 ) ;
#7107 = DIRECTION ( 'NONE',  ( 0.000000000000000000, -0.4999999999999996114, -0.8660254037844389297 ) ) ;
#7108 = FILL_AREA_STYLE ('',( #3366 ) ) ;
#7109 = LINE ( 'NONE', #1093, #6824 ) ;
#7110 = PRODUCT_DEFINITION_CONTEXT ( 'detailed design', #2338, 'design' ) ;
#7111 = VECTOR ( 'NONE', #2423, 1000.000000000000000 ) ;
#7112 = CARTESIAN_POINT ( 'NONE',  ( 75.00000000000000000, -32.49999880790716134, -4.849999706493690610 ) ) ;
#7113 = ORIENTED_EDGE ( 'NONE', *, *, #4885, .T. ) ;
#7114 = PLANE ( 'NONE',  #6008 ) ;
#7115 = EDGE_CURVE ( 'NONE', #683, #3122, #6260, .T. ) ;
#7116 = DIRECTION ( 'NONE',  ( -1.000000000000000000, -0.000000000000000000, -0.000000000000000000 ) ) ;
#7117 = LINE ( 'NONE', #4606, #3607 ) ;
#7118 = CARTESIAN_POINT ( 'NONE',  ( 75.00000000000000000, -30.20000114037598493, -33.49999940536817178 ) ) ;
#7119 = SURFACE_SIDE_STYLE ('',( #7848 ) ) ;
#7120 = COLOUR_RGB ( '',0.8980392156862745390, 0.9176470588235293713, 0.9294117647058823817 ) ;
#7121 = VECTOR ( 'NONE', #570, 999.9999999999998863 ) ;
#7122 = EDGE_LOOP ( 'NONE', ( #4277, #1596, #5110, #6799 ) ) ;
#7123 = COLOUR_RGB ( '',0.8980392156862745390, 0.9176470588235293713, 0.9294117647058823817 ) ;
#7124 = DIRECTION ( 'NONE',  ( -0.000000000000000000, 1.000000000000000000, 0.000000000000000000 ) ) ;
#7125 = FACE_OUTER_BOUND ( 'NONE', #7530, .T. ) ;
#7126 = VERTEX_POINT ( 'NONE', #948 ) ;
#7127 = EDGE_CURVE ( 'NONE', #5353, #6727, #3887, .T. ) ;
#7128 = DIRECTION ( 'NONE',  ( -1.000000000000000000, 0.000000000000000000, -0.000000000000000000 ) ) ;
#7129 = EDGE_CURVE ( 'NONE', #5353, #3534, #5668, .T. ) ;
#7130 = ORIENTED_EDGE ( 'NONE', *, *, #4655, .F. ) ;
#7131 = STYLED_ITEM ( 'NONE', ( #3575 ), #7263 ) ;
#7132 = DIRECTION ( 'NONE',  ( 0.000000000000000000, -0.000000000000000000, -1.000000000000000000 ) ) ;
#7133 = FILL_AREA_STYLE ('',( #6550 ) ) ;
#7134 = FILL_AREA_STYLE ('',( #5989 ) ) ;
#7135 = VERTEX_POINT ( 'NONE', #2043 ) ;
#7136 = DIRECTION ( 'NONE',  ( -1.000000000000000000, 0.000000000000000000, -0.000000000000000000 ) ) ;
#7137 = CARTESIAN_POINT ( 'NONE',  ( 75.00000000000000000, -25.39999998106550194, 42.50000001348644219 ) ) ;
#7138 = VECTOR ( 'NONE', #4412, 1000.000000000000000 ) ;
#7139 = FACE_OUTER_BOUND ( 'NONE', #6759, .T. ) ;
#7140 =( NAMED_UNIT ( * ) SI_UNIT ( $, .STERADIAN. ) SOLID_ANGLE_UNIT ( ) );
#7141 = ORIENTED_EDGE ( 'NONE', *, *, #4269, .F. ) ;
#7142 = PLANE ( 'NONE',  #3197 ) ;
#7143 = VECTOR ( 'NONE', #2026, 1000.000000000000000 ) ;
#7144 = ORIENTED_EDGE ( 'NONE', *, *, #66, .T. ) ;
#7145 = SURFACE_SIDE_STYLE ('',( #2808 ) ) ;
#7146 = CARTESIAN_POINT ( 'NONE',  ( 75.00000000000000000, -30.20000114037598493, 29.49999974526575386 ) ) ;
#7147 = LINE ( 'NONE', #2310, #5679 ) ;
#7148 = COLOUR_RGB ( '',0.8980392156862745390, 0.9176470588235293713, 0.9294117647058823817 ) ;
#7149 = ADVANCED_FACE ( 'NONE', ( #3332 ), #4458, .F. ) ;
#7150 = CARTESIAN_POINT ( 'NONE',  ( 75.00000000000000000, -27.48060072301881362, 37.75176374953563396 ) ) ;
#7151 = UNCERTAINTY_MEASURE_WITH_UNIT (LENGTH_MEASURE( 1.000000000000000082E-05 ), #7853, 'distance_accuracy_value', 'NONE');
#7152 = ORIENTED_EDGE ( 'NONE', *, *, #2127, .F. ) ;
#7153 = CARTESIAN_POINT ( 'NONE',  ( 75.00000000000000000, -27.82647692781274174, 39.04259270968809403 ) ) ;
#7154 = CIRCLE ( 'NONE', #406, 0.1999999999989857113 ) ;
#7155 = DIRECTION ( 'NONE',  ( 0.000000000000000000, 0.000000000000000000, 1.000000000000000000 ) ) ;
#7156 = SURFACE_STYLE_FILL_AREA ( #2279 ) ;
#7157 = SURFACE_SIDE_STYLE ('',( #382 ) ) ;
#7158 = AXIS2_PLACEMENT_3D ( 'NONE', #6425, #7494, #6342 ) ;
#7159 = MECHANICAL_DESIGN_GEOMETRIC_PRESENTATION_REPRESENTATION (  '', ( #1807 ), #6755 ) ;
#7160 = AXIS2_PLACEMENT_3D ( 'NONE', #5179, #2159, #4574 ) ;
#7161 = EDGE_CURVE ( 'NONE', #3910, #6945, #2822, .T. ) ;
#7162 = ORIENTED_EDGE ( 'NONE', *, *, #5459, .F. ) ;
#7163 = VECTOR ( 'NONE', #1539, 1000.000000000000000 ) ;
#7164 =( LENGTH_UNIT ( ) NAMED_UNIT ( * ) SI_UNIT ( .MILLI., .METRE. ) );
#7165 = ORIENTED_EDGE ( 'NONE', *, *, #5609, .T. ) ;
#7166 = CARTESIAN_POINT ( 'NONE',  ( 0.000000000000000000, 0.000000000000000000, 0.000000000000000000 ) ) ;
#7167 = CARTESIAN_POINT ( 'NONE',  ( 75.00000000000000000, -27.67378590221913370, 37.69999999254930856 ) ) ;
#7168 = EDGE_LOOP ( 'NONE', ( #6189, #4891, #7726, #2827 ) ) ;
#7169 = ADVANCED_FACE ( 'NONE', ( #7194 ), #1136, .F. ) ;
#7170 = CARTESIAN_POINT ( 'NONE',  ( 75.00000000000000000, -11.80000183164951366, -41.65000080344623257 ) ) ;
#7171 =( NAMED_UNIT ( * ) SI_UNIT ( $, .STERADIAN. ) SOLID_ANGLE_UNIT ( ) );
#7172 = DIRECTION ( 'NONE',  ( -1.000000000000000000, -0.000000000000000000, -0.000000000000000000 ) ) ;
#7173 = ORIENTED_EDGE ( 'NONE', *, *, #847, .F. ) ;
#7174 = EDGE_CURVE ( 'NONE', #2365, #4213, #546, .T. ) ;
#7175 = CARTESIAN_POINT ( 'NONE',  ( -75.00000000000000000, -27.40000030889110860, 31.50000007309129657 ) ) ;
#7176 = CIRCLE ( 'NONE', #4587, 0.2000009045375894523 ) ;
#7177 = CARTESIAN_POINT ( 'NONE',  ( 75.00000000000000000, 19.19999765432204342, -40.30000031556529905 ) ) ;
#7178 = CARTESIAN_POINT ( 'NONE',  ( 75.00000000000000000, -32.49999880790716134, -4.849999706493690610 ) ) ;
#7179 = ORIENTED_EDGE ( 'NONE', *, *, #3031, .T. ) ;
#7180 = DIRECTION ( 'NONE',  ( -1.000000000000000000, -0.000000000000000000, -0.000000000000000000 ) ) ;
#7181 = COLOUR_RGB ( '',0.8980392156862745390, 0.9176470588235293713, 0.9294117647058823817 ) ;
#7182 = FILL_AREA_STYLE_COLOUR ( '', #4132 ) ;
#7183 = VERTEX_POINT ( 'NONE', #2314 ) ;
#7184 = DIRECTION ( 'NONE',  ( 0.000000000000000000, -1.000000000000000000, 0.000000000000000000 ) ) ;
#7185 =( LENGTH_UNIT ( ) NAMED_UNIT ( * ) SI_UNIT ( .MILLI., .METRE. ) );
#7186 = ORIENTED_EDGE ( 'NONE', *, *, #7384, .T. ) ;
#7187 =( NAMED_UNIT ( * ) PLANE_ANGLE_UNIT ( ) SI_UNIT ( $, .RADIAN. ) );
#7188 =( GEOMETRIC_REPRESENTATION_CONTEXT ( 3 ) GLOBAL_UNCERTAINTY_ASSIGNED_CONTEXT ( ( #5926 ) ) GLOBAL_UNIT_ASSIGNED_CONTEXT ( ( #6032, #3151, #6074 ) ) REPRESENTATION_CONTEXT ( 'NONE', 'WORKASPACE' ) );
#7189 = AXIS2_PLACEMENT_3D ( 'NONE', #3795, #5649, #3236 ) ;
#7190 = LINE ( 'NONE', #3525, #3451 ) ;
#7191 = CARTESIAN_POINT ( 'NONE',  ( -75.00000000000000000, -28.10000073419110578, 47.00000028057884549 ) ) ;
#7192 = LINE ( 'NONE', #7803, #5670 ) ;
#7193 =( NAMED_UNIT ( * ) PLANE_ANGLE_UNIT ( ) SI_UNIT ( $, .RADIAN. ) );
#7194 = FACE_OUTER_BOUND ( 'NONE', #4266, .T. ) ;
#7195 = SURFACE_STYLE_USAGE ( .BOTH. , #1220 ) ;
#7196 = ORIENTED_EDGE ( 'NONE', *, *, #7217, .T. ) ;
#7197 = PLANE ( 'NONE',  #2308 ) ;
#7198 = VECTOR ( 'NONE', #100, 1000.000000000000000 ) ;
#7199 = ORIENTED_EDGE ( 'NONE', *, *, #802, .T. ) ;
#7200 = MECHANICAL_DESIGN_GEOMETRIC_PRESENTATION_REPRESENTATION (  '', ( #7605 ), #4636 ) ;
#7201 = EDGE_CURVE ( 'NONE', #2292, #4383, #1686, .T. ) ;
#7202 = FILL_AREA_STYLE_COLOUR ( '', #6496 ) ;
#7203 = VECTOR ( 'NONE', #4918, 1000.000000000000000 ) ;
#7204 = ORIENTED_EDGE ( 'NONE', *, *, #2117, .T. ) ;
#7205 = SURFACE_SIDE_STYLE ('',( #2254 ) ) ;
#7206 = SURFACE_STYLE_FILL_AREA ( #6672 ) ;
#7207 =( NAMED_UNIT ( * ) SI_UNIT ( $, .STERADIAN. ) SOLID_ANGLE_UNIT ( ) );
#7208 = DIRECTION ( 'NONE',  ( 0.000000000000000000, 0.000000000000000000, -1.000000000000000000 ) ) ;
#7209 = ORIENTED_EDGE ( 'NONE', *, *, #2649, .F. ) ;
#7210 = PRESENTATION_STYLE_ASSIGNMENT (( #2330 ) ) ;
#7211 =( NAMED_UNIT ( * ) SI_UNIT ( $, .STERADIAN. ) SOLID_ANGLE_UNIT ( ) );
#7212 = FACE_OUTER_BOUND ( 'NONE', #2379, .T. ) ;
#7213 = FILL_AREA_STYLE_COLOUR ( '', #6107 ) ;
#7214 = EDGE_CURVE ( 'NONE', #79, #5192, #7675, .T. ) ;
#7215 = LINE ( 'NONE', #7786, #1301 ) ;
#7216 = CARTESIAN_POINT ( 'NONE',  ( 75.00000000000000000, 19.19999765432204342, -42.50000030364437009 ) ) ;
#7217 = EDGE_CURVE ( 'NONE', #731, #4171, #3530, .T. ) ;
#7218 = VERTEX_POINT ( 'NONE', #5970 ) ;
#7219 = CARTESIAN_POINT ( 'NONE',  ( 75.00000000000000000, -32.49999880790716134, 59.99999851337634027 ) ) ;
#7220 = VECTOR ( 'NONE', #242, 1000.000000000000114 ) ;
#7221 = PLANE ( 'NONE',  #4392 ) ;
#7222 = ORIENTED_EDGE ( 'NONE', *, *, #4639, .T. ) ;
#7223 = CARTESIAN_POINT ( 'NONE',  ( 75.00000000000000000, -28.09999986047136389, -46.99999858150008691 ) ) ;
#7224 =( GEOMETRIC_REPRESENTATION_CONTEXT ( 3 ) GLOBAL_UNCERTAINTY_ASSIGNED_CONTEXT ( ( #3064 ) ) GLOBAL_UNIT_ASSIGNED_CONTEXT ( ( #5467, #3101, #5550 ) ) REPRESENTATION_CONTEXT ( 'NONE', 'WORKASPACE' ) );
#7225 = ORIENTED_EDGE ( 'NONE', *, *, #862, .F. ) ;
#7226 = PRESENTATION_STYLE_ASSIGNMENT (( #6526 ) ) ;
#7227 = SURFACE_SIDE_STYLE ('',( #93 ) ) ;
#7228 = LINE ( 'NONE', #5965, #5028 ) ;
#7229 = STYLED_ITEM ( 'NONE', ( #2495 ), #4493 ) ;
#7230 = ADVANCED_FACE ( 'NONE', ( #5815 ), #5307, .F. ) ;
#7231 = EDGE_CURVE ( 'NONE', #6450, #6017, #1931, .T. ) ;
#7232 = DIRECTION ( 'NONE',  ( 0.000000000000000000, 0.000000000000000000, 1.000000000000000000 ) ) ;
#7233 = FILL_AREA_STYLE_COLOUR ( '', #3201 ) ;
#7234 = UNCERTAINTY_MEASURE_WITH_UNIT (LENGTH_MEASURE( 1.000000000000000082E-05 ), #5026, 'distance_accuracy_value', 'NONE');
#7235 = DIRECTION ( 'NONE',  ( 1.000000000000000000, 0.000000000000000000, 0.000000000000000000 ) ) ;
#7236 = CARTESIAN_POINT ( 'NONE',  ( 75.00000000000000000, 28.19999814060689047, -33.49999949885628325 ) ) ;
#7237 = PLANE ( 'NONE',  #5137 ) ;
#7238 = DIRECTION ( 'NONE',  ( 0.000000000000000000, -0.000000000000000000, -1.000000000000000000 ) ) ;
#7239 = EDGE_CURVE ( 'NONE', #2673, #4333, #6739, .T. ) ;
#7240 = CARTESIAN_POINT ( 'NONE',  ( 75.00000000000000000, 25.65176194376601160, -39.60739413269906350 ) ) ;
#7241 = DIRECTION ( 'NONE',  ( -1.000000000000000000, -0.000000000000000000, -0.000000000000000000 ) ) ;
#7242 = AXIS2_PLACEMENT_3D ( 'NONE', #2307, #7107, #3444 ) ;
#7243 = CYLINDRICAL_SURFACE ( 'NONE', #4138, 5.000000308055141396 ) ;
#7244 = VERTEX_POINT ( 'NONE', #101 ) ;
#7245 = SURFACE_STYLE_FILL_AREA ( #3538 ) ;
#7246 = CARTESIAN_POINT ( 'NONE',  ( 75.00000000000000000, -11.80000073208403322, 43.65000085391204721 ) ) ;
#7247 = ORIENTED_EDGE ( 'NONE', *, *, #5877, .F. ) ;
#7248 = LINE ( 'NONE', #5194, #1210 ) ;
#7249 = COLOUR_RGB ( '',0.8980392156862745390, 0.9176470588235293713, 0.9294117647058823817 ) ;
#7250 = DIRECTION ( 'NONE',  ( 1.000000000000000000, 0.000000000000000000, 0.000000000000000000 ) ) ;
#7251 = SURFACE_STYLE_FILL_AREA ( #7775 ) ;
#7252 = EDGE_LOOP ( 'NONE', ( #5927, #7086, #4756, #7082 ) ) ;
#7253 = STYLED_ITEM ( 'NONE', ( #2974 ), #3279 ) ;
#7254 = CARTESIAN_POINT ( 'NONE',  ( 75.00000000000000000, -30.20000114037598493, -33.49999940536817178 ) ) ;
#7255 = FACE_OUTER_BOUND ( 'NONE', #3722, .T. ) ;
#7256 = ORIENTED_EDGE ( 'NONE', *, *, #2570, .T. ) ;
#7257 = CARTESIAN_POINT ( 'NONE',  ( 75.00000000000000000, -30.20000114037598493, 33.50000040091684639 ) ) ;
#7258 = FILL_AREA_STYLE_COLOUR ( '', #1138 ) ;
#7259 = LINE ( 'NONE', #4224, #5975 ) ;
#7260 = CARTESIAN_POINT ( 'NONE',  ( -75.00000000000000000, 30.49999982145801170, 35.50000063525438776 ) ) ;
#7261 = CARTESIAN_POINT ( 'NONE',  ( 75.00000000000000000, 27.57378382795079474, 37.70000043107054921 ) ) ;
#7262 = VECTOR ( 'NONE', #2008, 1000.000000000000000 ) ;
#7263 = ADVANCED_FACE ( 'NONE', ( #3656 ), #587, .F. ) ;
#7264 = VERTEX_POINT ( 'NONE', #1850 ) ;
#7265 = VERTEX_POINT ( 'NONE', #5549 ) ;
#7266 = VECTOR ( 'NONE', #5702, 1000.000000000000000 ) ;
#7267 =( NAMED_UNIT ( * ) PLANE_ANGLE_UNIT ( ) SI_UNIT ( $, .RADIAN. ) );
#7268 = SURFACE_STYLE_FILL_AREA ( #4798 ) ;
#7269 = ORIENTED_EDGE ( 'NONE', *, *, #7239, .T. ) ;
#7270 = DIRECTION ( 'NONE',  ( 0.000000000000000000, 0.000000000000000000, -1.000000000000000000 ) ) ;
#7271 = UNCERTAINTY_MEASURE_WITH_UNIT (LENGTH_MEASURE( 1.000000000000000082E-05 ), #233, 'distance_accuracy_value', 'NONE');
#7272 = VECTOR ( 'NONE', #2647, 1000.000000000000000 ) ;
#7273 = CYLINDRICAL_SURFACE ( 'NONE', #5450, 1.299999999999995604 ) ;
#7274 = SURFACE_STYLE_FILL_AREA ( #6007 ) ;
#7275 = CARTESIAN_POINT ( 'NONE',  ( 75.00000000000000000, 28.04999960585698915, 40.25000027745841180 ) ) ;
#7276 = EDGE_CURVE ( 'NONE', #2539, #2152, #7402, .T. ) ;
#7277 = COLOUR_RGB ( '',0.8980392156862745390, 0.9176470588235293713, 0.9294117647058823817 ) ;
#7278 = CARTESIAN_POINT ( 'NONE',  ( 75.00000000000000000, -11.80000073208403322, 45.00000135459106332 ) ) ;
#7279 = STYLED_ITEM ( 'NONE', ( #3476 ), #2524 ) ;
#7280 = PRESENTATION_STYLE_ASSIGNMENT (( #2985 ) ) ;
#7281 = ORIENTED_EDGE ( 'NONE', *, *, #3761, .T. ) ;
#7282 =( GEOMETRIC_REPRESENTATION_CONTEXT ( 3 ) GLOBAL_UNCERTAINTY_ASSIGNED_CONTEXT ( ( #3015 ) ) GLOBAL_UNIT_ASSIGNED_CONTEXT ( ( #4011, #5789, #2125 ) ) REPRESENTATION_CONTEXT ( 'NONE', 'WORKASPACE' ) );
#7283 = CARTESIAN_POINT ( 'NONE',  ( 75.00000000000000000, 28.19999814060689047, 31.49999997960329523 ) ) ;
#7284 = SURFACE_STYLE_FILL_AREA ( #1813 ) ;
#7285 = ORIENTED_EDGE ( 'NONE', *, *, #330, .T. ) ;
#7286 = CARTESIAN_POINT ( 'NONE',  ( -75.00000000000000000, -32.49999880790716134, -59.99999880441464484 ) ) ;
#7287 = VECTOR ( 'NONE', #4790, 1000.000000000000000 ) ;
#7288 = PRESENTATION_LAYER_ASSIGNMENT (  '', '', ( #4320 ) ) ;
#7289 = DIRECTION ( 'NONE',  ( -0.000000000000000000, -0.000000000000000000, 1.000000000000000000 ) ) ;
#7290 = VERTEX_POINT ( 'NONE', #4888 ) ;
#7291 = CLOSED_SHELL ( 'NONE', ( #7427, #4602, #2507, #838, #1500, #707, #5866, #2834, #1654, #5343, #1212, #4811, #5778, #2185, #2075, #7827, #6317, #7497, #6710, #210, #3123, #2244, #5934, #4987, #3294, #5004, #6735, #5539, #4698, #1429, #2464, #5562, #4059, #3229, #3205, #5569, #286, #3147, #1959, #6378, #2784, #1535, #5552, #2287, #5143, #2132, #6644, #3536, #4297, #4000, #7328, #4941, #3496, #6067, #3741, #4369, #6377, #5554, #2426, #7230, #1022, #1126, #6995, #6148, #1121, #7024, #6658, #6808, #4687, #435, #1450, #4194, #7552, #1337, #4476, #4252, #1383, #4533, #1861 ) ) ;
#7292 =( NAMED_UNIT ( * ) SI_UNIT ( $, .STERADIAN. ) SOLID_ANGLE_UNIT ( ) );
#7293 = PRESENTATION_LAYER_ASSIGNMENT (  '', '', ( #3926 ) ) ;
#7294 = VECTOR ( 'NONE', #1898, 1000.000000000000000 ) ;
#7295 =( LENGTH_UNIT ( ) NAMED_UNIT ( * ) SI_UNIT ( .MILLI., .METRE. ) );
#7296 = CARTESIAN_POINT ( 'NONE',  ( 75.00000000000000000, -11.80000044405465864, 43.49999860278330743 ) ) ;
#7297 = ORIENTED_EDGE ( 'NONE', *, *, #187, .T. ) ;
#7298 = PLANE ( 'NONE',  #5061 ) ;
#7299 = UNCERTAINTY_MEASURE_WITH_UNIT (LENGTH_MEASURE( 1.000000000000000082E-05 ), #977, 'distance_accuracy_value', 'NONE');
#7300 =( NAMED_UNIT ( * ) PLANE_ANGLE_UNIT ( ) SI_UNIT ( $, .RADIAN. ) );
#7301 = VERTEX_POINT ( 'NONE', #3100 ) ;
#7302 = CARTESIAN_POINT ( 'NONE',  ( 75.00000000000000000, 27.57378382795079474, 37.70000043107054921 ) ) ;
#7303 = ORIENTED_EDGE ( 'NONE', *, *, #2085, .T. ) ;
#7304 = FACE_OUTER_BOUND ( 'NONE', #190, .T. ) ;
#7305 = VECTOR ( 'NONE', #6198, 1000.000000000000000 ) ;
#7306 = ORIENTED_EDGE ( 'NONE', *, *, #6212, .F. ) ;
#7307 = DIRECTION ( 'NONE',  ( 0.000000000000000000, -0.000000000000000000, -1.000000000000000000 ) ) ;
#7308 =( NAMED_UNIT ( * ) PLANE_ANGLE_UNIT ( ) SI_UNIT ( $, .RADIAN. ) );
#7309 = ORIENTED_EDGE ( 'NONE', *, *, #1796, .F. ) ;
#7310 = SURFACE_SIDE_STYLE ('',( #1921 ) ) ;
#7311 = ADVANCED_FACE ( 'NONE', ( #2435 ), #1299, .F. ) ;
#7312 =( LENGTH_UNIT ( ) NAMED_UNIT ( * ) SI_UNIT ( .MILLI., .METRE. ) );
#7313 = CARTESIAN_POINT ( 'NONE',  ( 75.00000000000000000, 25.65176337868377132, 39.60739484896458862 ) ) ;
#7314 = PRESENTATION_LAYER_ASSIGNMENT (  '', '', ( #4343 ) ) ;
#7315 = AXIS2_PLACEMENT_3D ( 'NONE', #7191, #1759, #1724 ) ;
#7316 = STYLED_ITEM ( 'NONE', ( #7898 ), #3892 ) ;
#7317 = DIRECTION ( 'NONE',  ( 0.000000000000000000, -1.000000000000000000, 0.000000000000000000 ) ) ;
#7318 = LINE ( 'NONE', #1844, #4592 ) ;
#7319 = PRESENTATION_STYLE_ASSIGNMENT (( #4846 ) ) ;
#7320 = MECHANICAL_DESIGN_GEOMETRIC_PRESENTATION_REPRESENTATION (  '', ( #4215 ), #4649 ) ;
#7321 = SURFACE_SIDE_STYLE ('',( #886 ) ) ;
#7322 = AXIS2_PLACEMENT_3D ( 'NONE', #4020, #4056, #1150 ) ;
#7323 = DIRECTION ( 'NONE',  ( 0.000000000000000000, -0.2588190451025882965, -0.9659258262890502156 ) ) ;
#7324 = CARTESIAN_POINT ( 'NONE',  ( 75.00000000000000000, -13.96933834789928675, 43.64999999254939667 ) ) ;
#7325 = VECTOR ( 'NONE', #5233, 1000.000000000000000 ) ;
#7326 = EDGE_CURVE ( 'NONE', #1740, #5158, #3324, .T. ) ;
#7327 = COLOUR_RGB ( '',0.8980392156862745390, 0.9176470588235293713, 0.9294117647058823817 ) ;
#7328 = ADVANCED_FACE ( 'NONE', ( #6329 ), #2035, .F. ) ;
#7329 = ORIENTED_EDGE ( 'NONE', *, *, #2143, .F. ) ;
#7330 =( GEOMETRIC_REPRESENTATION_CONTEXT ( 3 ) GLOBAL_UNCERTAINTY_ASSIGNED_CONTEXT ( ( #5578 ) ) GLOBAL_UNIT_ASSIGNED_CONTEXT ( ( #7693, #1187, #3583 ) ) REPRESENTATION_CONTEXT ( 'NONE', 'WORKASPACE' ) );
#7331 = DIRECTION ( 'NONE',  ( 0.000000000000000000, 0.9999999999996538325, -8.320811165621135585E-07 ) ) ;
#7332 = CARTESIAN_POINT ( 'NONE',  ( -75.00000000000000000, 23.19999830997313595, -42.50000030364437009 ) ) ;
#7333 = ORIENTED_EDGE ( 'NONE', *, *, #5283, .F. ) ;
#7334 = CARTESIAN_POINT ( 'NONE',  ( 75.00000000000000000, 27.57378382795413074, -37.49999829186200628 ) ) ;
#7335 = UNCERTAINTY_MEASURE_WITH_UNIT (LENGTH_MEASURE( 1.000000000000000082E-05 ), #6851, 'distance_accuracy_value', 'NONE');
#7336 = VECTOR ( 'NONE', #2114, 1000.000000000000000 ) ;
#7337 = SURFACE_STYLE_USAGE ( .BOTH. , #5600 ) ;
#7338 = PRESENTATION_LAYER_ASSIGNMENT (  '', '', ( #1718 ) ) ;
#7339 = ADVANCED_FACE ( 'NONE', ( #7477 ), #7593, .F. ) ;
#7340 = VERTEX_POINT ( 'NONE', #939 ) ;
#7341 = CARTESIAN_POINT ( 'NONE',  ( 75.00000000000000000, -8.799999860471286794, -42.64999933702636525 ) ) ;
#7342 = AXIS2_PLACEMENT_3D ( 'NONE', #6938, #2617, #6179 ) ;
#7343 = CARTESIAN_POINT ( 'NONE',  ( -75.00000000000000000, -28.15000165596212867, 40.24999974556125437 ) ) ;
#7344 = PRESENTATION_LAYER_ASSIGNMENT (  '', '', ( #4239 ) ) ;
#7345 = SURFACE_SIDE_STYLE ('',( #2998 ) ) ;
#7346 = ORIENTED_EDGE ( 'NONE', *, *, #2570, .F. ) ;
#7347 = CARTESIAN_POINT ( 'NONE',  ( 75.00000000000000000, -27.67378598645725418, 37.49999999254981020 ) ) ;
#7348 = SURFACE_STYLE_USAGE ( .BOTH. , #5483 ) ;
#7349 = VECTOR ( 'NONE', #7431, 1000.000000000000000 ) ;
#7350 =( GEOMETRIC_REPRESENTATION_CONTEXT ( 3 ) GLOBAL_UNCERTAINTY_ASSIGNED_CONTEXT ( ( #6953 ) ) GLOBAL_UNIT_ASSIGNED_CONTEXT ( ( #6470, #2842, #5403 ) ) REPRESENTATION_CONTEXT ( 'NONE', 'WORKASPACE' ) );
#7351 = ORIENTED_EDGE ( 'NONE', *, *, #3535, .T. ) ;
#7352 = ORIENTED_EDGE ( 'NONE', *, *, #14, .F. ) ;
#7353 = DIRECTION ( 'NONE',  ( 0.000000000000000000, -0.000000000000000000, 1.000000000000000000 ) ) ;
#7354 = AXIS2_PLACEMENT_3D ( 'NONE', #1584, #1511, #6434 ) ;
#7355 = ORIENTED_EDGE ( 'NONE', *, *, #7533, .F. ) ;
#7356 = CARTESIAN_POINT ( 'NONE',  ( -75.00000000000000000, -14.80000073419111217, 42.64999999254941798 ) ) ;
#7357 =( LENGTH_UNIT ( ) NAMED_UNIT ( * ) SI_UNIT ( .MILLI., .METRE. ) );
#7358 = VERTEX_POINT ( 'NONE', #4490 ) ;
#7359 =( LENGTH_UNIT ( ) NAMED_UNIT ( * ) SI_UNIT ( .MILLI., .METRE. ) );
#7360 = UNCERTAINTY_MEASURE_WITH_UNIT (LENGTH_MEASURE( 1.000000000000000082E-05 ), #3483, 'distance_accuracy_value', 'NONE');
#7361 = VECTOR ( 'NONE', #5036, 1000.000000000000000 ) ;
#7362 = CARTESIAN_POINT ( 'NONE',  ( -75.00000000000000000, 25.39999815885462198, -39.80057931472826738 ) ) ;
#7363 = EDGE_CURVE ( 'NONE', #1623, #5923, #826, .T. ) ;
#7364 =( LENGTH_UNIT ( ) NAMED_UNIT ( * ) SI_UNIT ( .MILLI., .METRE. ) );
#7365 = VECTOR ( 'NONE', #2619, 1000.000000000000000 ) ;
#7366 =( GEOMETRIC_REPRESENTATION_CONTEXT ( 3 ) GLOBAL_UNCERTAINTY_ASSIGNED_CONTEXT ( ( #5474 ) ) GLOBAL_UNIT_ASSIGNED_CONTEXT ( ( #7359, #13, #1886 ) ) REPRESENTATION_CONTEXT ( 'NONE', 'WORKASPACE' ) );
#7367 = ORIENTED_EDGE ( 'NONE', *, *, #7518, .T. ) ;
#7368 = EDGE_CURVE ( 'NONE', #4995, #2022, #4524, .T. ) ;
#7369 = PRESENTATION_LAYER_ASSIGNMENT (  '', '', ( #4137 ) ) ;
#7370 = VECTOR ( 'NONE', #7289, 1000.000000000000000 ) ;
#7371 = CARTESIAN_POINT ( 'NONE',  ( 75.00000000000000000, -11.80000096952504585, -44.99999790990878523 ) ) ;
#7372 = AXIS2_PLACEMENT_3D ( 'NONE', #4411, #6738, #3134 ) ;
#7373 = EDGE_LOOP ( 'NONE', ( #110, #389, #5386, #1205 ) ) ;
#7374 = CARTESIAN_POINT ( 'NONE',  ( 75.00000000000000000, 25.65176194376601160, -39.60739413269906350 ) ) ;
#7375 = DIRECTION ( 'NONE',  ( 0.000000000000000000, -0.000000000000000000, -1.000000000000000000 ) ) ;
#7376 = MECHANICAL_DESIGN_GEOMETRIC_PRESENTATION_REPRESENTATION (  '', ( #2510 ), #4656 ) ;
#7377 = VECTOR ( 'NONE', #1058, 1000.000000000000000 ) ;
#7378 = VERTEX_POINT ( 'NONE', #6983 ) ;
#7379 = MECHANICAL_DESIGN_GEOMETRIC_PRESENTATION_REPRESENTATION (  '', ( #5816 ), #1389 ) ;
#7380 = DIRECTION ( 'NONE',  ( 0.000000000000000000, -0.9659258032730895227, 0.2588191309993074785 ) ) ;
#7381 = DIRECTION ( 'NONE',  ( -0.000000000000000000, 4.094455713416068835E-07, 0.9999999999999161782 ) ) ;
#7382 = CARTESIAN_POINT ( 'NONE',  ( 75.00000000000000000, 19.19999904191690021, 40.30000032623447481 ) ) ;
#7383 = ORIENTED_EDGE ( 'NONE', *, *, #168, .T. ) ;
#7384 = EDGE_CURVE ( 'NONE', #761, #7264, #1996, .T. ) ;
#7385 =( NAMED_UNIT ( * ) SI_UNIT ( $, .STERADIAN. ) SOLID_ANGLE_UNIT ( ) );
#7386 = MECHANICAL_DESIGN_GEOMETRIC_PRESENTATION_REPRESENTATION (  '', ( #1391 ), #2630 ) ;
#7387 = VERTEX_POINT ( 'NONE', #4448 ) ;
#7388 = DIRECTION ( 'NONE',  ( -1.000000000000000000, -0.000000000000000000, -0.000000000000000000 ) ) ;
#7389 = VERTEX_POINT ( 'NONE', #256 ) ;
#7390 = LINE ( 'NONE', #6200, #4642 ) ;
#7391 = ORIENTED_EDGE ( 'NONE', *, *, #6753, .T. ) ;
#7392 = DIRECTION ( 'NONE',  ( 0.000000000000000000, -1.000000000000000000, 0.000000000000000000 ) ) ;
#7393 = CARTESIAN_POINT ( 'NONE',  ( 75.00000000000000000, 21.39999902999591441, 40.30000032623447481 ) ) ;
#7394 = EDGE_LOOP ( 'NONE', ( #1105, #7346, #5228, #3422 ) ) ;
#7395 = PRESENTATION_STYLE_ASSIGNMENT (( #4236 ) ) ;
#7396 = DIRECTION ( 'NONE',  ( -0.000000000000000000, 0.000000000000000000, 1.000000000000000000 ) ) ;
#7397 = PRESENTATION_STYLE_ASSIGNMENT (( #3836 ) ) ;
#7398 = AXIS2_PLACEMENT_3D ( 'NONE', #7439, #3058, #1178 ) ;
#7399 = SURFACE_STYLE_FILL_AREA ( #4408 ) ;
#7400 = CARTESIAN_POINT ( 'NONE',  ( 75.00000000000000000, -28.09999986047136389, -44.99999782597348741 ) ) ;
#7401 =( NAMED_UNIT ( * ) SI_UNIT ( $, .STERADIAN. ) SOLID_ANGLE_UNIT ( ) );
#7402 = LINE ( 'NONE', #1217, #3669 ) ;
#7403 = PRODUCT_DEFINITION ( 'н╢', '', #3559, #7668 ) ;
#7404 = ORIENTED_EDGE ( 'NONE', *, *, #2634, .F. ) ;
#7405 = STYLED_ITEM ( 'NONE', ( #859 ), #7552 ) ;
#7406 = DIRECTION ( 'NONE',  ( -0.000000000000000000, -0.000000000000000000, -1.000000000000000000 ) ) ;
#7407 = LINE ( 'NONE', #4334, #2210 ) ;
#7408 = ORIENTED_EDGE ( 'NONE', *, *, #2579, .F. ) ;
#7409 = EDGE_CURVE ( 'NONE', #2988, #6293, #5085, .T. ) ;
#7410 = DIRECTION ( 'NONE',  ( 0.000000000000000000, 0.000000000000000000, 1.000000000000000000 ) ) ;
#7411 = CIRCLE ( 'NONE', #5206, 1.300000000000016476 ) ;
#7412 = ORIENTED_EDGE ( 'NONE', *, *, #6917, .T. ) ;
#7413 = PRESENTATION_STYLE_ASSIGNMENT (( #2522 ) ) ;
#7414 = LINE ( 'NONE', #3785, #3057 ) ;
#7415 = LINE ( 'NONE', #1942, #579 ) ;
#7416 = COLOUR_RGB ( '',0.8980392156862745390, 0.9176470588235293713, 0.9294117647058823817 ) ;
#7417 = ORIENTED_EDGE ( 'NONE', *, *, #7700, .T. ) ;
#7418 = PRESENTATION_LAYER_ASSIGNMENT (  '', '', ( #6756 ) ) ;
#7419 = MECHANICAL_DESIGN_GEOMETRIC_PRESENTATION_REPRESENTATION (  '', ( #2163 ), #3052 ) ;
#7420 = DIRECTION ( 'NONE',  ( 0.000000000000000000, -1.000000000000000000, 0.000000000000000000 ) ) ;
#7421 = LINE ( 'NONE', #160, #5215 ) ;
#7422 = ADVANCED_FACE ( 'NONE', ( #4117 ), #2148, .F. ) ;
#7423 = PRESENTATION_LAYER_ASSIGNMENT (  '', '', ( #7671 ) ) ;
#7424 = ORIENTED_EDGE ( 'NONE', *, *, #258, .T. ) ;
#7425 = FILL_AREA_STYLE_COLOUR ( '', #4466 ) ;
#7426 = ORIENTED_EDGE ( 'NONE', *, *, #754, .T. ) ;
#7427 = ADVANCED_FACE ( 'NONE', ( #2309 ), #1716, .T. ) ;
#7428 = CARTESIAN_POINT ( 'NONE',  ( 75.00000000000000000, -8.800001402694260122, -42.64999993665134070 ) ) ;
#7429 = VERTEX_POINT ( 'NONE', #7146 ) ;
#7430 = PLANE ( 'NONE',  #4085 ) ;
#7431 = DIRECTION ( 'NONE',  ( 0.000000000000000000, -5.156581957376829825E-08, -0.9999999999999986677 ) ) ;
#7432 = ORIENTED_EDGE ( 'NONE', *, *, #3810, .F. ) ;
#7433 = UNCERTAINTY_MEASURE_WITH_UNIT (LENGTH_MEASURE( 1.000000000000000082E-05 ), #4727, 'distance_accuracy_value', 'NONE');
#7434 = CARTESIAN_POINT ( 'NONE',  ( -75.00000000000000000, 21.39999764240106117, -40.30000031556529905 ) ) ;
#7435 = LINE ( 'NONE', #7313, #3991 ) ;
#7436 = DIRECTION ( 'NONE',  ( -1.000000000000000000, -0.000000000000000000, -0.000000000000000000 ) ) ;
#7437 = ADVANCED_FACE ( 'NONE', ( #5248 ), #7708, .F. ) ;
#7438 = CARTESIAN_POINT ( 'NONE',  ( -75.00000000000000000, -5.500001823453763983, -40.30000030276743672 ) ) ;
#7439 = CARTESIAN_POINT ( 'NONE',  ( 75.00000000000000000, 28.19999814060689047, -33.49999949885628325 ) ) ;
#7440 = CYLINDRICAL_SURFACE ( 'NONE', #4765, 0.1999999999999224620 ) ;
#7441 = CARTESIAN_POINT ( 'NONE',  ( 75.00000000000000000, -31.89999982714642002, 4.849999997531995177 ) ) ;
#7442 = VERTEX_POINT ( 'NONE', #4237 ) ;
#7443 = COLOUR_RGB ( '',0.8980392156862745390, 0.9176470588235293713, 0.9294117647058823817 ) ;
#7444 = VECTOR ( 'NONE', #2015, 1000.000000000000000 ) ;
#7445 = PRESENTATION_STYLE_ASSIGNMENT (( #945 ) ) ;
#7446 =( LENGTH_UNIT ( ) NAMED_UNIT ( * ) SI_UNIT ( .MILLI., .METRE. ) );
#7447 = DIRECTION ( 'NONE',  ( 0.000000000000000000, 0.000000000000000000, -1.000000000000000000 ) ) ;
#7448 = CARTESIAN_POINT ( 'NONE',  ( 75.00000000000000000, 25.39999815885541068, -39.80057931472826738 ) ) ;
#7449 = VECTOR ( 'NONE', #1353, 1000.000000000000000 ) ;
#7450 = STYLED_ITEM ( 'NONE', ( #1815 ), #687 ) ;
#7451 = EDGE_LOOP ( 'NONE', ( #2873, #3752, #844, #2925 ) ) ;
#7452 = EDGE_CURVE ( 'NONE', #6786, #6355, #783, .T. ) ;
#7453 = CARTESIAN_POINT ( 'NONE',  ( 75.00000000000000000, 19.19999765432204342, -42.50000030364437009 ) ) ;
#7454 = DIRECTION ( 'NONE',  ( -1.000000000000000000, -0.000000000000000000, -0.000000000000000000 ) ) ;
#7455 = ORIENTED_EDGE ( 'NONE', *, *, #6417, .T. ) ;
#7456 = LINE ( 'NONE', #3713, #2789 ) ;
#7457 = VECTOR ( 'NONE', #3999, 1000.000000000000000 ) ;
#7458 = ORIENTED_EDGE ( 'NONE', *, *, #6406, .T. ) ;
#7459 = VERTEX_POINT ( 'NONE', #6732 ) ;
#7460 = DIRECTION ( 'NONE',  ( 0.000000000000000000, 0.2588190451025496053, -0.9659258262890606517 ) ) ;
#7461 = ORIENTED_EDGE ( 'NONE', *, *, #383, .F. ) ;
#7462 = FILL_AREA_STYLE ('',( #854 ) ) ;
#7463 = SURFACE_STYLE_FILL_AREA ( #813 ) ;
#7464 = EDGE_CURVE ( 'NONE', #4580, #7290, #12, .T. ) ;
#7465 = VECTOR ( 'NONE', #2688, 1000.000000000000000 ) ;
#7466 = CARTESIAN_POINT ( 'NONE',  ( 75.00000000000000000, -13.81638466751647343, 41.80000028057850869 ) ) ;
#7467 =( GEOMETRIC_REPRESENTATION_CONTEXT ( 3 ) GLOBAL_UNCERTAINTY_ASSIGNED_CONTEXT ( ( #3259 ) ) GLOBAL_UNIT_ASSIGNED_CONTEXT ( ( #6348, #3901, #5276 ) ) REPRESENTATION_CONTEXT ( 'NONE', 'WORKASPACE' ) );
#7468 = CARTESIAN_POINT ( 'NONE',  ( 75.00000000000000000, -30.20000114037598493, 29.49999974526575386 ) ) ;
#7469 = DIRECTION ( 'NONE',  ( 0.000000000000000000, 0.000000000000000000, -1.000000000000000000 ) ) ;
#7470 = DIRECTION ( 'NONE',  ( -1.000000000000000000, -0.000000000000000000, -0.000000000000000000 ) ) ;
#7471 = FILL_AREA_STYLE ('',( #6769 ) ) ;
#7472 = VECTOR ( 'NONE', #130, 1000.000000000000000 ) ;
#7473 = CARTESIAN_POINT ( 'NONE',  ( -75.00000000000000000, -13.96933834789928675, 43.64999999254939667 ) ) ;
#7474 = CARTESIAN_POINT ( 'NONE',  ( -75.00000000000000000, -11.79999985836419718, -40.30000022208010080 ) ) ;
#7475 =( NAMED_UNIT ( * ) SI_UNIT ( $, .STERADIAN. ) SOLID_ANGLE_UNIT ( ) );
#7476 = DIRECTION ( 'NONE',  ( 0.000000000000000000, 0.000000000000000000, -1.000000000000000000 ) ) ;
#7477 = FACE_OUTER_BOUND ( 'NONE', #4834, .T. ) ;
#7478 =( NAMED_UNIT ( * ) PLANE_ANGLE_UNIT ( ) SI_UNIT ( $, .RADIAN. ) );
#7479 = VECTOR ( 'NONE', #375, 1000.000000000000000 ) ;
#7480 = ORIENTED_EDGE ( 'NONE', *, *, #7533, .T. ) ;
#7481 = CARTESIAN_POINT ( 'NONE',  ( 75.00000000000000000, -11.79999985836419718, -40.30000022208010080 ) ) ;
#7482 = VECTOR ( 'NONE', #501, 1000.000000000000114 ) ;
#7483 = LINE ( 'NONE', #2006, #5527 ) ;
#7484 = CARTESIAN_POINT ( 'NONE',  ( 75.00000000000000000, -11.79999985836419718, -44.99999782597348741 ) ) ;
#7485 = VECTOR ( 'NONE', #4841, 1000.000000000000000 ) ;
#7486 = VECTOR ( 'NONE', #4067, 1000.000000000000000 ) ;
#7487 = PRESENTATION_LAYER_ASSIGNMENT (  '', '', ( #6442 ) ) ;
#7488 = ORIENTED_EDGE ( 'NONE', *, *, #3822, .F. ) ;
#7489 = CARTESIAN_POINT ( 'NONE',  ( 75.00000000000000000, 19.19999904191690021, 40.30000032623447481 ) ) ;
#7490 = CARTESIAN_POINT ( 'NONE',  ( 75.00000000000000000, -28.15000165596212867, 40.24999974556125437 ) ) ;
#7491 = SURFACE_STYLE_USAGE ( .BOTH. , #3227 ) ;
#7492 = ORIENTED_EDGE ( 'NONE', *, *, #6004, .F. ) ;
#7493 = SURFACE_STYLE_FILL_AREA ( #6918 ) ;
#7494 = DIRECTION ( 'NONE',  ( 0.000000000000000000, -0.2588191611718874130, 0.9659257951883677418 ) ) ;
#7495 = ADVANCED_FACE ( 'NONE', ( #3723 ), #3684, .T. ) ;
#7496 =( GEOMETRIC_REPRESENTATION_CONTEXT ( 3 ) GLOBAL_UNCERTAINTY_ASSIGNED_CONTEXT ( ( #3796 ) ) GLOBAL_UNIT_ASSIGNED_CONTEXT ( ( #4203, #7847, #3019 ) ) REPRESENTATION_CONTEXT ( 'NONE', 'WORKASPACE' ) );
#7497 = ADVANCED_FACE ( 'NONE', ( #6649 ), #3088, .F. ) ;
#7498 = VERTEX_POINT ( 'NONE', #577 ) ;
#7499 = CARTESIAN_POINT ( 'NONE',  ( 75.00000000000000000, -27.40000030889110860, -31.49999907754262551 ) ) ;
#7500 = ORIENTED_EDGE ( 'NONE', *, *, #2559, .F. ) ;
#7501 = ORIENTED_EDGE ( 'NONE', *, *, #3584, .F. ) ;
#7502 = DIRECTION ( 'NONE',  ( -1.000000000000000000, -0.000000000000000000, -0.000000000000000000 ) ) ;
#7503 =( NAMED_UNIT ( * ) SI_UNIT ( $, .STERADIAN. ) SOLID_ANGLE_UNIT ( ) );
#7504 = FILL_AREA_STYLE ('',( #7583 ) ) ;
#7505 = FILL_AREA_STYLE_COLOUR ( '', #6101 ) ;
#7506 =( LENGTH_UNIT ( ) NAMED_UNIT ( * ) SI_UNIT ( .MILLI., .METRE. ) );
#7507 = DIRECTION ( 'NONE',  ( 0.000000000000000000, -0.000000000000000000, -1.000000000000000000 ) ) ;
#7508 = EDGE_CURVE ( 'NONE', #7429, #918, #5420, .T. ) ;
#7509 = DIRECTION ( 'NONE',  ( -1.000000000000000000, -0.000000000000000000, -0.000000000000000000 ) ) ;
#7510 = AXIS2_PLACEMENT_3D ( 'NONE', #7067, #6988, #2813 ) ;
#7511 = CARTESIAN_POINT ( 'NONE',  ( 75.00000000000000000, 19.19999765432204342, -40.30000031556529905 ) ) ;
#7512 = DIRECTION ( 'NONE',  ( 0.000000000000000000, 0.000000000000000000, -1.000000000000000000 ) ) ;
#7513 = FILL_AREA_STYLE ('',( #4410 ) ) ;
#7514 = FILL_AREA_STYLE ('',( #3947 ) ) ;
#7515 = CARTESIAN_POINT ( 'NONE',  ( 75.00000000000000000, -14.80000044616175359, 41.35000028057852717 ) ) ;
#7516 = CARTESIAN_POINT ( 'NONE',  ( 75.00000000000000000, -14.80000073419111217, 43.94999999254941514 ) ) ;
#7517 = AXIS2_PLACEMENT_3D ( 'NONE', #7806, #7077, #5347 ) ;
#7518 = EDGE_CURVE ( 'NONE', #7265, #1670, #6803, .T. ) ;
#7519 = EDGE_LOOP ( 'NONE', ( #722, #3558, #5626, #5232 ) ) ;
#7520 = ADVANCED_FACE ( 'NONE', ( #2060 ), #1986, .F. ) ;
#7521 = PLANE ( 'NONE',  #97 ) ;
#7522 = SURFACE_STYLE_FILL_AREA ( #4455 ) ;
#7523 = PRESENTATION_STYLE_ASSIGNMENT (( #1416 ) ) ;
#7524 = AXIS2_PLACEMENT_3D ( 'NONE', #3696, #6140, #2513 ) ;
#7525 = ORIENTED_EDGE ( 'NONE', *, *, #7754, .T. ) ;
#7526 = AXIS2_PLACEMENT_3D ( 'NONE', #3866, #1955, #6283 ) ;
#7527 = SURFACE_STYLE_USAGE ( .BOTH. , #7568 ) ;
#7528 = CARTESIAN_POINT ( 'NONE',  ( 75.00000000000000000, 19.19999765432204342, -42.50000030364437009 ) ) ;
#7529 =( NAMED_UNIT ( * ) PLANE_ANGLE_UNIT ( ) SI_UNIT ( $, .RADIAN. ) );
#7530 = EDGE_LOOP ( 'NONE', ( #2496, #661, #2082, #261 ) ) ;
#7531 = MECHANICAL_DESIGN_GEOMETRIC_PRESENTATION_REPRESENTATION (  '', ( #2548 ), #3800 ) ;
#7532 = CARTESIAN_POINT ( 'NONE',  ( 75.00000000000000000, 26.84259087599305715, -39.92647562413363005 ) ) ;
#7533 = EDGE_CURVE ( 'NONE', #6070, #5218, #4358, .T. ) ;
#7534 = VERTEX_POINT ( 'NONE', #4437 ) ;
#7535 = DIRECTION ( 'NONE',  ( 0.000000000000000000, -1.000000000000000000, 0.000000000000000000 ) ) ;
#7536 = AXIS2_PLACEMENT_3D ( 'NONE', #1871, #4950, #4872 ) ;
#7537 = SURFACE_SIDE_STYLE ('',( #5065 ) ) ;
#7538 = AXIS2_PLACEMENT_3D ( 'NONE', #7166, #7774, #4091 ) ;
#7539 = CARTESIAN_POINT ( 'NONE',  ( -75.00000000000000000, -13.81638466751647343, 43.50000028057854706 ) ) ;
#7540 = VERTEX_POINT ( 'NONE', #3833 ) ;
#7541 = LINE ( 'NONE', #2432, #611 ) ;
#7542 = LINE ( 'NONE', #1479, #2334 ) ;
#7543 = FILL_AREA_STYLE ('',( #5038 ) ) ;
#7544 = LINE ( 'NONE', #4552, #3888 ) ;
#7545 = SURFACE_STYLE_USAGE ( .BOTH. , #3275 ) ;
#7546 = PLANE ( 'NONE',  #4319 ) ;
#7547 = CARTESIAN_POINT ( 'NONE',  ( -75.00000000000000000, -27.67378567386954202, -37.49999819837389481 ) ) ;
#7548 = VECTOR ( 'NONE', #3343, 1000.000000000000000 ) ;
#7549 =( LENGTH_UNIT ( ) NAMED_UNIT ( * ) SI_UNIT ( .MILLI., .METRE. ) );
#7550 = DIRECTION ( 'NONE',  ( -1.000000000000000000, -0.000000000000000000, -0.000000000000000000 ) ) ;
#7551 =( NAMED_UNIT ( * ) PLANE_ANGLE_UNIT ( ) SI_UNIT ( $, .RADIAN. ) );
#7552 = ADVANCED_FACE ( 'NONE', ( #3239 ), #3128, .F. ) ;
#7553 = CARTESIAN_POINT ( 'NONE',  ( 75.00000000000000000, 30.49999982145801170, 29.49999965177774897 ) ) ;
#7554 = SURFACE_STYLE_USAGE ( .BOTH. , #1376 ) ;
#7555 = ORIENTED_EDGE ( 'NONE', *, *, #1085, .T. ) ;
#7556 = LINE ( 'NONE', #5770, #2505 ) ;
#7557 = CARTESIAN_POINT ( 'NONE',  ( -75.00000000000000000, 23.19999969756799274, 42.50000031431354586 ) ) ;
#7558 = VERTEX_POINT ( 'NONE', #816 ) ;
#7559 = PRESENTATION_STYLE_ASSIGNMENT (( #303 ) ) ;
#7560 = CIRCLE ( 'NONE', #4073, 1.299999999999995604 ) ;
#7561 = EDGE_CURVE ( 'NONE', #7358, #7793, #665, .T. ) ;
#7562 = DIRECTION ( 'NONE',  ( -1.000000000000000000, -0.000000000000000000, -0.000000000000000000 ) ) ;
#7563 = EDGE_CURVE ( 'NONE', #3579, #3739, #2542, .T. ) ;
#7564 = VECTOR ( 'NONE', #841, 1000.000000000000000 ) ;
#7565 = COLOUR_RGB ( '',0.8980392156862745390, 0.9176470588235293713, 0.9294117647058823817 ) ;
#7566 = PRESENTATION_LAYER_ASSIGNMENT (  '', '', ( #6520 ) ) ;
#7567 = ORIENTED_EDGE ( 'NONE', *, *, #5121, .T. ) ;
#7568 = SURFACE_SIDE_STYLE ('',( #3816 ) ) ;
#7569 = SURFACE_SIDE_STYLE ('',( #2670 ) ) ;
#7570 = CARTESIAN_POINT ( 'NONE',  ( 75.00000000000000000, 30.49999982145801170, 29.49999965177774897 ) ) ;
#7571 = VERTEX_POINT ( 'NONE', #171 ) ;
#7572 = PRESENTATION_LAYER_ASSIGNMENT (  '', '', ( #4215 ) ) ;
#7573 = CIRCLE ( 'NONE', #6153, 0.1999999999999224620 ) ;
#7574 = SURFACE_STYLE_USAGE ( .BOTH. , #2635 ) ;
#7575 = EDGE_CURVE ( 'NONE', #2147, #7837, #5236, .T. ) ;
#7576 = VECTOR ( 'NONE', #5037, 1000.000000000000114 ) ;
#7577 = ORIENTED_EDGE ( 'NONE', *, *, #7575, .T. ) ;
#7578 = DIRECTION ( 'NONE',  ( -1.000000000000000000, -0.000000000000000000, -0.000000000000000000 ) ) ;
#7579 = MECHANICAL_DESIGN_GEOMETRIC_PRESENTATION_REPRESENTATION (  '', ( #4733 ), #6532 ) ;
#7580 = ORIENTED_EDGE ( 'NONE', *, *, #7326, .T. ) ;
#7581 = FACE_OUTER_BOUND ( 'NONE', #2068, .T. ) ;
#7582 = DIRECTION ( 'NONE',  ( -1.000000000000000000, -0.000000000000000000, -0.000000000000000000 ) ) ;
#7583 = FILL_AREA_STYLE_COLOUR ( '', #5449 ) ;
#7584 = PLANE ( 'NONE',  #1348 ) ;
#7585 = VECTOR ( 'NONE', #4042, 1000.000000000000000 ) ;
#7586 = PRESENTATION_LAYER_ASSIGNMENT (  '', '', ( #6411 ) ) ;
#7587 = EDGE_LOOP ( 'NONE', ( #1359, #4732, #6332, #1810 ) ) ;
#7588 = CARTESIAN_POINT ( 'NONE',  ( 75.00000000000000000, 28.19999814060689047, -29.50000070585011969 ) ) ;
#7589 = FACE_OUTER_BOUND ( 'NONE', #4312, .T. ) ;
#7590 = STYLED_ITEM ( 'NONE', ( #3089 ), #2464 ) ;
#7591 = LINE ( 'NONE', #2582, #719 ) ;
#7592 = VERTEX_POINT ( 'NONE', #7177 ) ;
#7593 = PLANE ( 'NONE',  #1527 ) ;
#7594 = CARTESIAN_POINT ( 'NONE',  ( 75.00000000000000000, -26.94259426488460107, 39.92647634305149751 ) ) ;
#7595 = STYLED_ITEM ( 'NONE', ( #1712 ), #6701 ) ;
#7596 = EDGE_CURVE ( 'NONE', #6554, #2447, #2263, .T. ) ;
#7597 = ORIENTED_EDGE ( 'NONE', *, *, #3626, .T. ) ;
#7598 = SURFACE_SIDE_STYLE ('',( #7522 ) ) ;
#7599 = CIRCLE ( 'NONE', #4250, 0.1999999999990967336 ) ;
#7600 = FACE_OUTER_BOUND ( 'NONE', #5997, .T. ) ;
#7601 = FILL_AREA_STYLE ('',( #6297 ) ) ;
#7602 = EDGE_CURVE ( 'NONE', #6308, #3299, #4709, .T. ) ;
#7603 = UNCERTAINTY_MEASURE_WITH_UNIT (LENGTH_MEASURE( 1.000000000000000082E-05 ), #3160, 'distance_accuracy_value', 'NONE');
#7604 = ORIENTED_EDGE ( 'NONE', *, *, #2046, .T. ) ;
#7605 = STYLED_ITEM ( 'NONE', ( #3572 ), #5185 ) ;
#7606 = VECTOR ( 'NONE', #3841, 1000.000000000000000 ) ;
#7607 = CARTESIAN_POINT ( 'NONE',  ( -75.00000000000000000, -11.80000044405465864, 40.30000031343661249 ) ) ;
#7608 = ORIENTED_EDGE ( 'NONE', *, *, #1687, .T. ) ;
#7609 =( NAMED_UNIT ( * ) SI_UNIT ( $, .STERADIAN. ) SOLID_ANGLE_UNIT ( ) );
#7610 =( NAMED_UNIT ( * ) SI_UNIT ( $, .STERADIAN. ) SOLID_ANGLE_UNIT ( ) );
#7611 = CIRCLE ( 'NONE', #869, 1.250000000000028866 ) ;
#7612 = ORIENTED_EDGE ( 'NONE', *, *, #2375, .F. ) ;
#7613 =( NAMED_UNIT ( * ) SI_UNIT ( $, .STERADIAN. ) SOLID_ANGLE_UNIT ( ) );
#7614 = DIRECTION ( 'NONE',  ( 0.000000000000000000, 0.000000000000000000, -1.000000000000000000 ) ) ;
#7615 = COLOUR_RGB ( '',0.8980392156862745390, 0.9176470588235293713, 0.9294117647058823817 ) ;
#7616 = STYLED_ITEM ( 'NONE', ( #4852 ), #3147 ) ;
#7617 = ORIENTED_EDGE ( 'NONE', *, *, #4773, .T. ) ;
#7618 = SURFACE_STYLE_USAGE ( .BOTH. , #7738 ) ;
#7619 = EDGE_CURVE ( 'NONE', #2343, #7378, #5758, .T. ) ;
#7620 = PRESENTATION_STYLE_ASSIGNMENT (( #5150 ) ) ;
#7621 = CARTESIAN_POINT ( 'NONE',  ( 75.00000000000000000, -32.49999880790716134, 44.84999910346232355 ) ) ;
#7622 = PRESENTATION_LAYER_ASSIGNMENT (  '', '', ( #109 ) ) ;
#7623 = CARTESIAN_POINT ( 'NONE',  ( 75.00000000000000000, 32.49999986189344270, -39.99999866543531368 ) ) ;
#7624 = CARTESIAN_POINT ( 'NONE',  ( 75.00000000000000000, -32.49999880790716134, -59.99999880441464484 ) ) ;
#7625 =( NAMED_UNIT ( * ) PLANE_ANGLE_UNIT ( ) SI_UNIT ( $, .RADIAN. ) );
#7626 = CARTESIAN_POINT ( 'NONE',  ( 75.00000000000000000, -11.80000183164951366, -41.65000080344623257 ) ) ;
#7627 = ORIENTED_EDGE ( 'NONE', *, *, #1135, .T. ) ;
#7628 = SURFACE_SIDE_STYLE ('',( #5160 ) ) ;
#7629 = COLOUR_RGB ( '',0.8980392156862745390, 0.9176470588235293713, 0.9294117647058823817 ) ;
#7630 = ORIENTED_EDGE ( 'NONE', *, *, #2596, .F. ) ;
#7631 = FACE_OUTER_BOUND ( 'NONE', #7587, .T. ) ;
#7632 = CARTESIAN_POINT ( 'NONE',  ( 75.00000000000000000, 26.84259087599305715, -39.92647562413363005 ) ) ;
#7633 = EDGE_LOOP ( 'NONE', ( #5884, #3896, #6113, #4134 ) ) ;
#7634 = CARTESIAN_POINT ( 'NONE',  ( 75.00000000000000000, 30.49999982145801170, -35.50000168932675848 ) ) ;
#7635 = SURFACE_STYLE_FILL_AREA ( #1556 ) ;
#7636 = PRESENTATION_LAYER_ASSIGNMENT (  '', '', ( #1265 ) ) ;
#7637 =( GEOMETRIC_REPRESENTATION_CONTEXT ( 3 ) GLOBAL_UNCERTAINTY_ASSIGNED_CONTEXT ( ( #6077 ) ) GLOBAL_UNIT_ASSIGNED_CONTEXT ( ( #7549, #3943, #4483 ) ) REPRESENTATION_CONTEXT ( 'NONE', 'WORKASPACE' ) );
#7638 = ORIENTED_EDGE ( 'NONE', *, *, #700, .F. ) ;
#7639 = FILL_AREA_STYLE_COLOUR ( '', #3750 ) ;
#7640 =( NAMED_UNIT ( * ) SI_UNIT ( $, .STERADIAN. ) SOLID_ANGLE_UNIT ( ) );
#7641 = LINE ( 'NONE', #7484, #7262 ) ;
#7642 = ORIENTED_EDGE ( 'NONE', *, *, #4310, .T. ) ;
#7643 = AXIS2_PLACEMENT_3D ( 'NONE', #2772, #7022, #5849 ) ;
#7644 = ORIENTED_EDGE ( 'NONE', *, *, #41, .T. ) ;
#7645 = UNCERTAINTY_MEASURE_WITH_UNIT (LENGTH_MEASURE( 1.000000000000000082E-05 ), #2059, 'distance_accuracy_value', 'NONE');
#7646 = EDGE_CURVE ( 'NONE', #7301, #2673, #913, .T. ) ;
#7647 = SURFACE_STYLE_USAGE ( .BOTH. , #5826 ) ;
#7648 = SURFACE_STYLE_USAGE ( .BOTH. , #3301 ) ;
#7649 = COLOUR_RGB ( '',0.8980392156862745390, 0.9176470588235293713, 0.9294117647058823817 ) ;
#7650 = ORIENTED_EDGE ( 'NONE', *, *, #755, .T. ) ;
#7651 = DIRECTION ( 'NONE',  ( -1.000000000000000000, -0.000000000000000000, -0.000000000000000000 ) ) ;
#7652 = FILL_AREA_STYLE_COLOUR ( '', #3697 ) ;
#7653 = CARTESIAN_POINT ( 'NONE',  ( 75.00000000000000000, -27.82647625647446077, -39.04259181176930582 ) ) ;
#7654 = ORIENTED_EDGE ( 'NONE', *, *, #556, .T. ) ;
#7655 = PLANE ( 'NONE',  #5781 ) ;
#7656 = AXIS2_PLACEMENT_3D ( 'NONE', #2488, #1237, #3001 ) ;
#7657 = DIRECTION ( 'NONE',  ( 0.000000000000000000, 0.000000000000000000, -1.000000000000000000 ) ) ;
#7658 = PLANE ( 'NONE',  #7720 ) ;
#7659 = LINE ( 'NONE', #4518, #4014 ) ;
#7660 = EDGE_CURVE ( 'NONE', #6715, #4859, #926, .T. ) ;
#7661 = DIRECTION ( 'NONE',  ( -1.000000000000000000, -0.000000000000000000, -0.000000000000000000 ) ) ;
#7662 = VERTEX_POINT ( 'NONE', #4104 ) ;
#7663 = DIRECTION ( 'NONE',  ( 0.000000000000000000, 0.000000000000000000, 1.000000000000000000 ) ) ;
#7664 =( LENGTH_UNIT ( ) NAMED_UNIT ( * ) SI_UNIT ( .MILLI., .METRE. ) );
#7665 = ORIENTED_EDGE ( 'NONE', *, *, #298, .T. ) ;
#7666 = SURFACE_SIDE_STYLE ('',( #5337 ) ) ;
#7667 = LINE ( 'NONE', #6899, #2241 ) ;
#7668 = PRODUCT_DEFINITION_CONTEXT ( 'detailed design', #2188, 'design' ) ;
#7669 = ADVANCED_FACE ( 'NONE', ( #7139 ), #3978, .F. ) ;
#7670 = AXIS2_PLACEMENT_3D ( 'NONE', #4031, #5960, #4757 ) ;
#7671 = STYLED_ITEM ( 'NONE', ( #2245 ), #4987 ) ;
#7672 = VERTEX_POINT ( 'NONE', #2763 ) ;
#7673 = DIRECTION ( 'NONE',  ( 0.000000000000000000, -0.9999999999999211742, -3.970625141956370266E-07 ) ) ;
#7674 = DIRECTION ( 'NONE',  ( 0.000000000000000000, 0.000000000000000000, -1.000000000000000000 ) ) ;
#7675 = LINE ( 'NONE', #4044, #4422 ) ;
#7676 = UNCERTAINTY_MEASURE_WITH_UNIT (LENGTH_MEASURE( 1.000000000000000082E-05 ), #3360, 'distance_accuracy_value', 'NONE');
#7677 = VERTEX_POINT ( 'NONE', #7624 ) ;
#7678 = PRESENTATION_LAYER_ASSIGNMENT (  '', '', ( #4206 ) ) ;
#7679 = FILL_AREA_STYLE_COLOUR ( '', #7802 ) ;
#7680 = ORIENTED_EDGE ( 'NONE', *, *, #4128, .T. ) ;
#7681 = LINE ( 'NONE', #2205, #4268 ) ;
#7682 = PRESENTATION_LAYER_ASSIGNMENT (  '', '', ( #3325 ) ) ;
#7683 =( GEOMETRIC_REPRESENTATION_CONTEXT ( 3 ) GLOBAL_UNCERTAINTY_ASSIGNED_CONTEXT ( ( #1658 ) ) GLOBAL_UNIT_ASSIGNED_CONTEXT ( ( #2562, #74, #6155 ) ) REPRESENTATION_CONTEXT ( 'NONE', 'WORKASPACE' ) );
#7684 = EDGE_CURVE ( 'NONE', #4110, #528, #2139, .T. ) ;
#7685 = EDGE_LOOP ( 'NONE', ( #2417, #1710, #592, #4646 ) ) ;
#7686 = PLANE ( 'NONE',  #7826 ) ;
#7687 = CARTESIAN_POINT ( 'NONE',  ( 75.00000000000000000, -14.80000073419111217, 42.64999999254941798 ) ) ;
#7688 = MECHANICAL_DESIGN_GEOMETRIC_PRESENTATION_REPRESENTATION (  '', ( #185 ), #5640 ) ;
#7689 = DIRECTION ( 'NONE',  ( 0.000000000000000000, 0.000000000000000000, 1.000000000000000000 ) ) ;
#7690 = COLOUR_RGB ( '',0.8980392156862745390, 0.9176470588235293713, 0.9294117647058823817 ) ;
#7691 = EDGE_LOOP ( 'NONE', ( #3759, #4867, #3698, #3161 ) ) ;
#7692 = DIRECTION ( 'NONE',  ( -1.000000000000000000, -0.000000000000000000, -0.000000000000000000 ) ) ;
#7693 =( LENGTH_UNIT ( ) NAMED_UNIT ( * ) SI_UNIT ( .MILLI., .METRE. ) );
#7694 = SURFACE_SIDE_STYLE ('',( #3474 ) ) ;
#7695 = PLANE ( 'NONE',  #6080 ) ;
#7696 = VECTOR ( 'NONE', #3622, 1000.000000000000000 ) ;
#7697 = DIRECTION ( 'NONE',  ( 0.000000000000000000, 0.000000000000000000, -1.000000000000000000 ) ) ;
#7698 = CARTESIAN_POINT ( 'NONE',  ( -75.00000000000000000, -30.20000114037598493, -33.49999940536817178 ) ) ;
#7699 = STYLED_ITEM ( 'NONE', ( #388 ), #6186 ) ;
#7700 = EDGE_CURVE ( 'NONE', #3318, #7769, #5280, .T. ) ;
#7701 = ORIENTED_EDGE ( 'NONE', *, *, #3176, .T. ) ;
#7702 = AXIS2_PLACEMENT_3D ( 'NONE', #1143, #3398, #5837 ) ;
#7703 =( NAMED_UNIT ( * ) PLANE_ANGLE_UNIT ( ) SI_UNIT ( $, .RADIAN. ) );
#7704 = FACE_OUTER_BOUND ( 'NONE', #1509, .T. ) ;
#7705 =( NAMED_UNIT ( * ) PLANE_ANGLE_UNIT ( ) SI_UNIT ( $, .RADIAN. ) );
#7706 = ORIENTED_EDGE ( 'NONE', *, *, #2231, .T. ) ;
#7707 = CARTESIAN_POINT ( 'NONE',  ( 75.00000000000000000, -32.49999880790716134, 4.849999997531995177 ) ) ;
#7708 = PLANE ( 'NONE',  #5969 ) ;
#7709 = LINE ( 'NONE', #5850, #4261 ) ;
#7710 = SURFACE_STYLE_USAGE ( .BOTH. , #418 ) ;
#7711 =( GEOMETRIC_REPRESENTATION_CONTEXT ( 3 ) GLOBAL_UNCERTAINTY_ASSIGNED_CONTEXT ( ( #7069 ) ) GLOBAL_UNIT_ASSIGNED_CONTEXT ( ( #7185, #7705, #4032 ) ) REPRESENTATION_CONTEXT ( 'NONE', 'WORKASPACE' ) );
#7712 = UNCERTAINTY_MEASURE_WITH_UNIT (LENGTH_MEASURE( 1.000000000000000082E-05 ), #4695, 'distance_accuracy_value', 'NONE');
#7713 = ORIENTED_EDGE ( 'NONE', *, *, #7518, .F. ) ;
#7714 = EDGE_CURVE ( 'NONE', #2638, #2477, #5839, .T. ) ;
#7715 =( NAMED_UNIT ( * ) PLANE_ANGLE_UNIT ( ) SI_UNIT ( $, .RADIAN. ) );
#7716 = LINE ( 'NONE', #3528, #4769 ) ;
#7717 = SURFACE_STYLE_FILL_AREA ( #1563 ) ;
#7718 = ADVANCED_FACE ( 'NONE', ( #1007 ), #403, .F. ) ;
#7719 = DIRECTION ( 'NONE',  ( 0.000000000000000000, 0.000000000000000000, -1.000000000000000000 ) ) ;
#7720 = AXIS2_PLACEMENT_3D ( 'NONE', #3399, #4585, #401 ) ;
#7721 = VECTOR ( 'NONE', #2213, 1000.000000000000000 ) ;
#7722 = UNCERTAINTY_MEASURE_WITH_UNIT (LENGTH_MEASURE( 1.000000000000000082E-05 ), #2169, 'distance_accuracy_value', 'NONE');
#7723 = VERTEX_POINT ( 'NONE', #1910 ) ;
#7724 = AXIS2_PLACEMENT_3D ( 'NONE', #6930, #2644, #3758 ) ;
#7725 = FACE_OUTER_BOUND ( 'NONE', #5714, .T. ) ;
#7726 = ORIENTED_EDGE ( 'NONE', *, *, #1784, .F. ) ;
#7727 = DIRECTION ( 'NONE',  ( 0.000000000000000000, 0.000000000000000000, 1.000000000000000000 ) ) ;
#7728 = DIRECTION ( 'NONE',  ( -1.000000000000000000, -0.000000000000000000, -0.000000000000000000 ) ) ;
#7729 = COLOUR_RGB ( '',0.8980392156862745390, 0.9176470588235293713, 0.9294117647058823817 ) ;
#7730 = UNCERTAINTY_MEASURE_WITH_UNIT (LENGTH_MEASURE( 1.000000000000000082E-05 ), #2381, 'distance_accuracy_value', 'NONE');
#7731 = ORIENTED_EDGE ( 'NONE', *, *, #6019, .T. ) ;
#7732 = CIRCLE ( 'NONE', #6697, 1.299999999999995604 ) ;
#7733 = FACE_OUTER_BOUND ( 'NONE', #5537, .T. ) ;
#7734 = FACE_OUTER_BOUND ( 'NONE', #5577, .T. ) ;
#7735 = CARTESIAN_POINT ( 'NONE',  ( 75.00000000000000000, -11.80000073208399947, 41.65000052608650094 ) ) ;
#7736 = EDGE_CURVE ( 'NONE', #7793, #6530, #4176, .T. ) ;
#7737 = ORIENTED_EDGE ( 'NONE', *, *, #3626, .F. ) ;
#7738 = SURFACE_SIDE_STYLE ('',( #2260 ) ) ;
#7739 = CARTESIAN_POINT ( 'NONE',  ( 75.00000000000000000, -19.20000119998040589, 40.30000002540748483 ) ) ;
#7740 = FACE_OUTER_BOUND ( 'NONE', #4315, .T. ) ;
#7741 = FILL_AREA_STYLE_COLOUR ( '', #151 ) ;
#7742 = DIRECTION ( 'NONE',  ( 0.000000000000000000, 0.000000000000000000, -1.000000000000000000 ) ) ;
#7743 = CARTESIAN_POINT ( 'NONE',  ( 75.00000000000000000, -30.20000114037598493, 31.50000007309129657 ) ) ;
#7744 = PRESENTATION_LAYER_ASSIGNMENT (  '', '', ( #616 ) ) ;
#7745 = ORIENTED_EDGE ( 'NONE', *, *, #1938, .T. ) ;
#7746 = VECTOR ( 'NONE', #1145, 1000.000000000000000 ) ;
#7747 =( NAMED_UNIT ( * ) PLANE_ANGLE_UNIT ( ) SI_UNIT ( $, .RADIAN. ) );
#7748 = FACE_OUTER_BOUND ( 'NONE', #3953, .T. ) ;
#7749 = PRESENTATION_LAYER_ASSIGNMENT (  '', '', ( #7882 ) ) ;
#7750 = ORIENTED_EDGE ( 'NONE', *, *, #5251, .T. ) ;
#7751 = SURFACE_STYLE_USAGE ( .BOTH. , #1750 ) ;
#7752 = ORIENTED_EDGE ( 'NONE', *, *, #496, .T. ) ;
#7753 = PRESENTATION_STYLE_ASSIGNMENT (( #4034 ) ) ;
#7754 = EDGE_CURVE ( 'NONE', #7459, #7855, #4825, .T. ) ;
#7755 = PRESENTATION_LAYER_ASSIGNMENT (  '', '', ( #2510 ) ) ;
#7756 = CIRCLE ( 'NONE', #6323, 5.000000308055141396 ) ;
#7757 = AXIS2_PLACEMENT_3D ( 'NONE', #1641, #2932, #2857 ) ;
#7758 = ORIENTED_EDGE ( 'NONE', *, *, #2723, .F. ) ;
#7759 = CARTESIAN_POINT ( 'NONE',  ( 75.00000000000000000, -25.65176366949164688, -39.58059896715140979 ) ) ;
#7760 = ITEM_DEFINED_TRANSFORMATION ( 'NONE', 'NONE', #7538,  #4572 ) ;
#7761 = LINE ( 'NONE', #2277, #987 ) ;
#7762 = SURFACE_SIDE_STYLE ('',( #6578 ) ) ;
#7763 = FILL_AREA_STYLE_COLOUR ( '', #996 ) ;
#7764 = FILL_AREA_STYLE_COLOUR ( '', #5829 ) ;
#7765 = VECTOR ( 'NONE', #2333, 1000.000000000000000 ) ;
#7766 = AXIS2_PLACEMENT_3D ( 'NONE', #5731, #3871, #5881 ) ;
#7767 = EDGE_CURVE ( 'NONE', #7901, #5495, #652, .T. ) ;
#7768 = EDGE_CURVE ( 'NONE', #4576, #2907, #2916, .T. ) ;
#7769 = VERTEX_POINT ( 'NONE', #3554 ) ;
#7770 =( GEOMETRIC_REPRESENTATION_CONTEXT ( 3 ) GLOBAL_UNCERTAINTY_ASSIGNED_CONTEXT ( ( #4870 ) ) GLOBAL_UNIT_ASSIGNED_CONTEXT ( ( #301, #3882, #4719 ) ) REPRESENTATION_CONTEXT ( 'NONE', 'WORKASPACE' ) );
#7771 = CARTESIAN_POINT ( 'NONE',  ( -75.00000000000000000, -19.20000119998040589, 42.50000001348644219 ) ) ;
#7772 = DIRECTION ( 'NONE',  ( 0.000000000000000000, -1.000000000000000000, 0.000000000000000000 ) ) ;
#7773 = ORIENTED_EDGE ( 'NONE', *, *, #1586, .T. ) ;
#7774 = DIRECTION ( 'NONE',  ( 0.000000000000000000, 0.000000000000000000, 1.000000000000000000 ) ) ;
#7775 = FILL_AREA_STYLE ('',( #4776 ) ) ;
#7776 = ORIENTED_EDGE ( 'NONE', *, *, #847, .T. ) ;
#7777 =( GEOMETRIC_REPRESENTATION_CONTEXT ( 3 ) GLOBAL_UNCERTAINTY_ASSIGNED_CONTEXT ( ( #2388 ) ) GLOBAL_UNIT_ASSIGNED_CONTEXT ( ( #5136, #2116, #2744 ) ) REPRESENTATION_CONTEXT ( 'NONE', 'WORKASPACE' ) );
#7778 = FACE_OUTER_BOUND ( 'NONE', #6150, .T. ) ;
#7779 = CARTESIAN_POINT ( 'NONE',  ( -75.00000000000000000, -27.48059963949862450, -37.75176316322300352 ) ) ;
#7780 = SURFACE_SIDE_STYLE ('',( #1194 ) ) ;
#7781 = VERTEX_POINT ( 'NONE', #2453 ) ;
#7782 = PRESENTATION_STYLE_ASSIGNMENT (( #4786 ) ) ;
#7783 = FILL_AREA_STYLE ('',( #6637 ) ) ;
#7784 = CARTESIAN_POINT ( 'NONE',  ( -75.00000000000000000, -27.82647625647446077, -39.04259181176930582 ) ) ;
#7785 = COLOUR_RGB ( '',0.8980392156862745390, 0.9176470588235293713, 0.9294117647058823817 ) ;
#7786 = CARTESIAN_POINT ( 'NONE',  ( 75.00000000000000000, 19.19999904191690021, 40.30000032623447481 ) ) ;
#7787 = CARTESIAN_POINT ( 'NONE',  ( 75.00000000000000000, -30.20000114037598493, 35.50000072874227897 ) ) ;
#7788 = EDGE_LOOP ( 'NONE', ( #310, #767, #1635, #2758 ) ) ;
#7789 = DIRECTION ( 'NONE',  ( -0.000000000000000000, 1.000000000000000000, 0.000000000000000000 ) ) ;
#7790 = VECTOR ( 'NONE', #4062, 1000.000000000000000 ) ;
#7791 =( NAMED_UNIT ( * ) SI_UNIT ( $, .STERADIAN. ) SOLID_ANGLE_UNIT ( ) );
#7792 = DIRECTION ( 'NONE',  ( 0.000000000000000000, 0.000000000000000000, -1.000000000000000000 ) ) ;
#7793 = VERTEX_POINT ( 'NONE', #6678 ) ;
#7794 = SURFACE_SIDE_STYLE ('',( #493 ) ) ;
#7795 = FACE_OUTER_BOUND ( 'NONE', #3962, .T. ) ;
#7796 = STYLED_ITEM ( 'NONE', ( #4465 ), #7828 ) ;
#7797 = UNCERTAINTY_MEASURE_WITH_UNIT (LENGTH_MEASURE( 1.000000000000000082E-05 ), #252, 'distance_accuracy_value', 'NONE');
#7798 = EDGE_CURVE ( 'NONE', #2518, #5177, #7259, .T. ) ;
#7799 = DIRECTION ( 'NONE',  ( 0.000000000000000000, -0.2588187849316263556, 0.9659258960016117168 ) ) ;
#7800 = VECTOR ( 'NONE', #6559, 1000.000000000000000 ) ;
#7801 = SHAPE_DEFINITION_REPRESENTATION ( #3987, #633 ) ;
#7802 = COLOUR_RGB ( '',0.8980392156862745390, 0.9176470588235293713, 0.9294117647058823817 ) ;
#7803 = CARTESIAN_POINT ( 'NONE',  ( -75.00000000000000000, -11.80000096952504585, -44.99999790990878523 ) ) ;
#7804 = DIRECTION ( 'NONE',  ( 0.000000000000000000, 0.000000000000000000, -1.000000000000000000 ) ) ;
#7805 = DIRECTION ( 'NONE',  ( 0.000000000000000000, 1.000000000000000000, 0.000000000000000000 ) ) ;
#7806 = CARTESIAN_POINT ( 'NONE',  ( 75.00000000000000000, -30.20000114037598493, 29.49999974526575386 ) ) ;
#7807 = MECHANICAL_DESIGN_GEOMETRIC_PRESENTATION_REPRESENTATION (  '', ( #2557 ), #806 ) ;
#7808 = CIRCLE ( 'NONE', #29, 1.250000000000126121 ) ;
#7809 =( NAMED_UNIT ( * ) PLANE_ANGLE_UNIT ( ) SI_UNIT ( $, .RADIAN. ) );
#7810 = VERTEX_POINT ( 'NONE', #1827 ) ;
#7811 = EDGE_CURVE ( 'NONE', #3307, #4333, #7411, .T. ) ;
#7812 =( LENGTH_UNIT ( ) NAMED_UNIT ( * ) SI_UNIT ( .MILLI., .METRE. ) );
#7813 = VERTEX_POINT ( 'NONE', #4871 ) ;
#7814 = APPLICATION_CONTEXT ( 'automotive_design' ) ;
#7815 = EDGE_CURVE ( 'NONE', #6742, #3776, #6078, .T. ) ;
#7816 = LINE ( 'NONE', #7859, #5931 ) ;
#7817 = ORIENTED_EDGE ( 'NONE', *, *, #1083, .F. ) ;
#7818 = DIRECTION ( 'NONE',  ( 0.000000000000000000, -1.000000000000000000, 0.000000000000000000 ) ) ;
#7819 =( LENGTH_UNIT ( ) NAMED_UNIT ( * ) SI_UNIT ( .MILLI., .METRE. ) );
#7820 = SURFACE_SIDE_STYLE ('',( #5908 ) ) ;
#7821 = FILL_AREA_STYLE_COLOUR ( '', #311 ) ;
#7822 = ORIENTED_EDGE ( 'NONE', *, *, #7073, .F. ) ;
#7823 = FACE_OUTER_BOUND ( 'NONE', #6129, .T. ) ;
#7824 = PRESENTATION_STYLE_ASSIGNMENT (( #604 ) ) ;
#7825 = LINE ( 'NONE', #6435, #7765 ) ;
#7826 = AXIS2_PLACEMENT_3D ( 'NONE', #7087, #7535, #3347 ) ;
#7827 = ADVANCED_FACE ( 'NONE', ( #1782 ), #2920, .F. ) ;
#7828 = ADVANCED_FACE ( 'NONE', ( #2335 ), #5025, .F. ) ;
#7829 = DIRECTION ( 'NONE',  ( -1.000000000000000000, -0.000000000000000000, -0.000000000000000000 ) ) ;
#7830 = CARTESIAN_POINT ( 'NONE',  ( -75.00000000000000000, -11.80000044405465864, 41.79999962798319757 ) ) ;
#7831 = EDGE_LOOP ( 'NONE', ( #1267, #6749, #1899, #3364 ) ) ;
#7832 =( GEOMETRIC_REPRESENTATION_CONTEXT ( 3 ) GLOBAL_UNCERTAINTY_ASSIGNED_CONTEXT ( ( #3465 ) ) GLOBAL_UNIT_ASSIGNED_CONTEXT ( ( #874, #5671, #3262 ) ) REPRESENTATION_CONTEXT ( 'NONE', 'WORKASPACE' ) );
#7833 = FILL_AREA_STYLE_COLOUR ( '', #3653 ) ;
#7834 =( GEOMETRIC_REPRESENTATION_CONTEXT ( 3 ) GLOBAL_UNCERTAINTY_ASSIGNED_CONTEXT ( ( #2898 ) ) GLOBAL_UNIT_ASSIGNED_CONTEXT ( ( #2937, #7844, #6053 ) ) REPRESENTATION_CONTEXT ( 'NONE', 'WORKASPACE' ) );
#7835 = ADVANCED_FACE ( 'NONE', ( #6161 ), #3712, .F. ) ;
#7836 = DIRECTION ( 'NONE',  ( 0.000000000000000000, 1.000000000000000000, 0.000000000000000000 ) ) ;
#7837 = VERTEX_POINT ( 'NONE', #2530 ) ;
#7838 = LINE ( 'NONE', #2462, #7203 ) ;
#7839 = EDGE_LOOP ( 'NONE', ( #6506, #5644, #3565, #5020 ) ) ;
#7840 = PLANE ( 'NONE',  #4919 ) ;
#7841 = CARTESIAN_POINT ( 'NONE',  ( -75.00000000000000000, -25.59999986047113296, -39.57378413240921589 ) ) ;
#7842 = CARTESIAN_POINT ( 'NONE',  ( -75.00000000000000000, 25.65176194376601160, -39.60739413269906350 ) ) ;
#7843 = VECTOR ( 'NONE', #5221, 1000.000000000000000 ) ;
#7844 =( NAMED_UNIT ( * ) PLANE_ANGLE_UNIT ( ) SI_UNIT ( $, .RADIAN. ) );
#7845 =( LENGTH_UNIT ( ) NAMED_UNIT ( * ) SI_UNIT ( .MILLI., .METRE. ) );
#7846 = FILL_AREA_STYLE_COLOUR ( '', #3611 ) ;
#7847 =( NAMED_UNIT ( * ) PLANE_ANGLE_UNIT ( ) SI_UNIT ( $, .RADIAN. ) );
#7848 = SURFACE_STYLE_FILL_AREA ( #5383 ) ;
#7849 = COLOUR_RGB ( '',0.8980392156862745390, 0.9176470588235293713, 0.9294117647058823817 ) ;
#7850 = VECTOR ( 'NONE', #7241, 1000.000000000000000 ) ;
#7851 = DIRECTION ( 'NONE',  ( -1.000000000000000000, -0.000000000000000000, -0.000000000000000000 ) ) ;
#7852 = EDGE_LOOP ( 'NONE', ( #1381, #2056, #268, #5366 ) ) ;
#7853 =( LENGTH_UNIT ( ) NAMED_UNIT ( * ) SI_UNIT ( .MILLI., .METRE. ) );
#7854 =( GEOMETRIC_REPRESENTATION_CONTEXT ( 3 ) GLOBAL_UNCERTAINTY_ASSIGNED_CONTEXT ( ( #2274 ) ) GLOBAL_UNIT_ASSIGNED_CONTEXT ( ( #7664, #6403, #6480 ) ) REPRESENTATION_CONTEXT ( 'NONE', 'WORKASPACE' ) );
#7855 = VERTEX_POINT ( 'NONE', #6836 ) ;
#7856 = CARTESIAN_POINT ( 'NONE',  ( 75.00000000000000000, -23.19999999298656945, 42.50000001348644219 ) ) ;
#7857 = EDGE_CURVE ( 'NONE', #3660, #5275, #1428, .T. ) ;
#7858 = DIRECTION ( 'NONE',  ( 0.000000000000000000, 0.000000000000000000, 1.000000000000000000 ) ) ;
#7859 = CARTESIAN_POINT ( 'NONE',  ( 75.00000000000000000, 17.19999871409140724, 40.30000032623447481 ) ) ;
#7860 = VERTEX_POINT ( 'NONE', #3788 ) ;
#7861 = PLANE ( 'NONE',  #829 ) ;
#7862 = SURFACE_STYLE_USAGE ( .BOTH. , #5397 ) ;
#7863 = SURFACE_STYLE_USAGE ( .BOTH. , #5401 ) ;
#7864 = ORIENTED_EDGE ( 'NONE', *, *, #3512, .F. ) ;
#7865 = DIRECTION ( 'NONE',  ( 0.000000000000000000, 0.000000000000000000, 1.000000000000000000 ) ) ;
#7866 = FILL_AREA_STYLE_COLOUR ( '', #7120 ) ;
#7867 =( LENGTH_UNIT ( ) NAMED_UNIT ( * ) SI_UNIT ( .MILLI., .METRE. ) );
#7868 = DIRECTION ( 'NONE',  ( 0.000000000000000000, -0.8660254037844389297, 0.4999999999999995559 ) ) ;
#7869 = DIRECTION ( 'NONE',  ( -1.000000000000000000, -0.000000000000000000, -0.000000000000000000 ) ) ;
#7870 = ADVANCED_FACE ( 'NONE', ( #803 ), #3195, .F. ) ;
#7871 = MECHANICAL_DESIGN_GEOMETRIC_PRESENTATION_REPRESENTATION (  '', ( #3362 ), #5157 ) ;
#7872 = ORIENTED_EDGE ( 'NONE', *, *, #7646, .T. ) ;
#7873 = EDGE_CURVE ( 'NONE', #729, #2052, #430, .T. ) ;
#7874 = PRESENTATION_STYLE_ASSIGNMENT (( #4230 ) ) ;
#7875 = VERTEX_POINT ( 'NONE', #6341 ) ;
#7876 = CARTESIAN_POINT ( 'NONE',  ( 75.00000000000000000, 28.19999814060689047, 33.50000030742884150 ) ) ;
#7877 = VECTOR ( 'NONE', #3446, 1000.000000000000000 ) ;
#7878 = FILL_AREA_STYLE ('',( #4279 ) ) ;
#7879 = ORIENTED_EDGE ( 'NONE', *, *, #3373, .F. ) ;
#7880 =( NAMED_UNIT ( * ) SI_UNIT ( $, .STERADIAN. ) SOLID_ANGLE_UNIT ( ) );
#7881 = CARTESIAN_POINT ( 'NONE',  ( -75.00000000000000000, -11.79999985836419718, -40.30000022208010080 ) ) ;
#7882 = STYLED_ITEM ( 'NONE', ( #4887 ), #1022 ) ;
#7883 =( NAMED_UNIT ( * ) SI_UNIT ( $, .STERADIAN. ) SOLID_ANGLE_UNIT ( ) );
#7884 = LINE ( 'NONE', #4199, #5240 ) ;
#7885 = UNCERTAINTY_MEASURE_WITH_UNIT (LENGTH_MEASURE( 1.000000000000000082E-05 ), #40, 'distance_accuracy_value', 'NONE');
#7886 = DIRECTION ( 'NONE',  ( -1.000000000000000000, -0.000000000000000000, -0.000000000000000000 ) ) ;
#7887 =( LENGTH_UNIT ( ) NAMED_UNIT ( * ) SI_UNIT ( .MILLI., .METRE. ) );
#7888 =( LENGTH_UNIT ( ) NAMED_UNIT ( * ) SI_UNIT ( .MILLI., .METRE. ) );
#7889 = LINE ( 'NONE', #4127, #7377 ) ;
#7890 =( NAMED_UNIT ( * ) SI_UNIT ( $, .STERADIAN. ) SOLID_ANGLE_UNIT ( ) );
#7891 = ORIENTED_EDGE ( 'NONE', *, *, #1737, .F. ) ;
#7892 = LINE ( 'NONE', #4694, #5988 ) ;
#7893 = DIRECTION ( 'NONE',  ( -0.000000000000000000, 0.000000000000000000, 1.000000000000000000 ) ) ;
#7894 = ORIENTED_EDGE ( 'NONE', *, *, #2700, .T. ) ;
#7895 = VECTOR ( 'NONE', #7101, 1000.000000000000000 ) ;
#7896 = VERTEX_POINT ( 'NONE', #5867 ) ;
#7897 = COLOUR_RGB ( '',0.8980392156862745390, 0.9176470588235293713, 0.9294117647058823817 ) ;
#7898 = PRESENTATION_STYLE_ASSIGNMENT (( #3546 ) ) ;
#7899 = EDGE_CURVE ( 'NONE', #1314, #3700, #1618, .T. ) ;
#7900 =( LENGTH_UNIT ( ) NAMED_UNIT ( * ) SI_UNIT ( .MILLI., .METRE. ) );
#7901 = VERTEX_POINT ( 'NONE', #1534 ) ;
#7902 = PRESENTATION_STYLE_ASSIGNMENT (( #3196 ) ) ;
#7903 = NEXT_ASSEMBLY_USAGE_OCCURRENCE ( 'NAUO1', ' ', ' ', #7403, #5952, $ ) ;
#7904 = NEXT_ASSEMBLY_USAGE_OCCURRENCE ( 'NAUO2', ' ', ' ', #7403, #1836, $ ) ;
ENDSEC;
END-ISO-10303-21;
