ISO-10303-21;
HEADER;
FILE_DESCRIPTION (( 'STEP AP214' ),
    '1' );
FILE_NAME ('SC-ZT66x32-K259.STEP',
    '2026-07-03T09:44:33',
    ( '' ),
    ( '' ),
    'SwSTEP 2.0',
    'SolidWorks 2022',
    '' );
FILE_SCHEMA (( 'AUTOMOTIVE_DESIGN' ));
ENDSEC;

DATA;
#1 =( LENGTH_UNIT ( ) NAMED_UNIT ( * ) SI_UNIT ( .MILLI., .METRE. ) );
#2 = ORIENTED_EDGE ( 'NONE', *, *, #1337, .T. ) ;
#3 = AXIS2_PLACEMENT_3D ( 'NONE', #8968, #9602, #1769 ) ;
#4 = DIRECTION ( 'NONE',  ( -0.000000000000000000, -1.000000000000000000, -0.000000000000000000 ) ) ;
#5 = VECTOR ( 'NONE', #3282, 1000.000000000000000 ) ;
#6 = ADVANCED_FACE ( 'NONE', ( #3080 ), #6994, .F. ) ;
#7 = CARTESIAN_POINT ( 'NONE',  ( 45.00000000000000000, 3.351729721284654850, -33.00999785231380912 ) ) ;
#8 = PLANE ( 'NONE',  #8460 ) ;
#9 = DIRECTION ( 'NONE',  ( 0.000000000000000000, -0.1736483871527704226, -0.9848077160741792735 ) ) ;
#10 = VECTOR ( 'NONE', #4636, 1000.000000000000000 ) ;
#11 = FILL_AREA_STYLE_COLOUR ( '', #1794 ) ;
#12 = DIRECTION ( 'NONE',  ( -1.000000000000000000, -0.000000000000000000, -0.000000000000000000 ) ) ;
#13 = ORIENTED_EDGE ( 'NONE', *, *, #7561, .T. ) ;
#14 = ORIENTED_EDGE ( 'NONE', *, *, #843, .F. ) ;
#15 = DIRECTION ( 'NONE',  ( -1.000000000000000000, -0.000000000000000000, -0.000000000000000000 ) ) ;
#16 = ORIENTED_EDGE ( 'NONE', *, *, #1521, .T. ) ;
#17 = EDGE_CURVE ( 'NONE', #2696, #8306, #3025, .T. ) ;
#18 = DIRECTION ( 'NONE',  ( 1.000000000000000000, 0.000000000000000000, -0.000000000000000000 ) ) ;
#19 = VERTEX_POINT ( 'NONE', #4511 ) ;
#20 = DIRECTION ( 'NONE',  ( 1.000000000000000000, 0.000000000000000000, 0.000000000000000000 ) ) ;
#21 = EDGE_CURVE ( 'NONE', #8100, #2678, #8712, .T. ) ;
#22 = ORIENTED_EDGE ( 'NONE', *, *, #3145, .F. ) ;
#23 = UNCERTAINTY_MEASURE_WITH_UNIT (LENGTH_MEASURE( 1.000000000000000082E-05 ), #1620, 'distance_accuracy_value', 'NONE');
#24 = CARTESIAN_POINT ( 'NONE',  ( 45.00000000000000000, 9.815135552434679056, -32.60999835901127852 ) ) ;
#25 =( NAMED_UNIT ( * ) SI_UNIT ( $, .STERADIAN. ) SOLID_ANGLE_UNIT ( ) );
#26 =( GEOMETRIC_REPRESENTATION_CONTEXT ( 3 ) GLOBAL_UNCERTAINTY_ASSIGNED_CONTEXT ( ( #6230 ) ) GLOBAL_UNIT_ASSIGNED_CONTEXT ( ( #4113, #3324, #4963 ) ) REPRESENTATION_CONTEXT ( 'NONE', 'WORKASPACE' ) );
#27 = VERTEX_POINT ( 'NONE', #1524 ) ;
#28 = SURFACE_SIDE_STYLE ('',( #3946 ) ) ;
#29 = SURFACE_SIDE_STYLE ('',( #7777 ) ) ;
#30 = ADVANCED_FACE ( 'NONE', ( #8517 ), #9259, .F. ) ;
#31 = ORIENTED_EDGE ( 'NONE', *, *, #9197, .T. ) ;
#32 = ORIENTED_EDGE ( 'NONE', *, *, #9789, .F. ) ;
#33 = CARTESIAN_POINT ( 'NONE',  ( -45.00000000000000000, -5.403630976508653205, -32.44053797435037723 ) ) ;
#34 = CARTESIAN_POINT ( 'NONE',  ( 45.00000000000000000, -8.635333892083536966, 32.44053818320865190 ) ) ;
#35 = ORIENTED_EDGE ( 'NONE', *, *, #5236, .F. ) ;
#36 =( LENGTH_UNIT ( ) NAMED_UNIT ( * ) SI_UNIT ( .MILLI., .METRE. ) );
#37 = DIRECTION ( 'NONE',  ( -1.000000000000000000, -0.000000000000000000, -0.000000000000000000 ) ) ;
#38 = AXIS2_PLACEMENT_3D ( 'NONE', #1499, #7728, #665 ) ;
#39 = CARTESIAN_POINT ( 'NONE',  ( 45.00000000000000000, -11.82490854779688760, 32.67945813854115045 ) ) ;
#40 = DIRECTION ( 'NONE',  ( 0.000000000000000000, 1.000000000000000000, 0.000000000000000000 ) ) ;
#41 = ORIENTED_EDGE ( 'NONE', *, *, #5884, .T. ) ;
#42 = VERTEX_POINT ( 'NONE', #1830 ) ;
#43 = ADVANCED_FACE ( 'NONE', ( #3231 ), #7232, .T. ) ;
#44 = DIRECTION ( 'NONE',  ( -1.000000000000000000, -0.000000000000000000, -0.000000000000000000 ) ) ;
#45 = CARTESIAN_POINT ( 'NONE',  ( 45.00000000000000000, -7.480134739806465483, 29.72764464165788922 ) ) ;
#46 = ORIENTED_EDGE ( 'NONE', *, *, #6154, .F. ) ;
#47 = PRESENTATION_LAYER_ASSIGNMENT (  '', '', ( #8942 ) ) ;
#48 = LINE ( 'NONE', #8566, #3256 ) ;
#49 = AXIS2_PLACEMENT_3D ( 'NONE', #6384, #75, #3092 ) ;
#50 = SURFACE_SIDE_STYLE ('',( #6461 ) ) ;
#51 = DIRECTION ( 'NONE',  ( -1.000000000000000000, -0.000000000000000000, -0.000000000000000000 ) ) ;
#52 = AXIS2_PLACEMENT_3D ( 'NONE', #3182, #2604, #8991 ) ;
#53 = SURFACE_STYLE_FILL_AREA ( #6309 ) ;
#54 = COLOUR_RGB ( '',0.8980392156862745390, 0.9176470588235293713, 0.9294117647058823817 ) ;
#55 = SURFACE_STYLE_FILL_AREA ( #3227 ) ;
#56 = DIRECTION ( 'NONE',  ( -1.000000000000000000, -0.000000000000000000, -0.000000000000000000 ) ) ;
#57 = VECTOR ( 'NONE', #8394, 1000.000000000000000 ) ;
#58 = CIRCLE ( 'NONE', #7149, 0.7199711365119231266 ) ;
#59 = LINE ( 'NONE', #7954, #1150 ) ;
#60 = EDGE_CURVE ( 'NONE', #8497, #619, #59, .T. ) ;
#61 = CIRCLE ( 'NONE', #2222, 0.3999999999999767630 ) ;
#62 = EDGE_LOOP ( 'NONE', ( #507, #3778, #1202, #9282 ) ) ;
#63 = ORIENTED_EDGE ( 'NONE', *, *, #5055, .T. ) ;
#64 = CARTESIAN_POINT ( 'NONE',  ( 45.00000000000000000, 0.1200269883714016744, -32.60999669650581012 ) ) ;
#65 = ORIENTED_EDGE ( 'NONE', *, *, #9034, .F. ) ;
#66 = PRESENTATION_LAYER_ASSIGNMENT (  '', '', ( #4525 ) ) ;
#67 = VECTOR ( 'NONE', #3918, 1000.000000000000000 ) ;
#68 = CIRCLE ( 'NONE', #5844, 0.1999999999999710343 ) ;
#69 = DIRECTION ( 'NONE',  ( -0.000000000000000000, -0.1736483871527852996, 0.9848077160741767200 ) ) ;
#70 = SURFACE_SIDE_STYLE ('',( #9578 ) ) ;
#71 = COLOUR_RGB ( '',0.8980392156862745390, 0.9176470588235293713, 0.9294117647058823817 ) ;
#72 = DIRECTION ( 'NONE',  ( -0.000000000000000000, 0.000000000000000000, 1.000000000000000000 ) ) ;
#73 = FILL_AREA_STYLE ('',( #4087 ) ) ;
#74 = CIRCLE ( 'NONE', #2396, 0.3999999999999767630 ) ;
#75 = DIRECTION ( 'NONE',  ( 0.000000000000000000, 0.9848075680949350819, -0.1736492263816335757 ) ) ;
#76 = STYLED_ITEM ( 'NONE', ( #7198 ), #5518 ) ;
#77 = VERTEX_POINT ( 'NONE', #5739 ) ;
#78 = EDGE_CURVE ( 'NONE', #358, #5399, #3338, .T. ) ;
#79 = PRESENTATION_LAYER_ASSIGNMENT (  '', '', ( #4540 ) ) ;
#80 = EDGE_LOOP ( 'NONE', ( #1911, #393, #5744, #7854 ) ) ;
#81 = FILL_AREA_STYLE_COLOUR ( '', #8331 ) ;
#82 = VECTOR ( 'NONE', #8344, 1000.000000000000000 ) ;
#83 = EDGE_CURVE ( 'NONE', #5216, #1953, #5688, .T. ) ;
#84 = CARTESIAN_POINT ( 'NONE',  ( 45.00000000000000000, -12.37073395851987456, 32.44053839206689815 ) ) ;
#85 = FACE_OUTER_BOUND ( 'NONE', #7089, .T. ) ;
#86 =( LENGTH_UNIT ( ) NAMED_UNIT ( * ) SI_UNIT ( .MILLI., .METRE. ) );
#87 = CYLINDRICAL_SURFACE ( 'NONE', #5183, 0.7199711365119370043 ) ;
#88 = ORIENTED_EDGE ( 'NONE', *, *, #2928, .T. ) ;
#89 = ORIENTED_EDGE ( 'NONE', *, *, #9766, .F. ) ;
#90 = COLOUR_RGB ( '',0.8980392156862745390, 0.9176470588235293713, 0.9294117647058823817 ) ;
#91 = CARTESIAN_POINT ( 'NONE',  ( 45.00000000000000000, -7.959230667774402690, -32.60999816560364906 ) ) ;
#92 = SURFACE_STYLE_FILL_AREA ( #9593 ) ;
#93 = FILL_AREA_STYLE ('',( #2485 ) ) ;
#94 = SURFACE_SIDE_STYLE ('',( #3315 ) ) ;
#95 = EDGE_CURVE ( 'NONE', #1035, #7479, #7908, .T. ) ;
#96 = CARTESIAN_POINT ( 'NONE',  ( 45.00000000000000000, -4.727527752199391919, -33.00999795674542980 ) ) ;
#97 = PRESENTATION_LAYER_ASSIGNMENT (  '', '', ( #5871 ) ) ;
#98 = ORIENTED_EDGE ( 'NONE', *, *, #8392, .F. ) ;
#99 = COLOUR_RGB ( '',0.8980392156862745390, 0.9176470588235293713, 0.9294117647058823817 ) ;
#100 = CARTESIAN_POINT ( 'NONE',  ( 45.00000000000000000, -14.24999956843513260, -28.28824078050312707 ) ) ;
#101 = CARTESIAN_POINT ( 'NONE',  ( 45.00000000000000000, 11.19093498538098430, -33.00999837446186547 ) ) ;
#102 = SURFACE_STYLE_FILL_AREA ( #3377 ) ;
#103 = VERTEX_POINT ( 'NONE', #1784 ) ;
#104 =( GEOMETRIC_REPRESENTATION_CONTEXT ( 3 ) GLOBAL_UNCERTAINTY_ASSIGNED_CONTEXT ( ( #7483 ) ) GLOBAL_UNIT_ASSIGNED_CONTEXT ( ( #9703, #8864, #252 ) ) REPRESENTATION_CONTEXT ( 'NONE', 'WORKASPACE' ) );
#105 =( LENGTH_UNIT ( ) NAMED_UNIT ( * ) SI_UNIT ( .MILLI., .METRE. ) );
#106 = DIRECTION ( 'NONE',  ( -1.000000000000000000, -0.000000000000000000, -0.000000000000000000 ) ) ;
#107 = FILL_AREA_STYLE_COLOUR ( '', #7312 ) ;
#108 = EDGE_CURVE ( 'NONE', #7137, #5207, #4923, .T. ) ;
#109 = PRESENTATION_STYLE_ASSIGNMENT (( #7180 ) ) ;
#110 = CARTESIAN_POINT ( 'NONE',  ( 45.00000000000000000, -9.139031042944855798, -32.44053818320858085 ) ) ;
#111 = LINE ( 'NONE', #2597, #2383 ) ;
#112 = MECHANICAL_DESIGN_GEOMETRIC_PRESENTATION_REPRESENTATION (  '', ( #9176 ), #2276 ) ;
#113 = FILL_AREA_STYLE_COLOUR ( '', #5929 ) ;
#114 = ORIENTED_EDGE ( 'NONE', *, *, #5361, .F. ) ;
#115 = VERTEX_POINT ( 'NONE', #8112 ) ;
#116 = ORIENTED_EDGE ( 'NONE', *, *, #6488, .F. ) ;
#117 = FILL_AREA_STYLE ('',( #7188 ) ) ;
#118 = PRODUCT ( 'SC-ZT66x32-K259', 'SC-ZT66x32-K259', '', ( #4214 ) ) ;
#119 = CARTESIAN_POINT ( 'NONE',  ( 45.00000000000000000, -6.980134752671422582, -28.57000003054213622 ) ) ;
#120 = EDGE_CURVE ( 'NONE', #5541, #3004, #1048, .T. ) ;
#121 = EDGE_LOOP ( 'NONE', ( #6628, #7838, #9406, #3093 ) ) ;
#122 = COLOUR_RGB ( '',0.8980392156862745390, 0.9176470588235293713, 0.9294117647058823817 ) ;
#123 = CARTESIAN_POINT ( 'NONE',  ( 45.00000000000000000, -11.86703680765867297, -32.44053839206678447 ) ) ;
#124 = ORIENTED_EDGE ( 'NONE', *, *, #7456, .F. ) ;
#125 = DIRECTION ( 'NONE',  ( -0.000000000000000000, -0.1736492263816335757, -0.9848075680949350819 ) ) ;
#126 = VECTOR ( 'NONE', #9714, 1000.000000000000000 ) ;
#127 = CARTESIAN_POINT ( 'NONE',  ( 45.00000000000000000, -7.565307581344757892, -32.67945752046476571 ) ) ;
#128 = PRESENTATION_STYLE_ASSIGNMENT (( #3096 ) ) ;
#129 = ORIENTED_EDGE ( 'NONE', *, *, #540, .T. ) ;
#130 = CARTESIAN_POINT ( 'NONE',  ( -45.00000000000000000, 11.43098701022217334, -32.60999846344037678 ) ) ;
#131 = EDGE_CURVE ( 'NONE', #6845, #3595, #2968, .T. ) ;
#132 = PRESENTATION_LAYER_ASSIGNMENT (  '', '', ( #301 ) ) ;
#133 = DIRECTION ( 'NONE',  ( 0.000000000000000000, -2.157710327876615134E-08, -0.9999999999999997780 ) ) ;
#134 = CARTESIAN_POINT ( 'NONE',  ( 45.00000000000000000, -9.815134150403094893, -32.60999835901125010 ) ) ;
#135 = SURFACE_STYLE_FILL_AREA ( #7204 ) ;
#136 = AXIS2_PLACEMENT_3D ( 'NONE', #134, #178, #4098 ) ;
#137 = ORIENTED_EDGE ( 'NONE', *, *, #5656, .F. ) ;
#138 = DIRECTION ( 'NONE',  ( 0.000000000000000000, 0.000000000000000000, -1.000000000000000000 ) ) ;
#139 = VECTOR ( 'NONE', #921, 1000.000000000000114 ) ;
#140 = DIRECTION ( 'NONE',  ( 1.000000000000000000, 0.000000000000000000, 0.000000000000000000 ) ) ;
#141 = CARTESIAN_POINT ( 'NONE',  ( 45.00000000000000000, -9.181159039132118949, 32.67945762489387818 ) ) ;
#142 = EDGE_LOOP ( 'NONE', ( #6681, #1094, #3759, #5712 ) ) ;
#143 = SURFACE_STYLE_USAGE ( .BOTH. , #5882 ) ;
#144 = ORIENTED_EDGE ( 'NONE', *, *, #2636, .T. ) ;
#145 =( GEOMETRIC_REPRESENTATION_CONTEXT ( 3 ) GLOBAL_UNCERTAINTY_ASSIGNED_CONTEXT ( ( #7872 ) ) GLOBAL_UNIT_ASSIGNED_CONTEXT ( ( #586, #6886, #7644 ) ) REPRESENTATION_CONTEXT ( 'NONE', 'WORKASPACE' ) );
#146 = EDGE_CURVE ( 'NONE', #9417, #2562, #3441, .T. ) ;
#147 = SURFACE_SIDE_STYLE ('',( #8758 ) ) ;
#148 = LINE ( 'NONE', #9606, #6061 ) ;
#149 = PLANE ( 'NONE',  #405 ) ;
#150 = CARTESIAN_POINT ( 'NONE',  ( 45.00000000000000000, -7.565307581344560717, 32.67945752046475860 ) ) ;
#151 = ORIENTED_EDGE ( 'NONE', *, *, #4954, .F. ) ;
#153 = VECTOR ( 'NONE', #9628, 1000.000000000000000 ) ;
#152 = AXIS2_PLACEMENT_3D ( 'NONE', #4974, #364, #5073 ) ;
#154 = PRESENTATION_STYLE_ASSIGNMENT (( #7226 ) ) ;
#155 = PRESENTATION_STYLE_ASSIGNMENT (( #7227 ) ) ;
#156 = FACE_OUTER_BOUND ( 'NONE', #6232, .T. ) ;
#157 =( NAMED_UNIT ( * ) SI_UNIT ( $, .STERADIAN. ) SOLID_ANGLE_UNIT ( ) );
#158 =( LENGTH_UNIT ( ) NAMED_UNIT ( * ) SI_UNIT ( .MILLI., .METRE. ) );
#159 = CARTESIAN_POINT ( 'NONE',  ( 45.00000000000000000, 11.91902502860232893, -28.28824096683820599 ) ) ;
#160 = ORIENTED_EDGE ( 'NONE', *, *, #7154, .T. ) ;
#161 = EDGE_LOOP ( 'NONE', ( #369, #5629, #9941, #864 ) ) ;
#162 = AXIS2_PLACEMENT_3D ( 'NONE', #8451, #1456, #6042 ) ;
#163 = VECTOR ( 'NONE', #5390, 1000.000000000000000 ) ;
#164 = CARTESIAN_POINT ( 'NONE',  ( 45.00000000000000000, -5.403630976508653205, -32.44053797435037723 ) ) ;
#165 = EDGE_CURVE ( 'NONE', #9549, #7958, #5586, .T. ) ;
#166 = DIRECTION ( 'NONE',  ( -1.000000000000000000, -0.000000000000000000, -0.000000000000000000 ) ) ;
#167 = SURFACE_STYLE_USAGE ( .BOTH. , #70 ) ;
#168 = AXIS2_PLACEMENT_3D ( 'NONE', #5318, #3861, #7681 ) ;
#169 = AXIS2_PLACEMENT_3D ( 'NONE', #968, #8091, #4206 ) ;
#170 = EDGE_LOOP ( 'NONE', ( #4398, #2096, #2086, #6595 ) ) ;
#171 = FACE_OUTER_BOUND ( 'NONE', #4393, .T. ) ;
#172 = VERTEX_POINT ( 'NONE', #6372 ) ;
#173 = FILL_AREA_STYLE_COLOUR ( '', #315 ) ;
#174 = CARTESIAN_POINT ( 'NONE',  ( -45.00000000000000000, 10.79701128556071232, 32.67945762489390660 ) ) ;
#175 = SURFACE_STYLE_USAGE ( .BOTH. , #4890 ) ;
#176 =( LENGTH_UNIT ( ) NAMED_UNIT ( * ) SI_UNIT ( .MILLI., .METRE. ) );
#177 = SURFACE_STYLE_FILL_AREA ( #7981 ) ;
#178 = DIRECTION ( 'NONE',  ( 1.000000000000000000, 0.000000000000000000, 0.000000000000000000 ) ) ;
#179 = VERTEX_POINT ( 'NONE', #894 ) ;
#180 = VECTOR ( 'NONE', #8320, 1000.000000000000000 ) ;
#181 = LINE ( 'NONE', #4205, #7090 ) ;
#182 = ADVANCED_FACE ( 'NONE', ( #8769 ), #1726, .F. ) ;
#183 = SURFACE_SIDE_STYLE ('',( #8654 ) ) ;
#184 = ORIENTED_EDGE ( 'NONE', *, *, #3915, .F. ) ;
#185 =( NAMED_UNIT ( * ) PLANE_ANGLE_UNIT ( ) SI_UNIT ( $, .RADIAN. ) );
#186 = FACE_OUTER_BOUND ( 'NONE', #2427, .T. ) ;
#187 = DIRECTION ( 'NONE',  ( -1.000000000000000000, -0.000000000000000000, -0.000000000000000000 ) ) ;
#188 = EDGE_LOOP ( 'NONE', ( #9339, #89, #799, #3558 ) ) ;
#189 = FACE_OUTER_BOUND ( 'NONE', #9967, .T. ) ;
#190 = EDGE_CURVE ( 'NONE', #996, #1053, #4230, .T. ) ;
#191 = FACE_OUTER_BOUND ( 'NONE', #1453, .T. ) ;
#192 = VECTOR ( 'NONE', #3035, 1000.000000000000000 ) ;
#193 = PLANE ( 'NONE',  #5223 ) ;
#194 = CARTESIAN_POINT ( 'NONE',  ( 45.00000000000000000, 9.800134291210595094, -31.02000040005234283 ) ) ;
#195 = DIRECTION ( 'NONE',  ( 1.000000000000000000, 0.000000000000000000, 0.000000000000000000 ) ) ;
#196 = ORIENTED_EDGE ( 'NONE', *, *, #1813, .F. ) ;
#197 = EDGE_CURVE ( 'NONE', #9426, #5045, #495, .T. ) ;
#198 = CIRCLE ( 'NONE', #8443, 0.3999999110189944584 ) ;
#199 = DIRECTION ( 'NONE',  ( -0.000000000000000000, 0.000000000000000000, 1.000000000000000000 ) ) ;
#200 = DIRECTION ( 'NONE',  ( 1.000000000000000000, 0.000000000000000000, 0.000000000000000000 ) ) ;
#201 = DIRECTION ( 'NONE',  ( 0.000000000000000000, -0.1736483871527679523, -0.9848077160741798286 ) ) ;
#202 = DIRECTION ( 'NONE',  ( -1.000000000000000000, -0.000000000000000000, -0.000000000000000000 ) ) ;
#203 = CIRCLE ( 'NONE', #5990, 0.3999999999999837019 ) ;
#204 = ORIENTED_EDGE ( 'NONE', *, *, #8267, .F. ) ;
#205 = ORIENTED_EDGE ( 'NONE', *, *, #3574, .F. ) ;
#206 = VECTOR ( 'NONE', #8422, 1000.000000000000114 ) ;
#207 =( NAMED_UNIT ( * ) PLANE_ANGLE_UNIT ( ) SI_UNIT ( $, .RADIAN. ) );
#208 = ORIENTED_EDGE ( 'NONE', *, *, #3296, .F. ) ;
#209 = ORIENTED_EDGE ( 'NONE', *, *, #5143, .T. ) ;
#210 = CYLINDRICAL_SURFACE ( 'NONE', #8962, 0.09999926905917069786 ) ;
#211 = AXIS2_PLACEMENT_3D ( 'NONE', #4912, #4222, #2641 ) ;
#212 = EDGE_CURVE ( 'NONE', #4875, #7865, #9056, .T. ) ;
#213 = CARTESIAN_POINT ( 'NONE',  ( -45.00000000000000000, 10.25118613851211791, 32.44053818320866611 ) ) ;
#214 = DIRECTION ( 'NONE',  ( 0.000000000000000000, 0.000000000000000000, -1.000000000000000000 ) ) ;
#215 = PRESENTATION_LAYER_ASSIGNMENT (  '', '', ( #3378 ) ) ;
#216 = COLOUR_RGB ( '',0.8980392156862745390, 0.9176470588235293713, 0.9294117647058823817 ) ;
#217 = VERTEX_POINT ( 'NONE', #9036 ) ;
#218 = AXIS2_PLACEMENT_3D ( 'NONE', #6843, #9966, #9047 ) ;
#219 = CYLINDRICAL_SURFACE ( 'NONE', #4868, 0.3999999999999767630 ) ;
#220 = MECHANICAL_DESIGN_GEOMETRIC_PRESENTATION_REPRESENTATION (  '', ( #3383 ), #9930 ) ;
#221 = SURFACE_STYLE_FILL_AREA ( #5597 ) ;
#222 = VERTEX_POINT ( 'NONE', #1929 ) ;
#223 = UNCERTAINTY_MEASURE_WITH_UNIT (LENGTH_MEASURE( 1.000000000000000082E-05 ), #6957, 'distance_accuracy_value', 'NONE');
#224 = FILL_AREA_STYLE ('',( #3293 ) ) ;
#225 = CIRCLE ( 'NONE', #7983, 0.1999999999999883815 ) ;
#226 = FACE_OUTER_BOUND ( 'NONE', #1944, .T. ) ;
#227 = PRESENTATION_LAYER_ASSIGNMENT (  '', '', ( #7157 ) ) ;
#228 = PRESENTATION_LAYER_ASSIGNMENT (  '', '', ( #9127 ) ) ;
#229 = PRESENTATION_STYLE_ASSIGNMENT (( #175 ) ) ;
#230 = CARTESIAN_POINT ( 'NONE',  ( 45.00000000000000000, -4.727527752199391919, -33.00999795674542980 ) ) ;
#231 = LINE ( 'NONE', #859, #4546 ) ;
#232 = CARTESIAN_POINT ( 'NONE',  ( 45.00000000000000000, -7.565307581344556276, 32.67945752046475860 ) ) ;
#233 = CARTESIAN_POINT ( 'NONE',  ( 45.00000000000000000, -3.351728319253076016, -33.00999785231633155 ) ) ;
#234 = CIRCLE ( 'NONE', #8321, 0.7199711365119334516 ) ;
#235 = ADVANCED_FACE ( 'NONE', ( #10089 ), #3809, .T. ) ;
#236 = VECTOR ( 'NONE', #498, 1000.000000000000000 ) ;
#237 =( NAMED_UNIT ( * ) PLANE_ANGLE_UNIT ( ) SI_UNIT ( $, .RADIAN. ) );
#238 = VERTEX_POINT ( 'NONE', #8499 ) ;
#239 = FILL_AREA_STYLE ('',( #9780 ) ) ;
#240 = FILL_AREA_STYLE ('',( #9689 ) ) ;
#241 =( NAMED_UNIT ( * ) PLANE_ANGLE_UNIT ( ) SI_UNIT ( $, .RADIAN. ) );
#242 = CIRCLE ( 'NONE', #7995, 0.3999999999999767630 ) ;
#243 = ORIENTED_EDGE ( 'NONE', *, *, #1429, .T. ) ;
#244 = PLANE ( 'NONE',  #3207 ) ;
#245 = FILL_AREA_STYLE ('',( #7308 ) ) ;
#246 =( LENGTH_UNIT ( ) NAMED_UNIT ( * ) SI_UNIT ( .MILLI., .METRE. ) );
#247 = EDGE_CURVE ( 'NONE', #8279, #4581, #1454, .T. ) ;
#248 = VECTOR ( 'NONE', #9368, 1000.000000000000000 ) ;
#249 = SURFACE_SIDE_STYLE ('',( #7426 ) ) ;
#250 = SURFACE_SIDE_STYLE ('',( #9023 ) ) ;
#251 = DIRECTION ( 'NONE',  ( 0.000000000000000000, 0.1736483871527386424, 0.9848077160741850467 ) ) ;
#252 =( NAMED_UNIT ( * ) SI_UNIT ( $, .STERADIAN. ) SOLID_ANGLE_UNIT ( ) );
#253 = CYLINDRICAL_SURFACE ( 'NONE', #7625, 0.9999999999999904521 ) ;
#254 = DIRECTION ( 'NONE',  ( 1.000000000000000000, 0.000000000000000000, 0.000000000000000000 ) ) ;
#255 = AXIS2_PLACEMENT_3D ( 'NONE', #5622, #8754, #3209 ) ;
#256 = VERTEX_POINT ( 'NONE', #6969 ) ;
#257 = CARTESIAN_POINT ( 'NONE',  ( -45.00000000000000000, 2.129801203103446117, -32.67945751196644721 ) ) ;
#258 = ADVANCED_FACE ( 'NONE', ( #8218 ), #1874, .T. ) ;
#259 = DIRECTION ( 'NONE',  ( 0.000000000000000000, 0.000000000000000000, -1.000000000000000000 ) ) ;
#260 = CARTESIAN_POINT ( 'NONE',  ( 45.00000000000000000, -6.343379209986895084, -33.00999806117453517 ) ) ;
#261 = FILL_AREA_STYLE_COLOUR ( '', #2194 ) ;
#262 = SURFACE_STYLE_USAGE ( .BOTH. , #3337 ) ;
#263 = SURFACE_STYLE_FILL_AREA ( #995 ) ;
#264 = VERTEX_POINT ( 'NONE', #7206 ) ;
#265 = ORIENTED_EDGE ( 'NONE', *, *, #4670, .T. ) ;
#266 = PRESENTATION_LAYER_ASSIGNMENT (  '', '', ( #2259 ) ) ;
#267 = EDGE_CURVE ( 'NONE', #77, #9185, #6436, .T. ) ;
#268 = CYLINDRICAL_SURFACE ( 'NONE', #3795, 0.3999999110188418028 ) ;
#269 = ORIENTED_EDGE ( 'NONE', *, *, #1718, .T. ) ;
#270 = CARTESIAN_POINT ( 'NONE',  ( 45.00000000000000000, 3.745652660890947061, -32.67945761639555968 ) ) ;
#271 = DIRECTION ( 'NONE',  ( -1.000000000000000000, -0.000000000000000000, -0.000000000000000000 ) ) ;
#272 = FILL_AREA_STYLE ('',( #2758 ) ) ;
#273 = ORIENTED_EDGE ( 'NONE', *, *, #4741, .F. ) ;
#274 = AXIS2_PLACEMENT_3D ( 'NONE', #4702, #5369, #8656 ) ;
#275 = CARTESIAN_POINT ( 'NONE',  ( 45.00000000000000000, -0.5560766031461433778, -32.44053766106308245 ) ) ;
#276 = FILL_AREA_STYLE_COLOUR ( '', #2398 ) ;
#277 =( LENGTH_UNIT ( ) NAMED_UNIT ( * ) SI_UNIT ( .MILLI., .METRE. ) );
#278 = ORIENTED_EDGE ( 'NONE', *, *, #4662, .T. ) ;
#279 = EDGE_CURVE ( 'NONE', #3083, #7335, #3951, .T. ) ;
#280 = FILL_AREA_STYLE ('',( #1686 ) ) ;
#281 = EDGE_LOOP ( 'NONE', ( #4738, #114, #562, #5748 ) ) ;
#282 = PRESENTATION_STYLE_ASSIGNMENT (( #7354 ) ) ;
#283 = LINE ( 'NONE', #860, #3062 ) ;
#284 = SURFACE_STYLE_USAGE ( .BOTH. , #4311 ) ;
#285 = CARTESIAN_POINT ( 'NONE',  ( 45.00000000000000000, 3.111677696443458707, -33.00999785231633155 ) ) ;
#286 = EDGE_LOOP ( 'NONE', ( #4179, #5440, #1109, #1876 ) ) ;
#287 = VECTOR ( 'NONE', #2180, 1000.000000000000000 ) ;
#288 = PRESENTATION_LAYER_ASSIGNMENT (  '', '', ( #2449 ) ) ;
#289 = CARTESIAN_POINT ( 'NONE',  ( 45.00000000000000000, 11.91902502860232893, -28.28824096683820599 ) ) ;
#290 = AXIS2_PLACEMENT_3D ( 'NONE', #3681, #9202, #9415 ) ;
#291 = FILL_AREA_STYLE ('',( #1188 ) ) ;
#292 = ORIENTED_EDGE ( 'NONE', *, *, #4651, .T. ) ;
#293 = DIRECTION ( 'NONE',  ( 0.000000000000000000, -0.9999933447966798949, -0.003648336929151434465 ) ) ;
#294 = EDGE_CURVE ( 'NONE', #2282, #6283, #4838, .T. ) ;
#295 = DIRECTION ( 'NONE',  ( -0.000000000000000000, 1.000000000000000000, -0.000000000000000000 ) ) ;
#296 =( LENGTH_UNIT ( ) NAMED_UNIT ( * ) SI_UNIT ( .MILLI., .METRE. ) );
#297 = CARTESIAN_POINT ( 'NONE',  ( 45.00000000000000000, 0.5560780051777099997, -32.44053766106308245 ) ) ;
#298 = DIRECTION ( 'NONE',  ( -1.000000000000000000, -0.000000000000000000, -0.000000000000000000 ) ) ;
#299 = CARTESIAN_POINT ( 'NONE',  ( 45.00000000000000000, 12.80678533207917447, 33.00999837446159546 ) ) ;
#300 = ORIENTED_EDGE ( 'NONE', *, *, #1916, .T. ) ;
#301 = STYLED_ITEM ( 'NONE', ( #2834 ), #1465 ) ;
#302 = DIRECTION ( 'NONE',  ( 0.000000000000000000, 0.000000000000000000, -1.000000000000000000 ) ) ;
#303 = EDGE_CURVE ( 'NONE', #9142, #4666, #5762, .T. ) ;
#304 = FACE_OUTER_BOUND ( 'NONE', #4751, .T. ) ;
#305 = ORIENTED_EDGE ( 'NONE', *, *, #4539, .T. ) ;
#306 = LINE ( 'NONE', #7488, #7299 ) ;
#307 = CARTESIAN_POINT ( 'NONE',  ( 45.00000000000000000, 6.583431986834322736, 33.00999795674542980 ) ) ;
#308 = CIRCLE ( 'NONE', #3769, 0.3999999999999767630 ) ;
#309 = ORIENTED_EDGE ( 'NONE', *, *, #8875, .T. ) ;
#310 = STYLED_ITEM ( 'NONE', ( #5647 ), #9079 ) ;
#311 = LINE ( 'NONE', #9754, #2796 ) ;
#312 = FILL_AREA_STYLE ('',( #1780 ) ) ;
#313 = LINE ( 'NONE', #6618, #727 ) ;
#314 = CYLINDRICAL_SURFACE ( 'NONE', #5253, 0.2000000000000508316 ) ;
#315 = COLOUR_RGB ( '',0.8980392156862745390, 0.9176470588235293713, 0.9294117647058823817 ) ;
#316 = ORIENTED_EDGE ( 'NONE', *, *, #2343, .T. ) ;
#317 = ADVANCED_FACE ( 'NONE', ( #9390 ), #7840, .T. ) ;
#318 = SURFACE_STYLE_USAGE ( .BOTH. , #5796 ) ;
#319 = VERTEX_POINT ( 'NONE', #3257 ) ;
#320 = AXIS2_PLACEMENT_3D ( 'NONE', #3102, #766, #138 ) ;
#321 = MECHANICAL_DESIGN_GEOMETRIC_PRESENTATION_REPRESENTATION (  '', ( #9385 ), #3142 ) ;
#322 = FACE_OUTER_BOUND ( 'NONE', #4148, .T. ) ;
#323 = PRESENTATION_STYLE_ASSIGNMENT (( #7394 ) ) ;
#324 = SURFACE_STYLE_USAGE ( .BOTH. , #1990 ) ;
#325 = UNCERTAINTY_MEASURE_WITH_UNIT (LENGTH_MEASURE( 1.000000000000000082E-05 ), #4640, 'distance_accuracy_value', 'NONE');
#326 = ORIENTED_EDGE ( 'NONE', *, *, #3031, .F. ) ;
#327 =( NAMED_UNIT ( * ) SI_UNIT ( $, .STERADIAN. ) SOLID_ANGLE_UNIT ( ) );
#328 = PRESENTATION_STYLE_ASSIGNMENT (( #378 ) ) ;
#329 = VECTOR ( 'NONE', #8045, 1000.000000000000000 ) ;
#330 =( NAMED_UNIT ( * ) SI_UNIT ( $, .STERADIAN. ) SOLID_ANGLE_UNIT ( ) );
#332 = MECHANICAL_DESIGN_GEOMETRIC_PRESENTATION_REPRESENTATION (  '', ( #1997 ), #4796 ) ;
#331 = STYLED_ITEM ( 'NONE', ( #2130 ), #9635 ) ;
#333 = EDGE_LOOP ( 'NONE', ( #3384, #4121, #2904, #3136 ) ) ;
#334 = UNCERTAINTY_MEASURE_WITH_UNIT (LENGTH_MEASURE( 1.000000000000000082E-05 ), #9258, 'distance_accuracy_value', 'NONE');
#335 = DIRECTION ( 'NONE',  ( 0.000000000000000000, 0.003648315352221621725, -0.9999933448754000365 ) ) ;
#336 = EDGE_CURVE ( 'NONE', #3927, #4924, #6397, .T. ) ;
#337 =( NAMED_UNIT ( * ) PLANE_ANGLE_UNIT ( ) SI_UNIT ( $, .RADIAN. ) );
#338 =( NAMED_UNIT ( * ) PLANE_ANGLE_UNIT ( ) SI_UNIT ( $, .RADIAN. ) );
#339 = PRESENTATION_STYLE_ASSIGNMENT (( #7554 ) ) ;
#340 =( GEOMETRIC_REPRESENTATION_CONTEXT ( 3 ) GLOBAL_UNCERTAINTY_ASSIGNED_CONTEXT ( ( #2231 ) ) GLOBAL_UNIT_ASSIGNED_CONTEXT ( ( #8487, #655, #2009 ) ) REPRESENTATION_CONTEXT ( 'NONE', 'WORKASPACE' ) );
#341 = DIRECTION ( 'NONE',  ( 0.000000000000000000, 0.1736492263815903325, -0.9848075680949426314 ) ) ;
#342 = EDGE_CURVE ( 'NONE', #10106, #3130, #4055, .T. ) ;
#343 = CARTESIAN_POINT ( 'NONE',  ( 45.00000000000000000, 9.800134291210595094, -29.82752931517285688 ) ) ;
#344 = DIRECTION ( 'NONE',  ( -1.000000000000000000, -0.000000000000000000, -0.000000000000000000 ) ) ;
#345 = ORIENTED_EDGE ( 'NONE', *, *, #6889, .T. ) ;
#346 = PRESENTATION_LAYER_ASSIGNMENT (  '', '', ( #5621 ) ) ;
#347 = CARTESIAN_POINT ( 'NONE',  ( 45.00000000000000000, 7.523180987188937685, -32.44053807877948969 ) ) ;
#348 =( NAMED_UNIT ( * ) SI_UNIT ( $, .STERADIAN. ) SOLID_ANGLE_UNIT ( ) );
#349 = ORIENTED_EDGE ( 'NONE', *, *, #540, .F. ) ;
#350 = CARTESIAN_POINT ( 'NONE',  ( 45.00000000000000000, -10.30018207335180769, -30.07663355703621733 ) ) ;
#351 = CARTESIAN_POINT ( 'NONE',  ( 45.00000000000000000, 4.333606067801317963, -32.67945731160656919 ) ) ;
#352 = DIRECTION ( 'NONE',  ( 0.000000000000000000, 0.000000000000000000, -1.000000000000000000 ) ) ;
#353 = SURFACE_STYLE_FILL_AREA ( #7422 ) ;
#354 = EDGE_CURVE ( 'NONE', #3808, #9417, #2804, .T. ) ;
#355 = SURFACE_SIDE_STYLE ('',( #8858 ) ) ;
#356 = APPLICATION_PROTOCOL_DEFINITION ( 'draft international standard', 'automotive_design', 1998, #1311 ) ;
#357 =( NAMED_UNIT ( * ) SI_UNIT ( $, .STERADIAN. ) SOLID_ANGLE_UNIT ( ) );
#358 = VERTEX_POINT ( 'NONE', #347 ) ;
#359 = LINE ( 'NONE', #8102, #5606 ) ;
#360 = DIRECTION ( 'NONE',  ( 0.000000000000000000, 1.000000000000000000, 0.000000000000000000 ) ) ;
#361 = LINE ( 'NONE', #7486, #8672 ) ;
#362 = DIRECTION ( 'NONE',  ( 1.000000000000000000, 0.000000000000000000, 0.000000000000000000 ) ) ;
#363 = EDGE_LOOP ( 'NONE', ( #2037, #3901, #4085, #6746, #1833, #6046, #5107, #4313, #7443, #2279, #4065, #1984, #3037, #7898, #7233, #7571, #5723, #6798, #4077, #9888, #1739, #9571, #3512, #6317, #651, #6165, #8887, #3925, #1559, #6809, #3164, #2404, #687, #8063, #4402, #2573, #1934, #8980, #8375, #4908, #4882, #628, #9031, #6980, #9819, #7563, #3163, #2358, #3767, #4937, #4177, #8833, #5966, #2269, #3326, #6646, #9505, #8598, #6918, #8154, #196, #2090, #4078, #3143, #5911, #6826, #1998, #7520, #4896, #2952, #7891, #1689, #9301, #1816, #1684, #9525, #7279, #4622, #9165, #8701, #7091, #6041, #8732, #6070, #4195, #460, #5752, #6872, #4693, #4647, #4861, #5086, #7021, #6377, #6396, #6345, #7756, #5975, #6373, #7295, #6413, #9715, #5203, #3184, #2780, #2907, #5794, #7842, #615, #8092, #349, #6346, #666, #2487, #4659, #9625, #9991, #1675, #6468, #5431, #1628, #3408, #9157, #3283, #9336, #8881, #6294, #326, #7467, #4972, #8932, #7732, #4187, #1974, #4378, #8697, #7031, #1001, #2038, #2853, #5923, #5425, #896, #7852, #3476, #9983, #9107, #8929, #10175, #6463, #6395, #8114, #6010, #3998, #7024, #3150, #9512, #5483, #9767 ) ) ;
#364 = DIRECTION ( 'NONE',  ( 1.000000000000000000, 0.000000000000000000, 0.000000000000000000 ) ) ;
#365 =( NAMED_UNIT ( * ) SI_UNIT ( $, .STERADIAN. ) SOLID_ANGLE_UNIT ( ) );
#366 = EDGE_CURVE ( 'NONE', #8537, #4873, #4149, .T. ) ;
#367 = COLOUR_RGB ( '',0.8980392156862745390, 0.9176470588235293713, 0.9294117647058823817 ) ;
#368 = UNCERTAINTY_MEASURE_WITH_UNIT (LENGTH_MEASURE( 1.000000000000000082E-05 ), #6758, 'distance_accuracy_value', 'NONE');
#369 = ORIENTED_EDGE ( 'NONE', *, *, #9499, .T. ) ;
#370 = CARTESIAN_POINT ( 'NONE',  ( 45.00000000000000000, -7.019482434296157258, -32.44053807877948259 ) ) ;
#371 = ORIENTED_EDGE ( 'NONE', *, *, #4641, .T. ) ;
#372 = FACE_OUTER_BOUND ( 'NONE', #8824, .T. ) ;
#373 = SURFACE_STYLE_USAGE ( .BOTH. , #4294 ) ;
#374 = MECHANICAL_DESIGN_GEOMETRIC_PRESENTATION_REPRESENTATION (  '', ( #1212 ), #3365 ) ;
#375 = FILL_AREA_STYLE_COLOUR ( '', #2540 ) ;
#376 = PRESENTATION_STYLE_ASSIGNMENT (( #7449 ) ) ;
#377 = SURFACE_SIDE_STYLE ('',( #4188 ) ) ;
#378 = SURFACE_STYLE_USAGE ( .BOTH. , #6797 ) ;
#379 = ADVANCED_FACE ( 'NONE', ( #5057 ), #7266, .T. ) ;
#380 = AXIS2_PLACEMENT_3D ( 'NONE', #773, #1552, #4550 ) ;
#381 = DIRECTION ( 'NONE',  ( 0.000000000000000000, -1.000000000000000000, 0.000000000000000000 ) ) ;
#382 = ORIENTED_EDGE ( 'NONE', *, *, #1718, .F. ) ;
#383 = PLANE ( 'NONE',  #3306 ) ;
#384 = LINE ( 'NONE', #7298, #5426 ) ;
#385 = ORIENTED_EDGE ( 'NONE', *, *, #8890, .T. ) ;
#386 = VECTOR ( 'NONE', #2317, 1000.000000000000227 ) ;
#387 = CARTESIAN_POINT ( 'NONE',  ( 45.00000000000000000, -9.300134739806450668, 29.82752886061096476 ) ) ;
#388 = VECTOR ( 'NONE', #9151, 1000.000000000000000 ) ;
#389 = CARTESIAN_POINT ( 'NONE',  ( -45.00000000000000000, -10.25118534987116270, -32.44053828763767910 ) ) ;
#390 = VECTOR ( 'NONE', #3084, 1000.000000000000000 ) ;
#391 = ADVANCED_FACE ( 'NONE', ( #4256 ), #2525, .T. ) ;
#392 = AXIS2_PLACEMENT_3D ( 'NONE', #5097, #7462, #1123 ) ;
#393 = ORIENTED_EDGE ( 'NONE', *, *, #2148, .F. ) ;
#394 = AXIS2_PLACEMENT_3D ( 'NONE', #7695, #7750, #4718 ) ;
#395 = DIRECTION ( 'NONE',  ( -1.000000000000000000, -0.000000000000000000, -0.000000000000000000 ) ) ;
#396 = AXIS2_PLACEMENT_3D ( 'NONE', #2069, #3620, #4430 ) ;
#397 = FACE_OUTER_BOUND ( 'NONE', #2643, .T. ) ;
#398 = PRESENTATION_LAYER_ASSIGNMENT (  '', '', ( #8620 ) ) ;
#399 = EDGE_CURVE ( 'NONE', #9867, #256, #181, .T. ) ;
#400 = VERTEX_POINT ( 'NONE', #8245 ) ;
#401 = CARTESIAN_POINT ( 'NONE',  ( -45.00000000000000000, 9.800134291210595094, -29.82752931517285688 ) ) ;
#402 =( GEOMETRIC_REPRESENTATION_CONTEXT ( 3 ) GLOBAL_UNCERTAINTY_ASSIGNED_CONTEXT ( ( #7341 ) ) GLOBAL_UNIT_ASSIGNED_CONTEXT ( ( #1255, #4494, #3723 ) ) REPRESENTATION_CONTEXT ( 'NONE', 'WORKASPACE' ) );
#403 = DIRECTION ( 'NONE',  ( -0.000000000000000000, -0.1736492263816335757, -0.9848075680949350819 ) ) ;
#404 =( NAMED_UNIT ( * ) SI_UNIT ( $, .STERADIAN. ) SOLID_ANGLE_UNIT ( ) );
#405 = AXIS2_PLACEMENT_3D ( 'NONE', #194, #7178, #1820 ) ;
#406 = PRESENTATION_LAYER_ASSIGNMENT (  '', '', ( #2547 ) ) ;
#407 = VECTOR ( 'NONE', #1328, 1000.000000000000000 ) ;
#408 = CARTESIAN_POINT ( 'NONE',  ( 45.00000000000000000, -8.593205632224368173, -32.67945792968329499 ) ) ;
#409 = VERTEX_POINT ( 'NONE', #1186 ) ;
#410 = ORIENTED_EDGE ( 'NONE', *, *, #6104, .F. ) ;
#411 = STYLED_ITEM ( 'NONE', ( #10084 ), #6367 ) ;
#412 = SURFACE_STYLE_FILL_AREA ( #8206 ) ;
#413 = COLOUR_RGB ( '',0.8980392156862745390, 0.9176470588235293713, 0.9294117647058823817 ) ;
#414 = EDGE_CURVE ( 'NONE', #7362, #217, #7359, .T. ) ;
#415 = FACE_OUTER_BOUND ( 'NONE', #9128, .T. ) ;
#416 = DIRECTION ( 'NONE',  ( -1.000000000000000000, -0.000000000000000000, -0.000000000000000000 ) ) ;
#417 = FILL_AREA_STYLE ('',( #7489 ) ) ;
#418 = COLOUR_RGB ( '',0.8980392156862745390, 0.9176470588235293713, 0.9294117647058823817 ) ;
#419 = ORIENTED_EDGE ( 'NONE', *, *, #3322, .T. ) ;
#420 = DIRECTION ( 'NONE',  ( -0.000000000000000000, 1.000000000000000000, -0.000000000000000000 ) ) ;
#421 = CARTESIAN_POINT ( 'NONE',  ( 45.00000000000000000, 3.111677696443458707, -33.00999785231633155 ) ) ;
#422 =( NAMED_UNIT ( * ) SI_UNIT ( $, .STERADIAN. ) SOLID_ANGLE_UNIT ( ) );
#423 = UNCERTAINTY_MEASURE_WITH_UNIT (LENGTH_MEASURE( 1.000000000000000082E-05 ), #610, 'distance_accuracy_value', 'NONE');
#424 = UNCERTAINTY_MEASURE_WITH_UNIT (LENGTH_MEASURE( 1.000000000000000082E-05 ), #8776, 'distance_accuracy_value', 'NONE');
#425 = FILL_AREA_STYLE ('',( #1981 ) ) ;
#426 = AXIS2_PLACEMENT_3D ( 'NONE', #748, #6224, #9422 ) ;
#427 = DIRECTION ( 'NONE',  ( 0.000000000000000000, -1.000000000000000000, 0.000000000000000000 ) ) ;
#428 = ORIENTED_EDGE ( 'NONE', *, *, #6409, .T. ) ;
#429 = DIRECTION ( 'NONE',  ( -1.000000000000000000, -0.000000000000000000, -0.000000000000000000 ) ) ;
#430 = PRESENTATION_LAYER_ASSIGNMENT (  '', '', ( #6871 ) ) ;
#431 = LINE ( 'NONE', #8368, #6342 ) ;
#432 = ADVANCED_FACE ( 'NONE', ( #3360 ), #6492, .T. ) ;
#433 = UNCERTAINTY_MEASURE_WITH_UNIT (LENGTH_MEASURE( 1.000000000000000082E-05 ), #9312, 'distance_accuracy_value', 'NONE');
#434 = SURFACE_STYLE_FILL_AREA ( #5373 ) ;
#435 = PLANE ( 'NONE',  #7674 ) ;
#436 = UNCERTAINTY_MEASURE_WITH_UNIT (LENGTH_MEASURE( 1.000000000000000082E-05 ), #3573, 'distance_accuracy_value', 'NONE');
#437 = ORIENTED_EDGE ( 'NONE', *, *, #3894, .F. ) ;
#438 = CIRCLE ( 'NONE', #4567, 0.1999999999999953204 ) ;
#439 =( NAMED_UNIT ( * ) SI_UNIT ( $, .STERADIAN. ) SOLID_ANGLE_UNIT ( ) );
#440 = EDGE_LOOP ( 'NONE', ( #5542, #14, #1848, #1601 ) ) ;
#441 = VERTEX_POINT ( 'NONE', #9831 ) ;
#442 = UNCERTAINTY_MEASURE_WITH_UNIT (LENGTH_MEASURE( 1.000000000000000082E-05 ), #1149, 'distance_accuracy_value', 'NONE');
#443 =( NAMED_UNIT ( * ) PLANE_ANGLE_UNIT ( ) SI_UNIT ( $, .RADIAN. ) );
#444 = DIRECTION ( 'NONE',  ( 0.000000000000000000, 1.078855964205159927E-08, -0.9999999999999998890 ) ) ;
#445 = DIRECTION ( 'NONE',  ( 1.000000000000000000, 0.000000000000000000, -0.000000000000000000 ) ) ;
#446 = EDGE_CURVE ( 'NONE', #222, #1644, #1234, .T. ) ;
#447 = DIRECTION ( 'NONE',  ( -1.000000000000000000, -0.000000000000000000, -0.000000000000000000 ) ) ;
#448 = CIRCLE ( 'NONE', #6216, 0.7199711365119508821 ) ;
#449 = FACE_OUTER_BOUND ( 'NONE', #881, .T. ) ;
#450 = ORIENTED_EDGE ( 'NONE', *, *, #5822, .F. ) ;
#451 = VECTOR ( 'NONE', #8958, 1000.000000000000000 ) ;
#452 =( NAMED_UNIT ( * ) SI_UNIT ( $, .STERADIAN. ) SOLID_ANGLE_UNIT ( ) );
#453 = DIRECTION ( 'NONE',  ( 1.000000000000000000, 0.000000000000000000, 0.000000000000000000 ) ) ;
#454 = EDGE_CURVE ( 'NONE', #3758, #3666, #6122, .T. ) ;
#455 = EDGE_LOOP ( 'NONE', ( #1881, #5563, #1400, #3539 ) ) ;
#456 = DIRECTION ( 'NONE',  ( -0.000000000000000000, -0.000000000000000000, 1.000000000000000000 ) ) ;
#457 = CARTESIAN_POINT ( 'NONE',  ( 45.00000000000000000, -11.86703680765867297, -32.44053839206678447 ) ) ;
#458 =( GEOMETRIC_REPRESENTATION_CONTEXT ( 3 ) GLOBAL_UNCERTAINTY_ASSIGNED_CONTEXT ( ( #5912 ) ) GLOBAL_UNIT_ASSIGNED_CONTEXT ( ( #1829, #3391, #1674 ) ) REPRESENTATION_CONTEXT ( 'NONE', 'WORKASPACE' ) );
#459 =( NAMED_UNIT ( * ) PLANE_ANGLE_UNIT ( ) SI_UNIT ( $, .RADIAN. ) );
#460 = ORIENTED_EDGE ( 'NONE', *, *, #8449, .F. ) ;
#461 = ORIENTED_EDGE ( 'NONE', *, *, #4248, .T. ) ;
#462 = LINE ( 'NONE', #2845, #1340 ) ;
#463 = UNCERTAINTY_MEASURE_WITH_UNIT (LENGTH_MEASURE( 1.000000000000000082E-05 ), #5453, 'distance_accuracy_value', 'NONE');
#464 = AXIS2_PLACEMENT_3D ( 'NONE', #3016, #6986, #728 ) ;
#465 = FILL_AREA_STYLE_COLOUR ( '', #578 ) ;
#466 = CARTESIAN_POINT ( 'NONE',  ( -45.00000000000000000, 7.959231456415265527, 33.00999806117454938 ) ) ;
#467 =( GEOMETRIC_REPRESENTATION_CONTEXT ( 3 ) GLOBAL_UNCERTAINTY_ASSIGNED_CONTEXT ( ( #442 ) ) GLOBAL_UNIT_ASSIGNED_CONTEXT ( ( #1149, #1042, #7381 ) ) REPRESENTATION_CONTEXT ( 'NONE', 'WORKASPACE' ) );
#468 = EDGE_LOOP ( 'NONE', ( #1324, #8017, #2900, #4339 ) ) ;
#469 = CARTESIAN_POINT ( 'NONE',  ( 45.00000000000000000, 1.495826238655951990, -33.00999774788724039 ) ) ;
#470 = ORIENTED_EDGE ( 'NONE', *, *, #4389, .F. ) ;
#471 =( NAMED_UNIT ( * ) PLANE_ANGLE_UNIT ( ) SI_UNIT ( $, .RADIAN. ) );
#472 = AXIS2_PLACEMENT_3D ( 'NONE', #9783, #9013, #1025 ) ;
#473 = ADVANCED_FACE ( 'NONE', ( #7663 ), #3699, .F. ) ;
#474 = FILL_AREA_STYLE ('',( #8319 ) ) ;
#475 = VECTOR ( 'NONE', #5225, 1000.000000000000000 ) ;
#476 = DIRECTION ( 'NONE',  ( 0.000000000000000000, 0.000000000000000000, -1.000000000000000000 ) ) ;
#477 = UNCERTAINTY_MEASURE_WITH_UNIT (LENGTH_MEASURE( 1.000000000000000082E-05 ), #6016, 'distance_accuracy_value', 'NONE');
#478 = ORIENTED_EDGE ( 'NONE', *, *, #9659, .F. ) ;
#479 =( GEOMETRIC_REPRESENTATION_CONTEXT ( 3 ) GLOBAL_UNCERTAINTY_ASSIGNED_CONTEXT ( ( #3873 ) ) GLOBAL_UNIT_ASSIGNED_CONTEXT ( ( #1802, #5049, #5807 ) ) REPRESENTATION_CONTEXT ( 'NONE', 'WORKASPACE' ) );
#480 = DIRECTION ( 'NONE',  ( -0.000000000000000000, 0.1736492263815952453, 0.9848075680949418542 ) ) ;
#481 =( NAMED_UNIT ( * ) SI_UNIT ( $, .STERADIAN. ) SOLID_ANGLE_UNIT ( ) );
#482 = ORIENTED_EDGE ( 'NONE', *, *, #1242, .F. ) ;
#483 = AXIS2_PLACEMENT_3D ( 'NONE', #7933, #4003, #7780 ) ;
#484 = LINE ( 'NONE', #4510, #8943 ) ;
#485 = EDGE_LOOP ( 'NONE', ( #7500, #6239, #9613, #5039 ) ) ;
#486 = EDGE_CURVE ( 'NONE', #487, #3498, #667, .T. ) ;
#487 = VERTEX_POINT ( 'NONE', #5976 ) ;
#488 = MECHANICAL_DESIGN_GEOMETRIC_PRESENTATION_REPRESENTATION (  '', ( #1317 ), #3928 ) ;
#489 = FILL_AREA_STYLE_COLOUR ( '', #3485 ) ;
#490 = STYLED_ITEM ( 'NONE', ( #531 ), #9346 ) ;
#491 =( NAMED_UNIT ( * ) PLANE_ANGLE_UNIT ( ) SI_UNIT ( $, .RADIAN. ) );
#492 = CARTESIAN_POINT ( 'NONE',  ( 45.00000000000000000, 4.727529154230967201, -33.00999795674543691 ) ) ;
#493 = DIRECTION ( 'NONE',  ( -0.000000000000000000, 1.000000000000000000, -0.000000000000000000 ) ) ;
#494 = DIRECTION ( 'NONE',  ( -1.000000000000000000, -0.000000000000000000, -0.000000000000000000 ) ) ;
#495 = CIRCLE ( 'NONE', #6095, 1.999999999999425793 ) ;
#497 = PRESENTATION_LAYER_ASSIGNMENT (  '', '', ( #4104 ) ) ;
#496 = STYLED_ITEM ( 'NONE', ( #7215 ), #9753 ) ;
#498 = DIRECTION ( 'NONE',  ( -1.000000000000000000, -0.000000000000000000, -0.000000000000000000 ) ) ;
#499 = DIRECTION ( 'NONE',  ( -1.000000000000000000, -0.000000000000000000, -0.000000000000000000 ) ) ;
#500 = SURFACE_SIDE_STYLE ('',( #3746 ) ) ;
#501 = VERTEX_POINT ( 'NONE', #2204 ) ;
#502 = EDGE_CURVE ( 'NONE', #2766, #1053, #2055, .T. ) ;
#503 = DIRECTION ( 'NONE',  ( -0.000000000000000000, 0.1736492263815903325, 0.9848075680949426314 ) ) ;
#504 = AXIS2_PLACEMENT_3D ( 'NONE', #9326, #7716, #4582 ) ;
#505 = VECTOR ( 'NONE', #778, 1000.000000000000000 ) ;
#506 = STYLED_ITEM ( 'NONE', ( #3830 ), #1898 ) ;
#507 = ORIENTED_EDGE ( 'NONE', *, *, #2648, .T. ) ;
#508 = DIRECTION ( 'NONE',  ( -1.000000000000000000, -0.000000000000000000, -0.000000000000000000 ) ) ;
#509 = LINE ( 'NONE', #6032, #7503 ) ;
#510 = LINE ( 'NONE', #5259, #8145 ) ;
#511 = LINE ( 'NONE', #1244, #4366 ) ;
#512 = EDGE_LOOP ( 'NONE', ( #8676, #4475, #4885, #9119 ) ) ;
#513 = ORIENTED_EDGE ( 'NONE', *, *, #5143, .F. ) ;
#514 = EDGE_CURVE ( 'NONE', #8248, #9388, #1440, .T. ) ;
#515 = PRESENTATION_STYLE_ASSIGNMENT (( #2123 ) ) ;
#516 = CARTESIAN_POINT ( 'NONE',  ( 45.00000000000000000, -6.343379209986686362, 33.00999806117455648 ) ) ;
#517 = ORIENTED_EDGE ( 'NONE', *, *, #2104, .F. ) ;
#518 = PLANE ( 'NONE',  #5488 ) ;
#519 = CARTESIAN_POINT ( 'NONE',  ( 45.00000000000000000, -9.400260250672259232, 29.72752967031593485 ) ) ;
#520 = ORIENTED_EDGE ( 'NONE', *, *, #9356, .F. ) ;
#521 = DIRECTION ( 'NONE',  ( -1.000000000000000000, -0.000000000000000000, -0.000000000000000000 ) ) ;
#522 = EDGE_CURVE ( 'NONE', #2678, #996, #3566, .T. ) ;
#523 = CARTESIAN_POINT ( 'NONE',  ( 45.00000000000000000, -10.75488250073236074, -32.44053828763767910 ) ) ;
#524 = EDGE_CURVE ( 'NONE', #1625, #8356, #4477, .T. ) ;
#525 = ORIENTED_EDGE ( 'NONE', *, *, #7691, .T. ) ;
#526 = SURFACE_STYLE_USAGE ( .BOTH. , #2182 ) ;
#527 = EDGE_CURVE ( 'NONE', #7415, #238, #6443, .T. ) ;
#528 = DIRECTION ( 'NONE',  ( 0.000000000000000000, 1.000000000000000000, 0.000000000000000000 ) ) ;
#529 = CARTESIAN_POINT ( 'NONE',  ( 45.00000000000000000, 7.019483222936990785, 32.44053797435041275 ) ) ;
#530 = ORIENTED_EDGE ( 'NONE', *, *, #7783, .T. ) ;
#531 = PRESENTATION_STYLE_ASSIGNMENT (( #5333 ) ) ;
#532 = DIRECTION ( 'NONE',  ( 0.000000000000000000, 0.9848075680949350819, -0.1736492263816335757 ) ) ;
#533 = CARTESIAN_POINT ( 'NONE',  ( 45.00000000000000000, 5.907329529401420309, -32.44053797435039144 ) ) ;
#534 = EDGE_LOOP ( 'NONE', ( #3339, #4554, #2032, #1350 ) ) ;
#535 = VERTEX_POINT ( 'NONE', #653 ) ;
#536 = UNCERTAINTY_MEASURE_WITH_UNIT (LENGTH_MEASURE( 1.000000000000000082E-05 ), #3149, 'distance_accuracy_value', 'NONE');
#537 = SURFACE_STYLE_FILL_AREA ( #5094 ) ;
#538 = EDGE_LOOP ( 'NONE', ( #5495, #6253, #4771, #7596 ) ) ;
#539 = PRESENTATION_LAYER_ASSIGNMENT (  '', '', ( #4663 ) ) ;
#540 = EDGE_CURVE ( 'NONE', #8387, #730, #2152, .T. ) ;
#541 = PLANE ( 'NONE',  #1230 ) ;
#542 = DIRECTION ( 'NONE',  ( 0.000000000000000000, 0.000000000000000000, -1.000000000000000000 ) ) ;
#543 = PRESENTATION_STYLE_ASSIGNMENT (( #690 ) ) ;
#544 =( NAMED_UNIT ( * ) SI_UNIT ( $, .STERADIAN. ) SOLID_ANGLE_UNIT ( ) );
#545 =( NAMED_UNIT ( * ) SI_UNIT ( $, .STERADIAN. ) SOLID_ANGLE_UNIT ( ) );
#546 = DIRECTION ( 'NONE',  ( -1.000000000000000000, -0.000000000000000000, -0.000000000000000000 ) ) ;
#547 = VERTEX_POINT ( 'NONE', #6959 ) ;
#548 = COLOUR_RGB ( '',0.8980392156862745390, 0.9176470588235293713, 0.9294117647058823817 ) ;
#549 = FILL_AREA_STYLE_COLOUR ( '', #7218 ) ;
#550 = VERTEX_POINT ( 'NONE', #8532 ) ;
#551 = PRESENTATION_STYLE_ASSIGNMENT (( #6031 ) ) ;
#552 = CIRCLE ( 'NONE', #2869, 0.3999999110189667029 ) ;
#553 = CARTESIAN_POINT ( 'NONE',  ( 45.00000000000000000, -2.717753207982234187, -32.67945720717744251 ) ) ;
#554 = DIRECTION ( 'NONE',  ( -0.000000000000000000, -0.000000000000000000, -1.000000000000000000 ) ) ;
#555 = EDGE_CURVE ( 'NONE', #4289, #10106, #3038, .T. ) ;
#556 = VECTOR ( 'NONE', #1040, 1000.000000000000000 ) ;
#557 = SURFACE_SIDE_STYLE ('',( #8107 ) ) ;
#558 = CIRCLE ( 'NONE', #891, 0.09999926905917069786 ) ;
#559 = VECTOR ( 'NONE', #5160, 1000.000000000000000 ) ;
#560 = CARTESIAN_POINT ( 'NONE',  ( 45.00000000000000000, -4.967578050862965888, 33.00999795673732251 ) ) ;
#561 = ORIENTED_EDGE ( 'NONE', *, *, #8811, .F. ) ;
#562 = ORIENTED_EDGE ( 'NONE', *, *, #3158, .T. ) ;
#563 = EDGE_LOOP ( 'NONE', ( #382, #3234, #6322, #8851 ) ) ;
#564 = CARTESIAN_POINT ( 'NONE',  ( -45.00000000000000000, 10.75488390276393602, -32.44053828763770753 ) ) ;
#565 = VECTOR ( 'NONE', #7889, 1000.000000000000000 ) ;
#566 = PRESENTATION_LAYER_ASSIGNMENT (  '', '', ( #5024 ) ) ;
#567 = PRESENTATION_LAYER_ASSIGNMENT (  '', '', ( #5349 ) ) ;
#568 = SURFACE_STYLE_USAGE ( .BOTH. , #8359 ) ;
#569 = VECTOR ( 'NONE', #1950, 1000.000000000000114 ) ;
#570 = EDGE_CURVE ( 'NONE', #5689, #1110, #2585, .T. ) ;
#571 = VECTOR ( 'NONE', #1431, 1000.000000000000000 ) ;
#572 = ORIENTED_EDGE ( 'NONE', *, *, #3743, .T. ) ;
#573 = VECTOR ( 'NONE', #7613, 1000.000000000000000 ) ;
#574 = PRESENTATION_LAYER_ASSIGNMENT (  '', '', ( #3869 ) ) ;
#575 = VECTOR ( 'NONE', #7004, 1000.000000000000000 ) ;
#576 = MECHANICAL_DESIGN_GEOMETRIC_PRESENTATION_REPRESENTATION (  '', ( #5038 ), #5494 ) ;
#577 = UNCERTAINTY_MEASURE_WITH_UNIT (LENGTH_MEASURE( 1.000000000000000082E-05 ), #8438, 'distance_accuracy_value', 'NONE');
#578 = COLOUR_RGB ( '',0.8980392156862745390, 0.9176470588235293713, 0.9294117647058823817 ) ;
#579 = DIRECTION ( 'NONE',  ( -0.000000000000000000, 0.9999992123182348536, -0.001255134618152138398 ) ) ;
#580 = ORIENTED_EDGE ( 'NONE', *, *, #5419, .F. ) ;
#581 = VECTOR ( 'NONE', #5866, 1000.000000000000227 ) ;
#582 = CARTESIAN_POINT ( 'NONE',  ( -45.00000000000000000, -5.907328127369614990, 32.44053797435041275 ) ) ;
#583 = FILL_AREA_STYLE ('',( #1468 ) ) ;
#584 = EDGE_CURVE ( 'NONE', #3808, #3726, #1140, .T. ) ;
#585 = FACE_OUTER_BOUND ( 'NONE', #5463, .T. ) ;
#586 =( LENGTH_UNIT ( ) NAMED_UNIT ( * ) SI_UNIT ( .MILLI., .METRE. ) );
#587 = SURFACE_STYLE_FILL_AREA ( #5478 ) ;
#588 = CIRCLE ( 'NONE', #8008, 0.1999999999999918510 ) ;
#589 =( NAMED_UNIT ( * ) PLANE_ANGLE_UNIT ( ) SI_UNIT ( $, .RADIAN. ) );
#590 =( NAMED_UNIT ( * ) SI_UNIT ( $, .STERADIAN. ) SOLID_ANGLE_UNIT ( ) );
#591 = ORIENTED_EDGE ( 'NONE', *, *, #9789, .T. ) ;
#592 = CARTESIAN_POINT ( 'NONE',  ( 45.00000000000000000, -9.181159039132262834, -32.67945762489387818 ) ) ;
#593 =( GEOMETRIC_REPRESENTATION_CONTEXT ( 3 ) GLOBAL_UNCERTAINTY_ASSIGNED_CONTEXT ( ( #2715 ) ) GLOBAL_UNIT_ASSIGNED_CONTEXT ( ( #683, #9355, #2294 ) ) REPRESENTATION_CONTEXT ( 'NONE', 'WORKASPACE' ) );
#594 = CARTESIAN_POINT ( 'NONE',  ( -45.00000000000000000, -8.199282692615588175, -33.00999816560363342 ) ) ;
#595 =( LENGTH_UNIT ( ) NAMED_UNIT ( * ) SI_UNIT ( .MILLI., .METRE. ) );
#596 =( GEOMETRIC_REPRESENTATION_CONTEXT ( 3 ) GLOBAL_UNCERTAINTY_ASSIGNED_CONTEXT ( ( #463 ) ) GLOBAL_UNIT_ASSIGNED_CONTEXT ( ( #5453, #3749, #1491 ) ) REPRESENTATION_CONTEXT ( 'NONE', 'WORKASPACE' ) );
#597 = DIRECTION ( 'NONE',  ( 0.000000000000000000, 1.000000000000000000, 0.000000000000000000 ) ) ;
#598 = CARTESIAN_POINT ( 'NONE',  ( -45.00000000000000000, 16.00000071886211117, -31.00999754738981196 ) ) ;
#599 = DIRECTION ( 'NONE',  ( -1.000000000000000000, -0.000000000000000000, -0.000000000000000000 ) ) ;
#600 =( LENGTH_UNIT ( ) NAMED_UNIT ( * ) SI_UNIT ( .MILLI., .METRE. ) );
#601 = ADVANCED_FACE ( 'NONE', ( #6556 ), #7369, .F. ) ;
#602 = ORIENTED_EDGE ( 'NONE', *, *, #9725, .F. ) ;
#603 = SURFACE_STYLE_FILL_AREA ( #2887 ) ;
#604 = DIRECTION ( 'NONE',  ( -0.000000000000000000, 1.000000000000000000, -0.000000000000000000 ) ) ;
#605 = CARTESIAN_POINT ( 'NONE',  ( 45.00000000000000000, -9.300134739806454220, 31.02000000000002089 ) ) ;
#606 = CIRCLE ( 'NONE', #9170, 0.3999999110189944584 ) ;
#607 = ORIENTED_EDGE ( 'NONE', *, *, #6769, .T. ) ;
#608 = PLANE ( 'NONE',  #1224 ) ;
#609 = LINE ( 'NONE', #4481, #4027 ) ;
#610 =( LENGTH_UNIT ( ) NAMED_UNIT ( * ) SI_UNIT ( .MILLI., .METRE. ) );
#611 = DIRECTION ( 'NONE',  ( 0.000000000000000000, -0.9999999999999900080, -1.419707713996622368E-07 ) ) ;
#612 = PRESENTATION_LAYER_ASSIGNMENT (  '', '', ( #9830 ) ) ;
#613 = ORIENTED_EDGE ( 'NONE', *, *, #9592, .F. ) ;
#614 = ORIENTED_EDGE ( 'NONE', *, *, #8628, .T. ) ;
#615 = ORIENTED_EDGE ( 'NONE', *, *, #8591, .F. ) ;
#616 = EDGE_CURVE ( 'NONE', #2140, #6058, #8204, .T. ) ;
#617 = CARTESIAN_POINT ( 'NONE',  ( 45.00000000000000000, -9.815134150403094893, -33.00999827003273879 ) ) ;
#618 = LINE ( 'NONE', #4745, #7690 ) ;
#619 = VERTEX_POINT ( 'NONE', #7428 ) ;
#620 =( GEOMETRIC_REPRESENTATION_CONTEXT ( 3 ) GLOBAL_UNCERTAINTY_ASSIGNED_CONTEXT ( ( #334 ) ) GLOBAL_UNIT_ASSIGNED_CONTEXT ( ( #9258, #4664, #3079 ) ) REPRESENTATION_CONTEXT ( 'NONE', 'WORKASPACE' ) );
#621 = DIRECTION ( 'NONE',  ( 0.000000000000000000, 0.9848080668959495743, -0.1736463975343656707 ) ) ;
#622 = CARTESIAN_POINT ( 'NONE',  ( 45.00000000000000000, 14.25000067899707901, 28.28824028669469470 ) ) ;
#623 = CARTESIAN_POINT ( 'NONE',  ( 45.00000000000000000, -3.787779518721147820, -32.44053786992127897 ) ) ;
#624 = AXIS2_PLACEMENT_3D ( 'NONE', #3636, #8268, #1264 ) ;
#625 = EDGE_CURVE ( 'NONE', #5391, #2971, #8082, .T. ) ;
#626 = STYLED_ITEM ( 'NONE', ( #2023 ), #8764 ) ;
#627 = SURFACE_SIDE_STYLE ('',( #1516 ) ) ;
#628 = ORIENTED_EDGE ( 'NONE', *, *, #9139, .F. ) ;
#629 = CARTESIAN_POINT ( 'NONE',  ( 45.00000000000000000, -5.907328127369855686, -32.44053797435037723 ) ) ;
#630 = CARTESIAN_POINT ( 'NONE',  ( -45.00000000000000000, 12.39937244555553342, -28.68732974560760596 ) ) ;
#631 = PRESENTATION_LAYER_ASSIGNMENT (  '', '', ( #5092 ) ) ;
#632 = LINE ( 'NONE', #7592, #7340 ) ;
#633 = ORIENTED_EDGE ( 'NONE', *, *, #6428, .F. ) ;
#634 = CARTESIAN_POINT ( 'NONE',  ( -45.00000000000000000, 10.20905849204096683, -32.67945803411199535 ) ) ;
#635 = CARTESIAN_POINT ( 'NONE',  ( 45.00000000000000000, 3.351729721284654850, -32.60999794129484997 ) ) ;
#636 = LINE ( 'NONE', #738, #2288 ) ;
#637 = SURFACE_STYLE_USAGE ( .BOTH. , #5481 ) ;
#638 = EDGE_CURVE ( 'NONE', #2341, #3666, #3372, .T. ) ;
#639 = CIRCLE ( 'NONE', #2298, 2.000000000000008882 ) ;
#640 = VERTEX_POINT ( 'NONE', #8153 ) ;
#641 = VERTEX_POINT ( 'NONE', #8099 ) ;
#642 = UNCERTAINTY_MEASURE_WITH_UNIT (LENGTH_MEASURE( 1.000000000000000082E-05 ), #5181, 'distance_accuracy_value', 'NONE');
#643 = SURFACE_STYLE_FILL_AREA ( #7866 ) ;
#644 = VECTOR ( 'NONE', #8903, 1000.000000000000000 ) ;
#645 = CARTESIAN_POINT ( 'NONE',  ( -45.00000000000000000, 6.583432636859658516, -32.60999815015306069 ) ) ;
#646 = FACE_OUTER_BOUND ( 'NONE', #10008, .T. ) ;
#647 = DIRECTION ( 'NONE',  ( -1.000000000000000000, -0.000000000000000000, -0.000000000000000000 ) ) ;
#648 = SURFACE_SIDE_STYLE ('',( #4577 ) ) ;
#649 = CARTESIAN_POINT ( 'NONE',  ( -45.00000000000000000, -15.99999993022108846, 31.00999744296073501 ) ) ;
#650 = COLOUR_RGB ( '',0.8980392156862745390, 0.9176470588235293713, 0.9294117647058823817 ) ;
#651 = ORIENTED_EDGE ( 'NONE', *, *, #7561, .F. ) ;
#652 = ADVANCED_FACE ( 'NONE', ( #1093 ), #4159, .F. ) ;
#653 = CARTESIAN_POINT ( 'NONE',  ( 45.00000000000000000, 9.181160441163818575, -32.67945762489385686 ) ) ;
#654 = UNCERTAINTY_MEASURE_WITH_UNIT (LENGTH_MEASURE( 1.000000000000000082E-05 ), #1424, 'distance_accuracy_value', 'NONE');
#655 =( NAMED_UNIT ( * ) PLANE_ANGLE_UNIT ( ) SI_UNIT ( $, .RADIAN. ) );
#656 = CARTESIAN_POINT ( 'NONE',  ( 45.00000000000000000, -9.300135148951961028, -29.82752915061867682 ) ) ;
#657 = PLANE ( 'NONE',  #2134 ) ;
#658 = ORIENTED_EDGE ( 'NONE', *, *, #756, .T. ) ;
#659 = LINE ( 'NONE', #4639, #2207 ) ;
#660 = CIRCLE ( 'NONE', #1987, 0.3999999999999767630 ) ;
#661 = ADVANCED_FACE ( 'NONE', ( #397 ), #1187, .T. ) ;
#662 = CARTESIAN_POINT ( 'NONE',  ( -45.00000000000000000, 8.593206420865261208, 32.67945782525420384 ) ) ;
#663 = DIRECTION ( 'NONE',  ( -1.000000000000000000, -0.000000000000000000, -0.000000000000000000 ) ) ;
#664 = FILL_AREA_STYLE_COLOUR ( '', #3052 ) ;
#665 = DIRECTION ( 'NONE',  ( 0.000000000000000000, 0.000000000000000000, -1.000000000000000000 ) ) ;
#666 = ORIENTED_EDGE ( 'NONE', *, *, #5507, .F. ) ;
#667 = CIRCLE ( 'NONE', #9407, 0.3999999110189944584 ) ;
#668 =( NAMED_UNIT ( * ) PLANE_ANGLE_UNIT ( ) SI_UNIT ( $, .RADIAN. ) );
#669 = COLOUR_RGB ( '',0.8980392156862745390, 0.9176470588235293713, 0.9294117647058823817 ) ;
#670 = PRESENTATION_LAYER_ASSIGNMENT (  '', '', ( #9068 ) ) ;
#671 = ORIENTED_EDGE ( 'NONE', *, *, #2685, .T. ) ;
#672 = DIRECTION ( 'NONE',  ( -1.000000000000000000, -0.000000000000000000, -0.000000000000000000 ) ) ;
#673 =( NAMED_UNIT ( * ) SI_UNIT ( $, .STERADIAN. ) SOLID_ANGLE_UNIT ( ) );
#674 = ADVANCED_FACE ( 'NONE', ( #3419 ), #5872, .T. ) ;
#675 = CARTESIAN_POINT ( 'NONE',  ( -45.00000000000000000, 6.583431986834322736, 33.00999795674542980 ) ) ;
#676 = SURFACE_SIDE_STYLE ('',( #1511 ) ) ;
#677 = COLOUR_RGB ( '',0.8980392156862745390, 0.9176470588235293713, 0.9294117647058823817 ) ;
#678 = LINE ( 'NONE', #5227, #7912 ) ;
#679 = UNCERTAINTY_MEASURE_WITH_UNIT (LENGTH_MEASURE( 1.000000000000000082E-05 ), #4151, 'distance_accuracy_value', 'NONE');
#680 = CARTESIAN_POINT ( 'NONE',  ( -45.00000000000000000, -6.343379209986686362, 32.60999806117451527 ) ) ;
#681 = ORIENTED_EDGE ( 'NONE', *, *, #5761, .T. ) ;
#682 = DIRECTION ( 'NONE',  ( -1.000000000000000000, -0.000000000000000000, -0.000000000000000000 ) ) ;
#683 =( LENGTH_UNIT ( ) NAMED_UNIT ( * ) SI_UNIT ( .MILLI., .METRE. ) );
#684 = ADVANCED_FACE ( 'NONE', ( #8142 ), #3467, .T. ) ;
#685 = PRESENTATION_STYLE_ASSIGNMENT (( #1427 ) ) ;
#686 = EDGE_LOOP ( 'NONE', ( #63, #4418, #5348, #5680 ) ) ;
#687 = ORIENTED_EDGE ( 'NONE', *, *, #2177, .F. ) ;
#688 = DIRECTION ( 'NONE',  ( -0.000000000000000000, 0.1736463975343600918, -0.9848080668959504624 ) ) ;
#689 = CARTESIAN_POINT ( 'NONE',  ( 45.00000000000000000, 0.5139499279795723963, -32.67945637160686090 ) ) ;
#690 = SURFACE_STYLE_USAGE ( .BOTH. , #9973 ) ;
#691 = EDGE_CURVE ( 'NONE', #1411, #1787, #7607, .T. ) ;
#692 = DIRECTION ( 'NONE',  ( 0.000000000000000000, 0.1736492263816315218, -0.9848075680949354149 ) ) ;
#693 = PRESENTATION_STYLE_ASSIGNMENT (( #8583 ) ) ;
#694 = PRESENTATION_STYLE_ASSIGNMENT (( #6172 ) ) ;
#695 = CARTESIAN_POINT ( 'NONE',  ( -45.00000000000000000, -9.139031042944736782, 32.44053818320865190 ) ) ;
#696 = DIRECTION ( 'NONE',  ( 0.000000000000000000, 0.000000000000000000, 1.000000000000000000 ) ) ;
#697 = VERTEX_POINT ( 'NONE', #1236 ) ;
#698 = DIRECTION ( 'NONE',  ( 1.000000000000000000, 0.000000000000000000, 0.000000000000000000 ) ) ;
#699 = AXIS2_PLACEMENT_3D ( 'NONE', #2219, #6132, #8496 ) ;
#700 = CARTESIAN_POINT ( 'NONE',  ( 45.00000000000000000, -1.101901750194742569, -32.67945710274835847 ) ) ;
#701 = ORIENTED_EDGE ( 'NONE', *, *, #10012, .T. ) ;
#702 = DIRECTION ( 'NONE',  ( -0.000000000000000000, 0.1736483871528202716, -0.9848077160741707248 ) ) ;
#703 = FILL_AREA_STYLE ('',( #10083 ) ) ;
#704 = FILL_AREA_STYLE_COLOUR ( '', #3224 ) ;
#705 = EDGE_CURVE ( 'NONE', #1953, #2653, #10026, .T. ) ;
#706 = VECTOR ( 'NONE', #2238, 1000.000000000000114 ) ;
#707 = FILL_AREA_STYLE_COLOUR ( '', #4173 ) ;
#708 = VERTEX_POINT ( 'NONE', #9926 ) ;
#709 = VERTEX_POINT ( 'NONE', #5352 ) ;
#710 = COLOUR_RGB ( '',0.8980392156862745390, 0.9176470588235293713, 0.9294117647058823817 ) ;
#711 = SURFACE_SIDE_STYLE ('',( #10144 ) ) ;
#712 = FACE_OUTER_BOUND ( 'NONE', #3579, .T. ) ;
#713 = ORIENTED_EDGE ( 'NONE', *, *, #5546, .F. ) ;
#714 =( NAMED_UNIT ( * ) SI_UNIT ( $, .STERADIAN. ) SOLID_ANGLE_UNIT ( ) );
#715 =( NAMED_UNIT ( * ) SI_UNIT ( $, .STERADIAN. ) SOLID_ANGLE_UNIT ( ) );
#716 = DIRECTION ( 'NONE',  ( -1.000000000000000000, -0.000000000000000000, -0.000000000000000000 ) ) ;
#717 = STYLED_ITEM ( 'NONE', ( #551 ), #2939 ) ;
#718 =( GEOMETRIC_REPRESENTATION_CONTEXT ( 3 ) GLOBAL_UNCERTAINTY_ASSIGNED_CONTEXT ( ( #7551 ) ) GLOBAL_UNIT_ASSIGNED_CONTEXT ( ( #7438, #9280, #365 ) ) REPRESENTATION_CONTEXT ( 'NONE', 'WORKASPACE' ) );
#719 = SURFACE_STYLE_FILL_AREA ( #6204 ) ;
#720 = ORIENTED_EDGE ( 'NONE', *, *, #9741, .T. ) ;
#721 = PRESENTATION_LAYER_ASSIGNMENT (  '', '', ( #6493 ) ) ;
#722 = VECTOR ( 'NONE', #6530, 1000.000000000000000 ) ;
#723 =( LENGTH_UNIT ( ) NAMED_UNIT ( * ) SI_UNIT ( .MILLI., .METRE. ) );
#724 = AXIS2_PLACEMENT_3D ( 'NONE', #1567, #7858, #3919 ) ;
#725 = ADVANCED_FACE ( 'NONE', ( #4478 ), #4530, .T. ) ;
#726 = VECTOR ( 'NONE', #9303, 1000.000000000000000 ) ;
#727 = VECTOR ( 'NONE', #3487, 1000.000000000000000 ) ;
#728 = DIRECTION ( 'NONE',  ( 0.000000000000000000, 0.000000000000000000, -1.000000000000000000 ) ) ;
#729 = AXIS2_PLACEMENT_3D ( 'NONE', #6353, #826, #6555 ) ;
#730 = VERTEX_POINT ( 'NONE', #6904 ) ;
#731 = DIRECTION ( 'NONE',  ( 1.000000000000000000, 0.000000000000000000, 0.000000000000000000 ) ) ;
#732 = LINE ( 'NONE', #8669, #2378 ) ;
#733 = VECTOR ( 'NONE', #5422, 1000.000000000000000 ) ;
#734 = CYLINDRICAL_SURFACE ( 'NONE', #6867, 0.3999999110189875196 ) ;
#735 = MECHANICAL_DESIGN_GEOMETRIC_PRESENTATION_REPRESENTATION (  '', ( #5195 ), #9137 ) ;
#736 = MECHANICAL_DESIGN_GEOMETRIC_PRESENTATION_REPRESENTATION (  '', ( #7985 ), #6849 ) ;
#737 = PRESENTATION_LAYER_ASSIGNMENT (  '', '', ( #6677 ) ) ;
#738 = CARTESIAN_POINT ( 'NONE',  ( -45.00000000000000000, 10.75488328937331417, 32.44053818320866611 ) ) ;
#739 = CARTESIAN_POINT ( 'NONE',  ( 45.00000000000000000, 10.25118613851211791, 32.44053818320866611 ) ) ;
#740 = STYLED_ITEM ( 'NONE', ( #5167 ), #2456 ) ;
#741 = ORIENTED_EDGE ( 'NONE', *, *, #7525, .T. ) ;
#742 = COLOUR_RGB ( '',0.8980392156862745390, 0.9176470588235293713, 0.9294117647058823817 ) ;
#743 = ORIENTED_EDGE ( 'NONE', *, *, #9946, .T. ) ;
#744 = COLOUR_RGB ( '',0.8980392156862745390, 0.9176470588235293713, 0.9294117647058823817 ) ;
#745 = CARTESIAN_POINT ( 'NONE',  ( 45.00000000000000000, 8.078991119203342051E-07, -33.00999660752514586 ) ) ;
#746 = EDGE_CURVE ( 'NONE', #2653, #222, #9728, .T. ) ;
#747 = MECHANICAL_DESIGN_GEOMETRIC_PRESENTATION_REPRESENTATION (  '', ( #2563 ), #2240 ) ;
#748 = CARTESIAN_POINT ( 'NONE',  ( 45.00000000000000000, -5.403630976508653205, -32.44053797435037723 ) ) ;
#749 = PRESENTATION_LAYER_ASSIGNMENT (  '', '', ( #5690 ) ) ;
#750 = SURFACE_STYLE_FILL_AREA ( #2260 ) ;
#751 = DIRECTION ( 'NONE',  ( -1.000000000000000000, -0.000000000000000000, -0.000000000000000000 ) ) ;
#752 = DIRECTION ( 'NONE',  ( -1.000000000000000000, -0.000000000000000000, -0.000000000000000000 ) ) ;
#753 = SURFACE_STYLE_USAGE ( .BOTH. , #5551 ) ;
#754 = ORIENTED_EDGE ( 'NONE', *, *, #5081, .F. ) ;
#755 = DIRECTION ( 'NONE',  ( 0.000000000000000000, 0.000000000000000000, -1.000000000000000000 ) ) ;
#756 = EDGE_CURVE ( 'NONE', #6767, #4948, #2108, .T. ) ;
#757 = CARTESIAN_POINT ( 'NONE',  ( -45.00000000000000000, -15.99999993022107780, -31.00999847889091043 ) ) ;
#758 =( GEOMETRIC_REPRESENTATION_CONTEXT ( 3 ) GLOBAL_UNCERTAINTY_ASSIGNED_CONTEXT ( ( #5940 ) ) GLOBAL_UNIT_ASSIGNED_CONTEXT ( ( #8488, #10133, #2206 ) ) REPRESENTATION_CONTEXT ( 'NONE', 'WORKASPACE' ) );
#759 = SURFACE_SIDE_STYLE ('',( #7834 ) ) ;
#760 = FACE_OUTER_BOUND ( 'NONE', #10098, .T. ) ;
#761 = PLANE ( 'NONE',  #8637 ) ;
#762 = CARTESIAN_POINT ( 'NONE',  ( 45.00000000000000000, -12.80678454343816419, -33.00999847889091399 ) ) ;
#763 = ORIENTED_EDGE ( 'NONE', *, *, #2883, .T. ) ;
#764 = VERTEX_POINT ( 'NONE', #9883 ) ;
#765 = VECTOR ( 'NONE', #5476, 1000.000000000000114 ) ;
#766 = DIRECTION ( 'NONE',  ( 1.000000000000000000, 0.000000000000000000, 0.000000000000000000 ) ) ;
#767 = CARTESIAN_POINT ( 'NONE',  ( -45.00000000000000000, 7.019483222936990785, 32.44053797435041275 ) ) ;
#768 = ADVANCED_FACE ( 'NONE', ( #3654 ), #2157, .T. ) ;
#769 = ORIENTED_EDGE ( 'NONE', *, *, #95, .F. ) ;
#770 = LINE ( 'NONE', #3906, #3920 ) ;
#771 = ORIENTED_EDGE ( 'NONE', *, *, #5402, .T. ) ;
#772 = CARTESIAN_POINT ( 'NONE',  ( 45.00000000000000000, -8.635333892083536966, 32.44053818320865190 ) ) ;
#773 = CARTESIAN_POINT ( 'NONE',  ( 45.00000000000000000, 7.959232069805978860, -32.60999816560366327 ) ) ;
#774 = LINE ( 'NONE', #3910, #5191 ) ;
#775 = DIRECTION ( 'NONE',  ( 1.000000000000000000, 0.000000000000000000, 0.000000000000000000 ) ) ;
#776 = EDGE_LOOP ( 'NONE', ( #5184, #7864, #8749, #3669 ) ) ;
#777 = ORIENTED_EDGE ( 'NONE', *, *, #3322, .F. ) ;
#778 = DIRECTION ( 'NONE',  ( -1.000000000000000000, -0.000000000000000000, -0.000000000000000000 ) ) ;
#779 = LINE ( 'NONE', #1560, #4144 ) ;
#780 = EDGE_CURVE ( 'NONE', #3072, #2374, #8533, .T. ) ;
#781 =( NAMED_UNIT ( * ) SI_UNIT ( $, .STERADIAN. ) SOLID_ANGLE_UNIT ( ) );
#782 = VERTEX_POINT ( 'NONE', #9428 ) ;
#783 = DIRECTION ( 'NONE',  ( -0.000000000000000000, 0.000000000000000000, 1.000000000000000000 ) ) ;
#784 = CARTESIAN_POINT ( 'NONE',  ( 45.00000000000000000, 9.181160441163822128, -32.67945762489385686 ) ) ;
#785 = EDGE_CURVE ( 'NONE', #8728, #3927, #2360, .T. ) ;
#786 =( NAMED_UNIT ( * ) SI_UNIT ( $, .STERADIAN. ) SOLID_ANGLE_UNIT ( ) );
#787 =( NAMED_UNIT ( * ) PLANE_ANGLE_UNIT ( ) SI_UNIT ( $, .RADIAN. ) );
#788 = CIRCLE ( 'NONE', #6559, 0.4000000000000322742 ) ;
#789 = VECTOR ( 'NONE', #3908, 1000.000000000000227 ) ;
#790 = DIRECTION ( 'NONE',  ( 0.000000000000000000, 0.1736483871527849665, 0.9848077160741768310 ) ) ;
#791 = STYLED_ITEM ( 'NONE', ( #10117 ), #8495 ) ;
#792 = FILL_AREA_STYLE ('',( #7863 ) ) ;
#793 = VERTEX_POINT ( 'NONE', #6332 ) ;
#794 = ORIENTED_EDGE ( 'NONE', *, *, #6694, .F. ) ;
#795 =( LENGTH_UNIT ( ) NAMED_UNIT ( * ) SI_UNIT ( .MILLI., .METRE. ) );
#796 = EDGE_CURVE ( 'NONE', #3210, #4289, #5783, .T. ) ;
#797 = DIRECTION ( 'NONE',  ( -1.000000000000000000, -0.000000000000000000, -0.000000000000000000 ) ) ;
#798 = CARTESIAN_POINT ( 'NONE',  ( 45.00000000000000000, 6.343380612018469478, -32.60999806117456501 ) ) ;
#799 = ORIENTED_EDGE ( 'NONE', *, *, #1484, .F. ) ;
#800 = LINE ( 'NONE', #7292, #5592 ) ;
#801 = FACE_OUTER_BOUND ( 'NONE', #1923, .T. ) ;
#802 = AXIS2_PLACEMENT_3D ( 'NONE', #9737, #2779, #453 ) ;
#803 = EDGE_CURVE ( 'NONE', #319, #4136, #6180, .T. ) ;
#804 = PRESENTATION_STYLE_ASSIGNMENT (( #1487 ) ) ;
#805 = VERTEX_POINT ( 'NONE', #7769 ) ;
#806 =( NAMED_UNIT ( * ) PLANE_ANGLE_UNIT ( ) SI_UNIT ( $, .RADIAN. ) );
#807 = VECTOR ( 'NONE', #3066, 1000.000000000000000 ) ;
#808 = PRESENTATION_STYLE_ASSIGNMENT (( #2316 ) ) ;
#809 = PLANE ( 'NONE',  #4606 ) ;
#810 = COLOUR_RGB ( '',0.8980392156862745390, 0.9176470588235293713, 0.9294117647058823817 ) ;
#811 = DIRECTION ( 'NONE',  ( 0.000000000000000000, 0.000000000000000000, -1.000000000000000000 ) ) ;
#812 = DIRECTION ( 'NONE',  ( -1.000000000000000000, -0.000000000000000000, -0.000000000000000000 ) ) ;
#813 = FILL_AREA_STYLE ('',( #7672 ) ) ;
#814 = CIRCLE ( 'NONE', #1977, 1.000000000000007772 ) ;
#815 = CARTESIAN_POINT ( 'NONE',  ( 45.00000000000000000, 8.635335294115236593, -32.44053818320860216 ) ) ;
#816 = EDGE_CURVE ( 'NONE', #2140, #8129, #845, .T. ) ;
#817 = DIRECTION ( 'NONE',  ( -1.000000000000000000, -0.000000000000000000, -0.000000000000000000 ) ) ;
#818 = ORIENTED_EDGE ( 'NONE', *, *, #964, .T. ) ;
#819 = ORIENTED_EDGE ( 'NONE', *, *, #6048, .F. ) ;
#820 = AXIS2_PLACEMENT_3D ( 'NONE', #8790, #4045, #8126 ) ;
#821 = DIRECTION ( 'NONE',  ( 0.000000000000000000, 0.000000000000000000, -1.000000000000000000 ) ) ;
#822 = ORIENTED_EDGE ( 'NONE', *, *, #454, .F. ) ;
#823 = AXIS2_PLACEMENT_3D ( 'NONE', #865, #4695, #5615 ) ;
#824 = VECTOR ( 'NONE', #2141, 1000.000000000000000 ) ;
#825 = DIRECTION ( 'NONE',  ( 1.000000000000000000, 0.000000000000000000, 0.000000000000000000 ) ) ;
#826 = DIRECTION ( 'NONE',  ( 1.000000000000000000, 0.000000000000000000, 0.000000000000000000 ) ) ;
#827 = CARTESIAN_POINT ( 'NONE',  ( -45.00000000000000000, -7.959230667774255252, 33.00999816560367606 ) ) ;
#828 = PRESENTATION_STYLE_ASSIGNMENT (( #6405 ) ) ;
#829 = ORIENTED_EDGE ( 'NONE', *, *, #2170, .T. ) ;
#830 = ADVANCED_FACE ( 'NONE', ( #3839 ), #4784, .F. ) ;
#831 = STYLED_ITEM ( 'NONE', ( #1855 ), #391 ) ;
#833 = STYLED_ITEM ( 'NONE', ( #8377 ), #1014 ) ;
#832 = COLOUR_RGB ( '',0.8980392156862745390, 0.9176470588235293713, 0.9294117647058823817 ) ;
#834 = ORIENTED_EDGE ( 'NONE', *, *, #9686, .F. ) ;
#835 = CARTESIAN_POINT ( 'NONE',  ( -45.00000000000000000, -14.24999956843513260, -28.28824078050312707 ) ) ;
#836 = LINE ( 'NONE', #6510, #8402 ) ;
#837 = DIRECTION ( 'NONE',  ( -0.000000000000000000, 1.000000000000000000, -0.000000000000000000 ) ) ;
#838 = CIRCLE ( 'NONE', #3493, 0.1999999999999918510 ) ;
#839 = CARTESIAN_POINT ( 'NONE',  ( 45.00000000000000000, -14.25000017881387571, 28.28824047302991218 ) ) ;
#840 =( GEOMETRIC_REPRESENTATION_CONTEXT ( 3 ) GLOBAL_UNCERTAINTY_ASSIGNED_CONTEXT ( ( #7585 ) ) GLOBAL_UNIT_ASSIGNED_CONTEXT ( ( #5743, #207, #6426 ) ) REPRESENTATION_CONTEXT ( 'NONE', 'WORKASPACE' ) );
#841 = LINE ( 'NONE', #9456, #5664 ) ;
#842 = CARTESIAN_POINT ( 'NONE',  ( -45.00000000000000000, -11.23426587823768585, -28.41166392474487168 ) ) ;
#843 = EDGE_CURVE ( 'NONE', #1811, #5849, #3895, .T. ) ;
#844 = EDGE_LOOP ( 'NONE', ( #1863, #1008, #22, #3244 ) ) ;
#845 = CIRCLE ( 'NONE', #2163, 0.3999999999996922684 ) ;
#846 = FILL_AREA_STYLE_COLOUR ( '', #3272 ) ;
#847 = CARTESIAN_POINT ( 'NONE',  ( -45.00000000000000000, 7.523180987188937685, -32.44053807877948969 ) ) ;
#848 = ORIENTED_EDGE ( 'NONE', *, *, #3111, .F. ) ;
#849 = EDGE_CURVE ( 'NONE', #2562, #7934, #9528, .T. ) ;
#850 = PRESENTATION_STYLE_ASSIGNMENT (( #1677 ) ) ;
#851 = CARTESIAN_POINT ( 'NONE',  ( -45.00000000000000000, 12.37073474716087951, 32.44053828763777858 ) ) ;
#852 = FILL_AREA_STYLE ('',( #8777 ) ) ;
#853 = ORIENTED_EDGE ( 'NONE', *, *, #7267, .F. ) ;
#854 = CARTESIAN_POINT ( 'NONE',  ( 45.00000000000000000, 9.900134291210605397, -29.72753004611363892 ) ) ;
#855 = EDGE_LOOP ( 'NONE', ( #3450, #777, #1466, #5906 ) ) ;
#856 = CARTESIAN_POINT ( 'NONE',  ( -45.00000000000000000, -4.333604665769748898, -32.67945731160656919 ) ) ;
#857 = ADVANCED_FACE ( 'NONE', ( #2315 ), #10176, .T. ) ;
#858 =( NAMED_UNIT ( * ) SI_UNIT ( $, .STERADIAN. ) SOLID_ANGLE_UNIT ( ) );
#859 = CARTESIAN_POINT ( 'NONE',  ( -45.00000000000000000, -10.30018207335180769, -30.07663355703621733 ) ) ;
#860 = CARTESIAN_POINT ( 'NONE',  ( -45.00000000000000000, -9.300134739806454220, 31.02000000000002089 ) ) ;
#861 = SURFACE_STYLE_USAGE ( .BOTH. , #9386 ) ;
#862 =( GEOMETRIC_REPRESENTATION_CONTEXT ( 3 ) GLOBAL_UNCERTAINTY_ASSIGNED_CONTEXT ( ( #3940 ) ) GLOBAL_UNIT_ASSIGNED_CONTEXT ( ( #9371, #6420, #8432 ) ) REPRESENTATION_CONTEXT ( 'NONE', 'WORKASPACE' ) );
#863 = ORIENTED_EDGE ( 'NONE', *, *, #303, .T. ) ;
#864 = ORIENTED_EDGE ( 'NONE', *, *, #8861, .T. ) ;
#865 = CARTESIAN_POINT ( 'NONE',  ( -45.00000000000000000, -1.495824836624388920, -32.60999774788725603 ) ) ;
#866 = DIRECTION ( 'NONE',  ( -1.000000000000000000, -0.000000000000000000, -0.000000000000000000 ) ) ;
#867 = FACE_OUTER_BOUND ( 'NONE', #1845, .T. ) ;
#868 = EDGE_CURVE ( 'NONE', #4802, #7914, #3409, .T. ) ;
#869 = PLANE ( 'NONE',  #10158 ) ;
#870 = AXIS2_PLACEMENT_3D ( 'NONE', #5685, #6672, #9805 ) ;
#871 = LINE ( 'NONE', #96, #6506 ) ;
#872 = PRESENTATION_STYLE_ASSIGNMENT (( #7939 ) ) ;
#873 = FILL_AREA_STYLE_COLOUR ( '', #9817 ) ;
#874 = VERTEX_POINT ( 'NONE', #5047 ) ;
#875 = MECHANICAL_DESIGN_GEOMETRIC_PRESENTATION_REPRESENTATION (  '', ( #4000 ), #2866 ) ;
#876 = DIRECTION ( 'NONE',  ( 1.000000000000000000, 0.000000000000000000, 0.000000000000000000 ) ) ;
#877 = DIRECTION ( 'NONE',  ( 0.000000000000000000, 0.000000000000000000, -1.000000000000000000 ) ) ;
#878 = LINE ( 'NONE', #9510, #1495 ) ;
#879 = ADVANCED_FACE ( 'NONE', ( #8231 ), #4887, .F. ) ;
#880 = PLANE ( 'NONE',  #4365 ) ;
#881 = EDGE_LOOP ( 'NONE', ( #6244, #1586, #5018, #7108 ) ) ;
#882 = STYLED_ITEM ( 'NONE', ( #4704 ), #3387 ) ;
#883 = SURFACE_STYLE_FILL_AREA ( #7947 ) ;
#884 = SURFACE_STYLE_USAGE ( .BOTH. , #50 ) ;
#885 = SURFACE_SIDE_STYLE ('',( #7035 ) ) ;
#886 = VECTOR ( 'NONE', #797, 1000.000000000000000 ) ;
#887 = SURFACE_SIDE_STYLE ('',( #53 ) ) ;
#888 = COLOUR_RGB ( '',0.8980392156862745390, 0.9176470588235293713, 0.9294117647058823817 ) ;
#889 = VERTEX_POINT ( 'NONE', #9000 ) ;
#890 = CARTESIAN_POINT ( 'NONE',  ( -45.00000000000000000, -6.480134752671421694, -29.07000003054213622 ) ) ;
#891 = AXIS2_PLACEMENT_3D ( 'NONE', #3570, #4379, #5772 ) ;
#892 = AXIS2_PLACEMENT_3D ( 'NONE', #8763, #990, #8013 ) ;
#893 = FACE_OUTER_BOUND ( 'NONE', #8419, .T. ) ;
#894 = CARTESIAN_POINT ( 'NONE',  ( 45.00000000000000000, -7.523179585157176774, 32.44053807877953233 ) ) ;
#895 = MECHANICAL_DESIGN_GEOMETRIC_PRESENTATION_REPRESENTATION (  '', ( #6483 ), #8462 ) ;
#896 = ORIENTED_EDGE ( 'NONE', *, *, #4183, .F. ) ;
#897 = VERTEX_POINT ( 'NONE', #1070 ) ;
#898 = EDGE_CURVE ( 'NONE', #3124, #3017, #660, .T. ) ;
#899 = CARTESIAN_POINT ( 'NONE',  ( -45.00000000000000000, 9.815135552434679056, -32.60999835901127852 ) ) ;
#900 = COLOUR_RGB ( '',0.8980392156862745390, 0.9176470588235293713, 0.9294117647058823817 ) ;
#901 = SURFACE_STYLE_FILL_AREA ( #4880 ) ;
#902 =( NAMED_UNIT ( * ) SI_UNIT ( $, .STERADIAN. ) SOLID_ANGLE_UNIT ( ) );
#903 = VECTOR ( 'NONE', #5917, 1000.000000000000227 ) ;
#904 = SURFACE_SIDE_STYLE ('',( #1740 ) ) ;
#905 = DIRECTION ( 'NONE',  ( -1.000000000000000000, -0.000000000000000000, -0.000000000000000000 ) ) ;
#906 = PRESENTATION_LAYER_ASSIGNMENT (  '', '', ( #7656 ) ) ;
#907 = VECTOR ( 'NONE', #1030, 1000.000000000000114 ) ;
#908 = MECHANICAL_DESIGN_GEOMETRIC_PRESENTATION_REPRESENTATION (  '', ( #1903 ), #5527 ) ;
#909 = ORIENTED_EDGE ( 'NONE', *, *, #9523, .F. ) ;
#910 =( GEOMETRIC_REPRESENTATION_CONTEXT ( 3 ) GLOBAL_UNCERTAINTY_ASSIGNED_CONTEXT ( ( #7346 ) ) GLOBAL_UNIT_ASSIGNED_CONTEXT ( ( #4138, #1890, #6383 ) ) REPRESENTATION_CONTEXT ( 'NONE', 'WORKASPACE' ) );
#911 = CARTESIAN_POINT ( 'NONE',  ( -45.00000000000000000, -12.41286131668016068, 32.67945703790467604 ) ) ;
#912 =( GEOMETRIC_REPRESENTATION_CONTEXT ( 3 ) GLOBAL_UNCERTAINTY_ASSIGNED_CONTEXT ( ( #1165 ) ) GLOBAL_UNIT_ASSIGNED_CONTEXT ( ( #4364, #8945, #5918 ) ) REPRESENTATION_CONTEXT ( 'NONE', 'WORKASPACE' ) );
#913 = DIRECTION ( 'NONE',  ( 0.000000000000000000, -0.9848075680949424093, 0.1736492263815920256 ) ) ;
#914 = EDGE_CURVE ( 'NONE', #9255, #2759, #4991, .T. ) ;
#915 = FILL_AREA_STYLE ('',( #7982 ) ) ;
#916 = DIRECTION ( 'NONE',  ( -1.000000000000000000, -0.000000000000000000, -0.000000000000000000 ) ) ;
#917 = DIRECTION ( 'NONE',  ( -1.000000000000000000, -0.000000000000000000, -0.000000000000000000 ) ) ;
#918 = VERTEX_POINT ( 'NONE', #7347 ) ;
#919 = VECTOR ( 'NONE', #8836, 1000.000000000000000 ) ;
#920 = DIRECTION ( 'NONE',  ( -0.000000000000000000, 1.000000000000000000, -0.000000000000000000 ) ) ;
#921 = DIRECTION ( 'NONE',  ( 0.000000000000000000, 1.078855964205159927E-08, -0.9999999999999998890 ) ) ;
#922 = PRESENTATION_STYLE_ASSIGNMENT (( #5617 ) ) ;
#923 = VECTOR ( 'NONE', #1707, 1000.000000000000000 ) ;
#924 = CARTESIAN_POINT ( 'NONE',  ( 45.00000000000000000, -11.30013420145151848, -30.08641831604780492 ) ) ;
#925 = CARTESIAN_POINT ( 'NONE',  ( 45.00000000000000000, -3.787779518721147820, -32.44053786992127897 ) ) ;
#926 = DIRECTION ( 'NONE',  ( 1.000000000000000000, 0.000000000000000000, 0.000000000000000000 ) ) ;
#927 = LINE ( 'NONE', #1765, #9506 ) ;
#928 = AXIS2_PLACEMENT_3D ( 'NONE', #605, #7770, #7875 ) ;
#929 = DIRECTION ( 'NONE',  ( 0.000000000000000000, 1.000000000000000000, 0.000000000000000000 ) ) ;
#930 = EDGE_CURVE ( 'NONE', #6479, #9997, #6583, .T. ) ;
#931 = PRESENTATION_STYLE_ASSIGNMENT (( #4118 ) ) ;
#932 = ORIENTED_EDGE ( 'NONE', *, *, #4043, .T. ) ;
#933 = PRESENTATION_STYLE_ASSIGNMENT (( #6414 ) ) ;
#934 = COLOUR_RGB ( '',0.8980392156862745390, 0.9176470588235293713, 0.9294117647058823817 ) ;
#935 = CARTESIAN_POINT ( 'NONE',  ( 45.00000000000000000, -9.300134739806454220, 31.02000000000002089 ) ) ;
#936 = ORIENTED_EDGE ( 'NONE', *, *, #9686, .T. ) ;
#937 =( NAMED_UNIT ( * ) SI_UNIT ( $, .STERADIAN. ) SOLID_ANGLE_UNIT ( ) );
#938 = CARTESIAN_POINT ( 'NONE',  ( 45.00000000000000000, 12.41286210532141965, 32.67945693347553515 ) ) ;
#939 = CIRCLE ( 'NONE', #6720, 0.3999999110189667029 ) ;
#940 = DIRECTION ( 'NONE',  ( -1.000000000000000000, -0.000000000000000000, -0.000000000000000000 ) ) ;
#941 = ORIENTED_EDGE ( 'NONE', *, *, #2673, .T. ) ;
#942 = VERTEX_POINT ( 'NONE', #7458 ) ;
#943 = ORIENTED_EDGE ( 'NONE', *, *, #9957, .F. ) ;
#944 = DIRECTION ( 'NONE',  ( 0.000000000000000000, 0.000000000000000000, 1.000000000000000000 ) ) ;
#945 = LINE ( 'NONE', #9473, #5178 ) ;
#946 = CARTESIAN_POINT ( 'NONE',  ( 45.00000000000000000, -11.23426587823768585, -28.41166392474487168 ) ) ;
#947 = ORIENTED_EDGE ( 'NONE', *, *, #2293, .T. ) ;
#948 = AXIS2_PLACEMENT_3D ( 'NONE', #9569, #5637, #8768 ) ;
#949 = CARTESIAN_POINT ( 'NONE',  ( 45.00000000000000000, 6.343380612018469478, -33.00999806117454227 ) ) ;
#950 = CARTESIAN_POINT ( 'NONE',  ( 45.00000000000000000, 10.80018291731193081, 30.07663308736904639 ) ) ;
#951 = ADVANCED_FACE ( 'NONE', ( #1173 ), #4302, .F. ) ;
#952 = CARTESIAN_POINT ( 'NONE',  ( 45.00000000000000000, 9.800134291210595094, -31.02000040005234283 ) ) ;
#953 = ORIENTED_EDGE ( 'NONE', *, *, #6694, .T. ) ;
#954 = UNCERTAINTY_MEASURE_WITH_UNIT (LENGTH_MEASURE( 1.000000000000000082E-05 ), #6700, 'distance_accuracy_value', 'NONE');
#955 = DIRECTION ( 'NONE',  ( -1.000000000000000000, -0.000000000000000000, -0.000000000000000000 ) ) ;
#956 = CIRCLE ( 'NONE', #464, 0.3999999999999767630 ) ;
#957 =( LENGTH_UNIT ( ) NAMED_UNIT ( * ) SI_UNIT ( .MILLI., .METRE. ) );
#958 = COLOUR_RGB ( '',0.8980392156862745390, 0.9176470588235293713, 0.9294117647058823817 ) ;
#959 = SURFACE_STYLE_FILL_AREA ( #2517 ) ;
#960 = CARTESIAN_POINT ( 'NONE',  ( 45.00000000000000000, -13.99999993022134248, 31.00999744296073501 ) ) ;
#961 = COLOUR_RGB ( '',0.8980392156862745390, 0.9176470588235293713, 0.9294117647058823817 ) ;
#962 = CARTESIAN_POINT ( 'NONE',  ( 45.00000000000000000, 14.25000067899707901, 28.28824028669469470 ) ) ;
#963 = LINE ( 'NONE', #233, #7070 ) ;
#964 = EDGE_CURVE ( 'NONE', #1776, #2818, #8476, .T. ) ;
#965 = AXIS2_PLACEMENT_3D ( 'NONE', #4369, #9008, #1284 ) ;
#966 = ORIENTED_EDGE ( 'NONE', *, *, #1785, .T. ) ;
#967 = DIRECTION ( 'NONE',  ( -1.000000000000000000, -0.000000000000000000, -0.000000000000000000 ) ) ;
#968 = CARTESIAN_POINT ( 'NONE',  ( 45.00000000000000000, 12.80678533207917447, 32.60999837446190242 ) ) ;
#969 = MECHANICAL_DESIGN_GEOMETRIC_PRESENTATION_REPRESENTATION (  '', ( #4770 ), #1638 ) ;
#970 = CARTESIAN_POINT ( 'NONE',  ( 45.00000000000000000, 0.1200269883714016744, -33.00999660752465559 ) ) ;
#971 = ADVANCED_FACE ( 'NONE', ( #9869 ), #9155, .F. ) ;
#972 = CARTESIAN_POINT ( 'NONE',  ( 45.00000000000000000, 9.139031831585761267, 32.44053807877953943 ) ) ;
#973 = MECHANICAL_DESIGN_GEOMETRIC_PRESENTATION_REPRESENTATION (  '', ( #9707 ), #9861 ) ;
#974 = LINE ( 'NONE', #1655, #2058 ) ;
#975 = DIRECTION ( 'NONE',  ( -1.000000000000000000, -0.000000000000000000, -0.000000000000000000 ) ) ;
#976 =( NAMED_UNIT ( * ) SI_UNIT ( $, .STERADIAN. ) SOLID_ANGLE_UNIT ( ) );
#977 = ORIENTED_EDGE ( 'NONE', *, *, #9879, .T. ) ;
#978 = VECTOR ( 'NONE', #9156, 1000.000000000000000 ) ;
#979 = FILL_AREA_STYLE_COLOUR ( '', #4996 ) ;
#980 = PRESENTATION_STYLE_ASSIGNMENT (( #143 ) ) ;
#981 = AXIS2_PLACEMENT_3D ( 'NONE', #4812, #9459, #2399 ) ;
#982 = DIRECTION ( 'NONE',  ( 1.000000000000000000, 0.000000000000000000, 0.000000000000000000 ) ) ;
#983 = EDGE_CURVE ( 'NONE', #1550, #8817, #3737, .T. ) ;
#984 = CARTESIAN_POINT ( 'NONE',  ( -45.00000000000000000, 9.575083527593475807, -33.00999827003276010 ) ) ;
#985 = PLANE ( 'NONE',  #6988 ) ;
#986 = FACE_OUTER_BOUND ( 'NONE', #4692, .T. ) ;
#987 = AXIS2_PLACEMENT_3D ( 'NONE', #8985, #2751, #1108 ) ;
#988 = ORIENTED_EDGE ( 'NONE', *, *, #2613, .F. ) ;
#989 =( GEOMETRIC_REPRESENTATION_CONTEXT ( 3 ) GLOBAL_UNCERTAINTY_ASSIGNED_CONTEXT ( ( #9627 ) ) GLOBAL_UNIT_ASSIGNED_CONTEXT ( ( #723, #7171, #6206 ) ) REPRESENTATION_CONTEXT ( 'NONE', 'WORKASPACE' ) );
#990 = DIRECTION ( 'NONE',  ( 1.000000000000000000, 0.000000000000000000, 0.000000000000000000 ) ) ;
#991 =( NAMED_UNIT ( * ) PLANE_ANGLE_UNIT ( ) SI_UNIT ( $, .RADIAN. ) );
#992 =( NAMED_UNIT ( * ) PLANE_ANGLE_UNIT ( ) SI_UNIT ( $, .RADIAN. ) );
#993 = SURFACE_STYLE_FILL_AREA ( #7383 ) ;
#994 = PRESENTATION_STYLE_ASSIGNMENT (( #5026 ) ) ;
#995 = FILL_AREA_STYLE ('',( #113 ) ) ;
#996 = VERTEX_POINT ( 'NONE', #4408 ) ;
#997 = MECHANICAL_DESIGN_GEOMETRIC_PRESENTATION_REPRESENTATION (  '', ( #831 ), #7416 ) ;
#999 = AXIS2_PLACEMENT_3D ( 'NONE', #8551, #6245, #5368 ) ;
#998 = STYLED_ITEM ( 'NONE', ( #1091 ), #9808 ) ;
#1000 = MECHANICAL_DESIGN_GEOMETRIC_PRESENTATION_REPRESENTATION (  '', ( #506 ), #7582 ) ;
#1001 = ORIENTED_EDGE ( 'NONE', *, *, #3464, .F. ) ;
#1002 = ORIENTED_EDGE ( 'NONE', *, *, #5375, .T. ) ;
#1003 = FILL_AREA_STYLE ('',( #5694 ) ) ;
#1004 = EDGE_CURVE ( 'NONE', #6328, #6266, #8281, .T. ) ;
#1005 = CARTESIAN_POINT ( 'NONE',  ( 45.00000000000000000, 11.43098639683158879, 32.60999835901128563 ) ) ;
#1006 = CARTESIAN_POINT ( 'NONE',  ( 45.00000000000000000, 6.583432636859658516, -32.60999815015306069 ) ) ;
#1007 = MECHANICAL_DESIGN_GEOMETRIC_PRESENTATION_REPRESENTATION (  '', ( #7586 ), #5956 ) ;
#1008 = ORIENTED_EDGE ( 'NONE', *, *, #1026, .F. ) ;
#1009 = SURFACE_STYLE_FILL_AREA ( #3984 ) ;
#1010 = CARTESIAN_POINT ( 'NONE',  ( 45.00000000000000000, -4.727527752199391919, -32.60999795674545254 ) ) ;
#1011 = ORIENTED_EDGE ( 'NONE', *, *, #4551, .T. ) ;
#1012 =( LENGTH_UNIT ( ) NAMED_UNIT ( * ) SI_UNIT ( .MILLI., .METRE. ) );
#1013 = LINE ( 'NONE', #7597, #6093 ) ;
#1014 = ADVANCED_FACE ( 'NONE', ( #4357 ), #1428, .T. ) ;
#1015 =( LENGTH_UNIT ( ) NAMED_UNIT ( * ) SI_UNIT ( .MILLI., .METRE. ) );
#1016 = DIRECTION ( 'NONE',  ( -1.000000000000000000, -0.000000000000000000, -0.000000000000000000 ) ) ;
#1017 = LINE ( 'NONE', #5608, #10125 ) ;
#1018 = PRESENTATION_STYLE_ASSIGNMENT (( #7301 ) ) ;
#1019 = PRESENTATION_STYLE_ASSIGNMENT (( #6393 ) ) ;
#1020 = PLANE ( 'NONE',  #5025 ) ;
#1021 = ORIENTED_EDGE ( 'NONE', *, *, #4150, .F. ) ;
#1022 = CIRCLE ( 'NONE', #8920, 0.3999999110189667029 ) ;
#1023 = DIRECTION ( 'NONE',  ( -1.000000000000000000, -0.000000000000000000, -0.000000000000000000 ) ) ;
#1024 = SURFACE_SIDE_STYLE ('',( #6550 ) ) ;
#1025 = DIRECTION ( 'NONE',  ( 0.000000000000000000, -0.1736483871527953471, -0.9848077160741750546 ) ) ;
#1026 = EDGE_CURVE ( 'NONE', #3751, #5515, #7174, .T. ) ;
#1027 = EDGE_LOOP ( 'NONE', ( #9751, #7593, #1556, #1220 ) ) ;
#1028 = DIRECTION ( 'NONE',  ( 0.000000000000000000, 0.9848075680949354149, -0.1736492263816315218 ) ) ;
#1029 = FACE_OUTER_BOUND ( 'NONE', #7619, .T. ) ;
#1030 = DIRECTION ( 'NONE',  ( 0.000000000000000000, -0.1736483871527098322, -0.9848077160741900427 ) ) ;
#1031 = EDGE_LOOP ( 'NONE', ( #2188, #5943, #7686, #1349 ) ) ;
#1032 =( LENGTH_UNIT ( ) NAMED_UNIT ( * ) SI_UNIT ( .MILLI., .METRE. ) );
#1033 = PRESENTATION_STYLE_ASSIGNMENT (( #1768 ) ) ;
#1034 = DIRECTION ( 'NONE',  ( -1.000000000000000000, -0.000000000000000000, -0.000000000000000000 ) ) ;
#1035 = VERTEX_POINT ( 'NONE', #101 ) ;
#1036 = FACE_OUTER_BOUND ( 'NONE', #8205, .T. ) ;
#1037 = UNCERTAINTY_MEASURE_WITH_UNIT (LENGTH_MEASURE( 1.000000000000000082E-05 ), #1, 'distance_accuracy_value', 'NONE');
#1038 = DIRECTION ( 'NONE',  ( -0.000000000000000000, 1.000000000000000000, -0.000000000000000000 ) ) ;
#1039 = SURFACE_STYLE_USAGE ( .BOTH. , #1717 ) ;
#1040 = DIRECTION ( 'NONE',  ( -1.000000000000000000, -0.000000000000000000, -0.000000000000000000 ) ) ;
#1041 = VERTEX_POINT ( 'NONE', #3327 ) ;
#1042 =( NAMED_UNIT ( * ) PLANE_ANGLE_UNIT ( ) SI_UNIT ( $, .RADIAN. ) );
#1043 = EDGE_CURVE ( 'NONE', #3057, #5291, #9401, .T. ) ;
#1044 = PLANE ( 'NONE',  #5283 ) ;
#1045 = SURFACE_STYLE_USAGE ( .BOTH. , #5735 ) ;
#1046 = DIRECTION ( 'NONE',  ( -0.000000000000000000, 0.1736492263815952453, 0.9848075680949418542 ) ) ;
#1047 = CARTESIAN_POINT ( 'NONE',  ( 45.00000000000000000, 11.80013504562275095, 30.08641782480464499 ) ) ;
#1048 = LINE ( 'NONE', #2505, #1641 ) ;
#1049 = VERTEX_POINT ( 'NONE', #1664 ) ;
#1050 = EDGE_LOOP ( 'NONE', ( #4604, #3682, #4127, #7911 ) ) ;
#1051 = COLOUR_RGB ( '',0.8980392156862745390, 0.9176470588235293713, 0.9294117647058823817 ) ;
#1052 = STYLED_ITEM ( 'NONE', ( #323 ), #4303 ) ;
#1053 = VERTEX_POINT ( 'NONE', #8818 ) ;
#1054 = CARTESIAN_POINT ( 'NONE',  ( 45.00000000000000000, -1.735876861465577958, -32.60999783686574460 ) ) ;
#1055 =( GEOMETRIC_REPRESENTATION_CONTEXT ( 3 ) GLOBAL_UNCERTAINTY_ASSIGNED_CONTEXT ( ( #2811 ) ) GLOBAL_UNIT_ASSIGNED_CONTEXT ( ( #4251, #1849, #9772 ) ) REPRESENTATION_CONTEXT ( 'NONE', 'WORKASPACE' ) );
#1056 = FILL_AREA_STYLE ('',( #4236 ) ) ;
#1057 = DIRECTION ( 'NONE',  ( 1.000000000000000000, 0.000000000000000000, -0.000000000000000000 ) ) ;
#1058 = PRESENTATION_LAYER_ASSIGNMENT (  '', '', ( #8617 ) ) ;
#1059 = STYLED_ITEM ( 'NONE', ( #5263 ), #7845 ) ;
#1060 = UNCERTAINTY_MEASURE_WITH_UNIT (LENGTH_MEASURE( 1.000000000000000082E-05 ), #5773, 'distance_accuracy_value', 'NONE');
#1061 = ORIENTED_EDGE ( 'NONE', *, *, #1207, .T. ) ;
#1062 = CIRCLE ( 'NONE', #396, 1.999999999999425793 ) ;
#1063 = CARTESIAN_POINT ( 'NONE',  ( 45.00000000000000000, -9.300134418011170467, -29.82752915061867682 ) ) ;
#1064 = SURFACE_STYLE_USAGE ( .BOTH. , #7921 ) ;
#1065 = STYLED_ITEM ( 'NONE', ( #5820 ), #3702 ) ;
#1066 = SURFACE_STYLE_USAGE ( .BOTH. , #1844 ) ;
#1067 = VERTEX_POINT ( 'NONE', #3028 ) ;
#1068 = EDGE_CURVE ( 'NONE', #640, #6380, #836, .T. ) ;
#1069 = UNCERTAINTY_MEASURE_WITH_UNIT (LENGTH_MEASURE( 1.000000000000000082E-05 ), #2881, 'distance_accuracy_value', 'NONE');
#1070 = CARTESIAN_POINT ( 'NONE',  ( 45.00000000000000000, 1.059775156038909483, -32.44053766106308245 ) ) ;
#1071 = VECTOR ( 'NONE', #7902, 1000.000000000000000 ) ;
#1072 = SURFACE_SIDE_STYLE ('',( #3350 ) ) ;
#1073 =( GEOMETRIC_REPRESENTATION_CONTEXT ( 3 ) GLOBAL_UNCERTAINTY_ASSIGNED_CONTEXT ( ( #3552 ) ) GLOBAL_UNIT_ASSIGNED_CONTEXT ( ( #4097, #9536, #6392 ) ) REPRESENTATION_CONTEXT ( 'NONE', 'WORKASPACE' ) );
#1074 = MECHANICAL_DESIGN_GEOMETRIC_PRESENTATION_REPRESENTATION (  '', ( #9642 ), #4021 ) ;
#1075 = FILL_AREA_STYLE ('',( #3649 ) ) ;
#1076 = CARTESIAN_POINT ( 'NONE',  ( 45.00000000000000000, -12.80678489071173409, 33.00999847889072214 ) ) ;
#1077 = LINE ( 'NONE', #3352, #8164 ) ;
#1078 = DIRECTION ( 'NONE',  ( -1.000000000000000000, -0.000000000000000000, -0.000000000000000000 ) ) ;
#1079 = CARTESIAN_POINT ( 'NONE',  ( 45.00000000000000000, -15.99999993022108846, 31.00999744296073501 ) ) ;
#1080 = MECHANICAL_DESIGN_GEOMETRIC_PRESENTATION_REPRESENTATION (  '', ( #9954 ), #2538 ) ;
#1081 = ORIENTED_EDGE ( 'NONE', *, *, #8411, .F. ) ;
#1082 = ADVANCED_FACE ( 'NONE', ( #191 ), #4117, .F. ) ;
#1083 = PRESENTATION_LAYER_ASSIGNMENT (  '', '', ( #5038 ) ) ;
#1084 = VECTOR ( 'NONE', #837, 1000.000000000000000 ) ;
#1085 = DIRECTION ( 'NONE',  ( -1.000000000000000000, -0.000000000000000000, -0.000000000000000000 ) ) ;
#1086 = AXIS2_PLACEMENT_3D ( 'NONE', #6853, #2355, #4627 ) ;
#1087 = VECTOR ( 'NONE', #702, 999.9999999999998863 ) ;
#1088 = ORIENTED_EDGE ( 'NONE', *, *, #9698, .F. ) ;
#1089 = LINE ( 'NONE', #9331, #2215 ) ;
#1090 = LINE ( 'NONE', #4210, #4180 ) ;
#1091 = PRESENTATION_STYLE_ASSIGNMENT (( #6507 ) ) ;
#1092 = DIRECTION ( 'NONE',  ( 1.000000000000000000, 0.000000000000000000, 0.000000000000000000 ) ) ;
#1093 = FACE_OUTER_BOUND ( 'NONE', #3907, .T. ) ;
#1094 = ORIENTED_EDGE ( 'NONE', *, *, #1936, .F. ) ;
#1095 = EDGE_CURVE ( 'NONE', #4386, #942, #878, .T. ) ;
#1096 = PRESENTATION_STYLE_ASSIGNMENT (( #8308 ) ) ;
#1097 = MECHANICAL_DESIGN_GEOMETRIC_PRESENTATION_REPRESENTATION (  '', ( #5871 ), #593 ) ;
#1098 = SURFACE_STYLE_USAGE ( .BOTH. , #5784 ) ;
#1099 = ORIENTED_EDGE ( 'NONE', *, *, #4992, .T. ) ;
#1100 = CARTESIAN_POINT ( 'NONE',  ( -45.00000000000000000, -7.019482434295976958, 32.44053807877953233 ) ) ;
#1101 = LINE ( 'NONE', #150, #9123 ) ;
#1102 = PRESENTATION_LAYER_ASSIGNMENT (  '', '', ( #9974 ) ) ;
#1103 = ORIENTED_EDGE ( 'NONE', *, *, #1259, .T. ) ;
#1104 = DIRECTION ( 'NONE',  ( 0.000000000000000000, 0.000000000000000000, -1.000000000000000000 ) ) ;
#1105 = CARTESIAN_POINT ( 'NONE',  ( -45.00000000000000000, 7.565308369985570103, 32.67945741603563192 ) ) ;
#1106 = ADVANCED_FACE ( 'NONE', ( #3375 ), #3218, .F. ) ;
#1107 = FACE_OUTER_BOUND ( 'NONE', #7351, .T. ) ;
#1108 = DIRECTION ( 'NONE',  ( 1.000000000000000000, 0.000000000000000000, -0.000000000000000000 ) ) ;
#1109 = ORIENTED_EDGE ( 'NONE', *, *, #691, .F. ) ;
#1110 = VERTEX_POINT ( 'NONE', #2683 ) ;
#1111 = AXIS2_PLACEMENT_3D ( 'NONE', #2393, #783, #731 ) ;
#1112 = LINE ( 'NONE', #2085, #3609 ) ;
#1113 = ORIENTED_EDGE ( 'NONE', *, *, #3168, .F. ) ;
#1114 = ADVANCED_FACE ( 'NONE', ( #8972 ), #2739, .F. ) ;
#1115 = FACE_OUTER_BOUND ( 'NONE', #8379, .T. ) ;
#1116 = LINE ( 'NONE', #4133, #4338 ) ;
#1117 = ORIENTED_EDGE ( 'NONE', *, *, #9363, .F. ) ;
#1118 = CARTESIAN_POINT ( 'NONE',  ( 45.00000000000000000, 9.181160441163822128, -32.67945762489385686 ) ) ;
#1119 = PLANE ( 'NONE',  #6521 ) ;
#1120 = VERTEX_POINT ( 'NONE', #5117 ) ;
#1121 = DIRECTION ( 'NONE',  ( 0.000000000000000000, 0.000000000000000000, 1.000000000000000000 ) ) ;
#1122 = EDGE_CURVE ( 'NONE', #2020, #4948, #359, .T. ) ;
#1123 = DIRECTION ( 'NONE',  ( 0.000000000000000000, 0.000000000000000000, -1.000000000000000000 ) ) ;
#1124 =( LENGTH_UNIT ( ) NAMED_UNIT ( * ) SI_UNIT ( .MILLI., .METRE. ) );
#1125 = CARTESIAN_POINT ( 'NONE',  ( 45.00000000000000000, -11.30013420145151848, -30.08641831604780492 ) ) ;
#1126 = CARTESIAN_POINT ( 'NONE',  ( -45.00000000000000000, 10.80145147428094177, -29.72866197357683404 ) ) ;
#1127 = CARTESIAN_POINT ( 'NONE',  ( 45.00000000000000000, 14.00000071886208275, 31.00999837446189034 ) ) ;
#1128 = ORIENTED_EDGE ( 'NONE', *, *, #7641, .T. ) ;
#1129 = VECTOR ( 'NONE', #9904, 1000.000000000000000 ) ;
#1130 = VECTOR ( 'NONE', #3363, 1000.000000000000000 ) ;
#1131 =( NAMED_UNIT ( * ) PLANE_ANGLE_UNIT ( ) SI_UNIT ( $, .RADIAN. ) );
#1132 = AXIS2_PLACEMENT_3D ( 'NONE', #3024, #8575, #5387 ) ;
#1133 = ORIENTED_EDGE ( 'NONE', *, *, #4370, .T. ) ;
#1134 = PRESENTATION_LAYER_ASSIGNMENT (  '', '', ( #5257 ) ) ;
#1135 = DIRECTION ( 'NONE',  ( -1.000000000000000000, -0.000000000000000000, -0.000000000000000000 ) ) ;
#1136 = CARTESIAN_POINT ( 'NONE',  ( 45.00000000000000000, 16.00000071886211117, 31.00999837446186191 ) ) ;
#1137 = ADVANCED_FACE ( 'NONE', ( #1036, #5009 ), #6772, .T. ) ;
#1138 = STYLED_ITEM ( 'NONE', ( #155 ), #8733 ) ;
#1139 = CARTESIAN_POINT ( 'NONE',  ( 45.00000000000000000, -9.815134150403006075, 32.60999835901127852 ) ) ;
#1140 = LINE ( 'NONE', #7276, #8565 ) ;
#1141 = ORIENTED_EDGE ( 'NONE', *, *, #3268, .F. ) ;
#1142 = UNCERTAINTY_MEASURE_WITH_UNIT (LENGTH_MEASURE( 1.000000000000000082E-05 ), #4491, 'distance_accuracy_value', 'NONE');
#1143 =( LENGTH_UNIT ( ) NAMED_UNIT ( * ) SI_UNIT ( .MILLI., .METRE. ) );
#1144 = FILL_AREA_STYLE ('',( #3628 ) ) ;
#1145 = EDGE_CURVE ( 'NONE', #4244, #764, #462, .T. ) ;
#1146 = DIRECTION ( 'NONE',  ( -1.000000000000000000, -0.000000000000000000, -0.000000000000000000 ) ) ;
#1147 = PRESENTATION_LAYER_ASSIGNMENT (  '', '', ( #2974 ) ) ;
#1148 = ORIENTED_EDGE ( 'NONE', *, *, #3489, .T. ) ;
#1149 =( LENGTH_UNIT ( ) NAMED_UNIT ( * ) SI_UNIT ( .MILLI., .METRE. ) );
#1150 = VECTOR ( 'NONE', #3392, 1000.000000000000000 ) ;
#1151 = DIRECTION ( 'NONE',  ( 1.000000000000000000, 0.000000000000000000, 0.000000000000000000 ) ) ;
#1152 = PRESENTATION_STYLE_ASSIGNMENT (( #8925 ) ) ;
#1153 = CARTESIAN_POINT ( 'NONE',  ( 45.00000000000000000, 9.575082914202827311, 32.60999816560364195 ) ) ;
#1154 = UNCERTAINTY_MEASURE_WITH_UNIT (LENGTH_MEASURE( 1.000000000000000082E-05 ), #5138, 'distance_accuracy_value', 'NONE');
#1155 = SURFACE_STYLE_USAGE ( .BOTH. , #6676 ) ;
#1156 = CIRCLE ( 'NONE', #2633, 0.5000000000000004441 ) ;
#1157 = ORIENTED_EDGE ( 'NONE', *, *, #785, .F. ) ;
#1158 = DIRECTION ( 'NONE',  ( 0.000000000000000000, 0.9999992123317761328, 0.001255123829539990651 ) ) ;
#1159 = ORIENTED_EDGE ( 'NONE', *, *, #4224, .T. ) ;
#1160 = AXIS2_PLACEMENT_3D ( 'NONE', #7064, #2479, #9440 ) ;
#1161 =( GEOMETRIC_REPRESENTATION_CONTEXT ( 3 ) GLOBAL_UNCERTAINTY_ASSIGNED_CONTEXT ( ( #654 ) ) GLOBAL_UNIT_ASSIGNED_CONTEXT ( ( #1424, #3825, #5386 ) ) REPRESENTATION_CONTEXT ( 'NONE', 'WORKASPACE' ) );
#1162 = CARTESIAN_POINT ( 'NONE',  ( -45.00000000000000000, -4.727527952613725049, 33.00999692081514780 ) ) ;
#1163 = EDGE_CURVE ( 'NONE', #2209, #1303, #2330, .T. ) ;
#1164 = SURFACE_STYLE_FILL_AREA ( #1056 ) ;
#1165 = UNCERTAINTY_MEASURE_WITH_UNIT (LENGTH_MEASURE( 1.000000000000000082E-05 ), #4364, 'distance_accuracy_value', 'NONE');
#1166 = EDGE_LOOP ( 'NONE', ( #3395, #7553, #1729, #1269 ) ) ;
#1167 = DIRECTION ( 'NONE',  ( 0.000000000000000000, 1.000000000000000000, 0.000000000000000000 ) ) ;
#1168 = VECTOR ( 'NONE', #2963, 1000.000000000000000 ) ;
#1169 = EDGE_CURVE ( 'NONE', #874, #3934, #7919, .T. ) ;
#1170 = ORIENTED_EDGE ( 'NONE', *, *, #8465, .F. ) ;
#1171 = CIRCLE ( 'NONE', #9574, 0.3999999110189597640 ) ;
#1172 = UNCERTAINTY_MEASURE_WITH_UNIT (LENGTH_MEASURE( 1.000000000000000082E-05 ), #1938, 'distance_accuracy_value', 'NONE');
#1173 = FACE_OUTER_BOUND ( 'NONE', #6335, .T. ) ;
#1174 = SURFACE_STYLE_FILL_AREA ( #1221 ) ;
#1175 = DIRECTION ( 'NONE',  ( -0.000000000000000000, 0.000000000000000000, 1.000000000000000000 ) ) ;
#1176 = ORIENTED_EDGE ( 'NONE', *, *, #8087, .T. ) ;
#1177 =( GEOMETRIC_REPRESENTATION_CONTEXT ( 3 ) GLOBAL_UNCERTAINTY_ASSIGNED_CONTEXT ( ( #8862 ) ) GLOBAL_UNIT_ASSIGNED_CONTEXT ( ( #8452, #1402, #673 ) ) REPRESENTATION_CONTEXT ( 'NONE', 'WORKASPACE' ) );
#1178 = STYLED_ITEM ( 'NONE', ( #6704 ), #684 ) ;
#1179 = DIRECTION ( 'NONE',  ( -0.000000000000000000, 1.000000000000000000, 1.078855964205160093E-08 ) ) ;
#1180 =( NAMED_UNIT ( * ) SI_UNIT ( $, .STERADIAN. ) SOLID_ANGLE_UNIT ( ) );
#1181 = CARTESIAN_POINT ( 'NONE',  ( 45.00000000000000000, 8.635334680724550793, 32.44053807877953943 ) ) ;
#1182 = DIRECTION ( 'NONE',  ( 0.000000000000000000, 0.1736492263815916093, -0.9848075680949424093 ) ) ;
#1183 = FILL_AREA_STYLE ('',( #8243 ) ) ;
#1184 = ADVANCED_FACE ( 'NONE', ( #8157 ), #9746, .T. ) ;
#1185 = ORIENTED_EDGE ( 'NONE', *, *, #6222, .T. ) ;
#1186 = CARTESIAN_POINT ( 'NONE',  ( 45.00000000000000000, 4.333606067801317963, -32.67945731160656919 ) ) ;
#1187 = CYLINDRICAL_SURFACE ( 'NONE', #169, 0.3999999999996922684 ) ;
#1188 = FILL_AREA_STYLE_COLOUR ( '', #4763 ) ;
#1189 = ORIENTED_EDGE ( 'NONE', *, *, #2068, .T. ) ;
#1190 = FILL_AREA_STYLE_COLOUR ( '', #7146 ) ;
#1191 = DIRECTION ( 'NONE',  ( 0.000000000000000000, 0.000000000000000000, -1.000000000000000000 ) ) ;
#1192 = DIRECTION ( 'NONE',  ( 0.000000000000000000, 0.000000000000000000, -1.000000000000000000 ) ) ;
#1193 = AXIS2_PLACEMENT_3D ( 'NONE', #9853, #4448, #3635 ) ;
#1194 = EDGE_LOOP ( 'NONE', ( #1766, #2656, #8348, #7885 ) ) ;
#1195 = ORIENTED_EDGE ( 'NONE', *, *, #1043, .F. ) ;
#1196 = EDGE_CURVE ( 'NONE', #6885, #7970, #6937, .T. ) ;
#1197 =( NAMED_UNIT ( * ) SI_UNIT ( $, .STERADIAN. ) SOLID_ANGLE_UNIT ( ) );
#1198 = UNCERTAINTY_MEASURE_WITH_UNIT (LENGTH_MEASURE( 1.000000000000000082E-05 ), #6611, 'distance_accuracy_value', 'NONE');
#1199 = SURFACE_SIDE_STYLE ('',( #2846 ) ) ;
#1200 =( GEOMETRIC_REPRESENTATION_CONTEXT ( 3 ) GLOBAL_UNCERTAINTY_ASSIGNED_CONTEXT ( ( #7250 ) ) GLOBAL_UNIT_ASSIGNED_CONTEXT ( ( #7793, #4755, #3819 ) ) REPRESENTATION_CONTEXT ( 'NONE', 'WORKASPACE' ) );
#1201 = VERTEX_POINT ( 'NONE', #8501 ) ;
#1202 = ORIENTED_EDGE ( 'NONE', *, *, #1163, .F. ) ;
#1203 = SURFACE_SIDE_STYLE ('',( #3529 ) ) ;
#1204 = CARTESIAN_POINT ( 'NONE',  ( 45.00000000000000000, -11.19093358334940547, -32.60999837446185978 ) ) ;
#1205 = PRESENTATION_LAYER_ASSIGNMENT (  '', '', ( #5644 ) ) ;
#1206 = DIRECTION ( 'NONE',  ( 1.000000000000000000, 0.000000000000000000, 0.000000000000000000 ) ) ;
#1207 = EDGE_CURVE ( 'NONE', #5899, #3884, #8083, .T. ) ;
#1208 = UNCERTAINTY_MEASURE_WITH_UNIT (LENGTH_MEASURE( 1.000000000000000082E-05 ), #5059, 'distance_accuracy_value', 'NONE');
#1209 = ORIENTED_EDGE ( 'NONE', *, *, #6428, .T. ) ;
#1210 = CARTESIAN_POINT ( 'NONE',  ( -45.00000000000000000, 14.25000067899707901, 28.28824028669469470 ) ) ;
#1211 = LINE ( 'NONE', #2701, #2718 ) ;
#1212 = STYLED_ITEM ( 'NONE', ( #5378 ), #10143 ) ;
#1213 = LINE ( 'NONE', #5424, #9775 ) ;
#1214 = PLANE ( 'NONE',  #9159 ) ;
#1215 = ORIENTED_EDGE ( 'NONE', *, *, #3015, .T. ) ;
#1216 = DIRECTION ( 'NONE',  ( -0.000000000000000000, 1.000000000000000000, -0.000000000000000000 ) ) ;
#1217 = AXIS2_PLACEMENT_3D ( 'NONE', #1704, #926, #4008 ) ;
#1218 = ORIENTED_EDGE ( 'NONE', *, *, #2636, .F. ) ;
#1219 = EDGE_CURVE ( 'NONE', #9959, #3492, #3058, .T. ) ;
#1220 = ORIENTED_EDGE ( 'NONE', *, *, #247, .T. ) ;
#1221 = FILL_AREA_STYLE ('',( #8283 ) ) ;
#1222 = DIRECTION ( 'NONE',  ( 0.000000000000000000, 0.000000000000000000, 1.000000000000000000 ) ) ;
#1223 = EDGE_LOOP ( 'NONE', ( #3614, #4099, #2252, #8286 ) ) ;
#1224 = AXIS2_PLACEMENT_3D ( 'NONE', #1290, #1386, #5356 ) ;
#1225 = MECHANICAL_DESIGN_GEOMETRIC_PRESENTATION_REPRESENTATION (  '', ( #8618 ), #4518 ) ;
#1226 = VECTOR ( 'NONE', #2867, 1000.000000000000000 ) ;
#1227 =( LENGTH_UNIT ( ) NAMED_UNIT ( * ) SI_UNIT ( .MILLI., .METRE. ) );
#1228 = VECTOR ( 'NONE', #6432, 999.9999999999998863 ) ;
#1229 = CARTESIAN_POINT ( 'NONE',  ( 45.00000000000000000, -3.787779518721147820, -32.44053786992127897 ) ) ;
#1230 = AXIS2_PLACEMENT_3D ( 'NONE', #2931, #6062, #2149 ) ;
#1231 = DIRECTION ( 'NONE',  ( 0.000000000000000000, 0.000000000000000000, -1.000000000000000000 ) ) ;
#1232 = EDGE_LOOP ( 'NONE', ( #4506, #1289, #8829, #7263 ) ) ;
#1233 =( GEOMETRIC_REPRESENTATION_CONTEXT ( 3 ) GLOBAL_UNCERTAINTY_ASSIGNED_CONTEXT ( ( #9700 ) ) GLOBAL_UNIT_ASSIGNED_CONTEXT ( ( #7239, #9617, #2920 ) ) REPRESENTATION_CONTEXT ( 'NONE', 'WORKASPACE' ) );
#1234 = LINE ( 'NONE', #4373, #5445 ) ;
#1235 = VECTOR ( 'NONE', #1392, 1000.000000000000114 ) ;
#1236 = CARTESIAN_POINT ( 'NONE',  ( 45.00000000000000000, 9.575082914202827311, 33.00999816560367606 ) ) ;
#1237 = STYLED_ITEM ( 'NONE', ( #5312 ), #3738 ) ;
#1238 = CARTESIAN_POINT ( 'NONE',  ( 45.00000000000000000, 1.495826238655951990, -33.00999774788724039 ) ) ;
#1239 = VERTEX_POINT ( 'NONE', #8404 ) ;
#1240 = CARTESIAN_POINT ( 'NONE',  ( 45.00000000000000000, -10.30018239783462342, 30.07663326162924378 ) ) ;
#1241 = LINE ( 'NONE', #3514, #5034 ) ;
#1242 = EDGE_CURVE ( 'NONE', #7909, #5391, #1504, .T. ) ;
#1243 = DIRECTION ( 'NONE',  ( 0.000000000000000000, -0.1736492263815903325, -0.9848075680949426314 ) ) ;
#1244 = CARTESIAN_POINT ( 'NONE',  ( -45.00000000000000000, -6.480134752671421694, -31.02000003054214261 ) ) ;
#1245 = AXIS2_PLACEMENT_3D ( 'NONE', #7980, #913, #3300 ) ;
#1246 = DIRECTION ( 'NONE',  ( -1.000000000000000000, -0.000000000000000000, -0.000000000000000000 ) ) ;
#1247 = VERTEX_POINT ( 'NONE', #7733 ) ;
#1248 = VERTEX_POINT ( 'NONE', #6085 ) ;
#1249 = VECTOR ( 'NONE', #8300, 1000.000000000000000 ) ;
#1250 = CIRCLE ( 'NONE', #3067, 0.2000000000000751177 ) ;
#1251 = VECTOR ( 'NONE', #10172, 1000.000000000000000 ) ;
#1252 = CARTESIAN_POINT ( 'NONE',  ( 45.00000000000000000, -9.575082125561817037, 33.00999827003279563 ) ) ;
#1253 = LINE ( 'NONE', #6664, #9011 ) ;
#1254 = VERTEX_POINT ( 'NONE', #9287 ) ;
#1255 =( LENGTH_UNIT ( ) NAMED_UNIT ( * ) SI_UNIT ( .MILLI., .METRE. ) );
#1256 = MECHANICAL_DESIGN_GEOMETRIC_PRESENTATION_REPRESENTATION (  '', ( #3717 ), #2080 ) ;
#1257 = VERTEX_POINT ( 'NONE', #3761 ) ;
#1258 =( LENGTH_UNIT ( ) NAMED_UNIT ( * ) SI_UNIT ( .MILLI., .METRE. ) );
#1259 = EDGE_CURVE ( 'NONE', #4165, #7345, #6919, .T. ) ;
#1260 = DIRECTION ( 'NONE',  ( -1.000000000000000000, -0.000000000000000000, -0.000000000000000000 ) ) ;
#1261 = CARTESIAN_POINT ( 'NONE',  ( 45.00000000000000000, -11.43098560819056786, 32.60999846344040520 ) ) ;
#1262 = UNCERTAINTY_MEASURE_WITH_UNIT (LENGTH_MEASURE( 1.000000000000000082E-05 ), #8407, 'distance_accuracy_value', 'NONE');
#1263 = DIRECTION ( 'NONE',  ( -0.000000000000000000, 0.003648326140626670377, 0.9999933448360402988 ) ) ;
#1264 = DIRECTION ( 'NONE',  ( 0.000000000000000000, 0.000000000000000000, -1.000000000000000000 ) ) ;
#1265 = EDGE_LOOP ( 'NONE', ( #2884, #8278, #9532, #2060 ) ) ;
#1266 = CARTESIAN_POINT ( 'NONE',  ( 45.00000000000000000, -7.523179585157357074, -32.44053807877948259 ) ) ;
#1267 = LINE ( 'NONE', #2861, #2885 ) ;
#1268 = EDGE_CURVE ( 'NONE', #4353, #8279, #838, .T. ) ;
#1269 = ORIENTED_EDGE ( 'NONE', *, *, #930, .F. ) ;
#1270 = LINE ( 'NONE', #3644, #8478 ) ;
#1271 =( GEOMETRIC_REPRESENTATION_CONTEXT ( 3 ) GLOBAL_UNCERTAINTY_ASSIGNED_CONTEXT ( ( #1198 ) ) GLOBAL_UNIT_ASSIGNED_CONTEXT ( ( #6611, #7277, #9559 ) ) REPRESENTATION_CONTEXT ( 'NONE', 'WORKASPACE' ) );
#1272 = DIRECTION ( 'NONE',  ( -1.000000000000000000, -0.000000000000000000, -0.000000000000000000 ) ) ;
#1273 = VERTEX_POINT ( 'NONE', #7782 ) ;
#1274 = VERTEX_POINT ( 'NONE', #3859 ) ;
#1275 = UNCERTAINTY_MEASURE_WITH_UNIT (LENGTH_MEASURE( 1.000000000000000082E-05 ), #7726, 'distance_accuracy_value', 'NONE');
#1276 = CARTESIAN_POINT ( 'NONE',  ( 45.00000000000000000, 4.333606067801323292, -32.67945731160656919 ) ) ;
#1277 = CARTESIAN_POINT ( 'NONE',  ( -45.00000000000000000, -8.635333892083657759, -32.44053818320858085 ) ) ;
#1278 = VERTEX_POINT ( 'NONE', #6820 ) ;
#1279 = FACE_OUTER_BOUND ( 'NONE', #3198, .T. ) ;
#1280 = MECHANICAL_DESIGN_GEOMETRIC_PRESENTATION_REPRESENTATION (  '', ( #1773 ), #1782 ) ;
#1281 = LINE ( 'NONE', #6170, #3220 ) ;
#1282 = CARTESIAN_POINT ( 'NONE',  ( 45.00000000000000000, -3.351728319253076016, -32.60999794129484997 ) ) ;
#1283 = EDGE_CURVE ( 'NONE', #4932, #1247, #7622, .T. ) ;
#1284 = DIRECTION ( 'NONE',  ( 0.000000000000000000, -0.000000000000000000, -1.000000000000000000 ) ) ;
#1285 = DIRECTION ( 'NONE',  ( 1.000000000000000000, 0.000000000000000000, 0.000000000000000000 ) ) ;
#1286 = EDGE_LOOP ( 'NONE', ( #1798, #6300, #6902, #2189 ) ) ;
#1287 = VECTOR ( 'NONE', #3658, 1000.000000000000000 ) ;
#1288 = DIRECTION ( 'NONE',  ( 0.000000000000000000, 0.000000000000000000, 1.000000000000000000 ) ) ;
#1289 = ORIENTED_EDGE ( 'NONE', *, *, #616, .F. ) ;
#1290 = CARTESIAN_POINT ( 'NONE',  ( 45.00000000000000000, -7.565307581344560717, 32.67945752046475860 ) ) ;
#1291 = LINE ( 'NONE', #6709, #3563 ) ;
#1292 = DIRECTION ( 'NONE',  ( 0.000000000000000000, 0.000000000000000000, -1.000000000000000000 ) ) ;
#1293 = LINE ( 'NONE', #7524, #1249 ) ;
#1294 = ADVANCED_FACE ( 'NONE', ( #10146 ), #7574, .T. ) ;
#1295 =( NAMED_UNIT ( * ) PLANE_ANGLE_UNIT ( ) SI_UNIT ( $, .RADIAN. ) );
#1296 = COLOUR_RGB ( '',0.8980392156862745390, 0.9176470588235293713, 0.9294117647058823817 ) ;
#1297 = CARTESIAN_POINT ( 'NONE',  ( -45.00000000000000000, -11.19093358334937882, 33.00999837446191520 ) ) ;
#1298 = EDGE_LOOP ( 'NONE', ( #658, #1615, #7791, #144 ) ) ;
#1299 = EDGE_LOOP ( 'NONE', ( #3404, #3718, #988, #7063 ) ) ;
#1300 = EDGE_CURVE ( 'NONE', #1273, #1248, #7886, .T. ) ;
#1301 =( LENGTH_UNIT ( ) NAMED_UNIT ( * ) SI_UNIT ( .MILLI., .METRE. ) );
#1302 = CYLINDRICAL_SURFACE ( 'NONE', #168, 1.000000000000014655 ) ;
#1303 = VERTEX_POINT ( 'NONE', #9393 ) ;
#1304 =( NAMED_UNIT ( * ) SI_UNIT ( $, .STERADIAN. ) SOLID_ANGLE_UNIT ( ) );
#1305 = DIRECTION ( 'NONE',  ( -0.000000000000000000, 1.000000000000000000, -0.000000000000000000 ) ) ;
#1306 = ORIENTED_EDGE ( 'NONE', *, *, #8128, .F. ) ;
#1307 = DIRECTION ( 'NONE',  ( -1.000000000000000000, -0.000000000000000000, -0.000000000000000000 ) ) ;
#1308 = LINE ( 'NONE', #3771, #706 ) ;
#1309 = MECHANICAL_DESIGN_GEOMETRIC_PRESENTATION_REPRESENTATION (  '', ( #8705 ), #3125 ) ;
#1310 = ADVANCED_FACE ( 'NONE', ( #2375 ), #8597, .T. ) ;
#1311 = APPLICATION_CONTEXT ( 'automotive_design' ) ;
#1312 = UNCERTAINTY_MEASURE_WITH_UNIT (LENGTH_MEASURE( 1.000000000000000082E-05 ), #4817, 'distance_accuracy_value', 'NONE');
#1313 = FILL_AREA_STYLE ('',( #8365 ) ) ;
#1314 = ORIENTED_EDGE ( 'NONE', *, *, #3580, .T. ) ;
#1315 = PLANE ( 'NONE',  #1111 ) ;
#1316 = DIRECTION ( 'NONE',  ( -1.000000000000000000, -0.000000000000000000, -0.000000000000000000 ) ) ;
#1317 = STYLED_ITEM ( 'NONE', ( #8876 ), #43 ) ;
#1318 = AXIS2_PLACEMENT_3D ( 'NONE', #949, #5700, #8073 ) ;
#1319 = EDGE_LOOP ( 'NONE', ( #2010, #6608, #5765, #9573 ) ) ;
#1320 = SURFACE_SIDE_STYLE ('',( #7594 ) ) ;
#1321 = FILL_AREA_STYLE ('',( #2814 ) ) ;
#1322 = PLANE ( 'NONE',  #290 ) ;
#1323 = ORIENTED_EDGE ( 'NONE', *, *, #6474, .F. ) ;
#1324 = ORIENTED_EDGE ( 'NONE', *, *, #8380, .T. ) ;
#1325 = EDGE_CURVE ( 'NONE', #8497, #1239, #770, .T. ) ;
#1326 = ORIENTED_EDGE ( 'NONE', *, *, #1591, .F. ) ;
#1327 = DIRECTION ( 'NONE',  ( 0.000000000000000000, 0.000000000000000000, -1.000000000000000000 ) ) ;
#1328 = DIRECTION ( 'NONE',  ( -1.000000000000000000, -0.000000000000000000, -0.000000000000000000 ) ) ;
#1329 = LINE ( 'NONE', #5973, #8336 ) ;
#1330 = PRESENTATION_LAYER_ASSIGNMENT (  '', '', ( #5768 ) ) ;
#1331 = AXIS2_PLACEMENT_3D ( 'NONE', #2871, #8715, #2536 ) ;
#1332 = PRESENTATION_STYLE_ASSIGNMENT (( #10072 ) ) ;
#1333 = CARTESIAN_POINT ( 'NONE',  ( 45.00000000000000000, 9.575083527593475807, -32.60999827003277574 ) ) ;
#1334 = VERTEX_POINT ( 'NONE', #2482 ) ;
#1335 = DIRECTION ( 'NONE',  ( 0.000000000000000000, 0.000000000000000000, -1.000000000000000000 ) ) ;
#1336 = DIRECTION ( 'NONE',  ( -0.000000000000000000, 0.1736483871527704503, -0.9848077160741792735 ) ) ;
#1337 = EDGE_CURVE ( 'NONE', #2700, #6917, #10188, .T. ) ;
#1338 = CARTESIAN_POINT ( 'NONE',  ( 45.00000000000000000, -10.30018207335180769, -30.07663355703621733 ) ) ;
#1339 = VECTOR ( 'NONE', #7824, 1000.000000000000000 ) ;
#1340 = VECTOR ( 'NONE', #5986, 1000.000000000000000 ) ;
#1341 = ORIENTED_EDGE ( 'NONE', *, *, #2379, .T. ) ;
#1342 = CARTESIAN_POINT ( 'NONE',  ( -45.00000000000000000, -10.25118534987110408, 32.44053828763777148 ) ) ;
#1343 = LINE ( 'NONE', #9836, #1287 ) ;
#1344 =( NAMED_UNIT ( * ) PLANE_ANGLE_UNIT ( ) SI_UNIT ( $, .RADIAN. ) );
#1345 = DIRECTION ( 'NONE',  ( -1.000000000000000000, -0.000000000000000000, -0.000000000000000000 ) ) ;
#1346 = LINE ( 'NONE', #5984, #6006 ) ;
#1347 = AXIS2_PLACEMENT_3D ( 'NONE', #5553, #5498, #8638 ) ;
#1348 = CYLINDRICAL_SURFACE ( 'NONE', #5672, 0.3999999110189944584 ) ;
#1349 = ORIENTED_EDGE ( 'NONE', *, *, #6235, .T. ) ;
#1350 = ORIENTED_EDGE ( 'NONE', *, *, #8748, .T. ) ;
#1351 = EDGE_CURVE ( 'NONE', #2766, #2497, #3760, .T. ) ;
#1352 = VERTEX_POINT ( 'NONE', #3309 ) ;
#1353 = SURFACE_STYLE_FILL_AREA ( #2169 ) ;
#1354 = DIRECTION ( 'NONE',  ( 0.000000000000000000, 0.000000000000000000, -1.000000000000000000 ) ) ;
#1355 = CARTESIAN_POINT ( 'NONE',  ( 45.00000000000000000, 12.37073536055143919, -32.44053839206681289 ) ) ;
#1356 = VERTEX_POINT ( 'NONE', #4798 ) ;
#1357 = FILL_AREA_STYLE ('',( #5952 ) ) ;
#1358 = STYLED_ITEM ( 'NONE', ( #1033 ), #9081 ) ;
#1359 = DIRECTION ( 'NONE',  ( 1.000000000000000000, 0.000000000000000000, 0.000000000000000000 ) ) ;
#1360 = VERTEX_POINT ( 'NONE', #5516 ) ;
#1361 = PLANE ( 'NONE',  #2424 ) ;
#1362 = DIRECTION ( 'NONE',  ( 1.000000000000000000, 0.000000000000000000, 0.000000000000000000 ) ) ;
#1363 = ADVANCED_FACE ( 'NONE', ( #6454 ), #9594, .F. ) ;
#1364 = SURFACE_SIDE_STYLE ('',( #5285 ) ) ;
#1365 = VERTEX_POINT ( 'NONE', #1238 ) ;
#1366 = CYLINDRICAL_SURFACE ( 'NONE', #6929, 0.3999999110189597640 ) ;
#1367 = DIRECTION ( 'NONE',  ( 0.000000000000000000, 0.000000000000000000, -1.000000000000000000 ) ) ;
#1368 = CARTESIAN_POINT ( 'NONE',  ( 45.00000000000000000, 10.80145614568966295, 29.72764464165788922 ) ) ;
#1369 =( LENGTH_UNIT ( ) NAMED_UNIT ( * ) SI_UNIT ( .MILLI., .METRE. ) );
#1370 = VERTEX_POINT ( 'NONE', #6598 ) ;
#1371 = UNCERTAINTY_MEASURE_WITH_UNIT (LENGTH_MEASURE( 1.000000000000000082E-05 ), #8869, 'distance_accuracy_value', 'NONE');
#1372 = SURFACE_STYLE_USAGE ( .BOTH. , #8425 ) ;
#1373 = CARTESIAN_POINT ( 'NONE',  ( -45.00000000000000000, 4.967581179072156239, -33.00999795674291448 ) ) ;
#1374 = PRESENTATION_LAYER_ASSIGNMENT (  '', '', ( #8759 ) ) ;
#1375 = DIRECTION ( 'NONE',  ( 0.000000000000000000, 0.000000000000000000, -1.000000000000000000 ) ) ;
#1376 = SURFACE_STYLE_USAGE ( .BOTH. , #5300 ) ;
#1377 = FACE_OUTER_BOUND ( 'NONE', #9924, .T. ) ;
#1378 = CARTESIAN_POINT ( 'NONE',  ( -45.00000000000000000, 9.900134291210605397, -29.72753004611363892 ) ) ;
#1379 = DIRECTION ( 'NONE',  ( 1.000000000000000000, 0.000000000000000000, 0.000000000000000000 ) ) ;
#1380 = EDGE_CURVE ( 'NONE', #1548, #2844, #9372, .T. ) ;
#1381 = CARTESIAN_POINT ( 'NONE',  ( 45.00000000000000000, -9.575082125561905855, -32.60999827003275442 ) ) ;
#1382 = EDGE_LOOP ( 'NONE', ( #482, #8400, #5015, #3747 ) ) ;
#1383 =( LENGTH_UNIT ( ) NAMED_UNIT ( * ) SI_UNIT ( .MILLI., .METRE. ) );
#1384 =( NAMED_UNIT ( * ) PLANE_ANGLE_UNIT ( ) SI_UNIT ( $, .RADIAN. ) );
#1385 =( GEOMETRIC_REPRESENTATION_CONTEXT ( 3 ) GLOBAL_UNCERTAINTY_ASSIGNED_CONTEXT ( ( #7457 ) ) GLOBAL_UNIT_ASSIGNED_CONTEXT ( ( #277, #2560, #5701 ) ) REPRESENTATION_CONTEXT ( 'NONE', 'WORKASPACE' ) );
#1386 = DIRECTION ( 'NONE',  ( 0.000000000000000000, -0.9848077160741801617, -0.1736483871527665368 ) ) ;
#1387 = MECHANICAL_DESIGN_GEOMETRIC_PRESENTATION_REPRESENTATION (  '', ( #1052 ), #8454 ) ;
#1388 = LINE ( 'NONE', #6963, #6348 ) ;
#1389 = SURFACE_STYLE_USAGE ( .BOTH. , #8354 ) ;
#1390 =( NAMED_UNIT ( * ) SI_UNIT ( $, .STERADIAN. ) SOLID_ANGLE_UNIT ( ) );
#1391 = VECTOR ( 'NONE', #8614, 1000.000000000000114 ) ;
#1392 = DIRECTION ( 'NONE',  ( 0.000000000000000000, -0.1736492263816315218, 0.9848075680949354149 ) ) ;
#1393 = ADVANCED_FACE ( 'NONE', ( #6496 ), #2626, .F. ) ;
#1394 = AXIS2_PLACEMENT_3D ( 'NONE', #9671, #2657, #9717 ) ;
#1395 = STYLED_ITEM ( 'NONE', ( #1397 ), #7851 ) ;
#1396 = PRESENTATION_LAYER_ASSIGNMENT (  '', '', ( #2217 ) ) ;
#1397 = PRESENTATION_STYLE_ASSIGNMENT (( #7675 ) ) ;
#1398 = EDGE_LOOP ( 'NONE', ( #5511, #8653, #3421, #10068 ) ) ;
#1399 = ORIENTED_EDGE ( 'NONE', *, *, #7682, .T. ) ;
#1400 = ORIENTED_EDGE ( 'NONE', *, *, #9946, .F. ) ;
#1401 = DIRECTION ( 'NONE',  ( -0.000000000000000000, 2.909459891608890660E-15, -1.000000000000000000 ) ) ;
#1402 =( NAMED_UNIT ( * ) PLANE_ANGLE_UNIT ( ) SI_UNIT ( $, .RADIAN. ) );
#1403 = VECTOR ( 'NONE', #528, 1000.000000000000000 ) ;
#1404 =( GEOMETRIC_REPRESENTATION_CONTEXT ( 3 ) GLOBAL_UNCERTAINTY_ASSIGNED_CONTEXT ( ( #2190 ) ) GLOBAL_UNIT_ASSIGNED_CONTEXT ( ( #5562, #6394, #4691 ) ) REPRESENTATION_CONTEXT ( 'NONE', 'WORKASPACE' ) );
#1405 = CARTESIAN_POINT ( 'NONE',  ( 45.00000000000000000, 8.635334680724550793, 32.44053807877953943 ) ) ;
#1406 = COLOUR_RGB ( '',0.8980392156862745390, 0.9176470588235293713, 0.9294117647058823817 ) ;
#1407 = PLANE ( 'NONE',  #5823 ) ;
#1408 = VECTOR ( 'NONE', #6116, 1000.000000000000000 ) ;
#1409 = UNCERTAINTY_MEASURE_WITH_UNIT (LENGTH_MEASURE( 1.000000000000000082E-05 ), #1600, 'distance_accuracy_value', 'NONE');
#1410 = PLANE ( 'NONE',  #6829 ) ;
#1411 = VERTEX_POINT ( 'NONE', #5715 ) ;
#1412 = ADVANCED_FACE ( 'NONE', ( #5874 ), #3567, .F. ) ;
#1413 = VECTOR ( 'NONE', #3618, 1000.000000000000000 ) ;
#1414 = DIRECTION ( 'NONE',  ( 0.000000000000000000, 0.9999999999996230793, 8.681839261284317247E-07 ) ) ;
#1415 = CARTESIAN_POINT ( 'NONE',  ( -45.00000000000000000, -9.400259928559240308, -29.72753069126596515 ) ) ;
#1416 = MECHANICAL_DESIGN_GEOMETRIC_PRESENTATION_REPRESENTATION (  '', ( #4540 ), #9620 ) ;
#1417 = ORIENTED_EDGE ( 'NONE', *, *, #4883, .T. ) ;
#1418 = MECHANICAL_DESIGN_GEOMETRIC_PRESENTATION_REPRESENTATION (  '', ( #3412 ), #7839 ) ;
#1419 = CARTESIAN_POINT ( 'NONE',  ( 45.00000000000000000, -2.171928060933655313, -32.44053776549218071 ) ) ;
#1420 = PLANE ( 'NONE',  #3698 ) ;
#1421 = CARTESIAN_POINT ( 'NONE',  ( -45.00000000000000000, -3.745651258861856014, -32.67945761639600022 ) ) ;
#1422 = EDGE_CURVE ( 'NONE', #264, #5699, #7519, .T. ) ;
#1423 = ORIENTED_EDGE ( 'NONE', *, *, #4048, .T. ) ;
#1424 =( LENGTH_UNIT ( ) NAMED_UNIT ( * ) SI_UNIT ( .MILLI., .METRE. ) );
#1425 = SURFACE_SIDE_STYLE ('',( #7803 ) ) ;
#1426 =( NAMED_UNIT ( * ) SI_UNIT ( $, .STERADIAN. ) SOLID_ANGLE_UNIT ( ) );
#1427 = SURFACE_STYLE_USAGE ( .BOTH. , #3923 ) ;
#1428 = PLANE ( 'NONE',  #1331 ) ;
#1429 = EDGE_CURVE ( 'NONE', #1483, #8619, #9169, .T. ) ;
#1430 = DIRECTION ( 'NONE',  ( -1.000000000000000000, -0.000000000000000000, -0.000000000000000000 ) ) ;
#1431 = DIRECTION ( 'NONE',  ( -1.000000000000000000, -0.000000000000000000, -0.000000000000000000 ) ) ;
#1432 =( NAMED_UNIT ( * ) PLANE_ANGLE_UNIT ( ) SI_UNIT ( $, .RADIAN. ) );
#1433 = AXIS2_PLACEMENT_3D ( 'NONE', #5554, #9429, #10178 ) ;
#1434 = CARTESIAN_POINT ( 'NONE',  ( 45.00000000000000000, -11.86703680765867297, 32.44053839206689815 ) ) ;
#1435 = LINE ( 'NONE', #3835, #9218 ) ;
#1436 = DIRECTION ( 'NONE',  ( 0.000000000000000000, 0.000000000000000000, 1.000000000000000000 ) ) ;
#1437 = CARTESIAN_POINT ( 'NONE',  ( 45.00000000000000000, -4.727527952613725049, 33.00999692081514780 ) ) ;
#1438 = SURFACE_STYLE_FILL_AREA ( #1585 ) ;
#1439 = ORIENTED_EDGE ( 'NONE', *, *, #197, .T. ) ;
#1440 = LINE ( 'NONE', #7468, #8401 ) ;
#1441 = FILL_AREA_STYLE_COLOUR ( '', #6945 ) ;
#1442 = EDGE_CURVE ( 'NONE', #8609, #19, #4479, .T. ) ;
#1443 = SURFACE_SIDE_STYLE ('',( #9273 ) ) ;
#1444 = COLOUR_RGB ( '',0.8980392156862745390, 0.9176470588235293713, 0.9294117647058823817 ) ;
#1445 = ORIENTED_EDGE ( 'NONE', *, *, #5419, .T. ) ;
#1446 = DIRECTION ( 'NONE',  ( 1.000000000000000000, 0.000000000000000000, 0.000000000000000000 ) ) ;
#1447 =( LENGTH_UNIT ( ) NAMED_UNIT ( * ) SI_UNIT ( .MILLI., .METRE. ) );
#1448 = SURFACE_STYLE_USAGE ( .BOTH. , #4791 ) ;
#1449 = MECHANICAL_DESIGN_GEOMETRIC_PRESENTATION_REPRESENTATION (  '', ( #3898 ), #3432 ) ;
#1450 = DIRECTION ( 'NONE',  ( -1.000000000000000000, -0.000000000000000000, -0.000000000000000000 ) ) ;
#1451 = FILL_AREA_STYLE ('',( #5362 ) ) ;
#1452 = ORIENTED_EDGE ( 'NONE', *, *, #9741, .F. ) ;
#1453 = EDGE_LOOP ( 'NONE', ( #9784, #7822, #8424, #2255 ) ) ;
#1454 = LINE ( 'NONE', #4593, #8558 ) ;
#1455 = EDGE_LOOP ( 'NONE', ( #1676, #5054, #3156, #2175 ) ) ;
#1456 = DIRECTION ( 'NONE',  ( -1.000000000000000000, -0.000000000000000000, -0.000000000000000000 ) ) ;
#1457 = ADVANCED_FACE ( 'NONE', ( #3655 ), #3043, .T. ) ;
#1458 = FILL_AREA_STYLE_COLOUR ( '', #5230 ) ;
#1459 = CARTESIAN_POINT ( 'NONE',  ( 45.00000000000000000, -10.79701049691976067, -32.67945772932296933 ) ) ;
#1460 = LINE ( 'NONE', #2286, #733 ) ;
#1461 =( NAMED_UNIT ( * ) PLANE_ANGLE_UNIT ( ) SI_UNIT ( $, .RADIAN. ) );
#1462 = ORIENTED_EDGE ( 'NONE', *, *, #7304, .T. ) ;
#1463 = DIRECTION ( 'NONE',  ( 0.000000000000000000, 0.000000000000000000, -1.000000000000000000 ) ) ;
#1464 = CARTESIAN_POINT ( 'NONE',  ( -45.00000000000000000, -0.5560766031461433778, -32.44053766106308245 ) ) ;
#1465 = ADVANCED_FACE ( 'NONE', ( #8391 ), #7562, .F. ) ;
#1466 = ORIENTED_EDGE ( 'NONE', *, *, #5873, .F. ) ;
#1467 = DIRECTION ( 'NONE',  ( 0.000000000000000000, 0.000000000000000000, -1.000000000000000000 ) ) ;
#1468 = FILL_AREA_STYLE_COLOUR ( '', #2053 ) ;
#1469 = LINE ( 'NONE', #8571, #3248 ) ;
#1470 = AXIS2_PLACEMENT_3D ( 'NONE', #4792, #4894, #2571 ) ;
#1471 = LINE ( 'NONE', #1520, #824 ) ;
#1472 = CARTESIAN_POINT ( 'NONE',  ( 45.00000000000000000, 11.19093437199039975, 33.00999827003280274 ) ) ;
#1473 = SURFACE_STYLE_USAGE ( .BOTH. , #6887 ) ;
#1474 = ORIENTED_EDGE ( 'NONE', *, *, #8128, .T. ) ;
#1475 = ORIENTED_EDGE ( 'NONE', *, *, #3214, .F. ) ;
#1476 = VERTEX_POINT ( 'NONE', #6028 ) ;
#1477 = ADVANCED_FACE ( 'NONE', ( #8489 ), #657, .F. ) ;
#1478 = DIRECTION ( 'NONE',  ( -0.000000000000000000, -1.000000000000000000, -0.000000000000000000 ) ) ;
#1479 = ORIENTED_EDGE ( 'NONE', *, *, #7901, .F. ) ;
#1480 = CARTESIAN_POINT ( 'NONE',  ( 45.00000000000000000, -5.907328127369614990, 32.44053797435041275 ) ) ;
#1481 =( NAMED_UNIT ( * ) SI_UNIT ( $, .STERADIAN. ) SOLID_ANGLE_UNIT ( ) );
#1482 = AXIS2_PLACEMENT_3D ( 'NONE', #127, #1748, #4888 ) ;
#1483 = VERTEX_POINT ( 'NONE', #8688 ) ;
#1484 = EDGE_CURVE ( 'NONE', #9076, #3917, #5454, .T. ) ;
#1485 = DIRECTION ( 'NONE',  ( 0.000000000000000000, 0.000000000000000000, 1.000000000000000000 ) ) ;
#1486 = SURFACE_STYLE_FILL_AREA ( #3276 ) ;
#1487 = SURFACE_STYLE_USAGE ( .BOTH. , #5398 ) ;
#1488 = MECHANICAL_DESIGN_GEOMETRIC_PRESENTATION_REPRESENTATION (  '', ( #6590 ), #5763 ) ;
#1489 = VERTEX_POINT ( 'NONE', #3897 ) ;
#1490 = SURFACE_STYLE_FILL_AREA ( #1588 ) ;
#1491 =( NAMED_UNIT ( * ) SI_UNIT ( $, .STERADIAN. ) SOLID_ANGLE_UNIT ( ) );
#1492 = ORIENTED_EDGE ( 'NONE', *, *, #7666, .T. ) ;
#1493 = SURFACE_STYLE_USAGE ( .BOTH. , #2210 ) ;
#1495 = VECTOR ( 'NONE', #44, 1000.000000000000000 ) ;
#1494 = VECTOR ( 'NONE', #4712, 1000.000000000000000 ) ;
#1496 =( NAMED_UNIT ( * ) SI_UNIT ( $, .STERADIAN. ) SOLID_ANGLE_UNIT ( ) );
#1497 = EDGE_CURVE ( 'NONE', #3170, #9185, #4786, .T. ) ;
#1498 = FACE_OUTER_BOUND ( 'NONE', #1708, .T. ) ;
#1499 = CARTESIAN_POINT ( 'NONE',  ( -45.00000000000000000, 11.19093437199039975, 32.60999827003277574 ) ) ;
#1500 = ORIENTED_EDGE ( 'NONE', *, *, #10193, .F. ) ;
#1501 = ORIENTED_EDGE ( 'NONE', *, *, #5933, .T. ) ;
#1502 = COLOUR_RGB ( '',0.8980392156862745390, 0.9176470588235293713, 0.9294117647058823817 ) ;
#1503 = DIRECTION ( 'NONE',  ( 0.000000000000000000, 0.1736492263815938297, -0.9848075680949420763 ) ) ;
#1504 = CIRCLE ( 'NONE', #3645, 0.1999999999999849121 ) ;
#1505 = ORIENTED_EDGE ( 'NONE', *, *, #9041, .T. ) ;
#1506 =( NAMED_UNIT ( * ) PLANE_ANGLE_UNIT ( ) SI_UNIT ( $, .RADIAN. ) );
#1507 = FILL_AREA_STYLE_COLOUR ( '', #6451 ) ;
#1508 = ORIENTED_EDGE ( 'NONE', *, *, #780, .F. ) ;
#1509 = DIRECTION ( 'NONE',  ( -1.000000000000000000, -0.000000000000000000, -0.000000000000000000 ) ) ;
#1510 = FILL_AREA_STYLE ('',( #9342 ) ) ;
#1511 = SURFACE_STYLE_FILL_AREA ( #2430 ) ;
#1512 = PRESENTATION_LAYER_ASSIGNMENT (  '', '', ( #4287 ) ) ;
#1513 = VECTOR ( 'NONE', #1336, 1000.000000000000227 ) ;
#1514 = ORIENTED_EDGE ( 'NONE', *, *, #1603, .T. ) ;
#1515 = ADVANCED_FACE ( 'NONE', ( #5555 ), #9430, .T. ) ;
#1516 = SURFACE_STYLE_FILL_AREA ( #6148 ) ;
#1517 = ORIENTED_EDGE ( 'NONE', *, *, #5000, .T. ) ;
#1518 =( NAMED_UNIT ( * ) SI_UNIT ( $, .STERADIAN. ) SOLID_ANGLE_UNIT ( ) );
#1519 = DIRECTION ( 'NONE',  ( 0.000000000000000000, 0.1736483871528077816, 0.9848077160741728342 ) ) ;
#1520 = CARTESIAN_POINT ( 'NONE',  ( 45.00000000000000000, 12.41286210532141965, 32.67945693347553515 ) ) ;
#1521 = EDGE_CURVE ( 'NONE', #9319, #1877, #7827, .T. ) ;
#1522 = AXIS2_PLACEMENT_3D ( 'NONE', #1204, #6617, #5023 ) ;
#1523 = CYLINDRICAL_SURFACE ( 'NONE', #9191, 1.000000000000007772 ) ;
#1524 = CARTESIAN_POINT ( 'NONE',  ( 45.00000000000000000, -10.79701049691968251, 32.67945772932299775 ) ) ;
#1525 = ORIENTED_EDGE ( 'NONE', *, *, #2221, .F. ) ;
#1526 = ORIENTED_EDGE ( 'NONE', *, *, #10193, .T. ) ;
#1527 = PLANE ( 'NONE',  #52 ) ;
#1528 = DIRECTION ( 'NONE',  ( 0.000000000000000000, 0.000000000000000000, -1.000000000000000000 ) ) ;
#1529 = ORIENTED_EDGE ( 'NONE', *, *, #2048, .T. ) ;
#1530 = CARTESIAN_POINT ( 'NONE',  ( 45.00000000000000000, -7.480134739806465483, 31.02000000000007418 ) ) ;
#1531 = EDGE_CURVE ( 'NONE', #6632, #4565, #639, .T. ) ;
#1532 = DIRECTION ( 'NONE',  ( 0.000000000000000000, 0.000000000000000000, -1.000000000000000000 ) ) ;
#1533 = CARTESIAN_POINT ( 'NONE',  ( 45.00000000000000000, -9.575082125561905855, -33.00999827003273168 ) ) ;
#1534 = ORIENTED_EDGE ( 'NONE', *, *, #1095, .T. ) ;
#1535 = DIRECTION ( 'NONE',  ( -1.000000000000000000, -0.000000000000000000, -0.000000000000000000 ) ) ;
#1536 = AXIS2_PLACEMENT_3D ( 'NONE', #4870, #4072, #2200 ) ;
#1537 = CARTESIAN_POINT ( 'NONE',  ( 45.00000000000000000, 2.717754610013814798, -32.67945720717746383 ) ) ;
#1538 = DIRECTION ( 'NONE',  ( -1.000000000000000000, -0.000000000000000000, -0.000000000000000000 ) ) ;
#1539 = CARTESIAN_POINT ( 'NONE',  ( 45.00000000000000000, -7.480134739806465483, 31.02000000000007418 ) ) ;
#1540 = FILL_AREA_STYLE_COLOUR ( '', #6018 ) ;
#1541 = ADVANCED_FACE ( 'NONE', ( #7876 ), #809, .F. ) ;
#1542 = PRESENTATION_STYLE_ASSIGNMENT (( #7159 ) ) ;
#1543 = ORIENTED_EDGE ( 'NONE', *, *, #7073, .F. ) ;
#1544 = VERTEX_POINT ( 'NONE', #6693 ) ;
#1545 = COLOUR_RGB ( '',0.8980392156862745390, 0.9176470588235293713, 0.9294117647058823817 ) ;
#1546 = AXIS2_PLACEMENT_3D ( 'NONE', #4579, #6175, #6281 ) ;
#1547 =( NAMED_UNIT ( * ) SI_UNIT ( $, .STERADIAN. ) SOLID_ANGLE_UNIT ( ) );
#1548 = VERTEX_POINT ( 'NONE', #8080 ) ;
#1549 =( NAMED_UNIT ( * ) PLANE_ANGLE_UNIT ( ) SI_UNIT ( $, .RADIAN. ) );
#1550 = VERTEX_POINT ( 'NONE', #6542 ) ;
#1551 = EDGE_CURVE ( 'NONE', #3197, #8448, #1945, .T. ) ;
#1552 = DIRECTION ( 'NONE',  ( 1.000000000000000000, 0.000000000000000000, 0.000000000000000000 ) ) ;
#1553 = AXIS2_PLACEMENT_3D ( 'NONE', #350, #293, #8852 ) ;
#1554 = VECTOR ( 'NONE', #5334, 1000.000000000000000 ) ;
#1555 = DIRECTION ( 'NONE',  ( 0.000000000000000000, 0.000000000000000000, -1.000000000000000000 ) ) ;
#1556 = ORIENTED_EDGE ( 'NONE', *, *, #1268, .T. ) ;
#1557 = CIRCLE ( 'NONE', #892, 0.3999999110189875196 ) ;
#1558 = PRESENTATION_LAYER_ASSIGNMENT (  '', '', ( #1237 ) ) ;
#1559 = ORIENTED_EDGE ( 'NONE', *, *, #6212, .F. ) ;
#1560 = CARTESIAN_POINT ( 'NONE',  ( 45.00000000000000000, 6.343380612018469478, -33.00999806117454227 ) ) ;
#1561 = PRESENTATION_LAYER_ASSIGNMENT (  '', '', ( #6003 ) ) ;
#1562 = VECTOR ( 'NONE', #3575, 1000.000000000000000 ) ;
#1563 = DIRECTION ( 'NONE',  ( 0.000000000000000000, 0.000000000000000000, -1.000000000000000000 ) ) ;
#1564 = VECTOR ( 'NONE', #5157, 1000.000000000000000 ) ;
#1565 = EDGE_LOOP ( 'NONE', ( #3255, #9442, #5363, #4818 ) ) ;
#1566 = CARTESIAN_POINT ( 'NONE',  ( 45.00000000000000000, 5.949457525588827345, -32.67945741603569587 ) ) ;
#1567 = CARTESIAN_POINT ( 'NONE',  ( -45.00000000000000000, -6.980134752671422582, -29.07000003054213622 ) ) ;
#1568 = ADVANCED_FACE ( 'NONE', ( #7405 ), #6482, .F. ) ;
#1569 = MECHANICAL_DESIGN_GEOMETRIC_PRESENTATION_REPRESENTATION (  '', ( #7164 ), #4698 ) ;
#1570 =( LENGTH_UNIT ( ) NAMED_UNIT ( * ) SI_UNIT ( .MILLI., .METRE. ) );
#1571 = AXIS2_PLACEMENT_3D ( 'NONE', #5250, #9104, #7558 ) ;
#1572 = CARTESIAN_POINT ( 'NONE',  ( 45.00000000000000000, -5.949456123557249398, -32.67945741603565324 ) ) ;
#1573 = FILL_AREA_STYLE_COLOUR ( '', #1906 ) ;
#1574 = MECHANICAL_DESIGN_GEOMETRIC_PRESENTATION_REPRESENTATION (  '', ( #8807 ), #8325 ) ;
#1575 =( NAMED_UNIT ( * ) PLANE_ANGLE_UNIT ( ) SI_UNIT ( $, .RADIAN. ) );
#1576 = ORIENTED_EDGE ( 'NONE', *, *, #446, .T. ) ;
#1577 = PRESENTATION_LAYER_ASSIGNMENT (  '', '', ( #740 ) ) ;
#1578 = ORIENTED_EDGE ( 'NONE', *, *, #6146, .T. ) ;
#1579 = ORIENTED_EDGE ( 'NONE', *, *, #5204, .T. ) ;
#1580 = COLOUR_RGB ( '',0.8980392156862745390, 0.9176470588235293713, 0.9294117647058823817 ) ;
#1581 = CARTESIAN_POINT ( 'NONE',  ( -45.00000000000000000, -10.75488250073230212, 32.44053828763777148 ) ) ;
#1582 = EDGE_CURVE ( 'NONE', #4989, #1365, #9541, .T. ) ;
#1583 = SURFACE_SIDE_STYLE ('',( #901 ) ) ;
#1584 = LINE ( 'NONE', #7869, #4922 ) ;
#1585 = FILL_AREA_STYLE ('',( #1634 ) ) ;
#1586 = ORIENTED_EDGE ( 'NONE', *, *, #5901, .F. ) ;
#1587 = UNCERTAINTY_MEASURE_WITH_UNIT (LENGTH_MEASURE( 1.000000000000000082E-05 ), #9664, 'distance_accuracy_value', 'NONE');
#1588 = FILL_AREA_STYLE ('',( #7011 ) ) ;
#1589 = SURFACE_STYLE_FILL_AREA ( #8535 ) ;
#1590 = COLOUR_RGB ( '',0.8980392156862745390, 0.9176470588235293713, 0.9294117647058823817 ) ;
#1591 = EDGE_CURVE ( 'NONE', #7401, #115, #384, .T. ) ;
#1592 = ADVANCED_FACE ( 'NONE', ( #226 ), #5862, .F. ) ;
#1593 = COLOUR_RGB ( '',0.8980392156862745390, 0.9176470588235293713, 0.9294117647058823817 ) ;
#1594 = SURFACE_STYLE_USAGE ( .BOTH. , #3148 ) ;
#1595 = SURFACE_SIDE_STYLE ('',( #2366 ) ) ;
#1596 = CARTESIAN_POINT ( 'NONE',  ( -45.00000000000000000, -11.23786938901638877, 28.97153265917143372 ) ) ;
#1597 = VERTEX_POINT ( 'NONE', #6749 ) ;
#1598 = ORIENTED_EDGE ( 'NONE', *, *, #6379, .T. ) ;
#1599 = STYLED_ITEM ( 'NONE', ( #933 ), #4826 ) ;
#1600 =( LENGTH_UNIT ( ) NAMED_UNIT ( * ) SI_UNIT ( .MILLI., .METRE. ) );
#1601 = ORIENTED_EDGE ( 'NONE', *, *, #5385, .T. ) ;
#1602 = DIRECTION ( 'NONE',  ( -0.000000000000000000, -1.000000000000000000, -0.000000000000000000 ) ) ;
#1603 = EDGE_CURVE ( 'NONE', #6941, #6424, #308, .T. ) ;
#1604 = CARTESIAN_POINT ( 'NONE',  ( 45.00000000000000000, -7.480134752671422582, -31.02000003054214261 ) ) ;
#1605 = DIRECTION ( 'NONE',  ( -0.000000000000000000, -0.003648347717577634600, -0.9999933447573196021 ) ) ;
#1606 = DIRECTION ( 'NONE',  ( 0.000000000000000000, 0.000000000000000000, 1.000000000000000000 ) ) ;
#1607 = PLANE ( 'NONE',  #1433 ) ;
#1608 = VECTOR ( 'NONE', #9994, 1000.000000000000000 ) ;
#1609 = ORIENTED_EDGE ( 'NONE', *, *, #6882, .T. ) ;
#1611 = ORIENTED_EDGE ( 'NONE', *, *, #8616, .T. ) ;
#1610 = ADVANCED_FACE ( 'NONE', ( #4359 ), #9099, .T. ) ;
#1612 = PLANE ( 'NONE',  #8898 ) ;
#1613 =( LENGTH_UNIT ( ) NAMED_UNIT ( * ) SI_UNIT ( .MILLI., .METRE. ) );
#1614 = CARTESIAN_POINT ( 'NONE',  ( 45.00000000000000000, -7.019482434295976958, 32.44053807877953233 ) ) ;
#1615 = ORIENTED_EDGE ( 'NONE', *, *, #1122, .F. ) ;
#1616 = CARTESIAN_POINT ( 'NONE',  ( -45.00000000000000000, -11.43098560819059450, -33.00999837446184415 ) ) ;
#1617 = SURFACE_STYLE_USAGE ( .BOTH. , #6513 ) ;
#1618 = DIRECTION ( 'NONE',  ( 1.000000000000000000, 0.000000000000000000, 0.000000000000000000 ) ) ;
#1619 = EDGE_CURVE ( 'NONE', #6534, #5078, #8595, .T. ) ;
#1620 =( LENGTH_UNIT ( ) NAMED_UNIT ( * ) SI_UNIT ( .MILLI., .METRE. ) );
#1621 = SURFACE_STYLE_USAGE ( .BOTH. , #8671 ) ;
#1622 = AXIS2_PLACEMENT_3D ( 'NONE', #4759, #3169, #6304 ) ;
#1623 = CARTESIAN_POINT ( 'NONE',  ( 45.00000000000000000, 11.86703759629968324, 32.44053828763777858 ) ) ;
#1624 = DIRECTION ( 'NONE',  ( -1.000000000000000000, -0.000000000000000000, -0.000000000000000000 ) ) ;
#1625 = VERTEX_POINT ( 'NONE', #5514 ) ;
#1626 = ORIENTED_EDGE ( 'NONE', *, *, #1591, .T. ) ;
#1627 = FILL_AREA_STYLE_COLOUR ( '', #5127 ) ;
#1628 = ORIENTED_EDGE ( 'NONE', *, *, #4641, .F. ) ;
#1629 = AXIS2_PLACEMENT_3D ( 'NONE', #6325, #6279, #8632 ) ;
#1630 =( LENGTH_UNIT ( ) NAMED_UNIT ( * ) SI_UNIT ( .MILLI., .METRE. ) );
#1631 = CARTESIAN_POINT ( 'NONE',  ( 45.00000000000000000, -6.977354174434200473, 32.67945782525377041 ) ) ;
#1632 = CARTESIAN_POINT ( 'NONE',  ( 45.00000000000000000, 7.523180987188937685, -32.44053807877948969 ) ) ;
#1633 = DIRECTION ( 'NONE',  ( 0.000000000000000000, 0.000000000000000000, -1.000000000000000000 ) ) ;
#1634 = FILL_AREA_STYLE_COLOUR ( '', #6657 ) ;
#1635 = VERTEX_POINT ( 'NONE', #2329 ) ;
#1636 = EDGE_CURVE ( 'NONE', #8296, #3647, #8062, .T. ) ;
#1637 = AXIS2_PLACEMENT_3D ( 'NONE', #4946, #6981, #1463 ) ;
#1638 =( GEOMETRIC_REPRESENTATION_CONTEXT ( 3 ) GLOBAL_UNCERTAINTY_ASSIGNED_CONTEXT ( ( #9349 ) ) GLOBAL_UNIT_ASSIGNED_CONTEXT ( ( #8235, #338, #3457 ) ) REPRESENTATION_CONTEXT ( 'NONE', 'WORKASPACE' ) );
#1639 = DIRECTION ( 'NONE',  ( 0.000000000000000000, -0.9999999999999957812, -9.158641632038290393E-08 ) ) ;
#1640 = DIRECTION ( 'NONE',  ( 0.000000000000000000, 0.000000000000000000, -1.000000000000000000 ) ) ;
#1641 = VECTOR ( 'NONE', #4175, 1000.000000000000000 ) ;
#1642 = CYLINDRICAL_SURFACE ( 'NONE', #1470, 0.3999999110189667029 ) ;
#1643 = LINE ( 'NONE', #762, #1735 ) ;
#1644 = VERTEX_POINT ( 'NONE', #7991 ) ;
#1645 = EDGE_CURVE ( 'NONE', #6266, #115, #6242, .T. ) ;
#1646 = VECTOR ( 'NONE', #444, 1000.000000000000114 ) ;
#1647 = DIRECTION ( 'NONE',  ( -1.000000000000000000, -0.000000000000000000, -0.000000000000000000 ) ) ;
#1648 = DIRECTION ( 'NONE',  ( -1.000000000000000000, -0.000000000000000000, -0.000000000000000000 ) ) ;
#1649 = ORIENTED_EDGE ( 'NONE', *, *, #8435, .T. ) ;
#1650 = FILL_AREA_STYLE ('',( #9498 ) ) ;
#1652 = STYLED_ITEM ( 'NONE', ( #5651 ), #951 ) ;
#1651 = PRESENTATION_LAYER_ASSIGNMENT (  '', '', ( #490 ) ) ;
#1653 = DIRECTION ( 'NONE',  ( 1.000000000000000000, 0.000000000000000000, 0.000000000000000000 ) ) ;
#1654 = CARTESIAN_POINT ( 'NONE',  ( 45.00000000000000000, -12.80678489071173409, 33.00999847889072214 ) ) ;
#1655 = CARTESIAN_POINT ( 'NONE',  ( 45.00000000000000000, -12.41286131668016068, 32.67945703790467604 ) ) ;
#1656 = PRESENTATION_STYLE_ASSIGNMENT (( #2381 ) ) ;
#1657 =( LENGTH_UNIT ( ) NAMED_UNIT ( * ) SI_UNIT ( .MILLI., .METRE. ) );
#1658 = VERTEX_POINT ( 'NONE', #34 ) ;
#1659 = VECTOR ( 'NONE', #9220, 1000.000000000000000 ) ;
#1661 = PRESENTATION_LAYER_ASSIGNMENT (  '', '', ( #6445 ) ) ;
#1660 = PRESENTATION_LAYER_ASSIGNMENT (  '', '', ( #5125 ) ) ;
#1662 = SURFACE_STYLE_USAGE ( .BOTH. , #1710 ) ;
#1663 = EDGE_CURVE ( 'NONE', #3724, #6516, #4696, .T. ) ;
#1664 = CARTESIAN_POINT ( 'NONE',  ( 45.00000000000000000, 8.635335294115236593, -32.44053818320860216 ) ) ;
#1665 =( LENGTH_UNIT ( ) NAMED_UNIT ( * ) SI_UNIT ( .MILLI., .METRE. ) );
#1666 = ORIENTED_EDGE ( 'NONE', *, *, #2840, .T. ) ;
#1667 = AXIS2_PLACEMENT_3D ( 'NONE', #4101, #1956, #7360 ) ;
#1668 = DIRECTION ( 'NONE',  ( -0.000000000000000000, 0.1736463975343600918, -0.9848080668959504624 ) ) ;
#1669 = ADVANCED_FACE ( 'NONE', ( #4056 ), #6293, .T. ) ;
#1670 = PRESENTATION_STYLE_ASSIGNMENT (( #1617 ) ) ;
#1671 = DIRECTION ( 'NONE',  ( -1.000000000000000000, -0.000000000000000000, -0.000000000000000000 ) ) ;
#1672 =( LENGTH_UNIT ( ) NAMED_UNIT ( * ) SI_UNIT ( .MILLI., .METRE. ) );
#1673 = CARTESIAN_POINT ( 'NONE',  ( 45.00000000000000000, 3.787780920752721325, -32.44053786992127897 ) ) ;
#1674 =( NAMED_UNIT ( * ) SI_UNIT ( $, .STERADIAN. ) SOLID_ANGLE_UNIT ( ) );
#1675 = ORIENTED_EDGE ( 'NONE', *, *, #6745, .F. ) ;
#1676 = ORIENTED_EDGE ( 'NONE', *, *, #2124, .T. ) ;
#1677 = SURFACE_STYLE_USAGE ( .BOTH. , #4877 ) ;
#1678 = ORIENTED_EDGE ( 'NONE', *, *, #6154, .T. ) ;
#1679 = ADVANCED_FACE ( 'NONE', ( #712 ), #8079, .F. ) ;
#1680 = AXIS2_PLACEMENT_3D ( 'NONE', #5529, #877, #9509 ) ;
#1681 = VERTEX_POINT ( 'NONE', #4939 ) ;
#1682 = FILL_AREA_STYLE ('',( #7965 ) ) ;
#1683 = PLANE ( 'NONE',  #2208 ) ;
#1684 = ORIENTED_EDGE ( 'NONE', *, *, #5226, .F. ) ;
#1685 = SURFACE_STYLE_USAGE ( .BOTH. , #5601 ) ;
#1686 = FILL_AREA_STYLE_COLOUR ( '', #3135 ) ;
#1687 = SURFACE_STYLE_FILL_AREA ( #3842 ) ;
#1688 = MECHANICAL_DESIGN_GEOMETRIC_PRESENTATION_REPRESENTATION (  '', ( #1358 ), #26 ) ;
#1689 = ORIENTED_EDGE ( 'NONE', *, *, #756, .F. ) ;
#1690 = CARTESIAN_POINT ( 'NONE',  ( 45.00000000000000000, 6.583431986834322736, 33.00999795674542980 ) ) ;
#1691 =( NAMED_UNIT ( * ) PLANE_ANGLE_UNIT ( ) SI_UNIT ( $, .RADIAN. ) );
#1692 = LINE ( 'NONE', #8745, #8002 ) ;
#1693 = ADVANCED_FACE ( 'NONE', ( #7252 ), #5706, .T. ) ;
#1694 = CARTESIAN_POINT ( 'NONE',  ( -45.00000000000000000, 4.291478071613920697, -32.44053786992127897 ) ) ;
#1695 = CARTESIAN_POINT ( 'NONE',  ( -45.00000000000000000, -13.99999993022134248, 31.00999744296073501 ) ) ;
#1696 =( GEOMETRIC_REPRESENTATION_CONTEXT ( 3 ) GLOBAL_UNCERTAINTY_ASSIGNED_CONTEXT ( ( #8078 ) ) GLOBAL_UNIT_ASSIGNED_CONTEXT ( ( #4543, #7618, #2278 ) ) REPRESENTATION_CONTEXT ( 'NONE', 'WORKASPACE' ) );
#1697 = ORIENTED_EDGE ( 'NONE', *, *, #1861, .T. ) ;
#1698 = PRESENTATION_STYLE_ASSIGNMENT (( #6241 ) ) ;
#1699 =( NAMED_UNIT ( * ) PLANE_ANGLE_UNIT ( ) SI_UNIT ( $, .RADIAN. ) );
#1700 = FILL_AREA_STYLE_COLOUR ( '', #669 ) ;
#1701 = DIRECTION ( 'NONE',  ( 0.000000000000000000, 0.000000000000000000, -1.000000000000000000 ) ) ;
#1702 = CARTESIAN_POINT ( 'NONE',  ( -45.00000000000000000, -1.735876861465577958, -32.60999783686574460 ) ) ;
#1703 =( GEOMETRIC_REPRESENTATION_CONTEXT ( 3 ) GLOBAL_UNCERTAINTY_ASSIGNED_CONTEXT ( ( #8684 ) ) GLOBAL_UNIT_ASSIGNED_CONTEXT ( ( #3872, #7122, #5625 ) ) REPRESENTATION_CONTEXT ( 'NONE', 'WORKASPACE' ) );
#1704 = CARTESIAN_POINT ( 'NONE',  ( 45.00000000000000000, -1.735876861465577958, -32.60999783686574460 ) ) ;
#1705 = ADVANCED_FACE ( 'NONE', ( #7348 ), #7145, .F. ) ;
#1706 = CARTESIAN_POINT ( 'NONE',  ( 45.00000000000000000, -5.361502716649362732, -32.67945772082509848 ) ) ;
#1707 = DIRECTION ( 'NONE',  ( -1.000000000000000000, -0.000000000000000000, -0.000000000000000000 ) ) ;
#1708 = EDGE_LOOP ( 'NONE', ( #2121, #9675, #7095, #977 ) ) ;
#1709 = CARTESIAN_POINT ( 'NONE',  ( 45.00000000000000000, -7.019482434296157258, -32.44053807877948259 ) ) ;
#1710 = SURFACE_SIDE_STYLE ('',( #3213 ) ) ;
#1711 = SURFACE_SIDE_STYLE ('',( #8005 ) ) ;
#1712 = CARTESIAN_POINT ( 'NONE',  ( -45.00000000000000000, 11.80013504562275095, 31.08641782480465210 ) ) ;
#1713 = ORIENTED_EDGE ( 'NONE', *, *, #7114, .T. ) ;
#1714 = PRESENTATION_LAYER_ASSIGNMENT (  '', '', ( #6991 ) ) ;
#1715 = AXIS2_PLACEMENT_3D ( 'NONE', #1010, #4351, #2762 ) ;
#1716 = MECHANICAL_DESIGN_GEOMETRIC_PRESENTATION_REPRESENTATION (  '', ( #3381 ), #1385 ) ;
#1717 = SURFACE_SIDE_STYLE ('',( #5729 ) ) ;
#1718 = EDGE_CURVE ( 'NONE', #1489, #7909, #1013, .T. ) ;
#1719 =( LENGTH_UNIT ( ) NAMED_UNIT ( * ) SI_UNIT ( .MILLI., .METRE. ) );
#1720 =( GEOMETRIC_REPRESENTATION_CONTEXT ( 3 ) GLOBAL_UNCERTAINTY_ASSIGNED_CONTEXT ( ( #424 ) ) GLOBAL_UNIT_ASSIGNED_CONTEXT ( ( #8776, #1737, #3931 ) ) REPRESENTATION_CONTEXT ( 'NONE', 'WORKASPACE' ) );
#1721 = CARTESIAN_POINT ( 'NONE',  ( -45.00000000000000000, -6.480134752671421694, -31.02000003054214261 ) ) ;
#1722 = DIRECTION ( 'NONE',  ( 0.000000000000000000, 0.000000000000000000, -1.000000000000000000 ) ) ;
#1723 = CARTESIAN_POINT ( 'NONE',  ( 45.00000000000000000, -2.171928060933655313, -32.44053776549218071 ) ) ;
#1724 = AXIS2_PLACEMENT_3D ( 'NONE', #6421, #7230, #8874 ) ;
#1725 = CARTESIAN_POINT ( 'NONE',  ( 45.00000000000000000, -11.89937256005882737, -28.68732955409895169 ) ) ;
#1726 = PLANE ( 'NONE',  #987 ) ;
#1727 = VECTOR ( 'NONE', #403, 1000.000000000000114 ) ;
#1728 = ORIENTED_EDGE ( 'NONE', *, *, #7515, .F. ) ;
#1729 = ORIENTED_EDGE ( 'NONE', *, *, #3677, .F. ) ;
#1730 = DIRECTION ( 'NONE',  ( -0.000000000000000000, -1.000000000000000000, -0.000000000000000000 ) ) ;
#1731 = ORIENTED_EDGE ( 'NONE', *, *, #9531, .F. ) ;
#1732 = VECTOR ( 'NONE', #6416, 1000.000000000000114 ) ;
#1733 = SURFACE_SIDE_STYLE ('',( #8775 ) ) ;
#1734 = EDGE_CURVE ( 'NONE', #4873, #9416, #6635, .T. ) ;
#1735 = VECTOR ( 'NONE', #7986, 1000.000000000000000 ) ;
#1736 = STYLED_ITEM ( 'NONE', ( #2829 ), #7274 ) ;
#1737 =( NAMED_UNIT ( * ) PLANE_ANGLE_UNIT ( ) SI_UNIT ( $, .RADIAN. ) );
#1738 = VECTOR ( 'NONE', #10070, 1000.000000000000000 ) ;
#1739 = ORIENTED_EDGE ( 'NONE', *, *, #3980, .F. ) ;
#1740 = SURFACE_STYLE_FILL_AREA ( #1682 ) ;
#1741 = CARTESIAN_POINT ( 'NONE',  ( -45.00000000000000000, 5.907329529401420309, -32.44053797435039144 ) ) ;
#1742 = PRESENTATION_LAYER_ASSIGNMENT (  '', '', ( #4709 ) ) ;
#1743 = MECHANICAL_DESIGN_GEOMETRIC_PRESENTATION_REPRESENTATION (  '', ( #4536 ), #9479 ) ;
#1744 = CARTESIAN_POINT ( 'NONE',  ( 45.00000000000000000, 16.00000071886211117, -31.00999754738981196 ) ) ;
#1745 = MECHANICAL_DESIGN_GEOMETRIC_PRESENTATION_REPRESENTATION (  '', ( #2237 ), #9646 ) ;
#1746 = EDGE_CURVE ( 'NONE', #8577, #7205, #2041, .T. ) ;
#1747 = ORIENTED_EDGE ( 'NONE', *, *, #6329, .T. ) ;
#1748 = DIRECTION ( 'NONE',  ( 0.000000000000000000, -0.9848077160741748326, 0.1736483871527967904 ) ) ;
#1749 = DIRECTION ( 'NONE',  ( 0.000000000000000000, 0.000000000000000000, -1.000000000000000000 ) ) ;
#1750 = MECHANICAL_DESIGN_GEOMETRIC_PRESENTATION_REPRESENTATION (  '', ( #8481 ), #8814 ) ;
#1751 = PRESENTATION_STYLE_ASSIGNMENT (( #5458 ) ) ;
#1752 = CARTESIAN_POINT ( 'NONE',  ( 45.00000000000000000, -11.89937286954925533, 28.68732924143479934 ) ) ;
#1753 = SURFACE_STYLE_USAGE ( .BOTH. , #1595 ) ;
#1754 =( NAMED_UNIT ( * ) SI_UNIT ( $, .STERADIAN. ) SOLID_ANGLE_UNIT ( ) );
#1755 = PRESENTATION_STYLE_ASSIGNMENT (( #4147 ) ) ;
#1756 = EDGE_CURVE ( 'NONE', #5305, #2120, #1156, .T. ) ;
#1757 = ORIENTED_EDGE ( 'NONE', *, *, #6441, .F. ) ;
#1758 =( GEOMETRIC_REPRESENTATION_CONTEXT ( 3 ) GLOBAL_UNCERTAINTY_ASSIGNED_CONTEXT ( ( #6013 ) ) GLOBAL_UNIT_ASSIGNED_CONTEXT ( ( #595, #1432, #902 ) ) REPRESENTATION_CONTEXT ( 'NONE', 'WORKASPACE' ) );
#1759 = DIRECTION ( 'NONE',  ( -1.000000000000000000, -0.000000000000000000, -0.000000000000000000 ) ) ;
#1760 = SURFACE_STYLE_USAGE ( .BOTH. , #5816 ) ;
#1761 = DIRECTION ( 'NONE',  ( 0.000000000000000000, 0.9848075680949350819, -0.1736492263816335757 ) ) ;
#1762 = PRESENTATION_STYLE_ASSIGNMENT (( #6401 ) ) ;
#1763 = DIRECTION ( 'NONE',  ( 0.000000000000000000, 0.1736492263815916093, -0.9848075680949424093 ) ) ;
#1764 = LINE ( 'NONE', #8095, #7316 ) ;
#1765 = CARTESIAN_POINT ( 'NONE',  ( 45.00000000000000000, -9.400259928559240308, -29.72753069126596515 ) ) ;
#1766 = ORIENTED_EDGE ( 'NONE', *, *, #1283, .T. ) ;
#1767 = VECTOR ( 'NONE', #1668, 1000.000000000000227 ) ;
#1768 = SURFACE_STYLE_USAGE ( .BOTH. , #9744 ) ;
#1769 = DIRECTION ( 'NONE',  ( 0.000000000000000000, 0.1736492263816585002, 0.9848075680949306410 ) ) ;
#1770 = ORIENTED_EDGE ( 'NONE', *, *, #2160, .F. ) ;
#1771 = ADVANCED_FACE ( 'NONE', ( #1896 ), #5913, .T. ) ;
#1772 = LINE ( 'NONE', #4910, #1084 ) ;
#1773 = STYLED_ITEM ( 'NONE', ( #3423 ), #5121 ) ;
#1774 = DIRECTION ( 'NONE',  ( 0.000000000000000000, 0.000000000000000000, 1.000000000000000000 ) ) ;
#1775 = LINE ( 'NONE', #5785, #3688 ) ;
#1776 = VERTEX_POINT ( 'NONE', #1277 ) ;
#1777 = DIRECTION ( 'NONE',  ( 0.000000000000000000, 0.000000000000000000, -1.000000000000000000 ) ) ;
#1778 = LINE ( 'NONE', #5019, #6073 ) ;
#1779 = FACE_OUTER_BOUND ( 'NONE', #1265, .T. ) ;
#1780 = FILL_AREA_STYLE_COLOUR ( '', #9087 ) ;
#1781 = LINE ( 'NONE', #8059, #4346 ) ;
#1782 =( GEOMETRIC_REPRESENTATION_CONTEXT ( 3 ) GLOBAL_UNCERTAINTY_ASSIGNED_CONTEXT ( ( #7450 ) ) GLOBAL_UNIT_ASSIGNED_CONTEXT ( ( #6554, #8147, #4209 ) ) REPRESENTATION_CONTEXT ( 'NONE', 'WORKASPACE' ) );
#1783 =( NAMED_UNIT ( * ) PLANE_ANGLE_UNIT ( ) SI_UNIT ( $, .RADIAN. ) );
#1784 = CARTESIAN_POINT ( 'NONE',  ( -45.00000000000000000, -8.199282692615440737, 33.00999816560115363 ) ) ;
#1785 = EDGE_CURVE ( 'NONE', #4070, #441, #5242, .T. ) ;
#1786 = ORIENTED_EDGE ( 'NONE', *, *, #9238, .F. ) ;
#1787 = VERTEX_POINT ( 'NONE', #8234 ) ;
#1788 = SURFACE_STYLE_FILL_AREA ( #8832 ) ;
#1789 = ORIENTED_EDGE ( 'NONE', *, *, #2543, .T. ) ;
#1790 = ORIENTED_EDGE ( 'NONE', *, *, #6873, .F. ) ;
#1791 =( NAMED_UNIT ( * ) SI_UNIT ( $, .STERADIAN. ) SOLID_ANGLE_UNIT ( ) );
#1792 = FACE_OUTER_BOUND ( 'NONE', #3362, .T. ) ;
#1793 = ORIENTED_EDGE ( 'NONE', *, *, #2048, .F. ) ;
#1794 = COLOUR_RGB ( '',0.8980392156862745390, 0.9176470588235293713, 0.9294117647058823817 ) ;
#1795 = FILL_AREA_STYLE_COLOUR ( '', #650 ) ;
#1796 = SURFACE_STYLE_USAGE ( .BOTH. , #5648 ) ;
#1797 = PRESENTATION_STYLE_ASSIGNMENT (( #1066 ) ) ;
#1798 = ORIENTED_EDGE ( 'NONE', *, *, #7915, .F. ) ;
#1799 = EDGE_CURVE ( 'NONE', #10187, #5745, #5048, .T. ) ;
#1800 = UNCERTAINTY_MEASURE_WITH_UNIT (LENGTH_MEASURE( 1.000000000000000082E-05 ), #7397, 'distance_accuracy_value', 'NONE');
#1801 = AXIS2_PLACEMENT_3D ( 'NONE', #8327, #5031, #5079 ) ;
#1802 =( LENGTH_UNIT ( ) NAMED_UNIT ( * ) SI_UNIT ( .MILLI., .METRE. ) );
#1803 = AXIS2_PLACEMENT_3D ( 'NONE', #4496, #5950, #9998 ) ;
#1804 =( NAMED_UNIT ( * ) SI_UNIT ( $, .STERADIAN. ) SOLID_ANGLE_UNIT ( ) );
#1805 = MECHANICAL_DESIGN_GEOMETRIC_PRESENTATION_REPRESENTATION (  '', ( #8374 ), #3120 ) ;
#1806 = CARTESIAN_POINT ( 'NONE',  ( -45.00000000000000000, -11.40137885631314418, 29.09155641868605002 ) ) ;
#1807 =( NAMED_UNIT ( * ) SI_UNIT ( $, .STERADIAN. ) SOLID_ANGLE_UNIT ( ) );
#1808 = MECHANICAL_DESIGN_GEOMETRIC_PRESENTATION_REPRESENTATION (  '', ( #6913 ), #9854 ) ;
#1809 = EDGE_LOOP ( 'NONE', ( #1159, #9829, #3856, #6240 ) ) ;
#1810 = FILL_AREA_STYLE ('',( #8849 ) ) ;
#1811 = VERTEX_POINT ( 'NONE', #9870 ) ;
#1812 = LINE ( 'NONE', #5062, #3841 ) ;
#1813 = EDGE_CURVE ( 'NONE', #7934, #7307, #6748, .T. ) ;
#1814 = DIRECTION ( 'NONE',  ( -1.000000000000000000, -0.000000000000000000, -0.000000000000000000 ) ) ;
#1815 = CARTESIAN_POINT ( 'NONE',  ( 45.00000000000000000, 14.25000067899707901, 28.28824028669469470 ) ) ;
#1816 = ORIENTED_EDGE ( 'NONE', *, *, #9796, .F. ) ;
#1817 = VECTOR ( 'NONE', #1648, 1000.000000000000000 ) ;
#1818 = SURFACE_STYLE_FILL_AREA ( #5722 ) ;
#1819 = STYLED_ITEM ( 'NONE', ( #109 ), #9404 ) ;
#1820 = DIRECTION ( 'NONE',  ( 0.000000000000000000, -0.9999999999999997780, 2.269681165707340177E-08 ) ) ;
#1821 = DIRECTION ( 'NONE',  ( -1.000000000000000000, -0.000000000000000000, -0.000000000000000000 ) ) ;
#1822 = STYLED_ITEM ( 'NONE', ( #2328 ), #317 ) ;
#1823 = ORIENTED_EDGE ( 'NONE', *, *, #3870, .F. ) ;
#1824 = MECHANICAL_DESIGN_GEOMETRIC_PRESENTATION_REPRESENTATION (  '', ( #496 ), #989 ) ;
#1825 =( LENGTH_UNIT ( ) NAMED_UNIT ( * ) SI_UNIT ( .MILLI., .METRE. ) );
#1826 = ADVANCED_FACE ( 'NONE', ( #9918 ), #383, .F. ) ;
#1827 = CARTESIAN_POINT ( 'NONE',  ( 45.00000000000000000, 8.078991119203342051E-07, -33.00999660752514586 ) ) ;
#1828 = CARTESIAN_POINT ( 'NONE',  ( 45.00000000000000000, 5.361504118678446673, -32.67945772082467215 ) ) ;
#1829 =( LENGTH_UNIT ( ) NAMED_UNIT ( * ) SI_UNIT ( .MILLI., .METRE. ) );
#1830 = CARTESIAN_POINT ( 'NONE',  ( 45.00000000000000000, 9.139032444976447067, -32.44053818320860216 ) ) ;
#1831 = ORIENTED_EDGE ( 'NONE', *, *, #4893, .F. ) ;
#1832 = PRESENTATION_LAYER_ASSIGNMENT (  '', '', ( #831 ) ) ;
#1833 = ORIENTED_EDGE ( 'NONE', *, *, #4160, .F. ) ;
#1834 = PRESENTATION_LAYER_ASSIGNMENT (  '', '', ( #6276 ) ) ;
#1835 = VECTOR ( 'NONE', #6470, 1000.000000000000000 ) ;
#1836 = ORIENTED_EDGE ( 'NONE', *, *, #6104, .T. ) ;
#1837 = SURFACE_STYLE_USAGE ( .BOTH. , #4132 ) ;
#1838 = FACE_OUTER_BOUND ( 'NONE', #6759, .T. ) ;
#1839 = LINE ( 'NONE', #119, #3078 ) ;
#1840 = EDGE_CURVE ( 'NONE', #942, #8813, #8520, .T. ) ;
#1841 =( GEOMETRIC_REPRESENTATION_CONTEXT ( 3 ) GLOBAL_UNCERTAINTY_ASSIGNED_CONTEXT ( ( #7789 ) ) GLOBAL_UNIT_ASSIGNED_CONTEXT ( ( #2057, #7717, #9063 ) ) REPRESENTATION_CONTEXT ( 'NONE', 'WORKASPACE' ) );
#1842 = ORIENTED_EDGE ( 'NONE', *, *, #7969, .F. ) ;
#1843 = DIRECTION ( 'NONE',  ( -1.000000000000000000, -0.000000000000000000, -0.000000000000000000 ) ) ;
#1844 = SURFACE_SIDE_STYLE ('',( #221 ) ) ;
#1845 = EDGE_LOOP ( 'NONE', ( #1323, #8064, #243, #10183 ) ) ;
#1846 = CARTESIAN_POINT ( 'NONE',  ( 45.00000000000000000, 6.583432636859658516, -33.00999806117201985 ) ) ;
#1847 = FILL_AREA_STYLE_COLOUR ( '', #810 ) ;
#1848 = ORIENTED_EDGE ( 'NONE', *, *, #2426, .F. ) ;
#1849 =( NAMED_UNIT ( * ) PLANE_ANGLE_UNIT ( ) SI_UNIT ( $, .RADIAN. ) );
#1850 = CARTESIAN_POINT ( 'NONE',  ( 45.00000000000000000, 9.181159827773125670, 32.67945752046473729 ) ) ;
#1851 = EDGE_CURVE ( 'NONE', #805, #5899, #3739, .T. ) ;
#1852 = FILL_AREA_STYLE_COLOUR ( '', #4858 ) ;
#1853 = LINE ( 'NONE', #1079, #2295 ) ;
#1854 = ORIENTED_EDGE ( 'NONE', *, *, #1145, .T. ) ;
#1855 = PRESENTATION_STYLE_ASSIGNMENT (( #9735 ) ) ;
#1856 =( NAMED_UNIT ( * ) SI_UNIT ( $, .STERADIAN. ) SOLID_ANGLE_UNIT ( ) );
#1857 = VERTEX_POINT ( 'NONE', #7094 ) ;
#1858 =( LENGTH_UNIT ( ) NAMED_UNIT ( * ) SI_UNIT ( .MILLI., .METRE. ) );
#1859 = FILL_AREA_STYLE_COLOUR ( '', #7636 ) ;
#1860 = LINE ( 'NONE', #6456, #3398 ) ;
#1861 = EDGE_CURVE ( 'NONE', #179, #7643, #3082, .T. ) ;
#1862 = CYLINDRICAL_SURFACE ( 'NONE', #4110, 0.3999999110189944584 ) ;
#1863 = ORIENTED_EDGE ( 'NONE', *, *, #8723, .T. ) ;
#1864 = EDGE_CURVE ( 'NONE', #7806, #6195, #2254, .T. ) ;
#1865 = UNCERTAINTY_MEASURE_WITH_UNIT (LENGTH_MEASURE( 1.000000000000000082E-05 ), #7784, 'distance_accuracy_value', 'NONE');
#1866 = COLOUR_RGB ( '',0.8980392156862745390, 0.9176470588235293713, 0.9294117647058823817 ) ;
#1867 = CARTESIAN_POINT ( 'NONE',  ( 45.00000000000000000, -15.99999993022108846, 31.00999744296073501 ) ) ;
#1868 =( NAMED_UNIT ( * ) SI_UNIT ( $, .STERADIAN. ) SOLID_ANGLE_UNIT ( ) );
#1869 = ORIENTED_EDGE ( 'NONE', *, *, #120, .T. ) ;
#1870 = CARTESIAN_POINT ( 'NONE',  ( 45.00000000000000000, -9.575082125561817037, 33.00999827003279563 ) ) ;
#1871 = DIRECTION ( 'NONE',  ( -0.000000000000000000, 1.000000000000000000, -0.000000000000000000 ) ) ;
#1872 = SURFACE_STYLE_FILL_AREA ( #8060 ) ;
#1873 = EDGE_CURVE ( 'NONE', #9093, #3210, #8623, .T. ) ;
#1874 = PLANE ( 'NONE',  #1160 ) ;
#1875 = VECTOR ( 'NONE', #9560, 1000.000000000000000 ) ;
#1876 = ORIENTED_EDGE ( 'NONE', *, *, #8167, .T. ) ;
#1877 = VERTEX_POINT ( 'NONE', #1581 ) ;
#1878 = VECTOR ( 'NONE', #9581, 1000.000000000000000 ) ;
#1879 =( NAMED_UNIT ( * ) PLANE_ANGLE_UNIT ( ) SI_UNIT ( $, .RADIAN. ) );
#1880 = VECTOR ( 'NONE', #5323, 1000.000000000000227 ) ;
#1881 = ORIENTED_EDGE ( 'NONE', *, *, #4211, .T. ) ;
#1882 = CARTESIAN_POINT ( 'NONE',  ( -45.00000000000000000, 11.73786895889039705, -28.97153314907093602 ) ) ;
#1883 = VECTOR ( 'NONE', #6613, 1000.000000000000000 ) ;
#1884 = SURFACE_STYLE_USAGE ( .BOTH. , #8069 ) ;
#1885 = VECTOR ( 'NONE', #6907, 1000.000000000000000 ) ;
#1886 = UNCERTAINTY_MEASURE_WITH_UNIT (LENGTH_MEASURE( 1.000000000000000082E-05 ), #3992, 'distance_accuracy_value', 'NONE');
#1887 = ORIENTED_EDGE ( 'NONE', *, *, #2170, .F. ) ;
#1888 = CIRCLE ( 'NONE', #7634, 0.3999999110189597640 ) ;
#1889 = CARTESIAN_POINT ( 'NONE',  ( 45.00000000000000000, 8.635334680724550793, 32.44053807877953943 ) ) ;
#1890 =( NAMED_UNIT ( * ) PLANE_ANGLE_UNIT ( ) SI_UNIT ( $, .RADIAN. ) );
#1891 = CIRCLE ( 'NONE', #5503, 1.000000000000007772 ) ;
#1892 = DIRECTION ( 'NONE',  ( -1.000000000000000000, -0.000000000000000000, -0.000000000000000000 ) ) ;
#1893 = ORIENTED_EDGE ( 'NONE', *, *, #4662, .F. ) ;
#1894 = COLOUR_RGB ( '',0.8980392156862745390, 0.9176470588235293713, 0.9294117647058823817 ) ;
#1895 = UNCERTAINTY_MEASURE_WITH_UNIT (LENGTH_MEASURE( 1.000000000000000082E-05 ), #8529, 'distance_accuracy_value', 'NONE');
#1896 = FACE_OUTER_BOUND ( 'NONE', #4489, .T. ) ;
#1897 = AXIS2_PLACEMENT_3D ( 'NONE', #9733, #3462, #2572 ) ;
#1898 = ADVANCED_FACE ( 'NONE', ( #3181 ), #6164, .F. ) ;
#1899 = VECTOR ( 'NONE', #6067, 1000.000000000000000 ) ;
#1900 = AXIS2_PLACEMENT_3D ( 'NONE', #3605, #1016, #2617 ) ;
#1901 = PRESENTATION_STYLE_ASSIGNMENT (( #9919 ) ) ;
#1902 = VECTOR ( 'NONE', #7105, 1000.000000000000000 ) ;
#1903 = STYLED_ITEM ( 'NONE', ( #8642 ), #5460 ) ;
#1904 = SURFACE_SIDE_STYLE ('',( #3353 ) ) ;
#1905 = PRESENTATION_STYLE_ASSIGNMENT (( #6593 ) ) ;
#1906 = COLOUR_RGB ( '',0.8980392156862745390, 0.9176470588235293713, 0.9294117647058823817 ) ;
#1907 = VERTEX_POINT ( 'NONE', #2301 ) ;
#1908 = EDGE_CURVE ( 'NONE', #6750, #1681, #3926, .T. ) ;
#1909 = AXIS2_PLACEMENT_3D ( 'NONE', #5987, #9799, #3431 ) ;
#1910 = AXIS2_PLACEMENT_3D ( 'NONE', #1850, #4892, #4790 ) ;
#1911 = ORIENTED_EDGE ( 'NONE', *, *, #527, .T. ) ;
#1912 = CARTESIAN_POINT ( 'NONE',  ( 45.00000000000000000, 7.959231456415265527, 33.00999806117454938 ) ) ;
#1913 = COLOUR_RGB ( '',0.8980392156862745390, 0.9176470588235293713, 0.9294117647058823817 ) ;
#1914 = SURFACE_STYLE_FILL_AREA ( #8816 ) ;
#1915 = ORIENTED_EDGE ( 'NONE', *, *, #2160, .T. ) ;
#1916 = EDGE_CURVE ( 'NONE', #3934, #2954, #4965, .T. ) ;
#1917 = FILL_AREA_STYLE ('',( #5832 ) ) ;
#1918 =( GEOMETRIC_REPRESENTATION_CONTEXT ( 3 ) GLOBAL_UNCERTAINTY_ASSIGNED_CONTEXT ( ( #1172 ) ) GLOBAL_UNIT_ASSIGNED_CONTEXT ( ( #1938, #9908, #4984 ) ) REPRESENTATION_CONTEXT ( 'NONE', 'WORKASPACE' ) );
#1919 =( NAMED_UNIT ( * ) PLANE_ANGLE_UNIT ( ) SI_UNIT ( $, .RADIAN. ) );
#1920 = DIRECTION ( 'NONE',  ( 0.000000000000000000, 0.000000000000000000, -1.000000000000000000 ) ) ;
#1921 = PLANE ( 'NONE',  #6509 ) ;
#1922 = MECHANICAL_DESIGN_GEOMETRIC_PRESENTATION_REPRESENTATION (  '', ( #6871 ), #3250 ) ;
#1923 = EDGE_LOOP ( 'NONE', ( #1176, #4797, #6225, #7197 ) ) ;
#1924 = EDGE_CURVE ( 'NONE', #7621, #1476, #4667, .T. ) ;
#1925 = FACE_OUTER_BOUND ( 'NONE', #8622, .T. ) ;
#1926 = SURFACE_SIDE_STYLE ('',( #5022 ) ) ;
#1927 = FILL_AREA_STYLE ('',( #9756 ) ) ;
#1928 = DIRECTION ( 'NONE',  ( 1.000000000000000000, 0.000000000000000000, 0.000000000000000000 ) ) ;
#1929 = CARTESIAN_POINT ( 'NONE',  ( -45.00000000000000000, 7.959232069805978860, -33.00999816560364764 ) ) ;
#1930 = VERTEX_POINT ( 'NONE', #1373 ) ;
#1931 = EDGE_LOOP ( 'NONE', ( #7560, #3783, #2938, #1666 ) ) ;
#1932 = COLOUR_RGB ( '',0.8980392156862745390, 0.9176470588235293713, 0.9294117647058823817 ) ;
#1933 = CARTESIAN_POINT ( 'NONE',  ( 45.00000000000000000, -10.79701049691968251, 32.67945772932299775 ) ) ;
#1934 = ORIENTED_EDGE ( 'NONE', *, *, #5949, .F. ) ;
#1935 = SURFACE_STYLE_FILL_AREA ( #8990 ) ;
#1936 = EDGE_CURVE ( 'NONE', #9089, #4372, #7810, .T. ) ;
#1937 = CARTESIAN_POINT ( 'NONE',  ( -45.00000000000000000, -3.351728319253076016, -32.60999794129484997 ) ) ;
#1938 =( LENGTH_UNIT ( ) NAMED_UNIT ( * ) SI_UNIT ( .MILLI., .METRE. ) );
#1939 = EDGE_LOOP ( 'NONE', ( #3013, #2516, #9487, #5537 ) ) ;
#1940 = VECTOR ( 'NONE', #1605, 1000.000000000000114 ) ;
#1941 = DIRECTION ( 'NONE',  ( -0.000000000000000000, 0.1736492263816077075, 0.9848075680949396338 ) ) ;
#1942 = DIRECTION ( 'NONE',  ( 0.000000000000000000, 0.000000000000000000, 1.000000000000000000 ) ) ;
#1943 = LINE ( 'NONE', #533, #5824 ) ;
#1944 = EDGE_LOOP ( 'NONE', ( #5104, #1218, #9803, #3509 ) ) ;
#1945 = LINE ( 'NONE', #174, #7722 ) ;
#1946 = EDGE_LOOP ( 'NONE', ( #6229, #4512, #2651, #5910 ) ) ;
#1947 = PRESENTATION_LAYER_ASSIGNMENT (  '', '', ( #8364 ) ) ;
#1948 = CYLINDRICAL_SURFACE ( 'NONE', #1900, 0.3999999999999767630 ) ;
#1949 = SURFACE_SIDE_STYLE ('',( #9101 ) ) ;
#1950 = DIRECTION ( 'NONE',  ( 0.000000000000000000, 0.1736492263816077075, -0.9848075680949396338 ) ) ;
#1951 =( LENGTH_UNIT ( ) NAMED_UNIT ( * ) SI_UNIT ( .MILLI., .METRE. ) );
#1952 = ADVANCED_FACE ( 'NONE', ( #6271 ), #7705, .F. ) ;
#1953 = VERTEX_POINT ( 'NONE', #3978 ) ;
#1954 = VECTOR ( 'NONE', #1158, 1000.000000000000114 ) ;
#1955 = DIRECTION ( 'NONE',  ( -1.000000000000000000, -0.000000000000000000, -0.000000000000000000 ) ) ;
#1956 = DIRECTION ( 'NONE',  ( -1.000000000000000000, -0.000000000000000000, -0.000000000000000000 ) ) ;
#1957 = PRESENTATION_LAYER_ASSIGNMENT (  '', '', ( #3763 ) ) ;
#1958 = SURFACE_STYLE_FILL_AREA ( #291 ) ;
#1959 = PRESENTATION_LAYER_ASSIGNMENT (  '', '', ( #4928 ) ) ;
#1960 = CARTESIAN_POINT ( 'NONE',  ( 45.00000000000000000, -11.19093358334937882, 33.00999837446191520 ) ) ;
#1961 = SURFACE_STYLE_FILL_AREA ( #7523 ) ;
#1962 = DIRECTION ( 'NONE',  ( -1.000000000000000000, -0.000000000000000000, -0.000000000000000000 ) ) ;
#1963 = STYLED_ITEM ( 'NONE', ( #1905 ), #8941 ) ;
#1964 = EDGE_CURVE ( 'NONE', #6516, #2325, #8880, .T. ) ;
#1965 = ORIENTED_EDGE ( 'NONE', *, *, #3686, .T. ) ;
#1966 =( NAMED_UNIT ( * ) SI_UNIT ( $, .STERADIAN. ) SOLID_ANGLE_UNIT ( ) );
#1967 = UNCERTAINTY_MEASURE_WITH_UNIT (LENGTH_MEASURE( 1.000000000000000082E-05 ), #10161, 'distance_accuracy_value', 'NONE');
#1968 = PRESENTATION_LAYER_ASSIGNMENT (  '', '', ( #6256 ) ) ;
#1969 = LINE ( 'NONE', #7319, #10119 ) ;
#1970 = DIRECTION ( 'NONE',  ( 0.000000000000000000, 0.000000000000000000, -1.000000000000000000 ) ) ;
#1971 = DIRECTION ( 'NONE',  ( 0.000000000000000000, -0.1736483871527849387, -0.9848077160741768310 ) ) ;
#1972 = SURFACE_STYLE_FILL_AREA ( #7224 ) ;
#1973 = COLOUR_RGB ( '',0.8980392156862745390, 0.9176470588235293713, 0.9294117647058823817 ) ;
#1974 = ORIENTED_EDGE ( 'NONE', *, *, #212, .F. ) ;
#1975 = EDGE_CURVE ( 'NONE', #4765, #6917, #4980, .T. ) ;
#1976 = PRESENTATION_LAYER_ASSIGNMENT (  '', '', ( #1317 ) ) ;
#1977 = AXIS2_PLACEMENT_3D ( 'NONE', #5491, #6382, #4137 ) ;
#1978 = SURFACE_STYLE_USAGE ( .BOTH. , #1926 ) ;
#1979 = UNCERTAINTY_MEASURE_WITH_UNIT (LENGTH_MEASURE( 1.000000000000000082E-05 ), #176, 'distance_accuracy_value', 'NONE');
#1980 = UNCERTAINTY_MEASURE_WITH_UNIT (LENGTH_MEASURE( 1.000000000000000082E-05 ), #3865, 'distance_accuracy_value', 'NONE');
#1981 = FILL_AREA_STYLE_COLOUR ( '', #4103 ) ;
#1982 = COLOUR_RGB ( '',0.8980392156862745390, 0.9176470588235293713, 0.9294117647058823817 ) ;
#1983 = DIRECTION ( 'NONE',  ( 0.000000000000000000, 0.000000000000000000, -1.000000000000000000 ) ) ;
#1984 = ORIENTED_EDGE ( 'NONE', *, *, #4883, .F. ) ;
#1985 = FILL_AREA_STYLE ('',( #9040 ) ) ;
#1987 = AXIS2_PLACEMENT_3D ( 'NONE', #2564, #4193, #9584 ) ;
#1986 = AXIS2_PLACEMENT_3D ( 'NONE', #7952, #8670, #4767 ) ;
#1988 = SURFACE_STYLE_USAGE ( .BOTH. , #2089 ) ;
#1989 = CARTESIAN_POINT ( 'NONE',  ( 45.00000000000000000, 12.80678631115699773, -33.00999858331919512 ) ) ;
#1990 = SURFACE_SIDE_STYLE ('',( #3541 ) ) ;
#1991 = UNCERTAINTY_MEASURE_WITH_UNIT (LENGTH_MEASURE( 1.000000000000000082E-05 ), #10095, 'distance_accuracy_value', 'NONE');
#1992 = ORIENTED_EDGE ( 'NONE', *, *, #7441, .T. ) ;
#1993 = CARTESIAN_POINT ( 'NONE',  ( 45.00000000000000000, -10.25118534987110408, 32.44053828763777148 ) ) ;
#1994 = VECTOR ( 'NONE', #9167, 1000.000000000000000 ) ;
#1995 = SURFACE_STYLE_FILL_AREA ( #4458 ) ;
#1997 = STYLED_ITEM ( 'NONE', ( #5218 ), #1294 ) ;
#1996 =( GEOMETRIC_REPRESENTATION_CONTEXT ( 3 ) GLOBAL_UNCERTAINTY_ASSIGNED_CONTEXT ( ( #2414 ) ) GLOBAL_UNIT_ASSIGNED_CONTEXT ( ( #7630, #4394, #9188 ) ) REPRESENTATION_CONTEXT ( 'NONE', 'WORKASPACE' ) );
#1998 = ORIENTED_EDGE ( 'NONE', *, *, #3530, .F. ) ;
#1999 =( GEOMETRIC_REPRESENTATION_CONTEXT ( 3 ) GLOBAL_UNCERTAINTY_ASSIGNED_CONTEXT ( ( #1312 ) ) GLOBAL_UNIT_ASSIGNED_CONTEXT ( ( #4817, #9575, #4128 ) ) REPRESENTATION_CONTEXT ( 'NONE', 'WORKASPACE' ) );
#2000 = UNCERTAINTY_MEASURE_WITH_UNIT (LENGTH_MEASURE( 1.000000000000000082E-05 ), #4139, 'distance_accuracy_value', 'NONE');
#2001 = EDGE_CURVE ( 'NONE', #4386, #697, #5640, .T. ) ;
#2002 = PRESENTATION_STYLE_ASSIGNMENT (( #4249 ) ) ;
#2003 = PRESENTATION_STYLE_ASSIGNMENT (( #9052 ) ) ;
#2004 = PRESENTATION_LAYER_ASSIGNMENT (  '', '', ( #8254 ) ) ;
#2005 = CYLINDRICAL_SURFACE ( 'NONE', #3876, 1.000000000000028644 ) ;
#2006 = CARTESIAN_POINT ( 'NONE',  ( 45.00000000000000000, -2.171928060933655313, -32.44053776549218071 ) ) ;
#2007 = SURFACE_STYLE_USAGE ( .BOTH. , #9060 ) ;
#2008 = VERTEX_POINT ( 'NONE', #8115 ) ;
#2009 =( NAMED_UNIT ( * ) SI_UNIT ( $, .STERADIAN. ) SOLID_ANGLE_UNIT ( ) );
#2010 = ORIENTED_EDGE ( 'NONE', *, *, #5137, .T. ) ;
#2011 = EDGE_CURVE ( 'NONE', #8007, #6084, #8018, .T. ) ;
#2012 = DIRECTION ( 'NONE',  ( 1.000000000000000000, 0.000000000000000000, 0.000000000000000000 ) ) ;
#2013 = PLANE ( 'NONE',  #9131 ) ;
#2014 = DIRECTION ( 'NONE',  ( 0.000000000000000000, -0.9848075680949420763, 0.1736492263815938297 ) ) ;
#2015 = LINE ( 'NONE', #9935, #559 ) ;
#2016 =( NAMED_UNIT ( * ) SI_UNIT ( $, .STERADIAN. ) SOLID_ANGLE_UNIT ( ) );
#2017 = ORIENTED_EDGE ( 'NONE', *, *, #1095, .F. ) ;
#2018 = EDGE_LOOP ( 'NONE', ( #2350, #7570, #10130, #6526 ) ) ;
#2019 = DIRECTION ( 'NONE',  ( 1.000000000000000000, 0.000000000000000000, 0.000000000000000000 ) ) ;
#2020 = VERTEX_POINT ( 'NONE', #6318 ) ;
#2021 = PRESENTATION_STYLE_ASSIGNMENT (( #1039 ) ) ;
#2022 = VERTEX_POINT ( 'NONE', #2453 ) ;
#2023 = PRESENTATION_STYLE_ASSIGNMENT (( #6094 ) ) ;
#2024 = DIRECTION ( 'NONE',  ( 0.000000000000000000, 8.681839261284318306E-07, -0.9999999999996231903 ) ) ;
#2025 = DIRECTION ( 'NONE',  ( 0.000000000000000000, 0.000000000000000000, -1.000000000000000000 ) ) ;
#2026 = AXIS2_PLACEMENT_3D ( 'NONE', #3837, #7660, #1722 ) ;
#2027 = UNCERTAINTY_MEASURE_WITH_UNIT (LENGTH_MEASURE( 1.000000000000000082E-05 ), #6387, 'distance_accuracy_value', 'NONE');
#2028 = ADVANCED_FACE ( 'NONE', ( #3341 ), #268, .T. ) ;
#2029 = EDGE_CURVE ( 'NONE', #1041, #9274, #1171, .T. ) ;
#2030 = CYLINDRICAL_SURFACE ( 'NONE', #5570, 0.1999999999999640954 ) ;
#2031 = ORIENTED_EDGE ( 'NONE', *, *, #3530, .T. ) ;
#2032 = ORIENTED_EDGE ( 'NONE', *, *, #2409, .F. ) ;
#2033 = CARTESIAN_POINT ( 'NONE',  ( 45.00000000000000000, 14.24999945824050052, -28.28824096683820599 ) ) ;
#2034 = PRESENTATION_STYLE_ASSIGNMENT (( #7508 ) ) ;
#2035 = CIRCLE ( 'NONE', #1217, 0.3999999110189667029 ) ;
#2036 = FILL_AREA_STYLE_COLOUR ( '', #122 ) ;
#2037 = ORIENTED_EDGE ( 'NONE', *, *, #1145, .F. ) ;
#2038 = ORIENTED_EDGE ( 'NONE', *, *, #6114, .F. ) ;
#2039 = DIRECTION ( 'NONE',  ( -1.000000000000000000, -0.000000000000000000, -0.000000000000000000 ) ) ;
#2040 = ADVANCED_FACE ( 'NONE', ( #5544 ), #8677, .T. ) ;
#2041 = LINE ( 'NONE', #5194, #1646 ) ;
#2042 = AXIS2_PLACEMENT_3D ( 'NONE', #784, #4762, #7949 ) ;
#2043 = ORIENTED_EDGE ( 'NONE', *, *, #6272, .T. ) ;
#2044 = CIRCLE ( 'NONE', #7804, 0.9999999999999904521 ) ;
#2045 = FILL_AREA_STYLE ('',( #5808 ) ) ;
#2046 = CARTESIAN_POINT ( 'NONE',  ( -45.00000000000000000, 11.90137842359745868, -29.09155691211363859 ) ) ;
#2047 = SURFACE_SIDE_STYLE ('',( #2828 ) ) ;
#2048 = EDGE_CURVE ( 'NONE', #9038, #6845, #6892, .T. ) ;
#2049 = SURFACE_STYLE_USAGE ( .BOTH. , #2771 ) ;
#2050 =( LENGTH_UNIT ( ) NAMED_UNIT ( * ) SI_UNIT ( .MILLI., .METRE. ) );
#2051 = PRESENTATION_LAYER_ASSIGNMENT (  '', '', ( #6500 ) ) ;
#2052 = ORIENTED_EDGE ( 'NONE', *, *, #7948, .T. ) ;
#2053 = COLOUR_RGB ( '',0.8980392156862745390, 0.9176470588235293713, 0.9294117647058823817 ) ;
#2054 = VECTOR ( 'NONE', #7384, 1000.000000000000114 ) ;
#2055 = LINE ( 'NONE', #5350, #1659 ) ;
#2056 = PRESENTATION_LAYER_ASSIGNMENT (  '', '', ( #9631 ) ) ;
#2057 =( LENGTH_UNIT ( ) NAMED_UNIT ( * ) SI_UNIT ( .MILLI., .METRE. ) );
#2058 = VECTOR ( 'NONE', #7937, 1000.000000000000000 ) ;
#2059 = DIRECTION ( 'NONE',  ( -1.000000000000000000, -0.000000000000000000, -0.000000000000000000 ) ) ;
#2060 = ORIENTED_EDGE ( 'NONE', *, *, #5075, .T. ) ;
#2061 =( NAMED_UNIT ( * ) PLANE_ANGLE_UNIT ( ) SI_UNIT ( $, .RADIAN. ) );
#2062 = LINE ( 'NONE', #5209, #6856 ) ;
#2063 =( GEOMETRIC_REPRESENTATION_CONTEXT ( 3 ) GLOBAL_UNCERTAINTY_ASSIGNED_CONTEXT ( ( #9814 ) ) GLOBAL_UNIT_ASSIGNED_CONTEXT ( ( #9503, #9445, #10049 ) ) REPRESENTATION_CONTEXT ( 'NONE', 'WORKASPACE' ) );
#2064 = CARTESIAN_POINT ( 'NONE',  ( -45.00000000000000000, -7.480134739806465483, 29.72764464165788922 ) ) ;
#2065 = FILL_AREA_STYLE ('',( #8398 ) ) ;
#2066 = PRESENTATION_LAYER_ASSIGNMENT (  '', '', ( #9954 ) ) ;
#2067 = STYLED_ITEM ( 'NONE', ( #1018 ), #7221 ) ;
#2068 = EDGE_CURVE ( 'NONE', #7307, #6869, #4397, .T. ) ;
#2069 = CARTESIAN_POINT ( 'NONE',  ( -45.00000000000000000, 14.00000071886237407, -31.00999754738981196 ) ) ;
#2070 = MECHANICAL_DESIGN_GEOMETRIC_PRESENTATION_REPRESENTATION (  '', ( #7825 ), #2391 ) ;
#2071 = SURFACE_SIDE_STYLE ('',( #2842 ) ) ;
#2072 = EDGE_LOOP ( 'NONE', ( #6614, #3821, #7161, #6732 ) ) ;
#2073 = CIRCLE ( 'NONE', #1909, 0.3999999110189875196 ) ;
#2074 =( GEOMETRIC_REPRESENTATION_CONTEXT ( 3 ) GLOBAL_UNCERTAINTY_ASSIGNED_CONTEXT ( ( #6738 ) ) GLOBAL_UNIT_ASSIGNED_CONTEXT ( ( #9228, #3849, #1390 ) ) REPRESENTATION_CONTEXT ( 'NONE', 'WORKASPACE' ) );
#2075 = FILL_AREA_STYLE_COLOUR ( '', #2159 ) ;
#2076 = STYLED_ITEM ( 'NONE', ( #6477 ), #7573 ) ;
#2077 = SURFACE_STYLE_FILL_AREA ( #10046 ) ;
#2078 = CARTESIAN_POINT ( 'NONE',  ( 45.00000000000000000, 9.800134291210595094, -31.02000040005234283 ) ) ;
#2079 = SURFACE_STYLE_FILL_AREA ( #4439 ) ;
#2080 =( GEOMETRIC_REPRESENTATION_CONTEXT ( 3 ) GLOBAL_UNCERTAINTY_ASSIGNED_CONTEXT ( ( #2707 ) ) GLOBAL_UNIT_ASSIGNED_CONTEXT ( ( #8237, #2879, #1180 ) ) REPRESENTATION_CONTEXT ( 'NONE', 'WORKASPACE' ) );
#2081 = VERTEX_POINT ( 'NONE', #8172 ) ;
#2082 = SURFACE_STYLE_FILL_AREA ( #2962 ) ;
#2083 = DIRECTION ( 'NONE',  ( -0.000000000000000000, -0.003648347717577634600, -0.9999933447573196021 ) ) ;
#2084 = AXIS2_PLACEMENT_3D ( 'NONE', #2659, #7545, #1057 ) ;
#2085 = CARTESIAN_POINT ( 'NONE',  ( -45.00000000000000000, -6.343379209986686362, 33.00999806117455648 ) ) ;
#2086 = ORIENTED_EDGE ( 'NONE', *, *, #6126, .F. ) ;
#2087 = LINE ( 'NONE', #4399, #8823 ) ;
#2088 = MECHANICAL_DESIGN_GEOMETRIC_PRESENTATION_REPRESENTATION (  '', ( #8345 ), #6537 ) ;
#2089 = SURFACE_SIDE_STYLE ('',( #4400 ) ) ;
#2090 = ORIENTED_EDGE ( 'NONE', *, *, #849, .F. ) ;
#2091 = DIRECTION ( 'NONE',  ( -0.000000000000000000, 0.1736492263815810344, 0.9848075680949442967 ) ) ;
#2092 = EDGE_CURVE ( 'NONE', #5472, #918, #1112, .T. ) ;
#2093 = AXIS2_PLACEMENT_3D ( 'NONE', #7446, #3675, #5233 ) ;
#2094 = CARTESIAN_POINT ( 'NONE',  ( 45.00000000000000000, -9.139031042944855798, -32.44053818320858085 ) ) ;
#2095 = EDGE_LOOP ( 'NONE', ( #6916, #525, #1731, #3637 ) ) ;
#2096 = ORIENTED_EDGE ( 'NONE', *, *, #6725, .F. ) ;
#2097 = UNCERTAINTY_MEASURE_WITH_UNIT (LENGTH_MEASURE( 1.000000000000000082E-05 ), #3238, 'distance_accuracy_value', 'NONE');
#2098 = SURFACE_STYLE_FILL_AREA ( #6014 ) ;
#2099 = ORIENTED_EDGE ( 'NONE', *, *, #6034, .T. ) ;
#2100 = VECTOR ( 'NONE', #7115, 1000.000000000000000 ) ;
#2101 = LINE ( 'NONE', #7708, #571 ) ;
#2102 = FILL_AREA_STYLE ('',( #9827 ) ) ;
#2103 = CARTESIAN_POINT ( 'NONE',  ( 45.00000000000000000, 11.91902595064858694, 28.48824028669467978 ) ) ;
#2104 = EDGE_CURVE ( 'NONE', #27, #3270, #5231, .T. ) ;
#2105 = CARTESIAN_POINT ( 'NONE',  ( 45.00000000000000000, 10.75488390276393602, -32.44053828763770753 ) ) ;
#2106 = VERTEX_POINT ( 'NONE', #4291 ) ;
#2107 = SURFACE_STYLE_USAGE ( .BOTH. , #9062 ) ;
#2108 = LINE ( 'NONE', #6027, #6285 ) ;
#2109 = CARTESIAN_POINT ( 'NONE',  ( 45.00000000000000000, 10.25118675190273976, -32.44053828763770753 ) ) ;
#2110 = EDGE_CURVE ( 'NONE', #5029, #5851, #3590, .T. ) ;
#2111 = VERTEX_POINT ( 'NONE', #2699 ) ;
#2112 = CARTESIAN_POINT ( 'NONE',  ( -45.00000000000000000, -8.593205632224368173, -32.67945792968329499 ) ) ;
#2113 = DIRECTION ( 'NONE',  ( 1.000000000000000000, 0.000000000000000000, 0.000000000000000000 ) ) ;
#2114 = PRESENTATION_STYLE_ASSIGNMENT (( #4427 ) ) ;
#2115 = PLANE ( 'NONE',  #5679 ) ;
#2116 = DIRECTION ( 'NONE',  ( 0.000000000000000000, 0.1736492263816335757, -0.9848075680949350819 ) ) ;
#2117 = VECTOR ( 'NONE', #3774, 1000.000000000000000 ) ;
#2118 = COLOUR_RGB ( '',0.8980392156862745390, 0.9176470588235293713, 0.9294117647058823817 ) ;
#2119 = FILL_AREA_STYLE_COLOUR ( '', #5983 ) ;
#2120 = VERTEX_POINT ( 'NONE', #5898 ) ;
#2121 = ORIENTED_EDGE ( 'NONE', *, *, #4516, .F. ) ;
#2122 = ORIENTED_EDGE ( 'NONE', *, *, #4150, .T. ) ;
#2123 = SURFACE_STYLE_USAGE ( .BOTH. , #3664 ) ;
#2124 = EDGE_CURVE ( 'NONE', #5273, #5374, #6403, .T. ) ;
#2125 = LINE ( 'NONE', #10148, #2100 ) ;
#2126 = DIRECTION ( 'NONE',  ( -1.000000000000000000, -0.000000000000000000, -0.000000000000000000 ) ) ;
#2127 = SURFACE_STYLE_FILL_AREA ( #7535 ) ;
#2128 = ORIENTED_EDGE ( 'NONE', *, *, #4290, .F. ) ;
#2129 = LINE ( 'NONE', #4330, #3773 ) ;
#2130 = PRESENTATION_STYLE_ASSIGNMENT (( #2913 ) ) ;
#2131 = CARTESIAN_POINT ( 'NONE',  ( -45.00000000000000000, 12.80678631115699773, -33.00999858331919512 ) ) ;
#2132 = VECTOR ( 'NONE', #5376, 1000.000000000000114 ) ;
#2133 = ORIENTED_EDGE ( 'NONE', *, *, #3348, .F. ) ;
#2134 = AXIS2_PLACEMENT_3D ( 'NONE', #3941, #7195, #4889 ) ;
#2135 = CARTESIAN_POINT ( 'NONE',  ( 45.00000000000000000, -7.480134739806465483, 31.02000000000007418 ) ) ;
#2136 = DIRECTION ( 'NONE',  ( 0.000000000000000000, -0.9848075680949418542, 0.1736492263815952453 ) ) ;
#2137 = EDGE_CURVE ( 'NONE', #9734, #2020, #7541, .T. ) ;
#2138 = VECTOR ( 'NONE', #5594, 1000.000000000000000 ) ;
#2139 = DIRECTION ( 'NONE',  ( 0.000000000000000000, 1.000000000000000000, 0.000000000000000000 ) ) ;
#2140 = VERTEX_POINT ( 'NONE', #6731 ) ;
#2141 = DIRECTION ( 'NONE',  ( -1.000000000000000000, -0.000000000000000000, -0.000000000000000000 ) ) ;
#2142 =( NAMED_UNIT ( * ) PLANE_ANGLE_UNIT ( ) SI_UNIT ( $, .RADIAN. ) );
#2143 = STYLED_ITEM ( 'NONE', ( #2469 ), #1693 ) ;
#2144 = CARTESIAN_POINT ( 'NONE',  ( -45.00000000000000000, -6.343379209986895084, -33.00999806117453517 ) ) ;
#2145 = EDGE_LOOP ( 'NONE', ( #2233, #3490, #2434, #4981 ) ) ;
#2146 = MECHANICAL_DESIGN_GEOMETRIC_PRESENTATION_REPRESENTATION (  '', ( #2637 ), #9225 ) ;
#2147 = ORIENTED_EDGE ( 'NONE', *, *, #3846, .T. ) ;
#2148 = EDGE_CURVE ( 'NONE', #2353, #238, #5850, .T. ) ;
#2149 = DIRECTION ( 'NONE',  ( -1.000000000000000000, 0.000000000000000000, -0.000000000000000000 ) ) ;
#2150 = CARTESIAN_POINT ( 'NONE',  ( -45.00000000000000000, -11.41902514096136478, -28.48824078050320097 ) ) ;
#2151 = SURFACE_STYLE_FILL_AREA ( #5487 ) ;
#2152 = CIRCLE ( 'NONE', #9065, 0.4000000000000253353 ) ;
#2153 = CARTESIAN_POINT ( 'NONE',  ( 45.00000000000000000, -10.25118534987116270, -32.44053828763767910 ) ) ;
#2154 = SURFACE_SIDE_STYLE ('',( #1486 ) ) ;
#2155 = DIRECTION ( 'NONE',  ( 0.000000000000000000, 9.158641632038290393E-08, -0.9999999999999957812 ) ) ;
#2156 = VERTEX_POINT ( 'NONE', #2858 ) ;
#2157 = CYLINDRICAL_SURFACE ( 'NONE', #5776, 0.3999999110189597640 ) ;
#2158 = FILL_AREA_STYLE ('',( #3703 ) ) ;
#2159 = COLOUR_RGB ( '',0.8980392156862745390, 0.9176470588235293713, 0.9294117647058823817 ) ;
#2160 = EDGE_CURVE ( 'NONE', #8619, #9038, #8988, .T. ) ;
#2161 = SURFACE_STYLE_USAGE ( .BOTH. , #28 ) ;
#2162 = CARTESIAN_POINT ( 'NONE',  ( 45.00000000000000000, 11.86703759629968324, 32.44053828763777858 ) ) ;
#2163 = AXIS2_PLACEMENT_3D ( 'NONE', #9327, #698, #755 ) ;
#2164 = DIRECTION ( 'NONE',  ( -1.000000000000000000, -0.000000000000000000, -0.000000000000000000 ) ) ;
#2165 = CARTESIAN_POINT ( 'NONE',  ( 45.00000000000000000, -11.43098560819056786, 33.00999837445939988 ) ) ;
#2166 = ORIENTED_EDGE ( 'NONE', *, *, #9672, .F. ) ;
#2167 = ORIENTED_EDGE ( 'NONE', *, *, #279, .T. ) ;
#2168 = ORIENTED_EDGE ( 'NONE', *, *, #868, .T. ) ;
#2169 = FILL_AREA_STYLE ('',( #10044 ) ) ;
#2170 = EDGE_CURVE ( 'NONE', #897, #4989, #9809, .T. ) ;
#2171 = PRESENTATION_STYLE_ASSIGNMENT (( #4597 ) ) ;
#2172 = PLANE ( 'NONE',  #5392 ) ;
#2173 = PLANE ( 'NONE',  #3033 ) ;
#2174 = CYLINDRICAL_SURFACE ( 'NONE', #7006, 0.3999999110189667029 ) ;
#2175 = ORIENTED_EDGE ( 'NONE', *, *, #9652, .T. ) ;
#2176 = DIRECTION ( 'NONE',  ( 1.000000000000000000, 0.000000000000000000, 0.000000000000000000 ) ) ;
#2177 = EDGE_CURVE ( 'NONE', #4723, #1254, #5408, .T. ) ;
#2178 = CARTESIAN_POINT ( 'NONE',  ( 45.00000000000000000, 11.19093437199039975, 33.00999827003280274 ) ) ;
#2179 = DIRECTION ( 'NONE',  ( 1.000000000000000000, 0.000000000000000000, 0.000000000000000000 ) ) ;
#2180 = DIRECTION ( 'NONE',  ( -0.000000000000000000, 1.000000000000000000, -0.000000000000000000 ) ) ;
#2181 = ORIENTED_EDGE ( 'NONE', *, *, #8840, .T. ) ;
#2182 = SURFACE_SIDE_STYLE ('',( #9906 ) ) ;
#2183 = DIRECTION ( 'NONE',  ( 0.000000000000000000, 0.000000000000000000, 1.000000000000000000 ) ) ;
#2184 = PRESENTATION_LAYER_ASSIGNMENT (  '', '', ( #7786 ) ) ;
#2185 = ADVANCED_FACE ( 'NONE', ( #5957 ), #2030, .T. ) ;
#2186 = FACE_OUTER_BOUND ( 'NONE', #5224, .T. ) ;
#2187 = CARTESIAN_POINT ( 'NONE',  ( -45.00000000000000000, 10.75488328937331417, 32.44053818320866611 ) ) ;
#2188 = ORIENTED_EDGE ( 'NONE', *, *, #8904, .T. ) ;
#2189 = ORIENTED_EDGE ( 'NONE', *, *, #1068, .T. ) ;
#2190 = UNCERTAINTY_MEASURE_WITH_UNIT (LENGTH_MEASURE( 1.000000000000000082E-05 ), #5562, 'distance_accuracy_value', 'NONE');
#2191 = SURFACE_STYLE_FILL_AREA ( #3600 ) ;
#2192 = DIRECTION ( 'NONE',  ( 0.000000000000000000, -0.9848077160741768310, -0.1736483871527853551 ) ) ;
#2193 = ORIENTED_EDGE ( 'NONE', *, *, #2747, .F. ) ;
#2194 = COLOUR_RGB ( '',0.8980392156862745390, 0.9176470588235293713, 0.9294117647058823817 ) ;
#2195 = CARTESIAN_POINT ( 'NONE',  ( 45.00000000000000000, -11.82490854779937273, -32.67945813854151993 ) ) ;
#2196 = AXIS2_PLACEMENT_3D ( 'NONE', #8163, #9704, #5169 ) ;
#2197 = LINE ( 'NONE', #5301, #8964 ) ;
#2198 = CYLINDRICAL_SURFACE ( 'NONE', #3929, 0.3999999110189667029 ) ;
#2199 = FILL_AREA_STYLE ('',( #10021 ) ) ;
#2200 = DIRECTION ( 'NONE',  ( 1.000000000000000000, 0.000000000000000000, -0.000000000000000000 ) ) ;
#2201 = CARTESIAN_POINT ( 'NONE',  ( 45.00000000000000000, 12.41286210532141965, 32.67945693347553515 ) ) ;
#2202 = ORIENTED_EDGE ( 'NONE', *, *, #5236, .T. ) ;
#2203 = EDGE_CURVE ( 'NONE', #8066, #7849, #956, .T. ) ;
#2204 = CARTESIAN_POINT ( 'NONE',  ( 45.00000000000000000, -5.907328127369855686, -32.44053797435037723 ) ) ;
#2205 = UNCERTAINTY_MEASURE_WITH_UNIT (LENGTH_MEASURE( 1.000000000000000082E-05 ), #10053, 'distance_accuracy_value', 'NONE');
#2206 =( NAMED_UNIT ( * ) SI_UNIT ( $, .STERADIAN. ) SOLID_ANGLE_UNIT ( ) );
#2207 = VECTOR ( 'NONE', #2998, 1000.000000000000000 ) ;
#2208 = AXIS2_PLACEMENT_3D ( 'NONE', #7968, #3291, #8938 ) ;
#2209 = VERTEX_POINT ( 'NONE', #10055 ) ;
#2210 = SURFACE_SIDE_STYLE ('',( #9172 ) ) ;
#2211 = AXIS2_PLACEMENT_3D ( 'NONE', #4983, #8835, #5902 ) ;
#2212 = CARTESIAN_POINT ( 'NONE',  ( -45.00000000000000000, -12.41286131668040404, 32.67945703790463341 ) ) ;
#2213 = CARTESIAN_POINT ( 'NONE',  ( 45.00000000000000000, 10.80145614568966295, 29.72764464165788922 ) ) ;
#2214 = SURFACE_SIDE_STYLE ('',( #6130 ) ) ;
#2215 = VECTOR ( 'NONE', #10031, 1000.000000000000000 ) ;
#2216 = PRESENTATION_LAYER_ASSIGNMENT (  '', '', ( #4010 ) ) ;
#2217 = STYLED_ITEM ( 'NONE', ( #154 ), #6984 ) ;
#2218 = SURFACE_STYLE_FILL_AREA ( #1927 ) ;
#2219 = CARTESIAN_POINT ( 'NONE',  ( 45.00000000000000000, -9.575082125561817037, 32.60999827003276152 ) ) ;
#2220 = ORIENTED_EDGE ( 'NONE', *, *, #7209, .F. ) ;
#2221 = EDGE_CURVE ( 'NONE', #3885, #10075, #8461, .T. ) ;
#2222 = AXIS2_PLACEMENT_3D ( 'NONE', #9175, #9333, #1292 ) ;
#2223 = SURFACE_STYLE_FILL_AREA ( #425 ) ;
#2224 = VECTOR ( 'NONE', #1821, 1000.000000000000000 ) ;
#2225 = SURFACE_STYLE_USAGE ( .BOTH. , #8207 ) ;
#2226 = VECTOR ( 'NONE', #682, 1000.000000000000000 ) ;
#2227 = AXIS2_PLACEMENT_3D ( 'NONE', #4995, #5710, #4895 ) ;
#2228 = CYLINDRICAL_SURFACE ( 'NONE', #2932, 0.3999999999999767630 ) ;
#2229 = CARTESIAN_POINT ( 'NONE',  ( 45.00000000000000000, -5.361502716649362732, -32.67945772082509848 ) ) ;
#2230 = COLOUR_RGB ( '',0.8980392156862745390, 0.9176470588235293713, 0.9294117647058823817 ) ;
#2231 = UNCERTAINTY_MEASURE_WITH_UNIT (LENGTH_MEASURE( 1.000000000000000082E-05 ), #8487, 'distance_accuracy_value', 'NONE');
#2232 = CARTESIAN_POINT ( 'NONE',  ( -45.00000000000000000, 1.735878263497144580, -33.00999774788471086 ) ) ;
#2233 = ORIENTED_EDGE ( 'NONE', *, *, #4947, .T. ) ;
#2234 = LINE ( 'NONE', #5992, #2132 ) ;
#2235 = VECTOR ( 'NONE', #8103, 1000.000000000000000 ) ;
#2236 = AXIS2_PLACEMENT_3D ( 'NONE', #5821, #8041, #9597 ) ;
#2237 = STYLED_ITEM ( 'NONE', ( #229 ), #5530 ) ;
#2238 = DIRECTION ( 'NONE',  ( -0.000000000000000000, 0.1736483871528286260, -0.9848077160741690594 ) ) ;
#2239 = EDGE_CURVE ( 'NONE', #6996, #1201, #5430, .T. ) ;
#2240 =( GEOMETRIC_REPRESENTATION_CONTEXT ( 3 ) GLOBAL_UNCERTAINTY_ASSIGNED_CONTEXT ( ( #9206 ) ) GLOBAL_UNIT_ASSIGNED_CONTEXT ( ( #7398, #6741, #4404 ) ) REPRESENTATION_CONTEXT ( 'NONE', 'WORKASPACE' ) );
#2241 =( NAMED_UNIT ( * ) PLANE_ANGLE_UNIT ( ) SI_UNIT ( $, .RADIAN. ) );
#2242 = VERTEX_POINT ( 'NONE', #9958 ) ;
#2243 = CIRCLE ( 'NONE', #9654, 0.3999999110189667029 ) ;
#2244 = DIRECTION ( 'NONE',  ( 0.000000000000000000, 1.000000000000000000, 0.000000000000000000 ) ) ;
#2245 = ADVANCED_FACE ( 'NONE', ( #2916 ), #8414, .F. ) ;
#2246 = FACE_OUTER_BOUND ( 'NONE', #2557, .T. ) ;
#2247 = LINE ( 'NONE', #7752, #8992 ) ;
#2248 = SURFACE_SIDE_STYLE ('',( #587 ) ) ;
#2249 = PRESENTATION_LAYER_ASSIGNMENT (  '', '', ( #8490 ) ) ;
#2250 = CARTESIAN_POINT ( 'NONE',  ( 45.00000000000000000, 6.977355576465948950, -32.67945782525379173 ) ) ;
#2251 = ORIENTED_EDGE ( 'NONE', *, *, #930, .T. ) ;
#2252 = ORIENTED_EDGE ( 'NONE', *, *, #5799, .T. ) ;
#2253 =( NAMED_UNIT ( * ) PLANE_ANGLE_UNIT ( ) SI_UNIT ( $, .RADIAN. ) );
#2254 = LINE ( 'NONE', #10067, #7100 ) ;
#2255 = ORIENTED_EDGE ( 'NONE', *, *, #8259, .T. ) ;
#2256 = EDGE_CURVE ( 'NONE', #1201, #5472, #788, .T. ) ;
#2257 = LINE ( 'NONE', #8382, #4186 ) ;
#2258 = PRESENTATION_STYLE_ASSIGNMENT (( #7464 ) ) ;
#2259 = STYLED_ITEM ( 'NONE', ( #9353 ), #4635 ) ;
#2260 = FILL_AREA_STYLE ('',( #3890 ) ) ;
#2261 =( NAMED_UNIT ( * ) SI_UNIT ( $, .STERADIAN. ) SOLID_ANGLE_UNIT ( ) );
#2262 = CARTESIAN_POINT ( 'NONE',  ( 45.00000000000000000, 10.20905849204096683, -32.67945803411199535 ) ) ;
#2263 = CYLINDRICAL_SURFACE ( 'NONE', #870, 0.3999999110189944584 ) ;
#2264 = CARTESIAN_POINT ( 'NONE',  ( 45.00000000000000000, -6.583431234828084122, -33.00999806117453517 ) ) ;
#2265 = ORIENTED_EDGE ( 'NONE', *, *, #2001, .F. ) ;
#2266 = DIRECTION ( 'NONE',  ( 1.000000000000000000, 0.000000000000000000, 0.000000000000000000 ) ) ;
#2267 =( NAMED_UNIT ( * ) SI_UNIT ( $, .STERADIAN. ) SOLID_ANGLE_UNIT ( ) );
#2268 = FILL_AREA_STYLE_COLOUR ( '', #5382 ) ;
#2269 = ORIENTED_EDGE ( 'NONE', *, *, #7350, .F. ) ;
#2270 = FILL_AREA_STYLE_COLOUR ( '', #3689 ) ;
#2271 = SURFACE_STYLE_USAGE ( .BOTH. , #4535 ) ;
#2272 = FACE_OUTER_BOUND ( 'NONE', #170, .T. ) ;
#2273 = DIRECTION ( 'NONE',  ( -0.000000000000000000, -1.000000000000000000, -0.000000000000000000 ) ) ;
#2274 = EDGE_CURVE ( 'NONE', #4581, #6534, #3820, .T. ) ;
#2275 = DIRECTION ( 'NONE',  ( 0.000000000000000000, -0.9848075680949418542, 0.1736492263815952453 ) ) ;
#2276 =( GEOMETRIC_REPRESENTATION_CONTEXT ( 3 ) GLOBAL_UNCERTAINTY_ASSIGNED_CONTEXT ( ( #1060 ) ) GLOBAL_UNIT_ASSIGNED_CONTEXT ( ( #5773, #8037, #2629 ) ) REPRESENTATION_CONTEXT ( 'NONE', 'WORKASPACE' ) );
#2277 = FILL_AREA_STYLE ('',( #9537 ) ) ;
#2278 =( NAMED_UNIT ( * ) SI_UNIT ( $, .STERADIAN. ) SOLID_ANGLE_UNIT ( ) );
#2279 = ORIENTED_EDGE ( 'NONE', *, *, #2379, .F. ) ;
#2280 = EDGE_LOOP ( 'NONE', ( #9669, #3838, #2168, #5215 ) ) ;
#2281 = CARTESIAN_POINT ( 'NONE',  ( -45.00000000000000000, 12.80678631115699773, -33.00999858331919512 ) ) ;
#2282 = VERTEX_POINT ( 'NONE', #4500 ) ;
#2283 = PRESENTATION_STYLE_ASSIGNMENT (( #2225 ) ) ;
#2284 = SURFACE_SIDE_STYLE ('',( #5468 ) ) ;
#2285 = EDGE_CURVE ( 'NONE', #7236, #7345, #10003, .T. ) ;
#2286 = CARTESIAN_POINT ( 'NONE',  ( 45.00000000000000000, 7.565308369985570103, 32.67945741603563192 ) ) ;
#2287 = CARTESIAN_POINT ( 'NONE',  ( -45.00000000000000000, -11.86703680765867297, -32.44053839206678447 ) ) ;
#2288 = VECTOR ( 'NONE', #3922, 1000.000000000000000 ) ;
#2289 = STYLED_ITEM ( 'NONE', ( #2344 ), #2245 ) ;
#2290 = CARTESIAN_POINT ( 'NONE',  ( -45.00000000000000000, -14.25000017881387571, 28.28824047302991218 ) ) ;
#2291 = ORIENTED_EDGE ( 'NONE', *, *, #6745, .T. ) ;
#2292 =( NAMED_UNIT ( * ) PLANE_ANGLE_UNIT ( ) SI_UNIT ( $, .RADIAN. ) );
#2293 = EDGE_CURVE ( 'NONE', #7490, #6863, #7796, .T. ) ;
#2294 =( NAMED_UNIT ( * ) SI_UNIT ( $, .STERADIAN. ) SOLID_ANGLE_UNIT ( ) );
#2295 = VECTOR ( 'NONE', #8136, 1000.000000000000000 ) ;
#2296 = CARTESIAN_POINT ( 'NONE',  ( 45.00000000000000000, -10.75488250073230212, 32.44053828763777148 ) ) ;
#2297 = CARTESIAN_POINT ( 'NONE',  ( 45.00000000000000000, -7.019482434295976958, 32.44053807877953233 ) ) ;
#2298 = AXIS2_PLACEMENT_3D ( 'NONE', #7055, #8792, #1749 ) ;
#2299 = ORIENTED_EDGE ( 'NONE', *, *, #5811, .F. ) ;
#2300 = VERTEX_POINT ( 'NONE', #5577 ) ;
#2301 = CARTESIAN_POINT ( 'NONE',  ( 45.00000000000000000, -2.171928060933655313, -32.44053776549218071 ) ) ;
#2302 = ORIENTED_EDGE ( 'NONE', *, *, #294, .T. ) ;
#2303 = COLOUR_RGB ( '',0.8980392156862745390, 0.9176470588235293713, 0.9294117647058823817 ) ;
#2304 = SURFACE_STYLE_USAGE ( .BOTH. , #1583 ) ;
#2305 = DIRECTION ( 'NONE',  ( 1.000000000000000000, 0.000000000000000000, 0.000000000000000000 ) ) ;
#2306 = DIRECTION ( 'NONE',  ( 0.000000000000000000, 0.000000000000000000, -1.000000000000000000 ) ) ;
#2307 = CARTESIAN_POINT ( 'NONE',  ( 45.00000000000000000, -10.30018207335180769, -30.07663355703621733 ) ) ;
#2308 = PRESENTATION_STYLE_ASSIGNMENT (( #3836 ) ) ;
#2309 = CARTESIAN_POINT ( 'NONE',  ( 45.00000000000000000, -3.351728319253076016, -32.60999794129484997 ) ) ;
#2310 = AXIS2_PLACEMENT_3D ( 'NONE', #739, #4569, #10165 ) ;
#2311 = AXIS2_PLACEMENT_3D ( 'NONE', #3405, #2661, #8276 ) ;
#2312 = EDGE_CURVE ( 'NONE', #6059, #7067, #148, .T. ) ;
#2313 = ORIENTED_EDGE ( 'NONE', *, *, #83, .T. ) ;
#2314 = UNCERTAINTY_MEASURE_WITH_UNIT (LENGTH_MEASURE( 1.000000000000000082E-05 ), #1032, 'distance_accuracy_value', 'NONE');
#2315 = FACE_OUTER_BOUND ( 'NONE', #1382, .T. ) ;
#2316 = SURFACE_STYLE_USAGE ( .BOTH. , #4731 ) ;
#2317 = DIRECTION ( 'NONE',  ( 0.000000000000000000, 0.1736492263816221404, -0.9848075680949369692 ) ) ;
#2318 = SURFACE_STYLE_FILL_AREA ( #9224 ) ;
#2319 = AXIS2_PLACEMENT_3D ( 'NONE', #9284, #5366, #6621 ) ;
#2320 = PRESENTATION_LAYER_ASSIGNMENT (  '', '', ( #833 ) ) ;
#2321 = CARTESIAN_POINT ( 'NONE',  ( -45.00000000000000000, 7.019483836327741422, -32.44053807877948969 ) ) ;
#2322 =( NAMED_UNIT ( * ) PLANE_ANGLE_UNIT ( ) SI_UNIT ( $, .RADIAN. ) );
#2323 = CARTESIAN_POINT ( 'NONE',  ( 45.00000000000000000, -0.1200255863398349832, -33.00999660752514586 ) ) ;
#2324 =( NAMED_UNIT ( * ) SI_UNIT ( $, .STERADIAN. ) SOLID_ANGLE_UNIT ( ) );
#2325 = VERTEX_POINT ( 'NONE', #8716 ) ;
#2326 = ORIENTED_EDGE ( 'NONE', *, *, #4131, .T. ) ;
#2327 =( GEOMETRIC_REPRESENTATION_CONTEXT ( 3 ) GLOBAL_UNCERTAINTY_ASSIGNED_CONTEXT ( ( #5423 ) ) GLOBAL_UNIT_ASSIGNED_CONTEXT ( ( #5779, #8860, #357 ) ) REPRESENTATION_CONTEXT ( 'NONE', 'WORKASPACE' ) );
#2328 = PRESENTATION_STYLE_ASSIGNMENT (( #8750 ) ) ;
#2329 = CARTESIAN_POINT ( 'NONE',  ( 45.00000000000000000, 9.900259803754993371, -29.72753012488123758 ) ) ;
#2330 = CIRCLE ( 'NONE', #7098, 0.3999999110189667029 ) ;
#2331 = MECHANICAL_DESIGN_GEOMETRIC_PRESENTATION_REPRESENTATION (  '', ( #8085 ), #840 ) ;
#2332 = EDGE_LOOP ( 'NONE', ( #3817, #8969, #1517, #7079 ) ) ;
#2333 = EDGE_CURVE ( 'NONE', #2700, #6406, #4237, .T. ) ;
#2334 = SURFACE_STYLE_USAGE ( .BOTH. , #183 ) ;
#2335 = FACE_OUTER_BOUND ( 'NONE', #5552, .T. ) ;
#2336 = CARTESIAN_POINT ( 'NONE',  ( -45.00000000000000000, 9.139031831585761267, 32.44053807877953943 ) ) ;
#2337 =( NAMED_UNIT ( * ) PLANE_ANGLE_UNIT ( ) SI_UNIT ( $, .RADIAN. ) );
#2338 = UNCERTAINTY_MEASURE_WITH_UNIT (LENGTH_MEASURE( 1.000000000000000082E-05 ), #5714, 'distance_accuracy_value', 'NONE');
#2339 = STYLED_ITEM ( 'NONE', ( #9980 ), #768 ) ;
#2340 = CARTESIAN_POINT ( 'NONE',  ( 45.00000000000000000, -11.23426618474915806, 28.41166361926818240 ) ) ;
#2341 = VERTEX_POINT ( 'NONE', #45 ) ;
#2342 = VERTEX_POINT ( 'NONE', #1712 ) ;
#2343 = EDGE_CURVE ( 'NONE', #7285, #3221, #9556, .T. ) ;
#2344 = PRESENTATION_STYLE_ASSIGNMENT (( #6883 ) ) ;
#2345 = ORIENTED_EDGE ( 'NONE', *, *, #5822, .T. ) ;
#2346 = CARTESIAN_POINT ( 'NONE',  ( 45.00000000000000000, -11.19093358334940547, -33.00999837446184415 ) ) ;
#2347 = DIRECTION ( 'NONE',  ( -1.000000000000000000, -0.000000000000000000, -0.000000000000000000 ) ) ;
#2348 = DIRECTION ( 'NONE',  ( -1.000000000000000000, 0.000000000000000000, -0.000000000000000000 ) ) ;
#2349 = CARTESIAN_POINT ( 'NONE',  ( 45.00000000000000000, -4.333604665769748898, -32.67945731160656919 ) ) ;
#2350 = ORIENTED_EDGE ( 'NONE', *, *, #2203, .T. ) ;
#2351 = ADVANCED_FACE ( 'NONE', ( #7945 ), #4805, .F. ) ;
#2352 = ORIENTED_EDGE ( 'NONE', *, *, #9377, .F. ) ;
#2353 = VERTEX_POINT ( 'NONE', #7897 ) ;
#2354 = PRESENTATION_STYLE_ASSIGNMENT (( #4727 ) ) ;
#2355 = DIRECTION ( 'NONE',  ( 0.000000000000000000, -1.000000000000000000, 0.000000000000000000 ) ) ;
#2356 =( LENGTH_UNIT ( ) NAMED_UNIT ( * ) SI_UNIT ( .MILLI., .METRE. ) );
#2357 =( LENGTH_UNIT ( ) NAMED_UNIT ( * ) SI_UNIT ( .MILLI., .METRE. ) );
#2358 = ORIENTED_EDGE ( 'NONE', *, *, #3561, .F. ) ;
#2359 = EDGE_CURVE ( 'NONE', #7480, #7185, #1772, .T. ) ;
#2360 = LINE ( 'NONE', #5452, #10 ) ;
#2361 = VECTOR ( 'NONE', #3090, 1000.000000000000000 ) ;
#2362 = ORIENTED_EDGE ( 'NONE', *, *, #7296, .F. ) ;
#2363 = EDGE_CURVE ( 'NONE', #697, #8813, #7078, .T. ) ;
#2364 = PLANE ( 'NONE',  #1245 ) ;
#2365 = CYLINDRICAL_SURFACE ( 'NONE', #2403, 1.999999999999432898 ) ;
#2366 = SURFACE_STYLE_FILL_AREA ( #10139 ) ;
#2367 = SURFACE_STYLE_FILL_AREA ( #2277 ) ;
#2368 = ORIENTED_EDGE ( 'NONE', *, *, #5567, .F. ) ;
#2369 = ORIENTED_EDGE ( 'NONE', *, *, #8756, .T. ) ;
#2370 = VECTOR ( 'NONE', #7026, 1000.000000000000000 ) ;
#2371 = VECTOR ( 'NONE', #5964, 1000.000000000000114 ) ;
#2372 =( LENGTH_UNIT ( ) NAMED_UNIT ( * ) SI_UNIT ( .MILLI., .METRE. ) );
#2373 = VECTOR ( 'NONE', #7739, 1000.000000000000000 ) ;
#2374 = VERTEX_POINT ( 'NONE', #1614 ) ;
#2375 = FACE_OUTER_BOUND ( 'NONE', #5978, .T. ) ;
#2376 = DIRECTION ( 'NONE',  ( 0.000000000000000000, 0.000000000000000000, -1.000000000000000000 ) ) ;
#2377 = LINE ( 'NONE', #5521, #1940 ) ;
#2378 = VECTOR ( 'NONE', #1671, 1000.000000000000000 ) ;
#2379 = EDGE_CURVE ( 'NONE', #5374, #1041, #2496, .T. ) ;
#2380 = CARTESIAN_POINT ( 'NONE',  ( 45.00000000000000000, 7.019483222936990785, 32.44053797435041275 ) ) ;
#2381 = SURFACE_STYLE_USAGE ( .BOTH. , #3583 ) ;
#2382 = VECTOR ( 'NONE', #1538, 1000.000000000000000 ) ;
#2383 = VECTOR ( 'NONE', #1046, 1000.000000000000114 ) ;
#2384 = PLANE ( 'NONE',  #255 ) ;
#2385 = ORIENTED_EDGE ( 'NONE', *, *, #8530, .F. ) ;
#2386 = VECTOR ( 'NONE', #8442, 1000.000000000000114 ) ;
#2387 = ORIENTED_EDGE ( 'NONE', *, *, #190, .F. ) ;
#2388 = LINE ( 'NONE', #835, #1494 ) ;
#2389 = STYLED_ITEM ( 'NONE', ( #7034 ), #3110 ) ;
#2390 =( GEOMETRIC_REPRESENTATION_CONTEXT ( 3 ) GLOBAL_UNCERTAINTY_ASSIGNED_CONTEXT ( ( #6747 ) ) GLOBAL_UNIT_ASSIGNED_CONTEXT ( ( #4052, #2623, #1807 ) ) REPRESENTATION_CONTEXT ( 'NONE', 'WORKASPACE' ) );
#2391 =( GEOMETRIC_REPRESENTATION_CONTEXT ( 3 ) GLOBAL_UNCERTAINTY_ASSIGNED_CONTEXT ( ( #3534 ) ) GLOBAL_UNIT_ASSIGNED_CONTEXT ( ( #1124, #8288, #4252 ) ) REPRESENTATION_CONTEXT ( 'NONE', 'WORKASPACE' ) );
#2392 = ORIENTED_EDGE ( 'NONE', *, *, #2409, .T. ) ;
#2393 = CARTESIAN_POINT ( 'NONE',  ( 45.00000000000000000, -7.959230667774402690, -33.00999816560363342 ) ) ;
#2394 =( NAMED_UNIT ( * ) PLANE_ANGLE_UNIT ( ) SI_UNIT ( $, .RADIAN. ) );
#2395 = CARTESIAN_POINT ( 'NONE',  ( -45.00000000000000000, 14.00000071886211117, 33.00999837446191520 ) ) ;
#2396 = AXIS2_PLACEMENT_3D ( 'NONE', #6710, #4382, #9933 ) ;
#2397 = ADVANCED_FACE ( 'NONE', ( #2439 ), #880, .T. ) ;
#2398 = COLOUR_RGB ( '',0.8980392156862745390, 0.9176470588235293713, 0.9294117647058823817 ) ;
#2399 = DIRECTION ( 'NONE',  ( 0.000000000000000000, -0.1736483871527704226, 0.9848077160741792735 ) ) ;
#2400 = VECTOR ( 'NONE', #5199, 1000.000000000000000 ) ;
#2401 = STYLED_ITEM ( 'NONE', ( #8006 ), #2351 ) ;
#2402 = ORIENTED_EDGE ( 'NONE', *, *, #5612, .F. ) ;
#2403 = AXIS2_PLACEMENT_3D ( 'NONE', #960, #4831, #9634 ) ;
#2404 = ORIENTED_EDGE ( 'NONE', *, *, #5268, .F. ) ;
#2405 = MECHANICAL_DESIGN_GEOMETRIC_PRESENTATION_REPRESENTATION (  '', ( #76 ), #4367 ) ;
#2406 = DIRECTION ( 'NONE',  ( 0.000000000000000000, 0.000000000000000000, 1.000000000000000000 ) ) ;
#2407 = CARTESIAN_POINT ( 'NONE',  ( -45.00000000000000000, 5.907329529401420309, -32.44053797435039144 ) ) ;
#2408 = CARTESIAN_POINT ( 'NONE',  ( 45.00000000000000000, 10.75488328937331417, 32.44053818320866611 ) ) ;
#2409 = EDGE_CURVE ( 'NONE', #6525, #1548, #9897, .T. ) ;
#2410 = STYLED_ITEM ( 'NONE', ( #5855 ), #6823 ) ;
#2411 = CARTESIAN_POINT ( 'NONE',  ( -45.00000000000000000, 0.5139499279795723963, -32.67945637160686090 ) ) ;
#2412 =( NAMED_UNIT ( * ) PLANE_ANGLE_UNIT ( ) SI_UNIT ( $, .RADIAN. ) );
#2413 = EDGE_LOOP ( 'NONE', ( #9691, #205, #151, #4997 ) ) ;
#2414 = UNCERTAINTY_MEASURE_WITH_UNIT (LENGTH_MEASURE( 1.000000000000000082E-05 ), #7630, 'distance_accuracy_value', 'NONE');
#2415 = CARTESIAN_POINT ( 'NONE',  ( -45.00000000000000000, 12.41286210532141965, 32.67945693347553515 ) ) ;
#2416 =( NAMED_UNIT ( * ) SI_UNIT ( $, .STERADIAN. ) SOLID_ANGLE_UNIT ( ) );
#2417 = VERTEX_POINT ( 'NONE', #7431 ) ;
#2418 = COLOUR_RGB ( '',0.8980392156862745390, 0.9176470588235293713, 0.9294117647058823817 ) ;
#2419 =( NAMED_UNIT ( * ) SI_UNIT ( $, .STERADIAN. ) SOLID_ANGLE_UNIT ( ) );
#2420 = EDGE_CURVE ( 'NONE', #8021, #7595, #1969, .T. ) ;
#2421 = CARTESIAN_POINT ( 'NONE',  ( -45.00000000000000000, 16.00000071886211117, 31.00999837446186191 ) ) ;
#2422 = PRESENTATION_STYLE_ASSIGNMENT (( #3196 ) ) ;
#2423 = ORIENTED_EDGE ( 'NONE', *, *, #8773, .T. ) ;
#2424 = AXIS2_PLACEMENT_3D ( 'NONE', #2135, #2860, #6001 ) ;
#2425 = CARTESIAN_POINT ( 'NONE',  ( 45.00000000000000000, 11.43098639683158879, 33.00999827003280274 ) ) ;
#2426 = EDGE_CURVE ( 'NONE', #3017, #1811, #4218, .T. ) ;
#2427 = EDGE_LOOP ( 'NONE', ( #4527, #8717, #4431, #10004 ) ) ;
#2428 = DIRECTION ( 'NONE',  ( 0.000000000000000000, 0.1736492263816335757, 0.9848075680949350819 ) ) ;
#2429 = FILL_AREA_STYLE_COLOUR ( '', #710 ) ;
#2430 = FILL_AREA_STYLE ('',( #6354 ) ) ;
#2431 = DIRECTION ( 'NONE',  ( 0.000000000000000000, 0.000000000000000000, -1.000000000000000000 ) ) ;
#2432 = AXIS2_PLACEMENT_3D ( 'NONE', #5220, #5069, #6775 ) ;
#2433 = ORIENTED_EDGE ( 'NONE', *, *, #5702, .T. ) ;
#2434 = ORIENTED_EDGE ( 'NONE', *, *, #7491, .F. ) ;
#2435 = PRESENTATION_STYLE_ASSIGNMENT (( #4062 ) ) ;
#2436 = CARTESIAN_POINT ( 'NONE',  ( 45.00000000000000000, 10.79701128556071232, 32.67945762489390660 ) ) ;
#2437 = EDGE_CURVE ( 'NONE', #7214, #7028, #2791, .T. ) ;
#2438 = CARTESIAN_POINT ( 'NONE',  ( 45.00000000000000000, 7.019483836327741422, -32.44053807877948969 ) ) ;
#2439 = FACE_OUTER_BOUND ( 'NONE', #7222, .T. ) ;
#2440 = ORIENTED_EDGE ( 'NONE', *, *, #5846, .T. ) ;
#2441 = CARTESIAN_POINT ( 'NONE',  ( 45.00000000000000000, 9.900134291210605397, -29.82752931517285688 ) ) ;
#2442 =( GEOMETRIC_REPRESENTATION_CONTEXT ( 3 ) GLOBAL_UNCERTAINTY_ASSIGNED_CONTEXT ( ( #9915 ) ) GLOBAL_UNIT_ASSIGNED_CONTEXT ( ( #7509, #589, #439 ) ) REPRESENTATION_CONTEXT ( 'NONE', 'WORKASPACE' ) );
#2443 = FILL_AREA_STYLE_COLOUR ( '', #8802 ) ;
#2444 = DIRECTION ( 'NONE',  ( 0.000000000000000000, 0.000000000000000000, -1.000000000000000000 ) ) ;
#2445 = FACE_OUTER_BOUND ( 'NONE', #6548, .T. ) ;
#2446 = PLANE ( 'NONE',  #981 ) ;
#2447 = LINE ( 'NONE', #1673, #3843 ) ;
#2448 = AXIS2_PLACEMENT_3D ( 'NONE', #9856, #9037, #1983 ) ;
#2449 = STYLED_ITEM ( 'NONE', ( #7268 ), #2720 ) ;
#2450 = PRESENTATION_LAYER_ASSIGNMENT (  '', '', ( #6894 ) ) ;
#2451 = DIRECTION ( 'NONE',  ( -1.000000000000000000, -0.000000000000000000, -0.000000000000000000 ) ) ;
#2452 = ORIENTED_EDGE ( 'NONE', *, *, #9931, .T. ) ;
#2453 = CARTESIAN_POINT ( 'NONE',  ( 45.00000000000000000, 6.977355576465948950, -32.67945782525379173 ) ) ;
#2454 = ORIENTED_EDGE ( 'NONE', *, *, #1851, .F. ) ;
#2455 = VECTOR ( 'NONE', #503, 1000.000000000000114 ) ;
#2456 = ADVANCED_FACE ( 'NONE', ( #415 ), #3581, .T. ) ;
#2457 = VECTOR ( 'NONE', #3014, 1000.000000000000000 ) ;
#2458 = CARTESIAN_POINT ( 'NONE',  ( 45.00000000000000000, -0.1200255863398349832, -33.00999660752514586 ) ) ;
#2459 = CARTESIAN_POINT ( 'NONE',  ( -45.00000000000000000, -7.565307581344560717, 32.67945752046475860 ) ) ;
#2460 = ORIENTED_EDGE ( 'NONE', *, *, #7400, .F. ) ;
#2461 = LINE ( 'NONE', #3935, #2138 ) ;
#2462 = CARTESIAN_POINT ( 'NONE',  ( 45.00000000000000000, -12.80678454343816419, 32.60999847889101488 ) ) ;
#2463 = STYLED_ITEM ( 'NONE', ( #2003 ), #1592 ) ;
#2464 = DIRECTION ( 'NONE',  ( 0.000000000000000000, 0.000000000000000000, -1.000000000000000000 ) ) ;
#2465 = EDGE_LOOP ( 'NONE', ( #2302, #8593, #6624, #3735 ) ) ;
#2466 = SURFACE_STYLE_FILL_AREA ( #3144 ) ;
#2467 = PRESENTATION_LAYER_ASSIGNMENT (  '', '', ( #6913 ) ) ;
#2468 = EDGE_CURVE ( 'NONE', #9253, #5658, #6515, .T. ) ;
#2469 = PRESENTATION_STYLE_ASSIGNMENT (( #9680 ) ) ;
#2470 = FILL_AREA_STYLE_COLOUR ( '', #7892 ) ;
#2471 = SURFACE_STYLE_USAGE ( .BOTH. , #9534 ) ;
#2472 = DIRECTION ( 'NONE',  ( 0.000000000000000000, 0.1736483871527953471, 0.9848077160741750546 ) ) ;
#2473 = MECHANICAL_DESIGN_GEOMETRIC_PRESENTATION_REPRESENTATION (  '', ( #7566 ), #5433 ) ;
#2474 = SURFACE_SIDE_STYLE ('',( #2520 ) ) ;
#2475 =( LENGTH_UNIT ( ) NAMED_UNIT ( * ) SI_UNIT ( .MILLI., .METRE. ) );
#2476 = ORIENTED_EDGE ( 'NONE', *, *, #10101, .F. ) ;
#2477 = ORIENTED_EDGE ( 'NONE', *, *, #8055, .F. ) ;
#2478 = STYLED_ITEM ( 'NONE', ( #9971 ), #1826 ) ;
#2479 = DIRECTION ( 'NONE',  ( 0.000000000000000000, -1.000000000000000000, 0.000000000000000000 ) ) ;
#2480 = CARTESIAN_POINT ( 'NONE',  ( -45.00000000000000000, -14.25000017881387571, 28.28824047302991218 ) ) ;
#2481 = EDGE_CURVE ( 'NONE', #8491, #3724, #2073, .T. ) ;
#2482 = CARTESIAN_POINT ( 'NONE',  ( 45.00000000000000000, -11.82490854779937273, -32.67945813854151993 ) ) ;
#2483 = MECHANICAL_DESIGN_GEOMETRIC_PRESENTATION_REPRESENTATION (  '', ( #5439 ), #4951 ) ;
#2484 = VECTOR ( 'NONE', #955, 1000.000000000000000 ) ;
#2485 = FILL_AREA_STYLE_COLOUR ( '', #4749 ) ;
#2486 = CARTESIAN_POINT ( 'NONE',  ( -45.00000000000000000, -5.907328127369855686, -32.44053797435037723 ) ) ;
#2487 = ORIENTED_EDGE ( 'NONE', *, *, #524, .F. ) ;
#2488 = VECTOR ( 'NONE', #1759, 1000.000000000000000 ) ;
#2490 = VECTOR ( 'NONE', #7025, 1000.000000000000000 ) ;
#2489 = AXIS2_PLACEMENT_3D ( 'NONE', #7943, #5624, #8662 ) ;
#2491 = DIRECTION ( 'NONE',  ( -0.000000000000000000, 0.000000000000000000, 1.000000000000000000 ) ) ;
#2492 =( NAMED_UNIT ( * ) PLANE_ANGLE_UNIT ( ) SI_UNIT ( $, .RADIAN. ) );
#2493 = VECTOR ( 'NONE', #688, 1000.000000000000227 ) ;
#2494 = EDGE_CURVE ( 'NONE', #9069, #2342, #5782, .T. ) ;
#2495 = DIRECTION ( 'NONE',  ( 0.000000000000000000, -0.9848075680949318622, 0.1736492263816519499 ) ) ;
#2496 = LINE ( 'NONE', #984, #4865 ) ;
#2497 = VERTEX_POINT ( 'NONE', #2740 ) ;
#2498 = AXIS2_PLACEMENT_3D ( 'NONE', #7314, #3519, #7469 ) ;
#2499 = FILL_AREA_STYLE_COLOUR ( '', #3086 ) ;
#2500 = FACE_OUTER_BOUND ( 'NONE', #8856, .T. ) ;
#2501 = LINE ( 'NONE', #2539, #3850 ) ;
#2502 = EDGE_CURVE ( 'NONE', #5291, #6632, #4970, .T. ) ;
#2503 = SURFACE_SIDE_STYLE ('',( #3174 ) ) ;
#2504 = FACE_OUTER_BOUND ( 'NONE', #1939, .T. ) ;
#2505 = CARTESIAN_POINT ( 'NONE',  ( 45.00000000000000000, -4.727527952613725049, 33.00999692081514780 ) ) ;
#2506 = ORIENTED_EDGE ( 'NONE', *, *, #6464, .T. ) ;
#2507 = ORIENTED_EDGE ( 'NONE', *, *, #3879, .F. ) ;
#2508 = LINE ( 'NONE', #270, #2382 ) ;
#2509 = EDGE_CURVE ( 'NONE', #10141, #10122, #8159, .T. ) ;
#2510 = LINE ( 'NONE', #5593, #10100 ) ;
#2511 = CARTESIAN_POINT ( 'NONE',  ( -45.00000000000000000, -11.82490854779937273, -32.67945813854151993 ) ) ;
#2512 = DIRECTION ( 'NONE',  ( -1.000000000000000000, -0.000000000000000000, -0.000000000000000000 ) ) ;
#2513 = ORIENTED_EDGE ( 'NONE', *, *, #5799, .F. ) ;
#2514 = SURFACE_STYLE_USAGE ( .BOTH. , #6440 ) ;
#2515 =( NAMED_UNIT ( * ) PLANE_ANGLE_UNIT ( ) SI_UNIT ( $, .RADIAN. ) );
#2516 = ORIENTED_EDGE ( 'NONE', *, *, #2601, .F. ) ;
#2517 = FILL_AREA_STYLE ('',( #9533 ) ) ;
#2518 = SURFACE_SIDE_STYLE ('',( #7877 ) ) ;
#2519 = LINE ( 'NONE', #8031, #9150 ) ;
#2520 = SURFACE_STYLE_FILL_AREA ( #3354 ) ;
#2521 = ADVANCED_FACE ( 'NONE', ( #304 ), #9747, .F. ) ;
#2522 = SURFACE_SIDE_STYLE ('',( #3508 ) ) ;
#2523 = CIRCLE ( 'NONE', #6975, 1.000000000000014655 ) ;
#2524 = VERTEX_POINT ( 'NONE', #516 ) ;
#2525 = CYLINDRICAL_SURFACE ( 'NONE', #6778, 0.4000000000000322742 ) ;
#2526 = SURFACE_SIDE_STYLE ('',( #92 ) ) ;
#2527 = DIRECTION ( 'NONE',  ( -1.000000000000000000, -0.000000000000000000, -0.000000000000000000 ) ) ;
#2528 =( NAMED_UNIT ( * ) SI_UNIT ( $, .STERADIAN. ) SOLID_ANGLE_UNIT ( ) );
#2529 = CARTESIAN_POINT ( 'NONE',  ( 45.00000000000000000, -7.019482434296157258, -32.44053807877948259 ) ) ;
#2530 = STYLED_ITEM ( 'NONE', ( #3336 ), #10059 ) ;
#2531 = DIRECTION ( 'NONE',  ( 0.000000000000000000, 0.000000000000000000, -1.000000000000000000 ) ) ;
#2532 = VERTEX_POINT ( 'NONE', #3762 ) ;
#2533 = EDGE_CURVE ( 'NONE', #4927, #9154, #6973, .T. ) ;
#2534 = VECTOR ( 'NONE', #9546, 1000.000000000000000 ) ;
#2535 = ORIENTED_EDGE ( 'NONE', *, *, #3194, .T. ) ;
#2536 = DIRECTION ( 'NONE',  ( 0.000000000000000000, -0.000000000000000000, 1.000000000000000000 ) ) ;
#2537 = AXIS2_PLACEMENT_3D ( 'NONE', #5208, #1446, #2943 ) ;
#2538 =( GEOMETRIC_REPRESENTATION_CONTEXT ( 3 ) GLOBAL_UNCERTAINTY_ASSIGNED_CONTEXT ( ( #5093 ) ) GLOBAL_UNIT_ASSIGNED_CONTEXT ( ( #2357, #3141, #4780 ) ) REPRESENTATION_CONTEXT ( 'NONE', 'WORKASPACE' ) );
#2539 = CARTESIAN_POINT ( 'NONE',  ( 45.00000000000000000, 7.959232069805978860, -33.00999816560364764 ) ) ;
#2540 = COLOUR_RGB ( '',0.8980392156862745390, 0.9176470588235293713, 0.9294117647058823817 ) ;
#2541 = ORIENTED_EDGE ( 'NONE', *, *, #8411, .T. ) ;
#2542 = CARTESIAN_POINT ( 'NONE',  ( -45.00000000000000000, 1.101903152226300975, -32.67945710274835847 ) ) ;
#2543 = EDGE_CURVE ( 'NONE', #3917, #8021, #7264, .T. ) ;
#2544 = VECTOR ( 'NONE', #2347, 1000.000000000000000 ) ;
#2545 = DIRECTION ( 'NONE',  ( 0.000000000000000000, 0.000000000000000000, -1.000000000000000000 ) ) ;
#2546 = STYLED_ITEM ( 'NONE', ( #8019 ), #3000 ) ;
#2547 = STYLED_ITEM ( 'NONE', ( #6449 ), #8016 ) ;
#2548 = CARTESIAN_POINT ( 'NONE',  ( 45.00000000000000000, -2.129799801074362176, -32.67945751196690196 ) ) ;
#2549 = AXIS2_PLACEMENT_3D ( 'NONE', #4642, #7567, #4789 ) ;
#2550 = ORIENTED_EDGE ( 'NONE', *, *, #3915, .T. ) ;
#2551 = ORIENTED_EDGE ( 'NONE', *, *, #5949, .T. ) ;
#2552 = STYLED_ITEM ( 'NONE', ( #6251 ), #5998 ) ;
#2553 = COLOUR_RGB ( '',0.8980392156862745390, 0.9176470588235293713, 0.9294117647058823817 ) ;
#2554 = CARTESIAN_POINT ( 'NONE',  ( -45.00000000000000000, -9.181159039132124278, 32.67945762489387818 ) ) ;
#2555 = PRESENTATION_STYLE_ASSIGNMENT (( #167 ) ) ;
#2556 = PRESENTATION_LAYER_ASSIGNMENT (  '', '', ( #8807 ) ) ;
#2557 = EDGE_LOOP ( 'NONE', ( #3396, #2454, #9647, #5531 ) ) ;
#2558 =( GEOMETRIC_REPRESENTATION_CONTEXT ( 3 ) GLOBAL_UNCERTAINTY_ASSIGNED_CONTEXT ( ( #2588 ) ) GLOBAL_UNIT_ASSIGNED_CONTEXT ( ( #1143, #6663, #8311 ) ) REPRESENTATION_CONTEXT ( 'NONE', 'WORKASPACE' ) );
#2559 = VECTOR ( 'NONE', #9788, 1000.000000000000000 ) ;
#2560 =( NAMED_UNIT ( * ) PLANE_ANGLE_UNIT ( ) SI_UNIT ( $, .RADIAN. ) );
#2561 = VECTOR ( 'NONE', #1639, 1000.000000000000114 ) ;
#2562 = VERTEX_POINT ( 'NONE', #8553 ) ;
#2563 = STYLED_ITEM ( 'NONE', ( #2034 ), #7603 ) ;
#2564 = CARTESIAN_POINT ( 'NONE',  ( 45.00000000000000000, -3.111676294411882981, -32.60999785231635428 ) ) ;
#2565 = ADVANCED_FACE ( 'NONE', ( #6200 ), #1302, .F. ) ;
#2566 =( NAMED_UNIT ( * ) SI_UNIT ( $, .STERADIAN. ) SOLID_ANGLE_UNIT ( ) );
#2567 = CARTESIAN_POINT ( 'NONE',  ( 45.00000000000000000, -9.181159039132262834, -32.67945762489387818 ) ) ;
#2568 =( NAMED_UNIT ( * ) PLANE_ANGLE_UNIT ( ) SI_UNIT ( $, .RADIAN. ) );
#2569 = FACE_OUTER_BOUND ( 'NONE', #1319, .T. ) ;
#2570 = DIRECTION ( 'NONE',  ( -1.000000000000000000, -0.000000000000000000, -0.000000000000000000 ) ) ;
#2571 = DIRECTION ( 'NONE',  ( 0.000000000000000000, 0.000000000000000000, 1.000000000000000000 ) ) ;
#2572 = DIRECTION ( 'NONE',  ( 0.000000000000000000, 0.000000000000000000, -1.000000000000000000 ) ) ;
#2573 = ORIENTED_EDGE ( 'NONE', *, *, #4436, .F. ) ;
#2574 = CARTESIAN_POINT ( 'NONE',  ( 45.00000000000000000, -4.967579777040584510, -32.60999804572394822 ) ) ;
#2575 = FILL_AREA_STYLE ('',( #5058 ) ) ;
#2576 = PRESENTATION_STYLE_ASSIGNMENT (( #9644 ) ) ;
#2577 = AXIS2_PLACEMENT_3D ( 'NONE', #9859, #8464, #2805 ) ;
#2578 = ORIENTED_EDGE ( 'NONE', *, *, #3947, .T. ) ;
#2579 = EDGE_CURVE ( 'NONE', #5646, #7490, #10147, .T. ) ;
#2580 = CARTESIAN_POINT ( 'NONE',  ( 45.00000000000000000, 7.959232069805978860, -33.00999816560364764 ) ) ;
#2581 = PRESENTATION_STYLE_ASSIGNMENT (( #7211 ) ) ;
#2582 = LINE ( 'NONE', #5720, #8809 ) ;
#2583 = ORIENTED_EDGE ( 'NONE', *, *, #5317, .F. ) ;
#2584 = CARTESIAN_POINT ( 'NONE',  ( 45.00000000000000000, -0.5560766031461433778, -32.44053766106308245 ) ) ;
#2585 = LINE ( 'NONE', #6607, #2984 ) ;
#2586 = ORIENTED_EDGE ( 'NONE', *, *, #9451, .F. ) ;
#2587 = FILL_AREA_STYLE_COLOUR ( '', #7248 ) ;
#2588 = UNCERTAINTY_MEASURE_WITH_UNIT (LENGTH_MEASURE( 1.000000000000000082E-05 ), #1143, 'distance_accuracy_value', 'NONE');
#2589 = ADVANCED_FACE ( 'NONE', ( #3007 ), #5271, .F. ) ;
#2590 = CARTESIAN_POINT ( 'NONE',  ( 45.00000000000000000, -7.959230667774402690, -33.00999816560363342 ) ) ;
#2591 = VECTOR ( 'NONE', #37, 1000.000000000000000 ) ;
#2592 = CARTESIAN_POINT ( 'NONE',  ( -45.00000000000000000, 10.79701128556071232, 32.67945762489390660 ) ) ;
#2593 = PLANE ( 'NONE',  #5010 ) ;
#2594 = ORIENTED_EDGE ( 'NONE', *, *, #7125, .F. ) ;
#2595 = PLANE ( 'NONE',  #7386 ) ;
#2596 = LINE ( 'NONE', #421, #10040 ) ;
#2597 = CARTESIAN_POINT ( 'NONE',  ( 45.00000000000000000, 11.86703820969024292, -32.44053839206681289 ) ) ;
#2598 = CARTESIAN_POINT ( 'NONE',  ( 45.00000000000000000, 11.19093498538098430, -33.00999837446186547 ) ) ;
#2599 = ORIENTED_EDGE ( 'NONE', *, *, #6352, .T. ) ;
#2600 = EDGE_LOOP ( 'NONE', ( #6997, #1475, #208, #7109 ) ) ;
#2601 = EDGE_CURVE ( 'NONE', #9696, #7376, #9544, .T. ) ;
#2602 = DIRECTION ( 'NONE',  ( -0.000000000000000000, -1.000000000000000000, -0.000000000000000000 ) ) ;
#2603 = ORIENTED_EDGE ( 'NONE', *, *, #1043, .T. ) ;
#2604 = DIRECTION ( 'NONE',  ( -0.000000000000000000, 0.000000000000000000, 1.000000000000000000 ) ) ;
#2605 = DIRECTION ( 'NONE',  ( 1.000000000000000000, 0.000000000000000000, 0.000000000000000000 ) ) ;
#2606 = CIRCLE ( 'NONE', #6561, 0.3999999110189667029 ) ;
#2607 = UNCERTAINTY_MEASURE_WITH_UNIT (LENGTH_MEASURE( 1.000000000000000082E-05 ), #1719, 'distance_accuracy_value', 'NONE');
#2608 = ORIENTED_EDGE ( 'NONE', *, *, #1636, .F. ) ;
#2609 = STYLED_ITEM ( 'NONE', ( #8337 ), #8405 ) ;
#2610 =( NAMED_UNIT ( * ) PLANE_ANGLE_UNIT ( ) SI_UNIT ( $, .RADIAN. ) );
#2611 = PRESENTATION_STYLE_ASSIGNMENT (( #8075 ) ) ;
#2612 = ORIENTED_EDGE ( 'NONE', *, *, #5189, .F. ) ;
#2613 = EDGE_CURVE ( 'NONE', #7137, #1550, #5618, .T. ) ;
#2614 = CARTESIAN_POINT ( 'NONE',  ( 45.00000000000000000, 1.495826238655951990, -32.60999774788725603 ) ) ;
#2615 = PRESENTATION_LAYER_ASSIGNMENT (  '', '', ( #9028 ) ) ;
#2616 = DIRECTION ( 'NONE',  ( -1.000000000000000000, -0.000000000000000000, -0.000000000000000000 ) ) ;
#2617 = DIRECTION ( 'NONE',  ( 0.000000000000000000, 0.000000000000000000, 1.000000000000000000 ) ) ;
#2618 = SURFACE_SIDE_STYLE ('',( #177 ) ) ;
#2619 =( GEOMETRIC_REPRESENTATION_CONTEXT ( 3 ) GLOBAL_UNCERTAINTY_ASSIGNED_CONTEXT ( ( #4499 ) ) GLOBAL_UNIT_ASSIGNED_CONTEXT ( ( #9884, #6074, #7608 ) ) REPRESENTATION_CONTEXT ( 'NONE', 'WORKASPACE' ) );
#2620 = EDGE_CURVE ( 'NONE', #3528, #6525, #8363, .T. ) ;
#2621 = DIRECTION ( 'NONE',  ( 0.000000000000000000, -0.9999999999999997780, 2.157710327876615134E-08 ) ) ;
#2622 = SURFACE_STYLE_USAGE ( .BOTH. , #2474 ) ;
#2623 =( NAMED_UNIT ( * ) PLANE_ANGLE_UNIT ( ) SI_UNIT ( $, .RADIAN. ) );
#2624 = ORIENTED_EDGE ( 'NONE', *, *, #7915, .T. ) ;
#2625 =( GEOMETRIC_REPRESENTATION_CONTEXT ( 3 ) GLOBAL_UNCERTAINTY_ASSIGNED_CONTEXT ( ( #6985 ) ) GLOBAL_UNIT_ASSIGNED_CONTEXT ( ( #7014, #7103, #4142 ) ) REPRESENTATION_CONTEXT ( 'NONE', 'WORKASPACE' ) );
#2626 = PLANE ( 'NONE',  #472 ) ;
#2627 = EDGE_LOOP ( 'NONE', ( #1417, #6739, #3129, #1992 ) ) ;
#2628 = DIRECTION ( 'NONE',  ( 0.000000000000000000, -0.001255123829539990868, 0.9999992123317761328 ) ) ;
#2629 =( NAMED_UNIT ( * ) SI_UNIT ( $, .STERADIAN. ) SOLID_ANGLE_UNIT ( ) );
#2630 =( GEOMETRIC_REPRESENTATION_CONTEXT ( 3 ) GLOBAL_UNCERTAINTY_ASSIGNED_CONTEXT ( ( #954 ) ) GLOBAL_UNIT_ASSIGNED_CONTEXT ( ( #6700, #9059, #3695 ) ) REPRESENTATION_CONTEXT ( 'NONE', 'WORKASPACE' ) );
#2631 =( LENGTH_UNIT ( ) NAMED_UNIT ( * ) SI_UNIT ( .MILLI., .METRE. ) );
#2632 =( NAMED_UNIT ( * ) PLANE_ANGLE_UNIT ( ) SI_UNIT ( $, .RADIAN. ) );
#2633 = AXIS2_PLACEMENT_3D ( 'NONE', #9771, #3554, #2872 ) ;
#2634 = SURFACE_STYLE_USAGE ( .BOTH. , #249 ) ;
#2635 = ORIENTED_EDGE ( 'NONE', *, *, #354, .T. ) ;
#2636 = EDGE_CURVE ( 'NONE', #9734, #6767, #9444, .T. ) ;
#2637 = STYLED_ITEM ( 'NONE', ( #8808 ), #379 ) ;
#2638 = AXIS2_PLACEMENT_3D ( 'NONE', #4916, #1151, #1104 ) ;
#2639 = DIRECTION ( 'NONE',  ( 1.000000000000000000, 0.000000000000000000, 0.000000000000000000 ) ) ;
#2640 = DIRECTION ( 'NONE',  ( 1.000000000000000000, 0.000000000000000000, 0.000000000000000000 ) ) ;
#2641 = DIRECTION ( 'NONE',  ( 0.000000000000000000, 0.000000000000000000, -1.000000000000000000 ) ) ;
#2642 = COLOUR_RGB ( '',0.8980392156862745390, 0.9176470588235293713, 0.9294117647058823817 ) ;
#2643 = EDGE_LOOP ( 'NONE', ( #10024, #520, #10061, #4391 ) ) ;
#2644 = MECHANICAL_DESIGN_GEOMETRIC_PRESENTATION_REPRESENTATION (  '', ( #3791 ), #10196 ) ;
#2645 = SURFACE_STYLE_USAGE ( .BOTH. , #9708 ) ;
#2646 = DIRECTION ( 'NONE',  ( 0.000000000000000000, 0.000000000000000000, -1.000000000000000000 ) ) ;
#2647 = DIRECTION ( 'NONE',  ( 0.000000000000000000, 1.000000000000000000, 0.000000000000000000 ) ) ;
#2648 = EDGE_CURVE ( 'NONE', #1644, #4070, #8208, .T. ) ;
#2649 = DIRECTION ( 'NONE',  ( -1.000000000000000000, -0.000000000000000000, -0.000000000000000000 ) ) ;
#2650 =( NAMED_UNIT ( * ) SI_UNIT ( $, .STERADIAN. ) SOLID_ANGLE_UNIT ( ) );
#2651 = ORIENTED_EDGE ( 'NONE', *, *, #3661, .F. ) ;
#2652 = MECHANICAL_DESIGN_GEOMETRIC_PRESENTATION_REPRESENTATION (  '', ( #4119 ), #340 ) ;
#2653 = VERTEX_POINT ( 'NONE', #4006 ) ;
#2654 = AXIS2_PLACEMENT_3D ( 'NONE', #745, #9364, #5295 ) ;
#2655 = DIRECTION ( 'NONE',  ( 0.000000000000000000, 0.1736492263815938297, -0.9848075680949420763 ) ) ;
#2656 = ORIENTED_EDGE ( 'NONE', *, *, #8664, .F. ) ;
#2657 = DIRECTION ( 'NONE',  ( 0.000000000000000000, 0.000000000000000000, 1.000000000000000000 ) ) ;
#2658 = CARTESIAN_POINT ( 'NONE',  ( 45.00000000000000000, 2.129801203103446117, -32.67945751196644721 ) ) ;
#2659 = CARTESIAN_POINT ( 'NONE',  ( 45.00000000000000000, 3.111677696443458707, -33.00999785231633155 ) ) ;
#2660 = ORIENTED_EDGE ( 'NONE', *, *, #3580, .F. ) ;
#2661 = DIRECTION ( 'NONE',  ( -1.000000000000000000, -0.000000000000000000, -0.000000000000000000 ) ) ;
#2662 = DIRECTION ( 'NONE',  ( 0.000000000000000000, 0.000000000000000000, 1.000000000000000000 ) ) ;
#2663 = EDGE_CURVE ( 'NONE', #1635, #4165, #5519, .T. ) ;
#2664 = LINE ( 'NONE', #5802, #8612 ) ;
#2665 = ORIENTED_EDGE ( 'NONE', *, *, #4143, .T. ) ;
#2666 = SURFACE_STYLE_USAGE ( .BOTH. , #9727 ) ;
#2667 = ORIENTED_EDGE ( 'NONE', *, *, #5884, .F. ) ;
#2668 = FACE_OUTER_BOUND ( 'NONE', #2627, .T. ) ;
#2669 = FILL_AREA_STYLE ('',( #5708 ) ) ;
#2670 = DIRECTION ( 'NONE',  ( -1.000000000000000000, -0.000000000000000000, -0.000000000000000000 ) ) ;
#2671 = DIRECTION ( 'NONE',  ( 0.000000000000000000, 0.000000000000000000, -1.000000000000000000 ) ) ;
#2672 = PLANE ( 'NONE',  #9701 ) ;
#2673 = EDGE_CURVE ( 'NONE', #1334, #4467, #2606, .T. ) ;
#2674 = VERTEX_POINT ( 'NONE', #1604 ) ;
#2675 = PRESENTATION_STYLE_ASSIGNMENT (( #9643 ) ) ;
#2676 = FILL_AREA_STYLE_COLOUR ( '', #9697 ) ;
#2677 = EDGE_CURVE ( 'NONE', #7285, #1483, #4239, .T. ) ;
#2678 = VERTEX_POINT ( 'NONE', #6455 ) ;
#2679 = CARTESIAN_POINT ( 'NONE',  ( 45.00000000000000000, -7.959230667774402690, -33.00999816560362632 ) ) ;
#2680 = CARTESIAN_POINT ( 'NONE',  ( 45.00000000000000000, 10.79701128556071232, 32.67945762489390660 ) ) ;
#2681 = AXIS2_PLACEMENT_3D ( 'NONE', #9178, #4384, #2899 ) ;
#2682 = ORIENTED_EDGE ( 'NONE', *, *, #1242, .T. ) ;
#2683 = CARTESIAN_POINT ( 'NONE',  ( 45.00000000000000000, 11.91902595064858694, 28.28824028669469470 ) ) ;
#2684 = UNCERTAINTY_MEASURE_WITH_UNIT (LENGTH_MEASURE( 1.000000000000000082E-05 ), #8118, 'distance_accuracy_value', 'NONE');
#2685 = EDGE_CURVE ( 'NONE', #6219, #1334, #6400, .T. ) ;
#2686 = DIRECTION ( 'NONE',  ( 0.000000000000000000, 0.000000000000000000, -1.000000000000000000 ) ) ;
#2687 = SURFACE_SIDE_STYLE ('',( #2079 ) ) ;
#2688 = CARTESIAN_POINT ( 'NONE',  ( -45.00000000000000000, 9.139031831585761267, 32.44053807877953943 ) ) ;
#2689 = ORIENTED_EDGE ( 'NONE', *, *, #8347, .F. ) ;
#2690 = DIRECTION ( 'NONE',  ( -1.000000000000000000, -0.000000000000000000, -0.000000000000000000 ) ) ;
#2691 = DIRECTION ( 'NONE',  ( -0.000000000000000000, 1.000000000000000000, -0.000000000000000000 ) ) ;
#2692 = PRESENTATION_STYLE_ASSIGNMENT (( #5074 ) ) ;
#2693 = FILL_AREA_STYLE ('',( #5538 ) ) ;
#2694 = DIRECTION ( 'NONE',  ( 0.000000000000000000, 0.000000000000000000, -1.000000000000000000 ) ) ;
#2695 = AXIS2_PLACEMENT_3D ( 'NONE', #8921, #362, #3630 ) ;
#2696 = VERTEX_POINT ( 'NONE', #6349 ) ;
#2697 = ORIENTED_EDGE ( 'NONE', *, *, #4934, .F. ) ;
#2698 =( GEOMETRIC_REPRESENTATION_CONTEXT ( 3 ) GLOBAL_UNCERTAINTY_ASSIGNED_CONTEXT ( ( #2000 ) ) GLOBAL_UNIT_ASSIGNED_CONTEXT ( ( #4139, #4089, #330 ) ) REPRESENTATION_CONTEXT ( 'NONE', 'WORKASPACE' ) );
#2699 = CARTESIAN_POINT ( 'NONE',  ( 45.00000000000000000, 7.959231456415265527, 33.00999806117454938 ) ) ;
#2700 = VERTEX_POINT ( 'NONE', #7165 ) ;
#2701 = CARTESIAN_POINT ( 'NONE',  ( 45.00000000000000000, 7.565308983376326069, -32.67945752046476571 ) ) ;
#2702 = EDGE_CURVE ( 'NONE', #5029, #9234, #4799, .T. ) ;
#2703 = AXIS2_PLACEMENT_3D ( 'NONE', #6851, #4519, #2444 ) ;
#2704 =( LENGTH_UNIT ( ) NAMED_UNIT ( * ) SI_UNIT ( .MILLI., .METRE. ) );
#2705 = PRESENTATION_STYLE_ASSIGNMENT (( #324 ) ) ;
#2706 = VECTOR ( 'NONE', #5736, 1000.000000000000114 ) ;
#2707 = UNCERTAINTY_MEASURE_WITH_UNIT (LENGTH_MEASURE( 1.000000000000000082E-05 ), #8237, 'distance_accuracy_value', 'NONE');
#2708 = ORIENTED_EDGE ( 'NONE', *, *, #7515, .T. ) ;
#2709 = COLOUR_RGB ( '',0.8980392156862745390, 0.9176470588235293713, 0.9294117647058823817 ) ;
#2710 = CARTESIAN_POINT ( 'NONE',  ( 45.00000000000000000, -14.24999956843513260, -28.28824078050312707 ) ) ;
#2711 = LINE ( 'NONE', #5142, #7477 ) ;
#2712 = CARTESIAN_POINT ( 'NONE',  ( 45.00000000000000000, 11.90137842359745868, -29.09155691211363859 ) ) ;
#2713 = ORIENTED_EDGE ( 'NONE', *, *, #17, .T. ) ;
#2714 = PRESENTATION_LAYER_ASSIGNMENT (  '', '', ( #2552 ) ) ;
#2715 = UNCERTAINTY_MEASURE_WITH_UNIT (LENGTH_MEASURE( 1.000000000000000082E-05 ), #683, 'distance_accuracy_value', 'NONE');
#2716 = DIRECTION ( 'NONE',  ( -1.000000000000000000, -0.000000000000000000, -0.000000000000000000 ) ) ;
#2717 = DIRECTION ( 'NONE',  ( -0.000000000000000000, 0.001255134618152138832, 0.9999992123182349646 ) ) ;
#2718 = VECTOR ( 'NONE', #6625, 1000.000000000000000 ) ;
#2719 = AXIS2_PLACEMENT_3D ( 'NONE', #1229, #9976, #9007 ) ;
#2720 = ADVANCED_FACE ( 'NONE', ( #867 ), #4843, .T. ) ;
#2721 = CIRCLE ( 'NONE', #8472, 0.3999999110189597640 ) ;
#2722 = SURFACE_SIDE_STYLE ('',( #3505 ) ) ;
#2723 = LINE ( 'NONE', #5148, #8629 ) ;
#2724 = AXIS2_PLACEMENT_3D ( 'NONE', #4829, #2616, #7979 ) ;
#2725 = LINE ( 'NONE', #5867, #569 ) ;
#2726 = DIRECTION ( 'NONE',  ( 0.000000000000000000, 0.9999992123393032228, -0.001255117832379196207 ) ) ;
#2727 = EDGE_LOOP ( 'NONE', ( #5133, #7956, #4644, #3977 ) ) ;
#2728 = SURFACE_SIDE_STYLE ('',( #5766 ) ) ;
#2729 =( NAMED_UNIT ( * ) SI_UNIT ( $, .STERADIAN. ) SOLID_ANGLE_UNIT ( ) );
#2730 = DIRECTION ( 'NONE',  ( 0.000000000000000000, 0.000000000000000000, -1.000000000000000000 ) ) ;
#2731 = COLOUR_RGB ( '',0.8980392156862745390, 0.9176470588235293713, 0.9294117647058823817 ) ;
#2732 = EDGE_CURVE ( 'NONE', #10087, #1597, #558, .T. ) ;
#2733 = ORIENTED_EDGE ( 'NONE', *, *, #267, .T. ) ;
#2734 = FILL_AREA_STYLE ('',( #1190 ) ) ;
#2735 = CARTESIAN_POINT ( 'NONE',  ( -45.00000000000000000, -1.101901750194742569, -32.67945710274835847 ) ) ;
#2736 = CARTESIAN_POINT ( 'NONE',  ( 45.00000000000000000, -10.25118534987110408, 32.44053828763777148 ) ) ;
#2737 = LINE ( 'NONE', #2584, #4459 ) ;
#2738 = DIRECTION ( 'NONE',  ( 0.000000000000000000, 0.000000000000000000, -1.000000000000000000 ) ) ;
#2739 = PLANE ( 'NONE',  #2986 ) ;
#2740 = CARTESIAN_POINT ( 'NONE',  ( 45.00000000000000000, -11.30013452603984092, 31.08641800985719073 ) ) ;
#2741 = LINE ( 'NONE', #9027, #3740 ) ;
#2742 = DIRECTION ( 'NONE',  ( 1.000000000000000000, 0.000000000000000000, 0.000000000000000000 ) ) ;
#2743 = CARTESIAN_POINT ( 'NONE',  ( 45.00000000000000000, 9.181159827773125670, 32.67945752046473729 ) ) ;
#2744 = MECHANICAL_DESIGN_GEOMETRIC_PRESENTATION_REPRESENTATION (  '', ( #6040 ), #758 ) ;
#2745 = ORIENTED_EDGE ( 'NONE', *, *, #522, .T. ) ;
#2746 = PRESENTATION_STYLE_ASSIGNMENT (( #5683 ) ) ;
#2747 = EDGE_CURVE ( 'NONE', #6357, #10087, #1812, .T. ) ;
#2748 = DIRECTION ( 'NONE',  ( -0.000000000000000000, 1.000000000000000000, -0.000000000000000000 ) ) ;
#2749 = CARTESIAN_POINT ( 'NONE',  ( 45.00000000000000000, -11.19093358334940547, -33.00999837446184415 ) ) ;
#2750 = CARTESIAN_POINT ( 'NONE',  ( 45.00000000000000000, 10.80145614568966295, 29.72764464165788922 ) ) ;
#2751 = DIRECTION ( 'NONE',  ( 0.000000000000000000, 0.000000000000000000, 1.000000000000000000 ) ) ;
#2752 = UNCERTAINTY_MEASURE_WITH_UNIT (LENGTH_MEASURE( 1.000000000000000082E-05 ), #2372, 'distance_accuracy_value', 'NONE');
#2753 = CIRCLE ( 'NONE', #2925, 0.1999999999999640954 ) ;
#2754 = CARTESIAN_POINT ( 'NONE',  ( 45.00000000000000000, 1.101903152226305860, -32.67945710274835847 ) ) ;
#2755 = VERTEX_POINT ( 'NONE', #8199 ) ;
#2756 =( NAMED_UNIT ( * ) SI_UNIT ( $, .STERADIAN. ) SOLID_ANGLE_UNIT ( ) );
#2757 = DIRECTION ( 'NONE',  ( 0.000000000000000000, 0.000000000000000000, 1.000000000000000000 ) ) ;
#2758 = FILL_AREA_STYLE_COLOUR ( '', #9495 ) ;
#2759 = VERTEX_POINT ( 'NONE', #8249 ) ;
#2760 = STYLED_ITEM ( 'NONE', ( #9846 ), #4920 ) ;
#2761 =( NAMED_UNIT ( * ) PLANE_ANGLE_UNIT ( ) SI_UNIT ( $, .RADIAN. ) );
#2762 = DIRECTION ( 'NONE',  ( 0.000000000000000000, 0.000000000000000000, 1.000000000000000000 ) ) ;
#2763 = SURFACE_SIDE_STYLE ('',( #1995 ) ) ;
#2764 = VERTEX_POINT ( 'NONE', #7521 ) ;
#2765 = ADVANCED_FACE ( 'NONE', ( #8912 ), #6552, .F. ) ;
#2766 = VERTEX_POINT ( 'NONE', #1240 ) ;
#2767 = PRESENTATION_STYLE_ASSIGNMENT (( #1372 ) ) ;
#2768 = DIRECTION ( 'NONE',  ( 0.000000000000000000, -1.000000000000000000, 0.000000000000000000 ) ) ;
#2769 = VERTEX_POINT ( 'NONE', #5717 ) ;
#2770 = SURFACE_STYLE_USAGE ( .BOTH. , #2047 ) ;
#2771 = SURFACE_SIDE_STYLE ('',( #7411 ) ) ;
#2772 = FILL_AREA_STYLE_COLOUR ( '', #8049 ) ;
#2773 = CYLINDRICAL_SURFACE ( 'NONE', #4701, 0.3999999999999837019 ) ;
#2774 = VERTEX_POINT ( 'NONE', #5155 ) ;
#2775 = AXIS2_PLACEMENT_3D ( 'NONE', #4558, #8608, #7746 ) ;
#2776 = ADVANCED_FACE ( 'NONE', ( #8297 ), #244, .T. ) ;
#2777 = CARTESIAN_POINT ( 'NONE',  ( 45.00000000000000000, -6.980134752671422582, -29.07000003054213622 ) ) ;
#2778 = AXIS2_PLACEMENT_3D ( 'NONE', #9804, #2690, #7435 ) ;
#2779 = DIRECTION ( 'NONE',  ( -0.000000000000000000, 0.000000000000000000, 1.000000000000000000 ) ) ;
#2780 = ORIENTED_EDGE ( 'NONE', *, *, #4551, .F. ) ;
#2781 =( NAMED_UNIT ( * ) SI_UNIT ( $, .STERADIAN. ) SOLID_ANGLE_UNIT ( ) );
#2782 = AXIS2_PLACEMENT_3D ( 'NONE', #6705, #7361, #9064 ) ;
#2783 = CARTESIAN_POINT ( 'NONE',  ( 45.00000000000000000, 10.80145614568966295, 29.72764464165788922 ) ) ;
#2784 =( NAMED_UNIT ( * ) PLANE_ANGLE_UNIT ( ) SI_UNIT ( $, .RADIAN. ) );
#2785 = COLOUR_RGB ( '',0.8980392156862745390, 0.9176470588235293713, 0.9294117647058823817 ) ;
#2786 = CARTESIAN_POINT ( 'NONE',  ( 45.00000000000000000, -9.300134418011170467, -31.02000028892890171 ) ) ;
#2787 = ORIENTED_EDGE ( 'NONE', *, *, #6272, .F. ) ;
#2788 = ORIENTED_EDGE ( 'NONE', *, *, #6250, .F. ) ;
#2789 = EDGE_CURVE ( 'NONE', #4140, #897, #1089, .T. ) ;
#2790 = MECHANICAL_DESIGN_GEOMETRIC_PRESENTATION_REPRESENTATION (  '', ( #310 ), #6087 ) ;
#2791 = LINE ( 'NONE', #5941, #3716 ) ;
#2792 =( LENGTH_UNIT ( ) NAMED_UNIT ( * ) SI_UNIT ( .MILLI., .METRE. ) );
#2793 = LINE ( 'NONE', #2743, #9943 ) ;
#2794 = ORIENTED_EDGE ( 'NONE', *, *, #4143, .F. ) ;
#2795 = DIRECTION ( 'NONE',  ( 0.000000000000000000, 0.1736463975343656707, 0.9848080668959495743 ) ) ;
#2796 = VECTOR ( 'NONE', #1871, 1000.000000000000000 ) ;
#2797 = CARTESIAN_POINT ( 'NONE',  ( 45.00000000000000000, 8.593206420865261208, 32.67945782525420384 ) ) ;
#2798 = DIRECTION ( 'NONE',  ( 1.000000000000000000, 0.000000000000000000, 0.000000000000000000 ) ) ;
#2799 = EDGE_CURVE ( 'NONE', #115, #3469, #9462, .T. ) ;
#2800 = UNCERTAINTY_MEASURE_WITH_UNIT (LENGTH_MEASURE( 1.000000000000000082E-05 ), #1630, 'distance_accuracy_value', 'NONE');
#2801 = CARTESIAN_POINT ( 'NONE',  ( 45.00000000000000000, 14.00000071886237407, -31.00999754738981196 ) ) ;
#2802 =( NAMED_UNIT ( * ) SI_UNIT ( $, .STERADIAN. ) SOLID_ANGLE_UNIT ( ) );
#2803 = ORIENTED_EDGE ( 'NONE', *, *, #6075, .T. ) ;
#2804 = CIRCLE ( 'NONE', #320, 0.3999999999999767630 ) ;
#2805 = DIRECTION ( 'NONE',  ( 0.000000000000000000, 0.000000000000000000, -1.000000000000000000 ) ) ;
#2806 = COLOUR_RGB ( '',0.8980392156862745390, 0.9176470588235293713, 0.9294117647058823817 ) ;
#2807 = ADVANCED_FACE ( 'NONE', ( #4587 ), #608, .F. ) ;
#2808 = CARTESIAN_POINT ( 'NONE',  ( 45.00000000000000000, -14.00000166658919021, 33.00999744295940985 ) ) ;
#2809 = UNCERTAINTY_MEASURE_WITH_UNIT (LENGTH_MEASURE( 1.000000000000000082E-05 ), #8090, 'distance_accuracy_value', 'NONE');
#2810 = SURFACE_SIDE_STYLE ('',( #5037 ) ) ;
#2811 = UNCERTAINTY_MEASURE_WITH_UNIT (LENGTH_MEASURE( 1.000000000000000082E-05 ), #4251, 'distance_accuracy_value', 'NONE');
#2812 = EDGE_LOOP ( 'NONE', ( #4571, #3801, #9061, #2506 ) ) ;
#2813 = DIRECTION ( 'NONE',  ( -1.000000000000000000, -0.000000000000000000, -0.000000000000000000 ) ) ;
#2814 = FILL_AREA_STYLE_COLOUR ( '', #9291 ) ;
#2815 =( GEOMETRIC_REPRESENTATION_CONTEXT ( 3 ) GLOBAL_UNCERTAINTY_ASSIGNED_CONTEXT ( ( #3765 ) ) GLOBAL_UNIT_ASSIGNED_CONTEXT ( ( #8388, #9925, #5252 ) ) REPRESENTATION_CONTEXT ( 'NONE', 'WORKASPACE' ) );
#2816 = LINE ( 'NONE', #1368, #1226 ) ;
#2817 = MECHANICAL_DESIGN_GEOMETRIC_PRESENTATION_REPRESENTATION (  '', ( #998 ), #5947 ) ;
#2818 = VERTEX_POINT ( 'NONE', #2112 ) ;
#2819 = VERTEX_POINT ( 'NONE', #6128 ) ;
#2820 = UNCERTAINTY_MEASURE_WITH_UNIT (LENGTH_MEASURE( 1.000000000000000082E-05 ), #5733, 'distance_accuracy_value', 'NONE');
#2821 = CARTESIAN_POINT ( 'NONE',  ( 45.00000000000000000, -10.20905709001187134, -32.67945803411240036 ) ) ;
#2822 = SURFACE_SIDE_STYLE ('',( #537 ) ) ;
#2823 = FILL_AREA_STYLE_COLOUR ( '', #4258 ) ;
#2824 = EDGE_CURVE ( 'NONE', #4090, #9253, #9111, .T. ) ;
#2825 = ORIENTED_EDGE ( 'NONE', *, *, #8648, .F. ) ;
#2826 =( GEOMETRIC_REPRESENTATION_CONTEXT ( 3 ) GLOBAL_UNCERTAINTY_ASSIGNED_CONTEXT ( ( #6142 ) ) GLOBAL_UNIT_ASSIGNED_CONTEXT ( ( #4964, #7217, #4114 ) ) REPRESENTATION_CONTEXT ( 'NONE', 'WORKASPACE' ) );
#2827 = CARTESIAN_POINT ( 'NONE',  ( -45.00000000000000000, 8.593207034253463661, -32.67945792968287577 ) ) ;
#2828 = SURFACE_STYLE_FILL_AREA ( #8289 ) ;
#2829 = PRESENTATION_STYLE_ASSIGNMENT (( #5709 ) ) ;
#2830 = FILL_AREA_STYLE_COLOUR ( '', #9294 ) ;
#2831 = ORIENTED_EDGE ( 'NONE', *, *, #3121, .T. ) ;
#2832 = DIRECTION ( 'NONE',  ( 1.000000000000000000, 0.000000000000000000, 0.000000000000000000 ) ) ;
#2833 = FILL_AREA_STYLE ('',( #1441 ) ) ;
#2834 = PRESENTATION_STYLE_ASSIGNMENT (( #4638 ) ) ;
#2835 = EDGE_LOOP ( 'NONE', ( #7389, #3054, #9120, #4495 ) ) ;
#2836 = SURFACE_STYLE_FILL_AREA ( #9929 ) ;
#2837 = CARTESIAN_POINT ( 'NONE',  ( 45.00000000000000000, -8.593205632221760482, 32.67945792968289709 ) ) ;
#2838 = CARTESIAN_POINT ( 'NONE',  ( 45.00000000000000000, -5.949456123557249398, -32.67945741603565324 ) ) ;
#2839 =( NAMED_UNIT ( * ) PLANE_ANGLE_UNIT ( ) SI_UNIT ( $, .RADIAN. ) );
#2840 = EDGE_CURVE ( 'NONE', #9576, #3730, #7564, .T. ) ;
#2841 = LINE ( 'NONE', #6711, #5014 ) ;
#2842 = SURFACE_STYLE_FILL_AREA ( #4485 ) ;
#2843 = ORIENTED_EDGE ( 'NONE', *, *, #6474, .T. ) ;
#2844 = VERTEX_POINT ( 'NONE', #3752 ) ;
#2845 = CARTESIAN_POINT ( 'NONE',  ( -45.00000000000000000, 12.37073536055143919, -32.44053839206681289 ) ) ;
#2846 = SURFACE_STYLE_FILL_AREA ( #3524 ) ;
#2847 = CARTESIAN_POINT ( 'NONE',  ( -45.00000000000000000, -7.959230667774402690, -33.00999816560362632 ) ) ;
#2848 = AXIS2_PLACEMENT_3D ( 'NONE', #6255, #9450, #9403 ) ;
#2849 = ORIENTED_EDGE ( 'NONE', *, *, #5711, .F. ) ;
#2850 = CARTESIAN_POINT ( 'NONE',  ( -45.00000000000000000, -10.79701049691968251, 32.67945772932299775 ) ) ;
#2851 = EDGE_CURVE ( 'NONE', #3026, #9319, #5256, .T. ) ;
#2852 = PRESENTATION_STYLE_ASSIGNMENT (( #9899 ) ) ;
#2853 = ORIENTED_EDGE ( 'NONE', *, *, #9892, .F. ) ;
#2854 = CARTESIAN_POINT ( 'NONE',  ( 45.00000000000000000, -9.575082125561817037, 33.00999827003279563 ) ) ;
#2855 = DIRECTION ( 'NONE',  ( 0.000000000000000000, 0.000000000000000000, 1.000000000000000000 ) ) ;
#2856 = CIRCLE ( 'NONE', #2681, 0.4000000000000322742 ) ;
#2857 = UNCERTAINTY_MEASURE_WITH_UNIT (LENGTH_MEASURE( 1.000000000000000082E-05 ), #795, 'distance_accuracy_value', 'NONE');
#2858 = CARTESIAN_POINT ( 'NONE',  ( -45.00000000000000000, -12.41286131668041826, -32.67945703790458367 ) ) ;
#2859 = VERTEX_POINT ( 'NONE', #5979 ) ;
#2860 = DIRECTION ( 'NONE',  ( 0.000000000000000000, -1.000000000000000000, 0.000000000000000000 ) ) ;
#2861 = CARTESIAN_POINT ( 'NONE',  ( -45.00000000000000000, -7.480134752671422582, -31.02000003054214261 ) ) ;
#2862 = EDGE_CURVE ( 'NONE', #1658, #9398, #8538, .T. ) ;
#2863 = ORIENTED_EDGE ( 'NONE', *, *, #5261, .T. ) ;
#2864 = LINE ( 'NONE', #9256, #4945 ) ;
#2865 = FACE_OUTER_BOUND ( 'NONE', #1050, .T. ) ;
#2866 =( GEOMETRIC_REPRESENTATION_CONTEXT ( 3 ) GLOBAL_UNCERTAINTY_ASSIGNED_CONTEXT ( ( #8258 ) ) GLOBAL_UNIT_ASSIGNED_CONTEXT ( ( #2792, #5120, #5016 ) ) REPRESENTATION_CONTEXT ( 'NONE', 'WORKASPACE' ) );
#2867 = DIRECTION ( 'NONE',  ( -1.000000000000000000, -0.000000000000000000, -0.000000000000000000 ) ) ;
#2868 = EDGE_LOOP ( 'NONE', ( #8841, #9963, #2849, #4306 ) ) ;
#2869 = AXIS2_PLACEMENT_3D ( 'NONE', #1937, #3446, #6475 ) ;
#2870 = ORIENTED_EDGE ( 'NONE', *, *, #7948, .F. ) ;
#2871 = CARTESIAN_POINT ( 'NONE',  ( 45.00000000000000000, -6.480134752671421694, -31.02000003054214261 ) ) ;
#2872 = DIRECTION ( 'NONE',  ( 0.000000000000000000, 0.000000000000000000, -1.000000000000000000 ) ) ;
#2873 = PRESENTATION_LAYER_ASSIGNMENT (  '', '', ( #8309 ) ) ;
#2874 = AXIS2_PLACEMENT_3D ( 'NONE', #6498, #1028, #4260 ) ;
#2875 = AXIS2_PLACEMENT_3D ( 'NONE', #7645, #10011, #2973 ) ;
#2876 = DIRECTION ( 'NONE',  ( 1.000000000000000000, 0.000000000000000000, -0.000000000000000000 ) ) ;
#2877 = COLOUR_RGB ( '',0.8980392156862745390, 0.9176470588235293713, 0.9294117647058823817 ) ;
#2878 = DIRECTION ( 'NONE',  ( 1.000000000000000000, 0.000000000000000000, 0.000000000000000000 ) ) ;
#2879 =( NAMED_UNIT ( * ) PLANE_ANGLE_UNIT ( ) SI_UNIT ( $, .RADIAN. ) );
#2880 = VECTOR ( 'NONE', #1763, 1000.000000000000114 ) ;
#2881 =( LENGTH_UNIT ( ) NAMED_UNIT ( * ) SI_UNIT ( .MILLI., .METRE. ) );
#2882 = CARTESIAN_POINT ( 'NONE',  ( 45.00000000000000000, -0.5560766031461433778, -32.44053766106308245 ) ) ;
#2883 = EDGE_CURVE ( 'NONE', #7362, #487, #659, .T. ) ;
#2884 = ORIENTED_EDGE ( 'NONE', *, *, #8714, .T. ) ;
#2885 = VECTOR ( 'NONE', #7447, 1000.000000000000000 ) ;
#2886 = VECTOR ( 'NONE', #4484, 1000.000000000000000 ) ;
#2887 = FILL_AREA_STYLE ('',( #6810 ) ) ;
#2888 = PRESENTATION_LAYER_ASSIGNMENT (  '', '', ( #7318 ) ) ;
#2889 = SURFACE_STYLE_FILL_AREA ( #4420 ) ;
#2890 = AXIS2_PLACEMENT_3D ( 'NONE', #8189, #1179, #7300 ) ;
#2891 = DIRECTION ( 'NONE',  ( 0.000000000000000000, -0.9848077160741849356, -0.1736483871527396694 ) ) ;
#2892 = ORIENTED_EDGE ( 'NONE', *, *, #1068, .F. ) ;
#2893 = SURFACE_SIDE_STYLE ('',( #2836 ) ) ;
#2894 = DIRECTION ( 'NONE',  ( 0.000000000000000000, 0.000000000000000000, -1.000000000000000000 ) ) ;
#2895 = LINE ( 'NONE', #1136, #1413 ) ;
#2896 = AXIS2_PLACEMENT_3D ( 'NONE', #6024, #8433, #9164 ) ;
#2897 = FILL_AREA_STYLE ('',( #7569 ) ) ;
#2898 = PRESENTATION_LAYER_ASSIGNMENT (  '', '', ( #7825 ) ) ;
#2899 = DIRECTION ( 'NONE',  ( 0.000000000000000000, 0.000000000000000000, -1.000000000000000000 ) ) ;
#2900 = ORIENTED_EDGE ( 'NONE', *, *, #2359, .F. ) ;
#2901 = ORIENTED_EDGE ( 'NONE', *, *, #4714, .T. ) ;
#2902 = VECTOR ( 'NONE', #7927, 1000.000000000000000 ) ;
#2903 = VECTOR ( 'NONE', #6078, 1000.000000000000000 ) ;
#2904 = ORIENTED_EDGE ( 'NONE', *, *, #1325, .F. ) ;
#2905 = EDGE_CURVE ( 'NONE', #1110, #7909, #6813, .T. ) ;
#2906 = CARTESIAN_POINT ( 'NONE',  ( -45.00000000000000000, -6.977354174436869449, -32.67945782525419673 ) ) ;
#2907 = ORIENTED_EDGE ( 'NONE', *, *, #8282, .F. ) ;
#2908 = SURFACE_STYLE_FILL_AREA ( #3063 ) ;
#2909 = DIRECTION ( 'NONE',  ( -1.000000000000000000, -0.000000000000000000, -0.000000000000000000 ) ) ;
#2910 = COLOUR_RGB ( '',0.8980392156862745390, 0.9176470588235293713, 0.9294117647058823817 ) ;
#2911 = ORIENTED_EDGE ( 'NONE', *, *, #3313, .T. ) ;
#2912 = CARTESIAN_POINT ( 'NONE',  ( -45.00000000000000000, 9.575082914202827311, 33.00999816560367606 ) ) ;
#2913 = SURFACE_STYLE_USAGE ( .BOTH. , #10102 ) ;
#2914 = CARTESIAN_POINT ( 'NONE',  ( -45.00000000000000000, 10.79701189895134306, -32.67945772932300486 ) ) ;
#2915 = EDGE_CURVE ( 'NONE', #2764, #4875, #9984, .T. ) ;
#2916 = FACE_OUTER_BOUND ( 'NONE', #6098, .T. ) ;
#2917 = ORIENTED_EDGE ( 'NONE', *, *, #4309, .F. ) ;
#2918 = DIRECTION ( 'NONE',  ( -0.000000000000000000, -0.000000000000000000, -1.000000000000000000 ) ) ;
#2919 =( GEOMETRIC_REPRESENTATION_CONTEXT ( 3 ) GLOBAL_UNCERTAINTY_ASSIGNED_CONTEXT ( ( #5895 ) ) GLOBAL_UNIT_ASSIGNED_CONTEXT ( ( #6356, #9548, #3961 ) ) REPRESENTATION_CONTEXT ( 'NONE', 'WORKASPACE' ) );
#2920 =( NAMED_UNIT ( * ) SI_UNIT ( $, .STERADIAN. ) SOLID_ANGLE_UNIT ( ) );
#2921 = DIRECTION ( 'NONE',  ( 0.000000000000000000, 0.000000000000000000, 1.000000000000000000 ) ) ;
#2922 = ORIENTED_EDGE ( 'NONE', *, *, #7682, .F. ) ;
#2923 = LINE ( 'NONE', #4615, #9716 ) ;
#2924 = SURFACE_STYLE_FILL_AREA ( #1321 ) ;
#2925 = AXIS2_PLACEMENT_3D ( 'NONE', #4560, #7694, #1467 ) ;
#2926 = CARTESIAN_POINT ( 'NONE',  ( 45.00000000000000000, -5.949456123556981169, 32.67945741603561771 ) ) ;
#2927 = ORIENTED_EDGE ( 'NONE', *, *, #399, .T. ) ;
#2928 = EDGE_CURVE ( 'NONE', #3266, #7643, #3802, .T. ) ;
#2929 = ORIENTED_EDGE ( 'NONE', *, *, #8335, .F. ) ;
#2930 = UNCERTAINTY_MEASURE_WITH_UNIT (LENGTH_MEASURE( 1.000000000000000082E-05 ), #4028, 'distance_accuracy_value', 'NONE');
#2931 = CARTESIAN_POINT ( 'NONE',  ( 45.00000000000000000, 12.80678533207917447, 33.00999837446191520 ) ) ;
#2932 = AXIS2_PLACEMENT_3D ( 'NONE', #5420, #1509, #6296 ) ;
#2933 = FILL_AREA_STYLE ('',( #6019 ) ) ;
#2934 = DIRECTION ( 'NONE',  ( -1.000000000000000000, -0.000000000000000000, -0.000000000000000000 ) ) ;
#2935 = CARTESIAN_POINT ( 'NONE',  ( 45.00000000000000000, 4.727529154230967201, -33.00999795674543691 ) ) ;
#2936 = FACE_OUTER_BOUND ( 'NONE', #3003, .T. ) ;
#2937 = CARTESIAN_POINT ( 'NONE',  ( -45.00000000000000000, -9.300134739806450668, 29.82752886061096476 ) ) ;
#2938 = ORIENTED_EDGE ( 'NONE', *, *, #4043, .F. ) ;
#2939 = ADVANCED_FACE ( 'NONE', ( #3615 ), #6760, .F. ) ;
#2940 = SURFACE_STYLE_USAGE ( .BOTH. , #5205 ) ;
#2941 = SURFACE_STYLE_FILL_AREA ( #9981 ) ;
#2942 = ORIENTED_EDGE ( 'NONE', *, *, #3399, .F. ) ;
#2943 = DIRECTION ( 'NONE',  ( 0.000000000000000000, 0.000000000000000000, -1.000000000000000000 ) ) ;
#2944 = FACE_OUTER_BOUND ( 'NONE', #7120, .T. ) ;
#2945 = EDGE_CURVE ( 'NONE', #2769, #8296, #2044, .T. ) ;
#2946 = CARTESIAN_POINT ( 'NONE',  ( 45.00000000000000000, -4.967579777040584510, -33.00999795674542980 ) ) ;
#2947 = CARTESIAN_POINT ( 'NONE',  ( 45.00000000000000000, 11.86703759629968324, 32.44053828763777858 ) ) ;
#2948 = CARTESIAN_POINT ( 'NONE',  ( 45.00000000000000000, 10.25118613851211791, 32.44053818320866611 ) ) ;
#2949 = DIRECTION ( 'NONE',  ( -1.000000000000000000, -0.000000000000000000, -0.000000000000000000 ) ) ;
#2950 = SURFACE_STYLE_FILL_AREA ( #1451 ) ;
#2951 = ORIENTED_EDGE ( 'NONE', *, *, #1964, .T. ) ;
#2952 = ORIENTED_EDGE ( 'NONE', *, *, #8322, .F. ) ;
#2954 = VERTEX_POINT ( 'NONE', #1882 ) ;
#2953 = AXIS2_PLACEMENT_3D ( 'NONE', #10028, #2891, #7668 ) ;
#2955 = FILL_AREA_STYLE ('',( #1507 ) ) ;
#2956 = CIRCLE ( 'NONE', #1629, 0.4000000000000322742 ) ;
#2957 = EDGE_CURVE ( 'NONE', #4321, #9142, #8068, .T. ) ;
#2958 = LINE ( 'NONE', #2229, #3199 ) ;
#2959 = DIRECTION ( 'NONE',  ( -0.000000000000000000, 0.9848077160741691705, 0.1736483871528286538 ) ) ;
#2960 =( NAMED_UNIT ( * ) PLANE_ANGLE_UNIT ( ) SI_UNIT ( $, .RADIAN. ) );
#2961 = ORIENTED_EDGE ( 'NONE', *, *, #7828, .T. ) ;
#2962 = FILL_AREA_STYLE ('',( #6879 ) ) ;
#2963 = DIRECTION ( 'NONE',  ( -0.000000000000000000, 2.157710327876615134E-08, 0.9999999999999997780 ) ) ;
#2964 = SURFACE_STYLE_USAGE ( .BOTH. , #5228 ) ;
#2965 = UNCERTAINTY_MEASURE_WITH_UNIT (LENGTH_MEASURE( 1.000000000000000082E-05 ), #9844, 'distance_accuracy_value', 'NONE');
#2966 = ORIENTED_EDGE ( 'NONE', *, *, #1864, .T. ) ;
#2967 = PRESENTATION_STYLE_ASSIGNMENT (( #7082 ) ) ;
#2968 = CIRCLE ( 'NONE', #7402, 0.09999926905917069786 ) ;
#2969 = DIRECTION ( 'NONE',  ( -0.000000000000000000, 0.1736492263815810344, 0.9848075680949442967 ) ) ;
#2970 = EDGE_CURVE ( 'NONE', #1356, #1254, #2508, .T. ) ;
#2971 = VERTEX_POINT ( 'NONE', #8834 ) ;
#2972 = CARTESIAN_POINT ( 'NONE',  ( 45.00000000000000000, 5.403632378540224934, -32.44053797435039144 ) ) ;
#2973 = DIRECTION ( 'NONE',  ( 0.000000000000000000, 0.000000000000000000, 1.000000000000000000 ) ) ;
#2974 = STYLED_ITEM ( 'NONE', ( #2002 ), #1771 ) ;
#2975 = LINE ( 'NONE', #2250, #7540 ) ;
#2976 = DIRECTION ( 'NONE',  ( 0.000000000000000000, 0.1736483871527849665, 0.9848077160741768310 ) ) ;
#2977 = ORIENTED_EDGE ( 'NONE', *, *, #9261, .T. ) ;
#2978 = COLOUR_RGB ( '',0.8980392156862745390, 0.9176470588235293713, 0.9294117647058823817 ) ;
#2979 = DIRECTION ( 'NONE',  ( -0.000000000000000000, 0.9848077160741750546, 0.1736483871527953471 ) ) ;
#2980 = COLOUR_RGB ( '',0.8980392156862745390, 0.9176470588235293713, 0.9294117647058823817 ) ;
#2981 = FILL_AREA_STYLE ('',( #6891 ) ) ;
#2982 = LINE ( 'NONE', #689, #6850 ) ;
#2983 = ADVANCED_FACE ( 'NONE', ( #5456 ), #5643, .T. ) ;
#2984 = VECTOR ( 'NONE', #4215, 1000.000000000000000 ) ;
#2986 = AXIS2_PLACEMENT_3D ( 'NONE', #3521, #302, #4967 ) ;
#2985 = VECTOR ( 'NONE', #1307, 1000.000000000000000 ) ;
#2987 = CARTESIAN_POINT ( 'NONE',  ( -45.00000000000000000, -12.80678489071173409, 33.00999847889072214 ) ) ;
#2988 = DIRECTION ( 'NONE',  ( 0.000000000000000000, 0.000000000000000000, -1.000000000000000000 ) ) ;
#2989 = FILL_AREA_STYLE ('',( #8682 ) ) ;
#2990 = CARTESIAN_POINT ( 'NONE',  ( 45.00000000000000000, 11.82490933644039011, 32.67945803411245720 ) ) ;
#2991 = EDGE_LOOP ( 'NONE', ( #7703, #3866, #1500, #6184 ) ) ;
#2992 = CARTESIAN_POINT ( 'NONE',  ( 45.00000000000000000, 1.059775156038909483, -32.44053766106308245 ) ) ;
#2993 = SURFACE_STYLE_FILL_AREA ( #2833 ) ;
#2994 = CARTESIAN_POINT ( 'NONE',  ( 45.00000000000000000, -12.41286131668041826, -32.67945703790458367 ) ) ;
#2995 =( GEOMETRIC_REPRESENTATION_CONTEXT ( 3 ) GLOBAL_UNCERTAINTY_ASSIGNED_CONTEXT ( ( #1142 ) ) GLOBAL_UNIT_ASSIGNED_CONTEXT ( ( #4491, #185, #2528 ) ) REPRESENTATION_CONTEXT ( 'NONE', 'WORKASPACE' ) );
#2996 = FILL_AREA_STYLE_COLOUR ( '', #961 ) ;
#2997 = EDGE_LOOP ( 'NONE', ( #2733, #4609, #5731, #8578 ) ) ;
#2998 = DIRECTION ( 'NONE',  ( 0.000000000000000000, -1.000000000000000000, 0.000000000000000000 ) ) ;
#2999 = FILL_AREA_STYLE_COLOUR ( '', #1580 ) ;
#3000 = ADVANCED_FACE ( 'NONE', ( #5035 ), #210, .T. ) ;
#3001 = VECTOR ( 'NONE', #335, 1000.000000000000000 ) ;
#3002 =( NAMED_UNIT ( * ) SI_UNIT ( $, .STERADIAN. ) SOLID_ANGLE_UNIT ( ) );
#3003 = EDGE_LOOP ( 'NONE', ( #3188, #7626, #9345, #6134 ) ) ;
#3004 = VERTEX_POINT ( 'NONE', #6683 ) ;
#3005 = EDGE_CURVE ( 'NONE', #19, #4932, #431, .T. ) ;
#3006 = VERTEX_POINT ( 'NONE', #9860 ) ;
#3007 = FACE_OUTER_BOUND ( 'NONE', #855, .T. ) ;
#3008 = SURFACE_SIDE_STYLE ('',( #10047 ) ) ;
#3009 = CARTESIAN_POINT ( 'NONE',  ( 45.00000000000000000, -1.059773754007346414, -32.44053766106308245 ) ) ;
#3010 = FACE_OUTER_BOUND ( 'NONE', #2868, .T. ) ;
#3011 = MECHANICAL_DESIGN_GEOMETRIC_PRESENTATION_REPRESENTATION (  '', ( #2530 ), #7442 ) ;
#3012 = FACE_OUTER_BOUND ( 'NONE', #8708, .T. ) ;
#3013 = ORIENTED_EDGE ( 'NONE', *, *, #9892, .T. ) ;
#3014 = DIRECTION ( 'NONE',  ( -1.000000000000000000, -0.000000000000000000, -0.000000000000000000 ) ) ;
#3015 = EDGE_CURVE ( 'NONE', #3643, #4850, #1267, .T. ) ;
#3016 = CARTESIAN_POINT ( 'NONE',  ( -45.00000000000000000, 3.111677696443458707, -32.60999785231635428 ) ) ;
#3017 = VERTEX_POINT ( 'NONE', #4454 ) ;
#3018 =( LENGTH_UNIT ( ) NAMED_UNIT ( * ) SI_UNIT ( .MILLI., .METRE. ) );
#3019 = CARTESIAN_POINT ( 'NONE',  ( 45.00000000000000000, 10.20905787865283010, 32.67945792968333762 ) ) ;
#3020 = CARTESIAN_POINT ( 'NONE',  ( 45.00000000000000000, -14.24999956843513260, -28.28824078050312707 ) ) ;
#3021 = AXIS2_PLACEMENT_3D ( 'NONE', #1437, #7713, #6173 ) ;
#3022 = FACE_OUTER_BOUND ( 'NONE', #1809, .T. ) ;
#3023 =( NAMED_UNIT ( * ) SI_UNIT ( $, .STERADIAN. ) SOLID_ANGLE_UNIT ( ) );
#3024 = CARTESIAN_POINT ( 'NONE',  ( 45.00000000000000000, -15.99999993022108846, 31.00999744296073501 ) ) ;
#3025 = LINE ( 'NONE', #6161, #8067 ) ;
#3026 = VERTEX_POINT ( 'NONE', #9091 ) ;
#3027 = ORIENTED_EDGE ( 'NONE', *, *, #1325, .T. ) ;
#3028 = CARTESIAN_POINT ( 'NONE',  ( -45.00000000000000000, -12.37073395851987456, -32.44053839206678447 ) ) ;
#3029 = DIRECTION ( 'NONE',  ( -1.000000000000000000, -0.000000000000000000, -0.000000000000000000 ) ) ;
#3030 = ORIENTED_EDGE ( 'NONE', *, *, #8301, .T. ) ;
#3031 = EDGE_CURVE ( 'NONE', #3004, #7415, #5234, .T. ) ;
#3032 = LINE ( 'NONE', #6895, #2400 ) ;
#3033 = AXIS2_PLACEMENT_3D ( 'NONE', #6402, #2531, #5620 ) ;
#3034 = SURFACE_STYLE_FILL_AREA ( #2199 ) ;
#3035 = DIRECTION ( 'NONE',  ( 0.000000000000000000, 5.594078007237044251E-17, -1.000000000000000000 ) ) ;
#3036 = SURFACE_STYLE_FILL_AREA ( #9425 ) ;
#3037 = ORIENTED_EDGE ( 'NONE', *, *, #8904, .F. ) ;
#3038 = LINE ( 'NONE', #10076, #7256 ) ;
#3039 = UNCERTAINTY_MEASURE_WITH_UNIT (LENGTH_MEASURE( 1.000000000000000082E-05 ), #4124, 'distance_accuracy_value', 'NONE');
#3040 = SURFACE_SIDE_STYLE ('',( #2889 ) ) ;
#3041 = EDGE_CURVE ( 'NONE', #6424, #4372, #8174, .T. ) ;
#3042 =( GEOMETRIC_REPRESENTATION_CONTEXT ( 3 ) GLOBAL_UNCERTAINTY_ASSIGNED_CONTEXT ( ( #4323 ) ) GLOBAL_UNIT_ASSIGNED_CONTEXT ( ( #6431, #7830, #1791 ) ) REPRESENTATION_CONTEXT ( 'NONE', 'WORKASPACE' ) );
#3043 = CYLINDRICAL_SURFACE ( 'NONE', #7884, 0.7199711365119231266 ) ;
#3044 = COLOUR_RGB ( '',0.8980392156862745390, 0.9176470588235293713, 0.9294117647058823817 ) ;
#3045 = ORIENTED_EDGE ( 'NONE', *, *, #1219, .T. ) ;
#3046 = CARTESIAN_POINT ( 'NONE',  ( 45.00000000000000000, 8.593206420865261208, 32.67945782525420384 ) ) ;
#3047 = MECHANICAL_DESIGN_GEOMETRIC_PRESENTATION_REPRESENTATION (  '', ( #3538 ), #6326 ) ;
#3048 = LINE ( 'NONE', #7832, #8971 ) ;
#3049 =( NAMED_UNIT ( * ) SI_UNIT ( $, .STERADIAN. ) SOLID_ANGLE_UNIT ( ) );
#3050 =( NAMED_UNIT ( * ) PLANE_ANGLE_UNIT ( ) SI_UNIT ( $, .RADIAN. ) );
#3051 = SURFACE_STYLE_FILL_AREA ( #8694 ) ;
#3052 = COLOUR_RGB ( '',0.8980392156862745390, 0.9176470588235293713, 0.9294117647058823817 ) ;
#3053 = VERTEX_POINT ( 'NONE', #6052 ) ;
#3054 = ORIENTED_EDGE ( 'NONE', *, *, #5152, .F. ) ;
#3055 = COLOUR_RGB ( '',0.8980392156862745390, 0.9176470588235293713, 0.9294117647058823817 ) ;
#3056 = EDGE_CURVE ( 'NONE', #5399, #2653, #1211, .T. ) ;
#3057 = VERTEX_POINT ( 'NONE', #2808 ) ;
#3058 = LINE ( 'NONE', #4434, #3792 ) ;
#3059 = DIRECTION ( 'NONE',  ( -1.000000000000000000, -0.000000000000000000, -0.000000000000000000 ) ) ;
#3060 = PRESENTATION_LAYER_ASSIGNMENT (  '', '', ( #4855 ) ) ;
#3061 = VECTOR ( 'NONE', #344, 1000.000000000000000 ) ;
#3062 = VECTOR ( 'NONE', #9684, 1000.000000000000000 ) ;
#3063 = FILL_AREA_STYLE ('',( #10094 ) ) ;
#3064 = CARTESIAN_POINT ( 'NONE',  ( -45.00000000000000000, -9.300134739806454220, 31.02000000000002089 ) ) ;
#3065 = ORIENTED_EDGE ( 'NONE', *, *, #4116, .F. ) ;
#3066 = DIRECTION ( 'NONE',  ( -1.000000000000000000, -0.000000000000000000, -0.000000000000000000 ) ) ;
#3067 = AXIS2_PLACEMENT_3D ( 'NONE', #10082, #8493, #9332 ) ;
#3068 = LINE ( 'NONE', #9084, #2985 ) ;
#3069 = DIRECTION ( 'NONE',  ( 0.000000000000000000, 0.000000000000000000, -1.000000000000000000 ) ) ;
#3070 = VECTOR ( 'NONE', #597, 1000.000000000000000 ) ;
#3071 = SURFACE_STYLE_USAGE ( .BOTH. , #7587 ) ;
#3072 = VERTEX_POINT ( 'NONE', #6002 ) ;
#3073 = LINE ( 'NONE', #4660, #9337 ) ;
#3074 =( LENGTH_UNIT ( ) NAMED_UNIT ( * ) SI_UNIT ( .MILLI., .METRE. ) );
#3075 = ADVANCED_FACE ( 'NONE', ( #1115 ), #5082, .F. ) ;
#3076 = FILL_AREA_STYLE_COLOUR ( '', #4781 ) ;
#3077 = SURFACE_SIDE_STYLE ('',( #6107 ) ) ;
#3078 = VECTOR ( 'NONE', #4134, 1000.000000000000000 ) ;
#3079 =( NAMED_UNIT ( * ) SI_UNIT ( $, .STERADIAN. ) SOLID_ANGLE_UNIT ( ) );
#3080 = FACE_OUTER_BOUND ( 'NONE', #5485, .T. ) ;
#3081 = ORIENTED_EDGE ( 'NONE', *, *, #9592, .T. ) ;
#3082 = LINE ( 'NONE', #9208, #9558 ) ;
#3083 = VERTEX_POINT ( 'NONE', #5135 ) ;
#3084 = DIRECTION ( 'NONE',  ( -1.000000000000000000, -0.000000000000000000, -0.000000000000000000 ) ) ;
#3085 = PLANE ( 'NONE',  #426 ) ;
#3086 = COLOUR_RGB ( '',0.8980392156862745390, 0.9176470588235293713, 0.9294117647058823817 ) ;
#3087 = DIRECTION ( 'NONE',  ( -1.000000000000000000, -0.000000000000000000, -0.000000000000000000 ) ) ;
#3088 = PLANE ( 'NONE',  #1318 ) ;
#3089 =( NAMED_UNIT ( * ) SI_UNIT ( $, .STERADIAN. ) SOLID_ANGLE_UNIT ( ) );
#3090 = DIRECTION ( 'NONE',  ( -1.000000000000000000, -0.000000000000000000, -0.000000000000000000 ) ) ;
#3091 = EDGE_CURVE ( 'NONE', #4673, #4244, #3641, .T. ) ;
#3092 = DIRECTION ( 'NONE',  ( 0.000000000000000000, 0.1736492263816335757, 0.9848075680949350819 ) ) ;
#3093 = ORIENTED_EDGE ( 'NONE', *, *, #3453, .T. ) ;
#3094 = FILL_AREA_STYLE_COLOUR ( '', #9251 ) ;
#3095 = PRESENTATION_STYLE_ASSIGNMENT (( #7054 ) ) ;
#3096 = SURFACE_STYLE_USAGE ( .BOTH. , #9529 ) ;
#3097 = CARTESIAN_POINT ( 'NONE',  ( 45.00000000000000000, -15.99999993022107780, -31.00999847889091043 ) ) ;
#3098 = DIRECTION ( 'NONE',  ( -1.000000000000000000, -0.000000000000000000, -0.000000000000000000 ) ) ;
#3099 = DIRECTION ( 'NONE',  ( 0.000000000000000000, 0.003648347717577634167, 0.9999933447573196021 ) ) ;
#3100 = ORIENTED_EDGE ( 'NONE', *, *, #5210, .F. ) ;
#3101 = ORIENTED_EDGE ( 'NONE', *, *, #10113, .T. ) ;
#3102 = CARTESIAN_POINT ( 'NONE',  ( 45.00000000000000000, -4.727527752199391919, -32.60999795674545254 ) ) ;
#3103 = SURFACE_STYLE_FILL_AREA ( #9441 ) ;
#3104 = ORIENTED_EDGE ( 'NONE', *, *, #5152, .T. ) ;
#3105 = SURFACE_STYLE_USAGE ( .BOTH. , #3719 ) ;
#3106 = FILL_AREA_STYLE_COLOUR ( '', #5613 ) ;
#3107 = SURFACE_STYLE_USAGE ( .BOTH. , #6977 ) ;
#3108 = LINE ( 'NONE', #9397, #2373 ) ;
#3109 = ORIENTED_EDGE ( 'NONE', *, *, #3561, .T. ) ;
#3110 = ADVANCED_FACE ( 'NONE', ( #322 ), #4341, .T. ) ;
#3111 = EDGE_CURVE ( 'NONE', #2954, #1248, #8624, .T. ) ;
#3112 = CARTESIAN_POINT ( 'NONE',  ( 45.00000000000000000, -12.80678489071173409, 33.00999847889072214 ) ) ;
#3113 = PLANE ( 'NONE',  #2848 ) ;
#3114 = PRESENTATION_LAYER_ASSIGNMENT (  '', '', ( #1138 ) ) ;
#3115 =( LENGTH_UNIT ( ) NAMED_UNIT ( * ) SI_UNIT ( .MILLI., .METRE. ) );
#3116 = ORIENTED_EDGE ( 'NONE', *, *, #2673, .F. ) ;
#3117 = DIRECTION ( 'NONE',  ( -1.000000000000000000, -0.000000000000000000, -0.000000000000000000 ) ) ;
#3118 = DIRECTION ( 'NONE',  ( -1.000000000000000000, -0.000000000000000000, -0.000000000000000000 ) ) ;
#3119 =( NAMED_UNIT ( * ) SI_UNIT ( $, .STERADIAN. ) SOLID_ANGLE_UNIT ( ) );
#3120 =( GEOMETRIC_REPRESENTATION_CONTEXT ( 3 ) GLOBAL_UNCERTAINTY_ASSIGNED_CONTEXT ( ( #679 ) ) GLOBAL_UNIT_ASSIGNED_CONTEXT ( ( #4151, #241, #1856 ) ) REPRESENTATION_CONTEXT ( 'NONE', 'WORKASPACE' ) );
#3121 = EDGE_CURVE ( 'NONE', #4665, #4673, #3877, .T. ) ;
#3122 = FILL_AREA_STYLE_COLOUR ( '', #1590 ) ;
#3123 = EDGE_CURVE ( 'NONE', #889, #2081, #10058, .T. ) ;
#3124 = VERTEX_POINT ( 'NONE', #6103 ) ;
#3125 =( GEOMETRIC_REPRESENTATION_CONTEXT ( 3 ) GLOBAL_UNCERTAINTY_ASSIGNED_CONTEXT ( ( #3748 ) ) GLOBAL_UNIT_ASSIGNED_CONTEXT ( ( #1258, #9133, #9685 ) ) REPRESENTATION_CONTEXT ( 'NONE', 'WORKASPACE' ) );
#3126 = FILL_AREA_STYLE ('',( #8725 ) ) ;
#3127 = PRESENTATION_STYLE_ASSIGNMENT (( #3782 ) ) ;
#3128 = DIRECTION ( 'NONE',  ( 0.000000000000000000, 0.000000000000000000, -1.000000000000000000 ) ) ;
#3129 = ORIENTED_EDGE ( 'NONE', *, *, #9261, .F. ) ;
#3130 = VERTEX_POINT ( 'NONE', #6258 ) ;
#3131 = EDGE_CURVE ( 'NONE', #10189, #4244, #10108, .T. ) ;
#3132 = DIRECTION ( 'NONE',  ( 0.000000000000000000, 0.000000000000000000, -1.000000000000000000 ) ) ;
#3133 = AXIS2_PLACEMENT_3D ( 'NONE', #2103, #5395, #2988 ) ;
#3134 = CARTESIAN_POINT ( 'NONE',  ( 45.00000000000000000, -11.86703680765867297, -32.44053839206678447 ) ) ;
#3135 = COLOUR_RGB ( '',0.8980392156862745390, 0.9176470588235293713, 0.9294117647058823817 ) ;
#3136 = ORIENTED_EDGE ( 'NONE', *, *, #60, .T. ) ;
#3137 = SURFACE_SIDE_STYLE ('',( #750 ) ) ;
#3138 = DIRECTION ( 'NONE',  ( -0.000000000000000000, 1.000000000000000000, -0.000000000000000000 ) ) ;
#3139 =( NAMED_UNIT ( * ) PLANE_ANGLE_UNIT ( ) SI_UNIT ( $, .RADIAN. ) );
#3140 = VECTOR ( 'NONE', #1023, 1000.000000000000000 ) ;
#3141 =( NAMED_UNIT ( * ) PLANE_ANGLE_UNIT ( ) SI_UNIT ( $, .RADIAN. ) );
#3142 =( GEOMETRIC_REPRESENTATION_CONTEXT ( 3 ) GLOBAL_UNCERTAINTY_ASSIGNED_CONTEXT ( ( #8486 ) ) GLOBAL_UNIT_ASSIGNED_CONTEXT ( ( #3596, #2761, #327 ) ) REPRESENTATION_CONTEXT ( 'NONE', 'WORKASPACE' ) );
#3143 = ORIENTED_EDGE ( 'NONE', *, *, #5164, .F. ) ;
#3144 = FILL_AREA_STYLE ('',( #3094 ) ) ;
#3145 = EDGE_CURVE ( 'NONE', #6084, #3751, #5842, .T. ) ;
#3146 = SURFACE_SIDE_STYLE ('',( #1687 ) ) ;
#3147 = COLOUR_RGB ( '',0.8980392156862745390, 0.9176470588235293713, 0.9294117647058823817 ) ;
#3148 = SURFACE_SIDE_STYLE ('',( #4538 ) ) ;
#3149 =( LENGTH_UNIT ( ) NAMED_UNIT ( * ) SI_UNIT ( .MILLI., .METRE. ) );
#3150 = ORIENTED_EDGE ( 'NONE', *, *, #7085, .F. ) ;
#3151 = MECHANICAL_DESIGN_GEOMETRIC_PRESENTATION_REPRESENTATION (  '', ( #4278 ), #2327 ) ;
#3152 = CARTESIAN_POINT ( 'NONE',  ( -45.00000000000000000, -11.43098560819059450, -32.60999846344035547 ) ) ;
#3153 = MECHANICAL_DESIGN_GEOMETRIC_PRESENTATION_REPRESENTATION (  '', ( #7580 ), #4960 ) ;
#3154 = COLOUR_RGB ( '',0.8980392156862745390, 0.9176470588235293713, 0.9294117647058823817 ) ;
#3155 = EDGE_LOOP ( 'NONE', ( #10030, #46, #10090, #5803 ) ) ;
#3156 = ORIENTED_EDGE ( 'NONE', *, *, #3374, .F. ) ;
#3157 = CARTESIAN_POINT ( 'NONE',  ( -45.00000000000000000, 8.199284094647168786, -32.60999825458215895 ) ) ;
#3158 = EDGE_CURVE ( 'NONE', #708, #9549, #225, .T. ) ;
#3159 = FILL_AREA_STYLE_COLOUR ( '', #7526 ) ;
#3160 = CARTESIAN_POINT ( 'NONE',  ( 45.00000000000000000, -9.300134418011168691, -29.82752915061867682 ) ) ;
#3161 = LINE ( 'NONE', #8707, #5020 ) ;
#3162 = CARTESIAN_POINT ( 'NONE',  ( 45.00000000000000000, -10.75488250073230212, 32.44053828763777148 ) ) ;
#3163 = ORIENTED_EDGE ( 'NONE', *, *, #9153, .F. ) ;
#3164 = ORIENTED_EDGE ( 'NONE', *, *, #9616, .F. ) ;
#3165 = PLANE ( 'NONE',  #5446 ) ;
#3166 = FILL_AREA_STYLE_COLOUR ( '', #7466 ) ;
#3167 = UNCERTAINTY_MEASURE_WITH_UNIT (LENGTH_MEASURE( 1.000000000000000082E-05 ), #5566, 'distance_accuracy_value', 'NONE');
#3168 = EDGE_CURVE ( 'NONE', #8619, #6357, #7638, .T. ) ;
#3169 = DIRECTION ( 'NONE',  ( 1.000000000000000000, 0.000000000000000000, 0.000000000000000000 ) ) ;
#3170 = VERTEX_POINT ( 'NONE', #7857 ) ;
#3171 = CARTESIAN_POINT ( 'NONE',  ( -45.00000000000000000, 11.82490994982846999, -32.67945813854108650 ) ) ;
#3172 = CARTESIAN_POINT ( 'NONE',  ( 45.00000000000000000, 14.25000067899707901, 28.28824028669469470 ) ) ;
#3173 = FILL_AREA_STYLE_COLOUR ( '', #6504 ) ;
#3174 = SURFACE_STYLE_FILL_AREA ( #3126 ) ;
#3175 = CYLINDRICAL_SURFACE ( 'NONE', #2875, 1.000000000000007772 ) ;
#3176 = CARTESIAN_POINT ( 'NONE',  ( -45.00000000000000000, 4.967581179072156239, -32.60999804572395533 ) ) ;
#3177 = FILL_AREA_STYLE_COLOUR ( '', #7237 ) ;
#3178 = ORIENTED_EDGE ( 'NONE', *, *, #6250, .T. ) ;
#3179 = EDGE_LOOP ( 'NONE', ( #4061, #769, #6083, #6822 ) ) ;
#3180 = ADVANCED_FACE ( 'NONE', ( #2246 ), #1420, .F. ) ;
#3181 = FACE_OUTER_BOUND ( 'NONE', #10052, .T. ) ;
#3182 = CARTESIAN_POINT ( 'NONE',  ( 45.00000000000000000, -1.495824836624388920, -33.00999774788724039 ) ) ;
#3183 = LINE ( 'NONE', #9474, #4881 ) ;
#3184 = ORIENTED_EDGE ( 'NONE', *, *, #399, .F. ) ;
#3185 = DIRECTION ( 'NONE',  ( 0.000000000000000000, 0.000000000000000000, -1.000000000000000000 ) ) ;
#3186 = CARTESIAN_POINT ( 'NONE',  ( 45.00000000000000000, 11.92162729394535603, -28.89258459431627912 ) ) ;
#3187 = PRESENTATION_STYLE_ASSIGNMENT (( #753 ) ) ;
#3188 = ORIENTED_EDGE ( 'NONE', *, *, #10022, .T. ) ;
#3189 = VECTOR ( 'NONE', #6766, 1000.000000000000000 ) ;
#3190 = ORIENTED_EDGE ( 'NONE', *, *, #9710, .T. ) ;
#3191 = CARTESIAN_POINT ( 'NONE',  ( 45.00000000000000000, -4.727527952613725049, 33.00999692081514780 ) ) ;
#3192 = CYLINDRICAL_SURFACE ( 'NONE', #5675, 1.999999999999429345 ) ;
#3193 = FILL_AREA_STYLE ('',( #704 ) ) ;
#3194 = EDGE_CURVE ( 'NONE', #8279, #8577, #4504, .T. ) ;
#3195 = DIRECTION ( 'NONE',  ( 1.000000000000000000, 0.000000000000000000, 0.000000000000000000 ) ) ;
#3196 = SURFACE_STYLE_USAGE ( .BOTH. , #29 ) ;
#3197 = VERTEX_POINT ( 'NONE', #2592 ) ;
#3198 = EDGE_LOOP ( 'NONE', ( #4734, #2299, #3045, #5815 ) ) ;
#3199 = VECTOR ( 'NONE', #8503, 1000.000000000000000 ) ;
#3200 = VECTOR ( 'NONE', #7454, 1000.000000000000000 ) ;
#3201 = STYLED_ITEM ( 'NONE', ( #5645 ), #4166 ) ;
#3202 = ORIENTED_EDGE ( 'NONE', *, *, #3214, .T. ) ;
#3203 =( NAMED_UNIT ( * ) PLANE_ANGLE_UNIT ( ) SI_UNIT ( $, .RADIAN. ) );
#3204 = CIRCLE ( 'NONE', #2703, 1.000000000000014655 ) ;
#3205 = SURFACE_STYLE_FILL_AREA ( #5569 ) ;
#3206 = FACE_OUTER_BOUND ( 'NONE', #4618, .T. ) ;
#3207 = AXIS2_PLACEMENT_3D ( 'NONE', #6652, #2628, #8146 ) ;
#3208 = VECTOR ( 'NONE', #56, 1000.000000000000000 ) ;
#3209 = DIRECTION ( 'NONE',  ( 1.000000000000000000, 0.000000000000000000, 0.000000000000000000 ) ) ;
#3210 = VERTEX_POINT ( 'NONE', #3273 ) ;
#3211 = AXIS2_PLACEMENT_3D ( 'NONE', #2162, #7615, #2116 ) ;
#3212 = ORIENTED_EDGE ( 'NONE', *, *, #8831, .T. ) ;
#3213 = SURFACE_STYLE_FILL_AREA ( #7944 ) ;
#3214 = EDGE_CURVE ( 'NONE', #9820, #3053, #4068, .T. ) ;
#3215 = MECHANICAL_DESIGN_GEOMETRIC_PRESENTATION_REPRESENTATION (  '', ( #6174 ), #4014 ) ;
#3216 = PRESENTATION_LAYER_ASSIGNMENT (  '', '', ( #2546 ) ) ;
#3217 = COLOUR_RGB ( '',0.8980392156862745390, 0.9176470588235293713, 0.9294117647058823817 ) ;
#3218 = PLANE ( 'NONE',  #10041 ) ;
#3219 = DIRECTION ( 'NONE',  ( -1.000000000000000000, -0.000000000000000000, -0.000000000000000000 ) ) ;
#3220 = VECTOR ( 'NONE', #4413, 1000.000000000000000 ) ;
#3221 = VERTEX_POINT ( 'NONE', #4971 ) ;
#3222 = CARTESIAN_POINT ( 'NONE',  ( 45.00000000000000000, 11.82490994982846999, -32.67945813854108650 ) ) ;
#3223 = CARTESIAN_POINT ( 'NONE',  ( -45.00000000000000000, 11.86703759629968324, 32.44053828763777858 ) ) ;
#3224 = COLOUR_RGB ( '',0.8980392156862745390, 0.9176470588235293713, 0.9294117647058823817 ) ;
#3225 = CIRCLE ( 'NONE', #8644, 0.3999999110189944584 ) ;
#3226 =( NAMED_UNIT ( * ) PLANE_ANGLE_UNIT ( ) SI_UNIT ( $, .RADIAN. ) );
#3227 = FILL_AREA_STYLE ('',( #9412 ) ) ;
#3228 = DIRECTION ( 'NONE',  ( 0.000000000000000000, -0.1736492263816077075, 0.9848075680949397448 ) ) ;
#3229 = ADVANCED_FACE ( 'NONE', ( #7321 ), #149, .T. ) ;
#3230 = CARTESIAN_POINT ( 'NONE',  ( 45.00000000000000000, 10.25118613851211791, 32.44053818320866611 ) ) ;
#3231 = FACE_OUTER_BOUND ( 'NONE', #80, .T. ) ;
#3232 = ORIENTED_EDGE ( 'NONE', *, *, #4488, .F. ) ;
#3233 = AXIS2_PLACEMENT_3D ( 'NONE', #1752, #4145, #1640 ) ;
#3234 = ORIENTED_EDGE ( 'NONE', *, *, #9879, .F. ) ;
#3235 = SURFACE_STYLE_USAGE ( .BOTH. , #8065 ) ;
#3236 = ORIENTED_EDGE ( 'NONE', *, *, #95, .T. ) ;
#3237 = DIRECTION ( 'NONE',  ( 0.000000000000000000, 0.000000000000000000, -1.000000000000000000 ) ) ;
#3238 =( LENGTH_UNIT ( ) NAMED_UNIT ( * ) SI_UNIT ( .MILLI., .METRE. ) );
#3239 =( GEOMETRIC_REPRESENTATION_CONTEXT ( 3 ) GLOBAL_UNCERTAINTY_ASSIGNED_CONTEXT ( ( #5192 ) ) GLOBAL_UNIT_ASSIGNED_CONTEXT ( ( #9765, #6578, #9147 ) ) REPRESENTATION_CONTEXT ( 'NONE', 'WORKASPACE' ) );
#3240 = ORIENTED_EDGE ( 'NONE', *, *, #4859, .T. ) ;
#3241 =( NAMED_UNIT ( * ) PLANE_ANGLE_UNIT ( ) SI_UNIT ( $, .RADIAN. ) );
#3242 = CARTESIAN_POINT ( 'NONE',  ( -45.00000000000000000, 11.19093498538098430, -33.00999837446186547 ) ) ;
#3243 = ADVANCED_FACE ( 'NONE', ( #4808 ), #253, .F. ) ;
#3244 = ORIENTED_EDGE ( 'NONE', *, *, #3413, .T. ) ;
#3245 = PRODUCT_DEFINITION_CONTEXT ( 'detailed design', #10116, 'design' ) ;
#3246 = CARTESIAN_POINT ( 'NONE',  ( 45.00000000000000000, -9.139031042944736782, 32.44053818320865190 ) ) ;
#3247 = FILL_AREA_STYLE_COLOUR ( '', #7556 ) ;
#3248 = VECTOR ( 'NONE', #6939, 1000.000000000000000 ) ;
#3249 = FILL_AREA_STYLE ('',( #81 ) ) ;
#3250 =( GEOMETRIC_REPRESENTATION_CONTEXT ( 3 ) GLOBAL_UNCERTAINTY_ASSIGNED_CONTEXT ( ( #8310 ) ) GLOBAL_UNIT_ASSIGNED_CONTEXT ( ( #1657, #6182, #7667 ) ) REPRESENTATION_CONTEXT ( 'NONE', 'WORKASPACE' ) );
#3251 =( LENGTH_UNIT ( ) NAMED_UNIT ( * ) SI_UNIT ( .MILLI., .METRE. ) );
#3252 = FILL_AREA_STYLE ('',( #3996 ) ) ;
#3253 = EDGE_CURVE ( 'NONE', #8296, #3934, #8762, .T. ) ;
#3254 = ORIENTED_EDGE ( 'NONE', *, *, #247, .F. ) ;
#3255 = ORIENTED_EDGE ( 'NONE', *, *, #1004, .T. ) ;
#3256 = VECTOR ( 'NONE', #3117, 1000.000000000000000 ) ;
#3257 = CARTESIAN_POINT ( 'NONE',  ( -45.00000000000000000, 12.41286210532141965, 32.67945693347553515 ) ) ;
#3258 = SURFACE_STYLE_USAGE ( .BOTH. , #2526 ) ;
#3259 = SURFACE_SIDE_STYLE ('',( #7112 ) ) ;
#3260 = ADVANCED_FACE ( 'NONE', ( #2500 ), #985, .F. ) ;
#3261 = CARTESIAN_POINT ( 'NONE',  ( 45.00000000000000000, 11.19093437199039975, 33.00999827003280274 ) ) ;
#3262 = LINE ( 'NONE', #4107, #2534 ) ;
#3263 =( NAMED_UNIT ( * ) SI_UNIT ( $, .STERADIAN. ) SOLID_ANGLE_UNIT ( ) );
#3264 = FACE_OUTER_BOUND ( 'NONE', #563, .T. ) ;
#3265 = PRESENTATION_LAYER_ASSIGNMENT (  '', '', ( #2760 ) ) ;
#3266 = VERTEX_POINT ( 'NONE', #1100 ) ;
#3267 = DIRECTION ( 'NONE',  ( 0.000000000000000000, 1.000000000000000000, 0.000000000000000000 ) ) ;
#3268 = EDGE_CURVE ( 'NONE', #1811, #1907, #3582, .T. ) ;
#3269 = DIRECTION ( 'NONE',  ( 0.000000000000000000, 0.000000000000000000, -1.000000000000000000 ) ) ;
#3270 = VERTEX_POINT ( 'NONE', #2850 ) ;
#3271 = FILL_AREA_STYLE_COLOUR ( '', #1444 ) ;
#3272 = COLOUR_RGB ( '',0.8980392156862745390, 0.9176470588235293713, 0.9294117647058823817 ) ;
#3273 = CARTESIAN_POINT ( 'NONE',  ( 45.00000000000000000, 12.41286273712590393, -32.67945714233415799 ) ) ;
#3274 =( NAMED_UNIT ( * ) PLANE_ANGLE_UNIT ( ) SI_UNIT ( $, .RADIAN. ) );
#3275 = SURFACE_SIDE_STYLE ('',( #55 ) ) ;
#3276 = FILL_AREA_STYLE ('',( #4672 ) ) ;
#3277 = COLOUR_RGB ( '',0.8980392156862745390, 0.9176470588235293713, 0.9294117647058823817 ) ;
#3278 = CYLINDRICAL_SURFACE ( 'NONE', #5403, 0.7199711365119508821 ) ;
#3279 = SURFACE_SIDE_STYLE ('',( #263 ) ) ;
#3280 = ORIENTED_EDGE ( 'NONE', *, *, #1851, .T. ) ;
#3281 = ORIENTED_EDGE ( 'NONE', *, *, #9478, .T. ) ;
#3282 = DIRECTION ( 'NONE',  ( 0.000000000000000000, 0.1736492263815938297, -0.9848075680949420763 ) ) ;
#3283 = ORIENTED_EDGE ( 'NONE', *, *, #2239, .F. ) ;
#3284 = VECTOR ( 'NONE', #1085, 1000.000000000000000 ) ;
#3285 =( NAMED_UNIT ( * ) PLANE_ANGLE_UNIT ( ) SI_UNIT ( $, .RADIAN. ) );
#3286 = DIRECTION ( 'NONE',  ( -1.000000000000000000, -0.000000000000000000, -0.000000000000000000 ) ) ;
#3287 = DIRECTION ( 'NONE',  ( 0.000000000000000000, 0.000000000000000000, -1.000000000000000000 ) ) ;
#3288 = ORIENTED_EDGE ( 'NONE', *, *, #120, .F. ) ;
#3289 = FACE_OUTER_BOUND ( 'NONE', #7767, .T. ) ;
#3290 = CARTESIAN_POINT ( 'NONE',  ( 45.00000000000000000, -8.635333892083657759, -32.44053818320858085 ) ) ;
#3291 = DIRECTION ( 'NONE',  ( 0.000000000000000000, -0.9848075680949444077, 0.1736492263815810344 ) ) ;
#3292 = EDGE_LOOP ( 'NONE', ( #1842, #2892, #9661, #316 ) ) ;
#3293 = FILL_AREA_STYLE_COLOUR ( '', #3147 ) ;
#3294 = PRESENTATION_LAYER_ASSIGNMENT (  '', '', ( #310 ) ) ;
#3295 = CARTESIAN_POINT ( 'NONE',  ( 45.00000000000000000, -6.343379209986895084, -32.60999806117455080 ) ) ;
#3296 = EDGE_CURVE ( 'NONE', #5188, #9820, #4156, .T. ) ;
#3297 = ORIENTED_EDGE ( 'NONE', *, *, #3980, .T. ) ;
#3298 = VECTOR ( 'NONE', #6847, 1000.000000000000000 ) ;
#3299 = CYLINDRICAL_SURFACE ( 'NONE', #8810, 0.3999999110189944584 ) ;
#3300 = DIRECTION ( 'NONE',  ( 0.000000000000000000, -0.1736492263815919979, -0.9848075680949422983 ) ) ;
#3301 = VECTOR ( 'NONE', #4283, 1000.000000000000114 ) ;
#3302 =( LENGTH_UNIT ( ) NAMED_UNIT ( * ) SI_UNIT ( .MILLI., .METRE. ) );
#3303 = DIRECTION ( 'NONE',  ( -0.000000000000000000, 1.000000000000000000, -0.000000000000000000 ) ) ;
#3304 = SURFACE_STYLE_USAGE ( .BOTH. , #2522 ) ;
#3305 = ORIENTED_EDGE ( 'NONE', *, *, #2110, .F. ) ;
#3306 = AXIS2_PLACEMENT_3D ( 'NONE', #6950, #2192, #5484 ) ;
#3307 = CARTESIAN_POINT ( 'NONE',  ( 45.00000000000000000, -7.959230667774255252, 33.00999816560367606 ) ) ;
#3308 = LINE ( 'NONE', #1266, #7029 ) ;
#3309 = CARTESIAN_POINT ( 'NONE',  ( -45.00000000000000000, 2.675626613826413980, -32.44053776549218071 ) ) ;
#3310 =( GEOMETRIC_REPRESENTATION_CONTEXT ( 3 ) GLOBAL_UNCERTAINTY_ASSIGNED_CONTEXT ( ( #4706 ) ) GLOBAL_UNIT_ASSIGNED_CONTEXT ( ( #5077, #4335, #5896 ) ) REPRESENTATION_CONTEXT ( 'NONE', 'WORKASPACE' ) );
#3312 =( GEOMETRIC_REPRESENTATION_CONTEXT ( 3 ) GLOBAL_UNCERTAINTY_ASSIGNED_CONTEXT ( ( #8272 ) ) GLOBAL_UNIT_ASSIGNED_CONTEXT ( ( #6634, #4091, #7251 ) ) REPRESENTATION_CONTEXT ( 'NONE', 'WORKASPACE' ) );
#3311 = AXIS2_PLACEMENT_3D ( 'NONE', #7133, #5951, #8924 ) ;
#3313 = EDGE_CURVE ( 'NONE', #7185, #3170, #6150, .T. ) ;
#3314 = DIRECTION ( 'NONE',  ( 0.000000000000000000, 0.000000000000000000, -1.000000000000000000 ) ) ;
#3315 = SURFACE_STYLE_FILL_AREA ( #245 ) ;
#3316 =( NAMED_UNIT ( * ) PLANE_ANGLE_UNIT ( ) SI_UNIT ( $, .RADIAN. ) );
#3317 = FILL_AREA_STYLE_COLOUR ( '', #4026 ) ;
#3318 = VERTEX_POINT ( 'NONE', #9029 ) ;
#3319 = MECHANICAL_DESIGN_GEOMETRIC_PRESENTATION_REPRESENTATION (  '', ( #8729 ), #6934 ) ;
#3321 = MECHANICAL_DESIGN_GEOMETRIC_PRESENTATION_REPRESENTATION (  '', ( #7581 ), #9886 ) ;
#3320 = COLOUR_RGB ( '',0.8980392156862745390, 0.9176470588235293713, 0.9294117647058823817 ) ;
#3322 = EDGE_CURVE ( 'NONE', #1658, #8356, #306, .T. ) ;
#3323 = DIRECTION ( 'NONE',  ( -1.000000000000000000, -0.000000000000000000, -0.000000000000000000 ) ) ;
#3324 =( NAMED_UNIT ( * ) PLANE_ANGLE_UNIT ( ) SI_UNIT ( $, .RADIAN. ) );
#3325 = FILL_AREA_STYLE ('',( #6659 ) ) ;
#3326 = ORIENTED_EDGE ( 'NONE', *, *, #7414, .F. ) ;
#3327 = CARTESIAN_POINT ( 'NONE',  ( -45.00000000000000000, 9.815135552434679056, -33.00999827003023768 ) ) ;
#3328 = DIRECTION ( 'NONE',  ( -1.000000000000000000, -0.000000000000000000, -0.000000000000000000 ) ) ;
#3329 = AXIS2_PLACEMENT_3D ( 'NONE', #6089, #1354, #5417 ) ;
#3330 =( LENGTH_UNIT ( ) NAMED_UNIT ( * ) SI_UNIT ( .MILLI., .METRE. ) );
#3331 = CARTESIAN_POINT ( 'NONE',  ( 45.00000000000000000, 11.90137842359745868, -29.09155691211363859 ) ) ;
#3332 = CARTESIAN_POINT ( 'NONE',  ( -45.00000000000000000, 8.199283481256454564, 32.60999815015303938 ) ) ;
#3333 = ORIENTED_EDGE ( 'NONE', *, *, #5308, .T. ) ;
#3334 = SURFACE_SIDE_STYLE ('',( #7859 ) ) ;
#3335 = ADVANCED_FACE ( 'NONE', ( #4221 ), #518, .F. ) ;
#3336 = PRESENTATION_STYLE_ASSIGNMENT (( #1045 ) ) ;
#3337 = SURFACE_SIDE_STYLE ('',( #7330 ) ) ;
#3338 = LINE ( 'NONE', #6467, #6582 ) ;
#3339 = ORIENTED_EDGE ( 'NONE', *, *, #9010, .T. ) ;
#3340 = EDGE_LOOP ( 'NONE', ( #371, #4432, #6110, #7729 ) ) ;
#3341 = FACE_OUTER_BOUND ( 'NONE', #4232, .T. ) ;
#3342 = LINE ( 'NONE', #8273, #722 ) ;
#3343 = AXIS2_PLACEMENT_3D ( 'NONE', #9249, #7689, #9953 ) ;
#3344 = ORIENTED_EDGE ( 'NONE', *, *, #1975, .T. ) ;
#3345 = CARTESIAN_POINT ( 'NONE',  ( 45.00000000000000000, 2.675626613826413980, -32.44053776549218071 ) ) ;
#3346 = DIRECTION ( 'NONE',  ( -1.000000000000000000, -0.000000000000000000, -0.000000000000000000 ) ) ;
#3347 = ORIENTED_EDGE ( 'NONE', *, *, #8789, .F. ) ;
#3348 = EDGE_CURVE ( 'NONE', #6479, #9069, #7955, .T. ) ;
#3349 = FILL_AREA_STYLE ('',( #173 ) ) ;
#3350 = SURFACE_STYLE_FILL_AREA ( #8186 ) ;
#3351 = SURFACE_SIDE_STYLE ('',( #959 ) ) ;
#3352 = CARTESIAN_POINT ( 'NONE',  ( 45.00000000000000000, 10.79701189895134839, -32.67945772932300486 ) ) ;
#3353 = SURFACE_STYLE_FILL_AREA ( #6592 ) ;
#3354 = FILL_AREA_STYLE ('',( #6448 ) ) ;
#3355 = PRODUCT_DEFINITION_SHAPE ( 'NONE', 'NONE',  #9423 ) ;
#3356 = FILL_AREA_STYLE ('',( #6644 ) ) ;
#3357 =( GEOMETRIC_REPRESENTATION_CONTEXT ( 3 ) GLOBAL_UNCERTAINTY_ASSIGNED_CONTEXT ( ( #8589 ) ) GLOBAL_UNIT_ASSIGNED_CONTEXT ( ( #9232, #459, #5161 ) ) REPRESENTATION_CONTEXT ( 'NONE', 'WORKASPACE' ) );
#3358 = EDGE_LOOP ( 'NONE', ( #9044, #5232, #7715, #3081 ) ) ;
#3359 = EDGE_CURVE ( 'NONE', #3902, #3704, #4276, .T. ) ;
#3360 = FACE_OUTER_BOUND ( 'NONE', #4645, .T. ) ;
#3361 =( NAMED_UNIT ( * ) SI_UNIT ( $, .STERADIAN. ) SOLID_ANGLE_UNIT ( ) );
#3362 = EDGE_LOOP ( 'NONE', ( #5163, #8557, #5935, #1474 ) ) ;
#3363 = DIRECTION ( 'NONE',  ( 0.000000000000000000, -1.000000000000000000, 0.000000000000000000 ) ) ;
#3364 = CARTESIAN_POINT ( 'NONE',  ( -45.00000000000000000, -14.24999956843513260, -28.28824078050312707 ) ) ;
#3365 =( GEOMETRIC_REPRESENTATION_CONTEXT ( 3 ) GLOBAL_UNCERTAINTY_ASSIGNED_CONTEXT ( ( #2205 ) ) GLOBAL_UNIT_ASSIGNED_CONTEXT ( ( #10053, #8508, #422 ) ) REPRESENTATION_CONTEXT ( 'NONE', 'WORKASPACE' ) );
#3366 = CARTESIAN_POINT ( 'NONE',  ( 45.00000000000000000, -6.480134752671421694, -29.07000003054213622 ) ) ;
#3367 = CARTESIAN_POINT ( 'NONE',  ( -45.00000000000000000, 9.181159827773125670, 32.67945752046473729 ) ) ;
#3368 = LINE ( 'NONE', #4903, #923 ) ;
#3369 = VERTEX_POINT ( 'NONE', #3525 ) ;
#3370 = PRESENTATION_LAYER_ASSIGNMENT (  '', '', ( #10088 ) ) ;
#3371 = DIRECTION ( 'NONE',  ( -1.000000000000000000, -0.000000000000000000, -0.000000000000000000 ) ) ;
#3372 = LINE ( 'NONE', #5006, #329 ) ;
#3373 = EDGE_LOOP ( 'NONE', ( #7546, #3502, #2265, #1534 ) ) ;
#3374 = EDGE_CURVE ( 'NONE', #535, #3083, #203, .T. ) ;
#3375 = FACE_OUTER_BOUND ( 'NONE', #6987, .T. ) ;
#3376 = COLOUR_RGB ( '',0.8980392156862745390, 0.9176470588235293713, 0.9294117647058823817 ) ;
#3377 = FILL_AREA_STYLE ('',( #4860 ) ) ;
#3378 = STYLED_ITEM ( 'NONE', ( #3444 ), #2983 ) ;
#3379 = MECHANICAL_DESIGN_GEOMETRIC_PRESENTATION_REPRESENTATION (  '', ( #1059 ), #5012 ) ;
#3380 = PLANE ( 'NONE',  #5880 ) ;
#3381 = STYLED_ITEM ( 'NONE', ( #1797 ), #8202 ) ;
#3382 = FILL_AREA_STYLE ('',( #8010 ) ) ;
#3383 = STYLED_ITEM ( 'NONE', ( #6299 ), #4334 ) ;
#3384 = ORIENTED_EDGE ( 'NONE', *, *, #4580, .T. ) ;
#3385 =( GEOMETRIC_REPRESENTATION_CONTEXT ( 3 ) GLOBAL_UNCERTAINTY_ASSIGNED_CONTEXT ( ( #1991 ) ) GLOBAL_UNIT_ASSIGNED_CONTEXT ( ( #10095, #2337, #6202 ) ) REPRESENTATION_CONTEXT ( 'NONE', 'WORKASPACE' ) );
#3386 = PRESENTATION_STYLE_ASSIGNMENT (( #1978 ) ) ;
#3387 = ADVANCED_FACE ( 'NONE', ( #5370 ), #1407, .F. ) ;
#3388 = VECTOR ( 'NONE', #9811, 1000.000000000000000 ) ;
#3389 =( GEOMETRIC_REPRESENTATION_CONTEXT ( 3 ) GLOBAL_UNCERTAINTY_ASSIGNED_CONTEXT ( ( #4990 ) ) GLOBAL_UNIT_ASSIGNED_CONTEXT ( ( #2475, #3900, #2324 ) ) REPRESENTATION_CONTEXT ( 'NONE', 'WORKASPACE' ) );
#3390 = VECTOR ( 'NONE', #9662, 1000.000000000000000 ) ;
#3391 =( NAMED_UNIT ( * ) PLANE_ANGLE_UNIT ( ) SI_UNIT ( $, .RADIAN. ) );
#3392 = DIRECTION ( 'NONE',  ( -1.000000000000000000, -0.000000000000000000, -0.000000000000000000 ) ) ;
#3393 = CIRCLE ( 'NONE', #5837, 0.3999999110189875196 ) ;
#3394 = VERTEX_POINT ( 'NONE', #6875 ) ;
#3395 = ORIENTED_EDGE ( 'NONE', *, *, #3348, .T. ) ;
#3396 = ORIENTED_EDGE ( 'NONE', *, *, #6965, .T. ) ;
#3397 = ORIENTED_EDGE ( 'NONE', *, *, #7530, .F. ) ;
#3398 = VECTOR ( 'NONE', #9547, 1000.000000000000000 ) ;
#3399 = EDGE_CURVE ( 'NONE', #5399, #5611, #6656, .T. ) ;
#3400 = AXIS2_PLACEMENT_3D ( 'NONE', #1381, #1285, #5151 ) ;
#3401 = MECHANICAL_DESIGN_GEOMETRIC_PRESENTATION_REPRESENTATION (  '', ( #1736 ), #7010 ) ;
#3402 = CARTESIAN_POINT ( 'NONE',  ( 45.00000000000000000, 4.967581179072156239, -33.00999795674291448 ) ) ;
#3403 = DIRECTION ( 'NONE',  ( -1.000000000000000000, -0.000000000000000000, -0.000000000000000000 ) ) ;
#3404 = ORIENTED_EDGE ( 'NONE', *, *, #6540, .T. ) ;
#3405 = CARTESIAN_POINT ( 'NONE',  ( 45.00000000000000000, 1.735878263497144580, -32.60999783686574460 ) ) ;
#3406 = VECTOR ( 'NONE', #3479, 1000.000000000000000 ) ;
#3407 = VECTOR ( 'NONE', #1135, 1000.000000000000000 ) ;
#3408 = ORIENTED_EDGE ( 'NONE', *, *, #2092, .F. ) ;
#3409 = LINE ( 'NONE', #6539, #3001 ) ;
#3410 =( NAMED_UNIT ( * ) SI_UNIT ( $, .STERADIAN. ) SOLID_ANGLE_UNIT ( ) );
#3411 = CARTESIAN_POINT ( 'NONE',  ( 45.00000000000000000, -7.523179585157357074, -32.44053807877948259 ) ) ;
#3412 = STYLED_ITEM ( 'NONE', ( #2258 ), #6585 ) ;
#3413 = EDGE_CURVE ( 'NONE', #6084, #6283, #2958, .T. ) ;
#3414 = CARTESIAN_POINT ( 'NONE',  ( 45.00000000000000000, 7.959232069805978860, -32.60999816560366327 ) ) ;
#3415 = LINE ( 'NONE', #8695, #807 ) ;
#3416 = DIRECTION ( 'NONE',  ( 0.000000000000000000, 0.000000000000000000, -1.000000000000000000 ) ) ;
#3417 = ORIENTED_EDGE ( 'NONE', *, *, #10080, .T. ) ;
#3418 = SURFACE_SIDE_STYLE ('',( #6596 ) ) ;
#3419 = FACE_OUTER_BOUND ( 'NONE', #3443, .T. ) ;
#3420 = PRESENTATION_LAYER_ASSIGNMENT (  '', '', ( #4387 ) ) ;
#3421 = ORIENTED_EDGE ( 'NONE', *, *, #7871, .F. ) ;
#3422 = PRESENTATION_STYLE_ASSIGNMENT (( #4316 ) ) ;
#3423 = PRESENTATION_STYLE_ASSIGNMENT (( #5568 ) ) ;
#3424 = DIRECTION ( 'NONE',  ( 0.000000000000000000, 0.1736483871527704503, 0.9848077160741792735 ) ) ;
#3425 = LINE ( 'NONE', #3367, #907 ) ;
#3426 = EDGE_CURVE ( 'NONE', #2696, #3884, #9396, .T. ) ;
#3427 = MECHANICAL_DESIGN_GEOMETRIC_PRESENTATION_REPRESENTATION (  '', ( #8830 ), #3889 ) ;
#3428 = DIRECTION ( 'NONE',  ( -1.000000000000000000, -0.000000000000000000, -0.000000000000000000 ) ) ;
#3429 = CARTESIAN_POINT ( 'NONE',  ( 45.00000000000000000, 8.199284094647168786, -32.60999825458215895 ) ) ;
#3430 = UNCERTAINTY_MEASURE_WITH_UNIT (LENGTH_MEASURE( 1.000000000000000082E-05 ), #3074, 'distance_accuracy_value', 'NONE');
#3431 = DIRECTION ( 'NONE',  ( 0.000000000000000000, 0.000000000000000000, -1.000000000000000000 ) ) ;
#3432 =( GEOMETRIC_REPRESENTATION_CONTEXT ( 3 ) GLOBAL_UNCERTAINTY_ASSIGNED_CONTEXT ( ( #5905 ) ) GLOBAL_UNIT_ASSIGNED_CONTEXT ( ( #8554, #5319, #7683 ) ) REPRESENTATION_CONTEXT ( 'NONE', 'WORKASPACE' ) );
#3433 = FILL_AREA_STYLE_COLOUR ( '', #8150 ) ;
#3434 = EDGE_CURVE ( 'NONE', #3083, #5374, #4600, .T. ) ;
#3435 = DIRECTION ( 'NONE',  ( 0.000000000000000000, 0.000000000000000000, -1.000000000000000000 ) ) ;
#3436 = ORIENTED_EDGE ( 'NONE', *, *, #9565, .T. ) ;
#3437 =( NAMED_UNIT ( * ) PLANE_ANGLE_UNIT ( ) SI_UNIT ( $, .RADIAN. ) );
#3438 = FILL_AREA_STYLE ('',( #4168 ) ) ;
#3439 = SURFACE_STYLE_FILL_AREA ( #5892 ) ;
#3440 = LINE ( 'NONE', #5792, #9360 ) ;
#3441 = LINE ( 'NONE', #6572, #5591 ) ;
#3442 = ORIENTED_EDGE ( 'NONE', *, *, #4954, .T. ) ;
#3443 = EDGE_LOOP ( 'NONE', ( #1529, #7111, #8034, #470 ) ) ;
#3444 = PRESENTATION_STYLE_ASSIGNMENT (( #1837 ) ) ;
#3445 = EDGE_CURVE ( 'NONE', #7243, #5171, #9995, .T. ) ;
#3446 = DIRECTION ( 'NONE',  ( 1.000000000000000000, 0.000000000000000000, 0.000000000000000000 ) ) ;
#3447 = MECHANICAL_DESIGN_GEOMETRIC_PRESENTATION_REPRESENTATION (  '', ( #6736 ), #4747 ) ;
#3448 = VECTOR ( 'NONE', #10190, 1000.000000000000000 ) ;
#3449 = UNCERTAINTY_MEASURE_WITH_UNIT (LENGTH_MEASURE( 1.000000000000000082E-05 ), #3251, 'distance_accuracy_value', 'NONE');
#3450 = ORIENTED_EDGE ( 'NONE', *, *, #524, .T. ) ;
#3451 = AXIS2_PLACEMENT_3D ( 'NONE', #6422, #2649, #4126 ) ;
#3452 = CARTESIAN_POINT ( 'NONE',  ( -45.00000000000000000, -1.101901750194742569, -32.67945710274835847 ) ) ;
#3453 = EDGE_CURVE ( 'NONE', #8994, #9468, #5421, .T. ) ;
#3454 = ORIENTED_EDGE ( 'NONE', *, *, #1864, .F. ) ;
#3455 = UNCERTAINTY_MEASURE_WITH_UNIT (LENGTH_MEASURE( 1.000000000000000082E-05 ), #9480, 'distance_accuracy_value', 'NONE');
#3456 =( NAMED_UNIT ( * ) SI_UNIT ( $, .STERADIAN. ) SOLID_ANGLE_UNIT ( ) );
#3457 =( NAMED_UNIT ( * ) SI_UNIT ( $, .STERADIAN. ) SOLID_ANGLE_UNIT ( ) );
#3458 = LINE ( 'NONE', #2195, #7989 ) ;
#3459 = CARTESIAN_POINT ( 'NONE',  ( 45.00000000000000000, 5.907329529401420309, -32.44053797435039144 ) ) ;
#3460 = MECHANICAL_DESIGN_GEOMETRIC_PRESENTATION_REPRESENTATION (  '', ( #301 ), #8700 ) ;
#3461 = PRESENTATION_STYLE_ASSIGNMENT (( #284 ) ) ;
#3462 = DIRECTION ( 'NONE',  ( 1.000000000000000000, 0.000000000000000000, 0.000000000000000000 ) ) ;
#3463 = COLOUR_RGB ( '',0.8980392156862745390, 0.9176470588235293713, 0.9294117647058823817 ) ;
#3464 = EDGE_CURVE ( 'NONE', #5851, #4423, #8555, .T. ) ;
#3465 = VERTEX_POINT ( 'NONE', #3722 ) ;
#3466 = FILL_AREA_STYLE_COLOUR ( '', #8883 ) ;
#3467 = CYLINDRICAL_SURFACE ( 'NONE', #8737, 0.09999926905921927012 ) ;
#3468 = SURFACE_SIDE_STYLE ('',( #5926 ) ) ;
#3469 = VERTEX_POINT ( 'NONE', #675 ) ;
#3470 =( NAMED_UNIT ( * ) PLANE_ANGLE_UNIT ( ) SI_UNIT ( $, .RADIAN. ) );
#3471 = DIRECTION ( 'NONE',  ( 0.000000000000000000, 0.1736483871527826073, 0.9848077160741772751 ) ) ;
#3472 = PRESENTATION_LAYER_ASSIGNMENT (  '', '', ( #9707 ) ) ;
#3473 = DIRECTION ( 'NONE',  ( 0.000000000000000000, 0.000000000000000000, -1.000000000000000000 ) ) ;
#3474 = DIRECTION ( 'NONE',  ( -1.000000000000000000, -0.000000000000000000, -0.000000000000000000 ) ) ;
#3475 = CARTESIAN_POINT ( 'NONE',  ( 45.00000000000000000, -7.565307581344757892, -32.67945752046476571 ) ) ;
#3476 = ORIENTED_EDGE ( 'NONE', *, *, #1551, .F. ) ;
#3477 = ADVANCED_FACE ( 'NONE', ( #5469 ), #2173, .F. ) ;
#3478 = CARTESIAN_POINT ( 'NONE',  ( -45.00000000000000000, 11.80013407185792929, -30.08641850110018012 ) ) ;
#3479 = DIRECTION ( 'NONE',  ( 0.000000000000000000, 1.000000000000000000, 0.000000000000000000 ) ) ;
#3480 = FILL_AREA_STYLE ('',( #3271 ) ) ;
#3481 = CARTESIAN_POINT ( 'NONE',  ( 45.00000000000000000, -10.79701049691976067, -32.67945772932296933 ) ) ;
#3482 = SURFACE_SIDE_STYLE ('',( #8052 ) ) ;
#3483 = ORIENTED_EDGE ( 'NONE', *, *, #9975, .T. ) ;
#3485 = COLOUR_RGB ( '',0.8980392156862745390, 0.9176470588235293713, 0.9294117647058823817 ) ;
#3484 = PRESENTATION_LAYER_ASSIGNMENT (  '', '', ( #3791 ) ) ;
#3486 = PLANE ( 'NONE',  #1803 ) ;
#3487 = DIRECTION ( 'NONE',  ( -1.000000000000000000, -0.000000000000000000, -0.000000000000000000 ) ) ;
#3488 = FILL_AREA_STYLE ('',( #9757 ) ) ;
#3489 = EDGE_CURVE ( 'NONE', #2755, #9734, #7999, .T. ) ;
#3490 = ORIENTED_EDGE ( 'NONE', *, *, #5075, .F. ) ;
#3491 = COLOUR_RGB ( '',0.8980392156862745390, 0.9176470588235293713, 0.9294117647058823817 ) ;
#3492 = VERTEX_POINT ( 'NONE', #8039 ) ;
#3493 = AXIS2_PLACEMENT_3D ( 'NONE', #9340, #672, #3811 ) ;
#3494 = EDGE_LOOP ( 'NONE', ( #602, #1786, #936, #5001 ) ) ;
#3495 = FILL_AREA_STYLE_COLOUR ( '', #9125 ) ;
#3496 = CARTESIAN_POINT ( 'NONE',  ( 45.00000000000000000, -4.727527752199391919, -33.00999795674542980 ) ) ;
#3497 = STYLED_ITEM ( 'NONE', ( #4824 ), #857 ) ;
#3498 = VERTEX_POINT ( 'NONE', #3958 ) ;
#3499 =( NAMED_UNIT ( * ) SI_UNIT ( $, .STERADIAN. ) SOLID_ANGLE_UNIT ( ) );
#3500 =( LENGTH_UNIT ( ) NAMED_UNIT ( * ) SI_UNIT ( .MILLI., .METRE. ) );
#3501 = CARTESIAN_POINT ( 'NONE',  ( 45.00000000000000000, 9.815135552434679056, -32.60999835901127852 ) ) ;
#3502 = ORIENTED_EDGE ( 'NONE', *, *, #2363, .F. ) ;
#3503 = EDGE_CURVE ( 'NONE', #8546, #7480, #2035, .T. ) ;
#3504 = PRESENTATION_STYLE_ASSIGNMENT (( #8026 ) ) ;
#3505 = SURFACE_STYLE_FILL_AREA ( #2045 ) ;
#3506 = CARTESIAN_POINT ( 'NONE',  ( 45.00000000000000000, -11.40137854245792148, -29.09155672596894604 ) ) ;
#3507 = FACE_OUTER_BOUND ( 'NONE', #2413, .T. ) ;
#3508 = SURFACE_STYLE_FILL_AREA ( #3356 ) ;
#3509 = ORIENTED_EDGE ( 'NONE', *, *, #4488, .T. ) ;
#3510 = SURFACE_STYLE_USAGE ( .BOTH. , #3418 ) ;
#3511 =( NAMED_UNIT ( * ) SI_UNIT ( $, .STERADIAN. ) SOLID_ANGLE_UNIT ( ) );
#3512 = ORIENTED_EDGE ( 'NONE', *, *, #2468, .F. ) ;
#3513 = SURFACE_STYLE_FILL_AREA ( #8957 ) ;
#3514 = CARTESIAN_POINT ( 'NONE',  ( 45.00000000000000000, -7.480134752671422582, -31.02000003054214261 ) ) ;
#3515 = EDGE_CURVE ( 'NONE', #3210, #3394, #3262, .T. ) ;
#3516 = CARTESIAN_POINT ( 'NONE',  ( 45.00000000000000000, 10.25118675190273976, -32.44053828763770753 ) ) ;
#3517 = SURFACE_SIDE_STYLE ('',( #8201 ) ) ;
#3518 = CARTESIAN_POINT ( 'NONE',  ( 45.00000000000000000, 12.37073536055143919, -32.44053839206681289 ) ) ;
#3519 = DIRECTION ( 'NONE',  ( 0.000000000000000000, 0.000000000000000000, 1.000000000000000000 ) ) ;
#3520 = ORIENTED_EDGE ( 'NONE', *, *, #5702, .F. ) ;
#3521 = CARTESIAN_POINT ( 'NONE',  ( 45.00000000000000000, -7.523179585157176774, 32.44053807877953233 ) ) ;
#3522 = UNCERTAINTY_MEASURE_WITH_UNIT (LENGTH_MEASURE( 1.000000000000000082E-05 ), #1858, 'distance_accuracy_value', 'NONE');
#3523 = CIRCLE ( 'NONE', #6962, 0.3999999110189597640 ) ;
#3524 = FILL_AREA_STYLE ('',( #465 ) ) ;
#3525 = CARTESIAN_POINT ( 'NONE',  ( 45.00000000000000000, -12.80678454343816419, -33.00999847889061556 ) ) ;
#3526 = CARTESIAN_POINT ( 'NONE',  ( 45.00000000000000000, -6.583431234828084122, -32.60999815015304648 ) ) ;
#3527 =( GEOMETRIC_REPRESENTATION_CONTEXT ( 3 ) GLOBAL_UNCERTAINTY_ASSIGNED_CONTEXT ( ( #6717 ) ) GLOBAL_UNIT_ASSIGNED_CONTEXT ( ( #9749, #7576, #1304 ) ) REPRESENTATION_CONTEXT ( 'NONE', 'WORKASPACE' ) );
#3528 = VERTEX_POINT ( 'NONE', #141 ) ;
#3529 = SURFACE_STYLE_FILL_AREA ( #9752 ) ;
#3530 = EDGE_CURVE ( 'NONE', #1257, #2282, #9651, .T. ) ;
#3531 = DIRECTION ( 'NONE',  ( 0.000000000000000000, 0.000000000000000000, -1.000000000000000000 ) ) ;
#3532 = SURFACE_SIDE_STYLE ('',( #993 ) ) ;
#3533 = UNCERTAINTY_MEASURE_WITH_UNIT (LENGTH_MEASURE( 1.000000000000000082E-05 ), #296, 'distance_accuracy_value', 'NONE');
#3534 = UNCERTAINTY_MEASURE_WITH_UNIT (LENGTH_MEASURE( 1.000000000000000082E-05 ), #1124, 'distance_accuracy_value', 'NONE');
#3535 = FILL_AREA_STYLE_COLOUR ( '', #3776 ) ;
#3536 = VECTOR ( 'NONE', #508, 1000.000000000000000 ) ;
#3537 = ORIENTED_EDGE ( 'NONE', *, *, #8193, .F. ) ;
#3538 = STYLED_ITEM ( 'NONE', ( #9618 ), #4233 ) ;
#3539 = ORIENTED_EDGE ( 'NONE', *, *, #9285, .T. ) ;
#3540 = CIRCLE ( 'NONE', #392, 0.5000000000000004441 ) ;
#3541 = SURFACE_STYLE_FILL_AREA ( #272 ) ;
#3542 = ADVANCED_FACE ( 'NONE', ( #186 ), #8854, .T. ) ;
#3543 = PRESENTATION_LAYER_ASSIGNMENT (  '', '', ( #3555 ) ) ;
#3544 = COLOUR_RGB ( '',0.8980392156862745390, 0.9176470588235293713, 0.9294117647058823817 ) ;
#3545 = UNCERTAINTY_MEASURE_WITH_UNIT (LENGTH_MEASURE( 1.000000000000000082E-05 ), #9849, 'distance_accuracy_value', 'NONE');
#3546 = ORIENTED_EDGE ( 'NONE', *, *, #3031, .T. ) ;
#3547 = AXIS2_PLACEMENT_3D ( 'NONE', #7131, #1777, #2348 ) ;
#3548 = CARTESIAN_POINT ( 'NONE',  ( 45.00000000000000000, 7.523180373798187048, 32.44053797435041275 ) ) ;
#3549 = CARTESIAN_POINT ( 'NONE',  ( -45.00000000000000000, -10.30018207335180769, -30.07663355703621733 ) ) ;
#3550 = ORIENTED_EDGE ( 'NONE', *, *, #131, .T. ) ;
#3551 = ORIENTED_EDGE ( 'NONE', *, *, #5740, .T. ) ;
#3552 = UNCERTAINTY_MEASURE_WITH_UNIT (LENGTH_MEASURE( 1.000000000000000082E-05 ), #4097, 'distance_accuracy_value', 'NONE');
#3553 =( LENGTH_UNIT ( ) NAMED_UNIT ( * ) SI_UNIT ( .MILLI., .METRE. ) );
#3554 = DIRECTION ( 'NONE',  ( -1.000000000000000000, -0.000000000000000000, -0.000000000000000000 ) ) ;
#3555 = STYLED_ITEM ( 'NONE', ( #2967 ), #3180 ) ;
#3556 = DIRECTION ( 'NONE',  ( 0.000000000000000000, -0.9848077160741728342, 0.1736483871528078093 ) ) ;
#3557 =( GEOMETRIC_REPRESENTATION_CONTEXT ( 3 ) GLOBAL_UNCERTAINTY_ASSIGNED_CONTEXT ( ( #8475 ) ) GLOBAL_UNIT_ASSIGNED_CONTEXT ( ( #10140, #237, #6489 ) ) REPRESENTATION_CONTEXT ( 'NONE', 'WORKASPACE' ) );
#3558 = ORIENTED_EDGE ( 'NONE', *, *, #8025, .T. ) ;
#3559 = DIRECTION ( 'NONE',  ( 0.000000000000000000, -0.9848077160741772751, 0.1736483871527826073 ) ) ;
#3560 = DIRECTION ( 'NONE',  ( -0.000000000000000000, -0.1736492263816315218, -0.9848075680949354149 ) ) ;
#3561 = EDGE_CURVE ( 'NONE', #9599, #8089, #8706, .T. ) ;
#3562 = MECHANICAL_DESIGN_GEOMETRIC_PRESENTATION_REPRESENTATION (  '', ( #7656 ), #9313 ) ;
#3563 = VECTOR ( 'NONE', #4426, 1000.000000000000000 ) ;
#3564 = VECTOR ( 'NONE', #7293, 1000.000000000000000 ) ;
#3565 = ORIENTED_EDGE ( 'NONE', *, *, #3253, .T. ) ;
#3566 = LINE ( 'NONE', #6703, #1994 ) ;
#3567 = PLANE ( 'NONE',  #2782 ) ;
#3568 = PRESENTATION_LAYER_ASSIGNMENT (  '', '', ( #8481 ) ) ;
#3569 = ORIENTED_EDGE ( 'NONE', *, *, #570, .F. ) ;
#3570 = CARTESIAN_POINT ( 'NONE',  ( -45.00000000000000000, -9.400134418011131032, -29.82752915061867682 ) ) ;
#3571 = DIRECTION ( 'NONE',  ( 0.000000000000000000, -1.000000000000000000, 0.000000000000000000 ) ) ;
#3572 = CARTESIAN_POINT ( 'NONE',  ( 45.00000000000000000, 9.815134939044030560, 32.60999825458216606 ) ) ;
#3573 =( LENGTH_UNIT ( ) NAMED_UNIT ( * ) SI_UNIT ( .MILLI., .METRE. ) );
#3574 = EDGE_CURVE ( 'NONE', #9365, #5502, #974, .T. ) ;
#3575 = DIRECTION ( 'NONE',  ( 0.000000000000000000, 0.1736483871527826073, 0.9848077160741772751 ) ) ;
#3576 = PRESENTATION_LAYER_ASSIGNMENT (  '', '', ( #6203 ) ) ;
#3577 = SURFACE_STYLE_USAGE ( .BOTH. , #3713 ) ;
#3578 = EDGE_LOOP ( 'NONE', ( #1189, #6968, #4109, #9834 ) ) ;
#3579 = EDGE_LOOP ( 'NONE', ( #6692, #4655, #6051, #8171 ) ) ;
#3580 = EDGE_CURVE ( 'NONE', #3751, #3808, #871, .T. ) ;
#3581 = PLANE ( 'NONE',  #6358 ) ;
#3582 = LINE ( 'NONE', #9129, #6649 ) ;
#3583 = SURFACE_SIDE_STYLE ('',( #4392 ) ) ;
#3584 = VECTOR ( 'NONE', #3822, 1000.000000000000000 ) ;
#3585 = VERTEX_POINT ( 'NONE', #3366 ) ;
#3586 = CARTESIAN_POINT ( 'NONE',  ( -45.00000000000000000, -10.20905709001187134, -32.67945803411240036 ) ) ;
#3587 = DIRECTION ( 'NONE',  ( 1.000000000000000000, 0.000000000000000000, 0.000000000000000000 ) ) ;
#3588 = EDGE_CURVE ( 'NONE', #3057, #1120, #6501, .T. ) ;
#3589 = VECTOR ( 'NONE', #6499, 1000.000000000000000 ) ;
#3590 = LINE ( 'NONE', #7390, #5084 ) ;
#3591 = ORIENTED_EDGE ( 'NONE', *, *, #7125, .T. ) ;
#3592 = CARTESIAN_POINT ( 'NONE',  ( 45.00000000000000000, 4.967581179072156239, -33.00999795674291448 ) ) ;
#3593 = DIRECTION ( 'NONE',  ( -1.000000000000000000, -0.000000000000000000, -0.000000000000000000 ) ) ;
#3594 = FILL_AREA_STYLE_COLOUR ( '', #2910 ) ;
#3595 = VERTEX_POINT ( 'NONE', #3160 ) ;
#3596 =( LENGTH_UNIT ( ) NAMED_UNIT ( * ) SI_UNIT ( .MILLI., .METRE. ) );
#3597 = CYLINDRICAL_SURFACE ( 'NONE', #6351, 0.3999999110189944584 ) ;
#3598 = VERTEX_POINT ( 'NONE', #39 ) ;
#3599 = ORIENTED_EDGE ( 'NONE', *, *, #691, .T. ) ;
#3600 = FILL_AREA_STYLE ('',( #489 ) ) ;
#3601 = DIRECTION ( 'NONE',  ( 1.000000000000000000, 0.000000000000000000, 0.000000000000000000 ) ) ;
#3602 = EDGE_CURVE ( 'NONE', #6884, #7401, #6297, .T. ) ;
#3603 = SURFACE_STYLE_USAGE ( .BOTH. , #8187 ) ;
#3604 = MECHANICAL_DESIGN_GEOMETRIC_PRESENTATION_REPRESENTATION (  '', ( #7208 ), #5897 ) ;
#3605 = CARTESIAN_POINT ( 'NONE',  ( 45.00000000000000000, 4.727529154230967201, -32.60999795674545254 ) ) ;
#3606 = LINE ( 'NONE', #2935, #1899 ) ;
#3607 = DIRECTION ( 'NONE',  ( -0.000000000000000000, 1.000000000000000000, -0.000000000000000000 ) ) ;
#3608 = ORIENTED_EDGE ( 'NONE', *, *, #6873, .T. ) ;
#3609 = VECTOR ( 'NONE', #427, 1000.000000000000000 ) ;
#3610 = CARTESIAN_POINT ( 'NONE',  ( 45.00000000000000000, -8.199282692615440737, 32.60999825458215895 ) ) ;
#3611 = PRESENTATION_STYLE_ASSIGNMENT (( #5307 ) ) ;
#3612 = MECHANICAL_DESIGN_GEOMETRIC_PRESENTATION_REPRESENTATION (  '', ( #3763 ), #7547 ) ;
#3613 = EDGE_CURVE ( 'NONE', #7028, #217, #8953, .T. ) ;
#3614 = ORIENTED_EDGE ( 'NONE', *, *, #7691, .F. ) ;
#3615 = FACE_OUTER_BOUND ( 'NONE', #142, .T. ) ;
#3616 =( GEOMETRIC_REPRESENTATION_CONTEXT ( 3 ) GLOBAL_UNCERTAINTY_ASSIGNED_CONTEXT ( ( #3167 ) ) GLOBAL_UNIT_ASSIGNED_CONTEXT ( ( #5566, #3955, #8197 ) ) REPRESENTATION_CONTEXT ( 'NONE', 'WORKASPACE' ) );
#3617 = CARTESIAN_POINT ( 'NONE',  ( -45.00000000000000000, -11.82490854779688760, 32.67945813854115045 ) ) ;
#3618 = DIRECTION ( 'NONE',  ( -0.000000000000000000, -0.000000000000000000, 1.000000000000000000 ) ) ;
#3619 = PRESENTATION_LAYER_ASSIGNMENT (  '', '', ( #5095 ) ) ;
#3620 = DIRECTION ( 'NONE',  ( 1.000000000000000000, 0.000000000000000000, 0.000000000000000000 ) ) ;
#3621 = PLANE ( 'NONE',  #6817 ) ;
#3622 = ORIENTED_EDGE ( 'NONE', *, *, #4607, .T. ) ;
#3623 = EDGE_LOOP ( 'NONE', ( #2099, #410, #8596, #3236 ) ) ;
#3624 =( GEOMETRIC_REPRESENTATION_CONTEXT ( 3 ) GLOBAL_UNCERTAINTY_ASSIGNED_CONTEXT ( ( #368 ) ) GLOBAL_UNIT_ASSIGNED_CONTEXT ( ( #6758, #9379, #2416 ) ) REPRESENTATION_CONTEXT ( 'NONE', 'WORKASPACE' ) );
#3625 = EDGE_CURVE ( 'NONE', #1597, #6301, #4694, .T. ) ;
#3626 = VECTOR ( 'NONE', #3794, 1000.000000000000000 ) ;
#3627 = CARTESIAN_POINT ( 'NONE',  ( -45.00000000000000000, 6.343380612018469478, -32.60999806117456501 ) ) ;
#3628 = FILL_AREA_STYLE_COLOUR ( '', #4220 ) ;
#3629 = VERTEX_POINT ( 'NONE', #9692 ) ;
#3630 = DIRECTION ( 'NONE',  ( 0.000000000000000000, 0.000000000000000000, -1.000000000000000000 ) ) ;
#3631 = EDGE_LOOP ( 'NONE', ( #428, #4223, #1508, #7957 ) ) ;
#3632 = PRODUCT_RELATED_PRODUCT_CATEGORY ( 'part', '', ( #118 ) ) ;
#3633 = CARTESIAN_POINT ( 'NONE',  ( -45.00000000000000000, -3.111676294411882981, -32.60999785231635428 ) ) ;
#3634 = PRESENTATION_LAYER_ASSIGNMENT (  '', '', ( #1819 ) ) ;
#3635 = DIRECTION ( 'NONE',  ( -1.000000000000000000, 0.000000000000000000, -0.000000000000000000 ) ) ;
#3636 = CARTESIAN_POINT ( 'NONE',  ( -45.00000000000000000, 9.575083527593475807, -32.60999827003277574 ) ) ;
#3637 = ORIENTED_EDGE ( 'NONE', *, *, #3453, .F. ) ;
#3638 = AXIS2_PLACEMENT_3D ( 'NONE', #3152, #4001, #5513 ) ;
#3640 = COLOUR_RGB ( '',0.8980392156862745390, 0.9176470588235293713, 0.9294117647058823817 ) ;
#3639 = VECTOR ( 'NONE', #2691, 1000.000000000000000 ) ;
#3641 = LINE ( 'NONE', #7392, #8312 ) ;
#3642 = EDGE_CURVE ( 'NONE', #889, #4386, #3393, .T. ) ;
#3643 = VERTEX_POINT ( 'NONE', #9017 ) ;
#3644 = CARTESIAN_POINT ( 'NONE',  ( 45.00000000000000000, 2.171929462965214608, -32.44053776549218071 ) ) ;
#3645 = AXIS2_PLACEMENT_3D ( 'NONE', #4648, #7680, #4596 ) ;
#3646 = ORIENTED_EDGE ( 'NONE', *, *, #1636, .T. ) ;
#3647 = VERTEX_POINT ( 'NONE', #5930 ) ;
#3648 = UNCERTAINTY_MEASURE_WITH_UNIT (LENGTH_MEASURE( 1.000000000000000082E-05 ), #3742, 'distance_accuracy_value', 'NONE');
#3649 = FILL_AREA_STYLE_COLOUR ( '', #888 ) ;
#3650 = FACE_OUTER_BOUND ( 'NONE', #5281, .T. ) ;
#3651 = ADVANCED_FACE ( 'NONE', ( #1029 ), #2013, .F. ) ;
#3652 = CARTESIAN_POINT ( 'NONE',  ( 45.00000000000000000, -13.99999993022105826, -33.00999847889091399 ) ) ;
#3653 = ORIENTED_EDGE ( 'NONE', *, *, #2620, .T. ) ;
#3654 = FACE_OUTER_BOUND ( 'NONE', #3155, .T. ) ;
#3655 = FACE_OUTER_BOUND ( 'NONE', #5716, .T. ) ;
#3656 = ORIENTED_EDGE ( 'NONE', *, *, #2001, .T. ) ;
#3657 = DIRECTION ( 'NONE',  ( -0.000000000000000000, -0.1736492263816335757, -0.9848075680949350819 ) ) ;
#3658 = DIRECTION ( 'NONE',  ( 0.000000000000000000, 1.000000000000000000, 0.000000000000000000 ) ) ;
#3659 = FACE_OUTER_BOUND ( 'NONE', #9439, .T. ) ;
#3660 = CARTESIAN_POINT ( 'NONE',  ( -45.00000000000000000, -5.907328127369614990, 32.44053797435041275 ) ) ;
#3661 = EDGE_CURVE ( 'NONE', #3902, #501, #7364, .T. ) ;
#3662 = ORIENTED_EDGE ( 'NONE', *, *, #4320, .F. ) ;
#3663 = EDGE_LOOP ( 'NONE', ( #9198, #4835, #2922, #10039 ) ) ;
#3664 = SURFACE_SIDE_STYLE ('',( #1353 ) ) ;
#3665 = CARTESIAN_POINT ( 'NONE',  ( -45.00000000000000000, 9.181160441163822128, -32.67945762489385686 ) ) ;
#3666 = VERTEX_POINT ( 'NONE', #2064 ) ;
#3667 = CARTESIAN_POINT ( 'NONE',  ( 45.00000000000000000, 11.80013504562275095, 30.08641782480464499 ) ) ;
#3668 = CARTESIAN_POINT ( 'NONE',  ( -45.00000000000000000, -11.19093358334940547, -33.00999837446183705 ) ) ;
#3669 = ORIENTED_EDGE ( 'NONE', *, *, #7616, .F. ) ;
#3670 = EDGE_CURVE ( 'NONE', #2844, #7507, #9837, .T. ) ;
#3671 = SURFACE_SIDE_STYLE ('',( #6784 ) ) ;
#3672 = PLANE ( 'NONE',  #1680 ) ;
#3673 = UNCERTAINTY_MEASURE_WITH_UNIT (LENGTH_MEASURE( 1.000000000000000082E-05 ), #4234, 'distance_accuracy_value', 'NONE');
#3674 = EDGE_LOOP ( 'NONE', ( #5418, #10043, #4533, #1423 ) ) ;
#3675 = DIRECTION ( 'NONE',  ( 1.000000000000000000, 0.000000000000000000, 0.000000000000000000 ) ) ;
#3676 = LINE ( 'NONE', #9306, #5539 ) ;
#3677 = EDGE_CURVE ( 'NONE', #9997, #2342, #1891, .T. ) ;
#3678 = EDGE_LOOP ( 'NONE', ( #3546, #10159, #5367, #1869 ) ) ;
#3679 = CARTESIAN_POINT ( 'NONE',  ( -45.00000000000000000, -7.523179585157176774, 32.44053807877953233 ) ) ;
#3680 = VECTOR ( 'NONE', #7294, 1000.000000000000114 ) ;
#3681 = CARTESIAN_POINT ( 'NONE',  ( 45.00000000000000000, -2.717753207982234187, -32.67945720717744251 ) ) ;
#3682 = ORIENTED_EDGE ( 'NONE', *, *, #5174, .F. ) ;
#3683 = AXIS2_PLACEMENT_3D ( 'NONE', #9446, #775, #5524 ) ;
#3684 = ORIENTED_EDGE ( 'NONE', *, *, #5642, .F. ) ;
#3685 =( NAMED_UNIT ( * ) PLANE_ANGLE_UNIT ( ) SI_UNIT ( $, .RADIAN. ) );
#3686 = EDGE_CURVE ( 'NONE', #8485, #8581, #8914, .T. ) ;
#3687 = CARTESIAN_POINT ( 'NONE',  ( -45.00000000000000000, -4.291476669582347192, -32.44053786992127897 ) ) ;
#3688 = VECTOR ( 'NONE', #9750, 1000.000000000000000 ) ;
#3689 = COLOUR_RGB ( '',0.8980392156862745390, 0.9176470588235293713, 0.9294117647058823817 ) ;
#3690 = COLOUR_RGB ( '',0.8980392156862745390, 0.9176470588235293713, 0.9294117647058823817 ) ;
#3691 =( GEOMETRIC_REPRESENTATION_CONTEXT ( 3 ) GLOBAL_UNCERTAINTY_ASSIGNED_CONTEXT ( ( #536 ) ) GLOBAL_UNIT_ASSIGNED_CONTEXT ( ( #3149, #10182, #4687 ) ) REPRESENTATION_CONTEXT ( 'NONE', 'WORKASPACE' ) );
#3692 = CARTESIAN_POINT ( 'NONE',  ( -45.00000000000000000, 1.059775156038909483, -32.44053766106308245 ) ) ;
#3693 = SURFACE_STYLE_FILL_AREA ( #8429 ) ;
#3694 = MECHANICAL_DESIGN_GEOMETRIC_PRESENTATION_REPRESENTATION (  '', ( #1237 ), #9466 ) ;
#3695 =( NAMED_UNIT ( * ) SI_UNIT ( $, .STERADIAN. ) SOLID_ANGLE_UNIT ( ) );
#3696 = COLOUR_RGB ( '',0.8980392156862745390, 0.9176470588235293713, 0.9294117647058823817 ) ;
#3697 = ORIENTED_EDGE ( 'NONE', *, *, #6207, .T. ) ;
#3698 = AXIS2_PLACEMENT_3D ( 'NONE', #2346, #8417, #1362 ) ;
#3699 = PLANE ( 'NONE',  #5945 ) ;
#3700 = VECTOR ( 'NONE', #8032, 1000.000000000000000 ) ;
#3701 = DIRECTION ( 'NONE',  ( 0.000000000000000000, 0.000000000000000000, 1.000000000000000000 ) ) ;
#3702 = ADVANCED_FACE ( 'NONE', ( #8299 ), #4381, .F. ) ;
#3703 = FILL_AREA_STYLE_COLOUR ( '', #4594 ) ;
#3704 = VERTEX_POINT ( 'NONE', #6964 ) ;
#3705 = DIRECTION ( 'NONE',  ( -0.000000000000000000, -1.000000000000000000, -0.000000000000000000 ) ) ;
#3706 = DIRECTION ( 'NONE',  ( -1.000000000000000000, -0.000000000000000000, -0.000000000000000000 ) ) ;
#3707 = VECTOR ( 'NONE', #5665, 1000.000000000000114 ) ;
#3708 = VECTOR ( 'NONE', #8540, 1000.000000000000000 ) ;
#3709 = FACE_OUTER_BOUND ( 'NONE', #8956, .T. ) ;
#3710 =( GEOMETRIC_REPRESENTATION_CONTEXT ( 3 ) GLOBAL_UNCERTAINTY_ASSIGNED_CONTEXT ( ( #7648 ) ) GLOBAL_UNIT_ASSIGNED_CONTEXT ( ( #3500, #8226, #5908 ) ) REPRESENTATION_CONTEXT ( 'NONE', 'WORKASPACE' ) );
#3711 = LINE ( 'NONE', #2948, #1235 ) ;
#3712 = CIRCLE ( 'NONE', #9484, 0.3999999110189944584 ) ;
#3713 = SURFACE_SIDE_STYLE ('',( #2950 ) ) ;
#3714 = ORIENTED_EDGE ( 'NONE', *, *, #8358, .T. ) ;
#3715 = ORIENTED_EDGE ( 'NONE', *, *, #6630, .T. ) ;
#3716 = VECTOR ( 'NONE', #5011, 1000.000000000000000 ) ;
#3717 = STYLED_ITEM ( 'NONE', ( #5099 ), #6574 ) ;
#3718 = ORIENTED_EDGE ( 'NONE', *, *, #983, .F. ) ;
#3719 = SURFACE_SIDE_STYLE ('',( #4490 ) ) ;
#3720 = EDGE_CURVE ( 'NONE', #4292, #5216, #6079, .T. ) ;
#3721 = CARTESIAN_POINT ( 'NONE',  ( 45.00000000000000000, -11.89937286954925533, 28.68732924143479934 ) ) ;
#3722 = CARTESIAN_POINT ( 'NONE',  ( 45.00000000000000000, -9.575082125561905855, -33.00999827003273168 ) ) ;
#3723 =( NAMED_UNIT ( * ) SI_UNIT ( $, .STERADIAN. ) SOLID_ANGLE_UNIT ( ) );
#3724 = VERTEX_POINT ( 'NONE', #6190 ) ;
#3725 = EDGE_CURVE ( 'NONE', #1303, #4070, #510, .T. ) ;
#3726 = VERTEX_POINT ( 'NONE', #7612 ) ;
#3727 = CARTESIAN_POINT ( 'NONE',  ( -45.00000000000000000, -11.41902544830033328, 28.28824047302989797 ) ) ;
#3728 = VECTOR ( 'NONE', #10078, 1000.000000000000227 ) ;
#3729 = CARTESIAN_POINT ( 'NONE',  ( 45.00000000000000000, 9.815134939044030560, 32.60999825458216606 ) ) ;
#3730 = VERTEX_POINT ( 'NONE', #662 ) ;
#3731 = DIRECTION ( 'NONE',  ( -0.000000000000000000, 0.1736483871527123302, -0.9848077160741897096 ) ) ;
#3732 = CIRCLE ( 'NONE', #6381, 0.09999926905921927012 ) ;
#3733 = DIRECTION ( 'NONE',  ( -0.000000000000000000, 1.000000000000000000, -0.000000000000000000 ) ) ;
#3734 = EDGE_LOOP ( 'NONE', ( #5438, #7528, #2660, #6529 ) ) ;
#3735 = ORIENTED_EDGE ( 'NONE', *, *, #5980, .T. ) ;
#3736 = UNCERTAINTY_MEASURE_WITH_UNIT (LENGTH_MEASURE( 1.000000000000000082E-05 ), #6536, 'distance_accuracy_value', 'NONE');
#3737 = LINE ( 'NONE', #2821, #6599 ) ;
#3738 = ADVANCED_FACE ( 'NONE', ( #3659 ), #6033, .T. ) ;
#3739 = LINE ( 'NONE', #10016, #3781 ) ;
#3740 = VECTOR ( 'NONE', #6821, 1000.000000000000000 ) ;
#3741 = LINE ( 'NONE', #4575, #5847 ) ;
#3742 =( LENGTH_UNIT ( ) NAMED_UNIT ( * ) SI_UNIT ( .MILLI., .METRE. ) );
#3743 = EDGE_CURVE ( 'NONE', #2859, #3704, #61, .T. ) ;
#3744 = PLANE ( 'NONE',  #7998 ) ;
#3745 = FACE_OUTER_BOUND ( 'NONE', #9713, .T. ) ;
#3746 = SURFACE_STYLE_FILL_AREA ( #9217 ) ;
#3747 = ORIENTED_EDGE ( 'NONE', *, *, #6391, .T. ) ;
#3748 = UNCERTAINTY_MEASURE_WITH_UNIT (LENGTH_MEASURE( 1.000000000000000082E-05 ), #1258, 'distance_accuracy_value', 'NONE');
#3749 =( NAMED_UNIT ( * ) PLANE_ANGLE_UNIT ( ) SI_UNIT ( $, .RADIAN. ) );
#3750 = VECTOR ( 'NONE', #790, 1000.000000000000114 ) ;
#3751 = VERTEX_POINT ( 'NONE', #2946 ) ;
#3752 = CARTESIAN_POINT ( 'NONE',  ( 45.00000000000000000, -10.20905709000932760, 32.67945803411201666 ) ) ;
#3753 = CARTESIAN_POINT ( 'NONE',  ( 45.00000000000000000, 10.79701128556071232, 32.67945762489390660 ) ) ;
#3754 = ADVANCED_FACE ( 'NONE', ( #2272 ), #8494, .F. ) ;
#3755 = SURFACE_STYLE_USAGE ( .BOTH. , #2214 ) ;
#3756 = VECTOR ( 'NONE', #9252, 1000.000000000000000 ) ;
#3757 = DIRECTION ( 'NONE',  ( -1.000000000000000000, -0.000000000000000000, -0.000000000000000000 ) ) ;
#3758 = VERTEX_POINT ( 'NONE', #5655 ) ;
#3759 = ORIENTED_EDGE ( 'NONE', *, *, #5920, .F. ) ;
#3760 = CIRCLE ( 'NONE', #6243, 1.000000000000014655 ) ;
#3761 = CARTESIAN_POINT ( 'NONE',  ( -45.00000000000000000, -5.907328127369855686, -32.44053797435037723 ) ) ;
#3762 = CARTESIAN_POINT ( 'NONE',  ( -45.00000000000000000, -15.99999993022108846, 31.00999744296073501 ) ) ;
#3763 = STYLED_ITEM ( 'NONE', ( #2308 ), #8646 ) ;
#3764 =( NAMED_UNIT ( * ) SI_UNIT ( $, .STERADIAN. ) SOLID_ANGLE_UNIT ( ) );
#3765 = UNCERTAINTY_MEASURE_WITH_UNIT (LENGTH_MEASURE( 1.000000000000000082E-05 ), #8388, 'distance_accuracy_value', 'NONE');
#3766 = FACE_OUTER_BOUND ( 'NONE', #3373, .T. ) ;
#3767 = ORIENTED_EDGE ( 'NONE', *, *, #6315, .F. ) ;
#3768 = FILL_AREA_STYLE_COLOUR ( '', #3463 ) ;
#3769 = AXIS2_PLACEMENT_3D ( 'NONE', #8284, #3601, #9871 ) ;
#3770 = FILL_AREA_STYLE ('',( #5993 ) ) ;
#3771 = CARTESIAN_POINT ( 'NONE',  ( -45.00000000000000000, 10.79701189895134839, -32.67945772932300486 ) ) ;
#3772 = ADVANCED_FACE ( 'NONE', ( #7058 ), #3192, .T. ) ;
#3773 = VECTOR ( 'NONE', #420, 1000.000000000000000 ) ;
#3774 = DIRECTION ( 'NONE',  ( -0.000000000000000000, -1.000000000000000000, -0.000000000000000000 ) ) ;
#3775 = EDGE_LOOP ( 'NONE', ( #5265, #853, #4547, #6133 ) ) ;
#3776 = COLOUR_RGB ( '',0.8980392156862745390, 0.9176470588235293713, 0.9294117647058823817 ) ;
#3777 = CARTESIAN_POINT ( 'NONE',  ( 45.00000000000000000, -9.181159039132262834, -32.67945762489387818 ) ) ;
#3778 = ORIENTED_EDGE ( 'NONE', *, *, #3725, .F. ) ;
#3779 = SURFACE_SIDE_STYLE ('',( #5435 ) ) ;
#3780 = ADVANCED_FACE ( 'NONE', ( #6339 ), #2364, .F. ) ;
#3781 = VECTOR ( 'NONE', #7758, 1000.000000000000000 ) ;
#3782 = SURFACE_STYLE_USAGE ( .BOTH. , #8673 ) ;
#3783 = ORIENTED_EDGE ( 'NONE', *, *, #5442, .F. ) ;
#3784 = ORIENTED_EDGE ( 'NONE', *, *, #1268, .F. ) ;
#3785 =( LENGTH_UNIT ( ) NAMED_UNIT ( * ) SI_UNIT ( .MILLI., .METRE. ) );
#3787 = MECHANICAL_DESIGN_GEOMETRIC_PRESENTATION_REPRESENTATION (  '', ( #8560 ), #4624 ) ;
#3786 = AXIS2_PLACEMENT_3D ( 'NONE', #7698, #9610, #5633 ) ;
#3788 = LINE ( 'NONE', #6953, #1738 ) ;
#3789 =( NAMED_UNIT ( * ) PLANE_ANGLE_UNIT ( ) SI_UNIT ( $, .RADIAN. ) );
#3790 = STYLED_ITEM ( 'NONE', ( #5306 ), #432 ) ;
#3792 = VECTOR ( 'NONE', #1401, 1000.000000000000000 ) ;
#3791 = STYLED_ITEM ( 'NONE', ( #5789 ), #9583 ) ;
#3793 = DIRECTION ( 'NONE',  ( 0.000000000000000000, -0.9848075680949354149, -0.1736492263816315218 ) ) ;
#3794 = DIRECTION ( 'NONE',  ( 0.000000000000000000, -1.000000000000000000, 0.000000000000000000 ) ) ;
#3795 = AXIS2_PLACEMENT_3D ( 'NONE', #64, #9469, #2406 ) ;
#3796 = ADVANCED_FACE ( 'NONE', ( #6446 ), #4735, .T. ) ;
#3797 = ORIENTED_EDGE ( 'NONE', *, *, #4859, .F. ) ;
#3798 = DIRECTION ( 'NONE',  ( 0.000000000000000000, 0.000000000000000000, -1.000000000000000000 ) ) ;
#3799 = SURFACE_STYLE_FILL_AREA ( #2158 ) ;
#3800 =( GEOMETRIC_REPRESENTATION_CONTEXT ( 3 ) GLOBAL_UNCERTAINTY_ASSIGNED_CONTEXT ( ( #4343 ) ) GLOBAL_UNIT_ASSIGNED_CONTEXT ( ( #7306, #5925, #4314 ) ) REPRESENTATION_CONTEXT ( 'NONE', 'WORKASPACE' ) );
#3801 = ORIENTED_EDGE ( 'NONE', *, *, #4764, .F. ) ;
#3802 = LINE ( 'NONE', #7773, #7962 ) ;
#3803 = LINE ( 'NONE', #1539, #8477 ) ;
#3804 = LINE ( 'NONE', #9434, #7833 ) ;
#3805 =( NAMED_UNIT ( * ) PLANE_ANGLE_UNIT ( ) SI_UNIT ( $, .RADIAN. ) );
#3806 = FILL_AREA_STYLE_COLOUR ( '', #3217 ) ;
#3807 = LINE ( 'NONE', #649, #192 ) ;
#3808 = VERTEX_POINT ( 'NONE', #230 ) ;
#3809 = CYLINDRICAL_SURFACE ( 'NONE', #2319, 0.3999999999996575739 ) ;
#3810 = ORIENTED_EDGE ( 'NONE', *, *, #5261, .F. ) ;
#3811 = DIRECTION ( 'NONE',  ( 0.000000000000000000, 0.000000000000000000, -1.000000000000000000 ) ) ;
#3812 = ADVANCED_FACE ( 'NONE', ( #2569 ), #8899, .F. ) ;
#3813 =( NAMED_UNIT ( * ) PLANE_ANGLE_UNIT ( ) SI_UNIT ( $, .RADIAN. ) );
#3814 = FILL_AREA_STYLE ('',( #3159 ) ) ;
#3815 = SURFACE_STYLE_USAGE ( .BOTH. , #7846 ) ;
#3816 = LINE ( 'NONE', #9292, #1880 ) ;
#3817 = ORIENTED_EDGE ( 'NONE', *, *, #10131, .F. ) ;
#3818 = DIRECTION ( 'NONE',  ( 0.000000000000000000, 0.000000000000000000, 1.000000000000000000 ) ) ;
#3819 =( NAMED_UNIT ( * ) SI_UNIT ( $, .STERADIAN. ) SOLID_ANGLE_UNIT ( ) );
#3820 = LINE ( 'NONE', #2290, #2117 ) ;
#3821 = ORIENTED_EDGE ( 'NONE', *, *, #6391, .F. ) ;
#3822 = DIRECTION ( 'NONE',  ( 0.000000000000000000, 0.000000000000000000, -1.000000000000000000 ) ) ;
#3823 = CARTESIAN_POINT ( 'NONE',  ( 45.00000000000000000, -10.30145160001482019, -29.72866179929873098 ) ) ;
#3824 = EDGE_CURVE ( 'NONE', #2242, #5670, #2723, .T. ) ;
#3825 =( NAMED_UNIT ( * ) PLANE_ANGLE_UNIT ( ) SI_UNIT ( $, .RADIAN. ) );
#3826 = DIRECTION ( 'NONE',  ( -1.000000000000000000, 0.000000000000000000, -0.000000000000000000 ) ) ;
#3827 = ORIENTED_EDGE ( 'NONE', *, *, #9377, .T. ) ;
#3828 = ORIENTED_EDGE ( 'NONE', *, *, #8664, .T. ) ;
#3829 = EDGE_LOOP ( 'NONE', ( #3855, #6162, #9724, #6319 ) ) ;
#3830 = PRESENTATION_STYLE_ASSIGNMENT (( #10168 ) ) ;
#3831 = PRESENTATION_LAYER_ASSIGNMENT (  '', '', ( #5652 ) ) ;
#3832 = LINE ( 'NONE', #9262, #407 ) ;
#3833 = COLOUR_RGB ( '',0.8980392156862745390, 0.9176470588235293713, 0.9294117647058823817 ) ;
#3834 = LINE ( 'NONE', #1434, #1251 ) ;
#3835 = CARTESIAN_POINT ( 'NONE',  ( 45.00000000000000000, -14.25000017881387571, 28.28824047302991218 ) ) ;
#3836 = SURFACE_STYLE_USAGE ( .BOTH. , #7763 ) ;
#3837 = CARTESIAN_POINT ( 'NONE',  ( -45.00000000000000000, -11.42162772236781620, 28.89258410045184178 ) ) ;
#3838 = ORIENTED_EDGE ( 'NONE', *, *, #7525, .F. ) ;
#3839 = FACE_OUTER_BOUND ( 'NONE', #7844, .T. ) ;
#3840 = LINE ( 'NONE', #9485, #3728 ) ;
#3841 = VECTOR ( 'NONE', #4208, 1000.000000000000114 ) ;
#3842 = FILL_AREA_STYLE ('',( #2470 ) ) ;
#3843 = VECTOR ( 'NONE', #9568, 1000.000000000000000 ) ;
#3844 =( GEOMETRIC_REPRESENTATION_CONTEXT ( 3 ) GLOBAL_UNCERTAINTY_ASSIGNED_CONTEXT ( ( #1895 ) ) GLOBAL_UNIT_ASSIGNED_CONTEXT ( ( #8529, #2412, #5347 ) ) REPRESENTATION_CONTEXT ( 'NONE', 'WORKASPACE' ) );
#3845 = EDGE_CURVE ( 'NONE', #9148, #4724, #6697, .T. ) ;
#3846 = EDGE_CURVE ( 'NONE', #9763, #3057, #4363, .T. ) ;
#3847 = VECTOR ( 'NONE', #166, 1000.000000000000000 ) ;
#3848 = DIRECTION ( 'NONE',  ( 0.000000000000000000, 0.000000000000000000, -1.000000000000000000 ) ) ;
#3849 =( NAMED_UNIT ( * ) PLANE_ANGLE_UNIT ( ) SI_UNIT ( $, .RADIAN. ) );
#3850 = VECTOR ( 'NONE', #1146, 1000.000000000000000 ) ;
#3851 = DIRECTION ( 'NONE',  ( 0.000000000000000000, 0.003648315352221621725, -0.9999933448754000365 ) ) ;
#3852 = COLOUR_RGB ( '',0.8980392156862745390, 0.9176470588235293713, 0.9294117647058823817 ) ;
#3853 = STYLED_ITEM ( 'NONE', ( #1755 ), #8029 ) ;
#3854 = PRESENTATION_STYLE_ASSIGNMENT (( #861 ) ) ;
#3855 = ORIENTED_EDGE ( 'NONE', *, *, #212, .T. ) ;
#3856 = ORIENTED_EDGE ( 'NONE', *, *, #8875, .F. ) ;
#3857 =( GEOMETRIC_REPRESENTATION_CONTEXT ( 3 ) GLOBAL_UNCERTAINTY_ASSIGNED_CONTEXT ( ( #7538 ) ) GLOBAL_UNIT_ASSIGNED_CONTEXT ( ( #2631, #2784, #4265 ) ) REPRESENTATION_CONTEXT ( 'NONE', 'WORKASPACE' ) );
#3858 = ORIENTED_EDGE ( 'NONE', *, *, #3426, .F. ) ;
#3859 = CARTESIAN_POINT ( 'NONE',  ( -45.00000000000000000, -12.37073395851987456, 32.44053839206689815 ) ) ;
#3860 = ADVANCED_FACE ( 'NONE', ( #9005 ), #1948, .T. ) ;
#3861 = DIRECTION ( 'NONE',  ( -1.000000000000000000, -0.000000000000000000, -0.000000000000000000 ) ) ;
#3862 = CIRCLE ( 'NONE', #1571, 0.3999999999991510347 ) ;
#3863 =( GEOMETRIC_REPRESENTATION_CONTEXT ( 3 ) GLOBAL_UNCERTAINTY_ASSIGNED_CONTEXT ( ( #8376 ) ) GLOBAL_UNIT_ASSIGNED_CONTEXT ( ( #3302, #7201, #5609 ) ) REPRESENTATION_CONTEXT ( 'NONE', 'WORKASPACE' ) );
#3864 = DIRECTION ( 'NONE',  ( -1.000000000000000000, -0.000000000000000000, -0.000000000000000000 ) ) ;
#3865 =( LENGTH_UNIT ( ) NAMED_UNIT ( * ) SI_UNIT ( .MILLI., .METRE. ) );
#3866 = ORIENTED_EDGE ( 'NONE', *, *, #8167, .F. ) ;
#3867 = VECTOR ( 'NONE', #3219, 1000.000000000000000 ) ;
#3868 = COLOUR_RGB ( '',0.8980392156862745390, 0.9176470588235293713, 0.9294117647058823817 ) ;
#3869 = STYLED_ITEM ( 'NONE', ( #339 ), #5557 ) ;
#3870 = EDGE_CURVE ( 'NONE', #1334, #9142, #3458, .T. ) ;
#3871 = CARTESIAN_POINT ( 'NONE',  ( -45.00000000000000000, 0.1200269883714016744, -32.60999669650581012 ) ) ;
#3872 =( LENGTH_UNIT ( ) NAMED_UNIT ( * ) SI_UNIT ( .MILLI., .METRE. ) );
#3873 = UNCERTAINTY_MEASURE_WITH_UNIT (LENGTH_MEASURE( 1.000000000000000082E-05 ), #1802, 'distance_accuracy_value', 'NONE');
#3874 = CARTESIAN_POINT ( 'NONE',  ( -45.00000000000000000, -9.575082125561905855, -33.00999827003273879 ) ) ;
#3875 = ORIENTED_EDGE ( 'NONE', *, *, #9862, .F. ) ;
#3876 = AXIS2_PLACEMENT_3D ( 'NONE', #1125, #2670, #8190 ) ;
#3877 = LINE ( 'NONE', #4611, #67 ) ;
#3878 = CARTESIAN_POINT ( 'NONE',  ( 45.00000000000000000, 7.019483836327741422, -32.44053807877948969 ) ) ;
#3879 = EDGE_CURVE ( 'NONE', #1476, #6971, #9475, .T. ) ;
#3880 = FACE_OUTER_BOUND ( 'NONE', #1946, .T. ) ;
#3881 = MECHANICAL_DESIGN_GEOMETRIC_PRESENTATION_REPRESENTATION (  '', ( #7333 ), #3239 ) ;
#3882 = FACE_OUTER_BOUND ( 'NONE', #9476, .T. ) ;
#3883 = ORIENTED_EDGE ( 'NONE', *, *, #9121, .T. ) ;
#3884 = VERTEX_POINT ( 'NONE', #4521 ) ;
#3885 = VERTEX_POINT ( 'NONE', #9873 ) ;
#3886 = AXIS2_PLACEMENT_3D ( 'NONE', #4502, #5329, #6792 ) ;
#3887 = CARTESIAN_POINT ( 'NONE',  ( 45.00000000000000000, 1.735878263497144580, -33.00999774788471086 ) ) ;
#3888 = CARTESIAN_POINT ( 'NONE',  ( 45.00000000000000000, -15.99999993022107780, -31.00999847889091043 ) ) ;
#3889 =( GEOMETRIC_REPRESENTATION_CONTEXT ( 3 ) GLOBAL_UNCERTAINTY_ASSIGNED_CONTEXT ( ( #5085 ) ) GLOBAL_UNIT_ASSIGNED_CONTEXT ( ( #3330, #1919, #8260 ) ) REPRESENTATION_CONTEXT ( 'NONE', 'WORKASPACE' ) );
#3890 = FILL_AREA_STYLE_COLOUR ( '', #900 ) ;
#3891 = FILL_AREA_STYLE ('',( #7711 ) ) ;
#3892 = DIRECTION ( 'NONE',  ( -1.000000000000000000, -0.000000000000000000, -0.000000000000000000 ) ) ;
#3893 = EDGE_LOOP ( 'NONE', ( #1965, #3684, #2870, #3939 ) ) ;
#3894 = EDGE_CURVE ( 'NONE', #1857, #2156, #2101, .T. ) ;
#3895 = LINE ( 'NONE', #6386, #6610 ) ;
#3896 = CARTESIAN_POINT ( 'NONE',  ( 45.00000000000000000, -11.43098560819059450, -33.00999837446184415 ) ) ;
#3897 = CARTESIAN_POINT ( 'NONE',  ( -45.00000000000000000, 14.25000067899707901, 28.28824028669469470 ) ) ;
#3898 = STYLED_ITEM ( 'NONE', ( #7736 ), #4982 ) ;
#3899 = PLANE ( 'NONE',  #9318 ) ;
#3900 =( NAMED_UNIT ( * ) PLANE_ANGLE_UNIT ( ) SI_UNIT ( $, .RADIAN. ) );
#3901 = ORIENTED_EDGE ( 'NONE', *, *, #3091, .F. ) ;
#3902 = VERTEX_POINT ( 'NONE', #7654 ) ;
#3903 = EDGE_CURVE ( 'NONE', #6839, #1274, #1281, .T. ) ;
#3904 = SURFACE_SIDE_STYLE ('',( #3103 ) ) ;
#3905 = ORIENTED_EDGE ( 'NONE', *, *, #8055, .T. ) ;
#3906 = CARTESIAN_POINT ( 'NONE',  ( 45.00000000000000000, -5.907328127369614990, 32.44053797435041275 ) ) ;
#3907 = EDGE_LOOP ( 'NONE', ( #6756, #5072, #2476, #2550 ) ) ;
#3908 = DIRECTION ( 'NONE',  ( 0.000000000000000000, 0.1736492263815972437, -0.9848075680949414101 ) ) ;
#3909 = CARTESIAN_POINT ( 'NONE',  ( 45.00000000000000000, -7.523179585157357074, -32.44053807877948259 ) ) ;
#3910 = CARTESIAN_POINT ( 'NONE',  ( 45.00000000000000000, -1.495824836624388920, -33.00999774788723329 ) ) ;
#3911 = SURFACE_SIDE_STYLE ('',( #434 ) ) ;
#3912 = VERTEX_POINT ( 'NONE', #5341 ) ;
#3913 =( GEOMETRIC_REPRESENTATION_CONTEXT ( 3 ) GLOBAL_UNCERTAINTY_ASSIGNED_CONTEXT ( ( #8184 ) ) GLOBAL_UNIT_ASSIGNED_CONTEXT ( ( #6217, #1575, #1426 ) ) REPRESENTATION_CONTEXT ( 'NONE', 'WORKASPACE' ) );
#3914 = SURFACE_STYLE_USAGE ( .BOTH. , #7121 ) ;
#3915 = EDGE_CURVE ( 'NONE', #8306, #7575, #9100, .T. ) ;
#3916 = CIRCLE ( 'NONE', #4758, 0.3999999110189667029 ) ;
#3917 = VERTEX_POINT ( 'NONE', #8523 ) ;
#3918 = DIRECTION ( 'NONE',  ( -1.000000000000000000, -0.000000000000000000, -0.000000000000000000 ) ) ;
#3919 = DIRECTION ( 'NONE',  ( 0.000000000000000000, 0.000000000000000000, -1.000000000000000000 ) ) ;
#3920 = VECTOR ( 'NONE', #1602, 1000.000000000000000 ) ;
#3921 = LINE ( 'NONE', #2297, #1554 ) ;
#3922 = DIRECTION ( 'NONE',  ( 0.000000000000000000, -1.000000000000000000, 0.000000000000000000 ) ) ;
#3923 = SURFACE_SIDE_STYLE ('',( #6888 ) ) ;
#3924 = ORIENTED_EDGE ( 'NONE', *, *, #3642, .T. ) ;
#3925 = ORIENTED_EDGE ( 'NONE', *, *, #7860, .F. ) ;
#3926 = LINE ( 'NONE', #592, #8409 ) ;
#3927 = VERTEX_POINT ( 'NONE', #594 ) ;
#3928 =( GEOMETRIC_REPRESENTATION_CONTEXT ( 3 ) GLOBAL_UNCERTAINTY_ASSIGNED_CONTEXT ( ( #4602 ) ) GLOBAL_UNIT_ASSIGNED_CONTEXT ( ( #7283, #7331, #2650 ) ) REPRESENTATION_CONTEXT ( 'NONE', 'WORKASPACE' ) );
#3929 = AXIS2_PLACEMENT_3D ( 'NONE', #6858, #7659, #8482 ) ;
#3930 = EDGE_CURVE ( 'NONE', #7214, #7362, #8965, .T. ) ;
#3931 =( NAMED_UNIT ( * ) SI_UNIT ( $, .STERADIAN. ) SOLID_ANGLE_UNIT ( ) );
#3932 = DIRECTION ( 'NONE',  ( -1.000000000000000000, -0.000000000000000000, -0.000000000000000000 ) ) ;
#3933 = AXIS2_PLACEMENT_3D ( 'NONE', #4840, #7841, #821 ) ;
#3934 = VERTEX_POINT ( 'NONE', #2046 ) ;
#3935 = CARTESIAN_POINT ( 'NONE',  ( -45.00000000000000000, 1.101903152226305860, -32.67945710274835847 ) ) ;
#3936 = SURFACE_STYLE_FILL_AREA ( #2989 ) ;
#3937 = VECTOR ( 'NONE', #7022, 1000.000000000000114 ) ;
#3938 = COLOUR_RGB ( '',0.8980392156862745390, 0.9176470588235293713, 0.9294117647058823817 ) ;
#3939 = ORIENTED_EDGE ( 'NONE', *, *, #8038, .T. ) ;
#3940 = UNCERTAINTY_MEASURE_WITH_UNIT (LENGTH_MEASURE( 1.000000000000000082E-05 ), #9371, 'distance_accuracy_value', 'NONE');
#3941 = CARTESIAN_POINT ( 'NONE',  ( 45.00000000000000000, 7.523180987188937685, -32.44053807877948969 ) ) ;
#3942 = ORIENTED_EDGE ( 'NONE', *, *, #6903, .T. ) ;
#3943 = LINE ( 'NONE', #7104, #4191 ) ;
#3944 = MECHANICAL_DESIGN_GEOMETRIC_PRESENTATION_REPRESENTATION (  '', ( #5768 ), #2826 ) ;
#3945 = AXIS2_PLACEMENT_3D ( 'NONE', #5840, #4331, #3531 ) ;
#3946 = SURFACE_STYLE_FILL_AREA ( #813 ) ;
#3947 = EDGE_CURVE ( 'NONE', #9591, #1776, #3741, .T. ) ;
#3948 = PRESENTATION_STYLE_ASSIGNMENT (( #3755 ) ) ;
#3949 = ORIENTED_EDGE ( 'NONE', *, *, #8347, .T. ) ;
#3950 = ORIENTED_EDGE ( 'NONE', *, *, #2840, .F. ) ;
#3951 = LINE ( 'NONE', #5413, #8238 ) ;
#3952 = CARTESIAN_POINT ( 'NONE',  ( 45.00000000000000000, 9.900134291210605397, -29.82752931517285688 ) ) ;
#3953 = COLOUR_RGB ( '',0.8980392156862745390, 0.9176470588235293713, 0.9294117647058823817 ) ;
#3954 = EDGE_LOOP ( 'NONE', ( #6363, #2452, #5153, #1088 ) ) ;
#3955 =( NAMED_UNIT ( * ) PLANE_ANGLE_UNIT ( ) SI_UNIT ( $, .RADIAN. ) );
#3956 = SURFACE_SIDE_STYLE ('',( #8036 ) ) ;
#3957 = SURFACE_SIDE_STYLE ('',( #6247 ) ) ;
#3958 = CARTESIAN_POINT ( 'NONE',  ( 45.00000000000000000, -8.593205632221760482, 32.67945792968289709 ) ) ;
#3959 = EDGE_CURVE ( 'NONE', #2300, #6767, #8343, .T. ) ;
#3960 = CARTESIAN_POINT ( 'NONE',  ( -45.00000000000000000, 12.80678533207917447, 33.00999837446159546 ) ) ;
#3961 =( NAMED_UNIT ( * ) SI_UNIT ( $, .STERADIAN. ) SOLID_ANGLE_UNIT ( ) );
#3962 = EDGE_LOOP ( 'NONE', ( #6268, #184, #9978, #4986 ) ) ;
#3963 = ORIENTED_EDGE ( 'NONE', *, *, #2437, .T. ) ;
#3964 = FILL_AREA_STYLE ('',( #9347 ) ) ;
#3965 =( NAMED_UNIT ( * ) PLANE_ANGLE_UNIT ( ) SI_UNIT ( $, .RADIAN. ) );
#3966 = ORIENTED_EDGE ( 'NONE', *, *, #8259, .F. ) ;
#3967 = CARTESIAN_POINT ( 'NONE',  ( 45.00000000000000000, 11.91902502860232893, -28.48824096683820173 ) ) ;
#3968 = EDGE_CURVE ( 'NONE', #3647, #2954, #3832, .T. ) ;
#3969 = CARTESIAN_POINT ( 'NONE',  ( 45.00000000000000000, -9.815134150403094893, -33.00999827003273879 ) ) ;
#3970 = FACE_OUTER_BOUND ( 'NONE', #7020, .T. ) ;
#3971 = CARTESIAN_POINT ( 'NONE',  ( -45.00000000000000000, -2.129799801074362176, -32.67945751196690196 ) ) ;
#3972 = PRESENTATION_STYLE_ASSIGNMENT (( #1621 ) ) ;
#3973 = AXIS2_PLACEMENT_3D ( 'NONE', #7427, #9792, #1092 ) ;
#3974 = FILL_AREA_STYLE ('',( #6371 ) ) ;
#3975 = CARTESIAN_POINT ( 'NONE',  ( 45.00000000000000000, -10.25118534987116270, -32.44053828763767910 ) ) ;
#3976 = EDGE_LOOP ( 'NONE', ( #8053, #6316, #5970, #3697 ) ) ;
#3977 = ORIENTED_EDGE ( 'NONE', *, *, #9238, .T. ) ;
#3978 = CARTESIAN_POINT ( 'NONE',  ( -45.00000000000000000, 7.523180987188937685, -32.44053807877948969 ) ) ;
#3979 = ORIENTED_EDGE ( 'NONE', *, *, #1663, .T. ) ;
#3980 = EDGE_CURVE ( 'NONE', #2759, #4292, #2721, .T. ) ;
#3981 = CARTESIAN_POINT ( 'NONE',  ( 45.00000000000000000, 0.5560780051777099997, -32.44053766106308245 ) ) ;
#3982 = CARTESIAN_POINT ( 'NONE',  ( 45.00000000000000000, -12.37073395851987456, -32.44053839206678447 ) ) ;
#3983 = ORIENTED_EDGE ( 'NONE', *, *, #4909, .F. ) ;
#3984 = FILL_AREA_STYLE ('',( #1795 ) ) ;
#3985 = DIRECTION ( 'NONE',  ( 1.000000000000000000, 0.000000000000000000, 0.000000000000000000 ) ) ;
#3986 = PLANE ( 'NONE',  #49 ) ;
#3987 = EDGE_CURVE ( 'NONE', #8305, #1201, #3788, .T. ) ;
#3988 = ORIENTED_EDGE ( 'NONE', *, *, #9461, .F. ) ;
#3989 = CARTESIAN_POINT ( 'NONE',  ( 45.00000000000000000, -7.019482434295976958, 32.44053807877953233 ) ) ;
#3990 = CIRCLE ( 'NONE', #9764, 2.000000000000029310 ) ;
#3991 = DIRECTION ( 'NONE',  ( -1.000000000000000000, -0.000000000000000000, -0.000000000000000000 ) ) ;
#3992 =( LENGTH_UNIT ( ) NAMED_UNIT ( * ) SI_UNIT ( .MILLI., .METRE. ) );
#3993 = CARTESIAN_POINT ( 'NONE',  ( 45.00000000000000000, 14.00000071886237407, -31.00999754738981196 ) ) ;
#3994 = CARTESIAN_POINT ( 'NONE',  ( -45.00000000000000000, 11.43098639683158879, 33.00999827003280274 ) ) ;
#3995 = CARTESIAN_POINT ( 'NONE',  ( 45.00000000000000000, -10.20905709000932760, 32.67945803411201666 ) ) ;
#3996 = FILL_AREA_STYLE_COLOUR ( '', #4081 ) ;
#3997 = EDGE_CURVE ( 'NONE', #3912, #4925, #3032, .T. ) ;
#3998 = ORIENTED_EDGE ( 'NONE', *, *, #10156, .F. ) ;
#3999 = ORIENTED_EDGE ( 'NONE', *, *, #3131, .F. ) ;
#4000 = STYLED_ITEM ( 'NONE', ( #2021 ), #3260 ) ;
#4001 = DIRECTION ( 'NONE',  ( 1.000000000000000000, 0.000000000000000000, 0.000000000000000000 ) ) ;
#4002 = AXIS2_PLACEMENT_3D ( 'NONE', #3501, #6631, #2464 ) ;
#4003 = DIRECTION ( 'NONE',  ( -1.000000000000000000, -0.000000000000000000, -0.000000000000000000 ) ) ;
#4004 = AXIS2_PLACEMENT_3D ( 'NONE', #3162, #7790, #6252 ) ;
#4005 = FILL_AREA_STYLE ('',( #1700 ) ) ;
#4006 = CARTESIAN_POINT ( 'NONE',  ( -45.00000000000000000, 7.565308983376326069, -32.67945752046476571 ) ) ;
#4007 = DIRECTION ( 'NONE',  ( 0.000000000000000000, 0.000000000000000000, -1.000000000000000000 ) ) ;
#4008 = DIRECTION ( 'NONE',  ( 0.000000000000000000, 0.000000000000000000, -1.000000000000000000 ) ) ;
#4009 = DIRECTION ( 'NONE',  ( -0.000000000000000000, 0.1736492263815920256, 0.9848075680949422983 ) ) ;
#4010 = STYLED_ITEM ( 'NONE', ( #8573 ), #7709 ) ;
#4011 = ORIENTED_EDGE ( 'NONE', *, *, #4619, .F. ) ;
#4012 = STYLED_ITEM ( 'NONE', ( #4590 ), #7192 ) ;
#4013 = PRESENTATION_LAYER_ASSIGNMENT (  '', '', ( #1065 ) ) ;
#4014 =( GEOMETRIC_REPRESENTATION_CONTEXT ( 3 ) GLOBAL_UNCERTAINTY_ASSIGNED_CONTEXT ( ( #3545 ) ) GLOBAL_UNIT_ASSIGNED_CONTEXT ( ( #9849, #9130, #9080 ) ) REPRESENTATION_CONTEXT ( 'NONE', 'WORKASPACE' ) );
#4015 =( GEOMETRIC_REPRESENTATION_CONTEXT ( 3 ) GLOBAL_UNCERTAINTY_ASSIGNED_CONTEXT ( ( #5886 ) ) GLOBAL_UNIT_ASSIGNED_CONTEXT ( ( #5900, #9195, #481 ) ) REPRESENTATION_CONTEXT ( 'NONE', 'WORKASPACE' ) );
#4016 = VECTOR ( 'NONE', #546, 1000.000000000000000 ) ;
#4017 = EDGE_CURVE ( 'NONE', #3912, #9076, #2257, .T. ) ;
#4018 =( LENGTH_UNIT ( ) NAMED_UNIT ( * ) SI_UNIT ( .MILLI., .METRE. ) );
#4019 = PRESENTATION_LAYER_ASSIGNMENT (  '', '', ( #2067 ) ) ;
#4020 = FILL_AREA_STYLE ('',( #9656 ) ) ;
#4021 =( GEOMETRIC_REPRESENTATION_CONTEXT ( 3 ) GLOBAL_UNCERTAINTY_ASSIGNED_CONTEXT ( ( #8265 ) ) GLOBAL_UNIT_ASSIGNED_CONTEXT ( ( #1227, #4942, #1804 ) ) REPRESENTATION_CONTEXT ( 'NONE', 'WORKASPACE' ) );
#4022 = ORIENTED_EDGE ( 'NONE', *, *, #5811, .T. ) ;
#4023 = SURFACE_SIDE_STYLE ('',( #883 ) ) ;
#4024 = SURFACE_STYLE_FILL_AREA ( #8865 ) ;
#4025 = CARTESIAN_POINT ( 'NONE',  ( -45.00000000000000000, 6.343380612018469478, -33.00999806117454227 ) ) ;
#4026 = COLOUR_RGB ( '',0.8980392156862745390, 0.9176470588235293713, 0.9294117647058823817 ) ;
#4027 = VECTOR ( 'NONE', #6864, 1000.000000000000000 ) ;
#4028 =( LENGTH_UNIT ( ) NAMED_UNIT ( * ) SI_UNIT ( .MILLI., .METRE. ) );
#4029 = CARTESIAN_POINT ( 'NONE',  ( 45.00000000000000000, 3.787780920752721325, -32.44053786992127897 ) ) ;
#4030 = FACE_OUTER_BOUND ( 'NONE', #3678, .T. ) ;
#4031 =( LENGTH_UNIT ( ) NAMED_UNIT ( * ) SI_UNIT ( .MILLI., .METRE. ) );
#4032 = DIRECTION ( 'NONE',  ( -1.000000000000000000, -0.000000000000000000, -0.000000000000000000 ) ) ;
#4033 = EDGE_CURVE ( 'NONE', #1239, #6996, #7600, .T. ) ;
#4034 = ORIENTED_EDGE ( 'NONE', *, *, #4595, .F. ) ;
#4035 = FILL_AREA_STYLE_COLOUR ( '', #9410 ) ;
#4036 = CARTESIAN_POINT ( 'NONE',  ( 45.00000000000000000, -9.181159039132262834, -32.67945762489387818 ) ) ;
#4037 = MECHANICAL_DESIGN_GEOMETRIC_PRESENTATION_REPRESENTATION (  '', ( #2410 ), #1918 ) ;
#4038 = ORIENTED_EDGE ( 'NONE', *, *, #7456, .T. ) ;
#4039 = SURFACE_STYLE_USAGE ( .BOTH. , #904 ) ;
#4040 = FILL_AREA_STYLE ('',( #276 ) ) ;
#4041 = DIRECTION ( 'NONE',  ( 0.000000000000000000, 1.000000000000000000, 0.000000000000000000 ) ) ;
#4042 = ORIENTED_EDGE ( 'NONE', *, *, #6707, .F. ) ;
#4043 = EDGE_CURVE ( 'NONE', #9576, #8848, #3712, .T. ) ;
#4044 = DIRECTION ( 'NONE',  ( 0.000000000000000000, 0.000000000000000000, -1.000000000000000000 ) ) ;
#4045 = DIRECTION ( 'NONE',  ( -0.000000000000000000, 0.9848077160741706138, 0.1736483871528202161 ) ) ;
#4046 = DIRECTION ( 'NONE',  ( -0.000000000000000000, -1.000000000000000000, -0.000000000000000000 ) ) ;
#4047 = AXIS2_PLACEMENT_3D ( 'NONE', #2994, #5354, #4584 ) ;
#4048 = EDGE_CURVE ( 'NONE', #6406, #9148, #2982, .T. ) ;
#4049 = FILL_AREA_STYLE_COLOUR ( '', #9791 ) ;
#4050 = PLANE ( 'NONE',  #1910 ) ;
#4051 = CARTESIAN_POINT ( 'NONE',  ( -45.00000000000000000, 9.139032444976447067, -32.44053818320860216 ) ) ;
#4052 =( LENGTH_UNIT ( ) NAMED_UNIT ( * ) SI_UNIT ( .MILLI., .METRE. ) );
#4053 = ORIENTED_EDGE ( 'NONE', *, *, #2420, .T. ) ;
#4054 = PRESENTATION_LAYER_ASSIGNMENT (  '', '', ( #1599 ) ) ;
#4055 = LINE ( 'NONE', #2281, #3937 ) ;
#4056 = FACE_OUTER_BOUND ( 'NONE', #8882, .T. ) ;
#4057 = DIRECTION ( 'NONE',  ( 1.000000000000000000, 0.000000000000000000, 0.000000000000000000 ) ) ;
#4058 = EDGE_CURVE ( 'NONE', #4724, #8257, #7760, .T. ) ;
#4059 = DIRECTION ( 'NONE',  ( 0.000000000000000000, 1.000000000000000000, 0.000000000000000000 ) ) ;
#4060 = PRESENTATION_STYLE_ASSIGNMENT (( #9598 ) ) ;
#4061 = ORIENTED_EDGE ( 'NONE', *, *, #4160, .T. ) ;
#4062 = SURFACE_STYLE_USAGE ( .BOTH. , #3671 ) ;
#4063 = CARTESIAN_POINT ( 'NONE',  ( 45.00000000000000000, -13.99999993022134248, 31.00999744296073501 ) ) ;
#4064 = SURFACE_STYLE_USAGE ( .BOTH. , #5726 ) ;
#4065 = ORIENTED_EDGE ( 'NONE', *, *, #2124, .F. ) ;
#4066 = CYLINDRICAL_SURFACE ( 'NONE', #9518, 0.7199711365119334516 ) ;
#4067 = CIRCLE ( 'NONE', #948, 0.3999999110189667029 ) ;
#4068 = LINE ( 'NONE', #4863, #1071 ) ;
#4069 = LINE ( 'NONE', #9660, #2224 ) ;
#4070 = VERTEX_POINT ( 'NONE', #2827 ) ;
#4071 = ADVANCED_FACE ( 'NONE', ( #3650 ), #6805, .F. ) ;
#4072 = DIRECTION ( 'NONE',  ( 0.000000000000000000, 0.000000000000000000, 1.000000000000000000 ) ) ;
#4073 = SURFACE_STYLE_FILL_AREA ( #9517 ) ;
#4074 = AXIS2_PLACEMENT_3D ( 'NONE', #9762, #7499, #7444 ) ;
#4075 = LINE ( 'NONE', #4921, #4585 ) ;
#4076 = DIRECTION ( 'NONE',  ( 0.000000000000000000, 0.000000000000000000, 1.000000000000000000 ) ) ;
#4077 = ORIENTED_EDGE ( 'NONE', *, *, #83, .F. ) ;
#4078 = ORIENTED_EDGE ( 'NONE', *, *, #9493, .F. ) ;
#4079 = ORIENTED_EDGE ( 'NONE', *, *, #868, .F. ) ;
#4080 = PRESENTATION_LAYER_ASSIGNMENT (  '', '', ( #8528 ) ) ;
#4081 = COLOUR_RGB ( '',0.8980392156862745390, 0.9176470588235293713, 0.9294117647058823817 ) ;
#4082 = CARTESIAN_POINT ( 'NONE',  ( -45.00000000000000000, 11.86703820969024292, -32.44053839206681289 ) ) ;
#4083 = LINE ( 'NONE', #2408, #6029 ) ;
#4084 = EDGE_CURVE ( 'NONE', #10122, #7307, #945, .T. ) ;
#4085 = ORIENTED_EDGE ( 'NONE', *, *, #6379, .F. ) ;
#4086 = CARTESIAN_POINT ( 'NONE',  ( 45.00000000000000000, 5.907329529401420309, -32.44053797435039144 ) ) ;
#4087 = FILL_AREA_STYLE_COLOUR ( '', #413 ) ;
#4088 = PRESENTATION_LAYER_ASSIGNMENT (  '', '', ( #4770 ) ) ;
#4089 =( NAMED_UNIT ( * ) PLANE_ANGLE_UNIT ( ) SI_UNIT ( $, .RADIAN. ) );
#4090 = VERTEX_POINT ( 'NONE', #2407 ) ;
#4091 =( NAMED_UNIT ( * ) PLANE_ANGLE_UNIT ( ) SI_UNIT ( $, .RADIAN. ) );
#4092 = VECTOR ( 'NONE', #1216, 1000.000000000000000 ) ;
#4093 =( NAMED_UNIT ( * ) PLANE_ANGLE_UNIT ( ) SI_UNIT ( $, .RADIAN. ) );
#4094 = DIRECTION ( 'NONE',  ( -1.000000000000000000, -0.000000000000000000, -0.000000000000000000 ) ) ;
#4095 = DIRECTION ( 'NONE',  ( 1.000000000000000000, 0.000000000000000000, 0.000000000000000000 ) ) ;
#4096 = EDGE_CURVE ( 'NONE', #3598, #5197, #5547, .T. ) ;
#4097 =( LENGTH_UNIT ( ) NAMED_UNIT ( * ) SI_UNIT ( .MILLI., .METRE. ) );
#4098 = DIRECTION ( 'NONE',  ( 0.000000000000000000, 0.000000000000000000, -1.000000000000000000 ) ) ;
#4099 = ORIENTED_EDGE ( 'NONE', *, *, #5536, .T. ) ;
#4100 = DIRECTION ( 'NONE',  ( 0.000000000000000000, -1.000000000000000000, 0.000000000000000000 ) ) ;
#4101 = CARTESIAN_POINT ( 'NONE',  ( 45.00000000000000000, -9.400134418011131032, -29.82752915061867682 ) ) ;
#4102 = DIRECTION ( 'NONE',  ( -1.000000000000000000, -0.000000000000000000, -0.000000000000000000 ) ) ;
#4103 = COLOUR_RGB ( '',0.8980392156862745390, 0.9176470588235293713, 0.9294117647058823817 ) ;
#4104 = STYLED_ITEM ( 'NONE', ( #4857 ), #1106 ) ;
#4105 =( NAMED_UNIT ( * ) SI_UNIT ( $, .STERADIAN. ) SOLID_ANGLE_UNIT ( ) );
#4106 = DIRECTION ( 'NONE',  ( -0.000000000000000000, 0.003648326140626670377, 0.9999933448360402988 ) ) ;
#4107 = CARTESIAN_POINT ( 'NONE',  ( 45.00000000000000000, 12.41286273712590393, -32.67945714233415799 ) ) ;
#4108 =( LENGTH_UNIT ( ) NAMED_UNIT ( * ) SI_UNIT ( .MILLI., .METRE. ) );
#4109 = ORIENTED_EDGE ( 'NONE', *, *, #5096, .F. ) ;
#4111 =( GEOMETRIC_REPRESENTATION_CONTEXT ( 3 ) GLOBAL_UNCERTAINTY_ASSIGNED_CONTEXT ( ( #5428 ) ) GLOBAL_UNIT_ASSIGNED_CONTEXT ( ( #6136, #1506, #714 ) ) REPRESENTATION_CONTEXT ( 'NONE', 'WORKASPACE' ) );
#4110 = AXIS2_PLACEMENT_3D ( 'NONE', #1139, #298, #4906 ) ;
#4112 = SURFACE_SIDE_STYLE ('',( #1818 ) ) ;
#4113 =( LENGTH_UNIT ( ) NAMED_UNIT ( * ) SI_UNIT ( .MILLI., .METRE. ) );
#4114 =( NAMED_UNIT ( * ) SI_UNIT ( $, .STERADIAN. ) SOLID_ANGLE_UNIT ( ) );
#4115 = VECTOR ( 'NONE', #2602, 1000.000000000000000 ) ;
#4116 = EDGE_CURVE ( 'NONE', #9895, #256, #7045, .T. ) ;
#4117 = PLANE ( 'NONE',  #5116 ) ;
#4118 = SURFACE_STYLE_USAGE ( .BOTH. , #8760 ) ;
#4119 = STYLED_ITEM ( 'NONE', ( #3611 ), #725 ) ;
#4120 = CARTESIAN_POINT ( 'NONE',  ( 45.00000000000000000, 10.75488390276393602, -32.44053828763770753 ) ) ;
#4121 = ORIENTED_EDGE ( 'NONE', *, *, #4033, .F. ) ;
#4122 =( LENGTH_UNIT ( ) NAMED_UNIT ( * ) SI_UNIT ( .MILLI., .METRE. ) );
#4123 = DIRECTION ( 'NONE',  ( -1.000000000000000000, 0.000000000000000000, -0.000000000000000000 ) ) ;
#4124 =( LENGTH_UNIT ( ) NAMED_UNIT ( * ) SI_UNIT ( .MILLI., .METRE. ) );
#4125 = LINE ( 'NONE', #4284, #6481 ) ;
#4126 = DIRECTION ( 'NONE',  ( 0.000000000000000000, 0.000000000000000000, 1.000000000000000000 ) ) ;
#4127 = ORIENTED_EDGE ( 'NONE', *, *, #486, .F. ) ;
#4128 =( NAMED_UNIT ( * ) SI_UNIT ( $, .STERADIAN. ) SOLID_ANGLE_UNIT ( ) );
#4129 = VERTEX_POINT ( 'NONE', #8734 ) ;
#4130 = ORIENTED_EDGE ( 'NONE', *, *, #584, .T. ) ;
#4131 = EDGE_CURVE ( 'NONE', #1239, #8305, #7916, .T. ) ;
#4132 = SURFACE_SIDE_STYLE ('',( #8884 ) ) ;
#4133 = CARTESIAN_POINT ( 'NONE',  ( -45.00000000000000000, -12.37073395851987456, -32.44053839206678447 ) ) ;
#4134 = DIRECTION ( 'NONE',  ( -1.000000000000000000, -0.000000000000000000, -0.000000000000000000 ) ) ;
#4135 = PRESENTATION_LAYER_ASSIGNMENT (  '', '', ( #2530 ) ) ;
#4136 = VERTEX_POINT ( 'NONE', #851 ) ;
#4137 = DIRECTION ( 'NONE',  ( 0.000000000000000000, 0.000000000000000000, -1.000000000000000000 ) ) ;
#4138 =( LENGTH_UNIT ( ) NAMED_UNIT ( * ) SI_UNIT ( .MILLI., .METRE. ) );
#4139 =( LENGTH_UNIT ( ) NAMED_UNIT ( * ) SI_UNIT ( .MILLI., .METRE. ) );
#4140 = VERTEX_POINT ( 'NONE', #3981 ) ;
#4141 = UNCERTAINTY_MEASURE_WITH_UNIT (LENGTH_MEASURE( 1.000000000000000082E-05 ), #9247, 'distance_accuracy_value', 'NONE');
#4142 =( NAMED_UNIT ( * ) SI_UNIT ( $, .STERADIAN. ) SOLID_ANGLE_UNIT ( ) );
#4143 = EDGE_CURVE ( 'NONE', #7187, #4765, #5486, .T. ) ;
#4144 = VECTOR ( 'NONE', #7076, 1000.000000000000000 ) ;
#4145 = DIRECTION ( 'NONE',  ( -1.000000000000000000, -0.000000000000000000, -0.000000000000000000 ) ) ;
#4146 = DIRECTION ( 'NONE',  ( 1.000000000000000000, 0.000000000000000000, 0.000000000000000000 ) ) ;
#4147 = SURFACE_STYLE_USAGE ( .BOTH. , #5813 ) ;
#4148 = EDGE_LOOP ( 'NONE', ( #5650, #3454, #8399, #5870 ) ) ;
#4149 = LINE ( 'NONE', #289, #3140 ) ;
#4150 = EDGE_CURVE ( 'NONE', #9398, #3528, #2510, .T. ) ;
#4151 =( LENGTH_UNIT ( ) NAMED_UNIT ( * ) SI_UNIT ( .MILLI., .METRE. ) );
#4152 = ORIENTED_EDGE ( 'NONE', *, *, #9957, .T. ) ;
#4153 = CARTESIAN_POINT ( 'NONE',  ( -45.00000000000000000, -7.480134739806465483, 31.02000000000007418 ) ) ;
#4154 = PRESENTATION_STYLE_ASSIGNMENT (( #5775 ) ) ;
#4155 = LINE ( 'NONE', #2680, #3707 ) ;
#4156 = CIRCLE ( 'NONE', #2695, 0.3999999999999767630 ) ;
#4157 = MECHANICAL_DESIGN_GEOMETRIC_PRESENTATION_REPRESENTATION (  '', ( #9773 ), #3844 ) ;
#4158 = CARTESIAN_POINT ( 'NONE',  ( -45.00000000000000000, -7.565307581344757892, -32.67945752046476571 ) ) ;
#4159 = PLANE ( 'NONE',  #2498 ) ;
#4160 = EDGE_CURVE ( 'NONE', #10075, #7479, #7967, .T. ) ;
#4161 = DIRECTION ( 'NONE',  ( 0.000000000000000000, -1.000000000000000000, 0.000000000000000000 ) ) ;
#4162 = STYLED_ITEM ( 'NONE', ( #6076 ), #2807 ) ;
#4163 = DIRECTION ( 'NONE',  ( 1.000000000000000000, 0.000000000000000000, 0.000000000000000000 ) ) ;
#4164 = DIRECTION ( 'NONE',  ( 0.000000000000000000, 0.1736492263816896420, -0.9848075680949252009 ) ) ;
#4165 = VERTEX_POINT ( 'NONE', #9577 ) ;
#4166 = ADVANCED_FACE ( 'NONE', ( #6378 ), #1527, .F. ) ;
#4167 =( NAMED_UNIT ( * ) SI_UNIT ( $, .STERADIAN. ) SOLID_ANGLE_UNIT ( ) );
#4168 = FILL_AREA_STYLE_COLOUR ( '', #3320 ) ;
#4169 = CARTESIAN_POINT ( 'NONE',  ( 45.00000000000000000, 6.583432636859658516, -32.60999815015306069 ) ) ;
#4170 = CARTESIAN_POINT ( 'NONE',  ( 45.00000000000000000, -12.37073395851987456, -32.44053839206678447 ) ) ;
#4171 = PRESENTATION_LAYER_ASSIGNMENT (  '', '', ( #9630 ) ) ;
#4172 = MECHANICAL_DESIGN_GEOMETRIC_PRESENTATION_REPRESENTATION (  '', ( #2547 ), #2390 ) ;
#4173 = COLOUR_RGB ( '',0.8980392156862745390, 0.9176470588235293713, 0.9294117647058823817 ) ;
#4174 = CARTESIAN_POINT ( 'NONE',  ( 45.00000000000000000, -5.403630976508411621, 32.44053797435041275 ) ) ;
#4175 = DIRECTION ( 'NONE',  ( -1.000000000000000000, -0.000000000000000000, -0.000000000000000000 ) ) ;
#4176 =( GEOMETRIC_REPRESENTATION_CONTEXT ( 3 ) GLOBAL_UNCERTAINTY_ASSIGNED_CONTEXT ( ( #1979 ) ) GLOBAL_UNIT_ASSIGNED_CONTEXT ( ( #176, #6485, #5052 ) ) REPRESENTATION_CONTEXT ( 'NONE', 'WORKASPACE' ) );
#4177 = ORIENTED_EDGE ( 'NONE', *, *, #267, .F. ) ;
#4178 = ORIENTED_EDGE ( 'NONE', *, *, #3725, .T. ) ;
#4179 = ORIENTED_EDGE ( 'NONE', *, *, #8322, .T. ) ;
#4180 = VECTOR ( 'NONE', #6404, 1000.000000000000000 ) ;
#4181 = COLOUR_RGB ( '',0.8980392156862745390, 0.9176470588235293713, 0.9294117647058823817 ) ;
#4182 = AXIS2_PLACEMENT_3D ( 'NONE', #8430, #9370, #2306 ) ;
#4183 = EDGE_CURVE ( 'NONE', #7637, #2081, #6686, .T. ) ;
#4184 = SURFACE_SIDE_STYLE ('',( #1164 ) ) ;
#4185 = FACE_OUTER_BOUND ( 'NONE', #6038, .T. ) ;
#4186 = VECTOR ( 'NONE', #493, 1000.000000000000000 ) ;
#4187 = ORIENTED_EDGE ( 'NONE', *, *, #7764, .F. ) ;
#4188 = SURFACE_STYLE_FILL_AREA ( #5088 ) ;
#4189 = FACE_OUTER_BOUND ( 'NONE', #9950, .T. ) ;
#4190 = FACE_OUTER_BOUND ( 'NONE', #2145, .T. ) ;
#4191 = VECTOR ( 'NONE', #4046, 1000.000000000000000 ) ;
#4192 = ORIENTED_EDGE ( 'NONE', *, *, #7281, .T. ) ;
#4193 = DIRECTION ( 'NONE',  ( 1.000000000000000000, 0.000000000000000000, 0.000000000000000000 ) ) ;
#4194 = SURFACE_STYLE_FILL_AREA ( #8127 ) ;
#4195 = ORIENTED_EDGE ( 'NONE', *, *, #6859, .F. ) ;
#4196 = SURFACE_SIDE_STYLE ('',( #6388 ) ) ;
#4197 =( GEOMETRIC_REPRESENTATION_CONTEXT ( 3 ) GLOBAL_UNCERTAINTY_ASSIGNED_CONTEXT ( ( #642 ) ) GLOBAL_UNIT_ASSIGNED_CONTEXT ( ( #5181, #8176, #9813 ) ) REPRESENTATION_CONTEXT ( 'NONE', 'WORKASPACE' ) );
#4198 = SURFACE_STYLE_USAGE ( .BOTH. , #9825 ) ;
#4199 = CARTESIAN_POINT ( 'NONE',  ( 45.00000000000000000, 0.5139499279795723963, -32.67945637160686090 ) ) ;
#4200 = SURFACE_STYLE_FILL_AREA ( #6642 ) ;
#4201 = EDGE_CURVE ( 'NONE', #9940, #8387, #7448, .T. ) ;
#4202 = LINE ( 'NONE', #5102, #8803 ) ;
#4203 = ORIENTED_EDGE ( 'NONE', *, *, #10181, .F. ) ;
#4204 = STYLED_ITEM ( 'NONE', ( #7640 ), #6924 ) ;
#4205 = CARTESIAN_POINT ( 'NONE',  ( -45.00000000000000000, -11.19093358334937882, 33.00999837446191520 ) ) ;
#4206 = DIRECTION ( 'NONE',  ( 0.000000000000000000, 0.000000000000000000, 1.000000000000000000 ) ) ;
#4207 = ORIENTED_EDGE ( 'NONE', *, *, #4033, .T. ) ;
#4208 = DIRECTION ( 'NONE',  ( 0.000000000000000000, 0.9999992123317761328, 0.001255123829539990651 ) ) ;
#4209 =( NAMED_UNIT ( * ) SI_UNIT ( $, .STERADIAN. ) SOLID_ANGLE_UNIT ( ) );
#4210 = CARTESIAN_POINT ( 'NONE',  ( 45.00000000000000000, -11.19093358334937882, 33.00999837446191520 ) ) ;
#4211 = EDGE_CURVE ( 'NONE', #6869, #782, #552, .T. ) ;
#4212 = CIRCLE ( 'NONE', #6543, 0.3999999110189667029 ) ;
#4213 =( NAMED_UNIT ( * ) SI_UNIT ( $, .STERADIAN. ) SOLID_ANGLE_UNIT ( ) );
#4214 = PRODUCT_CONTEXT ( 'NONE', #1311, 'mechanical' ) ;
#4215 = DIRECTION ( 'NONE',  ( 0.000000000000000000, -1.000000000000000000, 0.000000000000000000 ) ) ;
#4216 = ORIENTED_EDGE ( 'NONE', *, *, #4389, .T. ) ;
#4217 =( LENGTH_UNIT ( ) NAMED_UNIT ( * ) SI_UNIT ( .MILLI., .METRE. ) );
#4218 = LINE ( 'NONE', #9702, #5042 ) ;
#4219 = FACE_OUTER_BOUND ( 'NONE', #6205, .T. ) ;
#4220 = COLOUR_RGB ( '',0.8980392156862745390, 0.9176470588235293713, 0.9294117647058823817 ) ;
#4221 = FACE_OUTER_BOUND ( 'NONE', #3962, .T. ) ;
#4222 = DIRECTION ( 'NONE',  ( 1.000000000000000000, 0.000000000000000000, 0.000000000000000000 ) ) ;
#4223 = ORIENTED_EDGE ( 'NONE', *, *, #7666, .F. ) ;
#4224 = EDGE_CURVE ( 'NONE', #8817, #7490, #6995, .T. ) ;
#4225 = DIRECTION ( 'NONE',  ( 0.000000000000000000, -0.9999999999996230793, -8.681839261284317247E-07 ) ) ;
#4226 = LINE ( 'NONE', #8263, #3639 ) ;
#4227 = FACE_OUTER_BOUND ( 'NONE', #5286, .T. ) ;
#4228 = LINE ( 'NONE', #560, #5843 ) ;
#4229 = CARTESIAN_POINT ( 'NONE',  ( 45.00000000000000000, -14.25000017881387571, 28.28824047302991218 ) ) ;
#4230 = LINE ( 'NONE', #5953, #4444 ) ;
#4231 = ORIENTED_EDGE ( 'NONE', *, *, #165, .F. ) ;
#4232 = EDGE_LOOP ( 'NONE', ( #3190, #6565, #5771, #2 ) ) ;
#4233 = ADVANCED_FACE ( 'NONE', ( #1792 ), #9812, .T. ) ;
#4234 =( LENGTH_UNIT ( ) NAMED_UNIT ( * ) SI_UNIT ( .MILLI., .METRE. ) );
#4235 = ORIENTED_EDGE ( 'NONE', *, *, #3870, .T. ) ;
#4236 = FILL_AREA_STYLE_COLOUR ( '', #9457 ) ;
#4237 = CIRCLE ( 'NONE', #1622, 0.3999999110188418028 ) ;
#4238 = PLANE ( 'NONE',  #2084 ) ;
#4239 = CIRCLE ( 'NONE', #5571, 1.000000000000028644 ) ;
#4240 = UNCERTAINTY_MEASURE_WITH_UNIT (LENGTH_MEASURE( 1.000000000000000082E-05 ), #246, 'distance_accuracy_value', 'NONE');
#4241 = ORIENTED_EDGE ( 'NONE', *, *, #7329, .T. ) ;
#4242 = SURFACE_STYLE_FILL_AREA ( #7453 ) ;
#4243 = SURFACE_SIDE_STYLE ('',( #6437 ) ) ;
#4244 = VERTEX_POINT ( 'NONE', #4082 ) ;
#4245 = COLOUR_RGB ( '',0.8980392156862745390, 0.9176470588235293713, 0.9294117647058823817 ) ;
#4246 = UNCERTAINTY_MEASURE_WITH_UNIT (LENGTH_MEASURE( 1.000000000000000082E-05 ), #4122, 'distance_accuracy_value', 'NONE');
#4247 = FILL_AREA_STYLE ('',( #5755 ) ) ;
#4248 = EDGE_CURVE ( 'NONE', #1544, #7075, #9718, .T. ) ;
#4249 = SURFACE_STYLE_USAGE ( .BOTH. , #2822 ) ;
#4250 = AXIS2_PLACEMENT_3D ( 'NONE', #4728, #3892, #1633 ) ;
#4251 =( LENGTH_UNIT ( ) NAMED_UNIT ( * ) SI_UNIT ( .MILLI., .METRE. ) );
#4252 =( NAMED_UNIT ( * ) SI_UNIT ( $, .STERADIAN. ) SOLID_ANGLE_UNIT ( ) );
#4253 = DIRECTION ( 'NONE',  ( -1.000000000000000000, -0.000000000000000000, -0.000000000000000000 ) ) ;
#4254 = VECTOR ( 'NONE', #8747, 1000.000000000000114 ) ;
#4255 = ORIENTED_EDGE ( 'NONE', *, *, #8576, .T. ) ;
#4256 = FACE_OUTER_BOUND ( 'NONE', #9447, .T. ) ;
#4257 =( NAMED_UNIT ( * ) PLANE_ANGLE_UNIT ( ) SI_UNIT ( $, .RADIAN. ) );
#4258 = COLOUR_RGB ( '',0.8980392156862745390, 0.9176470588235293713, 0.9294117647058823817 ) ;
#4259 = ORIENTED_EDGE ( 'NONE', *, *, #4793, .F. ) ;
#4260 = DIRECTION ( 'NONE',  ( 0.000000000000000000, 0.1736492263816315218, 0.9848075680949354149 ) ) ;
#4261 = EDGE_CURVE ( 'NONE', #1067, #4321, #1116, .T. ) ;
#4262 = LINE ( 'NONE', #2212, #9795 ) ;
#4263 = AXIS2_PLACEMENT_3D ( 'NONE', #7041, #12, #3128 ) ;
#4264 = MECHANICAL_DESIGN_GEOMETRIC_PRESENTATION_REPRESENTATION (  '', ( #4435 ), #7724 ) ;
#4265 =( NAMED_UNIT ( * ) SI_UNIT ( $, .STERADIAN. ) SOLID_ANGLE_UNIT ( ) );
#4266 = FILL_AREA_STYLE_COLOUR ( '', #7994 ) ;
#4267 = PRESENTATION_LAYER_ASSIGNMENT (  '', '', ( #5105 ) ) ;
#4268 = PRESENTATION_STYLE_ASSIGNMENT (( #2634 ) ) ;
#4269 = PRESENTATION_STYLE_ASSIGNMENT (( #9020 ) ) ;
#4270 = AXIS2_PLACEMENT_3D ( 'NONE', #2574, #967, #6549 ) ;
#4272 = VECTOR ( 'NONE', #9260, 1000.000000000000114 ) ;
#4271 = CIRCLE ( 'NONE', #3786, 0.3999999999999767630 ) ;
#4273 = EDGE_CURVE ( 'NONE', #5745, #996, #7289, .T. ) ;
#4274 = CARTESIAN_POINT ( 'NONE',  ( 45.00000000000000000, -9.300134418011170467, -29.82752915061867682 ) ) ;
#4275 =( NAMED_UNIT ( * ) PLANE_ANGLE_UNIT ( ) SI_UNIT ( $, .RADIAN. ) );
#4276 = LINE ( 'NONE', #8212, #4671 ) ;
#4277 = PRESENTATION_STYLE_ASSIGNMENT (( #7379 ) ) ;
#4278 = STYLED_ITEM ( 'NONE', ( #4269 ), #601 ) ;
#4279 = VERTEX_POINT ( 'NONE', #3402 ) ;
#4281 =( GEOMETRIC_REPRESENTATION_CONTEXT ( 3 ) GLOBAL_UNCERTAINTY_ASSIGNED_CONTEXT ( ( #5229 ) ) GLOBAL_UNIT_ASSIGNED_CONTEXT ( ( #3785, #2253, #9317 ) ) REPRESENTATION_CONTEXT ( 'NONE', 'WORKASPACE' ) );
#4280 =( GEOMETRIC_REPRESENTATION_CONTEXT ( 3 ) GLOBAL_UNCERTAINTY_ASSIGNED_CONTEXT ( ( #4583 ) ) GLOBAL_UNIT_ASSIGNED_CONTEXT ( ( #4754, #7792, #9552 ) ) REPRESENTATION_CONTEXT ( 'NONE', 'WORKASPACE' ) );
#4282 = CYLINDRICAL_SURFACE ( 'NONE', #2778, 0.3999999110189667029 ) ;
#4283 = DIRECTION ( 'NONE',  ( 0.000000000000000000, -0.1736492263816335757, 0.9848075680949350819 ) ) ;
#4284 = CARTESIAN_POINT ( 'NONE',  ( -45.00000000000000000, 6.343380612018469478, -33.00999806117454227 ) ) ;
#4285 = DIRECTION ( 'NONE',  ( 0.000000000000000000, 0.000000000000000000, 1.000000000000000000 ) ) ;
#4286 = PRESENTATION_STYLE_ASSIGNMENT (( #1155 ) ) ;
#4287 = STYLED_ITEM ( 'NONE', ( #2171 ), #2565 ) ;
#4288 = PRESENTATION_LAYER_ASSIGNMENT (  '', '', ( #4119 ) ) ;
#4289 = VERTEX_POINT ( 'NONE', #1989 ) ;
#4290 = EDGE_CURVE ( 'NONE', #550, #7225, #3342, .T. ) ;
#4291 = CARTESIAN_POINT ( 'NONE',  ( 45.00000000000000000, -11.86703680765867297, 32.44053839206689815 ) ) ;
#4292 = VERTEX_POINT ( 'NONE', #8885 ) ;
#4293 = CARTESIAN_POINT ( 'NONE',  ( 45.00000000000000000, -13.99999993022105826, -33.00999847889091399 ) ) ;
#4294 = SURFACE_SIDE_STYLE ('',( #1935 ) ) ;
#4295 = FACE_OUTER_BOUND ( 'NONE', #3734, .T. ) ;
#4296 = VECTOR ( 'NONE', #7053, 1000.000000000000114 ) ;
#4297 = ORIENTED_EDGE ( 'NONE', *, *, #5873, .T. ) ;
#4298 = LINE ( 'NONE', #1063, #8541 ) ;
#4299 = FILL_AREA_STYLE_COLOUR ( '', #3044 ) ;
#4300 = CARTESIAN_POINT ( 'NONE',  ( 45.00000000000000000, -12.80678454343816419, -32.60999847889095804 ) ) ;
#4301 = ORIENTED_EDGE ( 'NONE', *, *, #2957, .T. ) ;
#4302 = PLANE ( 'NONE',  #9876 ) ;
#4303 = ADVANCED_FACE ( 'NONE', ( #1838 ), #8935, .F. ) ;
#4304 = CARTESIAN_POINT ( 'NONE',  ( -45.00000000000000000, 14.24999945824050052, -28.28824096683820599 ) ) ;
#4305 = DIRECTION ( 'NONE',  ( 1.000000000000000000, 0.000000000000000000, 0.000000000000000000 ) ) ;
#4306 = ORIENTED_EDGE ( 'NONE', *, *, #9659, .T. ) ;
#4307 = VECTOR ( 'NONE', #2083, 1000.000000000000114 ) ;
#4308 = FILL_AREA_STYLE_COLOUR ( '', #4376 ) ;
#4309 = EDGE_CURVE ( 'NONE', #3598, #2106, #3816, .T. ) ;
#4310 = CARTESIAN_POINT ( 'NONE',  ( 45.00000000000000000, 10.80018194386384423, -30.07663373129822304 ) ) ;
#4311 = SURFACE_SIDE_STYLE ('',( #4200 ) ) ;
#4312 = DIRECTION ( 'NONE',  ( 0.000000000000000000, 0.9999999999999957812, 9.158641632038290393E-08 ) ) ;
#4313 = ORIENTED_EDGE ( 'NONE', *, *, #5375, .F. ) ;
#4314 =( NAMED_UNIT ( * ) SI_UNIT ( $, .STERADIAN. ) SOLID_ANGLE_UNIT ( ) );
#4315 = VERTEX_POINT ( 'NONE', #9996 ) ;
#4316 = SURFACE_STYLE_USAGE ( .BOTH. , #9015 ) ;
#4317 = CARTESIAN_POINT ( 'NONE',  ( -45.00000000000000000, 9.181160441163818575, -32.67945762489385686 ) ) ;
#4318 = DIRECTION ( 'NONE',  ( -0.000000000000000000, -1.000000000000000000, -0.000000000000000000 ) ) ;
#4319 = COLOUR_RGB ( '',0.8980392156862745390, 0.9176470588235293713, 0.9294117647058823817 ) ;
#4320 = EDGE_CURVE ( 'NONE', #7598, #8894, #1213, .T. ) ;
#4321 = VERTEX_POINT ( 'NONE', #2287 ) ;
#4322 = EDGE_LOOP ( 'NONE', ( #10081, #7963, #8194, #6030 ) ) ;
#4323 = UNCERTAINTY_MEASURE_WITH_UNIT (LENGTH_MEASURE( 1.000000000000000082E-05 ), #6431, 'distance_accuracy_value', 'NONE');
#4324 = STYLED_ITEM ( 'NONE', ( #9553 ), #10169 ) ;
#4325 = CARTESIAN_POINT ( 'NONE',  ( -45.00000000000000000, 11.91902502860232893, -28.28824096683820599 ) ) ;
#4326 = EDGE_LOOP ( 'NONE', ( #1576, #6623, #754, #681 ) ) ;
#4327 = DIRECTION ( 'NONE',  ( 0.000000000000000000, 1.000000000000000000, 0.000000000000000000 ) ) ;
#4328 = FACE_OUTER_BOUND ( 'NONE', #5140, .T. ) ;
#4329 = VECTOR ( 'NONE', #2126, 1000.000000000000000 ) ;
#4330 = CARTESIAN_POINT ( 'NONE',  ( 45.00000000000000000, 4.291478071613920697, -32.44053786992127897 ) ) ;
#4331 = DIRECTION ( 'NONE',  ( -1.000000000000000000, -0.000000000000000000, -0.000000000000000000 ) ) ;
#4332 = CARTESIAN_POINT ( 'NONE',  ( -45.00000000000000000, -13.99999993022107070, -31.00999847889091043 ) ) ;
#4333 = UNCERTAINTY_MEASURE_WITH_UNIT (LENGTH_MEASURE( 1.000000000000000082E-05 ), #1447, 'distance_accuracy_value', 'NONE');
#4334 = ADVANCED_FACE ( 'NONE', ( #3766 ), #1410, .F. ) ;
#4335 =( NAMED_UNIT ( * ) PLANE_ANGLE_UNIT ( ) SI_UNIT ( $, .RADIAN. ) );
#4336 = VECTOR ( 'NONE', #905, 1000.000000000000000 ) ;
#4337 = CIRCLE ( 'NONE', #218, 0.3999999110189667029 ) ;
#4338 = VECTOR ( 'NONE', #9673, 1000.000000000000000 ) ;
#4339 = ORIENTED_EDGE ( 'NONE', *, *, #6196, .T. ) ;
#4340 = DIRECTION ( 'NONE',  ( -0.000000000000000000, 1.000000000000000000, -0.000000000000000000 ) ) ;
#4341 = CYLINDRICAL_SURFACE ( 'NONE', #4688, 0.3999999110189597640 ) ;
#4342 = AXIS2_PLACEMENT_3D ( 'NONE', #387, #4412, #6695 ) ;
#4343 = UNCERTAINTY_MEASURE_WITH_UNIT (LENGTH_MEASURE( 1.000000000000000082E-05 ), #7306, 'distance_accuracy_value', 'NONE');
#4344 = FILL_AREA_STYLE_COLOUR ( '', #7807 ) ;
#4345 = DIRECTION ( 'NONE',  ( 1.000000000000000000, 0.000000000000000000, 0.000000000000000000 ) ) ;
#4346 = VECTOR ( 'NONE', #201, 1000.000000000000114 ) ;
#4347 = UNCERTAINTY_MEASURE_WITH_UNIT (LENGTH_MEASURE( 1.000000000000000082E-05 ), #6815, 'distance_accuracy_value', 'NONE');
#4348 = ORIENTED_EDGE ( 'NONE', *, *, #8233, .T. ) ;
#4349 = AXIS2_PLACEMENT_3D ( 'NONE', #7950, #7084, #8615 ) ;
#4350 = CARTESIAN_POINT ( 'NONE',  ( 45.00000000000000000, 5.907329529401420309, -32.44053797435039144 ) ) ;
#4351 = DIRECTION ( 'NONE',  ( -1.000000000000000000, -0.000000000000000000, -0.000000000000000000 ) ) ;
#4352 = EDGE_CURVE ( 'NONE', #5188, #4924, #3108, .T. ) ;
#4353 = VERTEX_POINT ( 'NONE', #2340 ) ;
#4354 = VERTEX_POINT ( 'NONE', #3064 ) ;
#4355 = AXIS2_PLACEMENT_3D ( 'NONE', #3332, #195, #6514 ) ;
#4356 = UNCERTAINTY_MEASURE_WITH_UNIT (LENGTH_MEASURE( 1.000000000000000082E-05 ), #6226, 'distance_accuracy_value', 'NONE');
#4357 = FACE_OUTER_BOUND ( 'NONE', #8001, .T. ) ;
#4358 = SURFACE_SIDE_STYLE ('',( #1174 ) ) ;
#4359 = FACE_OUTER_BOUND ( 'NONE', #2095, .T. ) ;
#4360 = COLOUR_RGB ( '',0.8980392156862745390, 0.9176470588235293713, 0.9294117647058823817 ) ;
#4361 = PRESENTATION_LAYER_ASSIGNMENT (  '', '', ( #6181 ) ) ;
#4362 = SURFACE_STYLE_FILL_AREA ( #1075 ) ;
#4363 = LINE ( 'NONE', #1076, #6512 ) ;
#4364 =( LENGTH_UNIT ( ) NAMED_UNIT ( * ) SI_UNIT ( .MILLI., .METRE. ) );
#4365 = AXIS2_PLACEMENT_3D ( 'NONE', #4274, #6718, #9845 ) ;
#4366 = VECTOR ( 'NONE', #554, 1000.000000000000000 ) ;
#4367 =( GEOMETRIC_REPRESENTATION_CONTEXT ( 3 ) GLOBAL_UNCERTAINTY_ASSIGNED_CONTEXT ( ( #8993 ) ) GLOBAL_UNIT_ASSIGNED_CONTEXT ( ( #1015, #2568, #8744 ) ) REPRESENTATION_CONTEXT ( 'NONE', 'WORKASPACE' ) );
#4368 = DIRECTION ( 'NONE',  ( -1.000000000000000000, -0.000000000000000000, -0.000000000000000000 ) ) ;
#4369 = CARTESIAN_POINT ( 'NONE',  ( 45.00000000000000000, 9.800134291210595094, -29.82752931517285688 ) ) ;
#4370 = EDGE_CURVE ( 'NONE', #6863, #1681, #8134, .T. ) ;
#4371 = PRESENTATION_STYLE_ASSIGNMENT (( #2007 ) ) ;
#4372 = VERTEX_POINT ( 'NONE', #2232 ) ;
#4373 = CARTESIAN_POINT ( 'NONE',  ( -45.00000000000000000, 7.959232069805978860, -33.00999816560364764 ) ) ;
#4374 = CARTESIAN_POINT ( 'NONE',  ( 45.00000000000000000, 9.900134291210605397, -29.82752931517285688 ) ) ;
#4375 =( NAMED_UNIT ( * ) PLANE_ANGLE_UNIT ( ) SI_UNIT ( $, .RADIAN. ) );
#4376 = COLOUR_RGB ( '',0.8980392156862745390, 0.9176470588235293713, 0.9294117647058823817 ) ;
#4377 = ADVANCED_FACE ( 'NONE', ( #3012 ), #2384, .F. ) ;
#4378 = ORIENTED_EDGE ( 'NONE', *, *, #2915, .F. ) ;
#4379 = DIRECTION ( 'NONE',  ( -1.000000000000000000, -0.000000000000000000, -0.000000000000000000 ) ) ;
#4380 = CARTESIAN_POINT ( 'NONE',  ( 45.00000000000000000, -15.99999993022108846, 31.00999744296073501 ) ) ;
#4381 = PLANE ( 'NONE',  #6833 ) ;
#4382 = DIRECTION ( 'NONE',  ( 1.000000000000000000, 0.000000000000000000, 0.000000000000000000 ) ) ;
#4383 = DIRECTION ( 'NONE',  ( 0.000000000000000000, -1.419707713996622368E-07, 0.9999999999999900080 ) ) ;
#4384 = DIRECTION ( 'NONE',  ( 1.000000000000000000, 0.000000000000000000, 0.000000000000000000 ) ) ;
#4385 = ORIENTED_EDGE ( 'NONE', *, *, #5711, .T. ) ;
#4386 = VERTEX_POINT ( 'NONE', #8855 ) ;
#4387 = STYLED_ITEM ( 'NONE', ( #4452 ), #4563 ) ;
#4388 = DIRECTION ( 'NONE',  ( 1.000000000000000000, 0.000000000000000000, 0.000000000000000000 ) ) ;
#4389 = EDGE_CURVE ( 'NONE', #9038, #10087, #927, .T. ) ;
#4390 = DIRECTION ( 'NONE',  ( 0.000000000000000000, -0.003648326140626669944, -0.9999933448360401878 ) ) ;
#4391 = ORIENTED_EDGE ( 'NONE', *, *, #616, .T. ) ;
#4392 = SURFACE_STYLE_FILL_AREA ( #417 ) ;
#4393 = EDGE_LOOP ( 'NONE', ( #345, #6265, #5721, #461 ) ) ;
#4394 =( NAMED_UNIT ( * ) PLANE_ANGLE_UNIT ( ) SI_UNIT ( $, .RADIAN. ) );
#4395 = SURFACE_STYLE_FILL_AREA ( #1357 ) ;
#4396 = PRESENTATION_LAYER_ASSIGNMENT (  '', '', ( #1773 ) ) ;
#4397 = LINE ( 'NONE', #4449, #9366 ) ;
#4398 = ORIENTED_EDGE ( 'NONE', *, *, #1551, .T. ) ;
#4399 = CARTESIAN_POINT ( 'NONE',  ( 45.00000000000000000, 9.139032444976447067, -32.44053818320860216 ) ) ;
#4400 = SURFACE_STYLE_FILL_AREA ( #9042 ) ;
#4401 = EDGE_CURVE ( 'NONE', #6471, #1274, #3368, .T. ) ;
#4402 = ORIENTED_EDGE ( 'NONE', *, *, #2203, .F. ) ;
#4403 = LINE ( 'NONE', #4350, #4092 ) ;
#4404 =( NAMED_UNIT ( * ) SI_UNIT ( $, .STERADIAN. ) SOLID_ANGLE_UNIT ( ) );
#4405 = CARTESIAN_POINT ( 'NONE',  ( 45.00000000000000000, -11.41902544830033328, 28.28824047302989797 ) ) ;
#4406 = ORIENTED_EDGE ( 'NONE', *, *, #9862, .T. ) ;
#4407 = EDGE_LOOP ( 'NONE', ( #5797, #7370, #5786, #9760 ) ) ;
#4408 = CARTESIAN_POINT ( 'NONE',  ( -45.00000000000000000, -10.30145192074349403, 29.72866150388242446 ) ) ;
#4409 =( LENGTH_UNIT ( ) NAMED_UNIT ( * ) SI_UNIT ( .MILLI., .METRE. ) );
#4410 = ORIENTED_EDGE ( 'NONE', *, *, #7745, .F. ) ;
#4411 = ADVANCED_FACE ( 'NONE', ( #3264 ), #8042, .T. ) ;
#4412 = DIRECTION ( 'NONE',  ( -0.000000000000000000, 1.000000000000000000, 2.909459891608891449E-15 ) ) ;
#4413 = DIRECTION ( 'NONE',  ( -0.000000000000000000, -1.000000000000000000, -0.000000000000000000 ) ) ;
#4414 = SURFACE_STYLE_USAGE ( .BOTH. , #1949 ) ;
#4415 =( LENGTH_UNIT ( ) NAMED_UNIT ( * ) SI_UNIT ( .MILLI., .METRE. ) );
#4416 = LINE ( 'NONE', #2882, #6577 ) ;
#4417 = CARTESIAN_POINT ( 'NONE',  ( 45.00000000000000000, 6.583431986834322736, 33.00999795674542980 ) ) ;
#4418 = ORIENTED_EDGE ( 'NONE', *, *, #6196, .F. ) ;
#4419 =( NAMED_UNIT ( * ) PLANE_ANGLE_UNIT ( ) SI_UNIT ( $, .RADIAN. ) );
#4420 = FILL_AREA_STYLE ('',( #6072 ) ) ;
#4421 = AXIS2_PLACEMENT_3D ( 'NONE', #7820, #752, #1436 ) ;
#4422 = ADVANCED_FACE ( 'NONE', ( #8659 ), #1607, .F. ) ;
#4423 = VERTEX_POINT ( 'NONE', #7719 ) ;
#4424 = CARTESIAN_POINT ( 'NONE',  ( -45.00000000000000000, 5.949457525588830897, -32.67945741603569587 ) ) ;
#4425 = VECTOR ( 'NONE', #8350, 1000.000000000000114 ) ;
#4426 = DIRECTION ( 'NONE',  ( -1.000000000000000000, -0.000000000000000000, -0.000000000000000000 ) ) ;
#4427 = SURFACE_STYLE_USAGE ( .BOTH. , #10036 ) ;
#4428 = CARTESIAN_POINT ( 'NONE',  ( 45.00000000000000000, 8.635335294115236593, -32.44053818320860216 ) ) ;
#4429 = CIRCLE ( 'NONE', #1637, 0.3999999110189667029 ) ;
#4430 = DIRECTION ( 'NONE',  ( 0.000000000000000000, 0.000000000000000000, -1.000000000000000000 ) ) ;
#4431 = ORIENTED_EDGE ( 'NONE', *, *, #4685, .T. ) ;
#4432 = ORIENTED_EDGE ( 'NONE', *, *, #6785, .F. ) ;
#4433 = MECHANICAL_DESIGN_GEOMETRIC_PRESENTATION_REPRESENTATION (  '', ( #5267 ), #2625 ) ;
#4434 = CARTESIAN_POINT ( 'NONE',  ( 45.00000000000000000, -9.300134739806450668, 29.82752886061096476 ) ) ;
#4435 = STYLED_ITEM ( 'NONE', ( #7191 ), #9174 ) ;
#4436 = EDGE_CURVE ( 'NONE', #1352, #8066, #3840, .T. ) ;
#4437 = PRESENTATION_STYLE_ASSIGNMENT (( #6138 ) ) ;
#4438 = ORIENTED_EDGE ( 'NONE', *, *, #7813, .T. ) ;
#4439 = FILL_AREA_STYLE ('',( #6612 ) ) ;
#4440 = FACE_OUTER_BOUND ( 'NONE', #2991, .T. ) ;
#4441 = MECHANICAL_DESIGN_GEOMETRIC_PRESENTATION_REPRESENTATION (  '', ( #9221 ), #8547 ) ;
#4442 = ORIENTED_EDGE ( 'NONE', *, *, #7754, .T. ) ;
#4443 = PLANE ( 'NONE',  #8378 ) ;
#4444 = VECTOR ( 'NONE', #1263, 999.9999999999998863 ) ;
#4445 = COLOUR_RGB ( '',0.8980392156862745390, 0.9176470588235293713, 0.9294117647058823817 ) ;
#4446 = EDGE_CURVE ( 'NONE', #3595, #6301, #9272, .T. ) ;
#4447 = CARTESIAN_POINT ( 'NONE',  ( 45.00000000000000000, -12.80678489071173409, 33.00999847889072214 ) ) ;
#4448 = DIRECTION ( 'NONE',  ( 0.000000000000000000, 0.000000000000000000, -1.000000000000000000 ) ) ;
#4449 = CARTESIAN_POINT ( 'NONE',  ( -45.00000000000000000, -3.787779518721147820, -32.44053786992127897 ) ) ;
#4450 = ORIENTED_EDGE ( 'NONE', *, *, #555, .T. ) ;
#4451 = VECTOR ( 'NONE', #4907, 1000.000000000000000 ) ;
#4452 = PRESENTATION_STYLE_ASSIGNMENT (( #526 ) ) ;
#4453 = MECHANICAL_DESIGN_GEOMETRIC_PRESENTATION_REPRESENTATION (  '', ( #7572 ), #3312 ) ;
#4454 = CARTESIAN_POINT ( 'NONE',  ( 45.00000000000000000, -2.717753207982234187, -32.67945720717744251 ) ) ;
#4455 = DIRECTION ( 'NONE',  ( -1.000000000000000000, -0.000000000000000000, -0.000000000000000000 ) ) ;
#4456 = FILL_AREA_STYLE_COLOUR ( '', #5598 ) ;
#4457 = DIRECTION ( 'NONE',  ( 0.000000000000000000, 0.1736492263816335757, 0.9848075680949350819 ) ) ;
#4458 = FILL_AREA_STYLE ('',( #2036 ) ) ;
#4459 = VECTOR ( 'NONE', #3371, 1000.000000000000000 ) ;
#4460 = ORIENTED_EDGE ( 'NONE', *, *, #3588, .T. ) ;
#4461 = COLOUR_RGB ( '',0.8980392156862745390, 0.9176470588235293713, 0.9294117647058823817 ) ;
#4462 = ADVANCED_FACE ( 'NONE', ( #4637 ), #5499, .T. ) ;
#4463 = EDGE_LOOP ( 'NONE', ( #3281, #1306, #4486, #3178 ) ) ;
#4464 = UNCERTAINTY_MEASURE_WITH_UNIT (LENGTH_MEASURE( 1.000000000000000082E-05 ), #4415, 'distance_accuracy_value', 'NONE');
#4465 =( LENGTH_UNIT ( ) NAMED_UNIT ( * ) SI_UNIT ( .MILLI., .METRE. ) );
#4466 = FILL_AREA_STYLE_COLOUR ( '', #7406 ) ;
#4467 = VERTEX_POINT ( 'NONE', #3896 ) ;
#4468 = SURFACE_STYLE_USAGE ( .BOTH. , #885 ) ;
#4469 = VECTOR ( 'NONE', #125, 1000.000000000000114 ) ;
#4470 = DIRECTION ( 'NONE',  ( -1.000000000000000000, -0.000000000000000000, -0.000000000000000000 ) ) ;
#4471 = FILL_AREA_STYLE ('',( #4308 ) ) ;
#4472 = DIRECTION ( 'NONE',  ( -0.000000000000000000, -1.000000000000000000, -0.000000000000000000 ) ) ;
#4473 = DIRECTION ( 'NONE',  ( 0.000000000000000000, -0.9848080668959543482, -0.1736463975343387200 ) ) ;
#4474 = PRESENTATION_STYLE_ASSIGNMENT (( #6120 ) ) ;
#4475 = ORIENTED_EDGE ( 'NONE', *, *, #4352, .F. ) ;
#4476 = ADVANCED_FACE ( 'NONE', ( #9378 ), #8687, .F. ) ;
#4477 = LINE ( 'NONE', #6861, #4959 ) ;
#4478 = FACE_OUTER_BOUND ( 'NONE', #2018, .T. ) ;
#4479 = LINE ( 'NONE', #2109, #2455 ) ;
#4480 = ORIENTED_EDGE ( 'NONE', *, *, #8513, .T. ) ;
#4481 = CARTESIAN_POINT ( 'NONE',  ( 45.00000000000000000, -11.40137885631314418, 29.09155641868605002 ) ) ;
#4482 = CARTESIAN_POINT ( 'NONE',  ( -45.00000000000000000, -9.300135148951961028, -29.82752915061867682 ) ) ;
#4483 = DIRECTION ( 'NONE',  ( -1.000000000000000000, -0.000000000000000000, -0.000000000000000000 ) ) ;
#4484 = DIRECTION ( 'NONE',  ( -1.000000000000000000, -0.000000000000000000, -0.000000000000000000 ) ) ;
#4485 = FILL_AREA_STYLE ('',( #2119 ) ) ;
#4486 = ORIENTED_EDGE ( 'NONE', *, *, #9305, .F. ) ;
#4487 = ORIENTED_EDGE ( 'NONE', *, *, #3642, .F. ) ;
#4488 = EDGE_CURVE ( 'NONE', #2755, #2300, #3308, .T. ) ;
#4489 = EDGE_LOOP ( 'NONE', ( #9078, #2513, #5411, #1103 ) ) ;
#4490 = SURFACE_STYLE_FILL_AREA ( #9942 ) ;
#4491 =( LENGTH_UNIT ( ) NAMED_UNIT ( * ) SI_UNIT ( .MILLI., .METRE. ) );
#4492 = DIRECTION ( 'NONE',  ( 0.000000000000000000, 0.000000000000000000, 1.000000000000000000 ) ) ;
#4493 =( NAMED_UNIT ( * ) PLANE_ANGLE_UNIT ( ) SI_UNIT ( $, .RADIAN. ) );
#4494 =( NAMED_UNIT ( * ) PLANE_ANGLE_UNIT ( ) SI_UNIT ( $, .RADIAN. ) );
#4495 = ORIENTED_EDGE ( 'NONE', *, *, #4290, .T. ) ;
#4496 = CARTESIAN_POINT ( 'NONE',  ( 45.00000000000000000, 12.41286273712554866, -32.67945714233422194 ) ) ;
#4497 =( NAMED_UNIT ( * ) SI_UNIT ( $, .STERADIAN. ) SOLID_ANGLE_UNIT ( ) );
#4498 = EDGE_CURVE ( 'NONE', #4279, #1930, #9960, .T. ) ;
#4499 = UNCERTAINTY_MEASURE_WITH_UNIT (LENGTH_MEASURE( 1.000000000000000082E-05 ), #9884, 'distance_accuracy_value', 'NONE');
#4500 = CARTESIAN_POINT ( 'NONE',  ( -45.00000000000000000, -5.403630976508653205, -32.44053797435037723 ) ) ;
#4501 = ORIENTED_EDGE ( 'NONE', *, *, #5920, .T. ) ;
#4502 = CARTESIAN_POINT ( 'NONE',  ( 45.00000000000000000, 14.00000071886208275, 31.00999837446189034 ) ) ;
#4503 = EDGE_CURVE ( 'NONE', #1049, #42, #2087, .T. ) ;
#4504 = LINE ( 'NONE', #839, #7484 ) ;
#4505 = SURFACE_STYLE_USAGE ( .BOTH. , #1364 ) ;
#4506 = ORIENTED_EDGE ( 'NONE', *, *, #7378, .T. ) ;
#4507 = DIRECTION ( 'NONE',  ( 0.000000000000000000, -0.1736492263816077075, -0.9848075680949397448 ) ) ;
#4508 = AXIS2_PLACEMENT_3D ( 'NONE', #3667, #2640, #1920 ) ;
#4509 = CIRCLE ( 'NONE', #1546, 0.3999999999996922684 ) ;
#4510 = CARTESIAN_POINT ( 'NONE',  ( 45.00000000000000000, 12.37073474716087951, 32.44053828763777858 ) ) ;
#4511 = CARTESIAN_POINT ( 'NONE',  ( 45.00000000000000000, 10.25118675190273976, -32.44053828763770753 ) ) ;
#4512 = ORIENTED_EDGE ( 'NONE', *, *, #5740, .F. ) ;
#4513 =( NAMED_UNIT ( * ) SI_UNIT ( $, .STERADIAN. ) SOLID_ANGLE_UNIT ( ) );
#4514 = FILL_AREA_STYLE_COLOUR ( '', #4461 ) ;
#4515 = PRESENTATION_LAYER_ASSIGNMENT (  '', '', ( #5994 ) ) ;
#4516 = EDGE_CURVE ( 'NONE', #9416, #1489, #6100, .T. ) ;
#4517 = VECTOR ( 'NONE', #7610, 1000.000000000000000 ) ;
#4518 =( GEOMETRIC_REPRESENTATION_CONTEXT ( 3 ) GLOBAL_UNCERTAINTY_ASSIGNED_CONTEXT ( ( #6111 ) ) GLOBAL_UNIT_ASSIGNED_CONTEXT ( ( #4031, #7906, #9611 ) ) REPRESENTATION_CONTEXT ( 'NONE', 'WORKASPACE' ) );
#4519 = DIRECTION ( 'NONE',  ( 1.000000000000000000, 0.000000000000000000, 0.000000000000000000 ) ) ;
#4520 = VECTOR ( 'NONE', #3851, 1000.000000000000000 ) ;
#4521 = CARTESIAN_POINT ( 'NONE',  ( -45.00000000000000000, -10.79701049691976067, -32.67945772932296933 ) ) ;
#4522 = MECHANICAL_DESIGN_GEOMETRIC_PRESENTATION_REPRESENTATION (  '', ( #8620 ), #3857 ) ;
#4523 = CARTESIAN_POINT ( 'NONE',  ( -45.00000000000000000, 8.635334680724550793, 32.44053807877953943 ) ) ;
#4524 = LINE ( 'NONE', #8525, #3626 ) ;
#4525 = STYLED_ITEM ( 'NONE', ( #4902 ), #6069 ) ;
#4526 = FACE_OUTER_BOUND ( 'NONE', #1455, .T. ) ;
#4527 = ORIENTED_EDGE ( 'NONE', *, *, #9832, .F. ) ;
#4528 = MECHANICAL_DESIGN_GEOMETRIC_PRESENTATION_REPRESENTATION (  '', ( #2389 ), #6167 ) ;
#4529 = STYLED_ITEM ( 'NONE', ( #9588 ), #7203 ) ;
#4530 = CYLINDRICAL_SURFACE ( 'NONE', #9414, 0.3999999999999767630 ) ;
#4531 = AXIS2_PLACEMENT_3D ( 'NONE', #5299, #8480, #7555 ) ;
#4532 =( NAMED_UNIT ( * ) SI_UNIT ( $, .STERADIAN. ) SOLID_ANGLE_UNIT ( ) );
#4533 = ORIENTED_EDGE ( 'NONE', *, *, #6146, .F. ) ;
#4534 =( LENGTH_UNIT ( ) NAMED_UNIT ( * ) SI_UNIT ( .MILLI., .METRE. ) );
#4535 = SURFACE_SIDE_STYLE ('',( #2318 ) ) ;
#4536 = STYLED_ITEM ( 'NONE', ( #872 ), #6088 ) ;
#4537 = PRESENTATION_LAYER_ASSIGNMENT (  '', '', ( #1903 ) ) ;
#4538 = SURFACE_STYLE_FILL_AREA ( #3193 ) ;
#4539 = EDGE_CURVE ( 'NONE', #7598, #264, #7850, .T. ) ;
#4540 = STYLED_ITEM ( 'NONE', ( #8471 ), #7651 ) ;
#4541 = CARTESIAN_POINT ( 'NONE',  ( 45.00000000000000000, -6.343379209986895084, -32.60999806117455080 ) ) ;
#4542 = CARTESIAN_POINT ( 'NONE',  ( -45.00000000000000000, 4.727529154230967201, -33.00999795674543691 ) ) ;
#4543 =( LENGTH_UNIT ( ) NAMED_UNIT ( * ) SI_UNIT ( .MILLI., .METRE. ) );
#4544 = ORIENTED_EDGE ( 'NONE', *, *, #6505, .F. ) ;
#4545 = ORIENTED_EDGE ( 'NONE', *, *, #8358, .F. ) ;
#4546 = VECTOR ( 'NONE', #6545, 1000.000000000000114 ) ;
#4547 = ORIENTED_EDGE ( 'NONE', *, *, #3670, .F. ) ;
#4548 = SURFACE_STYLE_FILL_AREA ( #2955 ) ;
#4549 = FILL_AREA_STYLE_COLOUR ( '', #5713 ) ;
#4550 = DIRECTION ( 'NONE',  ( 0.000000000000000000, 0.000000000000000000, -1.000000000000000000 ) ) ;
#4551 = EDGE_CURVE ( 'NONE', #3270, #9867, #5217, .T. ) ;
#4552 = CARTESIAN_POINT ( 'NONE',  ( 45.00000000000000000, 10.79701189895134839, -32.67945772932300486 ) ) ;
#4553 = AXIS2_PLACEMENT_3D ( 'NONE', #798, #2605, #9524 ) ;
#4554 = ORIENTED_EDGE ( 'NONE', *, *, #7813, .F. ) ;
#4555 =( NAMED_UNIT ( * ) PLANE_ANGLE_UNIT ( ) SI_UNIT ( $, .RADIAN. ) );
#4556 =( LENGTH_UNIT ( ) NAMED_UNIT ( * ) SI_UNIT ( .MILLI., .METRE. ) );
#4557 = COLOUR_RGB ( '',0.8980392156862745390, 0.9176470588235293713, 0.9294117647058823817 ) ;
#4558 = CARTESIAN_POINT ( 'NONE',  ( 45.00000000000000000, -5.907328127369855686, -32.44053797435037723 ) ) ;
#4559 = ORIENTED_EDGE ( 'NONE', *, *, #5136, .F. ) ;
#4560 = CARTESIAN_POINT ( 'NONE',  ( 45.00000000000000000, -11.42162741065924259, -28.89258440795322258 ) ) ;
#4561 = AXIS2_PLACEMENT_3D ( 'NONE', #1815, #2431, #7941 ) ;
#4562 = DIRECTION ( 'NONE',  ( -1.000000000000000000, -0.000000000000000000, -0.000000000000000000 ) ) ;
#4563 = ADVANCED_FACE ( 'NONE', ( #372 ), #1361, .T. ) ;
#4564 = LINE ( 'NONE', #3878, #6370 ) ;
#4565 = VERTEX_POINT ( 'NONE', #4293 ) ;
#4566 =( LENGTH_UNIT ( ) NAMED_UNIT ( * ) SI_UNIT ( .MILLI., .METRE. ) );
#4567 = AXIS2_PLACEMENT_3D ( 'NONE', #3967, #5432, #7032 ) ;
#4568 = EDGE_CURVE ( 'NONE', #9069, #4802, #6045, .T. ) ;
#4569 = DIRECTION ( 'NONE',  ( 0.000000000000000000, -0.9848075680949354149, -0.1736492263816315218 ) ) ;
#4570 = ORIENTED_EDGE ( 'NONE', *, *, #3930, .F. ) ;
#4571 = ORIENTED_EDGE ( 'NONE', *, *, #4058, .T. ) ;
#4572 = UNCERTAINTY_MEASURE_WITH_UNIT (LENGTH_MEASURE( 1.000000000000000082E-05 ), #4566, 'distance_accuracy_value', 'NONE');
#4573 = DIRECTION ( 'NONE',  ( -1.000000000000000000, -0.000000000000000000, -0.000000000000000000 ) ) ;
#4574 = PRESENTATION_LAYER_ASSIGNMENT (  '', '', ( #9176 ) ) ;
#4575 = CARTESIAN_POINT ( 'NONE',  ( -45.00000000000000000, -9.139031042944855798, -32.44053818320858085 ) ) ;
#4576 = CARTESIAN_POINT ( 'NONE',  ( 45.00000000000000000, 9.139032444976447067, -32.44053818320860216 ) ) ;
#4577 = SURFACE_STYLE_FILL_AREA ( #9215 ) ;
#4578 = CARTESIAN_POINT ( 'NONE',  ( 45.00000000000000000, 10.75488390276393602, -32.44053828763770753 ) ) ;
#4579 = CARTESIAN_POINT ( 'NONE',  ( -45.00000000000000000, 12.80678533207917447, 32.60999837446190242 ) ) ;
#4580 = EDGE_CURVE ( 'NONE', #619, #6996, #8330, .T. ) ;
#4581 = VERTEX_POINT ( 'NONE', #3727 ) ;
#4582 = DIRECTION ( 'NONE',  ( 0.000000000000000000, 0.000000000000000000, -1.000000000000000000 ) ) ;
#4583 = UNCERTAINTY_MEASURE_WITH_UNIT (LENGTH_MEASURE( 1.000000000000000082E-05 ), #4754, 'distance_accuracy_value', 'NONE');
#4584 = DIRECTION ( 'NONE',  ( 0.000000000000000000, -0.1736463975343501553, -0.9848080668959522388 ) ) ;
#4585 = VECTOR ( 'NONE', #8111, 1000.000000000000000 ) ;
#4586 = EDGE_LOOP ( 'NONE', ( #6998, #6819, #8415, #4725 ) ) ;
#4587 = FACE_OUTER_BOUND ( 'NONE', #6779, .T. ) ;
#4588 = CARTESIAN_POINT ( 'NONE',  ( 45.00000000000000000, 8.199283481256454564, 33.00999806117455648 ) ) ;
#4589 =( NAMED_UNIT ( * ) SI_UNIT ( $, .STERADIAN. ) SOLID_ANGLE_UNIT ( ) );
#4590 = PRESENTATION_STYLE_ASSIGNMENT (( #1448 ) ) ;
#4591 = LINE ( 'NONE', #408, #7124 ) ;
#4592 = EDGE_LOOP ( 'NONE', ( #2193, #1113, #1915, #4216 ) ) ;
#4593 = CARTESIAN_POINT ( 'NONE',  ( 45.00000000000000000, -11.41902544830033328, 28.28824047302989797 ) ) ;
#4594 = COLOUR_RGB ( '',0.8980392156862745390, 0.9176470588235293713, 0.9294117647058823817 ) ;
#4595 = EDGE_CURVE ( 'NONE', #8305, #2524, #7190, .T. ) ;
#4596 = DIRECTION ( 'NONE',  ( 0.000000000000000000, 0.000000000000000000, -1.000000000000000000 ) ) ;
#4597 = SURFACE_STYLE_USAGE ( .BOTH. , #4649 ) ;
#4598 = PRESENTATION_STYLE_ASSIGNMENT (( #6139 ) ) ;
#4599 = PRESENTATION_LAYER_ASSIGNMENT (  '', '', ( #8705 ) ) ;
#4600 = LINE ( 'NONE', #7737, #4329 ) ;
#4601 = LINE ( 'NONE', #827, #6340 ) ;
#4602 = UNCERTAINTY_MEASURE_WITH_UNIT (LENGTH_MEASURE( 1.000000000000000082E-05 ), #7283, 'distance_accuracy_value', 'NONE');
#4603 = CARTESIAN_POINT ( 'NONE',  ( 45.00000000000000000, 9.575082914202827311, 33.00999816560368316 ) ) ;
#4604 = ORIENTED_EDGE ( 'NONE', *, *, #5493, .T. ) ;
#4605 = LINE ( 'NONE', #4051, #4766 ) ;
#4606 = AXIS2_PLACEMENT_3D ( 'NONE', #2567, #3556, #9002 ) ;
#4607 = EDGE_CURVE ( 'NONE', #3585, #8248, #9254, .T. ) ;
#4608 = UNCERTAINTY_MEASURE_WITH_UNIT (LENGTH_MEASURE( 1.000000000000000082E-05 ), #36, 'distance_accuracy_value', 'NONE');
#4609 = ORIENTED_EDGE ( 'NONE', *, *, #1497, .F. ) ;
#4610 = DIRECTION ( 'NONE',  ( 0.000000000000000000, 0.000000000000000000, -1.000000000000000000 ) ) ;
#4611 = CARTESIAN_POINT ( 'NONE',  ( 45.00000000000000000, 11.82490994982846999, -32.67945813854108650 ) ) ;
#4612 = VECTOR ( 'NONE', #9666, 1000.000000000000000 ) ;
#4613 = VECTOR ( 'NONE', #6262, 1000.000000000000000 ) ;
#4614 = DIRECTION ( 'NONE',  ( 1.000000000000000000, 0.000000000000000000, -0.000000000000000000 ) ) ;
#4615 = CARTESIAN_POINT ( 'NONE',  ( 45.00000000000000000, 11.86703759629968324, 32.44053828763777858 ) ) ;
#4616 = FACE_OUTER_BOUND ( 'NONE', #1166, .T. ) ;
#4617 = FILL_AREA_STYLE ('',( #846 ) ) ;
#4618 = EDGE_LOOP ( 'NONE', ( #5965, #2794, #9521, #8450 ) ) ;
#4619 = EDGE_CURVE ( 'NONE', #1303, #1049, #7502, .T. ) ;
#4620 = ORIENTED_EDGE ( 'NONE', *, *, #2945, .F. ) ;
#4621 = PRESENTATION_LAYER_ASSIGNMENT (  '', '', ( #1822 ) ) ;
#4622 = ORIENTED_EDGE ( 'NONE', *, *, #964, .F. ) ;
#4624 =( GEOMETRIC_REPRESENTATION_CONTEXT ( 3 ) GLOBAL_UNCERTAINTY_ASSIGNED_CONTEXT ( ( #4715 ) ) GLOBAL_UNIT_ASSIGNED_CONTEXT ( ( #4018, #9655, #8048 ) ) REPRESENTATION_CONTEXT ( 'NONE', 'WORKASPACE' ) );
#4623 = CIRCLE ( 'NONE', #3945, 0.09999926905921927012 ) ;
#4625 = CARTESIAN_POINT ( 'NONE',  ( 45.00000000000000000, 12.41286273712554866, -32.67945714233422194 ) ) ;
#4626 = DIRECTION ( 'NONE',  ( -1.000000000000000000, -0.000000000000000000, -0.000000000000000000 ) ) ;
#4627 = DIRECTION ( 'NONE',  ( 0.000000000000000000, -0.000000000000000000, -1.000000000000000000 ) ) ;
#4628 = COLOUR_RGB ( '',0.8980392156862745390, 0.9176470588235293713, 0.9294117647058823817 ) ;
#4629 = ORIENTED_EDGE ( 'NONE', *, *, #7591, .T. ) ;
#4631 = MECHANICAL_DESIGN_GEOMETRIC_PRESENTATION_REPRESENTATION (  '', ( #6276 ), #4111 ) ;
#4630 = VECTOR ( 'NONE', #1260, 1000.000000000000000 ) ;
#4632 = PRESENTATION_STYLE_ASSIGNMENT (( #5344 ) ) ;
#4633 = PRESENTATION_STYLE_ASSIGNMENT (( #9567 ) ) ;
#4634 = EDGE_LOOP ( 'NONE', ( #3297, #1170, #9095, #5471 ) ) ;
#4635 = ADVANCED_FACE ( 'NONE', ( #8367 ), #1315, .F. ) ;
#4636 = DIRECTION ( 'NONE',  ( -1.000000000000000000, -0.000000000000000000, -0.000000000000000000 ) ) ;
#4637 = FACE_OUTER_BOUND ( 'NONE', #5545, .T. ) ;
#4638 = SURFACE_STYLE_USAGE ( .BOTH. , #7720 ) ;
#4639 = CARTESIAN_POINT ( 'NONE',  ( 45.00000000000000000, -7.959230667774255252, 33.00999816560367606 ) ) ;
#4640 =( LENGTH_UNIT ( ) NAMED_UNIT ( * ) SI_UNIT ( .MILLI., .METRE. ) );
#4641 = EDGE_CURVE ( 'NONE', #918, #8222, #606, .T. ) ;
#4642 = CARTESIAN_POINT ( 'NONE',  ( 45.00000000000000000, 10.79701128556071232, 32.67945762489390660 ) ) ;
#4643 = FILL_AREA_STYLE ('',( #9334 ) ) ;
#4644 = ORIENTED_EDGE ( 'NONE', *, *, #1746, .T. ) ;
#4645 = EDGE_LOOP ( 'NONE', ( #4042, #8333, #4038, #2460 ) ) ;
#4646 = FILL_AREA_STYLE_COLOUR ( '', #6267 ) ;
#4647 = ORIENTED_EDGE ( 'NONE', *, *, #2957, .F. ) ;
#4648 = CARTESIAN_POINT ( 'NONE',  ( -45.00000000000000000, 11.91902595064858694, 28.48824028669467978 ) ) ;
#4649 = SURFACE_SIDE_STYLE ('',( #4548 ) ) ;
#4650 =( NAMED_UNIT ( * ) PLANE_ANGLE_UNIT ( ) SI_UNIT ( $, .RADIAN. ) );
#4651 = EDGE_CURVE ( 'NONE', #2374, #179, #3073, .T. ) ;
#4652 = SURFACE_STYLE_USAGE ( .BOTH. , #9242 ) ;
#4653 = SURFACE_STYLE_USAGE ( .BOTH. , #676 ) ;
#4654 = AXIS2_PLACEMENT_3D ( 'NONE', #8455, #3587, #2025 ) ;
#4655 = ORIENTED_EDGE ( 'NONE', *, *, #5005, .F. ) ;
#4656 = LINE ( 'NONE', #100, #8246 ) ;
#4657 = SURFACE_STYLE_USAGE ( .BOTH. , #10155 ) ;
#4658 = CARTESIAN_POINT ( 'NONE',  ( -45.00000000000000000, 10.80145147428094177, -29.72866197357683404 ) ) ;
#4659 = ORIENTED_EDGE ( 'NONE', *, *, #5493, .F. ) ;
#4660 = CARTESIAN_POINT ( 'NONE',  ( 45.00000000000000000, -7.523179585157176774, 32.44053807877953233 ) ) ;
#4661 = FILL_AREA_STYLE ('',( #6214 ) ) ;
#4662 = EDGE_CURVE ( 'NONE', #6301, #5315, #7900, .T. ) ;
#4663 = STYLED_ITEM ( 'NONE', ( #6037 ), #9851 ) ;
#4664 =( NAMED_UNIT ( * ) PLANE_ANGLE_UNIT ( ) SI_UNIT ( $, .RADIAN. ) );
#4665 = VERTEX_POINT ( 'NONE', #3222 ) ;
#4666 = VERTEX_POINT ( 'NONE', #1616 ) ;
#4667 = LINE ( 'NONE', #8426, #163 ) ;
#4668 = ORIENTED_EDGE ( 'NONE', *, *, #21, .T. ) ;
#4669 =( LENGTH_UNIT ( ) NAMED_UNIT ( * ) SI_UNIT ( .MILLI., .METRE. ) );
#4670 = EDGE_CURVE ( 'NONE', #9388, #9154, #6306, .T. ) ;
#4671 = VECTOR ( 'NONE', #7433, 1000.000000000000000 ) ;
#4672 = FILL_AREA_STYLE_COLOUR ( '', #1866 ) ;
#4673 = VERTEX_POINT ( 'NONE', #3171 ) ;
#4674 = CIRCLE ( 'NONE', #211, 0.4000000000000322742 ) ;
#4675 = DIRECTION ( 'NONE',  ( -1.000000000000000000, 0.000000000000000000, -0.000000000000000000 ) ) ;
#4676 = FILL_AREA_STYLE ('',( #2268 ) ) ;
#4677 =( GEOMETRIC_REPRESENTATION_CONTEXT ( 3 ) GLOBAL_UNCERTAINTY_ASSIGNED_CONTEXT ( ( #7430 ) ) GLOBAL_UNIT_ASSIGNED_CONTEXT ( ( #7113, #3203, #4105 ) ) REPRESENTATION_CONTEXT ( 'NONE', 'WORKASPACE' ) );
#4678 = DIRECTION ( 'NONE',  ( 0.000000000000000000, 0.000000000000000000, 1.000000000000000000 ) ) ;
#4679 = PRESENTATION_LAYER_ASSIGNMENT (  '', '', ( #1395 ) ) ;
#4680 = STYLED_ITEM ( 'NONE', ( #2611 ), #8215 ) ;
#4681 = PRESENTATION_LAYER_ASSIGNMENT (  '', '', ( #3383 ) ) ;
#4682 =( NAMED_UNIT ( * ) SI_UNIT ( $, .STERADIAN. ) SOLID_ANGLE_UNIT ( ) );
#4683 = FILL_AREA_STYLE ('',( #1540 ) ) ;
#4684 = CARTESIAN_POINT ( 'NONE',  ( 45.00000000000000000, -11.41902514096136478, -28.48824078050320097 ) ) ;
#4685 = EDGE_CURVE ( 'NONE', #1273, #8537, #438, .T. ) ;
#4686 = CIRCLE ( 'NONE', #8799, 0.3999999999999767630 ) ;
#4687 =( NAMED_UNIT ( * ) SI_UNIT ( $, .STERADIAN. ) SOLID_ANGLE_UNIT ( ) );
#4688 = AXIS2_PLACEMENT_3D ( 'NONE', #8613, #8512, #2183 ) ;
#4689 = AXIS2_PLACEMENT_3D ( 'NONE', #6967, #7107, #4834 ) ;
#4690 = MECHANICAL_DESIGN_GEOMETRIC_PRESENTATION_REPRESENTATION (  '', ( #2217 ), #9299 ) ;
#4691 =( NAMED_UNIT ( * ) SI_UNIT ( $, .STERADIAN. ) SOLID_ANGLE_UNIT ( ) );
#4692 = EDGE_LOOP ( 'NONE', ( #10167, #1326, #5883, #6427 ) ) ;
#4693 = ORIENTED_EDGE ( 'NONE', *, *, #303, .F. ) ;
#4694 = CIRCLE ( 'NONE', #8317, 0.09999926905917069786 ) ;
#4695 = DIRECTION ( 'NONE',  ( 1.000000000000000000, 0.000000000000000000, 0.000000000000000000 ) ) ;
#4696 = LINE ( 'NONE', #2425, #1817 ) ;
#4697 = ORIENTED_EDGE ( 'NONE', *, *, #8193, .T. ) ;
#4698 =( GEOMETRIC_REPRESENTATION_CONTEXT ( 3 ) GLOBAL_UNCERTAINTY_ASSIGNED_CONTEXT ( ( #4347 ) ) GLOBAL_UNIT_ASSIGNED_CONTEXT ( ( #6815, #2839, #404 ) ) REPRESENTATION_CONTEXT ( 'NONE', 'WORKASPACE' ) );
#4699 = VERTEX_POINT ( 'NONE', #1566 ) ;
#4700 = CARTESIAN_POINT ( 'NONE',  ( 45.00000000000000000, 9.181159827773125670, 32.67945752046473729 ) ) ;
#4701 = AXIS2_PLACEMENT_3D ( 'NONE', #1333, #5304, #9880 ) ;
#4702 = CARTESIAN_POINT ( 'NONE',  ( 45.00000000000000000, -13.99999993022107070, -31.00999847889091043 ) ) ;
#4703 = MECHANICAL_DESIGN_GEOMETRIC_PRESENTATION_REPRESENTATION (  '', ( #4529 ), #1073 ) ;
#4704 = PRESENTATION_STYLE_ASSIGNMENT (( #4652 ) ) ;
#4705 = FILL_AREA_STYLE_COLOUR ( '', #3696 ) ;
#4706 = UNCERTAINTY_MEASURE_WITH_UNIT (LENGTH_MEASURE( 1.000000000000000082E-05 ), #5077, 'distance_accuracy_value', 'NONE');
#4707 = DIRECTION ( 'NONE',  ( -1.000000000000000000, 0.000000000000000000, -0.000000000000000000 ) ) ;
#4708 = ORIENTED_EDGE ( 'NONE', *, *, #2509, .T. ) ;
#4709 = STYLED_ITEM ( 'NONE', ( #2283 ), #2521 ) ;
#4710 = VECTOR ( 'NONE', #7363, 1000.000000000000000 ) ;
#4711 = ORIENTED_EDGE ( 'NONE', *, *, #3399, .T. ) ;
#4712 = DIRECTION ( 'NONE',  ( 0.000000000000000000, 1.000000000000000000, 0.000000000000000000 ) ) ;
#4713 = PRESENTATION_STYLE_ASSIGNMENT (( #1662 ) ) ;
#4714 = EDGE_CURVE ( 'NONE', #8498, #7637, #48, .T. ) ;
#4715 = UNCERTAINTY_MEASURE_WITH_UNIT (LENGTH_MEASURE( 1.000000000000000082E-05 ), #4018, 'distance_accuracy_value', 'NONE');
#4716 = ORIENTED_EDGE ( 'NONE', *, *, #10092, .T. ) ;
#4717 = DIRECTION ( 'NONE',  ( 1.000000000000000000, 0.000000000000000000, 0.000000000000000000 ) ) ;
#4718 = DIRECTION ( 'NONE',  ( 0.000000000000000000, 0.000000000000000000, -1.000000000000000000 ) ) ;
#4719 =( NAMED_UNIT ( * ) SI_UNIT ( $, .STERADIAN. ) SOLID_ANGLE_UNIT ( ) );
#4720 = DIRECTION ( 'NONE',  ( 0.000000000000000000, 0.000000000000000000, -1.000000000000000000 ) ) ;
#4721 = PRESENTATION_LAYER_ASSIGNMENT (  '', '', ( #2410 ) ) ;
#4722 = LINE ( 'NONE', #9311, #3750 ) ;
#4723 = VERTEX_POINT ( 'NONE', #7128 ) ;
#4724 = VERTEX_POINT ( 'NONE', #9455 ) ;
#4725 = ORIENTED_EDGE ( 'NONE', *, *, #4116, .T. ) ;
#4726 = EDGE_CURVE ( 'NONE', #4948, #1370, #4212, .T. ) ;
#4727 = SURFACE_STYLE_USAGE ( .BOTH. , #9210 ) ;
#4728 = CARTESIAN_POINT ( 'NONE',  ( 45.00000000000000000, -9.400134739806436102, 29.82752886061093633 ) ) ;
#4729 = ORIENTED_EDGE ( 'NONE', *, *, #3515, .F. ) ;
#4730 = EDGE_CURVE ( 'NONE', #4289, #9426, #6364, .T. ) ;
#4731 = SURFACE_SIDE_STYLE ('',( #1589 ) ) ;
#4732 = SURFACE_STYLE_FILL_AREA ( #5603 ) ;
#4733 = MECHANICAL_DESIGN_GEOMETRIC_PRESENTATION_REPRESENTATION (  '', ( #2760 ), #9676 ) ;
#4734 = ORIENTED_EDGE ( 'NONE', *, *, #6684, .F. ) ;
#4735 = PLANE ( 'NONE',  #2890 ) ;
#4736 = CARTESIAN_POINT ( 'NONE',  ( -45.00000000000000000, 10.80018291731193258, 30.07663308736904639 ) ) ;
#4737 = FACE_OUTER_BOUND ( 'NONE', #4322, .T. ) ;
#4738 = ORIENTED_EDGE ( 'NONE', *, *, #9975, .F. ) ;
#4739 = ORIENTED_EDGE ( 'NONE', *, *, #7491, .T. ) ;
#4740 =( LENGTH_UNIT ( ) NAMED_UNIT ( * ) SI_UNIT ( .MILLI., .METRE. ) );
#4741 = EDGE_CURVE ( 'NONE', #1907, #2417, #9513, .T. ) ;
#4742 = ORIENTED_EDGE ( 'NONE', *, *, #354, .F. ) ;
#4743 = DIRECTION ( 'NONE',  ( 0.000000000000000000, 0.000000000000000000, 1.000000000000000000 ) ) ;
#4744 = CARTESIAN_POINT ( 'NONE',  ( 45.00000000000000000, -11.86703680765867297, -32.44053839206678447 ) ) ;
#4745 = CARTESIAN_POINT ( 'NONE',  ( 45.00000000000000000, 5.949457525588827345, -32.67945741603569587 ) ) ;
#4746 =( LENGTH_UNIT ( ) NAMED_UNIT ( * ) SI_UNIT ( .MILLI., .METRE. ) );
#4747 =( GEOMETRIC_REPRESENTATION_CONTEXT ( 3 ) GLOBAL_UNCERTAINTY_ASSIGNED_CONTEXT ( ( #9956 ) ) GLOBAL_UNIT_ASSIGNED_CONTEXT ( ( #3115, #2241, #9405 ) ) REPRESENTATION_CONTEXT ( 'NONE', 'WORKASPACE' ) );
#4748 = CARTESIAN_POINT ( 'NONE',  ( 45.00000000000000000, -9.300134739806450668, 29.82752886061096476 ) ) ;
#4749 = COLOUR_RGB ( '',0.8980392156862745390, 0.9176470588235293713, 0.9294117647058823817 ) ;
#4750 = FILL_AREA_STYLE ('',( #7118 ) ) ;
#4751 = EDGE_LOOP ( 'NONE', ( #8469, #6149, #7334, #5741 ) ) ;
#4752 = MECHANICAL_DESIGN_GEOMETRIC_PRESENTATION_REPRESENTATION (  '', ( #791 ), #620 ) ;
#4753 = EDGE_LOOP ( 'NONE', ( #5269, #6044, #5693, #6385 ) ) ;
#4754 =( LENGTH_UNIT ( ) NAMED_UNIT ( * ) SI_UNIT ( .MILLI., .METRE. ) );
#4755 =( NAMED_UNIT ( * ) PLANE_ANGLE_UNIT ( ) SI_UNIT ( $, .RADIAN. ) );
#4756 = EDGE_CURVE ( 'NONE', #8994, #9075, #3732, .T. ) ;
#4757 = PRESENTATION_STYLE_ASSIGNMENT (( #9605 ) ) ;
#4758 = AXIS2_PLACEMENT_3D ( 'NONE', #8870, #7280, #259 ) ;
#4759 = CARTESIAN_POINT ( 'NONE',  ( 45.00000000000000000, 0.1200269883714016744, -32.60999669650581012 ) ) ;
#4760 = ORIENTED_EDGE ( 'NONE', *, *, #2579, .T. ) ;
#4761 = DIRECTION ( 'NONE',  ( 1.000000000000000000, 0.000000000000000000, 0.000000000000000000 ) ) ;
#4762 = DIRECTION ( 'NONE',  ( -0.000000000000000000, 0.9848077160741897096, 0.1736483871527123302 ) ) ;
#4763 = COLOUR_RGB ( '',0.8980392156862745390, 0.9176470588235293713, 0.9294117647058823817 ) ;
#4764 = EDGE_CURVE ( 'NONE', #897, #8257, #8611, .T. ) ;
#4765 = VERTEX_POINT ( 'NONE', #9302 ) ;
#4766 = VECTOR ( 'NONE', #3303, 1000.000000000000000 ) ;
#4767 = DIRECTION ( 'NONE',  ( 0.000000000000000000, 0.000000000000000000, -1.000000000000000000 ) ) ;
#4768 = CARTESIAN_POINT ( 'NONE',  ( 45.00000000000000000, 7.565308369985570103, 32.67945741603563192 ) ) ;
#4769 = FACE_OUTER_BOUND ( 'NONE', #7620, .T. ) ;
#4770 = STYLED_ITEM ( 'NONE', ( #6587 ), #1568 ) ;
#4771 = ORIENTED_EDGE ( 'NONE', *, *, #197, .F. ) ;
#4772 = ORIENTED_EDGE ( 'NONE', *, *, #4273, .F. ) ;
#4773 = DIRECTION ( 'NONE',  ( 1.000000000000000000, 0.000000000000000000, 0.000000000000000000 ) ) ;
#4774 = PRESENTATION_LAYER_ASSIGNMENT (  '', '', ( #9394 ) ) ;
#4775 = EDGE_CURVE ( 'NONE', #640, #7285, #2753, .T. ) ;
#4776 = CARTESIAN_POINT ( 'NONE',  ( 45.00000000000000000, 11.19093498538098430, -32.60999837446188820 ) ) ;
#4777 =( GEOMETRIC_REPRESENTATION_CONTEXT ( 3 ) GLOBAL_UNCERTAINTY_ASSIGNED_CONTEXT ( ( #9855 ) ) GLOBAL_UNIT_ASSIGNED_CONTEXT ( ( #5757, #9629, #2566 ) ) REPRESENTATION_CONTEXT ( 'NONE', 'WORKASPACE' ) );
#4778 = ORIENTED_EDGE ( 'NONE', *, *, #8025, .F. ) ;
#4779 = DIRECTION ( 'NONE',  ( -0.000000000000000000, 1.000000000000000000, -0.000000000000000000 ) ) ;
#4780 =( NAMED_UNIT ( * ) SI_UNIT ( $, .STERADIAN. ) SOLID_ANGLE_UNIT ( ) );
#4781 = COLOUR_RGB ( '',0.8980392156862745390, 0.9176470588235293713, 0.9294117647058823817 ) ;
#4782 = ORIENTED_EDGE ( 'NONE', *, *, #9197, .F. ) ;
#4783 = UNCERTAINTY_MEASURE_WITH_UNIT (LENGTH_MEASURE( 1.000000000000000082E-05 ), #1613, 'distance_accuracy_value', 'NONE');
#4784 = PLANE ( 'NONE',  #6952 ) ;
#4785 =( NAMED_UNIT ( * ) PLANE_ANGLE_UNIT ( ) SI_UNIT ( $, .RADIAN. ) );
#4786 = LINE ( 'NONE', #700, #7074 ) ;
#4787 = FACE_OUTER_BOUND ( 'NONE', #3358, .T. ) ;
#4788 = VECTOR ( 'NONE', #6880, 1000.000000000000000 ) ;
#4789 = DIRECTION ( 'NONE',  ( 0.000000000000000000, 0.1736483871528192169, 0.9848077160741708358 ) ) ;
#4790 = DIRECTION ( 'NONE',  ( 0.000000000000000000, 0.1736483871527098322, 0.9848077160741900427 ) ) ;
#4791 = SURFACE_SIDE_STYLE ('',( #3051 ) ) ;
#4792 = CARTESIAN_POINT ( 'NONE',  ( 45.00000000000000000, -8.199282692615588175, -32.60999825458214474 ) ) ;
#4793 = EDGE_CURVE ( 'NONE', #501, #8007, #6989, .T. ) ;
#4794 = ORIENTED_EDGE ( 'NONE', *, *, #8175, .T. ) ;
#4795 = DIRECTION ( 'NONE',  ( 0.000000000000000000, 0.000000000000000000, 1.000000000000000000 ) ) ;
#4796 =( GEOMETRIC_REPRESENTATION_CONTEXT ( 3 ) GLOBAL_UNCERTAINTY_ASSIGNED_CONTEXT ( ( #8413 ) ) GLOBAL_UNIT_ASSIGNED_CONTEXT ( ( #1301, #1549, #3361 ) ) REPRESENTATION_CONTEXT ( 'NONE', 'WORKASPACE' ) );
#4797 = ORIENTED_EDGE ( 'NONE', *, *, #555, .F. ) ;
#4798 = CARTESIAN_POINT ( 'NONE',  ( 45.00000000000000000, 3.745652660890947061, -32.67945761639555968 ) ) ;
#4799 = LINE ( 'NONE', #7936, #1130 ) ;
#4800 = SURFACE_SIDE_STYLE ('',( #8915 ) ) ;
#4801 = PRESENTATION_LAYER_ASSIGNMENT (  '', '', ( #3497 ) ) ;
#4802 = VERTEX_POINT ( 'NONE', #5381 ) ;
#4803 = EDGE_CURVE ( 'NONE', #8728, #5188, #8511, .T. ) ;
#4804 = FILL_AREA_STYLE ('',( #6410 ) ) ;
#4805 = PLANE ( 'NONE',  #6021 ) ;
#4806 = ORIENTED_EDGE ( 'NONE', *, *, #2862, .T. ) ;
#4807 = SURFACE_SIDE_STYLE ('',( #5727 ) ) ;
#4808 = FACE_OUTER_BOUND ( 'NONE', #8403, .T. ) ;
#4809 = FILL_AREA_STYLE ('',( #9516 ) ) ;
#4810 = DIRECTION ( 'NONE',  ( -1.000000000000000000, -0.000000000000000000, -0.000000000000000000 ) ) ;
#4811 = ADVANCED_FACE ( 'NONE', ( #6460 ), #3380, .F. ) ;
#4812 = CARTESIAN_POINT ( 'NONE',  ( 45.00000000000000000, 7.565308983376330509, -32.67945752046476571 ) ) ;
#4813 = DIRECTION ( 'NONE',  ( -0.000000000000000000, 0.9848075680949397448, 0.1736492263816077075 ) ) ;
#4814 = ORIENTED_EDGE ( 'NONE', *, *, #1442, .F. ) ;
#4815 = VERTEX_POINT ( 'NONE', #9607 ) ;
#4816 = EDGE_CURVE ( 'NONE', #764, #3394, #7223, .T. ) ;
#4817 =( LENGTH_UNIT ( ) NAMED_UNIT ( * ) SI_UNIT ( .MILLI., .METRE. ) );
#4818 = ORIENTED_EDGE ( 'NONE', *, *, #6295, .T. ) ;
#4819 = AXIS2_PLACEMENT_3D ( 'NONE', #2309, #5634, #1532 ) ;
#4820 = DIRECTION ( 'NONE',  ( 1.000000000000000000, 0.000000000000000000, 0.000000000000000000 ) ) ;
#4821 = CARTESIAN_POINT ( 'NONE',  ( 45.00000000000000000, 1.735878263497144580, -33.00999774788471086 ) ) ;
#4822 = CYLINDRICAL_SURFACE ( 'NONE', #1715, 0.3999999999999767630 ) ;
#4823 = ORIENTED_EDGE ( 'NONE', *, *, #9796, .T. ) ;
#4824 = PRESENTATION_STYLE_ASSIGNMENT (( #1685 ) ) ;
#4825 = MECHANICAL_DESIGN_GEOMETRIC_PRESENTATION_REPRESENTATION (  '', ( #5652 ), #5166 ) ;
#4826 = ADVANCED_FACE ( 'NONE', ( #4219 ), #193, .F. ) ;
#4827 = SURFACE_STYLE_USAGE ( .BOTH. , #3146 ) ;
#4828 = VECTOR ( 'NONE', #716, 1000.000000000000000 ) ;
#4829 = CARTESIAN_POINT ( 'NONE',  ( 45.00000000000000000, 11.92162822907099518, 28.89258391408860405 ) ) ;
#4830 =( LENGTH_UNIT ( ) NAMED_UNIT ( * ) SI_UNIT ( .MILLI., .METRE. ) );
#4831 = DIRECTION ( 'NONE',  ( -1.000000000000000000, -0.000000000000000000, -0.000000000000000000 ) ) ;
#4832 = CARTESIAN_POINT ( 'NONE',  ( 45.00000000000000000, -1.059773754007346414, -32.44053766106308245 ) ) ;
#4833 = FACE_OUTER_BOUND ( 'NONE', #121, .T. ) ;
#4834 = DIRECTION ( 'NONE',  ( 0.000000000000000000, 0.1736483871527734757, -0.9848077160741788294 ) ) ;
#4835 = ORIENTED_EDGE ( 'NONE', *, *, #2970, .F. ) ;
#4836 = MECHANICAL_DESIGN_GEOMETRIC_PRESENTATION_REPRESENTATION (  '', ( #8617 ), #7632 ) ;
#4837 = PRESENTATION_LAYER_ASSIGNMENT (  '', '', ( #2563 ) ) ;
#4838 = LINE ( 'NONE', #33, #7742 ) ;
#4839 = CIRCLE ( 'NONE', #4002, 0.3999999110189597640 ) ;
#4840 = CARTESIAN_POINT ( 'NONE',  ( 45.00000000000000000, 11.92162729394535603, -28.89258459431627912 ) ) ;
#4841 = PRESENTATION_LAYER_ASSIGNMENT (  '', '', ( #3201 ) ) ;
#4842 = DIRECTION ( 'NONE',  ( 0.000000000000000000, 0.000000000000000000, -1.000000000000000000 ) ) ;
#4843 = PLANE ( 'NONE',  #1553 ) ;
#4844 = ADVANCED_FACE ( 'NONE', ( #7320 ), #4066, .T. ) ;
#4845 = LINE ( 'NONE', #4153, #8027 ) ;
#4846 = MECHANICAL_DESIGN_GEOMETRIC_PRESENTATION_REPRESENTATION (  '', ( #5994 ), #6830 ) ;
#4847 =( NAMED_UNIT ( * ) PLANE_ANGLE_UNIT ( ) SI_UNIT ( $, .RADIAN. ) );
#4848 = MECHANICAL_DESIGN_GEOMETRIC_PRESENTATION_REPRESENTATION (  '', ( #2546 ), #1233 ) ;
#4849 = CIRCLE ( 'NONE', #6168, 0.3999999110189944584 ) ;
#4850 = VERTEX_POINT ( 'NONE', #5272 ) ;
#4851 = VECTOR ( 'NONE', #6081, 1000.000000000000000 ) ;
#4852 = VECTOR ( 'NONE', #1814, 1000.000000000000000 ) ;
#4853 = CARTESIAN_POINT ( 'NONE',  ( 45.00000000000000000, 10.75488390276393602, -32.44053828763770753 ) ) ;
#4854 =( GEOMETRIC_REPRESENTATION_CONTEXT ( 3 ) GLOBAL_UNCERTAINTY_ASSIGNED_CONTEXT ( ( #8274 ) ) GLOBAL_UNIT_ASSIGNED_CONTEXT ( ( #4108, #2632, #3263 ) ) REPRESENTATION_CONTEXT ( 'NONE', 'WORKASPACE' ) );
#4855 = STYLED_ITEM ( 'NONE', ( #8051 ), #3243 ) ;
#4856 = MECHANICAL_DESIGN_GEOMETRIC_PRESENTATION_REPRESENTATION (  '', ( #7157 ), #3557 ) ;
#4857 = PRESENTATION_STYLE_ASSIGNMENT (( #5725 ) ) ;
#4858 = COLOUR_RGB ( '',0.8980392156862745390, 0.9176470588235293713, 0.9294117647058823817 ) ;
#4859 = EDGE_CURVE ( 'NONE', #10189, #9093, #9800, .T. ) ;
#4860 = FILL_AREA_STYLE_COLOUR ( '', #7015 ) ;
#4861 = ORIENTED_EDGE ( 'NONE', *, *, #4261, .F. ) ;
#4862 = PRESENTATION_STYLE_ASSIGNMENT (( #1098 ) ) ;
#4863 = CARTESIAN_POINT ( 'NONE',  ( 45.00000000000000000, -7.565307581344757892, -32.67945752046476571 ) ) ;
#4864 = CARTESIAN_POINT ( 'NONE',  ( -45.00000000000000000, -2.675625211794851133, -32.44053776549218071 ) ) ;
#4865 = VECTOR ( 'NONE', #6362, 1000.000000000000000 ) ;
#4866 = AXIS2_PLACEMENT_3D ( 'NONE', #6288, #663, #8647 ) ;
#4867 = PLANE ( 'NONE',  #4349 ) ;
#4868 = AXIS2_PLACEMENT_3D ( 'NONE', #8783, #2512, #2662 ) ;
#4869 =( NAMED_UNIT ( * ) PLANE_ANGLE_UNIT ( ) SI_UNIT ( $, .RADIAN. ) );
#4870 = CARTESIAN_POINT ( 'NONE',  ( 45.00000000000000000, -2.675625211794851133, -32.44053776549218071 ) ) ;
#4871 = CARTESIAN_POINT ( 'NONE',  ( 45.00000000000000000, -10.79701049691968606, 32.67945772932299775 ) ) ;
#4872 = CARTESIAN_POINT ( 'NONE',  ( 45.00000000000000000, -12.80678454343816419, -33.00999847889091399 ) ) ;
#4873 = VERTEX_POINT ( 'NONE', #4325 ) ;
#4874 = MECHANICAL_DESIGN_GEOMETRIC_PRESENTATION_REPRESENTATION (  '', ( #5690 ), #912 ) ;
#4875 = VERTEX_POINT ( 'NONE', #466 ) ;
#4876 = EDGE_CURVE ( 'NONE', #9093, #764, #361, .T. ) ;
#4877 = SURFACE_SIDE_STYLE ('',( #6113 ) ) ;
#4878 = ORIENTED_EDGE ( 'NONE', *, *, #7828, .F. ) ;
#4879 = SURFACE_STYLE_USAGE ( .BOTH. , #1733 ) ;
#4880 = FILL_AREA_STYLE ('',( #7960 ) ) ;
#4881 = VECTOR ( 'NONE', #3932, 1000.000000000000000 ) ;
#4882 = ORIENTED_EDGE ( 'NONE', *, *, #1603, .F. ) ;
#4883 = EDGE_CURVE ( 'NONE', #3629, #5273, #8209, .T. ) ;
#4884 = FILL_AREA_STYLE ('',( #4936 ) ) ;
#4885 = ORIENTED_EDGE ( 'NONE', *, *, #4803, .F. ) ;
#4886 = UNCERTAINTY_MEASURE_WITH_UNIT (LENGTH_MEASURE( 1.000000000000000082E-05 ), #86, 'distance_accuracy_value', 'NONE');
#4887 = CYLINDRICAL_SURFACE ( 'NONE', #6438, 1.000000000000014655 ) ;
#4888 = DIRECTION ( 'NONE',  ( 0.000000000000000000, -0.1736483871527967904, -0.9848077160741748326 ) ) ;
#4889 = DIRECTION ( 'NONE',  ( 1.000000000000000000, 0.000000000000000000, 0.000000000000000000 ) ) ;
#4890 = SURFACE_SIDE_STYLE ('',( #6484 ) ) ;
#4891 = VECTOR ( 'NONE', #480, 1000.000000000000114 ) ;
#4892 = DIRECTION ( 'NONE',  ( 0.000000000000000000, 0.9848077160741901537, -0.1736483871527098599 ) ) ;
#4893 = EDGE_CURVE ( 'NONE', #6715, #640, #448, .T. ) ;
#4894 = DIRECTION ( 'NONE',  ( -1.000000000000000000, -0.000000000000000000, -0.000000000000000000 ) ) ;
#4895 = DIRECTION ( 'NONE',  ( 0.000000000000000000, 0.000000000000000000, 1.000000000000000000 ) ) ;
#4896 = ORIENTED_EDGE ( 'NONE', *, *, #3743, .F. ) ;
#4897 = COLOUR_RGB ( '',0.8980392156862745390, 0.9176470588235293713, 0.9294117647058823817 ) ;
#4898 = FILL_AREA_STYLE ('',( #6494 ) ) ;
#4899 = CARTESIAN_POINT ( 'NONE',  ( 45.00000000000000000, -11.30013452603984092, 30.08641800985717296 ) ) ;
#4900 = CARTESIAN_POINT ( 'NONE',  ( 45.00000000000000000, 10.80145147428094177, -29.72866197357683404 ) ) ;
#4901 = CARTESIAN_POINT ( 'NONE',  ( 45.00000000000000000, 16.00000071886211117, -31.00999754738981196 ) ) ;
#4902 = PRESENTATION_STYLE_ASSIGNMENT (( #4653 ) ) ;
#4903 = CARTESIAN_POINT ( 'NONE',  ( 45.00000000000000000, -12.37073395851987456, 32.44053839206689815 ) ) ;
#4904 = VECTOR ( 'NONE', #9890, 1000.000000000000000 ) ;
#4905 = ORIENTED_EDGE ( 'NONE', *, *, #6222, .F. ) ;
#4906 = DIRECTION ( 'NONE',  ( 0.000000000000000000, 0.000000000000000000, 1.000000000000000000 ) ) ;
#4907 = DIRECTION ( 'NONE',  ( -1.000000000000000000, -0.000000000000000000, -0.000000000000000000 ) ) ;
#4908 = ORIENTED_EDGE ( 'NONE', *, *, #3041, .F. ) ;
#4909 = EDGE_CURVE ( 'NONE', #7806, #6059, #1253, .T. ) ;
#4910 = CARTESIAN_POINT ( 'NONE',  ( 45.00000000000000000, -1.495824836624388920, -33.00999774788724039 ) ) ;
#4911 = VECTOR ( 'NONE', #5845, 1000.000000000000114 ) ;
#4912 = CARTESIAN_POINT ( 'NONE',  ( 45.00000000000000000, 7.959231456415265527, 32.60999806117451527 ) ) ;
#4913 = ORIENTED_EDGE ( 'NONE', *, *, #1908, .F. ) ;
#4914 = LINE ( 'NONE', #5632, #5185 ) ;
#4915 = CARTESIAN_POINT ( 'NONE',  ( 45.00000000000000000, -8.199282692615588175, -33.00999816560363342 ) ) ;
#4916 = CARTESIAN_POINT ( 'NONE',  ( -45.00000000000000000, -4.727527752199391919, -32.60999795674545254 ) ) ;
#4917 = SURFACE_STYLE_FILL_AREA ( #312 ) ;
#4918 = FACE_OUTER_BOUND ( 'NONE', #1931, .T. ) ;
#4919 = VECTOR ( 'NONE', #5177, 1000.000000000000000 ) ;
#4920 = ADVANCED_FACE ( 'NONE', ( #9183 ), #8314, .F. ) ;
#4921 = CARTESIAN_POINT ( 'NONE',  ( 45.00000000000000000, 11.19093498538098430, -33.00999837446186547 ) ) ;
#4922 = VECTOR ( 'NONE', #6898, 1000.000000000000000 ) ;
#4923 = LINE ( 'NONE', #3975, #9216 ) ;
#4924 = VERTEX_POINT ( 'NONE', #2847 ) ;
#4925 = VERTEX_POINT ( 'NONE', #5989 ) ;
#4926 = PRESENTATION_STYLE_ASSIGNMENT (( #3235 ) ) ;
#4927 = VERTEX_POINT ( 'NONE', #2078 ) ;
#4928 = STYLED_ITEM ( 'NONE', ( #2576 ), #1393 ) ;
#4929 = CIRCLE ( 'NONE', #9545, 0.1999999999999710343 ) ;
#4930 = SURFACE_STYLE_FILL_AREA ( #5083 ) ;
#4931 = DIRECTION ( 'NONE',  ( -0.000000000000000000, 2.909459891608890660E-15, -1.000000000000000000 ) ) ;
#4932 = VERTEX_POINT ( 'NONE', #8975 ) ;
#4933 = CARTESIAN_POINT ( 'NONE',  ( 45.00000000000000000, 12.37073536055143919, -32.44053839206681289 ) ) ;
#4934 = EDGE_CURVE ( 'NONE', #7451, #9959, #2741, .T. ) ;
#4935 = AXIS2_PLACEMENT_3D ( 'NONE', #2614, #4305, #7253 ) ;
#4936 = FILL_AREA_STYLE_COLOUR ( '', #1051 ) ;
#4937 = ORIENTED_EDGE ( 'NONE', *, *, #5137, .F. ) ;
#4938 = PRESENTATION_LAYER_ASSIGNMENT (  '', '', ( #9385 ) ) ;
#4939 = CARTESIAN_POINT ( 'NONE',  ( -45.00000000000000000, -9.181159039132262834, -32.67945762489387818 ) ) ;
#4940 = VECTOR ( 'NONE', #6398, 1000.000000000000000 ) ;
#4941 = CARTESIAN_POINT ( 'NONE',  ( 45.00000000000000000, -11.43098560819056786, 32.60999846344040520 ) ) ;
#4942 =( NAMED_UNIT ( * ) PLANE_ANGLE_UNIT ( ) SI_UNIT ( $, .RADIAN. ) );
#4943 = DIRECTION ( 'NONE',  ( 0.000000000000000000, 0.000000000000000000, -1.000000000000000000 ) ) ;
#4944 = AXIS2_PLACEMENT_3D ( 'NONE', #4872, #9519, #7183 ) ;
#4945 = VECTOR ( 'NONE', #10062, 1000.000000000000227 ) ;
#4946 = CARTESIAN_POINT ( 'NONE',  ( -45.00000000000000000, 1.735878263497144580, -32.60999783686574460 ) ) ;
#4947 = EDGE_CURVE ( 'NONE', #5502, #7419, #9989, .T. ) ;
#4948 = VERTEX_POINT ( 'NONE', #2906 ) ;
#4949 = SURFACE_STYLE_FILL_AREA ( #1810 ) ;
#4950 = CARTESIAN_POINT ( 'NONE',  ( 45.00000000000000000, 14.00000071886211117, 33.00999837446191520 ) ) ;
#4951 =( GEOMETRIC_REPRESENTATION_CONTEXT ( 3 ) GLOBAL_UNCERTAINTY_ASSIGNED_CONTEXT ( ( #1409 ) ) GLOBAL_UNIT_ASSIGNED_CONTEXT ( ( #1600, #5564, #8548 ) ) REPRESENTATION_CONTEXT ( 'NONE', 'WORKASPACE' ) );
#4953 = PRESENTATION_LAYER_ASSIGNMENT (  '', '', ( #8560 ) ) ;
#4952 = PRESENTATION_LAYER_ASSIGNMENT (  '', '', ( #331 ) ) ;
#4954 = EDGE_CURVE ( 'NONE', #6471, #9365, #2125, .T. ) ;
#4955 = SURFACE_STYLE_USAGE ( .BOTH. , #9835 ) ;
#4956 = FACE_OUTER_BOUND ( 'NONE', #4753, .T. ) ;
#4957 = CARTESIAN_POINT ( 'NONE',  ( 45.00000000000000000, -0.1200255863398349832, -32.60999669650581012 ) ) ;
#4958 = ORIENTED_EDGE ( 'NONE', *, *, #796, .T. ) ;
#4959 = VECTOR ( 'NONE', #6178, 1000.000000000000114 ) ;
#4961 = MECHANICAL_DESIGN_GEOMETRIC_PRESENTATION_REPRESENTATION (  '', ( #5777 ), #6108 ) ;
#4960 =( GEOMETRIC_REPRESENTATION_CONTEXT ( 3 ) GLOBAL_UNCERTAINTY_ASSIGNED_CONTEXT ( ( #2314 ) ) GLOBAL_UNIT_ASSIGNED_CONTEXT ( ( #1032, #5778, #5881 ) ) REPRESENTATION_CONTEXT ( 'NONE', 'WORKASPACE' ) );
#4962 = PRESENTATION_STYLE_ASSIGNMENT (( #7275 ) ) ;
#4963 =( NAMED_UNIT ( * ) SI_UNIT ( $, .STERADIAN. ) SOLID_ANGLE_UNIT ( ) );
#4964 =( LENGTH_UNIT ( ) NAMED_UNIT ( * ) SI_UNIT ( .MILLI., .METRE. ) );
#4965 = CIRCLE ( 'NONE', #8570, 0.2000000000000508316 ) ;
#4966 = ORIENTED_EDGE ( 'NONE', *, *, #5546, .T. ) ;
#4967 = DIRECTION ( 'NONE',  ( -1.000000000000000000, 0.000000000000000000, -0.000000000000000000 ) ) ;
#4968 = UNCERTAINTY_MEASURE_WITH_UNIT (LENGTH_MEASURE( 1.000000000000000082E-05 ), #9785, 'distance_accuracy_value', 'NONE');
#4969 = ADVANCED_FACE ( 'NONE', ( #9288 ), #2228, .T. ) ;
#4970 = LINE ( 'NONE', #1867, #2235 ) ;
#4971 = CARTESIAN_POINT ( 'NONE',  ( -45.00000000000000000, -11.40137854245792148, -29.09155672596894604 ) ) ;
#4972 = ORIENTED_EDGE ( 'NONE', *, *, #2799, .F. ) ;
#4973 = CARTESIAN_POINT ( 'NONE',  ( 45.00000000000000000, 10.75488328937331417, 32.44053818320866611 ) ) ;
#4974 = CARTESIAN_POINT ( 'NONE',  ( 45.00000000000000000, -4.967579777040316280, 32.60999804572391270 ) ) ;
#4975 = LINE ( 'NONE', #8110, #3208 ) ;
#4976 = SURFACE_SIDE_STYLE ('',( #1872 ) ) ;
#4977 = DIRECTION ( 'NONE',  ( -1.000000000000000000, -0.000000000000000000, -0.000000000000000000 ) ) ;
#4978 = EDGE_LOOP ( 'NONE', ( #4823, #3232, #1790, #3202 ) ) ;
#4979 = ORIENTED_EDGE ( 'NONE', *, *, #6662, .F. ) ;
#4980 = LINE ( 'NONE', #8774, #1835 ) ;
#4981 = ORIENTED_EDGE ( 'NONE', *, *, #3574, .T. ) ;
#4982 = ADVANCED_FACE ( 'NONE', ( #2335 ), #7785, .T. ) ;
#4983 = CARTESIAN_POINT ( 'NONE',  ( -45.00000000000000000, -9.815134150403094893, -32.60999835901125010 ) ) ;
#4984 =( NAMED_UNIT ( * ) SI_UNIT ( $, .STERADIAN. ) SOLID_ANGLE_UNIT ( ) );
#4985 = UNCERTAINTY_MEASURE_WITH_UNIT (LENGTH_MEASURE( 1.000000000000000082E-05 ), #6874, 'distance_accuracy_value', 'NONE');
#4986 = ORIENTED_EDGE ( 'NONE', *, *, #3426, .T. ) ;
#4987 = FACE_OUTER_BOUND ( 'NONE', #10166, .T. ) ;
#4988 = LINE ( 'NONE', #952, #3680 ) ;
#4989 = VERTEX_POINT ( 'NONE', #7069 ) ;
#4990 = UNCERTAINTY_MEASURE_WITH_UNIT (LENGTH_MEASURE( 1.000000000000000082E-05 ), #2475, 'distance_accuracy_value', 'NONE');
#4991 = LINE ( 'NONE', #1846, #153 ) ;
#4992 = EDGE_CURVE ( 'NONE', #9234, #9576, #8453, .T. ) ;
#4993 = DIRECTION ( 'NONE',  ( 0.000000000000000000, -0.1736483871527826073, -0.9848077160741772751 ) ) ;
#4994 = LINE ( 'NONE', #8692, #9802 ) ;
#4995 = CARTESIAN_POINT ( 'NONE',  ( 45.00000000000000000, -11.42162772236781620, 28.89258410045184178 ) ) ;
#4996 = COLOUR_RGB ( '',0.8980392156862745390, 0.9176470588235293713, 0.9294117647058823817 ) ;
#4997 = ORIENTED_EDGE ( 'NONE', *, *, #4401, .T. ) ;
#4998 = CARTESIAN_POINT ( 'NONE',  ( 45.00000000000000000, -6.343379209986686362, 32.60999806117451527 ) ) ;
#4999 = SURFACE_STYLE_FILL_AREA ( #2575 ) ;
#5000 = EDGE_CURVE ( 'NONE', #4165, #2769, #2377, .T. ) ;
#5001 = ORIENTED_EDGE ( 'NONE', *, *, #1924, .T. ) ;
#5002 = DIRECTION ( 'NONE',  ( 1.000000000000000000, 0.000000000000000000, 0.000000000000000000 ) ) ;
#5003 = LINE ( 'NONE', #8812, #9134 ) ;
#5004 =( GEOMETRIC_REPRESENTATION_CONTEXT ( 3 ) GLOBAL_UNCERTAINTY_ASSIGNED_CONTEXT ( ( #3455 ) ) GLOBAL_UNIT_ASSIGNED_CONTEXT ( ( #9480, #7051, #6327 ) ) REPRESENTATION_CONTEXT ( 'NONE', 'WORKASPACE' ) );
#5005 = EDGE_CURVE ( 'NONE', #4699, #9253, #618, .T. ) ;
#5006 = CARTESIAN_POINT ( 'NONE',  ( 45.00000000000000000, -7.480134739806465483, 29.72764464165788922 ) ) ;
#5007 = EDGE_LOOP ( 'NONE', ( #8269, #1215, #7669, #7184, #6600, #265, #1579, #9352, #9316, #7358, #9527, #6360, #300, #5190, #6848, #7388, #7391, #269, #2682, #9507, #8224, #9014, #9325, #9992, #10013, #8338, #8423, #10194, #4668, #2745, #8683, #6005, #6000, #3483, #5856, #3715, #9205, #6691, #8408, #9171, #2624, #7740, #6948, #2843, #5691, #6054, #9293, #278 ) ) ;
#5008 = VECTOR ( 'NONE', #5696, 1000.000000000000114 ) ;
#5009 = FACE_BOUND ( 'NONE', #8837, .T. ) ;
#5010 = AXIS2_PLACEMENT_3D ( 'NONE', #5836, #8105, #4164 ) ;
#5011 = DIRECTION ( 'NONE',  ( -1.000000000000000000, -0.000000000000000000, -0.000000000000000000 ) ) ;
#5012 =( GEOMETRIC_REPRESENTATION_CONTEXT ( 3 ) GLOBAL_UNCERTAINTY_ASSIGNED_CONTEXT ( ( #9726 ) ) GLOBAL_UNIT_ASSIGNED_CONTEXT ( ( #6868, #6914, #3002 ) ) REPRESENTATION_CONTEXT ( 'NONE', 'WORKASPACE' ) );
#5013 = DIRECTION ( 'NONE',  ( -0.000000000000000000, 0.000000000000000000, 1.000000000000000000 ) ) ;
#5014 = VECTOR ( 'NONE', #4483, 1000.000000000000000 ) ;
#5015 = ORIENTED_EDGE ( 'NONE', *, *, #9034, .T. ) ;
#5016 =( NAMED_UNIT ( * ) SI_UNIT ( $, .STERADIAN. ) SOLID_ANGLE_UNIT ( ) );
#5017 = COLOUR_RGB ( '',0.8980392156862745390, 0.9176470588235293713, 0.9294117647058823817 ) ;
#5018 = ORIENTED_EDGE ( 'NONE', *, *, #1799, .T. ) ;
#5019 = CARTESIAN_POINT ( 'NONE',  ( -45.00000000000000000, -12.80678489071173409, 33.00999847889072214 ) ) ;
#5020 = VECTOR ( 'NONE', #40, 1000.000000000000000 ) ;
#5021 = ADVANCED_FACE ( 'NONE', ( #9241 ), #2172, .F. ) ;
#5022 = SURFACE_STYLE_FILL_AREA ( #7493 ) ;
#5023 = DIRECTION ( 'NONE',  ( 0.000000000000000000, 0.000000000000000000, 1.000000000000000000 ) ) ;
#5024 = STYLED_ITEM ( 'NONE', ( #1670 ), #3229 ) ;
#5025 = AXIS2_PLACEMENT_3D ( 'NONE', #4417, #2155, #4312 ) ;
#5026 = SURFACE_STYLE_USAGE ( .BOTH. , #4976 ) ;
#5027 = FILL_AREA_STYLE_COLOUR ( '', #5114 ) ;
#5028 = AXIS2_PLACEMENT_3D ( 'NONE', #2150, #8428, #1375 ) ;
#5029 = VERTEX_POINT ( 'NONE', #972 ) ;
#5030 = ORIENTED_EDGE ( 'NONE', *, *, #8811, .T. ) ;
#5031 = DIRECTION ( 'NONE',  ( -1.000000000000000000, -0.000000000000000000, -0.000000000000000000 ) ) ;
#5032 = ORIENTED_EDGE ( 'NONE', *, *, #9551, .T. ) ;
#5033 = VECTOR ( 'NONE', #4318, 1000.000000000000000 ) ;
#5034 = VECTOR ( 'NONE', #9112, 1000.000000000000000 ) ;
#5035 = FACE_OUTER_BOUND ( 'NONE', #5599, .T. ) ;
#5036 = DIRECTION ( 'NONE',  ( 0.000000000000000000, -0.1736492263816315218, 0.9848075680949354149 ) ) ;
#5037 = SURFACE_STYLE_FILL_AREA ( #6737 ) ;
#5038 = STYLED_ITEM ( 'NONE', ( #2354 ), #4071 ) ;
#5039 = ORIENTED_EDGE ( 'NONE', *, *, #2110, .T. ) ;
#5040 = PRESENTATION_STYLE_ASSIGNMENT (( #8937 ) ) ;
#5041 = SURFACE_SIDE_STYLE ('',( #2924 ) ) ;
#5042 = VECTOR ( 'NONE', #251, 1000.000000000000000 ) ;
#5043 = MECHANICAL_DESIGN_GEOMETRIC_PRESENTATION_REPRESENTATION (  '', ( #6197 ), #5214 ) ;
#5044 = PRESENTATION_LAYER_ASSIGNMENT (  '', '', ( #9934 ) ) ;
#5045 = VERTEX_POINT ( 'NONE', #4901 ) ;
#5046 = EDGE_CURVE ( 'NONE', #5745, #2766, #8704, .T. ) ;
#5047 = CARTESIAN_POINT ( 'NONE',  ( -45.00000000000000000, 10.80018194386384423, -30.07663373129822304 ) ) ;
#5048 = LINE ( 'NONE', #9098, #978 ) ;
#5049 =( NAMED_UNIT ( * ) PLANE_ANGLE_UNIT ( ) SI_UNIT ( $, .RADIAN. ) );
#5050 = PRESENTATION_STYLE_ASSIGNMENT (( #3603 ) ) ;
#5051 = AXIS2_PLACEMENT_3D ( 'NONE', #3982, #9619, #18 ) ;
#5052 =( NAMED_UNIT ( * ) SI_UNIT ( $, .STERADIAN. ) SOLID_ANGLE_UNIT ( ) );
#5053 = CARTESIAN_POINT ( 'NONE',  ( -45.00000000000000000, -11.42162741065924259, -28.89258440795322258 ) ) ;
#5054 = ORIENTED_EDGE ( 'NONE', *, *, #3434, .F. ) ;
#5055 = EDGE_CURVE ( 'NONE', #9438, #4129, #939, .T. ) ;
#5056 = VECTOR ( 'NONE', #1519, 1000.000000000000114 ) ;
#5057 = FACE_OUTER_BOUND ( 'NONE', #844, .T. ) ;
#5058 = FILL_AREA_STYLE_COLOUR ( '', #3491 ) ;
#5059 =( LENGTH_UNIT ( ) NAMED_UNIT ( * ) SI_UNIT ( .MILLI., .METRE. ) );
#5060 = MECHANICAL_DESIGN_GEOMETRIC_PRESENTATION_REPRESENTATION (  '', ( #4387 ), #7685 ) ;
#5061 = ORIENTED_EDGE ( 'NONE', *, *, #2502, .T. ) ;
#5062 = CARTESIAN_POINT ( 'NONE',  ( -45.00000000000000000, -10.30145160001482019, -29.72866179929873098 ) ) ;
#5063 = DIRECTION ( 'NONE',  ( -1.000000000000000000, -0.000000000000000000, -0.000000000000000000 ) ) ;
#5064 =( NAMED_UNIT ( * ) SI_UNIT ( $, .STERADIAN. ) SOLID_ANGLE_UNIT ( ) );
#5065 = LINE ( 'NONE', #5111, #9645 ) ;
#5066 = EDGE_CURVE ( 'NONE', #3666, #1278, #4845, .T. ) ;
#5067 = FILL_AREA_STYLE_COLOUR ( '', #6605 ) ;
#5068 = SURFACE_STYLE_FILL_AREA ( #1917 ) ;
#5069 = DIRECTION ( 'NONE',  ( 0.000000000000000000, 0.000000000000000000, 1.000000000000000000 ) ) ;
#5070 =( GEOMETRIC_REPRESENTATION_CONTEXT ( 3 ) GLOBAL_UNCERTAINTY_ASSIGNED_CONTEXT ( ( #5800 ) ) GLOBAL_UNIT_ASSIGNED_CONTEXT ( ( #10093, #4650, #6090 ) ) REPRESENTATION_CONTEXT ( 'NONE', 'WORKASPACE' ) );
#5071 = LINE ( 'NONE', #7322, #1732 ) ;
#5072 = ORIENTED_EDGE ( 'NONE', *, *, #108, .F. ) ;
#5073 = DIRECTION ( 'NONE',  ( 0.000000000000000000, 0.000000000000000000, -1.000000000000000000 ) ) ;
#5074 = SURFACE_STYLE_USAGE ( .BOTH. , #9755 ) ;
#5075 = EDGE_CURVE ( 'NONE', #9763, #7419, #6350, .T. ) ;
#5076 = LINE ( 'NONE', #7385, #4911 ) ;
#5077 =( LENGTH_UNIT ( ) NAMED_UNIT ( * ) SI_UNIT ( .MILLI., .METRE. ) );
#5078 = VERTEX_POINT ( 'NONE', #3364 ) ;
#5079 = DIRECTION ( 'NONE',  ( 0.000000000000000000, 0.000000000000000000, -1.000000000000000000 ) ) ;
#5080 = ORIENTED_EDGE ( 'NONE', *, *, #8101, .F. ) ;
#5081 = EDGE_CURVE ( 'NONE', #5611, #2209, #9501, .T. ) ;
#5082 = PLANE ( 'NONE',  #9790 ) ;
#5083 = FILL_AREA_STYLE ('',( #375 ) ) ;
#5084 = VECTOR ( 'NONE', #9088, 1000.000000000000000 ) ;
#5085 = UNCERTAINTY_MEASURE_WITH_UNIT (LENGTH_MEASURE( 1.000000000000000082E-05 ), #3330, 'distance_accuracy_value', 'NONE');
#5086 = ORIENTED_EDGE ( 'NONE', *, *, #7023, .F. ) ;
#5087 = AXIS2_PLACEMENT_3D ( 'NONE', #3633, #2176, #9951 ) ;
#5088 = FILL_AREA_STYLE ('',( #6629 ) ) ;
#5089 = CARTESIAN_POINT ( 'NONE',  ( 45.00000000000000000, 3.351729721284654850, -33.00999785231380912 ) ) ;
#5090 = CARTESIAN_POINT ( 'NONE',  ( 45.00000000000000000, -10.75488250073236074, -32.44053828763767910 ) ) ;
#5091 = ORIENTED_EDGE ( 'NONE', *, *, #5210, .T. ) ;
#5092 = STYLED_ITEM ( 'NONE', ( #5465 ), #1363 ) ;
#5093 = UNCERTAINTY_MEASURE_WITH_UNIT (LENGTH_MEASURE( 1.000000000000000082E-05 ), #2357, 'distance_accuracy_value', 'NONE');
#5094 = FILL_AREA_STYLE ('',( #4466 ) ) ;
#5095 = STYLED_ITEM ( 'NONE', ( #3461 ), #8998 ) ;
#5096 = EDGE_CURVE ( 'NONE', #10122, #7472, #8913, .T. ) ;
#5097 = CARTESIAN_POINT ( 'NONE',  ( 45.00000000000000000, -6.980134752671422582, -29.07000003054213622 ) ) ;
#5098 = DIRECTION ( 'NONE',  ( 0.000000000000000000, -0.9999999999996230793, -8.681839261284317247E-07 ) ) ;
#5099 = PRESENTATION_STYLE_ASSIGNMENT (( #4414 ) ) ;
#5100 = STYLED_ITEM ( 'NONE', ( #5616 ), #1610 ) ;
#5101 = LINE ( 'NONE', #4310, #9640 ) ;
#5102 = CARTESIAN_POINT ( 'NONE',  ( 45.00000000000000000, 2.675626613826413980, -32.44053776549218071 ) ) ;
#5103 =( GEOMETRIC_REPRESENTATION_CONTEXT ( 3 ) GLOBAL_UNCERTAINTY_ASSIGNED_CONTEXT ( ( #7768 ) ) GLOBAL_UNIT_ASSIGNED_CONTEXT ( ( #1951, #9103, #7412 ) ) REPRESENTATION_CONTEXT ( 'NONE', 'WORKASPACE' ) );
#5104 = ORIENTED_EDGE ( 'NONE', *, *, #3959, .T. ) ;
#5105 = STYLED_ITEM ( 'NONE', ( #7207 ), #1669 ) ;
#5106 = SURFACE_STYLE_USAGE ( .BOTH. , #8909 ) ;
#5107 = ORIENTED_EDGE ( 'NONE', *, *, #1283, .F. ) ;
#5108 = LINE ( 'NONE', #2837, #8843 ) ;
#5109 = COLOUR_RGB ( '',0.8980392156862745390, 0.9176470588235293713, 0.9294117647058823817 ) ;
#5110 = SURFACE_SIDE_STYLE ('',( #1961 ) ) ;
#5111 = CARTESIAN_POINT ( 'NONE',  ( 45.00000000000000000, 7.523180373798187048, 32.44053797435041275 ) ) ;
#5112 = MECHANICAL_DESIGN_GEOMETRIC_PRESENTATION_REPRESENTATION (  '', ( #2478 ), #6434 ) ;
#5113 = ORIENTED_EDGE ( 'NONE', *, *, #502, .T. ) ;
#5114 = COLOUR_RGB ( '',0.8980392156862745390, 0.9176470588235293713, 0.9294117647058823817 ) ;
#5116 = AXIS2_PLACEMENT_3D ( 'NONE', #7896, #9555, #6361 ) ;
#5115 = PRESENTATION_LAYER_ASSIGNMENT (  '', '', ( #5276 ) ) ;
#5117 = CARTESIAN_POINT ( 'NONE',  ( -45.00000000000000000, -14.00000166658919021, 33.00999744295940985 ) ) ;
#5118 = SURFACE_STYLE_USAGE ( .BOTH. , #1199 ) ;
#5119 = DIRECTION ( 'NONE',  ( -1.000000000000000000, -0.000000000000000000, -0.000000000000000000 ) ) ;
#5120 =( NAMED_UNIT ( * ) PLANE_ANGLE_UNIT ( ) SI_UNIT ( $, .RADIAN. ) );
#5121 = ADVANCED_FACE ( 'NONE', ( #4956 ), #869, .F. ) ;
#5122 = DIRECTION ( 'NONE',  ( 0.000000000000000000, 1.000000000000000000, 0.000000000000000000 ) ) ;
#5123 = MECHANICAL_DESIGN_GEOMETRIC_PRESENTATION_REPRESENTATION (  '', ( #3790 ), #2815 ) ;
#5124 = ORIENTED_EDGE ( 'NONE', *, *, #7754, .F. ) ;
#5126 = AXIS2_PLACEMENT_3D ( 'NONE', #7163, #7935, #4743 ) ;
#5125 = STYLED_ITEM ( 'NONE', ( #2435 ), #9678 ) ;
#5127 = COLOUR_RGB ( '',0.8980392156862745390, 0.9176470588235293713, 0.9294117647058823817 ) ;
#5128 = DIRECTION ( 'NONE',  ( 0.000000000000000000, 0.000000000000000000, -1.000000000000000000 ) ) ;
#5129 =( NAMED_UNIT ( * ) SI_UNIT ( $, .STERADIAN. ) SOLID_ANGLE_UNIT ( ) );
#5130 =( NAMED_UNIT ( * ) PLANE_ANGLE_UNIT ( ) SI_UNIT ( $, .RADIAN. ) );
#5131 = SURFACE_STYLE_FILL_AREA ( #8324 ) ;
#5132 = UNCERTAINTY_MEASURE_WITH_UNIT (LENGTH_MEASURE( 1.000000000000000082E-05 ), #4217, 'distance_accuracy_value', 'NONE');
#5133 = ORIENTED_EDGE ( 'NONE', *, *, #1619, .F. ) ;
#5134 = DIRECTION ( 'NONE',  ( 0.000000000000000000, 0.000000000000000000, -1.000000000000000000 ) ) ;
#5135 = CARTESIAN_POINT ( 'NONE',  ( 45.00000000000000000, 9.575083527593475807, -33.00999827003276010 ) ) ;
#5136 = EDGE_CURVE ( 'NONE', #3724, #1360, #7166, .T. ) ;
#5137 = EDGE_CURVE ( 'NONE', #9185, #5171, #5928, .T. ) ;
#5138 =( LENGTH_UNIT ( ) NAMED_UNIT ( * ) SI_UNIT ( .MILLI., .METRE. ) );
#5139 = DIRECTION ( 'NONE',  ( 0.000000000000000000, 0.000000000000000000, 1.000000000000000000 ) ) ;
#5140 = EDGE_LOOP ( 'NONE', ( #6951, #8373, #1887, #9778 ) ) ;
#5141 = LINE ( 'NONE', #1118, #5434 ) ;
#5142 = CARTESIAN_POINT ( 'NONE',  ( 45.00000000000000000, -7.480134752671422582, -29.07000003054213622 ) ) ;
#5143 = EDGE_CURVE ( 'NONE', #7829, #6219, #1343, .T. ) ;
#5144 = ORIENTED_EDGE ( 'NONE', *, *, #3445, .T. ) ;
#5145 = ORIENTED_EDGE ( 'NONE', *, *, #3434, .T. ) ;
#5146 = SURFACE_SIDE_STYLE ('',( #5969 ) ) ;
#5147 = MECHANICAL_DESIGN_GEOMETRIC_PRESENTATION_REPRESENTATION (  '', ( #5644 ), #8293 ) ;
#5148 = CARTESIAN_POINT ( 'NONE',  ( 45.00000000000000000, -8.635333892083657759, -32.44053818320858085 ) ) ;
#5149 = CARTESIAN_POINT ( 'NONE',  ( -45.00000000000000000, -14.25000017881387571, 28.28824047302991218 ) ) ;
#5150 = DIRECTION ( 'NONE',  ( 0.000000000000000000, 0.000000000000000000, -1.000000000000000000 ) ) ;
#5151 = DIRECTION ( 'NONE',  ( 0.000000000000000000, 0.000000000000000000, -1.000000000000000000 ) ) ;
#5152 = EDGE_CURVE ( 'NONE', #409, #641, #8395, .T. ) ;
#5153 = ORIENTED_EDGE ( 'NONE', *, *, #5361, .T. ) ;
#5154 = ORIENTED_EDGE ( 'NONE', *, *, #3968, .F. ) ;
#5155 = CARTESIAN_POINT ( 'NONE',  ( -45.00000000000000000, 11.43098701022217334, -33.00999837445934304 ) ) ;
#5156 = CARTESIAN_POINT ( 'NONE',  ( -45.00000000000000000, -9.300134418011168691, -31.02000028892890171 ) ) ;
#5157 = DIRECTION ( 'NONE',  ( -0.000000000000000000, 1.000000000000000000, -0.000000000000000000 ) ) ;
#5158 = LINE ( 'NONE', #9071, #5033 ) ;
#5159 = AXIS2_PLACEMENT_3D ( 'NONE', #6606, #3323, #8815 ) ;
#5160 = DIRECTION ( 'NONE',  ( -1.000000000000000000, -0.000000000000000000, -0.000000000000000000 ) ) ;
#5161 =( NAMED_UNIT ( * ) SI_UNIT ( $, .STERADIAN. ) SOLID_ANGLE_UNIT ( ) );
#5162 = ORIENTED_EDGE ( 'NONE', *, *, #8576, .F. ) ;
#5163 = ORIENTED_EDGE ( 'NONE', *, *, #6970, .T. ) ;
#5164 = EDGE_CURVE ( 'NONE', #5515, #3726, #9932, .T. ) ;
#5165 = SURFACE_SIDE_STYLE ('',( #412 ) ) ;
#5166 =( GEOMETRIC_REPRESENTATION_CONTEXT ( 3 ) GLOBAL_UNCERTAINTY_ASSIGNED_CONTEXT ( ( #6123 ) ) GLOBAL_UNIT_ASSIGNED_CONTEXT ( ( #4556, #5326, #6147 ) ) REPRESENTATION_CONTEXT ( 'NONE', 'WORKASPACE' ) );
#5167 = PRESENTATION_STYLE_ASSIGNMENT (( #5118 ) ) ;
#5168 = DIRECTION ( 'NONE',  ( -1.000000000000000000, -0.000000000000000000, -0.000000000000000000 ) ) ;
#5169 = DIRECTION ( 'NONE',  ( 0.000000000000000000, 0.000000000000000000, -1.000000000000000000 ) ) ;
#5170 = VECTOR ( 'NONE', #4059, 1000.000000000000000 ) ;
#5171 = VERTEX_POINT ( 'NONE', #6814 ) ;
#5172 = PLANE ( 'NONE',  #5605 ) ;
#5173 =( LENGTH_UNIT ( ) NAMED_UNIT ( * ) SI_UNIT ( .MILLI., .METRE. ) );
#5174 = EDGE_CURVE ( 'NONE', #3498, #1625, #5108, .T. ) ;
#5175 = COLOUR_RGB ( '',0.8980392156862745390, 0.9176470588235293713, 0.9294117647058823817 ) ;
#5176 = COLOUR_RGB ( '',0.8980392156862745390, 0.9176470588235293713, 0.9294117647058823817 ) ;
#5177 = DIRECTION ( 'NONE',  ( -1.000000000000000000, -0.000000000000000000, -0.000000000000000000 ) ) ;
#5178 = VECTOR ( 'NONE', #8626, 1000.000000000000000 ) ;
#5179 = EDGE_LOOP ( 'NONE', ( #5525, #8780, #2917, #8545 ) ) ;
#5180 = CIRCLE ( 'NONE', #724, 0.5000000000000004441 ) ;
#5181 =( LENGTH_UNIT ( ) NAMED_UNIT ( * ) SI_UNIT ( .MILLI., .METRE. ) );
#5182 = PRESENTATION_LAYER_ASSIGNMENT (  '', '', ( #2389 ) ) ;
#5183 = AXIS2_PLACEMENT_3D ( 'NONE', #5409, #817, #8543 ) ;
#5184 = ORIENTED_EDGE ( 'NONE', *, *, #1756, .T. ) ;
#5185 = VECTOR ( 'NONE', #8054, 1000.000000000000000 ) ;
#5186 = CARTESIAN_POINT ( 'NONE',  ( -45.00000000000000000, 16.00000071886211117, 31.00999837446186191 ) ) ;
#5187 = CARTESIAN_POINT ( 'NONE',  ( 45.00000000000000000, 4.333606067801323292, -32.67945731160656919 ) ) ;
#5188 = VERTEX_POINT ( 'NONE', #2679 ) ;
#5189 = EDGE_CURVE ( 'NONE', #5646, #3465, #8251, .T. ) ;
#5190 = ORIENTED_EDGE ( 'NONE', *, *, #3111, .T. ) ;
#5191 = VECTOR ( 'NONE', #5371, 1000.000000000000000 ) ;
#5192 = UNCERTAINTY_MEASURE_WITH_UNIT (LENGTH_MEASURE( 1.000000000000000082E-05 ), #9765, 'distance_accuracy_value', 'NONE');
#5193 = CARTESIAN_POINT ( 'NONE',  ( -45.00000000000000000, 7.523180373798187048, 32.44053797435041275 ) ) ;
#5194 = CARTESIAN_POINT ( 'NONE',  ( 45.00000000000000000, -14.25000017881387571, 28.28824047302991218 ) ) ;
#5195 = STYLED_ITEM ( 'NONE', ( #4474 ), #8117 ) ;
#5196 = PRESENTATION_LAYER_ASSIGNMENT (  '', '', ( #7985 ) ) ;
#5197 = VERTEX_POINT ( 'NONE', #3617 ) ;
#5198 = DIRECTION ( 'NONE',  ( 0.000000000000000000, 0.000000000000000000, 1.000000000000000000 ) ) ;
#5199 = DIRECTION ( 'NONE',  ( -1.000000000000000000, -0.000000000000000000, -0.000000000000000000 ) ) ;
#5200 = LINE ( 'NONE', #9826, #82 ) ;
#5201 = SURFACE_SIDE_STYLE ('',( #7465 ) ) ;
#5202 = VECTOR ( 'NONE', #7966, 1000.000000000000000 ) ;
#5203 = ORIENTED_EDGE ( 'NONE', *, *, #7725, .F. ) ;
#5204 = EDGE_CURVE ( 'NONE', #9154, #9468, #5981, .T. ) ;
#5205 = SURFACE_SIDE_STYLE ('',( #603 ) ) ;
#5206 = CARTESIAN_POINT ( 'NONE',  ( -45.00000000000000000, 7.959232069805978860, -32.60999816560366327 ) ) ;
#5207 = VERTEX_POINT ( 'NONE', #9016 ) ;
#5208 = CARTESIAN_POINT ( 'NONE',  ( -45.00000000000000000, 6.583432023468880345, 32.60999804572391270 ) ) ;
#5209 = CARTESIAN_POINT ( 'NONE',  ( -45.00000000000000000, 3.787780920752721325, -32.44053786992127897 ) ) ;
#5210 = EDGE_CURVE ( 'NONE', #9369, #9867, #9173, .T. ) ;
#5211 = SURFACE_STYLE_USAGE ( .BOTH. , #5110 ) ;
#5212 = LINE ( 'NONE', #2947, #573 ) ;
#5213 = CARTESIAN_POINT ( 'NONE',  ( -45.00000000000000000, -7.565307581344556276, 32.67945752046475860 ) ) ;
#5214 =( GEOMETRIC_REPRESENTATION_CONTEXT ( 3 ) GLOBAL_UNCERTAINTY_ASSIGNED_CONTEXT ( ( #3648 ) ) GLOBAL_UNIT_ASSIGNED_CONTEXT ( ( #3742, #3789, #9263 ) ) REPRESENTATION_CONTEXT ( 'NONE', 'WORKASPACE' ) );
#5215 = ORIENTED_EDGE ( 'NONE', *, *, #8335, .T. ) ;
#5216 = VERTEX_POINT ( 'NONE', #7421 ) ;
#5217 = CIRCLE ( 'NONE', #2577, 0.4000000000000253353 ) ;
#5218 = PRESENTATION_STYLE_ASSIGNMENT (( #3105 ) ) ;
#5219 = SURFACE_SIDE_STYLE ('',( #2077 ) ) ;
#5220 = CARTESIAN_POINT ( 'NONE',  ( 45.00000000000000000, -9.139031042944855798, -32.44053818320858085 ) ) ;
#5221 = DIRECTION ( 'NONE',  ( 0.000000000000000000, 0.000000000000000000, 1.000000000000000000 ) ) ;
#5222 = DIRECTION ( 'NONE',  ( 0.000000000000000000, -0.1736483871527098322, -0.9848077160741900427 ) ) ;
#5223 = AXIS2_PLACEMENT_3D ( 'NONE', #7375, #2686, #9658 ) ;
#5224 = EDGE_LOOP ( 'NONE', ( #9392, #8447, #3983, #2966 ) ) ;
#5225 = DIRECTION ( 'NONE',  ( -0.000000000000000000, -0.000000000000000000, 1.000000000000000000 ) ) ;
#5226 = EDGE_CURVE ( 'NONE', #4924, #3053, #242, .T. ) ;
#5227 = CARTESIAN_POINT ( 'NONE',  ( 45.00000000000000000, 9.181160441163818575, -32.67945762489385686 ) ) ;
#5228 = SURFACE_SIDE_STYLE ('',( #4395 ) ) ;
#5229 = UNCERTAINTY_MEASURE_WITH_UNIT (LENGTH_MEASURE( 1.000000000000000082E-05 ), #3785, 'distance_accuracy_value', 'NONE');
#5230 = COLOUR_RGB ( '',0.8980392156862745390, 0.9176470588235293713, 0.9294117647058823817 ) ;
#5231 = LINE ( 'NONE', #1933, #4919 ) ;
#5232 = ORIENTED_EDGE ( 'NONE', *, *, #4498, .F. ) ;
#5233 = DIRECTION ( 'NONE',  ( 0.000000000000000000, 0.000000000000000000, -1.000000000000000000 ) ) ;
#5234 = LINE ( 'NONE', #1162, #3388 ) ;
#5235 = SURFACE_STYLE_USAGE ( .BOTH. , #6105 ) ;
#5236 = EDGE_CURVE ( 'NONE', #7914, #2341, #6761, .T. ) ;
#5237 = ORIENTED_EDGE ( 'NONE', *, *, #4730, .F. ) ;
#5238 = LINE ( 'NONE', #2144, #5660 ) ;
#5239 = ORIENTED_EDGE ( 'NONE', *, *, #1756, .F. ) ;
#5240 = ORIENTED_EDGE ( 'NONE', *, *, #4503, .T. ) ;
#5241 = SURFACE_SIDE_STYLE ('',( #2098 ) ) ;
#5242 = LINE ( 'NONE', #5861, #9865 ) ;
#5243 = ORIENTED_EDGE ( 'NONE', *, *, #21, .F. ) ;
#5244 = VECTOR ( 'NONE', #8752, 1000.000000000000227 ) ;
#5245 = MECHANICAL_DESIGN_GEOMETRIC_PRESENTATION_REPRESENTATION (  '', ( #2609 ), #2442 ) ;
#5246 = DIRECTION ( 'NONE',  ( -1.000000000000000000, -0.000000000000000000, -0.000000000000000000 ) ) ;
#5247 = PRESENTATION_STYLE_ASSIGNMENT (( #2770 ) ) ;
#5248 = EDGE_CURVE ( 'NONE', #5197, #6839, #9070, .T. ) ;
#5249 = CARTESIAN_POINT ( 'NONE',  ( 45.00000000000000000, 11.80013504562275095, 31.08641782480465210 ) ) ;
#5250 = CARTESIAN_POINT ( 'NONE',  ( -45.00000000000000000, 12.80678596388344559, -32.60999858332056078 ) ) ;
#5251 = ORIENTED_EDGE ( 'NONE', *, *, #816, .T. ) ;
#5252 =( NAMED_UNIT ( * ) SI_UNIT ( $, .STERADIAN. ) SOLID_ANGLE_UNIT ( ) );
#5253 = AXIS2_PLACEMENT_3D ( 'NONE', #3186, #8584, #1485 ) ;
#5254 = PRESENTATION_STYLE_ASSIGNMENT (( #10079 ) ) ;
#5255 = EDGE_LOOP ( 'NONE', ( #607, #437, #2689, #10153 ) ) ;
#5256 = LINE ( 'NONE', #1342, #6334 ) ;
#5257 = STYLED_ITEM ( 'NONE', ( #5254 ), #1457 ) ;
#5258 = DIRECTION ( 'NONE',  ( -0.000000000000000000, -0.1736492263816584725, -0.9848075680949306410 ) ) ;
#5259 = CARTESIAN_POINT ( 'NONE',  ( 45.00000000000000000, 8.593207034253463661, -32.67945792968287577 ) ) ;
#5260 = CARTESIAN_POINT ( 'NONE',  ( -45.00000000000000000, -5.361502716649362732, -32.67945772082509848 ) ) ;
#5261 = EDGE_CURVE ( 'NONE', #2674, #3643, #1241, .T. ) ;
#5262 = CARTESIAN_POINT ( 'NONE',  ( -45.00000000000000000, 5.403632378540224934, -32.44053797435039144 ) ) ;
#5263 = PRESENTATION_STYLE_ASSIGNMENT (( #8445 ) ) ;
#5264 = SURFACE_STYLE_USAGE ( .BOTH. , #2071 ) ;
#5265 = ORIENTED_EDGE ( 'NONE', *, *, #2851, .T. ) ;
#5266 = EDGE_LOOP ( 'NONE', ( #385, #6563, #9467, #5404 ) ) ;
#5267 = STYLED_ITEM ( 'NONE', ( #7975 ), #1541 ) ;
#5268 = EDGE_CURVE ( 'NONE', #1254, #400, #2062, .T. ) ;
#5269 = ORIENTED_EDGE ( 'NONE', *, *, #2915, .T. ) ;
#5270 = DIRECTION ( 'NONE',  ( 1.000000000000000000, 0.000000000000000000, 0.000000000000000000 ) ) ;
#5271 = PLANE ( 'NONE',  #6893 ) ;
#5272 = CARTESIAN_POINT ( 'NONE',  ( -45.00000000000000000, -7.480134752671422582, -29.07000003054213622 ) ) ;
#5273 = VERTEX_POINT ( 'NONE', #4317 ) ;
#5274 = FACE_OUTER_BOUND ( 'NONE', #62, .T. ) ;
#5275 = PRESENTATION_LAYER_ASSIGNMENT (  '', '', ( #9562 ) ) ;
#5276 = STYLED_ITEM ( 'NONE', ( #6942 ), #9324 ) ;
#5277 = FACE_OUTER_BOUND ( 'NONE', #3179, .T. ) ;
#5278 = CARTESIAN_POINT ( 'NONE',  ( -45.00000000000000000, 10.80018194386384423, -30.07663373129822304 ) ) ;
#5279 = EDGE_CURVE ( 'NONE', #1365, #6424, #1291, .T. ) ;
#5280 = DIRECTION ( 'NONE',  ( 0.000000000000000000, 0.000000000000000000, 1.000000000000000000 ) ) ;
#5281 = EDGE_LOOP ( 'NONE', ( #4301, #1823, #6890, #2708 ) ) ;
#5282 = FILL_AREA_STYLE_COLOUR ( '', #8181 ) ;
#5284 = COLOUR_RGB ( '',0.8980392156862745390, 0.9176470588235293713, 0.9294117647058823817 ) ;
#5283 = AXIS2_PLACEMENT_3D ( 'NONE', #4447, #2024, #1414 ) ;
#5285 = SURFACE_STYLE_FILL_AREA ( #9962 ) ;
#5286 = EDGE_LOOP ( 'NONE', ( #1514, #6194, #6305, #7759 ) ) ;
#5287 = CARTESIAN_POINT ( 'NONE',  ( 45.00000000000000000, -3.745651258861856014, -32.67945761639600022 ) ) ;
#5288 = PLANE ( 'NONE',  #9298 ) ;
#5289 = CARTESIAN_POINT ( 'NONE',  ( -45.00000000000000000, -8.635333892083536966, 32.44053818320865190 ) ) ;
#5290 = COLOUR_RGB ( '',0.8980392156862745390, 0.9176470588235293713, 0.9294117647058823817 ) ;
#5291 = VERTEX_POINT ( 'NONE', #4380 ) ;
#5292 = ORIENTED_EDGE ( 'NONE', *, *, #5507, .T. ) ;
#5293 = UNCERTAINTY_MEASURE_WITH_UNIT (LENGTH_MEASURE( 1.000000000000000082E-05 ), #1570, 'distance_accuracy_value', 'NONE');
#5294 = CARTESIAN_POINT ( 'NONE',  ( -45.00000000000000000, -8.635333892083657759, -32.44053818320858085 ) ) ;
#5295 = DIRECTION ( 'NONE',  ( 1.000000000000000000, 0.000000000000000000, -0.000000000000000000 ) ) ;
#5296 = EDGE_CURVE ( 'NONE', #2111, #4875, #9740, .T. ) ;
#5297 = LINE ( 'NONE', #7, #9626 ) ;
#5298 =( GEOMETRIC_REPRESENTATION_CONTEXT ( 3 ) GLOBAL_UNCERTAINTY_ASSIGNED_CONTEXT ( ( #8505 ) ) GLOBAL_UNIT_ASSIGNED_CONTEXT ( ( #7973, #8788, #3456 ) ) REPRESENTATION_CONTEXT ( 'NONE', 'WORKASPACE' ) );
#5299 = CARTESIAN_POINT ( 'NONE',  ( 45.00000000000000000, -7.959230667774255252, 32.60999816560364195 ) ) ;
#5300 = SURFACE_SIDE_STYLE ('',( #2151 ) ) ;
#5301 = CARTESIAN_POINT ( 'NONE',  ( -45.00000000000000000, 12.80678533207917447, 33.00999837446191520 ) ) ;
#5302 =( LENGTH_UNIT ( ) NAMED_UNIT ( * ) SI_UNIT ( .MILLI., .METRE. ) );
#5303 = LINE ( 'NONE', #110, #2361 ) ;
#5304 = DIRECTION ( 'NONE',  ( -1.000000000000000000, -0.000000000000000000, -0.000000000000000000 ) ) ;
#5305 = VERTEX_POINT ( 'NONE', #7565 ) ;
#5306 = PRESENTATION_STYLE_ASSIGNMENT (( #2107 ) ) ;
#5307 = SURFACE_STYLE_USAGE ( .BOTH. , #3040 ) ;
#5308 = EDGE_CURVE ( 'NONE', #27, #9369, #9961, .T. ) ;
#5309 = ORIENTED_EDGE ( 'NONE', *, *, #1484, .T. ) ;
#5310 = FILL_AREA_STYLE ('',( #2270 ) ) ;
#5311 = DIRECTION ( 'NONE',  ( -0.000000000000000000, 0.1736492263815903325, 0.9848075680949426314 ) ) ;
#5312 = PRESENTATION_STYLE_ASSIGNMENT (( #1389 ) ) ;
#5313 = DIRECTION ( 'NONE',  ( -1.000000000000000000, -0.000000000000000000, -0.000000000000000000 ) ) ;
#5314 = FACE_BOUND ( 'NONE', #5007, .T. ) ;
#5315 = VERTEX_POINT ( 'NONE', #5156 ) ;
#5316 = ORIENTED_EDGE ( 'NONE', *, *, #7414, .T. ) ;
#5317 = EDGE_CURVE ( 'NONE', #9374, #400, #509, .T. ) ;
#5318 = CARTESIAN_POINT ( 'NONE',  ( 45.00000000000000000, -11.30013452603984092, 30.08641800985717296 ) ) ;
#5319 =( NAMED_UNIT ( * ) PLANE_ANGLE_UNIT ( ) SI_UNIT ( $, .RADIAN. ) );
#5320 = MECHANICAL_DESIGN_GEOMETRIC_PRESENTATION_REPRESENTATION (  '', ( #9758 ), #3357 ) ;
#5321 = DIRECTION ( 'NONE',  ( 0.000000000000000000, 0.000000000000000000, 1.000000000000000000 ) ) ;
#5322 = UNCERTAINTY_MEASURE_WITH_UNIT (LENGTH_MEASURE( 1.000000000000000082E-05 ), #6647, 'distance_accuracy_value', 'NONE');
#5323 = DIRECTION ( 'NONE',  ( -0.000000000000000000, -0.1736492263816584725, -0.9848075680949306410 ) ) ;
#5324 = EDGE_LOOP ( 'NONE', ( #9557, #943, #9993, #9603 ) ) ;
#5325 = CARTESIAN_POINT ( 'NONE',  ( -45.00000000000000000, 4.291478071613920697, -32.44053786992127897 ) ) ;
#5326 =( NAMED_UNIT ( * ) PLANE_ANGLE_UNIT ( ) SI_UNIT ( $, .RADIAN. ) );
#5327 = PRESENTATION_LAYER_ASSIGNMENT (  '', '', ( #9105 ) ) ;
#5328 = ORIENTED_EDGE ( 'NONE', *, *, #9212, .F. ) ;
#5329 = DIRECTION ( 'NONE',  ( 1.000000000000000000, 0.000000000000000000, 0.000000000000000000 ) ) ;
#5330 = CARTESIAN_POINT ( 'NONE',  ( 45.00000000000000000, -11.42162772236781620, 28.89258410045184178 ) ) ;
#5331 = EDGE_CURVE ( 'NONE', #4989, #6941, #9786, .T. ) ;
#5332 = DIRECTION ( 'NONE',  ( 0.000000000000000000, 0.000000000000000000, 1.000000000000000000 ) ) ;
#5333 = SURFACE_STYLE_USAGE ( .BOTH. , #1320 ) ;
#5334 = DIRECTION ( 'NONE',  ( -1.000000000000000000, -0.000000000000000000, -0.000000000000000000 ) ) ;
#5335 = FILL_AREA_STYLE ('',( #11 ) ) ;
#5336 =( NAMED_UNIT ( * ) SI_UNIT ( $, .STERADIAN. ) SOLID_ANGLE_UNIT ( ) );
#5337 = MECHANICAL_DESIGN_GEOMETRIC_PRESENTATION_REPRESENTATION (  '', ( #3201 ), #1720 ) ;
#5338 =( NAMED_UNIT ( * ) PLANE_ANGLE_UNIT ( ) SI_UNIT ( $, .RADIAN. ) );
#5339 =( GEOMETRIC_REPRESENTATION_CONTEXT ( 3 ) GLOBAL_UNCERTAINTY_ASSIGNED_CONTEXT ( ( #8178 ) ) GLOBAL_UNIT_ASSIGNED_CONTEXT ( ( #9158, #8381, #3119 ) ) REPRESENTATION_CONTEXT ( 'NONE', 'WORKASPACE' ) );
#5340 = AXIS2_PLACEMENT_3D ( 'NONE', #8014, #7953, #6369 ) ;
#5341 = CARTESIAN_POINT ( 'NONE',  ( 45.00000000000000000, 2.171929462965214608, -32.44053776549218071 ) ) ;
#5342 = DIRECTION ( 'NONE',  ( 0.000000000000000000, 0.000000000000000000, -1.000000000000000000 ) ) ;
#5343 = MECHANICAL_DESIGN_GEOMETRIC_PRESENTATION_REPRESENTATION (  '', ( #1065 ), #7313 ) ;
#5344 = SURFACE_STYLE_USAGE ( .BOTH. , #3137 ) ;
#5345 = FILL_AREA_STYLE ('',( #6899 ) ) ;
#5346 = EDGE_CURVE ( 'NONE', #1274, #5502, #4262, .T. ) ;
#5347 =( NAMED_UNIT ( * ) SI_UNIT ( $, .STERADIAN. ) SOLID_ANGLE_UNIT ( ) );
#5348 = ORIENTED_EDGE ( 'NONE', *, *, #3503, .F. ) ;
#5349 = STYLED_ITEM ( 'NONE', ( #1542 ), #7938 ) ;
#5350 = CARTESIAN_POINT ( 'NONE',  ( 45.00000000000000000, -10.30018239783462342, 30.07663326162924378 ) ) ;
#5351 =( GEOMETRIC_REPRESENTATION_CONTEXT ( 3 ) GLOBAL_UNCERTAINTY_ASSIGNED_CONTEXT ( ( #4464 ) ) GLOBAL_UNIT_ASSIGNED_CONTEXT ( ( #4415, #7517, #544 ) ) REPRESENTATION_CONTEXT ( 'NONE', 'WORKASPACE' ) );
#5352 = CARTESIAN_POINT ( 'NONE',  ( -45.00000000000000000, 4.727529154230967201, -33.00999795674543691 ) ) ;
#5353 = AXIS2_PLACEMENT_3D ( 'NONE', #8084, #3559, #4993 ) ;
#5354 = DIRECTION ( 'NONE',  ( 0.000000000000000000, -0.9848080668959523498, 0.1736463975343501831 ) ) ;
#5355 = VERTEX_POINT ( 'NONE', #9985 ) ;
#5356 = DIRECTION ( 'NONE',  ( 0.000000000000000000, 0.1736483871527665090, -0.9848077160741800506 ) ) ;
#5357 = CARTESIAN_POINT ( 'NONE',  ( 45.00000000000000000, 7.565308983376326069, -32.67945752046476571 ) ) ;
#5358 = VECTOR ( 'NONE', #6909, 1000.000000000000000 ) ;
#5359 = DIRECTION ( 'NONE',  ( 0.000000000000000000, 0.9848077160741798286, -0.1736483871527679246 ) ) ;
#5360 = DIRECTION ( 'NONE',  ( 0.000000000000000000, 0.000000000000000000, 1.000000000000000000 ) ) ;
#5361 = EDGE_CURVE ( 'NONE', #708, #8828, #609, .T. ) ;
#5362 = FILL_AREA_STYLE_COLOUR ( '', #4319 ) ;
#5363 = ORIENTED_EDGE ( 'NONE', *, *, #7591, .F. ) ;
#5364 = ORIENTED_EDGE ( 'NONE', *, *, #8250, .T. ) ;
#5365 = COLOUR_RGB ( '',0.8980392156862745390, 0.9176470588235293713, 0.9294117647058823817 ) ;
#5366 = DIRECTION ( 'NONE',  ( -1.000000000000000000, -0.000000000000000000, -0.000000000000000000 ) ) ;
#5367 = ORIENTED_EDGE ( 'NONE', *, *, #5753, .F. ) ;
#5368 = DIRECTION ( 'NONE',  ( 0.000000000000000000, 0.000000000000000000, -1.000000000000000000 ) ) ;
#5369 = DIRECTION ( 'NONE',  ( -1.000000000000000000, -0.000000000000000000, -0.000000000000000000 ) ) ;
#5370 = FACE_OUTER_BOUND ( 'NONE', #3623, .T. ) ;
#5371 = DIRECTION ( 'NONE',  ( -1.000000000000000000, -0.000000000000000000, -0.000000000000000000 ) ) ;
#5372 = VECTOR ( 'NONE', #7096, 1000.000000000000114 ) ;
#5373 = FILL_AREA_STYLE ('',( #5470 ) ) ;
#5374 = VERTEX_POINT ( 'NONE', #5457 ) ;
#5375 = EDGE_CURVE ( 'NONE', #9274, #4932, #3048, .T. ) ;
#5376 = DIRECTION ( 'NONE',  ( 0.000000000000000000, -0.1736483871527679523, -0.9848077160741798286 ) ) ;
#5377 = CARTESIAN_POINT ( 'NONE',  ( 45.00000000000000000, 11.19093498538098430, -32.60999837446188820 ) ) ;
#5378 = PRESENTATION_STYLE_ASSIGNMENT (( #2964 ) ) ;
#5379 = FILL_AREA_STYLE_COLOUR ( '', #3277 ) ;
#5380 = ORIENTED_EDGE ( 'NONE', *, *, #3005, .F. ) ;
#5381 = CARTESIAN_POINT ( 'NONE',  ( 45.00000000000000000, 10.80018291731193081, 30.07663308736904639 ) ) ;
#5382 = COLOUR_RGB ( '',0.8980392156862745390, 0.9176470588235293713, 0.9294117647058823817 ) ;
#5383 =( NAMED_UNIT ( * ) PLANE_ANGLE_UNIT ( ) SI_UNIT ( $, .RADIAN. ) );
#5384 = PLANE ( 'NONE',  #3547 ) ;
#5385 = EDGE_CURVE ( 'NONE', #3017, #5355, #7611, .T. ) ;
#5386 =( NAMED_UNIT ( * ) SI_UNIT ( $, .STERADIAN. ) SOLID_ANGLE_UNIT ( ) );
#5387 = DIRECTION ( 'NONE',  ( 0.000000000000000000, -5.594078007237044251E-17, 1.000000000000000000 ) ) ;
#5388 = VERTEX_POINT ( 'NONE', #8590 ) ;
#5389 = EDGE_CURVE ( 'NONE', #2341, #7451, #3803, .T. ) ;
#5390 = DIRECTION ( 'NONE',  ( -1.000000000000000000, -0.000000000000000000, -0.000000000000000000 ) ) ;
#5391 = VERTEX_POINT ( 'NONE', #7723 ) ;
#5392 = AXIS2_PLACEMENT_3D ( 'NONE', #2529, #7997, #5663 ) ;
#5393 = DIRECTION ( 'NONE',  ( -1.000000000000000000, -0.000000000000000000, -0.000000000000000000 ) ) ;
#5394 = CARTESIAN_POINT ( 'NONE',  ( 45.00000000000000000, 8.635334680724550793, 32.44053807877953943 ) ) ;
#5395 = DIRECTION ( 'NONE',  ( -1.000000000000000000, -0.000000000000000000, -0.000000000000000000 ) ) ;
#5396 = DIRECTION ( 'NONE',  ( -1.000000000000000000, -0.000000000000000000, -0.000000000000000000 ) ) ;
#5397 = SURFACE_STYLE_FILL_AREA ( #5345 ) ;
#5398 = SURFACE_SIDE_STYLE ('',( #1438 ) ) ;
#5399 = VERTEX_POINT ( 'NONE', #5357 ) ;
#5400 = CARTESIAN_POINT ( 'NONE',  ( -45.00000000000000000, -9.575082125561817037, 32.60999827003276152 ) ) ;
#5401 = UNCERTAINTY_MEASURE_WITH_UNIT (LENGTH_MEASURE( 1.000000000000000082E-05 ), #2050, 'distance_accuracy_value', 'NONE');
#5402 = EDGE_CURVE ( 'NONE', #7829, #1067, #1388, .T. ) ;
#5403 = AXIS2_PLACEMENT_3D ( 'NONE', #1725, #4032, #8826 ) ;
#5404 = ORIENTED_EDGE ( 'NONE', *, *, #1936, .T. ) ;
#5405 = CARTESIAN_POINT ( 'NONE',  ( 45.00000000000000000, -9.139031042944736782, 32.44053818320865190 ) ) ;
#5406 = CARTESIAN_POINT ( 'NONE',  ( -45.00000000000000000, -10.30145160001482019, -29.72866179929873098 ) ) ;
#5407 = PLANE ( 'NONE',  #6511 ) ;
#5408 = CIRCLE ( 'NONE', #2448, 0.3999999110189597640 ) ;
#5409 = CARTESIAN_POINT ( 'NONE',  ( 45.00000000000000000, 12.39937337404180617, 28.68732904992611665 ) ) ;
#5410 = DIRECTION ( 'NONE',  ( 1.000000000000000000, 0.000000000000000000, 0.000000000000000000 ) ) ;
#5411 = ORIENTED_EDGE ( 'NONE', *, *, #2663, .T. ) ;
#5412 = VERTEX_POINT ( 'NONE', #757 ) ;
#5413 = CARTESIAN_POINT ( 'NONE',  ( 45.00000000000000000, 9.575083527593475807, -33.00999827003276010 ) ) ;
#5415 = ORIENTED_EDGE ( 'NONE', *, *, #2945, .T. ) ;
#5414 =( GEOMETRIC_REPRESENTATION_CONTEXT ( 3 ) GLOBAL_UNCERTAINTY_ASSIGNED_CONTEXT ( ( #1208 ) ) GLOBAL_UNIT_ASSIGNED_CONTEXT ( ( #5059, #4375, #348 ) ) REPRESENTATION_CONTEXT ( 'NONE', 'WORKASPACE' ) );
#5416 = DIRECTION ( 'NONE',  ( -1.000000000000000000, -0.000000000000000000, -0.000000000000000000 ) ) ;
#5417 = DIRECTION ( 'NONE',  ( -1.000000000000000000, 0.000000000000000000, -0.000000000000000000 ) ) ;
#5418 = ORIENTED_EDGE ( 'NONE', *, *, #3845, .T. ) ;
#5419 = EDGE_CURVE ( 'NONE', #7621, #6715, #1250, .T. ) ;
#5420 = CARTESIAN_POINT ( 'NONE',  ( 45.00000000000000000, -3.111676294411882981, -32.60999785231635428 ) ) ;
#5421 = LINE ( 'NONE', #6091, #2370 ) ;
#5422 = DIRECTION ( 'NONE',  ( -1.000000000000000000, -0.000000000000000000, -0.000000000000000000 ) ) ;
#5423 = UNCERTAINTY_MEASURE_WITH_UNIT (LENGTH_MEASURE( 1.000000000000000082E-05 ), #5779, 'distance_accuracy_value', 'NONE');
#5424 = CARTESIAN_POINT ( 'NONE',  ( 45.00000000000000000, 16.00000071886211117, 31.00999837446186191 ) ) ;
#5425 = ORIENTED_EDGE ( 'NONE', *, *, #9121, .F. ) ;
#5426 = VECTOR ( 'NONE', #5758, 1000.000000000000000 ) ;
#5427 = CIRCLE ( 'NONE', #7895, 0.3999999110188418028 ) ;
#5428 = UNCERTAINTY_MEASURE_WITH_UNIT (LENGTH_MEASURE( 1.000000000000000082E-05 ), #6136, 'distance_accuracy_value', 'NONE');
#5429 = EDGE_CURVE ( 'NONE', #10184, #3197, #10136, .T. ) ;
#5430 = LINE ( 'NONE', #7692, #6237 ) ;
#5431 = ORIENTED_EDGE ( 'NONE', *, *, #6409, .F. ) ;
#5432 = DIRECTION ( 'NONE',  ( -1.000000000000000000, -0.000000000000000000, -0.000000000000000000 ) ) ;
#5433 =( GEOMETRIC_REPRESENTATION_CONTEXT ( 3 ) GLOBAL_UNCERTAINTY_ASSIGNED_CONTEXT ( ( #10150 ) ) GLOBAL_UNIT_ASSIGNED_CONTEXT ( ( #1369, #10064, #5336 ) ) REPRESENTATION_CONTEXT ( 'NONE', 'WORKASPACE' ) );
#5434 = VECTOR ( 'NONE', #3731, 1000.000000000000000 ) ;
#5435 = SURFACE_STYLE_FILL_AREA ( #10010 ) ;
#5436 = FILL_AREA_STYLE ('',( #7753 ) ) ;
#5437 = CARTESIAN_POINT ( 'NONE',  ( 45.00000000000000000, 7.019483222936990785, 32.44053797435041275 ) ) ;
#5438 = ORIENTED_EDGE ( 'NONE', *, *, #5164, .T. ) ;
#5439 = STYLED_ITEM ( 'NONE', ( #1698 ), #258 ) ;
#5440 = ORIENTED_EDGE ( 'NONE', *, *, #8616, .F. ) ;
#5441 = MECHANICAL_DESIGN_GEOMETRIC_PRESENTATION_REPRESENTATION (  '', ( #4104 ), #4281 ) ;
#5442 = EDGE_CURVE ( 'NONE', #8848, #2764, #10179, .T. ) ;
#5443 = CARTESIAN_POINT ( 'NONE',  ( -45.00000000000000000, 11.92162729394535603, -28.89258459431627912 ) ) ;
#5444 = CARTESIAN_POINT ( 'NONE',  ( 45.00000000000000000, -11.43098560819056786, 33.00999837445939988 ) ) ;
#5445 = VECTOR ( 'NONE', #9882, 1000.000000000000000 ) ;
#5447 = AXIS2_PLACEMENT_3D ( 'NONE', #6972, #5270, #10091 ) ;
#5446 = AXIS2_PLACEMENT_3D ( 'NONE', #9508, #10154, #8561 ) ;
#5448 = FILL_AREA_STYLE_COLOUR ( '', #6921 ) ;
#5449 =( NAMED_UNIT ( * ) SI_UNIT ( $, .STERADIAN. ) SOLID_ANGLE_UNIT ( ) );
#5450 = CARTESIAN_POINT ( 'NONE',  ( 45.00000000000000000, -1.495824836624388920, -32.60999774788725603 ) ) ;
#5451 = ORIENTED_EDGE ( 'NONE', *, *, #2862, .F. ) ;
#5452 = CARTESIAN_POINT ( 'NONE',  ( 45.00000000000000000, -8.199282692615588175, -33.00999816560363342 ) ) ;
#5453 =( LENGTH_UNIT ( ) NAMED_UNIT ( * ) SI_UNIT ( .MILLI., .METRE. ) );
#5454 = LINE ( 'NONE', #1537, #6908 ) ;
#5455 = MECHANICAL_DESIGN_GEOMETRIC_PRESENTATION_REPRESENTATION (  '', ( #2339 ), #1841 ) ;
#5456 = FACE_OUTER_BOUND ( 'NONE', #686, .T. ) ;
#5457 = CARTESIAN_POINT ( 'NONE',  ( -45.00000000000000000, 9.575083527593475807, -33.00999827003276010 ) ) ;
#5458 = SURFACE_STYLE_USAGE ( .BOTH. , #759 ) ;
#5459 = LINE ( 'NONE', #7835, #7647 ) ;
#5460 = ADVANCED_FACE ( 'NONE', ( #2944 ), #3899, .F. ) ;
#5461 = CARTESIAN_POINT ( 'NONE',  ( 45.00000000000000000, -10.25118534987116270, -32.44053828763767910 ) ) ;
#5462 = PLANE ( 'NONE',  #4689 ) ;
#5463 = EDGE_LOOP ( 'NONE', ( #3883, #2017, #4487, #9872 ) ) ;
#5464 = ORIENTED_EDGE ( 'NONE', *, *, #7267, .T. ) ;
#5465 = PRESENTATION_STYLE_ASSIGNMENT (( #2334 ) ) ;
#5466 = ORIENTED_EDGE ( 'NONE', *, *, #1531, .F. ) ;
#5467 = CARTESIAN_POINT ( 'NONE',  ( 45.00000000000000000, -10.25118534987116270, -32.44053828763767910 ) ) ;
#5468 = SURFACE_STYLE_FILL_AREA ( #3814 ) ;
#5469 = FACE_OUTER_BOUND ( 'NONE', #4407, .T. ) ;
#5470 = FILL_AREA_STYLE_COLOUR ( '', #1593 ) ;
#5471 = ORIENTED_EDGE ( 'NONE', *, *, #914, .T. ) ;
#5472 = VERTEX_POINT ( 'NONE', #5504 ) ;
#5473 = LINE ( 'NONE', #8003, #8076 ) ;
#5474 = EDGE_CURVE ( 'NONE', #6528, #4699, #7057, .T. ) ;
#5475 = ORIENTED_EDGE ( 'NONE', *, *, #3625, .F. ) ;
#5476 = DIRECTION ( 'NONE',  ( 0.000000000000000000, 0.9999999999996230793, 8.681838798992458299E-07 ) ) ;
#5477 = CARTESIAN_POINT ( 'NONE',  ( -45.00000000000000000, -9.300134418011170467, -31.02000028892890171 ) ) ;
#5478 = FILL_AREA_STYLE ('',( #6156 ) ) ;
#5479 = EDGE_CURVE ( 'NONE', #6632, #5412, #9382, .T. ) ;
#5480 = LINE ( 'NONE', #6264, #6730 ) ;
#5481 = SURFACE_SIDE_STYLE ('',( #9465 ) ) ;
#5482 = ORIENTED_EDGE ( 'NONE', *, *, #2420, .F. ) ;
#5483 = ORIENTED_EDGE ( 'NONE', *, *, #8087, .F. ) ;
#5484 = DIRECTION ( 'NONE',  ( 0.000000000000000000, 0.1736483871527853273, -0.9848077160741767200 ) ) ;
#5485 = EDGE_LOOP ( 'NONE', ( #8043, #8262, #7136, #2901 ) ) ;
#5486 = LINE ( 'NONE', #2458, #7629 ) ;
#5487 = FILL_AREA_STYLE ('',( #7655 ) ) ;
#5488 = AXIS2_PLACEMENT_3D ( 'NONE', #3481, #8977, #1971 ) ;
#5489 = VECTOR ( 'NONE', #6228, 1000.000000000000000 ) ;
#5490 =( NAMED_UNIT ( * ) SI_UNIT ( $, .STERADIAN. ) SOLID_ANGLE_UNIT ( ) );
#5491 = CARTESIAN_POINT ( 'NONE',  ( -45.00000000000000000, 11.80013504562275095, 30.08641782480464499 ) ) ;
#5492 = CARTESIAN_POINT ( 'NONE',  ( 45.00000000000000000, -10.30145160001482019, -29.72866179929873098 ) ) ;
#5493 = EDGE_CURVE ( 'NONE', #103, #1625, #3225, .T. ) ;
#5494 =( GEOMETRIC_REPRESENTATION_CONTEXT ( 3 ) GLOBAL_UNCERTAINTY_ASSIGNED_CONTEXT ( ( #2800 ) ) GLOBAL_UNIT_ASSIGNED_CONTEXT ( ( #1630, #7867, #7189 ) ) REPRESENTATION_CONTEXT ( 'NONE', 'WORKASPACE' ) );
#5495 = ORIENTED_EDGE ( 'NONE', *, *, #7085, .T. ) ;
#5496 = MECHANICAL_DESIGN_GEOMETRIC_PRESENTATION_REPRESENTATION (  '', ( #8309 ), #5339 ) ;
#5497 = UNCERTAINTY_MEASURE_WITH_UNIT (LENGTH_MEASURE( 1.000000000000000082E-05 ), #9477, 'distance_accuracy_value', 'NONE');
#5498 = DIRECTION ( 'NONE',  ( 1.000000000000000000, 0.000000000000000000, 0.000000000000000000 ) ) ;
#5499 = PLANE ( 'NONE',  #928 ) ;
#5500 = CIRCLE ( 'NONE', #5340, 0.3999999110188418028 ) ;
#5501 =( GEOMETRIC_REPRESENTATION_CONTEXT ( 3 ) GLOBAL_UNCERTAINTY_ASSIGNED_CONTEXT ( ( #1371 ) ) GLOBAL_UNIT_ASSIGNED_CONTEXT ( ( #8869, #1295, #4167 ) ) REPRESENTATION_CONTEXT ( 'NONE', 'WORKASPACE' ) );
#5502 = VERTEX_POINT ( 'NONE', #911 ) ;
#5503 = AXIS2_PLACEMENT_3D ( 'NONE', #5982, #8252, #352 ) ;
#5504 = CARTESIAN_POINT ( 'NONE',  ( -45.00000000000000000, -6.343379209986686362, 33.00999806117455648 ) ) ;
#5505 = COLOUR_RGB ( '',0.8980392156862745390, 0.9176470588235293713, 0.9294117647058823817 ) ;
#5506 = CARTESIAN_POINT ( 'NONE',  ( 45.00000000000000000, -1.495824836624388920, -33.00999774788723329 ) ) ;
#5507 = EDGE_CURVE ( 'NONE', #8356, #9940, #3943, .T. ) ;
#5508 = MECHANICAL_DESIGN_GEOMETRIC_PRESENTATION_REPRESENTATION (  '', ( #3853 ), #9471 ) ;
#5509 = SURFACE_SIDE_STYLE ('',( #2367 ) ) ;
#5510 = ORIENTED_EDGE ( 'NONE', *, *, #6650, .T. ) ;
#5511 = ORIENTED_EDGE ( 'NONE', *, *, #6553, .T. ) ;
#5512 = MECHANICAL_DESIGN_GEOMETRIC_PRESENTATION_REPRESENTATION (  '', ( #6181 ), #4176 ) ;
#5513 = DIRECTION ( 'NONE',  ( 0.000000000000000000, 0.000000000000000000, -1.000000000000000000 ) ) ;
#5514 = CARTESIAN_POINT ( 'NONE',  ( -45.00000000000000000, -8.593205632221760482, 32.67945792968289709 ) ) ;
#5515 = VERTEX_POINT ( 'NONE', #9682 ) ;
#5516 = CARTESIAN_POINT ( 'NONE',  ( 45.00000000000000000, 11.19093437199039975, 33.00999827003280274 ) ) ;
#5517 = PRESENTATION_LAYER_ASSIGNMENT (  '', '', ( #5852 ) ) ;
#5518 = ADVANCED_FACE ( 'NONE', ( #8028 ), #3299, .T. ) ;
#5519 = LINE ( 'NONE', #4900, #9688 ) ;
#5520 = PRESENTATION_LAYER_ASSIGNMENT (  '', '', ( #5195 ) ) ;
#5521 = CARTESIAN_POINT ( 'NONE',  ( 45.00000000000000000, 10.80018194386384423, -30.07663373129822304 ) ) ;
#5522 = DIRECTION ( 'NONE',  ( 0.000000000000000000, -0.1736492263816896697, 0.9848075680949252009 ) ) ;
#5523 = COLOUR_RGB ( '',0.8980392156862745390, 0.9176470588235293713, 0.9294117647058823817 ) ;
#5524 = DIRECTION ( 'NONE',  ( 0.000000000000000000, 0.000000000000000000, -1.000000000000000000 ) ) ;
#5525 = ORIENTED_EDGE ( 'NONE', *, *, #5248, .T. ) ;
#5526 =( GEOMETRIC_REPRESENTATION_CONTEXT ( 3 ) GLOBAL_UNCERTAINTY_ASSIGNED_CONTEXT ( ( #6609 ) ) GLOBAL_UNIT_ASSIGNED_CONTEXT ( ( #1665, #3965, #5674 ) ) REPRESENTATION_CONTEXT ( 'NONE', 'WORKASPACE' ) );
#5527 =( GEOMETRIC_REPRESENTATION_CONTEXT ( 3 ) GLOBAL_UNCERTAINTY_ASSIGNED_CONTEXT ( ( #325 ) ) GLOBAL_UNIT_ASSIGNED_CONTEXT ( ( #4640, #9276, #4682 ) ) REPRESENTATION_CONTEXT ( 'NONE', 'WORKASPACE' ) );
#5528 = ORIENTED_EDGE ( 'NONE', *, *, #4607, .F. ) ;
#5529 = CARTESIAN_POINT ( 'NONE',  ( 45.00000000000000000, 9.139031831585761267, 32.44053807877953943 ) ) ;
#5530 = ADVANCED_FACE ( 'NONE', ( #9488 ), #8081, .T. ) ;
#5531 = ORIENTED_EDGE ( 'NONE', *, *, #8966, .T. ) ;
#5532 = COLOUR_RGB ( '',0.8980392156862745390, 0.9176470588235293713, 0.9294117647058823817 ) ;
#5533 = DIRECTION ( 'NONE',  ( -1.000000000000000000, -0.000000000000000000, -0.000000000000000000 ) ) ;
#5534 = DIRECTION ( 'NONE',  ( -1.000000000000000000, -0.000000000000000000, -0.000000000000000000 ) ) ;
#5535 = CARTESIAN_POINT ( 'NONE',  ( 45.00000000000000000, 11.19093437199039975, 32.60999827003277574 ) ) ;
#5536 = EDGE_CURVE ( 'NONE', #9075, #1635, #10123, .T. ) ;
#5537 = ORIENTED_EDGE ( 'NONE', *, *, #2363, .T. ) ;
#5538 = FILL_AREA_STYLE_COLOUR ( '', #5176 ) ;
#5539 = VECTOR ( 'NONE', #2969, 1000.000000000000114 ) ;
#5540 = CARTESIAN_POINT ( 'NONE',  ( -45.00000000000000000, -13.99999993022105826, -33.00999847889091399 ) ) ;
#5541 = VERTEX_POINT ( 'NONE', #3191 ) ;
#5542 = ORIENTED_EDGE ( 'NONE', *, *, #6603, .T. ) ;
#5543 = VECTOR ( 'NONE', #7826, 1000.000000000000000 ) ;
#5544 = FACE_OUTER_BOUND ( 'NONE', #8366, .T. ) ;
#5545 = EDGE_LOOP ( 'NONE', ( #2220, #8434, #5991, #4022 ) ) ;
#5546 = EDGE_CURVE ( 'NONE', #5859, #5541, #5558, .T. ) ;
#5547 = LINE ( 'NONE', #8679, #886 ) ;
#5548 = CARTESIAN_POINT ( 'NONE',  ( -45.00000000000000000, -7.019482434296157258, -32.44053807877948259 ) ) ;
#5549 = VECTOR ( 'NONE', #1038, 1000.000000000000000 ) ;
#5550 = CARTESIAN_POINT ( 'NONE',  ( -45.00000000000000000, 9.800134291210595094, -31.02000040005234283 ) ) ;
#5551 = SURFACE_SIDE_STYLE ('',( #3036 ) ) ;
#5552 = EDGE_LOOP ( 'NONE', ( #5638, #8116, #5466, #9453 ) ) ;
#5553 = CARTESIAN_POINT ( 'NONE',  ( 45.00000000000000000, 12.80678596388344559, -32.60999858332056078 ) ) ;
#5554 = CARTESIAN_POINT ( 'NONE',  ( 45.00000000000000000, 12.80678631115699773, -33.00999858331919512 ) ) ;
#5555 = FACE_OUTER_BOUND ( 'NONE', #6450, .T. ) ;
#5556 = AXIS2_PLACEMENT_3D ( 'NONE', #9947, #2019, #1970 ) ;
#5557 = ADVANCED_FACE ( 'NONE', ( #4787 ), #7925, .F. ) ;
#5558 = LINE ( 'NONE', #1690, #2561 ) ;
#5559 = SURFACE_STYLE_FILL_AREA ( #4683 ) ;
#5560 = FILL_AREA_STYLE_COLOUR ( '', #2731 ) ;
#5561 = FACE_OUTER_BOUND ( 'NONE', #8741, .T. ) ;
#5562 =( LENGTH_UNIT ( ) NAMED_UNIT ( * ) SI_UNIT ( .MILLI., .METRE. ) );
#5563 = ORIENTED_EDGE ( 'NONE', *, *, #8861, .F. ) ;
#5564 =( NAMED_UNIT ( * ) PLANE_ANGLE_UNIT ( ) SI_UNIT ( $, .RADIAN. ) );
#5565 = ORIENTED_EDGE ( 'NONE', *, *, #3997, .T. ) ;
#5566 =( LENGTH_UNIT ( ) NAMED_UNIT ( * ) SI_UNIT ( .MILLI., .METRE. ) );
#5567 = EDGE_CURVE ( 'NONE', #2120, #3585, #3540, .T. ) ;
#5568 = SURFACE_STYLE_USAGE ( .BOTH. , #94 ) ;
#5569 = FILL_AREA_STYLE ('',( #2429 ) ) ;
#5570 = AXIS2_PLACEMENT_3D ( 'NONE', #6050, #7635, #5280 ) ;
#5571 = AXIS2_PLACEMENT_3D ( 'NONE', #924, #4057, #7210 ) ;
#5572 = ORIENTED_EDGE ( 'NONE', *, *, #9212, .T. ) ;
#5573 = EDGE_CURVE ( 'NONE', #4815, #4136, #9823, .T. ) ;
#5574 = SURFACE_STYLE_FILL_AREA ( #3964 ) ;
#5575 = CARTESIAN_POINT ( 'NONE',  ( 45.00000000000000000, -9.400260250672259232, 29.72752967031593485 ) ) ;
#5576 = CARTESIAN_POINT ( 'NONE',  ( 45.00000000000000000, -4.967579777040584510, -33.00999795674542980 ) ) ;
#5577 = CARTESIAN_POINT ( 'NONE',  ( -45.00000000000000000, -7.523179585157357074, -32.44053807877948259 ) ) ;
#5578 = ORIENTED_EDGE ( 'NONE', *, *, #8933, .F. ) ;
#5579 = CARTESIAN_POINT ( 'NONE',  ( -45.00000000000000000, 9.800134291210595094, -31.02000040005234283 ) ) ;
#5580 = FILL_AREA_STYLE_COLOUR ( '', #1545 ) ;
#5581 = LINE ( 'NONE', #6308, #9115 ) ;
#5582 = PRESENTATION_LAYER_ASSIGNMENT (  '', '', ( #8867 ) ) ;
#5583 = ADVANCED_FACE ( 'NONE', ( #1279 ), #8131, .T. ) ;
#5584 =( NAMED_UNIT ( * ) SI_UNIT ( $, .STERADIAN. ) SOLID_ANGLE_UNIT ( ) );
#5585 = DIRECTION ( 'NONE',  ( 0.000000000000000000, 0.000000000000000000, -1.000000000000000000 ) ) ;
#5586 = LINE ( 'NONE', #9709, #8230 ) ;
#5587 = MECHANICAL_DESIGN_GEOMETRIC_PRESENTATION_REPRESENTATION (  '', ( #10185 ), #8718 ) ;
#5588 = ORIENTED_EDGE ( 'NONE', *, *, #4714, .F. ) ;
#5589 = VERTEX_POINT ( 'NONE', #6803 ) ;
#5590 = ORIENTED_EDGE ( 'NONE', *, *, #2663, .F. ) ;
#5591 = VECTOR ( 'NONE', #8727, 1000.000000000000000 ) ;
#5592 = VECTOR ( 'NONE', #3138, 1000.000000000000000 ) ;
#5593 = CARTESIAN_POINT ( 'NONE',  ( 45.00000000000000000, -9.181159039132124278, 32.67945762489387818 ) ) ;
#5594 = DIRECTION ( 'NONE',  ( -0.000000000000000000, 0.1736483871527826073, -0.9848077160741772751 ) ) ;
#5595 = LINE ( 'NONE', #950, #7836 ) ;
#5596 =( GEOMETRIC_REPRESENTATION_CONTEXT ( 3 ) GLOBAL_UNCERTAINTY_ASSIGNED_CONTEXT ( ( #6735 ) ) GLOBAL_UNIT_ASSIGNED_CONTEXT ( ( #5173, #668, #6788 ) ) REPRESENTATION_CONTEXT ( 'NONE', 'WORKASPACE' ) );
#5597 = FILL_AREA_STYLE ('',( #6478 ) ) ;
#5598 = COLOUR_RGB ( '',0.8980392156862745390, 0.9176470588235293713, 0.9294117647058823817 ) ;
#5599 = EDGE_LOOP ( 'NONE', ( #1479, #3550, #9913, #5475 ) ) ;
#5600 = ADVANCED_FACE ( 'NONE', ( #2668 ), #5916, .F. ) ;
#5601 = SURFACE_SIDE_STYLE ('',( #2466 ) ) ;
#5602 = SURFACE_STYLE_FILL_AREA ( #280 ) ;
#5603 = FILL_AREA_STYLE ('',( #3247 ) ) ;
#5604 = DIRECTION ( 'NONE',  ( 0.000000000000000000, 0.000000000000000000, 1.000000000000000000 ) ) ;
#5606 = VECTOR ( 'NONE', #7371, 1000.000000000000000 ) ;
#5605 = AXIS2_PLACEMENT_3D ( 'NONE', #8710, #2491, #9402 ) ;
#5607 = PRESENTATION_LAYER_ASSIGNMENT (  '', '', ( #10042 ) ) ;
#5608 = CARTESIAN_POINT ( 'NONE',  ( 45.00000000000000000, 9.815135552434679056, -33.00999827003023768 ) ) ;
#5609 =( NAMED_UNIT ( * ) SI_UNIT ( $, .STERADIAN. ) SOLID_ANGLE_UNIT ( ) );
#5610 = CARTESIAN_POINT ( 'NONE',  ( 45.00000000000000000, 8.199283481256454564, 33.00999806117455648 ) ) ;
#5611 = VERTEX_POINT ( 'NONE', #7599 ) ;
#5612 = EDGE_CURVE ( 'NONE', #5315, #3643, #7130, .T. ) ;
#5613 = COLOUR_RGB ( '',0.8980392156862745390, 0.9176470588235293713, 0.9294117647058823817 ) ;
#5614 = MECHANICAL_DESIGN_GEOMETRIC_PRESENTATION_REPRESENTATION (  '', ( #8574 ), #3800 ) ;
#5615 = DIRECTION ( 'NONE',  ( 0.000000000000000000, 0.000000000000000000, -1.000000000000000000 ) ) ;
#5616 = PRESENTATION_STYLE_ASSIGNMENT (( #9540 ) ) ;
#5617 = SURFACE_STYLE_USAGE ( .BOTH. , #3259 ) ;
#5618 = LINE ( 'NONE', #5467, #789 ) ;
#5619 = DIRECTION ( 'NONE',  ( -0.000000000000000000, -1.000000000000000000, -0.000000000000000000 ) ) ;
#5620 = DIRECTION ( 'NONE',  ( -1.000000000000000000, 0.000000000000000000, -0.000000000000000000 ) ) ;
#5621 = STYLED_ITEM ( 'NONE', ( #9375 ), #830 ) ;
#5622 = CARTESIAN_POINT ( 'NONE',  ( 45.00000000000000000, 4.291478071613920697, -32.44053786992127897 ) ) ;
#5623 = ORIENTED_EDGE ( 'NONE', *, *, #2601, .T. ) ;
#5624 = DIRECTION ( 'NONE',  ( 1.000000000000000000, 0.000000000000000000, 0.000000000000000000 ) ) ;
#5625 =( NAMED_UNIT ( * ) SI_UNIT ( $, .STERADIAN. ) SOLID_ANGLE_UNIT ( ) );
#5626 = EDGE_CURVE ( 'NONE', #4850, #8275, #5180, .T. ) ;
#5627 = FILL_AREA_STYLE ('',( #2587 ) ) ;
#5628 = SURFACE_STYLE_FILL_AREA ( #4020 ) ;
#5629 = ORIENTED_EDGE ( 'NONE', *, *, #7012, .F. ) ;
#5630 = FILL_AREA_STYLE ('',( #5580 ) ) ;
#5631 = DIRECTION ( 'NONE',  ( -0.000000000000000000, -0.1736483871527665368, 0.9848077160741801617 ) ) ;
#5632 = CARTESIAN_POINT ( 'NONE',  ( -45.00000000000000000, -11.19093358334940547, -33.00999837446184415 ) ) ;
#5633 = DIRECTION ( 'NONE',  ( 0.000000000000000000, 0.000000000000000000, -1.000000000000000000 ) ) ;
#5634 = DIRECTION ( 'NONE',  ( 1.000000000000000000, 0.000000000000000000, 0.000000000000000000 ) ) ;
#5635 = CYLINDRICAL_SURFACE ( 'NONE', #6491, 0.4000000000000322742 ) ;
#5636 = PRODUCT_DEFINITION_FORMATION_WITH_SPECIFIED_SOURCE ( 'хн', '', #118, .NOT_KNOWN. ) ;
#5637 = DIRECTION ( 'NONE',  ( 1.000000000000000000, 0.000000000000000000, 0.000000000000000000 ) ) ;
#5638 = ORIENTED_EDGE ( 'NONE', *, *, #10045, .T. ) ;
#5639 = ORIENTED_EDGE ( 'NONE', *, *, #2359, .T. ) ;
#5640 = LINE ( 'NONE', #6527, #8900 ) ;
#5641 = VERTEX_POINT ( 'NONE', #3223 ) ;
#5642 = EDGE_CURVE ( 'NONE', #3369, #8581, #841, .T. ) ;
#5643 = CYLINDRICAL_SURFACE ( 'NONE', #8468, 0.3999999110189667029 ) ;
#5644 = STYLED_ITEM ( 'NONE', ( #1152 ), #10001 ) ;
#5645 = PRESENTATION_STYLE_ASSIGNMENT (( #2304 ) ) ;
#5646 = VERTEX_POINT ( 'NONE', #3969 ) ;
#5647 = PRESENTATION_STYLE_ASSIGNMENT (( #6324 ) ) ;
#5648 = SURFACE_SIDE_STYLE ('',( #9623 ) ) ;
#5649 = CARTESIAN_POINT ( 'NONE',  ( -45.00000000000000000, 1.059775156038909483, -32.44053766106308245 ) ) ;
#5650 = ORIENTED_EDGE ( 'NONE', *, *, #8479, .T. ) ;
#5651 = PRESENTATION_STYLE_ASSIGNMENT (( #2514 ) ) ;
#5652 = STYLED_ITEM ( 'NONE', ( #2692 ), #10069 ) ;
#5653 = DIRECTION ( 'NONE',  ( 0.000000000000000000, 0.000000000000000000, 1.000000000000000000 ) ) ;
#5654 = CARTESIAN_POINT ( 'NONE',  ( 45.00000000000000000, -7.959230667774255252, 32.60999816560364195 ) ) ;
#5655 = CARTESIAN_POINT ( 'NONE',  ( -45.00000000000000000, 10.80145614568966295, 29.72764464165788922 ) ) ;
#5656 = EDGE_CURVE ( 'NONE', #7595, #4723, #5297, .T. ) ;
#5657 = DIRECTION ( 'NONE',  ( -1.000000000000000000, -0.000000000000000000, -0.000000000000000000 ) ) ;
#5658 = VERTEX_POINT ( 'NONE', #4025 ) ;
#5659 =( NAMED_UNIT ( * ) PLANE_ANGLE_UNIT ( ) SI_UNIT ( $, .RADIAN. ) );
#5660 = VECTOR ( 'NONE', #3733, 1000.000000000000000 ) ;
#5661 = PRESENTATION_STYLE_ASSIGNMENT (( #3258 ) ) ;
#5662 = AXIS2_PLACEMENT_3D ( 'NONE', #3134, #7003, #6273 ) ;
#5663 = DIRECTION ( 'NONE',  ( 0.000000000000000000, -0.1736492263815952453, 0.9848075680949418542 ) ) ;
#5664 = VECTOR ( 'NONE', #7653, 1000.000000000000000 ) ;
#5665 = DIRECTION ( 'NONE',  ( 0.000000000000000000, -0.1736483871528192169, -0.9848077160741708358 ) ) ;
#5666 = MECHANICAL_DESIGN_GEOMETRIC_PRESENTATION_REPRESENTATION (  '', ( #1395 ), #718 ) ;
#5667 = ORIENTED_EDGE ( 'NONE', *, *, #6023, .T. ) ;
#5668 =( GEOMETRIC_REPRESENTATION_CONTEXT ( 3 ) GLOBAL_UNCERTAINTY_ASSIGNED_CONTEXT ( ( #4333 ) ) GLOBAL_UNIT_ASSIGNED_CONTEXT ( ( #1447, #1344, #3049 ) ) REPRESENTATION_CONTEXT ( 'NONE', 'WORKASPACE' ) );
#5669 = DIRECTION ( 'NONE',  ( 0.000000000000000000, 0.1736483871527967904, 0.9848077160741748326 ) ) ;
#5670 = VERTEX_POINT ( 'NONE', #8720 ) ;
#5671 = VECTOR ( 'NONE', #1305, 1000.000000000000000 ) ;
#5672 = AXIS2_PLACEMENT_3D ( 'NONE', #7727, #3757, #4285 ) ;
#5673 = PRESENTATION_LAYER_ASSIGNMENT (  '', '', ( #1736 ) ) ;
#5674 =( NAMED_UNIT ( * ) SI_UNIT ( $, .STERADIAN. ) SOLID_ANGLE_UNIT ( ) );
#5675 = AXIS2_PLACEMENT_3D ( 'NONE', #3993, #812, #9433 ) ;
#5676 =( LENGTH_UNIT ( ) NAMED_UNIT ( * ) SI_UNIT ( .MILLI., .METRE. ) );
#5677 = EDGE_CURVE ( 'NONE', #1053, #9219, #3204, .T. ) ;
#5678 = AXIS2_PLACEMENT_3D ( 'NONE', #3627, #7532, #6774 ) ;
#5679 = AXIS2_PLACEMENT_3D ( 'NONE', #6080, #2014, #9838 ) ;
#5680 = ORIENTED_EDGE ( 'NONE', *, *, #7073, .T. ) ;
#5681 = VECTOR ( 'NONE', #7522, 1000.000000000000000 ) ;
#5682 = PRESENTATION_STYLE_ASSIGNMENT (( #6418 ) ) ;
#5683 = SURFACE_STYLE_USAGE ( .BOTH. , #8923 ) ;
#5684 =( GEOMETRIC_REPRESENTATION_CONTEXT ( 3 ) GLOBAL_UNCERTAINTY_ASSIGNED_CONTEXT ( ( #3736 ) ) GLOBAL_UNIT_ASSIGNED_CONTEXT ( ( #6536, #5750, #8739 ) ) REPRESENTATION_CONTEXT ( 'NONE', 'WORKASPACE' ) );
#5685 = CARTESIAN_POINT ( 'NONE',  ( 45.00000000000000000, -6.583431234827875400, 32.60999815015303938 ) ) ;
#5686 = CYLINDRICAL_SURFACE ( 'NONE', #1724, 0.3999999110189944584 ) ;
#5687 = FACE_OUTER_BOUND ( 'NONE', #1286, .T. ) ;
#5688 = LINE ( 'NONE', #847, #4612 ) ;
#5689 = VERTEX_POINT ( 'NONE', #3172 ) ;
#5690 = STYLED_ITEM ( 'NONE', ( #5247 ), #6519 ) ;
#5691 = ORIENTED_EDGE ( 'NONE', *, *, #2747, .T. ) ;
#5692 = CARTESIAN_POINT ( 'NONE',  ( 45.00000000000000000, 2.675626613826413980, -32.44053776549218071 ) ) ;
#5693 = ORIENTED_EDGE ( 'NONE', *, *, #6329, .F. ) ;
#5694 = FILL_AREA_STYLE_COLOUR ( '', #8778 ) ;
#5695 = EDGE_CURVE ( 'NONE', #9497, #5315, #5581, .T. ) ;
#5696 = DIRECTION ( 'NONE',  ( -0.000000000000000000, -0.1736483871527852996, 0.9848077160741767200 ) ) ;
#5697 = LINE ( 'NONE', #7917, #6036 ) ;
#5698 = CIRCLE ( 'NONE', #4553, 0.3999999999999767630 ) ;
#5699 = VERTEX_POINT ( 'NONE', #2395 ) ;
#5700 = DIRECTION ( 'NONE',  ( 0.000000000000000000, 0.000000000000000000, 1.000000000000000000 ) ) ;
#5701 =( NAMED_UNIT ( * ) SI_UNIT ( $, .STERADIAN. ) SOLID_ANGLE_UNIT ( ) );
#5702 = EDGE_CURVE ( 'NONE', #9398, #9940, #732, .T. ) ;
#5703 = ORIENTED_EDGE ( 'NONE', *, *, #4595, .T. ) ;
#5704 = UNCERTAINTY_MEASURE_WITH_UNIT (LENGTH_MEASURE( 1.000000000000000082E-05 ), #9019, 'distance_accuracy_value', 'NONE');
#5705 = CARTESIAN_POINT ( 'NONE',  ( 45.00000000000000000, 11.90137936516297756, 29.09155623254125445 ) ) ;
#5706 = CYLINDRICAL_SURFACE ( 'NONE', #9550, 0.3999999999999767630 ) ;
#5707 = FILL_AREA_STYLE_COLOUR ( '', #6580 ) ;
#5708 = FILL_AREA_STYLE_COLOUR ( '', #71 ) ;
#5709 = SURFACE_STYLE_USAGE ( .BOTH. , #7260 ) ;
#5710 = DIRECTION ( 'NONE',  ( -1.000000000000000000, -0.000000000000000000, -0.000000000000000000 ) ) ;
#5711 = EDGE_CURVE ( 'NONE', #1360, #10184, #7801, .T. ) ;
#5712 = ORIENTED_EDGE ( 'NONE', *, *, #5279, .T. ) ;
#5713 = COLOUR_RGB ( '',0.8980392156862745390, 0.9176470588235293713, 0.9294117647058823817 ) ;
#5714 =( LENGTH_UNIT ( ) NAMED_UNIT ( * ) SI_UNIT ( .MILLI., .METRE. ) );
#5715 = CARTESIAN_POINT ( 'NONE',  ( 45.00000000000000000, -6.583431234828084122, -33.00999806117453517 ) ) ;
#5716 = EDGE_LOOP ( 'NONE', ( #848, #5154, #7942, #7139 ) ) ;
#5717 = CARTESIAN_POINT ( 'NONE',  ( 45.00000000000000000, 10.80018194386384423, -30.07663373129822304 ) ) ;
#5718 = DIRECTION ( 'NONE',  ( 0.000000000000000000, 0.000000000000000000, -1.000000000000000000 ) ) ;
#5719 = CARTESIAN_POINT ( 'NONE',  ( 45.00000000000000000, -14.00000166658919021, 33.00999744295940985 ) ) ;
#5720 = CARTESIAN_POINT ( 'NONE',  ( 45.00000000000000000, -1.735876861465577958, -33.00999774788724039 ) ) ;
#5721 = ORIENTED_EDGE ( 'NONE', *, *, #7641, .F. ) ;
#5722 = FILL_AREA_STYLE ('',( #979 ) ) ;
#5723 = ORIENTED_EDGE ( 'NONE', *, *, #746, .F. ) ;
#5724 = ADVANCED_FACE ( 'NONE', ( #6366 ), #541, .F. ) ;
#5725 = SURFACE_STYLE_USAGE ( .BOTH. , #1711 ) ;
#5726 = SURFACE_SIDE_STYLE ('',( #102 ) ) ;
#5727 = SURFACE_STYLE_FILL_AREA ( #3480 ) ;
#5728 = AXIS2_PLACEMENT_3D ( 'NONE', #6620, #1928, #2694 ) ;
#5729 = SURFACE_STYLE_FILL_AREA ( #5630 ) ;
#5730 = CARTESIAN_POINT ( 'NONE',  ( 45.00000000000000000, 9.900259803754993371, -29.72753012488123758 ) ) ;
#5731 = ORIENTED_EDGE ( 'NONE', *, *, #3313, .F. ) ;
#5732 = DIRECTION ( 'NONE',  ( 0.000000000000000000, 0.000000000000000000, -1.000000000000000000 ) ) ;
#5733 =( LENGTH_UNIT ( ) NAMED_UNIT ( * ) SI_UNIT ( .MILLI., .METRE. ) );
#5734 = FILL_AREA_STYLE_COLOUR ( '', #3938 ) ;
#5735 = SURFACE_SIDE_STYLE ('',( #3439 ) ) ;
#5736 = DIRECTION ( 'NONE',  ( -0.000000000000000000, -0.1736483871527734757, 0.9848077160741788294 ) ) ;
#5737 = FILL_AREA_STYLE_COLOUR ( '', #10002 ) ;
#5738 = PRESENTATION_LAYER_ASSIGNMENT (  '', '', ( #7056 ) ) ;
#5739 = CARTESIAN_POINT ( 'NONE',  ( -45.00000000000000000, -1.495824836624388920, -33.00999774788723329 ) ) ;
#5740 = EDGE_CURVE ( 'NONE', #501, #1257, #8427, .T. ) ;
#5741 = ORIENTED_EDGE ( 'NONE', *, *, #7429, .T. ) ;
#5742 = ORIENTED_EDGE ( 'NONE', *, *, #6560, .T. ) ;
#5743 =( LENGTH_UNIT ( ) NAMED_UNIT ( * ) SI_UNIT ( .MILLI., .METRE. ) );
#5744 = ORIENTED_EDGE ( 'NONE', *, *, #9551, .F. ) ;
#5745 = VERTEX_POINT ( 'NONE', #6564 ) ;
#5746 = CARTESIAN_POINT ( 'NONE',  ( -45.00000000000000000, -11.86703680765867297, -32.44053839206678447 ) ) ;
#5747 =( GEOMETRIC_REPRESENTATION_CONTEXT ( 3 ) GLOBAL_UNCERTAINTY_ASSIGNED_CONTEXT ( ( #4141 ) ) GLOBAL_UNIT_ASSIGNED_CONTEXT ( ( #9247, #471, #9186 ) ) REPRESENTATION_CONTEXT ( 'NONE', 'WORKASPACE' ) );
#5748 = ORIENTED_EDGE ( 'NONE', *, *, #165, .T. ) ;
#5749 = DIRECTION ( 'NONE',  ( -1.000000000000000000, -0.000000000000000000, -0.000000000000000000 ) ) ;
#5750 =( NAMED_UNIT ( * ) PLANE_ANGLE_UNIT ( ) SI_UNIT ( $, .RADIAN. ) );
#5751 = CYLINDRICAL_SURFACE ( 'NONE', #8132, 0.3999999999996159405 ) ;
#5752 = ORIENTED_EDGE ( 'NONE', *, *, #1207, .F. ) ;
#5753 = EDGE_CURVE ( 'NONE', #5541, #172, #1775, .T. ) ;
#5754 = PRESENTATION_LAYER_ASSIGNMENT (  '', '', ( #7566 ) ) ;
#5755 = FILL_AREA_STYLE_COLOUR ( '', #3640 ) ;
#5756 =( GEOMETRIC_REPRESENTATION_CONTEXT ( 3 ) GLOBAL_UNCERTAINTY_ASSIGNED_CONTEXT ( ( #9427 ) ) GLOBAL_UNIT_ASSIGNED_CONTEXT ( ( #5302, #10173, #545 ) ) REPRESENTATION_CONTEXT ( 'NONE', 'WORKASPACE' ) );
#5757 =( LENGTH_UNIT ( ) NAMED_UNIT ( * ) SI_UNIT ( .MILLI., .METRE. ) );
#5758 = DIRECTION ( 'NONE',  ( -1.000000000000000000, -0.000000000000000000, -0.000000000000000000 ) ) ;
#5759 = PRESENTATION_LAYER_ASSIGNMENT (  '', '', ( #10185 ) ) ;
#5760 = DIRECTION ( 'NONE',  ( -1.000000000000000000, -0.000000000000000000, -0.000000000000000000 ) ) ;
#5761 = EDGE_CURVE ( 'NONE', #5611, #222, #2501, .T. ) ;
#5762 = CIRCLE ( 'NONE', #3638, 0.3999999110189667029 ) ;
#5763 =( GEOMETRIC_REPRESENTATION_CONTEXT ( 3 ) GLOBAL_UNCERTAINTY_ASSIGNED_CONTEXT ( ( #10025 ) ) GLOBAL_UNIT_ASSIGNED_CONTEXT ( ( #1672, #787, #4719 ) ) REPRESENTATION_CONTEXT ( 'NONE', 'WORKASPACE' ) );
#5764 = PLANE ( 'NONE',  #965 ) ;
#5765 = ORIENTED_EDGE ( 'NONE', *, *, #7093, .F. ) ;
#5766 = SURFACE_STYLE_FILL_AREA ( #239 ) ;
#5767 =( NAMED_UNIT ( * ) PLANE_ANGLE_UNIT ( ) SI_UNIT ( $, .RADIAN. ) );
#5768 = STYLED_ITEM ( 'NONE', ( #980 ), #652 ) ;
#5770 = STYLED_ITEM ( 'NONE', ( #2767 ), #971 ) ;
#5769 =( GEOMETRIC_REPRESENTATION_CONTEXT ( 3 ) GLOBAL_UNCERTAINTY_ASSIGNED_CONTEXT ( ( #3039 ) ) GLOBAL_UNIT_ASSIGNED_CONTEXT ( ( #4124, #992, #5129 ) ) REPRESENTATION_CONTEXT ( 'NONE', 'WORKASPACE' ) );
#5771 = ORIENTED_EDGE ( 'NONE', *, *, #2333, .F. ) ;
#5772 = DIRECTION ( 'NONE',  ( 0.000000000000000000, 0.000000000000000000, -1.000000000000000000 ) ) ;
#5773 =( LENGTH_UNIT ( ) NAMED_UNIT ( * ) SI_UNIT ( .MILLI., .METRE. ) );
#5774 = EDGE_CURVE ( 'NONE', #2111, #7797, #4674, .T. ) ;
#5775 = SURFACE_STYLE_USAGE ( .BOTH. , #9742 ) ;
#5776 = AXIS2_PLACEMENT_3D ( 'NONE', #24, #1535, #6231 ) ;
#5777 = STYLED_ITEM ( 'NONE', ( #7482 ), #1114 ) ;
#5778 =( NAMED_UNIT ( * ) PLANE_ANGLE_UNIT ( ) SI_UNIT ( $, .RADIAN. ) );
#5779 =( LENGTH_UNIT ( ) NAMED_UNIT ( * ) SI_UNIT ( .MILLI., .METRE. ) );
#5780 = PRESENTATION_LAYER_ASSIGNMENT (  '', '', ( #8085 ) ) ;
#5781 = UNCERTAINTY_MEASURE_WITH_UNIT (LENGTH_MEASURE( 1.000000000000000082E-05 ), #105, 'distance_accuracy_value', 'NONE');
#5782 = LINE ( 'NONE', #8918, #7831 ) ;
#5783 = CIRCLE ( 'NONE', #1347, 0.3999999999991510347 ) ;
#5784 = SURFACE_SIDE_STYLE ('',( #8050 ) ) ;
#5785 = CARTESIAN_POINT ( 'NONE',  ( 45.00000000000000000, -4.727527952613725049, 33.00999692081514780 ) ) ;
#5786 = ORIENTED_EDGE ( 'NONE', *, *, #2883, .F. ) ;
#5787 = SURFACE_STYLE_USAGE ( .BOTH. , #8981 ) ;
#5788 = ADVANCED_FACE ( 'NONE', ( #986 ), #2593, .F. ) ;
#5789 = PRESENTATION_STYLE_ASSIGNMENT (( #2645 ) ) ;
#5790 =( NAMED_UNIT ( * ) SI_UNIT ( $, .STERADIAN. ) SOLID_ANGLE_UNIT ( ) );
#5791 = CARTESIAN_POINT ( 'NONE',  ( 45.00000000000000000, -5.403630976508411621, 32.44053797435041275 ) ) ;
#5792 = CARTESIAN_POINT ( 'NONE',  ( 45.00000000000000000, -7.480134752671422582, -31.02000003054214261 ) ) ;
#5793 = SURFACE_STYLE_USAGE ( .BOTH. , #6729 ) ;
#5794 = ORIENTED_EDGE ( 'NONE', *, *, #1521, .F. ) ;
#5795 = ORIENTED_EDGE ( 'NONE', *, *, #5761, .F. ) ;
#5796 = SURFACE_SIDE_STYLE ('',( #8931 ) ) ;
#5797 = ORIENTED_EDGE ( 'NONE', *, *, #6056, .T. ) ;
#5798 = FILL_AREA_STYLE_COLOUR ( '', #5532 ) ;
#5799 = EDGE_CURVE ( 'NONE', #1635, #7236, #8866, .T. ) ;
#5800 = UNCERTAINTY_MEASURE_WITH_UNIT (LENGTH_MEASURE( 1.000000000000000082E-05 ), #10093, 'distance_accuracy_value', 'NONE');
#5801 = CARTESIAN_POINT ( 'NONE',  ( -45.00000000000000000, 5.403632378540224934, -32.44053797435039144 ) ) ;
#5802 = CARTESIAN_POINT ( 'NONE',  ( -45.00000000000000000, 3.111677696443458707, -33.00999785231633155 ) ) ;
#5803 = ORIENTED_EDGE ( 'NONE', *, *, #6441, .T. ) ;
#5804 = UNCERTAINTY_MEASURE_WITH_UNIT (LENGTH_MEASURE( 1.000000000000000082E-05 ), #2356, 'distance_accuracy_value', 'NONE');
#5805 = SURFACE_STYLE_FILL_AREA ( #4247 ) ;
#5806 =( LENGTH_UNIT ( ) NAMED_UNIT ( * ) SI_UNIT ( .MILLI., .METRE. ) );
#5807 =( NAMED_UNIT ( * ) SI_UNIT ( $, .STERADIAN. ) SOLID_ANGLE_UNIT ( ) );
#5808 = FILL_AREA_STYLE_COLOUR ( '', #54 ) ;
#5809 = CARTESIAN_POINT ( 'NONE',  ( -45.00000000000000000, 0.5560780051777099997, -32.44053766106308245 ) ) ;
#5810 = FILL_AREA_STYLE ('',( #8383 ) ) ;
#5811 = EDGE_CURVE ( 'NONE', #9959, #4354, #8922, .T. ) ;
#5812 = PLANE ( 'NONE',  #8323 ) ;
#5813 = SURFACE_SIDE_STYLE ('',( #135 ) ) ;
#5814 = CIRCLE ( 'NONE', #4819, 0.3999999110189667029 ) ;
#5815 = ORIENTED_EDGE ( 'NONE', *, *, #6048, .T. ) ;
#5816 = SURFACE_SIDE_STYLE ('',( #8035 ) ) ;
#5817 = FILL_AREA_STYLE ('',( #2676 ) ) ;
#5818 = ORIENTED_EDGE ( 'NONE', *, *, #5536, .F. ) ;
#5819 = CARTESIAN_POINT ( 'NONE',  ( -45.00000000000000000, -11.86703680765867297, 32.44053839206689815 ) ) ;
#5820 = PRESENTATION_STYLE_ASSIGNMENT (( #5211 ) ) ;
#5821 = CARTESIAN_POINT ( 'NONE',  ( 45.00000000000000000, 7.523180373798187048, 32.44053797435041275 ) ) ;
#5822 = EDGE_CURVE ( 'NONE', #9341, #1877, #7278, .T. ) ;
#5823 = AXIS2_PLACEMENT_3D ( 'NONE', #7787, #9949, #6925 ) ;
#5824 = VECTOR ( 'NONE', #1272, 1000.000000000000000 ) ;
#5825 = FILL_AREA_STYLE ('',( #7367 ) ) ;
#5826 = FILL_AREA_STYLE_COLOUR ( '', #9235 ) ;
#5827 = ORIENTED_EDGE ( 'NONE', *, *, #7871, .T. ) ;
#5828 = VECTOR ( 'NONE', #5036, 1000.000000000000114 ) ;
#5829 = EDGE_CURVE ( 'NONE', #3730, #2764, #8148, .T. ) ;
#5830 =( NAMED_UNIT ( * ) PLANE_ANGLE_UNIT ( ) SI_UNIT ( $, .RADIAN. ) );
#5831 = STYLED_ITEM ( 'NONE', ( #1901 ), #5600 ) ;
#5832 = FILL_AREA_STYLE_COLOUR ( '', #6186 ) ;
#5833 = MECHANICAL_DESIGN_GEOMETRIC_PRESENTATION_REPRESENTATION (  '', ( #7148 ), #9937 ) ;
#5834 = CARTESIAN_POINT ( 'NONE',  ( 45.00000000000000000, -11.89937256005882737, -28.68732955409895169 ) ) ;
#5835 = MECHANICAL_DESIGN_GEOMETRIC_PRESENTATION_REPRESENTATION (  '', ( #8794 ), #3691 ) ;
#5836 = CARTESIAN_POINT ( 'NONE',  ( 45.00000000000000000, 7.019483222936990785, 32.44053797435041275 ) ) ;
#5837 = AXIS2_PLACEMENT_3D ( 'NONE', #3572, #8960, #3473 ) ;
#5838 = FACE_OUTER_BOUND ( 'NONE', #534, .T. ) ;
#5839 = MECHANICAL_DESIGN_GEOMETRIC_PRESENTATION_REPRESENTATION (  '', ( #4525 ), #4854 ) ;
#5840 = CARTESIAN_POINT ( 'NONE',  ( -45.00000000000000000, 9.900134291210605397, -29.82752931517285688 ) ) ;
#5841 = FACE_OUTER_BOUND ( 'NONE', #7579, .T. ) ;
#5842 = CIRCLE ( 'NONE', #394, 0.3999999110189667029 ) ;
#5843 = VECTOR ( 'NONE', #2164, 1000.000000000000000 ) ;
#5844 = AXIS2_PLACEMENT_3D ( 'NONE', #6546, #5657, #2671 ) ;
#5845 = DIRECTION ( 'NONE',  ( 0.000000000000000000, -0.9999999999999957812, -9.158641632038290393E-08 ) ) ;
#5846 = EDGE_CURVE ( 'NONE', #179, #7214, #1101, .T. ) ;
#5847 = VECTOR ( 'NONE', #9321, 1000.000000000000000 ) ;
#5848 = ORIENTED_EDGE ( 'NONE', *, *, #4017, .T. ) ;
#5849 = VERTEX_POINT ( 'NONE', #4864 ) ;
#5850 = LINE ( 'NONE', #6790, #1129 ) ;
#5851 = VERTEX_POINT ( 'NONE', #2688 ) ;
#5852 = STYLED_ITEM ( 'NONE', ( #10180 ), #6338 ) ;
#5853 = PRESENTATION_LAYER_ASSIGNMENT (  '', '', ( #76 ) ) ;
#5854 = CARTESIAN_POINT ( 'NONE',  ( 45.00000000000000000, 11.86703820969024292, -32.44053839206681289 ) ) ;
#5855 = PRESENTATION_STYLE_ASSIGNMENT (( #7395 ) ) ;
#5856 = ORIENTED_EDGE ( 'NONE', *, *, #8101, .T. ) ;
#5857 = LINE ( 'NONE', #5801, #9563 ) ;
#5858 = LINE ( 'NONE', #6057, #206 ) ;
#5859 = VERTEX_POINT ( 'NONE', #307 ) ;
#5860 = DIRECTION ( 'NONE',  ( 0.000000000000000000, 0.000000000000000000, 1.000000000000000000 ) ) ;
#5861 = CARTESIAN_POINT ( 'NONE',  ( -45.00000000000000000, 8.635335294115236593, -32.44053818320860216 ) ) ;
#5862 = PLANE ( 'NONE',  #9213 ) ;
#5863 = EDGE_CURVE ( 'NONE', #7451, #1278, #4069, .T. ) ;
#5864 = MECHANICAL_DESIGN_GEOMETRIC_PRESENTATION_REPRESENTATION (  '', ( #8490 ), #6532 ) ;
#5865 = PRESENTATION_STYLE_ASSIGNMENT (( #7463 ) ) ;
#5866 = DIRECTION ( 'NONE',  ( 0.000000000000000000, 0.1736492263815972437, -0.9848075680949414101 ) ) ;
#5867 = CARTESIAN_POINT ( 'NONE',  ( -45.00000000000000000, -2.171928060933655313, -32.44053776549218071 ) ) ;
#5868 = PLANE ( 'NONE',  #7077 ) ;
#5869 = FACE_OUTER_BOUND ( 'NONE', #281, .T. ) ;
#5870 = ORIENTED_EDGE ( 'NONE', *, *, #4498, .T. ) ;
#5871 = STYLED_ITEM ( 'NONE', ( #7696 ), #6910 ) ;
#5872 = CYLINDRICAL_SURFACE ( 'NONE', #1667, 0.09999926905917069786 ) ;
#5873 = EDGE_CURVE ( 'NONE', #3498, #1658, #5071, .T. ) ;
#5874 = FACE_OUTER_BOUND ( 'NONE', #4326, .T. ) ;
#5875 = ORIENTED_EDGE ( 'NONE', *, *, #4446, .F. ) ;
#5876 = PRESENTATION_STYLE_ASSIGNMENT (( #4955 ) ) ;
#5877 = DIRECTION ( 'NONE',  ( -1.000000000000000000, -0.000000000000000000, -0.000000000000000000 ) ) ;
#5878 = FILL_AREA_STYLE ('',( #6602 ) ) ;
#5879 = SURFACE_STYLE_USAGE ( .BOTH. , #6655 ) ;
#5880 = AXIS2_PLACEMENT_3D ( 'NONE', #4120, #5013, #4163 ) ;
#5881 =( NAMED_UNIT ( * ) SI_UNIT ( $, .STERADIAN. ) SOLID_ANGLE_UNIT ( ) );
#5882 = SURFACE_SIDE_STYLE ('',( #9793 ) ) ;
#5883 = ORIENTED_EDGE ( 'NONE', *, *, #3602, .F. ) ;
#5884 = EDGE_CURVE ( 'NONE', #409, #793, #4686, .T. ) ;
#5885 = FILL_AREA_STYLE_COLOUR ( '', #3953 ) ;
#5886 = UNCERTAINTY_MEASURE_WITH_UNIT (LENGTH_MEASURE( 1.000000000000000082E-05 ), #5900, 'distance_accuracy_value', 'NONE');
#5887 = DIRECTION ( 'NONE',  ( 0.000000000000000000, 0.000000000000000000, -1.000000000000000000 ) ) ;
#5888 = LINE ( 'NONE', #9030, #5671 ) ;
#5889 = ORIENTED_EDGE ( 'NONE', *, *, #4685, .F. ) ;
#5890 = ADVANCED_FACE ( 'NONE', ( #9561 ), #1921, .F. ) ;
#5891 = LINE ( 'NONE', #7382, #3301 ) ;
#5892 = FILL_AREA_STYLE ('',( #261 ) ) ;
#5893 = SURFACE_STYLE_FILL_AREA ( #2693 ) ;
#5894 = UNCERTAINTY_MEASURE_WITH_UNIT (LENGTH_MEASURE( 1.000000000000000082E-05 ), #8645, 'distance_accuracy_value', 'NONE');
#5895 = UNCERTAINTY_MEASURE_WITH_UNIT (LENGTH_MEASURE( 1.000000000000000082E-05 ), #6356, 'distance_accuracy_value', 'NONE');
#5896 =( NAMED_UNIT ( * ) SI_UNIT ( $, .STERADIAN. ) SOLID_ANGLE_UNIT ( ) );
#5897 =( GEOMETRIC_REPRESENTATION_CONTEXT ( 3 ) GLOBAL_UNCERTAINTY_ASSIGNED_CONTEXT ( ( #6633 ) ) GLOBAL_UNIT_ASSIGNED_CONTEXT ( ( #8927, #1783, #9665 ) ) REPRESENTATION_CONTEXT ( 'NONE', 'WORKASPACE' ) );
#5898 = CARTESIAN_POINT ( 'NONE',  ( 45.00000000000000000, -6.980134752671422582, -28.57000003054213622 ) ) ;
#5899 = VERTEX_POINT ( 'NONE', #3668 ) ;
#5900 =( LENGTH_UNIT ( ) NAMED_UNIT ( * ) SI_UNIT ( .MILLI., .METRE. ) );
#5901 = EDGE_CURVE ( 'NONE', #10187, #2678, #6824, .T. ) ;
#5902 = DIRECTION ( 'NONE',  ( 0.000000000000000000, 0.000000000000000000, -1.000000000000000000 ) ) ;
#5903 = MECHANICAL_DESIGN_GEOMETRIC_PRESENTATION_REPRESENTATION (  '', ( #2289 ), #7544 ) ;
#5904 = SURFACE_SIDE_STYLE ('',( #7339 ) ) ;
#5905 = UNCERTAINTY_MEASURE_WITH_UNIT (LENGTH_MEASURE( 1.000000000000000082E-05 ), #8554, 'distance_accuracy_value', 'NONE');
#5906 = ORIENTED_EDGE ( 'NONE', *, *, #5174, .T. ) ;
#5907 = VECTOR ( 'NONE', #5396, 1000.000000000000000 ) ;
#5908 =( NAMED_UNIT ( * ) SI_UNIT ( $, .STERADIAN. ) SOLID_ANGLE_UNIT ( ) );
#5909 = LINE ( 'NONE', #6690, #3200 ) ;
#5910 = ORIENTED_EDGE ( 'NONE', *, *, #3359, .T. ) ;
#5911 = ORIENTED_EDGE ( 'NONE', *, *, #8723, .F. ) ;
#5912 = UNCERTAINTY_MEASURE_WITH_UNIT (LENGTH_MEASURE( 1.000000000000000082E-05 ), #1829, 'distance_accuracy_value', 'NONE');
#5913 = PLANE ( 'NONE',  #7730 ) ;
#5914 = SURFACE_SIDE_STYLE ('',( #4194 ) ) ;
#5915 = AXIS2_PLACEMENT_3D ( 'NONE', #1695, #4146, #7261 ) ;
#5916 = PLANE ( 'NONE',  #2042 ) ;
#5917 = DIRECTION ( 'NONE',  ( -0.000000000000000000, 0.1736492263815920256, 0.9848075680949422983 ) ) ;
#5918 =( NAMED_UNIT ( * ) SI_UNIT ( $, .STERADIAN. ) SOLID_ANGLE_UNIT ( ) );
#5919 = VECTOR ( 'NONE', #8640, 1000.000000000000000 ) ;
#5920 = EDGE_CURVE ( 'NONE', #1365, #9089, #6092, .T. ) ;
#5921 = SURFACE_STYLE_FILL_AREA ( #1183 ) ;
#5922 = VECTOR ( 'NONE', #6688, 1000.000000000000000 ) ;
#5923 = ORIENTED_EDGE ( 'NONE', *, *, #1840, .F. ) ;
#5924 = DIRECTION ( 'NONE',  ( -1.000000000000000000, -0.000000000000000000, -0.000000000000000000 ) ) ;
#5925 =( NAMED_UNIT ( * ) PLANE_ANGLE_UNIT ( ) SI_UNIT ( $, .RADIAN. ) );
#5926 = SURFACE_STYLE_FILL_AREA ( #5817 ) ;
#5927 = ORIENTED_EDGE ( 'NONE', *, *, #9461, .T. ) ;
#5928 = LINE ( 'NONE', #2735, #9350 ) ;
#5929 = COLOUR_RGB ( '',0.8980392156862745390, 0.9176470588235293713, 0.9294117647058823817 ) ;
#5930 = CARTESIAN_POINT ( 'NONE',  ( 45.00000000000000000, 11.73786895889039705, -28.97153314907093602 ) ) ;
#5931 = FACE_OUTER_BOUND ( 'NONE', #9082, .T. ) ;
#5932 = LINE ( 'NONE', #8355, #4851 ) ;
#5933 = EDGE_CURVE ( 'NONE', #9696, #5029, #2793, .T. ) ;
#5934 =( LENGTH_UNIT ( ) NAMED_UNIT ( * ) SI_UNIT ( .MILLI., .METRE. ) );
#5935 = ORIENTED_EDGE ( 'NONE', *, *, #2481, .F. ) ;
#5936 = ORIENTED_EDGE ( 'NONE', *, *, #8369, .T. ) ;
#5937 = AXIS2_PLACEMENT_3D ( 'NONE', #91, #1647, #4795 ) ;
#5939 =( GEOMETRIC_REPRESENTATION_CONTEXT ( 3 ) GLOBAL_UNCERTAINTY_ASSIGNED_CONTEXT ( ( #7795 ) ) GLOBAL_UNIT_ASSIGNED_CONTEXT ( ( #3553, #443, #4513 ) ) REPRESENTATION_CONTEXT ( 'NONE', 'WORKASPACE' ) );
#5938 = COLOUR_RGB ( '',0.8980392156862745390, 0.9176470588235293713, 0.9294117647058823817 ) ;
#5940 = UNCERTAINTY_MEASURE_WITH_UNIT (LENGTH_MEASURE( 1.000000000000000082E-05 ), #8488, 'distance_accuracy_value', 'NONE');
#5941 = CARTESIAN_POINT ( 'NONE',  ( 45.00000000000000000, -7.565307581344556276, 32.67945752046475860 ) ) ;
#5942 =( NAMED_UNIT ( * ) SI_UNIT ( $, .STERADIAN. ) SOLID_ANGLE_UNIT ( ) );
#5943 = ORIENTED_EDGE ( 'NONE', *, *, #7441, .F. ) ;
#5944 = SURFACE_STYLE_USAGE ( .BOTH. , #9243 ) ;
#5945 = AXIS2_PLACEMENT_3D ( 'NONE', #2992, #7606, #9269 ) ;
#5946 = ORIENTED_EDGE ( 'NONE', *, *, #8392, .T. ) ;
#5948 = PRESENTATION_LAYER_ASSIGNMENT (  '', '', ( #5777 ) ) ;
#5947 =( GEOMETRIC_REPRESENTATION_CONTEXT ( 3 ) GLOBAL_UNCERTAINTY_ASSIGNED_CONTEXT ( ( #5704 ) ) GLOBAL_UNIT_ASSIGNED_CONTEXT ( ( #9019, #8255, #4213 ) ) REPRESENTATION_CONTEXT ( 'NONE', 'WORKASPACE' ) );
#5949 = EDGE_CURVE ( 'NONE', #4925, #1352, #5888, .T. ) ;
#5950 = DIRECTION ( 'NONE',  ( -0.000000000000000000, 0.9848080668959505735, 0.1736463975343600918 ) ) ;
#5951 = DIRECTION ( 'NONE',  ( 1.000000000000000000, 0.000000000000000000, 0.000000000000000000 ) ) ;
#5952 = FILL_AREA_STYLE_COLOUR ( '', #5971 ) ;
#5953 = CARTESIAN_POINT ( 'NONE',  ( -45.00000000000000000, -10.30018239783462342, 30.07663326162924378 ) ) ;
#5954 = UNCERTAINTY_MEASURE_WITH_UNIT (LENGTH_MEASURE( 1.000000000000000082E-05 ), #1012, 'distance_accuracy_value', 'NONE');
#5955 = VECTOR ( 'NONE', #3059, 1000.000000000000000 ) ;
#5956 =( GEOMETRIC_REPRESENTATION_CONTEXT ( 3 ) GLOBAL_UNCERTAINTY_ASSIGNED_CONTEXT ( ( #9244 ) ) GLOBAL_UNIT_ASSIGNED_CONTEXT ( ( #6648, #5767, #2729 ) ) REPRESENTATION_CONTEXT ( 'NONE', 'WORKASPACE' ) );
#5957 = FACE_OUTER_BOUND ( 'NONE', #3292, .T. ) ;
#5958 = EDGE_LOOP ( 'NONE', ( #3109, #6121, #9448, #591 ) ) ;
#5959 =( LENGTH_UNIT ( ) NAMED_UNIT ( * ) SI_UNIT ( .MILLI., .METRE. ) );
#5960 = PRESENTATION_STYLE_ASSIGNMENT (( #1988 ) ) ;
#5961 = FILL_AREA_STYLE ('',( #5798 ) ) ;
#5962 = LINE ( 'NONE', #5186, #5922 ) ;
#5963 = CARTESIAN_POINT ( 'NONE',  ( 45.00000000000000000, 16.00000071886211117, 31.00999837446186191 ) ) ;
#5964 = DIRECTION ( 'NONE',  ( -0.000000000000000000, 0.1736483871527953471, -0.9848077160741750546 ) ) ;
#5965 = ORIENTED_EDGE ( 'NONE', *, *, #9153, .T. ) ;
#5966 = ORIENTED_EDGE ( 'NONE', *, *, #5055, .F. ) ;
#5967 = ADVANCED_FACE ( 'NONE', ( #4440 ), #2174, .T. ) ;
#5968 =( NAMED_UNIT ( * ) SI_UNIT ( $, .STERADIAN. ) SOLID_ANGLE_UNIT ( ) );
#5969 = SURFACE_STYLE_FILL_AREA ( #7513 ) ;
#5970 = ORIENTED_EDGE ( 'NONE', *, *, #2509, .F. ) ;
#5971 = COLOUR_RGB ( '',0.8980392156862745390, 0.9176470588235293713, 0.9294117647058823817 ) ;
#5972 = DIRECTION ( 'NONE',  ( 0.000000000000000000, 0.000000000000000000, -1.000000000000000000 ) ) ;
#5973 = CARTESIAN_POINT ( 'NONE',  ( -45.00000000000000000, -5.403630976508411621, 32.44053797435041275 ) ) ;
#5974 = FILL_AREA_STYLE ('',( #9878 ) ) ;
#5975 = ORIENTED_EDGE ( 'NONE', *, *, #8714, .F. ) ;
#5976 = CARTESIAN_POINT ( 'NONE',  ( 45.00000000000000000, -8.199282692615440737, 33.00999816560115363 ) ) ;
#5977 = DIRECTION ( 'NONE',  ( -1.000000000000000000, -0.000000000000000000, -0.000000000000000000 ) ) ;
#5978 = EDGE_LOOP ( 'NONE', ( #1133, #4913, #7380, #4794 ) ) ;
#5979 = CARTESIAN_POINT ( 'NONE',  ( -45.00000000000000000, -6.343379209986895084, -33.00999806117452806 ) ) ;
#5980 = EDGE_CURVE ( 'NONE', #8007, #2282, #6667, .T. ) ;
#5981 = LINE ( 'NONE', #401, #9145 ) ;
#5982 = CARTESIAN_POINT ( 'NONE',  ( -45.00000000000000000, 11.80013504562275095, 30.08641782480464499 ) ) ;
#5983 = COLOUR_RGB ( '',0.8980392156862745390, 0.9176470588235293713, 0.9294117647058823817 ) ;
#5984 = CARTESIAN_POINT ( 'NONE',  ( 45.00000000000000000, -2.129799801074362176, -32.67945751196690196 ) ) ;
#5985 = ORIENTED_EDGE ( 'NONE', *, *, #7764, .T. ) ;
#5986 = DIRECTION ( 'NONE',  ( -0.000000000000000000, 1.000000000000000000, -0.000000000000000000 ) ) ;
#5987 = CARTESIAN_POINT ( 'NONE',  ( 45.00000000000000000, 11.43098639683158879, 32.60999835901128563 ) ) ;
#5988 = ADVANCED_FACE ( 'NONE', ( #4328 ), #8261, .F. ) ;
#5989 = CARTESIAN_POINT ( 'NONE',  ( -45.00000000000000000, 2.171929462965214608, -32.44053776549218071 ) ) ;
#5990 = AXIS2_PLACEMENT_3D ( 'NONE', #6666, #2742, #5887 ) ;
#5991 = ORIENTED_EDGE ( 'NONE', *, *, #4934, .T. ) ;
#5992 = CARTESIAN_POINT ( 'NONE',  ( 45.00000000000000000, 7.565308369985570103, 32.67945741603563192 ) ) ;
#5993 = FILL_AREA_STYLE_COLOUR ( '', #832 ) ;
#5994 = STYLED_ITEM ( 'NONE', ( #4277 ), #5788 ) ;
#5995 = MECHANICAL_DESIGN_GEOMETRIC_PRESENTATION_REPRESENTATION (  '', ( #6991 ), #6157 ) ;
#5996 = COLOUR_RGB ( '',0.8980392156862745390, 0.9176470588235293713, 0.9294117647058823817 ) ;
#5997 = CIRCLE ( 'NONE', #7627, 0.3999999999996575739 ) ;
#5998 = ADVANCED_FACE ( 'NONE', ( #3010 ), #8603, .T. ) ;
#5999 = PRESENTATION_STYLE_ASSIGNMENT (( #318 ) ) ;
#6000 = ORIENTED_EDGE ( 'NONE', *, *, #9698, .T. ) ;
#6001 = DIRECTION ( 'NONE',  ( 0.000000000000000000, -0.000000000000000000, -1.000000000000000000 ) ) ;
#6002 = CARTESIAN_POINT ( 'NONE',  ( 45.00000000000000000, -6.977354174434200473, 32.67945782525377041 ) ) ;
#6003 = STYLED_ITEM ( 'NONE', ( #6876 ), #5967 ) ;
#6004 = MECHANICAL_DESIGN_GEOMETRIC_PRESENTATION_REPRESENTATION (  '', ( #3555 ), #9297 ) ;
#6005 = ORIENTED_EDGE ( 'NONE', *, *, #5677, .T. ) ;
#6006 = VECTOR ( 'NONE', #5313, 1000.000000000000000 ) ;
#6007 = DIRECTION ( 'NONE',  ( -1.000000000000000000, -0.000000000000000000, -0.000000000000000000 ) ) ;
#6008 = VECTOR ( 'NONE', #3424, 1000.000000000000227 ) ;
#6009 = LINE ( 'NONE', #2094, #8781 ) ;
#6010 = ORIENTED_EDGE ( 'NONE', *, *, #7378, .F. ) ;
#6011 = EDGE_LOOP ( 'NONE', ( #8635, #7757, #1081, #9096 ) ) ;
#6012 =( GEOMETRIC_REPRESENTATION_CONTEXT ( 3 ) GLOBAL_UNCERTAINTY_ASSIGNED_CONTEXT ( ( #436 ) ) GLOBAL_UNIT_ASSIGNED_CONTEXT ( ( #3573, #2322, #1496 ) ) REPRESENTATION_CONTEXT ( 'NONE', 'WORKASPACE' ) );
#6013 = UNCERTAINTY_MEASURE_WITH_UNIT (LENGTH_MEASURE( 1.000000000000000082E-05 ), #595, 'distance_accuracy_value', 'NONE');
#6014 = FILL_AREA_STYLE ('',( #8340 ) ) ;
#6015 = EDGE_CURVE ( 'NONE', #7185, #77, #774, .T. ) ;
#6016 =( LENGTH_UNIT ( ) NAMED_UNIT ( * ) SI_UNIT ( .MILLI., .METRE. ) );
#6017 = CIRCLE ( 'NONE', #3400, 0.3999999999999767630 ) ;
#6018 = COLOUR_RGB ( '',0.8980392156862745390, 0.9176470588235293713, 0.9294117647058823817 ) ;
#6019 = FILL_AREA_STYLE_COLOUR ( '', #5523 ) ;
#6020 = DIRECTION ( 'NONE',  ( 0.000000000000000000, 0.000000000000000000, 1.000000000000000000 ) ) ;
#6021 = AXIS2_PLACEMENT_3D ( 'NONE', #8820, #3269, #6412 ) ;
#6022 = AXIS2_PLACEMENT_3D ( 'NONE', #7473, #2012, #2894 ) ;
#6023 = EDGE_CURVE ( 'NONE', #7797, #7865, #1460, .T. ) ;
#6024 = CARTESIAN_POINT ( 'NONE',  ( 45.00000000000000000, 6.583432023468880345, 32.60999804572391270 ) ) ;
#6025 = ORIENTED_EDGE ( 'NONE', *, *, #5753, .T. ) ;
#6026 = PRESENTATION_STYLE_ASSIGNMENT (( #2940 ) ) ;
#6027 = CARTESIAN_POINT ( 'NONE',  ( -45.00000000000000000, -7.019482434296157258, -32.44053807877948259 ) ) ;
#6028 = CARTESIAN_POINT ( 'NONE',  ( -45.00000000000000000, -11.41902514096136478, -28.28824078050312707 ) ) ;
#6029 = VECTOR ( 'NONE', #9674, 1000.000000000000000 ) ;
#6030 = ORIENTED_EDGE ( 'NONE', *, *, #4320, .T. ) ;
#6031 = SURFACE_STYLE_USAGE ( .BOTH. , #2893 ) ;
#6032 = CARTESIAN_POINT ( 'NONE',  ( 45.00000000000000000, 3.787780920752721325, -32.44053786992127897 ) ) ;
#6033 = PLANE ( 'NONE',  #6336 ) ;
#6034 = EDGE_CURVE ( 'NONE', #7479, #2774, #3161, .T. ) ;
#6035 = SURFACE_STYLE_USAGE ( .BOTH. , #557 ) ;
#6036 = VECTOR ( 'NONE', #6320, 1000.000000000000000 ) ;
#6037 = PRESENTATION_STYLE_ASSIGNMENT (( #3577 ) ) ;
#6038 = EDGE_LOOP ( 'NONE', ( #8361, #137, #5482, #8606 ) ) ;
#6039 = EDGE_LOOP ( 'NONE', ( #2551, #4778, #9748, #5565 ) ) ;
#6040 = STYLED_ITEM ( 'NONE', ( #3095 ), #4462 ) ;
#6041 = ORIENTED_EDGE ( 'NONE', *, *, #2293, .F. ) ;
#6042 = DIRECTION ( 'NONE',  ( 0.000000000000000000, 0.000000000000000000, 1.000000000000000000 ) ) ;
#6043 = DIRECTION ( 'NONE',  ( -0.000000000000000000, 1.000000000000000000, -0.000000000000000000 ) ) ;
#6044 = ORIENTED_EDGE ( 'NONE', *, *, #5296, .F. ) ;
#6045 = CIRCLE ( 'NONE', #7033, 1.000000000000007772 ) ;
#6046 = ORIENTED_EDGE ( 'NONE', *, *, #10092, .F. ) ;
#6047 = CYLINDRICAL_SURFACE ( 'NONE', #6269, 0.3999999999999698241 ) ;
#6048 = EDGE_CURVE ( 'NONE', #3492, #8100, #6298, .T. ) ;
#6049 = UNCERTAINTY_MEASURE_WITH_UNIT (LENGTH_MEASURE( 1.000000000000000082E-05 ), #9300, 'distance_accuracy_value', 'NONE');
#6050 = CARTESIAN_POINT ( 'NONE',  ( 45.00000000000000000, -11.42162741065924259, -28.89258440795322258 ) ) ;
#6051 = ORIENTED_EDGE ( 'NONE', *, *, #5474, .F. ) ;
#6052 = CARTESIAN_POINT ( 'NONE',  ( -45.00000000000000000, -7.565307581344757892, -32.67945752046476571 ) ) ;
#6053 = CARTESIAN_POINT ( 'NONE',  ( -45.00000000000000000, 0.1200269883714016744, -33.00999660752465559 ) ) ;
#6054 = ORIENTED_EDGE ( 'NONE', *, *, #2732, .T. ) ;
#6055 = CARTESIAN_POINT ( 'NONE',  ( 45.00000000000000000, -11.41902514096136478, -28.28824078050312707 ) ) ;
#6056 = EDGE_CURVE ( 'NONE', #217, #103, #4601, .T. ) ;
#6057 = CARTESIAN_POINT ( 'NONE',  ( 45.00000000000000000, 7.019483836327741422, -32.44053807877948969 ) ) ;
#6058 = VERTEX_POINT ( 'NONE', #3960 ) ;
#6059 = VERTEX_POINT ( 'NONE', #7117 ) ;
#6060 =( NAMED_UNIT ( * ) SI_UNIT ( $, .STERADIAN. ) SOLID_ANGLE_UNIT ( ) );
#6061 = VECTOR ( 'NONE', #3328, 1000.000000000000000 ) ;
#6062 = DIRECTION ( 'NONE',  ( 0.000000000000000000, 0.000000000000000000, -1.000000000000000000 ) ) ;
#6063 = MECHANICAL_DESIGN_GEOMETRIC_PRESENTATION_REPRESENTATION (  '', ( #2449 ), #4677 ) ;
#6064 = PRESENTATION_LAYER_ASSIGNMENT (  '', '', ( #2609 ) ) ;
#6065 = SURFACE_STYLE_FILL_AREA ( #2933 ) ;
#6066 = CARTESIAN_POINT ( 'NONE',  ( -45.00000000000000000, -11.30013420145151848, -30.08641831604780492 ) ) ;
#6067 = DIRECTION ( 'NONE',  ( 0.000000000000000000, 1.000000000000000000, 0.000000000000000000 ) ) ;
#6068 = FACE_OUTER_BOUND ( 'NONE', #7931, .T. ) ;
#6069 = ADVANCED_FACE ( 'NONE', ( #3206 ), #7738, .T. ) ;
#6070 = ORIENTED_EDGE ( 'NONE', *, *, #6540, .F. ) ;
#6071 = CARTESIAN_POINT ( 'NONE',  ( -45.00000000000000000, 10.80145614568966295, 29.72764464165788922 ) ) ;
#6072 = FILL_AREA_STYLE_COLOUR ( '', #9245 ) ;
#6073 = VECTOR ( 'NONE', #4225, 1000.000000000000227 ) ;
#6074 =( NAMED_UNIT ( * ) PLANE_ANGLE_UNIT ( ) SI_UNIT ( $, .RADIAN. ) );
#6075 = EDGE_CURVE ( 'NONE', #9369, #9895, #1090, .T. ) ;
#6076 = PRESENTATION_STYLE_ASSIGNMENT (( #1493 ) ) ;
#6077 = AXIS2_PLACEMENT_3D ( 'NONE', #7471, #8954, #2730 ) ;
#6078 = DIRECTION ( 'NONE',  ( -1.000000000000000000, -0.000000000000000000, -0.000000000000000000 ) ) ;
#6079 = LINE ( 'NONE', #2321, #2386 ) ;
#6080 = CARTESIAN_POINT ( 'NONE',  ( 45.00000000000000000, 3.787780920752721325, -32.44053786992127897 ) ) ;
#6081 = DIRECTION ( 'NONE',  ( -1.000000000000000000, -0.000000000000000000, -0.000000000000000000 ) ) ;
#6082 = DIRECTION ( 'NONE',  ( 0.000000000000000000, -0.1736492263815916093, 0.9848075680949424093 ) ) ;
#6083 = ORIENTED_EDGE ( 'NONE', *, *, #6787, .F. ) ;
#6084 = VERTEX_POINT ( 'NONE', #1706 ) ;
#6085 = CARTESIAN_POINT ( 'NONE',  ( -45.00000000000000000, 11.73426576670350308, -28.41166410908993001 ) ) ;
#6086 = AXIS2_PLACEMENT_3D ( 'NONE', #9612, #202, #4076 ) ;
#6087 =( GEOMETRIC_REPRESENTATION_CONTEXT ( 3 ) GLOBAL_UNCERTAINTY_ASSIGNED_CONTEXT ( ( #5497 ) ) GLOBAL_UNIT_ASSIGNED_CONTEXT ( ( #9477, #3241, #8782 ) ) REPRESENTATION_CONTEXT ( 'NONE', 'WORKASPACE' ) );
#6088 = ADVANCED_FACE ( 'NONE', ( #7168 ), #7271, .F. ) ;
#6089 = CARTESIAN_POINT ( 'NONE',  ( 45.00000000000000000, -12.37073395851987456, 32.44053839206689815 ) ) ;
#6090 =( NAMED_UNIT ( * ) SI_UNIT ( $, .STERADIAN. ) SOLID_ANGLE_UNIT ( ) );
#6091 = CARTESIAN_POINT ( 'NONE',  ( 45.00000000000000000, 9.800134291210595094, -29.82752931517285688 ) ) ;
#6092 = LINE ( 'NONE', #469, #10109 ) ;
#6093 = VECTOR ( 'NONE', #2768, 1000.000000000000000 ) ;
#6094 = SURFACE_STYLE_USAGE ( .BOTH. , #6783 ) ;
#6095 = AXIS2_PLACEMENT_3D ( 'NONE', #2801, #1206, #7495 ) ;
#6096 = DIRECTION ( 'NONE',  ( -1.000000000000000000, -0.000000000000000000, -0.000000000000000000 ) ) ;
#6097 = PRESENTATION_STYLE_ASSIGNMENT (( #3071 ) ) ;
#6098 = EDGE_LOOP ( 'NONE', ( #2031, #10198, #4259, #3551 ) ) ;
#6099 = PRESENTATION_LAYER_ASSIGNMENT (  '', '', ( #8729 ) ) ;
#6100 = LINE ( 'NONE', #1210, #8011 ) ;
#6102 = VECTOR ( 'NONE', #866, 1000.000000000000000 ) ;
#6101 = VECTOR ( 'NONE', #521, 1000.000000000000000 ) ;
#6103 = CARTESIAN_POINT ( 'NONE',  ( 45.00000000000000000, -3.111676294411882981, -33.00999785231632444 ) ) ;
#6104 = EDGE_CURVE ( 'NONE', #9281, #2774, #1860, .T. ) ;
#6105 = SURFACE_SIDE_STYLE ('',( #10110 ) ) ;
#6106 = EDGE_LOOP ( 'NONE', ( #7342, #6860, #116, #6439 ) ) ;
#6107 = SURFACE_STYLE_FILL_AREA ( #5436 ) ;
#6108 =( GEOMETRIC_REPRESENTATION_CONTEXT ( 3 ) GLOBAL_UNCERTAINTY_ASSIGNED_CONTEXT ( ( #2965 ) ) GLOBAL_UNIT_ASSIGNED_CONTEXT ( ( #9844, #5830, #1966 ) ) REPRESENTATION_CONTEXT ( 'NONE', 'WORKASPACE' ) );
#6109 = EDGE_LOOP ( 'NONE', ( #2369, #6557, #8939, #9582 ) ) ;
#6110 = ORIENTED_EDGE ( 'NONE', *, *, #8004, .F. ) ;
#6111 = UNCERTAINTY_MEASURE_WITH_UNIT (LENGTH_MEASURE( 1.000000000000000082E-05 ), #4031, 'distance_accuracy_value', 'NONE');
#6112 = SURFACE_STYLE_USAGE ( .BOTH. , #5241 ) ;
#6113 = SURFACE_STYLE_FILL_AREA ( #2981 ) ;
#6114 = EDGE_CURVE ( 'NONE', #7376, #5851, #3425, .T. ) ;
#6115 = MECHANICAL_DESIGN_GEOMETRIC_PRESENTATION_REPRESENTATION (  '', ( #3497 ), #5298 ) ;
#6116 = DIRECTION ( 'NONE',  ( 0.000000000000000000, 1.000000000000000000, 0.000000000000000000 ) ) ;
#6117 = FILL_AREA_STYLE_COLOUR ( '', #6855 ) ;
#6118 = LINE ( 'NONE', #4576, #575 ) ;
#6119 = DIRECTION ( 'NONE',  ( -1.000000000000000000, -0.000000000000000000, -0.000000000000000000 ) ) ;
#6120 = SURFACE_STYLE_USAGE ( .BOTH. , #500 ) ;
#6121 = ORIENTED_EDGE ( 'NONE', *, *, #7474, .F. ) ;
#6122 = LINE ( 'NONE', #6071, #7578 ) ;
#6123 = UNCERTAINTY_MEASURE_WITH_UNIT (LENGTH_MEASURE( 1.000000000000000082E-05 ), #4556, 'distance_accuracy_value', 'NONE');
#6124 = CARTESIAN_POINT ( 'NONE',  ( 45.00000000000000000, 3.111677696443458707, -32.60999785231635428 ) ) ;
#6125 = FILL_AREA_STYLE ('',( #549 ) ) ;
#6126 = EDGE_CURVE ( 'NONE', #10184, #3318, #4155, .T. ) ;
#6127 = ORIENTED_EDGE ( 'NONE', *, *, #3056, .T. ) ;
#6128 = CARTESIAN_POINT ( 'NONE',  ( 45.00000000000000000, -6.583431234827875400, 33.00999806117203406 ) ) ;
#6129 = FILL_AREA_STYLE_COLOUR ( '', #3055 ) ;
#6130 = SURFACE_STYLE_FILL_AREA ( #6236 ) ;
#6131 = DIRECTION ( 'NONE',  ( 0.000000000000000000, 0.000000000000000000, 1.000000000000000000 ) ) ;
#6132 = DIRECTION ( 'NONE',  ( -1.000000000000000000, -0.000000000000000000, -0.000000000000000000 ) ) ;
#6133 = ORIENTED_EDGE ( 'NONE', *, *, #7254, .T. ) ;
#6134 = ORIENTED_EDGE ( 'NONE', *, *, #10181, .T. ) ;
#6135 = ORIENTED_EDGE ( 'NONE', *, *, #6940, .T. ) ;
#6136 =( LENGTH_UNIT ( ) NAMED_UNIT ( * ) SI_UNIT ( .MILLI., .METRE. ) );
#6137 = EDGE_CURVE ( 'NONE', #2524, #2819, #5003, .T. ) ;
#6138 = SURFACE_STYLE_USAGE ( .BOTH. , #5219 ) ;
#6139 = SURFACE_STYLE_USAGE ( .BOTH. , #3957 ) ;
#6140 = MECHANICAL_DESIGN_GEOMETRIC_PRESENTATION_REPRESENTATION (  '', ( #7786 ), #7460 ) ;
#6141 = FILL_AREA_STYLE ('',( #4705 ) ) ;
#6142 = UNCERTAINTY_MEASURE_WITH_UNIT (LENGTH_MEASURE( 1.000000000000000082E-05 ), #4964, 'distance_accuracy_value', 'NONE');
#6143 =( LENGTH_UNIT ( ) NAMED_UNIT ( * ) SI_UNIT ( .MILLI., .METRE. ) );
#6144 = ORIENTED_EDGE ( 'NONE', *, *, #6787, .T. ) ;
#6145 = LINE ( 'NONE', #2854, #2457 ) ;
#6146 = EDGE_CURVE ( 'NONE', #6406, #4140, #9743, .T. ) ;
#6147 =( NAMED_UNIT ( * ) SI_UNIT ( $, .STERADIAN. ) SOLID_ANGLE_UNIT ( ) );
#6148 = FILL_AREA_STYLE ('',( #5379 ) ) ;
#6149 = ORIENTED_EDGE ( 'NONE', *, *, #4401, .F. ) ;
#6150 = CIRCLE ( 'NONE', #2196, 0.3999999999999767630 ) ;
#6151 = CARTESIAN_POINT ( 'NONE',  ( -45.00000000000000000, -6.583431234827875400, 32.60999815015303938 ) ) ;
#6152 = DIRECTION ( 'NONE',  ( 0.000000000000000000, 0.000000000000000000, -1.000000000000000000 ) ) ;
#6153 = CARTESIAN_POINT ( 'NONE',  ( 45.00000000000000000, -9.400134418011131032, -29.72752988155950504 ) ) ;
#6154 = EDGE_CURVE ( 'NONE', #8609, #9274, #1764, .T. ) ;
#6155 = DIRECTION ( 'NONE',  ( 0.000000000000000000, 0.000000000000000000, 1.000000000000000000 ) ) ;
#6156 = FILL_AREA_STYLE_COLOUR ( '', #216 ) ;
#6157 =( GEOMETRIC_REPRESENTATION_CONTEXT ( 3 ) GLOBAL_UNCERTAINTY_ASSIGNED_CONTEXT ( ( #3522 ) ) GLOBAL_UNIT_ASSIGNED_CONTEXT ( ( #1858, #3470, #2781 ) ) REPRESENTATION_CONTEXT ( 'NONE', 'WORKASPACE' ) );
#6158 = PRESENTATION_LAYER_ASSIGNMENT (  '', '', ( #2076 ) ) ;
#6159 = VECTOR ( 'NONE', #8228, 1000.000000000000114 ) ;
#6160 = DIRECTION ( 'NONE',  ( 0.000000000000000000, 0.1736463975343501553, 0.9848080668959522388 ) ) ;
#6161 = CARTESIAN_POINT ( 'NONE',  ( 45.00000000000000000, -10.79701049691976067, -32.67945772932296933 ) ) ;
#6162 = ORIENTED_EDGE ( 'NONE', *, *, #6023, .F. ) ;
#6163 = ORIENTED_EDGE ( 'NONE', *, *, #8966, .F. ) ;
#6164 = PLANE ( 'NONE',  #2654 ) ;
#6165 = ORIENTED_EDGE ( 'NONE', *, *, #9250, .F. ) ;
#6166 = MECHANICAL_DESIGN_GEOMETRIC_PRESENTATION_REPRESENTATION (  '', ( #9934 ), #1055 ) ;
#6167 =( GEOMETRIC_REPRESENTATION_CONTEXT ( 3 ) GLOBAL_UNCERTAINTY_ASSIGNED_CONTEXT ( ( #1967 ) ) GLOBAL_UNIT_ASSIGNED_CONTEXT ( ( #10161, #5383, #6938 ) ) REPRESENTATION_CONTEXT ( 'NONE', 'WORKASPACE' ) );
#6168 = AXIS2_PLACEMENT_3D ( 'NONE', #6524, #8726, #5585 ) ;
#6169 = CIRCLE ( 'NONE', #7487, 0.3999999999999767630 ) ;
#6170 = CARTESIAN_POINT ( 'NONE',  ( -45.00000000000000000, -12.37073395851987456, 32.44053839206689815 ) ) ;
#6171 = VECTOR ( 'NONE', #5522, 1000.000000000000000 ) ;
#6172 = SURFACE_STYLE_USAGE ( .BOTH. , #7005 ) ;
#6173 = DIRECTION ( 'NONE',  ( 0.000000000000000000, 0.9999999999906884485, -4.315444322543800932E-06 ) ) ;
#6174 = STYLED_ITEM ( 'NONE', ( #2852 ), #5890 ) ;
#6175 = DIRECTION ( 'NONE',  ( 1.000000000000000000, 0.000000000000000000, 0.000000000000000000 ) ) ;
#6176 = ORIENTED_EDGE ( 'NONE', *, *, #3158, .F. ) ;
#6177 = MECHANICAL_DESIGN_GEOMETRIC_PRESENTATION_REPRESENTATION (  '', ( #4855 ), #10111 ) ;
#6178 = DIRECTION ( 'NONE',  ( -0.000000000000000000, -0.1736492263816335757, -0.9848075680949350819 ) ) ;
#6179 = MECHANICAL_DESIGN_GEOMETRIC_PRESENTATION_REPRESENTATION (  '', ( #2067 ), #3863 ) ;
#6180 = LINE ( 'NONE', #2415, #1339 ) ;
#6181 = STYLED_ITEM ( 'NONE', ( #9490 ), #3796 ) ;
#6182 =( NAMED_UNIT ( * ) PLANE_ANGLE_UNIT ( ) SI_UNIT ( $, .RADIAN. ) );
#6183 = DIRECTION ( 'NONE',  ( 0.000000000000000000, 0.000000000000000000, 1.000000000000000000 ) ) ;
#6184 = ORIENTED_EDGE ( 'NONE', *, *, #1122, .T. ) ;
#6185 = DIRECTION ( 'NONE',  ( -0.000000000000000000, 0.1736483871528202716, -0.9848077160741707248 ) ) ;
#6186 = COLOUR_RGB ( '',0.8980392156862745390, 0.9176470588235293713, 0.9294117647058823817 ) ;
#6187 = DIRECTION ( 'NONE',  ( -0.000000000000000000, -0.000000000000000000, 1.000000000000000000 ) ) ;
#6188 = MECHANICAL_DESIGN_GEOMETRIC_PRESENTATION_REPRESENTATION (  '', ( #411 ), #7323 ) ;
#6189 = PRESENTATION_LAYER_ASSIGNMENT (  '', '', ( #2237 ) ) ;
#6190 = CARTESIAN_POINT ( 'NONE',  ( 45.00000000000000000, 11.43098639683158879, 33.00999827003280274 ) ) ;
#6191 = LINE ( 'NONE', #7775, #1902 ) ;
#6192 = FACE_OUTER_BOUND ( 'NONE', #2072, .T. ) ;
#6193 = CARTESIAN_POINT ( 'NONE',  ( -45.00000000000000000, 11.43098701022217334, -32.60999846344037678 ) ) ;
#6194 = ORIENTED_EDGE ( 'NONE', *, *, #5279, .F. ) ;
#6195 = VERTEX_POINT ( 'NONE', #6502 ) ;
#6196 = EDGE_CURVE ( 'NONE', #7480, #4129, #2582, .T. ) ;
#6197 = STYLED_ITEM ( 'NONE', ( #543 ), #6591 ) ;
#6198 = ORIENTED_EDGE ( 'NONE', *, *, #7240, .T. ) ;
#6199 = CARTESIAN_POINT ( 'NONE',  ( 45.00000000000000000, 10.80145147428094177, -29.72866197357683404 ) ) ;
#6200 = FACE_OUTER_BOUND ( 'NONE', #3954, .T. ) ;
#6201 =( NAMED_UNIT ( * ) SI_UNIT ( $, .STERADIAN. ) SOLID_ANGLE_UNIT ( ) );
#6202 =( NAMED_UNIT ( * ) SI_UNIT ( $, .STERADIAN. ) SOLID_ANGLE_UNIT ( ) );
#6203 = STYLED_ITEM ( 'NONE', ( #8627 ), #6643 ) ;
#6204 = FILL_AREA_STYLE ('',( #4344 ) ) ;
#6205 = EDGE_LOOP ( 'NONE', ( #2927, #3065, #8352, #5091 ) ) ;
#6206 =( NAMED_UNIT ( * ) SI_UNIT ( $, .STERADIAN. ) SOLID_ANGLE_UNIT ( ) );
#6207 = EDGE_CURVE ( 'NONE', #10141, #7934, #1293, .T. ) ;
#6208 = CARTESIAN_POINT ( 'NONE',  ( 45.00000000000000000, 10.79701189895134306, -32.67945772932300486 ) ) ;
#6209 = ORIENTED_EDGE ( 'NONE', *, *, #6295, .F. ) ;
#6210 = CARTESIAN_POINT ( 'NONE',  ( -45.00000000000000000, -9.300134418011170467, -29.82752915061867682 ) ) ;
#6211 = MECHANICAL_DESIGN_GEOMETRIC_PRESENTATION_REPRESENTATION (  '', ( #9982 ), #104 ) ;
#6212 = EDGE_CURVE ( 'NONE', #641, #709, #74, .T. ) ;
#6213 = DIRECTION ( 'NONE',  ( 0.000000000000000000, 0.000000000000000000, -1.000000000000000000 ) ) ;
#6214 = FILL_AREA_STYLE_COLOUR ( '', #4557 ) ;
#6215 = SURFACE_STYLE_USAGE ( .BOTH. , #3779 ) ;
#6216 = AXIS2_PLACEMENT_3D ( 'NONE', #5834, #5168, #8406 ) ;
#6217 =( LENGTH_UNIT ( ) NAMED_UNIT ( * ) SI_UNIT ( .MILLI., .METRE. ) );
#6218 = ORIENTED_EDGE ( 'NONE', *, *, #7366, .T. ) ;
#6219 = VERTEX_POINT ( 'NONE', #457 ) ;
#6220 = SURFACE_SIDE_STYLE ('',( #643 ) ) ;
#6221 = ORIENTED_EDGE ( 'NONE', *, *, #3145, .T. ) ;
#6222 = EDGE_CURVE ( 'NONE', #7507, #9341, #5158, .T. ) ;
#6223 = VECTOR ( 'NONE', #295, 1000.000000000000000 ) ;
#6224 = DIRECTION ( 'NONE',  ( -0.000000000000000000, 0.9848075680949420763, 0.1736492263815938297 ) ) ;
#6225 = ORIENTED_EDGE ( 'NONE', *, *, #796, .F. ) ;
#6226 =( LENGTH_UNIT ( ) NAMED_UNIT ( * ) SI_UNIT ( .MILLI., .METRE. ) );
#6227 = FACE_OUTER_BOUND ( 'NONE', #10056, .T. ) ;
#6228 = DIRECTION ( 'NONE',  ( -1.000000000000000000, -0.000000000000000000, -0.000000000000000000 ) ) ;
#6229 = ORIENTED_EDGE ( 'NONE', *, *, #9271, .T. ) ;
#6230 = UNCERTAINTY_MEASURE_WITH_UNIT (LENGTH_MEASURE( 1.000000000000000082E-05 ), #4113, 'distance_accuracy_value', 'NONE');
#6231 = DIRECTION ( 'NONE',  ( 0.000000000000000000, 0.000000000000000000, 1.000000000000000000 ) ) ;
#6232 = EDGE_LOOP ( 'NONE', ( #9896, #6958, #6928, #9842 ) ) ;
#6233 = DIRECTION ( 'NONE',  ( 1.000000000000000000, 0.000000000000000000, 0.000000000000000000 ) ) ;
#6234 =( NAMED_UNIT ( * ) PLANE_ANGLE_UNIT ( ) SI_UNIT ( $, .RADIAN. ) );
#6235 = EDGE_CURVE ( 'NONE', #1049, #441, #7568, .T. ) ;
#6236 = FILL_AREA_STYLE ('',( #664 ) ) ;
#6237 = VECTOR ( 'NONE', #8563, 999.9999999999998863 ) ;
#6238 = COLOUR_RGB ( '',0.8980392156862745390, 0.9176470588235293713, 0.9294117647058823817 ) ;
#6239 = ORIENTED_EDGE ( 'NONE', *, *, #7281, .F. ) ;
#6240 = ORIENTED_EDGE ( 'NONE', *, *, #983, .T. ) ;
#6241 = SURFACE_STYLE_USAGE ( .BOTH. , #10186 ) ;
#6242 = LINE ( 'NONE', #767, #4940 ) ;
#6244 = ORIENTED_EDGE ( 'NONE', *, *, #522, .F. ) ;
#6243 = AXIS2_PLACEMENT_3D ( 'NONE', #4899, #140, #4842 ) ;
#6245 = DIRECTION ( 'NONE',  ( -1.000000000000000000, -0.000000000000000000, -0.000000000000000000 ) ) ;
#6246 = ORIENTED_EDGE ( 'NONE', *, *, #2677, .F. ) ;
#6247 = SURFACE_STYLE_FILL_AREA ( #8502 ) ;
#6248 = MECHANICAL_DESIGN_GEOMETRIC_PRESENTATION_REPRESENTATION (  '', ( #1963 ), #5103 ) ;
#6249 =( LENGTH_UNIT ( ) NAMED_UNIT ( * ) SI_UNIT ( .MILLI., .METRE. ) );
#6250 = EDGE_CURVE ( 'NONE', #8463, #5641, #5212, .T. ) ;
#6251 = PRESENTATION_STYLE_ASSIGNMENT (( #3107 ) ) ;
#6252 = DIRECTION ( 'NONE',  ( -1.000000000000000000, 0.000000000000000000, -0.000000000000000000 ) ) ;
#6253 = ORIENTED_EDGE ( 'NONE', *, *, #8250, .F. ) ;
#6254 = LINE ( 'NONE', #7853, #505 ) ;
#6255 = CARTESIAN_POINT ( 'NONE',  ( 45.00000000000000000, 10.80018291731193258, 30.07663308736904639 ) ) ;
#6256 = STYLED_ITEM ( 'NONE', ( #693 ), #9022 ) ;
#6257 = EDGE_LOOP ( 'NONE', ( #5578, #4979, #6198, #2251 ) ) ;
#6258 = CARTESIAN_POINT ( 'NONE',  ( -45.00000000000000000, 14.00000245523013120, -33.00999754738848679 ) ) ;
#6259 = EDGE_CURVE ( 'NONE', #7721, #9388, #511, .T. ) ;
#6260 = PRESENTATION_STYLE_ASSIGNMENT (( #4468 ) ) ;
#6261 =( GEOMETRIC_REPRESENTATION_CONTEXT ( 3 ) GLOBAL_UNCERTAINTY_ASSIGNED_CONTEXT ( ( #23 ) ) GLOBAL_UNIT_ASSIGNED_CONTEXT ( ( #1620, #4869, #5584 ) ) REPRESENTATION_CONTEXT ( 'NONE', 'WORKASPACE' ) );
#6262 = DIRECTION ( 'NONE',  ( 0.000000000000000000, -0.1736463975343656707, -0.9848080668959495743 ) ) ;
#6263 = LINE ( 'NONE', #8515, #8950 ) ;
#6264 = CARTESIAN_POINT ( 'NONE',  ( 45.00000000000000000, -12.41286131668041826, -32.67945703790458367 ) ) ;
#6265 = ORIENTED_EDGE ( 'NONE', *, *, #3997, .F. ) ;
#6266 = VERTEX_POINT ( 'NONE', #9114 ) ;
#6267 = COLOUR_RGB ( '',0.8980392156862745390, 0.9176470588235293713, 0.9294117647058823817 ) ;
#6268 = ORIENTED_EDGE ( 'NONE', *, *, #8449, .T. ) ;
#6270 =( GEOMETRIC_REPRESENTATION_CONTEXT ( 3 ) GLOBAL_UNCERTAINTY_ASSIGNED_CONTEXT ( ( #8509 ) ) GLOBAL_UNIT_ASSIGNED_CONTEXT ( ( #4465, #3685, #9207 ) ) REPRESENTATION_CONTEXT ( 'NONE', 'WORKASPACE' ) );
#6269 = AXIS2_PLACEMENT_3D ( 'NONE', #5377, #7744, #2855 ) ;
#6271 = FACE_OUTER_BOUND ( 'NONE', #6039, .T. ) ;
#6272 = EDGE_CURVE ( 'NONE', #5045, #7598, #2895, .T. ) ;
#6273 = DIRECTION ( 'NONE',  ( 0.000000000000000000, -0.1736492263816221404, 0.9848075680949369692 ) ) ;
#6274 = PLANE ( 'NONE',  #5051 ) ;
#6276 = STYLED_ITEM ( 'NONE', ( #515 ), #1184 ) ;
#6275 = VECTOR ( 'NONE', #5669, 1000.000000000000000 ) ;
#6277 = DIRECTION ( 'NONE',  ( 0.000000000000000000, -0.1736492263816315218, 0.9848075680949354149 ) ) ;
#6278 = CARTESIAN_POINT ( 'NONE',  ( -45.00000000000000000, 9.815134939044030560, 32.60999825458216606 ) ) ;
#6279 = DIRECTION ( 'NONE',  ( 1.000000000000000000, 0.000000000000000000, 0.000000000000000000 ) ) ;
#6280 = MECHANICAL_DESIGN_GEOMETRIC_PRESENTATION_REPRESENTATION (  '', ( #10042 ), #1999 ) ;
#6281 = DIRECTION ( 'NONE',  ( 0.000000000000000000, 0.000000000000000000, -1.000000000000000000 ) ) ;
#6282 = ADVANCED_FACE ( 'NONE', ( #5931 ), #2115, .F. ) ;
#6283 = VERTEX_POINT ( 'NONE', #5260 ) ;
#6284 = DIRECTION ( 'NONE',  ( -1.000000000000000000, -0.000000000000000000, -0.000000000000000000 ) ) ;
#6285 = VECTOR ( 'NONE', #9168, 1000.000000000000114 ) ;
#6286 = CARTESIAN_POINT ( 'NONE',  ( 45.00000000000000000, 5.949457525588830897, -32.67945741603569587 ) ) ;
#6287 =( NAMED_UNIT ( * ) SI_UNIT ( $, .STERADIAN. ) SOLID_ANGLE_UNIT ( ) );
#6288 = CARTESIAN_POINT ( 'NONE',  ( 45.00000000000000000, -11.41902544830029242, 28.48824047302989015 ) ) ;
#6289 = CARTESIAN_POINT ( 'NONE',  ( -45.00000000000000000, -4.291476669582347192, -32.44053786992127897 ) ) ;
#6290 = ORIENTED_EDGE ( 'NONE', *, *, #8071, .T. ) ;
#6291 = ORIENTED_EDGE ( 'NONE', *, *, #7616, .T. ) ;
#6292 =( NAMED_UNIT ( * ) PLANE_ANGLE_UNIT ( ) SI_UNIT ( $, .RADIAN. ) );
#6293 = CYLINDRICAL_SURFACE ( 'NONE', #483, 0.09999926906049255715 ) ;
#6294 = ORIENTED_EDGE ( 'NONE', *, *, #527, .F. ) ;
#6295 = EDGE_CURVE ( 'NONE', #6723, #6328, #5065, .T. ) ;
#6296 = DIRECTION ( 'NONE',  ( 0.000000000000000000, 0.000000000000000000, 1.000000000000000000 ) ) ;
#6297 = LINE ( 'NONE', #2380, #6171 ) ;
#6298 = LINE ( 'NONE', #4748, #565 ) ;
#6299 = PRESENTATION_STYLE_ASSIGNMENT (( #6979 ) ) ;
#6300 = ORIENTED_EDGE ( 'NONE', *, *, #8840, .F. ) ;
#6301 = VERTEX_POINT ( 'NONE', #4482 ) ;
#6302 = FACE_OUTER_BOUND ( 'NONE', #6708, .T. ) ;
#6303 = ADVANCED_FACE ( 'NONE', ( #3709 ), #6865, .T. ) ;
#6304 = DIRECTION ( 'NONE',  ( 0.000000000000000000, 0.000000000000000000, -1.000000000000000000 ) ) ;
#6305 = ORIENTED_EDGE ( 'NONE', *, *, #1582, .F. ) ;
#6306 = LINE ( 'NONE', #5579, #6706 ) ;
#6307 = DIRECTION ( 'NONE',  ( -1.000000000000000000, -0.000000000000000000, -0.000000000000000000 ) ) ;
#6308 = CARTESIAN_POINT ( 'NONE',  ( 45.00000000000000000, -9.300134418011170467, -31.02000028892890171 ) ) ;
#6309 = FILL_AREA_STYLE ('',( #3173 ) ) ;
#6310 = MECHANICAL_DESIGN_GEOMETRIC_PRESENTATION_REPRESENTATION (  '', ( #8934 ), #1696 ) ;
#6311 = PRESENTATION_STYLE_ASSIGNMENT (( #6465 ) ) ;
#6312 = DIRECTION ( 'NONE',  ( -1.000000000000000000, -0.000000000000000000, -0.000000000000000000 ) ) ;
#6313 = DIRECTION ( 'NONE',  ( 1.000000000000000000, 0.000000000000000000, 0.000000000000000000 ) ) ;
#6314 =( NAMED_UNIT ( * ) PLANE_ANGLE_UNIT ( ) SI_UNIT ( $, .RADIAN. ) );
#6315 = EDGE_CURVE ( 'NONE', #5171, #9599, #6191, .T. ) ;
#6316 = ORIENTED_EDGE ( 'NONE', *, *, #4084, .F. ) ;
#6317 = ORIENTED_EDGE ( 'NONE', *, *, #2824, .F. ) ;
#6318 = CARTESIAN_POINT ( 'NONE',  ( 45.00000000000000000, -6.977354174436869449, -32.67945782525419673 ) ) ;
#6319 = ORIENTED_EDGE ( 'NONE', *, *, #5296, .T. ) ;
#6320 = DIRECTION ( 'NONE',  ( -1.000000000000000000, -0.000000000000000000, -0.000000000000000000 ) ) ;
#6321 = PRESENTATION_LAYER_ASSIGNMENT (  '', '', ( #882 ) ) ;
#6322 = ORIENTED_EDGE ( 'NONE', *, *, #570, .T. ) ;
#6323 = COLOUR_RGB ( '',0.8980392156862745390, 0.9176470588235293713, 0.9294117647058823817 ) ;
#6324 = SURFACE_STYLE_USAGE ( .BOTH. , #9424 ) ;
#6325 = CARTESIAN_POINT ( 'NONE',  ( 45.00000000000000000, 9.575082914202827311, 32.60999816560364195 ) ) ;
#6326 =( GEOMETRIC_REPRESENTATION_CONTEXT ( 3 ) GLOBAL_UNCERTAINTY_ASSIGNED_CONTEXT ( ( #1154 ) ) GLOBAL_UNIT_ASSIGNED_CONTEXT ( ( #5138, #7338, #9043 ) ) REPRESENTATION_CONTEXT ( 'NONE', 'WORKASPACE' ) );
#6327 =( NAMED_UNIT ( * ) SI_UNIT ( $, .STERADIAN. ) SOLID_ANGLE_UNIT ( ) );
#6328 = VERTEX_POINT ( 'NONE', #9384 ) ;
#6329 = EDGE_CURVE ( 'NONE', #8848, #2111, #5459, .T. ) ;
#6330 = VECTOR ( 'NONE', #447, 1000.000000000000000 ) ;
#6331 = UNCERTAINTY_MEASURE_WITH_UNIT (LENGTH_MEASURE( 1.000000000000000082E-05 ), #7537, 'distance_accuracy_value', 'NONE');
#6332 = CARTESIAN_POINT ( 'NONE',  ( 45.00000000000000000, 4.727529154230967201, -33.00999795674543691 ) ) ;
#6333 = FILL_AREA_STYLE_COLOUR ( '', #2418 ) ;
#6334 = VECTOR ( 'NONE', #3657, 1000.000000000000114 ) ;
#6335 = EDGE_LOOP ( 'NONE', ( #8997, #32, #1452, #5144 ) ) ;
#6336 = AXIS2_PLACEMENT_3D ( 'NONE', #2213, #6911, #9986 ) ;
#6337 = DIRECTION ( 'NONE',  ( 0.000000000000000000, 0.000000000000000000, -1.000000000000000000 ) ) ;
#6338 = ADVANCED_FACE ( 'NONE', ( #9278 ), #8592, .T. ) ;
#6339 = FACE_OUTER_BOUND ( 'NONE', #3674, .T. ) ;
#6340 = VECTOR ( 'NONE', #8556, 1000.000000000000000 ) ;
#6341 = DIRECTION ( 'NONE',  ( 0.000000000000000000, 0.9999933447573197132, -0.003648347717577634600 ) ) ;
#6342 = VECTOR ( 'NONE', #3593, 1000.000000000000000 ) ;
#6343 = CIRCLE ( 'NONE', #2896, 0.3999999110189944584 ) ;
#6344 = SURFACE_STYLE_FILL_AREA ( #7880 ) ;
#6345 = ORIENTED_EDGE ( 'NONE', *, *, #9917, .F. ) ;
#6346 = ORIENTED_EDGE ( 'NONE', *, *, #4201, .F. ) ;
#6347 = ORIENTED_EDGE ( 'NONE', *, *, #1196, .F. ) ;
#6348 = VECTOR ( 'NONE', #3706, 1000.000000000000000 ) ;
#6349 = CARTESIAN_POINT ( 'NONE',  ( 45.00000000000000000, -10.79701049691976067, -32.67945772932296933 ) ) ;
#6350 = LINE ( 'NONE', #1654, #2591 ) ;
#6351 = AXIS2_PLACEMENT_3D ( 'NONE', #9912, #9046, #1942 ) ;
#6352 = EDGE_CURVE ( 'NONE', #2106, #6471, #3804, .T. ) ;
#6353 = CARTESIAN_POINT ( 'NONE',  ( -45.00000000000000000, -7.959230667774255252, 32.60999816560364195 ) ) ;
#6354 = FILL_AREA_STYLE_COLOUR ( '', #1894 ) ;
#6355 = VECTOR ( 'NONE', #6852, 1000.000000000000000 ) ;
#6356 =( LENGTH_UNIT ( ) NAMED_UNIT ( * ) SI_UNIT ( .MILLI., .METRE. ) );
#6357 = VERTEX_POINT ( 'NONE', #5406 ) ;
#6358 = AXIS2_PLACEMENT_3D ( 'NONE', #8974, #7373, #4390 ) ;
#6359 = MECHANICAL_DESIGN_GEOMETRIC_PRESENTATION_REPRESENTATION (  '', ( #5831 ), #10104 ) ;
#6360 = ORIENTED_EDGE ( 'NONE', *, *, #1169, .T. ) ;
#6361 = DIRECTION ( 'NONE',  ( -1.000000000000000000, 0.000000000000000000, -0.000000000000000000 ) ) ;
#6362 = DIRECTION ( 'NONE',  ( 0.000000000000000000, 1.000000000000000000, 0.000000000000000000 ) ) ;
#6363 = ORIENTED_EDGE ( 'NONE', *, *, #8678, .F. ) ;
#6364 = LINE ( 'NONE', #7748, #765 ) ;
#6365 =( NAMED_UNIT ( * ) SI_UNIT ( $, .STERADIAN. ) SOLID_ANGLE_UNIT ( ) );
#6366 = FACE_OUTER_BOUND ( 'NONE', #1232, .T. ) ;
#6367 = ADVANCED_FACE ( 'NONE', ( #760 ), #2365, .T. ) ;
#6368 = CARTESIAN_POINT ( 'NONE',  ( 45.00000000000000000, -11.19093358334937882, 33.00999837446191520 ) ) ;
#6369 = DIRECTION ( 'NONE',  ( 0.000000000000000000, 0.000000000000000000, -1.000000000000000000 ) ) ;
#6370 = VECTOR ( 'NONE', #4455, 1000.000000000000000 ) ;
#6371 = FILL_AREA_STYLE_COLOUR ( '', #2118 ) ;
#6372 = CARTESIAN_POINT ( 'NONE',  ( 45.00000000000000000, -4.967578050862965888, 33.00999795673732251 ) ) ;
#6373 = ORIENTED_EDGE ( 'NONE', *, *, #4947, .F. ) ;
#6374 = ORIENTED_EDGE ( 'NONE', *, *, #2613, .T. ) ;
#6375 = MECHANICAL_DESIGN_GEOMETRIC_PRESENTATION_REPRESENTATION (  '', ( #9162 ), #2919 ) ;
#6376 = FILL_AREA_STYLE ('',( #1627 ) ) ;
#6377 = ORIENTED_EDGE ( 'NONE', *, *, #3686, .F. ) ;
#6378 = FACE_OUTER_BOUND ( 'NONE', #468, .T. ) ;
#6379 = EDGE_CURVE ( 'NONE', #2774, #4673, #2243, .T. ) ;
#6380 = VERTEX_POINT ( 'NONE', #9491 ) ;
#6381 = AXIS2_PLACEMENT_3D ( 'NONE', #2441, #9408, #10057 ) ;
#6382 = DIRECTION ( 'NONE',  ( 1.000000000000000000, 0.000000000000000000, 0.000000000000000000 ) ) ;
#6383 =( NAMED_UNIT ( * ) SI_UNIT ( $, .STERADIAN. ) SOLID_ANGLE_UNIT ( ) );
#6384 = CARTESIAN_POINT ( 'NONE',  ( 45.00000000000000000, -7.019482434295976958, 32.44053807877953233 ) ) ;
#6385 = ORIENTED_EDGE ( 'NONE', *, *, #5442, .T. ) ;
#6386 = CARTESIAN_POINT ( 'NONE',  ( 45.00000000000000000, -2.675625211794851133, -32.44053776549218071 ) ) ;
#6387 =( LENGTH_UNIT ( ) NAMED_UNIT ( * ) SI_UNIT ( .MILLI., .METRE. ) );
#6388 = SURFACE_STYLE_FILL_AREA ( #3249 ) ;
#6389 =( NAMED_UNIT ( * ) SI_UNIT ( $, .STERADIAN. ) SOLID_ANGLE_UNIT ( ) );
#6390 = DIRECTION ( 'NONE',  ( -1.000000000000000000, -0.000000000000000000, -0.000000000000000000 ) ) ;
#6391 = EDGE_CURVE ( 'NONE', #6885, #5391, #1692, .T. ) ;
#6392 =( NAMED_UNIT ( * ) SI_UNIT ( $, .STERADIAN. ) SOLID_ANGLE_UNIT ( ) );
#6393 = SURFACE_STYLE_USAGE ( .BOTH. , #7156 ) ;
#6394 =( NAMED_UNIT ( * ) PLANE_ANGLE_UNIT ( ) SI_UNIT ( $, .RADIAN. ) );
#6395 = ORIENTED_EDGE ( 'NONE', *, *, #803, .F. ) ;
#6396 = ORIENTED_EDGE ( 'NONE', *, *, #10045, .F. ) ;
#6397 = LINE ( 'NONE', #7990, #6589 ) ;
#6398 = DIRECTION ( 'NONE',  ( 0.000000000000000000, -0.1736492263816896697, 0.9848075680949252009 ) ) ;
#6399 = AXIS2_PLACEMENT_3D ( 'NONE', #3176, #6313, #9464 ) ;
#6400 = LINE ( 'NONE', #4744, #5244 ) ;
#6401 = SURFACE_STYLE_USAGE ( .BOTH. , #3008 ) ;
#6402 = CARTESIAN_POINT ( 'NONE',  ( 45.00000000000000000, -7.959230667774255252, 33.00999816560367606 ) ) ;
#6403 = CIRCLE ( 'NONE', #624, 0.3999999999999837019 ) ;
#6404 = DIRECTION ( 'NONE',  ( 0.000000000000000000, -1.000000000000000000, 0.000000000000000000 ) ) ;
#6405 = SURFACE_STYLE_USAGE ( .BOTH. , #7169 ) ;
#6406 = VERTEX_POINT ( 'NONE', #4199 ) ;
#6407 = PRESENTATION_LAYER_ASSIGNMENT (  '', '', ( #626 ) ) ;
#6408 = CARTESIAN_POINT ( 'NONE',  ( 45.00000000000000000, 9.181159827773125670, 32.67945752046473729 ) ) ;
#6409 = EDGE_CURVE ( 'NONE', #8222, #3266, #8798, .T. ) ;
#6410 = FILL_AREA_STYLE_COLOUR ( '', #6930 ) ;
#6411 = MECHANICAL_DESIGN_GEOMETRIC_PRESENTATION_REPRESENTATION (  '', ( #5095 ), #2630 ) ;
#6412 = DIRECTION ( 'NONE',  ( -1.000000000000000000, 0.000000000000000000, -0.000000000000000000 ) ) ;
#6413 = ORIENTED_EDGE ( 'NONE', *, *, #3903, .F. ) ;
#6414 = SURFACE_STYLE_USAGE ( .BOTH. , #4807 ) ;
#6415 =( NAMED_UNIT ( * ) SI_UNIT ( $, .STERADIAN. ) SOLID_ANGLE_UNIT ( ) );
#6416 = DIRECTION ( 'NONE',  ( -0.000000000000000000, -0.1736492263816335757, -0.9848075680949350819 ) ) ;
#6417 = MECHANICAL_DESIGN_GEOMETRIC_PRESENTATION_REPRESENTATION (  '', ( #5100 ), #9039 ) ;
#6418 = SURFACE_STYLE_USAGE ( .BOTH. , #3334 ) ;
#6419 = LINE ( 'NONE', #938, #4613 ) ;
#6420 =( NAMED_UNIT ( * ) PLANE_ANGLE_UNIT ( ) SI_UNIT ( $, .RADIAN. ) );
#6421 = CARTESIAN_POINT ( 'NONE',  ( 45.00000000000000000, 8.199283481256454564, 32.60999815015303938 ) ) ;
#6422 = CARTESIAN_POINT ( 'NONE',  ( 45.00000000000000000, -11.19093358334937882, 32.60999837446188820 ) ) ;
#6423 =( GEOMETRIC_REPRESENTATION_CONTEXT ( 3 ) GLOBAL_UNCERTAINTY_ASSIGNED_CONTEXT ( ( #477 ) ) GLOBAL_UNIT_ASSIGNED_CONTEXT ( ( #6016, #337, #5968 ) ) REPRESENTATION_CONTEXT ( 'NONE', 'WORKASPACE' ) );
#6424 = VERTEX_POINT ( 'NONE', #8844 ) ;
#6425 = EDGE_LOOP ( 'NONE', ( #572, #6476, #2594, #1611 ) ) ;
#6426 =( NAMED_UNIT ( * ) SI_UNIT ( $, .STERADIAN. ) SOLID_ANGLE_UNIT ( ) );
#6427 = ORIENTED_EDGE ( 'NONE', *, *, #8456, .T. ) ;
#6428 = EDGE_CURVE ( 'NONE', #9549, #4353, #7657, .T. ) ;
#6429 =( GEOMETRIC_REPRESENTATION_CONTEXT ( 3 ) GLOBAL_UNCERTAINTY_ASSIGNED_CONTEXT ( ( #433 ) ) GLOBAL_UNIT_ASSIGNED_CONTEXT ( ( #9312, #6314, #590 ) ) REPRESENTATION_CONTEXT ( 'NONE', 'WORKASPACE' ) );
#6430 = PRESENTATION_LAYER_ASSIGNMENT (  '', '', ( #4435 ) ) ;
#6431 =( LENGTH_UNIT ( ) NAMED_UNIT ( * ) SI_UNIT ( .MILLI., .METRE. ) );
#6432 = DIRECTION ( 'NONE',  ( -0.000000000000000000, -0.1736483871527396416, 0.9848077160741849356 ) ) ;
#6433 = FACE_OUTER_BOUND ( 'NONE', #4634, .T. ) ;
#6434 =( GEOMETRIC_REPRESENTATION_CONTEXT ( 3 ) GLOBAL_UNCERTAINTY_ASSIGNED_CONTEXT ( ( #6789 ) ) GLOBAL_UNIT_ASSIGNED_CONTEXT ( ( #4409, #491, #6060 ) ) REPRESENTATION_CONTEXT ( 'NONE', 'WORKASPACE' ) );
#6435 = LINE ( 'NONE', #3290, #4336 ) ;
#6436 = CIRCLE ( 'NONE', #823, 0.3999999999999767630 ) ;
#6437 = SURFACE_STYLE_FILL_AREA ( #4884 ) ;
#6438 = AXIS2_PLACEMENT_3D ( 'NONE', #8940, #2716, #5860 ) ;
#6439 = ORIENTED_EDGE ( 'NONE', *, *, #146, .T. ) ;
#6440 = SURFACE_SIDE_STYLE ('',( #8842 ) ) ;
#6441 = EDGE_CURVE ( 'NONE', #7335, #1041, #1017, .T. ) ;
#6442 = FILL_AREA_STYLE_COLOUR ( '', #8166 ) ;
#6443 = CIRCLE ( 'NONE', #504, 0.3999999110171348349 ) ;
#6445 = STYLED_ITEM ( 'NONE', ( #922 ), #1310 ) ;
#6444 = CIRCLE ( 'NONE', #2489, 1.000000000000014655 ) ;
#6446 = FACE_OUTER_BOUND ( 'NONE', #2727, .T. ) ;
#6447 = DIRECTION ( 'NONE',  ( 0.000000000000000000, 0.000000000000000000, 1.000000000000000000 ) ) ;
#6448 = FILL_AREA_STYLE_COLOUR ( '', #2785 ) ;
#6449 = PRESENTATION_STYLE_ASSIGNMENT (( #3304 ) ) ;
#6450 = EDGE_LOOP ( 'NONE', ( #8113, #9667, #4570, #3963 ) ) ;
#6451 = COLOUR_RGB ( '',0.8980392156862745390, 0.9176470588235293713, 0.9294117647058823817 ) ;
#6452 = FILL_AREA_STYLE_COLOUR ( '', #1973 ) ;
#6453 = ADVANCED_FACE ( 'NONE', ( #7259 ), #4050, .F. ) ;
#6454 = FACE_OUTER_BOUND ( 'NONE', #9049, .T. ) ;
#6455 = CARTESIAN_POINT ( 'NONE',  ( -45.00000000000000000, -9.400260250672259232, 29.72752967031593485 ) ) ;
#6456 = CARTESIAN_POINT ( 'NONE',  ( 45.00000000000000000, 11.43098701022217334, -33.00999837445934304 ) ) ;
#6457 = ORIENTED_EDGE ( 'NONE', *, *, #4670, .F. ) ;
#6458 = CARTESIAN_POINT ( 'NONE',  ( -45.00000000000000000, -11.23426618474915806, 28.41166361926818240 ) ) ;
#6459 = EDGE_CURVE ( 'NONE', #1681, #9591, #4994, .T. ) ;
#6460 = FACE_OUTER_BOUND ( 'NONE', #1194, .T. ) ;
#6461 = SURFACE_STYLE_FILL_AREA ( #7129 ) ;
#6462 = DIRECTION ( 'NONE',  ( -1.000000000000000000, -0.000000000000000000, -0.000000000000000000 ) ) ;
#6463 = ORIENTED_EDGE ( 'NONE', *, *, #6560, .F. ) ;
#6464 = EDGE_CURVE ( 'NONE', #4140, #4724, #8133, .T. ) ;
#6465 = SURFACE_STYLE_USAGE ( .BOTH. , #2503 ) ;
#6466 = DIRECTION ( 'NONE',  ( 1.000000000000000000, 0.000000000000000000, 0.000000000000000000 ) ) ;
#6467 = CARTESIAN_POINT ( 'NONE',  ( 45.00000000000000000, 7.565308983376330509, -32.67945752046476571 ) ) ;
#6468 = ORIENTED_EDGE ( 'NONE', *, *, #2928, .F. ) ;
#6469 = ORIENTED_EDGE ( 'NONE', *, *, #9356, .T. ) ;
#6470 = DIRECTION ( 'NONE',  ( 0.000000000000000000, 1.000000000000000000, 0.000000000000000000 ) ) ;
#6471 = VERTEX_POINT ( 'NONE', #84 ) ;
#6472 = DIRECTION ( 'NONE',  ( 1.000000000000000000, 0.000000000000000000, 0.000000000000000000 ) ) ;
#6473 = AXIS2_PLACEMENT_3D ( 'NONE', #9118, #6713, #6082 ) ;
#6474 = EDGE_CURVE ( 'NONE', #8370, #6357, #231, .T. ) ;
#6475 = DIRECTION ( 'NONE',  ( 0.000000000000000000, 0.000000000000000000, -1.000000000000000000 ) ) ;
#6476 = ORIENTED_EDGE ( 'NONE', *, *, #3359, .F. ) ;
#6477 = PRESENTATION_STYLE_ASSIGNMENT (( #1064 ) ) ;
#6478 = FILL_AREA_STYLE_COLOUR ( '', #6323 ) ;
#6479 = VERTEX_POINT ( 'NONE', #9587 ) ;
#6480 = DIRECTION ( 'NONE',  ( -1.000000000000000000, -0.000000000000000000, -0.000000000000000000 ) ) ;
#6481 = VECTOR ( 'NONE', #8873, 1000.000000000000000 ) ;
#6482 = PLANE ( 'NONE',  #7399 ) ;
#6483 = STYLED_ITEM ( 'NONE', ( #2581 ), #3542 ) ;
#6484 = SURFACE_STYLE_FILL_AREA ( #8796 ) ;
#6485 =( NAMED_UNIT ( * ) PLANE_ANGLE_UNIT ( ) SI_UNIT ( $, .RADIAN. ) );
#6486 = DIRECTION ( 'NONE',  ( -0.000000000000000000, 0.1736483871528286260, -0.9848077160741690594 ) ) ;
#6487 = LINE ( 'NONE', #3995, #10112 ) ;
#6488 = EDGE_CURVE ( 'NONE', #9417, #10141, #2519, .T. ) ;
#6489 =( NAMED_UNIT ( * ) SI_UNIT ( $, .STERADIAN. ) SOLID_ANGLE_UNIT ( ) );
#6490 = ORIENTED_EDGE ( 'NONE', *, *, #514, .T. ) ;
#6491 = AXIS2_PLACEMENT_3D ( 'NONE', #1153, #1450, #6131 ) ;
#6492 = CYLINDRICAL_SURFACE ( 'NONE', #7910, 0.5000000000000004441 ) ;
#6493 = STYLED_ITEM ( 'NONE', ( #3187 ), #8144 ) ;
#6494 = FILL_AREA_STYLE_COLOUR ( '', #6604 ) ;
#6495 = PRESENTATION_LAYER_ASSIGNMENT (  '', '', ( #1052 ) ) ;
#6496 = FACE_OUTER_BOUND ( 'NONE', #6106, .T. ) ;
#6497 = ORIENTED_EDGE ( 'NONE', *, *, #8530, .T. ) ;
#6498 = CARTESIAN_POINT ( 'NONE',  ( 45.00000000000000000, -5.403630976508411621, 32.44053797435041275 ) ) ;
#6499 = DIRECTION ( 'NONE',  ( 0.000000000000000000, 1.000000000000000000, 0.000000000000000000 ) ) ;
#6500 = STYLED_ITEM ( 'NONE', ( #1656 ), #5988 ) ;
#6501 = LINE ( 'NONE', #5719, #4852 ) ;
#6502 = CARTESIAN_POINT ( 'NONE',  ( -45.00000000000000000, 5.361504118678446673, -32.67945772082467215 ) ) ;
#6503 = ORIENTED_EDGE ( 'NONE', *, *, #5136, .T. ) ;
#6504 = COLOUR_RGB ( '',0.8980392156862745390, 0.9176470588235293713, 0.9294117647058823817 ) ;
#6505 = EDGE_CURVE ( 'NONE', #9712, #3885, #1077, .T. ) ;
#6506 = VECTOR ( 'NONE', #7270, 1000.000000000000000 ) ;
#6507 = SURFACE_STYLE_USAGE ( .BOTH. , #355 ) ;
#6508 = ORIENTED_EDGE ( 'NONE', *, *, #8748, .F. ) ;
#6509 = AXIS2_PLACEMENT_3D ( 'NONE', #4552, #2959, #8360 ) ;
#6510 = CARTESIAN_POINT ( 'NONE',  ( 45.00000000000000000, -11.23786907645464872, -28.97153296468694705 ) ) ;
#6511 = AXIS2_PLACEMENT_3D ( 'NONE', #815, #2275, #8542 ) ;
#6512 = VECTOR ( 'NONE', #5098, 1000.000000000000227 ) ;
#6513 = SURFACE_SIDE_STYLE ('',( #4024 ) ) ;
#6514 = DIRECTION ( 'NONE',  ( 0.000000000000000000, 0.000000000000000000, -1.000000000000000000 ) ) ;
#6515 = CIRCLE ( 'NONE', #5678, 0.3999999999999767630 ) ;
#6516 = VERTEX_POINT ( 'NONE', #3994 ) ;
#6517 = VECTOR ( 'NONE', #5258, 1000.000000000000227 ) ;
#6518 = LINE ( 'NONE', #6866, #7814 ) ;
#6519 = ADVANCED_FACE ( 'NONE', ( #7152 ), #2005, .F. ) ;
#6520 = FILL_AREA_STYLE_COLOUR ( '', #9199 ) ;
#6521 = AXIS2_PLACEMENT_3D ( 'NONE', #1993, #532, #4457 ) ;
#6522 = DIRECTION ( 'NONE',  ( 0.000000000000000000, 0.9999999999999898970, 1.419707713996622103E-07 ) ) ;
#6523 = FACE_OUTER_BOUND ( 'NONE', #6870, .T. ) ;
#6524 = CARTESIAN_POINT ( 'NONE',  ( -45.00000000000000000, -11.43098560819056786, 32.60999846344040520 ) ) ;
#6525 = VERTEX_POINT ( 'NONE', #9055 ) ;
#6526 = ORIENTED_EDGE ( 'NONE', *, *, #9766, .T. ) ;
#6527 = CARTESIAN_POINT ( 'NONE',  ( 45.00000000000000000, 9.575082914202827311, 33.00999816560368316 ) ) ;
#6528 = VERTEX_POINT ( 'NONE', #3459 ) ;
#6529 = ORIENTED_EDGE ( 'NONE', *, *, #1026, .T. ) ;
#6530 = DIRECTION ( 'NONE',  ( -1.000000000000000000, -0.000000000000000000, -0.000000000000000000 ) ) ;
#6531 =( NAMED_UNIT ( * ) PLANE_ANGLE_UNIT ( ) SI_UNIT ( $, .RADIAN. ) );
#6532 =( GEOMETRIC_REPRESENTATION_CONTEXT ( 3 ) GLOBAL_UNCERTAINTY_ASSIGNED_CONTEXT ( ( #2097 ) ) GLOBAL_UNIT_ASSIGNED_CONTEXT ( ( #3238, #6531, #8735 ) ) REPRESENTATION_CONTEXT ( 'NONE', 'WORKASPACE' ) );
#6533 = UNCERTAINTY_MEASURE_WITH_UNIT (LENGTH_MEASURE( 1.000000000000000082E-05 ), #9003, 'distance_accuracy_value', 'NONE');
#6534 = VERTEX_POINT ( 'NONE', #5149 ) ;
#6535 = LINE ( 'NONE', #2710, #8552 ) ;
#6536 =( LENGTH_UNIT ( ) NAMED_UNIT ( * ) SI_UNIT ( .MILLI., .METRE. ) );
#6537 =( GEOMETRIC_REPRESENTATION_CONTEXT ( 3 ) GLOBAL_UNCERTAINTY_ASSIGNED_CONTEXT ( ( #7439 ) ) GLOBAL_UNIT_ASSIGNED_CONTEXT ( ( #6143, #9504, #976 ) ) REPRESENTATION_CONTEXT ( 'NONE', 'WORKASPACE' ) );
#6538 = ORIENTED_EDGE ( 'NONE', *, *, #5901, .T. ) ;
#6539 = CARTESIAN_POINT ( 'NONE',  ( 45.00000000000000000, 10.80018291731193258, 30.07663308736904639 ) ) ;
#6540 = EDGE_CURVE ( 'NONE', #5207, #8817, #6698, .T. ) ;
#6541 = SURFACE_STYLE_FILL_AREA ( #3349 ) ;
#6542 = CARTESIAN_POINT ( 'NONE',  ( 45.00000000000000000, -10.20905709001187134, -32.67945803411240036 ) ) ;
#6543 = AXIS2_PLACEMENT_3D ( 'NONE', #10107, #4717, #4610 ) ;
#6544 = SURFACE_STYLE_FILL_AREA ( #8236 ) ;
#6545 = DIRECTION ( 'NONE',  ( 0.000000000000000000, -0.003648336929151434031, 0.9999933447966797839 ) ) ;
#6546 = CARTESIAN_POINT ( 'NONE',  ( 45.00000000000000000, 11.92162822907099518, 28.89258391408860405 ) ) ;
#6547 = CARTESIAN_POINT ( 'NONE',  ( 45.00000000000000000, -5.403630976508653205, -32.44053797435037723 ) ) ;
#6548 = EDGE_LOOP ( 'NONE', ( #818, #3875, #8989, #8125 ) ) ;
#6549 = DIRECTION ( 'NONE',  ( 0.000000000000000000, 0.000000000000000000, 1.000000000000000000 ) ) ;
#6550 = SURFACE_STYLE_FILL_AREA ( #240 ) ;
#6551 = ORIENTED_EDGE ( 'NONE', *, *, #6137, .T. ) ;
#6552 = PLANE ( 'NONE',  #2874 ) ;
#6553 = EDGE_CURVE ( 'NONE', #238, #619, #1329, .T. ) ;
#6554 =( LENGTH_UNIT ( ) NAMED_UNIT ( * ) SI_UNIT ( .MILLI., .METRE. ) );
#6555 = DIRECTION ( 'NONE',  ( 0.000000000000000000, 0.000000000000000000, -1.000000000000000000 ) ) ;
#6556 = FACE_OUTER_BOUND ( 'NONE', #5179, .T. ) ;
#6557 = ORIENTED_EDGE ( 'NONE', *, *, #5385, .F. ) ;
#6558 = DIRECTION ( 'NONE',  ( 1.000000000000000000, 0.000000000000000000, 0.000000000000000000 ) ) ;
#6559 = AXIS2_PLACEMENT_3D ( 'NONE', #680, #1359, #1563 ) ;
#6560 = EDGE_CURVE ( 'NONE', #4136, #5641, #5200, .T. ) ;
#6561 = AXIS2_PLACEMENT_3D ( 'NONE', #8655, #1653, #1701 ) ;
#6562 = VECTOR ( 'NONE', #7088, 1000.000000000000000 ) ;
#6563 = ORIENTED_EDGE ( 'NONE', *, *, #4248, .F. ) ;
#6564 = CARTESIAN_POINT ( 'NONE',  ( 45.00000000000000000, -10.30145192074349403, 29.72866150388242446 ) ) ;
#6565 = ORIENTED_EDGE ( 'NONE', *, *, #4048, .F. ) ;
#6566 = FILL_AREA_STYLE ('',( #6520 ) ) ;
#6567 = SURFACE_STYLE_FILL_AREA ( #3438 ) ;
#6568 =( LENGTH_UNIT ( ) NAMED_UNIT ( * ) SI_UNIT ( .MILLI., .METRE. ) );
#6569 = CARTESIAN_POINT ( 'NONE',  ( -45.00000000000000000, 3.111677696443458707, -33.00999785231633155 ) ) ;
#6570 = PRESENTATION_STYLE_ASSIGNMENT (( #262 ) ) ;
#6571 = MECHANICAL_DESIGN_GEOMETRIC_PRESENTATION_REPRESENTATION (  '', ( #8696 ), #8522 ) ;
#6572 = CARTESIAN_POINT ( 'NONE',  ( 45.00000000000000000, -4.333604665769748898, -32.67945731160656919 ) ) ;
#6573 = ORIENTED_EDGE ( 'NONE', *, *, #10029, .T. ) ;
#6574 = ADVANCED_FACE ( 'NONE', ( #9006 ), #6751, .T. ) ;
#6575 = SURFACE_STYLE_FILL_AREA ( #1313 ) ;
#6576 = ORIENTED_EDGE ( 'NONE', *, *, #5389, .F. ) ;
#6577 = VECTOR ( 'NONE', #1182, 1000.000000000000114 ) ;
#6578 =( NAMED_UNIT ( * ) PLANE_ANGLE_UNIT ( ) SI_UNIT ( $, .RADIAN. ) );
#6579 = LINE ( 'NONE', #7343, #6755 ) ;
#6580 = COLOUR_RGB ( '',0.8980392156862745390, 0.9176470588235293713, 0.9294117647058823817 ) ;
#6581 = ORIENTED_EDGE ( 'NONE', *, *, #366, .F. ) ;
#6582 = VECTOR ( 'NONE', #9570, 1000.000000000000227 ) ;
#6583 = LINE ( 'NONE', #5705, #2484 ) ;
#6584 = AXIS2_PLACEMENT_3D ( 'NONE', #6278, #9580, #8631 ) ;
#6585 = ADVANCED_FACE ( 'NONE', ( #9730 ), #6806, .F. ) ;
#6586 = DIRECTION ( 'NONE',  ( -1.000000000000000000, -0.000000000000000000, -0.000000000000000000 ) ) ;
#6587 = PRESENTATION_STYLE_ASSIGNMENT (( #8895 ) ) ;
#6588 = FILL_AREA_STYLE_COLOUR ( '', #5365 ) ;
#6589 = VECTOR ( 'NONE', #920, 1000.000000000000000 ) ;
#6590 = STYLED_ITEM ( 'NONE', ( #6311 ), #9419 ) ;
#6591 = ADVANCED_FACE ( 'NONE', ( #8524 ), #3085, .F. ) ;
#6592 = FILL_AREA_STYLE ('',( #1852 ) ) ;
#6593 = SURFACE_STYLE_USAGE ( .BOTH. , #5201 ) ;
#6594 =( NAMED_UNIT ( * ) PLANE_ANGLE_UNIT ( ) SI_UNIT ( $, .RADIAN. ) );
#6595 = ORIENTED_EDGE ( 'NONE', *, *, #5429, .T. ) ;
#6596 = SURFACE_STYLE_FILL_AREA ( #8196 ) ;
#6597 = SURFACE_SIDE_STYLE ('',( #4999 ) ) ;
#6598 = CARTESIAN_POINT ( 'NONE',  ( -45.00000000000000000, -6.583431234828084122, -33.00999806117453517 ) ) ;
#6599 = VECTOR ( 'NONE', #2039, 1000.000000000000000 ) ;
#6600 = ORIENTED_EDGE ( 'NONE', *, *, #6259, .T. ) ;
#6601 = CARTESIAN_POINT ( 'NONE',  ( -45.00000000000000000, -7.959230667774402690, -32.60999816560364906 ) ) ;
#6602 = FILL_AREA_STYLE_COLOUR ( '', #5017 ) ;
#6603 = EDGE_CURVE ( 'NONE', #5355, #5849, #9211, .T. ) ;
#6604 = COLOUR_RGB ( '',0.8980392156862745390, 0.9176470588235293713, 0.9294117647058823817 ) ;
#6605 = COLOUR_RGB ( '',0.8980392156862745390, 0.9176470588235293713, 0.9294117647058823817 ) ;
#6606 = CARTESIAN_POINT ( 'NONE',  ( -45.00000000000000000, 11.91902502860232893, -28.48824096683820173 ) ) ;
#6607 = CARTESIAN_POINT ( 'NONE',  ( 45.00000000000000000, 14.25000067899707901, 28.28824028669469470 ) ) ;
#6608 = ORIENTED_EDGE ( 'NONE', *, *, #3445, .F. ) ;
#6609 = UNCERTAINTY_MEASURE_WITH_UNIT (LENGTH_MEASURE( 1.000000000000000082E-05 ), #1665, 'distance_accuracy_value', 'NONE');
#6610 = VECTOR ( 'NONE', #7923, 1000.000000000000000 ) ;
#6611 =( LENGTH_UNIT ( ) NAMED_UNIT ( * ) SI_UNIT ( .MILLI., .METRE. ) );
#6612 = FILL_AREA_STYLE_COLOUR ( '', #3833 ) ;
#6613 = DIRECTION ( 'NONE',  ( -1.000000000000000000, -0.000000000000000000, -0.000000000000000000 ) ) ;
#6614 = ORIENTED_EDGE ( 'NONE', *, *, #625, .F. ) ;
#6615 = FILL_AREA_STYLE_COLOUR ( '', #6238 ) ;
#6616 = PLANE ( 'NONE',  #8892 ) ;
#6617 = DIRECTION ( 'NONE',  ( -1.000000000000000000, -0.000000000000000000, -0.000000000000000000 ) ) ;
#6618 = CARTESIAN_POINT ( 'NONE',  ( 45.00000000000000000, -9.400134418011131032, -29.72752988155950504 ) ) ;
#6619 = EDGE_CURVE ( 'NONE', #3221, #8370, #8651, .T. ) ;
#6620 = CARTESIAN_POINT ( 'NONE',  ( -45.00000000000000000, -9.815134150403006075, 32.60999835901127852 ) ) ;
#6621 = DIRECTION ( 'NONE',  ( 0.000000000000000000, 0.000000000000000000, 1.000000000000000000 ) ) ;
#6622 = ORIENTED_EDGE ( 'NONE', *, *, #7182, .F. ) ;
#6623 = ORIENTED_EDGE ( 'NONE', *, *, #7102, .F. ) ;
#6624 = ORIENTED_EDGE ( 'NONE', *, *, #2011, .F. ) ;
#6625 = DIRECTION ( 'NONE',  ( -1.000000000000000000, -0.000000000000000000, -0.000000000000000000 ) ) ;
#6626 = UNCERTAINTY_MEASURE_WITH_UNIT (LENGTH_MEASURE( 1.000000000000000082E-05 ), #6912, 'distance_accuracy_value', 'NONE');
#6627 = PRESENTATION_LAYER_ASSIGNMENT (  '', '', ( #1358 ) ) ;
#6628 = ORIENTED_EDGE ( 'NONE', *, *, #5204, .F. ) ;
#6629 = FILL_AREA_STYLE_COLOUR ( '', #2303 ) ;
#6630 = EDGE_CURVE ( 'NONE', #9841, #4581, #588, .T. ) ;
#6631 = DIRECTION ( 'NONE',  ( 1.000000000000000000, 0.000000000000000000, 0.000000000000000000 ) ) ;
#6632 = VERTEX_POINT ( 'NONE', #3888 ) ;
#6633 = UNCERTAINTY_MEASURE_WITH_UNIT (LENGTH_MEASURE( 1.000000000000000082E-05 ), #8927, 'distance_accuracy_value', 'NONE');
#6634 =( LENGTH_UNIT ( ) NAMED_UNIT ( * ) SI_UNIT ( .MILLI., .METRE. ) );
#6635 = LINE ( 'NONE', #4304, #7080 ) ;
#6636 = DIRECTION ( 'NONE',  ( 1.000000000000000000, 0.000000000000000000, 0.000000000000000000 ) ) ;
#6637 = CIRCLE ( 'NONE', #2026, 0.1999999999999883815 ) ;
#6638 =( NAMED_UNIT ( * ) SI_UNIT ( $, .STERADIAN. ) SOLID_ANGLE_UNIT ( ) );
#6639 = SURFACE_SIDE_STYLE ('',( #7408 ) ) ;
#6640 = SURFACE_SIDE_STYLE ('',( #9161 ) ) ;
#6641 = LINE ( 'NONE', #7557, #8470 ) ;
#6642 = FILL_AREA_STYLE ('',( #2772 ) ) ;
#6643 = ADVANCED_FACE ( 'NONE', ( #646 ), #6274, .F. ) ;
#6644 = FILL_AREA_STYLE_COLOUR ( '', #4360 ) ;
#6645 = VECTOR ( 'NONE', #8825, 1000.000000000000000 ) ;
#6646 = ORIENTED_EDGE ( 'NONE', *, *, #6603, .F. ) ;
#6647 =( LENGTH_UNIT ( ) NAMED_UNIT ( * ) SI_UNIT ( .MILLI., .METRE. ) );
#6648 =( LENGTH_UNIT ( ) NAMED_UNIT ( * ) SI_UNIT ( .MILLI., .METRE. ) );
#6649 = VECTOR ( 'NONE', #4327, 1000.000000000000000 ) ;
#6650 = EDGE_CURVE ( 'NONE', #4699, #3006, #5698, .T. ) ;
#6651 = ORIENTED_EDGE ( 'NONE', *, *, #5189, .T. ) ;
#6652 = CARTESIAN_POINT ( 'NONE',  ( 45.00000000000000000, -10.30145160001482019, -29.72866179929873098 ) ) ;
#6653 = CARTESIAN_POINT ( 'NONE',  ( -45.00000000000000000, -4.727527752199391919, -33.00999795674542980 ) ) ;
#6654 = CARTESIAN_POINT ( 'NONE',  ( -45.00000000000000000, -12.80678454343816419, -33.00999847889091399 ) ) ;
#6655 = SURFACE_SIDE_STYLE ('',( #353 ) ) ;
#6656 = CIRCLE ( 'NONE', #380, 0.3999999999999767630 ) ;
#6657 = COLOUR_RGB ( '',0.8980392156862745390, 0.9176470588235293713, 0.9294117647058823817 ) ;
#6658 = FACE_OUTER_BOUND ( 'NONE', #8393, .T. ) ;
#6659 = FILL_AREA_STYLE_COLOUR ( '', #2642 ) ;
#6660 =( NAMED_UNIT ( * ) PLANE_ANGLE_UNIT ( ) SI_UNIT ( $, .RADIAN. ) );
#6661 = COLOUR_RGB ( '',0.8980392156862745390, 0.9176470588235293713, 0.9294117647058823817 ) ;
#6662 = EDGE_CURVE ( 'NONE', #7970, #2971, #3183, .T. ) ;
#6663 =( NAMED_UNIT ( * ) PLANE_ANGLE_UNIT ( ) SI_UNIT ( $, .RADIAN. ) );
#6664 = CARTESIAN_POINT ( 'NONE',  ( 45.00000000000000000, 5.403632378540224934, -32.44053797435039144 ) ) ;
#6665 = VECTOR ( 'NONE', #4810, 1000.000000000000000 ) ;
#6666 = CARTESIAN_POINT ( 'NONE',  ( 45.00000000000000000, 9.575083527593475807, -32.60999827003277574 ) ) ;
#6667 = LINE ( 'NONE', #9801, #9304 ) ;
#6668 = ORIENTED_EDGE ( 'NONE', *, *, #4568, .T. ) ;
#6669 =( NAMED_UNIT ( * ) SI_UNIT ( $, .STERADIAN. ) SOLID_ANGLE_UNIT ( ) );
#6670 = COLOUR_RGB ( '',0.8980392156862745390, 0.9176470588235293713, 0.9294117647058823817 ) ;
#6671 = LINE ( 'NONE', #1827, #6771 ) ;
#6672 = DIRECTION ( 'NONE',  ( -1.000000000000000000, -0.000000000000000000, -0.000000000000000000 ) ) ;
#6673 = LINE ( 'NONE', #4542, #9117 ) ;
#6674 = COLOUR_RGB ( '',0.8980392156862745390, 0.9176470588235293713, 0.9294117647058823817 ) ;
#6675 = MECHANICAL_DESIGN_GEOMETRIC_PRESENTATION_REPRESENTATION (  '', ( #4012 ), #8151 ) ;
#6676 = SURFACE_SIDE_STYLE ('',( #5131 ) ) ;
#6677 = STYLED_ITEM ( 'NONE', ( #1751 ), #3772 ) ;
#6678 = UNCERTAINTY_MEASURE_WITH_UNIT (LENGTH_MEASURE( 1.000000000000000082E-05 ), #9391, 'distance_accuracy_value', 'NONE');
#6679 = MECHANICAL_DESIGN_GEOMETRIC_PRESENTATION_REPRESENTATION (  '', ( #740 ), #2558 ) ;
#6680 = DIRECTION ( 'NONE',  ( 0.000000000000000000, 0.1736492263815952453, -0.9848075680949418542 ) ) ;
#6681 = ORIENTED_EDGE ( 'NONE', *, *, #3041, .T. ) ;
#6682 = CARTESIAN_POINT ( 'NONE',  ( 45.00000000000000000, -6.480134752671421694, -31.02000003054214261 ) ) ;
#6683 = CARTESIAN_POINT ( 'NONE',  ( -45.00000000000000000, -4.727527952613725049, 33.00999692081514780 ) ) ;
#6684 = EDGE_CURVE ( 'NONE', #4354, #8100, #7961, .T. ) ;
#6685 = AXIS2_PLACEMENT_3D ( 'NONE', #2462, #3985, #8889 ) ;
#6686 = LINE ( 'NONE', #213, #5828 ) ;
#6687 = ORIENTED_EDGE ( 'NONE', *, *, #6488, .T. ) ;
#6688 = DIRECTION ( 'NONE',  ( -0.000000000000000000, -0.000000000000000000, 1.000000000000000000 ) ) ;
#6689 = AXIS2_PLACEMENT_3D ( 'NONE', #1282, #494, #6020 ) ;
#6690 = CARTESIAN_POINT ( 'NONE',  ( -45.00000000000000000, -1.495824836624388920, -33.00999774788724039 ) ) ;
#6691 = ORIENTED_EDGE ( 'NONE', *, *, #1619, .T. ) ;
#6692 = ORIENTED_EDGE ( 'NONE', *, *, #2824, .T. ) ;
#6693 = CARTESIAN_POINT ( 'NONE',  ( 45.00000000000000000, 2.129801203103446117, -32.67945751196644721 ) ) ;
#6694 = EDGE_CURVE ( 'NONE', #5859, #3469, #5697, .T. ) ;
#6695 = DIRECTION ( 'NONE',  ( 0.000000000000000000, -2.909459891608891449E-15, 1.000000000000000000 ) ) ;
#6696 = AXIS2_PLACEMENT_3D ( 'NONE', #6066, #2305, #5342 ) ;
#6697 = LINE ( 'NONE', #5809, #903 ) ;
#6698 = LINE ( 'NONE', #389, #581 ) ;
#6699 = CARTESIAN_POINT ( 'NONE',  ( -45.00000000000000000, -3.787779518721147820, -32.44053786992127897 ) ) ;
#6700 =( LENGTH_UNIT ( ) NAMED_UNIT ( * ) SI_UNIT ( .MILLI., .METRE. ) );
#6701 = LINE ( 'NONE', #2990, #8636 ) ;
#6702 = EDGE_LOOP ( 'NONE', ( #9395, #8906, #5237, #4450 ) ) ;
#6703 = CARTESIAN_POINT ( 'NONE',  ( -45.00000000000000000, -10.30145192074349403, 29.72866150388242446 ) ) ;
#6704 = PRESENTATION_STYLE_ASSIGNMENT (( #9736 ) ) ;
#6705 = CARTESIAN_POINT ( 'NONE',  ( 45.00000000000000000, 7.959232069805978860, -33.00999816560364764 ) ) ;
#6706 = VECTOR ( 'NONE', #7799, 1000.000000000000114 ) ;
#6707 = EDGE_CURVE ( 'NONE', #2120, #8275, #1839, .T. ) ;
#6708 = EDGE_LOOP ( 'NONE', ( #1854, #9939, #3797, #7529 ) ) ;
#6709 = CARTESIAN_POINT ( 'NONE',  ( 45.00000000000000000, 1.495826238655951990, -33.00999774788724039 ) ) ;
#6710 = CARTESIAN_POINT ( 'NONE',  ( -45.00000000000000000, 4.727529154230967201, -32.60999795674545254 ) ) ;
#6711 = CARTESIAN_POINT ( 'NONE',  ( 45.00000000000000000, 8.199284094647168786, -33.00999816560113231 ) ) ;
#6712 =( GEOMETRIC_REPRESENTATION_CONTEXT ( 3 ) GLOBAL_UNCERTAINTY_ASSIGNED_CONTEXT ( ( #9024 ) ) GLOBAL_UNIT_ASSIGNED_CONTEXT ( ( #3018, #2292, #6935 ) ) REPRESENTATION_CONTEXT ( 'NONE', 'WORKASPACE' ) );
#6713 = DIRECTION ( 'NONE',  ( -0.000000000000000000, 0.9848075680949425204, 0.1736492263815916370 ) ) ;
#6714 = EDGE_LOOP ( 'NONE', ( #7273, #613, #2667, #3104 ) ) ;
#6715 = VERTEX_POINT ( 'NONE', #946 ) ;
#6716 = SURFACE_STYLE_USAGE ( .BOTH. , #250 ) ;
#6717 = UNCERTAINTY_MEASURE_WITH_UNIT (LENGTH_MEASURE( 1.000000000000000082E-05 ), #9749, 'distance_accuracy_value', 'NONE');
#6718 = DIRECTION ( 'NONE',  ( -0.000000000000000000, 1.000000000000000000, 0.000000000000000000 ) ) ;
#6719 = SURFACE_STYLE_FILL_AREA ( #1144 ) ;
#6720 = AXIS2_PLACEMENT_3D ( 'NONE', #1702, #5002, #5718 ) ;
#6721 = DIRECTION ( 'NONE',  ( -1.000000000000000000, -0.000000000000000000, -0.000000000000000000 ) ) ;
#6722 = SURFACE_SIDE_STYLE ('',( #1972 ) ) ;
#6723 = VERTEX_POINT ( 'NONE', #7868 ) ;
#6724 = CARTESIAN_POINT ( 'NONE',  ( 45.00000000000000000, 9.800134291210595094, -29.82752931517285688 ) ) ;
#6725 = EDGE_CURVE ( 'NONE', #3318, #8448, #4083, .T. ) ;
#6726 = DIRECTION ( 'NONE',  ( -1.000000000000000000, -0.000000000000000000, -0.000000000000000000 ) ) ;
#6727 = PLANE ( 'NONE',  #1193 ) ;
#6728 = UNCERTAINTY_MEASURE_WITH_UNIT (LENGTH_MEASURE( 1.000000000000000082E-05 ), #4746, 'distance_accuracy_value', 'NONE');
#6729 = SURFACE_SIDE_STYLE ('',( #2223 ) ) ;
#6730 = VECTOR ( 'NONE', #6160, 1000.000000000000114 ) ;
#6731 = CARTESIAN_POINT ( 'NONE',  ( 45.00000000000000000, 12.80678533207917447, 33.00999837446159546 ) ) ;
#6732 = ORIENTED_EDGE ( 'NONE', *, *, #6662, .T. ) ;
#6733 = DIRECTION ( 'NONE',  ( -1.000000000000000000, -0.000000000000000000, -0.000000000000000000 ) ) ;
#6734 = CARTESIAN_POINT ( 'NONE',  ( 45.00000000000000000, -9.400134418011131032, -29.82752915061867682 ) ) ;
#6735 = UNCERTAINTY_MEASURE_WITH_UNIT (LENGTH_MEASURE( 1.000000000000000082E-05 ), #5173, 'distance_accuracy_value', 'NONE');
#6736 = STYLED_ITEM ( 'NONE', ( #6097 ), #2185 ) ;
#6737 = FILL_AREA_STYLE ('',( #3594 ) ) ;
#6738 = UNCERTAINTY_MEASURE_WITH_UNIT (LENGTH_MEASURE( 1.000000000000000082E-05 ), #9228, 'distance_accuracy_value', 'NONE');
#6739 = ORIENTED_EDGE ( 'NONE', *, *, #9652, .F. ) ;
#6740 = MECHANICAL_DESIGN_GEOMETRIC_PRESENTATION_REPRESENTATION (  '', ( #626 ), #5747 ) ;
#6741 =( NAMED_UNIT ( * ) PLANE_ANGLE_UNIT ( ) SI_UNIT ( $, .RADIAN. ) );
#6742 = FACE_OUTER_BOUND ( 'NONE', #440, .T. ) ;
#6743 = ORIENTED_EDGE ( 'NONE', *, *, #7296, .T. ) ;
#6744 =( GEOMETRIC_REPRESENTATION_CONTEXT ( 3 ) GLOBAL_UNCERTAINTY_ASSIGNED_CONTEXT ( ( #4608 ) ) GLOBAL_UNIT_ASSIGNED_CONTEXT ( ( #36, #8702, #9542 ) ) REPRESENTATION_CONTEXT ( 'NONE', 'WORKASPACE' ) );
#6745 = EDGE_CURVE ( 'NONE', #7643, #7028, #7140, .T. ) ;
#6746 = ORIENTED_EDGE ( 'NONE', *, *, #6034, .F. ) ;
#6747 = UNCERTAINTY_MEASURE_WITH_UNIT (LENGTH_MEASURE( 1.000000000000000082E-05 ), #4052, 'distance_accuracy_value', 'NONE');
#6748 = LINE ( 'NONE', #3687, #3298 ) ;
#6749 = CARTESIAN_POINT ( 'NONE',  ( -45.00000000000000000, -9.400134418011131032, -29.72752988155950504 ) ) ;
#6750 = VERTEX_POINT ( 'NONE', #4036 ) ;
#6751 = CYLINDRICAL_SURFACE ( 'NONE', #6689, 0.3999999110189667029 ) ;
#6752 =( GEOMETRIC_REPRESENTATION_CONTEXT ( 3 ) GLOBAL_UNCERTAINTY_ASSIGNED_CONTEXT ( ( #2027 ) ) GLOBAL_UNIT_ASSIGNED_CONTEXT ( ( #6387, #2515, #25 ) ) REPRESENTATION_CONTEXT ( 'NONE', 'WORKASPACE' ) );
#6753 =( NAMED_UNIT ( * ) SI_UNIT ( $, .STERADIAN. ) SOLID_ANGLE_UNIT ( ) );
#6754 = DIRECTION ( 'NONE',  ( -1.000000000000000000, -0.000000000000000000, -0.000000000000000000 ) ) ;
#6755 = VECTOR ( 'NONE', #5749, 1000.000000000000000 ) ;
#6756 = ORIENTED_EDGE ( 'NONE', *, *, #6859, .T. ) ;
#6757 = PRESENTATION_LAYER_ASSIGNMENT (  '', '', ( #9221 ) ) ;
#6758 =( LENGTH_UNIT ( ) NAMED_UNIT ( * ) SI_UNIT ( .MILLI., .METRE. ) );
#6759 = EDGE_LOOP ( 'NONE', ( #16, #450, #4905, #5464 ) ) ;
#6760 = PLANE ( 'NONE',  #1394 ) ;
#6761 = LINE ( 'NONE', #2783, #7325 ) ;
#6762 = MECHANICAL_DESIGN_GEOMETRIC_PRESENTATION_REPRESENTATION (  '', ( #5276 ), #145 ) ;
#6763 = CARTESIAN_POINT ( 'NONE',  ( -45.00000000000000000, -9.400134418011131032, -29.82752915061867682 ) ) ;
#6764 = PRESENTATION_STYLE_ASSIGNMENT (( #8253 ) ) ;
#6765 = FACE_OUTER_BOUND ( 'NONE', #4463, .T. ) ;
#6766 = DIRECTION ( 'NONE',  ( -1.000000000000000000, -0.000000000000000000, -0.000000000000000000 ) ) ;
#6767 = VERTEX_POINT ( 'NONE', #5548 ) ;
#6768 = ORIENTED_EDGE ( 'NONE', *, *, #2011, .T. ) ;
#6769 = EDGE_CURVE ( 'NONE', #8581, #2156, #9329, .T. ) ;
#6770 = AXIS2_PLACEMENT_3D ( 'NONE', #7387, #7440, #476 ) ;
#6771 = VECTOR ( 'NONE', #2748, 1000.000000000000000 ) ;
#6772 = PLANE ( 'NONE',  #9067 ) ;
#6773 = UNCERTAINTY_MEASURE_WITH_UNIT (LENGTH_MEASURE( 1.000000000000000082E-05 ), #5959, 'distance_accuracy_value', 'NONE');
#6774 = DIRECTION ( 'NONE',  ( 0.000000000000000000, 0.000000000000000000, -1.000000000000000000 ) ) ;
#6775 = DIRECTION ( 'NONE',  ( 1.000000000000000000, 0.000000000000000000, -0.000000000000000000 ) ) ;
#6776 = SURFACE_STYLE_USAGE ( .BOTH. , #2687 ) ;
#6777 = FILL_AREA_STYLE_COLOUR ( '', #6670 ) ;
#6778 = AXIS2_PLACEMENT_3D ( 'NONE', #4998, #1955, #8141 ) ;
#6779 = EDGE_LOOP ( 'NONE', ( #2291, #7605, #8660, #1697 ) ) ;
#6781 = AXIS2_PLACEMENT_3D ( 'NONE', #3478, #2639, #8916 ) ;
#6780 = COLOUR_RGB ( '',0.8980392156862745390, 0.9176470588235293713, 0.9294117647058823817 ) ;
#6782 = AXIS2_PLACEMENT_3D ( 'NONE', #5692, #7235, #4773 ) ;
#6783 = SURFACE_SIDE_STYLE ('',( #2082 ) ) ;
#6784 = SURFACE_STYLE_FILL_AREA ( #474 ) ;
#6785 = EDGE_CURVE ( 'NONE', #3072, #8222, #8680, .T. ) ;
#6786 = FACE_OUTER_BOUND ( 'NONE', #485, .T. ) ;
#6787 = EDGE_CURVE ( 'NONE', #3885, #1035, #7848, .T. ) ;
#6788 =( NAMED_UNIT ( * ) SI_UNIT ( $, .STERADIAN. ) SOLID_ANGLE_UNIT ( ) );
#6789 = UNCERTAINTY_MEASURE_WITH_UNIT (LENGTH_MEASURE( 1.000000000000000082E-05 ), #4409, 'distance_accuracy_value', 'NONE');
#6790 = CARTESIAN_POINT ( 'NONE',  ( 45.00000000000000000, -5.361502716646636912, 32.67945772082464373 ) ) ;
#6791 = EDGE_LOOP ( 'NONE', ( #4716, #1525, #4544, #3828 ) ) ;
#6792 = DIRECTION ( 'NONE',  ( 0.000000000000000000, 0.000000000000000000, -1.000000000000000000 ) ) ;
#6793 = ADVANCED_FACE ( 'NONE', ( #6433 ), #8070, .T. ) ;
#6794 = DIRECTION ( 'NONE',  ( -0.000000000000000000, 0.1736492263815952453, 0.9848075680949418542 ) ) ;
#6795 = ORIENTED_EDGE ( 'NONE', *, *, #8096, .T. ) ;
#6796 = LINE ( 'NONE', #5287, #8721 ) ;
#6797 = SURFACE_SIDE_STYLE ('',( #4242 ) ) ;
#6798 = ORIENTED_EDGE ( 'NONE', *, *, #705, .F. ) ;
#6799 = ORIENTED_EDGE ( 'NONE', *, *, #3374, .T. ) ;
#6800 = DIRECTION ( 'NONE',  ( 0.000000000000000000, 0.000000000000000000, 1.000000000000000000 ) ) ;
#6801 = CARTESIAN_POINT ( 'NONE',  ( 45.00000000000000000, 10.80145147428094177, -29.72866197357683404 ) ) ;
#6802 = ADVANCED_FACE ( 'NONE', ( #4185 ), #4238, .F. ) ;
#6803 = CARTESIAN_POINT ( 'NONE',  ( -45.00000000000000000, 10.80018291731193081, 30.07663308736904639 ) ) ;
#6804 =( GEOMETRIC_REPRESENTATION_CONTEXT ( 3 ) GLOBAL_UNCERTAINTY_ASSIGNED_CONTEXT ( ( #4783 ) ) GLOBAL_UNIT_ASSIGNED_CONTEXT ( ( #1613, #2492, #8562 ) ) REPRESENTATION_CONTEXT ( 'NONE', 'WORKASPACE' ) );
#6805 = PLANE ( 'NONE',  #5662 ) ;
#6806 = PLANE ( 'NONE',  #1086 ) ;
#6807 = CARTESIAN_POINT ( 'NONE',  ( 45.00000000000000000, 12.80678533207917447, 33.00999837446191520 ) ) ;
#6808 =( NAMED_UNIT ( * ) SI_UNIT ( $, .STERADIAN. ) SOLID_ANGLE_UNIT ( ) );
#6809 = ORIENTED_EDGE ( 'NONE', *, *, #8845, .F. ) ;
#6810 = FILL_AREA_STYLE_COLOUR ( '', #1502 ) ;
#6811 = CARTESIAN_POINT ( 'NONE',  ( 45.00000000000000000, -6.343379209986895084, -33.00999806117453517 ) ) ;
#6812 = EDGE_LOOP ( 'NONE', ( #7697, #8183, #2352, #6469 ) ) ;
#6813 = LINE ( 'NONE', #9275, #4517 ) ;
#6814 = CARTESIAN_POINT ( 'NONE',  ( -45.00000000000000000, -1.059773754007346414, -32.44053766106308245 ) ) ;
#6815 =( LENGTH_UNIT ( ) NAMED_UNIT ( * ) SI_UNIT ( .MILLI., .METRE. ) );
#6816 = ADVANCED_FACE ( 'NONE', ( #4295 ), #1214, .F. ) ;
#6817 = AXIS2_PLACEMENT_3D ( 'NONE', #6193, #5410, #8544 ) ;
#6818 = ORIENTED_EDGE ( 'NONE', *, *, #1351, .T. ) ;
#6819 = ORIENTED_EDGE ( 'NONE', *, *, #4096, .F. ) ;
#6820 = CARTESIAN_POINT ( 'NONE',  ( -45.00000000000000000, -7.480134739806465483, 31.02000000000007418 ) ) ;
#6821 = DIRECTION ( 'NONE',  ( -0.000000000000000000, -1.000000000000000000, -3.050063254464735542E-14 ) ) ;
#6822 = ORIENTED_EDGE ( 'NONE', *, *, #2221, .T. ) ;
#6823 = ADVANCED_FACE ( 'NONE', ( #7506 ), #435, .T. ) ;
#6824 = LINE ( 'NONE', #519, #7639 ) ;
#6825 =( GEOMETRIC_REPRESENTATION_CONTEXT ( 3 ) GLOBAL_UNCERTAINTY_ASSIGNED_CONTEXT ( ( #9085 ) ) GLOBAL_UNIT_ASSIGNED_CONTEXT ( ( #6249, #6976, #6201 ) ) REPRESENTATION_CONTEXT ( 'NONE', 'WORKASPACE' ) );
#6826 = ORIENTED_EDGE ( 'NONE', *, *, #294, .F. ) ;
#6827 = PRESENTATION_LAYER_ASSIGNMENT (  '', '', ( #4680 ) ) ;
#6828 =( NAMED_UNIT ( * ) SI_UNIT ( $, .STERADIAN. ) SOLID_ANGLE_UNIT ( ) );
#6829 = AXIS2_PLACEMENT_3D ( 'NONE', #4603, #1555, #4707 ) ;
#6830 =( GEOMETRIC_REPRESENTATION_CONTEXT ( 3 ) GLOBAL_UNCERTAINTY_ASSIGNED_CONTEXT ( ( #2607 ) ) GLOBAL_UNIT_ASSIGNED_CONTEXT ( ( #1719, #3274, #1868 ) ) REPRESENTATION_CONTEXT ( 'NONE', 'WORKASPACE' ) );
#6831 = PRESENTATION_LAYER_ASSIGNMENT (  '', '', ( #717 ) ) ;
#6832 = PRESENTATION_LAYER_ASSIGNMENT (  '', '', ( #8794 ) ) ;
#6833 = AXIS2_PLACEMENT_3D ( 'NONE', #7017, #5359, #7671 ) ;
#6834 = ORIENTED_EDGE ( 'NONE', *, *, #6114, .T. ) ;
#6835 = SURFACE_STYLE_USAGE ( .BOTH. , #7589 ) ;
#6836 = EDGE_CURVE ( 'NONE', #6750, #5388, #8418, .T. ) ;
#6837 = COLOUR_RGB ( '',0.8980392156862745390, 0.9176470588235293713, 0.9294117647058823817 ) ;
#6838 = PRESENTATION_LAYER_ASSIGNMENT (  '', '', ( #8963 ) ) ;
#6839 = VERTEX_POINT ( 'NONE', #6990 ) ;
#6840 = VECTOR ( 'NONE', #8291, 1000.000000000000114 ) ;
#6841 = LINE ( 'NONE', #3548, #9650 ) ;
#6842 =( GEOMETRIC_REPRESENTATION_CONTEXT ( 3 ) GLOBAL_UNCERTAINTY_ASSIGNED_CONTEXT ( ( #9807 ) ) GLOBAL_UNIT_ASSIGNED_CONTEXT ( ( #4830, #1691, #6389 ) ) REPRESENTATION_CONTEXT ( 'NONE', 'WORKASPACE' ) );
#6843 = CARTESIAN_POINT ( 'NONE',  ( -45.00000000000000000, -8.199282692615588175, -32.60999825458214474 ) ) ;
#6844 = VERTEX_POINT ( 'NONE', #9196 ) ;
#6845 = VERTEX_POINT ( 'NONE', #6153 ) ;
#6846 = UNCERTAINTY_MEASURE_WITH_UNIT (LENGTH_MEASURE( 1.000000000000000082E-05 ), #10115, 'distance_accuracy_value', 'NONE');
#6847 = DIRECTION ( 'NONE',  ( 0.000000000000000000, 1.000000000000000000, 0.000000000000000000 ) ) ;
#6848 = ORIENTED_EDGE ( 'NONE', *, *, #9832, .T. ) ;
#6849 =( GEOMETRIC_REPRESENTATION_CONTEXT ( 3 ) GLOBAL_UNCERTAINTY_ASSIGNED_CONTEXT ( ( #5804 ) ) GLOBAL_UNIT_ASSIGNED_CONTEXT ( ( #2356, #7762, #5490 ) ) REPRESENTATION_CONTEXT ( 'NONE', 'WORKASPACE' ) );
#6850 = VECTOR ( 'NONE', #4626, 1000.000000000000000 ) ;
#6851 = CARTESIAN_POINT ( 'NONE',  ( -45.00000000000000000, -11.30013452603984092, 30.08641800985717296 ) ) ;
#6852 = DIRECTION ( 'NONE',  ( -0.000000000000000000, 1.000000000000000000, -0.000000000000000000 ) ) ;
#6853 = CARTESIAN_POINT ( 'NONE',  ( 45.00000000000000000, 16.00000071886211117, 31.00999837446186191 ) ) ;
#6854 = VECTOR ( 'NONE', #4161, 1000.000000000000000 ) ;
#6855 = COLOUR_RGB ( '',0.8980392156862745390, 0.9176470588235293713, 0.9294117647058823817 ) ;
#6856 = VECTOR ( 'NONE', #8353, 1000.000000000000000 ) ;
#6857 = PLANE ( 'NONE',  #2719 ) ;
#6858 = CARTESIAN_POINT ( 'NONE',  ( 45.00000000000000000, 11.43098701022217334, -32.60999846344037678 ) ) ;
#6859 = EDGE_CURVE ( 'NONE', #7575, #5207, #632, .T. ) ;
#6860 = ORIENTED_EDGE ( 'NONE', *, *, #6207, .F. ) ;
#6861 = CARTESIAN_POINT ( 'NONE',  ( -45.00000000000000000, -8.635333892083536966, 32.44053818320865190 ) ) ;
#6862 = DIRECTION ( 'NONE',  ( 1.000000000000000000, 0.000000000000000000, 0.000000000000000000 ) ) ;
#6863 = VERTEX_POINT ( 'NONE', #8467 ) ;
#6864 = DIRECTION ( 'NONE',  ( -1.000000000000000000, -0.000000000000000000, -0.000000000000000000 ) ) ;
#6865 = CYLINDRICAL_SURFACE ( 'NONE', #8633, 0.2000000000000751177 ) ;
#6866 = CARTESIAN_POINT ( 'NONE',  ( -45.00000000000000000, -12.41286131668041826, -32.67945703790458367 ) ) ;
#6867 = AXIS2_PLACEMENT_3D ( 'NONE', #3729, #7037, #2921 ) ;
#6868 =( LENGTH_UNIT ( ) NAMED_UNIT ( * ) SI_UNIT ( .MILLI., .METRE. ) );
#6869 = VERTEX_POINT ( 'NONE', #1421 ) ;
#6870 = EDGE_LOOP ( 'NONE', ( #1061, #3858, #1117, #3280 ) ) ;
#6871 = STYLED_ITEM ( 'NONE', ( #828 ), #4422 ) ;
#6872 = ORIENTED_EDGE ( 'NONE', *, *, #6965, .F. ) ;
#6873 = EDGE_CURVE ( 'NONE', #9820, #2755, #1469, .T. ) ;
#6874 =( LENGTH_UNIT ( ) NAMED_UNIT ( * ) SI_UNIT ( .MILLI., .METRE. ) );
#6875 = CARTESIAN_POINT ( 'NONE',  ( -45.00000000000000000, 12.41286273712590393, -32.67945714233415799 ) ) ;
#6876 = PRESENTATION_STYLE_ASSIGNMENT (( #5944 ) ) ;
#6877 = VECTOR ( 'NONE', #2918, 1000.000000000000000 ) ;
#6878 = ORIENTED_EDGE ( 'NONE', *, *, #7336, .T. ) ;
#6879 = FILL_AREA_STYLE_COLOUR ( '', #958 ) ;
#6880 = DIRECTION ( 'NONE',  ( -0.000000000000000000, 1.000000000000000000, -0.000000000000000000 ) ) ;
#6881 = DIRECTION ( 'NONE',  ( 0.000000000000000000, 0.000000000000000000, -1.000000000000000000 ) ) ;
#6882 = EDGE_CURVE ( 'NONE', #9193, #5216, #4564, .T. ) ;
#6883 = SURFACE_STYLE_USAGE ( .BOTH. , #627 ) ;
#6884 = VERTEX_POINT ( 'NONE', #529 ) ;
#6885 = VERTEX_POINT ( 'NONE', #10007 ) ;
#6886 =( NAMED_UNIT ( * ) PLANE_ANGLE_UNIT ( ) SI_UNIT ( $, .RADIAN. ) );
#6887 = SURFACE_SIDE_STYLE ('',( #8516 ) ) ;
#6888 = SURFACE_STYLE_FILL_AREA ( #792 ) ;
#6889 = EDGE_CURVE ( 'NONE', #7075, #4925, #3676, .T. ) ;
#6890 = ORIENTED_EDGE ( 'NONE', *, *, #2685, .F. ) ;
#6891 = FILL_AREA_STYLE_COLOUR ( '', #3154 ) ;
#6892 = CIRCLE ( 'NONE', #1801, 0.09999926905917069786 ) ;
#6893 = AXIS2_PLACEMENT_3D ( 'NONE', #772, #1761, #2428 ) ;
#6894 = STYLED_ITEM ( 'NONE', ( #994 ), #8550 ) ;
#6895 = CARTESIAN_POINT ( 'NONE',  ( 45.00000000000000000, 2.171929462965214608, -32.44053776549218071 ) ) ;
#6896 = CARTESIAN_POINT ( 'NONE',  ( -45.00000000000000000, -2.675625211794851133, -32.44053776549218071 ) ) ;
#6897 = CARTESIAN_POINT ( 'NONE',  ( 45.00000000000000000, -12.41286131668040404, 32.67945703790463341 ) ) ;
#6898 = DIRECTION ( 'NONE',  ( -1.000000000000000000, -0.000000000000000000, -0.000000000000000000 ) ) ;
#6899 = FILL_AREA_STYLE_COLOUR ( '', #367 ) ;
#6900 = AXIS2_PLACEMENT_3D ( 'NONE', #7843, #2527, #9443 ) ;
#6901 =( NAMED_UNIT ( * ) SI_UNIT ( $, .STERADIAN. ) SOLID_ANGLE_UNIT ( ) );
#6902 = ORIENTED_EDGE ( 'NONE', *, *, #4893, .T. ) ;
#6903 = EDGE_CURVE ( 'NONE', #3006, #9255, #2247, .T. ) ;
#6904 = CARTESIAN_POINT ( 'NONE',  ( -45.00000000000000000, -9.575082125561817037, 33.00999827003279563 ) ) ;
#6905 =( GEOMETRIC_REPRESENTATION_CONTEXT ( 3 ) GLOBAL_UNCERTAINTY_ASSIGNED_CONTEXT ( ( #9097 ) ) GLOBAL_UNIT_ASSIGNED_CONTEXT ( ( #1825, #991, #6828 ) ) REPRESENTATION_CONTEXT ( 'NONE', 'WORKASPACE' ) );
#6906 = ORIENTED_EDGE ( 'NONE', *, *, #4201, .T. ) ;
#6907 = DIRECTION ( 'NONE',  ( -0.000000000000000000, -1.000000000000000000, -0.000000000000000000 ) ) ;
#6908 = VECTOR ( 'NONE', #9486, 1000.000000000000227 ) ;
#6909 = DIRECTION ( 'NONE',  ( -1.000000000000000000, -0.000000000000000000, -0.000000000000000000 ) ) ;
#6910 = ADVANCED_FACE ( 'NONE', ( #585 ), #734, .T. ) ;
#6911 = DIRECTION ( 'NONE',  ( 0.000000000000000000, 0.000000000000000000, -1.000000000000000000 ) ) ;
#6912 =( LENGTH_UNIT ( ) NAMED_UNIT ( * ) SI_UNIT ( .MILLI., .METRE. ) );
#6913 = STYLED_ITEM ( 'NONE', ( #1019 ), #8917 ) ;
#6914 =( NAMED_UNIT ( * ) PLANE_ANGLE_UNIT ( ) SI_UNIT ( $, .RADIAN. ) );
#6915 = FACE_OUTER_BOUND ( 'NONE', #5958, .T. ) ;
#6916 = ORIENTED_EDGE ( 'NONE', *, *, #4756, .T. ) ;
#6917 = VERTEX_POINT ( 'NONE', #6053 ) ;
#6918 = ORIENTED_EDGE ( 'NONE', *, *, #4211, .F. ) ;
#6919 = LINE ( 'NONE', #6199, #9729 ) ;
#6920 = COLOUR_RGB ( '',0.8980392156862745390, 0.9176470588235293713, 0.9294117647058823817 ) ;
#6921 = COLOUR_RGB ( '',0.8980392156862745390, 0.9176470588235293713, 0.9294117647058823817 ) ;
#6922 = DIRECTION ( 'NONE',  ( 1.000000000000000000, 0.000000000000000000, 0.000000000000000000 ) ) ;
#6923 = FILL_AREA_STYLE ('',( #4549 ) ) ;
#6924 = ADVANCED_FACE ( 'NONE', ( #10162 ), #5384, .T. ) ;
#6925 = DIRECTION ( 'NONE',  ( 1.000000000000000000, 0.000000000000000000, -0.000000000000000000 ) ) ;
#6926 = DIRECTION ( 'NONE',  ( 0.000000000000000000, -0.1736483871527826073, 0.9848077160741772751 ) ) ;
#6927 = VECTOR ( 'NONE', #1478, 1000.000000000000000 ) ;
#6928 = ORIENTED_EDGE ( 'NONE', *, *, #78, .F. ) ;
#6930 = COLOUR_RGB ( '',0.8980392156862745390, 0.9176470588235293713, 0.9294117647058823817 ) ;
#6929 = AXIS2_PLACEMENT_3D ( 'NONE', #8371, #9357, #6155 ) ;
#6931 = LINE ( 'NONE', #9135, #4630 ) ;
#6932 = CARTESIAN_POINT ( 'NONE',  ( 45.00000000000000000, -4.291476669582347192, -32.44053786992127897 ) ) ;
#6933 = ORIENTED_EDGE ( 'NONE', *, *, #279, .F. ) ;
#6934 =( GEOMETRIC_REPRESENTATION_CONTEXT ( 3 ) GLOBAL_UNCERTAINTY_ASSIGNED_CONTEXT ( ( #9343 ) ) GLOBAL_UNIT_ASSIGNED_CONTEXT ( ( #1383, #4419, #452 ) ) REPRESENTATION_CONTEXT ( 'NONE', 'WORKASPACE' ) );
#6935 =( NAMED_UNIT ( * ) SI_UNIT ( $, .STERADIAN. ) SOLID_ANGLE_UNIT ( ) );
#6937 = CIRCLE ( 'NONE', #999, 0.7199711365119370043 ) ;
#6936 = STYLED_ITEM ( 'NONE', ( #3386 ), #9511 ) ;
#6938 =( NAMED_UNIT ( * ) SI_UNIT ( $, .STERADIAN. ) SOLID_ANGLE_UNIT ( ) );
#6939 = DIRECTION ( 'NONE',  ( 0.000000000000000000, 0.1736483871527967904, 0.9848077160741748326 ) ) ;
#6940 = EDGE_CURVE ( 'NONE', #9180, #9416, #9458, .T. ) ;
#6941 = VERTEX_POINT ( 'NONE', #2542 ) ;
#6942 = PRESENTATION_STYLE_ASSIGNMENT (( #6215 ) ) ;
#6943 =( NAMED_UNIT ( * ) PLANE_ANGLE_UNIT ( ) SI_UNIT ( $, .RADIAN. ) );
#6944 =( GEOMETRIC_REPRESENTATION_CONTEXT ( 3 ) GLOBAL_UNCERTAINTY_ASSIGNED_CONTEXT ( ( #1865 ) ) GLOBAL_UNIT_ASSIGNED_CONTEXT ( ( #7784, #3813, #715 ) ) REPRESENTATION_CONTEXT ( 'NONE', 'WORKASPACE' ) );
#6945 = COLOUR_RGB ( '',0.8980392156862745390, 0.9176470588235293713, 0.9294117647058823817 ) ;
#6946 = PLANE ( 'NONE',  #1132 ) ;
#6947 = PRESENTATION_STYLE_ASSIGNMENT (( #637 ) ) ;
#6948 = ORIENTED_EDGE ( 'NONE', *, *, #6619, .T. ) ;
#6949 = ORIENTED_EDGE ( 'NONE', *, *, #3824, .T. ) ;
#6950 = CARTESIAN_POINT ( 'NONE',  ( 45.00000000000000000, -9.181159039132124278, 32.67945762489387818 ) ) ;
#6951 = ORIENTED_EDGE ( 'NONE', *, *, #9139, .T. ) ;
#6952 = AXIS2_PLACEMENT_3D ( 'NONE', #3246, #4044, #4675 ) ;
#6953 = CARTESIAN_POINT ( 'NONE',  ( 45.00000000000000000, -5.949456123556981169, 32.67945741603561771 ) ) ;
#6954 = ADVANCED_FACE ( 'NONE', ( #2445 ), #4867, .F. ) ;
#6955 = LINE ( 'NONE', #10071, #7018 ) ;
#6956 =( LENGTH_UNIT ( ) NAMED_UNIT ( * ) SI_UNIT ( .MILLI., .METRE. ) );
#6957 =( LENGTH_UNIT ( ) NAMED_UNIT ( * ) SI_UNIT ( .MILLI., .METRE. ) );
#6958 = ORIENTED_EDGE ( 'NONE', *, *, #3056, .F. ) ;
#6959 = CARTESIAN_POINT ( 'NONE',  ( 45.00000000000000000, -3.351728319253076016, -33.00999785231633155 ) ) ;
#6960 = UNCERTAINTY_MEASURE_WITH_UNIT (LENGTH_MEASURE( 1.000000000000000082E-05 ), #5934, 'distance_accuracy_value', 'NONE');
#6961 = SURFACE_STYLE_USAGE ( .BOTH. , #1443 ) ;
#6962 = AXIS2_PLACEMENT_3D ( 'NONE', #4169, #6466, #2646 ) ;
#6963 = CARTESIAN_POINT ( 'NONE',  ( 45.00000000000000000, -12.37073395851987456, -32.44053839206678447 ) ) ;
#6964 = CARTESIAN_POINT ( 'NONE',  ( -45.00000000000000000, -5.949456123557249398, -32.67945741603565324 ) ) ;
#6965 = EDGE_CURVE ( 'NONE', #4666, #5899, #4914, .T. ) ;
#6966 = CARTESIAN_POINT ( 'NONE',  ( 45.00000000000000000, 10.80018194386384423, -30.07663373129822304 ) ) ;
#6967 = CARTESIAN_POINT ( 'NONE',  ( 45.00000000000000000, -10.79701049691968606, 32.67945772932299775 ) ) ;
#6968 = ORIENTED_EDGE ( 'NONE', *, *, #9285, .F. ) ;
#6969 = CARTESIAN_POINT ( 'NONE',  ( -45.00000000000000000, -11.43098560819056786, 33.00999837445939988 ) ) ;
#6970 = EDGE_CURVE ( 'NONE', #2008, #6516, #1557, .T. ) ;
#6971 = VERTEX_POINT ( 'NONE', #842 ) ;
#6972 = CARTESIAN_POINT ( 'NONE',  ( -45.00000000000000000, -11.19093358334940547, -32.60999837446185978 ) ) ;
#6973 = LINE ( 'NONE', #9240, #5955 ) ;
#6974 = SURFACE_STYLE_USAGE ( .BOTH. , #2284 ) ;
#6975 = AXIS2_PLACEMENT_3D ( 'NONE', #7765, #1379, #8766 ) ;
#6976 =( NAMED_UNIT ( * ) PLANE_ANGLE_UNIT ( ) SI_UNIT ( $, .RADIAN. ) );
#6977 = SURFACE_SIDE_STYLE ('',( #9289 ) ) ;
#6978 = UNCERTAINTY_MEASURE_WITH_UNIT (LENGTH_MEASURE( 1.000000000000000082E-05 ), #4740, 'distance_accuracy_value', 'NONE');
#6979 = SURFACE_STYLE_USAGE ( .BOTH. , #10151 ) ;
#6980 = ORIENTED_EDGE ( 'NONE', *, *, #3845, .F. ) ;
#6981 = DIRECTION ( 'NONE',  ( 1.000000000000000000, 0.000000000000000000, 0.000000000000000000 ) ) ;
#6982 = LINE ( 'NONE', #5325, #4788 ) ;
#6983 = MECHANICAL_DESIGN_GEOMETRIC_PRESENTATION_REPRESENTATION (  '', ( #4324 ), #1200 ) ;
#6984 = ADVANCED_FACE ( 'NONE', ( #3970 ), #8, .T. ) ;
#6985 = UNCERTAINTY_MEASURE_WITH_UNIT (LENGTH_MEASURE( 1.000000000000000082E-05 ), #7014, 'distance_accuracy_value', 'NONE');
#6986 = DIRECTION ( 'NONE',  ( 1.000000000000000000, 0.000000000000000000, 0.000000000000000000 ) ) ;
#6987 = EDGE_LOOP ( 'NONE', ( #9863, #8661, #4545, #9233 ) ) ;
#6988 = AXIS2_PLACEMENT_3D ( 'NONE', #7534, #5221, #7377 ) ;
#6989 = LINE ( 'NONE', #629, #9514 ) ;
#6990 = CARTESIAN_POINT ( 'NONE',  ( -45.00000000000000000, -11.86703680765867297, 32.44053839206689815 ) ) ;
#6991 = STYLED_ITEM ( 'NONE', ( #5876 ), #2765 ) ;
#6992 = MECHANICAL_DESIGN_GEOMETRIC_PRESENTATION_REPRESENTATION (  '', ( #6493 ), #5004 ) ;
#6993 = SURFACE_STYLE_FILL_AREA ( #5335 ) ;
#6994 = PLANE ( 'NONE',  #2310 ) ;
#6995 = CIRCLE ( 'NONE', #2211, 0.3999999110189597640 ) ;
#6996 = VERTEX_POINT ( 'NONE', #3660 ) ;
#6997 = ORIENTED_EDGE ( 'NONE', *, *, #5226, .T. ) ;
#6998 = ORIENTED_EDGE ( 'NONE', *, *, #7725, .T. ) ;
#6999 = EDGE_CURVE ( 'NONE', #4353, #9841, #2015, .T. ) ;
#7000 = COLOUR_RGB ( '',0.8980392156862745390, 0.9176470588235293713, 0.9294117647058823817 ) ;
#7001 = AXIS2_PLACEMENT_3D ( 'NONE', #1127, #4253, #7262 ) ;
#7002 = MECHANICAL_DESIGN_GEOMETRIC_PRESENTATION_REPRESENTATION (  '', ( #9631 ), #8951 ) ;
#7003 = DIRECTION ( 'NONE',  ( -0.000000000000000000, 0.9848075680949370803, 0.1736492263816221682 ) ) ;
#7004 = DIRECTION ( 'NONE',  ( -1.000000000000000000, -0.000000000000000000, -0.000000000000000000 ) ) ;
#7005 = SURFACE_SIDE_STYLE ('',( #7712 ) ) ;
#7006 = AXIS2_PLACEMENT_3D ( 'NONE', #3526, #7577, #5321 ) ;
#7007 = ORIENTED_EDGE ( 'NONE', *, *, #2481, .T. ) ;
#7008 =( GEOMETRIC_REPRESENTATION_CONTEXT ( 3 ) GLOBAL_UNCERTAINTY_ASSIGNED_CONTEXT ( ( #5781 ) ) GLOBAL_UNIT_ASSIGNED_CONTEXT ( ( #105, #2394, #6415 ) ) REPRESENTATION_CONTEXT ( 'NONE', 'WORKASPACE' ) );
#7009 = MECHANICAL_DESIGN_GEOMETRIC_PRESENTATION_REPRESENTATION (  '', ( #8963 ), #1404 ) ;
#7010 =( GEOMETRIC_REPRESENTATION_CONTEXT ( 3 ) GLOBAL_UNCERTAINTY_ASSIGNED_CONTEXT ( ( #1069 ) ) GLOBAL_UNIT_ASSIGNED_CONTEXT ( ( #2881, #8241, #6753 ) ) REPRESENTATION_CONTEXT ( 'NONE', 'WORKASPACE' ) );
#7011 = FILL_AREA_STYLE_COLOUR ( '', #10054 ) ;
#7012 = EDGE_CURVE ( 'NONE', #3124, #6844, #5932, .T. ) ;
#7013 = SURFACE_SIDE_STYLE ('',( #8639 ) ) ;
#7014 =( LENGTH_UNIT ( ) NAMED_UNIT ( * ) SI_UNIT ( .MILLI., .METRE. ) );
#7015 = COLOUR_RGB ( '',0.8980392156862745390, 0.9176470588235293713, 0.9294117647058823817 ) ;
#7016 = PRESENTATION_LAYER_ASSIGNMENT (  '', '', ( #9952 ) ) ;
#7017 = CARTESIAN_POINT ( 'NONE',  ( 45.00000000000000000, 7.565308369985570103, 32.67945741603563192 ) ) ;
#7018 = VECTOR ( 'NONE', #3346, 1000.000000000000000 ) ;
#7019 = DIRECTION ( 'NONE',  ( 0.000000000000000000, 0.000000000000000000, -1.000000000000000000 ) ) ;
#7020 = EDGE_LOOP ( 'NONE', ( #2402, #7234, #5927, #2863 ) ) ;
#7021 = ORIENTED_EDGE ( 'NONE', *, *, #6769, .F. ) ;
#7022 = DIRECTION ( 'NONE',  ( 0.000000000000000000, 0.9999999999996230793, 8.681838798992458299E-07 ) ) ;
#7023 = EDGE_CURVE ( 'NONE', #2156, #1067, #6518, .T. ) ;
#7024 = ORIENTED_EDGE ( 'NONE', *, *, #9184, .F. ) ;
#7025 = DIRECTION ( 'NONE',  ( -0.000000000000000000, 1.000000000000000000, -0.000000000000000000 ) ) ;
#7026 = DIRECTION ( 'NONE',  ( -1.000000000000000000, -0.000000000000000000, -0.000000000000000000 ) ) ;
#7027 = AXIS2_PLACEMENT_3D ( 'NONE', #1006, #3403, #5139 ) ;
#7028 = VERTEX_POINT ( 'NONE', #5213 ) ;
#7029 = VECTOR ( 'NONE', #6733, 1000.000000000000000 ) ;
#7030 = FILL_AREA_STYLE ('',( #3166 ) ) ;
#7031 = ORIENTED_EDGE ( 'NONE', *, *, #7366, .F. ) ;
#7032 = DIRECTION ( 'NONE',  ( 0.000000000000000000, 0.000000000000000000, -1.000000000000000000 ) ) ;
#7033 = AXIS2_PLACEMENT_3D ( 'NONE', #9144, #8416, #5134 ) ;
#7034 = PRESENTATION_STYLE_ASSIGNMENT (( #373 ) ) ;
#7035 = SURFACE_STYLE_FILL_AREA ( #4809 ) ;
#7036 = EDGE_CURVE ( 'NONE', #3318, #8498, #7326, .T. ) ;
#7037 = DIRECTION ( 'NONE',  ( -1.000000000000000000, -0.000000000000000000, -0.000000000000000000 ) ) ;
#7038 = CARTESIAN_POINT ( 'NONE',  ( 45.00000000000000000, -12.41286131668016068, 32.67945703790467604 ) ) ;
#7039 = SURFACE_STYLE_USAGE ( .BOTH. , #1425 ) ;
#7040 = MECHANICAL_DESIGN_GEOMETRIC_PRESENTATION_REPRESENTATION (  '', ( #9830 ), #5070 ) ;
#7041 = CARTESIAN_POINT ( 'NONE',  ( -45.00000000000000000, -9.400134739806436102, 29.82752886061093633 ) ) ;
#7042 = ORIENTED_EDGE ( 'NONE', *, *, #2312, .T. ) ;
#7043 = ORIENTED_EDGE ( 'NONE', *, *, #3930, .T. ) ;
#7044 = DIRECTION ( 'NONE',  ( -1.000000000000000000, -0.000000000000000000, -0.000000000000000000 ) ) ;
#7045 = LINE ( 'NONE', #5444, #390 ) ;
#7046 = ORIENTED_EDGE ( 'NONE', *, *, #6259, .F. ) ;
#7047 = CARTESIAN_POINT ( 'NONE',  ( 45.00000000000000000, -3.745651258861856014, -32.67945761639600022 ) ) ;
#7048 =( NAMED_UNIT ( * ) PLANE_ANGLE_UNIT ( ) SI_UNIT ( $, .RADIAN. ) );
#7049 = LINE ( 'NONE', #8526, #10009 ) ;
#7050 = ADVANCED_FACE ( 'NONE', ( #6765 ), #9839, .F. ) ;
#7051 =( NAMED_UNIT ( * ) PLANE_ANGLE_UNIT ( ) SI_UNIT ( $, .RADIAN. ) );
#7052 = ORIENTED_EDGE ( 'NONE', *, *, #1799, .F. ) ;
#7053 = DIRECTION ( 'NONE',  ( 0.000000000000000000, 0.1736483871527953471, 0.9848077160741750546 ) ) ;
#7054 = SURFACE_STYLE_USAGE ( .BOTH. , #7013 ) ;
#7055 = CARTESIAN_POINT ( 'NONE',  ( 45.00000000000000000, -13.99999993022107070, -31.00999847889091043 ) ) ;
#7056 = STYLED_ITEM ( 'NONE', ( #694 ), #8601 ) ;
#7057 = LINE ( 'NONE', #6286, #1087 ) ;
#7058 = FACE_OUTER_BOUND ( 'NONE', #538, .T. ) ;
#7059 = DIRECTION ( 'NONE',  ( -1.000000000000000000, -0.000000000000000000, -0.000000000000000000 ) ) ;
#7060 =( NAMED_UNIT ( * ) SI_UNIT ( $, .STERADIAN. ) SOLID_ANGLE_UNIT ( ) );
#7061 = DIRECTION ( 'NONE',  ( 0.000000000000000000, 0.000000000000000000, -1.000000000000000000 ) ) ;
#7062 = COLOUR_RGB ( '',0.8980392156862745390, 0.9176470588235293713, 0.9294117647058823817 ) ;
#7063 = ORIENTED_EDGE ( 'NONE', *, *, #108, .T. ) ;
#7064 = CARTESIAN_POINT ( 'NONE',  ( 45.00000000000000000, -7.480134752671422582, -31.02000003054214261 ) ) ;
#7065 = SURFACE_STYLE_USAGE ( .BOTH. , #3904 ) ;
#7066 = ORIENTED_EDGE ( 'NONE', *, *, #2702, .T. ) ;
#7067 = VERTEX_POINT ( 'NONE', #5262 ) ;
#7068 = CARTESIAN_POINT ( 'NONE',  ( 45.00000000000000000, -7.019482434296157258, -32.44053807877948259 ) ) ;
#7069 = CARTESIAN_POINT ( 'NONE',  ( 45.00000000000000000, 1.101903152226300975, -32.67945710274835847 ) ) ;
#7070 = VECTOR ( 'NONE', #7741, 1000.000000000000000 ) ;
#7071 = DIRECTION ( 'NONE',  ( -0.000000000000000000, 0.9848077160741772751, 0.1736483871527826073 ) ) ;
#7072 = PRESENTATION_STYLE_ASSIGNMENT (( #9246 ) ) ;
#7073 = EDGE_CURVE ( 'NONE', #8546, #9438, #1346, .T. ) ;
#7074 = VECTOR ( 'NONE', #6284, 1000.000000000000000 ) ;
#7075 = VERTEX_POINT ( 'NONE', #257 ) ;
#7076 = DIRECTION ( 'NONE',  ( -1.000000000000000000, -0.000000000000000000, -0.000000000000000000 ) ) ;
#7077 = AXIS2_PLACEMENT_3D ( 'NONE', #6897, #4473, #7819 ) ;
#7078 = LINE ( 'NONE', #7126, #3867 ) ;
#7079 = ORIENTED_EDGE ( 'NONE', *, *, #7355, .T. ) ;
#7080 = VECTOR ( 'NONE', #7459, 1000.000000000000000 ) ;
#7081 = DIRECTION ( 'NONE',  ( 0.000000000000000000, 0.000000000000000000, -1.000000000000000000 ) ) ;
#7082 = SURFACE_STYLE_USAGE ( .BOTH. , #8466 ) ;
#7083 = CIRCLE ( 'NONE', #1986, 0.09999926905921927012 ) ;
#7084 = DIRECTION ( 'NONE',  ( -0.000000000000000000, 0.9848075680949427424, 0.1736492263815903603 ) ) ;
#7085 = EDGE_CURVE ( 'NONE', #3130, #9009, #1062, .T. ) ;
#7086 = CARTESIAN_POINT ( 'NONE',  ( 45.00000000000000000, -9.139031042944736782, 32.44053818320865190 ) ) ;
#7087 = SURFACE_STYLE_USAGE ( .BOTH. , #2248 ) ;
#7088 = DIRECTION ( 'NONE',  ( -1.000000000000000000, -0.000000000000000000, -0.000000000000000000 ) ) ;
#7089 = EDGE_LOOP ( 'NONE', ( #8531, #5795, #2942, #6127 ) ) ;
#7090 = VECTOR ( 'NONE', #4100, 1000.000000000000000 ) ;
#7091 = ORIENTED_EDGE ( 'NONE', *, *, #4370, .F. ) ;
#7092 = AXIS2_PLACEMENT_3D ( 'NONE', #4063, #982, #7219 ) ;
#7093 = EDGE_CURVE ( 'NONE', #3170, #7243, #8444, .T. ) ;
#7094 = CARTESIAN_POINT ( 'NONE',  ( 45.00000000000000000, -12.41286131668041826, -32.67945703790458367 ) ) ;
#7095 = ORIENTED_EDGE ( 'NONE', *, *, #9604, .T. ) ;
#7096 = DIRECTION ( 'NONE',  ( -0.000000000000000000, -0.1736483871527665368, 0.9848077160741801617 ) ) ;
#7097 = PRESENTATION_LAYER_ASSIGNMENT (  '', '', ( #7586 ) ) ;
#7098 = AXIS2_PLACEMENT_3D ( 'NONE', #3429, #6558, #9699 ) ;
#7099 = CARTESIAN_POINT ( 'NONE',  ( -45.00000000000000000, -0.1200255863398349832, -32.60999669650581012 ) ) ;
#7100 = VECTOR ( 'NONE', #3029, 1000.000000000000000 ) ;
#7101 = ORIENTED_EDGE ( 'NONE', *, *, #2333, .T. ) ;
#7102 = EDGE_CURVE ( 'NONE', #2209, #1644, #2841, .T. ) ;
#7103 =( NAMED_UNIT ( * ) PLANE_ANGLE_UNIT ( ) SI_UNIT ( $, .RADIAN. ) );
#7104 = CARTESIAN_POINT ( 'NONE',  ( -45.00000000000000000, -9.139031042944736782, 32.44053818320865190 ) ) ;
#7105 = DIRECTION ( 'NONE',  ( 0.000000000000000000, 1.000000000000000000, 0.000000000000000000 ) ) ;
#7106 = CARTESIAN_POINT ( 'NONE',  ( 45.00000000000000000, 4.967581179072156239, -32.60999804572395533 ) ) ;
#7107 = DIRECTION ( 'NONE',  ( 0.000000000000000000, -0.9848077160741789404, -0.1736483871527735035 ) ) ;
#7108 = ORIENTED_EDGE ( 'NONE', *, *, #4273, .T. ) ;
#7109 = ORIENTED_EDGE ( 'NONE', *, *, #4352, .T. ) ;
#7110 = DIRECTION ( 'NONE',  ( 0.000000000000000000, 0.000000000000000000, 1.000000000000000000 ) ) ;
#7111 = ORIENTED_EDGE ( 'NONE', *, *, #7901, .T. ) ;
#7112 = SURFACE_STYLE_FILL_AREA ( #4005 ) ;
#7113 =( LENGTH_UNIT ( ) NAMED_UNIT ( * ) SI_UNIT ( .MILLI., .METRE. ) );
#7114 = EDGE_CURVE ( 'NONE', #8498, #889, #3711, .T. ) ;
#7115 = DIRECTION ( 'NONE',  ( -0.000000000000000000, -0.1736463975343387478, 0.9848080668959543482 ) ) ;
#7116 = CARTESIAN_POINT ( 'NONE',  ( 45.00000000000000000, 11.91902502860232893, -28.48824096683820173 ) ) ;
#7117 = CARTESIAN_POINT ( 'NONE',  ( 45.00000000000000000, 5.403632378540224934, -32.44053797435039144 ) ) ;
#7118 = FILL_AREA_STYLE_COLOUR ( '', #99 ) ;
#7119 = ORIENTED_EDGE ( 'NONE', *, *, #1429, .F. ) ;
#7120 = EDGE_LOOP ( 'NONE', ( #1649, #5588, #7676, #8506 ) ) ;
#7121 = SURFACE_SIDE_STYLE ('',( #5574 ) ) ;
#7122 =( NAMED_UNIT ( * ) PLANE_ANGLE_UNIT ( ) SI_UNIT ( $, .RADIAN. ) );
#7123 = DIRECTION ( 'NONE',  ( -1.000000000000000000, -0.000000000000000000, -0.000000000000000000 ) ) ;
#7124 = VECTOR ( 'NONE', #1246, 1000.000000000000000 ) ;
#7125 = EDGE_CURVE ( 'NONE', #1787, #3902, #6169, .T. ) ;
#7126 = CARTESIAN_POINT ( 'NONE',  ( 45.00000000000000000, 9.575082914202827311, 33.00999816560367606 ) ) ;
#7127 = ORIENTED_EDGE ( 'NONE', *, *, #5046, .T. ) ;
#7128 = CARTESIAN_POINT ( 'NONE',  ( -45.00000000000000000, 3.351729721284654850, -33.00999785231380912 ) ) ;
#7129 = FILL_AREA_STYLE ('',( #2443 ) ) ;
#7130 = LINE ( 'NONE', #5477, #1391 ) ;
#7131 = CARTESIAN_POINT ( 'NONE',  ( 45.00000000000000000, -14.25000017881387571, 28.28824047302991218 ) ) ;
#7132 = MECHANICAL_DESIGN_GEOMETRIC_PRESENTATION_REPRESENTATION (  '', ( #4663 ), #8285 ) ;
#7133 = CARTESIAN_POINT ( 'NONE',  ( 45.00000000000000000, -8.199282692615588175, -32.60999825458214474 ) ) ;
#7134 = DIRECTION ( 'NONE',  ( 0.000000000000000000, 0.000000000000000000, 1.000000000000000000 ) ) ;
#7135 = DIRECTION ( 'NONE',  ( 0.000000000000000000, 0.000000000000000000, -1.000000000000000000 ) ) ;
#7136 = ORIENTED_EDGE ( 'NONE', *, *, #7114, .F. ) ;
#7137 = VERTEX_POINT ( 'NONE', #5461 ) ;
#7138 = ADVANCED_FACE ( 'NONE', ( #9279 ), #7776, .T. ) ;
#7139 = ORIENTED_EDGE ( 'NONE', *, *, #1300, .T. ) ;
#7140 = LINE ( 'NONE', #2459, #5372 ) ;
#7141 = ORIENTED_EDGE ( 'NONE', *, *, #5000, .F. ) ;
#7142 = PLANE ( 'NONE',  #8232 ) ;
#7143 = AXIS2_PLACEMENT_3D ( 'NONE', #9421, #10170, #3237 ) ;
#7144 = ORIENTED_EDGE ( 'NONE', *, *, #8267, .T. ) ;
#7145 = PLANE ( 'NONE',  #1482 ) ;
#7146 = COLOUR_RGB ( '',0.8980392156862745390, 0.9176470588235293713, 0.9294117647058823817 ) ;
#7147 = CARTESIAN_POINT ( 'NONE',  ( -45.00000000000000000, -10.75488250073230212, 32.44053828763777148 ) ) ;
#7148 = STYLED_ITEM ( 'NONE', ( #9257 ), #7704 ) ;
#7149 = AXIS2_PLACEMENT_3D ( 'NONE', #7879, #7837, #7019 ) ;
#7150 = MECHANICAL_DESIGN_GEOMETRIC_PRESENTATION_REPRESENTATION (  '', ( #7978 ), #5668 ) ;
#7151 =( NAMED_UNIT ( * ) PLANE_ANGLE_UNIT ( ) SI_UNIT ( $, .RADIAN. ) );
#7152 = FACE_OUTER_BOUND ( 'NONE', #9361, .T. ) ;
#7153 = PRESENTATION_LAYER_ASSIGNMENT (  '', '', ( #6174 ) ) ;
#7154 = EDGE_CURVE ( 'NONE', #4279, #7806, #1888, .T. ) ;
#7155 = CARTESIAN_POINT ( 'NONE',  ( 45.00000000000000000, -14.24999956843513260, -28.28824078050312707 ) ) ;
#7156 = SURFACE_SIDE_STYLE ('',( #8846 ) ) ;
#7157 = STYLED_ITEM ( 'NONE', ( #2422 ), #7959 ) ;
#7158 = COLOUR_RGB ( '',0.8980392156862745390, 0.9176470588235293713, 0.9294117647058823817 ) ;
#7159 = SURFACE_STYLE_USAGE ( .BOTH. , #5509 ) ;
#7160 = ORIENTED_EDGE ( 'NONE', *, *, #2256, .T. ) ;
#7161 = ORIENTED_EDGE ( 'NONE', *, *, #1196, .T. ) ;
#7162 = MECHANICAL_DESIGN_GEOMETRIC_PRESENTATION_REPRESENTATION (  '', ( #6677 ), #6842 ) ;
#7163 = CARTESIAN_POINT ( 'NONE',  ( 45.00000000000000000, 3.351729721284654850, -32.60999794129484997 ) ) ;
#7164 = STYLED_ITEM ( 'NONE', ( #6764 ), #6282 ) ;
#7165 = CARTESIAN_POINT ( 'NONE',  ( 45.00000000000000000, 0.1200269883714016744, -33.00999660752465559 ) ) ;
#7166 = LINE ( 'NONE', #3261, #7533 ) ;
#7167 = DIRECTION ( 'NONE',  ( 0.000000000000000000, 0.000000000000000000, 1.000000000000000000 ) ) ;
#7168 = FACE_OUTER_BOUND ( 'NONE', #1565, .T. ) ;
#7169 = SURFACE_SIDE_STYLE ('',( #7890 ) ) ;
#7170 = EDGE_LOOP ( 'NONE', ( #7662, #1543, #2362, #7324 ) ) ;
#7171 =( NAMED_UNIT ( * ) PLANE_ANGLE_UNIT ( ) SI_UNIT ( $, .RADIAN. ) );
#7172 = SURFACE_STYLE_FILL_AREA ( #7030 ) ;
#7173 = EDGE_CURVE ( 'NONE', #5589, #3758, #9492, .T. ) ;
#7174 = LINE ( 'NONE', #5576, #9058 ) ;
#7175 = ORIENTED_EDGE ( 'NONE', *, *, #9604, .F. ) ;
#7176 = PRESENTATION_LAYER_ASSIGNMENT (  '', '', ( #9657 ) ) ;
#7177 = SURFACE_STYLE_USAGE ( .BOTH. , #4023 ) ;
#7178 = DIRECTION ( 'NONE',  ( -0.000000000000000000, 2.269681165707340177E-08, 0.9999999999999997780 ) ) ;
#7179 =( NAMED_UNIT ( * ) PLANE_ANGLE_UNIT ( ) SI_UNIT ( $, .RADIAN. ) );
#7180 = SURFACE_STYLE_USAGE ( .BOTH. , #3275 ) ;
#7181 = FACE_OUTER_BOUND ( 'NONE', #3340, .T. ) ;
#7182 = EDGE_CURVE ( 'NONE', #3647, #1273, #58, .T. ) ;
#7183 = DIRECTION ( 'NONE',  ( 1.000000000000000000, 0.000000000000000000, 0.000000000000000000 ) ) ;
#7184 = ORIENTED_EDGE ( 'NONE', *, *, #7400, .T. ) ;
#7185 = VERTEX_POINT ( 'NONE', #5506 ) ;
#7186 = PRESENTATION_LAYER_ASSIGNMENT (  '', '', ( #6040 ) ) ;
#7187 = VERTEX_POINT ( 'NONE', #2323 ) ;
#7188 = FILL_AREA_STYLE_COLOUR ( '', #7000 ) ;
#7189 =( NAMED_UNIT ( * ) SI_UNIT ( $, .STERADIAN. ) SOLID_ANGLE_UNIT ( ) );
#7190 = CIRCLE ( 'NONE', #2093, 0.4000000000000322742 ) ;
#7191 = PRESENTATION_STYLE_ASSIGNMENT (( #4039 ) ) ;
#7192 = ADVANCED_FACE ( 'NONE', ( #5561 ), #5407, .F. ) ;
#7193 = LINE ( 'NONE', #1744, #1878 ) ;
#7194 = ORIENTED_EDGE ( 'NONE', *, *, #5268, .T. ) ;
#7195 = DIRECTION ( 'NONE',  ( -0.000000000000000000, 0.000000000000000000, 1.000000000000000000 ) ) ;
#7196 = VECTOR ( 'NONE', #10191, 1000.000000000000114 ) ;
#7197 = ORIENTED_EDGE ( 'NONE', *, *, #3515, .T. ) ;
#7198 = PRESENTATION_STYLE_ASSIGNMENT (( #8691 ) ) ;
#7199 = PRESENTATION_STYLE_ASSIGNMENT (( #2471 ) ) ;
#7200 = DIRECTION ( 'NONE',  ( 0.000000000000000000, 0.1736483871528077816, 0.9848077160741728342 ) ) ;
#7201 =( NAMED_UNIT ( * ) PLANE_ANGLE_UNIT ( ) SI_UNIT ( $, .RADIAN. ) );
#7202 = LINE ( 'NONE', #9589, #4254 ) ;
#7203 = ADVANCED_FACE ( 'NONE', ( #1498 ), #761, .T. ) ;
#7204 = FILL_AREA_STYLE ('',( #8805 ) ) ;
#7205 = VERTEX_POINT ( 'NONE', #7155 ) ;
#7206 = CARTESIAN_POINT ( 'NONE',  ( 45.00000000000000000, 14.00000071886211117, 33.00999837446191520 ) ) ;
#7207 = PRESENTATION_STYLE_ASSIGNMENT (( #7065 ) ) ;
#7208 = STYLED_ITEM ( 'NONE', ( #6570 ), #8504 ) ;
#7209 = EDGE_CURVE ( 'NONE', #1278, #4354, #283, .T. ) ;
#7210 = DIRECTION ( 'NONE',  ( 0.000000000000000000, 0.000000000000000000, -1.000000000000000000 ) ) ;
#7211 = SURFACE_STYLE_USAGE ( .BOTH. , #8657 ) ;
#7212 =( NAMED_UNIT ( * ) SI_UNIT ( $, .STERADIAN. ) SOLID_ANGLE_UNIT ( ) );
#7213 = FILL_AREA_STYLE ('',( #873 ) ) ;
#7214 = VERTEX_POINT ( 'NONE', #232 ) ;
#7215 = PRESENTATION_STYLE_ASSIGNMENT (( #3914 ) ) ;
#7216 = FILL_AREA_STYLE_COLOUR ( '', #7940 ) ;
#7217 =( NAMED_UNIT ( * ) PLANE_ANGLE_UNIT ( ) SI_UNIT ( $, .RADIAN. ) );
#7218 = COLOUR_RGB ( '',0.8980392156862745390, 0.9176470588235293713, 0.9294117647058823817 ) ;
#7219 = DIRECTION ( 'NONE',  ( 0.000000000000000000, 0.000000000000000000, -1.000000000000000000 ) ) ;
#7220 =( GEOMETRIC_REPRESENTATION_CONTEXT ( 3 ) GLOBAL_UNCERTAINTY_ASSIGNED_CONTEXT ( ( #4886 ) ) GLOBAL_UNIT_ASSIGNED_CONTEXT ( ( #86, #8801, #1754 ) ) REPRESENTATION_CONTEXT ( 'NONE', 'WORKASPACE' ) );
#7221 = ADVANCED_FACE ( 'NONE', ( #85 ), #8746, .T. ) ;
#7222 = EDGE_LOOP ( 'NONE', ( #1893, #5875, #31, #9815 ) ) ;
#7223 = LINE ( 'NONE', #8161, #1767 ) ;
#7224 = FILL_AREA_STYLE ('',( #8213 ) ) ;
#7225 = VERTEX_POINT ( 'NONE', #1694 ) ;
#7226 = SURFACE_STYLE_USAGE ( .BOTH. , #887 ) ;
#7227 = SURFACE_STYLE_USAGE ( .BOTH. , #1203 ) ;
#7228 = AXIS2_PLACEMENT_3D ( 'NONE', #8334, #2813, #8225 ) ;
#7229 =( NAMED_UNIT ( * ) PLANE_ANGLE_UNIT ( ) SI_UNIT ( $, .RADIAN. ) );
#7230 = DIRECTION ( 'NONE',  ( -1.000000000000000000, -0.000000000000000000, -0.000000000000000000 ) ) ;
#7231 = CYLINDRICAL_SURFACE ( 'NONE', #3451, 0.4000000000000253353 ) ;
#7232 = CYLINDRICAL_SURFACE ( 'NONE', #6086, 0.3999999110171348349 ) ;
#7233 = ORIENTED_EDGE ( 'NONE', *, *, #2648, .F. ) ;
#7234 = ORIENTED_EDGE ( 'NONE', *, *, #5695, .F. ) ;
#7235 = DIRECTION ( 'NONE',  ( -0.000000000000000000, 0.000000000000000000, 1.000000000000000000 ) ) ;
#7236 = VERTEX_POINT ( 'NONE', #9731 ) ;
#7237 = COLOUR_RGB ( '',0.8980392156862745390, 0.9176470588235293713, 0.9294117647058823817 ) ;
#7238 = CIRCLE ( 'NONE', #2638, 0.3999999999999767630 ) ;
#7239 =( LENGTH_UNIT ( ) NAMED_UNIT ( * ) SI_UNIT ( .MILLI., .METRE. ) );
#7240 = EDGE_CURVE ( 'NONE', #7970, #6479, #68, .T. ) ;
#7241 = CARTESIAN_POINT ( 'NONE',  ( 45.00000000000000000, -10.30145192074349403, 29.72866150388242446 ) ) ;
#7242 = CARTESIAN_POINT ( 'NONE',  ( -45.00000000000000000, -12.80678454343816419, -32.60999847889095804 ) ) ;
#7243 = VERTEX_POINT ( 'NONE', #4832 ) ;
#7244 = DIRECTION ( 'NONE',  ( 1.000000000000000000, 0.000000000000000000, 0.000000000000000000 ) ) ;
#7245 = CARTESIAN_POINT ( 'NONE',  ( 45.00000000000000000, -1.735876861465577958, -33.00999774788724039 ) ) ;
#7246 = MECHANICAL_DESIGN_GEOMETRIC_PRESENTATION_REPRESENTATION (  '', ( #1822 ), #10033 ) ;
#7247 = CARTESIAN_POINT ( 'NONE',  ( 45.00000000000000000, -6.343379209986686362, 33.00999806117455648 ) ) ;
#7248 = COLOUR_RGB ( '',0.8980392156862745390, 0.9176470588235293713, 0.9294117647058823817 ) ;
#7249 = ORIENTED_EDGE ( 'NONE', *, *, #5774, .T. ) ;
#7250 = UNCERTAINTY_MEASURE_WITH_UNIT (LENGTH_MEASURE( 1.000000000000000082E-05 ), #7793, 'distance_accuracy_value', 'NONE');
#7251 =( NAMED_UNIT ( * ) SI_UNIT ( $, .STERADIAN. ) SOLID_ANGLE_UNIT ( ) );
#7252 = FACE_OUTER_BOUND ( 'NONE', #6425, .T. ) ;
#7253 = DIRECTION ( 'NONE',  ( 0.000000000000000000, 0.000000000000000000, -1.000000000000000000 ) ) ;
#7254 = EDGE_CURVE ( 'NONE', #2844, #3026, #6487, .T. ) ;
#7255 =( NAMED_UNIT ( * ) SI_UNIT ( $, .STERADIAN. ) SOLID_ANGLE_UNIT ( ) );
#7256 = VECTOR ( 'NONE', #8256, 1000.000000000000000 ) ;
#7257 = COLOUR_RGB ( '',0.8980392156862745390, 0.9176470588235293713, 0.9294117647058823817 ) ;
#7258 = VECTOR ( 'NONE', #7044, 1000.000000000000000 ) ;
#7259 = FACE_OUTER_BOUND ( 'NONE', #9362, .T. ) ;
#7260 = SURFACE_SIDE_STYLE ('',( #8800 ) ) ;
#7261 = DIRECTION ( 'NONE',  ( 0.000000000000000000, 0.000000000000000000, -1.000000000000000000 ) ) ;
#7262 = DIRECTION ( 'NONE',  ( 0.000000000000000000, 0.000000000000000000, 1.000000000000000000 ) ) ;
#7263 = ORIENTED_EDGE ( 'NONE', *, *, #1422, .T. ) ;
#7264 = CIRCLE ( 'NONE', #7423, 0.3999999999999767630 ) ;
#7265 = VECTOR ( 'NONE', #604, 1000.000000000000000 ) ;
#7266 = CYLINDRICAL_SURFACE ( 'NONE', #4270, 0.3999999110189667029 ) ;
#7267 = EDGE_CURVE ( 'NONE', #7507, #9319, #8902, .T. ) ;
#7268 = PRESENTATION_STYLE_ASSIGNMENT (( #7996 ) ) ;
#7269 = DIRECTION ( 'NONE',  ( -0.000000000000000000, -0.000000000000000000, 1.000000000000000000 ) ) ;
#7270 = DIRECTION ( 'NONE',  ( -0.000000000000000000, 1.000000000000000000, -0.000000000000000000 ) ) ;
#7271 = PLANE ( 'NONE',  #2236 ) ;
#7272 = SURFACE_STYLE_FILL_AREA ( #7213 ) ;
#7273 = ORIENTED_EDGE ( 'NONE', *, *, #6212, .T. ) ;
#7274 = ADVANCED_FACE ( 'NONE', ( #7356 ), #5812, .F. ) ;
#7275 = SURFACE_STYLE_USAGE ( .BOTH. , #4112 ) ;
#7276 = CARTESIAN_POINT ( 'NONE',  ( 45.00000000000000000, -4.727527752199391919, -33.00999795674542980 ) ) ;
#7277 =( NAMED_UNIT ( * ) PLANE_ANGLE_UNIT ( ) SI_UNIT ( $, .RADIAN. ) );
#7278 = LINE ( 'NONE', #8822, #7631 ) ;
#7279 = ORIENTED_EDGE ( 'NONE', *, *, #8301, .F. ) ;
#7280 = DIRECTION ( 'NONE',  ( 1.000000000000000000, 0.000000000000000000, 0.000000000000000000 ) ) ;
#7281 = EDGE_CURVE ( 'NONE', #9234, #4423, #9214, .T. ) ;
#7282 = FILL_AREA_STYLE_COLOUR ( '', #5996 ) ;
#7283 =( LENGTH_UNIT ( ) NAMED_UNIT ( * ) SI_UNIT ( .MILLI., .METRE. ) );
#7284 = ORIENTED_EDGE ( 'NONE', *, *, #3253, .F. ) ;
#7285 = VERTEX_POINT ( 'NONE', #3506 ) ;
#7286 = ORIENTED_EDGE ( 'NONE', *, *, #8004, .T. ) ;
#7287 = ORIENTED_EDGE ( 'NONE', *, *, #9092, .F. ) ;
#7288 =( NAMED_UNIT ( * ) SI_UNIT ( $, .STERADIAN. ) SOLID_ANGLE_UNIT ( ) );
#7289 = LINE ( 'NONE', #7241, #3847 ) ;
#7290 = DIRECTION ( 'NONE',  ( 1.000000000000000000, 0.000000000000000000, 0.000000000000000000 ) ) ;
#7291 = ORIENTED_EDGE ( 'NONE', *, *, #780, .T. ) ;
#7292 = CARTESIAN_POINT ( 'NONE',  ( 45.00000000000000000, -3.111676294411882981, -33.00999785231633155 ) ) ;
#7293 = DIRECTION ( 'NONE',  ( -1.000000000000000000, -0.000000000000000000, -0.000000000000000000 ) ) ;
#7294 = DIRECTION ( 'NONE',  ( -0.000000000000000000, 0.9999999999999997780, -2.269681165707339847E-08 ) ) ;
#7295 = ORIENTED_EDGE ( 'NONE', *, *, #5346, .F. ) ;
#7296 = EDGE_CURVE ( 'NONE', #1907, #8546, #9877, .T. ) ;
#7297 = SURFACE_SIDE_STYLE ('',( #6541 ) ) ;
#7298 = CARTESIAN_POINT ( 'NONE',  ( 45.00000000000000000, 6.977354963077685213, 32.67945772082510558 ) ) ;
#7299 = VECTOR ( 'NONE', #6721, 1000.000000000000000 ) ;
#7300 = DIRECTION ( 'NONE',  ( 0.000000000000000000, -1.078855964205159927E-08, 0.9999999999999998890 ) ) ;
#7301 = SURFACE_STYLE_USAGE ( .BOTH. , #1904 ) ;
#7302 = PRESENTATION_LAYER_ASSIGNMENT (  '', '', ( #5831 ) ) ;
#7303 = ORIENTED_EDGE ( 'NONE', *, *, #8591, .T. ) ;
#7304 = EDGE_CURVE ( 'NONE', #264, #2140, #8384, .T. ) ;
#7305 =( GEOMETRIC_REPRESENTATION_CONTEXT ( 3 ) GLOBAL_UNCERTAINTY_ASSIGNED_CONTEXT ( ( #10014 ) ) GLOBAL_UNIT_ASSIGNED_CONTEXT ( ( #158, #7328, #8767 ) ) REPRESENTATION_CONTEXT ( 'NONE', 'WORKASPACE' ) );
#7306 =( LENGTH_UNIT ( ) NAMED_UNIT ( * ) SI_UNIT ( .MILLI., .METRE. ) );
#7307 = VERTEX_POINT ( 'NONE', #6699 ) ;
#7308 = FILL_AREA_STYLE_COLOUR ( '', #4897 ) ;
#7309 = MECHANICAL_DESIGN_GEOMETRIC_PRESENTATION_REPRESENTATION (  '', ( #6003 ), #402 ) ;
#7310 =( NAMED_UNIT ( * ) PLANE_ANGLE_UNIT ( ) SI_UNIT ( $, .RADIAN. ) );
#7311 = AXIS2_PLACEMENT_3D ( 'NONE', #5053, #9590, #3416 ) ;
#7312 = COLOUR_RGB ( '',0.8980392156862745390, 0.9176470588235293713, 0.9294117647058823817 ) ;
#7313 =( GEOMETRIC_REPRESENTATION_CONTEXT ( 3 ) GLOBAL_UNCERTAINTY_ASSIGNED_CONTEXT ( ( #3533 ) ) GLOBAL_UNIT_ASSIGNED_CONTEXT ( ( #296, #7310, #5064 ) ) REPRESENTATION_CONTEXT ( 'NONE', 'WORKASPACE' ) );
#7314 = CARTESIAN_POINT ( 'NONE',  ( 45.00000000000000000, -10.75488250073236074, -32.44053828763767910 ) ) ;
#7315 = ADVANCED_FACE ( 'NONE', ( #9163 ), #6857, .F. ) ;
#7316 = VECTOR ( 'NONE', #975, 1000.000000000000000 ) ;
#7317 = DIRECTION ( 'NONE',  ( 0.000000000000000000, -0.1736492263816519221, -0.9848075680949317512 ) ) ;
#7318 = STYLED_ITEM ( 'NONE', ( #7601 ), #7315 ) ;
#7319 = CARTESIAN_POINT ( 'NONE',  ( 45.00000000000000000, 3.111677696443458707, -33.00999785231633155 ) ) ;
#7320 = FACE_OUTER_BOUND ( 'NONE', #8650, .T. ) ;
#7321 = FACE_OUTER_BOUND ( 'NONE', #9181, .T. ) ;
#7322 = CARTESIAN_POINT ( 'NONE',  ( 45.00000000000000000, -8.635333892083536966, 32.44053818320865190 ) ) ;
#7323 =( GEOMETRIC_REPRESENTATION_CONTEXT ( 3 ) GLOBAL_UNCERTAINTY_ASSIGNED_CONTEXT ( ( #6626 ) ) GLOBAL_UNIT_ASSIGNED_CONTEXT ( ( #6912, #3050, #4589 ) ) REPRESENTATION_CONTEXT ( 'NONE', 'WORKASPACE' ) );
#7324 = ORIENTED_EDGE ( 'NONE', *, *, #4741, .T. ) ;
#7325 = VECTOR ( 'NONE', #3571, 1000.000000000000000 ) ;
#7326 = LINE ( 'NONE', #4973, #3390 ) ;
#7327 = FILL_AREA_STYLE_COLOUR ( '', #8600 ) ;
#7328 =( NAMED_UNIT ( * ) PLANE_ANGLE_UNIT ( ) SI_UNIT ( $, .RADIAN. ) );
#7329 = EDGE_CURVE ( 'NONE', #3528, #8387, #6641, .T. ) ;
#7330 = SURFACE_STYLE_FILL_AREA ( #3974 ) ;
#7331 =( NAMED_UNIT ( * ) PLANE_ANGLE_UNIT ( ) SI_UNIT ( $, .RADIAN. ) );
#7332 = VERTEX_POINT ( 'NONE', #9921 ) ;
#7333 = STYLED_ITEM ( 'NONE', ( #2705 ), #6802 ) ;
#7334 = ORIENTED_EDGE ( 'NONE', *, *, #6352, .F. ) ;
#7335 = VERTEX_POINT ( 'NONE', #9776 ) ;
#7336 = EDGE_CURVE ( 'NONE', #793, #4279, #3606, .T. ) ;
#7337 = CARTESIAN_POINT ( 'NONE',  ( 45.00000000000000000, 11.80013407185792929, -30.08641850110018012 ) ) ;
#7338 =( NAMED_UNIT ( * ) PLANE_ANGLE_UNIT ( ) SI_UNIT ( $, .RADIAN. ) );
#7339 = SURFACE_STYLE_FILL_AREA ( #5961 ) ;
#7340 = VECTOR ( 'NONE', #10060, 1000.000000000000000 ) ;
#7341 = UNCERTAINTY_MEASURE_WITH_UNIT (LENGTH_MEASURE( 1.000000000000000082E-05 ), #1255, 'distance_accuracy_value', 'NONE');
#7342 = ORIENTED_EDGE ( 'NONE', *, *, #849, .T. ) ;
#7343 = CARTESIAN_POINT ( 'NONE',  ( 45.00000000000000000, 14.00000245523013120, -33.00999754738848679 ) ) ;
#7344 = PRESENTATION_STYLE_ASSIGNMENT (( #1796 ) ) ;
#7345 = VERTEX_POINT ( 'NONE', #1126 ) ;
#7346 = UNCERTAINTY_MEASURE_WITH_UNIT (LENGTH_MEASURE( 1.000000000000000082E-05 ), #4138, 'distance_accuracy_value', 'NONE');
#7347 = CARTESIAN_POINT ( 'NONE',  ( -45.00000000000000000, -6.583431234827875400, 33.00999806117203406 ) ) ;
#7348 = FACE_OUTER_BOUND ( 'NONE', #4978, .T. ) ;
#7349 = DIRECTION ( 'NONE',  ( 0.000000000000000000, -0.1736483871528192169, -0.9848077160741708358 ) ) ;
#7350 = EDGE_CURVE ( 'NONE', #2417, #9438, #2725, .T. ) ;
#7351 = EDGE_LOOP ( 'NONE', ( #9705, #7284, #3646, #9418 ) ) ;
#7352 = VECTOR ( 'NONE', #8667, 1000.000000000000000 ) ;
#7353 = PRESENTATION_STYLE_ASSIGNMENT (( #4198 ) ) ;
#7354 = SURFACE_STYLE_USAGE ( .BOTH. , #2618 ) ;
#7355 = EDGE_CURVE ( 'NONE', #2769, #874, #5101, .T. ) ;
#7356 = FACE_OUTER_BOUND ( 'NONE', #1299, .T. ) ;
#7357 = CARTESIAN_POINT ( 'NONE',  ( -45.00000000000000000, 11.92162822907099518, 28.89258391408860405 ) ) ;
#7358 = ORIENTED_EDGE ( 'NONE', *, *, #2285, .T. ) ;
#7359 = LINE ( 'NONE', #3307, #2488 ) ;
#7360 = DIRECTION ( 'NONE',  ( 0.000000000000000000, 0.000000000000000000, 1.000000000000000000 ) ) ;
#7361 = DIRECTION ( 'NONE',  ( 0.000000000000000000, 0.000000000000000000, 1.000000000000000000 ) ) ;
#7362 = VERTEX_POINT ( 'NONE', #8630 ) ;
#7363 = DIRECTION ( 'NONE',  ( -1.000000000000000000, -0.000000000000000000, -0.000000000000000000 ) ) ;
#7364 = LINE ( 'NONE', #2838, #6008 ) ;
#7365 = FILL_AREA_STYLE ('',( #3317 ) ) ;
#7366 = EDGE_CURVE ( 'NONE', #4423, #3730, #10126, .T. ) ;
#7367 = FILL_AREA_STYLE_COLOUR ( '', #6780 ) ;
#7368 = SHAPE_DEFINITION_REPRESENTATION ( #3355, #9081 ) ;
#7369 = PLANE ( 'NONE',  #3 ) ;
#7370 = ORIENTED_EDGE ( 'NONE', *, *, #7882, .F. ) ;
#7371 = DIRECTION ( 'NONE',  ( -1.000000000000000000, -0.000000000000000000, -0.000000000000000000 ) ) ;
#7372 = PRESENTATION_LAYER_ASSIGNMENT (  '', '', ( #6736 ) ) ;
#7373 = DIRECTION ( 'NONE',  ( 0.000000000000000000, -0.9999933448360401878, 0.003648326140626669944 ) ) ;
#7374 = VECTOR ( 'NONE', #8599, 1000.000000000000000 ) ;
#7375 = CARTESIAN_POINT ( 'NONE',  ( 45.00000000000000000, -11.19093358334937882, 33.00999837446191520 ) ) ;
#7376 = VERTEX_POINT ( 'NONE', #9322 ) ;
#7377 = DIRECTION ( 'NONE',  ( 1.000000000000000000, 0.000000000000000000, -0.000000000000000000 ) ) ;
#7378 = EDGE_CURVE ( 'NONE', #5699, #6058, #2197, .T. ) ;
#7379 = SURFACE_STYLE_USAGE ( .BOTH. , #3482 ) ;
#7380 = ORIENTED_EDGE ( 'NONE', *, *, #8071, .F. ) ;
#7381 =( NAMED_UNIT ( * ) SI_UNIT ( $, .STERADIAN. ) SOLID_ANGLE_UNIT ( ) );
#7382 = CARTESIAN_POINT ( 'NONE',  ( -45.00000000000000000, 11.86703759629968324, 32.44053828763777858 ) ) ;
#7383 = FILL_AREA_STYLE ('',( #7327 ) ) ;
#7384 = DIRECTION ( 'NONE',  ( -0.000000000000000000, -0.1736492263816315218, -0.9848075680949354149 ) ) ;
#7385 = CARTESIAN_POINT ( 'NONE',  ( -45.00000000000000000, 6.583431986834322736, 33.00999795674542980 ) ) ;
#7386 = AXIS2_PLACEMENT_3D ( 'NONE', #1870, #5128, #4123 ) ;
#7387 = CARTESIAN_POINT ( 'NONE',  ( -45.00000000000000000, 7.959231456415265527, 32.60999806117451527 ) ) ;
#7388 = ORIENTED_EDGE ( 'NONE', *, *, #1734, .T. ) ;
#7389 = ORIENTED_EDGE ( 'NONE', *, *, #8845, .T. ) ;
#7390 = CARTESIAN_POINT ( 'NONE',  ( 45.00000000000000000, 9.139031831585761267, 32.44053807877953943 ) ) ;
#7391 = ORIENTED_EDGE ( 'NONE', *, *, #4516, .T. ) ;
#7392 = CARTESIAN_POINT ( 'NONE',  ( -45.00000000000000000, 11.86703820969024292, -32.44053839206681289 ) ) ;
#7393 = ADVANCED_FACE ( 'NONE', ( #1377 ), #3744, .F. ) ;
#7394 = SURFACE_STYLE_USAGE ( .BOTH. , #4184 ) ;
#7395 = SURFACE_STYLE_USAGE ( .BOTH. , #2810 ) ;
#7396 = ORIENTED_EDGE ( 'NONE', *, *, #2677, .T. ) ;
#7397 =( LENGTH_UNIT ( ) NAMED_UNIT ( * ) SI_UNIT ( .MILLI., .METRE. ) );
#7398 =( LENGTH_UNIT ( ) NAMED_UNIT ( * ) SI_UNIT ( .MILLI., .METRE. ) );
#7399 = AXIS2_PLACEMENT_3D ( 'NONE', #9681, #1175, #6636 ) ;
#7400 = EDGE_CURVE ( 'NONE', #8275, #7721, #10096, .T. ) ;
#7401 = VERTEX_POINT ( 'NONE', #8582 ) ;
#7402 = AXIS2_PLACEMENT_3D ( 'NONE', #8674, #2451, #7135 ) ;
#7403 = SURFACE_SIDE_STYLE ('',( #5805 ) ) ;
#7404 = VECTOR ( 'NONE', #4779, 1000.000000000000000 ) ;
#7405 = FACE_OUTER_BOUND ( 'NONE', #1031, .T. ) ;
#7406 = COLOUR_RGB ( '',0.8980392156862745390, 0.9176470588235293713, 0.9294117647058823817 ) ;
#7407 =( LENGTH_UNIT ( ) NAMED_UNIT ( * ) SI_UNIT ( .MILLI., .METRE. ) );
#7408 = SURFACE_STYLE_FILL_AREA ( #2669 ) ;
#7410 = MECHANICAL_DESIGN_GEOMETRIC_PRESENTATION_REPRESENTATION (  '', ( #1652 ), #8722 ) ;
#7409 = MECHANICAL_DESIGN_GEOMETRIC_PRESENTATION_REPRESENTATION (  '', ( #490 ), #1161 ) ;
#7411 = SURFACE_STYLE_FILL_AREA ( #2102 ) ;
#7412 =( NAMED_UNIT ( * ) SI_UNIT ( $, .STERADIAN. ) SOLID_ANGLE_UNIT ( ) );
#7413 = CARTESIAN_POINT ( 'NONE',  ( 45.00000000000000000, -6.583431234827875400, 33.00999806117203406 ) ) ;
#7414 = EDGE_CURVE ( 'NONE', #5849, #2417, #9264, .T. ) ;
#7415 = VERTEX_POINT ( 'NONE', #10020 ) ;
#7416 =( GEOMETRIC_REPRESENTATION_CONTEXT ( 3 ) GLOBAL_UNCERTAINTY_ASSIGNED_CONTEXT ( ( #5322 ) ) GLOBAL_UNIT_ASSIGNED_CONTEXT ( ( #6647, #5659, #9012 ) ) REPRESENTATION_CONTEXT ( 'NONE', 'WORKASPACE' ) );
#7418 = MECHANICAL_DESIGN_GEOMETRIC_PRESENTATION_REPRESENTATION (  '', ( #6445 ), #6744 ) ;
#7417 = PRESENTATION_LAYER_ASSIGNMENT (  '', '', ( #6936 ) ) ;
#7419 = VERTEX_POINT ( 'NONE', #2987 ) ;
#7420 = FILL_AREA_STYLE_COLOUR ( '', #7476 ) ;
#7421 = CARTESIAN_POINT ( 'NONE',  ( -45.00000000000000000, 7.019483836327741422, -32.44053807877948969 ) ) ;
#7422 = FILL_AREA_STYLE ('',( #4266 ) ) ;
#7423 = AXIS2_PLACEMENT_3D ( 'NONE', #9944, #6922, #7623 ) ;
#7424 = PRESENTATION_LAYER_ASSIGNMENT (  '', '', ( #8574 ) ) ;
#7425 = CLOSED_SHELL ( 'NONE', ( #674, #879, #7704, #1610, #1184, #1137, #9901, #9774, #8733, #8646, #4422, #3772, #6585, #7959, #5724, #661, #8764, #10143, #7050, #4233, #7651, #5998, #3754, #5460, #6, #6910, #4334, #7845, #6453, #10160, #7393, #7800, #5121, #9174, #3702, #6088, #5788, #7851, #8029, #9987, #43, #2765, #2351, #1465, #391, #1082, #10001, #8156, #1114, #2807, #1515, #3477, #7628, #2589, #830, #1826, #9843, #8699, #9808, #7603, #4303, #7938, #8504, #4826, #5518, #601, #2521, #8998, #8215, #9583, #6367, #8420, #4982, #30, #235, #4476, #6643, #4071, #8686, #3180, #10059, #3335, #652, #7274, #9324, #1363, #1310, #1541, #4920, #6954, #8910, #4635, #317, #1705, #1592, #5021, #5967, #9511, #1693, #9419, #2245, #6591, #379, #6816, #7573, #1393, #182, #7315, #6574, #9678, #4969, #8405, #9970, #7709, #2983, #4166, #8144, #3812, #951, #9851, #6069, #1898, #2028, #3780, #473, #5988, #10069, #2939, #9229, #8202, #1952, #9753, #725, #6802, #1294, #6282, #4377, #971, #3860, #5557, #3110, #9346, #9079, #1679, #7539, #9072, #6793, #1106, #1477, #9404, #7221, #1412, #8819, #7192, #1568, #5600, #8117, #3260, #768, #3651, #4811, #5890, #9635, #3387, #9022, #3075, #6984, #258, #432, #1014, #3229, #8917, #684, #1771, #7138, #3243, #8601, #1457, #3542, #2040, #7203, #4411, #857, #7928, #5530, #8495, #10169, #3738, #4563, #4462, #5583, #1669, #8941, #2456, #2565, #8016, #4844, #6338, #6924, #3796, #6823, #6303, #8550, #2185, #6519, #2720, #2776, #3000, #2397 ) ) ;
#7426 = SURFACE_STYLE_FILL_AREA ( #7478 ) ;
#7427 = CARTESIAN_POINT ( 'NONE',  ( 0.000000000000000000, 0.000000000000000000, 0.000000000000000000 ) ) ;
#7428 = CARTESIAN_POINT ( 'NONE',  ( -45.00000000000000000, -5.403630976508411621, 32.44053797435041275 ) ) ;
#7429 = EDGE_CURVE ( 'NONE', #2106, #6839, #3834, .T. ) ;
#7430 = UNCERTAINTY_MEASURE_WITH_UNIT (LENGTH_MEASURE( 1.000000000000000082E-05 ), #7113, 'distance_accuracy_value', 'NONE');
#7431 = CARTESIAN_POINT ( 'NONE',  ( -45.00000000000000000, -2.171928060933655313, -32.44053776549218071 ) ) ;
#7432 = MECHANICAL_DESIGN_GEOMETRIC_PRESENTATION_REPRESENTATION (  '', ( #5621 ), #7924 ) ;
#7433 = DIRECTION ( 'NONE',  ( -1.000000000000000000, -0.000000000000000000, -0.000000000000000000 ) ) ;
#7434 = ORIENTED_EDGE ( 'NONE', *, *, #7745, .T. ) ;
#7435 = DIRECTION ( 'NONE',  ( 0.000000000000000000, 0.000000000000000000, 1.000000000000000000 ) ) ;
#7436 = CARTESIAN_POINT ( 'NONE',  ( 45.00000000000000000, -9.300134418011170467, -31.02000028892890171 ) ) ;
#7437 = LINE ( 'NONE', #2749, #6645 ) ;
#7438 =( LENGTH_UNIT ( ) NAMED_UNIT ( * ) SI_UNIT ( .MILLI., .METRE. ) );
#7439 = UNCERTAINTY_MEASURE_WITH_UNIT (LENGTH_MEASURE( 1.000000000000000082E-05 ), #6143, 'distance_accuracy_value', 'NONE');
#7440 = DIRECTION ( 'NONE',  ( 1.000000000000000000, 0.000000000000000000, 0.000000000000000000 ) ) ;
#7441 = EDGE_CURVE ( 'NONE', #42, #3629, #6118, .T. ) ;
#7442 =( GEOMETRIC_REPRESENTATION_CONTEXT ( 3 ) GLOBAL_UNCERTAINTY_ASSIGNED_CONTEXT ( ( #7972 ) ) GLOBAL_UNIT_ASSIGNED_CONTEXT ( ( #6568, #5130, #5790 ) ) REPRESENTATION_CONTEXT ( 'NONE', 'WORKASPACE' ) );
#7443 = ORIENTED_EDGE ( 'NONE', *, *, #2029, .F. ) ;
#7444 = DIRECTION ( 'NONE',  ( 1.000000000000000000, 0.000000000000000000, 0.000000000000000000 ) ) ;
#7445 = ORIENTED_EDGE ( 'NONE', *, *, #9451, .T. ) ;
#7446 = CARTESIAN_POINT ( 'NONE',  ( 45.00000000000000000, -6.343379209986686362, 32.60999806117451527 ) ) ;
#7447 = DIRECTION ( 'NONE',  ( 0.000000000000000000, 0.000000000000000000, 1.000000000000000000 ) ) ;
#7448 = LINE ( 'NONE', #2554, #5008 ) ;
#7449 = SURFACE_STYLE_USAGE ( .BOTH. , #5904 ) ;
#7450 = UNCERTAINTY_MEASURE_WITH_UNIT (LENGTH_MEASURE( 1.000000000000000082E-05 ), #6554, 'distance_accuracy_value', 'NONE');
#7451 = VERTEX_POINT ( 'NONE', #1530 ) ;
#7452 = FACE_OUTER_BOUND ( 'NONE', #5266, .T. ) ;
#7453 = FILL_AREA_STYLE ('',( #4299 ) ) ;
#7454 = DIRECTION ( 'NONE',  ( -0.000000000000000000, 1.000000000000000000, -0.000000000000000000 ) ) ;
#7455 = ORIENTED_EDGE ( 'NONE', *, *, #1442, .T. ) ;
#7456 = EDGE_CURVE ( 'NONE', #3585, #7721, #7818, .T. ) ;
#7457 = UNCERTAINTY_MEASURE_WITH_UNIT (LENGTH_MEASURE( 1.000000000000000082E-05 ), #277, 'distance_accuracy_value', 'NONE');
#7458 = CARTESIAN_POINT ( 'NONE',  ( -45.00000000000000000, 9.815134939044030560, 33.00999816560368316 ) ) ;
#7459 = DIRECTION ( 'NONE',  ( -0.000000000000000000, 1.000000000000000000, -0.000000000000000000 ) ) ;
#7460 =( GEOMETRIC_REPRESENTATION_CONTEXT ( 3 ) GLOBAL_UNCERTAINTY_ASSIGNED_CONTEXT ( ( #223 ) ) GLOBAL_UNIT_ASSIGNED_CONTEXT ( ( #6957, #7229, #157 ) ) REPRESENTATION_CONTEXT ( 'NONE', 'WORKASPACE' ) );
#7461 = ORIENTED_EDGE ( 'NONE', *, *, #9305, .T. ) ;
#7462 = DIRECTION ( 'NONE',  ( -1.000000000000000000, -0.000000000000000000, -0.000000000000000000 ) ) ;
#7463 = SURFACE_STYLE_USAGE ( .BOTH. , #6639 ) ;
#7464 = SURFACE_STYLE_USAGE ( .BOTH. , #6640 ) ;
#7465 = SURFACE_STYLE_FILL_AREA ( #5974 ) ;
#7466 = COLOUR_RGB ( '',0.8980392156862745390, 0.9176470588235293713, 0.9294117647058823817 ) ;
#7467 = ORIENTED_EDGE ( 'NONE', *, *, #8588, .F. ) ;
#7468 = CARTESIAN_POINT ( 'NONE',  ( 45.00000000000000000, -6.480134752671421694, -31.02000003054214261 ) ) ;
#7469 = DIRECTION ( 'NONE',  ( 1.000000000000000000, 0.000000000000000000, -0.000000000000000000 ) ) ;
#7470 =( GEOMETRIC_REPRESENTATION_CONTEXT ( 3 ) GLOBAL_UNCERTAINTY_ASSIGNED_CONTEXT ( ( #1262 ) ) GLOBAL_UNIT_ASSIGNED_CONTEXT ( ( #8407, #4493, #3764 ) ) REPRESENTATION_CONTEXT ( 'NONE', 'WORKASPACE' ) );
#7471 = CARTESIAN_POINT ( 'NONE',  ( 45.00000000000000000, -9.815134150403006075, 32.60999835901127852 ) ) ;
#7472 = VERTEX_POINT ( 'NONE', #7047 ) ;
#7473 = CARTESIAN_POINT ( 'NONE',  ( 45.00000000000000000, -11.19093358334937882, 32.60999837446188820 ) ) ;
#7474 = EDGE_CURVE ( 'NONE', #7332, #8089, #6955, .T. ) ;
#7475 = DIRECTION ( 'NONE',  ( 0.000000000000000000, -0.9848075680949427424, 0.1736492263815903603 ) ) ;
#7476 = COLOUR_RGB ( '',0.8980392156862745390, 0.9176470588235293713, 0.9294117647058823817 ) ;
#7477 = VECTOR ( 'NONE', #6007, 1000.000000000000000 ) ;
#7478 = FILL_AREA_STYLE ('',( #8967 ) ) ;
#7479 = VERTEX_POINT ( 'NONE', #3242 ) ;
#7480 = VERTEX_POINT ( 'NONE', #7245 ) ;
#7481 = PRESENTATION_LAYER_ASSIGNMENT (  '', '', ( #3538 ) ) ;
#7482 = PRESENTATION_STYLE_ASSIGNMENT (( #6716 ) ) ;
#7483 = UNCERTAINTY_MEASURE_WITH_UNIT (LENGTH_MEASURE( 1.000000000000000082E-05 ), #9703, 'distance_accuracy_value', 'NONE');
#7484 = VECTOR ( 'NONE', #9515, 1000.000000000000000 ) ;
#7485 = PRESENTATION_LAYER_ASSIGNMENT (  '', '', ( #1059 ) ) ;
#7486 = CARTESIAN_POINT ( 'NONE',  ( 45.00000000000000000, 12.37073536055143919, -32.44053839206681289 ) ) ;
#7487 = AXIS2_PLACEMENT_3D ( 'NONE', #4541, #7673, #5732 ) ;
#7488 = CARTESIAN_POINT ( 'NONE',  ( 45.00000000000000000, -8.635333892083536966, 32.44053818320865190 ) ) ;
#7489 = FILL_AREA_STYLE_COLOUR ( '', #5505 ) ;
#7490 = VERTEX_POINT ( 'NONE', #8022 ) ;
#7491 = EDGE_CURVE ( 'NONE', #9365, #9763, #8332, .T. ) ;
#7492 = MECHANICAL_DESIGN_GEOMETRIC_PRESENTATION_REPRESENTATION (  '', ( #6500 ), #2063 ) ;
#7493 = FILL_AREA_STYLE ('',( #5734 ) ) ;
#7494 = AXIS2_PLACEMENT_3D ( 'NONE', #7617, #2949, #7061 ) ;
#7495 = DIRECTION ( 'NONE',  ( 0.000000000000000000, 0.000000000000000000, -1.000000000000000000 ) ) ;
#7496 = COLOUR_RGB ( '',0.8980392156862745390, 0.9176470588235293713, 0.9294117647058823817 ) ;
#7497 = UNCERTAINTY_MEASURE_WITH_UNIT (LENGTH_MEASURE( 1.000000000000000082E-05 ), #957, 'distance_accuracy_value', 'NONE');
#7498 = MECHANICAL_DESIGN_GEOMETRIC_PRESENTATION_REPRESENTATION (  '', ( #4709 ), #1177 ) ;
#7499 = DIRECTION ( 'NONE',  ( -0.000000000000000000, 0.000000000000000000, 1.000000000000000000 ) ) ;
#7500 = ORIENTED_EDGE ( 'NONE', *, *, #3464, .T. ) ;
#7501 = PRESENTATION_LAYER_ASSIGNMENT (  '', '', ( #7164 ) ) ;
#7502 = LINE ( 'NONE', #9810, #4891 ) ;
#7503 = VECTOR ( 'NONE', #5063, 1000.000000000000000 ) ;
#7504 = MECHANICAL_DESIGN_GEOMETRIC_PRESENTATION_REPRESENTATION (  '', ( #2076 ), #5684 ) ;
#7505 =( NAMED_UNIT ( * ) SI_UNIT ( $, .STERADIAN. ) SOLID_ANGLE_UNIT ( ) );
#7506 = FACE_OUTER_BOUND ( 'NONE', #3494, .T. ) ;
#7507 = VERTEX_POINT ( 'NONE', #8124 ) ;
#7508 = SURFACE_STYLE_USAGE ( .BOTH. , #5041 ) ;
#7509 =( LENGTH_UNIT ( ) NAMED_UNIT ( * ) SI_UNIT ( .MILLI., .METRE. ) );
#7510 = ORIENTED_EDGE ( 'NONE', *, *, #6235, .F. ) ;
#7511 =( NAMED_UNIT ( * ) SI_UNIT ( $, .STERADIAN. ) SOLID_ANGLE_UNIT ( ) );
#7512 = SURFACE_STYLE_USAGE ( .BOTH. , #4358 ) ;
#7513 = FILL_AREA_STYLE ('',( #2823 ) ) ;
#7514 = MECHANICAL_DESIGN_GEOMETRIC_PRESENTATION_REPRESENTATION (  '', ( #6203 ), #1758 ) ;
#7515 = EDGE_CURVE ( 'NONE', #6219, #4321, #8839, .T. ) ;
#7516 = MECHANICAL_DESIGN_GEOMETRIC_PRESENTATION_REPRESENTATION (  '', ( #9974 ), #596 ) ;
#7517 =( NAMED_UNIT ( * ) PLANE_ANGLE_UNIT ( ) SI_UNIT ( $, .RADIAN. ) );
#7518 = ORIENTED_EDGE ( 'NONE', *, *, #2104, .T. ) ;
#7519 = LINE ( 'NONE', #4950, #3284 ) ;
#7520 = ORIENTED_EDGE ( 'NONE', *, *, #9271, .F. ) ;
#7521 = CARTESIAN_POINT ( 'NONE',  ( -45.00000000000000000, 8.199283481256454564, 33.00999806117455648 ) ) ;
#7522 = DIRECTION ( 'NONE',  ( -1.000000000000000000, -0.000000000000000000, -0.000000000000000000 ) ) ;
#7523 = FILL_AREA_STYLE ('',( #1859 ) ) ;
#7524 = CARTESIAN_POINT ( 'NONE',  ( 45.00000000000000000, -4.291476669582347192, -32.44053786992127897 ) ) ;
#7525 = EDGE_CURVE ( 'NONE', #4802, #5589, #5595, .T. ) ;
#7526 = COLOUR_RGB ( '',0.8980392156862745390, 0.9176470588235293713, 0.9294117647058823817 ) ;
#7527 = PLANE ( 'NONE',  #6473 ) ;
#7528 = ORIENTED_EDGE ( 'NONE', *, *, #584, .F. ) ;
#7529 = ORIENTED_EDGE ( 'NONE', *, *, #3131, .T. ) ;
#7530 = EDGE_CURVE ( 'NONE', #2242, #1776, #6435, .T. ) ;
#7531 = DIRECTION ( 'NONE',  ( 0.000000000000000000, 0.000000000000000000, -1.000000000000000000 ) ) ;
#7532 = DIRECTION ( 'NONE',  ( 1.000000000000000000, 0.000000000000000000, 0.000000000000000000 ) ) ;
#7533 = VECTOR ( 'NONE', #5619, 1000.000000000000000 ) ;
#7534 = CARTESIAN_POINT ( 'NONE',  ( 45.00000000000000000, 9.575083527593475807, -33.00999827003276010 ) ) ;
#7535 = FILL_AREA_STYLE ('',( #6777 ) ) ;
#7536 = EDGE_LOOP ( 'NONE', ( #2578, #3397, #204, #4152 ) ) ;
#7537 =( LENGTH_UNIT ( ) NAMED_UNIT ( * ) SI_UNIT ( .MILLI., .METRE. ) );
#7538 = UNCERTAINTY_MEASURE_WITH_UNIT (LENGTH_MEASURE( 1.000000000000000082E-05 ), #2631, 'distance_accuracy_value', 'NONE');
#7539 = ADVANCED_FACE ( 'NONE', ( #4189 ), #219, .T. ) ;
#7540 = VECTOR ( 'NONE', #9359, 1000.000000000000000 ) ;
#7541 = LINE ( 'NONE', #370, #7874 ) ;
#7542 = ORIENTED_EDGE ( 'NONE', *, *, #7036, .T. ) ;
#7543 = DIRECTION ( 'NONE',  ( -0.000000000000000000, -1.000000000000000000, -0.000000000000000000 ) ) ;
#7544 =( GEOMETRIC_REPRESENTATION_CONTEXT ( 3 ) GLOBAL_UNCERTAINTY_ASSIGNED_CONTEXT ( ( #6049 ) ) GLOBAL_UNIT_ASSIGNED_CONTEXT ( ( #9300, #9351, #9192 ) ) REPRESENTATION_CONTEXT ( 'NONE', 'WORKASPACE' ) );
#7545 = DIRECTION ( 'NONE',  ( 0.000000000000000000, 0.000000000000000000, 1.000000000000000000 ) ) ;
#7546 = ORIENTED_EDGE ( 'NONE', *, *, #1840, .T. ) ;
#7547 =( GEOMETRIC_REPRESENTATION_CONTEXT ( 3 ) GLOBAL_UNCERTAINTY_ASSIGNED_CONTEXT ( ( #4356 ) ) GLOBAL_UNIT_ASSIGNED_CONTEXT ( ( #6226, #10128, #3089 ) ) REPRESENTATION_CONTEXT ( 'NONE', 'WORKASPACE' ) );
#7548 = CARTESIAN_POINT ( 'NONE',  ( -45.00000000000000000, -10.79701049691968606, 32.67945772932299775 ) ) ;
#7549 = ORIENTED_EDGE ( 'NONE', *, *, #3296, .T. ) ;
#7550 = MECHANICAL_DESIGN_GEOMETRIC_PRESENTATION_REPRESENTATION (  '', ( #5092 ), #3616 ) ;
#7551 = UNCERTAINTY_MEASURE_WITH_UNIT (LENGTH_MEASURE( 1.000000000000000082E-05 ), #7438, 'distance_accuracy_value', 'NONE');
#7552 = COLOUR_RGB ( '',0.8980392156862745390, 0.9176470588235293713, 0.9294117647058823817 ) ;
#7553 = ORIENTED_EDGE ( 'NONE', *, *, #2494, .T. ) ;
#7554 = SURFACE_STYLE_USAGE ( .BOTH. , #4196 ) ;
#7555 = DIRECTION ( 'NONE',  ( 0.000000000000000000, 0.000000000000000000, -1.000000000000000000 ) ) ;
#7556 = COLOUR_RGB ( '',0.8980392156862745390, 0.9176470588235293713, 0.9294117647058823817 ) ;
#7557 = CARTESIAN_POINT ( 'NONE',  ( 45.00000000000000000, -9.181159039132118949, 32.67945762489387818 ) ) ;
#7558 = DIRECTION ( 'NONE',  ( 0.000000000000000000, 0.000000000000000000, -1.000000000000000000 ) ) ;
#7559 = CIRCLE ( 'NONE', #6584, 0.3999999110189875196 ) ;
#7560 = ORIENTED_EDGE ( 'NONE', *, *, #5829, .T. ) ;
#7561 = EDGE_CURVE ( 'NONE', #7067, #4090, #9677, .T. ) ;
#7562 = PLANE ( 'NONE',  #2953 ) ;
#7563 = ORIENTED_EDGE ( 'NONE', *, *, #1975, .F. ) ;
#7564 = LINE ( 'NONE', #3046, #3536 ) ;
#7565 = CARTESIAN_POINT ( 'NONE',  ( 45.00000000000000000, -7.480134752671422582, -29.07000003054213622 ) ) ;
#7566 = STYLED_ITEM ( 'NONE', ( #685 ), #6 ) ;
#7567 = DIRECTION ( 'NONE',  ( 0.000000000000000000, 0.9848077160741708358, -0.1736483871528192169 ) ) ;
#7568 = LINE ( 'NONE', #4428, #2559 ) ;
#7569 = FILL_AREA_STYLE_COLOUR ( '', #2877 ) ;
#7570 = ORIENTED_EDGE ( 'NONE', *, *, #9543, .F. ) ;
#7571 = ORIENTED_EDGE ( 'NONE', *, *, #446, .F. ) ;
#7572 = STYLED_ITEM ( 'NONE', ( #3504 ), #879 ) ;
#7573 = ADVANCED_FACE ( 'NONE', ( #4987 ), #4822, .T. ) ;
#7574 = CYLINDRICAL_SURFACE ( 'NONE', #5126, 0.3999999110189597640 ) ;
#7575 = VERTEX_POINT ( 'NONE', #9768 ) ;
#7576 =( NAMED_UNIT ( * ) PLANE_ANGLE_UNIT ( ) SI_UNIT ( $, .RADIAN. ) );
#7577 = DIRECTION ( 'NONE',  ( -1.000000000000000000, -0.000000000000000000, -0.000000000000000000 ) ) ;
#7578 = VECTOR ( 'NONE', #8436, 1000.000000000000000 ) ;
#7579 = EDGE_LOOP ( 'NONE', ( #9881, #794, #2477, #1626 ) ) ;
#7581 = STYLED_ITEM ( 'NONE', ( #1096 ), #1137 ) ;
#7580 = STYLED_ITEM ( 'NONE', ( #4268 ), #9774 ) ;
#7582 =( GEOMETRIC_REPRESENTATION_CONTEXT ( 3 ) GLOBAL_UNCERTAINTY_ASSIGNED_CONTEXT ( ( #2857 ) ) GLOBAL_UNIT_ASSIGNED_CONTEXT ( ( #795, #5338, #8579 ) ) REPRESENTATION_CONTEXT ( 'NONE', 'WORKASPACE' ) );
#7583 = SURFACE_STYLE_USAGE ( .BOTH. , #9852 ) ;
#7584 = CARTESIAN_POINT ( 'NONE',  ( -45.00000000000000000, 14.00000071886208275, 31.00999837446189034 ) ) ;
#7585 = UNCERTAINTY_MEASURE_WITH_UNIT (LENGTH_MEASURE( 1.000000000000000082E-05 ), #5743, 'distance_accuracy_value', 'NONE');
#7586 = STYLED_ITEM ( 'NONE', ( #2675 ), #674 ) ;
#7587 = SURFACE_SIDE_STYLE ('',( #6575 ) ) ;
#7588 = ORIENTED_EDGE ( 'NONE', *, *, #146, .F. ) ;
#7589 = SURFACE_SIDE_STYLE ('',( #8270 ) ) ;
#7590 = CARTESIAN_POINT ( 'NONE',  ( -45.00000000000000000, 1.495826238655951990, -33.00999774788724039 ) ) ;
#7591 = EDGE_CURVE ( 'NONE', #6723, #6884, #6841, .T. ) ;
#7592 = CARTESIAN_POINT ( 'NONE',  ( -45.00000000000000000, -10.75488250073236074, -32.44053828763767910 ) ) ;
#7593 = ORIENTED_EDGE ( 'NONE', *, *, #6999, .F. ) ;
#7594 = SURFACE_STYLE_FILL_AREA ( #8572 ) ;
#7595 = VERTEX_POINT ( 'NONE', #5089 ) ;
#7596 = ORIENTED_EDGE ( 'NONE', *, *, #9187, .T. ) ;
#7597 = CARTESIAN_POINT ( 'NONE',  ( -45.00000000000000000, 14.25000067899707901, 28.28824028669469470 ) ) ;
#7598 = VERTEX_POINT ( 'NONE', #5963 ) ;
#7599 = CARTESIAN_POINT ( 'NONE',  ( 45.00000000000000000, 7.959232069805978860, -33.00999816560364764 ) ) ;
#7600 = LINE ( 'NONE', #1480, #8160 ) ;
#7601 = PRESENTATION_STYLE_ASSIGNMENT (( #2049 ) ) ;
#7602 = SURFACE_STYLE_FILL_AREA ( #3891 ) ;
#7603 = ADVANCED_FACE ( 'NONE', ( #8277 ), #1119, .F. ) ;
#7604 = CARTESIAN_POINT ( 'NONE',  ( -45.00000000000000000, 2.717754610013809469, -32.67945720717746383 ) ) ;
#7605 = ORIENTED_EDGE ( 'NONE', *, *, #2437, .F. ) ;
#7606 = DIRECTION ( 'NONE',  ( -0.000000000000000000, 0.000000000000000000, 1.000000000000000000 ) ) ;
#7607 = LINE ( 'NONE', #6811, #7265 ) ;
#7608 =( NAMED_UNIT ( * ) SI_UNIT ( $, .STERADIAN. ) SOLID_ANGLE_UNIT ( ) );
#7609 = ORIENTED_EDGE ( 'NONE', *, *, #7093, .T. ) ;
#7610 = DIRECTION ( 'NONE',  ( -1.000000000000000000, -0.000000000000000000, -0.000000000000000000 ) ) ;
#7611 = LINE ( 'NONE', #553, #3708 ) ;
#7612 = CARTESIAN_POINT ( 'NONE',  ( -45.00000000000000000, -4.727527752199391919, -33.00999795674542980 ) ) ;
#7613 = DIRECTION ( 'NONE',  ( -1.000000000000000000, -0.000000000000000000, -0.000000000000000000 ) ) ;
#7614 = PRESENTATION_LAYER_ASSIGNMENT (  '', '', ( #8934 ) ) ;
#7615 = DIRECTION ( 'NONE',  ( 0.000000000000000000, -0.9848075680949350819, -0.1736492263816335757 ) ) ;
#7616 = EDGE_CURVE ( 'NONE', #5305, #4850, #2711, .T. ) ;
#7617 = CARTESIAN_POINT ( 'NONE',  ( -45.00000000000000000, -11.89937256005882737, -28.68732955409895169 ) ) ;
#7618 =( NAMED_UNIT ( * ) PLANE_ANGLE_UNIT ( ) SI_UNIT ( $, .RADIAN. ) );
#7619 = EDGE_LOOP ( 'NONE', ( #1002, #5380, #4814, #1678 ) ) ;
#7620 = EDGE_LOOP ( 'NONE', ( #7870, #9900, #9223, #8772 ) ) ;
#7621 = VERTEX_POINT ( 'NONE', #6055 ) ;
#7622 = LINE ( 'NONE', #564, #2490 ) ;
#7623 = DIRECTION ( 'NONE',  ( 0.000000000000000000, 0.000000000000000000, -1.000000000000000000 ) ) ;
#7624 = DIRECTION ( 'NONE',  ( -0.000000000000000000, 0.1736492263816077075, 0.9848075680949396338 ) ) ;
#7625 = AXIS2_PLACEMENT_3D ( 'NONE', #8104, #5534, #1774 ) ;
#7626 = ORIENTED_EDGE ( 'NONE', *, *, #914, .F. ) ;
#7627 = AXIS2_PLACEMENT_3D ( 'NONE', #4300, #9818, #9769 ) ;
#7628 = ADVANCED_FACE ( 'NONE', ( #2865 ), #3597, .T. ) ;
#7629 = VECTOR ( 'NONE', #3286, 1000.000000000000000 ) ;
#7630 =( LENGTH_UNIT ( ) NAMED_UNIT ( * ) SI_UNIT ( .MILLI., .METRE. ) );
#7631 = VECTOR ( 'NONE', #6462, 1000.000000000000000 ) ;
#7632 =( GEOMETRIC_REPRESENTATION_CONTEXT ( 3 ) GLOBAL_UNCERTAINTY_ASSIGNED_CONTEXT ( ( #4968 ) ) GLOBAL_UNIT_ASSIGNED_CONTEXT ( ( #9785, #9648, #8093 ) ) REPRESENTATION_CONTEXT ( 'NONE', 'WORKASPACE' ) );
#7633 = PRESENTATION_LAYER_ASSIGNMENT (  '', '', ( #8618 ) ) ;
#7634 = AXIS2_PLACEMENT_3D ( 'NONE', #7106, #3195, #9436 ) ;
#7635 = DIRECTION ( 'NONE',  ( -1.000000000000000000, -0.000000000000000000, -0.000000000000000000 ) ) ;
#7636 = COLOUR_RGB ( '',0.8980392156862745390, 0.9176470588235293713, 0.9294117647058823817 ) ;
#7637 = VERTEX_POINT ( 'NONE', #9149 ) ;
#7638 = LINE ( 'NONE', #3823, #726 ) ;
#7639 = VECTOR ( 'NONE', #2909, 1000.000000000000000 ) ;
#7640 = PRESENTATION_STYLE_ASSIGNMENT (( #4505 ) ) ;
#7641 = EDGE_CURVE ( 'NONE', #1544, #3912, #1270, .T. ) ;
#7642 = CIRCLE ( 'NONE', #1897, 0.3999999110189944584 ) ;
#7643 = VERTEX_POINT ( 'NONE', #3679 ) ;
#7644 =( NAMED_UNIT ( * ) SI_UNIT ( $, .STERADIAN. ) SOLID_ANGLE_UNIT ( ) );
#7645 = CARTESIAN_POINT ( 'NONE',  ( 45.00000000000000000, 11.80013504562275095, 30.08641782480464499 ) ) ;
#7646 = SURFACE_STYLE_USAGE ( .BOTH. , #2763 ) ;
#7647 = VECTOR ( 'NONE', #2273, 1000.000000000000000 ) ;
#7648 = UNCERTAINTY_MEASURE_WITH_UNIT (LENGTH_MEASURE( 1.000000000000000082E-05 ), #3500, 'distance_accuracy_value', 'NONE');
#7649 =( NAMED_UNIT ( * ) PLANE_ANGLE_UNIT ( ) SI_UNIT ( $, .RADIAN. ) );
#7650 = VECTOR ( 'NONE', #9432, 1000.000000000000000 ) ;
#7651 = ADVANCED_FACE ( 'NONE', ( #9964 ), #5288, .F. ) ;
#7652 = PRESENTATION_LAYER_ASSIGNMENT (  '', '', ( #8779 ) ) ;
#7653 = DIRECTION ( 'NONE',  ( -1.000000000000000000, -0.000000000000000000, -0.000000000000000000 ) ) ;
#7654 = CARTESIAN_POINT ( 'NONE',  ( 45.00000000000000000, -5.949456123557249398, -32.67945741603565324 ) ) ;
#7655 = FILL_AREA_STYLE_COLOUR ( '', #90 ) ;
#7656 = STYLED_ITEM ( 'NONE', ( #931 ), #2397 ) ;
#7657 = CIRCLE ( 'NONE', #3233, 0.7199711365119334516 ) ;
#7658 = DIRECTION ( 'NONE',  ( -0.000000000000000000, -1.000000000000000000, -0.000000000000000000 ) ) ;
#7659 = DIRECTION ( 'NONE',  ( -1.000000000000000000, -0.000000000000000000, -0.000000000000000000 ) ) ;
#7660 = DIRECTION ( 'NONE',  ( -1.000000000000000000, -0.000000000000000000, -0.000000000000000000 ) ) ;
#7661 = CARTESIAN_POINT ( 'NONE',  ( -45.00000000000000000, -0.5139485259484924962, -32.67945637160693906 ) ) ;
#7662 = ORIENTED_EDGE ( 'NONE', *, *, #7350, .T. ) ;
#7663 = FACE_OUTER_BOUND ( 'NONE', #2812, .T. ) ;
#7664 = UNCERTAINTY_MEASURE_WITH_UNIT (LENGTH_MEASURE( 1.000000000000000082E-05 ), #8431, 'distance_accuracy_value', 'NONE');
#7665 = DIRECTION ( 'NONE',  ( 0.000000000000000000, 0.000000000000000000, -1.000000000000000000 ) ) ;
#7666 = EDGE_CURVE ( 'NONE', #2374, #3266, #3921, .T. ) ;
#7667 =( NAMED_UNIT ( * ) SI_UNIT ( $, .STERADIAN. ) SOLID_ANGLE_UNIT ( ) );
#7668 = DIRECTION ( 'NONE',  ( 0.000000000000000000, 0.1736483871527396694, -0.9848077160741849356 ) ) ;
#7669 = ORIENTED_EDGE ( 'NONE', *, *, #5626, .T. ) ;
#7670 = CARTESIAN_POINT ( 'NONE',  ( 45.00000000000000000, 10.75488328937331417, 32.44053818320866611 ) ) ;
#7671 = DIRECTION ( 'NONE',  ( 0.000000000000000000, 0.1736483871527679246, 0.9848077160741798286 ) ) ;
#7672 = FILL_AREA_STYLE_COLOUR ( '', #742 ) ;
#7673 = DIRECTION ( 'NONE',  ( 1.000000000000000000, 0.000000000000000000, 0.000000000000000000 ) ) ;
#7674 = AXIS2_PLACEMENT_3D ( 'NONE', #3020, #5332, #4614 ) ;
#7675 = SURFACE_STYLE_USAGE ( .BOTH. , #9231 ) ;
#7676 = ORIENTED_EDGE ( 'NONE', *, *, #7036, .F. ) ;
#7677 = ORIENTED_EDGE ( 'NONE', *, *, #6505, .T. ) ;
#7678 = PRESENTATION_LAYER_ASSIGNMENT (  '', '', ( #8345 ) ) ;
#7679 = ORIENTED_EDGE ( 'NONE', *, *, #8175, .F. ) ;
#7680 = DIRECTION ( 'NONE',  ( -1.000000000000000000, -0.000000000000000000, -0.000000000000000000 ) ) ;
#7681 = DIRECTION ( 'NONE',  ( 0.000000000000000000, 0.000000000000000000, 1.000000000000000000 ) ) ;
#7682 = EDGE_CURVE ( 'NONE', #7595, #1356, #8459, .T. ) ;
#7683 =( NAMED_UNIT ( * ) SI_UNIT ( $, .STERADIAN. ) SOLID_ANGLE_UNIT ( ) );
#7684 = PRESENTATION_STYLE_ASSIGNMENT (( #3815 ) ) ;
#7685 =( GEOMETRIC_REPRESENTATION_CONTEXT ( 3 ) GLOBAL_UNCERTAINTY_ASSIGNED_CONTEXT ( ( #6773 ) ) GLOBAL_UNIT_ASSIGNED_CONTEXT ( ( #5959, #9090, #2756 ) ) REPRESENTATION_CONTEXT ( 'NONE', 'WORKASPACE' ) );
#7686 = ORIENTED_EDGE ( 'NONE', *, *, #4503, .F. ) ;
#7687 = CARTESIAN_POINT ( 'NONE',  ( 45.00000000000000000, 12.41286210532141965, 32.67945693347553515 ) ) ;
#7688 = CARTESIAN_POINT ( 'NONE',  ( -45.00000000000000000, -9.139031042944855798, -32.44053818320858085 ) ) ;
#7689 = DIRECTION ( 'NONE',  ( -1.000000000000000000, -0.000000000000000000, -0.000000000000000000 ) ) ;
#7690 = VECTOR ( 'NONE', #7887, 1000.000000000000000 ) ;
#7691 = EDGE_CURVE ( 'NONE', #9075, #9021, #6263, .T. ) ;
#7692 = CARTESIAN_POINT ( 'NONE',  ( -45.00000000000000000, -5.949456123556988274, 32.67945741603561771 ) ) ;
#7693 = ORIENTED_EDGE ( 'NONE', *, *, #4909, .T. ) ;
#7694 = DIRECTION ( 'NONE',  ( -1.000000000000000000, -0.000000000000000000, -0.000000000000000000 ) ) ;
#7695 = CARTESIAN_POINT ( 'NONE',  ( 45.00000000000000000, -4.967579777040584510, -32.60999804572394822 ) ) ;
#7696 = PRESENTATION_STYLE_ASSIGNMENT (( #5235 ) ) ;
#7697 = ORIENTED_EDGE ( 'NONE', *, *, #803, .T. ) ;
#7698 = CARTESIAN_POINT ( 'NONE',  ( 45.00000000000000000, -11.19093358334940547, -32.60999837446185978 ) ) ;
#7699 = FACE_OUTER_BOUND ( 'NONE', #7170, .T. ) ;
#7700 = LINE ( 'NONE', #5437, #6562 ) ;
#7701 = ORIENTED_EDGE ( 'NONE', *, *, #9184, .T. ) ;
#7702 = ORIENTED_EDGE ( 'NONE', *, *, #9053, .T. ) ;
#7703 = ORIENTED_EDGE ( 'NONE', *, *, #4726, .T. ) ;
#7704 = ADVANCED_FACE ( 'NONE', ( #4616 ), #3175, .F. ) ;
#7705 = PLANE ( 'NONE',  #6782 ) ;
#7706 = COLOUR_RGB ( '',0.8980392156862745390, 0.9176470588235293713, 0.9294117647058823817 ) ;
#7707 = PRESENTATION_LAYER_ASSIGNMENT (  '', '', ( #8696 ) ) ;
#7708 = CARTESIAN_POINT ( 'NONE',  ( 45.00000000000000000, -12.41286131668041826, -32.67945703790458367 ) ) ;
#7709 = ADVANCED_FACE ( 'NONE', ( #7699 ), #10063, .F. ) ;
#7710 = CARTESIAN_POINT ( 'NONE',  ( 45.00000000000000000, -6.480134752671421694, -29.07000003054213622 ) ) ;
#7711 = FILL_AREA_STYLE_COLOUR ( '', #5109 ) ;
#7712 = SURFACE_STYLE_FILL_AREA ( #3488 ) ;
#7713 = DIRECTION ( 'NONE',  ( 0.000000000000000000, -4.315444322543800932E-06, -0.9999999999906884485 ) ) ;
#7714 = PRESENTATION_LAYER_ASSIGNMENT (  '', '', ( #8374 ) ) ;
#7715 = ORIENTED_EDGE ( 'NONE', *, *, #7336, .F. ) ;
#7716 = DIRECTION ( 'NONE',  ( 1.000000000000000000, 0.000000000000000000, 0.000000000000000000 ) ) ;
#7717 =( NAMED_UNIT ( * ) PLANE_ANGLE_UNIT ( ) SI_UNIT ( $, .RADIAN. ) );
#7718 = AXIS2_PLACEMENT_3D ( 'NONE', #9638, #916, #3818 ) ;
#7719 = CARTESIAN_POINT ( 'NONE',  ( -45.00000000000000000, 8.635334680724550793, 32.44053807877953943 ) ) ;
#7720 = SURFACE_SIDE_STYLE ('',( #3799 ) ) ;
#7721 = VERTEX_POINT ( 'NONE', #890 ) ;
#7722 = VECTOR ( 'NONE', #7349, 1000.000000000000114 ) ;
#7723 = CARTESIAN_POINT ( 'NONE',  ( -45.00000000000000000, 11.73426668627271141, 28.41166343492288604 ) ) ;
#7724 =( GEOMETRIC_REPRESENTATION_CONTEXT ( 3 ) GLOBAL_UNCERTAINTY_ASSIGNED_CONTEXT ( ( #1800 ) ) GLOBAL_UNIT_ASSIGNED_CONTEXT ( ( #7397, #2610, #3499 ) ) REPRESENTATION_CONTEXT ( 'NONE', 'WORKASPACE' ) );
#7725 = EDGE_CURVE ( 'NONE', #256, #5197, #4849, .T. ) ;
#7726 =( LENGTH_UNIT ( ) NAMED_UNIT ( * ) SI_UNIT ( .MILLI., .METRE. ) );
#7727 = CARTESIAN_POINT ( 'NONE',  ( 45.00000000000000000, 6.583432023468880345, 32.60999804572391270 ) ) ;
#7728 = DIRECTION ( 'NONE',  ( 1.000000000000000000, 0.000000000000000000, 0.000000000000000000 ) ) ;
#7729 = ORIENTED_EDGE ( 'NONE', *, *, #7987, .T. ) ;
#7730 = AXIS2_PLACEMENT_3D ( 'NONE', #6801, #2717, #9051 ) ;
#7731 = DIRECTION ( 'NONE',  ( -1.000000000000000000, -0.000000000000000000, -0.000000000000000000 ) ) ;
#7732 = ORIENTED_EDGE ( 'NONE', *, *, #1004, .F. ) ;
#7733 = CARTESIAN_POINT ( 'NONE',  ( -45.00000000000000000, 10.75488390276393602, -32.44053828763770753 ) ) ;
#7734 = VECTOR ( 'NONE', #4977, 1000.000000000000000 ) ;
#7735 = VECTOR ( 'NONE', #6522, 1000.000000000000114 ) ;
#7736 = PRESENTATION_STYLE_ASSIGNMENT (( #6974 ) ) ;
#7737 = CARTESIAN_POINT ( 'NONE',  ( 45.00000000000000000, 9.575083527593475807, -33.00999827003276010 ) ) ;
#7738 = CYLINDRICAL_SURFACE ( 'NONE', #8970, 0.3999999110188418028 ) ;
#7739 = DIRECTION ( 'NONE',  ( -1.000000000000000000, -0.000000000000000000, -0.000000000000000000 ) ) ;
#7740 = ORIENTED_EDGE ( 'NONE', *, *, #7969, .T. ) ;
#7741 = DIRECTION ( 'NONE',  ( -1.000000000000000000, -0.000000000000000000, -0.000000000000000000 ) ) ;
#7742 = VECTOR ( 'NONE', #1503, 1000.000000000000000 ) ;
#7743 = CIRCLE ( 'NONE', #3311, 0.3999999110189667029 ) ;
#7744 = DIRECTION ( 'NONE',  ( -1.000000000000000000, -0.000000000000000000, -0.000000000000000000 ) ) ;
#7745 = EDGE_CURVE ( 'NONE', #9341, #27, #9460, .T. ) ;
#7746 = DIRECTION ( 'NONE',  ( 1.000000000000000000, 0.000000000000000000, -0.000000000000000000 ) ) ;
#7747 = ORIENTED_EDGE ( 'NONE', *, *, #2468, .T. ) ;
#7748 = CARTESIAN_POINT ( 'NONE',  ( 45.00000000000000000, 12.80678631115699773, -33.00999858331919512 ) ) ;
#7749 = CIRCLE ( 'NONE', #152, 0.3999999110171348349 ) ;
#7750 = DIRECTION ( 'NONE',  ( 1.000000000000000000, 0.000000000000000000, 0.000000000000000000 ) ) ;
#7751 = MECHANICAL_DESIGN_GEOMETRIC_PRESENTATION_REPRESENTATION (  '', ( #9068 ), #9025 ) ;
#7752 = CARTESIAN_POINT ( 'NONE',  ( 45.00000000000000000, 6.343380612018469478, -33.00999806117454227 ) ) ;
#7753 = FILL_AREA_STYLE_COLOUR ( '', #3544 ) ;
#7754 = EDGE_CURVE ( 'NONE', #4665, #10189, #111, .T. ) ;
#7755 = PRESENTATION_LAYER_ASSIGNMENT (  '', '', ( #1178 ) ) ;
#7756 = ORIENTED_EDGE ( 'NONE', *, *, #8831, .F. ) ;
#7757 = ORIENTED_EDGE ( 'NONE', *, *, #5402, .F. ) ;
#7758 = DIRECTION ( 'NONE',  ( -1.000000000000000000, -0.000000000000000000, -0.000000000000000000 ) ) ;
#7759 = ORIENTED_EDGE ( 'NONE', *, *, #5331, .T. ) ;
#7760 = LINE ( 'NONE', #3692, #6355 ) ;
#7761 =( NAMED_UNIT ( * ) PLANE_ANGLE_UNIT ( ) SI_UNIT ( $, .RADIAN. ) );
#7762 =( NAMED_UNIT ( * ) PLANE_ANGLE_UNIT ( ) SI_UNIT ( $, .RADIAN. ) );
#7763 = SURFACE_SIDE_STYLE ('',( #3936 ) ) ;
#7764 = EDGE_CURVE ( 'NONE', #7865, #6328, #1781, .T. ) ;
#7765 = CARTESIAN_POINT ( 'NONE',  ( 45.00000000000000000, -11.30013452603984092, 30.08641800985717296 ) ) ;
#7766 = DIRECTION ( 'NONE',  ( -1.000000000000000000, -0.000000000000000000, -0.000000000000000000 ) ) ;
#7767 = EDGE_LOOP ( 'NONE', ( #13, #8162, #5328, #7042 ) ) ;
#7768 = UNCERTAINTY_MEASURE_WITH_UNIT (LENGTH_MEASURE( 1.000000000000000082E-05 ), #1951, 'distance_accuracy_value', 'NONE');
#7769 = CARTESIAN_POINT ( 'NONE',  ( 45.00000000000000000, -11.19093358334940547, -33.00999837446183705 ) ) ;
#7770 = DIRECTION ( 'NONE',  ( 0.000000000000000000, 3.050063254464736173E-14, -1.000000000000000000 ) ) ;
#7771 = CIRCLE ( 'NONE', #4654, 0.3999999110189667029 ) ;
#7772 = ORIENTED_EDGE ( 'NONE', *, *, #9166, .F. ) ;
#7773 = CARTESIAN_POINT ( 'NONE',  ( -45.00000000000000000, -7.523179585157176774, 32.44053807877953233 ) ) ;
#7774 = DIRECTION ( 'NONE',  ( -1.000000000000000000, 0.000000000000000000, -0.000000000000000000 ) ) ;
#7775 = CARTESIAN_POINT ( 'NONE',  ( -45.00000000000000000, -1.059773754007346414, -32.44053766106308245 ) ) ;
#7776 = PLANE ( 'NONE',  #9463 ) ;
#7777 = SURFACE_STYLE_FILL_AREA ( #4643 ) ;
#7778 = ORIENTED_EDGE ( 'NONE', *, *, #1734, .F. ) ;
#7779 = FILL_AREA_STYLE ('',( #4646 ) ) ;
#7780 = DIRECTION ( 'NONE',  ( 0.000000000000000000, 0.000000000000000000, 1.000000000000000000 ) ) ;
#7781 = ORIENTED_EDGE ( 'NONE', *, *, #3015, .F. ) ;
#7782 = CARTESIAN_POINT ( 'NONE',  ( 45.00000000000000000, 11.73426576670350308, -28.41166410908993001 ) ) ;
#7783 = EDGE_CURVE ( 'NONE', #7332, #7187, #5500, .T. ) ;
#7784 =( LENGTH_UNIT ( ) NAMED_UNIT ( * ) SI_UNIT ( .MILLI., .METRE. ) );
#7785 = CYLINDRICAL_SURFACE ( 'NONE', #274, 2.000000000000008882 ) ;
#7786 = STYLED_ITEM ( 'NONE', ( #4633 ), #9987 ) ;
#7787 = CARTESIAN_POINT ( 'NONE',  ( 45.00000000000000000, 11.19093498538098430, -33.00999837446186547 ) ) ;
#7788 = DIRECTION ( 'NONE',  ( -1.000000000000000000, -0.000000000000000000, -0.000000000000000000 ) ) ;
#7789 = UNCERTAINTY_MEASURE_WITH_UNIT (LENGTH_MEASURE( 1.000000000000000082E-05 ), #2057, 'distance_accuracy_value', 'NONE');
#7790 = DIRECTION ( 'NONE',  ( 0.000000000000000000, 0.000000000000000000, -1.000000000000000000 ) ) ;
#7791 = ORIENTED_EDGE ( 'NONE', *, *, #2137, .F. ) ;
#7792 =( NAMED_UNIT ( * ) PLANE_ANGLE_UNIT ( ) SI_UNIT ( $, .RADIAN. ) );
#7793 =( LENGTH_UNIT ( ) NAMED_UNIT ( * ) SI_UNIT ( .MILLI., .METRE. ) );
#7794 = PRESENTATION_LAYER_ASSIGNMENT (  '', '', ( #1212 ) ) ;
#7795 = UNCERTAINTY_MEASURE_WITH_UNIT (LENGTH_MEASURE( 1.000000000000000082E-05 ), #3553, 'distance_accuracy_value', 'NONE');
#7796 = LINE ( 'NONE', #3874, #287 ) ;
#7797 = VERTEX_POINT ( 'NONE', #4768 ) ;
#7798 = COLOUR_RGB ( '',0.8980392156862745390, 0.9176470588235293713, 0.9294117647058823817 ) ;
#7799 = DIRECTION ( 'NONE',  ( -0.000000000000000000, 0.9999999999999997780, -2.269681165707339847E-08 ) ) ;
#7800 = ADVANCED_FACE ( 'NONE', ( #4918 ), #5686, .T. ) ;
#7801 = CIRCLE ( 'NONE', #8457, 0.4000000000000253353 ) ;
#7802 = PLANE ( 'NONE',  #9226 ) ;
#7803 = SURFACE_STYLE_FILL_AREA ( #9413 ) ;
#7804 = AXIS2_PLACEMENT_3D ( 'NONE', #7337, #6472, #9380 ) ;
#7805 = VECTOR ( 'NONE', #8023, 1000.000000000000000 ) ;
#7806 = VERTEX_POINT ( 'NONE', #1828 ) ;
#7807 = COLOUR_RGB ( '',0.8980392156862745390, 0.9176470588235293713, 0.9294117647058823817 ) ;
#7808 = EDGE_LOOP ( 'NONE', ( #8564, #3254, #2535, #1505 ) ) ;
#7809 = ORIENTED_EDGE ( 'NONE', *, *, #5046, .F. ) ;
#7810 = LINE ( 'NONE', #3887, #7258 ) ;
#7811 = AXIS2_PLACEMENT_3D ( 'NONE', #10149, #7071, #6926 ) ;
#7812 = AXIS2_PLACEMENT_3D ( 'NONE', #630, #4562, #6213 ) ;
#7813 = EDGE_CURVE ( 'NONE', #1548, #4315, #4975, .T. ) ;
#7814 = VECTOR ( 'NONE', #9230, 1000.000000000000114 ) ;
#7815 = CARTESIAN_POINT ( 'NONE',  ( 45.00000000000000000, -5.949456123556988274, 32.67945741603561771 ) ) ;
#7816 = AXIS2_PLACEMENT_3D ( 'NONE', #7116, #9596, #7167 ) ;
#7817 = ORIENTED_EDGE ( 'NONE', *, *, #5677, .F. ) ;
#7818 = LINE ( 'NONE', #7710, #8973 ) ;
#7819 = DIRECTION ( 'NONE',  ( 0.000000000000000000, 0.1736463975343387200, -0.9848080668959543482 ) ) ;
#7820 = CARTESIAN_POINT ( 'NONE',  ( 45.00000000000000000, 12.80678596388344559, -32.60999858332056078 ) ) ;
#7821 = PLANE ( 'NONE',  #1536 ) ;
#7822 = ORIENTED_EDGE ( 'NONE', *, *, #7987, .F. ) ;
#7823 = VECTOR ( 'NONE', #3607, 1000.000000000000000 ) ;
#7824 = DIRECTION ( 'NONE',  ( 0.000000000000000000, -0.1736463975343656707, -0.9848080668959495743 ) ) ;
#7825 = STYLED_ITEM ( 'NONE', ( #7353 ), #3860 ) ;
#7826 = DIRECTION ( 'NONE',  ( -1.000000000000000000, -0.000000000000000000, -0.000000000000000000 ) ) ;
#7827 = LINE ( 'NONE', #7147, #5919 ) ;
#7828 = EDGE_CURVE ( 'NONE', #1356, #9374, #2447, .T. ) ;
#7829 = VERTEX_POINT ( 'NONE', #4170 ) ;
#7830 =( NAMED_UNIT ( * ) PLANE_ANGLE_UNIT ( ) SI_UNIT ( $, .RADIAN. ) );
#7831 = VECTOR ( 'NONE', #9124, 1000.000000000000000 ) ;
#7832 = CARTESIAN_POINT ( 'NONE',  ( -45.00000000000000000, 10.25118675190273976, -32.44053828763770753 ) ) ;
#7833 = VECTOR ( 'NONE', #7878, 1000.000000000000000 ) ;
#7834 = SURFACE_STYLE_FILL_AREA ( #8797 ) ;
#7835 = CARTESIAN_POINT ( 'NONE',  ( 45.00000000000000000, 7.959231456415265527, 33.00999806117455648 ) ) ;
#7836 = VECTOR ( 'NONE', #1843, 1000.000000000000000 ) ;
#7837 = DIRECTION ( 'NONE',  ( -1.000000000000000000, -0.000000000000000000, -0.000000000000000000 ) ) ;
#7838 = ORIENTED_EDGE ( 'NONE', *, *, #2533, .F. ) ;
#7839 =( GEOMETRIC_REPRESENTATION_CONTEXT ( 3 ) GLOBAL_UNCERTAINTY_ASSIGNED_CONTEXT ( ( #9719 ) ) GLOBAL_UNIT_ASSIGNED_CONTEXT ( ( #4669, #7761, #1481 ) ) REPRESENTATION_CONTEXT ( 'NONE', 'WORKASPACE' ) );
#7840 = CYLINDRICAL_SURFACE ( 'NONE', #5937, 0.3999999999999767630 ) ;
#7841 = DIRECTION ( 'NONE',  ( -1.000000000000000000, -0.000000000000000000, -0.000000000000000000 ) ) ;
#7842 = ORIENTED_EDGE ( 'NONE', *, *, #2851, .F. ) ;
#7843 = CARTESIAN_POINT ( 'NONE',  ( 45.00000000000000000, -9.575082125561905855, -32.60999827003275442 ) ) ;
#7844 = EDGE_LOOP ( 'NONE', ( #5292, #3520, #5451, #419 ) ) ;
#7845 = ADVANCED_FACE ( 'NONE', ( #2504 ), #5635, .T. ) ;
#7846 = SURFACE_SIDE_STYLE ('',( #2908 ) ) ;
#7847 = CARTESIAN_POINT ( 'NONE',  ( 45.00000000000000000, 11.19093437199039975, 32.60999827003277574 ) ) ;
#7848 = CIRCLE ( 'NONE', #8821, 0.3999999999999698241 ) ;
#7849 = VERTEX_POINT ( 'NONE', #6569 ) ;
#7850 = CIRCLE ( 'NONE', #3886, 2.000000000000029310 ) ;
#7852 = ORIENTED_EDGE ( 'NONE', *, *, #8435, .F. ) ;
#7851 = ADVANCED_FACE ( 'NONE', ( #5841 ), #1348, .T. ) ;
#7853 = CARTESIAN_POINT ( 'NONE',  ( 45.00000000000000000, 2.717754610013809469, -32.67945720717746383 ) ) ;
#7854 = ORIENTED_EDGE ( 'NONE', *, *, #7894, .T. ) ;
#7855 = CARTESIAN_POINT ( 'NONE',  ( 45.00000000000000000, 1.059775156038909483, -32.44053766106308245 ) ) ;
#7856 = PRESENTATION_LAYER_ASSIGNMENT (  '', '', ( #9982 ) ) ;
#7857 = CARTESIAN_POINT ( 'NONE',  ( 45.00000000000000000, -1.101901750194742569, -32.67945710274835847 ) ) ;
#7858 = DIRECTION ( 'NONE',  ( -1.000000000000000000, -0.000000000000000000, -0.000000000000000000 ) ) ;
#7859 = SURFACE_STYLE_FILL_AREA ( #9564 ) ;
#7860 = EDGE_CURVE ( 'NONE', #709, #1930, #6673, .T. ) ;
#7861 = CARTESIAN_POINT ( 'NONE',  ( 45.00000000000000000, 14.00000245523013120, -33.00999754738848679 ) ) ;
#7862 =( NAMED_UNIT ( * ) SI_UNIT ( $, .STERADIAN. ) SOLID_ANGLE_UNIT ( ) );
#7863 = FILL_AREA_STYLE_COLOUR ( '', #6920 ) ;
#7864 = ORIENTED_EDGE ( 'NONE', *, *, #6707, .T. ) ;
#7865 = VERTEX_POINT ( 'NONE', #1105 ) ;
#7866 = FILL_AREA_STYLE ('',( #4514 ) ) ;
#7867 =( NAMED_UNIT ( * ) PLANE_ANGLE_UNIT ( ) SI_UNIT ( $, .RADIAN. ) );
#7868 = CARTESIAN_POINT ( 'NONE',  ( 45.00000000000000000, 7.523180373798187048, 32.44053797435041275 ) ) ;
#7869 = CARTESIAN_POINT ( 'NONE',  ( 45.00000000000000000, -6.343379209986895084, -33.00999806117452806 ) ) ;
#7870 = ORIENTED_EDGE ( 'NONE', *, *, #9917, .T. ) ;
#7871 = EDGE_CURVE ( 'NONE', #2353, #8497, #9806, .T. ) ;
#7872 = UNCERTAINTY_MEASURE_WITH_UNIT (LENGTH_MEASURE( 1.000000000000000082E-05 ), #586, 'distance_accuracy_value', 'NONE');
#7873 =( LENGTH_UNIT ( ) NAMED_UNIT ( * ) SI_UNIT ( .MILLI., .METRE. ) );
#7874 = VECTOR ( 'NONE', #6680, 1000.000000000000114 ) ;
#7875 = DIRECTION ( 'NONE',  ( 0.000000000000000000, 1.000000000000000000, 3.050063254464736173E-14 ) ) ;
#7876 = FACE_OUTER_BOUND ( 'NONE', #5324, .T. ) ;
#7877 = SURFACE_STYLE_FILL_AREA ( #9586 ) ;
#7878 = DIRECTION ( 'NONE',  ( -0.000000000000000000, -1.000000000000000000, -0.000000000000000000 ) ) ;
#7879 = CARTESIAN_POINT ( 'NONE',  ( 45.00000000000000000, 12.39937244555553342, -28.68732974560760596 ) ) ;
#7880 = FILL_AREA_STYLE ('',( #3806 ) ) ;
#7881 = ORIENTED_EDGE ( 'NONE', *, *, #5096, .T. ) ;
#7882 = EDGE_CURVE ( 'NONE', #487, #103, #8926, .T. ) ;
#7883 =( NAMED_UNIT ( * ) PLANE_ANGLE_UNIT ( ) SI_UNIT ( $, .RADIAN. ) );
#7885 = ORIENTED_EDGE ( 'NONE', *, *, #3005, .T. ) ;
#7884 = AXIS2_PLACEMENT_3D ( 'NONE', #9222, #2059, #6183 ) ;
#7886 = LINE ( 'NONE', #7993, #6102 ) ;
#7887 = DIRECTION ( 'NONE',  ( -1.000000000000000000, -0.000000000000000000, -0.000000000000000000 ) ) ;
#7888 = CARTESIAN_POINT ( 'NONE',  ( -45.00000000000000000, -0.5560766031461433778, -32.44053766106308245 ) ) ;
#7889 = DIRECTION ( 'NONE',  ( -1.000000000000000000, -0.000000000000000000, -0.000000000000000000 ) ) ;
#7890 = SURFACE_STYLE_FILL_AREA ( #4750 ) ;
#7891 = ORIENTED_EDGE ( 'NONE', *, *, #4726, .F. ) ;
#7892 = COLOUR_RGB ( '',0.8980392156862745390, 0.9176470588235293713, 0.9294117647058823817 ) ;
#7893 = ORIENTED_EDGE ( 'NONE', *, *, #3268, .T. ) ;
#7894 = EDGE_CURVE ( 'NONE', #172, #7415, #4228, .T. ) ;
#7895 = AXIS2_PLACEMENT_3D ( 'NONE', #7099, #20, #3185 ) ;
#7896 = CARTESIAN_POINT ( 'NONE',  ( 45.00000000000000000, -6.343379209986686362, 33.00999806117455648 ) ) ;
#7897 = CARTESIAN_POINT ( 'NONE',  ( 45.00000000000000000, -5.361502716646636912, 32.67945772082464373 ) ) ;
#7898 = ORIENTED_EDGE ( 'NONE', *, *, #1785, .F. ) ;
#7899 = PRESENTATION_LAYER_ASSIGNMENT (  '', '', ( #2143 ) ) ;
#7900 = LINE ( 'NONE', #6210, #3584 ) ;
#7901 = EDGE_CURVE ( 'NONE', #6845, #1597, #313, .T. ) ;
#7902 = DIRECTION ( 'NONE',  ( -1.000000000000000000, -0.000000000000000000, -0.000000000000000000 ) ) ;
#7903 =( NAMED_UNIT ( * ) SI_UNIT ( $, .STERADIAN. ) SOLID_ANGLE_UNIT ( ) );
#7904 = PRESENTATION_LAYER_ASSIGNMENT (  '', '', ( #2637 ) ) ;
#7905 = DIRECTION ( 'NONE',  ( 0.000000000000000000, -0.9848077160741794955, 0.1736483871527704503 ) ) ;
#7906 =( NAMED_UNIT ( * ) PLANE_ANGLE_UNIT ( ) SI_UNIT ( $, .RADIAN. ) );
#7907 = CARTESIAN_POINT ( 'NONE',  ( 45.00000000000000000, 11.82490933644039011, 32.67945803411245720 ) ) ;
#7908 = LINE ( 'NONE', #2598, #7734 ) ;
#7909 = VERTEX_POINT ( 'NONE', #10037 ) ;
#7910 = AXIS2_PLACEMENT_3D ( 'NONE', #2777, #5924, #9979 ) ;
#7911 = ORIENTED_EDGE ( 'NONE', *, *, #7882, .T. ) ;
#7913 = PRESENTATION_LAYER_ASSIGNMENT (  '', '', ( #7572 ) ) ;
#7912 = VECTOR ( 'NONE', #6096, 1000.000000000000000 ) ;
#7914 = VERTEX_POINT ( 'NONE', #2750 ) ;
#7915 = EDGE_CURVE ( 'NONE', #6971, #6380, #7984, .T. ) ;
#7916 = LINE ( 'NONE', #7815, #1228 ) ;
#7917 = CARTESIAN_POINT ( 'NONE',  ( 45.00000000000000000, 6.583431986834322736, 33.00999795674542980 ) ) ;
#7918 = MECHANICAL_DESIGN_GEOMETRIC_PRESENTATION_REPRESENTATION (  '', ( #1178 ), #8907 ) ;
#7919 = CIRCLE ( 'NONE', #6781, 0.9999999999999904521 ) ;
#7920 = FACE_OUTER_BOUND ( 'NONE', #3829, .T. ) ;
#7921 = SURFACE_SIDE_STYLE ('',( #9526 ) ) ;
#7922 = ORIENTED_EDGE ( 'NONE', *, *, #4619, .T. ) ;
#7923 = DIRECTION ( 'NONE',  ( -1.000000000000000000, -0.000000000000000000, -0.000000000000000000 ) ) ;
#7924 =( GEOMETRIC_REPRESENTATION_CONTEXT ( 3 ) GLOBAL_UNCERTAINTY_ASSIGNED_CONTEXT ( ( #8604 ) ) GLOBAL_UNIT_ASSIGNED_CONTEXT ( ( #7873, #806, #2267 ) ) REPRESENTATION_CONTEXT ( 'NONE', 'WORKASPACE' ) );
#7925 = PLANE ( 'NONE',  #7971 ) ;
#7926 = FILL_AREA_STYLE_COLOUR ( '', #7496 ) ;
#7927 = DIRECTION ( 'NONE',  ( -1.000000000000000000, -0.000000000000000000, -0.000000000000000000 ) ) ;
#7928 = ADVANCED_FACE ( 'NONE', ( #6192 ), #87, .T. ) ;
#7929 = PRESENTATION_STYLE_ASSIGNMENT (( #2622 ) ) ;
#7930 = EDGE_LOOP ( 'NONE', ( #7701, #3662, #2787, #5364 ) ) ;
#7931 = EDGE_LOOP ( 'NONE', ( #1598, #8097, #5162, #1836 ) ) ;
#7932 = SURFACE_STYLE_FILL_AREA ( #9759 ) ;
#7933 = CARTESIAN_POINT ( 'NONE',  ( 45.00000000000000000, -9.400134739806436102, 29.82752886061093633 ) ) ;
#7934 = VERTEX_POINT ( 'NONE', #6289 ) ;
#7935 = DIRECTION ( 'NONE',  ( -1.000000000000000000, -0.000000000000000000, -0.000000000000000000 ) ) ;
#7936 = CARTESIAN_POINT ( 'NONE',  ( 45.00000000000000000, 9.139031831585761267, 32.44053807877953943 ) ) ;
#7937 = DIRECTION ( 'NONE',  ( -1.000000000000000000, -0.000000000000000000, -0.000000000000000000 ) ) ;
#7938 = ADVANCED_FACE ( 'NONE', ( #9437 ), #5462, .F. ) ;
#7939 = SURFACE_STYLE_USAGE ( .BOTH. , #4800 ) ;
#7940 = COLOUR_RGB ( '',0.8980392156862745390, 0.9176470588235293713, 0.9294117647058823817 ) ;
#7941 = DIRECTION ( 'NONE',  ( -1.000000000000000000, 0.000000000000000000, -0.000000000000000000 ) ) ;
#7942 = ORIENTED_EDGE ( 'NONE', *, *, #7182, .T. ) ;
#7943 = CARTESIAN_POINT ( 'NONE',  ( -45.00000000000000000, -11.30013452603984092, 30.08641800985717296 ) ) ;
#7944 = FILL_AREA_STYLE ('',( #10000 ) ) ;
#7945 = FACE_OUTER_BOUND ( 'NONE', #333, .T. ) ;
#7946 = ORIENTED_EDGE ( 'NONE', *, *, #4568, .F. ) ;
#7947 = FILL_AREA_STYLE ('',( #2499 ) ) ;
#7948 = EDGE_CURVE ( 'NONE', #4565, #3369, #1643, .T. ) ;
#7949 = DIRECTION ( 'NONE',  ( 0.000000000000000000, -0.1736483871527123302, 0.9848077160741897096 ) ) ;
#7950 = CARTESIAN_POINT ( 'NONE',  ( 45.00000000000000000, -8.635333892083657759, -32.44053818320858085 ) ) ;
#7951 = MECHANICAL_DESIGN_GEOMETRIC_PRESENTATION_REPRESENTATION (  '', ( #9105 ), #1703 ) ;
#7952 = CARTESIAN_POINT ( 'NONE',  ( -45.00000000000000000, 9.900134291210605397, -29.82752931517285688 ) ) ;
#7953 = DIRECTION ( 'NONE',  ( 1.000000000000000000, 0.000000000000000000, 0.000000000000000000 ) ) ;
#7954 = CARTESIAN_POINT ( 'NONE',  ( 45.00000000000000000, -5.403630976508411621, 32.44053797435041275 ) ) ;
#7955 = CIRCLE ( 'NONE', #4508, 1.000000000000007772 ) ;
#7956 = ORIENTED_EDGE ( 'NONE', *, *, #9041, .F. ) ;
#7957 = ORIENTED_EDGE ( 'NONE', *, *, #6785, .T. ) ;
#7958 = VERTEX_POINT ( 'NONE', #1596 ) ;
#7959 = ADVANCED_FACE ( 'NONE', ( #4737 ), #10086, .T. ) ;
#7960 = FILL_AREA_STYLE_COLOUR ( '', #9624 ) ;
#7961 = LINE ( 'NONE', #8020, #9965 ) ;
#7962 = VECTOR ( 'NONE', #3705, 1000.000000000000000 ) ;
#7963 = ORIENTED_EDGE ( 'NONE', *, *, #1422, .F. ) ;
#7964 = MECHANICAL_DESIGN_GEOMETRIC_PRESENTATION_REPRESENTATION (  '', ( #4680 ), #2698 ) ;
#7965 = FILL_AREA_STYLE_COLOUR ( '', #8713 ) ;
#7966 = DIRECTION ( 'NONE',  ( -0.000000000000000000, 1.000000000000000000, -0.000000000000000000 ) ) ;
#7967 = CIRCLE ( 'NONE', #7143, 0.3999999999999698241 ) ;
#7968 = CARTESIAN_POINT ( 'NONE',  ( 45.00000000000000000, 2.171929462965214608, -32.44053776549218071 ) ) ;
#7969 = EDGE_CURVE ( 'NONE', #6380, #3221, #9307, .T. ) ;
#7970 = VERTEX_POINT ( 'NONE', #8905 ) ;
#7971 = AXIS2_PLACEMENT_3D ( 'NONE', #492, #5198, #2876 ) ;
#7972 = UNCERTAINTY_MEASURE_WITH_UNIT (LENGTH_MEASURE( 1.000000000000000082E-05 ), #6568, 'distance_accuracy_value', 'NONE');
#7973 =( LENGTH_UNIT ( ) NAMED_UNIT ( * ) SI_UNIT ( .MILLI., .METRE. ) );
#7974 = PRESENTATION_STYLE_ASSIGNMENT (( #2666 ) ) ;
#7975 = PRESENTATION_STYLE_ASSIGNMENT (( #4827 ) ) ;
#7976 =( GEOMETRIC_REPRESENTATION_CONTEXT ( 3 ) GLOBAL_UNCERTAINTY_ASSIGNED_CONTEXT ( ( #2930 ) ) GLOBAL_UNIT_ASSIGNED_CONTEXT ( ( #4028, #9608, #937 ) ) REPRESENTATION_CONTEXT ( 'NONE', 'WORKASPACE' ) );
#7977 = ORIENTED_EDGE ( 'NONE', *, *, #1873, .F. ) ;
#7978 = STYLED_ITEM ( 'NONE', ( #2114 ), #3754 ) ;
#7979 = DIRECTION ( 'NONE',  ( 0.000000000000000000, 0.000000000000000000, 1.000000000000000000 ) ) ;
#7980 = CARTESIAN_POINT ( 'NONE',  ( 45.00000000000000000, 0.5560780051777099997, -32.44053766106308245 ) ) ;
#7981 = FILL_AREA_STYLE ('',( #5560 ) ) ;
#7982 = FILL_AREA_STYLE_COLOUR ( '', #1406 ) ;
#7983 = AXIS2_PLACEMENT_3D ( 'NONE', #5330, #6307, #6152 ) ;
#7984 = CIRCLE ( 'NONE', #7494, 0.7199711365119508821 ) ;
#7985 = STYLED_ITEM ( 'NONE', ( #4632 ), #7393 ) ;
#7986 = DIRECTION ( 'NONE',  ( -0.000000000000000000, 1.000000000000000000, -0.000000000000000000 ) ) ;
#7987 = EDGE_CURVE ( 'NONE', #2819, #918, #8137, .T. ) ;
#7988 = ORIENTED_EDGE ( 'NONE', *, *, #5573, .T. ) ;
#7989 = VECTOR ( 'NONE', #5393, 1000.000000000000000 ) ;
#7990 = CARTESIAN_POINT ( 'NONE',  ( -45.00000000000000000, -7.959230667774402690, -33.00999816560363342 ) ) ;
#7991 = CARTESIAN_POINT ( 'NONE',  ( -45.00000000000000000, 8.199284094647168786, -33.00999816560113231 ) ) ;
#7992 = COLOUR_RGB ( '',0.8980392156862745390, 0.9176470588235293713, 0.9294117647058823817 ) ;
#7993 = CARTESIAN_POINT ( 'NONE',  ( 45.00000000000000000, 11.73426576670350308, -28.41166410908993001 ) ) ;
#7994 = COLOUR_RGB ( '',0.8980392156862745390, 0.9176470588235293713, 0.9294117647058823817 ) ;
#7995 = AXIS2_PLACEMENT_3D ( 'NONE', #6601, #2113, #1191 ) ;
#7996 = SURFACE_STYLE_USAGE ( .BOTH. , #3956 ) ;
#7997 = DIRECTION ( 'NONE',  ( -0.000000000000000000, 0.9848075680949418542, 0.1736492263815952453 ) ) ;
#7998 = AXIS2_PLACEMENT_3D ( 'NONE', #5394, #3793, #692 ) ;
#7999 = LINE ( 'NONE', #3909, #8770 ) ;
#8000 = SURFACE_SIDE_STYLE ('',( #7272 ) ) ;
#8001 = EDGE_LOOP ( 'NONE', ( #7046, #124, #3622, #6490 ) ) ;
#8002 = VECTOR ( 'NONE', #2570, 1000.000000000000000 ) ;
#8003 = CARTESIAN_POINT ( 'NONE',  ( 45.00000000000000000, -1.059773754007346414, -32.44053766106308245 ) ) ;
#8004 = EDGE_CURVE ( 'NONE', #2819, #3072, #7642, .T. ) ;
#8005 = SURFACE_STYLE_FILL_AREA ( #5627 ) ;
#8006 = PRESENTATION_STYLE_ASSIGNMENT (( #4064 ) ) ;
#8007 = VERTEX_POINT ( 'NONE', #6547 ) ;
#8008 = AXIS2_PLACEMENT_3D ( 'NONE', #10171, #2934, #1528 ) ;
#8009 =( NAMED_UNIT ( * ) PLANE_ANGLE_UNIT ( ) SI_UNIT ( $, .RADIAN. ) );
#8010 = FILL_AREA_STYLE_COLOUR ( '', #6661 ) ;
#8011 = VECTOR ( 'NONE', #9194, 1000.000000000000000 ) ;
#8012 = ORIENTED_EDGE ( 'NONE', *, *, #1169, .F. ) ;
#8013 = DIRECTION ( 'NONE',  ( 0.000000000000000000, 0.000000000000000000, -1.000000000000000000 ) ) ;
#8014 = CARTESIAN_POINT ( 'NONE',  ( 45.00000000000000000, -0.1200255863398349832, -32.60999669650581012 ) ) ;
#8015 = DIRECTION ( 'NONE',  ( 0.000000000000000000, 0.000000000000000000, 1.000000000000000000 ) ) ;
#8016 = ADVANCED_FACE ( 'NONE', ( #5869 ), #8847, .T. ) ;
#8017 = ORIENTED_EDGE ( 'NONE', *, *, #6015, .F. ) ;
#8018 = LINE ( 'NONE', #164, #5 ) ;
#8019 = PRESENTATION_STYLE_ASSIGNMENT (( #4879 ) ) ;
#8020 = CARTESIAN_POINT ( 'NONE',  ( -45.00000000000000000, -9.300134739806450668, 29.82752886061096476 ) ) ;
#8021 = VERTEX_POINT ( 'NONE', #285 ) ;
#8022 = CARTESIAN_POINT ( 'NONE',  ( -45.00000000000000000, -9.815134150403094893, -33.00999827003273879 ) ) ;
#8023 = DIRECTION ( 'NONE',  ( -1.000000000000000000, -0.000000000000000000, -0.000000000000000000 ) ) ;
#8024 = ORIENTED_EDGE ( 'NONE', *, *, #8588, .T. ) ;
#8025 = EDGE_CURVE ( 'NONE', #9076, #1352, #4202, .T. ) ;
#8026 = SURFACE_STYLE_USAGE ( .BOTH. , #7403 ) ;
#8027 = VECTOR ( 'NONE', #7269, 1000.000000000000000 ) ;
#8028 = FACE_OUTER_BOUND ( 'NONE', #4586, .T. ) ;
#8029 = ADVANCED_FACE ( 'NONE', ( #8088 ), #1020, .F. ) ;
#8030 = SURFACE_STYLE_USAGE ( .BOTH. , #2518 ) ;
#8031 = CARTESIAN_POINT ( 'NONE',  ( 45.00000000000000000, -4.333604665769748898, -32.67945731160656919 ) ) ;
#8032 = DIRECTION ( 'NONE',  ( -1.000000000000000000, -0.000000000000000000, -0.000000000000000000 ) ) ;
#8033 = FACE_OUTER_BOUND ( 'NONE', #8328, .T. ) ;
#8034 = ORIENTED_EDGE ( 'NONE', *, *, #2732, .F. ) ;
#8035 = SURFACE_STYLE_FILL_AREA ( #4898 ) ;
#8036 = SURFACE_STYLE_FILL_AREA ( #93 ) ;
#8037 =( NAMED_UNIT ( * ) PLANE_ANGLE_UNIT ( ) SI_UNIT ( $, .RADIAN. ) );
#8038 = EDGE_CURVE ( 'NONE', #4565, #8485, #9923, .T. ) ;
#8039 = CARTESIAN_POINT ( 'NONE',  ( 45.00000000000000000, -9.300134739806450668, 29.82752886061096476 ) ) ;
#8040 = PRESENTATION_LAYER_ASSIGNMENT (  '', '', ( #2289 ) ) ;
#8041 = DIRECTION ( 'NONE',  ( 0.000000000000000000, 0.000000000000000000, -1.000000000000000000 ) ) ;
#8042 = PLANE ( 'NONE',  #4561 ) ;
#8043 = ORIENTED_EDGE ( 'NONE', *, *, #4183, .T. ) ;
#8044 =( GEOMETRIC_REPRESENTATION_CONTEXT ( 3 ) GLOBAL_UNCERTAINTY_ASSIGNED_CONTEXT ( ( #8280 ) ) GLOBAL_UNIT_ASSIGNED_CONTEXT ( ( #6956, #3139, #5449 ) ) REPRESENTATION_CONTEXT ( 'NONE', 'WORKASPACE' ) );
#8045 = DIRECTION ( 'NONE',  ( -1.000000000000000000, -0.000000000000000000, -0.000000000000000000 ) ) ;
#8046 = ORIENTED_EDGE ( 'NONE', *, *, #9106, .T. ) ;
#8047 = VECTOR ( 'NONE', #4102, 1000.000000000000000 ) ;
#8048 =( NAMED_UNIT ( * ) SI_UNIT ( $, .STERADIAN. ) SOLID_ANGLE_UNIT ( ) );
#8049 = COLOUR_RGB ( '',0.8980392156862745390, 0.9176470588235293713, 0.9294117647058823817 ) ;
#8050 = SURFACE_STYLE_FILL_AREA ( #8919 ) ;
#8051 = PRESENTATION_STYLE_ASSIGNMENT (( #884 ) ) ;
#8052 = SURFACE_STYLE_FILL_AREA ( #3382 ) ;
#8053 = ORIENTED_EDGE ( 'NONE', *, *, #1813, .T. ) ;
#8054 = DIRECTION ( 'NONE',  ( -0.000000000000000000, 1.000000000000000000, -0.000000000000000000 ) ) ;
#8055 = EDGE_CURVE ( 'NONE', #7401, #5859, #6343, .T. ) ;
#8056 = CIRCLE ( 'NONE', #3133, 0.1999999999999849121 ) ;
#8057 = FACE_OUTER_BOUND ( 'NONE', #286, .T. ) ;
#8058 =( NAMED_UNIT ( * ) SI_UNIT ( $, .STERADIAN. ) SOLID_ANGLE_UNIT ( ) );
#8059 = CARTESIAN_POINT ( 'NONE',  ( -45.00000000000000000, 7.565308369985570103, 32.67945741603563192 ) ) ;
#8060 = FILL_AREA_STYLE ('',( #5737 ) ) ;
#8061 = DIRECTION ( 'NONE',  ( -1.000000000000000000, -0.000000000000000000, -0.000000000000000000 ) ) ;
#8062 = CIRCLE ( 'NONE', #3933, 0.2000000000000508316 ) ;
#8063 = ORIENTED_EDGE ( 'NONE', *, *, #8220, .F. ) ;
#8064 = ORIENTED_EDGE ( 'NONE', *, *, #9053, .F. ) ;
#8065 = SURFACE_SIDE_STYLE ('',( #1788 ) ) ;
#8066 = VERTEX_POINT ( 'NONE', #7604 ) ;
#8067 = VECTOR ( 'NONE', #2976, 1000.000000000000114 ) ;
#8068 = LINE ( 'NONE', #5746, #386 ) ;
#8069 = SURFACE_SIDE_STYLE ('',( #4930 ) ) ;
#8070 = CYLINDRICAL_SURFACE ( 'NONE', #7027, 0.3999999110189597640 ) ;
#8071 = EDGE_CURVE ( 'NONE', #3465, #6750, #6017, .T. ) ;
#8072 = ORIENTED_EDGE ( 'NONE', *, *, #843, .T. ) ;
#8073 = DIRECTION ( 'NONE',  ( 1.000000000000000000, 0.000000000000000000, -0.000000000000000000 ) ) ;
#8074 = PRESENTATION_LAYER_ASSIGNMENT (  '', '', ( #5439 ) ) ;
#8075 = SURFACE_STYLE_USAGE ( .BOTH. , #4243 ) ;
#8076 = VECTOR ( 'NONE', #929, 1000.000000000000000 ) ;
#8077 = EDGE_LOOP ( 'NONE', ( #7781, #3810, #6497, #6291 ) ) ;
#8078 = UNCERTAINTY_MEASURE_WITH_UNIT (LENGTH_MEASURE( 1.000000000000000082E-05 ), #4543, 'distance_accuracy_value', 'NONE');
#8079 = PLANE ( 'NONE',  #820 ) ;
#8080 = CARTESIAN_POINT ( 'NONE',  ( 45.00000000000000000, -9.815134150403006075, 33.00999827003027320 ) ) ;
#8081 = CYLINDRICAL_SURFACE ( 'NONE', #2724, 0.1999999999999710343 ) ;
#8082 = CIRCLE ( 'NONE', #10195, 0.7199711365119370043 ) ;
#8083 = CIRCLE ( 'NONE', #5447, 0.3999999999999767630 ) ;
#8084 = CARTESIAN_POINT ( 'NONE',  ( 45.00000000000000000, -1.101901750194742569, -32.67945710274835847 ) ) ;
#8085 = STYLED_ITEM ( 'NONE', ( #4926 ), #2028 ) ;
#8086 = CARTESIAN_POINT ( 'NONE',  ( -45.00000000000000000, -7.019482434295976958, 32.44053807877953233 ) ) ;
#8087 = EDGE_CURVE ( 'NONE', #3394, #10106, #3862, .T. ) ;
#8088 = FACE_OUTER_BOUND ( 'NONE', #8986, .T. ) ;
#8089 = VERTEX_POINT ( 'NONE', #7661 ) ;
#8090 =( LENGTH_UNIT ( ) NAMED_UNIT ( * ) SI_UNIT ( .MILLI., .METRE. ) );
#8091 = DIRECTION ( 'NONE',  ( -1.000000000000000000, -0.000000000000000000, -0.000000000000000000 ) ) ;
#8092 = ORIENTED_EDGE ( 'NONE', *, *, #9010, .F. ) ;
#8093 =( NAMED_UNIT ( * ) SI_UNIT ( $, .STERADIAN. ) SOLID_ANGLE_UNIT ( ) );
#8094 = DIRECTION ( 'NONE',  ( -1.000000000000000000, 0.000000000000000000, -0.000000000000000000 ) ) ;
#8095 = CARTESIAN_POINT ( 'NONE',  ( 45.00000000000000000, 10.20905849204096683, -32.67945803411199535 ) ) ;
#8096 = EDGE_CURVE ( 'NONE', #19, #9712, #8292, .T. ) ;
#8097 = ORIENTED_EDGE ( 'NONE', *, *, #3121, .F. ) ;
#8098 = APPLICATION_PROTOCOL_DEFINITION ( 'draft international standard', 'automotive_design', 1998, #10116 ) ;
#8099 = CARTESIAN_POINT ( 'NONE',  ( -45.00000000000000000, 4.333606067801317963, -32.67945731160656919 ) ) ;
#8100 = VERTEX_POINT ( 'NONE', #2937 ) ;
#8101 = EDGE_CURVE ( 'NONE', #7958, #9841, #234, .T. ) ;
#8102 = CARTESIAN_POINT ( 'NONE',  ( 45.00000000000000000, -6.977354174436869449, -32.67945782525419673 ) ) ;
#8103 = DIRECTION ( 'NONE',  ( 0.000000000000000000, 5.594078007237044251E-17, -1.000000000000000000 ) ) ;
#8104 = CARTESIAN_POINT ( 'NONE',  ( 45.00000000000000000, 11.80013407185792929, -30.08641850110018012 ) ) ;
#8105 = DIRECTION ( 'NONE',  ( 0.000000000000000000, -0.9848075680949252009, -0.1736492263816896420 ) ) ;
#8106 = EDGE_LOOP ( 'NONE', ( #5742, #2788, #98, #7988 ) ) ;
#8107 = SURFACE_STYLE_FILL_AREA ( #2897 ) ;
#8108 = PRESENTATION_STYLE_ASSIGNMENT (( #5787 ) ) ;
#8109 = CYLINDRICAL_SURFACE ( 'NONE', #3343, 0.3999999999999767630 ) ;
#8110 = CARTESIAN_POINT ( 'NONE',  ( 45.00000000000000000, -9.815134150403006075, 33.00999827003027320 ) ) ;
#8111 = DIRECTION ( 'NONE',  ( 0.000000000000000000, 1.000000000000000000, 0.000000000000000000 ) ) ;
#8112 = CARTESIAN_POINT ( 'NONE',  ( -45.00000000000000000, 6.977354963077685213, 32.67945772082510558 ) ) ;
#8113 = ORIENTED_EDGE ( 'NONE', *, *, #3613, .T. ) ;
#8114 = ORIENTED_EDGE ( 'NONE', *, *, #8155, .F. ) ;
#8115 = CARTESIAN_POINT ( 'NONE',  ( -45.00000000000000000, 11.82490933644039011, 32.67945803411245720 ) ) ;
#8116 = ORIENTED_EDGE ( 'NONE', *, *, #8038, .F. ) ;
#8117 = ADVANCED_FACE ( 'NONE', ( #4526 ), #2773, .T. ) ;
#8118 =( LENGTH_UNIT ( ) NAMED_UNIT ( * ) SI_UNIT ( .MILLI., .METRE. ) );
#8119 = PRESENTATION_LAYER_ASSIGNMENT (  '', '', ( #9758 ) ) ;
#8120 = DIRECTION ( 'NONE',  ( -1.000000000000000000, -0.000000000000000000, -0.000000000000000000 ) ) ;
#8121 = DIRECTION ( 'NONE',  ( -0.000000000000000000, 0.000000000000000000, 1.000000000000000000 ) ) ;
#8122 = ORIENTED_EDGE ( 'NONE', *, *, #4803, .T. ) ;
#8123 = DIRECTION ( 'NONE',  ( -1.000000000000000000, -0.000000000000000000, -0.000000000000000000 ) ) ;
#8124 = CARTESIAN_POINT ( 'NONE',  ( 45.00000000000000000, -10.25118534987110408, 32.44053828763777148 ) ) ;
#8125 = ORIENTED_EDGE ( 'NONE', *, *, #7530, .T. ) ;
#8126 = DIRECTION ( 'NONE',  ( 0.000000000000000000, -0.1736483871528202161, 0.9848077160741706138 ) ) ;
#8127 = FILL_AREA_STYLE ('',( #5707 ) ) ;
#8128 = EDGE_CURVE ( 'NONE', #8491, #2008, #6701, .T. ) ;
#8129 = VERTEX_POINT ( 'NONE', #2201 ) ;
#8130 = VECTOR ( 'NONE', #8602, 1000.000000000000000 ) ;
#8131 = PLANE ( 'NONE',  #4342 ) ;
#8132 = AXIS2_PLACEMENT_3D ( 'NONE', #8891, #1892, #9722 ) ;
#8133 = LINE ( 'NONE', #9535, #2902 ) ;
#8134 = CIRCLE ( 'NONE', #3683, 0.3999999999999767630 ) ;
#8135 = CARTESIAN_POINT ( 'NONE',  ( 45.00000000000000000, -10.25118534987110408, 32.44053828763777148 ) ) ;
#8136 = DIRECTION ( 'NONE',  ( -1.000000000000000000, -0.000000000000000000, -0.000000000000000000 ) ) ;
#8137 = LINE ( 'NONE', #7413, #3061 ) ;
#8138 = EDGE_LOOP ( 'NONE', ( #6906, #8500, #1021, #2433 ) ) ;
#8139 = MECHANICAL_DESIGN_GEOMETRIC_PRESENTATION_REPRESENTATION (  '', ( #3378 ), #9116 ) ;
#8140 = MECHANICAL_DESIGN_GEOMETRIC_PRESENTATION_REPRESENTATION (  '', ( #4010 ), #7305 ) ;
#8141 = DIRECTION ( 'NONE',  ( 0.000000000000000000, 0.000000000000000000, 1.000000000000000000 ) ) ;
#8142 = FACE_OUTER_BOUND ( 'NONE', #1223, .T. ) ;
#8143 = MANIFOLD_SOLID_BREP ( 'м╧л╗-ю', #7425 ) ;
#8144 = ADVANCED_FACE ( 'NONE', ( #10074 ), #8634, .T. ) ;
#8145 = VECTOR ( 'NONE', #3098, 1000.000000000000000 ) ;
#8146 = DIRECTION ( 'NONE',  ( 0.000000000000000000, -0.9999992123317760218, -0.001255123829539990651 ) ) ;
#8147 =( NAMED_UNIT ( * ) PLANE_ANGLE_UNIT ( ) SI_UNIT ( $, .RADIAN. ) );
#8148 = CIRCLE ( 'NONE', #4355, 0.3999999110189944584 ) ;
#8149 = DIRECTION ( 'NONE',  ( 0.000000000000000000, -1.000000000000000000, 0.000000000000000000 ) ) ;
#8150 = COLOUR_RGB ( '',0.8980392156862745390, 0.9176470588235293713, 0.9294117647058823817 ) ;
#8151 =( GEOMETRIC_REPRESENTATION_CONTEXT ( 3 ) GLOBAL_UNCERTAINTY_ASSIGNED_CONTEXT ( ( #1275 ) ) GLOBAL_UNIT_ASSIGNED_CONTEXT ( ( #7726, #3805, #7060 ) ) REPRESENTATION_CONTEXT ( 'NONE', 'WORKASPACE' ) );
#8152 = LINE ( 'NONE', #4158, #6275 ) ;
#8153 = CARTESIAN_POINT ( 'NONE',  ( 45.00000000000000000, -11.23786907645464872, -28.97153296468694705 ) ) ;
#8154 = ORIENTED_EDGE ( 'NONE', *, *, #2068, .F. ) ;
#8155 = EDGE_CURVE ( 'NONE', #6058, #319, #4509, .T. ) ;
#8156 = ADVANCED_FACE ( 'NONE', ( #9373 ), #3986, .F. ) ;
#8157 = FACE_OUTER_BOUND ( 'NONE', #776, .T. ) ;
#8158 = UNCERTAINTY_MEASURE_WITH_UNIT (LENGTH_MEASURE( 1.000000000000000082E-05 ), #5676, 'distance_accuracy_value', 'NONE');
#8159 = LINE ( 'NONE', #9026, #3406 ) ;
#8160 = VECTOR ( 'NONE', #4470, 1000.000000000000000 ) ;
#8161 = CARTESIAN_POINT ( 'NONE',  ( -45.00000000000000000, 12.41286273712554866, -32.67945714233422194 ) ) ;
#8162 = ORIENTED_EDGE ( 'NONE', *, *, #8290, .F. ) ;
#8163 = CARTESIAN_POINT ( 'NONE',  ( 45.00000000000000000, -1.495824836624388920, -32.60999774788725603 ) ) ;
#8164 = VECTOR ( 'NONE', #6486, 1000.000000000000114 ) ;
#8165 = ORIENTED_EDGE ( 'NONE', *, *, #2343, .F. ) ;
#8166 = COLOUR_RGB ( '',0.8980392156862745390, 0.9176470588235293713, 0.9294117647058823817 ) ;
#8167 = EDGE_CURVE ( 'NONE', #1411, #1370, #8484, .T. ) ;
#8168 =( NAMED_UNIT ( * ) PLANE_ANGLE_UNIT ( ) SI_UNIT ( $, .RADIAN. ) );
#8169 = CARTESIAN_POINT ( 'NONE',  ( 45.00000000000000000, -8.199282692615440737, 33.00999816560115363 ) ) ;
#8170 = ORIENTED_EDGE ( 'NONE', *, *, #1337, .F. ) ;
#8171 = ORIENTED_EDGE ( 'NONE', *, *, #8290, .T. ) ;
#8172 = CARTESIAN_POINT ( 'NONE',  ( -45.00000000000000000, 10.20905787865283010, 32.67945792968333762 ) ) ;
#8173 = ORIENTED_EDGE ( 'NONE', *, *, #2239, .T. ) ;
#8174 = LINE ( 'NONE', #7590, #1403 ) ;
#8175 = EDGE_CURVE ( 'NONE', #3465, #6863, #8586, .T. ) ;
#8176 =( NAMED_UNIT ( * ) PLANE_ANGLE_UNIT ( ) SI_UNIT ( $, .RADIAN. ) );
#8177 = PRESENTATION_LAYER_ASSIGNMENT (  '', '', ( #4204 ) ) ;
#8178 = UNCERTAINTY_MEASURE_WITH_UNIT (LENGTH_MEASURE( 1.000000000000000082E-05 ), #9158, 'distance_accuracy_value', 'NONE');
#8179 = ORIENTED_EDGE ( 'NONE', *, *, #3670, .T. ) ;
#8180 = CARTESIAN_POINT ( 'NONE',  ( -45.00000000000000000, 5.949457525588827345, -32.67945741603569587 ) ) ;
#8181 = COLOUR_RGB ( '',0.8980392156862745390, 0.9176470588235293713, 0.9294117647058823817 ) ;
#8182 = CARTESIAN_POINT ( 'NONE',  ( -45.00000000000000000, -6.977354174434200473, 32.67945782525377041 ) ) ;
#8183 = ORIENTED_EDGE ( 'NONE', *, *, #5573, .F. ) ;
#8184 = UNCERTAINTY_MEASURE_WITH_UNIT (LENGTH_MEASURE( 1.000000000000000082E-05 ), #6217, 'distance_accuracy_value', 'NONE');
#8185 = CARTESIAN_POINT ( 'NONE',  ( 45.00000000000000000, 11.91902595064858694, 28.48824028669467978 ) ) ;
#8186 = FILL_AREA_STYLE ('',( #1847 ) ) ;
#8187 = SURFACE_SIDE_STYLE ('',( #4362 ) ) ;
#8188 = VECTOR ( 'NONE', #5533, 1000.000000000000000 ) ;
#8189 = CARTESIAN_POINT ( 'NONE',  ( 45.00000000000000000, -14.25000017881387571, 28.28824047302991218 ) ) ;
#8190 = DIRECTION ( 'NONE',  ( 0.000000000000000000, 0.000000000000000000, 1.000000000000000000 ) ) ;
#8191 = DIRECTION ( 'NONE',  ( -0.000000000000000000, 0.9848075680949415212, 0.1736492263815972714 ) ) ;
#8192 =( NAMED_UNIT ( * ) PLANE_ANGLE_UNIT ( ) SI_UNIT ( $, .RADIAN. ) );
#8193 = EDGE_CURVE ( 'NONE', #8248, #4927, #4988, .T. ) ;
#8194 = ORIENTED_EDGE ( 'NONE', *, *, #4539, .F. ) ;
#8195 = VECTOR ( 'NONE', #6043, 1000.000000000000000 ) ;
#8196 = FILL_AREA_STYLE ('',( #3466 ) ) ;
#8197 =( NAMED_UNIT ( * ) SI_UNIT ( $, .STERADIAN. ) SOLID_ANGLE_UNIT ( ) );
#8198 = ORIENTED_EDGE ( 'NONE', *, *, #9493, .T. ) ;
#8199 = CARTESIAN_POINT ( 'NONE',  ( 45.00000000000000000, -7.523179585157357074, -32.44053807877948259 ) ) ;
#8200 = CARTESIAN_POINT ( 'NONE',  ( 45.00000000000000000, 1.101903152226300975, -32.67945710274835847 ) ) ;
#8201 = SURFACE_STYLE_FILL_AREA ( #2065 ) ;
#8202 = ADVANCED_FACE ( 'NONE', ( #171 ), #1683, .F. ) ;
#8203 = DIRECTION ( 'NONE',  ( -0.000000000000000000, 0.000000000000000000, 1.000000000000000000 ) ) ;
#8204 = LINE ( 'NONE', #299, #4451 ) ;
#8205 = EDGE_LOOP ( 'NONE', ( #3240, #9679, #4958, #9520, #1439, #2043, #305, #1462, #5251, #3827, #5946, #7461, #7007, #6503, #4385, #9738, #7542, #1713, #3924, #3656, #614, #1501, #7066, #1099, #932, #1747, #7249, #2423, #4629, #8518, #3905, #4966, #6025, #5032, #5827, #3027, #2326, #5703, #6551, #7286, #7291, #292, #2440, #7043, #763, #8244, #4297, #4806, #2122, #3653, #2392, #8214, #8179, #1185, #7434, #3333, #2803, #3101, #9286, #2599, #3442, #4739, #2147, #2603, #5061, #8219, #2052, #3949, #2541, #209, #671, #941, #6573, #9670, #2713, #9494, #6374, #309, #6651, #6290, #8666, #7144, #6949, #7445, #8122, #7549, #3608, #1148, #8473, #1526, #3599, #3591, #9482, #9770, #6768, #6221, #1314, #2635, #6687, #4708, #7881, #743, #8046, #9928, #8878, #7893, #6743, #9857, #5639, #2911, #7609, #720, #8771, #530, #3436, #7101, #1578, #9868, #829, #10038, #4501, #3417, #1128, #5848, #5309, #1789, #4053, #1399, #2961, #5030, #5936, #41, #6878, #160, #7693, #5572, #9110, #5510, #3942, #701, #3714, #9668, #8439, #4711, #9621, #8510, #7922, #5240, #2977, #6799, #2167, #4348, #7455, #6795, #7677, #6144, #4480, #4255, #4442 ) ) ;
#8206 = FILL_AREA_STYLE ('',( #5067 ) ) ;
#8207 = SURFACE_SIDE_STYLE ('',( #5068 ) ) ;
#8208 = CIRCLE ( 'NONE', #8689, 0.3999999110189667029 ) ;
#8209 = LINE ( 'NONE', #3665, #1608 ) ;
#8210 = MECHANICAL_DESIGN_GEOMETRIC_PRESENTATION_REPRESENTATION (  '', ( #6894 ), #458 ) ;
#8211 = ORIENTED_EDGE ( 'NONE', *, *, #2970, .T. ) ;
#8212 = CARTESIAN_POINT ( 'NONE',  ( 45.00000000000000000, -5.949456123557249398, -32.67945741603565324 ) ) ;
#8213 = FILL_AREA_STYLE_COLOUR ( '', #6837 ) ;
#8214 = ORIENTED_EDGE ( 'NONE', *, *, #1380, .T. ) ;
#8215 = ADVANCED_FACE ( 'NONE', ( #4190 ), #5751, .T. ) ;
#8216 = CARTESIAN_POINT ( 'NONE',  ( 45.00000000000000000, -9.300134418011170467, -31.02000028892890171 ) ) ;
#8217 = MECHANICAL_DESIGN_GEOMETRIC_PRESENTATION_REPRESENTATION (  '', ( #7056 ), #8044 ) ;
#8218 = FACE_OUTER_BOUND ( 'NONE', #8077, .T. ) ;
#8219 = ORIENTED_EDGE ( 'NONE', *, *, #1531, .T. ) ;
#8220 = EDGE_CURVE ( 'NONE', #7849, #4723, #2664, .T. ) ;
#8221 = CARTESIAN_POINT ( 'NONE',  ( 45.00000000000000000, -10.30145160001482019, -29.72866179929873098 ) ) ;
#8222 = VERTEX_POINT ( 'NONE', #8182 ) ;
#8223 = MECHANICAL_DESIGN_GEOMETRIC_PRESENTATION_REPRESENTATION (  '', ( #2463 ), #479 ) ;
#8224 = ORIENTED_EDGE ( 'NONE', *, *, #8933, .T. ) ;
#8225 = DIRECTION ( 'NONE',  ( 0.000000000000000000, 0.000000000000000000, 1.000000000000000000 ) ) ;
#8226 =( NAMED_UNIT ( * ) PLANE_ANGLE_UNIT ( ) SI_UNIT ( $, .RADIAN. ) );
#8227 = MECHANICAL_DESIGN_GEOMETRIC_PRESENTATION_REPRESENTATION (  '', ( #2974 ), #6423 ) ;
#8228 = DIRECTION ( 'NONE',  ( -0.000000000000000000, -0.1736483871527734757, 0.9848077160741788294 ) ) ;
#8229 = ORIENTED_EDGE ( 'NONE', *, *, #3194, .F. ) ;
#8230 = VECTOR ( 'NONE', #1624, 1000.000000000000000 ) ;
#8231 = FACE_OUTER_BOUND ( 'NONE', #10124, .T. ) ;
#8232 = AXIS2_PLACEMENT_3D ( 'NONE', #4086, #72, #7244 ) ;
#8233 = EDGE_CURVE ( 'NONE', #7335, #8609, #4839, .T. ) ;
#8234 = CARTESIAN_POINT ( 'NONE',  ( 45.00000000000000000, -6.343379209986895084, -33.00999806117452806 ) ) ;
#8235 =( LENGTH_UNIT ( ) NAMED_UNIT ( * ) SI_UNIT ( .MILLI., .METRE. ) );
#8236 = FILL_AREA_STYLE ('',( #8944 ) ) ;
#8237 =( LENGTH_UNIT ( ) NAMED_UNIT ( * ) SI_UNIT ( .MILLI., .METRE. ) );
#8238 = VECTOR ( 'NONE', #8698, 1000.000000000000000 ) ;
#8240 = PRESENTATION_LAYER_ASSIGNMENT (  '', '', ( #5770 ) ) ;
#8239 = PRESENTATION_LAYER_ASSIGNMENT (  '', '', ( #6590 ) ) ;
#8241 =( NAMED_UNIT ( * ) PLANE_ANGLE_UNIT ( ) SI_UNIT ( $, .RADIAN. ) );
#8242 =( NAMED_UNIT ( * ) SI_UNIT ( $, .STERADIAN. ) SOLID_ANGLE_UNIT ( ) );
#8243 = FILL_AREA_STYLE_COLOUR ( '', #4181 ) ;
#8244 = ORIENTED_EDGE ( 'NONE', *, *, #486, .T. ) ;
#8245 = CARTESIAN_POINT ( 'NONE',  ( -45.00000000000000000, 3.787780920752721325, -32.44053786992127897 ) ) ;
#8247 = PRESENTATION_LAYER_ASSIGNMENT (  '', '', ( #1997 ) ) ;
#8246 = VECTOR ( 'NONE', #3267, 1000.000000000000000 ) ;
#8248 = VERTEX_POINT ( 'NONE', #8740 ) ;
#8249 = CARTESIAN_POINT ( 'NONE',  ( -45.00000000000000000, 6.583432636859658516, -33.00999806117201985 ) ) ;
#8250 = EDGE_CURVE ( 'NONE', #5045, #9009, #7193, .T. ) ;
#8251 = LINE ( 'NONE', #8298, #6223 ) ;
#8252 = DIRECTION ( 'NONE',  ( 1.000000000000000000, 0.000000000000000000, 0.000000000000000000 ) ) ;
#8253 = SURFACE_STYLE_USAGE ( .BOTH. , #3517 ) ;
#8254 = STYLED_ITEM ( 'NONE', ( #4437 ), #2589 ) ;
#8255 =( NAMED_UNIT ( * ) PLANE_ANGLE_UNIT ( ) SI_UNIT ( $, .RADIAN. ) );
#8256 = DIRECTION ( 'NONE',  ( -1.000000000000000000, -0.000000000000000000, -0.000000000000000000 ) ) ;
#8257 = VERTEX_POINT ( 'NONE', #5649 ) ;
#8258 = UNCERTAINTY_MEASURE_WITH_UNIT (LENGTH_MEASURE( 1.000000000000000082E-05 ), #2792, 'distance_accuracy_value', 'NONE');
#8259 = EDGE_CURVE ( 'NONE', #2524, #5472, #8785, .T. ) ;
#8260 =( NAMED_UNIT ( * ) SI_UNIT ( $, .STERADIAN. ) SOLID_ANGLE_UNIT ( ) );
#8261 = PLANE ( 'NONE',  #7811 ) ;
#8262 = ORIENTED_EDGE ( 'NONE', *, *, #3123, .F. ) ;
#8263 = CARTESIAN_POINT ( 'NONE',  ( 45.00000000000000000, 14.24999945824050052, -28.28824096683820599 ) ) ;
#8264 = CYLINDRICAL_SURFACE ( 'NONE', #1522, 0.3999999999999767630 ) ;
#8265 = UNCERTAINTY_MEASURE_WITH_UNIT (LENGTH_MEASURE( 1.000000000000000082E-05 ), #1227, 'distance_accuracy_value', 'NONE');
#8266 = AXIS2_PLACEMENT_3D ( 'NONE', #4332, #200, #2545 ) ;
#8267 = EDGE_CURVE ( 'NONE', #5388, #2242, #6009, .T. ) ;
#8268 = DIRECTION ( 'NONE',  ( 1.000000000000000000, 0.000000000000000000, 0.000000000000000000 ) ) ;
#8269 = ORIENTED_EDGE ( 'NONE', *, *, #5612, .T. ) ;
#8270 = SURFACE_STYLE_FILL_AREA ( #1985 ) ;
#8271 = DIRECTION ( 'NONE',  ( 0.000000000000000000, 0.000000000000000000, 1.000000000000000000 ) ) ;
#8272 = UNCERTAINTY_MEASURE_WITH_UNIT (LENGTH_MEASURE( 1.000000000000000082E-05 ), #6634, 'distance_accuracy_value', 'NONE');
#8273 = CARTESIAN_POINT ( 'NONE',  ( 45.00000000000000000, 4.291478071613920697, -32.44053786992127897 ) ) ;
#8274 = UNCERTAINTY_MEASURE_WITH_UNIT (LENGTH_MEASURE( 1.000000000000000082E-05 ), #4108, 'distance_accuracy_value', 'NONE');
#8275 = VERTEX_POINT ( 'NONE', #9094 ) ;
#8276 = DIRECTION ( 'NONE',  ( 0.000000000000000000, 0.000000000000000000, 1.000000000000000000 ) ) ;
#8277 = FACE_OUTER_BOUND ( 'NONE', #3775, .T. ) ;
#8278 = ORIENTED_EDGE ( 'NONE', *, *, #3588, .F. ) ;
#8279 = VERTEX_POINT ( 'NONE', #4405 ) ;
#8280 = UNCERTAINTY_MEASURE_WITH_UNIT (LENGTH_MEASURE( 1.000000000000000082E-05 ), #6956, 'distance_accuracy_value', 'NONE');
#8281 = LINE ( 'NONE', #5193, #9237 ) ;
#8282 = EDGE_CURVE ( 'NONE', #1877, #3270, #9866, .T. ) ;
#8283 = FILL_AREA_STYLE_COLOUR ( '', #1982 ) ;
#8284 = CARTESIAN_POINT ( 'NONE',  ( -45.00000000000000000, 1.495826238655951990, -32.60999774788725603 ) ) ;
#8285 =( GEOMETRIC_REPRESENTATION_CONTEXT ( 3 ) GLOBAL_UNCERTAINTY_ASSIGNED_CONTEXT ( ( #6960 ) ) GLOBAL_UNIT_ASSIGNED_CONTEXT ( ( #5934, #9990, #2016 ) ) REPRESENTATION_CONTEXT ( 'NONE', 'WORKASPACE' ) );
#8286 = ORIENTED_EDGE ( 'NONE', *, *, #9435, .F. ) ;
#8287 =( NAMED_UNIT ( * ) PLANE_ANGLE_UNIT ( ) SI_UNIT ( $, .RADIAN. ) );
#8288 =( NAMED_UNIT ( * ) PLANE_ANGLE_UNIT ( ) SI_UNIT ( $, .RADIAN. ) );
#8289 = FILL_AREA_STYLE ('',( #6588 ) ) ;
#8290 = EDGE_CURVE ( 'NONE', #6528, #4090, #1943, .T. ) ;
#8291 = DIRECTION ( 'NONE',  ( 0.000000000000000000, 0.1736492263816077075, -0.9848075680949396338 ) ) ;
#8292 = LINE ( 'NONE', #2105, #7823 ) ;
#8293 =( GEOMETRIC_REPRESENTATION_CONTEXT ( 3 ) GLOBAL_UNCERTAINTY_ASSIGNED_CONTEXT ( ( #1587 ) ) GLOBAL_UNIT_ASSIGNED_CONTEXT ( ( #9664, #8168, #8058 ) ) REPRESENTATION_CONTEXT ( 'NONE', 'WORKASPACE' ) );
#8294 = ORIENTED_EDGE ( 'NONE', *, *, #8773, .F. ) ;
#8295 = PRESENTATION_LAYER_ASSIGNMENT (  '', '', ( #4000 ) ) ;
#8296 = VERTEX_POINT ( 'NONE', #2712 ) ;
#8297 = FACE_OUTER_BOUND ( 'NONE', #4592, .T. ) ;
#8298 = CARTESIAN_POINT ( 'NONE',  ( 45.00000000000000000, -9.575082125561905855, -33.00999827003273879 ) ) ;
#8299 = FACE_OUTER_BOUND ( 'NONE', #9268, .T. ) ;
#8300 = DIRECTION ( 'NONE',  ( -1.000000000000000000, -0.000000000000000000, -0.000000000000000000 ) ) ;
#8301 = EDGE_CURVE ( 'NONE', #2818, #3927, #4337, .T. ) ;
#8302 =( NAMED_UNIT ( * ) SI_UNIT ( $, .STERADIAN. ) SOLID_ANGLE_UNIT ( ) );
#8303 = VECTOR ( 'NONE', #6185, 999.9999999999998863 ) ;
#8304 = PRESENTATION_LAYER_ASSIGNMENT (  '', '', ( #7148 ) ) ;
#8305 = VERTEX_POINT ( 'NONE', #2926 ) ;
#8306 = VERTEX_POINT ( 'NONE', #5090 ) ;
#8307 = AXIS2_PLACEMENT_3D ( 'NONE', #1005, #271, #2757 ) ;
#8308 = SURFACE_STYLE_USAGE ( .BOTH. , #5165 ) ;
#8309 = STYLED_ITEM ( 'NONE', ( #6260 ), #5724 ) ;
#8310 = UNCERTAINTY_MEASURE_WITH_UNIT (LENGTH_MEASURE( 1.000000000000000082E-05 ), #1657, 'distance_accuracy_value', 'NONE');
#8311 =( NAMED_UNIT ( * ) SI_UNIT ( $, .STERADIAN. ) SOLID_ANGLE_UNIT ( ) );
#8312 = VECTOR ( 'NONE', #6794, 1000.000000000000114 ) ;
#8313 = COLOUR_RGB ( '',0.8980392156862745390, 0.9176470588235293713, 0.9294117647058823817 ) ;
#8314 = PLANE ( 'NONE',  #2432 ) ;
#8315 = MECHANICAL_DESIGN_GEOMETRIC_PRESENTATION_REPRESENTATION (  '', ( #9127 ), #5501 ) ;
#8316 = DIRECTION ( 'NONE',  ( -1.000000000000000000, -0.000000000000000000, -0.000000000000000000 ) ) ;
#8317 = AXIS2_PLACEMENT_3D ( 'NONE', #6763, #9113, #1192 ) ;
#8318 = SURFACE_STYLE_FILL_AREA ( #9902 ) ;
#8319 = FILL_AREA_STYLE_COLOUR ( '', #5938 ) ;
#8320 = DIRECTION ( 'NONE',  ( 0.000000000000000000, 1.000000000000000000, 0.000000000000000000 ) ) ;
#8321 = AXIS2_PLACEMENT_3D ( 'NONE', #8385, #6754, #1231 ) ;
#8322 = EDGE_CURVE ( 'NONE', #1370, #2859, #5238, .T. ) ;
#8323 = AXIS2_PLACEMENT_3D ( 'NONE', #2153, #8191, #9102 ) ;
#8324 = FILL_AREA_STYLE ('',( #3535 ) ) ;
#8325 =( GEOMETRIC_REPRESENTATION_CONTEXT ( 3 ) GLOBAL_UNCERTAINTY_ASSIGNED_CONTEXT ( ( #5894 ) ) GLOBAL_UNIT_ASSIGNED_CONTEXT ( ( #8645, #9633, #6287 ) ) REPRESENTATION_CONTEXT ( 'NONE', 'WORKASPACE' ) );
#8326 = PRESENTATION_LAYER_ASSIGNMENT (  '', '', ( #2401 ) ) ;
#8327 = CARTESIAN_POINT ( 'NONE',  ( 45.00000000000000000, -9.400134418011131032, -29.82752915061867682 ) ) ;
#8328 = EDGE_LOOP ( 'NONE', ( #3030, #1157, #2586, #4406 ) ) ;
#8329 = MECHANICAL_DESIGN_GEOMETRIC_PRESENTATION_REPRESENTATION (  '', ( #9952 ), #6012 ) ;
#8330 = LINE ( 'NONE', #582, #8668 ) ;
#8331 = COLOUR_RGB ( '',0.8980392156862745390, 0.9176470588235293713, 0.9294117647058823817 ) ;
#8332 = CIRCLE ( 'NONE', #6685, 0.3999999999996159405 ) ;
#8333 = ORIENTED_EDGE ( 'NONE', *, *, #5567, .T. ) ;
#8334 = CARTESIAN_POINT ( 'NONE',  ( 45.00000000000000000, 7.959231456415265527, 32.60999806117451527 ) ) ;
#8335 = EDGE_CURVE ( 'NONE', #7914, #3758, #2816, .T. ) ;
#8336 = VECTOR ( 'NONE', #3560, 1000.000000000000114 ) ;
#8337 = PRESENTATION_STYLE_ASSIGNMENT (( #7646 ) ) ;
#8338 = ORIENTED_EDGE ( 'NONE', *, *, #5066, .T. ) ;
#8339 = ORIENTED_EDGE ( 'NONE', *, *, #8982, .F. ) ;
#8340 = FILL_AREA_STYLE_COLOUR ( '', #5284 ) ;
#8341 =( NAMED_UNIT ( * ) PLANE_ANGLE_UNIT ( ) SI_UNIT ( $, .RADIAN. ) );
#8342 = PRESENTATION_LAYER_ASSIGNMENT (  '', '', ( #7333 ) ) ;
#8343 = LINE ( 'NONE', #9972, #1408 ) ;
#8344 = DIRECTION ( 'NONE',  ( 0.000000000000000000, -1.000000000000000000, 0.000000000000000000 ) ) ;
#8345 = STYLED_ITEM ( 'NONE', ( #7072 ), #4377 ) ;
#8346 = DIRECTION ( 'NONE',  ( 0.000000000000000000, -0.001255117832379196207, -0.9999992123393032228 ) ) ;
#8347 = EDGE_CURVE ( 'NONE', #3369, #1857, #5997, .T. ) ;
#8348 = ORIENTED_EDGE ( 'NONE', *, *, #8096, .F. ) ;
#8349 = SURFACE_SIDE_STYLE ('',( #2993 ) ) ;
#8350 = DIRECTION ( 'NONE',  ( 0.000000000000000000, -0.003648336929151434031, 0.9999933447966797839 ) ) ;
#8351 = PRESENTATION_LAYER_ASSIGNMENT (  '', '', ( #8830 ) ) ;
#8352 = ORIENTED_EDGE ( 'NONE', *, *, #6075, .F. ) ;
#8353 = DIRECTION ( 'NONE',  ( -0.000000000000000000, 0.1736492263815938297, 0.9848075680949420763 ) ) ;
#8354 = SURFACE_SIDE_STYLE ('',( #9277 ) ) ;
#8355 = CARTESIAN_POINT ( 'NONE',  ( 45.00000000000000000, -3.111676294411882981, -33.00999785231632444 ) ) ;
#8356 = VERTEX_POINT ( 'NONE', #5289 ) ;
#8357 = ORIENTED_EDGE ( 'NONE', *, *, #5308, .F. ) ;
#8358 = EDGE_CURVE ( 'NONE', #2022, #9193, #5858, .T. ) ;
#8359 = SURFACE_SIDE_STYLE ('',( #6719 ) ) ;
#8360 = DIRECTION ( 'NONE',  ( 0.000000000000000000, -0.1736483871528286260, 0.9848077160741690594 ) ) ;
#8361 = ORIENTED_EDGE ( 'NONE', *, *, #8220, .T. ) ;
#8362 = FACE_OUTER_BOUND ( 'NONE', #6812, .T. ) ;
#8363 = CIRCLE ( 'NONE', #9190, 0.4000000000000253353 ) ;
#8364 = STYLED_ITEM ( 'NONE', ( #3127 ), #8420 ) ;
#8365 = FILL_AREA_STYLE_COLOUR ( '', #7706 ) ;
#8366 = EDGE_LOOP ( 'NONE', ( #7778, #6581, #9761, #6135 ) ) ;
#8367 = FACE_OUTER_BOUND ( 'NONE', #512, .T. ) ;
#8368 = CARTESIAN_POINT ( 'NONE',  ( 45.00000000000000000, 10.25118675190273976, -32.44053828763770753 ) ) ;
#8369 = EDGE_CURVE ( 'NONE', #550, #409, #8372, .T. ) ;
#8370 = VERTEX_POINT ( 'NONE', #3549 ) ;
#8371 = CARTESIAN_POINT ( 'NONE',  ( 45.00000000000000000, -9.815134150403094893, -32.60999835901125010 ) ) ;
#8372 = LINE ( 'NONE', #5187, #2371 ) ;
#8373 = ORIENTED_EDGE ( 'NONE', *, *, #5331, .F. ) ;
#8374 = STYLED_ITEM ( 'NONE', ( #9833 ), #1412 ) ;
#8375 = ORIENTED_EDGE ( 'NONE', *, *, #8890, .F. ) ;
#8376 = UNCERTAINTY_MEASURE_WITH_UNIT (LENGTH_MEASURE( 1.000000000000000082E-05 ), #3302, 'distance_accuracy_value', 'NONE');
#8377 = PRESENTATION_STYLE_ASSIGNMENT (( #6112 ) ) ;
#8378 = AXIS2_PLACEMENT_3D ( 'NONE', #7687, #621, #2795 ) ;
#8379 = EDGE_LOOP ( 'NONE', ( #9615, #3999, #5124, #2831 ) ) ;
#8380 = EDGE_CURVE ( 'NONE', #4129, #77, #5909, .T. ) ;
#8381 =( NAMED_UNIT ( * ) PLANE_ANGLE_UNIT ( ) SI_UNIT ( $, .RADIAN. ) );
#8382 = CARTESIAN_POINT ( 'NONE',  ( 45.00000000000000000, 2.675626613826413980, -32.44053776549218071 ) ) ;
#8383 = FILL_AREA_STYLE_COLOUR ( '', #418 ) ;
#8384 = LINE ( 'NONE', #6807, #9308 ) ;
#8385 = CARTESIAN_POINT ( 'NONE',  ( -45.00000000000000000, -11.89937286954925533, 28.68732924143479934 ) ) ;
#8386 = MECHANICAL_DESIGN_GEOMETRIC_PRESENTATION_REPRESENTATION (  '', ( #6256 ), #5756 ) ;
#8387 = VERTEX_POINT ( 'NONE', #8996 ) ;
#8388 =( LENGTH_UNIT ( ) NAMED_UNIT ( * ) SI_UNIT ( .MILLI., .METRE. ) );
#8389 = CARTESIAN_POINT ( 'NONE',  ( -45.00000000000000000, 7.565308983376330509, -32.67945752046476571 ) ) ;
#8390 = COLOUR_RGB ( '',0.8980392156862745390, 0.9176470588235293713, 0.9294117647058823817 ) ;
#8391 = FACE_OUTER_BOUND ( 'NONE', #9431, .T. ) ;
#8392 = EDGE_CURVE ( 'NONE', #4815, #8463, #484, .T. ) ;
#8393 = EDGE_LOOP ( 'NONE', ( #7303, #9179, #8806, #4438 ) ) ;
#8394 = DIRECTION ( 'NONE',  ( -0.000000000000000000, -1.000000000000000000, -0.000000000000000000 ) ) ;
#8395 = LINE ( 'NONE', #351, #4904 ) ;
#8396 = PRESENTATION_LAYER_ASSIGNMENT (  '', '', ( #9554 ) ) ;
#8397 = AXIS2_PLACEMENT_3D ( 'NONE', #2972, #8514, #4507 ) ;
#8398 = FILL_AREA_STYLE_COLOUR ( '', #3868 ) ;
#8399 = ORIENTED_EDGE ( 'NONE', *, *, #7154, .F. ) ;
#8400 = ORIENTED_EDGE ( 'NONE', *, *, #2905, .F. ) ;
#8401 = VECTOR ( 'NONE', #395, 1000.000000000000000 ) ;
#8402 = VECTOR ( 'NONE', #10066, 1000.000000000000000 ) ;
#8403 = EDGE_LOOP ( 'NONE', ( #8012, #9539, #5415, #3565 ) ) ;
#8404 = CARTESIAN_POINT ( 'NONE',  ( 45.00000000000000000, -5.907328127369614990, 32.44053797435041275 ) ) ;
#8405 = ADVANCED_FACE ( 'NONE', ( #6742 ), #1322, .F. ) ;
#8406 = DIRECTION ( 'NONE',  ( 0.000000000000000000, 0.000000000000000000, -1.000000000000000000 ) ) ;
#8407 =( LENGTH_UNIT ( ) NAMED_UNIT ( * ) SI_UNIT ( .MILLI., .METRE. ) );
#8408 = ORIENTED_EDGE ( 'NONE', *, *, #9725, .T. ) ;
#8409 = VECTOR ( 'NONE', #1430, 1000.000000000000000 ) ;
#8410 = CYLINDRICAL_SURFACE ( 'NONE', #7718, 0.3999999110189667029 ) ;
#8411 = EDGE_CURVE ( 'NONE', #1857, #7829, #5480, .T. ) ;
#8412 = FACE_OUTER_BOUND ( 'NONE', #8106, .T. ) ;
#8413 = UNCERTAINTY_MEASURE_WITH_UNIT (LENGTH_MEASURE( 1.000000000000000082E-05 ), #1301, 'distance_accuracy_value', 'NONE');
#8414 = PLANE ( 'NONE',  #2775 ) ;
#8415 = ORIENTED_EDGE ( 'NONE', *, *, #10113, .F. ) ;
#8416 = DIRECTION ( 'NONE',  ( 1.000000000000000000, 0.000000000000000000, 0.000000000000000000 ) ) ;
#8417 = DIRECTION ( 'NONE',  ( -0.000000000000000000, 0.000000000000000000, 1.000000000000000000 ) ) ;
#8418 = LINE ( 'NONE', #3777, #5056 ) ;
#8419 = EDGE_LOOP ( 'NONE', ( #1011, #3100, #8357, #7518 ) ) ;
#8420 = ADVANCED_FACE ( 'NONE', ( #4769 ), #6946, .F. ) ;
#8421 = DIRECTION ( 'NONE',  ( 0.000000000000000000, -0.1736492263816335757, 0.9848075680949350819 ) ) ;
#8422 = DIRECTION ( 'NONE',  ( -0.000000000000000000, 0.1736492263816519499, 0.9848075680949317512 ) ) ;
#8423 = ORIENTED_EDGE ( 'NONE', *, *, #7209, .T. ) ;
#8424 = ORIENTED_EDGE ( 'NONE', *, *, #6137, .F. ) ;
#8425 = SURFACE_SIDE_STYLE ('',( #2191 ) ) ;
#8426 = CARTESIAN_POINT ( 'NONE',  ( 45.00000000000000000, -11.41902514096136478, -28.28824078050312707 ) ) ;
#8427 = LINE ( 'NONE', #9411, #2544 ) ;
#8428 = DIRECTION ( 'NONE',  ( -1.000000000000000000, -0.000000000000000000, -0.000000000000000000 ) ) ;
#8429 = FILL_AREA_STYLE ('',( #6117 ) ) ;
#8430 = CARTESIAN_POINT ( 'NONE',  ( -45.00000000000000000, -6.980134752671422582, -29.07000003054213622 ) ) ;
#8431 =( LENGTH_UNIT ( ) NAMED_UNIT ( * ) SI_UNIT ( .MILLI., .METRE. ) );
#8432 =( NAMED_UNIT ( * ) SI_UNIT ( $, .STERADIAN. ) SOLID_ANGLE_UNIT ( ) );
#8433 = DIRECTION ( 'NONE',  ( 1.000000000000000000, 0.000000000000000000, 0.000000000000000000 ) ) ;
#8434 = ORIENTED_EDGE ( 'NONE', *, *, #5863, .F. ) ;
#8435 = EDGE_CURVE ( 'NONE', #8448, #7637, #636, .T. ) ;
#8436 = DIRECTION ( 'NONE',  ( 0.000000000000000000, -1.000000000000000000, 0.000000000000000000 ) ) ;
#8437 = DIRECTION ( 'NONE',  ( -1.000000000000000000, -0.000000000000000000, -0.000000000000000000 ) ) ;
#8438 =( LENGTH_UNIT ( ) NAMED_UNIT ( * ) SI_UNIT ( .MILLI., .METRE. ) );
#8439 = ORIENTED_EDGE ( 'NONE', *, *, #78, .T. ) ;
#8440 =( NAMED_UNIT ( * ) SI_UNIT ( $, .STERADIAN. ) SOLID_ANGLE_UNIT ( ) );
#8441 = DIRECTION ( 'NONE',  ( -0.000000000000000000, -0.1736463975343387478, 0.9848080668959543482 ) ) ;
#8442 = DIRECTION ( 'NONE',  ( -0.000000000000000000, 0.1736492263816519499, 0.9848075680949317512 ) ) ;
#8443 = AXIS2_PLACEMENT_3D ( 'NONE', #1261, #2179, #9136 ) ;
#8444 = LINE ( 'NONE', #9891, #1562 ) ;
#8445 = SURFACE_STYLE_USAGE ( .BOTH. , #9177 ) ;
#8446 = PRESENTATION_STYLE_ASSIGNMENT (( #5264 ) ) ;
#8447 = ORIENTED_EDGE ( 'NONE', *, *, #2312, .F. ) ;
#8448 = VERTEX_POINT ( 'NONE', #2187 ) ;
#8449 = EDGE_CURVE ( 'NONE', #3884, #7575, #4722, .T. ) ;
#8450 = ORIENTED_EDGE ( 'NONE', *, *, #7474, .T. ) ;
#8451 = CARTESIAN_POINT ( 'NONE',  ( 45.00000000000000000, -6.980134752671422582, -29.07000003054213622 ) ) ;
#8452 =( LENGTH_UNIT ( ) NAMED_UNIT ( * ) SI_UNIT ( .MILLI., .METRE. ) );
#8453 = LINE ( 'NONE', #1405, #7196 ) ;
#8454 =( GEOMETRIC_REPRESENTATION_CONTEXT ( 3 ) GLOBAL_UNCERTAINTY_ASSIGNED_CONTEXT ( ( #9086 ) ) GLOBAL_UNIT_ASSIGNED_CONTEXT ( ( #2704, #1461, #7505 ) ) REPRESENTATION_CONTEXT ( 'NONE', 'WORKASPACE' ) );
#8455 = CARTESIAN_POINT ( 'NONE',  ( 45.00000000000000000, 1.735878263497144580, -32.60999783686574460 ) ) ;
#8456 = EDGE_CURVE ( 'NONE', #6884, #6266, #7700, .T. ) ;
#8457 = AXIS2_PLACEMENT_3D ( 'NONE', #5535, #1618, #1327 ) ;
#8458 = MECHANICAL_DESIGN_GEOMETRIC_PRESENTATION_REPRESENTATION (  '', ( #4162 ), #8949 ) ;
#8459 = CIRCLE ( 'NONE', #8793, 0.3999999110189597640 ) ;
#8460 = AXIS2_PLACEMENT_3D ( 'NONE', #2786, #4383, #611 ) ;
#8461 = LINE ( 'NONE', #6208, #3756 ) ;
#8462 =( GEOMETRIC_REPRESENTATION_CONTEXT ( 3 ) GLOBAL_UNCERTAINTY_ASSIGNED_CONTEXT ( ( #6728 ) ) GLOBAL_UNIT_ASSIGNED_CONTEXT ( ( #4746, #3316, #10192 ) ) REPRESENTATION_CONTEXT ( 'NONE', 'WORKASPACE' ) );
#8463 = VERTEX_POINT ( 'NONE', #1623 ) ;
#8464 = DIRECTION ( 'NONE',  ( 1.000000000000000000, 0.000000000000000000, 0.000000000000000000 ) ) ;
#8465 = EDGE_CURVE ( 'NONE', #2022, #4292, #2975, .T. ) ;
#8466 = SURFACE_SIDE_STYLE ('',( #10006 ) ) ;
#8467 = CARTESIAN_POINT ( 'NONE',  ( -45.00000000000000000, -9.575082125561905855, -33.00999827003273168 ) ) ;
#8468 = AXIS2_PLACEMENT_3D ( 'NONE', #1054, #10135, #944 ) ;
#8469 = ORIENTED_EDGE ( 'NONE', *, *, #3903, .T. ) ;
#8470 = VECTOR ( 'NONE', #4368, 1000.000000000000000 ) ;
#8471 = PRESENTATION_STYLE_ASSIGNMENT (( #7039 ) ) ;
#8472 = AXIS2_PLACEMENT_3D ( 'NONE', #645, #2878, #5972 ) ;
#8473 = ORIENTED_EDGE ( 'NONE', *, *, #2137, .T. ) ;
#8474 = MECHANICAL_DESIGN_GEOMETRIC_PRESENTATION_REPRESENTATION (  '', ( #5852 ), #2074 ) ;
#8475 = UNCERTAINTY_MEASURE_WITH_UNIT (LENGTH_MEASURE( 1.000000000000000082E-05 ), #10140, 'distance_accuracy_value', 'NONE');
#8476 = LINE ( 'NONE', #5294, #4272 ) ;
#8477 = VECTOR ( 'NONE', #6187, 1000.000000000000000 ) ;
#8478 = VECTOR ( 'NONE', #2091, 1000.000000000000114 ) ;
#8479 = EDGE_CURVE ( 'NONE', #1930, #6195, #9690, .T. ) ;
#8480 = DIRECTION ( 'NONE',  ( 1.000000000000000000, 0.000000000000000000, 0.000000000000000000 ) ) ;
#8481 = STYLED_ITEM ( 'NONE', ( #282 ), #6453 ) ;
#8482 = DIRECTION ( 'NONE',  ( 0.000000000000000000, 0.000000000000000000, 1.000000000000000000 ) ) ;
#8483 = PLANE ( 'NONE',  #3021 ) ;
#8484 = LINE ( 'NONE', #2264, #5489 ) ;
#8485 = VERTEX_POINT ( 'NONE', #5540 ) ;
#8486 = UNCERTAINTY_MEASURE_WITH_UNIT (LENGTH_MEASURE( 1.000000000000000082E-05 ), #3596, 'distance_accuracy_value', 'NONE');
#8487 =( LENGTH_UNIT ( ) NAMED_UNIT ( * ) SI_UNIT ( .MILLI., .METRE. ) );
#8488 =( LENGTH_UNIT ( ) NAMED_UNIT ( * ) SI_UNIT ( .MILLI., .METRE. ) );
#8489 = FACE_OUTER_BOUND ( 'NONE', #8948, .T. ) ;
#8490 = STYLED_ITEM ( 'NONE', ( #2555 ), #6793 ) ;
#8491 = VERTEX_POINT ( 'NONE', #7907 ) ;
#8492 = CARTESIAN_POINT ( 'NONE',  ( -45.00000000000000000, 7.959231456415265527, 33.00999806117455648 ) ) ;
#8493 = DIRECTION ( 'NONE',  ( -1.000000000000000000, -0.000000000000000000, -0.000000000000000000 ) ) ;
#8494 = PLANE ( 'NONE',  #2549 ) ;
#8495 = ADVANCED_FACE ( 'NONE', ( #3882 ), #1523, .F. ) ;
#8496 = DIRECTION ( 'NONE',  ( 0.000000000000000000, 0.000000000000000000, 1.000000000000000000 ) ) ;
#8497 = VERTEX_POINT ( 'NONE', #4174 ) ;
#8498 = VERTEX_POINT ( 'NONE', #3230 ) ;
#8499 = CARTESIAN_POINT ( 'NONE',  ( -45.00000000000000000, -5.361502716646636912, 32.67945772082464373 ) ) ;
#8500 = ORIENTED_EDGE ( 'NONE', *, *, #7329, .F. ) ;
#8501 = CARTESIAN_POINT ( 'NONE',  ( -45.00000000000000000, -5.949456123556981169, 32.67945741603561771 ) ) ;
#8502 = FILL_AREA_STYLE ('',( #1458 ) ) ;
#8503 = DIRECTION ( 'NONE',  ( -1.000000000000000000, -0.000000000000000000, -0.000000000000000000 ) ) ;
#8504 = ADVANCED_FACE ( 'NONE', ( #893 ), #7231, .T. ) ;
#8505 = UNCERTAINTY_MEASURE_WITH_UNIT (LENGTH_MEASURE( 1.000000000000000082E-05 ), #7973, 'distance_accuracy_value', 'NONE');
#8506 = ORIENTED_EDGE ( 'NONE', *, *, #6725, .T. ) ;
#8507 = LINE ( 'NONE', #6724, #475 ) ;
#8508 =( NAMED_UNIT ( * ) PLANE_ANGLE_UNIT ( ) SI_UNIT ( $, .RADIAN. ) );
#8509 = UNCERTAINTY_MEASURE_WITH_UNIT (LENGTH_MEASURE( 1.000000000000000082E-05 ), #4465, 'distance_accuracy_value', 'NONE');
#8510 = ORIENTED_EDGE ( 'NONE', *, *, #1163, .T. ) ;
#8511 = LINE ( 'NONE', #2590, #5549 ) ;
#8512 = DIRECTION ( 'NONE',  ( -1.000000000000000000, -0.000000000000000000, -0.000000000000000000 ) ) ;
#8513 = EDGE_CURVE ( 'NONE', #1035, #9281, #4075, .T. ) ;
#8514 = DIRECTION ( 'NONE',  ( 0.000000000000000000, -0.9848075680949397448, 0.1736492263816077075 ) ) ;
#8515 = CARTESIAN_POINT ( 'NONE',  ( 45.00000000000000000, 9.900134291210605397, -29.72753004611363892 ) ) ;
#8516 = SURFACE_STYLE_FILL_AREA ( #4617 ) ;
#8517 = FACE_OUTER_BOUND ( 'NONE', #3893, .T. ) ;
#8518 = ORIENTED_EDGE ( 'NONE', *, *, #3602, .T. ) ;
#8519 = ORIENTED_EDGE ( 'NONE', *, *, #2620, .F. ) ;
#8520 = LINE ( 'NONE', #9420, #6927 ) ;
#8521 = VECTOR ( 'NONE', #579, 1000.000000000000227 ) ;
#8522 =( GEOMETRIC_REPRESENTATION_CONTEXT ( 3 ) GLOBAL_UNCERTAINTY_ASSIGNED_CONTEXT ( ( #2820 ) ) GLOBAL_UNIT_ASSIGNED_CONTEXT ( ( #5733, #3437, #6669 ) ) REPRESENTATION_CONTEXT ( 'NONE', 'WORKASPACE' ) );
#8523 = CARTESIAN_POINT ( 'NONE',  ( 45.00000000000000000, 2.717754610013809469, -32.67945720717746383 ) ) ;
#8524 = FACE_OUTER_BOUND ( 'NONE', #2465, .T. ) ;
#8525 = CARTESIAN_POINT ( 'NONE',  ( -45.00000000000000000, -9.575082125561817037, 33.00999827003279563 ) ) ;
#8526 = CARTESIAN_POINT ( 'NONE',  ( 45.00000000000000000, -11.30013452603984092, 31.08641800985719073 ) ) ;
#8527 = SURFACE_SIDE_STYLE ('',( #5397 ) ) ;
#8528 = STYLED_ITEM ( 'NONE', ( #9328 ), #1477 ) ;
#8529 =( LENGTH_UNIT ( ) NAMED_UNIT ( * ) SI_UNIT ( .MILLI., .METRE. ) );
#8530 = EDGE_CURVE ( 'NONE', #2674, #5305, #3440, .T. ) ;
#8531 = ORIENTED_EDGE ( 'NONE', *, *, #746, .T. ) ;
#8532 = CARTESIAN_POINT ( 'NONE',  ( 45.00000000000000000, 4.291478071613920697, -32.44053786992127897 ) ) ;
#8533 = LINE ( 'NONE', #3989, #4469 ) ;
#8534 = MECHANICAL_DESIGN_GEOMETRIC_PRESENTATION_REPRESENTATION (  '', ( #10017 ), #7220 ) ;
#8535 = FILL_AREA_STYLE ('',( #6333 ) ) ;
#8536 = SURFACE_SIDE_STYLE ('',( #2941 ) ) ;
#8537 = VERTEX_POINT ( 'NONE', #159 ) ;
#8538 = LINE ( 'NONE', #5405, #1885 ) ;
#8539 = AXIS2_PLACEMENT_3D ( 'NONE', #5654, #3991, #4678 ) ;
#8540 = DIRECTION ( 'NONE',  ( -1.000000000000000000, -0.000000000000000000, -0.000000000000000000 ) ) ;
#8541 = VECTOR ( 'NONE', #9864, 1000.000000000000000 ) ;
#8542 = DIRECTION ( 'NONE',  ( 0.000000000000000000, -0.1736492263815952453, -0.9848075680949418542 ) ) ;
#8543 = DIRECTION ( 'NONE',  ( 0.000000000000000000, 0.000000000000000000, 1.000000000000000000 ) ) ;
#8544 = DIRECTION ( 'NONE',  ( 0.000000000000000000, 0.000000000000000000, -1.000000000000000000 ) ) ;
#8545 = ORIENTED_EDGE ( 'NONE', *, *, #4096, .T. ) ;
#8546 = VERTEX_POINT ( 'NONE', #2548 ) ;
#8547 =( GEOMETRIC_REPRESENTATION_CONTEXT ( 3 ) GLOBAL_UNCERTAINTY_ASSIGNED_CONTEXT ( ( #7497 ) ) GLOBAL_UNIT_ASSIGNED_CONTEXT ( ( #957, #4093, #3410 ) ) REPRESENTATION_CONTEXT ( 'NONE', 'WORKASPACE' ) );
#8548 =( NAMED_UNIT ( * ) SI_UNIT ( $, .STERADIAN. ) SOLID_ANGLE_UNIT ( ) );
#8549 = ORIENTED_EDGE ( 'NONE', *, *, #3987, .F. ) ;
#8550 = ADVANCED_FACE ( 'NONE', ( #5687 ), #3278, .T. ) ;
#8551 = CARTESIAN_POINT ( 'NONE',  ( 45.00000000000000000, 12.39937337404180617, 28.68732904992611665 ) ) ;
#8552 = VECTOR ( 'NONE', #8123, 1000.000000000000000 ) ;
#8553 = CARTESIAN_POINT ( 'NONE',  ( -45.00000000000000000, -4.333604665769748898, -32.67945731160656919 ) ) ;
#8554 =( LENGTH_UNIT ( ) NAMED_UNIT ( * ) SI_UNIT ( .MILLI., .METRE. ) );
#8555 = LINE ( 'NONE', #2336, #8130 ) ;
#8556 = DIRECTION ( 'NONE',  ( 0.000000000000000000, -1.000000000000000000, 0.000000000000000000 ) ) ;
#8557 = ORIENTED_EDGE ( 'NONE', *, *, #1663, .F. ) ;
#8558 = VECTOR ( 'NONE', #7731, 1000.000000000000000 ) ;
#8560 = STYLED_ITEM ( 'NONE', ( #4757 ), #1082 ) ;
#8559 = PRESENTATION_LAYER_ASSIGNMENT (  '', '', ( #496 ) ) ;
#8561 = DIRECTION ( 'NONE',  ( 0.000000000000000000, -0.1736483871527950140, 0.9848077160741750546 ) ) ;
#8562 =( NAMED_UNIT ( * ) SI_UNIT ( $, .STERADIAN. ) SOLID_ANGLE_UNIT ( ) );
#8563 = DIRECTION ( 'NONE',  ( -0.000000000000000000, -0.1736483871527396416, 0.9848077160741849356 ) ) ;
#8564 = ORIENTED_EDGE ( 'NONE', *, *, #2274, .F. ) ;
#8565 = VECTOR ( 'NONE', #3428, 1000.000000000000000 ) ;
#8566 = CARTESIAN_POINT ( 'NONE',  ( 45.00000000000000000, 10.25118613851211791, 32.44053818320866611 ) ) ;
#8568 = PRESENTATION_LAYER_ASSIGNMENT (  '', '', ( #7581 ) ) ;
#8567 = CIRCLE ( 'NONE', #5159, 0.1999999999999953204 ) ;
#8569 =( NAMED_UNIT ( * ) PLANE_ANGLE_UNIT ( ) SI_UNIT ( $, .RADIAN. ) );
#8570 = AXIS2_PLACEMENT_3D ( 'NONE', #5443, #15, #3132 ) ;
#8571 = CARTESIAN_POINT ( 'NONE',  ( 45.00000000000000000, -7.565307581344757892, -32.67945752046476571 ) ) ;
#8572 = FILL_AREA_STYLE ('',( #4456 ) ) ;
#8573 = PRESENTATION_STYLE_ASSIGNMENT (( #9358 ) ) ;
#8574 = STYLED_ITEM ( 'NONE', ( #8952 ), #661 ) ;
#8575 = DIRECTION ( 'NONE',  ( -0.000000000000000000, 1.000000000000000000, 5.594078007237044251E-17 ) ) ;
#8576 = EDGE_CURVE ( 'NONE', #9281, #4665, #4067, .T. ) ;
#8577 = VERTEX_POINT ( 'NONE', #4229 ) ;
#8578 = ORIENTED_EDGE ( 'NONE', *, *, #6015, .T. ) ;
#8579 =( NAMED_UNIT ( * ) SI_UNIT ( $, .STERADIAN. ) SOLID_ANGLE_UNIT ( ) );
#8580 = CARTESIAN_POINT ( 'NONE',  ( -45.00000000000000000, -2.717753207982234187, -32.67945720717744251 ) ) ;
#8581 = VERTEX_POINT ( 'NONE', #8984 ) ;
#8582 = CARTESIAN_POINT ( 'NONE',  ( 45.00000000000000000, 6.977354963077685213, 32.67945772082510558 ) ) ;
#8583 = SURFACE_STYLE_USAGE ( .BOTH. , #10127 ) ;
#8584 = DIRECTION ( 'NONE',  ( -1.000000000000000000, -0.000000000000000000, -0.000000000000000000 ) ) ;
#8585 = PRESENTATION_STYLE_ASSIGNMENT (( #10129 ) ) ;
#8586 = LINE ( 'NONE', #1533, #7805 ) ;
#8587 = ORIENTED_EDGE ( 'NONE', *, *, #3987, .T. ) ;
#8588 = EDGE_CURVE ( 'NONE', #3469, #3004, #5076, .T. ) ;
#8589 = UNCERTAINTY_MEASURE_WITH_UNIT (LENGTH_MEASURE( 1.000000000000000082E-05 ), #9232, 'distance_accuracy_value', 'NONE');
#8590 = CARTESIAN_POINT ( 'NONE',  ( 45.00000000000000000, -9.139031042944855798, -32.44053818320858085 ) ) ;
#8591 = EDGE_CURVE ( 'NONE', #4315, #3026, #10164, .T. ) ;
#8592 = CYLINDRICAL_SURFACE ( 'NONE', #4866, 0.1999999999999918510 ) ;
#8593 = ORIENTED_EDGE ( 'NONE', *, *, #3413, .F. ) ;
#8594 = ORIENTED_EDGE ( 'NONE', *, *, #7240, .F. ) ;
#8595 = LINE ( 'NONE', #2480, #139 ) ;
#8596 = ORIENTED_EDGE ( 'NONE', *, *, #8513, .F. ) ;
#8597 = CYLINDRICAL_SURFACE ( 'NONE', #6900, 0.3999999999999767630 ) ;
#8598 = ORIENTED_EDGE ( 'NONE', *, *, #9499, .F. ) ;
#8599 = DIRECTION ( 'NONE',  ( -1.000000000000000000, -0.000000000000000000, -0.000000000000000000 ) ) ;
#8600 = COLOUR_RGB ( '',0.8980392156862745390, 0.9176470588235293713, 0.9294117647058823817 ) ;
#8601 = ADVANCED_FACE ( 'NONE', ( #1107 ), #314, .T. ) ;
#8602 = DIRECTION ( 'NONE',  ( 0.000000000000000000, -1.000000000000000000, 0.000000000000000000 ) ) ;
#8603 = CYLINDRICAL_SURFACE ( 'NONE', #9636, 0.4000000000000253353 ) ;
#8604 = UNCERTAINTY_MEASURE_WITH_UNIT (LENGTH_MEASURE( 1.000000000000000082E-05 ), #7873, 'distance_accuracy_value', 'NONE');
#8605 = DIRECTION ( 'NONE',  ( -1.000000000000000000, -0.000000000000000000, -0.000000000000000000 ) ) ;
#8606 = ORIENTED_EDGE ( 'NONE', *, *, #9543, .T. ) ;
#8607 = ORIENTED_EDGE ( 'NONE', *, *, #6619, .F. ) ;
#8608 = DIRECTION ( 'NONE',  ( 0.000000000000000000, 0.000000000000000000, 1.000000000000000000 ) ) ;
#8609 = VERTEX_POINT ( 'NONE', #2262 ) ;
#8610 = MECHANICAL_DESIGN_GEOMETRIC_PRESENTATION_REPRESENTATION (  '', ( #882 ), #6825 ) ;
#8611 = LINE ( 'NONE', #7855, #7352 ) ;
#8612 = VECTOR ( 'NONE', #4041, 1000.000000000000000 ) ;
#8613 = CARTESIAN_POINT ( 'NONE',  ( 45.00000000000000000, 4.967581179072156239, -32.60999804572395533 ) ) ;
#8614 = DIRECTION ( 'NONE',  ( 0.000000000000000000, 0.9999999999999898970, 1.419707713996622103E-07 ) ) ;
#8615 = DIRECTION ( 'NONE',  ( 0.000000000000000000, -0.1736492263815903325, 0.9848075680949426314 ) ) ;
#8616 = EDGE_CURVE ( 'NONE', #1787, #2859, #1584, .T. ) ;
#8617 = STYLED_ITEM ( 'NONE', ( #3422 ), #2776 ) ;
#8618 = STYLED_ITEM ( 'NONE', ( #3972 ), #7800 ) ;
#8619 = VERTEX_POINT ( 'NONE', #5492 ) ;
#8620 = STYLED_ITEM ( 'NONE', ( #4154 ), #3651 ) ;
#8621 = ORIENTED_EDGE ( 'NONE', *, *, #502, .F. ) ;
#8622 = EDGE_LOOP ( 'NONE', ( #8641, #4729, #7977, #9847 ) ) ;
#8623 = LINE ( 'NONE', #4625, #2493 ) ;
#8624 = CIRCLE ( 'NONE', #7812, 0.7199711365119231266 ) ;
#8625 = VECTOR ( 'NONE', #6277, 1000.000000000000114 ) ;
#8626 = DIRECTION ( 'NONE',  ( -1.000000000000000000, -0.000000000000000000, -0.000000000000000000 ) ) ;
#8627 = PRESENTATION_STYLE_ASSIGNMENT (( #1376 ) ) ;
#8628 = EDGE_CURVE ( 'NONE', #697, #9696, #2956, .T. ) ;
#8629 = VECTOR ( 'NONE', #341, 1000.000000000000114 ) ;
#8630 = CARTESIAN_POINT ( 'NONE',  ( 45.00000000000000000, -7.959230667774255252, 33.00999816560367606 ) ) ;
#8631 = DIRECTION ( 'NONE',  ( 0.000000000000000000, 0.000000000000000000, -1.000000000000000000 ) ) ;
#8632 = DIRECTION ( 'NONE',  ( 0.000000000000000000, 0.000000000000000000, -1.000000000000000000 ) ) ;
#8633 = AXIS2_PLACEMENT_3D ( 'NONE', #4684, #7059, #5360 ) ;
#8634 = CYLINDRICAL_SURFACE ( 'NONE', #9927, 0.3999999999999767630 ) ;
#8635 = ORIENTED_EDGE ( 'NONE', *, *, #7023, .T. ) ;
#8636 = VECTOR ( 'NONE', #9267, 1000.000000000000000 ) ;
#8637 = AXIS2_PLACEMENT_3D ( 'NONE', #962, #2621, #133 ) ;
#8638 = DIRECTION ( 'NONE',  ( 0.000000000000000000, 0.000000000000000000, -1.000000000000000000 ) ) ;
#8639 = SURFACE_STYLE_FILL_AREA ( #4676 ) ;
#8640 = DIRECTION ( 'NONE',  ( -0.000000000000000000, -1.000000000000000000, -0.000000000000000000 ) ) ;
#8641 = ORIENTED_EDGE ( 'NONE', *, *, #4816, .T. ) ;
#8642 = PRESENTATION_STYLE_ASSIGNMENT (( #2271 ) ) ;
#8643 = PRESENTATION_LAYER_ASSIGNMENT (  '', '', ( #3412 ) ) ;
#8644 = AXIS2_PLACEMENT_3D ( 'NONE', #10032, #6233, #6337 ) ;
#8645 =( LENGTH_UNIT ( ) NAMED_UNIT ( * ) SI_UNIT ( .MILLI., .METRE. ) );
#8646 = ADVANCED_FACE ( 'NONE', ( #801 ), #10174, .T. ) ;
#8647 = DIRECTION ( 'NONE',  ( 0.000000000000000000, 0.000000000000000000, 1.000000000000000000 ) ) ;
#8648 = EDGE_CURVE ( 'NONE', #3492, #10187, #9367, .T. ) ;
#8649 = FILL_AREA_STYLE_COLOUR ( '', #2709 ) ;
#8650 = EDGE_LOOP ( 'NONE', ( #5080, #4231, #1209, #9152 ) ) ;
#8651 = CIRCLE ( 'NONE', #6696, 1.000000000000028644 ) ;
#8652 = FILL_AREA_STYLE_COLOUR ( '', #8390 ) ;
#8653 = ORIENTED_EDGE ( 'NONE', *, *, #60, .F. ) ;
#8654 = SURFACE_STYLE_FILL_AREA ( #1650 ) ;
#8655 = CARTESIAN_POINT ( 'NONE',  ( 45.00000000000000000, -11.43098560819059450, -32.60999846344035547 ) ) ;
#8656 = DIRECTION ( 'NONE',  ( 0.000000000000000000, 0.000000000000000000, 1.000000000000000000 ) ) ;
#8657 = SURFACE_SIDE_STYLE ('',( #3205 ) ) ;
#8658 = MECHANICAL_DESIGN_GEOMETRIC_PRESENTATION_REPRESENTATION (  '', ( #4204 ), #7976 ) ;
#8659 = FACE_OUTER_BOUND ( 'NONE', #6702, .T. ) ;
#8660 = ORIENTED_EDGE ( 'NONE', *, *, #5846, .F. ) ;
#8661 = ORIENTED_EDGE ( 'NONE', *, *, #6882, .F. ) ;
#8662 = DIRECTION ( 'NONE',  ( 0.000000000000000000, 0.000000000000000000, -1.000000000000000000 ) ) ;
#8663 = CARTESIAN_POINT ( 'NONE',  ( 45.00000000000000000, 11.86703820969024292, -32.44053839206681289 ) ) ;
#8664 = EDGE_CURVE ( 'NONE', #9712, #1247, #9266, .T. ) ;
#8665 = CARTESIAN_POINT ( 'NONE',  ( 45.00000000000000000, -11.40137854245792148, -29.09155672596894604 ) ) ;
#8666 = ORIENTED_EDGE ( 'NONE', *, *, #6836, .T. ) ;
#8667 = DIRECTION ( 'NONE',  ( -1.000000000000000000, -0.000000000000000000, -0.000000000000000000 ) ) ;
#8668 = VECTOR ( 'NONE', #7543, 1000.000000000000000 ) ;
#8669 = CARTESIAN_POINT ( 'NONE',  ( 45.00000000000000000, -9.139031042944736782, 32.44053818320865190 ) ) ;
#8670 = DIRECTION ( 'NONE',  ( -1.000000000000000000, -0.000000000000000000, -0.000000000000000000 ) ) ;
#8671 = SURFACE_SIDE_STYLE ('',( #4073 ) ) ;
#8672 = VECTOR ( 'NONE', #416, 1000.000000000000000 ) ;
#8673 = SURFACE_SIDE_STYLE ('',( #6993 ) ) ;
#8674 = CARTESIAN_POINT ( 'NONE',  ( 45.00000000000000000, -9.400134418011131032, -29.82752915061867682 ) ) ;
#8675 = ORIENTED_EDGE ( 'NONE', *, *, #8282, .T. ) ;
#8676 = ORIENTED_EDGE ( 'NONE', *, *, #336, .T. ) ;
#8677 = PLANE ( 'NONE',  #4074 ) ;
#8678 = EDGE_CURVE ( 'NONE', #2497, #9219, #7049, .T. ) ;
#8679 = CARTESIAN_POINT ( 'NONE',  ( 45.00000000000000000, -11.82490854779688760, 32.67945813854115045 ) ) ;
#8680 = LINE ( 'NONE', #1631, #919 ) ;
#8681 = LINE ( 'NONE', #1632, #7404 ) ;
#8682 = FILL_AREA_STYLE_COLOUR ( '', #8857 ) ;
#8683 = ORIENTED_EDGE ( 'NONE', *, *, #190, .T. ) ;
#8684 = UNCERTAINTY_MEASURE_WITH_UNIT (LENGTH_MEASURE( 1.000000000000000082E-05 ), #3872, 'distance_accuracy_value', 'NONE');
#8685 = VECTOR ( 'NONE', #9452, 1000.000000000000000 ) ;
#8686 = ADVANCED_FACE ( 'NONE', ( #3745 ), #4282, .T. ) ;
#8687 = PLANE ( 'NONE',  #4047 ) ;
#8688 = CARTESIAN_POINT ( 'NONE',  ( 45.00000000000000000, -10.30018207335180769, -30.07663355703621733 ) ) ;
#8689 = AXIS2_PLACEMENT_3D ( 'NONE', #3157, #825, #3314 ) ;
#8690 = PRESENTATION_LAYER_ASSIGNMENT (  '', '', ( #791 ) ) ;
#8691 = SURFACE_STYLE_USAGE ( .BOTH. , #3351 ) ;
#8692 = CARTESIAN_POINT ( 'NONE',  ( -45.00000000000000000, -9.181159039132262834, -32.67945762489387818 ) ) ;
#8693 = MECHANICAL_DESIGN_GEOMETRIC_PRESENTATION_REPRESENTATION (  '', ( #8528 ), #3624 ) ;
#8694 = FILL_AREA_STYLE ('',( #8649 ) ) ;
#8695 = CARTESIAN_POINT ( 'NONE',  ( 45.00000000000000000, -11.23426587823768585, -28.41166392474487168 ) ) ;
#8696 = STYLED_ITEM ( 'NONE', ( #8108 ), #8699 ) ;
#8697 = ORIENTED_EDGE ( 'NONE', *, *, #5829, .F. ) ;
#8698 = DIRECTION ( 'NONE',  ( 0.000000000000000000, 1.000000000000000000, 0.000000000000000000 ) ) ;
#8699 = ADVANCED_FACE ( 'NONE', ( #5838 ), #2595, .F. ) ;
#8701 = ORIENTED_EDGE ( 'NONE', *, *, #6459, .F. ) ;
#8700 =( GEOMETRIC_REPRESENTATION_CONTEXT ( 3 ) GLOBAL_UNCERTAINTY_ASSIGNED_CONTEXT ( ( #577 ) ) GLOBAL_UNIT_ASSIGNED_CONTEXT ( ( #8438, #1384, #4532 ) ) REPRESENTATION_CONTEXT ( 'NONE', 'WORKASPACE' ) );
#8702 =( NAMED_UNIT ( * ) PLANE_ANGLE_UNIT ( ) SI_UNIT ( $, .RADIAN. ) );
#8703 = CARTESIAN_POINT ( 'NONE',  ( 45.00000000000000000, -9.575082125561817037, 32.60999827003276152 ) ) ;
#8704 = LINE ( 'NONE', #9649, #8838 ) ;
#8705 = STYLED_ITEM ( 'NONE', ( #9083 ), #8819 ) ;
#8706 = LINE ( 'NONE', #7888, #2880 ) ;
#8707 = CARTESIAN_POINT ( 'NONE',  ( -45.00000000000000000, 11.19093498538098430, -33.00999837446186547 ) ) ;
#8708 = EDGE_LOOP ( 'NONE', ( #9653, #2128, #561, #9330 ) ) ;
#8709 = PRESENTATION_LAYER_ASSIGNMENT (  '', '', ( #2463 ) ) ;
#8710 = CARTESIAN_POINT ( 'NONE',  ( 45.00000000000000000, -3.111676294411882981, -33.00999785231633155 ) ) ;
#8711 = CARTESIAN_POINT ( 'NONE',  ( 45.00000000000000000, -6.583431234828084122, -32.60999815015304648 ) ) ;
#8712 = CIRCLE ( 'NONE', #4263, 0.09999926906049255715 ) ;
#8713 = COLOUR_RGB ( '',0.8980392156862745390, 0.9176470588235293713, 0.9294117647058823817 ) ;
#8714 = EDGE_CURVE ( 'NONE', #7419, #1120, #1778, .T. ) ;
#8715 = DIRECTION ( 'NONE',  ( 0.000000000000000000, 1.000000000000000000, 0.000000000000000000 ) ) ;
#8716 = CARTESIAN_POINT ( 'NONE',  ( -45.00000000000000000, 11.19093437199039975, 33.00999827003280274 ) ) ;
#8717 = ORIENTED_EDGE ( 'NONE', *, *, #1300, .F. ) ;
#8718 =( GEOMETRIC_REPRESENTATION_CONTEXT ( 3 ) GLOBAL_UNCERTAINTY_ASSIGNED_CONTEXT ( ( #10157 ) ) GLOBAL_UNIT_ASSIGNED_CONTEXT ( ( #5806, #4785, #858 ) ) REPRESENTATION_CONTEXT ( 'NONE', 'WORKASPACE' ) );
#8719 = FILL_AREA_STYLE_COLOUR ( '', #1932 ) ;
#8720 = CARTESIAN_POINT ( 'NONE',  ( 45.00000000000000000, -8.593205632224368173, -32.67945792968329499 ) ) ;
#8722 =( GEOMETRIC_REPRESENTATION_CONTEXT ( 3 ) GLOBAL_UNCERTAINTY_ASSIGNED_CONTEXT ( ( #5954 ) ) GLOBAL_UNIT_ASSIGNED_CONTEXT ( ( #1012, #7649, #7511 ) ) REPRESENTATION_CONTEXT ( 'NONE', 'WORKASPACE' ) );
#8721 = VECTOR ( 'NONE', #9911, 1000.000000000000000 ) ;
#8723 = EDGE_CURVE ( 'NONE', #6283, #5515, #3916, .T. ) ;
#8724 = CARTESIAN_POINT ( 'NONE',  ( 45.00000000000000000, 14.24999945824050052, -28.28824096683820599 ) ) ;
#8725 = FILL_AREA_STYLE_COLOUR ( '', #4445 ) ;
#8726 = DIRECTION ( 'NONE',  ( 1.000000000000000000, 0.000000000000000000, 0.000000000000000000 ) ) ;
#8727 = DIRECTION ( 'NONE',  ( -1.000000000000000000, -0.000000000000000000, -0.000000000000000000 ) ) ;
#8728 = VERTEX_POINT ( 'NONE', #4915 ) ;
#8729 = STYLED_ITEM ( 'NONE', ( #6026 ), #473 ) ;
#8730 = EDGE_LOOP ( 'NONE', ( #2951, #478, #4559, #3979 ) ) ;
#8731 = DIRECTION ( 'NONE',  ( 1.000000000000000000, 0.000000000000000000, 0.000000000000000000 ) ) ;
#8732 = ORIENTED_EDGE ( 'NONE', *, *, #4224, .F. ) ;
#8733 = ADVANCED_FACE ( 'NONE', ( #1925 ), #3486, .F. ) ;
#8734 = CARTESIAN_POINT ( 'NONE',  ( -45.00000000000000000, -1.735876861465577958, -33.00999774788724039 ) ) ;
#8735 =( NAMED_UNIT ( * ) SI_UNIT ( $, .STERADIAN. ) SOLID_ANGLE_UNIT ( ) );
#8736 = MECHANICAL_DESIGN_GEOMETRIC_PRESENTATION_REPRESENTATION (  '', ( #8254 ), #2995 ) ;
#8737 = AXIS2_PLACEMENT_3D ( 'NONE', #4374, #5977, #1288 ) ;
#8738 = CYLINDRICAL_SURFACE ( 'NONE', #7228, 0.4000000000000322742 ) ;
#8739 =( NAMED_UNIT ( * ) SI_UNIT ( $, .STERADIAN. ) SOLID_ANGLE_UNIT ( ) );
#8740 = CARTESIAN_POINT ( 'NONE',  ( 45.00000000000000000, -6.480134752671421694, -31.02000003054214261 ) ) ;
#8741 = EDGE_LOOP ( 'NONE', ( #966, #7510, #4011, #4178 ) ) ;
#8742 = SURFACE_STYLE_USAGE ( .BOTH. , #10132 ) ;
#8743 = AXIS2_PLACEMENT_3D ( 'NONE', #8185, #6480, #1121 ) ;
#8744 =( NAMED_UNIT ( * ) SI_UNIT ( $, .STERADIAN. ) SOLID_ANGLE_UNIT ( ) );
#8745 = CARTESIAN_POINT ( 'NONE',  ( 45.00000000000000000, 11.73426668627271141, 28.41166343492288604 ) ) ;
#8746 = CYLINDRICAL_SURFACE ( 'NONE', #9472, 0.3999999999999767630 ) ;
#8747 = DIRECTION ( 'NONE',  ( -0.000000000000000000, 0.1736483871527953471, -0.9848077160741750546 ) ) ;
#8748 = EDGE_CURVE ( 'NONE', #6525, #730, #6145, .T. ) ;
#8749 = ORIENTED_EDGE ( 'NONE', *, *, #5626, .F. ) ;
#8750 = SURFACE_STYLE_USAGE ( .BOTH. , #711 ) ;
#8751 = DIRECTION ( 'NONE',  ( -1.000000000000000000, -0.000000000000000000, -0.000000000000000000 ) ) ;
#8752 = DIRECTION ( 'NONE',  ( 0.000000000000000000, 0.1736492263816221404, -0.9848075680949369692 ) ) ;
#8753 = CARTESIAN_POINT ( 'NONE',  ( 45.00000000000000000, 7.959231456415265527, 33.00999806117455648 ) ) ;
#8754 = DIRECTION ( 'NONE',  ( -0.000000000000000000, 0.000000000000000000, 1.000000000000000000 ) ) ;
#8755 = ORIENTED_EDGE ( 'NONE', *, *, #5933, .F. ) ;
#8756 = EDGE_CURVE ( 'NONE', #6844, #5355, #9530, .T. ) ;
#8757 = DIRECTION ( 'NONE',  ( 0.000000000000000000, 0.000000000000000000, -1.000000000000000000 ) ) ;
#8758 = SURFACE_STYLE_FILL_AREA ( #4804 ) ;
#8759 = STYLED_ITEM ( 'NONE', ( #8585 ), #9970 ) ;
#8760 = SURFACE_SIDE_STYLE ('',( #5628 ) ) ;
#8761 = PRESENTATION_STYLE_ASSIGNMENT (( #7177 ) ) ;
#8762 = LINE ( 'NONE', #3331, #1875 ) ;
#8763 = CARTESIAN_POINT ( 'NONE',  ( -45.00000000000000000, 11.43098639683158879, 32.60999835901128563 ) ) ;
#8764 = ADVANCED_FACE ( 'NONE', ( #8362 ), #4443, .F. ) ;
#8765 = COLOUR_RGB ( '',0.8980392156862745390, 0.9176470588235293713, 0.9294117647058823817 ) ;
#8766 = DIRECTION ( 'NONE',  ( 0.000000000000000000, 0.000000000000000000, -1.000000000000000000 ) ) ;
#8767 =( NAMED_UNIT ( * ) SI_UNIT ( $, .STERADIAN. ) SOLID_ANGLE_UNIT ( ) );
#8768 = DIRECTION ( 'NONE',  ( 0.000000000000000000, 0.000000000000000000, -1.000000000000000000 ) ) ;
#8769 = FACE_OUTER_BOUND ( 'NONE', #3976, .T. ) ;
#8770 = VECTOR ( 'NONE', #9502, 1000.000000000000000 ) ;
#8771 = ORIENTED_EDGE ( 'NONE', *, *, #8955, .T. ) ;
#8772 = ORIENTED_EDGE ( 'NONE', *, *, #8982, .T. ) ;
#8773 = EDGE_CURVE ( 'NONE', #7797, #6723, #2234, .T. ) ;
#8774 = CARTESIAN_POINT ( 'NONE',  ( -45.00000000000000000, 8.078991119203342051E-07, -33.00999660752514586 ) ) ;
#8775 = SURFACE_STYLE_FILL_AREA ( #117 ) ;
#8776 =( LENGTH_UNIT ( ) NAMED_UNIT ( * ) SI_UNIT ( .MILLI., .METRE. ) );
#8777 = FILL_AREA_STYLE_COLOUR ( '', #1913 ) ;
#8778 = COLOUR_RGB ( '',0.8980392156862745390, 0.9176470588235293713, 0.9294117647058823817 ) ;
#8779 = STYLED_ITEM ( 'NONE', ( #328 ), #7628 ) ;
#8780 = ORIENTED_EDGE ( 'NONE', *, *, #7429, .F. ) ;
#8781 = VECTOR ( 'NONE', #1167, 1000.000000000000000 ) ;
#8782 =( NAMED_UNIT ( * ) SI_UNIT ( $, .STERADIAN. ) SOLID_ANGLE_UNIT ( ) );
#8783 = CARTESIAN_POINT ( 'NONE',  ( 45.00000000000000000, 6.343380612018469478, -32.60999806117456501 ) ) ;
#8784 = VECTOR ( 'NONE', #8120, 1000.000000000000000 ) ;
#8785 = LINE ( 'NONE', #7247, #388 ) ;
#8786 = ORIENTED_EDGE ( 'NONE', *, *, #5066, .F. ) ;
#8787 =( GEOMETRIC_REPRESENTATION_CONTEXT ( 3 ) GLOBAL_UNCERTAINTY_ASSIGNED_CONTEXT ( ( #8886 ) ) GLOBAL_UNIT_ASSIGNED_CONTEXT ( ( #7407, #8341, #6638 ) ) REPRESENTATION_CONTEXT ( 'NONE', 'WORKASPACE' ) );
#8788 =( NAMED_UNIT ( * ) PLANE_ANGLE_UNIT ( ) SI_UNIT ( $, .RADIAN. ) );
#8789 = EDGE_CURVE ( 'NONE', #4927, #8994, #8507, .T. ) ;
#8790 = CARTESIAN_POINT ( 'NONE',  ( 45.00000000000000000, 5.949457525588830897, -32.67945741603569587 ) ) ;
#8791 = MECHANICAL_DESIGN_GEOMETRIC_PRESENTATION_REPRESENTATION (  '', ( #5024 ), #7008 ) ;
#8792 = DIRECTION ( 'NONE',  ( 1.000000000000000000, 0.000000000000000000, 0.000000000000000000 ) ) ;
#8793 = AXIS2_PLACEMENT_3D ( 'NONE', #635, #10163, #1367 ) ;
#8794 = STYLED_ITEM ( 'NONE', ( #3948 ), #7138 ) ;
#8795 = PRESENTATION_LAYER_ASSIGNMENT (  '', '', ( #7978 ) ) ;
#8796 = FILL_AREA_STYLE ('',( #6442 ) ) ;
#8797 = FILL_AREA_STYLE ('',( #7926 ) ) ;
#8798 = LINE ( 'NONE', #8086, #8979 ) ;
#8799 = AXIS2_PLACEMENT_3D ( 'NONE', #8978, #254, #3435 ) ;
#8800 = SURFACE_STYLE_FILL_AREA ( #915 ) ;
#8801 =( NAMED_UNIT ( * ) PLANE_ANGLE_UNIT ( ) SI_UNIT ( $, .RADIAN. ) );
#8802 = COLOUR_RGB ( '',0.8980392156862745390, 0.9176470588235293713, 0.9294117647058823817 ) ;
#8803 = VECTOR ( 'NONE', #917, 1000.000000000000000 ) ;
#8804 = PRESENTATION_LAYER_ASSIGNMENT (  '', '', ( #4529 ) ) ;
#8805 = FILL_AREA_STYLE_COLOUR ( '', #2553 ) ;
#8806 = ORIENTED_EDGE ( 'NONE', *, *, #1380, .F. ) ;
#8807 = STYLED_ITEM ( 'NONE', ( #7199 ), #3780 ) ;
#8808 = PRESENTATION_STYLE_ASSIGNMENT (( #3510 ) ) ;
#8809 = VECTOR ( 'NONE', #1962, 1000.000000000000000 ) ;
#8810 = AXIS2_PLACEMENT_3D ( 'NONE', #4941, #4094, #5604 ) ;
#8811 = EDGE_CURVE ( 'NONE', #9374, #550, #2129, .T. ) ;
#8812 = CARTESIAN_POINT ( 'NONE',  ( 45.00000000000000000, -6.343379209986686362, 33.00999806117455648 ) ) ;
#8813 = VERTEX_POINT ( 'NONE', #2912 ) ;
#8814 =( GEOMETRIC_REPRESENTATION_CONTEXT ( 3 ) GLOBAL_UNCERTAINTY_ASSIGNED_CONTEXT ( ( #3449 ) ) GLOBAL_UNIT_ASSIGNED_CONTEXT ( ( #3251, #8901, #2419 ) ) REPRESENTATION_CONTEXT ( 'NONE', 'WORKASPACE' ) );
#8815 = DIRECTION ( 'NONE',  ( 0.000000000000000000, 0.000000000000000000, -1.000000000000000000 ) ) ;
#8816 = FILL_AREA_STYLE ('',( #5826 ) ) ;
#8817 = VERTEX_POINT ( 'NONE', #3586 ) ;
#8818 = CARTESIAN_POINT ( 'NONE',  ( -45.00000000000000000, -10.30018239783462342, 30.07663326162924378 ) ) ;
#8819 = ADVANCED_FACE ( 'NONE', ( #5274 ), #8410, .T. ) ;
#8820 = CARTESIAN_POINT ( 'NONE',  ( 45.00000000000000000, -5.907328127369614990, 32.44053797435041275 ) ) ;
#8821 = AXIS2_PLACEMENT_3D ( 'NONE', #4776, #4820, #214 ) ;
#8822 = CARTESIAN_POINT ( 'NONE',  ( 45.00000000000000000, -10.75488250073230212, 32.44053828763777148 ) ) ;
#8823 = VECTOR ( 'NONE', #4340, 1000.000000000000000 ) ;
#8824 = EDGE_LOOP ( 'NONE', ( #8786, #9948, #9720, #10065 ) ) ;
#8825 = DIRECTION ( 'NONE',  ( -0.000000000000000000, 1.000000000000000000, -0.000000000000000000 ) ) ;
#8826 = DIRECTION ( 'NONE',  ( 0.000000000000000000, 0.000000000000000000, 1.000000000000000000 ) ) ;
#8827 = SURFACE_STYLE_USAGE ( .BOTH. , #3279 ) ;
#8828 = VERTEX_POINT ( 'NONE', #1806 ) ;
#8829 = ORIENTED_EDGE ( 'NONE', *, *, #7304, .F. ) ;
#8830 = STYLED_ITEM ( 'NONE', ( #8761 ), #4844 ) ;
#8831 = EDGE_CURVE ( 'NONE', #1120, #2532, #9209, .T. ) ;
#8832 = FILL_AREA_STYLE ('',( #4035 ) ) ;
#8833 = ORIENTED_EDGE ( 'NONE', *, *, #8380, .F. ) ;
#8834 = CARTESIAN_POINT ( 'NONE',  ( -45.00000000000000000, 11.73786989656989732, 28.97153247478735949 ) ) ;
#8835 = DIRECTION ( 'NONE',  ( 1.000000000000000000, 0.000000000000000000, 0.000000000000000000 ) ) ;
#8836 = DIRECTION ( 'NONE',  ( -1.000000000000000000, -0.000000000000000000, -0.000000000000000000 ) ) ;
#8837 = EDGE_LOOP ( 'NONE', ( #2385, #3988, #4782, #9048, #1793, #1770, #7119, #6246, #8879, #1831, #580, #834, #9203, #8229, #3784, #633, #6176, #9641, #8868, #7809, #7052, #2825, #10120, #2697, #6576, #35, #4079, #7946, #2133, #8594, #6347, #65, #3569, #7175, #909, #5889, #6622, #2608, #4620, #7141, #5590, #5818, #9335, #3347, #3537, #5528, #2368, #5239 ) ) ;
#8838 = VECTOR ( 'NONE', #4106, 999.9999999999998863 ) ;
#8839 = LINE ( 'NONE', #123, #3564 ) ;
#8840 = EDGE_CURVE ( 'NONE', #6715, #6971, #3415, .T. ) ;
#8841 = ORIENTED_EDGE ( 'NONE', *, *, #9909, .T. ) ;
#8842 = SURFACE_STYLE_FILL_AREA ( #224 ) ;
#8843 = VECTOR ( 'NONE', #5877, 1000.000000000000000 ) ;
#8844 = CARTESIAN_POINT ( 'NONE',  ( -45.00000000000000000, 1.495826238655951990, -33.00999774788724039 ) ) ;
#8845 = EDGE_CURVE ( 'NONE', #7225, #641, #7202, .T. ) ;
#8846 = SURFACE_STYLE_FILL_AREA ( #3252 ) ;
#8847 = CYLINDRICAL_SURFACE ( 'NONE', #2227, 0.1999999999999883815 ) ;
#8848 = VERTEX_POINT ( 'NONE', #5610 ) ;
#8849 = FILL_AREA_STYLE_COLOUR ( '', #4628 ) ;
#8850 = PRESENTATION_LAYER_ASSIGNMENT (  '', '', ( #7208 ) ) ;
#8851 = ORIENTED_EDGE ( 'NONE', *, *, #2905, .T. ) ;
#8852 = DIRECTION ( 'NONE',  ( 0.000000000000000000, 0.003648336929151434031, -0.9999933447966797839 ) ) ;
#8853 = DIRECTION ( 'NONE',  ( 0.000000000000000000, 0.1736492263815938297, -0.9848075680949420763 ) ) ;
#8854 = CYLINDRICAL_SURFACE ( 'NONE', #7816, 0.1999999999999953204 ) ;
#8855 = CARTESIAN_POINT ( 'NONE',  ( 45.00000000000000000, 9.815134939044030560, 33.00999816560368316 ) ) ;
#8856 = EDGE_LOOP ( 'NONE', ( #1341, #1757, #6933, #5145 ) ) ;
#8857 = COLOUR_RGB ( '',0.8980392156862745390, 0.9176470588235293713, 0.9294117647058823817 ) ;
#8858 = SURFACE_STYLE_FILL_AREA ( #5825 ) ;
#8859 = FILL_AREA_STYLE ('',( #7216 ) ) ;
#8860 =( NAMED_UNIT ( * ) PLANE_ANGLE_UNIT ( ) SI_UNIT ( $, .RADIAN. ) );
#8861 = EDGE_CURVE ( 'NONE', #547, #782, #963, .T. ) ;
#8862 = UNCERTAINTY_MEASURE_WITH_UNIT (LENGTH_MEASURE( 1.000000000000000082E-05 ), #8452, 'distance_accuracy_value', 'NONE');
#8863 =( NAMED_UNIT ( * ) PLANE_ANGLE_UNIT ( ) SI_UNIT ( $, .RADIAN. ) );
#8864 =( NAMED_UNIT ( * ) PLANE_ANGLE_UNIT ( ) SI_UNIT ( $, .RADIAN. ) );
#8865 = FILL_AREA_STYLE ('',( #3433 ) ) ;
#8866 = LINE ( 'NONE', #5730, #556 ) ;
#8867 = STYLED_ITEM ( 'NONE', ( #128 ), #1515 ) ;
#8868 = ORIENTED_EDGE ( 'NONE', *, *, #1351, .F. ) ;
#8869 =( LENGTH_UNIT ( ) NAMED_UNIT ( * ) SI_UNIT ( .MILLI., .METRE. ) );
#8870 = CARTESIAN_POINT ( 'NONE',  ( -45.00000000000000000, -4.967579777040584510, -32.60999804572394822 ) ) ;
#8871 = VECTOR ( 'NONE', #751, 1000.000000000000000 ) ;
#8872 = LINE ( 'NONE', #8216, #7735 ) ;
#8873 = DIRECTION ( 'NONE',  ( 0.000000000000000000, 1.000000000000000000, 0.000000000000000000 ) ) ;
#8874 = DIRECTION ( 'NONE',  ( 0.000000000000000000, 0.000000000000000000, 1.000000000000000000 ) ) ;
#8875 = EDGE_CURVE ( 'NONE', #1550, #5646, #9035, .T. ) ;
#8876 = PRESENTATION_STYLE_ASSIGNMENT (( #8827 ) ) ;
#8877 =( GEOMETRIC_REPRESENTATION_CONTEXT ( 3 ) GLOBAL_UNCERTAINTY_ASSIGNED_CONTEXT ( ( #2752 ) ) GLOBAL_UNIT_ASSIGNED_CONTEXT ( ( #2372, #7883, #9496 ) ) REPRESENTATION_CONTEXT ( 'NONE', 'WORKASPACE' ) );
#8878 = ORIENTED_EDGE ( 'NONE', *, *, #2426, .T. ) ;
#8879 = ORIENTED_EDGE ( 'NONE', *, *, #4775, .F. ) ;
#8880 = LINE ( 'NONE', #9522, #4115 ) ;
#8881 = ORIENTED_EDGE ( 'NONE', *, *, #6553, .F. ) ;
#8882 = EDGE_LOOP ( 'NONE', ( #5243, #819, #9579, #6538 ) ) ;
#8883 = COLOUR_RGB ( '',0.8980392156862745390, 0.9176470588235293713, 0.9294117647058823817 ) ;
#8884 = SURFACE_STYLE_FILL_AREA ( #1003 ) ;
#8885 = CARTESIAN_POINT ( 'NONE',  ( -45.00000000000000000, 6.977355576465948950, -32.67945782525379173 ) ) ;
#8886 = UNCERTAINTY_MEASURE_WITH_UNIT (LENGTH_MEASURE( 1.000000000000000082E-05 ), #7407, 'distance_accuracy_value', 'NONE');
#8887 = ORIENTED_EDGE ( 'NONE', *, *, #8479, .F. ) ;
#8888 = CARTESIAN_POINT ( 'NONE',  ( 45.00000000000000000, 7.019483836327741422, -32.44053807877948969 ) ) ;
#8889 = DIRECTION ( 'NONE',  ( 0.000000000000000000, 0.000000000000000000, -1.000000000000000000 ) ) ;
#8890 = EDGE_CURVE ( 'NONE', #4372, #7075, #4429, .T. ) ;
#8891 = CARTESIAN_POINT ( 'NONE',  ( 45.00000000000000000, -12.80678454343816419, 32.60999847889101488 ) ) ;
#8893 = MECHANICAL_DESIGN_GEOMETRIC_PRESENTATION_REPRESENTATION (  '', ( #833 ), #6270 ) ;
#8892 = AXIS2_PLACEMENT_3D ( 'NONE', #260, #199, #9663 ) ;
#8894 = VERTEX_POINT ( 'NONE', #2421 ) ;
#8895 = SURFACE_STYLE_USAGE ( .BOTH. , #1072 ) ;
#8896 = CARTESIAN_POINT ( 'NONE',  ( 45.00000000000000000, 12.37073474716087951, 32.44053828763777858 ) ) ;
#8897 = PRESENTATION_LAYER_ASSIGNMENT (  '', '', ( #4278 ) ) ;
#8898 = AXIS2_PLACEMENT_3D ( 'NONE', #3518, #8203, #9694 ) ;
#8899 = PLANE ( 'NONE',  #5353 ) ;
#8900 = VECTOR ( 'NONE', #1730, 1000.000000000000000 ) ;
#8901 =( NAMED_UNIT ( * ) PLANE_ANGLE_UNIT ( ) SI_UNIT ( $, .RADIAN. ) );
#8902 = LINE ( 'NONE', #8135, #3700 ) ;
#8903 = DIRECTION ( 'NONE',  ( -1.000000000000000000, -0.000000000000000000, -0.000000000000000000 ) ) ;
#8904 = EDGE_CURVE ( 'NONE', #441, #3629, #4605, .T. ) ;
#8905 = CARTESIAN_POINT ( 'NONE',  ( 45.00000000000000000, 11.73786989656989732, 28.97153247478735949 ) ) ;
#8906 = ORIENTED_EDGE ( 'NONE', *, *, #9187, .F. ) ;
#8907 =( GEOMETRIC_REPRESENTATION_CONTEXT ( 3 ) GLOBAL_UNCERTAINTY_ASSIGNED_CONTEXT ( ( #2338 ) ) GLOBAL_UNIT_ASSIGNED_CONTEXT ( ( #5714, #4257, #3511 ) ) REPRESENTATION_CONTEXT ( 'NONE', 'WORKASPACE' ) );
#8908 =( NAMED_UNIT ( * ) SI_UNIT ( $, .STERADIAN. ) SOLID_ANGLE_UNIT ( ) );
#8909 = SURFACE_SIDE_STYLE ('',( #1958 ) ) ;
#8910 = ADVANCED_FACE ( 'NONE', ( #8033 ), #1642, .T. ) ;
#8911 = ORIENTED_EDGE ( 'NONE', *, *, #4992, .F. ) ;
#8912 = FACE_OUTER_BOUND ( 'NONE', #1398, .T. ) ;
#8913 = LINE ( 'NONE', #925, #9344 ) ;
#8914 = LINE ( 'NONE', #6654, #1564 ) ;
#8915 = SURFACE_STYLE_FILL_AREA ( #7365 ) ;
#8916 = DIRECTION ( 'NONE',  ( 0.000000000000000000, 0.000000000000000000, -1.000000000000000000 ) ) ;
#8917 = ADVANCED_FACE ( 'NONE', ( #4833 ), #5764, .T. ) ;
#8918 = CARTESIAN_POINT ( 'NONE',  ( 45.00000000000000000, 11.80013504562275095, 31.08641782480465210 ) ) ;
#8919 = FILL_AREA_STYLE ('',( #8719 ) ) ;
#8920 = AXIS2_PLACEMENT_3D ( 'NONE', #8711, #10103, #3069 ) ;
#8921 = CARTESIAN_POINT ( 'NONE',  ( 45.00000000000000000, -7.959230667774402690, -32.60999816560364906 ) ) ;
#8922 = LINE ( 'NONE', #935, #1883 ) ;
#8923 = SURFACE_SIDE_STYLE ('',( #3034 ) ) ;
#8924 = DIRECTION ( 'NONE',  ( 0.000000000000000000, 0.000000000000000000, -1.000000000000000000 ) ) ;
#8925 = SURFACE_STYLE_USAGE ( .BOTH. , #3532 ) ;
#8926 = LINE ( 'NONE', #8169, #2886 ) ;
#8927 =( LENGTH_UNIT ( ) NAMED_UNIT ( * ) SI_UNIT ( .MILLI., .METRE. ) );
#8928 = PRESENTATION_STYLE_ASSIGNMENT (( #5793 ) ) ;
#8929 = ORIENTED_EDGE ( 'NONE', *, *, #6970, .F. ) ;
#8930 = EDGE_LOOP ( 'NONE', ( #88, #9387, #9850, #1492 ) ) ;
#8931 = SURFACE_STYLE_FILL_AREA ( #6376 ) ;
#8932 = ORIENTED_EDGE ( 'NONE', *, *, #1645, .F. ) ;
#8933 = EDGE_CURVE ( 'NONE', #2971, #9997, #4929, .T. ) ;
#8934 = STYLED_ITEM ( 'NONE', ( #8446 ), #9901 ) ;
#8935 = PLANE ( 'NONE',  #4004 ) ;
#8936 = ORIENTED_EDGE ( 'NONE', *, *, #4131, .F. ) ;
#8937 = SURFACE_STYLE_USAGE ( .BOTH. , #377 ) ;
#8938 = DIRECTION ( 'NONE',  ( 0.000000000000000000, -0.1736492263815810067, -0.9848075680949442967 ) ) ;
#8939 = ORIENTED_EDGE ( 'NONE', *, *, #898, .F. ) ;
#8940 = CARTESIAN_POINT ( 'NONE',  ( 45.00000000000000000, -11.30013452603984092, 30.08641800985717296 ) ) ;
#8941 = ADVANCED_FACE ( 'NONE', ( #449 ), #2672, .T. ) ;
#8942 = STYLED_ITEM ( 'NONE', ( #7684 ), #3477 ) ;
#8943 = VECTOR ( 'NONE', #381, 1000.000000000000000 ) ;
#8944 = FILL_AREA_STYLE_COLOUR ( '', #2230 ) ;
#8945 =( NAMED_UNIT ( * ) PLANE_ANGLE_UNIT ( ) SI_UNIT ( $, .RADIAN. ) );
#8946 = MECHANICAL_DESIGN_GEOMETRIC_PRESENTATION_REPRESENTATION (  '', ( #3869 ), #8787 ) ;
#8947 =( LENGTH_UNIT ( ) NAMED_UNIT ( * ) SI_UNIT ( .MILLI., .METRE. ) );
#8948 = EDGE_LOOP ( 'NONE', ( #2313, #2166, #7772, #1609 ) ) ;
#8949 =( GEOMETRIC_REPRESENTATION_CONTEXT ( 3 ) GLOBAL_UNCERTAINTY_ASSIGNED_CONTEXT ( ( #9798 ) ) GLOBAL_UNIT_ASSIGNED_CONTEXT ( ( #4534, #2061, #8440 ) ) REPRESENTATION_CONTEXT ( 'NONE', 'WORKASPACE' ) );
#8950 = VECTOR ( 'NONE', #6312, 1000.000000000000000 ) ;
#8951 =( GEOMETRIC_REPRESENTATION_CONTEXT ( 3 ) GLOBAL_UNCERTAINTY_ASSIGNED_CONTEXT ( ( #5293 ) ) GLOBAL_UNIT_ASSIGNED_CONTEXT ( ( #1570, #7179, #786 ) ) REPRESENTATION_CONTEXT ( 'NONE', 'WORKASPACE' ) );
#8952 = PRESENTATION_STYLE_ASSIGNMENT (( #1760 ) ) ;
#8953 = CIRCLE ( 'NONE', #729, 0.4000000000000253353 ) ;
#8954 = DIRECTION ( 'NONE',  ( 1.000000000000000000, 0.000000000000000000, 0.000000000000000000 ) ) ;
#8955 = EDGE_CURVE ( 'NONE', #9239, #7332, #4416, .T. ) ;
#8956 = EDGE_LOOP ( 'NONE', ( #2507, #10145, #1445, #2181 ) ) ;
#8957 = FILL_AREA_STYLE ('',( #7420 ) ) ;
#8958 = DIRECTION ( 'NONE',  ( -0.000000000000000000, 1.000000000000000000, -0.000000000000000000 ) ) ;
#8959 = MECHANICAL_DESIGN_GEOMETRIC_PRESENTATION_REPRESENTATION (  '', ( #2552 ), #3385 ) ;
#8960 = DIRECTION ( 'NONE',  ( 1.000000000000000000, 0.000000000000000000, 0.000000000000000000 ) ) ;
#8961 = DIRECTION ( 'NONE',  ( 0.000000000000000000, 0.000000000000000000, 1.000000000000000000 ) ) ;
#8962 = AXIS2_PLACEMENT_3D ( 'NONE', #6734, #1316, #8271 ) ;
#8963 = STYLED_ITEM ( 'NONE', ( #3854 ), #7928 ) ;
#8964 = VECTOR ( 'NONE', #7658, 1000.000000000000000 ) ;
#8965 = CIRCLE ( 'NONE', #4531, 0.4000000000000253353 ) ;
#8966 = EDGE_CURVE ( 'NONE', #4467, #4666, #9777, .T. ) ;
#8967 = FILL_AREA_STYLE_COLOUR ( '', #7257 ) ;
#8968 = CARTESIAN_POINT ( 'NONE',  ( 45.00000000000000000, -11.86703680765867297, 32.44053839206689815 ) ) ;
#8969 = ORIENTED_EDGE ( 'NONE', *, *, #1259, .F. ) ;
#8970 = AXIS2_PLACEMENT_3D ( 'NONE', #4957, #3474, #8961 ) ;
#8971 = VECTOR ( 'NONE', #5311, 1000.000000000000114 ) ;
#8972 = FACE_OUTER_BOUND ( 'NONE', #8930, .T. ) ;
#8973 = VECTOR ( 'NONE', #647, 1000.000000000000000 ) ;
#8974 = CARTESIAN_POINT ( 'NONE',  ( 45.00000000000000000, -10.30018239783462342, 30.07663326162924378 ) ) ;
#8975 = CARTESIAN_POINT ( 'NONE',  ( -45.00000000000000000, 10.25118675190273976, -32.44053828763770753 ) ) ;
#8976 = ORIENTED_EDGE ( 'NONE', *, *, #8678, .T. ) ;
#8977 = DIRECTION ( 'NONE',  ( 0.000000000000000000, -0.9848077160741768310, 0.1736483871527849387 ) ) ;
#8978 = CARTESIAN_POINT ( 'NONE',  ( 45.00000000000000000, 4.727529154230967201, -32.60999795674545254 ) ) ;
#8979 = VECTOR ( 'NONE', #9683, 1000.000000000000114 ) ;
#8980 = ORIENTED_EDGE ( 'NONE', *, *, #6889, .F. ) ;
#8981 = SURFACE_SIDE_STYLE ('',( #9706 ) ) ;
#8982 = EDGE_CURVE ( 'NONE', #5291, #2532, #1853, .T. ) ;
#8983 = CARTESIAN_POINT ( 'NONE',  ( 45.00000000000000000, -11.23786938901638877, 28.97153265917143372 ) ) ;
#8984 = CARTESIAN_POINT ( 'NONE',  ( -45.00000000000000000, -12.80678454343816419, -33.00999847889061556 ) ) ;
#8985 = CARTESIAN_POINT ( 'NONE',  ( 45.00000000000000000, -4.291476669582347192, -32.44053786992127897 ) ) ;
#8986 = EDGE_LOOP ( 'NONE', ( #8024, #3288, #713, #953 ) ) ;
#8987 = MECHANICAL_DESIGN_GEOMETRIC_PRESENTATION_REPRESENTATION (  '', ( #9657 ), #4197 ) ;
#8988 = LINE ( 'NONE', #8221, #1954 ) ;
#8989 = ORIENTED_EDGE ( 'NONE', *, *, #3824, .F. ) ;
#8990 = FILL_AREA_STYLE ('',( #3495 ) ) ;
#8991 = DIRECTION ( 'NONE',  ( 1.000000000000000000, 0.000000000000000000, 0.000000000000000000 ) ) ;
#8992 = VECTOR ( 'NONE', #2139, 1000.000000000000000 ) ;
#8993 = UNCERTAINTY_MEASURE_WITH_UNIT (LENGTH_MEASURE( 1.000000000000000082E-05 ), #1015, 'distance_accuracy_value', 'NONE');
#8994 = VERTEX_POINT ( 'NONE', #343 ) ;
#8995 = PRESENTATION_LAYER_ASSIGNMENT (  '', '', ( #9162 ) ) ;
#8996 = CARTESIAN_POINT ( 'NONE',  ( -45.00000000000000000, -9.181159039132118949, 32.67945762489387818 ) ) ;
#8997 = ORIENTED_EDGE ( 'NONE', *, *, #6315, .T. ) ;
#8998 = ADVANCED_FACE ( 'NONE', ( #3507 ), #5868, .F. ) ;
#8999 = UNCERTAINTY_MEASURE_WITH_UNIT (LENGTH_MEASURE( 1.000000000000000082E-05 ), #600, 'distance_accuracy_value', 'NONE');
#9000 = CARTESIAN_POINT ( 'NONE',  ( 45.00000000000000000, 10.20905787865283010, 32.67945792968333762 ) ) ;
#9001 = DIRECTION ( 'NONE',  ( -0.000000000000000000, 0.1736492263815952453, 0.9848075680949418542 ) ) ;
#9002 = DIRECTION ( 'NONE',  ( 0.000000000000000000, -0.1736483871528078093, -0.9848077160741728342 ) ) ;
#9003 =( LENGTH_UNIT ( ) NAMED_UNIT ( * ) SI_UNIT ( .MILLI., .METRE. ) );
#9004 = MECHANICAL_DESIGN_GEOMETRIC_PRESENTATION_REPRESENTATION (  '', ( #2259 ), #6712 ) ;
#9005 = FACE_OUTER_BOUND ( 'NONE', #6714, .T. ) ;
#9006 = FACE_OUTER_BOUND ( 'NONE', #455, .T. ) ;
#9007 = DIRECTION ( 'NONE',  ( 0.000000000000000000, -0.1736492263815938297, 0.9848075680949420763 ) ) ;
#9008 = DIRECTION ( 'NONE',  ( 0.000000000000000000, -1.000000000000000000, 0.000000000000000000 ) ) ;
#9009 = VERTEX_POINT ( 'NONE', #598 ) ;
#9010 = EDGE_CURVE ( 'NONE', #730, #4315, #4524, .T. ) ;
#9011 = VECTOR ( 'NONE', #7624, 1000.000000000000114 ) ;
#9012 =( NAMED_UNIT ( * ) SI_UNIT ( $, .STERADIAN. ) SOLID_ANGLE_UNIT ( ) );
#9013 = DIRECTION ( 'NONE',  ( 0.000000000000000000, -0.9848077160741750546, 0.1736483871527953471 ) ) ;
#9014 = ORIENTED_EDGE ( 'NONE', *, *, #3677, .T. ) ;
#9015 = SURFACE_SIDE_STYLE ('',( #3513 ) ) ;
#9016 = CARTESIAN_POINT ( 'NONE',  ( -45.00000000000000000, -10.25118534987116270, -32.44053828763767910 ) ) ;
#9017 = CARTESIAN_POINT ( 'NONE',  ( -45.00000000000000000, -7.480134752671422582, -31.02000003054214261 ) ) ;
#9018 = PRESENTATION_STYLE_ASSIGNMENT (( #5879 ) ) ;
#9019 =( LENGTH_UNIT ( ) NAMED_UNIT ( * ) SI_UNIT ( .MILLI., .METRE. ) );
#9020 = SURFACE_STYLE_USAGE ( .BOTH. , #9745 ) ;
#9021 = VERTEX_POINT ( 'NONE', #1378 ) ;
#9022 = ADVANCED_FACE ( 'NONE', ( #6068 ), #2198, .T. ) ;
#9023 = SURFACE_STYLE_FILL_AREA ( #9122 ) ;
#9024 = UNCERTAINTY_MEASURE_WITH_UNIT (LENGTH_MEASURE( 1.000000000000000082E-05 ), #3018, 'distance_accuracy_value', 'NONE');
#9025 =( GEOMETRIC_REPRESENTATION_CONTEXT ( 3 ) GLOBAL_UNCERTAINTY_ASSIGNED_CONTEXT ( ( #3673 ) ) GLOBAL_UNIT_ASSIGNED_CONTEXT ( ( #4234, #1879, #2802 ) ) REPRESENTATION_CONTEXT ( 'NONE', 'WORKASPACE' ) );
#9026 = CARTESIAN_POINT ( 'NONE',  ( 45.00000000000000000, -4.291476669582347192, -32.44053786992127897 ) ) ;
#9027 = CARTESIAN_POINT ( 'NONE',  ( 45.00000000000000000, -9.300134739806454220, 31.02000000000002089 ) ) ;
#9028 = STYLED_ITEM ( 'NONE', ( #2746 ), #8686 ) ;
#9029 = CARTESIAN_POINT ( 'NONE',  ( 45.00000000000000000, 10.75488328937331417, 32.44053818320866611 ) ) ;
#9030 = CARTESIAN_POINT ( 'NONE',  ( -45.00000000000000000, 2.675626613826413980, -32.44053776549218071 ) ) ;
#9031 = ORIENTED_EDGE ( 'NONE', *, *, #4058, .F. ) ;
#9032 = MECHANICAL_DESIGN_GEOMETRIC_PRESENTATION_REPRESENTATION (  '', ( #5257 ), #2619 ) ;
#9033 = CARTESIAN_POINT ( 'NONE',  ( -45.00000000000000000, 9.800134291210595094, -29.82752931517285688 ) ) ;
#9034 = EDGE_CURVE ( 'NONE', #1110, #6885, #8056, .T. ) ;
#9035 = CIRCLE ( 'NONE', #136, 0.3999999110189597640 ) ;
#9036 = CARTESIAN_POINT ( 'NONE',  ( -45.00000000000000000, -7.959230667774255252, 33.00999816560367606 ) ) ;
#9037 = DIRECTION ( 'NONE',  ( 1.000000000000000000, 0.000000000000000000, 0.000000000000000000 ) ) ;
#9038 = VERTEX_POINT ( 'NONE', #9977 ) ;
#9039 =( GEOMETRIC_REPRESENTATION_CONTEXT ( 3 ) GLOBAL_UNCERTAINTY_ASSIGNED_CONTEXT ( ( #6678 ) ) GLOBAL_UNIT_ASSIGNED_CONTEXT ( ( #9391, #1699, #1547 ) ) REPRESENTATION_CONTEXT ( 'NONE', 'WORKASPACE' ) );
#9040 = FILL_AREA_STYLE_COLOUR ( '', #934 ) ;
#9041 = EDGE_CURVE ( 'NONE', #8577, #6534, #1435, .T. ) ;
#9042 = FILL_AREA_STYLE ('',( #9146 ) ) ;
#9043 =( NAMED_UNIT ( * ) SI_UNIT ( $, .STERADIAN. ) SOLID_ANGLE_UNIT ( ) );
#9044 = ORIENTED_EDGE ( 'NONE', *, *, #7860, .T. ) ;
#9045 = CARTESIAN_POINT ( 'NONE',  ( -45.00000000000000000, -11.30013452603984092, 31.08641800985719073 ) ) ;
#9046 = DIRECTION ( 'NONE',  ( -1.000000000000000000, -0.000000000000000000, -0.000000000000000000 ) ) ;
#9047 = DIRECTION ( 'NONE',  ( 0.000000000000000000, 0.000000000000000000, -1.000000000000000000 ) ) ;
#9048 = ORIENTED_EDGE ( 'NONE', *, *, #131, .F. ) ;
#9049 = EDGE_LOOP ( 'NONE', ( #947, #7679, #2612, #4760 ) ) ;
#9050 = MECHANICAL_DESIGN_GEOMETRIC_PRESENTATION_REPRESENTATION (  '', ( #9394 ), #6429 ) ;
#9051 = DIRECTION ( 'NONE',  ( 0.000000000000000000, -0.9999992123182348536, 0.001255134618152138615 ) ) ;
#9052 = SURFACE_STYLE_USAGE ( .BOTH. , #5914 ) ;
#9053 = EDGE_CURVE ( 'NONE', #1483, #8370, #9265, .T. ) ;
#9054 = PRESENTATION_LAYER_ASSIGNMENT (  '', '', ( #2478 ) ) ;
#9055 = CARTESIAN_POINT ( 'NONE',  ( 45.00000000000000000, -9.575082125561817037, 33.00999827003279563 ) ) ;
#9056 = CIRCLE ( 'NONE', #6770, 0.4000000000000322742 ) ;
#9058 = VECTOR ( 'NONE', #7123, 1000.000000000000000 ) ;
#9057 = AXIS2_PLACEMENT_3D ( 'NONE', #3871, #876, #8757 ) ;
#9059 =( NAMED_UNIT ( * ) PLANE_ANGLE_UNIT ( ) SI_UNIT ( $, .RADIAN. ) );
#9060 = SURFACE_SIDE_STYLE ('',( #5921 ) ) ;
#9061 = ORIENTED_EDGE ( 'NONE', *, *, #2789, .F. ) ;
#9062 = SURFACE_SIDE_STYLE ('',( #4949 ) ) ;
#9063 =( NAMED_UNIT ( * ) SI_UNIT ( $, .STERADIAN. ) SOLID_ANGLE_UNIT ( ) );
#9064 = DIRECTION ( 'NONE',  ( 1.000000000000000000, 0.000000000000000000, -0.000000000000000000 ) ) ;
#9065 = AXIS2_PLACEMENT_3D ( 'NONE', #5400, #2266, #3798 ) ;
#9067 = AXIS2_PLACEMENT_3D ( 'NONE', #9077, #4388, #7531 ) ;
#9066 = MECHANICAL_DESIGN_GEOMETRIC_PRESENTATION_REPRESENTATION (  '', ( #5125 ), #4280 ) ;
#9068 = STYLED_ITEM ( 'NONE', ( #5999 ), #2040 ) ;
#9069 = VERTEX_POINT ( 'NONE', #5249 ) ;
#9070 = LINE ( 'NONE', #5819, #6517 ) ;
#9071 = CARTESIAN_POINT ( 'NONE',  ( 45.00000000000000000, -10.75488250073230212, 32.44053828763777148 ) ) ;
#9072 = ADVANCED_FACE ( 'NONE', ( #2936 ), #3088, .F. ) ;
#9073 = MECHANICAL_DESIGN_GEOMETRIC_PRESENTATION_REPRESENTATION (  '', ( #4287 ), #6944 ) ;
#9074 = LINE ( 'NONE', #9938, #3189 ) ;
#9075 = VERTEX_POINT ( 'NONE', #854 ) ;
#9076 = VERTEX_POINT ( 'NONE', #3345 ) ;
#9077 = CARTESIAN_POINT ( 'NONE',  ( 45.00000000000000000, 11.43098701022217334, -32.60999846344037678 ) ) ;
#9078 = ORIENTED_EDGE ( 'NONE', *, *, #2285, .F. ) ;
#9079 = ADVANCED_FACE ( 'NONE', ( #3289 ), #7142, .F. ) ;
#9080 =( NAMED_UNIT ( * ) SI_UNIT ( $, .STERADIAN. ) SOLID_ANGLE_UNIT ( ) );
#9081 = ADVANCED_BREP_SHAPE_REPRESENTATION ( 'SC-ZT66x32-K259', ( #8143, #3973 ), #6804 ) ;
#9082 = EDGE_LOOP ( 'NONE', ( #7194, #2583, #4878, #8211 ) ) ;
#9083 = PRESENTATION_STYLE_ASSIGNMENT (( #7583 ) ) ;
#9084 = CARTESIAN_POINT ( 'NONE',  ( 45.00000000000000000, 7.523180987188937685, -32.44053807877948969 ) ) ;
#9085 = UNCERTAINTY_MEASURE_WITH_UNIT (LENGTH_MEASURE( 1.000000000000000082E-05 ), #6249, 'distance_accuracy_value', 'NONE');
#9086 = UNCERTAINTY_MEASURE_WITH_UNIT (LENGTH_MEASURE( 1.000000000000000082E-05 ), #2704, 'distance_accuracy_value', 'NONE');
#9087 = COLOUR_RGB ( '',0.8980392156862745390, 0.9176470588235293713, 0.9294117647058823817 ) ;
#9088 = DIRECTION ( 'NONE',  ( -1.000000000000000000, -0.000000000000000000, -0.000000000000000000 ) ) ;
#9089 = VERTEX_POINT ( 'NONE', #4821 ) ;
#9090 =( NAMED_UNIT ( * ) PLANE_ANGLE_UNIT ( ) SI_UNIT ( $, .RADIAN. ) );
#9091 = CARTESIAN_POINT ( 'NONE',  ( -45.00000000000000000, -10.20905709000932760, 32.67945803411201666 ) ) ;
#9092 = EDGE_CURVE ( 'NONE', #2342, #5589, #814, .T. ) ;
#9093 = VERTEX_POINT ( 'NONE', #4933 ) ;
#9094 = CARTESIAN_POINT ( 'NONE',  ( -45.00000000000000000, -6.980134752671422582, -28.57000003054213622 ) ) ;
#9095 = ORIENTED_EDGE ( 'NONE', *, *, #10012, .F. ) ;
#9096 = ORIENTED_EDGE ( 'NONE', *, *, #3894, .T. ) ;
#9097 = UNCERTAINTY_MEASURE_WITH_UNIT (LENGTH_MEASURE( 1.000000000000000082E-05 ), #1825, 'distance_accuracy_value', 'NONE');
#9098 = CARTESIAN_POINT ( 'NONE',  ( 45.00000000000000000, -10.30145192074349403, 29.72866150388242446 ) ) ;
#9099 = CYLINDRICAL_SURFACE ( 'NONE', #9711, 0.09999926905921927012 ) ;
#9100 = LINE ( 'NONE', #9160, #9310 ) ;
#9101 = SURFACE_STYLE_FILL_AREA ( #5810 ) ;
#9102 = DIRECTION ( 'NONE',  ( 0.000000000000000000, -0.1736492263815972437, 0.9848075680949414101 ) ) ;
#9103 =( NAMED_UNIT ( * ) PLANE_ANGLE_UNIT ( ) SI_UNIT ( $, .RADIAN. ) );
#9104 = DIRECTION ( 'NONE',  ( 1.000000000000000000, 0.000000000000000000, 0.000000000000000000 ) ) ;
#9105 = STYLED_ITEM ( 'NONE', ( #4713 ), #10160 ) ;
#9106 = EDGE_CURVE ( 'NONE', #547, #3124, #800, .T. ) ;
#9107 = ORIENTED_EDGE ( 'NONE', *, *, #1964, .F. ) ;
#9108 = SURFACE_STYLE_USAGE ( .BOTH. , #8349 ) ;
#9109 = MECHANICAL_DESIGN_GEOMETRIC_PRESENTATION_REPRESENTATION (  '', ( #10088 ), #3527 ) ;
#9110 = ORIENTED_EDGE ( 'NONE', *, *, #5474, .T. ) ;
#9111 = LINE ( 'NONE', #4424, #8303 ) ;
#9112 = DIRECTION ( 'NONE',  ( -1.000000000000000000, -0.000000000000000000, -0.000000000000000000 ) ) ;
#9113 = DIRECTION ( 'NONE',  ( -1.000000000000000000, -0.000000000000000000, -0.000000000000000000 ) ) ;
#9114 = CARTESIAN_POINT ( 'NONE',  ( -45.00000000000000000, 7.019483222936990785, 32.44053797435041275 ) ) ;
#9115 = VECTOR ( 'NONE', #51, 1000.000000000000000 ) ;
#9116 =( GEOMETRIC_REPRESENTATION_CONTEXT ( 3 ) GLOBAL_UNCERTAINTY_ASSIGNED_CONTEXT ( ( #2684 ) ) GLOBAL_UNIT_ASSIGNED_CONTEXT ( ( #8118, #3285, #7288 ) ) REPRESENTATION_CONTEXT ( 'NONE', 'WORKASPACE' ) );
#9117 = VECTOR ( 'NONE', #2647, 1000.000000000000000 ) ;
#9118 = CARTESIAN_POINT ( 'NONE',  ( 45.00000000000000000, -0.5560766031461433778, -32.44053766106308245 ) ) ;
#9119 = ORIENTED_EDGE ( 'NONE', *, *, #785, .T. ) ;
#9120 = ORIENTED_EDGE ( 'NONE', *, *, #8369, .F. ) ;
#9121 = EDGE_CURVE ( 'NONE', #2081, #942, #7559, .T. ) ;
#9122 = FILL_AREA_STYLE ('',( #5885 ) ) ;
#9123 = VECTOR ( 'NONE', #5631, 1000.000000000000114 ) ;
#9124 = DIRECTION ( 'NONE',  ( -1.000000000000000000, -0.000000000000000000, -0.000000000000000000 ) ) ;
#9125 = COLOUR_RGB ( '',0.8980392156862745390, 0.9176470588235293713, 0.9294117647058823817 ) ;
#9126 = MECHANICAL_DESIGN_GEOMETRIC_PRESENTATION_REPRESENTATION (  '', ( #5349 ), #3389 ) ;
#9127 = STYLED_ITEM ( 'NONE', ( #9988 ), #7050 ) ;
#9128 = EDGE_LOOP ( 'NONE', ( #2387, #4772, #7127, #5113 ) ) ;
#9129 = CARTESIAN_POINT ( 'NONE',  ( 45.00000000000000000, -2.675625211794851133, -32.44053776549218071 ) ) ;
#9130 =( NAMED_UNIT ( * ) PLANE_ANGLE_UNIT ( ) SI_UNIT ( $, .RADIAN. ) );
#9131 = AXIS2_PLACEMENT_3D ( 'NONE', #3516, #7475, #1243 ) ;
#9132 = ORIENTED_EDGE ( 'NONE', *, *, #4261, .T. ) ;
#9133 =( NAMED_UNIT ( * ) PLANE_ANGLE_UNIT ( ) SI_UNIT ( $, .RADIAN. ) );
#9134 = VECTOR ( 'NONE', #8149, 1000.000000000000000 ) ;
#9135 = CARTESIAN_POINT ( 'NONE',  ( 45.00000000000000000, 4.727529154230967201, -33.00999795674543691 ) ) ;
#9136 = DIRECTION ( 'NONE',  ( 0.000000000000000000, 0.000000000000000000, -1.000000000000000000 ) ) ;
#9137 =( GEOMETRIC_REPRESENTATION_CONTEXT ( 3 ) GLOBAL_UNCERTAINTY_ASSIGNED_CONTEXT ( ( #8999 ) ) GLOBAL_UNIT_ASSIGNED_CONTEXT ( ( #600, #9828, #6901 ) ) REPRESENTATION_CONTEXT ( 'NONE', 'WORKASPACE' ) );
#9138 = MECHANICAL_DESIGN_GEOMETRIC_PRESENTATION_REPRESENTATION (  '', ( #7318 ), #5351 ) ;
#9139 = EDGE_CURVE ( 'NONE', #8257, #6941, #2461, .T. ) ;
#9140 = PRESENTATION_LAYER_ASSIGNMENT (  '', '', ( #9642 ) ) ;
#9141 = MECHANICAL_DESIGN_GEOMETRIC_PRESENTATION_REPRESENTATION (  '', ( #2401 ), #5526 ) ;
#9142 = VERTEX_POINT ( 'NONE', #2511 ) ;
#9143 = PRESENTATION_LAYER_ASSIGNMENT (  '', '', ( #3717 ) ) ;
#9144 = CARTESIAN_POINT ( 'NONE',  ( 45.00000000000000000, 11.80013504562275095, 30.08641782480464499 ) ) ;
#9145 = VECTOR ( 'NONE', #456, 1000.000000000000000 ) ;
#9146 = FILL_AREA_STYLE_COLOUR ( '', #3852 ) ;
#9147 =( NAMED_UNIT ( * ) SI_UNIT ( $, .STERADIAN. ) SOLID_ANGLE_UNIT ( ) );
#9148 = VERTEX_POINT ( 'NONE', #2411 ) ;
#9149 = CARTESIAN_POINT ( 'NONE',  ( -45.00000000000000000, 10.25118613851211791, 32.44053818320866611 ) ) ;
#9150 = VECTOR ( 'NONE', #2472, 1000.000000000000114 ) ;
#9151 = DIRECTION ( 'NONE',  ( -1.000000000000000000, -0.000000000000000000, -0.000000000000000000 ) ) ;
#9152 = ORIENTED_EDGE ( 'NONE', *, *, #6999, .T. ) ;
#9153 = EDGE_CURVE ( 'NONE', #8089, #4765, #5427, .T. ) ;
#9154 = VERTEX_POINT ( 'NONE', #5550 ) ;
#9155 = PLANE ( 'NONE',  #9723 ) ;
#9156 = DIRECTION ( 'NONE',  ( -0.000000000000000000, -0.9999992123393032228, 0.001255117832379196207 ) ) ;
#9157 = ORIENTED_EDGE ( 'NONE', *, *, #2256, .F. ) ;
#9158 =( LENGTH_UNIT ( ) NAMED_UNIT ( * ) SI_UNIT ( .MILLI., .METRE. ) );
#9159 = AXIS2_PLACEMENT_3D ( 'NONE', #3496, #8121, #4345 ) ;
#9160 = CARTESIAN_POINT ( 'NONE',  ( 45.00000000000000000, -10.75488250073236074, -32.44053828763767910 ) ) ;
#9161 = SURFACE_STYLE_FILL_AREA ( #4471 ) ;
#9162 = STYLED_ITEM ( 'NONE', ( #4060 ), #4411 ) ;
#9163 = FACE_OUTER_BOUND ( 'NONE', #3578, .T. ) ;
#9164 = DIRECTION ( 'NONE',  ( 0.000000000000000000, 0.000000000000000000, -1.000000000000000000 ) ) ;
#9165 = ORIENTED_EDGE ( 'NONE', *, *, #3947, .F. ) ;
#9166 = EDGE_CURVE ( 'NONE', #9193, #358, #8681, .T. ) ;
#9167 = DIRECTION ( 'NONE',  ( -0.000000000000000000, -0.9999992123393032228, 0.001255117832379196207 ) ) ;
#9168 = DIRECTION ( 'NONE',  ( 0.000000000000000000, 0.1736492263815952453, -0.9848075680949418542 ) ) ;
#9169 = LINE ( 'NONE', #1338, #4425 ) ;
#9170 = AXIS2_PLACEMENT_3D ( 'NONE', #6151, #4761, #7081 ) ;
#9171 = ORIENTED_EDGE ( 'NONE', *, *, #3879, .T. ) ;
#9172 = SURFACE_STYLE_FILL_AREA ( #5310 ) ;
#9173 = LINE ( 'NONE', #1960, #4710 ) ;
#9174 = ADVANCED_FACE ( 'NONE', ( #7920 ), #8738, .T. ) ;
#9175 = CARTESIAN_POINT ( 'NONE',  ( -45.00000000000000000, -6.343379209986895084, -32.60999806117455080 ) ) ;
#9176 = STYLED_ITEM ( 'NONE', ( #1762 ), #5021 ) ;
#9177 = SURFACE_SIDE_STYLE ('',( #5893 ) ) ;
#9178 = CARTESIAN_POINT ( 'NONE',  ( -45.00000000000000000, 9.575082914202827311, 32.60999816560364195 ) ) ;
#9179 = ORIENTED_EDGE ( 'NONE', *, *, #7254, .F. ) ;
#9180 = VERTEX_POINT ( 'NONE', #2033 ) ;
#9181 = EDGE_LOOP ( 'NONE', ( #6457, #9898, #4697, #9905 ) ) ;
#9182 = DIRECTION ( 'NONE',  ( -1.000000000000000000, -0.000000000000000000, -0.000000000000000000 ) ) ;
#9183 = FACE_OUTER_BOUND ( 'NONE', #7536, .T. ) ;
#9184 = EDGE_CURVE ( 'NONE', #9009, #8894, #5962, .T. ) ;
#9185 = VERTEX_POINT ( 'NONE', #3452 ) ;
#9186 =( NAMED_UNIT ( * ) SI_UNIT ( $, .STERADIAN. ) SOLID_ANGLE_UNIT ( ) );
#9187 = EDGE_CURVE ( 'NONE', #9426, #3130, #6579, .T. ) ;
#9188 =( NAMED_UNIT ( * ) SI_UNIT ( $, .STERADIAN. ) SOLID_ANGLE_UNIT ( ) );
#9189 = LINE ( 'NONE', #5278, #4307 ) ;
#9190 = AXIS2_PLACEMENT_3D ( 'NONE', #8703, #9595, #2376 ) ;
#9191 = AXIS2_PLACEMENT_3D ( 'NONE', #1047, #940, #8015 ) ;
#9192 =( NAMED_UNIT ( * ) SI_UNIT ( $, .STERADIAN. ) SOLID_ANGLE_UNIT ( ) );
#9193 = VERTEX_POINT ( 'NONE', #8888 ) ;
#9194 = DIRECTION ( 'NONE',  ( -0.000000000000000000, 2.157710327876615134E-08, 0.9999999999999997780 ) ) ;
#9195 =( NAMED_UNIT ( * ) PLANE_ANGLE_UNIT ( ) SI_UNIT ( $, .RADIAN. ) );
#9196 = CARTESIAN_POINT ( 'NONE',  ( -45.00000000000000000, -3.111676294411882981, -33.00999785231632444 ) ) ;
#9197 = EDGE_CURVE ( 'NONE', #3595, #9497, #4298, .T. ) ;
#9198 = ORIENTED_EDGE ( 'NONE', *, *, #2177, .T. ) ;
#9199 = COLOUR_RGB ( '',0.8980392156862745390, 0.9176470588235293713, 0.9294117647058823817 ) ;
#9200 = PLANE ( 'NONE',  #8397 ) ;
#9201 = DIRECTION ( 'NONE',  ( 0.000000000000000000, -1.000000000000000000, 0.000000000000000000 ) ) ;
#9202 = DIRECTION ( 'NONE',  ( 0.000000000000000000, -0.9848077160741850467, 0.1736483871527386424 ) ) ;
#9203 = ORIENTED_EDGE ( 'NONE', *, *, #1746, .F. ) ;
#9204 = MECHANICAL_DESIGN_GEOMETRIC_PRESENTATION_REPRESENTATION (  '', ( #4928 ), #5414 ) ;
#9205 = ORIENTED_EDGE ( 'NONE', *, *, #2274, .T. ) ;
#9206 = UNCERTAINTY_MEASURE_WITH_UNIT (LENGTH_MEASURE( 1.000000000000000082E-05 ), #7398, 'distance_accuracy_value', 'NONE');
#9207 =( NAMED_UNIT ( * ) SI_UNIT ( $, .STERADIAN. ) SOLID_ANGLE_UNIT ( ) );
#9208 = CARTESIAN_POINT ( 'NONE',  ( 45.00000000000000000, -7.523179585157176774, 32.44053807877953233 ) ) ;
#9209 = CIRCLE ( 'NONE', #5915, 1.999999999999432898 ) ;
#9210 = SURFACE_SIDE_STYLE ('',( #6065 ) ) ;
#9211 = LINE ( 'NONE', #8580, #248 ) ;
#9212 = EDGE_CURVE ( 'NONE', #6059, #6528, #4403, .T. ) ;
#9213 = AXIS2_PLACEMENT_3D ( 'NONE', #3411, #1222, #445 ) ;
#9214 = LINE ( 'NONE', #1181, #236 ) ;
#9215 = FILL_AREA_STYLE ('',( #5448 ) ) ;
#9216 = VECTOR ( 'NONE', #8061, 1000.000000000000000 ) ;
#9217 = FILL_AREA_STYLE ('',( #10023 ) ) ;
#9218 = VECTOR ( 'NONE', #6119, 1000.000000000000000 ) ;
#9219 = VERTEX_POINT ( 'NONE', #9045 ) ;
#9220 = DIRECTION ( 'NONE',  ( -1.000000000000000000, -0.000000000000000000, -0.000000000000000000 ) ) ;
#9221 = STYLED_ITEM ( 'NONE', ( #5661 ), #1679 ) ;
#9222 = CARTESIAN_POINT ( 'NONE',  ( 45.00000000000000000, 12.39937244555553342, -28.68732974560760596 ) ) ;
#9223 = ORIENTED_EDGE ( 'NONE', *, *, #2502, .F. ) ;
#9224 = FILL_AREA_STYLE ('',( #2999 ) ) ;
#9225 =( GEOMETRIC_REPRESENTATION_CONTEXT ( 3 ) GLOBAL_UNCERTAINTY_ASSIGNED_CONTEXT ( ( #2809 ) ) GLOBAL_UNIT_ASSIGNED_CONTEXT ( ( #8090, #1131, #8908 ) ) REPRESENTATION_CONTEXT ( 'NONE', 'WORKASPACE' ) );
#9226 = AXIS2_PLACEMENT_3D ( 'NONE', #1572, #7905, #9 ) ;
#9227 = SURFACE_STYLE_FILL_AREA ( #703 ) ;
#9228 =( LENGTH_UNIT ( ) NAMED_UNIT ( * ) SI_UNIT ( .MILLI., .METRE. ) );
#9229 = ADVANCED_FACE ( 'NONE', ( #7452 ), #9721, .T. ) ;
#9230 = DIRECTION ( 'NONE',  ( 0.000000000000000000, 0.1736463975343501553, 0.9848080668959522388 ) ) ;
#9231 = SURFACE_SIDE_STYLE ('',( #2218 ) ) ;
#9232 =( LENGTH_UNIT ( ) NAMED_UNIT ( * ) SI_UNIT ( .MILLI., .METRE. ) );
#9233 = ORIENTED_EDGE ( 'NONE', *, *, #8465, .T. ) ;
#9234 = VERTEX_POINT ( 'NONE', #1889 ) ;
#9235 = COLOUR_RGB ( '',0.8980392156862745390, 0.9176470588235293713, 0.9294117647058823817 ) ;
#9237 = VECTOR ( 'NONE', #9822, 1000.000000000000000 ) ;
#9236 = MECHANICAL_DESIGN_GEOMETRIC_PRESENTATION_REPRESENTATION (  '', ( #331 ), #1996 ) ;
#9238 = EDGE_CURVE ( 'NONE', #7205, #5078, #6535, .T. ) ;
#9239 = VERTEX_POINT ( 'NONE', #275 ) ;
#9240 = CARTESIAN_POINT ( 'NONE',  ( 45.00000000000000000, 9.800134291210595094, -31.02000040005234283 ) ) ;
#9241 = FACE_OUTER_BOUND ( 'NONE', #1298, .T. ) ;
#9242 = SURFACE_SIDE_STYLE ('',( #10048 ) ) ;
#9243 = SURFACE_SIDE_STYLE ('',( #2127 ) ) ;
#9244 = UNCERTAINTY_MEASURE_WITH_UNIT (LENGTH_MEASURE( 1.000000000000000082E-05 ), #6648, 'distance_accuracy_value', 'NONE');
#9245 = COLOUR_RGB ( '',0.8980392156862745390, 0.9176470588235293713, 0.9294117647058823817 ) ;
#9246 = SURFACE_STYLE_USAGE ( .BOTH. , #3911 ) ;
#9247 =( LENGTH_UNIT ( ) NAMED_UNIT ( * ) SI_UNIT ( .MILLI., .METRE. ) );
#9248 = LINE ( 'NONE', #2178, #6101 ) ;
#9249 = CARTESIAN_POINT ( 'NONE',  ( 45.00000000000000000, 1.495826238655951990, -32.60999774788725603 ) ) ;
#9250 = EDGE_CURVE ( 'NONE', #6195, #7067, #5857, .T. ) ;
#9251 = COLOUR_RGB ( '',0.8980392156862745390, 0.9176470588235293713, 0.9294117647058823817 ) ;
#9252 = DIRECTION ( 'NONE',  ( -1.000000000000000000, -0.000000000000000000, -0.000000000000000000 ) ) ;
#9253 = VERTEX_POINT ( 'NONE', #8180 ) ;
#9254 = LINE ( 'NONE', #6682, #6877 ) ;
#9255 = VERTEX_POINT ( 'NONE', #9816 ) ;
#9256 = CARTESIAN_POINT ( 'NONE',  ( -45.00000000000000000, -5.949456123557249398, -32.67945741603565324 ) ) ;
#9257 = PRESENTATION_STYLE_ASSIGNMENT (( #7087 ) ) ;
#9258 =( LENGTH_UNIT ( ) NAMED_UNIT ( * ) SI_UNIT ( .MILLI., .METRE. ) );
#9259 = PLANE ( 'NONE',  #4944 ) ;
#9260 = DIRECTION ( 'NONE',  ( 0.000000000000000000, 0.1736492263815903325, -0.9848075680949426314 ) ) ;
#9261 = EDGE_CURVE ( 'NONE', #42, #535, #5141, .T. ) ;
#9262 = CARTESIAN_POINT ( 'NONE',  ( 45.00000000000000000, 11.73786895889039705, -28.97153314907093602 ) ) ;
#9263 =( NAMED_UNIT ( * ) SI_UNIT ( $, .STERADIAN. ) SOLID_ANGLE_UNIT ( ) );
#9264 = LINE ( 'NONE', #6896, #3070 ) ;
#9265 = LINE ( 'NONE', #2307, #8871 ) ;
#9266 = LINE ( 'NONE', #4578, #5907 ) ;
#9267 = DIRECTION ( 'NONE',  ( -1.000000000000000000, -0.000000000000000000, -0.000000000000000000 ) ) ;
#9268 = EDGE_LOOP ( 'NONE', ( #5985, #6209, #8294, #5667 ) ) ;
#9269 = DIRECTION ( 'NONE',  ( 1.000000000000000000, 0.000000000000000000, 0.000000000000000000 ) ) ;
#9270 = CIRCLE ( 'NONE', #38, 0.4000000000000253353 ) ;
#9271 = EDGE_CURVE ( 'NONE', #3704, #1257, #2864, .T. ) ;
#9272 = LINE ( 'NONE', #656, #5543 ) ;
#9273 = SURFACE_STYLE_FILL_AREA ( #6125 ) ;
#9274 = VERTEX_POINT ( 'NONE', #634 ) ;
#9275 = CARTESIAN_POINT ( 'NONE',  ( 45.00000000000000000, 11.91902595064858694, 28.28824028669469470 ) ) ;
#9276 =( NAMED_UNIT ( * ) PLANE_ANGLE_UNIT ( ) SI_UNIT ( $, .RADIAN. ) );
#9277 = SURFACE_STYLE_FILL_AREA ( #10138 ) ;
#9278 = FACE_OUTER_BOUND ( 'NONE', #1027, .T. ) ;
#9279 = FACE_OUTER_BOUND ( 'NONE', #2332, .T. ) ;
#9280 =( NAMED_UNIT ( * ) PLANE_ANGLE_UNIT ( ) SI_UNIT ( $, .RADIAN. ) );
#9281 = VERTEX_POINT ( 'NONE', #9309 ) ;
#9282 = ORIENTED_EDGE ( 'NONE', *, *, #7102, .T. ) ;
#9283 = MECHANICAL_DESIGN_GEOMETRIC_PRESENTATION_REPRESENTATION (  '', ( #8942 ), #7470 ) ;
#9284 = CARTESIAN_POINT ( 'NONE',  ( 45.00000000000000000, -12.80678454343816419, -32.60999847889095804 ) ) ;
#9285 = EDGE_CURVE ( 'NONE', #7472, #6869, #6796, .T. ) ;
#9286 = ORIENTED_EDGE ( 'NONE', *, *, #4309, .T. ) ;
#9287 = CARTESIAN_POINT ( 'NONE',  ( -45.00000000000000000, 3.745652660890947061, -32.67945761639555968 ) ) ;
#9288 = FACE_OUTER_BOUND ( 'NONE', #6109, .T. ) ;
#9289 = SURFACE_STYLE_FILL_AREA ( #6141 ) ;
#9290 = MECHANICAL_DESIGN_GEOMETRIC_PRESENTATION_REPRESENTATION (  '', ( #717 ), #3042 ) ;
#9291 = COLOUR_RGB ( '',0.8980392156862745390, 0.9176470588235293713, 0.9294117647058823817 ) ;
#9292 = CARTESIAN_POINT ( 'NONE',  ( 45.00000000000000000, -11.86703680765867297, 32.44053839206689815 ) ) ;
#9293 = ORIENTED_EDGE ( 'NONE', *, *, #3625, .T. ) ;
#9294 = COLOUR_RGB ( '',0.8980392156862745390, 0.9176470588235293713, 0.9294117647058823817 ) ;
#9295 = LINE ( 'NONE', #622, #1168 ) ;
#9296 = LINE ( 'NONE', #523, #180 ) ;
#9297 =( GEOMETRIC_REPRESENTATION_CONTEXT ( 3 ) GLOBAL_UNCERTAINTY_ASSIGNED_CONTEXT ( ( #3430 ) ) GLOBAL_UNIT_ASSIGNED_CONTEXT ( ( #3074, #8569, #1518 ) ) REPRESENTATION_CONTEXT ( 'NONE', 'WORKASPACE' ) );
#9298 = AXIS2_PLACEMENT_3D ( 'NONE', #1472, #4720, #3826 ) ;
#9299 =( GEOMETRIC_REPRESENTATION_CONTEXT ( 3 ) GLOBAL_UNCERTAINTY_ASSIGNED_CONTEXT ( ( #4246 ) ) GLOBAL_UNIT_ASSIGNED_CONTEXT ( ( #4122, #3226, #8302 ) ) REPRESENTATION_CONTEXT ( 'NONE', 'WORKASPACE' ) );
#9300 =( LENGTH_UNIT ( ) NAMED_UNIT ( * ) SI_UNIT ( .MILLI., .METRE. ) );
#9301 = ORIENTED_EDGE ( 'NONE', *, *, #3959, .F. ) ;
#9302 = CARTESIAN_POINT ( 'NONE',  ( -45.00000000000000000, -0.1200255863398349832, -33.00999660752514586 ) ) ;
#9303 = DIRECTION ( 'NONE',  ( -1.000000000000000000, -0.000000000000000000, -0.000000000000000000 ) ) ;
#9304 = VECTOR ( 'NONE', #8316, 1000.000000000000000 ) ;
#9305 = EDGE_CURVE ( 'NONE', #8463, #8491, #2923, .T. ) ;
#9306 = CARTESIAN_POINT ( 'NONE',  ( -45.00000000000000000, 2.171929462965214608, -32.44053776549218071 ) ) ;
#9307 = CIRCLE ( 'NONE', #7311, 0.1999999999999640954 ) ;
#9308 = VECTOR ( 'NONE', #4472, 1000.000000000000000 ) ;
#9309 = CARTESIAN_POINT ( 'NONE',  ( 45.00000000000000000, 11.43098701022217334, -33.00999837445934304 ) ) ;
#9310 = VECTOR ( 'NONE', #5246, 1000.000000000000000 ) ;
#9311 = CARTESIAN_POINT ( 'NONE',  ( -45.00000000000000000, -10.79701049691976067, -32.67945772932296933 ) ) ;
#9312 =( LENGTH_UNIT ( ) NAMED_UNIT ( * ) SI_UNIT ( .MILLI., .METRE. ) );
#9313 =( GEOMETRIC_REPRESENTATION_CONTEXT ( 3 ) GLOBAL_UNCERTAINTY_ASSIGNED_CONTEXT ( ( #1037 ) ) GLOBAL_UNIT_ASSIGNED_CONTEXT ( ( #1, #8863, #781 ) ) REPRESENTATION_CONTEXT ( 'NONE', 'WORKASPACE' ) );
#9314 = ORIENTED_EDGE ( 'NONE', *, *, #5005, .T. ) ;
#9315 = PRESENTATION_LAYER_ASSIGNMENT (  '', '', ( #411 ) ) ;
#9316 = ORIENTED_EDGE ( 'NONE', *, *, #9435, .T. ) ;
#9317 =( NAMED_UNIT ( * ) SI_UNIT ( $, .STERADIAN. ) SOLID_ANGLE_UNIT ( ) );
#9318 = AXIS2_PLACEMENT_3D ( 'NONE', #7670, #3848, #7774 ) ;
#9319 = VERTEX_POINT ( 'NONE', #10114 ) ;
#9320 = MECHANICAL_DESIGN_GEOMETRIC_PRESENTATION_REPRESENTATION (  '', ( #9797 ), #910 ) ;
#9321 = DIRECTION ( 'NONE',  ( 0.000000000000000000, 1.000000000000000000, 0.000000000000000000 ) ) ;
#9322 = CARTESIAN_POINT ( 'NONE',  ( -45.00000000000000000, 9.181159827773125670, 32.67945752046473729 ) ) ;
#9323 = CARTESIAN_POINT ( 'NONE',  ( -45.00000000000000000, 11.90137936516297756, 29.09155623254125445 ) ) ;
#9324 = ADVANCED_FACE ( 'NONE', ( #3022 ), #1366, .T. ) ;
#9325 = ORIENTED_EDGE ( 'NONE', *, *, #9092, .T. ) ;
#9326 = CARTESIAN_POINT ( 'NONE',  ( -45.00000000000000000, -4.967579777040316280, 32.60999804572391270 ) ) ;
#9327 = CARTESIAN_POINT ( 'NONE',  ( 45.00000000000000000, 12.80678533207917447, 32.60999837446190242 ) ) ;
#9328 = PRESENTATION_STYLE_ASSIGNMENT (( #6961 ) ) ;
#9329 = CIRCLE ( 'NONE', #10134, 0.3999999999996575739 ) ;
#9330 = ORIENTED_EDGE ( 'NONE', *, *, #5317, .T. ) ;
#9331 = CARTESIAN_POINT ( 'NONE',  ( 45.00000000000000000, 1.059775156038909483, -32.44053766106308245 ) ) ;
#9332 = DIRECTION ( 'NONE',  ( 0.000000000000000000, 0.000000000000000000, -1.000000000000000000 ) ) ;
#9333 = DIRECTION ( 'NONE',  ( 1.000000000000000000, 0.000000000000000000, 0.000000000000000000 ) ) ;
#9334 = FILL_AREA_STYLE_COLOUR ( '', #6674 ) ;
#9335 = ORIENTED_EDGE ( 'NONE', *, *, #4756, .F. ) ;
#9336 = ORIENTED_EDGE ( 'NONE', *, *, #4580, .F. ) ;
#9337 = VECTOR ( 'NONE', #4, 1000.000000000000000 ) ;
#9338 =( NAMED_UNIT ( * ) SI_UNIT ( $, .STERADIAN. ) SOLID_ANGLE_UNIT ( ) );
#9339 = ORIENTED_EDGE ( 'NONE', *, *, #4436, .T. ) ;
#9340 = CARTESIAN_POINT ( 'NONE',  ( 45.00000000000000000, -11.41902544830029242, 28.48824047302989015 ) ) ;
#9341 = VERTEX_POINT ( 'NONE', #2296 ) ;
#9342 = FILL_AREA_STYLE_COLOUR ( '', #548 ) ;
#9343 = UNCERTAINTY_MEASURE_WITH_UNIT (LENGTH_MEASURE( 1.000000000000000082E-05 ), #1383, 'distance_accuracy_value', 'NONE');
#9344 = VECTOR ( 'NONE', #8853, 1000.000000000000000 ) ;
#9345 = ORIENTED_EDGE ( 'NONE', *, *, #6903, .F. ) ;
#9346 = ADVANCED_FACE ( 'NONE', ( #2186 ), #9200, .F. ) ;
#9347 = FILL_AREA_STYLE_COLOUR ( '', #2806 ) ;
#9348 = FACE_OUTER_BOUND ( 'NONE', #2280, .T. ) ;
#9349 = UNCERTAINTY_MEASURE_WITH_UNIT (LENGTH_MEASURE( 1.000000000000000082E-05 ), #8235, 'distance_accuracy_value', 'NONE');
#9350 = VECTOR ( 'NONE', #3471, 1000.000000000000000 ) ;
#9351 =( NAMED_UNIT ( * ) PLANE_ANGLE_UNIT ( ) SI_UNIT ( $, .RADIAN. ) );
#9352 = ORIENTED_EDGE ( 'NONE', *, *, #9531, .T. ) ;
#9353 = PRESENTATION_STYLE_ASSIGNMENT (( #6835 ) ) ;
#9354 = CARTESIAN_POINT ( 'NONE',  ( 45.00000000000000000, 11.86703820969024292, -32.44053839206681289 ) ) ;
#9355 =( NAMED_UNIT ( * ) PLANE_ANGLE_UNIT ( ) SI_UNIT ( $, .RADIAN. ) );
#9356 = EDGE_CURVE ( 'NONE', #8129, #319, #1471, .T. ) ;
#9357 = DIRECTION ( 'NONE',  ( -1.000000000000000000, -0.000000000000000000, -0.000000000000000000 ) ) ;
#9358 = SURFACE_STYLE_USAGE ( .BOTH. , #3077 ) ;
#9359 = DIRECTION ( 'NONE',  ( -1.000000000000000000, -0.000000000000000000, -0.000000000000000000 ) ) ;
#9360 = VECTOR ( 'NONE', #7134, 1000.000000000000000 ) ;
#9361 = EDGE_LOOP ( 'NONE', ( #8607, #8165, #7396, #7702 ) ) ;
#9362 = EDGE_LOOP ( 'NONE', ( #6834, #3305, #8755, #5623 ) ) ;
#9363 = EDGE_CURVE ( 'NONE', #805, #2696, #4271, .T. ) ;
#9364 = DIRECTION ( 'NONE',  ( 0.000000000000000000, 0.000000000000000000, 1.000000000000000000 ) ) ;
#9365 = VERTEX_POINT ( 'NONE', #7038 ) ;
#9366 = VECTOR ( 'NONE', #2655, 1000.000000000000000 ) ;
#9367 = CIRCLE ( 'NONE', #4250, 0.09999926906049255715 ) ;
#9368 = DIRECTION ( 'NONE',  ( 0.000000000000000000, 0.1736483871527386424, 0.9848077160741850467 ) ) ;
#9369 = VERTEX_POINT ( 'NONE', #6368 ) ;
#9370 = DIRECTION ( 'NONE',  ( -1.000000000000000000, -0.000000000000000000, -0.000000000000000000 ) ) ;
#9371 =( LENGTH_UNIT ( ) NAMED_UNIT ( * ) SI_UNIT ( .MILLI., .METRE. ) );
#9372 = CIRCLE ( 'NONE', #6077, 0.3999999110189944584 ) ;
#9373 = FACE_OUTER_BOUND ( 'NONE', #3631, .T. ) ;
#9374 = VERTEX_POINT ( 'NONE', #4029 ) ;
#9375 = PRESENTATION_STYLE_ASSIGNMENT (( #8742 ) ) ;
#9376 = PRESENTATION_LAYER_ASSIGNMENT (  '', '', ( #1963 ) ) ;
#9377 = EDGE_CURVE ( 'NONE', #8129, #4815, #6419, .T. ) ;
#9378 = FACE_OUTER_BOUND ( 'NONE', #6011, .T. ) ;
#9379 =( NAMED_UNIT ( * ) PLANE_ANGLE_UNIT ( ) SI_UNIT ( $, .RADIAN. ) );
#9380 = DIRECTION ( 'NONE',  ( 0.000000000000000000, 0.000000000000000000, -1.000000000000000000 ) ) ;
#9381 = MECHANICAL_DESIGN_GEOMETRIC_PRESENTATION_REPRESENTATION (  '', ( #8867 ), #6752 ) ;
#9382 = LINE ( 'NONE', #3097, #7650 ) ;
#9383 =( NAMED_UNIT ( * ) SI_UNIT ( $, .STERADIAN. ) SOLID_ANGLE_UNIT ( ) );
#9384 = CARTESIAN_POINT ( 'NONE',  ( -45.00000000000000000, 7.523180373798187048, 32.44053797435041275 ) ) ;
#9385 = STYLED_ITEM ( 'NONE', ( #5040 ), #9229 ) ;
#9386 = SURFACE_SIDE_STYLE ('',( #6344 ) ) ;
#9387 = ORIENTED_EDGE ( 'NONE', *, *, #1861, .F. ) ;
#9388 = VERTEX_POINT ( 'NONE', #1721 ) ;
#9389 = MECHANICAL_DESIGN_GEOMETRIC_PRESENTATION_REPRESENTATION (  '', ( #5105 ), #8877 ) ;
#9390 = FACE_OUTER_BOUND ( 'NONE', #2600, .T. ) ;
#9391 =( LENGTH_UNIT ( ) NAMED_UNIT ( * ) SI_UNIT ( .MILLI., .METRE. ) );
#9392 = ORIENTED_EDGE ( 'NONE', *, *, #9250, .T. ) ;
#9393 = CARTESIAN_POINT ( 'NONE',  ( 45.00000000000000000, 8.593207034253463661, -32.67945792968287577 ) ) ;
#9394 = STYLED_ITEM ( 'NONE', ( #6947 ), #30 ) ;
#9395 = ORIENTED_EDGE ( 'NONE', *, *, #342, .T. ) ;
#9396 = LINE ( 'NONE', #1459, #4828 ) ;
#9397 = CARTESIAN_POINT ( 'NONE',  ( 45.00000000000000000, -7.959230667774402690, -33.00999816560362632 ) ) ;
#9398 = VERTEX_POINT ( 'NONE', #7086 ) ;
#9399 = MECHANICAL_DESIGN_GEOMETRIC_PRESENTATION_REPRESENTATION (  '', ( #9562 ), #5596 ) ;
#9401 = CIRCLE ( 'NONE', #7092, 1.999999999999432898 ) ;
#9400 = CIRCLE ( 'NONE', #9057, 0.3999999110188418028 ) ;
#9402 = DIRECTION ( 'NONE',  ( 1.000000000000000000, 0.000000000000000000, 0.000000000000000000 ) ) ;
#9403 = DIRECTION ( 'NONE',  ( 0.000000000000000000, -0.003648315352221622159, 0.9999933448754000365 ) ) ;
#9404 = ADVANCED_FACE ( 'NONE', ( #156 ), #2446, .F. ) ;
#9405 =( NAMED_UNIT ( * ) SI_UNIT ( $, .STERADIAN. ) SOLID_ANGLE_UNIT ( ) );
#9406 = ORIENTED_EDGE ( 'NONE', *, *, #8789, .T. ) ;
#9407 = AXIS2_PLACEMENT_3D ( 'NONE', #3610, #2832, #1335 ) ;
#9408 = DIRECTION ( 'NONE',  ( -1.000000000000000000, -0.000000000000000000, -0.000000000000000000 ) ) ;
#9409 = PRESENTATION_LAYER_ASSIGNMENT (  '', '', ( #7580 ) ) ;
#9410 = COLOUR_RGB ( '',0.8980392156862745390, 0.9176470588235293713, 0.9294117647058823817 ) ;
#9411 = CARTESIAN_POINT ( 'NONE',  ( 45.00000000000000000, -5.907328127369855686, -32.44053797435037723 ) ) ;
#9412 = FILL_AREA_STYLE_COLOUR ( '', #2980 ) ;
#9413 = FILL_AREA_STYLE ('',( #1573 ) ) ;
#9414 = AXIS2_PLACEMENT_3D ( 'NONE', #6124, #8437, #3701 ) ;
#9415 = DIRECTION ( 'NONE',  ( 0.000000000000000000, -0.1736483871527386424, -0.9848077160741850467 ) ) ;
#9416 = VERTEX_POINT ( 'NONE', #9566 ) ;
#9417 = VERTEX_POINT ( 'NONE', #2349 ) ;
#9418 = ORIENTED_EDGE ( 'NONE', *, *, #3968, .T. ) ;
#9419 = ADVANCED_FACE ( 'NONE', ( #3880 ), #7802, .F. ) ;
#9420 = CARTESIAN_POINT ( 'NONE',  ( -45.00000000000000000, 9.575082914202827311, 33.00999816560368316 ) ) ;
#9421 = CARTESIAN_POINT ( 'NONE',  ( -45.00000000000000000, 11.19093498538098430, -32.60999837446188820 ) ) ;
#9422 = DIRECTION ( 'NONE',  ( 0.000000000000000000, -0.1736492263815938297, 0.9848075680949420763 ) ) ;
#9423 = PRODUCT_DEFINITION ( 'н╢', '', #5636, #3245 ) ;
#9424 = SURFACE_SIDE_STYLE ('',( #1009 ) ) ;
#9425 = FILL_AREA_STYLE ('',( #2830 ) ) ;
#9426 = VERTEX_POINT ( 'NONE', #7861 ) ;
#9427 = UNCERTAINTY_MEASURE_WITH_UNIT (LENGTH_MEASURE( 1.000000000000000082E-05 ), #5302, 'distance_accuracy_value', 'NONE');
#9428 = CARTESIAN_POINT ( 'NONE',  ( -45.00000000000000000, -3.351728319253076016, -33.00999785231633155 ) ) ;
#9429 = DIRECTION ( 'NONE',  ( 0.000000000000000000, -8.681838798992459358E-07, 0.9999999999996231903 ) ) ;
#9430 = CYLINDRICAL_SURFACE ( 'NONE', #8539, 0.4000000000000253353 ) ;
#9431 = EDGE_LOOP ( 'NONE', ( #8173, #8549, #8936, #4207 ) ) ;
#9432 = DIRECTION ( 'NONE',  ( -1.000000000000000000, -0.000000000000000000, -0.000000000000000000 ) ) ;
#9433 = DIRECTION ( 'NONE',  ( 0.000000000000000000, 0.000000000000000000, 1.000000000000000000 ) ) ;
#9434 = CARTESIAN_POINT ( 'NONE',  ( 45.00000000000000000, -12.37073395851987456, 32.44053839206689815 ) ) ;
#9435 = EDGE_CURVE ( 'NONE', #9021, #7236, #7083, .T. ) ;
#9436 = DIRECTION ( 'NONE',  ( 0.000000000000000000, 0.000000000000000000, -1.000000000000000000 ) ) ;
#9437 = FACE_OUTER_BOUND ( 'NONE', #9968, .T. ) ;
#9438 = VERTEX_POINT ( 'NONE', #3971 ) ;
#9439 = EDGE_LOOP ( 'NONE', ( #822, #2929, #2202, #10142 ) ) ;
#9440 = DIRECTION ( 'NONE',  ( 0.000000000000000000, -0.000000000000000000, -1.000000000000000000 ) ) ;
#9441 = FILL_AREA_STYLE ('',( #8652 ) ) ;
#9442 = ORIENTED_EDGE ( 'NONE', *, *, #8456, .F. ) ;
#9443 = DIRECTION ( 'NONE',  ( 0.000000000000000000, 0.000000000000000000, 1.000000000000000000 ) ) ;
#9444 = LINE ( 'NONE', #7068, #7374 ) ;
#9445 =( NAMED_UNIT ( * ) PLANE_ANGLE_UNIT ( ) SI_UNIT ( $, .RADIAN. ) );
#9446 = CARTESIAN_POINT ( 'NONE',  ( -45.00000000000000000, -9.575082125561905855, -32.60999827003275442 ) ) ;
#9447 = EDGE_LOOP ( 'NONE', ( #7160, #3966, #4034, #8587 ) ) ;
#9448 = ORIENTED_EDGE ( 'NONE', *, *, #8955, .F. ) ;
#9449 = FACE_OUTER_BOUND ( 'NONE', #188, .T. ) ;
#9450 = DIRECTION ( 'NONE',  ( -0.000000000000000000, 0.9999933448754000365, 0.003648315352221622159 ) ) ;
#9451 = EDGE_CURVE ( 'NONE', #5670, #8728, #7743, .T. ) ;
#9452 = DIRECTION ( 'NONE',  ( -1.000000000000000000, -0.000000000000000000, -0.000000000000000000 ) ) ;
#9453 = ORIENTED_EDGE ( 'NONE', *, *, #5479, .T. ) ;
#9454 = VECTOR ( 'NONE', #3864, 1000.000000000000000 ) ;
#9455 = CARTESIAN_POINT ( 'NONE',  ( -45.00000000000000000, 0.5560780051777099997, -32.44053766106308245 ) ) ;
#9456 = CARTESIAN_POINT ( 'NONE',  ( 45.00000000000000000, -12.80678454343816419, -33.00999847889061556 ) ) ;
#9457 = COLOUR_RGB ( '',0.8980392156862745390, 0.9176470588235293713, 0.9294117647058823817 ) ;
#9458 = LINE ( 'NONE', #8724, #6665 ) ;
#9459 = DIRECTION ( 'NONE',  ( -0.000000000000000000, 0.9848077160741794955, 0.1736483871527704503 ) ) ;
#9460 = LINE ( 'NONE', #4871, #2706 ) ;
#9461 = EDGE_CURVE ( 'NONE', #9497, #2674, #8872, .T. ) ;
#9462 = CIRCLE ( 'NONE', #2537, 0.3999999110189944584 ) ;
#9463 = AXIS2_PLACEMENT_3D ( 'NONE', #6966, #6341, #3099 ) ;
#9464 = DIRECTION ( 'NONE',  ( 0.000000000000000000, 0.000000000000000000, -1.000000000000000000 ) ) ;
#9465 = SURFACE_STYLE_FILL_AREA ( #10118 ) ;
#9466 =( GEOMETRIC_REPRESENTATION_CONTEXT ( 3 ) GLOBAL_UNCERTAINTY_ASSIGNED_CONTEXT ( ( #423 ) ) GLOBAL_UNIT_ASSIGNED_CONTEXT ( ( #610, #6234, #9383 ) ) REPRESENTATION_CONTEXT ( 'NONE', 'WORKASPACE' ) );
#9467 = ORIENTED_EDGE ( 'NONE', *, *, #10080, .F. ) ;
#9468 = VERTEX_POINT ( 'NONE', #9033 ) ;
#9469 = DIRECTION ( 'NONE',  ( -1.000000000000000000, -0.000000000000000000, -0.000000000000000000 ) ) ;
#9470 = VECTOR ( 'NONE', #3118, 1000.000000000000000 ) ;
#9471 =( GEOMETRIC_REPRESENTATION_CONTEXT ( 3 ) GLOBAL_UNCERTAINTY_ASSIGNED_CONTEXT ( ( #9821 ) ) GLOBAL_UNIT_ASSIGNED_CONTEXT ( ( #8947, #6594, #6808 ) ) REPRESENTATION_CONTEXT ( 'NONE', 'WORKASPACE' ) );
#9472 = AXIS2_PLACEMENT_3D ( 'NONE', #3414, #9637, #6447 ) ;
#9473 = CARTESIAN_POINT ( 'NONE',  ( 45.00000000000000000, -3.787779518721147820, -32.44053786992127897 ) ) ;
#9474 = CARTESIAN_POINT ( 'NONE',  ( 45.00000000000000000, 11.73786989656989732, 28.97153247478735949 ) ) ;
#9475 = CIRCLE ( 'NONE', #5028, 0.2000000000000751177 ) ;
#9476 = EDGE_LOOP ( 'NONE', ( #9910, #6668, #741, #7287 ) ) ;
#9477 =( LENGTH_UNIT ( ) NAMED_UNIT ( * ) SI_UNIT ( .MILLI., .METRE. ) );
#9478 = EDGE_CURVE ( 'NONE', #5641, #2008, #5891, .T. ) ;
#9479 =( GEOMETRIC_REPRESENTATION_CONTEXT ( 3 ) GLOBAL_UNCERTAINTY_ASSIGNED_CONTEXT ( ( #4240 ) ) GLOBAL_UNIT_ASSIGNED_CONTEXT ( ( #246, #4847, #7212 ) ) REPRESENTATION_CONTEXT ( 'NONE', 'WORKASPACE' ) );
#9480 =( LENGTH_UNIT ( ) NAMED_UNIT ( * ) SI_UNIT ( .MILLI., .METRE. ) );
#9481 = AXIS2_PLACEMENT_3D ( 'NONE', #9585, #5760, #811 ) ;
#9482 = ORIENTED_EDGE ( 'NONE', *, *, #3661, .T. ) ;
#9483 = MECHANICAL_DESIGN_GEOMETRIC_PRESENTATION_REPRESENTATION (  '', ( #8779 ), #3710 ) ;
#9484 = AXIS2_PLACEMENT_3D ( 'NONE', #9920, #10018, #542 ) ;
#9485 = CARTESIAN_POINT ( 'NONE',  ( -45.00000000000000000, 2.717754610013814798, -32.67945720717746383 ) ) ;
#9486 = DIRECTION ( 'NONE',  ( -0.000000000000000000, 0.1736483871527950140, -0.9848077160741750546 ) ) ;
#9487 = ORIENTED_EDGE ( 'NONE', *, *, #8628, .F. ) ;
#9488 = FACE_OUTER_BOUND ( 'NONE', #6257, .T. ) ;
#9489 = PRESENTATION_LAYER_ASSIGNMENT (  '', '', ( #6197 ) ) ;
#9490 = PRESENTATION_STYLE_ASSIGNMENT (( #8030 ) ) ;
#9491 = CARTESIAN_POINT ( 'NONE',  ( -45.00000000000000000, -11.23786907645464872, -28.97153296468694705 ) ) ;
#9492 = LINE ( 'NONE', #4736, #4520 ) ;
#9493 = EDGE_CURVE ( 'NONE', #3726, #2562, #7238, .T. ) ;
#9494 = ORIENTED_EDGE ( 'NONE', *, *, #10101, .T. ) ;
#9495 = COLOUR_RGB ( '',0.8980392156862745390, 0.9176470588235293713, 0.9294117647058823817 ) ;
#9496 =( NAMED_UNIT ( * ) SI_UNIT ( $, .STERADIAN. ) SOLID_ANGLE_UNIT ( ) );
#9497 = VERTEX_POINT ( 'NONE', #7436 ) ;
#9498 = FILL_AREA_STYLE_COLOUR ( '', #4245 ) ;
#9499 = EDGE_CURVE ( 'NONE', #782, #6844, #311, .T. ) ;
#9500 = DIRECTION ( 'NONE',  ( -0.000000000000000000, 0.9999992123182348536, -0.001255134618152138398 ) ) ;
#9501 = LINE ( 'NONE', #2580, #3589 ) ;
#9502 = DIRECTION ( 'NONE',  ( 0.000000000000000000, 1.000000000000000000, 0.000000000000000000 ) ) ;
#9503 =( LENGTH_UNIT ( ) NAMED_UNIT ( * ) SI_UNIT ( .MILLI., .METRE. ) );
#9504 =( NAMED_UNIT ( * ) PLANE_ANGLE_UNIT ( ) SI_UNIT ( $, .RADIAN. ) );
#9505 = ORIENTED_EDGE ( 'NONE', *, *, #8756, .F. ) ;
#9506 = VECTOR ( 'NONE', #187, 1000.000000000000000 ) ;
#9507 = ORIENTED_EDGE ( 'NONE', *, *, #625, .T. ) ;
#9508 = CARTESIAN_POINT ( 'NONE',  ( 45.00000000000000000, 2.717754610013814798, -32.67945720717746383 ) ) ;
#9509 = DIRECTION ( 'NONE',  ( -1.000000000000000000, 0.000000000000000000, -0.000000000000000000 ) ) ;
#9510 = CARTESIAN_POINT ( 'NONE',  ( 45.00000000000000000, 9.815134939044030560, 33.00999816560368316 ) ) ;
#9511 = ADVANCED_FACE ( 'NONE', ( #8057 ), #6616, .F. ) ;
#9512 = ORIENTED_EDGE ( 'NONE', *, *, #342, .F. ) ;
#9513 = LINE ( 'NONE', #1419, #8188 ) ;
#9514 = VECTOR ( 'NONE', #2244, 1000.000000000000000 ) ;
#9515 = DIRECTION ( 'NONE',  ( -0.000000000000000000, -1.000000000000000000, -0.000000000000000000 ) ) ;
#9516 = FILL_AREA_STYLE_COLOUR ( '', #3376 ) ;
#9517 = FILL_AREA_STYLE ('',( #7282 ) ) ;
#9518 = AXIS2_PLACEMENT_3D ( 'NONE', #3721, #5119, #4492 ) ;
#9519 = DIRECTION ( 'NONE',  ( -0.000000000000000000, 0.000000000000000000, 1.000000000000000000 ) ) ;
#9520 = ORIENTED_EDGE ( 'NONE', *, *, #4730, .T. ) ;
#9521 = ORIENTED_EDGE ( 'NONE', *, *, #7783, .F. ) ;
#9522 = CARTESIAN_POINT ( 'NONE',  ( -45.00000000000000000, 11.19093437199039975, 33.00999827003280274 ) ) ;
#9523 = EDGE_CURVE ( 'NONE', #8537, #9180, #4226, .T. ) ;
#9524 = DIRECTION ( 'NONE',  ( 0.000000000000000000, 0.000000000000000000, -1.000000000000000000 ) ) ;
#9525 = ORIENTED_EDGE ( 'NONE', *, *, #336, .F. ) ;
#9526 = SURFACE_STYLE_FILL_AREA ( #73 ) ;
#9527 = ORIENTED_EDGE ( 'NONE', *, *, #10131, .T. ) ;
#9528 = LINE ( 'NONE', #856, #4296 ) ;
#9529 = SURFACE_SIDE_STYLE ('',( #4732 ) ) ;
#9530 = CIRCLE ( 'NONE', #5087, 0.3999999999999767630 ) ;
#9531 = EDGE_CURVE ( 'NONE', #9468, #9021, #4623, .T. ) ;
#9532 = ORIENTED_EDGE ( 'NONE', *, *, #3846, .F. ) ;
#9533 = FILL_AREA_STYLE_COLOUR ( '', #744 ) ;
#9534 = SURFACE_SIDE_STYLE ('',( #5559 ) ) ;
#9535 = CARTESIAN_POINT ( 'NONE',  ( 45.00000000000000000, 0.5560780051777099997, -32.44053766106308245 ) ) ;
#9536 =( NAMED_UNIT ( * ) PLANE_ANGLE_UNIT ( ) SI_UNIT ( $, .RADIAN. ) );
#9537 = FILL_AREA_STYLE_COLOUR ( '', #8313 ) ;
#9538 = MECHANICAL_DESIGN_GEOMETRIC_PRESENTATION_REPRESENTATION (  '', ( #9028 ), #467 ) ;
#9539 = ORIENTED_EDGE ( 'NONE', *, *, #7355, .F. ) ;
#9540 = SURFACE_STYLE_USAGE ( .BOTH. , #5146 ) ;
#9541 = CIRCLE ( 'NONE', #4935, 0.3999999999999767630 ) ;
#9542 =( NAMED_UNIT ( * ) SI_UNIT ( $, .STERADIAN. ) SOLID_ANGLE_UNIT ( ) );
#9543 = EDGE_CURVE ( 'NONE', #8021, #7849, #2596, .T. ) ;
#9544 = LINE ( 'NONE', #4700, #3448 ) ;
#9545 = AXIS2_PLACEMENT_3D ( 'NONE', #7357, #499, #5150 ) ;
#9546 = DIRECTION ( 'NONE',  ( -1.000000000000000000, -0.000000000000000000, -0.000000000000000000 ) ) ;
#9547 = DIRECTION ( 'NONE',  ( -1.000000000000000000, -0.000000000000000000, -0.000000000000000000 ) ) ;
#9548 =( NAMED_UNIT ( * ) PLANE_ANGLE_UNIT ( ) SI_UNIT ( $, .RADIAN. ) );
#9549 = VERTEX_POINT ( 'NONE', #8983 ) ;
#9550 = AXIS2_PLACEMENT_3D ( 'NONE', #3295, #6586, #5653 ) ;
#9551 = EDGE_CURVE ( 'NONE', #172, #2353, #7749, .T. ) ;
#9552 =( NAMED_UNIT ( * ) SI_UNIT ( $, .STERADIAN. ) SOLID_ANGLE_UNIT ( ) );
#9553 = PRESENTATION_STYLE_ASSIGNMENT (( #4657 ) ) ;
#9554 = STYLED_ITEM ( 'NONE', ( #4286 ), #182 ) ;
#9555 = DIRECTION ( 'NONE',  ( 0.000000000000000000, 0.000000000000000000, -1.000000000000000000 ) ) ;
#9556 = LINE ( 'NONE', #8665, #8685 ) ;
#9557 = ORIENTED_EDGE ( 'NONE', *, *, #6459, .T. ) ;
#9558 = VECTOR ( 'NONE', #4573, 1000.000000000000000 ) ;
#9559 =( NAMED_UNIT ( * ) SI_UNIT ( $, .STERADIAN. ) SOLID_ANGLE_UNIT ( ) );
#9560 = DIRECTION ( 'NONE',  ( -1.000000000000000000, -0.000000000000000000, -0.000000000000000000 ) ) ;
#9561 = FACE_OUTER_BOUND ( 'NONE', #6791, .T. ) ;
#9562 = STYLED_ITEM ( 'NONE', ( #8928 ), #235 ) ;
#9563 = VECTOR ( 'NONE', #1941, 1000.000000000000114 ) ;
#9564 = FILL_AREA_STYLE ('',( #107 ) ) ;
#9565 = EDGE_CURVE ( 'NONE', #7187, #2700, #6671, .T. ) ;
#9566 = CARTESIAN_POINT ( 'NONE',  ( -45.00000000000000000, 14.24999945824050052, -28.28824096683820599 ) ) ;
#9567 = SURFACE_STYLE_USAGE ( .BOTH. , #8527 ) ;
#9568 = DIRECTION ( 'NONE',  ( -0.000000000000000000, 0.1736492263815938297, 0.9848075680949420763 ) ) ;
#9569 = CARTESIAN_POINT ( 'NONE',  ( 45.00000000000000000, 11.43098701022217334, -32.60999846344037678 ) ) ;
#9570 = DIRECTION ( 'NONE',  ( -0.000000000000000000, 0.1736483871527704503, -0.9848077160741792735 ) ) ;
#9571 = ORIENTED_EDGE ( 'NONE', *, *, #10022, .F. ) ;
#9572 = PRESENTATION_LAYER_ASSIGNMENT (  '', '', ( #3790 ) ) ;
#9573 = ORIENTED_EDGE ( 'NONE', *, *, #1497, .T. ) ;
#9574 = AXIS2_PLACEMENT_3D ( 'NONE', #899, #8731, #9614 ) ;
#9575 =( NAMED_UNIT ( * ) PLANE_ANGLE_UNIT ( ) SI_UNIT ( $, .RADIAN. ) );
#9576 = VERTEX_POINT ( 'NONE', #2797 ) ;
#9577 = CARTESIAN_POINT ( 'NONE',  ( 45.00000000000000000, 10.80145147428094177, -29.72866197357683404 ) ) ;
#9578 = SURFACE_STYLE_FILL_AREA ( #852 ) ;
#9579 = ORIENTED_EDGE ( 'NONE', *, *, #8648, .T. ) ;
#9580 = DIRECTION ( 'NONE',  ( 1.000000000000000000, 0.000000000000000000, 0.000000000000000000 ) ) ;
#9581 = DIRECTION ( 'NONE',  ( -1.000000000000000000, -0.000000000000000000, -0.000000000000000000 ) ) ;
#9582 = ORIENTED_EDGE ( 'NONE', *, *, #7012, .T. ) ;
#9583 = ADVANCED_FACE ( 'NONE', ( #1779 ), #1044, .F. ) ;
#9584 = DIRECTION ( 'NONE',  ( 0.000000000000000000, 0.000000000000000000, -1.000000000000000000 ) ) ;
#9585 = CARTESIAN_POINT ( 'NONE',  ( 45.00000000000000000, 9.900134291210605397, -29.82752931517285688 ) ) ;
#9586 = FILL_AREA_STYLE ('',( #4049 ) ) ;
#9587 = CARTESIAN_POINT ( 'NONE',  ( 45.00000000000000000, 11.90137936516297756, 29.09155623254125445 ) ) ;
#9588 = PRESENTATION_STYLE_ASSIGNMENT (( #1753 ) ) ;
#9589 = CARTESIAN_POINT ( 'NONE',  ( -45.00000000000000000, 4.333606067801323292, -32.67945731160656919 ) ) ;
#9590 = DIRECTION ( 'NONE',  ( -1.000000000000000000, -0.000000000000000000, -0.000000000000000000 ) ) ;
#9591 = VERTEX_POINT ( 'NONE', #7688 ) ;
#9592 = EDGE_CURVE ( 'NONE', #793, #709, #6931, .T. ) ;
#9593 = FILL_AREA_STYLE ('',( #6452 ) ) ;
#9594 = PLANE ( 'NONE',  #802 ) ;
#9595 = DIRECTION ( 'NONE',  ( 1.000000000000000000, 0.000000000000000000, 0.000000000000000000 ) ) ;
#9596 = DIRECTION ( 'NONE',  ( -1.000000000000000000, -0.000000000000000000, -0.000000000000000000 ) ) ;
#9597 = DIRECTION ( 'NONE',  ( -1.000000000000000000, 0.000000000000000000, -0.000000000000000000 ) ) ;
#9598 = SURFACE_STYLE_USAGE ( .BOTH. , #8000 ) ;
#9599 = VERTEX_POINT ( 'NONE', #1464 ) ;
#9600 = CYLINDRICAL_SURFACE ( 'NONE', #699, 0.4000000000000253353 ) ;
#9601 = SURFACE_STYLE_FILL_AREA ( #8859 ) ;
#9602 = DIRECTION ( 'NONE',  ( 0.000000000000000000, 0.9848075680949307520, -0.1736492263816585280 ) ) ;
#9603 = ORIENTED_EDGE ( 'NONE', *, *, #1908, .T. ) ;
#9604 = EDGE_CURVE ( 'NONE', #9180, #5689, #9295, .T. ) ;
#9605 = SURFACE_STYLE_USAGE ( .BOTH. , #147 ) ;
#9606 = CARTESIAN_POINT ( 'NONE',  ( 45.00000000000000000, 5.403632378540224934, -32.44053797435039144 ) ) ;
#9607 = CARTESIAN_POINT ( 'NONE',  ( 45.00000000000000000, 12.37073474716087951, 32.44053828763777858 ) ) ;
#9608 =( NAMED_UNIT ( * ) PLANE_ANGLE_UNIT ( ) SI_UNIT ( $, .RADIAN. ) );
#9609 = CIRCLE ( 'NONE', #8266, 2.000000000000008882 ) ;
#9610 = DIRECTION ( 'NONE',  ( 1.000000000000000000, 0.000000000000000000, 0.000000000000000000 ) ) ;
#9611 =( NAMED_UNIT ( * ) SI_UNIT ( $, .STERADIAN. ) SOLID_ANGLE_UNIT ( ) );
#9612 = CARTESIAN_POINT ( 'NONE',  ( 45.00000000000000000, -4.967579777040316280, 32.60999804572391270 ) ) ;
#9613 = ORIENTED_EDGE ( 'NONE', *, *, #2702, .F. ) ;
#9614 = DIRECTION ( 'NONE',  ( 0.000000000000000000, 0.000000000000000000, -1.000000000000000000 ) ) ;
#9615 = ORIENTED_EDGE ( 'NONE', *, *, #3091, .T. ) ;
#9616 = EDGE_CURVE ( 'NONE', #400, #7225, #6982, .T. ) ;
#9617 =( NAMED_UNIT ( * ) PLANE_ANGLE_UNIT ( ) SI_UNIT ( $, .RADIAN. ) );
#9618 = PRESENTATION_STYLE_ASSIGNMENT (( #1884 ) ) ;
#9619 = DIRECTION ( 'NONE',  ( 0.000000000000000000, 0.000000000000000000, 1.000000000000000000 ) ) ;
#9620 =( GEOMETRIC_REPRESENTATION_CONTEXT ( 3 ) GLOBAL_UNCERTAINTY_ASSIGNED_CONTEXT ( ( #4572 ) ) GLOBAL_UNIT_ASSIGNED_CONTEXT ( ( #4566, #2142, #3023 ) ) REPRESENTATION_CONTEXT ( 'NONE', 'WORKASPACE' ) );
#9621 = ORIENTED_EDGE ( 'NONE', *, *, #5081, .T. ) ;
#9622 = PRESENTATION_LAYER_ASSIGNMENT (  '', '', ( #3381 ) ) ;
#9623 = SURFACE_STYLE_FILL_AREA ( #4040 ) ;
#9624 = COLOUR_RGB ( '',0.8980392156862745390, 0.9176470588235293713, 0.9294117647058823817 ) ;
#9625 = ORIENTED_EDGE ( 'NONE', *, *, #6056, .F. ) ;
#9626 = VECTOR ( 'NONE', #106, 1000.000000000000000 ) ;
#9627 = UNCERTAINTY_MEASURE_WITH_UNIT (LENGTH_MEASURE( 1.000000000000000082E-05 ), #723, 'distance_accuracy_value', 'NONE');
#9628 = DIRECTION ( 'NONE',  ( -1.000000000000000000, -0.000000000000000000, -0.000000000000000000 ) ) ;
#9629 =( NAMED_UNIT ( * ) PLANE_ANGLE_UNIT ( ) SI_UNIT ( $, .RADIAN. ) );
#9630 = STYLED_ITEM ( 'NONE', ( #5960 ), #3075 ) ;
#9631 = STYLED_ITEM ( 'NONE', ( #5682 ), #6954 ) ;
#9632 = PRESENTATION_LAYER_ASSIGNMENT (  '', '', ( #6483 ) ) ;
#9633 =( NAMED_UNIT ( * ) PLANE_ANGLE_UNIT ( ) SI_UNIT ( $, .RADIAN. ) );
#9634 = DIRECTION ( 'NONE',  ( 0.000000000000000000, 0.000000000000000000, 1.000000000000000000 ) ) ;
#9635 = ADVANCED_FACE ( 'NONE', ( #5277 ), #6047, .T. ) ;
#9636 = AXIS2_PLACEMENT_3D ( 'NONE', #7847, #7788, #1606 ) ;
#9637 = DIRECTION ( 'NONE',  ( -1.000000000000000000, -0.000000000000000000, -0.000000000000000000 ) ) ;
#9638 = CARTESIAN_POINT ( 'NONE',  ( 45.00000000000000000, 8.199284094647168786, -32.60999825458215895 ) ) ;
#9639 = COLOUR_RGB ( '',0.8980392156862745390, 0.9176470588235293713, 0.9294117647058823817 ) ;
#9640 = VECTOR ( 'NONE', #3087, 1000.000000000000000 ) ;
#9641 = ORIENTED_EDGE ( 'NONE', *, *, #9931, .F. ) ;
#9642 = STYLED_ITEM ( 'NONE', ( #5865 ), #3812 ) ;
#9643 = SURFACE_STYLE_USAGE ( .BOTH. , #1024 ) ;
#9644 = SURFACE_STYLE_USAGE ( .BOTH. , #3468 ) ;
#9645 = VECTOR ( 'NONE', #1345, 1000.000000000000000 ) ;
#9646 =( GEOMETRIC_REPRESENTATION_CONTEXT ( 3 ) GLOBAL_UNCERTAINTY_ASSIGNED_CONTEXT ( ( #1886 ) ) GLOBAL_UNIT_ASSIGNED_CONTEXT ( ( #3992, #7151, #7255 ) ) REPRESENTATION_CONTEXT ( 'NONE', 'WORKASPACE' ) );
#9647 = ORIENTED_EDGE ( 'NONE', *, *, #10029, .F. ) ;
#9648 =( NAMED_UNIT ( * ) PLANE_ANGLE_UNIT ( ) SI_UNIT ( $, .RADIAN. ) );
#9649 = CARTESIAN_POINT ( 'NONE',  ( 45.00000000000000000, -10.30018239783462342, 30.07663326162924378 ) ) ;
#9650 = VECTOR ( 'NONE', #9201, 1000.000000000000000 ) ;
#9651 = LINE ( 'NONE', #2486, #5170 ) ;
#9652 = EDGE_CURVE ( 'NONE', #535, #5273, #678, .T. ) ;
#9653 = ORIENTED_EDGE ( 'NONE', *, *, #9616, .T. ) ;
#9654 = AXIS2_PLACEMENT_3D ( 'NONE', #130, #4095, #4943 ) ;
#9655 =( NAMED_UNIT ( * ) PLANE_ANGLE_UNIT ( ) SI_UNIT ( $, .RADIAN. ) );
#9656 = FILL_AREA_STYLE_COLOUR ( '', #7992 ) ;
#9657 = STYLED_ITEM ( 'NONE', ( #376 ), #6816 ) ;
#9658 = DIRECTION ( 'NONE',  ( -1.000000000000000000, 0.000000000000000000, -0.000000000000000000 ) ) ;
#9659 = EDGE_CURVE ( 'NONE', #1360, #2325, #9248, .T. ) ;
#9660 = CARTESIAN_POINT ( 'NONE',  ( 45.00000000000000000, -7.480134739806465483, 31.02000000000007418 ) ) ;
#9661 = ORIENTED_EDGE ( 'NONE', *, *, #4775, .T. ) ;
#9662 = DIRECTION ( 'NONE',  ( 0.000000000000000000, -1.000000000000000000, 0.000000000000000000 ) ) ;
#9663 = DIRECTION ( 'NONE',  ( 1.000000000000000000, 0.000000000000000000, 0.000000000000000000 ) ) ;
#9664 =( LENGTH_UNIT ( ) NAMED_UNIT ( * ) SI_UNIT ( .MILLI., .METRE. ) );
#9665 =( NAMED_UNIT ( * ) SI_UNIT ( $, .STERADIAN. ) SOLID_ANGLE_UNIT ( ) );
#9666 = DIRECTION ( 'NONE',  ( -0.000000000000000000, 1.000000000000000000, -0.000000000000000000 ) ) ;
#9667 = ORIENTED_EDGE ( 'NONE', *, *, #414, .F. ) ;
#9668 = ORIENTED_EDGE ( 'NONE', *, *, #9166, .T. ) ;
#9669 = ORIENTED_EDGE ( 'NONE', *, *, #7173, .F. ) ;
#9670 = ORIENTED_EDGE ( 'NONE', *, *, #9363, .T. ) ;
#9671 = CARTESIAN_POINT ( 'NONE',  ( 45.00000000000000000, 1.495826238655951990, -33.00999774788724039 ) ) ;
#9672 = EDGE_CURVE ( 'NONE', #358, #1953, #3068, .T. ) ;
#9673 = DIRECTION ( 'NONE',  ( 0.000000000000000000, 1.000000000000000000, 0.000000000000000000 ) ) ;
#9674 = DIRECTION ( 'NONE',  ( -1.000000000000000000, -0.000000000000000000, -0.000000000000000000 ) ) ;
#9675 = ORIENTED_EDGE ( 'NONE', *, *, #6940, .F. ) ;
#9676 =( GEOMETRIC_REPRESENTATION_CONTEXT ( 3 ) GLOBAL_UNCERTAINTY_ASSIGNED_CONTEXT ( ( #4985 ) ) GLOBAL_UNIT_ASSIGNED_CONTEXT ( ( #6874, #4275, #5942 ) ) REPRESENTATION_CONTEXT ( 'NONE', 'WORKASPACE' ) );
#9677 = LINE ( 'NONE', #1741, #5202 ) ;
#9678 = ADVANCED_FACE ( 'NONE', ( #9903 ), #5172, .F. ) ;
#9679 = ORIENTED_EDGE ( 'NONE', *, *, #1873, .T. ) ;
#9680 = SURFACE_STYLE_USAGE ( .BOTH. , #7297 ) ;
#9681 = CARTESIAN_POINT ( 'NONE',  ( 45.00000000000000000, 9.139032444976447067, -32.44053818320860216 ) ) ;
#9682 = CARTESIAN_POINT ( 'NONE',  ( -45.00000000000000000, -4.967579777040584510, -33.00999795674542980 ) ) ;
#9683 = DIRECTION ( 'NONE',  ( -0.000000000000000000, -0.1736492263816335757, -0.9848075680949350819 ) ) ;
#9684 = DIRECTION ( 'NONE',  ( -0.000000000000000000, -1.000000000000000000, -3.050063254464735542E-14 ) ) ;
#9685 =( NAMED_UNIT ( * ) SI_UNIT ( $, .STERADIAN. ) SOLID_ANGLE_UNIT ( ) );
#9686 = EDGE_CURVE ( 'NONE', #7205, #7621, #4656, .T. ) ;
#9687 = ORIENTED_EDGE ( 'NONE', *, *, #6650, .F. ) ;
#9688 = VECTOR ( 'NONE', #9500, 1000.000000000000227 ) ;
#9689 = FILL_AREA_STYLE_COLOUR ( '', #677 ) ;
#9690 = CIRCLE ( 'NONE', #6399, 0.3999999110189597640 ) ;
#9691 = ORIENTED_EDGE ( 'NONE', *, *, #5346, .T. ) ;
#9692 = CARTESIAN_POINT ( 'NONE',  ( -45.00000000000000000, 9.139032444976447067, -32.44053818320860216 ) ) ;
#9693 = MECHANICAL_DESIGN_GEOMETRIC_PRESENTATION_REPRESENTATION (  '', ( #1138 ), #6905 ) ;
#9694 = DIRECTION ( 'NONE',  ( 1.000000000000000000, 0.000000000000000000, 0.000000000000000000 ) ) ;
#9695 = CARTESIAN_POINT ( 'NONE',  ( -45.00000000000000000, 12.39937337404180617, 28.68732904992611665 ) ) ;
#9696 = VERTEX_POINT ( 'NONE', #6408 ) ;
#9697 = COLOUR_RGB ( '',0.8980392156862745390, 0.9176470588235293713, 0.9294117647058823817 ) ;
#9698 = EDGE_CURVE ( 'NONE', #9219, #8828, #6444, .T. ) ;
#9699 = DIRECTION ( 'NONE',  ( 0.000000000000000000, 0.000000000000000000, -1.000000000000000000 ) ) ;
#9700 = UNCERTAINTY_MEASURE_WITH_UNIT (LENGTH_MEASURE( 1.000000000000000082E-05 ), #7239, 'distance_accuracy_value', 'NONE');
#9701 = AXIS2_PLACEMENT_3D ( 'NONE', #9732, #8346, #2726 ) ;
#9702 = CARTESIAN_POINT ( 'NONE',  ( 45.00000000000000000, -2.717753207982234187, -32.67945720717744251 ) ) ;
#9703 =( LENGTH_UNIT ( ) NAMED_UNIT ( * ) SI_UNIT ( .MILLI., .METRE. ) );
#9704 = DIRECTION ( 'NONE',  ( 1.000000000000000000, 0.000000000000000000, 0.000000000000000000 ) ) ;
#9705 = ORIENTED_EDGE ( 'NONE', *, *, #1916, .F. ) ;
#9706 = SURFACE_STYLE_FILL_AREA ( #6566 ) ;
#9707 = STYLED_ITEM ( 'NONE', ( #1332 ), #9072 ) ;
#9708 = SURFACE_SIDE_STYLE ('',( #6567 ) ) ;
#9709 = CARTESIAN_POINT ( 'NONE',  ( 45.00000000000000000, -11.23786938901638877, 28.97153265917143372 ) ) ;
#9710 = EDGE_CURVE ( 'NONE', #6917, #9148, #9400, .T. ) ;
#9711 = AXIS2_PLACEMENT_3D ( 'NONE', #3952, #8751, #7110 ) ;
#9712 = VERTEX_POINT ( 'NONE', #4853 ) ;
#9713 = EDGE_LOOP ( 'NONE', ( #863, #6163, #3116, #4235 ) ) ;
#9714 = DIRECTION ( 'NONE',  ( -0.000000000000000000, 0.1736483871527826073, -0.9848077160741772751 ) ) ;
#9715 = ORIENTED_EDGE ( 'NONE', *, *, #5248, .F. ) ;
#9716 = VECTOR ( 'NONE', #8421, 1000.000000000000114 ) ;
#9717 = DIRECTION ( 'NONE',  ( 1.000000000000000000, 0.000000000000000000, -0.000000000000000000 ) ) ;
#9718 = LINE ( 'NONE', #2658, #8784 ) ;
#9719 = UNCERTAINTY_MEASURE_WITH_UNIT (LENGTH_MEASURE( 1.000000000000000082E-05 ), #4669, 'distance_accuracy_value', 'NONE');
#9720 = ORIENTED_EDGE ( 'NONE', *, *, #5389, .T. ) ;
#9721 = CYLINDRICAL_SURFACE ( 'NONE', #2311, 0.3999999110189667029 ) ;
#9722 = DIRECTION ( 'NONE',  ( 0.000000000000000000, 0.000000000000000000, 1.000000000000000000 ) ) ;
#9723 = AXIS2_PLACEMENT_3D ( 'NONE', #1276, #2979, #9916 ) ;
#9724 = ORIENTED_EDGE ( 'NONE', *, *, #5774, .F. ) ;
#9725 = EDGE_CURVE ( 'NONE', #5078, #1476, #2388, .T. ) ;
#9726 = UNCERTAINTY_MEASURE_WITH_UNIT (LENGTH_MEASURE( 1.000000000000000082E-05 ), #6868, 'distance_accuracy_value', 'NONE');
#9727 = SURFACE_SIDE_STYLE ('',( #5602 ) ) ;
#9728 = CIRCLE ( 'NONE', #10051, 0.3999999999999767630 ) ;
#9729 = VECTOR ( 'NONE', #5416, 1000.000000000000000 ) ;
#9730 = FACE_OUTER_BOUND ( 'NONE', #7930, .T. ) ;
#9731 = CARTESIAN_POINT ( 'NONE',  ( -45.00000000000000000, 9.900259803754993371, -29.72753012488123758 ) ) ;
#9732 = CARTESIAN_POINT ( 'NONE',  ( 45.00000000000000000, -10.30145192074349403, 29.72866150388242446 ) ) ;
#9733 = CARTESIAN_POINT ( 'NONE',  ( 45.00000000000000000, -6.583431234827875400, 32.60999815015303938 ) ) ;
#9734 = VERTEX_POINT ( 'NONE', #1709 ) ;
#9735 = SURFACE_STYLE_USAGE ( .BOTH. , #2728 ) ;
#9736 = SURFACE_STYLE_USAGE ( .BOTH. , #6597 ) ;
#9737 = CARTESIAN_POINT ( 'NONE',  ( 45.00000000000000000, -9.575082125561905855, -33.00999827003273879 ) ) ;
#9738 = ORIENTED_EDGE ( 'NONE', *, *, #6126, .T. ) ;
#9739 = SURFACE_STYLE_FILL_AREA ( #2734 ) ;
#9740 = LINE ( 'NONE', #1912, #5681 ) ;
#9741 = EDGE_CURVE ( 'NONE', #7243, #9239, #5473, .T. ) ;
#9742 = SURFACE_SIDE_STYLE ('',( #9787 ) ) ;
#9743 = LINE ( 'NONE', #297, #10121 ) ;
#9744 = SURFACE_SIDE_STYLE ('',( #9601 ) ) ;
#9745 = SURFACE_SIDE_STYLE ('',( #1914 ) ) ;
#9746 = CYLINDRICAL_SURFACE ( 'NONE', #162, 0.5000000000000004441 ) ;
#9747 = PLANE ( 'NONE',  #3329 ) ;
#9748 = ORIENTED_EDGE ( 'NONE', *, *, #4017, .F. ) ;
#9749 =( LENGTH_UNIT ( ) NAMED_UNIT ( * ) SI_UNIT ( .MILLI., .METRE. ) );
#9750 = DIRECTION ( 'NONE',  ( 0.000000000000000000, -0.9999999999906884485, 4.315444322543800932E-06 ) ) ;
#9751 = ORIENTED_EDGE ( 'NONE', *, *, #6630, .F. ) ;
#9752 = FILL_AREA_STYLE ('',( #6615 ) ) ;
#9753 = ADVANCED_FACE ( 'NONE', ( #9449 ), #3165, .F. ) ;
#9754 = CARTESIAN_POINT ( 'NONE',  ( -45.00000000000000000, -3.111676294411882981, -33.00999785231633155 ) ) ;
#9755 = SURFACE_SIDE_STYLE ('',( #4917 ) ) ;
#9756 = FILL_AREA_STYLE_COLOUR ( '', #3690 ) ;
#9757 = FILL_AREA_STYLE_COLOUR ( '', #1296 ) ;
#9758 = STYLED_ITEM ( 'NONE', ( #4962 ), #9843 ) ;
#9759 = FILL_AREA_STYLE ('',( #5027 ) ) ;
#9760 = ORIENTED_EDGE ( 'NONE', *, *, #414, .T. ) ;
#9761 = ORIENTED_EDGE ( 'NONE', *, *, #9523, .T. ) ;
#9762 = CARTESIAN_POINT ( 'NONE',  ( 45.00000000000000000, 14.24999945824050052, -28.28824096683820599 ) ) ;
#9763 = VERTEX_POINT ( 'NONE', #3112 ) ;
#9764 = AXIS2_PLACEMENT_3D ( 'NONE', #7584, #2798, #6881 ) ;
#9765 =( LENGTH_UNIT ( ) NAMED_UNIT ( * ) SI_UNIT ( .MILLI., .METRE. ) );
#9766 = EDGE_CURVE ( 'NONE', #3917, #8066, #6254, .T. ) ;
#9767 = ORIENTED_EDGE ( 'NONE', *, *, #4816, .F. ) ;
#9768 = CARTESIAN_POINT ( 'NONE',  ( -45.00000000000000000, -10.75488250073236074, -32.44053828763767910 ) ) ;
#9769 = DIRECTION ( 'NONE',  ( 0.000000000000000000, 0.000000000000000000, -1.000000000000000000 ) ) ;
#9770 = ORIENTED_EDGE ( 'NONE', *, *, #4793, .T. ) ;
#9771 = CARTESIAN_POINT ( 'NONE',  ( 45.00000000000000000, -6.980134752671422582, -29.07000003054213622 ) ) ;
#9772 =( NAMED_UNIT ( * ) SI_UNIT ( $, .STERADIAN. ) SOLID_ANGLE_UNIT ( ) );
#9773 = STYLED_ITEM ( 'NONE', ( #804 ), #8156 ) ;
#9774 = ADVANCED_FACE ( 'NONE', ( #6302 ), #1612, .F. ) ;
#9775 = VECTOR ( 'NONE', #8605, 1000.000000000000000 ) ;
#9776 = CARTESIAN_POINT ( 'NONE',  ( 45.00000000000000000, 9.815135552434679056, -33.00999827003023768 ) ) ;
#9777 = LINE ( 'NONE', #9922, #644 ) ;
#9778 = ORIENTED_EDGE ( 'NONE', *, *, #4764, .T. ) ;
#9779 = AXIS2_PLACEMENT_3D ( 'NONE', #1723, #4813, #3228 ) ;
#9780 = FILL_AREA_STYLE_COLOUR ( '', #2978 ) ;
#9781 = PRESENTATION_LAYER_ASSIGNMENT (  '', '', ( #4012 ) ) ;
#9782 = COLOUR_RGB ( '',0.8980392156862745390, 0.9176470588235293713, 0.9294117647058823817 ) ;
#9783 = CARTESIAN_POINT ( 'NONE',  ( 45.00000000000000000, -4.333604665769748898, -32.67945731160656919 ) ) ;
#9784 = ORIENTED_EDGE ( 'NONE', *, *, #2092, .T. ) ;
#9785 =( LENGTH_UNIT ( ) NAMED_UNIT ( * ) SI_UNIT ( .MILLI., .METRE. ) );
#9786 = LINE ( 'NONE', #8200, #3407 ) ;
#9787 = SURFACE_STYLE_FILL_AREA ( #5878 ) ;
#9788 = DIRECTION ( 'NONE',  ( -1.000000000000000000, -0.000000000000000000, -0.000000000000000000 ) ) ;
#9789 = EDGE_CURVE ( 'NONE', #9239, #9599, #2737, .T. ) ;
#9790 = AXIS2_PLACEMENT_3D ( 'NONE', #5854, #2136, #9907 ) ;
#9791 = COLOUR_RGB ( '',0.8980392156862745390, 0.9176470588235293713, 0.9294117647058823817 ) ;
#9792 = DIRECTION ( 'NONE',  ( 0.000000000000000000, 0.000000000000000000, 1.000000000000000000 ) ) ;
#9793 = SURFACE_STYLE_FILL_AREA ( #3325 ) ;
#9794 = PRESENTATION_LAYER_ASSIGNMENT (  '', '', ( #4536 ) ) ;
#9795 = VECTOR ( 'NONE', #8441, 1000.000000000000000 ) ;
#9796 = EDGE_CURVE ( 'NONE', #3053, #2300, #8152, .T. ) ;
#9797 = STYLED_ITEM ( 'NONE', ( #7344 ), #7539 ) ;
#9798 = UNCERTAINTY_MEASURE_WITH_UNIT (LENGTH_MEASURE( 1.000000000000000082E-05 ), #4534, 'distance_accuracy_value', 'NONE');
#9799 = DIRECTION ( 'NONE',  ( 1.000000000000000000, 0.000000000000000000, 0.000000000000000000 ) ) ;
#9800 = LINE ( 'NONE', #1355, #8195 ) ;
#9801 = CARTESIAN_POINT ( 'NONE',  ( 45.00000000000000000, -5.403630976508653205, -32.44053797435037723 ) ) ;
#9802 = VECTOR ( 'NONE', #7200, 1000.000000000000114 ) ;
#9803 = ORIENTED_EDGE ( 'NONE', *, *, #3489, .F. ) ;
#9804 = CARTESIAN_POINT ( 'NONE',  ( 45.00000000000000000, -11.43098560819059450, -32.60999846344035547 ) ) ;
#9805 = DIRECTION ( 'NONE',  ( 0.000000000000000000, 0.000000000000000000, 1.000000000000000000 ) ) ;
#9806 = LINE ( 'NONE', #5791, #2054 ) ;
#9807 = UNCERTAINTY_MEASURE_WITH_UNIT (LENGTH_MEASURE( 1.000000000000000082E-05 ), #4830, 'distance_accuracy_value', 'NONE');
#9808 = ADVANCED_FACE ( 'NONE', ( #6658 ), #1862, .T. ) ;
#9809 = LINE ( 'NONE', #2754, #126 ) ;
#9810 = CARTESIAN_POINT ( 'NONE',  ( 45.00000000000000000, 8.635335294115236593, -32.44053818320860216 ) ) ;
#9811 = DIRECTION ( 'NONE',  ( 0.000000000000000000, -0.9999999999906884485, 4.315444322543800932E-06 ) ) ;
#9812 = CYLINDRICAL_SURFACE ( 'NONE', #8307, 0.3999999110189875196 ) ;
#9813 =( NAMED_UNIT ( * ) SI_UNIT ( $, .STERADIAN. ) SOLID_ANGLE_UNIT ( ) );
#9814 = UNCERTAINTY_MEASURE_WITH_UNIT (LENGTH_MEASURE( 1.000000000000000082E-05 ), #9503, 'distance_accuracy_value', 'NONE');
#9815 = ORIENTED_EDGE ( 'NONE', *, *, #5695, .T. ) ;
#9816 = CARTESIAN_POINT ( 'NONE',  ( 45.00000000000000000, 6.583432636859658516, -33.00999806117201985 ) ) ;
#9817 = COLOUR_RGB ( '',0.8980392156862745390, 0.9176470588235293713, 0.9294117647058823817 ) ;
#9818 = DIRECTION ( 'NONE',  ( 1.000000000000000000, 0.000000000000000000, 0.000000000000000000 ) ) ;
#9819 = ORIENTED_EDGE ( 'NONE', *, *, #9710, .F. ) ;
#9820 = VERTEX_POINT ( 'NONE', #3475 ) ;
#9821 = UNCERTAINTY_MEASURE_WITH_UNIT (LENGTH_MEASURE( 1.000000000000000082E-05 ), #8947, 'distance_accuracy_value', 'NONE');
#9822 = DIRECTION ( 'NONE',  ( 0.000000000000000000, -1.000000000000000000, 0.000000000000000000 ) ) ;
#9823 = LINE ( 'NONE', #8896, #6330 ) ;
#9824 = MECHANICAL_DESIGN_GEOMETRIC_PRESENTATION_REPRESENTATION (  '', ( #1599 ), #1271 ) ;
#9825 = SURFACE_SIDE_STYLE ('',( #6544 ) ) ;
#9826 = CARTESIAN_POINT ( 'NONE',  ( -45.00000000000000000, 12.37073474716087951, 32.44053828763777858 ) ) ;
#9827 = FILL_AREA_STYLE_COLOUR ( '', #7158 ) ;
#9828 =( NAMED_UNIT ( * ) PLANE_ANGLE_UNIT ( ) SI_UNIT ( $, .RADIAN. ) );
#9829 = ORIENTED_EDGE ( 'NONE', *, *, #2579, .F. ) ;
#9830 = STYLED_ITEM ( 'NONE', ( #4598 ), #4969 ) ;
#9831 = CARTESIAN_POINT ( 'NONE',  ( -45.00000000000000000, 8.635335294115236593, -32.44053818320860216 ) ) ;
#9832 = EDGE_CURVE ( 'NONE', #1248, #4873, #8567, .T. ) ;
#9833 = PRESENTATION_STYLE_ASSIGNMENT (( #5106 ) ) ;
#9834 = ORIENTED_EDGE ( 'NONE', *, *, #4084, .T. ) ;
#9835 = SURFACE_SIDE_STYLE ('',( #9739 ) ) ;
#9836 = CARTESIAN_POINT ( 'NONE',  ( 45.00000000000000000, -12.37073395851987456, -32.44053839206678447 ) ) ;
#9837 = LINE ( 'NONE', #2736, #1727 ) ;
#9838 = DIRECTION ( 'NONE',  ( 0.000000000000000000, -0.1736492263815938297, -0.9848075680949420763 ) ) ;
#9839 = PLANE ( 'NONE',  #3211 ) ;
#9840 = MECHANICAL_DESIGN_GEOMETRIC_PRESENTATION_REPRESENTATION (  '', ( #8364 ), #3913 ) ;
#9841 = VERTEX_POINT ( 'NONE', #6458 ) ;
#9842 = ORIENTED_EDGE ( 'NONE', *, *, #9672, .T. ) ;
#9843 = ADVANCED_FACE ( 'NONE', ( #189 ), #9600, .T. ) ;
#9844 =( LENGTH_UNIT ( ) NAMED_UNIT ( * ) SI_UNIT ( .MILLI., .METRE. ) );
#9845 = DIRECTION ( 'NONE',  ( 0.000000000000000000, -0.000000000000000000, 1.000000000000000000 ) ) ;
#9846 = PRESENTATION_STYLE_ASSIGNMENT (( #568 ) ) ;
#9847 = ORIENTED_EDGE ( 'NONE', *, *, #4876, .T. ) ;
#9848 = PRESENTATION_STYLE_ASSIGNMENT (( #6776 ) ) ;
#9849 =( LENGTH_UNIT ( ) NAMED_UNIT ( * ) SI_UNIT ( .MILLI., .METRE. ) );
#9850 = ORIENTED_EDGE ( 'NONE', *, *, #4651, .F. ) ;
#9851 = ADVANCED_FACE ( 'NONE', ( #6915 ), #7527, .F. ) ;
#9852 = SURFACE_SIDE_STYLE ('',( #8318 ) ) ;
#9853 = CARTESIAN_POINT ( 'NONE',  ( 45.00000000000000000, 12.37073474716087951, 32.44053828763777858 ) ) ;
#9854 =( GEOMETRIC_REPRESENTATION_CONTEXT ( 3 ) GLOBAL_UNCERTAINTY_ASSIGNED_CONTEXT ( ( #5401 ) ) GLOBAL_UNIT_ASSIGNED_CONTEXT ( ( #2050, #8192, #8242 ) ) REPRESENTATION_CONTEXT ( 'NONE', 'WORKASPACE' ) );
#9855 = UNCERTAINTY_MEASURE_WITH_UNIT (LENGTH_MEASURE( 1.000000000000000082E-05 ), #5757, 'distance_accuracy_value', 'NONE');
#9856 = CARTESIAN_POINT ( 'NONE',  ( -45.00000000000000000, 3.351729721284654850, -32.60999794129484997 ) ) ;
#9857 = ORIENTED_EDGE ( 'NONE', *, *, #3503, .T. ) ;
#9858 = PRESENTATION_LAYER_ASSIGNMENT (  '', '', ( #5267 ) ) ;
#9859 = CARTESIAN_POINT ( 'NONE',  ( -45.00000000000000000, -11.19093358334937882, 32.60999837446188820 ) ) ;
#9860 = CARTESIAN_POINT ( 'NONE',  ( 45.00000000000000000, 6.343380612018469478, -33.00999806117454227 ) ) ;
#9861 =( GEOMETRIC_REPRESENTATION_CONTEXT ( 3 ) GLOBAL_UNCERTAINTY_ASSIGNED_CONTEXT ( ( #7664 ) ) GLOBAL_UNIT_ASSIGNED_CONTEXT ( ( #8431, #7048, #2261 ) ) REPRESENTATION_CONTEXT ( 'NONE', 'WORKASPACE' ) );
#9862 = EDGE_CURVE ( 'NONE', #5670, #2818, #4591, .T. ) ;
#9863 = ORIENTED_EDGE ( 'NONE', *, *, #3720, .T. ) ;
#9864 = DIRECTION ( 'NONE',  ( 0.000000000000000000, 0.000000000000000000, -1.000000000000000000 ) ) ;
#9865 = VECTOR ( 'NONE', #9001, 1000.000000000000114 ) ;
#9866 = LINE ( 'NONE', #7548, #6159 ) ;
#9867 = VERTEX_POINT ( 'NONE', #1297 ) ;
#9868 = ORIENTED_EDGE ( 'NONE', *, *, #2789, .T. ) ;
#9869 = FACE_OUTER_BOUND ( 'NONE', #2835, .T. ) ;
#9870 = CARTESIAN_POINT ( 'NONE',  ( 45.00000000000000000, -2.675625211794851133, -32.44053776549218071 ) ) ;
#9871 = DIRECTION ( 'NONE',  ( 0.000000000000000000, 0.000000000000000000, -1.000000000000000000 ) ) ;
#9872 = ORIENTED_EDGE ( 'NONE', *, *, #3123, .T. ) ;
#9873 = CARTESIAN_POINT ( 'NONE',  ( 45.00000000000000000, 10.79701189895134306, -32.67945772932300486 ) ) ;
#9874 = MECHANICAL_DESIGN_GEOMETRIC_PRESENTATION_REPRESENTATION (  '', ( #9554 ), #3310 ) ;
#9876 = AXIS2_PLACEMENT_3D ( 'NONE', #10015, #6800, #9969 ) ;
#9875 = MECHANICAL_DESIGN_GEOMETRIC_PRESENTATION_REPRESENTATION (  '', ( #6936 ), #5769 ) ;
#9877 = LINE ( 'NONE', #2006, #6840 ) ;
#9878 = FILL_AREA_STYLE_COLOUR ( '', #7552 ) ;
#9879 = EDGE_CURVE ( 'NONE', #5689, #1489, #9074, .T. ) ;
#9880 = DIRECTION ( 'NONE',  ( 0.000000000000000000, 0.000000000000000000, 1.000000000000000000 ) ) ;
#9881 = ORIENTED_EDGE ( 'NONE', *, *, #2799, .T. ) ;
#9882 = DIRECTION ( 'NONE',  ( 0.000000000000000000, 1.000000000000000000, 0.000000000000000000 ) ) ;
#9883 = CARTESIAN_POINT ( 'NONE',  ( -45.00000000000000000, 12.37073536055143919, -32.44053839206681289 ) ) ;
#9884 =( LENGTH_UNIT ( ) NAMED_UNIT ( * ) SI_UNIT ( .MILLI., .METRE. ) );
#9886 =( GEOMETRIC_REPRESENTATION_CONTEXT ( 3 ) GLOBAL_UNCERTAINTY_ASSIGNED_CONTEXT ( ( #5132 ) ) GLOBAL_UNIT_ASSIGNED_CONTEXT ( ( #4217, #6660, #1197 ) ) REPRESENTATION_CONTEXT ( 'NONE', 'WORKASPACE' ) );
#9885 = PRESENTATION_LAYER_ASSIGNMENT (  '', '', ( #998 ) ) ;
#9887 = PRESENTATION_LAYER_ASSIGNMENT (  '', '', ( #506 ) ) ;
#9888 = ORIENTED_EDGE ( 'NONE', *, *, #3720, .F. ) ;
#9889 = FILL_AREA_STYLE_COLOUR ( '', #5175 ) ;
#9890 = DIRECTION ( 'NONE',  ( -1.000000000000000000, -0.000000000000000000, -0.000000000000000000 ) ) ;
#9891 = CARTESIAN_POINT ( 'NONE',  ( 45.00000000000000000, -1.101901750194742569, -32.67945710274835847 ) ) ;
#9892 = EDGE_CURVE ( 'NONE', #8813, #7376, #2856, .T. ) ;
#9893 = PRESENTATION_LAYER_ASSIGNMENT (  '', '', ( #2339 ) ) ;
#9894 = FACE_OUTER_BOUND ( 'NONE', #363, .T. ) ;
#9895 = VERTEX_POINT ( 'NONE', #2165 ) ;
#9896 = ORIENTED_EDGE ( 'NONE', *, *, #705, .T. ) ;
#9897 = LINE ( 'NONE', #1252, #6854 ) ;
#9898 = ORIENTED_EDGE ( 'NONE', *, *, #514, .F. ) ;
#9899 = SURFACE_STYLE_USAGE ( .BOTH. , #6722 ) ;
#9900 = ORIENTED_EDGE ( 'NONE', *, *, #5479, .F. ) ;
#9901 = ADVANCED_FACE ( 'NONE', ( #9894, #5314 ), #3621, .F. ) ;
#9902 = FILL_AREA_STYLE ('',( #3768 ) ) ;
#9903 = FACE_OUTER_BOUND ( 'NONE', #161, .T. ) ;
#9904 = DIRECTION ( 'NONE',  ( -1.000000000000000000, -0.000000000000000000, -0.000000000000000000 ) ) ;
#9905 = ORIENTED_EDGE ( 'NONE', *, *, #2533, .T. ) ;
#9906 = SURFACE_STYLE_FILL_AREA ( #10005 ) ;
#9907 = DIRECTION ( 'NONE',  ( 0.000000000000000000, -0.1736492263815952453, -0.9848075680949418542 ) ) ;
#9908 =( NAMED_UNIT ( * ) PLANE_ANGLE_UNIT ( ) SI_UNIT ( $, .RADIAN. ) );
#9909 = EDGE_CURVE ( 'NONE', #2325, #3197, #9270, .T. ) ;
#9910 = ORIENTED_EDGE ( 'NONE', *, *, #2494, .F. ) ;
#9911 = DIRECTION ( 'NONE',  ( -1.000000000000000000, -0.000000000000000000, -0.000000000000000000 ) ) ;
#9912 = CARTESIAN_POINT ( 'NONE',  ( 45.00000000000000000, -8.199282692615440737, 32.60999825458215895 ) ) ;
#9913 = ORIENTED_EDGE ( 'NONE', *, *, #4446, .T. ) ;
#9914 = ORIENTED_EDGE ( 'NONE', *, *, #9565, .F. ) ;
#9915 = UNCERTAINTY_MEASURE_WITH_UNIT (LENGTH_MEASURE( 1.000000000000000082E-05 ), #7509, 'distance_accuracy_value', 'NONE');
#9916 = DIRECTION ( 'NONE',  ( 0.000000000000000000, -0.1736483871527953471, 0.9848077160741750546 ) ) ;
#9917 = EDGE_CURVE ( 'NONE', #2532, #5412, #3807, .T. ) ;
#9918 = FACE_OUTER_BOUND ( 'NONE', #8138, .T. ) ;
#9919 = SURFACE_STYLE_USAGE ( .BOTH. , #2722 ) ;
#9920 = CARTESIAN_POINT ( 'NONE',  ( 45.00000000000000000, 8.199283481256454564, 32.60999815015303938 ) ) ;
#9921 = CARTESIAN_POINT ( 'NONE',  ( 45.00000000000000000, -0.5139485259484924962, -32.67945637160693906 ) ) ;
#9922 = CARTESIAN_POINT ( 'NONE',  ( 45.00000000000000000, -11.43098560819059450, -33.00999837446184415 ) ) ;
#9923 = LINE ( 'NONE', #3652, #4016 ) ;
#9924 = EDGE_LOOP ( 'NONE', ( #6218, #3950, #8911, #4192 ) ) ;
#9925 =( NAMED_UNIT ( * ) PLANE_ANGLE_UNIT ( ) SI_UNIT ( $, .RADIAN. ) );
#9926 = CARTESIAN_POINT ( 'NONE',  ( 45.00000000000000000, -11.40137885631314418, 29.09155641868605002 ) ) ;
#9927 = AXIS2_PLACEMENT_3D ( 'NONE', #5450, #7766, #696 ) ;
#9928 = ORIENTED_EDGE ( 'NONE', *, *, #898, .T. ) ;
#9929 = FILL_AREA_STYLE ('',( #9889 ) ) ;
#9930 =( GEOMETRIC_REPRESENTATION_CONTEXT ( 3 ) GLOBAL_UNCERTAINTY_ASSIGNED_CONTEXT ( ( #1980 ) ) GLOBAL_UNIT_ASSIGNED_CONTEXT ( ( #3865, #2960, #10097 ) ) REPRESENTATION_CONTEXT ( 'NONE', 'WORKASPACE' ) );
#9931 = EDGE_CURVE ( 'NONE', #2497, #708, #2523, .T. ) ;
#9932 = LINE ( 'NONE', #6653, #451 ) ;
#9933 = DIRECTION ( 'NONE',  ( 0.000000000000000000, 0.000000000000000000, -1.000000000000000000 ) ) ;
#9934 = STYLED_ITEM ( 'NONE', ( #5050 ), #5583 ) ;
#9935 = CARTESIAN_POINT ( 'NONE',  ( 45.00000000000000000, -11.23426618474915806, 28.41166361926818240 ) ) ;
#9936 = PRESENTATION_LAYER_ASSIGNMENT (  '', '', ( #4162 ) ) ;
#9937 =( GEOMETRIC_REPRESENTATION_CONTEXT ( 3 ) GLOBAL_UNCERTAINTY_ASSIGNED_CONTEXT ( ( #6846 ) ) GLOBAL_UNIT_ASSIGNED_CONTEXT ( ( #10115, #6943, #7862 ) ) REPRESENTATION_CONTEXT ( 'NONE', 'WORKASPACE' ) );
#9938 = CARTESIAN_POINT ( 'NONE',  ( 45.00000000000000000, 14.25000067899707901, 28.28824028669469470 ) ) ;
#9939 = ORIENTED_EDGE ( 'NONE', *, *, #4876, .F. ) ;
#9940 = VERTEX_POINT ( 'NONE', #695 ) ;
#9941 = ORIENTED_EDGE ( 'NONE', *, *, #9106, .F. ) ;
#9942 = FILL_AREA_STYLE ('',( #2075 ) ) ;
#9943 = VECTOR ( 'NONE', #5222, 1000.000000000000114 ) ;
#9944 = CARTESIAN_POINT ( 'NONE',  ( 45.00000000000000000, 3.111677696443458707, -32.60999785231635428 ) ) ;
#9945 = PRESENTATION_LAYER_ASSIGNMENT (  '', '', ( #3853 ) ) ;
#9946 = EDGE_CURVE ( 'NONE', #7472, #547, #5814, .T. ) ;
#9947 = CARTESIAN_POINT ( 'NONE',  ( -45.00000000000000000, -12.80678454343816419, 32.60999847889101488 ) ) ;
#9948 = ORIENTED_EDGE ( 'NONE', *, *, #638, .F. ) ;
#9949 = DIRECTION ( 'NONE',  ( 0.000000000000000000, 0.000000000000000000, 1.000000000000000000 ) ) ;
#9950 = EDGE_LOOP ( 'NONE', ( #7747, #4203, #9687, #9314 ) ) ;
#9951 = DIRECTION ( 'NONE',  ( 0.000000000000000000, 0.000000000000000000, -1.000000000000000000 ) ) ;
#9952 = STYLED_ITEM ( 'NONE', ( #9018 ), #6303 ) ;
#9953 = DIRECTION ( 'NONE',  ( 0.000000000000000000, 0.000000000000000000, 1.000000000000000000 ) ) ;
#9954 = STYLED_ITEM ( 'NONE', ( #4371 ), #8143 ) ;
#9955 = PRESENTATION_LAYER_ASSIGNMENT (  '', '', ( #9797 ) ) ;
#9956 = UNCERTAINTY_MEASURE_WITH_UNIT (LENGTH_MEASURE( 1.000000000000000082E-05 ), #3115, 'distance_accuracy_value', 'NONE');
#9957 = EDGE_CURVE ( 'NONE', #5388, #9591, #5303, .T. ) ;
#9958 = CARTESIAN_POINT ( 'NONE',  ( 45.00000000000000000, -8.635333892083657759, -32.44053818320858085 ) ) ;
#9959 = VERTEX_POINT ( 'NONE', #10073 ) ;
#9960 = LINE ( 'NONE', #3592, #10137 ) ;
#9961 = CIRCLE ( 'NONE', #6022, 0.4000000000000253353 ) ;
#9962 = FILL_AREA_STYLE ('',( #3122 ) ) ;
#9963 = ORIENTED_EDGE ( 'NONE', *, *, #5429, .F. ) ;
#9964 = FACE_OUTER_BOUND ( 'NONE', #8730, .T. ) ;
#9965 = VECTOR ( 'NONE', #4931, 1000.000000000000000 ) ;
#9966 = DIRECTION ( 'NONE',  ( 1.000000000000000000, 0.000000000000000000, 0.000000000000000000 ) ) ;
#9967 = EDGE_LOOP ( 'NONE', ( #129, #6508, #8519, #4241 ) ) ;
#9968 = EDGE_LOOP ( 'NONE', ( #8675, #517, #4410, #2345 ) ) ;
#9969 = DIRECTION ( 'NONE',  ( 1.000000000000000000, 0.000000000000000000, -0.000000000000000000 ) ) ;
#9970 = ADVANCED_FACE ( 'NONE', ( #6227 ), #7821, .F. ) ;
#9971 = PRESENTATION_STYLE_ASSIGNMENT (( #7512 ) ) ;
#9972 = CARTESIAN_POINT ( 'NONE',  ( -45.00000000000000000, -7.523179585157357074, -32.44053807877948259 ) ) ;
#9973 = SURFACE_SIDE_STYLE ('',( #3693 ) ) ;
#9974 = STYLED_ITEM ( 'NONE', ( #808 ), #4476 ) ;
#9975 = EDGE_CURVE ( 'NONE', #8828, #7958, #6637, .T. ) ;
#9976 = DIRECTION ( 'NONE',  ( -0.000000000000000000, 0.9848075680949420763, 0.1736492263815938297 ) ) ;
#9977 = CARTESIAN_POINT ( 'NONE',  ( 45.00000000000000000, -9.400259928559240308, -29.72753069126596515 ) ) ;
#9978 = ORIENTED_EDGE ( 'NONE', *, *, #17, .F. ) ;
#9979 = DIRECTION ( 'NONE',  ( 0.000000000000000000, 0.000000000000000000, 1.000000000000000000 ) ) ;
#9980 = PRESENTATION_STYLE_ASSIGNMENT (( #9108 ) ) ;
#9981 = FILL_AREA_STYLE ('',( #2996 ) ) ;
#9982 = STYLED_ITEM ( 'NONE', ( #4862 ), #4811 ) ;
#9983 = ORIENTED_EDGE ( 'NONE', *, *, #9909, .F. ) ;
#9984 = LINE ( 'NONE', #8492, #57 ) ;
#9985 = CARTESIAN_POINT ( 'NONE',  ( -45.00000000000000000, -2.717753207982234187, -32.67945720717744251 ) ) ;
#9986 = DIRECTION ( 'NONE',  ( -1.000000000000000000, 0.000000000000000000, -0.000000000000000000 ) ) ;
#9987 = ADVANCED_FACE ( 'NONE', ( #4030 ), #8483, .F. ) ;
#9988 = PRESENTATION_STYLE_ASSIGNMENT (( #6035 ) ) ;
#9989 = CIRCLE ( 'NONE', #5556, 0.3999999999996159405 ) ;
#9990 =( NAMED_UNIT ( * ) PLANE_ANGLE_UNIT ( ) SI_UNIT ( $, .RADIAN. ) );
#9991 = ORIENTED_EDGE ( 'NONE', *, *, #3613, .F. ) ;
#9992 = ORIENTED_EDGE ( 'NONE', *, *, #7173, .T. ) ;
#9993 = ORIENTED_EDGE ( 'NONE', *, *, #6836, .F. ) ;
#9994 = DIRECTION ( 'NONE',  ( -0.000000000000000000, 0.1736483871527123302, -0.9848077160741897096 ) ) ;
#9995 = LINE ( 'NONE', #3009, #9454 ) ;
#9996 = CARTESIAN_POINT ( 'NONE',  ( -45.00000000000000000, -9.815134150403006075, 33.00999827003027320 ) ) ;
#9997 = VERTEX_POINT ( 'NONE', #9323 ) ;
#9998 = DIRECTION ( 'NONE',  ( 0.000000000000000000, -0.1736463975343600641, 0.9848080668959504624 ) ) ;
#9999 = SURFACE_STYLE_FILL_AREA ( #3770 ) ;
#10000 = FILL_AREA_STYLE_COLOUR ( '', #8765 ) ;
#10001 = ADVANCED_FACE ( 'NONE', ( #7181 ), #2263, .T. ) ;
#10002 = COLOUR_RGB ( '',0.8980392156862745390, 0.9176470588235293713, 0.9294117647058823817 ) ;
#10003 = LINE ( 'NONE', #4658, #8521 ) ;
#10004 = ORIENTED_EDGE ( 'NONE', *, *, #366, .T. ) ;
#10005 = FILL_AREA_STYLE ('',( #5282 ) ) ;
#10006 = SURFACE_STYLE_FILL_AREA ( #583 ) ;
#10007 = CARTESIAN_POINT ( 'NONE',  ( 45.00000000000000000, 11.73426668627271141, 28.41166343492288604 ) ) ;
#10008 = EDGE_LOOP ( 'NONE', ( #9132, #1728, #513, #771 ) ) ;
#10009 = VECTOR ( 'NONE', #599, 1000.000000000000000 ) ;
#10010 = FILL_AREA_STYLE ('',( #3076 ) ) ;
#10011 = DIRECTION ( 'NONE',  ( -1.000000000000000000, -0.000000000000000000, -0.000000000000000000 ) ) ;
#10012 = EDGE_CURVE ( 'NONE', #9255, #2022, #3523, .T. ) ;
#10013 = ORIENTED_EDGE ( 'NONE', *, *, #454, .T. ) ;
#10014 = UNCERTAINTY_MEASURE_WITH_UNIT (LENGTH_MEASURE( 1.000000000000000082E-05 ), #158, 'distance_accuracy_value', 'NONE');
#10015 = CARTESIAN_POINT ( 'NONE',  ( 45.00000000000000000, -1.059773754007346414, -32.44053766106308245 ) ) ;
#10016 = CARTESIAN_POINT ( 'NONE',  ( 45.00000000000000000, -11.19093358334940547, -33.00999837446183705 ) ) ;
#10017 = STYLED_ITEM ( 'NONE', ( #7929 ), #8910 ) ;
#10018 = DIRECTION ( 'NONE',  ( 1.000000000000000000, 0.000000000000000000, 0.000000000000000000 ) ) ;
#10019 = PRESENTATION_LAYER_ASSIGNMENT (  '', '', ( #5100 ) ) ;
#10020 = CARTESIAN_POINT ( 'NONE',  ( -45.00000000000000000, -4.967578050862965888, 33.00999795673732251 ) ) ;
#10021 = FILL_AREA_STYLE_COLOUR ( '', #7062 ) ;
#10022 = EDGE_CURVE ( 'NONE', #5658, #2759, #4125, .T. ) ;
#10023 = FILL_AREA_STYLE_COLOUR ( '', #9639 ) ;
#10024 = ORIENTED_EDGE ( 'NONE', *, *, #8155, .T. ) ;
#10025 = UNCERTAINTY_MEASURE_WITH_UNIT (LENGTH_MEASURE( 1.000000000000000082E-05 ), #1672, 'distance_accuracy_value', 'NONE');
#10026 = LINE ( 'NONE', #8389, #1513 ) ;
#10027 = MECHANICAL_DESIGN_GEOMETRIC_PRESENTATION_REPRESENTATION (  '', ( #2143 ), #4777 ) ;
#10028 = CARTESIAN_POINT ( 'NONE',  ( 45.00000000000000000, -5.949456123556988274, 32.67945741603561771 ) ) ;
#10029 = EDGE_CURVE ( 'NONE', #4467, #805, #7437, .T. ) ;
#10030 = ORIENTED_EDGE ( 'NONE', *, *, #2029, .T. ) ;
#10031 = DIRECTION ( 'NONE',  ( -0.000000000000000000, 1.000000000000000000, -0.000000000000000000 ) ) ;
#10032 = CARTESIAN_POINT ( 'NONE',  ( -45.00000000000000000, -8.199282692615440737, 32.60999825458215895 ) ) ;
#10033 =( GEOMETRIC_REPRESENTATION_CONTEXT ( 3 ) GLOBAL_UNCERTAINTY_ASSIGNED_CONTEXT ( ( #6978 ) ) GLOBAL_UNIT_ASSIGNED_CONTEXT ( ( #4740, #6292, #9338 ) ) REPRESENTATION_CONTEXT ( 'NONE', 'WORKASPACE' ) );
#10035 = MECHANICAL_DESIGN_GEOMETRIC_PRESENTATION_REPRESENTATION (  '', ( #5770 ), #5939 ) ;
#10034 = MECHANICAL_DESIGN_GEOMETRIC_PRESENTATION_REPRESENTATION (  '', ( #1819 ), #6261 ) ;
#10036 = SURFACE_SIDE_STYLE ('',( #9227 ) ) ;
#10037 = CARTESIAN_POINT ( 'NONE',  ( -45.00000000000000000, 11.91902595064858694, 28.28824028669469470 ) ) ;
#10038 = ORIENTED_EDGE ( 'NONE', *, *, #1582, .T. ) ;
#10039 = ORIENTED_EDGE ( 'NONE', *, *, #5656, .T. ) ;
#10041 = AXIS2_PLACEMENT_3D ( 'NONE', #2438, #2495, #7317 ) ;
#10040 = VECTOR ( 'NONE', #6726, 1000.000000000000000 ) ;
#10042 = STYLED_ITEM ( 'NONE', ( #850 ), #1952 ) ;
#10043 = ORIENTED_EDGE ( 'NONE', *, *, #6464, .F. ) ;
#10044 = FILL_AREA_STYLE_COLOUR ( '', #5290 ) ;
#10045 = EDGE_CURVE ( 'NONE', #5412, #8485, #9609, .T. ) ;
#10046 = FILL_AREA_STYLE ('',( #3106 ) ) ;
#10047 = SURFACE_STYLE_FILL_AREA ( #6923 ) ;
#10048 = SURFACE_STYLE_FILL_AREA ( #1510 ) ;
#10049 =( NAMED_UNIT ( * ) SI_UNIT ( $, .STERADIAN. ) SOLID_ANGLE_UNIT ( ) );
#10050 = VECTOR ( 'NONE', #9182, 1000.000000000000000 ) ;
#10051 = AXIS2_PLACEMENT_3D ( 'NONE', #5206, #6862, #7665 ) ;
#10052 = EDGE_LOOP ( 'NONE', ( #3344, #8170, #9914, #2665 ) ) ;
#10053 =( LENGTH_UNIT ( ) NAMED_UNIT ( * ) SI_UNIT ( .MILLI., .METRE. ) );
#10054 = COLOUR_RGB ( '',0.8980392156862745390, 0.9176470588235293713, 0.9294117647058823817 ) ;
#10055 = CARTESIAN_POINT ( 'NONE',  ( 45.00000000000000000, 8.199284094647168786, -33.00999816560113231 ) ) ;
#10056 = EDGE_LOOP ( 'NONE', ( #5316, #273, #1141, #8072 ) ) ;
#10057 = DIRECTION ( 'NONE',  ( 0.000000000000000000, 0.000000000000000000, -1.000000000000000000 ) ) ;
#10058 = LINE ( 'NONE', #3019, #2226 ) ;
#10059 = ADVANCED_FACE ( 'NONE', ( #6523 ), #8264, .T. ) ;
#10060 = DIRECTION ( 'NONE',  ( 0.000000000000000000, 1.000000000000000000, 0.000000000000000000 ) ) ;
#10061 = ORIENTED_EDGE ( 'NONE', *, *, #816, .F. ) ;
#10062 = DIRECTION ( 'NONE',  ( 0.000000000000000000, 0.1736483871527704503, 0.9848077160741792735 ) ) ;
#10063 = PLANE ( 'NONE',  #9779 ) ;
#10064 =( NAMED_UNIT ( * ) PLANE_ANGLE_UNIT ( ) SI_UNIT ( $, .RADIAN. ) );
#10065 = ORIENTED_EDGE ( 'NONE', *, *, #5863, .T. ) ;
#10066 = DIRECTION ( 'NONE',  ( -1.000000000000000000, -0.000000000000000000, -0.000000000000000000 ) ) ;
#10067 = CARTESIAN_POINT ( 'NONE',  ( 45.00000000000000000, 5.361504118678446673, -32.67945772082467215 ) ) ;
#10068 = ORIENTED_EDGE ( 'NONE', *, *, #2148, .T. ) ;
#10069 = ADVANCED_FACE ( 'NONE', ( #4227 ), #8109, .T. ) ;
#10070 = DIRECTION ( 'NONE',  ( -1.000000000000000000, -0.000000000000000000, -0.000000000000000000 ) ) ;
#10071 = CARTESIAN_POINT ( 'NONE',  ( 45.00000000000000000, -0.5139485259484924962, -32.67945637160693906 ) ) ;
#10072 = SURFACE_STYLE_USAGE ( .BOTH. , #648 ) ;
#10073 = CARTESIAN_POINT ( 'NONE',  ( 45.00000000000000000, -9.300134739806454220, 31.02000000000002089 ) ) ;
#10074 = FACE_OUTER_BOUND ( 'NONE', #2997, .T. ) ;
#10075 = VERTEX_POINT ( 'NONE', #2914 ) ;
#10076 = CARTESIAN_POINT ( 'NONE',  ( 45.00000000000000000, 12.80678631115699773, -33.00999858331919512 ) ) ;
#10077 = MECHANICAL_DESIGN_GEOMETRIC_PRESENTATION_REPRESENTATION (  '', ( #8759 ), #862 ) ;
#10078 = DIRECTION ( 'NONE',  ( -0.000000000000000000, 0.1736483871527950140, -0.9848077160741750546 ) ) ;
#10079 = SURFACE_STYLE_USAGE ( .BOTH. , #8536 ) ;
#10080 = EDGE_CURVE ( 'NONE', #9089, #1544, #7771, .T. ) ;
#10081 = ORIENTED_EDGE ( 'NONE', *, *, #10156, .T. ) ;
#10082 = CARTESIAN_POINT ( 'NONE',  ( 45.00000000000000000, -11.41902514096136478, -28.48824078050320097 ) ) ;
#10083 = FILL_AREA_STYLE_COLOUR ( '', #9782 ) ;
#10084 = PRESENTATION_STYLE_ASSIGNMENT (( #2161 ) ) ;
#10085 = PRESENTATION_LAYER_ASSIGNMENT (  '', '', ( #4324 ) ) ;
#10086 = CYLINDRICAL_SURFACE ( 'NONE', #7001, 2.000000000000029310 ) ;
#10087 = VERTEX_POINT ( 'NONE', #1415 ) ;
#10088 = STYLED_ITEM ( 'NONE', ( #9848 ), #3335 ) ;
#10089 = FACE_OUTER_BOUND ( 'NONE', #5255, .T. ) ;
#10090 = ORIENTED_EDGE ( 'NONE', *, *, #8233, .F. ) ;
#10091 = DIRECTION ( 'NONE',  ( 0.000000000000000000, 0.000000000000000000, -1.000000000000000000 ) ) ;
#10092 = EDGE_CURVE ( 'NONE', #1247, #10075, #1308, .T. ) ;
#10093 =( LENGTH_UNIT ( ) NAMED_UNIT ( * ) SI_UNIT ( .MILLI., .METRE. ) );
#10094 = FILL_AREA_STYLE_COLOUR ( '', #7798 ) ;
#10095 =( LENGTH_UNIT ( ) NAMED_UNIT ( * ) SI_UNIT ( .MILLI., .METRE. ) );
#10096 = CIRCLE ( 'NONE', #4182, 0.5000000000000004441 ) ;
#10097 =( NAMED_UNIT ( * ) SI_UNIT ( $, .STERADIAN. ) SOLID_ANGLE_UNIT ( ) );
#10098 = EDGE_LOOP ( 'NONE', ( #3212, #8339, #1195, #4460 ) ) ;
#10099 = PRESENTATION_LAYER_ASSIGNMENT (  '', '', ( #9773 ) ) ;
#10100 = VECTOR ( 'NONE', #69, 1000.000000000000114 ) ;
#10101 = EDGE_CURVE ( 'NONE', #8306, #7137, #9296, .T. ) ;
#10102 = SURFACE_SIDE_STYLE ('',( #9999 ) ) ;
#10103 = DIRECTION ( 'NONE',  ( 1.000000000000000000, 0.000000000000000000, 0.000000000000000000 ) ) ;
#10104 =( GEOMETRIC_REPRESENTATION_CONTEXT ( 3 ) GLOBAL_UNCERTAINTY_ASSIGNED_CONTEXT ( ( #6533 ) ) GLOBAL_UNIT_ASSIGNED_CONTEXT ( ( #9003, #8287, #7903 ) ) REPRESENTATION_CONTEXT ( 'NONE', 'WORKASPACE' ) );
#10105 = MECHANICAL_DESIGN_GEOMETRIC_PRESENTATION_REPRESENTATION (  '', ( #9630 ), #4015 ) ;
#10106 = VERTEX_POINT ( 'NONE', #2131 ) ;
#10107 = CARTESIAN_POINT ( 'NONE',  ( -45.00000000000000000, -6.583431234828084122, -32.60999815015304648 ) ) ;
#10108 = LINE ( 'NONE', #9354, #9470 ) ;
#10109 = VECTOR ( 'NONE', #5122, 1000.000000000000000 ) ;
#10110 = SURFACE_STYLE_FILL_AREA ( #4661 ) ;
#10111 =( GEOMETRIC_REPRESENTATION_CONTEXT ( 3 ) GLOBAL_UNCERTAINTY_ASSIGNED_CONTEXT ( ( #8158 ) ) GLOBAL_UNIT_ASSIGNED_CONTEXT ( ( #5676, #8009, #6365 ) ) REPRESENTATION_CONTEXT ( 'NONE', 'WORKASPACE' ) );
#10112 = VECTOR ( 'NONE', #1078, 1000.000000000000000 ) ;
#10113 = EDGE_CURVE ( 'NONE', #9895, #3598, #198, .T. ) ;
#10114 = CARTESIAN_POINT ( 'NONE',  ( -45.00000000000000000, -10.25118534987110408, 32.44053828763777148 ) ) ;
#10115 =( LENGTH_UNIT ( ) NAMED_UNIT ( * ) SI_UNIT ( .MILLI., .METRE. ) );
#10116 = APPLICATION_CONTEXT ( 'automotive_design' ) ;
#10117 = PRESENTATION_STYLE_ASSIGNMENT (( #1473 ) ) ;
#10118 = FILL_AREA_STYLE ('',( #3177 ) ) ;
#10119 = VECTOR ( 'NONE', #360, 1000.000000000000000 ) ;
#10120 = ORIENTED_EDGE ( 'NONE', *, *, #1219, .F. ) ;
#10121 = VECTOR ( 'NONE', #4009, 1000.000000000000227 ) ;
#10122 = VERTEX_POINT ( 'NONE', #623 ) ;
#10123 = CIRCLE ( 'NONE', #9481, 0.09999926905921927012 ) ;
#10124 = EDGE_LOOP ( 'NONE', ( #6818, #8976, #7817, #8621 ) ) ;
#10125 = VECTOR ( 'NONE', #6390, 1000.000000000000000 ) ;
#10126 = LINE ( 'NONE', #4523, #8625 ) ;
#10127 = SURFACE_SIDE_STYLE ('',( #7602 ) ) ;
#10128 =( NAMED_UNIT ( * ) PLANE_ANGLE_UNIT ( ) SI_UNIT ( $, .RADIAN. ) );
#10129 = SURFACE_STYLE_USAGE ( .BOTH. , #2154 ) ;
#10130 = ORIENTED_EDGE ( 'NONE', *, *, #2543, .F. ) ;
#10131 = EDGE_CURVE ( 'NONE', #7345, #874, #9189, .T. ) ;
#10132 = SURFACE_SIDE_STYLE ('',( #1490 ) ) ;
#10133 =( NAMED_UNIT ( * ) PLANE_ANGLE_UNIT ( ) SI_UNIT ( $, .RADIAN. ) );
#10134 = AXIS2_PLACEMENT_3D ( 'NONE', #7242, #7290, #3287 ) ;
#10135 = DIRECTION ( 'NONE',  ( -1.000000000000000000, -0.000000000000000000, -0.000000000000000000 ) ) ;
#10136 = LINE ( 'NONE', #3753, #5358 ) ;
#10137 = VECTOR ( 'NONE', #429, 1000.000000000000000 ) ;
#10138 = FILL_AREA_STYLE ('',( #6129 ) ) ;
#10139 = FILL_AREA_STYLE ('',( #707 ) ) ;
#10140 =( LENGTH_UNIT ( ) NAMED_UNIT ( * ) SI_UNIT ( .MILLI., .METRE. ) );
#10141 = VERTEX_POINT ( 'NONE', #6932 ) ;
#10142 = ORIENTED_EDGE ( 'NONE', *, *, #638, .T. ) ;
#10143 = ADVANCED_FACE ( 'NONE', ( #8412 ), #6727, .F. ) ;
#10144 = SURFACE_STYLE_FILL_AREA ( #7779 ) ;
#10145 = ORIENTED_EDGE ( 'NONE', *, *, #1924, .F. ) ;
#10146 = FACE_OUTER_BOUND ( 'NONE', #3663, .T. ) ;
#10147 = LINE ( 'NONE', #617, #10050 ) ;
#10148 = CARTESIAN_POINT ( 'NONE',  ( 45.00000000000000000, -12.41286131668040404, 32.67945703790463341 ) ) ;
#10149 = CARTESIAN_POINT ( 'NONE',  ( 45.00000000000000000, 1.101903152226305860, -32.67945710274835847 ) ) ;
#10150 = UNCERTAINTY_MEASURE_WITH_UNIT (LENGTH_MEASURE( 1.000000000000000082E-05 ), #1369, 'distance_accuracy_value', 'NONE');
#10151 = SURFACE_SIDE_STYLE ('',( #719 ) ) ;
#10152 = PRESENTATION_LAYER_ASSIGNMENT (  '', '', ( #3898 ) ) ;
#10153 = ORIENTED_EDGE ( 'NONE', *, *, #5642, .T. ) ;
#10154 = DIRECTION ( 'NONE',  ( -0.000000000000000000, 0.9848077160741751657, 0.1736483871527950418 ) ) ;
#10155 = SURFACE_SIDE_STYLE ('',( #7172 ) ) ;
#10156 = EDGE_CURVE ( 'NONE', #8894, #5699, #3990, .T. ) ;
#10157 = UNCERTAINTY_MEASURE_WITH_UNIT (LENGTH_MEASURE( 1.000000000000000082E-05 ), #5806, 'distance_accuracy_value', 'NONE');
#10158 = AXIS2_PLACEMENT_3D ( 'NONE', #8753, #4007, #8094 ) ;
#10159 = ORIENTED_EDGE ( 'NONE', *, *, #7894, .F. ) ;
#10160 = ADVANCED_FACE ( 'NONE', ( #6786 ), #3672, .F. ) ;
#10161 =( LENGTH_UNIT ( ) NAMED_UNIT ( * ) SI_UNIT ( .MILLI., .METRE. ) );
#10162 = FACE_OUTER_BOUND ( 'NONE', #7808, .T. ) ;
#10163 = DIRECTION ( 'NONE',  ( 1.000000000000000000, 0.000000000000000000, 0.000000000000000000 ) ) ;
#10164 = CIRCLE ( 'NONE', #5728, 0.3999999110189944584 ) ;
#10165 = DIRECTION ( 'NONE',  ( 0.000000000000000000, 0.1736492263816315218, -0.9848075680949354149 ) ) ;
#10166 = EDGE_LOOP ( 'NONE', ( #8198, #7588, #4742, #4130 ) ) ;
#10167 = ORIENTED_EDGE ( 'NONE', *, *, #1645, .T. ) ;
#10168 = SURFACE_STYLE_USAGE ( .BOTH. , #6220 ) ;
#10169 = ADVANCED_FACE ( 'NONE', ( #9348 ), #3113, .T. ) ;
#10170 = DIRECTION ( 'NONE',  ( 1.000000000000000000, 0.000000000000000000, 0.000000000000000000 ) ) ;
#10171 = CARTESIAN_POINT ( 'NONE',  ( -45.00000000000000000, -11.41902544830029242, 28.48824047302989015 ) ) ;
#10172 = DIRECTION ( 'NONE',  ( -1.000000000000000000, -0.000000000000000000, -0.000000000000000000 ) ) ;
#10173 =( NAMED_UNIT ( * ) PLANE_ANGLE_UNIT ( ) SI_UNIT ( $, .RADIAN. ) );
#10174 = CYLINDRICAL_SURFACE ( 'NONE', #4421, 0.3999999999991510347 ) ;
#10175 = ORIENTED_EDGE ( 'NONE', *, *, #9478, .F. ) ;
#10176 = CYLINDRICAL_SURFACE ( 'NONE', #8743, 0.1999999999999849121 ) ;
#10177 = PRESENTATION_LAYER_ASSIGNMENT (  '', '', ( #10017 ) ) ;
#10178 = DIRECTION ( 'NONE',  ( 0.000000000000000000, -0.9999999999996230793, -8.681838798992458299E-07 ) ) ;
#10179 = LINE ( 'NONE', #4588, #2903 ) ;
#10180 = PRESENTATION_STYLE_ASSIGNMENT (( #1594 ) ) ;
#10181 = EDGE_CURVE ( 'NONE', #3006, #5658, #779, .T. ) ;
#10182 =( NAMED_UNIT ( * ) PLANE_ANGLE_UNIT ( ) SI_UNIT ( $, .RADIAN. ) );
#10183 = ORIENTED_EDGE ( 'NONE', *, *, #3168, .T. ) ;
#10184 = VERTEX_POINT ( 'NONE', #2436 ) ;
#10185 = STYLED_ITEM ( 'NONE', ( #7974 ), #1705 ) ;
#10186 = SURFACE_SIDE_STYLE ('',( #7932 ) ) ;
#10187 = VERTEX_POINT ( 'NONE', #5575 ) ;
#10188 = LINE ( 'NONE', #970, #8047 ) ;
#10189 = VERTEX_POINT ( 'NONE', #8663 ) ;
#10190 = DIRECTION ( 'NONE',  ( -1.000000000000000000, -0.000000000000000000, -0.000000000000000000 ) ) ;
#10191 = DIRECTION ( 'NONE',  ( 0.000000000000000000, -0.1736492263816315218, 0.9848075680949354149 ) ) ;
#10192 =( NAMED_UNIT ( * ) SI_UNIT ( $, .STERADIAN. ) SOLID_ANGLE_UNIT ( ) );
#10193 = EDGE_CURVE ( 'NONE', #2020, #1411, #1022, .T. ) ;
#10194 = ORIENTED_EDGE ( 'NONE', *, *, #6684, .T. ) ;
#10195 = AXIS2_PLACEMENT_3D ( 'NONE', #9695, #1034, #2738 ) ;
#10197 = PRESENTATION_LAYER_ASSIGNMENT (  '', '', ( #1652 ) ) ;
#10196 =( GEOMETRIC_REPRESENTATION_CONTEXT ( 3 ) GLOBAL_UNCERTAINTY_ASSIGNED_CONTEXT ( ( #6331 ) ) GLOBAL_UNIT_ASSIGNED_CONTEXT ( ( #7537, #4555, #4497 ) ) REPRESENTATION_CONTEXT ( 'NONE', 'WORKASPACE' ) );
#10198 = ORIENTED_EDGE ( 'NONE', *, *, #5980, .F. ) ;
ENDSEC;
END-ISO-10303-21;
